algo,op,iter,wall_ns,cycles
ML-DSA-87,keygen,0,1157019,62470
ML-DSA-87,keygen,1,1111334,60007
ML-DSA-87,keygen,2,1111296,60003
ML-DSA-87,keygen,3,1146889,61915
ML-DSA-87,keygen,4,1109352,59900
ML-DSA-87,keygen,5,1109352,59899
ML-DSA-87,keygen,6,1111315,60005
ML-DSA-87,keygen,7,1120389,60493
ML-DSA-87,keygen,8,1110278,59950
ML-DSA-87,keygen,9,1112334,60060
ML-DSA-87,keygen,10,1104463,59634
ML-DSA-87,keygen,11,1122685,60618
ML-DSA-87,keygen,12,1113222,60108
ML-DSA-87,keygen,13,1109630,59914
ML-DSA-87,keygen,14,1118722,60404
ML-DSA-87,keygen,15,1114351,60170
ML-DSA-87,keygen,16,1109612,59912
ML-DSA-87,keygen,17,1107370,59792
ML-DSA-87,keygen,18,1120463,60497
ML-DSA-87,keygen,19,1110556,59964
ML-DSA-87,keygen,20,1108112,59833
ML-DSA-87,keygen,21,1120019,60474
ML-DSA-87,keygen,22,1111426,60011
ML-DSA-87,keygen,23,1113351,60114
ML-DSA-87,keygen,24,1109592,59912
ML-DSA-87,keygen,25,1121075,60531
ML-DSA-87,keygen,26,1114704,60187
ML-DSA-87,keygen,27,1107129,59779
ML-DSA-87,keygen,28,1116611,60289
ML-DSA-87,keygen,29,1104463,59635
ML-DSA-87,keygen,30,1108612,59859
ML-DSA-87,keygen,31,1112538,60071
ML-DSA-87,keygen,32,1117741,60351
ML-DSA-87,keygen,33,1109426,59903
ML-DSA-87,keygen,34,1110759,59976
ML-DSA-87,keygen,35,1110112,59941
ML-DSA-87,keygen,36,1118518,60392
ML-DSA-87,keygen,37,1107592,59805
ML-DSA-87,keygen,38,1110630,59969
ML-DSA-87,keygen,39,1119704,60457
ML-DSA-87,keygen,40,1106759,59759
ML-DSA-87,keygen,41,1107704,59810
ML-DSA-87,keygen,42,1111685,60025
ML-DSA-87,keygen,43,1125056,60745
ML-DSA-87,keygen,44,1111629,60021
ML-DSA-87,keygen,45,1107111,59778
ML-DSA-87,keygen,46,1133833,61219
ML-DSA-87,keygen,47,1111648,60023
ML-DSA-87,keygen,48,1103334,59573
ML-DSA-87,keygen,49,1106722,59756
ML-DSA-87,keygen,50,1116815,60300
ML-DSA-87,keygen,51,1107945,59824
ML-DSA-87,keygen,52,1107945,59822
ML-DSA-87,keygen,53,1110852,59980
ML-DSA-87,keygen,54,1124537,60718
ML-DSA-87,keygen,55,1109407,59902
ML-DSA-87,keygen,56,1110852,59981
ML-DSA-87,keygen,57,1123204,60646
ML-DSA-87,keygen,58,1109185,59890
ML-DSA-87,keygen,59,1113741,60136
ML-DSA-87,keygen,60,1110537,59962
ML-DSA-87,keygen,61,1117778,60352
ML-DSA-87,keygen,62,1109630,59914
ML-DSA-87,keygen,63,1111481,60015
ML-DSA-87,keygen,64,1121223,60538
ML-DSA-87,keygen,65,1107649,59808
ML-DSA-87,keygen,66,1107241,59785
ML-DSA-87,keygen,67,1112148,60051
ML-DSA-87,keygen,68,1121278,60542
ML-DSA-87,keygen,69,1111556,60019
ML-DSA-87,keygen,70,1110815,59978
ML-DSA-87,keygen,71,1124500,60716
ML-DSA-87,keygen,72,1110260,59948
ML-DSA-87,keygen,73,1115667,60240
ML-DSA-87,keygen,74,1109130,59887
ML-DSA-87,keygen,75,1119000,60418
ML-DSA-87,keygen,76,1108148,59834
ML-DSA-87,keygen,77,1111204,59999
ML-DSA-87,keygen,78,1110481,59960
ML-DSA-87,keygen,79,1118704,60402
ML-DSA-87,keygen,80,1110371,59953
ML-DSA-87,keygen,81,1113945,60148
ML-DSA-87,keygen,82,1120111,60478
ML-DSA-87,keygen,83,1105963,59716
ML-DSA-87,keygen,84,1106871,59765
ML-DSA-87,keygen,85,1109019,59882
ML-DSA-87,keygen,86,1117888,60359
ML-DSA-87,keygen,87,1109074,59885
ML-DSA-87,keygen,88,1105870,59712
ML-DSA-87,keygen,89,1120797,60515
ML-DSA-87,keygen,90,1112055,60045
ML-DSA-87,keygen,91,1111926,60038
ML-DSA-87,keygen,92,1109537,59910
ML-DSA-87,keygen,93,1121963,60579
ML-DSA-87,keygen,94,1111444,60013
ML-DSA-87,keygen,95,1106889,59767
ML-DSA-87,keygen,96,1106963,59770
ML-DSA-87,keygen,97,1121963,60579
ML-DSA-87,keygen,98,1107482,59798
ML-DSA-87,keygen,99,1112371,60062
ML-DSA-87,keygen,100,1116426,60279
ML-DSA-87,keygen,101,1111296,60005
ML-DSA-87,keygen,102,1109185,59890
ML-DSA-87,keygen,103,1110666,59970
ML-DSA-87,keygen,104,1127037,60852
ML-DSA-87,keygen,105,1106760,59760
ML-DSA-87,keygen,106,1113259,60113
ML-DSA-87,keygen,107,1119556,60448
ML-DSA-87,keygen,108,1112815,60085
ML-DSA-87,keygen,109,1108371,59845
ML-DSA-87,keygen,110,1111852,60034
ML-DSA-87,keygen,111,1117333,60328
ML-DSA-87,keygen,112,1112111,60049
ML-DSA-87,keygen,113,1111482,60015
ML-DSA-87,keygen,114,1118926,60414
ML-DSA-87,keygen,115,1112333,60060
ML-DSA-87,keygen,116,1107926,59822
ML-DSA-87,keygen,117,1106000,59718
ML-DSA-87,keygen,118,1123278,60650
ML-DSA-87,keygen,119,1108537,59855
ML-DSA-87,keygen,120,1115000,60203
ML-DSA-87,keygen,121,1110370,59955
ML-DSA-87,keygen,122,1121296,60542
ML-DSA-87,keygen,123,1111815,60033
ML-DSA-87,keygen,124,1109759,59922
ML-DSA-87,keygen,125,1115796,60245
ML-DSA-87,keygen,126,1109037,59881
ML-DSA-87,keygen,127,1113241,60110
ML-DSA-87,keygen,128,1116592,60291
ML-DSA-87,keygen,129,1124092,60693
ML-DSA-87,keygen,130,1108074,59830
ML-DSA-87,keygen,131,1109092,59885
ML-DSA-87,keygen,132,1119074,60422
ML-DSA-87,keygen,133,1114926,60199
ML-DSA-87,keygen,134,1109296,59896
ML-DSA-87,keygen,135,1109926,59930
ML-DSA-87,keygen,136,1119945,60470
ML-DSA-87,keygen,137,1109074,59885
ML-DSA-87,keygen,138,1107074,59776
ML-DSA-87,keygen,139,1114741,60189
ML-DSA-87,keygen,140,1114075,60155
ML-DSA-87,keygen,141,1107685,59809
ML-DSA-87,keygen,142,1107018,59774
ML-DSA-87,keygen,143,1117648,60346
ML-DSA-87,keygen,144,1105907,59712
ML-DSA-87,keygen,145,1112037,60043
ML-DSA-87,keygen,146,1107796,59816
ML-DSA-87,keygen,147,1118630,60399
ML-DSA-87,keygen,148,1110074,59937
ML-DSA-87,keygen,149,1107740,59812
ML-DSA-87,keygen,150,1125518,60771
ML-DSA-87,keygen,151,1114278,60165
ML-DSA-87,keygen,152,1108444,59850
ML-DSA-87,keygen,153,1106630,59753
ML-DSA-87,keygen,154,1117592,60342
ML-DSA-87,keygen,155,1109055,59883
ML-DSA-87,keygen,156,1105778,59707
ML-DSA-87,keygen,157,1130963,61064
ML-DSA-87,keygen,158,1111556,60019
ML-DSA-87,keygen,159,1108334,59844
ML-DSA-87,keygen,160,1107222,59784
ML-DSA-87,keygen,161,1113889,60143
ML-DSA-87,keygen,162,1114334,60168
ML-DSA-87,keygen,163,1109482,59905
ML-DSA-87,keygen,164,1109649,59914
ML-DSA-87,keygen,165,1120537,60502
ML-DSA-87,keygen,166,1109889,59929
ML-DSA-87,keygen,167,1112074,60046
ML-DSA-87,keygen,168,1119315,60436
ML-DSA-87,keygen,169,1111963,60040
ML-DSA-87,keygen,170,1115556,60234
ML-DSA-87,keygen,171,1112000,60042
ML-DSA-87,keygen,172,1118944,60415
ML-DSA-87,keygen,173,1107166,59782
ML-DSA-87,keygen,174,1109334,59899
ML-DSA-87,keygen,175,1120777,60514
ML-DSA-87,keygen,176,1110740,59973
ML-DSA-87,keygen,177,1106352,59737
ML-DSA-87,keygen,178,1110315,59951
ML-DSA-87,keygen,179,1123185,60644
ML-DSA-87,keygen,180,1108945,59878
ML-DSA-87,keygen,181,1110870,59981
ML-DSA-87,keygen,182,1117797,60354
ML-DSA-87,keygen,183,1112759,60083
ML-DSA-87,keygen,184,1113482,60123
ML-DSA-87,keygen,185,1106593,59750
ML-DSA-87,keygen,186,1121074,60531
ML-DSA-87,keygen,187,1115407,60227
ML-DSA-87,keygen,188,1107796,59816
ML-DSA-87,keygen,189,1109648,59914
ML-DSA-87,keygen,190,1120204,60483
ML-DSA-87,keygen,191,1109630,59914
ML-DSA-87,keygen,192,1107111,59777
ML-DSA-87,keygen,193,1120833,60518
ML-DSA-87,keygen,194,1107944,59824
ML-DSA-87,keygen,195,1107944,59824
ML-DSA-87,keygen,196,1109556,59909
ML-DSA-87,keygen,197,1122463,60606
ML-DSA-87,keygen,198,1108685,59863
ML-DSA-87,keygen,199,1112074,60046
ML-DSA-87,keygen,200,1116630,60291
ML-DSA-87,keygen,201,1109889,59927
ML-DSA-87,keygen,202,1106444,59743
ML-DSA-87,keygen,203,1109482,59907
ML-DSA-87,keygen,204,1115019,60204
ML-DSA-87,keygen,205,1107407,59795
ML-DSA-87,keygen,206,1106759,59758
ML-DSA-87,keygen,207,1109815,59925
ML-DSA-87,keygen,208,1111500,60014
ML-DSA-87,keygen,209,1111723,60027
ML-DSA-87,keygen,210,1111574,60019
ML-DSA-87,keygen,211,1122260,60594
ML-DSA-87,keygen,212,1110167,59944
ML-DSA-87,keygen,213,1110722,59973
ML-DSA-87,keygen,214,1108315,59843
ML-DSA-87,keygen,215,1126500,60822
ML-DSA-87,keygen,216,1113685,60133
ML-DSA-87,keygen,217,1115815,60248
ML-DSA-87,keygen,218,1118093,60369
ML-DSA-87,keygen,219,1106019,59718
ML-DSA-87,keygen,220,1110834,59979
ML-DSA-87,keygen,221,1109871,59926
ML-DSA-87,keygen,222,1123518,60662
ML-DSA-87,keygen,223,1106778,59761
ML-DSA-87,keygen,224,1109703,59918
ML-DSA-87,keygen,225,1121629,60561
ML-DSA-87,keygen,226,1109315,59897
ML-DSA-87,keygen,227,1112389,60064
ML-DSA-87,keygen,228,1109852,59926
ML-DSA-87,keygen,229,1117982,60364
ML-DSA-87,keygen,230,1108667,59861
ML-DSA-87,keygen,231,1109130,59888
ML-DSA-87,keygen,232,1107648,59808
ML-DSA-87,keygen,233,1118482,60391
ML-DSA-87,keygen,234,1104056,59613
ML-DSA-87,keygen,235,1114296,60166
ML-DSA-87,keygen,236,1120278,60486
ML-DSA-87,keygen,237,1108963,59877
ML-DSA-87,keygen,238,1113370,60116
ML-DSA-87,keygen,239,1111537,60017
ML-DSA-87,keygen,240,1124074,60693
ML-DSA-87,keygen,241,1108759,59868
ML-DSA-87,keygen,242,1107796,59815
ML-DSA-87,keygen,243,1119204,60430
ML-DSA-87,keygen,244,1113537,60125
ML-DSA-87,keygen,245,1108945,59878
ML-DSA-87,keygen,246,1106796,59761
ML-DSA-87,keygen,247,1127000,60851
ML-DSA-87,keygen,248,1109518,59909
ML-DSA-87,keygen,249,1113963,60148
ML-DSA-87,keygen,250,1121648,60562
ML-DSA-87,keygen,251,1113371,60117
ML-DSA-87,keygen,252,1105296,59681
ML-DSA-87,keygen,253,1110944,59986
ML-DSA-87,keygen,254,1124055,60691
ML-DSA-87,keygen,255,1110037,59936
ML-DSA-87,keygen,256,1111630,60022
ML-DSA-87,keygen,257,1105759,59706
ML-DSA-87,keygen,258,1120871,60519
ML-DSA-87,keygen,259,1108889,59873
ML-DSA-87,keygen,260,1109222,59892
ML-DSA-87,keygen,261,1121889,60573
ML-DSA-87,keygen,262,1110092,59939
ML-DSA-87,keygen,263,1110778,59977
ML-DSA-87,keygen,264,1109018,59881
ML-DSA-87,keygen,265,1116444,60280
ML-DSA-87,keygen,266,1111686,60025
ML-DSA-87,keygen,267,1106463,59743
ML-DSA-87,keygen,268,1126223,60808
ML-DSA-87,keygen,269,1112315,60060
ML-DSA-87,keygen,270,1111741,60029
ML-DSA-87,keygen,271,1111759,60030
ML-DSA-87,keygen,272,1123981,60686
ML-DSA-87,keygen,273,1108667,59862
ML-DSA-87,keygen,274,1107759,59814
ML-DSA-87,keygen,275,1118241,60378
ML-DSA-87,keygen,276,1112445,60066
ML-DSA-87,keygen,277,1111333,60007
ML-DSA-87,keygen,278,1105686,59701
ML-DSA-87,keygen,279,1118759,60405
ML-DSA-87,keygen,280,1113685,60133
ML-DSA-87,keygen,281,1106630,59752
ML-DSA-87,keygen,282,1104315,59627
ML-DSA-87,keygen,283,1119592,60450
ML-DSA-87,keygen,284,1109000,59880
ML-DSA-87,keygen,285,1107185,59783
ML-DSA-87,keygen,286,1123148,60642
ML-DSA-87,keygen,287,1110370,59955
ML-DSA-87,keygen,288,1106352,59737
ML-DSA-87,keygen,289,1113482,60122
ML-DSA-87,keygen,290,1120389,60493
ML-DSA-87,keygen,291,1113463,60122
ML-DSA-87,keygen,292,1115908,60254
ML-DSA-87,keygen,293,1122500,60607
ML-DSA-87,keygen,294,1117759,60354
ML-DSA-87,keygen,295,1111408,60010
ML-DSA-87,keygen,296,1105315,59681
ML-DSA-87,keygen,297,1120056,60475
ML-DSA-87,keygen,298,1109815,59923
ML-DSA-87,keygen,299,1108259,59840
ML-DSA-87,keygen,300,1109537,59909
ML-DSA-87,keygen,301,1121981,60579
ML-DSA-87,keygen,302,1110204,59946
ML-DSA-87,keygen,303,1109629,59913
ML-DSA-87,keygen,304,1116203,60268
ML-DSA-87,keygen,305,1105963,59716
ML-DSA-87,keygen,306,1110778,59976
ML-DSA-87,keygen,307,1108463,59851
ML-DSA-87,keygen,308,1119463,60444
ML-DSA-87,keygen,309,1112759,60084
ML-DSA-87,keygen,310,1112149,60050
ML-DSA-87,keygen,311,1116296,60273
ML-DSA-87,keygen,312,1107945,59823
ML-DSA-87,keygen,313,1108000,59827
ML-DSA-87,keygen,314,1105704,59701
ML-DSA-87,keygen,315,1121000,60527
ML-DSA-87,keygen,316,1111463,60013
ML-DSA-87,keygen,317,1112333,60060
ML-DSA-87,keygen,318,1116926,60307
ML-DSA-87,keygen,319,1108704,59865
ML-DSA-87,keygen,320,1111926,60039
ML-DSA-87,keygen,321,1109148,59888
ML-DSA-87,keygen,322,1119426,60442
ML-DSA-87,keygen,323,1108556,59857
ML-DSA-87,keygen,324,1108314,59843
ML-DSA-87,keygen,325,1107112,59778
ML-DSA-87,keygen,326,1118444,60389
ML-DSA-87,keygen,327,1106389,59740
ML-DSA-87,keygen,328,1108740,59867
ML-DSA-87,keygen,329,1123740,60675
ML-DSA-87,keygen,330,1110185,59945
ML-DSA-87,keygen,331,1108667,59863
ML-DSA-87,keygen,332,1110759,59975
ML-DSA-87,keygen,333,1117555,60341
ML-DSA-87,keygen,334,1111240,60001
ML-DSA-87,keygen,335,1105908,59714
ML-DSA-87,keygen,336,1116259,60270
ML-DSA-87,keygen,337,1108908,59876
ML-DSA-87,keygen,338,1110481,59960
ML-DSA-87,keygen,339,1110703,59973
ML-DSA-87,keygen,340,1119555,60449
ML-DSA-87,keygen,341,1109500,59908
ML-DSA-87,keygen,342,1113445,60121
ML-DSA-87,keygen,343,1107223,59784
ML-DSA-87,keygen,344,1118426,60388
ML-DSA-87,keygen,345,1112426,60066
ML-DSA-87,keygen,346,1110648,59969
ML-DSA-87,keygen,347,1117074,60313
ML-DSA-87,keygen,348,1112574,60074
ML-DSA-87,keygen,349,1112981,60096
ML-DSA-87,keygen,350,1111444,60012
ML-DSA-87,keygen,351,1123075,60638
ML-DSA-87,keygen,352,1111741,60028
ML-DSA-87,keygen,353,1111981,60042
ML-DSA-87,keygen,354,1119944,60470
ML-DSA-87,keygen,355,1111019,59990
ML-DSA-87,keygen,356,1109241,59893
ML-DSA-87,keygen,357,1108278,59840
ML-DSA-87,keygen,358,1119981,60472
ML-DSA-87,keygen,359,1109519,59909
ML-DSA-87,keygen,360,1109352,59899
ML-DSA-87,keygen,361,1117185,60321
ML-DSA-87,keygen,362,1112981,60096
ML-DSA-87,keygen,363,1108519,59854
ML-DSA-87,keygen,364,1110352,59954
ML-DSA-87,keygen,365,1120019,60474
ML-DSA-87,keygen,366,1109889,59929
ML-DSA-87,keygen,367,1109870,59928
ML-DSA-87,keygen,368,1109296,59897
ML-DSA-87,keygen,369,1119944,60469
ML-DSA-87,keygen,370,1110963,59987
ML-DSA-87,keygen,371,1105686,59701
ML-DSA-87,keygen,372,1120370,60492
ML-DSA-87,keygen,373,1113852,60142
ML-DSA-87,keygen,374,1110926,59984
ML-DSA-87,keygen,375,1108074,59830
ML-DSA-87,keygen,376,1120981,60525
ML-DSA-87,keygen,377,1110149,59942
ML-DSA-87,keygen,378,1112111,60048
ML-DSA-87,keygen,379,1125722,60781
ML-DSA-87,keygen,380,1113796,60139
ML-DSA-87,keygen,381,1106981,59772
ML-DSA-87,keygen,382,1107889,59819
ML-DSA-87,keygen,383,1122851,60626
ML-DSA-87,keygen,384,1115240,60216
ML-DSA-87,keygen,385,1111666,60024
ML-DSA-87,keygen,386,1123056,60637
ML-DSA-87,keygen,387,1111426,60011
ML-DSA-87,keygen,388,1107389,59794
ML-DSA-87,keygen,389,1111815,60033
ML-DSA-87,keygen,390,1123815,60678
ML-DSA-87,keygen,391,1109926,59930
ML-DSA-87,keygen,392,1114222,60162
ML-DSA-87,keygen,393,1105519,59692
ML-DSA-87,keygen,394,1118778,60407
ML-DSA-87,keygen,395,1109018,59882
ML-DSA-87,keygen,396,1106408,59740
ML-DSA-87,keygen,397,1121315,60544
ML-DSA-87,keygen,398,1108019,59828
ML-DSA-87,keygen,399,1109944,59931
ML-DSA-87,keygen,400,1110667,59970
ML-DSA-87,keygen,401,1118611,60397
ML-DSA-87,keygen,402,1110945,59986
ML-DSA-87,keygen,403,1110778,59977
ML-DSA-87,keygen,404,1118852,60409
ML-DSA-87,keygen,405,1114463,60176
ML-DSA-87,keygen,406,1113518,60125
ML-DSA-87,keygen,407,1110222,59946
ML-DSA-87,keygen,408,1123593,60667
ML-DSA-87,keygen,409,1110408,59956
ML-DSA-87,keygen,410,1109778,59922
ML-DSA-87,keygen,411,1105592,59696
ML-DSA-87,keygen,412,1120203,60483
ML-DSA-87,keygen,413,1107444,59796
ML-DSA-87,keygen,414,1107889,59821
ML-DSA-87,keygen,415,1117500,60337
ML-DSA-87,keygen,416,1110092,59940
ML-DSA-87,keygen,417,1108907,59875
ML-DSA-87,keygen,418,1113852,60142
ML-DSA-87,keygen,419,1118445,60389
ML-DSA-87,keygen,420,1109129,59887
ML-DSA-87,keygen,421,1112019,60044
ML-DSA-87,keygen,422,1119315,60435
ML-DSA-87,keygen,423,1109852,59926
ML-DSA-87,keygen,424,1110630,59969
ML-DSA-87,keygen,425,1108222,59838
ML-DSA-87,keygen,426,1121111,60531
ML-DSA-87,keygen,427,1110870,59981
ML-DSA-87,keygen,428,1108000,59826
ML-DSA-87,keygen,429,1118388,60386
ML-DSA-87,keygen,430,1109371,59900
ML-DSA-87,keygen,431,1106574,59749
ML-DSA-87,keygen,432,1106760,59759
ML-DSA-87,keygen,433,1118574,60395
ML-DSA-87,keygen,434,1110352,59953
ML-DSA-87,keygen,435,1109037,59882
ML-DSA-87,keygen,436,1109426,59903
ML-DSA-87,keygen,437,1117445,60334
ML-DSA-87,keygen,438,1110500,59961
ML-DSA-87,keygen,439,1106574,59749
ML-DSA-87,keygen,440,1123574,60665
ML-DSA-87,keygen,441,1108074,59831
ML-DSA-87,keygen,442,1115889,60252
ML-DSA-87,keygen,443,1110852,59981
ML-DSA-87,keygen,444,1120388,60493
ML-DSA-87,keygen,445,1109259,59895
ML-DSA-87,keygen,446,1108574,59857
ML-DSA-87,keygen,447,1125296,60758
ML-DSA-87,keygen,448,1109277,59894
ML-DSA-87,keygen,449,1108334,59845
ML-DSA-87,keygen,450,1109926,59929
ML-DSA-87,keygen,451,1120982,60525
ML-DSA-87,keygen,452,1107203,59783
ML-DSA-87,keygen,453,1105908,59713
ML-DSA-87,keygen,454,1108278,59842
ML-DSA-87,keygen,455,1120778,60514
ML-DSA-87,keygen,456,1107741,59813
ML-DSA-87,keygen,457,1107241,59786
ML-DSA-87,keygen,458,1124203,60700
ML-DSA-87,keygen,459,1108722,59864
ML-DSA-87,keygen,460,1105611,59698
ML-DSA-87,keygen,461,1110555,59964
ML-DSA-87,keygen,462,1119000,60418
ML-DSA-87,keygen,463,1108740,59866
ML-DSA-87,keygen,464,1109297,59895
ML-DSA-87,keygen,465,1121518,60555
ML-DSA-87,keygen,466,1108889,59875
ML-DSA-87,keygen,467,1109574,59910
ML-DSA-87,keygen,468,1109074,59885
ML-DSA-87,keygen,469,1115259,60216
ML-DSA-87,keygen,470,1109666,59917
ML-DSA-87,keygen,471,1113167,60104
ML-DSA-87,keygen,472,1118333,60382
ML-DSA-87,keygen,473,1113648,60131
ML-DSA-87,keygen,474,1113611,60128
ML-DSA-87,keygen,475,1104222,59622
ML-DSA-87,keygen,476,1121426,60550
ML-DSA-87,keygen,477,1111204,60000
ML-DSA-87,keygen,478,1101389,59469
ML-DSA-87,keygen,479,1109926,59931
ML-DSA-87,keygen,480,1123778,60676
ML-DSA-87,keygen,481,1112426,60065
ML-DSA-87,keygen,482,1114296,60166
ML-DSA-87,keygen,483,1124481,60714
ML-DSA-87,keygen,484,1107259,59787
ML-DSA-87,keygen,485,1109241,59893
ML-DSA-87,keygen,486,1111704,60027
ML-DSA-87,keygen,487,1117481,60336
ML-DSA-87,keygen,488,1106611,59752
ML-DSA-87,keygen,489,1109871,59928
ML-DSA-87,keygen,490,1130482,61038
ML-DSA-87,keygen,491,1110240,59949
ML-DSA-87,keygen,492,1109630,59915
ML-DSA-87,keygen,493,1109222,59892
ML-DSA-87,keygen,494,1119759,60459
ML-DSA-87,keygen,495,1112926,60092
ML-DSA-87,keygen,496,1108055,59829
ML-DSA-87,keygen,497,1122519,60608
ML-DSA-87,keygen,498,1109796,59923
ML-DSA-87,keygen,499,1109796,59924
ML-DSA-87,keygen,500,1113018,60096
ML-DSA-87,keygen,501,1116407,60279
ML-DSA-87,keygen,502,1108371,59846
ML-DSA-87,keygen,503,1114500,60177
ML-DSA-87,keygen,504,1109352,59900
ML-DSA-87,keygen,505,1118963,60416
ML-DSA-87,keygen,506,1115315,60222
ML-DSA-87,keygen,507,1111667,60025
ML-DSA-87,keygen,508,1119445,60443
ML-DSA-87,keygen,509,1111907,60038
ML-DSA-87,keygen,510,1114926,60199
ML-DSA-87,keygen,511,1112092,60047
ML-DSA-87,keygen,512,1337482,72205
ML-DSA-87,keygen,513,1121871,60577
ML-DSA-87,keygen,514,1111685,60024
ML-DSA-87,keygen,515,1123018,60629
ML-DSA-87,keygen,516,1111907,60038
ML-DSA-87,keygen,517,1109611,59914
ML-DSA-87,keygen,518,1109630,59914
ML-DSA-87,keygen,519,1120722,60511
ML-DSA-87,keygen,520,1111481,60015
ML-DSA-87,keygen,521,1107278,59788
ML-DSA-87,keygen,522,1122519,60608
ML-DSA-87,keygen,523,1112630,60077
ML-DSA-87,keygen,524,1111982,60040
ML-DSA-87,keygen,525,1111019,59989
ML-DSA-87,keygen,526,1119889,60466
ML-DSA-87,keygen,527,1108777,59869
ML-DSA-87,keygen,528,1113370,60116
ML-DSA-87,keygen,529,1117760,60351
ML-DSA-87,keygen,530,1112019,60043
ML-DSA-87,keygen,531,1111592,60021
ML-DSA-87,keygen,532,1110685,59971
ML-DSA-87,keygen,533,1120167,60481
ML-DSA-87,keygen,534,1103574,59587
ML-DSA-87,keygen,535,1110518,59962
ML-DSA-87,keygen,536,1111777,60030
ML-DSA-87,keygen,537,1119907,60466
ML-DSA-87,keygen,538,1112185,60053
ML-DSA-87,keygen,539,1111944,60038
ML-DSA-87,keygen,540,1119463,60443
ML-DSA-87,keygen,541,1108445,59850
ML-DSA-87,keygen,542,1109463,59906
ML-DSA-87,keygen,543,1110407,59957
ML-DSA-87,keygen,544,1121981,60579
ML-DSA-87,keygen,545,1111463,60012
ML-DSA-87,keygen,546,1114889,60199
ML-DSA-87,keygen,547,1118111,60371
ML-DSA-87,keygen,548,1112130,60050
ML-DSA-87,keygen,549,1107870,59819
ML-DSA-87,keygen,550,1108945,59877
ML-DSA-87,keygen,551,1119981,60472
ML-DSA-87,keygen,552,1106926,59769
ML-DSA-87,keygen,553,1113481,60123
ML-DSA-87,keygen,554,1112130,60049
ML-DSA-87,keygen,555,1121260,60540
ML-DSA-87,keygen,556,1110167,59943
ML-DSA-87,keygen,557,1111481,60014
ML-DSA-87,keygen,558,1118425,60387
ML-DSA-87,keygen,559,1109908,59929
ML-DSA-87,keygen,560,1104240,59623
ML-DSA-87,keygen,561,1107667,59809
ML-DSA-87,keygen,562,1122649,60615
ML-DSA-87,keygen,563,1108518,59855
ML-DSA-87,keygen,564,1105462,59688
ML-DSA-87,keygen,565,1120907,60521
ML-DSA-87,keygen,566,1111185,59999
ML-DSA-87,keygen,567,1112722,60082
ML-DSA-87,keygen,568,1107593,59804
ML-DSA-87,keygen,569,1122686,60617
ML-DSA-87,keygen,570,1108926,59876
ML-DSA-87,keygen,571,1112352,60062
ML-DSA-87,keygen,572,1119926,60469
ML-DSA-87,keygen,573,1112537,60071
ML-DSA-87,keygen,574,1107000,59773
ML-DSA-87,keygen,575,1108018,59828
ML-DSA-87,keygen,576,1119760,60460
ML-DSA-87,keygen,577,1108630,59861
ML-DSA-87,keygen,578,1107352,59791
ML-DSA-87,keygen,579,1111408,60010
ML-DSA-87,keygen,580,1120685,60510
ML-DSA-87,keygen,581,1107592,59804
ML-DSA-87,keygen,582,1111852,60034
ML-DSA-87,keygen,583,1130741,61052
ML-DSA-87,keygen,584,1114204,60160
ML-DSA-87,keygen,585,1108648,59862
ML-DSA-87,keygen,586,1111185,59998
ML-DSA-87,keygen,587,1120741,60513
ML-DSA-87,keygen,588,1115519,60232
ML-DSA-87,keygen,589,1110704,59973
ML-DSA-87,keygen,590,1123315,60651
ML-DSA-87,keygen,591,1105019,59666
ML-DSA-87,keygen,592,1109426,59903
ML-DSA-87,keygen,593,1111945,60039
ML-DSA-87,keygen,594,1123056,60638
ML-DSA-87,keygen,595,1109944,59932
ML-DSA-87,keygen,596,1110574,59966
ML-DSA-87,keygen,597,1120630,60507
ML-DSA-87,keygen,598,1108760,59868
ML-DSA-87,keygen,599,1108759,59868
ML-DSA-87,keygen,600,1109149,59888
ML-DSA-87,keygen,601,1130925,61063
ML-DSA-87,keygen,602,1108833,59871
ML-DSA-87,keygen,603,1110611,59968
ML-DSA-87,keygen,604,1107981,59824
ML-DSA-87,keygen,605,1121333,60544
ML-DSA-87,keygen,606,1104851,59657
ML-DSA-87,keygen,607,1110204,59945
ML-DSA-87,keygen,608,1117926,60360
ML-DSA-87,keygen,609,1111778,60031
ML-DSA-87,keygen,610,1108130,59834
ML-DSA-87,keygen,611,1112111,60048
ML-DSA-87,keygen,612,1123093,60640
ML-DSA-87,keygen,613,1112889,60090
ML-DSA-87,keygen,614,1107130,59779
ML-DSA-87,keygen,615,1122834,60626
ML-DSA-87,keygen,616,1108111,59832
ML-DSA-87,keygen,617,1107000,59772
ML-DSA-87,keygen,618,1111630,60023
ML-DSA-87,keygen,619,1120666,60508
ML-DSA-87,keygen,620,1106925,59769
ML-DSA-87,keygen,621,1108259,59840
ML-DSA-87,keygen,622,1110685,59971
ML-DSA-87,keygen,623,1122185,60591
ML-DSA-87,keygen,624,1107333,59790
ML-DSA-87,keygen,625,1108481,59852
ML-DSA-87,keygen,626,1120463,60498
ML-DSA-87,keygen,627,1111555,60018
ML-DSA-87,keygen,628,1104537,59638
ML-DSA-87,keygen,629,1107963,59824
ML-DSA-87,keygen,630,1123741,60674
ML-DSA-87,keygen,631,1109815,59924
ML-DSA-87,keygen,632,1109037,59882
ML-DSA-87,keygen,633,1116111,60263
ML-DSA-87,keygen,634,1111277,60002
ML-DSA-87,keygen,635,1112667,60079
ML-DSA-87,keygen,636,1109463,59906
ML-DSA-87,keygen,637,1120204,60483
ML-DSA-87,keygen,638,1104593,59643
ML-DSA-87,keygen,639,1109574,59911
ML-DSA-87,keygen,640,1119962,60470
ML-DSA-87,keygen,641,1111408,60010
ML-DSA-87,keygen,642,1108333,59844
ML-DSA-87,keygen,643,1118148,60373
ML-DSA-87,keygen,644,1122019,60581
ML-DSA-87,keygen,645,1108592,59858
ML-DSA-87,keygen,646,1110389,59954
ML-DSA-87,keygen,647,1108796,59870
ML-DSA-87,keygen,648,1117815,60355
ML-DSA-87,keygen,649,1109408,59902
ML-DSA-87,keygen,650,1109333,59898
ML-DSA-87,keygen,651,1118537,60393
ML-DSA-87,keygen,652,1107611,59805
ML-DSA-87,keygen,653,1106648,59753
ML-DSA-87,keygen,654,1105185,59675
ML-DSA-87,keygen,655,1119778,60460
ML-DSA-87,keygen,656,1234426,66629
ML-DSA-87,keygen,657,1116556,60286
ML-DSA-87,keygen,658,1123259,60648
ML-DSA-87,keygen,659,1113815,60139
ML-DSA-87,keygen,660,1107759,59814
ML-DSA-87,keygen,661,1108500,59854
ML-DSA-87,keygen,662,1120500,60499
ML-DSA-87,keygen,663,1110241,59946
ML-DSA-87,keygen,664,1108092,59831
ML-DSA-87,keygen,665,1120352,60491
ML-DSA-87,keygen,666,1111630,60022
ML-DSA-87,keygen,667,1110481,59960
ML-DSA-87,keygen,668,1108037,59829
ML-DSA-87,keygen,669,1118204,60375
ML-DSA-87,keygen,670,1112463,60068
ML-DSA-87,keygen,671,1107666,59808
ML-DSA-87,keygen,672,1106963,59770
ML-DSA-87,keygen,673,1117500,60337
ML-DSA-87,keygen,674,1108703,59865
ML-DSA-87,keygen,675,1108611,59859
ML-DSA-87,keygen,676,1121537,60555
ML-DSA-87,keygen,677,1109426,59904
ML-DSA-87,keygen,678,1108352,59845
ML-DSA-87,keygen,679,1112722,60082
ML-DSA-87,keygen,680,1117000,60311
ML-DSA-87,keygen,681,1115148,60212
ML-DSA-87,keygen,682,1108778,59868
ML-DSA-87,keygen,683,1119352,60437
ML-DSA-87,keygen,684,1113666,60132
ML-DSA-87,keygen,685,1111667,60024
ML-DSA-87,keygen,686,1114352,60169
ML-DSA-87,keygen,687,1122944,60632
ML-DSA-87,keygen,688,1108407,59848
ML-DSA-87,keygen,689,1114222,60162
ML-DSA-87,keygen,690,1123241,60648
ML-DSA-87,keygen,691,1109611,59912
ML-DSA-87,keygen,692,1112926,60093
ML-DSA-87,keygen,693,1106611,59750
ML-DSA-87,keygen,694,1119592,60451
ML-DSA-87,keygen,695,1113759,60137
ML-DSA-87,keygen,696,1110426,59957
ML-DSA-87,keygen,697,1110648,59968
ML-DSA-87,keygen,698,1120741,60512
ML-DSA-87,keygen,699,1107241,59786
ML-DSA-87,keygen,700,1103222,59569
ML-DSA-87,keygen,701,1120685,60508
ML-DSA-87,keygen,702,1112352,60062
ML-DSA-87,keygen,703,1108389,59848
ML-DSA-87,keygen,704,1108185,59836
ML-DSA-87,keygen,705,1126037,60799
ML-DSA-87,keygen,706,1110056,59938
ML-DSA-87,keygen,707,1110611,59967
ML-DSA-87,keygen,708,1120889,60521
ML-DSA-87,keygen,709,1109518,59909
ML-DSA-87,keygen,710,1106703,59755
ML-DSA-87,keygen,711,1108963,59878
ML-DSA-87,keygen,712,1127629,60884
ML-DSA-87,keygen,713,1111074,59993
ML-DSA-87,keygen,714,1108111,59833
ML-DSA-87,keygen,715,1112648,60078
ML-DSA-87,keygen,716,1120685,60509
ML-DSA-87,keygen,717,1107907,59822
ML-DSA-87,keygen,718,1109092,59885
ML-DSA-87,keygen,719,1115426,60225
ML-DSA-87,keygen,720,1107852,59818
ML-DSA-87,keygen,721,1108166,59835
ML-DSA-87,keygen,722,1110537,59963
ML-DSA-87,keygen,723,1120851,60519
ML-DSA-87,keygen,724,1108092,59832
ML-DSA-87,keygen,725,1110426,59958
ML-DSA-87,keygen,726,1119500,60445
ML-DSA-87,keygen,727,1112167,60050
ML-DSA-87,keygen,728,1110463,59959
ML-DSA-87,keygen,729,1108111,59833
ML-DSA-87,keygen,730,1121463,60550
ML-DSA-87,keygen,731,1108778,59868
ML-DSA-87,keygen,732,1108093,59832
ML-DSA-87,keygen,733,1120667,60509
ML-DSA-87,keygen,734,1107352,59792
ML-DSA-87,keygen,735,1108889,59874
ML-DSA-87,keygen,736,1113722,60135
ML-DSA-87,keygen,737,1120204,60482
ML-DSA-87,keygen,738,1108685,59863
ML-DSA-87,keygen,739,1112685,60079
ML-DSA-87,keygen,740,1104889,59659
ML-DSA-87,keygen,741,1121871,60573
ML-DSA-87,keygen,742,1111981,60042
ML-DSA-87,keygen,743,1107723,59812
ML-DSA-87,keygen,744,1117814,60355
ML-DSA-87,keygen,745,1105908,59714
ML-DSA-87,keygen,746,1111352,60007
ML-DSA-87,keygen,747,1110389,59956
ML-DSA-87,keygen,748,1120037,60474
ML-DSA-87,keygen,749,1112574,60074
ML-DSA-87,keygen,750,1108426,59849
ML-DSA-87,keygen,751,1118778,60407
ML-DSA-87,keygen,752,1114815,60194
ML-DSA-87,keygen,753,1110519,59962
ML-DSA-87,keygen,754,1109278,59896
ML-DSA-87,keygen,755,1120648,60507
ML-DSA-87,keygen,756,1108278,59841
ML-DSA-87,keygen,757,1106648,59752
ML-DSA-87,keygen,758,1109352,59900
ML-DSA-87,keygen,759,1119203,60422
ML-DSA-87,keygen,760,1111092,59992
ML-DSA-87,keygen,761,1102889,59550
ML-DSA-87,keygen,762,1121444,60550
ML-DSA-87,keygen,763,1113129,60103
ML-DSA-87,keygen,764,1109241,59894
ML-DSA-87,keygen,765,1111371,60007
ML-DSA-87,keygen,766,1119296,60434
ML-DSA-87,keygen,767,1111093,59993
ML-DSA-87,keygen,768,1107852,59818
ML-DSA-87,keygen,769,1123796,60678
ML-DSA-87,keygen,770,1110685,59972
ML-DSA-87,keygen,771,1110296,59951
ML-DSA-87,keygen,772,1111667,60023
ML-DSA-87,keygen,773,1118037,60366
ML-DSA-87,keygen,774,1105352,59684
ML-DSA-87,keygen,775,1107574,59803
ML-DSA-87,keygen,776,1122000,60581
ML-DSA-87,keygen,777,1114778,60194
ML-DSA-87,keygen,778,1107907,59821
ML-DSA-87,keygen,779,1113462,60121
ML-DSA-87,keygen,780,1117760,60352
ML-DSA-87,keygen,781,1107203,59783
ML-DSA-87,keygen,782,1109352,59900
ML-DSA-87,keygen,783,1109056,59883
ML-DSA-87,keygen,784,1115704,60240
ML-DSA-87,keygen,785,1108500,59852
ML-DSA-87,keygen,786,1114260,60164
ML-DSA-87,keygen,787,1121556,60556
ML-DSA-87,keygen,788,1110963,59987
ML-DSA-87,keygen,789,1109129,59888
ML-DSA-87,keygen,790,1111500,60014
ML-DSA-87,keygen,791,1119815,60456
ML-DSA-87,keygen,792,1108686,59863
ML-DSA-87,keygen,793,1111241,60002
ML-DSA-87,keygen,794,1121093,60532
ML-DSA-87,keygen,795,1107981,59826
ML-DSA-87,keygen,796,1111537,60017
ML-DSA-87,keygen,797,1108314,59843
ML-DSA-87,keygen,798,1122333,60599
ML-DSA-87,keygen,799,1109407,59902
ML-DSA-87,keygen,800,1107592,59805
ML-DSA-87,keygen,801,1106648,59753
ML-DSA-87,keygen,802,1119445,60445
ML-DSA-87,keygen,803,1112963,60094
ML-DSA-87,keygen,804,1109759,59921
ML-DSA-87,keygen,805,1121537,60556
ML-DSA-87,keygen,806,1109907,59929
ML-DSA-87,keygen,807,1109296,59896
ML-DSA-87,keygen,808,1108926,59877
ML-DSA-87,keygen,809,1117463,60336
ML-DSA-87,keygen,810,1112814,60087
ML-DSA-87,keygen,811,1103667,59592
ML-DSA-87,keygen,812,1116630,60291
ML-DSA-87,keygen,813,1110704,59973
ML-DSA-87,keygen,814,1110704,59971
ML-DSA-87,keygen,815,1111963,60041
ML-DSA-87,keygen,816,1118648,60400
ML-DSA-87,keygen,817,1108519,59855
ML-DSA-87,keygen,818,1109982,59933
ML-DSA-87,keygen,819,1117408,60332
ML-DSA-87,keygen,820,1107259,59787
ML-DSA-87,keygen,821,1114129,60157
ML-DSA-87,keygen,822,1117389,60332
ML-DSA-87,keygen,823,1130129,61020
ML-DSA-87,keygen,824,1109444,59905
ML-DSA-87,keygen,825,1109019,59882
ML-DSA-87,keygen,826,1110186,59944
ML-DSA-87,keygen,827,1120963,60524
ML-DSA-87,keygen,828,1111240,60002
ML-DSA-87,keygen,829,1111297,60005
ML-DSA-87,keygen,830,1120000,60473
ML-DSA-87,keygen,831,1110889,59983
ML-DSA-87,keygen,832,1111167,59998
ML-DSA-87,keygen,833,1107741,59813
ML-DSA-87,keygen,834,1119463,60443
ML-DSA-87,keygen,835,1105667,59700
ML-DSA-87,keygen,836,1113111,60102
ML-DSA-87,keygen,837,1120722,60511
ML-DSA-87,keygen,838,1108870,59873
ML-DSA-87,keygen,839,1109352,59898
ML-DSA-87,keygen,840,1110666,59969
ML-DSA-87,keygen,841,1122000,60580
ML-DSA-87,keygen,842,1108611,59859
ML-DSA-87,keygen,843,1115408,60227
ML-DSA-87,keygen,844,1119204,60430
ML-DSA-87,keygen,845,1110222,59946
ML-DSA-87,keygen,846,1100833,59440
ML-DSA-87,keygen,847,1108019,59828
ML-DSA-87,keygen,848,1119908,60468
ML-DSA-87,keygen,849,1111074,59993
ML-DSA-87,keygen,850,1106722,59758
ML-DSA-87,keygen,851,1111778,60029
ML-DSA-87,keygen,852,1121593,60559
ML-DSA-87,keygen,853,1108018,59827
ML-DSA-87,keygen,854,1109018,59882
ML-DSA-87,keygen,855,1120777,60514
ML-DSA-87,keygen,856,1102889,59550
ML-DSA-87,keygen,857,1108463,59852
ML-DSA-87,keygen,858,1109222,59893
ML-DSA-87,keygen,859,1115833,60247
ML-DSA-87,keygen,860,1105666,59700
ML-DSA-87,keygen,861,1106648,59753
ML-DSA-87,keygen,862,1145018,61824
ML-DSA-87,keygen,863,1110740,59976
ML-DSA-87,keygen,864,1109019,59882
ML-DSA-87,keygen,865,1107815,59816
ML-DSA-87,keygen,866,1119500,60446
ML-DSA-87,keygen,867,1106185,59728
ML-DSA-87,keygen,868,1109760,59922
ML-DSA-87,keygen,869,1112889,60091
ML-DSA-87,keygen,870,1120833,60518
ML-DSA-87,keygen,871,1113185,60106
ML-DSA-87,keygen,872,1110778,59977
ML-DSA-87,keygen,873,1118260,60378
ML-DSA-87,keygen,874,1110889,59982
ML-DSA-87,keygen,875,1109000,59881
ML-DSA-87,keygen,876,1107945,59824
ML-DSA-87,keygen,877,1118259,60379
ML-DSA-87,keygen,878,1110018,59934
ML-DSA-87,keygen,879,1105351,59684
ML-DSA-87,keygen,880,1115667,60239
ML-DSA-87,keygen,881,1106315,59736
ML-DSA-87,keygen,882,1110481,59961
ML-DSA-87,keygen,883,1105019,59665
ML-DSA-87,keygen,884,1120833,60517
ML-DSA-87,keygen,885,1108944,59878
ML-DSA-87,keygen,886,1110574,59966
ML-DSA-87,keygen,887,1118611,60397
ML-DSA-87,keygen,888,1110000,59935
ML-DSA-87,keygen,889,1108371,59847
ML-DSA-87,keygen,890,1114389,60172
ML-DSA-87,keygen,891,1123333,60653
ML-DSA-87,keygen,892,1105204,59675
ML-DSA-87,keygen,893,1112074,60047
ML-DSA-87,keygen,894,1106315,59736
ML-DSA-87,keygen,895,1122315,60597
ML-DSA-87,keygen,896,1111777,60031
ML-DSA-87,keygen,897,1109019,59882
ML-DSA-87,keygen,898,1116018,60256
ML-DSA-87,keygen,899,1110907,59983
ML-DSA-87,keygen,900,1109537,59909
ML-DSA-87,keygen,901,1108352,59845
ML-DSA-87,keygen,902,1113371,60113
ML-DSA-87,keygen,903,1107593,59805
ML-DSA-87,keygen,904,1108981,59880
ML-DSA-87,keygen,905,1116907,60305
ML-DSA-87,keygen,906,1110741,59975
ML-DSA-87,keygen,907,1109685,59917
ML-DSA-87,keygen,908,1106852,59764
ML-DSA-87,keygen,909,1120463,60498
ML-DSA-87,keygen,910,1110463,59958
ML-DSA-87,keygen,911,1106889,59765
ML-DSA-87,keygen,912,1111777,60030
ML-DSA-87,keygen,913,1118241,60378
ML-DSA-87,keygen,914,1110870,59982
ML-DSA-87,keygen,915,1109352,59900
ML-DSA-87,keygen,916,1122297,60596
ML-DSA-87,keygen,917,1109981,59932
ML-DSA-87,keygen,918,1111741,60029
ML-DSA-87,keygen,919,1107574,59803
ML-DSA-87,keygen,920,1120704,60511
ML-DSA-87,keygen,921,1112222,60054
ML-DSA-87,keygen,922,1105204,59676
ML-DSA-87,keygen,923,1112297,60056
ML-DSA-87,keygen,924,1111000,59989
ML-DSA-87,keygen,925,1114111,60156
ML-DSA-87,keygen,926,1107889,59821
ML-DSA-87,keygen,927,1114296,60165
ML-DSA-87,keygen,928,1106871,59765
ML-DSA-87,keygen,929,1111592,60020
ML-DSA-87,keygen,930,1118019,60365
ML-DSA-87,keygen,931,1110482,59961
ML-DSA-87,keygen,932,1109018,59882
ML-DSA-87,keygen,933,1111778,60030
ML-DSA-87,keygen,934,1123981,60688
ML-DSA-87,keygen,935,1111093,59993
ML-DSA-87,keygen,936,1109407,59902
ML-DSA-87,keygen,937,1109037,59882
ML-DSA-87,keygen,938,1119834,60464
ML-DSA-87,keygen,939,1115889,60253
ML-DSA-87,keygen,940,1106444,59743
ML-DSA-87,keygen,941,1120945,60524
ML-DSA-87,keygen,942,1111000,59988
ML-DSA-87,keygen,943,1112722,60082
ML-DSA-87,keygen,944,1108833,59872
ML-DSA-87,keygen,945,1118445,60389
ML-DSA-87,keygen,946,1114833,60196
ML-DSA-87,keygen,947,1107797,59815
ML-DSA-87,keygen,948,1116407,60279
ML-DSA-87,keygen,949,1109889,59929
ML-DSA-87,keygen,950,1108963,59878
ML-DSA-87,keygen,951,1107926,59822
ML-DSA-87,keygen,952,1121481,60553
ML-DSA-87,keygen,953,1111519,60015
ML-DSA-87,keygen,954,1113093,60100
ML-DSA-87,keygen,955,1108907,59875
ML-DSA-87,keygen,956,1123408,60658
ML-DSA-87,keygen,957,1112241,60055
ML-DSA-87,keygen,958,1111777,60031
ML-DSA-87,keygen,959,1120741,60512
ML-DSA-87,keygen,960,1110111,59940
ML-DSA-87,keygen,961,1108112,59833
ML-DSA-87,keygen,962,1114370,60171
ML-DSA-87,keygen,963,1120204,60484
ML-DSA-87,keygen,964,1110056,59937
ML-DSA-87,keygen,965,1111056,59991
ML-DSA-87,keygen,966,1118871,60412
ML-DSA-87,keygen,967,1108778,59867
ML-DSA-87,keygen,968,1108167,59835
ML-DSA-87,keygen,969,1106426,59742
ML-DSA-87,keygen,970,1118982,60418
ML-DSA-87,keygen,971,1106407,59739
ML-DSA-87,keygen,972,1113074,60101
ML-DSA-87,keygen,973,1121000,60527
ML-DSA-87,keygen,974,1112037,60045
ML-DSA-87,keygen,975,1105555,59694
ML-DSA-87,keygen,976,1113297,60112
ML-DSA-87,keygen,977,1118537,60393
ML-DSA-87,keygen,978,1114370,60170
ML-DSA-87,keygen,979,1110741,59975
ML-DSA-87,keygen,980,1109259,59895
ML-DSA-87,keygen,981,1118759,60406
ML-DSA-87,keygen,982,1110352,59953
ML-DSA-87,keygen,983,1112963,60095
ML-DSA-87,keygen,984,1123074,60639
ML-DSA-87,keygen,985,1105981,59718
ML-DSA-87,keygen,986,1111981,60042
ML-DSA-87,keygen,987,1109426,59903
ML-DSA-87,keygen,988,1118777,60407
ML-DSA-87,keygen,989,1110240,59948
ML-DSA-87,keygen,990,1110648,59969
ML-DSA-87,keygen,991,1120945,60523
ML-DSA-87,keygen,992,1110871,59981
ML-DSA-87,keygen,993,1107871,59819
ML-DSA-87,keygen,994,1112241,60055
ML-DSA-87,keygen,995,1118519,60392
ML-DSA-87,keygen,996,1108277,59842
ML-DSA-87,keygen,997,1110444,59959
ML-DSA-87,keygen,998,1119889,60467
ML-DSA-87,keygen,999,1107740,59812
ML-DSA-87,sign,0,5110944,275983
ML-DSA-87,sign,1,3159944,170631
ML-DSA-87,sign,2,7017389,378933
ML-DSA-87,sign,3,3149796,170084
ML-DSA-87,sign,4,2195426,118547
ML-DSA-87,sign,5,4122241,222595
ML-DSA-87,sign,6,7981611,431002
ML-DSA-87,sign,7,2196296,118593
ML-DSA-87,sign,8,2186852,118085
ML-DSA-87,sign,9,2195278,118538
ML-DSA-87,sign,10,4121833,222573
ML-DSA-87,sign,11,7010593,378567
ML-DSA-87,sign,12,14743740,796155
ML-DSA-87,sign,13,4124537,222720
ML-DSA-87,sign,14,3160018,170636
ML-DSA-87,sign,15,2196018,118579
ML-DSA-87,sign,16,8944945,483021
ML-DSA-87,sign,17,18795574,1014956
ML-DSA-87,sign,18,2196648,118613
ML-DSA-87,sign,19,8944871,483018
ML-DSA-87,sign,20,3159463,170607
ML-DSA-87,sign,21,14738074,795851
ML-DSA-87,sign,22,3149925,170090
ML-DSA-87,sign,23,7019000,379020
ML-DSA-87,sign,24,7981000,430968
ML-DSA-87,sign,25,4122222,222593
ML-DSA-87,sign,26,3159259,170594
ML-DSA-87,sign,27,2196037,118580
ML-DSA-87,sign,28,2187111,118099
ML-DSA-87,sign,29,5084130,274537
ML-DSA-87,sign,30,8952629,483436
ML-DSA-87,sign,31,6048296,326603
ML-DSA-87,sign,32,9921056,535729
ML-DSA-87,sign,33,3150166,170104
ML-DSA-87,sign,34,4122037,222578
ML-DSA-87,sign,35,2197241,118645
ML-DSA-87,sign,36,2196167,118586
ML-DSA-87,sign,37,3149259,170055
ML-DSA-87,sign,38,6053685,326893
ML-DSA-87,sign,39,7980574,430945
ML-DSA-87,sign,40,7018759,379007
ML-DSA-87,sign,41,2186851,118084
ML-DSA-87,sign,42,5084519,274558
ML-DSA-87,sign,43,3159519,170607
ML-DSA-87,sign,44,3159203,170591
ML-DSA-87,sign,45,2196370,118598
ML-DSA-87,sign,46,2186611,118071
ML-DSA-87,sign,47,2195667,118560
ML-DSA-87,sign,48,7010297,378546
ML-DSA-87,sign,49,2198797,118729
ML-DSA-87,sign,50,6054389,326931
ML-DSA-87,sign,51,2186667,118075
ML-DSA-87,sign,52,2196000,118577
ML-DSA-87,sign,53,3150185,170105
ML-DSA-87,sign,54,7017482,378938
ML-DSA-87,sign,55,5085593,274616
ML-DSA-87,sign,56,4124000,222690
ML-DSA-87,sign,57,2196777,118621
ML-DSA-87,sign,58,4122982,222635
ML-DSA-87,sign,59,3160000,170634
ML-DSA-87,sign,60,8950296,483312
ML-DSA-87,sign,61,4122333,222599
ML-DSA-87,sign,62,8950370,483312
ML-DSA-87,sign,63,5093241,275031
ML-DSA-87,sign,64,5085537,274613
ML-DSA-87,sign,65,7019834,379066
ML-DSA-87,sign,66,6049055,326643
ML-DSA-87,sign,67,3160482,170661
ML-DSA-87,sign,68,2196352,118598
ML-DSA-87,sign,69,7981648,431004
ML-DSA-87,sign,70,2187296,118108
ML-DSA-87,sign,71,5084944,274582
ML-DSA-87,sign,72,2197148,118641
ML-DSA-87,sign,73,5091574,274940
ML-DSA-87,sign,74,6056481,327045
ML-DSA-87,sign,75,19683038,1062860
ML-DSA-87,sign,76,4131056,223070
ML-DSA-87,sign,77,19560574,1056265
ML-DSA-87,sign,78,7011907,378630
ML-DSA-87,sign,79,2196945,118629
ML-DSA-87,sign,80,2186981,118092
ML-DSA-87,sign,81,7024963,379340
ML-DSA-87,sign,82,2198296,118702
ML-DSA-87,sign,83,2186963,118091
ML-DSA-87,sign,84,8945870,483072
ML-DSA-87,sign,85,2196593,118610
ML-DSA-87,sign,86,13768500,743492
ML-DSA-87,sign,87,4122204,222593
ML-DSA-87,sign,88,7983759,431116
ML-DSA-87,sign,89,8953963,483509
ML-DSA-87,sign,90,12807278,691587
ML-DSA-87,sign,91,7984296,431146
ML-DSA-87,sign,92,2188055,118150
ML-DSA-87,sign,93,6057648,327107
ML-DSA-87,sign,94,8949037,483242
ML-DSA-87,sign,95,2199703,118778
ML-DSA-87,sign,96,2187500,118121
ML-DSA-87,sign,97,10879648,587495
ML-DSA-87,sign,98,10882278,587638
ML-DSA-87,sign,99,3160482,170660
ML-DSA-87,sign,100,6056426,327039
ML-DSA-87,sign,101,4123889,222684
ML-DSA-87,sign,102,5086722,274678
ML-DSA-87,sign,103,2197703,118672
ML-DSA-87,sign,104,4124611,222723
ML-DSA-87,sign,105,5087796,274735
ML-DSA-87,sign,106,2197241,118645
ML-DSA-87,sign,107,2187778,118134
ML-DSA-87,sign,108,5092444,274987
ML-DSA-87,sign,109,3150926,170145
ML-DSA-87,sign,110,4122352,222601
ML-DSA-87,sign,111,2198297,118703
ML-DSA-87,sign,112,7049963,380691
ML-DSA-87,sign,113,6051759,326790
ML-DSA-87,sign,114,2198629,118721
ML-DSA-87,sign,115,12807426,691596
ML-DSA-87,sign,116,2197556,118662
ML-DSA-87,sign,117,5087500,274719
ML-DSA-87,sign,118,2187667,118128
ML-DSA-87,sign,119,3159592,170613
ML-DSA-87,sign,120,12807203,691583
ML-DSA-87,sign,121,2197556,118662
ML-DSA-87,sign,122,5087333,274711
ML-DSA-87,sign,123,2198056,118689
ML-DSA-87,sign,124,3160203,170645
ML-DSA-87,sign,125,3151111,170156
ML-DSA-87,sign,126,4122241,222596
ML-DSA-87,sign,127,3160555,170664
ML-DSA-87,sign,128,2197852,118677
ML-DSA-87,sign,129,5093593,275047
ML-DSA-87,sign,130,7985797,431229
ML-DSA-87,sign,131,9911074,535191
ML-DSA-87,sign,132,10881833,587613
ML-DSA-87,sign,133,5087370,274712
ML-DSA-87,sign,134,9918741,535605
ML-DSA-87,sign,135,5087333,274709
ML-DSA-87,sign,136,4123481,222663
ML-DSA-87,sign,137,11844111,639577
ML-DSA-87,sign,138,2197777,118674
ML-DSA-87,sign,139,2186704,118076
ML-DSA-87,sign,140,7980093,430919
ML-DSA-87,sign,141,4121815,222573
ML-DSA-87,sign,142,4121592,222561
ML-DSA-87,sign,143,7980963,430966
ML-DSA-87,sign,144,7981278,430984
ML-DSA-87,sign,145,7980740,430953
ML-DSA-87,sign,146,2196537,118607
ML-DSA-87,sign,147,2186649,118074
ML-DSA-87,sign,148,6054629,326943
ML-DSA-87,sign,149,2200538,118821
ML-DSA-87,sign,150,2186778,118082
ML-DSA-87,sign,151,2195833,118569
ML-DSA-87,sign,152,3149852,170087
ML-DSA-87,sign,153,3158852,170572
ML-DSA-87,sign,154,5085167,274593
ML-DSA-87,sign,155,2196222,118589
ML-DSA-87,sign,156,3159167,170589
ML-DSA-87,sign,157,4122093,222587
ML-DSA-87,sign,158,12802925,691352
ML-DSA-87,sign,159,4122981,222635
ML-DSA-87,sign,160,3158945,170577
ML-DSA-87,sign,161,4122222,222593
ML-DSA-87,sign,162,6047907,326581
ML-DSA-87,sign,163,11840092,639358
ML-DSA-87,sign,164,2196407,118600
ML-DSA-87,sign,165,4122389,222605
ML-DSA-87,sign,166,5086519,274668
ML-DSA-87,sign,167,3159741,170620
ML-DSA-87,sign,168,6054963,326963
ML-DSA-87,sign,169,6047426,326556
ML-DSA-87,sign,170,4121815,222573
ML-DSA-87,sign,171,6055074,326969
ML-DSA-87,sign,172,6047463,326557
ML-DSA-87,sign,173,5085278,274598
ML-DSA-87,sign,174,4122092,222587
ML-DSA-87,sign,175,5098518,275313
ML-DSA-87,sign,176,2186741,118079
ML-DSA-87,sign,177,4121445,222552
ML-DSA-87,sign,178,6055722,327003
ML-DSA-87,sign,179,7018037,378969
ML-DSA-87,sign,180,4122537,222612
ML-DSA-87,sign,181,5088852,274795
ML-DSA-87,sign,182,7980963,430966
ML-DSA-87,sign,183,2186666,118074
ML-DSA-87,sign,184,6054111,326917
ML-DSA-87,sign,185,3159167,170589
ML-DSA-87,sign,186,4122888,222631
ML-DSA-87,sign,187,4123019,222637
ML-DSA-87,sign,188,7982204,431035
ML-DSA-87,sign,189,7982204,431034
ML-DSA-87,sign,190,2186574,118070
ML-DSA-87,sign,191,2195574,118554
ML-DSA-87,sign,192,3159111,170586
ML-DSA-87,sign,193,3149370,170061
ML-DSA-87,sign,194,5091778,274951
ML-DSA-87,sign,195,3149222,170052
ML-DSA-87,sign,196,3157926,170522
ML-DSA-87,sign,197,2196167,118588
ML-DSA-87,sign,198,3158815,170569
ML-DSA-87,sign,199,2186962,118090
ML-DSA-87,sign,200,2195852,118570
ML-DSA-87,sign,201,7982296,431039
ML-DSA-87,sign,202,2186834,118084
ML-DSA-87,sign,203,5091815,274953
ML-DSA-87,sign,204,6054630,326942
ML-DSA-87,sign,205,5085333,274603
ML-DSA-87,sign,206,7017851,378958
ML-DSA-87,sign,207,9913463,535320
ML-DSA-87,sign,208,4121296,222544
ML-DSA-87,sign,209,3149630,170075
ML-DSA-87,sign,210,6055389,326985
ML-DSA-87,sign,211,2186352,118059
ML-DSA-87,sign,212,7980963,430967
ML-DSA-87,sign,213,7981315,430985
ML-DSA-87,sign,214,13774019,743790
ML-DSA-87,sign,215,15700741,847834
ML-DSA-87,sign,216,3159666,170617
ML-DSA-87,sign,217,5085833,274629
ML-DSA-87,sign,218,9907111,534978
ML-DSA-87,sign,219,7019056,379023
ML-DSA-87,sign,220,4122223,222593
ML-DSA-87,sign,221,3159797,170624
ML-DSA-87,sign,222,8951296,483363
ML-DSA-87,sign,223,11134778,601269
ML-DSA-87,sign,224,3168222,171078
ML-DSA-87,sign,225,7021260,379144
ML-DSA-87,sign,226,4123371,222656
ML-DSA-87,sign,227,2187667,118129
ML-DSA-87,sign,228,3160815,170678
ML-DSA-87,sign,229,2187778,118135
ML-DSA-87,sign,230,3159463,170604
ML-DSA-87,sign,231,2197259,118646
ML-DSA-87,sign,232,6049574,326672
ML-DSA-87,sign,233,6057963,327124
ML-DSA-87,sign,234,5086685,274675
ML-DSA-87,sign,235,4124000,222691
ML-DSA-87,sign,236,2197296,118648
ML-DSA-87,sign,237,2188314,118164
ML-DSA-87,sign,238,4124093,222696
ML-DSA-87,sign,239,2198278,118702
ML-DSA-87,sign,240,2187630,118126
ML-DSA-87,sign,241,5092981,275016
ML-DSA-87,sign,242,5087019,274694
ML-DSA-87,sign,243,7019963,379072
ML-DSA-87,sign,244,3150889,170143
ML-DSA-87,sign,245,10879593,587493
ML-DSA-87,sign,246,13776315,743915
ML-DSA-87,sign,247,3150648,170130
ML-DSA-87,sign,248,2202833,118946
ML-DSA-87,sign,249,18601277,1004463
ML-DSA-87,sign,250,3150981,170148
ML-DSA-87,sign,251,7019185,379031
ML-DSA-87,sign,252,5087093,274697
ML-DSA-87,sign,253,4123482,222662
ML-DSA-87,sign,254,7983926,431127
ML-DSA-87,sign,255,7020611,379108
ML-DSA-87,sign,256,3160630,170669
ML-DSA-87,sign,257,7984463,431155
ML-DSA-87,sign,258,3161259,170702
ML-DSA-87,sign,259,3160334,170652
ML-DSA-87,sign,260,8075463,436063
ML-DSA-87,sign,261,10874167,587199
ML-DSA-87,sign,262,6055537,326993
ML-DSA-87,sign,263,2186741,118078
ML-DSA-87,sign,264,6054704,326948
ML-DSA-87,sign,265,2187352,118113
ML-DSA-87,sign,266,4120963,222526
ML-DSA-87,sign,267,3159130,170587
ML-DSA-87,sign,268,3159370,170600
ML-DSA-87,sign,269,8950241,483306
ML-DSA-87,sign,270,6056722,327058
ML-DSA-87,sign,271,15703149,847965
ML-DSA-87,sign,272,5085389,274606
ML-DSA-87,sign,273,16662851,899788
ML-DSA-87,sign,274,7018167,378975
ML-DSA-87,sign,275,5084370,274552
ML-DSA-87,sign,276,4122481,222609
ML-DSA-87,sign,277,7018925,379016
ML-DSA-87,sign,278,2195556,118554
ML-DSA-87,sign,279,10871000,587030
ML-DSA-87,sign,280,10879481,587487
ML-DSA-87,sign,281,2194962,118520
ML-DSA-87,sign,282,3150148,170103
ML-DSA-87,sign,283,4121556,222559
ML-DSA-87,sign,284,2197203,118645
ML-DSA-87,sign,285,6047870,326578
ML-DSA-87,sign,286,3161018,170689
ML-DSA-87,sign,287,2197019,118633
ML-DSA-87,sign,288,3158555,170556
ML-DSA-87,sign,289,8950592,483325
ML-DSA-87,sign,290,4123167,222646
ML-DSA-87,sign,291,2186704,118076
ML-DSA-87,sign,292,4121167,222537
ML-DSA-87,sign,293,5093352,275036
ML-DSA-87,sign,294,7010445,378559
ML-DSA-87,sign,295,3159333,170597
ML-DSA-87,sign,296,2196575,118610
ML-DSA-87,sign,297,2186574,118069
ML-DSA-87,sign,298,5090981,274907
ML-DSA-87,sign,299,4147167,223938
ML-DSA-87,sign,300,6050630,326728
ML-DSA-87,sign,301,3162759,170785
ML-DSA-87,sign,302,2186648,118074
ML-DSA-87,sign,303,13774852,743836
ML-DSA-87,sign,304,9906148,534926
ML-DSA-87,sign,305,6055463,326990
ML-DSA-87,sign,306,4121648,222564
ML-DSA-87,sign,307,3160314,170650
ML-DSA-87,sign,308,7010667,378570
ML-DSA-87,sign,309,6055908,327014
ML-DSA-87,sign,310,6054388,326931
ML-DSA-87,sign,311,2187407,118114
ML-DSA-87,sign,312,4121759,222569
ML-DSA-87,sign,313,9921574,535757
ML-DSA-87,sign,314,8944426,482994
ML-DSA-87,sign,315,14751500,796573
ML-DSA-87,sign,316,7982630,431057
ML-DSA-87,sign,317,4130685,223053
ML-DSA-87,sign,318,4122148,222591
ML-DSA-87,sign,319,5085370,274605
ML-DSA-87,sign,320,3159426,170603
ML-DSA-87,sign,321,6048093,326592
ML-DSA-87,sign,322,3159389,170602
ML-DSA-87,sign,323,2186908,118087
ML-DSA-87,sign,324,3158592,170557
ML-DSA-87,sign,325,2196481,118604
ML-DSA-87,sign,326,2187037,118095
ML-DSA-87,sign,327,2195592,118555
ML-DSA-87,sign,328,4123704,222675
ML-DSA-87,sign,329,2186889,118087
ML-DSA-87,sign,330,6055703,327002
ML-DSA-87,sign,331,2196481,118605
ML-DSA-87,sign,332,2187519,118120
ML-DSA-87,sign,333,7017518,378941
ML-DSA-87,sign,334,11841018,639410
ML-DSA-87,sign,335,7019092,379025
ML-DSA-87,sign,336,4122463,222607
ML-DSA-87,sign,337,4128296,222919
ML-DSA-87,sign,338,9908370,535048
ML-DSA-87,sign,339,2196500,118606
ML-DSA-87,sign,340,3150334,170113
ML-DSA-87,sign,341,3160445,170659
ML-DSA-87,sign,342,6056240,327029
ML-DSA-87,sign,343,4122833,222627
ML-DSA-87,sign,344,2187000,118093
ML-DSA-87,sign,345,11840870,639402
ML-DSA-87,sign,346,2197574,118662
ML-DSA-87,sign,347,13767333,743431
ML-DSA-87,sign,348,2198093,118692
ML-DSA-87,sign,349,2186778,118081
ML-DSA-87,sign,350,3158555,170557
ML-DSA-87,sign,351,5085389,274606
ML-DSA-87,sign,352,2196667,118615
ML-DSA-87,sign,353,11844037,639573
ML-DSA-87,sign,354,5086148,274647
ML-DSA-87,sign,355,3159796,170623
ML-DSA-87,sign,356,4122296,222597
ML-DSA-87,sign,357,6056481,327043
ML-DSA-87,sign,358,7010760,378576
ML-DSA-87,sign,359,2196945,118630
ML-DSA-87,sign,360,7019130,379026
ML-DSA-87,sign,361,2187129,118100
ML-DSA-87,sign,362,3164685,170885
ML-DSA-87,sign,363,2196852,118624
ML-DSA-87,sign,364,3150223,170107
ML-DSA-87,sign,365,5091907,274956
ML-DSA-87,sign,366,2187259,118106
ML-DSA-87,sign,367,12802407,691323
ML-DSA-87,sign,368,4122352,222602
ML-DSA-87,sign,369,2197314,118650
ML-DSA-87,sign,370,7021463,379153
ML-DSA-87,sign,371,5087574,274724
ML-DSA-87,sign,372,7021314,379145
ML-DSA-87,sign,373,7014000,378750
ML-DSA-87,sign,374,7984666,431166
ML-DSA-87,sign,375,9918555,535596
ML-DSA-87,sign,376,2188018,118148
ML-DSA-87,sign,377,3159371,170599
ML-DSA-87,sign,378,3160333,170652
ML-DSA-87,sign,379,5293074,285820
ML-DSA-87,sign,380,12815296,692019
ML-DSA-87,sign,381,4123944,222686
ML-DSA-87,sign,382,3151037,170152
ML-DSA-87,sign,383,7982833,431068
ML-DSA-87,sign,384,10885852,587828
ML-DSA-87,sign,385,6057556,327103
ML-DSA-87,sign,386,3150908,170144
ML-DSA-87,sign,387,7020037,379076
ML-DSA-87,sign,388,2197685,118670
ML-DSA-87,sign,389,4124148,222699
ML-DSA-87,sign,390,5087241,274706
ML-DSA-87,sign,391,7021685,379166
ML-DSA-87,sign,392,13770481,743600
ML-DSA-87,sign,393,3160833,170680
ML-DSA-87,sign,394,6057112,327077
ML-DSA-87,sign,395,4124389,222712
ML-DSA-87,sign,396,10873945,587186
ML-DSA-87,sign,397,6058593,327158
ML-DSA-87,sign,398,2187759,118134
ML-DSA-87,sign,399,3159575,170611
ML-DSA-87,sign,400,2197333,118650
ML-DSA-87,sign,401,4124704,222729
ML-DSA-87,sign,402,9908463,535051
ML-DSA-87,sign,403,2196685,118617
ML-DSA-87,sign,404,2186462,118063
ML-DSA-87,sign,405,2195648,118560
ML-DSA-87,sign,406,5084981,274583
ML-DSA-87,sign,407,3159500,170608
ML-DSA-87,sign,408,16668074,900069
ML-DSA-87,sign,409,2196870,118626
ML-DSA-87,sign,410,3149593,170073
ML-DSA-87,sign,411,2196704,118617
ML-DSA-87,sign,412,6054833,326954
ML-DSA-87,sign,413,3149926,170091
ML-DSA-87,sign,414,5091185,274919
ML-DSA-87,sign,415,7010462,378559
ML-DSA-87,sign,416,7980704,430952
ML-DSA-87,sign,417,3159333,170600
ML-DSA-87,sign,418,8947389,483153
ML-DSA-87,sign,419,6057463,327097
ML-DSA-87,sign,420,4123500,222663
ML-DSA-87,sign,421,2190611,118288
ML-DSA-87,sign,422,11087870,598739
ML-DSA-87,sign,423,4124130,222698
ML-DSA-87,sign,424,3160222,170645
ML-DSA-87,sign,425,2197575,118663
ML-DSA-87,sign,426,6049871,326688
ML-DSA-87,sign,427,2197537,118662
ML-DSA-87,sign,428,2187574,118124
ML-DSA-87,sign,429,4122593,222615
ML-DSA-87,sign,430,2197278,118648
ML-DSA-87,sign,431,3160407,170656
ML-DSA-87,sign,432,2187685,118131
ML-DSA-87,sign,433,3159092,170585
ML-DSA-87,sign,434,4129500,222986
ML-DSA-87,sign,435,7021314,379145
ML-DSA-87,sign,436,4124167,222699
ML-DSA-87,sign,437,11844722,639609
ML-DSA-87,sign,438,7012833,378688
ML-DSA-87,sign,439,17637278,952407
ML-DSA-87,sign,440,2187741,118132
ML-DSA-87,sign,441,4123112,222643
ML-DSA-87,sign,442,4123389,222658
ML-DSA-87,sign,443,9911166,535196
ML-DSA-87,sign,444,6054963,326962
ML-DSA-87,sign,445,8952704,483440
ML-DSA-87,sign,446,2281037,123168
ML-DSA-87,sign,447,10882000,587625
ML-DSA-87,sign,448,4122796,222626
ML-DSA-87,sign,449,4122370,222601
ML-DSA-87,sign,450,5084926,274581
ML-DSA-87,sign,451,5092074,274967
ML-DSA-87,sign,452,4122407,222605
ML-DSA-87,sign,453,2186777,118080
ML-DSA-87,sign,454,7024667,379325
ML-DSA-87,sign,455,5086222,274652
ML-DSA-87,sign,456,21490463,1160479
ML-DSA-87,sign,457,2187093,118097
ML-DSA-87,sign,458,5083870,274523
ML-DSA-87,sign,459,2195981,118577
ML-DSA-87,sign,460,4123055,222640
ML-DSA-87,sign,461,6055481,326991
ML-DSA-87,sign,462,3149870,170089
ML-DSA-87,sign,463,4121314,222546
ML-DSA-87,sign,464,10877815,587397
ML-DSA-87,sign,465,4123186,222647
ML-DSA-87,sign,466,11840518,639384
ML-DSA-87,sign,467,4122926,222632
ML-DSA-87,sign,468,3159370,170601
ML-DSA-87,sign,469,2187259,118106
ML-DSA-87,sign,470,4122130,222590
ML-DSA-87,sign,471,2196240,118591
ML-DSA-87,sign,472,2196000,118579
ML-DSA-87,sign,473,4122463,222608
ML-DSA-87,sign,474,3149759,170081
ML-DSA-87,sign,475,12814519,691976
ML-DSA-87,sign,476,5085963,274638
ML-DSA-87,sign,477,4122889,222630
ML-DSA-87,sign,478,12802611,691335
ML-DSA-87,sign,479,16662611,899776
ML-DSA-87,sign,480,6056407,327040
ML-DSA-87,sign,481,4123389,222658
ML-DSA-87,sign,482,2186945,118088
ML-DSA-87,sign,483,3160111,170642
ML-DSA-87,sign,484,3161037,170691
ML-DSA-87,sign,485,3159760,170621
ML-DSA-87,sign,486,4122815,222625
ML-DSA-87,sign,487,2187019,118094
ML-DSA-87,sign,488,2195222,118537
ML-DSA-87,sign,489,3158629,170559
ML-DSA-87,sign,490,4146426,223890
ML-DSA-87,sign,491,3150592,170128
ML-DSA-87,sign,492,3158759,170569
ML-DSA-87,sign,493,5093870,275062
ML-DSA-87,sign,494,4123648,222671
ML-DSA-87,sign,495,7013222,378707
ML-DSA-87,sign,496,5094778,275112
ML-DSA-87,sign,497,7013296,378710
ML-DSA-87,sign,498,2197574,118663
ML-DSA-87,sign,499,2187723,118131
ML-DSA-87,sign,500,6057371,327092
ML-DSA-87,sign,501,7991092,431512
ML-DSA-87,sign,502,11845092,639630
ML-DSA-87,sign,503,4126149,222808
ML-DSA-87,sign,504,7985055,431189
ML-DSA-87,sign,505,5087074,274696
ML-DSA-87,sign,506,6057852,327119
ML-DSA-87,sign,507,6050037,326696
ML-DSA-87,sign,508,6079055,328259
ML-DSA-87,sign,509,3161481,170714
ML-DSA-87,sign,510,6050407,326716
ML-DSA-87,sign,511,3367037,181814
ML-DSA-87,sign,512,28249130,1525447
ML-DSA-87,sign,513,4124334,222708
ML-DSA-87,sign,514,6078074,328208
ML-DSA-87,sign,515,3152111,170209
ML-DSA-87,sign,516,2197278,118647
ML-DSA-87,sign,517,3160537,170663
ML-DSA-87,sign,518,12813259,691908
ML-DSA-87,sign,519,7021111,379134
ML-DSA-87,sign,520,2188222,118159
ML-DSA-87,sign,521,2196445,118602
ML-DSA-87,sign,522,2187537,118123
ML-DSA-87,sign,523,4122870,222629
ML-DSA-87,sign,524,4125389,222765
ML-DSA-87,sign,525,4124148,222698
ML-DSA-87,sign,526,4122203,222593
ML-DSA-87,sign,527,16670759,900215
ML-DSA-87,sign,528,5084555,274560
ML-DSA-87,sign,529,2186797,118081
ML-DSA-87,sign,530,7979741,430901
ML-DSA-87,sign,531,2196260,118591
ML-DSA-87,sign,532,5085648,274620
ML-DSA-87,sign,533,4123093,222640
ML-DSA-87,sign,534,7018611,379000
ML-DSA-87,sign,535,6054889,326958
ML-DSA-87,sign,536,6047833,326577
ML-DSA-87,sign,537,3159463,170605
ML-DSA-87,sign,538,3159222,170591
ML-DSA-87,sign,539,16661592,899720
ML-DSA-87,sign,540,3159240,170592
ML-DSA-87,sign,541,6056685,327055
ML-DSA-87,sign,542,11840500,639381
ML-DSA-87,sign,543,8946204,483091
ML-DSA-87,sign,544,2197204,118642
ML-DSA-87,sign,545,9907704,535011
ML-DSA-87,sign,546,4122630,222618
ML-DSA-87,sign,547,4121944,222579
ML-DSA-87,sign,548,2196574,118609
ML-DSA-87,sign,549,2196277,118593
ML-DSA-87,sign,550,3149871,170089
ML-DSA-87,sign,551,6055223,326977
ML-DSA-87,sign,552,3159889,170628
ML-DSA-87,sign,553,2187000,118093
ML-DSA-87,sign,554,2195037,118526
ML-DSA-87,sign,555,4123149,222645
ML-DSA-87,sign,556,7011778,378630
ML-DSA-87,sign,557,2196630,118612
ML-DSA-87,sign,558,6055611,326997
ML-DSA-87,sign,559,3149944,170092
ML-DSA-87,sign,560,3158685,170562
ML-DSA-87,sign,561,7018648,379002
ML-DSA-87,sign,562,10878074,587410
ML-DSA-87,sign,563,5086166,274647
ML-DSA-87,sign,564,7981556,430999
ML-DSA-87,sign,565,2187259,118106
ML-DSA-87,sign,566,2200945,118844
ML-DSA-87,sign,567,2196315,118595
ML-DSA-87,sign,568,5085611,274617
ML-DSA-87,sign,569,4122500,222609
ML-DSA-87,sign,570,2186945,118090
ML-DSA-87,sign,571,3159371,170600
ML-DSA-87,sign,572,6056778,327060
ML-DSA-87,sign,573,3149908,170091
ML-DSA-87,sign,574,6056204,327028
ML-DSA-87,sign,575,2196519,118606
ML-DSA-87,sign,576,2187296,118109
ML-DSA-87,sign,577,2195945,118576
ML-DSA-87,sign,578,3150185,170104
ML-DSA-87,sign,579,2195518,118552
ML-DSA-87,sign,580,5085240,274597
ML-DSA-87,sign,581,9915240,535417
ML-DSA-87,sign,582,7013352,378715
ML-DSA-87,sign,583,8955056,483568
ML-DSA-87,sign,584,3160315,170650
ML-DSA-87,sign,585,6050037,326696
ML-DSA-87,sign,586,2197149,118639
ML-DSA-87,sign,587,2187685,118129
ML-DSA-87,sign,588,6056204,327029
ML-DSA-87,sign,589,3151334,170167
ML-DSA-87,sign,590,2196741,118618
ML-DSA-87,sign,591,4124037,222693
ML-DSA-87,sign,592,13771408,743650
ML-DSA-87,sign,593,2197740,118671
ML-DSA-87,sign,594,6062907,327389
ML-DSA-87,sign,595,2188259,118161
ML-DSA-87,sign,596,8947296,483150
ML-DSA-87,sign,597,5094666,275106
ML-DSA-87,sign,598,11843389,639537
ML-DSA-87,sign,599,4123908,222685
ML-DSA-87,sign,600,2187704,118131
ML-DSA-87,sign,601,7019963,379072
ML-DSA-87,sign,602,2187982,118145
ML-DSA-87,sign,603,3159925,170630
ML-DSA-87,sign,604,2197426,118656
ML-DSA-87,sign,605,3159556,170610
ML-DSA-87,sign,606,3150926,170145
ML-DSA-87,sign,607,6056167,327028
ML-DSA-87,sign,608,8946556,483108
ML-DSA-87,sign,609,2196908,118628
ML-DSA-87,sign,610,2187667,118130
ML-DSA-87,sign,611,7019537,379049
ML-DSA-87,sign,612,17630852,952061
ML-DSA-87,sign,613,2197315,118650
ML-DSA-87,sign,614,9910815,535178
ML-DSA-87,sign,615,6057370,327093
ML-DSA-87,sign,616,9915555,535432
ML-DSA-87,sign,617,11843723,639557
ML-DSA-87,sign,618,10880241,587528
ML-DSA-87,sign,619,4123574,222666
ML-DSA-87,sign,620,2196963,118629
ML-DSA-87,sign,621,2187685,118130
ML-DSA-87,sign,622,10880648,587549
ML-DSA-87,sign,623,2187926,118143
ML-DSA-87,sign,624,4129667,222997
ML-DSA-87,sign,625,2188111,118152
ML-DSA-87,sign,626,2196778,118621
ML-DSA-87,sign,627,7984370,431149
ML-DSA-87,sign,628,2187778,118135
ML-DSA-87,sign,629,7982019,431024
ML-DSA-87,sign,630,3165482,170930
ML-DSA-87,sign,631,6050277,326710
ML-DSA-87,sign,632,13870241,748984
ML-DSA-87,sign,633,3166167,170965
ML-DSA-87,sign,634,2188649,118181
ML-DSA-87,sign,635,2196630,118611
ML-DSA-87,sign,636,4123667,222672
ML-DSA-87,sign,637,2187648,118128
ML-DSA-87,sign,638,7982444,431046
ML-DSA-87,sign,639,2203277,118969
ML-DSA-87,sign,640,2188018,118149
ML-DSA-87,sign,641,4130463,223040
ML-DSA-87,sign,642,3150815,170139
ML-DSA-87,sign,643,7019315,379037
ML-DSA-87,sign,644,8946815,483123
ML-DSA-87,sign,645,6057389,327094
ML-DSA-87,sign,646,3160611,170666
ML-DSA-87,sign,647,2187833,118138
ML-DSA-87,sign,648,17636575,952369
ML-DSA-87,sign,649,7983649,431111
ML-DSA-87,sign,650,3150907,170143
ML-DSA-87,sign,651,2196296,118595
ML-DSA-87,sign,652,5086667,274673
ML-DSA-87,sign,653,4123685,222675
ML-DSA-87,sign,654,3160704,170672
ML-DSA-87,sign,655,6058463,327151
ML-DSA-87,sign,656,4123741,222676
ML-DSA-87,sign,657,2187704,118130
ML-DSA-87,sign,658,6056629,327052
ML-DSA-87,sign,659,4123204,222648
ML-DSA-87,sign,660,2187815,118137
ML-DSA-87,sign,661,12808871,691675
ML-DSA-87,sign,662,7027038,379453
ML-DSA-87,sign,663,3161556,170720
ML-DSA-87,sign,664,5088129,274752
ML-DSA-87,sign,665,6058167,327137
ML-DSA-87,sign,666,2187667,118128
ML-DSA-87,sign,667,2196500,118606
ML-DSA-87,sign,668,7020537,379104
ML-DSA-87,sign,669,7012723,378682
ML-DSA-87,sign,670,4123722,222675
ML-DSA-87,sign,671,10880481,587540
ML-DSA-87,sign,672,12808019,691628
ML-DSA-87,sign,673,2197907,118682
ML-DSA-87,sign,674,4123111,222641
ML-DSA-87,sign,675,5086944,274690
ML-DSA-87,sign,676,4148018,223984
ML-DSA-87,sign,677,3162371,170763
ML-DSA-87,sign,678,6057982,327125
ML-DSA-87,sign,679,7015667,378841
ML-DSA-87,sign,680,2197907,118681
ML-DSA-87,sign,681,2187963,118144
ML-DSA-87,sign,682,6057149,327080
ML-DSA-87,sign,683,15705666,848100
ML-DSA-87,sign,684,4130481,223038
ML-DSA-87,sign,685,2188296,118164
ML-DSA-87,sign,686,4124833,222734
ML-DSA-87,sign,687,4124222,222701
ML-DSA-87,sign,688,8955352,483584
ML-DSA-87,sign,689,4124703,222728
ML-DSA-87,sign,690,5088296,274763
ML-DSA-87,sign,691,6058333,327144
ML-DSA-87,sign,692,3151389,170170
ML-DSA-87,sign,693,3161186,170699
ML-DSA-87,sign,694,2197297,118647
ML-DSA-87,sign,695,2188371,118166
ML-DSA-87,sign,696,2197259,118645
ML-DSA-87,sign,697,2188797,118188
ML-DSA-87,sign,698,5094277,275085
ML-DSA-87,sign,699,3151186,170159
ML-DSA-87,sign,700,3158944,170577
ML-DSA-87,sign,701,3160111,170640
ML-DSA-87,sign,702,2187444,118117
ML-DSA-87,sign,703,2196834,118624
ML-DSA-87,sign,704,3160296,170650
ML-DSA-87,sign,705,9932908,536367
ML-DSA-87,sign,706,6071611,327860
ML-DSA-87,sign,707,3165537,170931
ML-DSA-87,sign,708,2188093,118152
ML-DSA-87,sign,709,2197314,118649
ML-DSA-87,sign,710,2187944,118144
ML-DSA-87,sign,711,2219167,119828
ML-DSA-87,sign,712,2187649,118129
ML-DSA-87,sign,713,6055667,327001
ML-DSA-87,sign,714,3160426,170659
ML-DSA-87,sign,715,2186630,118073
ML-DSA-87,sign,716,9920611,535706
ML-DSA-87,sign,717,2187092,118099
ML-DSA-87,sign,718,8945760,483059
ML-DSA-87,sign,719,5097167,275242
ML-DSA-87,sign,720,3158500,170554
ML-DSA-87,sign,721,6048037,326589
ML-DSA-87,sign,722,4121889,222576
ML-DSA-87,sign,723,5086593,274670
ML-DSA-87,sign,724,4122129,222589
ML-DSA-87,sign,725,2196685,118616
ML-DSA-87,sign,726,6049056,326643
ML-DSA-87,sign,727,5093963,275069
ML-DSA-87,sign,728,2186759,118079
ML-DSA-87,sign,729,3158630,170560
ML-DSA-87,sign,730,4122240,222594
ML-DSA-87,sign,731,5084389,274551
ML-DSA-87,sign,732,2196185,118588
ML-DSA-87,sign,733,3159481,170607
ML-DSA-87,sign,734,4121889,222577
ML-DSA-87,sign,735,9908000,535025
ML-DSA-87,sign,736,3160148,170643
ML-DSA-87,sign,737,7018444,378991
ML-DSA-87,sign,738,2186388,118060
ML-DSA-87,sign,739,2195834,118569
ML-DSA-87,sign,740,2186574,118070
ML-DSA-87,sign,741,4120649,222510
ML-DSA-87,sign,742,3158908,170575
ML-DSA-87,sign,743,5091815,274953
ML-DSA-87,sign,744,7011185,378599
ML-DSA-87,sign,745,11846389,639697
ML-DSA-87,sign,746,4122111,222589
ML-DSA-87,sign,747,3159426,170603
ML-DSA-87,sign,748,2196537,118608
ML-DSA-87,sign,749,3149111,170046
ML-DSA-87,sign,750,2195259,118538
ML-DSA-87,sign,751,4123074,222641
ML-DSA-87,sign,752,7019148,379028
ML-DSA-87,sign,753,3158963,170578
ML-DSA-87,sign,754,2186982,118092
ML-DSA-87,sign,755,7980130,430922
ML-DSA-87,sign,756,8943630,482949
ML-DSA-87,sign,757,2196352,118597
ML-DSA-87,sign,758,4121833,222574
ML-DSA-87,sign,759,23418278,1264580
ML-DSA-87,sign,760,11840537,639384
ML-DSA-87,sign,761,4123759,222678
ML-DSA-87,sign,762,2186426,118060
ML-DSA-87,sign,763,4121185,222538
ML-DSA-87,sign,764,6055315,326980
ML-DSA-87,sign,765,11845500,639650
ML-DSA-87,sign,766,2186908,118089
ML-DSA-87,sign,767,4121019,222531
ML-DSA-87,sign,768,2196333,118596
ML-DSA-87,sign,769,2187186,118103
ML-DSA-87,sign,770,2196148,118586
ML-DSA-87,sign,771,5084759,274572
ML-DSA-87,sign,772,3159296,170597
ML-DSA-87,sign,773,5084723,274568
ML-DSA-87,sign,774,4123167,222646
ML-DSA-87,sign,775,5094260,275085
ML-DSA-87,sign,776,7012815,378685
ML-DSA-87,sign,777,7021204,379141
ML-DSA-87,sign,778,7021667,379163
ML-DSA-87,sign,779,3160981,170688
ML-DSA-87,sign,780,3160240,170647
ML-DSA-87,sign,781,2188093,118152
ML-DSA-87,sign,782,7023703,379273
ML-DSA-87,sign,783,3160260,170649
ML-DSA-87,sign,784,3151426,170172
ML-DSA-87,sign,785,2197333,118649
ML-DSA-87,sign,786,9911278,535203
ML-DSA-87,sign,787,2197629,118666
ML-DSA-87,sign,788,7021667,379164
ML-DSA-87,sign,789,2187704,118131
ML-DSA-87,sign,790,5092740,275003
ML-DSA-87,sign,791,2187574,118124
ML-DSA-87,sign,792,8946111,483085
ML-DSA-87,sign,793,2202260,118916
ML-DSA-87,sign,794,5087963,274745
ML-DSA-87,sign,795,8947500,483160
ML-DSA-87,sign,796,4123630,222670
ML-DSA-87,sign,797,2197556,118663
ML-DSA-87,sign,798,5086778,274680
ML-DSA-87,sign,799,5094888,275118
ML-DSA-87,sign,800,4123574,222667
ML-DSA-87,sign,801,8946833,483124
ML-DSA-87,sign,802,4123870,222682
ML-DSA-87,sign,803,3160814,170678
ML-DSA-87,sign,804,2187963,118144
ML-DSA-87,sign,805,2197852,118679
ML-DSA-87,sign,806,2187593,118124
ML-DSA-87,sign,807,2196223,118591
ML-DSA-87,sign,808,9152315,494210
ML-DSA-87,sign,809,9169462,495147
ML-DSA-87,sign,810,4124908,222738
ML-DSA-87,sign,811,4123518,222663
ML-DSA-87,sign,812,3160482,170660
ML-DSA-87,sign,813,5093815,275059
ML-DSA-87,sign,814,5086963,274691
ML-DSA-87,sign,815,2187703,118131
ML-DSA-87,sign,816,7983407,431099
ML-DSA-87,sign,817,7020000,379074
ML-DSA-87,sign,818,4123259,222650
ML-DSA-87,sign,819,2205167,119071
ML-DSA-87,sign,820,3160130,170643
ML-DSA-87,sign,821,3150852,170141
ML-DSA-87,sign,822,6056260,327033
ML-DSA-87,sign,823,2187519,118121
ML-DSA-87,sign,824,2196092,118584
ML-DSA-87,sign,825,3160851,170680
ML-DSA-87,sign,826,3150593,170126
ML-DSA-87,sign,827,8954277,483526
ML-DSA-87,sign,828,7013500,378723
ML-DSA-87,sign,829,7021037,379131
ML-DSA-87,sign,830,4123463,222661
ML-DSA-87,sign,831,7983518,431104
ML-DSA-87,sign,832,2197111,118639
ML-DSA-87,sign,833,5087315,274709
ML-DSA-87,sign,834,3160426,170657
ML-DSA-87,sign,835,5086296,274655
ML-DSA-87,sign,836,14747093,796336
ML-DSA-87,sign,837,6050129,326702
ML-DSA-87,sign,838,2197870,118680
ML-DSA-87,sign,839,2188592,118180
ML-DSA-87,sign,840,15809481,853695
ML-DSA-87,sign,841,5098019,275287
ML-DSA-87,sign,842,12815611,692037
ML-DSA-87,sign,843,2188574,118178
ML-DSA-87,sign,844,4122352,222600
ML-DSA-87,sign,845,3159834,170624
ML-DSA-87,sign,846,4123222,222647
ML-DSA-87,sign,847,12049611,650672
ML-DSA-87,sign,848,2197130,118639
ML-DSA-87,sign,849,7022834,379223
ML-DSA-87,sign,850,4125093,222749
ML-DSA-87,sign,851,7983722,431115
ML-DSA-87,sign,852,11844241,639583
ML-DSA-87,sign,853,3151037,170150
ML-DSA-87,sign,854,3160740,170673
ML-DSA-87,sign,855,10882592,587655
ML-DSA-87,sign,856,7020297,379090
ML-DSA-87,sign,857,3151149,170156
ML-DSA-87,sign,858,5094092,275075
ML-DSA-87,sign,859,9911296,535204
ML-DSA-87,sign,860,2197982,118685
ML-DSA-87,sign,861,2187834,118138
ML-DSA-87,sign,862,6056722,327057
ML-DSA-87,sign,863,3165907,170952
ML-DSA-87,sign,864,2188426,118170
ML-DSA-87,sign,865,5086167,274648
ML-DSA-87,sign,866,3160574,170664
ML-DSA-87,sign,867,6058537,327155
ML-DSA-87,sign,868,2187945,118143
ML-DSA-87,sign,869,13778129,744012
ML-DSA-87,sign,870,2188204,118158
ML-DSA-87,sign,871,8953556,483486
ML-DSA-87,sign,872,3151259,170162
ML-DSA-87,sign,873,2196797,118622
ML-DSA-87,sign,874,7020333,379091
ML-DSA-87,sign,875,3150852,170141
ML-DSA-87,sign,876,3159555,170609
ML-DSA-87,sign,877,3161537,170718
ML-DSA-87,sign,878,2197056,118635
ML-DSA-87,sign,879,4124186,222700
ML-DSA-87,sign,880,2188148,118155
ML-DSA-87,sign,881,10908093,589029
ML-DSA-87,sign,882,4126388,222819
ML-DSA-87,sign,883,3160722,170673
ML-DSA-87,sign,884,10872648,587118
ML-DSA-87,sign,885,10879630,587495
ML-DSA-87,sign,886,2198222,118699
ML-DSA-87,sign,887,2187759,118135
ML-DSA-87,sign,888,3160204,170646
ML-DSA-87,sign,889,3167463,171035
ML-DSA-87,sign,890,2188500,118174
ML-DSA-87,sign,891,8954093,483515
ML-DSA-87,sign,892,4123444,222660
ML-DSA-87,sign,893,4123814,222679
ML-DSA-87,sign,894,2187962,118146
ML-DSA-87,sign,895,3160296,170650
ML-DSA-87,sign,896,4124444,222713
ML-DSA-87,sign,897,2197778,118673
ML-DSA-87,sign,898,6051185,326758
ML-DSA-87,sign,899,3160945,170685
ML-DSA-87,sign,900,5086981,274691
ML-DSA-87,sign,901,6057259,327087
ML-DSA-87,sign,902,6054297,326926
ML-DSA-87,sign,903,3161888,170737
ML-DSA-87,sign,904,2197685,118668
ML-DSA-87,sign,905,3151129,170155
ML-DSA-87,sign,906,4123296,222652
ML-DSA-87,sign,907,13777185,743962
ML-DSA-87,sign,908,4124537,222718
ML-DSA-87,sign,909,6050537,326724
ML-DSA-87,sign,910,6057537,327102
ML-DSA-87,sign,911,6050612,326727
ML-DSA-87,sign,912,4123370,222656
ML-DSA-87,sign,913,2197333,118650
ML-DSA-87,sign,914,4124759,222731
ML-DSA-87,sign,915,2198926,118736
ML-DSA-87,sign,916,4130223,223023
ML-DSA-87,sign,917,7986167,431248
ML-DSA-87,sign,918,10873981,587191
ML-DSA-87,sign,919,5094852,275115
ML-DSA-87,sign,920,8192723,442401
ML-DSA-87,sign,921,4124130,222698
ML-DSA-87,sign,922,6051352,326767
ML-DSA-87,sign,923,2199278,118756
ML-DSA-87,sign,924,11844926,639619
ML-DSA-87,sign,925,6050500,326720
ML-DSA-87,sign,926,4126481,222823
ML-DSA-87,sign,927,7984000,431130
ML-DSA-87,sign,928,2197259,118646
ML-DSA-87,sign,929,5086389,274657
ML-DSA-87,sign,930,5084555,274559
ML-DSA-87,sign,931,7021037,379128
ML-DSA-87,sign,932,4122481,222607
ML-DSA-87,sign,933,2197593,118663
ML-DSA-87,sign,934,5085741,274623
ML-DSA-87,sign,935,4123445,222659
ML-DSA-87,sign,936,3160592,170665
ML-DSA-87,sign,937,5087074,274697
ML-DSA-87,sign,938,4124056,222692
ML-DSA-87,sign,939,2204518,119037
ML-DSA-87,sign,940,3150630,170129
ML-DSA-87,sign,941,9914963,535403
ML-DSA-87,sign,942,6048482,326612
ML-DSA-87,sign,943,2197351,118652
ML-DSA-87,sign,944,6049167,326649
ML-DSA-87,sign,945,2197574,118661
ML-DSA-87,sign,946,2196889,118626
ML-DSA-87,sign,947,4123407,222658
ML-DSA-87,sign,948,4123018,222638
ML-DSA-87,sign,949,6049185,326652
ML-DSA-87,sign,950,3160778,170675
ML-DSA-87,sign,951,14738296,795861
ML-DSA-87,sign,952,6048963,326638
ML-DSA-87,sign,953,3159778,170621
ML-DSA-87,sign,954,2187389,118114
ML-DSA-87,sign,955,3159815,170624
ML-DSA-87,sign,956,3159703,170618
ML-DSA-87,sign,957,4123129,222643
ML-DSA-87,sign,958,2197500,118659
ML-DSA-87,sign,959,17626982,951850
ML-DSA-87,sign,960,3160352,170651
ML-DSA-87,sign,961,2187666,118129
ML-DSA-87,sign,962,2197222,118645
ML-DSA-87,sign,963,2187778,118136
ML-DSA-87,sign,964,11421797,616705
ML-DSA-87,sign,965,3208537,173253
ML-DSA-87,sign,966,6077796,328193
ML-DSA-87,sign,967,2188982,118200
ML-DSA-87,sign,968,2196389,118598
ML-DSA-87,sign,969,2186777,118080
ML-DSA-87,sign,970,6055797,327007
ML-DSA-87,sign,971,14731166,795477
ML-DSA-87,sign,972,7983908,431126
ML-DSA-87,sign,973,2197667,118667
ML-DSA-87,sign,974,13771092,743634
ML-DSA-87,sign,975,5095407,275147
ML-DSA-87,sign,976,7022667,379215
ML-DSA-87,sign,977,2191778,118351
ML-DSA-87,sign,978,3160352,170653
ML-DSA-87,sign,979,3160537,170663
ML-DSA-87,sign,980,4124222,222703
ML-DSA-87,sign,981,6050611,326727
ML-DSA-87,sign,982,5088611,274780
ML-DSA-87,sign,983,4131500,223095
ML-DSA-87,sign,984,6050315,326711
ML-DSA-87,sign,985,2197500,118658
ML-DSA-87,sign,986,3151037,170151
ML-DSA-87,sign,987,5093204,275028
ML-DSA-87,sign,988,2188093,118152
ML-DSA-87,sign,989,2203260,118968
ML-DSA-87,sign,990,3161167,170696
ML-DSA-87,sign,991,7014944,378802
ML-DSA-87,sign,992,8954925,483560
ML-DSA-87,sign,993,2188185,118156
ML-DSA-87,sign,994,2196574,118610
ML-DSA-87,sign,995,4123833,222680
ML-DSA-87,sign,996,2187852,118139
ML-DSA-87,sign,997,7983351,431095
ML-DSA-87,sign,998,4124315,222708
ML-DSA-87,sign,999,5087926,274741
ML-DSA-87,verify,0,1222444,66008
ML-DSA-87,verify,1,1222334,66001
ML-DSA-87,verify,2,1232537,66549
ML-DSA-87,verify,3,1223167,66044
ML-DSA-87,verify,4,1222722,66021
ML-DSA-87,verify,5,1231648,66501
ML-DSA-87,verify,6,1223370,66056
ML-DSA-87,verify,7,1222815,66027
ML-DSA-87,verify,8,1232204,66530
ML-DSA-87,verify,9,1223241,66049
ML-DSA-87,verify,10,1222259,65996
ML-DSA-87,verify,11,1238463,66869
ML-DSA-87,verify,12,1223981,66091
ML-DSA-87,verify,13,1223130,66043
ML-DSA-87,verify,14,1222537,66011
ML-DSA-87,verify,15,1232259,66535
ML-DSA-87,verify,16,1223333,66054
ML-DSA-87,verify,17,1222278,65996
ML-DSA-87,verify,18,1231519,66495
ML-DSA-87,verify,19,1223648,66071
ML-DSA-87,verify,20,1222204,65993
ML-DSA-87,verify,21,1232629,66553
ML-DSA-87,verify,22,1226426,66220
ML-DSA-87,verify,23,1223130,66041
ML-DSA-87,verify,24,1233611,66606
ML-DSA-87,verify,25,1223944,66088
ML-DSA-87,verify,26,1222908,66031
ML-DSA-87,verify,27,1222185,65992
ML-DSA-87,verify,28,1232296,66535
ML-DSA-87,verify,29,1223204,66046
ML-DSA-87,verify,30,1223203,66046
ML-DSA-87,verify,31,1232148,66528
ML-DSA-87,verify,32,1223278,66051
ML-DSA-87,verify,33,1223167,66045
ML-DSA-87,verify,34,1232370,66540
ML-DSA-87,verify,35,1223667,66073
ML-DSA-87,verify,36,1222629,66016
ML-DSA-87,verify,37,1232222,66532
ML-DSA-87,verify,38,1223333,66055
ML-DSA-87,verify,39,1222129,65990
ML-DSA-87,verify,40,1222148,65990
ML-DSA-87,verify,41,1231537,66495
ML-DSA-87,verify,42,1223556,66067
ML-DSA-87,verify,43,1222222,65994
ML-DSA-87,verify,44,1231926,66516
ML-DSA-87,verify,45,1223760,66077
ML-DSA-87,verify,46,1222777,66023
ML-DSA-87,verify,47,1232259,66535
ML-DSA-87,verify,48,1223203,66047
ML-DSA-87,verify,49,1222815,66026
ML-DSA-87,verify,50,1231759,66506
ML-DSA-87,verify,51,1223963,66088
ML-DSA-87,verify,52,1222759,66023
ML-DSA-87,verify,53,1222649,66017
ML-DSA-87,verify,54,1231630,66500
ML-DSA-87,verify,55,1223555,66065
ML-DSA-87,verify,56,1222333,66001
ML-DSA-87,verify,57,1232149,66528
ML-DSA-87,verify,58,1223574,66067
ML-DSA-87,verify,59,1222611,66015
ML-DSA-87,verify,60,1231592,66498
ML-DSA-87,verify,61,1223815,66080
ML-DSA-87,verify,62,1222778,66024
ML-DSA-87,verify,63,1232852,66565
ML-DSA-87,verify,64,1223963,66089
ML-DSA-87,verify,65,1222926,66033
ML-DSA-87,verify,66,1223241,66050
ML-DSA-87,verify,67,1232611,66553
ML-DSA-87,verify,68,1223723,66076
ML-DSA-87,verify,69,1223352,66056
ML-DSA-87,verify,70,1232111,66526
ML-DSA-87,verify,71,1223630,66070
ML-DSA-87,verify,72,1222796,66025
ML-DSA-87,verify,73,1232592,66551
ML-DSA-87,verify,74,1224371,66109
ML-DSA-87,verify,75,1222926,66033
ML-DSA-87,verify,76,1232592,66553
ML-DSA-87,verify,77,1224056,66094
ML-DSA-87,verify,78,1222833,66027
ML-DSA-87,verify,79,1223167,66046
ML-DSA-87,verify,80,1232796,66563
ML-DSA-87,verify,81,1223649,66071
ML-DSA-87,verify,82,1222740,66023
ML-DSA-87,verify,83,1232167,66528
ML-DSA-87,verify,84,1224352,66110
ML-DSA-87,verify,85,1223444,66061
ML-DSA-87,verify,86,1233407,66597
ML-DSA-87,verify,87,1224259,66104
ML-DSA-87,verify,88,1223334,66054
ML-DSA-87,verify,89,1240203,66962
ML-DSA-87,verify,90,1224407,66112
ML-DSA-87,verify,91,1223518,66063
ML-DSA-87,verify,92,1223352,66055
ML-DSA-87,verify,93,1232574,66551
ML-DSA-87,verify,94,1223796,66079
ML-DSA-87,verify,95,1222704,66020
ML-DSA-87,verify,96,1232833,66564
ML-DSA-87,verify,97,1223778,66077
ML-DSA-87,verify,98,1223148,66043
ML-DSA-87,verify,99,1232500,66546
ML-DSA-87,verify,100,1349333,72845
ML-DSA-87,verify,101,1226815,66240
ML-DSA-87,verify,102,1235982,66735
ML-DSA-87,verify,103,1223630,66072
ML-DSA-87,verify,104,1222370,66002
ML-DSA-87,verify,105,1231574,66497
ML-DSA-87,verify,106,1223371,66057
ML-DSA-87,verify,107,1222630,66016
ML-DSA-87,verify,108,1222722,66022
ML-DSA-87,verify,109,1232185,66529
ML-DSA-87,verify,110,1223019,66038
ML-DSA-87,verify,111,1222574,66013
ML-DSA-87,verify,112,1238981,66898
ML-DSA-87,verify,113,1224574,66122
ML-DSA-87,verify,114,1222203,65992
ML-DSA-87,verify,115,1233277,66589
ML-DSA-87,verify,116,1223722,66075
ML-DSA-87,verify,117,1222241,65994
ML-DSA-87,verify,118,1232000,66520
ML-DSA-87,verify,119,1223871,66083
ML-DSA-87,verify,120,1222222,65994
ML-DSA-87,verify,121,1222055,65985
ML-DSA-87,verify,122,1231407,66487
ML-DSA-87,verify,123,1222926,66033
ML-DSA-87,verify,124,1222444,66006
ML-DSA-87,verify,125,1231963,66518
ML-DSA-87,verify,126,1224000,66091
ML-DSA-87,verify,127,1222259,65996
ML-DSA-87,verify,128,1232111,66525
ML-DSA-87,verify,129,1223648,66071
ML-DSA-87,verify,130,1221981,65981
ML-DSA-87,verify,131,1222315,66000
ML-DSA-87,verify,132,1232074,66524
ML-DSA-87,verify,133,1222704,66020
ML-DSA-87,verify,134,1222574,66013
ML-DSA-87,verify,135,1232685,66556
ML-DSA-87,verify,136,1222944,66034
ML-DSA-87,verify,137,1222685,66019
ML-DSA-87,verify,138,1231723,66505
ML-DSA-87,verify,139,1224019,66092
ML-DSA-87,verify,140,1222204,65993
ML-DSA-87,verify,141,1235426,66704
ML-DSA-87,verify,142,1223648,66071
ML-DSA-87,verify,143,1222667,66019
ML-DSA-87,verify,144,1231963,66518
ML-DSA-87,verify,145,1224129,66098
ML-DSA-87,verify,146,1222740,66023
ML-DSA-87,verify,147,1222519,66010
ML-DSA-87,verify,148,1231648,66500
ML-DSA-87,verify,149,1223593,66069
ML-DSA-87,verify,150,1221981,65980
ML-DSA-87,verify,151,1231981,66519
ML-DSA-87,verify,152,1223204,66049
ML-DSA-87,verify,153,1222204,65992
ML-DSA-87,verify,154,1231574,66496
ML-DSA-87,verify,155,1223426,66060
ML-DSA-87,verify,156,1222556,66013
ML-DSA-87,verify,157,1222815,66025
ML-DSA-87,verify,158,1231944,66517
ML-DSA-87,verify,159,1223629,66070
ML-DSA-87,verify,160,1222148,65990
ML-DSA-87,verify,161,1234426,66650
ML-DSA-87,verify,162,1223574,66067
ML-DSA-87,verify,163,1222945,66033
ML-DSA-87,verify,164,1232000,66520
ML-DSA-87,verify,165,1223222,66049
ML-DSA-87,verify,166,1222129,65991
ML-DSA-87,verify,167,1232093,66524
ML-DSA-87,verify,168,1223482,66063
ML-DSA-87,verify,169,1222204,65994
ML-DSA-87,verify,170,1222351,66001
ML-DSA-87,verify,171,1231667,66501
ML-DSA-87,verify,172,1223167,66046
ML-DSA-87,verify,173,1222222,65994
ML-DSA-87,verify,174,1231852,66511
ML-DSA-87,verify,175,1223297,66052
ML-DSA-87,verify,176,1222148,65990
ML-DSA-87,verify,177,1233241,66586
ML-DSA-87,verify,178,1223814,66080
ML-DSA-87,verify,179,1222445,66005
ML-DSA-87,verify,180,1231741,66506
ML-DSA-87,verify,181,1223611,66069
ML-DSA-87,verify,182,1221982,65982
ML-DSA-87,verify,183,1222241,65996
ML-DSA-87,verify,184,1231871,66512
ML-DSA-87,verify,185,1223000,66037
ML-DSA-87,verify,186,1222388,66004
ML-DSA-87,verify,187,1231574,66498
ML-DSA-87,verify,188,1223000,66036
ML-DSA-87,verify,189,1222296,65997
ML-DSA-87,verify,190,1232315,66537
ML-DSA-87,verify,191,1223740,66077
ML-DSA-87,verify,192,1222666,66019
ML-DSA-87,verify,193,1231760,66508
ML-DSA-87,verify,194,1223130,66043
ML-DSA-87,verify,195,1222407,66005
ML-DSA-87,verify,196,1222426,66006
ML-DSA-87,verify,197,1231667,66502
ML-DSA-87,verify,198,1223519,66065
ML-DSA-87,verify,199,1222740,66021
ML-DSA-87,verify,200,1232260,66533
ML-DSA-87,verify,201,1223148,66043
ML-DSA-87,verify,202,1222704,66020
ML-DSA-87,verify,203,1231926,66515
ML-DSA-87,verify,204,1223222,66049
ML-DSA-87,verify,205,1222722,66022
ML-DSA-87,verify,206,1232296,66537
ML-DSA-87,verify,207,1223259,66049
ML-DSA-87,verify,208,1222648,66017
ML-DSA-87,verify,209,1222259,65995
ML-DSA-87,verify,210,1232093,66524
ML-DSA-87,verify,211,1223278,66051
ML-DSA-87,verify,212,1222148,65991
ML-DSA-87,verify,213,1238334,66864
ML-DSA-87,verify,214,1223612,66070
ML-DSA-87,verify,215,1222593,66015
ML-DSA-87,verify,216,1232333,66538
ML-DSA-87,verify,217,1223612,66069
ML-DSA-87,verify,218,1222167,65991
ML-DSA-87,verify,219,1231519,66494
ML-DSA-87,verify,220,1223148,66045
ML-DSA-87,verify,221,1222704,66019
ML-DSA-87,verify,222,1222204,65992
ML-DSA-87,verify,223,1231370,66485
ML-DSA-87,verify,224,1222944,66034
ML-DSA-87,verify,225,1222204,65993
ML-DSA-87,verify,226,1231963,66517
ML-DSA-87,verify,227,1223870,66083
ML-DSA-87,verify,228,1222167,65991
ML-DSA-87,verify,229,1232519,66547
ML-DSA-87,verify,230,1223204,66047
ML-DSA-87,verify,231,1222482,66009
ML-DSA-87,verify,232,1232056,66523
ML-DSA-87,verify,233,1223648,66071
ML-DSA-87,verify,234,1222500,66010
ML-DSA-87,verify,235,1222075,65987
ML-DSA-87,verify,236,1231852,66512
ML-DSA-87,verify,237,1224092,66096
ML-DSA-87,verify,238,1222611,66015
ML-DSA-87,verify,239,1231611,66500
ML-DSA-87,verify,240,1223055,66041
ML-DSA-87,verify,241,1222185,65992
ML-DSA-87,verify,242,1232166,66528
ML-DSA-87,verify,243,1223092,66042
ML-DSA-87,verify,244,1221963,65982
ML-DSA-87,verify,245,1231389,66486
ML-DSA-87,verify,246,1224148,66098
ML-DSA-87,verify,247,1222222,65994
ML-DSA-87,verify,248,1222352,66001
ML-DSA-87,verify,249,1231518,66493
ML-DSA-87,verify,250,1223741,66076
ML-DSA-87,verify,251,1222333,66000
ML-DSA-87,verify,252,1232481,66546
ML-DSA-87,verify,253,1223093,66042
ML-DSA-87,verify,254,1222926,66032
ML-DSA-87,verify,255,1232537,66548
ML-DSA-87,verify,256,1223203,66046
ML-DSA-87,verify,257,1222537,66012
ML-DSA-87,verify,258,1232167,66527
ML-DSA-87,verify,259,1225037,66147
ML-DSA-87,verify,260,1222407,66004
ML-DSA-87,verify,261,1222555,66012
ML-DSA-87,verify,262,1232352,66538
ML-DSA-87,verify,263,1222944,66034
ML-DSA-87,verify,264,1222815,66026
ML-DSA-87,verify,265,1231833,66511
ML-DSA-87,verify,266,1223815,66080
ML-DSA-87,verify,267,1222203,65993
ML-DSA-87,verify,268,1232611,66554
ML-DSA-87,verify,269,1223667,66073
ML-DSA-87,verify,270,1222351,66001
ML-DSA-87,verify,271,1231278,66480
ML-DSA-87,verify,272,1223685,66073
ML-DSA-87,verify,273,1222759,66023
ML-DSA-87,verify,274,1222629,66016
ML-DSA-87,verify,275,1261666,68122
ML-DSA-87,verify,276,1224241,66104
ML-DSA-87,verify,277,1222796,66026
ML-DSA-87,verify,278,1234370,66648
ML-DSA-87,verify,279,1223889,66084
ML-DSA-87,verify,280,1223130,66043
ML-DSA-87,verify,281,1233185,66583
ML-DSA-87,verify,282,1224278,66106
ML-DSA-87,verify,283,1222815,66027
ML-DSA-87,verify,284,1232389,66540
ML-DSA-87,verify,285,1223741,66076
ML-DSA-87,verify,286,1223259,66049
ML-DSA-87,verify,287,1223648,66070
ML-DSA-87,verify,288,1232408,66542
ML-DSA-87,verify,289,1223648,66072
ML-DSA-87,verify,290,1223074,66040
ML-DSA-87,verify,291,1232333,66538
ML-DSA-87,verify,292,1224130,66097
ML-DSA-87,verify,293,1222888,66031
ML-DSA-87,verify,294,1232704,66559
ML-DSA-87,verify,295,1224296,66106
ML-DSA-87,verify,296,1222760,66024
ML-DSA-87,verify,297,1232074,66525
ML-DSA-87,verify,298,1224259,66104
ML-DSA-87,verify,299,1223093,66042
ML-DSA-87,verify,300,1223074,66039
ML-DSA-87,verify,301,1231518,66495
ML-DSA-87,verify,302,1223518,66064
ML-DSA-87,verify,303,1223426,66060
ML-DSA-87,verify,304,1232926,66571
ML-DSA-87,verify,305,1223685,66074
ML-DSA-87,verify,306,1222963,66034
ML-DSA-87,verify,307,1233481,66601
ML-DSA-87,verify,308,1223926,66086
ML-DSA-87,verify,309,1222019,65983
ML-DSA-87,verify,310,1232556,66550
ML-DSA-87,verify,311,1223315,66053
ML-DSA-87,verify,312,1222259,65995
ML-DSA-87,verify,313,1222574,66013
ML-DSA-87,verify,314,1237148,66799
ML-DSA-87,verify,315,1223796,66079
ML-DSA-87,verify,316,1222963,66034
ML-DSA-87,verify,317,1232166,66529
ML-DSA-87,verify,318,1223611,66069
ML-DSA-87,verify,319,1222593,66013
ML-DSA-87,verify,320,1232426,66544
ML-DSA-87,verify,321,1223130,66044
ML-DSA-87,verify,322,1222037,65984
ML-DSA-87,verify,323,1232111,66527
ML-DSA-87,verify,324,1223463,66062
ML-DSA-87,verify,325,1222629,66016
ML-DSA-87,verify,326,1222723,66022
ML-DSA-87,verify,327,1232019,66521
ML-DSA-87,verify,328,1223741,66075
ML-DSA-87,verify,329,1222278,65998
ML-DSA-87,verify,330,1232426,66544
ML-DSA-87,verify,331,1223074,66040
ML-DSA-87,verify,332,1222389,66003
ML-DSA-87,verify,333,1232518,66548
ML-DSA-87,verify,334,1223148,66043
ML-DSA-87,verify,335,1222185,65991
ML-DSA-87,verify,336,1231518,66493
ML-DSA-87,verify,337,1223518,66065
ML-DSA-87,verify,338,1222611,66015
ML-DSA-87,verify,339,1222500,66008
ML-DSA-87,verify,340,1232833,66564
ML-DSA-87,verify,341,1223574,66069
ML-DSA-87,verify,342,1222666,66018
ML-DSA-87,verify,343,1232500,66546
ML-DSA-87,verify,344,1223555,66067
ML-DSA-87,verify,345,1222148,65991
ML-DSA-87,verify,346,1232574,66551
ML-DSA-87,verify,347,1223315,66054
ML-DSA-87,verify,348,1222667,66018
ML-DSA-87,verify,349,1232092,66525
ML-DSA-87,verify,350,1223851,66082
ML-DSA-87,verify,351,1222445,66006
ML-DSA-87,verify,352,1222741,66023
ML-DSA-87,verify,353,1231389,66486
ML-DSA-87,verify,354,1223426,66059
ML-DSA-87,verify,355,1222685,66020
ML-DSA-87,verify,356,1232130,66527
ML-DSA-87,verify,357,1223241,66050
ML-DSA-87,verify,358,1223130,66043
ML-DSA-87,verify,359,1232148,66528
ML-DSA-87,verify,360,1223778,66079
ML-DSA-87,verify,361,1222314,65999
ML-DSA-87,verify,362,1231852,66512
ML-DSA-87,verify,363,1223741,66075
ML-DSA-87,verify,364,1222278,65997
ML-DSA-87,verify,365,1223000,66035
ML-DSA-87,verify,366,1231519,66494
ML-DSA-87,verify,367,1223833,66080
ML-DSA-87,verify,368,1222223,65994
ML-DSA-87,verify,369,1232723,66559
ML-DSA-87,verify,370,1223204,66048
ML-DSA-87,verify,371,1223204,66048
ML-DSA-87,verify,372,1231741,66506
ML-DSA-87,verify,373,1223519,66064
ML-DSA-87,verify,374,1222574,66013
ML-DSA-87,verify,375,1232426,66542
ML-DSA-87,verify,376,1225500,66169
ML-DSA-87,verify,377,1222056,65985
ML-DSA-87,verify,378,1222130,65989
ML-DSA-87,verify,379,1232723,66559
ML-DSA-87,verify,380,1223703,66075
ML-DSA-87,verify,381,1222481,66008
ML-DSA-87,verify,382,1232093,66524
ML-DSA-87,verify,383,1223130,66044
ML-DSA-87,verify,384,1222260,65998
ML-DSA-87,verify,385,1231908,66514
ML-DSA-87,verify,386,1223815,66080
ML-DSA-87,verify,387,1222185,65992
ML-DSA-87,verify,388,1231408,66489
ML-DSA-87,verify,389,1223055,66040
ML-DSA-87,verify,390,1222797,66025
ML-DSA-87,verify,391,1222204,65993
ML-DSA-87,verify,392,1231537,66495
ML-DSA-87,verify,393,1223204,66047
ML-DSA-87,verify,394,1222296,65998
ML-DSA-87,verify,395,1231815,66511
ML-DSA-87,verify,396,1223130,66043
ML-DSA-87,verify,397,1222240,65996
ML-DSA-87,verify,398,1233166,66583
ML-DSA-87,verify,399,1223259,66050
ML-DSA-87,verify,400,1223019,66038
ML-DSA-87,verify,401,1231760,66507
ML-DSA-87,verify,402,1223500,66063
ML-DSA-87,verify,403,1222352,66001
ML-DSA-87,verify,404,1222407,66005
ML-DSA-87,verify,405,1232093,66526
ML-DSA-87,verify,406,1223037,66039
ML-DSA-87,verify,407,1222296,65998
ML-DSA-87,verify,408,1232352,66540
ML-DSA-87,verify,409,1223296,66053
ML-DSA-87,verify,410,1222074,65986
ML-DSA-87,verify,411,1231833,66512
ML-DSA-87,verify,412,1223519,66065
ML-DSA-87,verify,413,1222148,65989
ML-DSA-87,verify,414,1237296,66807
ML-DSA-87,verify,415,1224130,66096
ML-DSA-87,verify,416,1222537,66013
ML-DSA-87,verify,417,1222278,65998
ML-DSA-87,verify,418,1232685,66557
ML-DSA-87,verify,419,1223093,66042
ML-DSA-87,verify,420,1222796,66025
ML-DSA-87,verify,421,1232704,66559
ML-DSA-87,verify,422,1223056,66040
ML-DSA-87,verify,423,1222185,65992
ML-DSA-87,verify,424,1232685,66557
ML-DSA-87,verify,425,1223333,66054
ML-DSA-87,verify,426,1223167,66044
ML-DSA-87,verify,427,1232056,66522
ML-DSA-87,verify,428,1224018,66092
ML-DSA-87,verify,429,1222277,65997
ML-DSA-87,verify,430,1222166,65991
ML-DSA-87,verify,431,1232315,66537
ML-DSA-87,verify,432,1223222,66049
ML-DSA-87,verify,433,1222926,66032
ML-DSA-87,verify,434,1232352,66537
ML-DSA-87,verify,435,1223111,66042
ML-DSA-87,verify,436,1222963,66034
ML-DSA-87,verify,437,1231870,66513
ML-DSA-87,verify,438,1223555,66067
ML-DSA-87,verify,439,1222055,65985
ML-DSA-87,verify,440,1222149,65991
ML-DSA-87,verify,441,1231759,66508
ML-DSA-87,verify,442,1222685,66019
ML-DSA-87,verify,443,1222185,65994
ML-DSA-87,verify,444,1231500,66493
ML-DSA-87,verify,445,1223037,66038
ML-DSA-87,verify,446,1222611,66015
ML-DSA-87,verify,447,1231870,66513
ML-DSA-87,verify,448,1223222,66049
ML-DSA-87,verify,449,1222703,66020
ML-DSA-87,verify,450,1232092,66524
ML-DSA-87,verify,451,1223259,66051
ML-DSA-87,verify,452,1222167,65990
ML-DSA-87,verify,453,1222259,65996
ML-DSA-87,verify,454,1231871,66512
ML-DSA-87,verify,455,1223704,66074
ML-DSA-87,verify,456,1222000,65983
ML-DSA-87,verify,457,1232778,66563
ML-DSA-87,verify,458,1223056,66040
ML-DSA-87,verify,459,1222074,65986
ML-DSA-87,verify,460,1232574,66552
ML-DSA-87,verify,461,1223222,66049
ML-DSA-87,verify,462,1222260,65997
ML-DSA-87,verify,463,1232556,66549
ML-DSA-87,verify,464,1223667,66073
ML-DSA-87,verify,465,1222222,65994
ML-DSA-87,verify,466,1222130,65989
ML-DSA-87,verify,467,1232000,66520
ML-DSA-87,verify,468,1223241,66048
ML-DSA-87,verify,469,1222500,66009
ML-DSA-87,verify,470,1232278,66535
ML-DSA-87,verify,471,1223778,66078
ML-DSA-87,verify,472,1222259,65996
ML-DSA-87,verify,473,1232204,66530
ML-DSA-87,verify,474,1223222,66048
ML-DSA-87,verify,475,1222760,66023
ML-DSA-87,verify,476,1231833,66512
ML-DSA-87,verify,477,1223185,66047
ML-DSA-87,verify,478,1222870,66030
ML-DSA-87,verify,479,1222556,66013
ML-DSA-87,verify,480,1232037,66522
ML-DSA-87,verify,481,1223593,66068
ML-DSA-87,verify,482,1222703,66021
ML-DSA-87,verify,483,1232019,66522
ML-DSA-87,verify,484,1223426,66060
ML-DSA-87,verify,485,1222889,66029
ML-DSA-87,verify,486,1232186,66531
ML-DSA-87,verify,487,1223277,66051
ML-DSA-87,verify,488,1222186,65992
ML-DSA-87,verify,489,1231982,66518
ML-DSA-87,verify,490,1223130,66043
ML-DSA-87,verify,491,1222388,66004
ML-DSA-87,verify,492,1222130,65990
ML-DSA-87,verify,493,1235500,66709
ML-DSA-87,verify,494,1223722,66074
ML-DSA-87,verify,495,1222592,66014
ML-DSA-87,verify,496,1232500,66546
ML-DSA-87,verify,497,1223056,66039
ML-DSA-87,verify,498,1222278,65998
ML-DSA-87,verify,499,1232315,66537
ML-DSA-87,verify,500,1223667,66073
ML-DSA-87,verify,501,1222703,66020
ML-DSA-87,verify,502,1231648,66501
ML-DSA-87,verify,503,1223722,66075
ML-DSA-87,verify,504,1222870,66029
ML-DSA-87,verify,505,1222093,65988
ML-DSA-87,verify,506,1232223,66530
ML-DSA-87,verify,507,1223056,66040
ML-DSA-87,verify,508,1222926,66032
ML-DSA-87,verify,509,1230963,66464
ML-DSA-87,verify,510,1223334,66054
ML-DSA-87,verify,511,1222259,65995
ML-DSA-87,verify,512,1232129,66526
ML-DSA-87,verify,513,1223389,66057
ML-DSA-87,verify,514,1222426,66005
ML-DSA-87,verify,515,1237963,66843
ML-DSA-87,verify,516,1223815,66080
ML-DSA-87,verify,517,1222278,65997
ML-DSA-87,verify,518,1222148,65991
ML-DSA-87,verify,519,1232018,66520
ML-DSA-87,verify,520,1223074,66041
ML-DSA-87,verify,521,1222592,66014
ML-DSA-87,verify,522,1231593,66497
ML-DSA-87,verify,523,1223704,66074
ML-DSA-87,verify,524,1222908,66032
ML-DSA-87,verify,525,1232148,66529
ML-DSA-87,verify,526,1223981,66090
ML-DSA-87,verify,527,1222241,65994
ML-DSA-87,verify,528,1232130,66528
ML-DSA-87,verify,529,1223555,66065
ML-DSA-87,verify,530,1222296,65998
ML-DSA-87,verify,531,1222352,66001
ML-DSA-87,verify,532,1231481,66493
ML-DSA-87,verify,533,1222926,66033
ML-DSA-87,verify,534,1222481,66007
ML-DSA-87,verify,535,1231741,66506
ML-DSA-87,verify,536,1223334,66055
ML-DSA-87,verify,537,1222204,65993
ML-DSA-87,verify,538,1232333,66539
ML-DSA-87,verify,539,1223815,66079
ML-DSA-87,verify,540,1222185,65994
ML-DSA-87,verify,541,1232018,66522
ML-DSA-87,verify,542,1223667,66073
ML-DSA-87,verify,543,1222056,65985
ML-DSA-87,verify,544,1222519,66010
ML-DSA-87,verify,545,1231759,66508
ML-DSA-87,verify,546,1223407,66059
ML-DSA-87,verify,547,1222111,65988
ML-DSA-87,verify,548,1231574,66497
ML-DSA-87,verify,549,1223907,66086
ML-DSA-87,verify,550,1222278,65997
ML-DSA-87,verify,551,1231593,66497
ML-DSA-87,verify,552,1223259,66050
ML-DSA-87,verify,553,1222222,65995
ML-DSA-87,verify,554,1231519,66493
ML-DSA-87,verify,555,1223777,66078
ML-DSA-87,verify,556,1222204,65994
ML-DSA-87,verify,557,1222149,65992
ML-DSA-87,verify,558,1231463,66490
ML-DSA-87,verify,559,1223130,66044
ML-DSA-87,verify,560,1222370,66002
ML-DSA-87,verify,561,1232000,66519
ML-DSA-87,verify,562,1223796,66080
ML-DSA-87,verify,563,1222574,66013
ML-DSA-87,verify,564,1231574,66498
ML-DSA-87,verify,565,1223704,66075
ML-DSA-87,verify,566,1222500,66009
ML-DSA-87,verify,567,1231500,66492
ML-DSA-87,verify,568,1223148,66045
ML-DSA-87,verify,569,1222629,66016
ML-DSA-87,verify,570,1222055,65985
ML-DSA-87,verify,571,1231704,66504
ML-DSA-87,verify,572,1223519,66065
ML-DSA-87,verify,573,1223000,66035
ML-DSA-87,verify,574,1232407,66542
ML-DSA-87,verify,575,1223111,66043
ML-DSA-87,verify,576,1222111,65989
ML-DSA-87,verify,577,1232426,66542
ML-DSA-87,verify,578,1223296,66051
ML-DSA-87,verify,579,1222759,66023
ML-DSA-87,verify,580,1231833,66511
ML-DSA-87,verify,581,1223741,66076
ML-DSA-87,verify,582,1222278,65997
ML-DSA-87,verify,583,1222185,65992
ML-DSA-87,verify,584,1231574,66497
ML-DSA-87,verify,585,1223167,66044
ML-DSA-87,verify,586,1222185,65993
ML-DSA-87,verify,587,1232741,66560
ML-DSA-87,verify,588,1223575,66066
ML-DSA-87,verify,589,1222593,66014
ML-DSA-87,verify,590,1232611,66553
ML-DSA-87,verify,591,1223740,66076
ML-DSA-87,verify,592,1222777,66025
ML-DSA-87,verify,593,1232130,66527
ML-DSA-87,verify,594,1223667,66072
ML-DSA-87,verify,595,1222685,66020
ML-DSA-87,verify,596,1222185,65993
ML-DSA-87,verify,597,1231630,66500
ML-DSA-87,verify,598,1223148,66045
ML-DSA-87,verify,599,1222278,65996
ML-DSA-87,verify,600,1232241,66534
ML-DSA-87,verify,601,1223185,66046
ML-DSA-87,verify,602,1222277,65997
ML-DSA-87,verify,603,1231667,66502
ML-DSA-87,verify,604,1223889,66084
ML-DSA-87,verify,605,1222945,66034
ML-DSA-87,verify,606,1231666,66502
ML-DSA-87,verify,607,1223592,66067
ML-DSA-87,verify,608,1222574,66014
ML-DSA-87,verify,609,1222222,65995
ML-DSA-87,verify,610,1235037,66682
ML-DSA-87,verify,611,1223074,66040
ML-DSA-87,verify,612,1222555,66012
ML-DSA-87,verify,613,1231334,66482
ML-DSA-87,verify,614,1223722,66075
ML-DSA-87,verify,615,1222241,65995
ML-DSA-87,verify,616,1237371,66811
ML-DSA-87,verify,617,1224037,66092
ML-DSA-87,verify,618,1222704,66021
ML-DSA-87,verify,619,1232352,66539
ML-DSA-87,verify,620,1223629,66072
ML-DSA-87,verify,621,1222148,65990
ML-DSA-87,verify,622,1222704,66021
ML-DSA-87,verify,623,1232296,66536
ML-DSA-87,verify,624,1223870,66083
ML-DSA-87,verify,625,1222519,66010
ML-DSA-87,verify,626,1231833,66510
ML-DSA-87,verify,627,1223222,66048
ML-DSA-87,verify,628,1222407,66004
ML-DSA-87,verify,629,1231685,66504
ML-DSA-87,verify,630,1223222,66047
ML-DSA-87,verify,631,1222759,66023
ML-DSA-87,verify,632,1231833,66510
ML-DSA-87,verify,633,1223797,66079
ML-DSA-87,verify,634,1222463,66008
ML-DSA-87,verify,635,1222741,66021
ML-DSA-87,verify,636,1232056,66524
ML-DSA-87,verify,637,1222981,66036
ML-DSA-87,verify,638,1222463,66006
ML-DSA-87,verify,639,1233074,66577
ML-DSA-87,verify,640,1223222,66047
ML-DSA-87,verify,641,1222759,66022
ML-DSA-87,verify,642,1231574,66496
ML-DSA-87,verify,643,1223815,66080
ML-DSA-87,verify,644,1222593,66015
ML-DSA-87,verify,645,1231444,66489
ML-DSA-87,verify,646,1223203,66048
ML-DSA-87,verify,647,1222889,66030
ML-DSA-87,verify,648,1222611,66015
ML-DSA-87,verify,649,1232259,66533
ML-DSA-87,verify,650,1223037,66038
ML-DSA-87,verify,651,1222444,66005
ML-DSA-87,verify,652,1232092,66525
ML-DSA-87,verify,653,1223315,66054
ML-DSA-87,verify,654,1222481,66009
ML-DSA-87,verify,655,1231870,66513
ML-DSA-87,verify,656,1223259,66051
ML-DSA-87,verify,657,1222871,66028
ML-DSA-87,verify,658,1231167,66475
ML-DSA-87,verify,659,1223759,66078
ML-DSA-87,verify,660,1222203,65993
ML-DSA-87,verify,661,1222407,66005
ML-DSA-87,verify,662,1231425,66489
ML-DSA-87,verify,663,1223148,66045
ML-DSA-87,verify,664,1222241,65996
ML-DSA-87,verify,665,1232092,66526
ML-DSA-87,verify,666,1223704,66073
ML-DSA-87,verify,667,1222593,66015
ML-DSA-87,verify,668,1231352,66485
ML-DSA-87,verify,669,1223333,66055
ML-DSA-87,verify,670,1222389,66004
ML-DSA-87,verify,671,1231556,66496
ML-DSA-87,verify,672,1224389,66112
ML-DSA-87,verify,673,1222185,65992
ML-DSA-87,verify,674,1222074,65987
ML-DSA-87,verify,675,1232333,66536
ML-DSA-87,verify,676,1223204,66048
ML-DSA-87,verify,677,1222203,65993
ML-DSA-87,verify,678,1232630,66554
ML-DSA-87,verify,679,1223963,66088
ML-DSA-87,verify,680,1222223,65993
ML-DSA-87,verify,681,1231685,66503
ML-DSA-87,verify,682,1223167,66046
ML-DSA-87,verify,683,1222797,66026
ML-DSA-87,verify,684,1222389,66003
ML-DSA-87,verify,685,1232204,66530
ML-DSA-87,verify,686,1223074,66040
ML-DSA-87,verify,687,1222259,65997
ML-DSA-87,verify,688,1231500,66491
ML-DSA-87,verify,689,1223148,66043
ML-DSA-87,verify,690,1223111,66041
ML-DSA-87,verify,691,1232518,66547
ML-DSA-87,verify,692,1223834,66082
ML-DSA-87,verify,693,1222592,66015
ML-DSA-87,verify,694,1233018,66575
ML-DSA-87,verify,695,1223648,66072
ML-DSA-87,verify,696,1222129,65990
ML-DSA-87,verify,697,1222629,66016
ML-DSA-87,verify,698,1231704,66505
ML-DSA-87,verify,699,1223259,66051
ML-DSA-87,verify,700,1222334,65999
ML-DSA-87,verify,701,1231296,66483
ML-DSA-87,verify,702,1223222,66049
ML-DSA-87,verify,703,1222204,65994
ML-DSA-87,verify,704,1233056,66578
ML-DSA-87,verify,705,1223426,66060
ML-DSA-87,verify,706,1222629,66015
ML-DSA-87,verify,707,1231426,66489
ML-DSA-87,verify,708,1223759,66077
ML-DSA-87,verify,709,1222204,65993
ML-DSA-87,verify,710,1222185,65992
ML-DSA-87,verify,711,1231962,66518
ML-DSA-87,verify,712,1223593,66068
ML-DSA-87,verify,713,1222833,66027
ML-DSA-87,verify,714,1232241,66532
ML-DSA-87,verify,715,1223537,66066
ML-DSA-87,verify,716,1222593,66015
ML-DSA-87,verify,717,1237333,66809
ML-DSA-87,verify,718,1223926,66086
ML-DSA-87,verify,719,1222315,65999
ML-DSA-87,verify,720,1232129,66527
ML-DSA-87,verify,721,1223648,66070
ML-DSA-87,verify,722,1222222,65993
ML-DSA-87,verify,723,1222111,65988
ML-DSA-87,verify,724,1232500,66546
ML-DSA-87,verify,725,1223148,66044
ML-DSA-87,verify,726,1222111,65989
ML-DSA-87,verify,727,1236370,66755
ML-DSA-87,verify,728,1223278,66052
ML-DSA-87,verify,729,1223000,66036
ML-DSA-87,verify,730,1232222,66531
ML-DSA-87,verify,731,1223574,66067
ML-DSA-87,verify,732,1222556,66012
ML-DSA-87,verify,733,1231481,66492
ML-DSA-87,verify,734,1223167,66044
ML-DSA-87,verify,735,1222259,65996
ML-DSA-87,verify,736,1222148,65989
ML-DSA-87,verify,737,1231463,66491
ML-DSA-87,verify,738,1223185,66046
ML-DSA-87,verify,739,1222426,66006
ML-DSA-87,verify,740,1231574,66498
ML-DSA-87,verify,741,1223092,66042
ML-DSA-87,verify,742,1222834,66026
ML-DSA-87,verify,743,1232037,66523
ML-DSA-87,verify,744,1223166,66047
ML-DSA-87,verify,745,1223000,66035
ML-DSA-87,verify,746,1232296,66535
ML-DSA-87,verify,747,1223259,66049
ML-DSA-87,verify,748,1222500,66010
ML-DSA-87,verify,749,1222908,66031
ML-DSA-87,verify,750,1232130,66528
ML-DSA-87,verify,751,1223167,66045
ML-DSA-87,verify,752,1222796,66025
ML-DSA-87,verify,753,1233093,66579
ML-DSA-87,verify,754,1223463,66061
ML-DSA-87,verify,755,1222741,66022
ML-DSA-87,verify,756,1231907,66516
ML-DSA-87,verify,757,1223260,66050
ML-DSA-87,verify,758,1222093,65986
ML-DSA-87,verify,759,1231519,66495
ML-DSA-87,verify,760,1223537,66065
ML-DSA-87,verify,761,1222278,65998
ML-DSA-87,verify,762,1222519,66011
ML-DSA-87,verify,763,1282352,69236
ML-DSA-87,verify,764,1224852,66136
ML-DSA-87,verify,765,1222315,66000
ML-DSA-87,verify,766,1233982,66626
ML-DSA-87,verify,767,1223130,66044
ML-DSA-87,verify,768,1222315,66000
ML-DSA-87,verify,769,1232889,66568
ML-DSA-87,verify,770,1223741,66076
ML-DSA-87,verify,771,1222685,66019
ML-DSA-87,verify,772,1231852,66511
ML-DSA-87,verify,773,1223314,66052
ML-DSA-87,verify,774,1222130,65989
ML-DSA-87,verify,775,1222186,65992
ML-DSA-87,verify,776,1231963,66517
ML-DSA-87,verify,777,1223871,66082
ML-DSA-87,verify,778,1222814,66026
ML-DSA-87,verify,779,1232037,66522
ML-DSA-87,verify,780,1223537,66065
ML-DSA-87,verify,781,1222315,65999
ML-DSA-87,verify,782,1233111,66581
ML-DSA-87,verify,783,1223148,66044
ML-DSA-87,verify,784,1222500,66010
ML-DSA-87,verify,785,1232704,66557
ML-DSA-87,verify,786,1223037,66038
ML-DSA-87,verify,787,1222129,65989
ML-DSA-87,verify,788,1222278,65998
ML-DSA-87,verify,789,1232352,66539
ML-DSA-87,verify,790,1223093,66041
ML-DSA-87,verify,791,1222981,66035
ML-DSA-87,verify,792,1231518,66493
ML-DSA-87,verify,793,1223130,66044
ML-DSA-87,verify,794,1222241,65995
ML-DSA-87,verify,795,1231722,66505
ML-DSA-87,verify,796,1223278,66051
ML-DSA-87,verify,797,1222685,66019
ML-DSA-87,verify,798,1232149,66527
ML-DSA-87,verify,799,1223296,66053
ML-DSA-87,verify,800,1222815,66027
ML-DSA-87,verify,801,1222037,65985
ML-DSA-87,verify,802,1232056,66522
ML-DSA-87,verify,803,1223852,66081
ML-DSA-87,verify,804,1222667,66018
ML-DSA-87,verify,805,1232000,66519
ML-DSA-87,verify,806,1223203,66047
ML-DSA-87,verify,807,1222408,66004
ML-DSA-87,verify,808,1232130,66527
ML-DSA-87,verify,809,1223223,66049
ML-DSA-87,verify,810,1222630,66015
ML-DSA-87,verify,811,1232259,66533
ML-DSA-87,verify,812,1223241,66049
ML-DSA-87,verify,813,1222445,66006
ML-DSA-87,verify,814,1222111,65989
ML-DSA-87,verify,815,1232185,66530
ML-DSA-87,verify,816,1223167,66046
ML-DSA-87,verify,817,1222741,66022
ML-DSA-87,verify,818,1238370,66865
ML-DSA-87,verify,819,1223797,66079
ML-DSA-87,verify,820,1222574,66013
ML-DSA-87,verify,821,1231963,66518
ML-DSA-87,verify,822,1223204,66048
ML-DSA-87,verify,823,1222037,65985
ML-DSA-87,verify,824,1231834,66512
ML-DSA-87,verify,825,1223648,66072
ML-DSA-87,verify,826,1222389,66002
ML-DSA-87,verify,827,1222185,65992
ML-DSA-87,verify,828,1231685,66502
ML-DSA-87,verify,829,1223111,66041
ML-DSA-87,verify,830,1222537,66012
ML-DSA-87,verify,831,1231871,66513
ML-DSA-87,verify,832,1223537,66065
ML-DSA-87,verify,833,1222148,65991
ML-DSA-87,verify,834,1231630,66499
ML-DSA-87,verify,835,1223185,66048
ML-DSA-87,verify,836,1222370,66003
ML-DSA-87,verify,837,1231778,66508
ML-DSA-87,verify,838,1223204,66048
ML-DSA-87,verify,839,1222185,65993
ML-DSA-87,verify,840,1222074,65986
ML-DSA-87,verify,841,1232519,66547
ML-DSA-87,verify,842,1223130,66043
ML-DSA-87,verify,843,1222093,65988
ML-DSA-87,verify,844,1234982,66681
ML-DSA-87,verify,845,1223148,66044
ML-DSA-87,verify,846,1222685,66019
ML-DSA-87,verify,847,1232185,66531
ML-DSA-87,verify,848,1223167,66047
ML-DSA-87,verify,849,1222259,65997
ML-DSA-87,verify,850,1231833,66511
ML-DSA-87,verify,851,1223851,66083
ML-DSA-87,verify,852,1222555,66012
ML-DSA-87,verify,853,1222389,66004
ML-DSA-87,verify,854,1231666,66502
ML-DSA-87,verify,855,1223351,66054
ML-DSA-87,verify,856,1223297,66052
ML-DSA-87,verify,857,1232296,66536
ML-DSA-87,verify,858,1224000,66091
ML-DSA-87,verify,859,1222907,66032
ML-DSA-87,verify,860,1232815,66565
ML-DSA-87,verify,861,1223815,66081
ML-DSA-87,verify,862,1222500,66010
ML-DSA-87,verify,863,1231778,66507
ML-DSA-87,verify,864,1223445,66059
ML-DSA-87,verify,865,1222352,66002
ML-DSA-87,verify,866,1222389,66003
ML-DSA-87,verify,867,1231834,66510
ML-DSA-87,verify,868,1223296,66053
ML-DSA-87,verify,869,1222426,66005
ML-DSA-87,verify,870,1233870,66622
ML-DSA-87,verify,871,1223389,66058
ML-DSA-87,verify,872,1222463,66007
ML-DSA-87,verify,873,1232351,66540
ML-DSA-87,verify,874,1223315,66055
ML-DSA-87,verify,875,1222519,66011
ML-DSA-87,verify,876,1232370,66541
ML-DSA-87,verify,877,1223407,66060
ML-DSA-87,verify,878,1223130,66043
ML-DSA-87,verify,879,1222667,66019
ML-DSA-87,verify,880,1232204,66530
ML-DSA-87,verify,881,1223240,66050
ML-DSA-87,verify,882,1222463,66007
ML-DSA-87,verify,883,1232278,66534
ML-DSA-87,verify,884,1224074,66095
ML-DSA-87,verify,885,1222537,66011
ML-DSA-87,verify,886,1232871,66567
ML-DSA-87,verify,887,1223759,66077
ML-DSA-87,verify,888,1222445,66006
ML-DSA-87,verify,889,1231759,66506
ML-DSA-87,verify,890,1223352,66055
ML-DSA-87,verify,891,1222444,66006
ML-DSA-87,verify,892,1222888,66031
ML-DSA-87,verify,893,1232926,66571
ML-DSA-87,verify,894,1223611,66069
ML-DSA-87,verify,895,1222575,66013
ML-DSA-87,verify,896,1231926,66515
ML-DSA-87,verify,897,1223500,66063
ML-DSA-87,verify,898,1222852,66029
ML-DSA-87,verify,899,1232593,66553
ML-DSA-87,verify,900,1224630,66124
ML-DSA-87,verify,901,1223537,66065
ML-DSA-87,verify,902,1237982,66843
ML-DSA-87,verify,903,1224074,66094
ML-DSA-87,verify,904,1223685,66074
ML-DSA-87,verify,905,1223092,66041
ML-DSA-87,verify,906,1232722,66558
ML-DSA-87,verify,907,1224296,66106
ML-DSA-87,verify,908,1223055,66038
ML-DSA-87,verify,909,1232556,66549
ML-DSA-87,verify,910,1224667,66124
ML-DSA-87,verify,911,1222759,66024
ML-DSA-87,verify,912,1233926,66623
ML-DSA-87,verify,913,1317889,71146
ML-DSA-87,verify,914,1225926,66194
ML-DSA-87,verify,915,1234945,66679
ML-DSA-87,verify,916,1224426,66113
ML-DSA-87,verify,917,1222908,66031
ML-DSA-87,verify,918,1223389,66058
ML-DSA-87,verify,919,1239981,66952
ML-DSA-87,verify,920,1224722,66129
ML-DSA-87,verify,921,1223686,66073
ML-DSA-87,verify,922,1233315,66591
ML-DSA-87,verify,923,1224426,66114
ML-DSA-87,verify,924,1223519,66064
ML-DSA-87,verify,925,1232778,66563
ML-DSA-87,verify,926,1224500,66118
ML-DSA-87,verify,927,1223852,66081
ML-DSA-87,verify,928,1233019,66575
ML-DSA-87,verify,929,1223963,66090
ML-DSA-87,verify,930,1223037,66038
ML-DSA-87,verify,931,1223722,66075
ML-DSA-87,verify,932,1232741,66560
ML-DSA-87,verify,933,1223797,66079
ML-DSA-87,verify,934,1223093,66042
ML-DSA-87,verify,935,1232852,66567
ML-DSA-87,verify,936,1224407,66112
ML-DSA-87,verify,937,1223074,66041
ML-DSA-87,verify,938,1233778,66617
ML-DSA-87,verify,939,1224037,66092
ML-DSA-87,verify,940,1223574,66067
ML-DSA-87,verify,941,1232481,66545
ML-DSA-87,verify,942,1224296,66106
ML-DSA-87,verify,943,1222926,66032
ML-DSA-87,verify,944,1223592,66068
ML-DSA-87,verify,945,1232741,66561
ML-DSA-87,verify,946,1224389,66111
ML-DSA-87,verify,947,1223092,66040
ML-DSA-87,verify,948,1232148,66528
ML-DSA-87,verify,949,1223834,66081
ML-DSA-87,verify,950,1223574,66067
ML-DSA-87,verify,951,1233278,66588
ML-DSA-87,verify,952,1224222,66103
ML-DSA-87,verify,953,1223315,66053
ML-DSA-87,verify,954,1232407,66542
ML-DSA-87,verify,955,1223815,66080
ML-DSA-87,verify,956,1222908,66030
ML-DSA-87,verify,957,1223593,66069
ML-DSA-87,verify,958,1234519,66656
ML-DSA-87,verify,959,1224463,66114
ML-DSA-87,verify,960,1223000,66036
ML-DSA-87,verify,961,1236760,66776
ML-DSA-87,verify,962,1224037,66092
ML-DSA-87,verify,963,1223204,66047
ML-DSA-87,verify,964,1232814,66563
ML-DSA-87,verify,965,1224648,66125
ML-DSA-87,verify,966,1223019,66038
ML-DSA-87,verify,967,1232334,66538
ML-DSA-87,verify,968,1223815,66080
ML-DSA-87,verify,969,1223296,66053
ML-DSA-87,verify,970,1222889,66029
ML-DSA-87,verify,971,1232259,66534
ML-DSA-87,verify,972,1223667,66072
ML-DSA-87,verify,973,1223074,66041
ML-DSA-87,verify,974,1232703,66559
ML-DSA-87,verify,975,1224000,66091
ML-DSA-87,verify,976,1223796,66080
ML-DSA-87,verify,977,1233167,66584
ML-DSA-87,verify,978,1223944,66087
ML-DSA-87,verify,979,1222778,66024
ML-DSA-87,verify,980,1232500,66547
ML-DSA-87,verify,981,1224037,66094
ML-DSA-87,verify,982,1222926,66031
ML-DSA-87,verify,983,1223000,66035
ML-DSA-87,verify,984,1232333,66538
ML-DSA-87,verify,985,1224575,66121
ML-DSA-87,verify,986,1223722,66076
ML-DSA-87,verify,987,1233315,66590
ML-DSA-87,verify,988,1224000,66091
ML-DSA-87,verify,989,1223500,66063
ML-DSA-87,verify,990,1233592,66606
ML-DSA-87,verify,991,1224426,66113
ML-DSA-87,verify,992,1222945,66033
ML-DSA-87,verify,993,1233019,66575
ML-DSA-87,verify,994,1224629,66125
ML-DSA-87,verify,995,1223222,66048
ML-DSA-87,verify,996,1222889,66030
ML-DSA-87,verify,997,1232907,66568
ML-DSA-87,verify,998,1223871,66083
ML-DSA-87,verify,999,1223537,66066
