algo,op,iter,wall_ns,cycles
ML-DSA-87,keygen,0,183237,492422
ML-DSA-87,keygen,1,174091,467890
ML-DSA-87,keygen,2,172032,462358
ML-DSA-87,keygen,3,179434,482244
ML-DSA-87,keygen,4,177945,478246
ML-DSA-87,keygen,5,174503,468998
ML-DSA-87,keygen,6,175186,470834
ML-DSA-87,keygen,7,175045,470428
ML-DSA-87,keygen,8,174375,468624
ML-DSA-87,keygen,9,181897,488870
ML-DSA-87,keygen,10,173700,466840
ML-DSA-87,keygen,11,174666,469402
ML-DSA-87,keygen,12,174341,468554
ML-DSA-87,keygen,13,174142,468024
ML-DSA-87,keygen,14,176009,473016
ML-DSA-87,keygen,15,181866,488760
ML-DSA-87,keygen,16,174662,469420
ML-DSA-87,keygen,17,175471,471602
ML-DSA-87,keygen,18,173963,467546
ML-DSA-87,keygen,19,174807,469810
ML-DSA-87,keygen,20,180269,484492
ML-DSA-87,keygen,21,177563,477222
ML-DSA-87,keygen,22,174815,469838
ML-DSA-87,keygen,23,173882,467326
ML-DSA-87,keygen,24,174173,468110
ML-DSA-87,keygen,25,174665,469430
ML-DSA-87,keygen,26,183755,493866
ML-DSA-87,keygen,27,174522,469042
ML-DSA-87,keygen,28,174210,468214
ML-DSA-87,keygen,29,173361,465926
ML-DSA-87,keygen,30,172976,464890
ML-DSA-87,keygen,31,175255,471018
ML-DSA-87,keygen,32,182921,491626
ML-DSA-87,keygen,33,173729,466918
ML-DSA-87,keygen,34,174399,468714
ML-DSA-87,keygen,35,172784,464376
ML-DSA-87,keygen,36,174451,468854
ML-DSA-87,keygen,37,178432,479556
ML-DSA-87,keygen,38,176439,474198
ML-DSA-87,keygen,39,175180,470818
ML-DSA-87,keygen,40,174849,469926
ML-DSA-87,keygen,41,174827,469870
ML-DSA-87,keygen,42,171822,461794
ML-DSA-87,keygen,43,180720,485706
ML-DSA-87,keygen,44,174478,468932
ML-DSA-87,keygen,45,175036,470430
ML-DSA-87,keygen,46,175089,470572
ML-DSA-87,keygen,47,174389,468688
ML-DSA-87,keygen,48,175630,472026
ML-DSA-87,keygen,49,180244,484432
ML-DSA-87,keygen,50,175181,470822
ML-DSA-87,keygen,51,174035,467740
ML-DSA-87,keygen,52,173630,466652
ML-DSA-87,keygen,53,172868,464600
ML-DSA-87,keygen,54,180974,486386
ML-DSA-87,keygen,55,176759,475060
ML-DSA-87,keygen,56,174948,470194
ML-DSA-87,keygen,57,174944,470182
ML-DSA-87,keygen,58,173667,466750
ML-DSA-87,keygen,59,173973,467574
ML-DSA-87,keygen,60,178388,479440
ML-DSA-87,keygen,61,173144,465346
ML-DSA-87,keygen,62,172188,462776
ML-DSA-87,keygen,63,174474,468920
ML-DSA-87,keygen,64,174869,469982
ML-DSA-87,keygen,65,174443,468836
ML-DSA-87,keygen,66,173941,467486
ML-DSA-87,keygen,67,174092,467890
ML-DSA-87,keygen,68,175802,472494
ML-DSA-87,keygen,69,172981,464906
ML-DSA-87,keygen,70,174049,467776
ML-DSA-87,keygen,71,176376,474034
ML-DSA-87,keygen,72,173687,466802
ML-DSA-87,keygen,73,174539,469094
ML-DSA-87,keygen,74,172850,464556
ML-DSA-87,keygen,75,174758,469684
ML-DSA-87,keygen,76,172832,464506
ML-DSA-87,keygen,77,180278,484520
ML-DSA-87,keygen,78,177224,476310
ML-DSA-87,keygen,79,175447,471532
ML-DSA-87,keygen,80,173479,466248
ML-DSA-87,keygen,81,173596,466562
ML-DSA-87,keygen,82,175171,470792
ML-DSA-87,keygen,83,177372,476712
ML-DSA-87,keygen,84,173791,467082
ML-DSA-87,keygen,85,173901,467380
ML-DSA-87,keygen,86,172331,463160
ML-DSA-87,keygen,87,173929,467456
ML-DSA-87,keygen,88,175971,472946
ML-DSA-87,keygen,89,174898,470058
ML-DSA-87,keygen,90,175442,471524
ML-DSA-87,keygen,91,175340,471220
ML-DSA-87,keygen,92,174486,468954
ML-DSA-87,keygen,93,175726,472284
ML-DSA-87,keygen,94,176420,474150
ML-DSA-87,keygen,95,174003,467652
ML-DSA-87,keygen,96,174526,469060
ML-DSA-87,keygen,97,174875,469928
ML-DSA-87,keygen,98,174259,468342
ML-DSA-87,keygen,99,172392,463324
ML-DSA-87,keygen,100,181660,488164
ML-DSA-87,keygen,101,174420,468772
ML-DSA-87,keygen,102,174517,469040
ML-DSA-87,keygen,103,174177,468124
ML-DSA-87,keygen,104,173843,467224
ML-DSA-87,keygen,105,175776,472420
ML-DSA-87,keygen,106,174765,469702
ML-DSA-87,keygen,107,174988,470300
ML-DSA-87,keygen,108,174661,469424
ML-DSA-87,keygen,109,174251,468324
ML-DSA-87,keygen,110,174184,468142
ML-DSA-87,keygen,111,176197,473552
ML-DSA-87,keygen,112,174181,468132
ML-DSA-87,keygen,113,174806,469812
ML-DSA-87,keygen,114,174484,468946
ML-DSA-87,keygen,115,174706,469546
ML-DSA-87,keygen,116,174089,467884
ML-DSA-87,keygen,117,175906,472768
ML-DSA-87,keygen,118,175317,471188
ML-DSA-87,keygen,119,174222,468238
ML-DSA-87,keygen,120,174644,469374
ML-DSA-87,keygen,121,174583,469210
ML-DSA-87,keygen,122,176953,475580
ML-DSA-87,keygen,123,181073,486656
ML-DSA-87,keygen,124,174735,469620
ML-DSA-87,keygen,125,175961,472916
ML-DSA-87,keygen,126,173358,465922
ML-DSA-87,keygen,127,174859,469956
ML-DSA-87,keygen,128,175545,471798
ML-DSA-87,keygen,129,174129,467992
ML-DSA-87,keygen,130,175387,471374
ML-DSA-87,keygen,131,173501,466304
ML-DSA-87,keygen,132,173785,467064
ML-DSA-87,keygen,133,174776,469732
ML-DSA-87,keygen,134,176052,473164
ML-DSA-87,keygen,135,174590,469232
ML-DSA-87,keygen,136,173648,466700
ML-DSA-87,keygen,137,174453,468860
ML-DSA-87,keygen,138,172912,464716
ML-DSA-87,keygen,139,173220,465548
ML-DSA-87,keygen,140,176314,473864
ML-DSA-87,keygen,141,173558,466460
ML-DSA-87,keygen,142,175994,473006
ML-DSA-87,keygen,143,173845,467230
ML-DSA-87,keygen,144,173451,466168
ML-DSA-87,keygen,145,176091,473266
ML-DSA-87,keygen,146,174616,469302
ML-DSA-87,keygen,147,174717,469570
ML-DSA-87,keygen,148,174076,467848
ML-DSA-87,keygen,149,176005,473030
ML-DSA-87,keygen,150,173274,465694
ML-DSA-87,keygen,151,175853,472626
ML-DSA-87,keygen,152,174378,468660
ML-DSA-87,keygen,153,173492,466282
ML-DSA-87,keygen,154,175203,470850
ML-DSA-87,keygen,155,175820,472538
ML-DSA-87,keygen,156,174510,469018
ML-DSA-87,keygen,157,174751,469666
ML-DSA-87,keygen,158,174576,469142
ML-DSA-87,keygen,159,174188,468152
ML-DSA-87,keygen,160,174090,467886
ML-DSA-87,keygen,161,173795,467094
ML-DSA-87,keygen,162,177150,476112
ML-DSA-87,keygen,163,173179,465440
ML-DSA-87,keygen,164,174828,469868
ML-DSA-87,keygen,165,173007,464976
ML-DSA-87,keygen,166,174522,469044
ML-DSA-87,keygen,167,174811,469824
ML-DSA-87,keygen,168,174907,470084
ML-DSA-87,keygen,169,174895,470052
ML-DSA-87,keygen,170,174232,468268
ML-DSA-87,keygen,171,174851,469932
ML-DSA-87,keygen,172,172813,464452
ML-DSA-87,keygen,173,173892,467356
ML-DSA-87,keygen,174,175283,471096
ML-DSA-87,keygen,175,174843,469910
ML-DSA-87,keygen,176,173378,465972
ML-DSA-87,keygen,177,173479,466244
ML-DSA-87,keygen,178,174326,468520
ML-DSA-87,keygen,179,174423,468778
ML-DSA-87,keygen,180,176228,473636
ML-DSA-87,keygen,181,173121,465278
ML-DSA-87,keygen,182,174478,468932
ML-DSA-87,keygen,183,174459,468880
ML-DSA-87,keygen,184,174653,469398
ML-DSA-87,keygen,185,185922,499692
ML-DSA-87,keygen,186,174684,469484
ML-DSA-87,keygen,187,174649,469390
ML-DSA-87,keygen,188,175000,470330
ML-DSA-87,keygen,189,174000,467646
ML-DSA-87,keygen,190,174844,469918
ML-DSA-87,keygen,191,175430,471492
ML-DSA-87,keygen,192,174613,469294
ML-DSA-87,keygen,193,173271,465684
ML-DSA-87,keygen,194,174456,468872
ML-DSA-87,keygen,195,172862,464586
ML-DSA-87,keygen,196,174097,467904
ML-DSA-87,keygen,197,175538,471780
ML-DSA-87,keygen,198,174200,468180
ML-DSA-87,keygen,199,174951,470202
ML-DSA-87,keygen,200,174107,467938
ML-DSA-87,keygen,201,171695,461450
ML-DSA-87,keygen,202,175878,472696
ML-DSA-87,keygen,203,175895,472740
ML-DSA-87,keygen,204,174497,468984
ML-DSA-87,keygen,205,173676,466776
ML-DSA-87,keygen,206,175120,470658
ML-DSA-87,keygen,207,172693,464124
ML-DSA-87,keygen,208,177033,475798
ML-DSA-87,keygen,209,173977,467584
ML-DSA-87,keygen,210,173652,466706
ML-DSA-87,keygen,211,174750,469660
ML-DSA-87,keygen,212,173543,466416
ML-DSA-87,keygen,213,171429,460734
ML-DSA-87,keygen,214,176213,473592
ML-DSA-87,keygen,215,173948,467504
ML-DSA-87,keygen,216,174628,469334
ML-DSA-87,keygen,217,172389,463314
ML-DSA-87,keygen,218,173414,466072
ML-DSA-87,keygen,219,174240,468294
ML-DSA-87,keygen,220,175847,472612
ML-DSA-87,keygen,221,174280,468398
ML-DSA-87,keygen,222,173808,467128
ML-DSA-87,keygen,223,173943,467494
ML-DSA-87,keygen,224,174337,468552
ML-DSA-87,keygen,225,174907,470082
ML-DSA-87,keygen,226,173771,467028
ML-DSA-87,keygen,227,174943,470182
ML-DSA-87,keygen,228,173140,465336
ML-DSA-87,keygen,229,173278,465706
ML-DSA-87,keygen,230,173587,466534
ML-DSA-87,keygen,231,176147,473418
ML-DSA-87,keygen,232,174454,468872
ML-DSA-87,keygen,233,174365,468626
ML-DSA-87,keygen,234,174604,469268
ML-DSA-87,keygen,235,173201,465494
ML-DSA-87,keygen,236,174430,468802
ML-DSA-87,keygen,237,174281,468404
ML-DSA-87,keygen,238,174745,469648
ML-DSA-87,keygen,239,174846,469922
ML-DSA-87,keygen,240,174382,468630
ML-DSA-87,keygen,241,175514,471716
ML-DSA-87,keygen,242,176297,473814
ML-DSA-87,keygen,243,174824,469856
ML-DSA-87,keygen,244,172938,464788
ML-DSA-87,keygen,245,175163,470770
ML-DSA-87,keygen,246,175913,472790
ML-DSA-87,keygen,247,174575,469194
ML-DSA-87,keygen,248,175917,472800
ML-DSA-87,keygen,249,174486,468954
ML-DSA-87,keygen,250,175786,472450
ML-DSA-87,keygen,251,172887,464654
ML-DSA-87,keygen,252,173659,466730
ML-DSA-87,keygen,253,172421,463396
ML-DSA-87,keygen,254,174689,469496
ML-DSA-87,keygen,255,174986,470296
ML-DSA-87,keygen,256,174741,469638
ML-DSA-87,keygen,257,175472,471606
ML-DSA-87,keygen,258,175118,470650
ML-DSA-87,keygen,259,173567,466484
ML-DSA-87,keygen,260,177074,475910
ML-DSA-87,keygen,261,173963,467548
ML-DSA-87,keygen,262,173520,466354
ML-DSA-87,keygen,263,173809,467136
ML-DSA-87,keygen,264,175242,470978
ML-DSA-87,keygen,265,175511,471708
ML-DSA-87,keygen,266,173756,466992
ML-DSA-87,keygen,267,174319,468502
ML-DSA-87,keygen,268,175014,470370
ML-DSA-87,keygen,269,173994,467630
ML-DSA-87,keygen,270,173991,467622
ML-DSA-87,keygen,271,175796,472472
ML-DSA-87,keygen,272,174755,469672
ML-DSA-87,keygen,273,174734,469616
ML-DSA-87,keygen,274,174926,470132
ML-DSA-87,keygen,275,175404,471414
ML-DSA-87,keygen,276,173383,465986
ML-DSA-87,keygen,277,174900,470032
ML-DSA-87,keygen,278,173361,465932
ML-DSA-87,keygen,279,173442,466146
ML-DSA-87,keygen,280,174570,469178
ML-DSA-87,keygen,281,174711,469558
ML-DSA-87,keygen,282,177500,477054
ML-DSA-87,keygen,283,174329,468520
ML-DSA-87,keygen,284,174709,469554
ML-DSA-87,keygen,285,174057,467770
ML-DSA-87,keygen,286,174541,469102
ML-DSA-87,keygen,287,171644,461312
ML-DSA-87,keygen,288,173598,466562
ML-DSA-87,keygen,289,174089,467884
ML-DSA-87,keygen,290,173663,466736
ML-DSA-87,keygen,291,174603,469270
ML-DSA-87,keygen,292,173621,466630
ML-DSA-87,keygen,293,174044,467770
ML-DSA-87,keygen,294,175227,470946
ML-DSA-87,keygen,295,173664,466742
ML-DSA-87,keygen,296,173933,467468
ML-DSA-87,keygen,297,172356,463228
ML-DSA-87,keygen,298,173842,467222
ML-DSA-87,keygen,299,174483,468942
ML-DSA-87,keygen,300,176241,473668
ML-DSA-87,keygen,301,173942,467484
ML-DSA-87,keygen,302,178966,480960
ML-DSA-87,keygen,303,175562,471812
ML-DSA-87,keygen,304,175787,472362
ML-DSA-87,keygen,305,177777,477768
ML-DSA-87,keygen,306,173745,466960
ML-DSA-87,keygen,307,175266,471052
ML-DSA-87,keygen,308,176643,474746
ML-DSA-87,keygen,309,173583,466524
ML-DSA-87,keygen,310,175080,470548
ML-DSA-87,keygen,311,175074,470528
ML-DSA-87,keygen,312,173613,466600
ML-DSA-87,keygen,313,171497,460914
ML-DSA-87,keygen,314,174124,467978
ML-DSA-87,keygen,315,174184,468138
ML-DSA-87,keygen,316,174223,468248
ML-DSA-87,keygen,317,175166,470778
ML-DSA-87,keygen,318,175296,471132
ML-DSA-87,keygen,319,172631,463964
ML-DSA-87,keygen,320,174335,468550
ML-DSA-87,keygen,321,174349,468578
ML-DSA-87,keygen,322,176524,474432
ML-DSA-87,keygen,323,173428,466110
ML-DSA-87,keygen,324,175497,471668
ML-DSA-87,keygen,325,175416,471452
ML-DSA-87,keygen,326,174125,467984
ML-DSA-87,keygen,327,174224,468252
ML-DSA-87,keygen,328,173716,466882
ML-DSA-87,keygen,329,174498,468984
ML-DSA-87,keygen,330,174514,469030
ML-DSA-87,keygen,331,173345,465882
ML-DSA-87,keygen,332,174444,468840
ML-DSA-87,keygen,333,172823,464484
ML-DSA-87,keygen,334,173544,466418
ML-DSA-87,keygen,335,174408,468742
ML-DSA-87,keygen,336,173488,466268
ML-DSA-87,keygen,337,173612,466602
ML-DSA-87,keygen,338,173394,466020
ML-DSA-87,keygen,339,175201,470870
ML-DSA-87,keygen,340,175553,471820
ML-DSA-87,keygen,341,173677,466778
ML-DSA-87,keygen,342,174098,467910
ML-DSA-87,keygen,343,174137,468008
ML-DSA-87,keygen,344,174233,468272
ML-DSA-87,keygen,345,174826,469834
ML-DSA-87,keygen,346,174225,468252
ML-DSA-87,keygen,347,172942,464800
ML-DSA-87,keygen,348,173965,467552
ML-DSA-87,keygen,349,174552,469132
ML-DSA-87,keygen,350,173974,467580
ML-DSA-87,keygen,351,173977,467584
ML-DSA-87,keygen,352,174082,467872
ML-DSA-87,keygen,353,173581,466520
ML-DSA-87,keygen,354,174985,470294
ML-DSA-87,keygen,355,174437,468820
ML-DSA-87,keygen,356,174682,469478
ML-DSA-87,keygen,357,175295,471126
ML-DSA-87,keygen,358,174813,469832
ML-DSA-87,keygen,359,173738,466940
ML-DSA-87,keygen,360,174795,469784
ML-DSA-87,keygen,361,174764,469698
ML-DSA-87,keygen,362,176340,473938
ML-DSA-87,keygen,363,174532,469076
ML-DSA-87,keygen,364,174119,467966
ML-DSA-87,keygen,365,174446,468844
ML-DSA-87,keygen,366,172644,463998
ML-DSA-87,keygen,367,173875,467304
ML-DSA-87,keygen,368,175273,471066
ML-DSA-87,keygen,369,174495,468974
ML-DSA-87,keygen,370,174756,469678
ML-DSA-87,keygen,371,174324,468514
ML-DSA-87,keygen,372,175835,472576
ML-DSA-87,keygen,373,172880,464636
ML-DSA-87,keygen,374,175718,472268
ML-DSA-87,keygen,375,172967,464866
ML-DSA-87,keygen,376,175553,471820
ML-DSA-87,keygen,377,174534,469082
ML-DSA-87,keygen,378,174564,469160
ML-DSA-87,keygen,379,174644,469376
ML-DSA-87,keygen,380,174311,468478
ML-DSA-87,keygen,381,174344,468568
ML-DSA-87,keygen,382,173156,465374
ML-DSA-87,keygen,383,174482,468944
ML-DSA-87,keygen,384,173715,466878
ML-DSA-87,keygen,385,176026,473092
ML-DSA-87,keygen,386,173028,465032
ML-DSA-87,keygen,387,174358,468608
ML-DSA-87,keygen,388,174437,468820
ML-DSA-87,keygen,389,175235,470966
ML-DSA-87,keygen,390,174606,469246
ML-DSA-87,keygen,391,175340,471244
ML-DSA-87,keygen,392,173938,467480
ML-DSA-87,keygen,393,174003,467656
ML-DSA-87,keygen,394,172630,463964
ML-DSA-87,keygen,395,173398,466026
ML-DSA-87,keygen,396,174427,468792
ML-DSA-87,keygen,397,174963,470234
ML-DSA-87,keygen,398,175040,470442
ML-DSA-87,keygen,399,174075,467850
ML-DSA-87,keygen,400,173520,466354
ML-DSA-87,keygen,401,173258,465650
ML-DSA-87,keygen,402,174268,468364
ML-DSA-87,keygen,403,175898,472748
ML-DSA-87,keygen,404,174623,469320
ML-DSA-87,keygen,405,174433,468808
ML-DSA-87,keygen,406,173717,466882
ML-DSA-87,keygen,407,174659,469418
ML-DSA-87,keygen,408,174273,468380
ML-DSA-87,keygen,409,174338,468554
ML-DSA-87,keygen,410,174253,468326
ML-DSA-87,keygen,411,174610,469282
ML-DSA-87,keygen,412,174616,469306
ML-DSA-87,keygen,413,173300,465764
ML-DSA-87,keygen,414,177262,476386
ML-DSA-87,keygen,415,178225,478996
ML-DSA-87,keygen,416,174491,468966
ML-DSA-87,keygen,417,173397,466026
ML-DSA-87,keygen,418,174418,468770
ML-DSA-87,keygen,419,173237,465596
ML-DSA-87,keygen,420,174758,469682
ML-DSA-87,keygen,421,174029,467724
ML-DSA-87,keygen,422,172962,464852
ML-DSA-87,keygen,423,173007,464980
ML-DSA-87,keygen,424,174418,468772
ML-DSA-87,keygen,425,175087,470570
ML-DSA-87,keygen,426,174673,469458
ML-DSA-87,keygen,427,175320,471194
ML-DSA-87,keygen,428,173721,466892
ML-DSA-87,keygen,429,173686,466802
ML-DSA-87,keygen,430,174592,469234
ML-DSA-87,keygen,431,176024,473082
ML-DSA-87,keygen,432,173098,465220
ML-DSA-87,keygen,433,175139,470708
ML-DSA-87,keygen,434,176095,473280
ML-DSA-87,keygen,435,174865,469966
ML-DSA-87,keygen,436,175151,470738
ML-DSA-87,keygen,437,175586,471910
ML-DSA-87,keygen,438,173389,466000
ML-DSA-87,keygen,439,173486,466260
ML-DSA-87,keygen,440,174456,468870
ML-DSA-87,keygen,441,174445,468840
ML-DSA-87,keygen,442,174894,470050
ML-DSA-87,keygen,443,174651,469394
ML-DSA-87,keygen,444,174961,470230
ML-DSA-87,keygen,445,174495,468976
ML-DSA-87,keygen,446,173238,465596
ML-DSA-87,keygen,447,173852,467248
ML-DSA-87,keygen,448,174984,470294
ML-DSA-87,keygen,449,174779,469742
ML-DSA-87,keygen,450,175023,470394
ML-DSA-87,keygen,451,174004,467660
ML-DSA-87,keygen,452,173081,465176
ML-DSA-87,keygen,453,174172,468112
ML-DSA-87,keygen,454,175904,472764
ML-DSA-87,keygen,455,171757,461618
ML-DSA-87,keygen,456,174868,469976
ML-DSA-87,keygen,457,174246,468308
ML-DSA-87,keygen,458,173351,465904
ML-DSA-87,keygen,459,174795,469780
ML-DSA-87,keygen,460,175290,471114
ML-DSA-87,keygen,461,174613,469292
ML-DSA-87,keygen,462,175562,471844
ML-DSA-87,keygen,463,173112,465256
ML-DSA-87,keygen,464,174078,467854
ML-DSA-87,keygen,465,175576,471882
ML-DSA-87,keygen,466,172389,463312
ML-DSA-87,keygen,467,174535,469088
ML-DSA-87,keygen,468,175722,472274
ML-DSA-87,keygen,469,173994,467630
ML-DSA-87,keygen,470,174897,470058
ML-DSA-87,keygen,471,176376,474030
ML-DSA-87,keygen,472,172786,464374
ML-DSA-87,keygen,473,175280,471086
ML-DSA-87,keygen,474,175408,471432
ML-DSA-87,keygen,475,173064,465132
ML-DSA-87,keygen,476,175043,470448
ML-DSA-87,keygen,477,176816,475214
ML-DSA-87,keygen,478,173289,465732
ML-DSA-87,keygen,479,173765,467010
ML-DSA-87,keygen,480,173364,465938
ML-DSA-87,keygen,481,172987,464924
ML-DSA-87,keygen,482,174917,470108
ML-DSA-87,keygen,483,176857,475326
ML-DSA-87,keygen,484,174185,468140
ML-DSA-87,keygen,485,174761,469684
ML-DSA-87,keygen,486,175469,471592
ML-DSA-87,keygen,487,174003,467652
ML-DSA-87,keygen,488,174940,470172
ML-DSA-87,keygen,489,175413,471448
ML-DSA-87,keygen,490,174854,469934
ML-DSA-87,keygen,491,174083,467868
ML-DSA-87,keygen,492,174031,467730
ML-DSA-87,keygen,493,175207,470892
ML-DSA-87,keygen,494,174743,469640
ML-DSA-87,keygen,495,174678,469466
ML-DSA-87,keygen,496,174948,470190
ML-DSA-87,keygen,497,175158,470758
ML-DSA-87,keygen,498,174160,468074
ML-DSA-87,keygen,499,175244,470988
ML-DSA-87,keygen,500,175243,470988
ML-DSA-87,keygen,501,175004,470342
ML-DSA-87,keygen,502,174801,469800
ML-DSA-87,keygen,503,175313,471176
ML-DSA-87,keygen,504,174157,468066
ML-DSA-87,keygen,505,175222,470930
ML-DSA-87,keygen,506,174511,469022
ML-DSA-87,keygen,507,173070,465146
ML-DSA-87,keygen,508,173337,465866
ML-DSA-87,keygen,509,172703,464160
ML-DSA-87,keygen,510,174343,468568
ML-DSA-87,keygen,511,174820,469852
ML-DSA-87,keygen,512,173615,466608
ML-DSA-87,keygen,513,174684,469486
ML-DSA-87,keygen,514,175940,472860
ML-DSA-87,keygen,515,174553,469132
ML-DSA-87,keygen,516,175324,471206
ML-DSA-87,keygen,517,175255,471022
ML-DSA-87,keygen,518,174941,470174
ML-DSA-87,keygen,519,174147,468044
ML-DSA-87,keygen,520,175801,472488
ML-DSA-87,keygen,521,174197,468176
ML-DSA-87,keygen,522,172570,463800
ML-DSA-87,keygen,523,174728,469604
ML-DSA-87,keygen,524,173068,465142
ML-DSA-87,keygen,525,174628,469334
ML-DSA-87,keygen,526,174675,469460
ML-DSA-87,keygen,527,174980,470280
ML-DSA-87,keygen,528,176843,475288
ML-DSA-87,keygen,529,175298,471136
ML-DSA-87,keygen,530,174761,469692
ML-DSA-87,keygen,531,173055,465104
ML-DSA-87,keygen,532,174477,468928
ML-DSA-87,keygen,533,174593,469242
ML-DSA-87,keygen,534,176090,473266
ML-DSA-87,keygen,535,174127,467988
ML-DSA-87,keygen,536,174026,467716
ML-DSA-87,keygen,537,173193,465480
ML-DSA-87,keygen,538,174242,468294
ML-DSA-87,keygen,539,173358,465918
ML-DSA-87,keygen,540,174659,469412
ML-DSA-87,keygen,541,173787,467072
ML-DSA-87,keygen,542,173225,465562
ML-DSA-87,keygen,543,174750,469662
ML-DSA-87,keygen,544,174593,469240
ML-DSA-87,keygen,545,174900,470066
ML-DSA-87,keygen,546,174416,468762
ML-DSA-87,keygen,547,175085,470554
ML-DSA-87,keygen,548,174494,468974
ML-DSA-87,keygen,549,174033,467736
ML-DSA-87,keygen,550,174071,467838
ML-DSA-87,keygen,551,182140,489528
ML-DSA-87,keygen,552,177484,477008
ML-DSA-87,keygen,553,174393,468704
ML-DSA-87,keygen,554,173401,466036
ML-DSA-87,keygen,555,173870,467298
ML-DSA-87,keygen,556,174330,468532
ML-DSA-87,keygen,557,175786,472444
ML-DSA-87,keygen,558,173546,466428
ML-DSA-87,keygen,559,175000,470332
ML-DSA-87,keygen,560,174409,468742
ML-DSA-87,keygen,561,174305,468464
ML-DSA-87,keygen,562,172771,464344
ML-DSA-87,keygen,563,173442,466148
ML-DSA-87,keygen,564,174845,469916
ML-DSA-87,keygen,565,174101,467920
ML-DSA-87,keygen,566,173236,465590
ML-DSA-87,keygen,567,173429,466116
ML-DSA-87,keygen,568,175967,472934
ML-DSA-87,keygen,569,173144,465344
ML-DSA-87,keygen,570,175466,471588
ML-DSA-87,keygen,571,173188,465466
ML-DSA-87,keygen,572,176215,473602
ML-DSA-87,keygen,573,174161,468080
ML-DSA-87,keygen,574,176197,473554
ML-DSA-87,keygen,575,173919,467428
ML-DSA-87,keygen,576,174573,469188
ML-DSA-87,keygen,577,175480,471622
ML-DSA-87,keygen,578,174389,468692
ML-DSA-87,keygen,579,173021,465014
ML-DSA-87,keygen,580,174050,467780
ML-DSA-87,keygen,581,174339,468558
ML-DSA-87,keygen,582,175502,471682
ML-DSA-87,keygen,583,174326,468522
ML-DSA-87,keygen,584,175035,470432
ML-DSA-87,keygen,585,176445,474214
ML-DSA-87,keygen,586,173534,466392
ML-DSA-87,keygen,587,174937,470162
ML-DSA-87,keygen,588,174163,468082
ML-DSA-87,keygen,589,173848,467240
ML-DSA-87,keygen,590,173095,465210
ML-DSA-87,keygen,591,176643,474746
ML-DSA-87,keygen,592,174040,467756
ML-DSA-87,keygen,593,173295,465752
ML-DSA-87,keygen,594,174227,468256
ML-DSA-87,keygen,595,174313,468478
ML-DSA-87,keygen,596,174794,469778
ML-DSA-87,keygen,597,175374,471340
ML-DSA-87,keygen,598,172456,463498
ML-DSA-87,keygen,599,175469,471594
ML-DSA-87,keygen,600,173805,467122
ML-DSA-87,keygen,601,175551,471812
ML-DSA-87,keygen,602,174515,469028
ML-DSA-87,keygen,603,174605,469270
ML-DSA-87,keygen,604,171409,460674
ML-DSA-87,keygen,605,173611,466598
ML-DSA-87,keygen,606,176578,474574
ML-DSA-87,keygen,607,174511,469012
ML-DSA-87,keygen,608,176352,473964
ML-DSA-87,keygen,609,173203,465502
ML-DSA-87,keygen,610,171590,461168
ML-DSA-87,keygen,611,174750,469658
ML-DSA-87,keygen,612,174116,467956
ML-DSA-87,keygen,613,174171,468106
ML-DSA-87,keygen,614,176215,473602
ML-DSA-87,keygen,615,173896,467366
ML-DSA-87,keygen,616,174215,468224
ML-DSA-87,keygen,617,172162,462704
ML-DSA-87,keygen,618,174656,469410
ML-DSA-87,keygen,619,173111,465254
ML-DSA-87,keygen,620,175108,470622
ML-DSA-87,keygen,621,174900,470064
ML-DSA-87,keygen,622,196944,529242
ML-DSA-87,keygen,623,175540,471784
ML-DSA-87,keygen,624,173694,466816
ML-DSA-87,keygen,625,175824,472544
ML-DSA-87,keygen,626,178017,478390
ML-DSA-87,keygen,627,174054,467792
ML-DSA-87,keygen,628,179686,482926
ML-DSA-87,keygen,629,174086,467878
ML-DSA-87,keygen,630,173123,465290
ML-DSA-87,keygen,631,179583,482578
ML-DSA-87,keygen,632,176781,475118
ML-DSA-87,keygen,633,174863,469962
ML-DSA-87,keygen,634,173581,466520
ML-DSA-87,keygen,635,175642,472054
ML-DSA-87,keygen,636,175035,470428
ML-DSA-87,keygen,637,179469,482344
ML-DSA-87,keygen,638,174187,468152
ML-DSA-87,keygen,639,172937,464786
ML-DSA-87,keygen,640,175195,470856
ML-DSA-87,keygen,641,175224,470932
ML-DSA-87,keygen,642,178676,480210
ML-DSA-87,keygen,643,179464,482318
ML-DSA-87,keygen,644,175183,470824
ML-DSA-87,keygen,645,173174,465424
ML-DSA-87,keygen,646,174849,469926
ML-DSA-87,keygen,647,175509,471700
ML-DSA-87,keygen,648,177601,477324
ML-DSA-87,keygen,649,178394,479458
ML-DSA-87,keygen,650,174369,468636
ML-DSA-87,keygen,651,173803,467112
ML-DSA-87,keygen,652,171678,461408
ML-DSA-87,keygen,653,173328,465840
ML-DSA-87,keygen,654,183536,493278
ML-DSA-87,keygen,655,173898,467374
ML-DSA-87,keygen,656,173483,466258
ML-DSA-87,keygen,657,172868,464602
ML-DSA-87,keygen,658,174631,469338
ML-DSA-87,keygen,659,175539,471784
ML-DSA-87,keygen,660,173605,466586
ML-DSA-87,keygen,661,173689,466808
ML-DSA-87,keygen,662,175641,472058
ML-DSA-87,keygen,663,172436,463442
ML-DSA-87,keygen,664,175236,470970
ML-DSA-87,keygen,665,178035,478488
ML-DSA-87,keygen,666,176157,473442
ML-DSA-87,keygen,667,174908,470084
ML-DSA-87,keygen,668,172489,463582
ML-DSA-87,keygen,669,174795,469784
ML-DSA-87,keygen,670,174748,469658
ML-DSA-87,keygen,671,179815,483276
ML-DSA-87,keygen,672,176508,474386
ML-DSA-87,keygen,673,171297,460380
ML-DSA-87,keygen,674,175261,471034
ML-DSA-87,keygen,675,173744,466956
ML-DSA-87,keygen,676,171207,460136
ML-DSA-87,keygen,677,181750,488480
ML-DSA-87,keygen,678,174048,467776
ML-DSA-87,keygen,679,176476,474302
ML-DSA-87,keygen,680,174622,469316
ML-DSA-87,keygen,681,174101,467916
ML-DSA-87,keygen,682,176611,474664
ML-DSA-87,keygen,683,175214,470908
ML-DSA-87,keygen,684,173649,466706
ML-DSA-87,keygen,685,175219,470924
ML-DSA-87,keygen,686,174714,469566
ML-DSA-87,keygen,687,175171,470794
ML-DSA-87,keygen,688,180579,485328
ML-DSA-87,keygen,689,176901,475444
ML-DSA-87,keygen,690,174708,469550
ML-DSA-87,keygen,691,173346,465890
ML-DSA-87,keygen,692,174520,469042
ML-DSA-87,keygen,693,175136,470698
ML-DSA-87,keygen,694,181987,489114
ML-DSA-87,keygen,695,172822,464478
ML-DSA-87,keygen,696,174738,469634
ML-DSA-87,keygen,697,174098,467910
ML-DSA-87,keygen,698,174104,467926
ML-DSA-87,keygen,699,175523,471740
ML-DSA-87,keygen,700,173874,467308
ML-DSA-87,keygen,701,174840,469908
ML-DSA-87,keygen,702,174123,467982
ML-DSA-87,keygen,703,172535,463710
ML-DSA-87,keygen,704,174248,468312
ML-DSA-87,keygen,705,175789,472452
ML-DSA-87,keygen,706,175422,471470
ML-DSA-87,keygen,707,173509,466324
ML-DSA-87,keygen,708,173954,467522
ML-DSA-87,keygen,709,174559,469148
ML-DSA-87,keygen,710,173933,467464
ML-DSA-87,keygen,711,173341,465876
ML-DSA-87,keygen,712,173820,467158
ML-DSA-87,keygen,713,175488,471648
ML-DSA-87,keygen,714,173993,467626
ML-DSA-87,keygen,715,173676,466776
ML-DSA-87,keygen,716,175491,471654
ML-DSA-87,keygen,717,173747,466968
ML-DSA-87,keygen,718,175292,471108
ML-DSA-87,keygen,719,174329,468528
ML-DSA-87,keygen,720,173278,465702
ML-DSA-87,keygen,721,173703,466850
ML-DSA-87,keygen,722,175224,470930
ML-DSA-87,keygen,723,173170,465412
ML-DSA-87,keygen,724,175546,471800
ML-DSA-87,keygen,725,174857,469948
ML-DSA-87,keygen,726,172090,462508
ML-DSA-87,keygen,727,172150,462670
ML-DSA-87,keygen,728,175283,471086
ML-DSA-87,keygen,729,174224,468246
ML-DSA-87,keygen,730,174621,469310
ML-DSA-87,keygen,731,174614,469296
ML-DSA-87,keygen,732,173462,466200
ML-DSA-87,keygen,733,175187,470836
ML-DSA-87,keygen,734,175455,471552
ML-DSA-87,keygen,735,174764,469696
ML-DSA-87,keygen,736,175399,471404
ML-DSA-87,keygen,737,173764,467008
ML-DSA-87,keygen,738,174103,467922
ML-DSA-87,keygen,739,175460,471570
ML-DSA-87,keygen,740,176198,473554
ML-DSA-87,keygen,741,174183,468132
ML-DSA-87,keygen,742,173604,466578
ML-DSA-87,keygen,743,174279,468396
ML-DSA-87,keygen,744,174643,469372
ML-DSA-87,keygen,745,175948,472882
ML-DSA-87,keygen,746,173982,467598
ML-DSA-87,keygen,747,174537,469092
ML-DSA-87,keygen,748,173952,467520
ML-DSA-87,keygen,749,175099,470598
ML-DSA-87,keygen,750,174650,469394
ML-DSA-87,keygen,751,174585,469220
ML-DSA-87,keygen,752,174467,468902
ML-DSA-87,keygen,753,174543,469104
ML-DSA-87,keygen,754,173547,466428
ML-DSA-87,keygen,755,174440,468828
ML-DSA-87,keygen,756,175844,472600
ML-DSA-87,keygen,757,173883,467334
ML-DSA-87,keygen,758,174130,467994
ML-DSA-87,keygen,759,173867,467292
ML-DSA-87,keygen,760,175008,470352
ML-DSA-87,keygen,761,173946,467502
ML-DSA-87,keygen,762,173572,466492
ML-DSA-87,keygen,763,174025,467712
ML-DSA-87,keygen,764,173620,466624
ML-DSA-87,keygen,765,173783,467064
ML-DSA-87,keygen,766,173292,465742
ML-DSA-87,keygen,767,174020,467700
ML-DSA-87,keygen,768,174805,469810
ML-DSA-87,keygen,769,174077,467852
ML-DSA-87,keygen,770,172636,463978
ML-DSA-87,keygen,771,174308,468476
ML-DSA-87,keygen,772,175348,471268
ML-DSA-87,keygen,773,173461,466200
ML-DSA-87,keygen,774,175493,471658
ML-DSA-87,keygen,775,174572,469180
ML-DSA-87,keygen,776,174458,468876
ML-DSA-87,keygen,777,174226,468254
ML-DSA-87,keygen,778,175292,471118
ML-DSA-87,keygen,779,174906,470080
ML-DSA-87,keygen,780,175387,471376
ML-DSA-87,keygen,781,174409,468740
ML-DSA-87,keygen,782,176223,473618
ML-DSA-87,keygen,783,174164,468090
ML-DSA-87,keygen,784,173991,467622
ML-DSA-87,keygen,785,175645,472068
ML-DSA-87,keygen,786,173714,466878
ML-DSA-87,keygen,787,174194,468168
ML-DSA-87,keygen,788,172206,462822
ML-DSA-87,keygen,789,173974,467576
ML-DSA-87,keygen,790,174285,468412
ML-DSA-87,keygen,791,175616,471990
ML-DSA-87,keygen,792,173744,466948
ML-DSA-87,keygen,793,173263,465666
ML-DSA-87,keygen,794,173842,467222
ML-DSA-87,keygen,795,173421,466090
ML-DSA-87,keygen,796,176149,473422
ML-DSA-87,keygen,797,173797,467100
ML-DSA-87,keygen,798,173287,465732
ML-DSA-87,keygen,799,173401,466038
ML-DSA-87,keygen,800,173903,467380
ML-DSA-87,keygen,801,172314,463114
ML-DSA-87,keygen,802,174756,469676
ML-DSA-87,keygen,803,174832,469880
ML-DSA-87,keygen,804,174370,468640
ML-DSA-87,keygen,805,173697,466830
ML-DSA-87,keygen,806,173451,466170
ML-DSA-87,keygen,807,174585,469220
ML-DSA-87,keygen,808,174335,468544
ML-DSA-87,keygen,809,173965,467554
ML-DSA-87,keygen,810,172555,463762
ML-DSA-87,keygen,811,174041,467756
ML-DSA-87,keygen,812,175234,470962
ML-DSA-87,keygen,813,172971,464880
ML-DSA-87,keygen,814,174139,468020
ML-DSA-87,keygen,815,173676,466776
ML-DSA-87,keygen,816,174030,467726
ML-DSA-87,keygen,817,175071,470526
ML-DSA-87,keygen,818,175044,470454
ML-DSA-87,keygen,819,173918,467426
ML-DSA-87,keygen,820,173733,466928
ML-DSA-87,keygen,821,174234,468278
ML-DSA-87,keygen,822,175551,471818
ML-DSA-87,keygen,823,174102,467918
ML-DSA-87,keygen,824,174272,468372
ML-DSA-87,keygen,825,174689,469500
ML-DSA-87,keygen,826,174083,467870
ML-DSA-87,keygen,827,174427,468794
ML-DSA-87,keygen,828,174520,469040
ML-DSA-87,keygen,829,173578,466508
ML-DSA-87,keygen,830,174094,467890
ML-DSA-87,keygen,831,174431,468802
ML-DSA-87,keygen,832,172621,463940
ML-DSA-87,keygen,833,173974,467572
ML-DSA-87,keygen,834,172223,462866
ML-DSA-87,keygen,835,173938,467478
ML-DSA-87,keygen,836,174023,467704
ML-DSA-87,keygen,837,175255,471018
ML-DSA-87,keygen,838,174442,468828
ML-DSA-87,keygen,839,174117,467960
ML-DSA-87,keygen,840,174681,469476
ML-DSA-87,keygen,841,173953,467516
ML-DSA-87,keygen,842,176241,473670
ML-DSA-87,keygen,843,175002,470338
ML-DSA-87,keygen,844,175394,471392
ML-DSA-87,keygen,845,173785,467068
ML-DSA-87,keygen,846,175318,471182
ML-DSA-87,keygen,847,175255,471014
ML-DSA-87,keygen,848,175158,470758
ML-DSA-87,keygen,849,174409,468742
ML-DSA-87,keygen,850,173108,465248
ML-DSA-87,keygen,851,174213,468216
ML-DSA-87,keygen,852,173944,467498
ML-DSA-87,keygen,853,174843,469912
ML-DSA-87,keygen,854,175622,472000
ML-DSA-87,keygen,855,172736,464250
ML-DSA-87,keygen,856,174342,468562
ML-DSA-87,keygen,857,175219,470924
ML-DSA-87,keygen,858,175304,471154
ML-DSA-87,keygen,859,176169,473478
ML-DSA-87,keygen,860,174287,468418
ML-DSA-87,keygen,861,173455,466178
ML-DSA-87,keygen,862,172900,464688
ML-DSA-87,keygen,863,174217,468230
ML-DSA-87,keygen,864,175533,471768
ML-DSA-87,keygen,865,175300,471136
ML-DSA-87,keygen,866,174880,469984
ML-DSA-87,keygen,867,174955,470216
ML-DSA-87,keygen,868,175234,470962
ML-DSA-87,keygen,869,174178,468126
ML-DSA-87,keygen,870,175223,470862
ML-DSA-87,keygen,871,198270,532882
ML-DSA-87,keygen,872,173975,467574
ML-DSA-87,keygen,873,172355,463170
ML-DSA-87,keygen,874,174683,469480
ML-DSA-87,keygen,875,174584,469214
ML-DSA-87,keygen,876,175055,470484
ML-DSA-87,keygen,877,174565,469090
ML-DSA-87,keygen,878,175167,470782
ML-DSA-87,keygen,879,173267,465670
ML-DSA-87,keygen,880,173267,465674
ML-DSA-87,keygen,881,174651,469394
ML-DSA-87,keygen,882,175656,472100
ML-DSA-87,keygen,883,173058,465112
ML-DSA-87,keygen,884,175438,471510
ML-DSA-87,keygen,885,174669,469442
ML-DSA-87,keygen,886,174098,467910
ML-DSA-87,keygen,887,174338,468550
ML-DSA-87,keygen,888,175777,472424
ML-DSA-87,keygen,889,173565,466472
ML-DSA-87,keygen,890,174949,470194
ML-DSA-87,keygen,891,173482,466254
ML-DSA-87,keygen,892,175022,470394
ML-DSA-87,keygen,893,173279,465704
ML-DSA-87,keygen,894,173541,466412
ML-DSA-87,keygen,895,173836,467206
ML-DSA-87,keygen,896,174344,468574
ML-DSA-87,keygen,897,174910,470094
ML-DSA-87,keygen,898,172644,464002
ML-DSA-87,keygen,899,175605,471956
ML-DSA-87,keygen,900,172167,462720
ML-DSA-87,keygen,901,175549,471810
ML-DSA-87,keygen,902,174834,469886
ML-DSA-87,keygen,903,174546,469110
ML-DSA-87,keygen,904,172648,464012
ML-DSA-87,keygen,905,175203,470876
ML-DSA-87,keygen,906,172970,464878
ML-DSA-87,keygen,907,174653,469398
ML-DSA-87,keygen,908,174551,469126
ML-DSA-87,keygen,909,172940,464794
ML-DSA-87,keygen,910,172738,464256
ML-DSA-87,keygen,911,173421,466086
ML-DSA-87,keygen,912,173493,466284
ML-DSA-87,keygen,913,174007,467660
ML-DSA-87,keygen,914,175772,472402
ML-DSA-87,keygen,915,174710,469552
ML-DSA-87,keygen,916,174175,468116
ML-DSA-87,keygen,917,179465,482338
ML-DSA-87,keygen,918,174601,469262
ML-DSA-87,keygen,919,174424,468786
ML-DSA-87,keygen,920,174632,469344
ML-DSA-87,keygen,921,173471,466224
ML-DSA-87,keygen,922,175848,472614
ML-DSA-87,keygen,923,174689,469498
ML-DSA-87,keygen,924,173652,466706
ML-DSA-87,keygen,925,174795,469780
ML-DSA-87,keygen,926,174946,470186
ML-DSA-87,keygen,927,174339,468556
ML-DSA-87,keygen,928,175533,471760
ML-DSA-87,keygen,929,173791,467088
ML-DSA-87,keygen,930,175178,470810
ML-DSA-87,keygen,931,174090,467816
ML-DSA-87,keygen,932,173237,465592
ML-DSA-87,keygen,933,175090,470576
ML-DSA-87,keygen,934,176753,475046
ML-DSA-87,keygen,935,172576,463818
ML-DSA-87,keygen,936,172243,462922
ML-DSA-87,keygen,937,174823,469856
ML-DSA-87,keygen,938,173667,466752
ML-DSA-87,keygen,939,174350,468586
ML-DSA-87,keygen,940,175115,470640
ML-DSA-87,keygen,941,174814,469838
ML-DSA-87,keygen,942,173965,467554
ML-DSA-87,keygen,943,174071,467834
ML-DSA-87,keygen,944,174891,470044
ML-DSA-87,keygen,945,176124,473356
ML-DSA-87,keygen,946,174516,469032
ML-DSA-87,keygen,947,175721,472270
ML-DSA-87,keygen,948,175489,471648
ML-DSA-87,keygen,949,173493,466278
ML-DSA-87,keygen,950,174308,468474
ML-DSA-87,keygen,951,174285,468412
ML-DSA-87,keygen,952,175657,472100
ML-DSA-87,keygen,953,174314,468492
ML-DSA-87,keygen,954,174899,470064
ML-DSA-87,keygen,955,174840,469904
ML-DSA-87,keygen,956,173340,465872
ML-DSA-87,keygen,957,174764,469696
ML-DSA-87,keygen,958,174849,469930
ML-DSA-87,keygen,959,174956,470220
ML-DSA-87,keygen,960,173215,465534
ML-DSA-87,keygen,961,173008,464978
ML-DSA-87,keygen,962,175978,472962
ML-DSA-87,keygen,963,173429,466110
ML-DSA-87,keygen,964,175129,470680
ML-DSA-87,keygen,965,175057,470486
ML-DSA-87,keygen,966,174329,468532
ML-DSA-87,keygen,967,174019,467696
ML-DSA-87,keygen,968,175281,471088
ML-DSA-87,keygen,969,175093,470582
ML-DSA-87,keygen,970,175314,471176
ML-DSA-87,keygen,971,174206,468196
ML-DSA-87,keygen,972,175111,470632
ML-DSA-87,keygen,973,173108,465250
ML-DSA-87,keygen,974,173978,467586
ML-DSA-87,keygen,975,174584,469216
ML-DSA-87,keygen,976,175211,470902
ML-DSA-87,keygen,977,175092,470582
ML-DSA-87,keygen,978,174696,469514
ML-DSA-87,keygen,979,176636,474734
ML-DSA-87,keygen,980,171151,459990
ML-DSA-87,keygen,981,174588,469218
ML-DSA-87,keygen,982,173444,466152
ML-DSA-87,keygen,983,175198,470864
ML-DSA-87,keygen,984,173993,467628
ML-DSA-87,keygen,985,175732,472300
ML-DSA-87,keygen,986,174545,469108
ML-DSA-87,keygen,987,174219,468236
ML-DSA-87,keygen,988,174919,470118
ML-DSA-87,keygen,989,176301,473830
ML-DSA-87,keygen,990,174317,468496
ML-DSA-87,keygen,991,174963,470234
ML-DSA-87,keygen,992,172122,462596
ML-DSA-87,keygen,993,173913,467412
ML-DSA-87,keygen,994,175880,472698
ML-DSA-87,keygen,995,174475,468922
ML-DSA-87,keygen,996,175653,472088
ML-DSA-87,keygen,997,173356,465916
ML-DSA-87,keygen,998,176715,474946
ML-DSA-87,keygen,999,172892,464668
ML-DSA-87,sign,0,595576,1600468
ML-DSA-87,sign,1,591797,1590648
ML-DSA-87,sign,2,320893,862412
ML-DSA-87,sign,3,321583,864272
ML-DSA-87,sign,4,483539,1299686
ML-DSA-87,sign,5,454881,1222616
ML-DSA-87,sign,6,1129548,3036160
ML-DSA-87,sign,7,587562,1579298
ML-DSA-87,sign,8,995497,2675828
ML-DSA-87,sign,9,456070,1225778
ML-DSA-87,sign,10,451197,1212684
ML-DSA-87,sign,11,461159,1239486
ML-DSA-87,sign,12,1434617,3856182
ML-DSA-87,sign,13,317592,853614
ML-DSA-87,sign,14,749243,2013900
ML-DSA-87,sign,15,1536429,4129852
ML-DSA-87,sign,16,458619,1232654
ML-DSA-87,sign,17,322268,866150
ML-DSA-87,sign,18,317035,852118
ML-DSA-87,sign,19,321105,863026
ML-DSA-87,sign,20,585444,1573606
ML-DSA-87,sign,21,588702,1582364
ML-DSA-87,sign,22,864089,2322606
ML-DSA-87,sign,23,316861,851650
ML-DSA-87,sign,24,3696180,9935264
ML-DSA-87,sign,25,451879,1214582
ML-DSA-87,sign,26,453020,1217650
ML-DSA-87,sign,27,451379,1213234
ML-DSA-87,sign,28,724001,1946006
ML-DSA-87,sign,29,1261153,3389912
ML-DSA-87,sign,30,855438,2299346
ML-DSA-87,sign,31,1122581,3017428
ML-DSA-87,sign,32,1399139,3760818
ML-DSA-87,sign,33,450964,1212122
ML-DSA-87,sign,34,1528880,4109562
ML-DSA-87,sign,35,451463,1213466
ML-DSA-87,sign,36,317999,854716
ML-DSA-87,sign,37,318352,855664
ML-DSA-87,sign,38,1262973,3394770
ML-DSA-87,sign,39,317346,852960
ML-DSA-87,sign,40,855431,2299330
ML-DSA-87,sign,41,718994,1932588
ML-DSA-87,sign,42,725187,1949236
ML-DSA-87,sign,43,989317,2659216
ML-DSA-87,sign,44,317920,854500
ML-DSA-87,sign,45,450575,1211078
ML-DSA-87,sign,46,319278,858150
ML-DSA-87,sign,47,451908,1214662
ML-DSA-87,sign,48,458009,1231060
ML-DSA-87,sign,49,321043,862860
ML-DSA-87,sign,50,317061,852198
ML-DSA-87,sign,51,322433,866586
ML-DSA-87,sign,52,584598,1571328
ML-DSA-87,sign,53,316611,850982
ML-DSA-87,sign,54,317868,854360
ML-DSA-87,sign,55,858368,2307188
ML-DSA-87,sign,56,989118,2658684
ML-DSA-87,sign,57,454297,1221084
ML-DSA-87,sign,58,725112,1948998
ML-DSA-87,sign,59,1128655,3033756
ML-DSA-87,sign,60,1935270,5201938
ML-DSA-87,sign,61,719851,1934896
ML-DSA-87,sign,62,1127820,3031512
ML-DSA-87,sign,63,853509,2294164
ML-DSA-87,sign,64,451824,1214436
ML-DSA-87,sign,65,453127,1217940
ML-DSA-87,sign,66,719500,1933946
ML-DSA-87,sign,67,316786,851456
ML-DSA-87,sign,68,586237,1575738
ML-DSA-87,sign,69,456574,1227202
ML-DSA-87,sign,70,588885,1582854
ML-DSA-87,sign,71,1263059,3395034
ML-DSA-87,sign,72,316740,851278
ML-DSA-87,sign,73,996160,2677612
ML-DSA-87,sign,74,588846,1582752
ML-DSA-87,sign,75,451793,1214352
ML-DSA-87,sign,76,1257667,3380540
ML-DSA-87,sign,77,452540,1216364
ML-DSA-87,sign,78,854692,2297344
ML-DSA-87,sign,79,451625,1213902
ML-DSA-87,sign,80,586373,1576104
ML-DSA-87,sign,81,591805,1590704
ML-DSA-87,sign,82,316073,849538
ML-DSA-87,sign,83,321640,864506
ML-DSA-87,sign,84,719191,1933118
ML-DSA-87,sign,85,455801,1225124
ML-DSA-87,sign,86,452007,1214928
ML-DSA-87,sign,87,1394629,3748692
ML-DSA-87,sign,88,1797657,4832038
ML-DSA-87,sign,89,451463,1213468
ML-DSA-87,sign,90,317009,852050
ML-DSA-87,sign,91,322668,867228
ML-DSA-87,sign,92,853074,2292998
ML-DSA-87,sign,93,456664,1227410
ML-DSA-87,sign,94,315840,848908
ML-DSA-87,sign,95,1529550,4111332
ML-DSA-87,sign,96,585686,1574256
ML-DSA-87,sign,97,1257802,3380902
ML-DSA-87,sign,98,585348,1573348
ML-DSA-87,sign,99,317085,852256
ML-DSA-87,sign,100,321455,864004
ML-DSA-87,sign,101,1122120,3016192
ML-DSA-87,sign,102,316793,851466
ML-DSA-87,sign,103,727704,1956002
ML-DSA-87,sign,104,865394,2326114
ML-DSA-87,sign,105,451419,1213348
ML-DSA-87,sign,106,321040,862888
ML-DSA-87,sign,107,317710,853934
ML-DSA-87,sign,108,1798278,4833706
ML-DSA-87,sign,109,858483,2307534
ML-DSA-87,sign,110,320875,862406
ML-DSA-87,sign,111,320879,862418
ML-DSA-87,sign,112,586854,1577390
ML-DSA-87,sign,113,1270628,3415382
ML-DSA-87,sign,114,452003,1214916
ML-DSA-87,sign,115,451942,1214750
ML-DSA-87,sign,116,1392582,3743192
ML-DSA-87,sign,117,720076,1935494
ML-DSA-87,sign,118,316259,850036
ML-DSA-87,sign,119,720758,1937330
ML-DSA-87,sign,120,1122922,3018342
ML-DSA-87,sign,121,989125,2658702
ML-DSA-87,sign,122,1928737,5184356
ML-DSA-87,sign,123,1283008,3448636
ML-DSA-87,sign,124,324109,871096
ML-DSA-87,sign,125,855115,2298484
ML-DSA-87,sign,126,316648,851082
ML-DSA-87,sign,127,1257273,3379482
ML-DSA-87,sign,128,322063,865642
ML-DSA-87,sign,129,454616,1221908
ML-DSA-87,sign,130,725747,1950700
ML-DSA-87,sign,131,859385,2309962
ML-DSA-87,sign,132,987452,2654204
ML-DSA-87,sign,133,451115,1212530
ML-DSA-87,sign,134,726384,1952452
ML-DSA-87,sign,135,1120572,3012030
ML-DSA-87,sign,136,317208,852588
ML-DSA-87,sign,137,1124901,3023640
ML-DSA-87,sign,138,322027,865540
ML-DSA-87,sign,139,316657,851104
ML-DSA-87,sign,140,451450,1213430
ML-DSA-87,sign,141,1529465,4111138
ML-DSA-87,sign,142,316762,851388
ML-DSA-87,sign,143,457195,1228834
ML-DSA-87,sign,144,317561,853536
ML-DSA-87,sign,145,586566,1576618
ML-DSA-87,sign,146,450939,1212056
ML-DSA-87,sign,147,592349,1592162
ML-DSA-87,sign,148,1392493,3742962
ML-DSA-87,sign,149,595776,1601382
ML-DSA-87,sign,150,856443,2302014
ML-DSA-87,sign,151,454056,1220440
ML-DSA-87,sign,152,1527135,4104870
ML-DSA-87,sign,153,851002,2287428
ML-DSA-87,sign,154,596433,1603144
ML-DSA-87,sign,155,317832,854264
ML-DSA-87,sign,156,724268,1946728
ML-DSA-87,sign,157,316356,850290
ML-DSA-87,sign,158,318168,855170
ML-DSA-87,sign,159,316456,850562
ML-DSA-87,sign,160,592032,1591314
ML-DSA-87,sign,161,719819,1934806
ML-DSA-87,sign,162,1126534,3028056
ML-DSA-87,sign,163,727682,1955942
ML-DSA-87,sign,164,450095,1209786
ML-DSA-87,sign,165,854008,2295506
ML-DSA-87,sign,166,590198,1586384
ML-DSA-87,sign,167,316861,851656
ML-DSA-87,sign,168,452299,1215714
ML-DSA-87,sign,169,586080,1575314
ML-DSA-87,sign,170,321749,864794
ML-DSA-87,sign,171,584727,1571678
ML-DSA-87,sign,172,590343,1586774
ML-DSA-87,sign,173,316773,851418
ML-DSA-87,sign,174,1262531,3393616
ML-DSA-87,sign,175,995276,2675234
ML-DSA-87,sign,176,723663,1945102
ML-DSA-87,sign,177,724210,1946610
ML-DSA-87,sign,178,451479,1213510
ML-DSA-87,sign,179,452554,1216394
ML-DSA-87,sign,180,719944,1935146
ML-DSA-87,sign,181,451353,1213170
ML-DSA-87,sign,182,725250,1949398
ML-DSA-87,sign,183,451117,1212534
ML-DSA-87,sign,184,452212,1215480
ML-DSA-87,sign,185,717799,1929374
ML-DSA-87,sign,186,319999,860088
ML-DSA-87,sign,187,718651,1931662
ML-DSA-87,sign,188,322990,868128
ML-DSA-87,sign,189,451958,1214792
ML-DSA-87,sign,190,317367,853012
ML-DSA-87,sign,191,588563,1581990
ML-DSA-87,sign,192,316035,849434
ML-DSA-87,sign,193,452667,1216700
ML-DSA-87,sign,194,317134,852390
ML-DSA-87,sign,195,457131,1228662
ML-DSA-87,sign,196,316804,851500
ML-DSA-87,sign,197,853580,2294354
ML-DSA-87,sign,198,319228,858018
ML-DSA-87,sign,199,317727,853984
ML-DSA-87,sign,200,587498,1579124
ML-DSA-87,sign,201,316723,851284
ML-DSA-87,sign,202,452198,1215442
ML-DSA-87,sign,203,586218,1575688
ML-DSA-87,sign,204,2072526,5570880
ML-DSA-87,sign,205,458211,1231606
ML-DSA-87,sign,206,451314,1213062
ML-DSA-87,sign,207,724309,1946872
ML-DSA-87,sign,208,724661,1947782
ML-DSA-87,sign,209,316143,849720
ML-DSA-87,sign,210,453546,1219058
ML-DSA-87,sign,211,317323,852898
ML-DSA-87,sign,212,1129543,3036110
ML-DSA-87,sign,213,1260720,3388748
ML-DSA-87,sign,214,588697,1582352
ML-DSA-87,sign,215,854617,2297144
ML-DSA-87,sign,216,1528302,4108010
ML-DSA-87,sign,217,587183,1578280
ML-DSA-87,sign,218,316101,849612
ML-DSA-87,sign,219,856038,2300958
ML-DSA-87,sign,220,314962,846548
ML-DSA-87,sign,221,1793462,4820760
ML-DSA-87,sign,222,989782,2660462
ML-DSA-87,sign,223,724395,1947106
ML-DSA-87,sign,224,584146,1570114
ML-DSA-87,sign,225,321438,863956
ML-DSA-87,sign,226,450970,1212136
ML-DSA-87,sign,227,728925,1959250
ML-DSA-87,sign,228,1393312,3745154
ML-DSA-87,sign,229,451672,1214024
ML-DSA-87,sign,230,721064,1938150
ML-DSA-87,sign,231,1125937,3026448
ML-DSA-87,sign,232,318650,856462
ML-DSA-87,sign,233,315876,849002
ML-DSA-87,sign,234,1125334,3024830
ML-DSA-87,sign,235,586055,1575246
ML-DSA-87,sign,236,726661,1953198
ML-DSA-87,sign,237,452845,1217182
ML-DSA-87,sign,238,1393343,3745242
ML-DSA-87,sign,239,452485,1216214
ML-DSA-87,sign,240,865459,2326250
ML-DSA-87,sign,241,317368,853016
ML-DSA-87,sign,242,316644,851070
ML-DSA-87,sign,243,856114,2301168
ML-DSA-87,sign,244,459116,1234002
ML-DSA-87,sign,245,585686,1574256
ML-DSA-87,sign,246,317972,854642
ML-DSA-87,sign,247,316312,850180
ML-DSA-87,sign,248,1126717,3028550
ML-DSA-87,sign,249,452351,1215850
ML-DSA-87,sign,250,589109,1583462
ML-DSA-87,sign,251,590637,1587564
ML-DSA-87,sign,252,858545,2307660
ML-DSA-87,sign,253,590147,1586208
ML-DSA-87,sign,254,586713,1577016
ML-DSA-87,sign,255,586555,1576594
ML-DSA-87,sign,256,856092,2301110
ML-DSA-87,sign,257,318524,856126
ML-DSA-87,sign,258,1396161,3752814
ML-DSA-87,sign,259,724259,1946708
ML-DSA-87,sign,260,726273,1952112
ML-DSA-87,sign,261,1001160,2691050
ML-DSA-87,sign,262,585984,1575058
ML-DSA-87,sign,263,316730,851302
ML-DSA-87,sign,264,855221,2298770
ML-DSA-87,sign,265,316604,850962
ML-DSA-87,sign,266,1126514,3028002
ML-DSA-87,sign,267,319535,858850
ML-DSA-87,sign,268,1125134,3024294
ML-DSA-87,sign,269,317009,852054
ML-DSA-87,sign,270,317668,853826
ML-DSA-87,sign,271,1121464,3014426
ML-DSA-87,sign,272,451422,1213354
ML-DSA-87,sign,273,1798779,4835050
ML-DSA-87,sign,274,316694,851202
ML-DSA-87,sign,275,321044,862844
ML-DSA-87,sign,276,316250,850014
ML-DSA-87,sign,277,317336,852934
ML-DSA-87,sign,278,609140,1637250
ML-DSA-87,sign,279,317977,854652
ML-DSA-87,sign,280,343721,923850
ML-DSA-87,sign,281,2870090,7714730
ML-DSA-87,sign,282,322389,866516
ML-DSA-87,sign,283,988081,2655892
ML-DSA-87,sign,284,1657951,4456502
ML-DSA-87,sign,285,455811,1225150
ML-DSA-87,sign,286,318072,854906
ML-DSA-87,sign,287,451911,1214670
ML-DSA-87,sign,288,452073,1215104
ML-DSA-87,sign,289,593852,1596206
ML-DSA-87,sign,290,316843,851560
ML-DSA-87,sign,291,859660,2310664
ML-DSA-87,sign,292,455625,1224654
ML-DSA-87,sign,293,452744,1216908
ML-DSA-87,sign,294,316687,851186
ML-DSA-87,sign,295,317557,853524
ML-DSA-87,sign,296,587903,1580212
ML-DSA-87,sign,297,318265,855426
ML-DSA-87,sign,298,590272,1586582
ML-DSA-87,sign,299,316944,851876
ML-DSA-87,sign,300,1659957,4461900
ML-DSA-87,sign,301,584529,1571148
ML-DSA-87,sign,302,318526,856132
ML-DSA-87,sign,303,724309,1946870
ML-DSA-87,sign,304,317047,852156
ML-DSA-87,sign,305,315929,849150
ML-DSA-87,sign,306,854471,2296752
ML-DSA-87,sign,307,317211,852592
ML-DSA-87,sign,308,589711,1585070
ML-DSA-87,sign,309,316915,851800
ML-DSA-87,sign,310,722953,1943232
ML-DSA-87,sign,311,1258043,3381552
ML-DSA-87,sign,312,585513,1573792
ML-DSA-87,sign,313,317404,853116
ML-DSA-87,sign,314,1125788,3026048
ML-DSA-87,sign,315,726380,1952404
ML-DSA-87,sign,316,862568,2318478
ML-DSA-87,sign,317,316570,850874
ML-DSA-87,sign,318,1127129,3029656
ML-DSA-87,sign,319,317874,854380
ML-DSA-87,sign,320,1527175,4104974
ML-DSA-87,sign,321,1527743,4106506
ML-DSA-87,sign,322,316839,851596
ML-DSA-87,sign,323,450945,1212074
ML-DSA-87,sign,324,319173,857870
ML-DSA-87,sign,325,451175,1212692
ML-DSA-87,sign,326,324908,873252
ML-DSA-87,sign,327,1264103,3397842
ML-DSA-87,sign,328,861129,2314648
ML-DSA-87,sign,329,456140,1226040
ML-DSA-87,sign,330,1002162,2693706
ML-DSA-87,sign,331,457006,1228362
ML-DSA-87,sign,332,450867,1211866
ML-DSA-87,sign,333,317440,853212
ML-DSA-87,sign,334,455358,1223904
ML-DSA-87,sign,335,583631,1568734
ML-DSA-87,sign,336,987219,2653576
ML-DSA-87,sign,337,456235,1226256
ML-DSA-87,sign,338,997724,2681782
ML-DSA-87,sign,339,322094,865678
ML-DSA-87,sign,340,586666,1576886
ML-DSA-87,sign,341,720697,1937166
ML-DSA-87,sign,342,585500,1573756
ML-DSA-87,sign,343,1020961,2744276
ML-DSA-87,sign,344,452887,1217290
ML-DSA-87,sign,345,451683,1214056
ML-DSA-87,sign,346,453551,1219082
ML-DSA-87,sign,347,322507,866834
ML-DSA-87,sign,348,450113,1209836
ML-DSA-87,sign,349,862964,2319580
ML-DSA-87,sign,350,591297,1589340
ML-DSA-87,sign,351,1527582,4106032
ML-DSA-87,sign,352,587894,1580192
ML-DSA-87,sign,353,586660,1576874
ML-DSA-87,sign,354,986008,2650320
ML-DSA-87,sign,355,457650,1230048
ML-DSA-87,sign,356,724270,1946722
ML-DSA-87,sign,357,320279,860800
ML-DSA-87,sign,358,321179,863224
ML-DSA-87,sign,359,320650,861798
ML-DSA-87,sign,360,459836,1235922
ML-DSA-87,sign,361,317260,852730
ML-DSA-87,sign,362,1122429,3017028
ML-DSA-87,sign,363,451300,1213024
ML-DSA-87,sign,364,721060,1938142
ML-DSA-87,sign,365,450844,1211798
ML-DSA-87,sign,366,316795,851472
ML-DSA-87,sign,367,1533612,4122282
ML-DSA-87,sign,368,451607,1213854
ML-DSA-87,sign,369,2738355,7360632
ML-DSA-87,sign,370,720810,1937468
ML-DSA-87,sign,371,586059,1575258
ML-DSA-87,sign,372,457007,1228370
ML-DSA-87,sign,373,855563,2299688
ML-DSA-87,sign,374,2199038,5910950
ML-DSA-87,sign,375,453479,1218886
ML-DSA-87,sign,376,453335,1218496
ML-DSA-87,sign,377,580592,1560564
ML-DSA-87,sign,378,727465,1955354
ML-DSA-87,sign,379,316914,851798
ML-DSA-87,sign,380,723179,1943836
ML-DSA-87,sign,381,858375,2307242
ML-DSA-87,sign,382,592221,1591784
ML-DSA-87,sign,383,854204,2296032
ML-DSA-87,sign,384,856045,2300980
ML-DSA-87,sign,385,863340,2320584
ML-DSA-87,sign,386,316937,851860
ML-DSA-87,sign,387,856337,2301762
ML-DSA-87,sign,388,318978,857344
ML-DSA-87,sign,389,987853,2655286
ML-DSA-87,sign,390,1124801,3023394
ML-DSA-87,sign,391,720060,1935450
ML-DSA-87,sign,392,316639,851058
ML-DSA-87,sign,393,317917,854492
ML-DSA-87,sign,394,315191,847168
ML-DSA-87,sign,395,1393870,3746654
ML-DSA-87,sign,396,316602,850886
ML-DSA-87,sign,397,316441,850526
ML-DSA-87,sign,398,317440,853210
ML-DSA-87,sign,399,995384,2675528
ML-DSA-87,sign,400,454320,1221148
ML-DSA-87,sign,401,721293,1938768
ML-DSA-87,sign,402,454117,1220600
ML-DSA-87,sign,403,322114,865730
ML-DSA-87,sign,404,858093,2306484
ML-DSA-87,sign,405,321392,863836
ML-DSA-87,sign,406,855795,2300308
ML-DSA-87,sign,407,451726,1214176
ML-DSA-87,sign,408,452869,1217242
ML-DSA-87,sign,409,453866,1219922
ML-DSA-87,sign,410,1125306,3024754
ML-DSA-87,sign,411,317743,854026
ML-DSA-87,sign,412,316939,851864
ML-DSA-87,sign,413,316741,851324
ML-DSA-87,sign,414,592216,1591808
ML-DSA-87,sign,415,1398403,3758840
ML-DSA-87,sign,416,318402,855796
ML-DSA-87,sign,417,451255,1212904
ML-DSA-87,sign,418,1122368,3016856
ML-DSA-87,sign,419,455954,1225468
ML-DSA-87,sign,420,320060,860182
ML-DSA-87,sign,421,588859,1582744
ML-DSA-87,sign,422,1529258,4110578
ML-DSA-87,sign,423,990443,2662242
ML-DSA-87,sign,424,1658855,4458926
ML-DSA-87,sign,425,451694,1214086
ML-DSA-87,sign,426,2334355,6274682
ML-DSA-87,sign,427,591109,1588828
ML-DSA-87,sign,428,719704,1934496
ML-DSA-87,sign,429,860362,2312586
ML-DSA-87,sign,430,321204,863328
ML-DSA-87,sign,431,321360,863704
ML-DSA-87,sign,432,455248,1223638
ML-DSA-87,sign,433,588089,1580718
ML-DSA-87,sign,434,590375,1586860
ML-DSA-87,sign,435,859896,2311334
ML-DSA-87,sign,436,316758,851378
ML-DSA-87,sign,437,591346,1589474
ML-DSA-87,sign,438,585535,1573848
ML-DSA-87,sign,439,587303,1578602
ML-DSA-87,sign,440,589819,1585326
ML-DSA-87,sign,441,585777,1574496
ML-DSA-87,sign,442,316333,850228
ML-DSA-87,sign,443,1263369,3395822
ML-DSA-87,sign,444,317080,852242
ML-DSA-87,sign,445,450973,1212148
ML-DSA-87,sign,446,457446,1229546
ML-DSA-87,sign,447,451119,1212540
ML-DSA-87,sign,448,456665,1227400
ML-DSA-87,sign,449,449609,1208480
ML-DSA-87,sign,450,993415,2670190
ML-DSA-87,sign,451,1259096,3384340
ML-DSA-87,sign,452,1662663,4469174
ML-DSA-87,sign,453,315246,847310
ML-DSA-87,sign,454,317742,854022
ML-DSA-87,sign,455,1799985,4838292
ML-DSA-87,sign,456,320973,862662
ML-DSA-87,sign,457,321166,863190
ML-DSA-87,sign,458,590603,1587428
ML-DSA-87,sign,459,857586,2305122
ML-DSA-87,sign,460,719837,1934852
ML-DSA-87,sign,461,322598,867074
ML-DSA-87,sign,462,454007,1220300
ML-DSA-87,sign,463,584758,1571760
ML-DSA-87,sign,464,584569,1571248
ML-DSA-87,sign,465,321117,863098
ML-DSA-87,sign,466,585398,1573484
ML-DSA-87,sign,467,317891,854424
ML-DSA-87,sign,468,725407,1949828
ML-DSA-87,sign,469,452706,1216810
ML-DSA-87,sign,470,1662393,4468444
ML-DSA-87,sign,471,990810,2663192
ML-DSA-87,sign,472,586351,1576044
ML-DSA-87,sign,473,451143,1212606
ML-DSA-87,sign,474,589358,1584094
ML-DSA-87,sign,475,317550,853502
ML-DSA-87,sign,476,456723,1227564
ML-DSA-87,sign,477,1795906,4827326
ML-DSA-87,sign,478,585562,1573924
ML-DSA-87,sign,479,317722,853968
ML-DSA-87,sign,480,1291113,3470444
ML-DSA-87,sign,481,585596,1574016
ML-DSA-87,sign,482,322925,867950
ML-DSA-87,sign,483,451895,1214632
ML-DSA-87,sign,484,2332944,6270888
ML-DSA-87,sign,485,1124267,3021958
ML-DSA-87,sign,486,994081,2672020
ML-DSA-87,sign,487,729414,1960562
ML-DSA-87,sign,488,591699,1590390
ML-DSA-87,sign,489,1001301,2691428
ML-DSA-87,sign,490,321672,864546
ML-DSA-87,sign,491,318149,855118
ML-DSA-87,sign,492,318384,855750
ML-DSA-87,sign,493,856015,2300900
ML-DSA-87,sign,494,720621,1936964
ML-DSA-87,sign,495,724885,1948426
ML-DSA-87,sign,496,2740244,7365710
ML-DSA-87,sign,497,316641,851064
ML-DSA-87,sign,498,1123000,3018560
ML-DSA-87,sign,499,451364,1213200
ML-DSA-87,sign,500,727029,1954188
ML-DSA-87,sign,501,318313,855556
ML-DSA-87,sign,502,856979,2303494
ML-DSA-87,sign,503,586337,1576006
ML-DSA-87,sign,504,318889,857102
ML-DSA-87,sign,505,586000,1575102
ML-DSA-87,sign,506,316424,850484
ML-DSA-87,sign,507,722234,1941300
ML-DSA-87,sign,508,1257654,3380506
ML-DSA-87,sign,509,588147,1580874
ML-DSA-87,sign,510,993879,2671484
ML-DSA-87,sign,511,454504,1221642
ML-DSA-87,sign,512,583882,1569408
ML-DSA-87,sign,513,316862,851656
ML-DSA-87,sign,514,1125475,3025208
ML-DSA-87,sign,515,718814,1932102
ML-DSA-87,sign,516,991690,2665590
ML-DSA-87,sign,517,317325,852898
ML-DSA-87,sign,518,317151,852430
ML-DSA-87,sign,519,993896,2671524
ML-DSA-87,sign,520,450477,1210810
ML-DSA-87,sign,521,1257373,3379744
ML-DSA-87,sign,522,582500,1565692
ML-DSA-87,sign,523,595099,1599560
ML-DSA-87,sign,524,315516,848034
ML-DSA-87,sign,525,317111,852324
ML-DSA-87,sign,526,588229,1581092
ML-DSA-87,sign,527,722467,1941924
ML-DSA-87,sign,528,317287,852802
ML-DSA-87,sign,529,318025,854784
ML-DSA-87,sign,530,585300,1573218
ML-DSA-87,sign,531,316986,851990
ML-DSA-87,sign,532,323022,868216
ML-DSA-87,sign,533,853633,2294494
ML-DSA-87,sign,534,856875,2303172
ML-DSA-87,sign,535,856180,2301340
ML-DSA-87,sign,536,316578,850892
ML-DSA-87,sign,537,722110,1940966
ML-DSA-87,sign,538,316733,851310
ML-DSA-87,sign,539,452196,1215436
ML-DSA-87,sign,540,317265,852738
ML-DSA-87,sign,541,858704,2308128
ML-DSA-87,sign,542,317019,852078
ML-DSA-87,sign,543,455946,1225516
ML-DSA-87,sign,544,1395091,3749934
ML-DSA-87,sign,545,720450,1936498
ML-DSA-87,sign,546,854108,2295776
ML-DSA-87,sign,547,316931,851846
ML-DSA-87,sign,548,855314,2299018
ML-DSA-87,sign,549,1121084,3013410
ML-DSA-87,sign,550,864141,2322746
ML-DSA-87,sign,551,451806,1214382
ML-DSA-87,sign,552,317351,852972
ML-DSA-87,sign,553,1264440,3398706
ML-DSA-87,sign,554,586633,1576804
ML-DSA-87,sign,555,1528999,4109884
ML-DSA-87,sign,556,1541804,4144304
ML-DSA-87,sign,557,853375,2293808
ML-DSA-87,sign,558,993316,2669964
ML-DSA-87,sign,559,719326,1933480
ML-DSA-87,sign,560,318948,857264
ML-DSA-87,sign,561,317404,853114
ML-DSA-87,sign,562,451485,1213524
ML-DSA-87,sign,563,457045,1228422
ML-DSA-87,sign,564,317678,853850
ML-DSA-87,sign,565,317286,852796
ML-DSA-87,sign,566,1259687,3385972
ML-DSA-87,sign,567,1126437,3027794
ML-DSA-87,sign,568,447663,1203248
ML-DSA-87,sign,569,323189,868662
ML-DSA-87,sign,570,316793,851474
ML-DSA-87,sign,571,988644,2657410
ML-DSA-87,sign,572,991995,2666372
ML-DSA-87,sign,573,456064,1225790
ML-DSA-87,sign,574,720297,1936090
ML-DSA-87,sign,575,452062,1215076
ML-DSA-87,sign,576,317223,852626
ML-DSA-87,sign,577,316007,849358
ML-DSA-87,sign,578,989454,2659586
ML-DSA-87,sign,579,317172,852492
ML-DSA-87,sign,580,619121,1664130
ML-DSA-87,sign,581,721910,1940428
ML-DSA-87,sign,582,316734,851314
ML-DSA-87,sign,583,988583,2657240
ML-DSA-87,sign,584,455775,1225056
ML-DSA-87,sign,585,2199858,5913150
ML-DSA-87,sign,586,1122413,3016978
ML-DSA-87,sign,587,451753,1214242
ML-DSA-87,sign,588,1263367,3395860
ML-DSA-87,sign,589,455458,1224204
ML-DSA-87,sign,590,592114,1591532
ML-DSA-87,sign,591,585203,1572958
ML-DSA-87,sign,592,319126,857738
ML-DSA-87,sign,593,720567,1936818
ML-DSA-87,sign,594,720588,1936874
ML-DSA-87,sign,595,1126530,3028046
ML-DSA-87,sign,596,726048,1951504
ML-DSA-87,sign,597,316525,850754
ML-DSA-87,sign,598,720599,1936904
ML-DSA-87,sign,599,858121,2306562
ML-DSA-87,sign,600,320726,862002
ML-DSA-87,sign,601,585984,1575054
ML-DSA-87,sign,602,450535,1210970
ML-DSA-87,sign,603,858383,2307264
ML-DSA-87,sign,604,1669983,4488842
ML-DSA-87,sign,605,460178,1236842
ML-DSA-87,sign,606,593706,1595768
ML-DSA-87,sign,607,590070,1586000
ML-DSA-87,sign,608,856721,2302798
ML-DSA-87,sign,609,1127521,3030660
ML-DSA-87,sign,610,459346,1234656
ML-DSA-87,sign,611,450485,1210834
ML-DSA-87,sign,612,317667,853822
ML-DSA-87,sign,613,451379,1213238
ML-DSA-87,sign,614,1661158,4465126
ML-DSA-87,sign,615,718334,1930810
ML-DSA-87,sign,616,868874,2335418
ML-DSA-87,sign,617,1264192,3398032
ML-DSA-87,sign,618,315436,847826
ML-DSA-87,sign,619,451652,1213976
ML-DSA-87,sign,620,724529,1947468
ML-DSA-87,sign,621,317559,853534
ML-DSA-87,sign,622,589669,1584962
ML-DSA-87,sign,623,583326,1567912
ML-DSA-87,sign,624,452155,1215326
ML-DSA-87,sign,625,451138,1212596
ML-DSA-87,sign,626,322079,865684
ML-DSA-87,sign,627,450803,1211696
ML-DSA-87,sign,628,590851,1588134
ML-DSA-87,sign,629,318829,856942
ML-DSA-87,sign,630,316888,851728
ML-DSA-87,sign,631,457326,1229180
ML-DSA-87,sign,632,452014,1214946
ML-DSA-87,sign,633,722391,1941720
ML-DSA-87,sign,634,455129,1223320
ML-DSA-87,sign,635,584621,1571394
ML-DSA-87,sign,636,589318,1584020
ML-DSA-87,sign,637,1123738,3020540
ML-DSA-87,sign,638,316901,851694
ML-DSA-87,sign,639,317033,852118
ML-DSA-87,sign,640,1393151,3744726
ML-DSA-87,sign,641,1529632,4111580
ML-DSA-87,sign,642,322334,866362
ML-DSA-87,sign,643,593641,1595606
ML-DSA-87,sign,644,1687791,4536712
ML-DSA-87,sign,645,726021,1951440
ML-DSA-87,sign,646,454205,1220800
ML-DSA-87,sign,647,455882,1225300
ML-DSA-87,sign,648,993546,2670584
ML-DSA-87,sign,649,1391222,3739540
ML-DSA-87,sign,650,1666930,4480640
ML-DSA-87,sign,651,316928,851832
ML-DSA-87,sign,652,1804160,4849514
ML-DSA-87,sign,653,1397798,3757214
ML-DSA-87,sign,654,457122,1228630
ML-DSA-87,sign,655,455112,1223230
ML-DSA-87,sign,656,1123418,3019678
ML-DSA-87,sign,657,855454,2299390
ML-DSA-87,sign,658,451787,1214338
ML-DSA-87,sign,659,318481,856012
ML-DSA-87,sign,660,448429,1205308
ML-DSA-87,sign,661,590959,1588430
ML-DSA-87,sign,662,586368,1576090
ML-DSA-87,sign,663,865945,2327594
ML-DSA-87,sign,664,598007,1607332
ML-DSA-87,sign,665,452334,1215806
ML-DSA-87,sign,666,720324,1936168
ML-DSA-87,sign,667,316605,850968
ML-DSA-87,sign,668,1560060,4193368
ML-DSA-87,sign,669,450454,1210754
ML-DSA-87,sign,670,317789,854148
ML-DSA-87,sign,671,586756,1577128
ML-DSA-87,sign,672,314877,846322
ML-DSA-87,sign,673,720984,1937938
ML-DSA-87,sign,674,724479,1947330
ML-DSA-87,sign,675,735033,1975698
ML-DSA-87,sign,676,317495,853356
ML-DSA-87,sign,677,1796093,4827832
ML-DSA-87,sign,678,857917,2306012
ML-DSA-87,sign,679,451769,1214284
ML-DSA-87,sign,680,451996,1214892
ML-DSA-87,sign,681,718209,1930478
ML-DSA-87,sign,682,322037,865572
ML-DSA-87,sign,683,316632,851038
ML-DSA-87,sign,684,591579,1590054
ML-DSA-87,sign,685,451145,1212606
ML-DSA-87,sign,686,317938,854554
ML-DSA-87,sign,687,456433,1226826
ML-DSA-87,sign,688,317251,852702
ML-DSA-87,sign,689,317143,852412
ML-DSA-87,sign,690,987126,2653326
ML-DSA-87,sign,691,1258953,3383998
ML-DSA-87,sign,692,2613370,7024670
ML-DSA-87,sign,693,1261514,3390878
ML-DSA-87,sign,694,453774,1219676
ML-DSA-87,sign,695,591138,1588912
ML-DSA-87,sign,696,316843,851608
ML-DSA-87,sign,697,587151,1578196
ML-DSA-87,sign,698,1395502,3751038
ML-DSA-87,sign,699,590684,1587642
ML-DSA-87,sign,700,318684,856544
ML-DSA-87,sign,701,316554,850828
ML-DSA-87,sign,702,587375,1578792
ML-DSA-87,sign,703,317046,852150
ML-DSA-87,sign,704,317617,853688
ML-DSA-87,sign,705,722841,1942928
ML-DSA-87,sign,706,316946,851882
ML-DSA-87,sign,707,317208,852586
ML-DSA-87,sign,708,452834,1217148
ML-DSA-87,sign,709,318346,855646
ML-DSA-87,sign,710,2071056,5566934
ML-DSA-87,sign,711,853950,2295352
ML-DSA-87,sign,712,454141,1220666
ML-DSA-87,sign,713,585476,1573688
ML-DSA-87,sign,714,719240,1933248
ML-DSA-87,sign,715,585595,1574012
ML-DSA-87,sign,716,316872,851686
ML-DSA-87,sign,717,732881,1969916
ML-DSA-87,sign,718,317620,853696
ML-DSA-87,sign,719,586544,1576566
ML-DSA-87,sign,720,317115,852336
ML-DSA-87,sign,721,456596,1227212
ML-DSA-87,sign,722,1665825,4477670
ML-DSA-87,sign,723,989073,2658562
ML-DSA-87,sign,724,720449,1936500
ML-DSA-87,sign,725,586534,1576528
ML-DSA-87,sign,726,1122926,3018356
ML-DSA-87,sign,727,995160,2674918
ML-DSA-87,sign,728,450445,1210728
ML-DSA-87,sign,729,456811,1227790
ML-DSA-87,sign,730,316256,850030
ML-DSA-87,sign,731,857688,2305398
ML-DSA-87,sign,732,451617,1213876
ML-DSA-87,sign,733,1932850,5195440
ML-DSA-87,sign,734,453830,1219822
ML-DSA-87,sign,735,450160,1209966
ML-DSA-87,sign,736,994780,2673860
ML-DSA-87,sign,737,590051,1585990
ML-DSA-87,sign,738,588829,1582658
ML-DSA-87,sign,739,1395696,3751566
ML-DSA-87,sign,740,718629,1931604
ML-DSA-87,sign,741,321377,863794
ML-DSA-87,sign,742,589443,1584350
ML-DSA-87,sign,743,320828,862270
ML-DSA-87,sign,744,316340,850254
ML-DSA-87,sign,745,316070,849524
ML-DSA-87,sign,746,1392455,3742852
ML-DSA-87,sign,747,450695,1211402
ML-DSA-87,sign,748,857253,2304222
ML-DSA-87,sign,749,586257,1575792
ML-DSA-87,sign,750,317664,853814
ML-DSA-87,sign,751,869378,2336822
ML-DSA-87,sign,752,320848,862324
ML-DSA-87,sign,753,585758,1574448
ML-DSA-87,sign,754,850209,2285294
ML-DSA-87,sign,755,589380,1584186
ML-DSA-87,sign,756,857709,2305456
ML-DSA-87,sign,757,1299915,3494102
ML-DSA-87,sign,758,317116,852342
ML-DSA-87,sign,759,452331,1215794
ML-DSA-87,sign,760,590842,1588116
ML-DSA-87,sign,761,722780,1942770
ML-DSA-87,sign,762,725540,1950184
ML-DSA-87,sign,763,316565,850856
ML-DSA-87,sign,764,457135,1228664
ML-DSA-87,sign,765,585329,1573300
ML-DSA-87,sign,766,586854,1577400
ML-DSA-87,sign,767,584167,1570172
ML-DSA-87,sign,768,453117,1217910
ML-DSA-87,sign,769,1401491,3767136
ML-DSA-87,sign,770,327115,879192
ML-DSA-87,sign,771,724297,1946802
ML-DSA-87,sign,772,452561,1216396
ML-DSA-87,sign,773,996189,2677644
ML-DSA-87,sign,774,316652,851094
ML-DSA-87,sign,775,723777,1945444
ML-DSA-87,sign,776,317320,852890
ML-DSA-87,sign,777,853913,2295248
ML-DSA-87,sign,778,720674,1937104
ML-DSA-87,sign,779,451898,1214634
ML-DSA-87,sign,780,1803239,4847038
ML-DSA-87,sign,781,590666,1587642
ML-DSA-87,sign,782,723038,1943458
ML-DSA-87,sign,783,324706,872694
ML-DSA-87,sign,784,452627,1216554
ML-DSA-87,sign,785,994692,2673614
ML-DSA-87,sign,786,590115,1586108
ML-DSA-87,sign,787,992228,2667042
ML-DSA-87,sign,788,584577,1571280
ML-DSA-87,sign,789,322503,866822
ML-DSA-87,sign,790,450934,1212044
ML-DSA-87,sign,791,318085,854948
ML-DSA-87,sign,792,451887,1214602
ML-DSA-87,sign,793,316517,850730
ML-DSA-87,sign,794,456622,1227290
ML-DSA-87,sign,795,853266,2293514
ML-DSA-87,sign,796,452645,1216642
ML-DSA-87,sign,797,587696,1579660
ML-DSA-87,sign,798,584574,1571264
ML-DSA-87,sign,799,1527689,4106356
ML-DSA-87,sign,800,855450,2299388
ML-DSA-87,sign,801,586565,1576622
ML-DSA-87,sign,802,450170,1209988
ML-DSA-87,sign,803,318171,855178
ML-DSA-87,sign,804,585303,1573220
ML-DSA-87,sign,805,590829,1588082
ML-DSA-87,sign,806,316929,851836
ML-DSA-87,sign,807,453126,1217934
ML-DSA-87,sign,808,1123664,3020338
ML-DSA-87,sign,809,315356,847610
ML-DSA-87,sign,810,317810,854202
ML-DSA-87,sign,811,998128,2682902
ML-DSA-87,sign,812,720315,1936138
ML-DSA-87,sign,813,318550,856198
ML-DSA-87,sign,814,1529372,4110884
ML-DSA-87,sign,815,592145,1591614
ML-DSA-87,sign,816,320410,861194
ML-DSA-87,sign,817,721857,1940282
ML-DSA-87,sign,818,449940,1209370
ML-DSA-87,sign,819,1394842,3749266
ML-DSA-87,sign,820,1662283,4468150
ML-DSA-87,sign,821,451783,1214320
ML-DSA-87,sign,822,450603,1211152
ML-DSA-87,sign,823,316922,851822
ML-DSA-87,sign,824,452153,1215320
ML-DSA-87,sign,825,725561,1950242
ML-DSA-87,sign,826,321941,865270
ML-DSA-87,sign,827,721545,1939442
ML-DSA-87,sign,828,1130290,3038152
ML-DSA-87,sign,829,585699,1574296
ML-DSA-87,sign,830,1126322,3027488
ML-DSA-87,sign,831,450994,1212204
ML-DSA-87,sign,832,1261420,3390634
ML-DSA-87,sign,833,994737,2673786
ML-DSA-87,sign,834,457736,1230288
ML-DSA-87,sign,835,1123254,3019218
ML-DSA-87,sign,836,585763,1574462
ML-DSA-87,sign,837,1264056,3397718
ML-DSA-87,sign,838,317331,852920
ML-DSA-87,sign,839,587946,1580332
ML-DSA-87,sign,840,992343,2667314
ML-DSA-87,sign,841,587850,1580008
ML-DSA-87,sign,842,730074,1962372
ML-DSA-87,sign,843,1934912,5200976
ML-DSA-87,sign,844,316893,851738
ML-DSA-87,sign,845,728689,1958652
ML-DSA-87,sign,846,321975,865398
ML-DSA-87,sign,847,333592,896626
ML-DSA-87,sign,848,456101,1225930
ML-DSA-87,sign,849,1933719,5197770
ML-DSA-87,sign,850,317832,854270
ML-DSA-87,sign,851,585578,1573964
ML-DSA-87,sign,852,998038,2682652
ML-DSA-87,sign,853,451264,1212930
ML-DSA-87,sign,854,320683,861930
ML-DSA-87,sign,855,720210,1935858
ML-DSA-87,sign,856,455883,1225350
ML-DSA-87,sign,857,316785,851452
ML-DSA-87,sign,858,587334,1578680
ML-DSA-87,sign,859,857208,2304110
ML-DSA-87,sign,860,718853,1932214
ML-DSA-87,sign,861,724607,1947664
ML-DSA-87,sign,862,451390,1213268
ML-DSA-87,sign,863,318154,855132
ML-DSA-87,sign,864,1671693,4493442
ML-DSA-87,sign,865,318384,855748
ML-DSA-87,sign,866,1127160,3029740
ML-DSA-87,sign,867,314794,846096
ML-DSA-87,sign,868,590570,1587378
ML-DSA-87,sign,869,453093,1217842
ML-DSA-87,sign,870,2199315,5911692
ML-DSA-87,sign,871,854814,2297674
ML-DSA-87,sign,872,724106,1946332
ML-DSA-87,sign,873,727600,1955724
ML-DSA-87,sign,874,451326,1213096
ML-DSA-87,sign,875,452823,1217120
ML-DSA-87,sign,876,452071,1215100
ML-DSA-87,sign,877,454888,1222666
ML-DSA-87,sign,878,718610,1931556
ML-DSA-87,sign,879,323542,869614
ML-DSA-87,sign,880,1662963,4469974
ML-DSA-87,sign,881,457128,1228698
ML-DSA-87,sign,882,586411,1576206
ML-DSA-87,sign,883,999970,2687856
ML-DSA-87,sign,884,321831,865012
ML-DSA-87,sign,885,984824,2647142
ML-DSA-87,sign,886,1393256,3744972
ML-DSA-87,sign,887,321813,864968
ML-DSA-87,sign,888,330667,888700
ML-DSA-87,sign,889,462439,1242970
ML-DSA-87,sign,890,466940,1255066
ML-DSA-87,sign,891,1831064,4921832
ML-DSA-87,sign,892,319611,859044
ML-DSA-87,sign,893,855301,2298984
ML-DSA-87,sign,894,455985,1225622
ML-DSA-87,sign,895,721425,1939122
ML-DSA-87,sign,896,591148,1588930
ML-DSA-87,sign,897,997529,2681292
ML-DSA-87,sign,898,1127537,3030746
ML-DSA-87,sign,899,586695,1576966
ML-DSA-87,sign,900,453876,1219950
ML-DSA-87,sign,901,587723,1579734
ML-DSA-87,sign,902,594053,1596748
ML-DSA-87,sign,903,855316,2298982
ML-DSA-87,sign,904,715717,1923778
ML-DSA-87,sign,905,455012,1223000
ML-DSA-87,sign,906,454308,1221112
ML-DSA-87,sign,907,584645,1571456
ML-DSA-87,sign,908,452200,1215442
ML-DSA-87,sign,909,989507,2659730
ML-DSA-87,sign,910,1930520,5189168
ML-DSA-87,sign,911,316457,850570
ML-DSA-87,sign,912,1397237,3755708
ML-DSA-87,sign,913,726636,1953088
ML-DSA-87,sign,914,322559,866970
ML-DSA-87,sign,915,1131438,3041234
ML-DSA-87,sign,916,590670,1587656
ML-DSA-87,sign,917,316287,850112
ML-DSA-87,sign,918,1390792,3738380
ML-DSA-87,sign,919,993204,2669660
ML-DSA-87,sign,920,587434,1578954
ML-DSA-87,sign,921,1662776,4469478
ML-DSA-87,sign,922,317252,852706
ML-DSA-87,sign,923,592672,1593034
ML-DSA-87,sign,924,728936,1959306
ML-DSA-87,sign,925,452803,1217064
ML-DSA-87,sign,926,317999,854710
ML-DSA-87,sign,927,1395615,3751342
ML-DSA-87,sign,928,591968,1591104
ML-DSA-87,sign,929,1929984,5187692
ML-DSA-87,sign,930,988445,2656872
ML-DSA-87,sign,931,987684,2654826
ML-DSA-87,sign,932,316771,851410
ML-DSA-87,sign,933,1122838,3018120
ML-DSA-87,sign,934,451644,1213948
ML-DSA-87,sign,935,1931544,5191924
ML-DSA-87,sign,936,1530404,4113660
ML-DSA-87,sign,937,1130714,3039292
ML-DSA-87,sign,938,859979,2311560
ML-DSA-87,sign,939,319943,859940
ML-DSA-87,sign,940,321116,863056
ML-DSA-87,sign,941,318846,856954
ML-DSA-87,sign,942,323542,869570
ML-DSA-87,sign,943,1656481,4452556
ML-DSA-87,sign,944,321485,864084
ML-DSA-87,sign,945,723449,1944522
ML-DSA-87,sign,946,325661,875312
ML-DSA-87,sign,947,2473852,6649648
ML-DSA-87,sign,948,858354,2307190
ML-DSA-87,sign,949,720887,1937680
ML-DSA-87,sign,950,853809,2294974
ML-DSA-87,sign,951,1130174,3037834
ML-DSA-87,sign,952,316776,851426
ML-DSA-87,sign,953,316697,851208
ML-DSA-87,sign,954,321047,862902
ML-DSA-87,sign,955,990618,2662706
ML-DSA-87,sign,956,318606,856344
ML-DSA-87,sign,957,322248,866130
ML-DSA-87,sign,958,585543,1573872
ML-DSA-87,sign,959,584807,1571894
ML-DSA-87,sign,960,321470,864044
ML-DSA-87,sign,961,451197,1212750
ML-DSA-87,sign,962,1001471,2691886
ML-DSA-87,sign,963,317996,854708
ML-DSA-87,sign,964,723736,1945334
ML-DSA-87,sign,965,727501,1955456
ML-DSA-87,sign,966,450530,1210958
ML-DSA-87,sign,967,721338,1938886
ML-DSA-87,sign,968,1260640,3388526
ML-DSA-87,sign,969,321543,864238
ML-DSA-87,sign,970,450288,1210300
ML-DSA-87,sign,971,317214,852604
ML-DSA-87,sign,972,452206,1215462
ML-DSA-87,sign,973,585269,1573132
ML-DSA-87,sign,974,1131005,3040076
ML-DSA-87,sign,975,320174,860558
ML-DSA-87,sign,976,318705,856612
ML-DSA-87,sign,977,322894,867874
ML-DSA-87,sign,978,1128629,3033640
ML-DSA-87,sign,979,450693,1211394
ML-DSA-87,sign,980,996418,2678256
ML-DSA-87,sign,981,725004,1948746
ML-DSA-87,sign,982,719640,1934324
ML-DSA-87,sign,983,317721,853970
ML-DSA-87,sign,984,451657,1213986
ML-DSA-87,sign,985,860869,2313878
ML-DSA-87,sign,986,586954,1577618
ML-DSA-87,sign,987,318068,854898
ML-DSA-87,sign,988,597273,1605358
ML-DSA-87,sign,989,452412,1216014
ML-DSA-87,sign,990,317774,854106
ML-DSA-87,sign,991,317355,852990
ML-DSA-87,sign,992,593144,1594302
ML-DSA-87,sign,993,320912,862496
ML-DSA-87,sign,994,1135664,3052596
ML-DSA-87,sign,995,319291,858188
ML-DSA-87,sign,996,455912,1225420
ML-DSA-87,sign,997,317698,853904
ML-DSA-87,sign,998,317423,853160
ML-DSA-87,sign,999,322145,865804
ML-DSA-87,verify,0,184970,497092
ML-DSA-87,verify,1,184201,495034
ML-DSA-87,verify,2,184645,496264
ML-DSA-87,verify,3,185266,497924
ML-DSA-87,verify,4,184105,494804
ML-DSA-87,verify,5,184396,495590
ML-DSA-87,verify,6,183834,494084
ML-DSA-87,verify,7,183834,494084
ML-DSA-87,verify,8,186166,500348
ML-DSA-87,verify,9,184234,495156
ML-DSA-87,verify,10,183613,493486
ML-DSA-87,verify,11,183837,494086
ML-DSA-87,verify,12,183701,493728
ML-DSA-87,verify,13,183885,494220
ML-DSA-87,verify,14,185592,498802
ML-DSA-87,verify,15,184361,495496
ML-DSA-87,verify,16,184522,495924
ML-DSA-87,verify,17,184372,495532
ML-DSA-87,verify,18,184632,496226
ML-DSA-87,verify,19,185522,498616
ML-DSA-87,verify,20,183014,491872
ML-DSA-87,verify,21,183314,492682
ML-DSA-87,verify,22,183363,492814
ML-DSA-87,verify,23,183537,493284
ML-DSA-87,verify,24,184729,496486
ML-DSA-87,verify,25,184507,495888
ML-DSA-87,verify,26,183631,493536
ML-DSA-87,verify,27,183620,493502
ML-DSA-87,verify,28,183603,493464
ML-DSA-87,verify,29,183435,493012
ML-DSA-87,verify,30,184569,496058
ML-DSA-87,verify,31,183064,492012
ML-DSA-87,verify,32,182397,490218
ML-DSA-87,verify,33,182809,491328
ML-DSA-87,verify,34,182138,489520
ML-DSA-87,verify,35,183312,492680
ML-DSA-87,verify,36,184052,494660
ML-DSA-87,verify,37,184358,495486
ML-DSA-87,verify,38,184109,494822
ML-DSA-87,verify,39,184241,495178
ML-DSA-87,verify,40,183162,492272
ML-DSA-87,verify,41,184920,497000
ML-DSA-87,verify,42,183514,493224
ML-DSA-87,verify,43,184347,495460
ML-DSA-87,verify,44,184856,496832
ML-DSA-87,verify,45,184094,494778
ML-DSA-87,verify,46,186908,502350
ML-DSA-87,verify,47,182025,489220
ML-DSA-87,verify,48,182934,491664
ML-DSA-87,verify,49,182186,489646
ML-DSA-87,verify,50,183074,492038
ML-DSA-87,verify,51,183997,494522
ML-DSA-87,verify,52,184970,497130
ML-DSA-87,verify,53,182512,490526
ML-DSA-87,verify,54,181962,489054
ML-DSA-87,verify,55,182686,490996
ML-DSA-87,verify,56,184089,494764
ML-DSA-87,verify,57,184922,497008
ML-DSA-87,verify,58,182876,491504
ML-DSA-87,verify,59,183079,492046
ML-DSA-87,verify,60,184313,495364
ML-DSA-87,verify,61,184177,494998
ML-DSA-87,verify,62,184789,496644
ML-DSA-87,verify,63,182589,490734
ML-DSA-87,verify,64,183783,493944
ML-DSA-87,verify,65,184670,496330
ML-DSA-87,verify,66,182849,491436
ML-DSA-87,verify,67,182818,491354
ML-DSA-87,verify,68,183311,492674
ML-DSA-87,verify,69,184099,494788
ML-DSA-87,verify,70,184146,494914
ML-DSA-87,verify,71,184815,496718
ML-DSA-87,verify,72,184804,496688
ML-DSA-87,verify,73,185133,497574
ML-DSA-87,verify,74,181981,489100
ML-DSA-87,verify,75,182170,489604
ML-DSA-87,verify,76,182875,491498
ML-DSA-87,verify,77,182128,489490
ML-DSA-87,verify,78,181983,489106
ML-DSA-87,verify,79,183748,493850
ML-DSA-87,verify,80,184293,495314
ML-DSA-87,verify,81,184611,496168
ML-DSA-87,verify,82,183856,494142
ML-DSA-87,verify,83,184100,494794
ML-DSA-87,verify,84,185007,497232
ML-DSA-87,verify,85,183459,493070
ML-DSA-87,verify,86,183383,492870
ML-DSA-87,verify,87,183405,492924
ML-DSA-87,verify,88,183470,493104
ML-DSA-87,verify,89,183461,493080
ML-DSA-87,verify,90,185151,497618
ML-DSA-87,verify,91,184700,496402
ML-DSA-87,verify,92,183788,493960
ML-DSA-87,verify,93,183511,493214
ML-DSA-87,verify,94,183889,494226
ML-DSA-87,verify,95,185172,497676
ML-DSA-87,verify,96,183186,492342
ML-DSA-87,verify,97,183980,494472
ML-DSA-87,verify,98,183496,493176
ML-DSA-87,verify,99,182449,490362
ML-DSA-87,verify,100,184224,495126
ML-DSA-87,verify,101,183788,493958
ML-DSA-87,verify,102,184228,495140
ML-DSA-87,verify,103,184005,494538
ML-DSA-87,verify,104,184009,494554
ML-DSA-87,verify,105,183241,492488
ML-DSA-87,verify,106,185489,498526
ML-DSA-87,verify,107,184047,494656
ML-DSA-87,verify,108,184180,495006
ML-DSA-87,verify,109,184191,495042
ML-DSA-87,verify,110,184127,494868
ML-DSA-87,verify,111,186155,500316
ML-DSA-87,verify,112,184520,495928
ML-DSA-87,verify,113,184824,496740
ML-DSA-87,verify,114,184309,495362
ML-DSA-87,verify,115,184546,496000
ML-DSA-87,verify,116,184376,495538
ML-DSA-87,verify,117,185536,498660
ML-DSA-87,verify,118,184284,495290
ML-DSA-87,verify,119,182109,489448
ML-DSA-87,verify,120,182630,490848
ML-DSA-87,verify,121,181755,488500
ML-DSA-87,verify,122,203226,546208
ML-DSA-87,verify,123,182813,491338
ML-DSA-87,verify,124,183624,493516
ML-DSA-87,verify,125,183660,493616
ML-DSA-87,verify,126,183133,492196
ML-DSA-87,verify,127,184634,496232
ML-DSA-87,verify,128,184393,495588
ML-DSA-87,verify,129,183998,494520
ML-DSA-87,verify,130,184319,495378
ML-DSA-87,verify,131,183733,493810
ML-DSA-87,verify,132,184414,495644
ML-DSA-87,verify,133,185603,498830
ML-DSA-87,verify,134,183485,493144
ML-DSA-87,verify,135,183676,493658
ML-DSA-87,verify,136,183815,494028
ML-DSA-87,verify,137,183533,493268
ML-DSA-87,verify,138,184897,496934
ML-DSA-87,verify,139,183826,494054
ML-DSA-87,verify,140,187307,503420
ML-DSA-87,verify,141,183606,493472
ML-DSA-87,verify,142,183221,492430
ML-DSA-87,verify,143,183172,492304
ML-DSA-87,verify,144,184572,496064
ML-DSA-87,verify,145,183680,493666
ML-DSA-87,verify,146,184215,495104
ML-DSA-87,verify,147,184373,495526
ML-DSA-87,verify,148,183952,494396
ML-DSA-87,verify,149,185076,497416
ML-DSA-87,verify,150,182997,491832
ML-DSA-87,verify,151,182330,490038
ML-DSA-87,verify,152,182046,489280
ML-DSA-87,verify,153,182218,489740
ML-DSA-87,verify,154,183214,492416
ML-DSA-87,verify,155,185173,497674
ML-DSA-87,verify,156,184378,495546
ML-DSA-87,verify,157,184663,496308
ML-DSA-87,verify,158,184215,495106
ML-DSA-87,verify,159,184247,495194
ML-DSA-87,verify,160,185402,498286
ML-DSA-87,verify,161,184327,495402
ML-DSA-87,verify,162,183485,493138
ML-DSA-87,verify,163,183938,494364
ML-DSA-87,verify,164,184081,494748
ML-DSA-87,verify,165,185304,498034
ML-DSA-87,verify,166,184929,497028
ML-DSA-87,verify,167,184740,496522
ML-DSA-87,verify,168,184799,496676
ML-DSA-87,verify,169,184771,496602
ML-DSA-87,verify,170,185284,497978
ML-DSA-87,verify,171,185775,499294
ML-DSA-87,verify,172,183047,491968
ML-DSA-87,verify,173,182785,491260
ML-DSA-87,verify,174,183447,493040
ML-DSA-87,verify,175,183434,493006
ML-DSA-87,verify,176,185265,497916
ML-DSA-87,verify,177,183300,492644
ML-DSA-87,verify,178,184093,494780
ML-DSA-87,verify,179,183664,493624
ML-DSA-87,verify,180,183493,493166
ML-DSA-87,verify,181,183056,491988
ML-DSA-87,verify,182,185570,498742
ML-DSA-87,verify,183,184942,497062
ML-DSA-87,verify,184,184203,495076
ML-DSA-87,verify,185,183912,494292
ML-DSA-87,verify,186,184020,494576
ML-DSA-87,verify,187,184683,496360
ML-DSA-87,verify,188,183522,493246
ML-DSA-87,verify,189,182674,490966
ML-DSA-87,verify,190,182041,489260
ML-DSA-87,verify,191,182408,490250
ML-DSA-87,verify,192,182550,490636
ML-DSA-87,verify,193,185074,497410
ML-DSA-87,verify,194,183551,493314
ML-DSA-87,verify,195,183650,493590
ML-DSA-87,verify,196,183747,493846
ML-DSA-87,verify,197,183346,492772
ML-DSA-87,verify,198,184606,496156
ML-DSA-87,verify,199,182083,489374
ML-DSA-87,verify,200,183857,494144
ML-DSA-87,verify,201,184994,497202
ML-DSA-87,verify,202,182470,490416
ML-DSA-87,verify,203,184172,494988
ML-DSA-87,verify,204,184273,495260
ML-DSA-87,verify,205,184200,495066
ML-DSA-87,verify,206,183960,494422
ML-DSA-87,verify,207,184013,494566
ML-DSA-87,verify,208,183220,492428
ML-DSA-87,verify,209,184959,497094
ML-DSA-87,verify,210,185584,498786
ML-DSA-87,verify,211,185231,497834
ML-DSA-87,verify,212,184837,496778
ML-DSA-87,verify,213,184376,495534
ML-DSA-87,verify,214,184150,494930
ML-DSA-87,verify,215,184047,494648
ML-DSA-87,verify,216,184458,495760
ML-DSA-87,verify,217,184041,494636
ML-DSA-87,verify,218,183505,493202
ML-DSA-87,verify,219,183842,494096
ML-DSA-87,verify,220,184874,496872
ML-DSA-87,verify,221,184092,494772
ML-DSA-87,verify,222,185072,497412
ML-DSA-87,verify,223,184475,495804
ML-DSA-87,verify,224,184096,494786
ML-DSA-87,verify,225,186490,501220
ML-DSA-87,verify,226,182648,490892
ML-DSA-87,verify,227,182780,491252
ML-DSA-87,verify,228,183489,493156
ML-DSA-87,verify,229,183402,492920
ML-DSA-87,verify,230,184580,496082
ML-DSA-87,verify,231,184080,494744
ML-DSA-87,verify,232,184285,495296
ML-DSA-87,verify,233,184243,495186
ML-DSA-87,verify,234,185023,497276
ML-DSA-87,verify,235,184439,495706
ML-DSA-87,verify,236,185348,498152
ML-DSA-87,verify,237,185065,497386
ML-DSA-87,verify,238,184859,496832
ML-DSA-87,verify,239,184116,494842
ML-DSA-87,verify,240,184262,495228
ML-DSA-87,verify,241,186824,502110
ML-DSA-87,verify,242,184155,494942
ML-DSA-87,verify,243,183947,494388
ML-DSA-87,verify,244,184840,496782
ML-DSA-87,verify,245,184792,496652
ML-DSA-87,verify,246,183999,494520
ML-DSA-87,verify,247,185922,499696
ML-DSA-87,verify,248,184789,496648
ML-DSA-87,verify,249,184195,495052
ML-DSA-87,verify,250,183967,494436
ML-DSA-87,verify,251,184552,496014
ML-DSA-87,verify,252,185924,499696
ML-DSA-87,verify,253,183679,493664
ML-DSA-87,verify,254,183771,493912
ML-DSA-87,verify,255,183928,494338
ML-DSA-87,verify,256,184607,496156
ML-DSA-87,verify,257,184292,495314
ML-DSA-87,verify,258,183902,494260
ML-DSA-87,verify,259,181931,488962
ML-DSA-87,verify,260,182541,490598
ML-DSA-87,verify,261,184923,497006
ML-DSA-87,verify,262,182725,491094
ML-DSA-87,verify,263,183294,492624
ML-DSA-87,verify,264,184333,495420
ML-DSA-87,verify,265,184371,495522
ML-DSA-87,verify,266,183841,494100
ML-DSA-87,verify,267,183708,493738
ML-DSA-87,verify,268,183129,492176
ML-DSA-87,verify,269,183637,493554
ML-DSA-87,verify,270,183822,494052
ML-DSA-87,verify,271,183508,493206
ML-DSA-87,verify,272,183415,492954
ML-DSA-87,verify,273,183622,493512
ML-DSA-87,verify,274,185232,497836
ML-DSA-87,verify,275,183497,493174
ML-DSA-87,verify,276,183603,493458
ML-DSA-87,verify,277,183596,493436
ML-DSA-87,verify,278,183936,494352
ML-DSA-87,verify,279,185427,498358
ML-DSA-87,verify,280,183731,493806
ML-DSA-87,verify,281,184222,495122
ML-DSA-87,verify,282,183323,492712
ML-DSA-87,verify,283,184280,495276
ML-DSA-87,verify,284,184255,495218
ML-DSA-87,verify,285,185110,497512
ML-DSA-87,verify,286,184008,494550
ML-DSA-87,verify,287,184555,496016
ML-DSA-87,verify,288,183327,492716
ML-DSA-87,verify,289,183680,493668
ML-DSA-87,verify,290,184459,495758
ML-DSA-87,verify,291,183842,494106
ML-DSA-87,verify,292,183865,494164
ML-DSA-87,verify,293,183813,494028
ML-DSA-87,verify,294,183776,493924
ML-DSA-87,verify,295,185226,497814
ML-DSA-87,verify,296,183021,491898
ML-DSA-87,verify,297,183823,494050
ML-DSA-87,verify,298,184336,495428
ML-DSA-87,verify,299,183990,494502
ML-DSA-87,verify,300,183700,493716
ML-DSA-87,verify,301,184807,496692
ML-DSA-87,verify,302,184504,495878
ML-DSA-87,verify,303,183757,493876
ML-DSA-87,verify,304,184067,494714
ML-DSA-87,verify,305,184072,494726
ML-DSA-87,verify,306,184957,497098
ML-DSA-87,verify,307,182777,491236
ML-DSA-87,verify,308,182414,490268
ML-DSA-87,verify,309,182744,491150
ML-DSA-87,verify,310,183462,493082
ML-DSA-87,verify,311,182698,491028
ML-DSA-87,verify,312,184182,495008
ML-DSA-87,verify,313,182842,491416
ML-DSA-87,verify,314,183470,493106
ML-DSA-87,verify,315,183287,492606
ML-DSA-87,verify,316,183124,492170
ML-DSA-87,verify,317,184063,494696
ML-DSA-87,verify,318,183388,492882
ML-DSA-87,verify,319,184082,494750
ML-DSA-87,verify,320,183433,493006
ML-DSA-87,verify,321,183743,493838
ML-DSA-87,verify,322,184414,495642
ML-DSA-87,verify,323,184194,495044
ML-DSA-87,verify,324,183775,493924
ML-DSA-87,verify,325,184305,495346
ML-DSA-87,verify,326,184144,494914
ML-DSA-87,verify,327,184340,495442
ML-DSA-87,verify,328,185218,497800
ML-DSA-87,verify,329,182232,489774
ML-DSA-87,verify,330,185554,498702
ML-DSA-87,verify,331,185980,499852
ML-DSA-87,verify,332,182378,490174
ML-DSA-87,verify,333,183177,492312
ML-DSA-87,verify,334,184636,496238
ML-DSA-87,verify,335,185014,497254
ML-DSA-87,verify,336,185751,499234
ML-DSA-87,verify,337,184087,494760
ML-DSA-87,verify,338,182176,489628
ML-DSA-87,verify,339,184056,494674
ML-DSA-87,verify,340,183562,493348
ML-DSA-87,verify,341,183946,494382
ML-DSA-87,verify,342,184265,495240
ML-DSA-87,verify,343,184176,495000
ML-DSA-87,verify,344,185419,498342
ML-DSA-87,verify,345,184149,494932
ML-DSA-87,verify,346,184456,495754
ML-DSA-87,verify,347,182751,491174
ML-DSA-87,verify,348,183177,492316
ML-DSA-87,verify,349,183180,492324
ML-DSA-87,verify,350,185175,497686
ML-DSA-87,verify,351,183725,493792
ML-DSA-87,verify,352,183611,493484
ML-DSA-87,verify,353,184380,495544
ML-DSA-87,verify,354,183224,492444
ML-DSA-87,verify,355,184751,496546
ML-DSA-87,verify,356,183749,493854
ML-DSA-87,verify,357,183555,493334
ML-DSA-87,verify,358,183719,493774
ML-DSA-87,verify,359,183632,493532
ML-DSA-87,verify,360,183737,493818
ML-DSA-87,verify,361,183880,494208
ML-DSA-87,verify,362,183481,493128
ML-DSA-87,verify,363,182647,490886
ML-DSA-87,verify,364,182415,490266
ML-DSA-87,verify,365,182187,489656
ML-DSA-87,verify,366,183839,494098
ML-DSA-87,verify,367,183871,494176
ML-DSA-87,verify,368,184508,495898
ML-DSA-87,verify,369,184428,495674
ML-DSA-87,verify,370,184184,495022
ML-DSA-87,verify,371,186293,500688
ML-DSA-87,verify,372,184927,497018
ML-DSA-87,verify,373,183562,493350
ML-DSA-87,verify,374,184247,495186
ML-DSA-87,verify,375,183716,493762
ML-DSA-87,verify,376,184214,495104
ML-DSA-87,verify,377,185440,498394
ML-DSA-87,verify,378,183034,491928
ML-DSA-87,verify,379,182838,491408
ML-DSA-87,verify,380,183379,492860
ML-DSA-87,verify,381,224609,603394
ML-DSA-87,verify,382,184947,497072
ML-DSA-87,verify,383,184585,496098
ML-DSA-87,verify,384,185183,497704
ML-DSA-87,verify,385,196190,527294
ML-DSA-87,verify,386,182909,491594
ML-DSA-87,verify,387,183717,493770
ML-DSA-87,verify,388,183429,492996
ML-DSA-87,verify,389,183123,492174
ML-DSA-87,verify,390,184721,496462
ML-DSA-87,verify,391,184457,495756
ML-DSA-87,verify,392,184703,496418
ML-DSA-87,verify,393,184397,495596
ML-DSA-87,verify,394,183908,494278
ML-DSA-87,verify,395,184921,496980
ML-DSA-87,verify,396,187660,504358
ML-DSA-87,verify,397,184448,495734
ML-DSA-87,verify,398,183891,494242
ML-DSA-87,verify,399,184360,495498
ML-DSA-87,verify,400,184640,496254
ML-DSA-87,verify,401,186332,500762
ML-DSA-87,verify,402,183711,493752
ML-DSA-87,verify,403,185235,497848
ML-DSA-87,verify,404,183778,493932
ML-DSA-87,verify,405,183787,493958
ML-DSA-87,verify,406,185348,498154
ML-DSA-87,verify,407,183614,493492
ML-DSA-87,verify,408,182813,491338
ML-DSA-87,verify,409,181682,488300
ML-DSA-87,verify,410,183717,493766
ML-DSA-87,verify,411,183539,493288
ML-DSA-87,verify,412,185611,498856
ML-DSA-87,verify,413,182292,489938
ML-DSA-87,verify,414,182049,489286
ML-DSA-87,verify,415,182940,491682
ML-DSA-87,verify,416,183963,494434
ML-DSA-87,verify,417,185387,498258
ML-DSA-87,verify,418,183933,494348
ML-DSA-87,verify,419,184830,496758
ML-DSA-87,verify,420,184672,496338
ML-DSA-87,verify,421,184198,495064
ML-DSA-87,verify,422,184631,496226
ML-DSA-87,verify,423,185907,499650
ML-DSA-87,verify,424,184107,494818
ML-DSA-87,verify,425,184158,494952
ML-DSA-87,verify,426,184158,494952
ML-DSA-87,verify,427,184128,494872
ML-DSA-87,verify,428,186628,501586
ML-DSA-87,verify,429,183381,492864
ML-DSA-87,verify,430,182478,490436
ML-DSA-87,verify,431,182493,490480
ML-DSA-87,verify,432,182050,489288
ML-DSA-87,verify,433,186985,502552
ML-DSA-87,verify,434,196176,527256
ML-DSA-87,verify,435,184865,496854
ML-DSA-87,verify,436,184701,496410
ML-DSA-87,verify,437,184079,494738
ML-DSA-87,verify,438,185060,497374
ML-DSA-87,verify,439,203926,548078
ML-DSA-87,verify,440,184909,496972
ML-DSA-87,verify,441,184139,494902
ML-DSA-87,verify,442,184702,496414
ML-DSA-87,verify,443,184627,496208
ML-DSA-87,verify,444,187078,502798
ML-DSA-87,verify,445,183184,492336
ML-DSA-87,verify,446,183658,493606
ML-DSA-87,verify,447,184108,494820
ML-DSA-87,verify,448,183421,492972
ML-DSA-87,verify,449,184350,495472
ML-DSA-87,verify,450,184679,496350
ML-DSA-87,verify,451,183422,492974
ML-DSA-87,verify,452,184466,495780
ML-DSA-87,verify,453,183963,494428
ML-DSA-87,verify,454,184505,495888
ML-DSA-87,verify,455,185818,499412
ML-DSA-87,verify,456,183130,492190
ML-DSA-87,verify,457,182804,491316
ML-DSA-87,verify,458,182517,490540
ML-DSA-87,verify,459,182238,489792
ML-DSA-87,verify,460,184145,494916
ML-DSA-87,verify,461,183313,492682
ML-DSA-87,verify,462,183189,492352
ML-DSA-87,verify,463,183397,492910
ML-DSA-87,verify,464,182965,491748
ML-DSA-87,verify,465,183294,492628
ML-DSA-87,verify,466,183970,494440
ML-DSA-87,verify,467,183817,494034
ML-DSA-87,verify,468,184292,495314
ML-DSA-87,verify,469,184245,495184
ML-DSA-87,verify,470,183895,494248
ML-DSA-87,verify,471,185566,498736
ML-DSA-87,verify,472,184393,495578
ML-DSA-87,verify,473,184307,495352
ML-DSA-87,verify,474,184472,495792
ML-DSA-87,verify,475,184566,496046
ML-DSA-87,verify,476,184882,496900
ML-DSA-87,verify,477,185229,497822
ML-DSA-87,verify,478,184040,494638
ML-DSA-87,verify,479,184858,496832
ML-DSA-87,verify,480,183626,493522
ML-DSA-87,verify,481,184433,495688
ML-DSA-87,verify,482,185889,499602
ML-DSA-87,verify,483,183048,491972
ML-DSA-87,verify,484,183706,493734
ML-DSA-87,verify,485,183871,494174
ML-DSA-87,verify,486,184251,495202
ML-DSA-87,verify,487,183991,494496
ML-DSA-87,verify,488,186178,500380
ML-DSA-87,verify,489,185450,498426
ML-DSA-87,verify,490,185458,498444
ML-DSA-87,verify,491,185491,498536
ML-DSA-87,verify,492,185004,497228
ML-DSA-87,verify,493,185384,498242
ML-DSA-87,verify,494,184536,495970
ML-DSA-87,verify,495,184414,495644
ML-DSA-87,verify,496,184633,496230
ML-DSA-87,verify,497,184477,495814
ML-DSA-87,verify,498,186092,500148
ML-DSA-87,verify,499,184635,496238
ML-DSA-87,verify,500,183733,493818
ML-DSA-87,verify,501,183712,493756
ML-DSA-87,verify,502,183690,493696
ML-DSA-87,verify,503,184124,494860
ML-DSA-87,verify,504,189748,509978
ML-DSA-87,verify,505,185876,499570
ML-DSA-87,verify,506,183761,493888
ML-DSA-87,verify,507,184273,495260
ML-DSA-87,verify,508,183735,493812
ML-DSA-87,verify,509,185758,499254
ML-DSA-87,verify,510,181843,488728
ML-DSA-87,verify,511,182388,490192
ML-DSA-87,verify,512,182756,491188
ML-DSA-87,verify,513,182424,490292
ML-DSA-87,verify,514,183817,494034
ML-DSA-87,verify,515,183148,492240
ML-DSA-87,verify,516,182872,491500
ML-DSA-87,verify,517,182907,491588
ML-DSA-87,verify,518,183442,493032
ML-DSA-87,verify,519,183017,491888
ML-DSA-87,verify,520,185014,497248
ML-DSA-87,verify,521,185333,498116
ML-DSA-87,verify,522,184624,496204
ML-DSA-87,verify,523,185644,498944
ML-DSA-87,verify,524,184145,494912
ML-DSA-87,verify,525,185836,499458
ML-DSA-87,verify,526,182463,490402
ML-DSA-87,verify,527,182320,490014
ML-DSA-87,verify,528,182166,489602
ML-DSA-87,verify,529,182164,489596
ML-DSA-87,verify,530,182060,489312
ML-DSA-87,verify,531,183596,493442
ML-DSA-87,verify,532,182127,489490
ML-DSA-87,verify,533,182508,490520
ML-DSA-87,verify,534,182594,490746
ML-DSA-87,verify,535,182766,491210
ML-DSA-87,verify,536,184319,495382
ML-DSA-87,verify,537,183449,493044
ML-DSA-87,verify,538,183399,492912
ML-DSA-87,verify,539,183894,494244
ML-DSA-87,verify,540,183241,492490
ML-DSA-87,verify,541,183428,492982
ML-DSA-87,verify,542,186122,500230
ML-DSA-87,verify,543,184547,495998
ML-DSA-87,verify,544,186006,499922
ML-DSA-87,verify,545,186216,500488
ML-DSA-87,verify,546,185071,497408
ML-DSA-87,verify,547,185773,499290
ML-DSA-87,verify,548,182948,491700
ML-DSA-87,verify,549,183857,494146
ML-DSA-87,verify,550,183634,493546
ML-DSA-87,verify,551,183674,493652
ML-DSA-87,verify,552,184979,497158
ML-DSA-87,verify,553,184770,496594
ML-DSA-87,verify,554,184936,497046
ML-DSA-87,verify,555,185181,497698
ML-DSA-87,verify,556,184646,496260
ML-DSA-87,verify,557,184660,496306
ML-DSA-87,verify,558,186149,500302
ML-DSA-87,verify,559,184631,496218
ML-DSA-87,verify,560,184764,496584
ML-DSA-87,verify,561,184667,496318
ML-DSA-87,verify,562,184527,495946
ML-DSA-87,verify,563,186135,500266
ML-DSA-87,verify,564,184629,496220
ML-DSA-87,verify,565,184717,496454
ML-DSA-87,verify,566,185309,498046
ML-DSA-87,verify,567,184763,496580
ML-DSA-87,verify,568,184708,496432
ML-DSA-87,verify,569,185728,499172
ML-DSA-87,verify,570,185643,498936
ML-DSA-87,verify,571,184577,496078
ML-DSA-87,verify,572,184657,496298
ML-DSA-87,verify,573,185024,497278
ML-DSA-87,verify,574,186386,500940
ML-DSA-87,verify,575,182488,490460
ML-DSA-87,verify,576,182279,489902
ML-DSA-87,verify,577,182663,490936
ML-DSA-87,verify,578,183625,493522
ML-DSA-87,verify,579,182603,490772
ML-DSA-87,verify,580,183592,493430
ML-DSA-87,verify,581,181845,488732
ML-DSA-87,verify,582,183058,491990
ML-DSA-87,verify,583,182502,490500
ML-DSA-87,verify,584,182533,490580
ML-DSA-87,verify,585,183704,493730
ML-DSA-87,verify,586,185136,497580
ML-DSA-87,verify,587,184609,496162
ML-DSA-87,verify,588,185321,498072
ML-DSA-87,verify,589,184805,496684
ML-DSA-87,verify,590,186256,500592
ML-DSA-87,verify,591,184473,495798
ML-DSA-87,verify,592,185712,499126
ML-DSA-87,verify,593,185188,497722
ML-DSA-87,verify,594,184974,497150
ML-DSA-87,verify,595,184070,494716
ML-DSA-87,verify,596,186605,501532
ML-DSA-87,verify,597,185451,498424
ML-DSA-87,verify,598,184482,495824
ML-DSA-87,verify,599,183816,494032
ML-DSA-87,verify,600,184494,495854
ML-DSA-87,verify,601,185980,499844
ML-DSA-87,verify,602,184103,494806
ML-DSA-87,verify,603,184248,495196
ML-DSA-87,verify,604,184484,495828
ML-DSA-87,verify,605,184282,495286
ML-DSA-87,verify,606,184102,494802
ML-DSA-87,verify,607,185483,498514
ML-DSA-87,verify,608,183354,492792
ML-DSA-87,verify,609,183125,492180
ML-DSA-87,verify,610,184886,496898
ML-DSA-87,verify,611,185023,497282
ML-DSA-87,verify,612,184999,497210
ML-DSA-87,verify,613,182526,490568
ML-DSA-87,verify,614,184301,495336
ML-DSA-87,verify,615,184369,495518
ML-DSA-87,verify,616,185000,497212
ML-DSA-87,verify,617,186662,501682
ML-DSA-87,verify,618,184405,495612
ML-DSA-87,verify,619,187047,502714
ML-DSA-87,verify,620,185205,497768
ML-DSA-87,verify,621,186563,501420
ML-DSA-87,verify,622,185447,498422
ML-DSA-87,verify,623,185620,498878
ML-DSA-87,verify,624,184663,496312
ML-DSA-87,verify,625,185132,497574
ML-DSA-87,verify,626,184738,496512
ML-DSA-87,verify,627,184747,496534
ML-DSA-87,verify,628,186221,500494
ML-DSA-87,verify,629,183686,493688
ML-DSA-87,verify,630,183126,492176
ML-DSA-87,verify,631,183600,493452
ML-DSA-87,verify,632,183052,491980
ML-DSA-87,verify,633,183315,492686
ML-DSA-87,verify,634,183760,493882
ML-DSA-87,verify,635,184812,496706
ML-DSA-87,verify,636,183343,492764
ML-DSA-87,verify,637,185503,498564
ML-DSA-87,verify,638,186299,500704
ML-DSA-87,verify,639,184480,495814
ML-DSA-87,verify,640,184243,495182
ML-DSA-87,verify,641,183931,494340
ML-DSA-87,verify,642,184376,495542
ML-DSA-87,verify,643,184552,496004
ML-DSA-87,verify,644,185349,498154
ML-DSA-87,verify,645,184349,495470
ML-DSA-87,verify,646,184870,496866
ML-DSA-87,verify,647,184528,495948
ML-DSA-87,verify,648,184128,494868
ML-DSA-87,verify,649,185324,498086
ML-DSA-87,verify,650,185470,498480
ML-DSA-87,verify,651,185192,497728
ML-DSA-87,verify,652,185371,498212
ML-DSA-87,verify,653,185195,497740
ML-DSA-87,verify,654,185133,497578
ML-DSA-87,verify,655,187241,503236
ML-DSA-87,verify,656,184209,495090
ML-DSA-87,verify,657,184844,496792
ML-DSA-87,verify,658,184884,496902
ML-DSA-87,verify,659,185790,499340
ML-DSA-87,verify,660,184560,496030
ML-DSA-87,verify,661,184332,495420
ML-DSA-87,verify,662,183065,492014
ML-DSA-87,verify,663,183287,492610
ML-DSA-87,verify,664,183223,492442
ML-DSA-87,verify,665,183095,492094
ML-DSA-87,verify,666,186268,500628
ML-DSA-87,verify,667,183050,491968
ML-DSA-87,verify,668,182946,491694
ML-DSA-87,verify,669,182866,491482
ML-DSA-87,verify,670,183094,492070
ML-DSA-87,verify,671,185079,497426
ML-DSA-87,verify,672,189911,510388
ML-DSA-87,verify,673,185191,497728
ML-DSA-87,verify,674,184499,495870
ML-DSA-87,verify,675,184534,495964
ML-DSA-87,verify,676,184580,496088
ML-DSA-87,verify,677,185426,498358
ML-DSA-87,verify,678,185328,498100
ML-DSA-87,verify,679,185294,498008
ML-DSA-87,verify,680,185753,499234
ML-DSA-87,verify,681,185467,498466
ML-DSA-87,verify,682,186404,500990
ML-DSA-87,verify,683,184400,495596
ML-DSA-87,verify,684,184207,495084
ML-DSA-87,verify,685,184447,495730
ML-DSA-87,verify,686,184522,495934
ML-DSA-87,verify,687,184413,495634
ML-DSA-87,verify,688,186007,499918
ML-DSA-87,verify,689,184578,496082
ML-DSA-87,verify,690,184118,494844
ML-DSA-87,verify,691,184435,495698
ML-DSA-87,verify,692,184571,496060
ML-DSA-87,verify,693,186757,501938
ML-DSA-87,verify,694,184098,494786
ML-DSA-87,verify,695,184411,495636
ML-DSA-87,verify,696,184704,496420
ML-DSA-87,verify,697,185101,497484
ML-DSA-87,verify,698,186129,500244
ML-DSA-87,verify,699,184702,496410
ML-DSA-87,verify,700,185416,498334
ML-DSA-87,verify,701,184811,496698
ML-DSA-87,verify,702,185962,499806
ML-DSA-87,verify,703,185201,497758
ML-DSA-87,verify,704,186228,500512
ML-DSA-87,verify,705,184575,496078
ML-DSA-87,verify,706,184848,496808
ML-DSA-87,verify,707,184389,495572
ML-DSA-87,verify,708,184704,496422
ML-DSA-87,verify,709,185947,499760
ML-DSA-87,verify,710,182925,491640
ML-DSA-87,verify,711,183158,492262
ML-DSA-87,verify,712,183219,492432
ML-DSA-87,verify,713,183113,492144
ML-DSA-87,verify,714,183412,492942
ML-DSA-87,verify,715,185913,499666
ML-DSA-87,verify,716,184626,496216
ML-DSA-87,verify,717,184526,495944
ML-DSA-87,verify,718,184956,497100
ML-DSA-87,verify,719,184581,496086
ML-DSA-87,verify,720,186578,501450
ML-DSA-87,verify,721,184272,495252
ML-DSA-87,verify,722,184368,495520
ML-DSA-87,verify,723,184579,496086
ML-DSA-87,verify,724,184686,496346
ML-DSA-87,verify,725,185741,499206
ML-DSA-87,verify,726,183460,493078
ML-DSA-87,verify,727,186536,501346
ML-DSA-87,verify,728,183542,493296
ML-DSA-87,verify,729,186139,500280
ML-DSA-87,verify,730,183212,492412
ML-DSA-87,verify,731,184811,496704
ML-DSA-87,verify,732,183429,492986
ML-DSA-87,verify,733,182708,491054
ML-DSA-87,verify,734,183517,493226
ML-DSA-87,verify,735,184520,495922
ML-DSA-87,verify,736,185700,499096
ML-DSA-87,verify,737,183225,492448
ML-DSA-87,verify,738,183369,492828
ML-DSA-87,verify,739,183340,492748
ML-DSA-87,verify,740,183032,491930
ML-DSA-87,verify,741,183415,492952
ML-DSA-87,verify,742,186346,500824
ML-DSA-87,verify,743,185130,497562
ML-DSA-87,verify,744,184780,496626
ML-DSA-87,verify,745,184504,495878
ML-DSA-87,verify,746,185200,497750
ML-DSA-87,verify,747,186264,500618
ML-DSA-87,verify,748,183221,492434
ML-DSA-87,verify,749,183110,492140
ML-DSA-87,verify,750,182591,490744
ML-DSA-87,verify,751,184373,495526
ML-DSA-87,verify,752,186696,501780
ML-DSA-87,verify,753,184406,495616
ML-DSA-87,verify,754,183883,494214
ML-DSA-87,verify,755,184314,495366
ML-DSA-87,verify,756,184353,495470
ML-DSA-87,verify,757,184139,494904
ML-DSA-87,verify,758,185913,499668
ML-DSA-87,verify,759,184071,494720
ML-DSA-87,verify,760,184910,496976
ML-DSA-87,verify,761,184363,495504
ML-DSA-87,verify,762,185709,499122
ML-DSA-87,verify,763,185974,499830
ML-DSA-87,verify,764,183032,491918
ML-DSA-87,verify,765,182373,490154
ML-DSA-87,verify,766,182534,490584
ML-DSA-87,verify,767,182711,491066
ML-DSA-87,verify,768,182852,491436
ML-DSA-87,verify,769,185399,498286
ML-DSA-87,verify,770,184585,496104
ML-DSA-87,verify,771,184704,496418
ML-DSA-87,verify,772,183563,493352
ML-DSA-87,verify,773,184796,496666
ML-DSA-87,verify,774,186060,500062
ML-DSA-87,verify,775,182533,490584
ML-DSA-87,verify,776,183000,491838
ML-DSA-87,verify,777,182827,491376
ML-DSA-87,verify,778,182695,491022
ML-DSA-87,verify,779,182107,489438
ML-DSA-87,verify,780,186104,500182
ML-DSA-87,verify,781,184641,496252
ML-DSA-87,verify,782,184102,494802
ML-DSA-87,verify,783,183630,493536
ML-DSA-87,verify,784,184315,495372
ML-DSA-87,verify,785,185504,498570
ML-DSA-87,verify,786,183892,494240
ML-DSA-87,verify,787,183570,493370
ML-DSA-87,verify,788,183691,493700
ML-DSA-87,verify,789,183883,494210
ML-DSA-87,verify,790,185397,498288
ML-DSA-87,verify,791,184203,495070
ML-DSA-87,verify,792,185410,498318
ML-DSA-87,verify,793,184411,495636
ML-DSA-87,verify,794,184770,496600
ML-DSA-87,verify,795,184580,496088
ML-DSA-87,verify,796,185072,497414
ML-DSA-87,verify,797,183384,492870
ML-DSA-87,verify,798,183818,494034
ML-DSA-87,verify,799,183823,494050
ML-DSA-87,verify,800,184652,496280
ML-DSA-87,verify,801,186026,499972
ML-DSA-87,verify,802,183977,494466
ML-DSA-87,verify,803,184457,495752
ML-DSA-87,verify,804,185214,497788
ML-DSA-87,verify,805,184838,496784
ML-DSA-87,verify,806,184758,496564
ML-DSA-87,verify,807,185364,498192
ML-DSA-87,verify,808,184110,494828
ML-DSA-87,verify,809,185645,498948
ML-DSA-87,verify,810,184026,494598
ML-DSA-87,verify,811,184203,495074
ML-DSA-87,verify,812,185735,499180
ML-DSA-87,verify,813,184104,494804
ML-DSA-87,verify,814,183771,493918
ML-DSA-87,verify,815,183695,493702
ML-DSA-87,verify,816,184263,495234
ML-DSA-87,verify,817,185452,498434
ML-DSA-87,verify,818,184884,496898
ML-DSA-87,verify,819,184469,495790
ML-DSA-87,verify,820,184321,495386
ML-DSA-87,verify,821,184506,495892
ML-DSA-87,verify,822,184479,495818
ML-DSA-87,verify,823,185770,499282
ML-DSA-87,verify,824,184162,494964
ML-DSA-87,verify,825,184197,495060
ML-DSA-87,verify,826,184890,496924
ML-DSA-87,verify,827,184756,496560
ML-DSA-87,verify,828,186094,500158
ML-DSA-87,verify,829,184269,495254
ML-DSA-87,verify,830,184788,496648
ML-DSA-87,verify,831,184843,496794
ML-DSA-87,verify,832,184092,494776
ML-DSA-87,verify,833,184374,495534
ML-DSA-87,verify,834,185764,499274
ML-DSA-87,verify,835,184194,495046
ML-DSA-87,verify,836,184633,496224
ML-DSA-87,verify,837,184491,495846
ML-DSA-87,verify,838,184453,495744
ML-DSA-87,verify,839,185706,499102
ML-DSA-87,verify,840,183903,494266
ML-DSA-87,verify,841,184089,494764
ML-DSA-87,verify,842,184167,494976
ML-DSA-87,verify,843,184360,495498
ML-DSA-87,verify,844,185583,498782
ML-DSA-87,verify,845,182079,489366
ML-DSA-87,verify,846,182764,491208
ML-DSA-87,verify,847,182726,491108
ML-DSA-87,verify,848,182700,491034
ML-DSA-87,verify,849,182672,490960
ML-DSA-87,verify,850,185004,497224
ML-DSA-87,verify,851,182135,489508
ML-DSA-87,verify,852,182764,491206
ML-DSA-87,verify,853,182960,491734
ML-DSA-87,verify,854,182177,489630
ML-DSA-87,verify,855,183718,493764
ML-DSA-87,verify,856,185649,498958
ML-DSA-87,verify,857,184253,495212
ML-DSA-87,verify,858,184186,495026
ML-DSA-87,verify,859,184424,495668
ML-DSA-87,verify,860,184302,495336
ML-DSA-87,verify,861,185959,499790
ML-DSA-87,verify,862,184743,496526
ML-DSA-87,verify,863,184922,497008
ML-DSA-87,verify,864,184840,496786
ML-DSA-87,verify,865,184556,496024
ML-DSA-87,verify,866,185933,499722
ML-DSA-87,verify,867,184501,495878
ML-DSA-87,verify,868,184012,494562
ML-DSA-87,verify,869,184107,494816
ML-DSA-87,verify,870,184437,495706
ML-DSA-87,verify,871,185018,497258
ML-DSA-87,verify,872,182779,491244
ML-DSA-87,verify,873,182813,491334
ML-DSA-87,verify,874,183069,492018
ML-DSA-87,verify,875,184795,496658
ML-DSA-87,verify,876,183026,491910
ML-DSA-87,verify,877,184846,496800
ML-DSA-87,verify,878,183813,494020
ML-DSA-87,verify,879,184164,494970
ML-DSA-87,verify,880,183920,494314
ML-DSA-87,verify,881,183833,494078
ML-DSA-87,verify,882,185278,497960
ML-DSA-87,verify,883,184521,495928
ML-DSA-87,verify,884,184503,495884
ML-DSA-87,verify,885,185623,498892
ML-DSA-87,verify,886,185428,498366
ML-DSA-87,verify,887,184830,496756
ML-DSA-87,verify,888,185532,498648
ML-DSA-87,verify,889,184332,495418
ML-DSA-87,verify,890,184585,496102
ML-DSA-87,verify,891,184589,496108
ML-DSA-87,verify,892,184361,495500
ML-DSA-87,verify,893,186238,500536
ML-DSA-87,verify,894,184505,495886
ML-DSA-87,verify,895,183764,493898
ML-DSA-87,verify,896,184274,495268
ML-DSA-87,verify,897,184252,495204
ML-DSA-87,verify,898,185215,497796
ML-DSA-87,verify,899,185600,498832
ML-DSA-87,verify,900,183931,494346
ML-DSA-87,verify,901,184432,495686
ML-DSA-87,verify,902,182755,491184
ML-DSA-87,verify,903,183961,494422
ML-DSA-87,verify,904,185686,499058
ML-DSA-87,verify,905,184700,496410
ML-DSA-87,verify,906,184739,496516
ML-DSA-87,verify,907,185046,497340
ML-DSA-87,verify,908,184058,494678
ML-DSA-87,verify,909,185966,499816
ML-DSA-87,verify,910,182299,489956
ML-DSA-87,verify,911,182463,490394
ML-DSA-87,verify,912,182875,491504
ML-DSA-87,verify,913,182218,489734
ML-DSA-87,verify,914,182251,489830
ML-DSA-87,verify,915,184131,494870
ML-DSA-87,verify,916,183285,492604
ML-DSA-87,verify,917,183056,491992
ML-DSA-87,verify,918,183661,493618
ML-DSA-87,verify,919,182879,491516
ML-DSA-87,verify,920,185636,498924
ML-DSA-87,verify,921,184564,496040
ML-DSA-87,verify,922,184994,497198
ML-DSA-87,verify,923,184032,494612
ML-DSA-87,verify,924,185628,498896
ML-DSA-87,verify,925,184480,495816
ML-DSA-87,verify,926,185755,499246
ML-DSA-87,verify,927,183767,493900
ML-DSA-87,verify,928,183510,493204
ML-DSA-87,verify,929,184134,494888
ML-DSA-87,verify,930,184171,494984
ML-DSA-87,verify,931,185246,497872
ML-DSA-87,verify,932,183310,492668
ML-DSA-87,verify,933,183563,493352
ML-DSA-87,verify,934,182959,491734
ML-DSA-87,verify,935,183244,492492
ML-DSA-87,verify,936,183483,493136
ML-DSA-87,verify,937,186338,500812
ML-DSA-87,verify,938,184863,496840
ML-DSA-87,verify,939,185076,497420
ML-DSA-87,verify,940,185212,497780
ML-DSA-87,verify,941,185217,497798
ML-DSA-87,verify,942,185713,499130
ML-DSA-87,verify,943,184384,495556
ML-DSA-87,verify,944,184279,495272
ML-DSA-87,verify,945,184362,495504
ML-DSA-87,verify,946,184456,495756
ML-DSA-87,verify,947,186126,500242
ML-DSA-87,verify,948,183035,491932
ML-DSA-87,verify,949,183073,492036
ML-DSA-87,verify,950,183508,493206
ML-DSA-87,verify,951,183768,493906
ML-DSA-87,verify,952,184177,495004
ML-DSA-87,verify,953,184589,496110
ML-DSA-87,verify,954,184749,496540
ML-DSA-87,verify,955,184600,496138
ML-DSA-87,verify,956,183875,494194
ML-DSA-87,verify,957,184311,495364
ML-DSA-87,verify,958,185780,499310
ML-DSA-87,verify,959,184324,495398
ML-DSA-87,verify,960,184092,494776
ML-DSA-87,verify,961,184528,495946
ML-DSA-87,verify,962,184235,495162
ML-DSA-87,verify,963,184988,497186
ML-DSA-87,verify,964,185406,498306
ML-DSA-87,verify,965,185691,499074
ML-DSA-87,verify,966,185449,498422
ML-DSA-87,verify,967,183853,494132
ML-DSA-87,verify,968,184604,496150
ML-DSA-87,verify,969,184955,497088
ML-DSA-87,verify,970,184758,496560
ML-DSA-87,verify,971,184754,496548
ML-DSA-87,verify,972,185210,497774
ML-DSA-87,verify,973,184471,495788
ML-DSA-87,verify,974,186429,501054
ML-DSA-87,verify,975,184468,495786
ML-DSA-87,verify,976,184019,494580
ML-DSA-87,verify,977,184534,495966
ML-DSA-87,verify,978,185019,497268
ML-DSA-87,verify,979,184769,496596
ML-DSA-87,verify,980,185431,498372
ML-DSA-87,verify,981,184045,494648
ML-DSA-87,verify,982,184463,495770
ML-DSA-87,verify,983,184154,494942
ML-DSA-87,verify,984,184053,494670
ML-DSA-87,verify,985,184824,496740
ML-DSA-87,verify,986,182086,489378
ML-DSA-87,verify,987,182324,490020
ML-DSA-87,verify,988,182599,490760
ML-DSA-87,verify,989,182616,490808
ML-DSA-87,verify,990,182876,491502
ML-DSA-87,verify,991,185910,499660
ML-DSA-87,verify,992,185375,498220
ML-DSA-87,verify,993,184914,496984
ML-DSA-87,verify,994,184151,494928
ML-DSA-87,verify,995,184294,495316
ML-DSA-87,verify,996,186172,500364
ML-DSA-87,verify,997,182764,491208
ML-DSA-87,verify,998,182606,490782
ML-DSA-87,verify,999,183686,493686
