algo,op,iter,wall_ns,cycles
ML-DSA-65,keygen,0,772500,41704
ML-DSA-65,keygen,1,759870,41024
ML-DSA-65,keygen,2,746315,40294
ML-DSA-65,keygen,3,744204,40180
ML-DSA-65,keygen,4,746093,40280
ML-DSA-65,keygen,5,745574,40253
ML-DSA-65,keygen,6,757685,40907
ML-DSA-65,keygen,7,746630,40311
ML-DSA-65,keygen,8,744592,40200
ML-DSA-65,keygen,9,745685,40260
ML-DSA-65,keygen,10,743759,40156
ML-DSA-65,keygen,11,755815,40806
ML-DSA-65,keygen,12,744352,40187
ML-DSA-65,keygen,13,745148,40231
ML-DSA-65,keygen,14,745556,40253
ML-DSA-65,keygen,15,746870,40324
ML-DSA-65,keygen,16,755296,40778
ML-DSA-65,keygen,17,746093,40282
ML-DSA-65,keygen,18,746722,40316
ML-DSA-65,keygen,19,745204,40233
ML-DSA-65,keygen,20,744667,40204
ML-DSA-65,keygen,21,746018,40276
ML-DSA-65,keygen,22,755315,40779
ML-DSA-65,keygen,23,745259,40235
ML-DSA-65,keygen,24,744834,40213
ML-DSA-65,keygen,25,744037,40170
ML-DSA-65,keygen,26,744204,40180
ML-DSA-65,keygen,27,754352,40727
ML-DSA-65,keygen,28,743426,40138
ML-DSA-65,keygen,29,745371,40243
ML-DSA-65,keygen,30,745463,40247
ML-DSA-65,keygen,31,745481,40249
ML-DSA-65,keygen,32,754926,40759
ML-DSA-65,keygen,33,743407,40137
ML-DSA-65,keygen,34,744555,40199
ML-DSA-65,keygen,35,744519,40196
ML-DSA-65,keygen,36,745611,40256
ML-DSA-65,keygen,37,744704,40207
ML-DSA-65,keygen,38,755667,40799
ML-DSA-65,keygen,39,745723,40261
ML-DSA-65,keygen,40,744796,40211
ML-DSA-65,keygen,41,741982,40059
ML-DSA-65,keygen,42,744056,40170
ML-DSA-65,keygen,43,756778,40857
ML-DSA-65,keygen,44,745871,40269
ML-DSA-65,keygen,45,744907,40218
ML-DSA-65,keygen,46,743611,40147
ML-DSA-65,keygen,47,743482,40141
ML-DSA-65,keygen,48,753463,40679
ML-DSA-65,keygen,49,743944,40165
ML-DSA-65,keygen,50,742000,40060
ML-DSA-65,keygen,51,744778,40211
ML-DSA-65,keygen,52,743463,40140
ML-DSA-65,keygen,53,745963,40275
ML-DSA-65,keygen,54,755334,40779
ML-DSA-65,keygen,55,745444,40245
ML-DSA-65,keygen,56,743648,40149
ML-DSA-65,keygen,57,743593,40146
ML-DSA-65,keygen,58,744740,40208
ML-DSA-65,keygen,59,756148,40823
ML-DSA-65,keygen,60,744314,40185
ML-DSA-65,keygen,61,745018,40223
ML-DSA-65,keygen,62,743260,40128
ML-DSA-65,keygen,63,744611,40201
ML-DSA-65,keygen,64,752834,40645
ML-DSA-65,keygen,65,745760,40263
ML-DSA-65,keygen,66,743741,40155
ML-DSA-65,keygen,67,744037,40171
ML-DSA-65,keygen,68,743704,40151
ML-DSA-65,keygen,69,743056,40117
ML-DSA-65,keygen,70,755630,40797
ML-DSA-65,keygen,71,743704,40153
ML-DSA-65,keygen,72,745130,40230
ML-DSA-65,keygen,73,745981,40276
ML-DSA-65,keygen,74,745037,40224
ML-DSA-65,keygen,75,755444,40786
ML-DSA-65,keygen,76,745815,40265
ML-DSA-65,keygen,77,746093,40281
ML-DSA-65,keygen,78,745407,40245
ML-DSA-65,keygen,79,743797,40158
ML-DSA-65,keygen,80,755648,40797
ML-DSA-65,keygen,81,744777,40211
ML-DSA-65,keygen,82,742852,40106
ML-DSA-65,keygen,83,744408,40191
ML-DSA-65,keygen,84,742741,40100
ML-DSA-65,keygen,85,745037,40224
ML-DSA-65,keygen,86,757370,40891
ML-DSA-65,keygen,87,744259,40183
ML-DSA-65,keygen,88,743760,40155
ML-DSA-65,keygen,89,744426,40192
ML-DSA-65,keygen,90,745149,40231
ML-DSA-65,keygen,91,762611,41165
ML-DSA-65,keygen,92,745500,40250
ML-DSA-65,keygen,93,744944,40220
ML-DSA-65,keygen,94,745167,40230
ML-DSA-65,keygen,95,745685,40258
ML-DSA-65,keygen,96,755574,40793
ML-DSA-65,keygen,97,746000,40276
ML-DSA-65,keygen,98,744519,40196
ML-DSA-65,keygen,99,745167,40230
ML-DSA-65,keygen,100,743944,40165
ML-DSA-65,keygen,101,744112,40174
ML-DSA-65,keygen,102,755666,40798
ML-DSA-65,keygen,103,745723,40261
ML-DSA-65,keygen,104,747537,40360
ML-DSA-65,keygen,105,743592,40145
ML-DSA-65,keygen,106,743648,40149
ML-DSA-65,keygen,107,753889,40701
ML-DSA-65,keygen,108,747037,40333
ML-DSA-65,keygen,109,743889,40162
ML-DSA-65,keygen,110,743537,40143
ML-DSA-65,keygen,111,744889,40217
ML-DSA-65,keygen,112,755722,40800
ML-DSA-65,keygen,113,745019,40222
ML-DSA-65,keygen,114,744389,40189
ML-DSA-65,keygen,115,743408,40136
ML-DSA-65,keygen,116,744926,40218
ML-DSA-65,keygen,117,744852,40214
ML-DSA-65,keygen,118,756277,40830
ML-DSA-65,keygen,119,745092,40227
ML-DSA-65,keygen,120,744037,40170
ML-DSA-65,keygen,121,741981,40059
ML-DSA-65,keygen,122,744722,40207
ML-DSA-65,keygen,123,760296,41048
ML-DSA-65,keygen,124,745574,40253
ML-DSA-65,keygen,125,745111,40228
ML-DSA-65,keygen,126,744574,40200
ML-DSA-65,keygen,127,743371,40134
ML-DSA-65,keygen,128,757204,40881
ML-DSA-65,keygen,129,745888,40269
ML-DSA-65,keygen,130,744204,40178
ML-DSA-65,keygen,131,745408,40245
ML-DSA-65,keygen,132,741963,40058
ML-DSA-65,keygen,133,743463,40140
ML-DSA-65,keygen,134,753296,40670
ML-DSA-65,keygen,135,745093,40227
ML-DSA-65,keygen,136,744259,40181
ML-DSA-65,keygen,137,742759,40101
ML-DSA-65,keygen,138,743815,40159
ML-DSA-65,keygen,139,754722,40748
ML-DSA-65,keygen,140,745648,40258
ML-DSA-65,keygen,141,745407,40245
ML-DSA-65,keygen,142,744149,40176
ML-DSA-65,keygen,143,744037,40170
ML-DSA-65,keygen,144,757000,40870
ML-DSA-65,keygen,145,744611,40201
ML-DSA-65,keygen,146,745222,40233
ML-DSA-65,keygen,147,742982,40114
ML-DSA-65,keygen,148,743481,40140
ML-DSA-65,keygen,149,742407,40083
ML-DSA-65,keygen,150,753685,40690
ML-DSA-65,keygen,151,743592,40146
ML-DSA-65,keygen,152,743704,40152
ML-DSA-65,keygen,153,744333,40187
ML-DSA-65,keygen,154,743296,40131
ML-DSA-65,keygen,155,754130,40716
ML-DSA-65,keygen,156,746000,40276
ML-DSA-65,keygen,157,744574,40200
ML-DSA-65,keygen,158,743018,40115
ML-DSA-65,keygen,159,744574,40200
ML-DSA-65,keygen,160,755925,40813
ML-DSA-65,keygen,161,745519,40250
ML-DSA-65,keygen,162,745648,40257
ML-DSA-65,keygen,163,744889,40216
ML-DSA-65,keygen,164,742389,40081
ML-DSA-65,keygen,165,743741,40155
ML-DSA-65,keygen,166,755444,40787
ML-DSA-65,keygen,167,743945,40165
ML-DSA-65,keygen,168,744759,40208
ML-DSA-65,keygen,169,744297,40185
ML-DSA-65,keygen,170,745407,40244
ML-DSA-65,keygen,171,757111,40876
ML-DSA-65,keygen,172,746481,40303
ML-DSA-65,keygen,173,744555,40198
ML-DSA-65,keygen,174,744185,40179
ML-DSA-65,keygen,175,743945,40165
ML-DSA-65,keygen,176,756889,40863
ML-DSA-65,keygen,177,745555,40253
ML-DSA-65,keygen,178,745074,40226
ML-DSA-65,keygen,179,744408,40191
ML-DSA-65,keygen,180,742055,40064
ML-DSA-65,keygen,181,744019,40169
ML-DSA-65,keygen,182,754759,40748
ML-DSA-65,keygen,183,746796,40319
ML-DSA-65,keygen,184,744889,40216
ML-DSA-65,keygen,185,745704,40260
ML-DSA-65,keygen,186,743852,40161
ML-DSA-65,keygen,187,755223,40774
ML-DSA-65,keygen,188,745000,40223
ML-DSA-65,keygen,189,744222,40180
ML-DSA-65,keygen,190,744445,40192
ML-DSA-65,keygen,191,741407,40028
ML-DSA-65,keygen,192,755222,40774
ML-DSA-65,keygen,193,745778,40264
ML-DSA-65,keygen,194,743185,40124
ML-DSA-65,keygen,195,744185,40179
ML-DSA-65,keygen,196,743871,40160
ML-DSA-65,keygen,197,745907,40271
ML-DSA-65,keygen,198,754167,40716
ML-DSA-65,keygen,199,745575,40254
ML-DSA-65,keygen,200,743055,40117
ML-DSA-65,keygen,201,743574,40145
ML-DSA-65,keygen,202,745371,40241
ML-DSA-65,keygen,203,755537,40791
ML-DSA-65,keygen,204,744722,40207
ML-DSA-65,keygen,205,743666,40150
ML-DSA-65,keygen,206,744000,40169
ML-DSA-65,keygen,207,744667,40204
ML-DSA-65,keygen,208,753685,40691
ML-DSA-65,keygen,209,747056,40332
ML-DSA-65,keygen,210,743130,40122
ML-DSA-65,keygen,211,743500,40142
ML-DSA-65,keygen,212,743167,40123
ML-DSA-65,keygen,213,743408,40135
ML-DSA-65,keygen,214,754370,40729
ML-DSA-65,keygen,215,745333,40241
ML-DSA-65,keygen,216,743740,40154
ML-DSA-65,keygen,217,745129,40229
ML-DSA-65,keygen,218,744630,40203
ML-DSA-65,keygen,219,760796,41075
ML-DSA-65,keygen,220,744852,40213
ML-DSA-65,keygen,221,745241,40235
ML-DSA-65,keygen,222,744351,40187
ML-DSA-65,keygen,223,744649,40204
ML-DSA-65,keygen,224,755963,40814
ML-DSA-65,keygen,225,744426,40192
ML-DSA-65,keygen,226,743055,40118
ML-DSA-65,keygen,227,744704,40205
ML-DSA-65,keygen,228,745037,40224
ML-DSA-65,keygen,229,744444,40193
ML-DSA-65,keygen,230,758000,40924
ML-DSA-65,keygen,231,745908,40272
ML-DSA-65,keygen,232,745223,40234
ML-DSA-65,keygen,233,744851,40214
ML-DSA-65,keygen,234,745482,40249
ML-DSA-65,keygen,235,754148,40716
ML-DSA-65,keygen,236,745648,40258
ML-DSA-65,keygen,237,745370,40242
ML-DSA-65,keygen,238,744370,40189
ML-DSA-65,keygen,239,745222,40234
ML-DSA-65,keygen,240,758629,40959
ML-DSA-65,keygen,241,745278,40238
ML-DSA-65,keygen,242,745463,40247
ML-DSA-65,keygen,243,744722,40207
ML-DSA-65,keygen,244,748611,40416
ML-DSA-65,keygen,245,744352,40188
ML-DSA-65,keygen,246,756259,40831
ML-DSA-65,keygen,247,745111,40228
ML-DSA-65,keygen,248,743000,40115
ML-DSA-65,keygen,249,745574,40254
ML-DSA-65,keygen,250,743778,40157
ML-DSA-65,keygen,251,755037,40764
ML-DSA-65,keygen,252,745296,40238
ML-DSA-65,keygen,253,743037,40116
ML-DSA-65,keygen,254,743611,40147
ML-DSA-65,keygen,255,743926,40164
ML-DSA-65,keygen,256,764556,41278
ML-DSA-65,keygen,257,744259,40183
ML-DSA-65,keygen,258,746019,40278
ML-DSA-65,keygen,259,744685,40206
ML-DSA-65,keygen,260,748019,40386
ML-DSA-65,keygen,261,754963,40759
ML-DSA-65,keygen,262,745259,40237
ML-DSA-65,keygen,263,745519,40251
ML-DSA-65,keygen,264,744148,40177
ML-DSA-65,keygen,265,745500,40250
ML-DSA-65,keygen,266,743352,40134
ML-DSA-65,keygen,267,755296,40777
ML-DSA-65,keygen,268,743741,40155
ML-DSA-65,keygen,269,743333,40132
ML-DSA-65,keygen,270,743574,40146
ML-DSA-65,keygen,271,744741,40209
ML-DSA-65,keygen,272,756185,40825
ML-DSA-65,keygen,273,744593,40200
ML-DSA-65,keygen,274,743814,40159
ML-DSA-65,keygen,275,744500,40195
ML-DSA-65,keygen,276,745889,40270
ML-DSA-65,keygen,277,755407,40784
ML-DSA-65,keygen,278,746093,40282
ML-DSA-65,keygen,279,744463,40193
ML-DSA-65,keygen,280,744222,40180
ML-DSA-65,keygen,281,744703,40207
ML-DSA-65,keygen,282,745297,40239
ML-DSA-65,keygen,283,754389,40730
ML-DSA-65,keygen,284,743593,40146
ML-DSA-65,keygen,285,745537,40250
ML-DSA-65,keygen,286,743704,40152
ML-DSA-65,keygen,287,743926,40164
ML-DSA-65,keygen,288,753982,40707
ML-DSA-65,keygen,289,748463,40410
ML-DSA-65,keygen,290,742796,40104
ML-DSA-65,keygen,291,744926,40218
ML-DSA-65,keygen,292,743518,40143
ML-DSA-65,keygen,293,754277,40723
ML-DSA-65,keygen,294,745204,40234
ML-DSA-65,keygen,295,745352,40242
ML-DSA-65,keygen,296,742963,40113
ML-DSA-65,keygen,297,743148,40121
ML-DSA-65,keygen,298,745759,40263
ML-DSA-65,keygen,299,755185,40773
ML-DSA-65,keygen,300,744111,40175
ML-DSA-65,keygen,301,744241,40182
ML-DSA-65,keygen,302,746796,40320
ML-DSA-65,keygen,303,744389,40189
ML-DSA-65,keygen,304,755815,40806
ML-DSA-65,keygen,305,746870,40324
ML-DSA-65,keygen,306,744389,40190
ML-DSA-65,keygen,307,742870,40107
ML-DSA-65,keygen,308,743611,40148
ML-DSA-65,keygen,309,754055,40710
ML-DSA-65,keygen,310,744574,40199
ML-DSA-65,keygen,311,744759,40209
ML-DSA-65,keygen,312,745889,40271
ML-DSA-65,keygen,313,744166,40178
ML-DSA-65,keygen,314,744871,40215
ML-DSA-65,keygen,315,756074,40821
ML-DSA-65,keygen,316,746797,40318
ML-DSA-65,keygen,317,744852,40213
ML-DSA-65,keygen,318,745426,40245
ML-DSA-65,keygen,319,743018,40116
ML-DSA-65,keygen,320,756111,40821
ML-DSA-65,keygen,321,744963,40220
ML-DSA-65,keygen,322,744204,40179
ML-DSA-65,keygen,323,745037,40224
ML-DSA-65,keygen,324,744648,40203
ML-DSA-65,keygen,325,754593,40740
ML-DSA-65,keygen,326,745038,40224
ML-DSA-65,keygen,327,744575,40200
ML-DSA-65,keygen,328,743741,40155
ML-DSA-65,keygen,329,744537,40199
ML-DSA-65,keygen,330,744630,40203
ML-DSA-65,keygen,331,755667,40799
ML-DSA-65,keygen,332,744056,40172
ML-DSA-65,keygen,333,744445,40192
ML-DSA-65,keygen,334,745167,40232
ML-DSA-65,keygen,335,745686,40258
ML-DSA-65,keygen,336,755834,40808
ML-DSA-65,keygen,337,742537,40090
ML-DSA-65,keygen,338,746019,40278
ML-DSA-65,keygen,339,743167,40124
ML-DSA-65,keygen,340,745112,40228
ML-DSA-65,keygen,341,755611,40795
ML-DSA-65,keygen,342,742444,40084
ML-DSA-65,keygen,343,744518,40196
ML-DSA-65,keygen,344,743722,40153
ML-DSA-65,keygen,345,742352,40079
ML-DSA-65,keygen,346,743186,40125
ML-DSA-65,keygen,347,756500,40841
ML-DSA-65,keygen,348,744926,40218
ML-DSA-65,keygen,349,744185,40177
ML-DSA-65,keygen,350,744222,40181
ML-DSA-65,keygen,351,744815,40213
ML-DSA-65,keygen,352,755963,40815
ML-DSA-65,keygen,353,746056,40279
ML-DSA-65,keygen,354,745703,40261
ML-DSA-65,keygen,355,744408,40190
ML-DSA-65,keygen,356,742981,40114
ML-DSA-65,keygen,357,753704,40693
ML-DSA-65,keygen,358,747333,40347
ML-DSA-65,keygen,359,745741,40261
ML-DSA-65,keygen,360,743870,40162
ML-DSA-65,keygen,361,744926,40218
ML-DSA-65,keygen,362,743852,40161
ML-DSA-65,keygen,363,755278,40776
ML-DSA-65,keygen,364,747833,40374
ML-DSA-65,keygen,365,743722,40153
ML-DSA-65,keygen,366,744093,40173
ML-DSA-65,keygen,367,744945,40219
ML-DSA-65,keygen,368,755611,40795
ML-DSA-65,keygen,369,745592,40254
ML-DSA-65,keygen,370,745333,40241
ML-DSA-65,keygen,371,745334,40240
ML-DSA-65,keygen,372,744500,40194
ML-DSA-65,keygen,373,755759,40803
ML-DSA-65,keygen,374,746407,40299
ML-DSA-65,keygen,375,745667,40257
ML-DSA-65,keygen,376,743796,40158
ML-DSA-65,keygen,377,743833,40159
ML-DSA-65,keygen,378,743852,40161
ML-DSA-65,keygen,379,755167,40771
ML-DSA-65,keygen,380,745666,40258
ML-DSA-65,keygen,381,742611,40093
ML-DSA-65,keygen,382,743018,40115
ML-DSA-65,keygen,383,743629,40149
ML-DSA-65,keygen,384,755167,40770
ML-DSA-65,keygen,385,745222,40235
ML-DSA-65,keygen,386,743574,40145
ML-DSA-65,keygen,387,746482,40302
ML-DSA-65,keygen,388,744778,40211
ML-DSA-65,keygen,389,755851,40807
ML-DSA-65,keygen,390,746593,40309
ML-DSA-65,keygen,391,744370,40188
ML-DSA-65,keygen,392,746000,40276
ML-DSA-65,keygen,393,744834,40213
ML-DSA-65,keygen,394,744240,40181
ML-DSA-65,keygen,395,754481,40735
ML-DSA-65,keygen,396,744981,40221
ML-DSA-65,keygen,397,744704,40207
ML-DSA-65,keygen,398,744111,40174
ML-DSA-65,keygen,399,743315,40131
ML-DSA-65,keygen,400,753778,40696
ML-DSA-65,keygen,401,746944,40326
ML-DSA-65,keygen,402,744537,40198
ML-DSA-65,keygen,403,744648,40204
ML-DSA-65,keygen,404,744556,40199
ML-DSA-65,keygen,405,755871,40810
ML-DSA-65,keygen,406,744370,40188
ML-DSA-65,keygen,407,743704,40152
ML-DSA-65,keygen,408,744148,40177
ML-DSA-65,keygen,409,744667,40204
ML-DSA-65,keygen,410,743222,40126
ML-DSA-65,keygen,411,755055,40765
ML-DSA-65,keygen,412,745630,40255
ML-DSA-65,keygen,413,744741,40207
ML-DSA-65,keygen,414,743574,40146
ML-DSA-65,keygen,415,744000,40169
ML-DSA-65,keygen,416,754482,40734
ML-DSA-65,keygen,417,745723,40261
ML-DSA-65,keygen,418,745019,40224
ML-DSA-65,keygen,419,743889,40162
ML-DSA-65,keygen,420,743740,40155
ML-DSA-65,keygen,421,761908,41135
ML-DSA-65,keygen,422,745185,40234
ML-DSA-65,keygen,423,742074,40063
ML-DSA-65,keygen,424,744260,40182
ML-DSA-65,keygen,425,745074,40227
ML-DSA-65,keygen,426,744203,40180
ML-DSA-65,keygen,427,754629,40741
ML-DSA-65,keygen,428,746518,40305
ML-DSA-65,keygen,429,744037,40170
ML-DSA-65,keygen,430,745574,40254
ML-DSA-65,keygen,431,742111,40066
ML-DSA-65,keygen,432,755648,40797
ML-DSA-65,keygen,433,744666,40205
ML-DSA-65,keygen,434,743871,40161
ML-DSA-65,keygen,435,745574,40254
ML-DSA-65,keygen,436,746463,40301
ML-DSA-65,keygen,437,755389,40783
ML-DSA-65,keygen,438,744408,40190
ML-DSA-65,keygen,439,746166,40286
ML-DSA-65,keygen,440,742666,40096
ML-DSA-65,keygen,441,745574,40252
ML-DSA-65,keygen,442,744519,40197
ML-DSA-65,keygen,443,754963,40760
ML-DSA-65,keygen,444,744889,40216
ML-DSA-65,keygen,445,745759,40263
ML-DSA-65,keygen,446,745408,40245
ML-DSA-65,keygen,447,745000,40222
ML-DSA-65,keygen,448,753907,40704
ML-DSA-65,keygen,449,745759,40264
ML-DSA-65,keygen,450,743908,40163
ML-DSA-65,keygen,451,743796,40157
ML-DSA-65,keygen,452,743278,40130
ML-DSA-65,keygen,453,754852,40754
ML-DSA-65,keygen,454,744908,40218
ML-DSA-65,keygen,455,744519,40196
ML-DSA-65,keygen,456,742315,40078
ML-DSA-65,keygen,457,745426,40245
ML-DSA-65,keygen,458,743593,40146
ML-DSA-65,keygen,459,754834,40753
ML-DSA-65,keygen,460,748277,40400
ML-DSA-65,keygen,461,742777,40102
ML-DSA-65,keygen,462,744834,40213
ML-DSA-65,keygen,463,746555,40307
ML-DSA-65,keygen,464,754389,40728
ML-DSA-65,keygen,465,747629,40364
ML-DSA-65,keygen,466,744259,40183
ML-DSA-65,keygen,467,746444,40301
ML-DSA-65,keygen,468,744370,40189
ML-DSA-65,keygen,469,756963,40868
ML-DSA-65,keygen,470,747333,40348
ML-DSA-65,keygen,471,743870,40162
ML-DSA-65,keygen,472,744000,40169
ML-DSA-65,keygen,473,744963,40221
ML-DSA-65,keygen,474,744278,40183
ML-DSA-65,keygen,475,754037,40710
ML-DSA-65,keygen,476,743796,40157
ML-DSA-65,keygen,477,743370,40133
ML-DSA-65,keygen,478,743093,40119
ML-DSA-65,keygen,479,744463,40192
ML-DSA-65,keygen,480,757000,40870
ML-DSA-65,keygen,481,744222,40181
ML-DSA-65,keygen,482,743186,40124
ML-DSA-65,keygen,483,745037,40225
ML-DSA-65,keygen,484,744426,40191
ML-DSA-65,keygen,485,759908,41026
ML-DSA-65,keygen,486,746870,40324
ML-DSA-65,keygen,487,745111,40229
ML-DSA-65,keygen,488,742722,40099
ML-DSA-65,keygen,489,745204,40234
ML-DSA-65,keygen,490,744074,40171
ML-DSA-65,keygen,491,757703,40908
ML-DSA-65,keygen,492,744185,40177
ML-DSA-65,keygen,493,745092,40227
ML-DSA-65,keygen,494,746408,40299
ML-DSA-65,keygen,495,745315,40238
ML-DSA-65,keygen,496,754981,40762
ML-DSA-65,keygen,497,747315,40347
ML-DSA-65,keygen,498,745111,40229
ML-DSA-65,keygen,499,744370,40188
ML-DSA-65,keygen,500,745796,40265
ML-DSA-65,keygen,501,754111,40714
ML-DSA-65,keygen,502,745037,40224
ML-DSA-65,keygen,503,744722,40208
ML-DSA-65,keygen,504,746352,40295
ML-DSA-65,keygen,505,744574,40198
ML-DSA-65,keygen,506,744445,40192
ML-DSA-65,keygen,507,755981,40815
ML-DSA-65,keygen,508,744277,40184
ML-DSA-65,keygen,509,745592,40255
ML-DSA-65,keygen,510,744296,40184
ML-DSA-65,keygen,511,744666,40203
ML-DSA-65,keygen,512,754203,40720
ML-DSA-65,keygen,513,745592,40254
ML-DSA-65,keygen,514,745278,40237
ML-DSA-65,keygen,515,745630,40257
ML-DSA-65,keygen,516,745370,40242
ML-DSA-65,keygen,517,755926,40812
ML-DSA-65,keygen,518,745741,40262
ML-DSA-65,keygen,519,745759,40264
ML-DSA-65,keygen,520,745204,40234
ML-DSA-65,keygen,521,745111,40229
ML-DSA-65,keygen,522,744463,40194
ML-DSA-65,keygen,523,754444,40732
ML-DSA-65,keygen,524,746000,40277
ML-DSA-65,keygen,525,744703,40206
ML-DSA-65,keygen,526,744926,40219
ML-DSA-65,keygen,527,742982,40114
ML-DSA-65,keygen,528,754870,40755
ML-DSA-65,keygen,529,746222,40289
ML-DSA-65,keygen,530,746186,40286
ML-DSA-65,keygen,531,743370,40135
ML-DSA-65,keygen,532,744907,40218
ML-DSA-65,keygen,533,754741,40748
ML-DSA-65,keygen,534,747129,40337
ML-DSA-65,keygen,535,745500,40250
ML-DSA-65,keygen,536,743482,40140
ML-DSA-65,keygen,537,745129,40229
ML-DSA-65,keygen,538,745612,40256
ML-DSA-65,keygen,539,746500,40302
ML-DSA-65,keygen,540,744352,40188
ML-DSA-65,keygen,541,745111,40229
ML-DSA-65,keygen,542,744871,40215
ML-DSA-65,keygen,543,743019,40114
ML-DSA-65,keygen,544,756722,40855
ML-DSA-65,keygen,545,745407,40244
ML-DSA-65,keygen,546,744815,40213
ML-DSA-65,keygen,547,744908,40218
ML-DSA-65,keygen,548,744685,40205
ML-DSA-65,keygen,549,754851,40755
ML-DSA-65,keygen,550,745611,40255
ML-DSA-65,keygen,551,743167,40124
ML-DSA-65,keygen,552,743852,40160
ML-DSA-65,keygen,553,745352,40241
ML-DSA-65,keygen,554,756500,40843
ML-DSA-65,keygen,555,745185,40233
ML-DSA-65,keygen,556,745500,40250
ML-DSA-65,keygen,557,745223,40234
ML-DSA-65,keygen,558,745204,40233
ML-DSA-65,keygen,559,744241,40181
ML-DSA-65,keygen,560,755352,40779
ML-DSA-65,keygen,561,743518,40143
ML-DSA-65,keygen,562,743296,40130
ML-DSA-65,keygen,563,745167,40231
ML-DSA-65,keygen,564,745463,40248
ML-DSA-65,keygen,565,756500,40844
ML-DSA-65,keygen,566,747092,40336
ML-DSA-65,keygen,567,744686,40204
ML-DSA-65,keygen,568,743611,40148
ML-DSA-65,keygen,569,744222,40180
ML-DSA-65,keygen,570,754407,40730
ML-DSA-65,keygen,571,745851,40267
ML-DSA-65,keygen,572,743407,40136
ML-DSA-65,keygen,573,744611,40202
ML-DSA-65,keygen,574,743629,40149
ML-DSA-65,keygen,575,743871,40162
ML-DSA-65,keygen,576,752888,40648
ML-DSA-65,keygen,577,744000,40169
ML-DSA-65,keygen,578,744259,40181
ML-DSA-65,keygen,579,744259,40182
ML-DSA-65,keygen,580,745871,40269
ML-DSA-65,keygen,581,757240,40884
ML-DSA-65,keygen,582,744926,40219
ML-DSA-65,keygen,583,743445,40138
ML-DSA-65,keygen,584,744056,40171
ML-DSA-65,keygen,585,744537,40197
ML-DSA-65,keygen,586,759870,41024
ML-DSA-65,keygen,587,746019,40277
ML-DSA-65,keygen,588,746500,40304
ML-DSA-65,keygen,589,744815,40212
ML-DSA-65,keygen,590,744723,40208
ML-DSA-65,keygen,591,745315,40238
ML-DSA-65,keygen,592,753685,40690
ML-DSA-65,keygen,593,746407,40297
ML-DSA-65,keygen,594,744500,40195
ML-DSA-65,keygen,595,743630,40149
ML-DSA-65,keygen,596,743186,40125
ML-DSA-65,keygen,597,755259,40776
ML-DSA-65,keygen,598,745741,40262
ML-DSA-65,keygen,599,744074,40173
ML-DSA-65,keygen,600,743944,40165
ML-DSA-65,keygen,601,744852,40214
ML-DSA-65,keygen,602,754944,40759
ML-DSA-65,keygen,603,743611,40147
ML-DSA-65,keygen,604,743111,40120
ML-DSA-65,keygen,605,748611,40416
ML-DSA-65,keygen,606,747389,40352
ML-DSA-65,keygen,607,748592,40416
ML-DSA-65,keygen,608,756537,40846
ML-DSA-65,keygen,609,744259,40182
ML-DSA-65,keygen,610,743574,40146
ML-DSA-65,keygen,611,744500,40196
ML-DSA-65,keygen,612,744500,40196
ML-DSA-65,keygen,613,757167,40880
ML-DSA-65,keygen,614,745926,40272
ML-DSA-65,keygen,615,745167,40232
ML-DSA-65,keygen,616,743519,40142
ML-DSA-65,keygen,617,743241,40128
ML-DSA-65,keygen,618,754223,40720
ML-DSA-65,keygen,619,744463,40193
ML-DSA-65,keygen,620,742833,40105
ML-DSA-65,keygen,621,744667,40204
ML-DSA-65,keygen,622,744426,40192
ML-DSA-65,keygen,623,743926,40164
ML-DSA-65,keygen,624,756333,40833
ML-DSA-65,keygen,625,746167,40285
ML-DSA-65,keygen,626,744519,40196
ML-DSA-65,keygen,627,745315,40239
ML-DSA-65,keygen,628,742704,40098
ML-DSA-65,keygen,629,754814,40751
ML-DSA-65,keygen,630,744019,40170
ML-DSA-65,keygen,631,742333,40078
ML-DSA-65,keygen,632,743889,40162
ML-DSA-65,keygen,633,743092,40119
ML-DSA-65,keygen,634,753814,40698
ML-DSA-65,keygen,635,744463,40193
ML-DSA-65,keygen,636,744130,40176
ML-DSA-65,keygen,637,743463,40140
ML-DSA-65,keygen,638,745407,40244
ML-DSA-65,keygen,639,746203,40286
ML-DSA-65,keygen,640,755797,40805
ML-DSA-65,keygen,641,745592,40255
ML-DSA-65,keygen,642,744963,40221
ML-DSA-65,keygen,643,744815,40213
ML-DSA-65,keygen,644,743926,40165
ML-DSA-65,keygen,645,754889,40756
ML-DSA-65,keygen,646,746648,40312
ML-DSA-65,keygen,647,746093,40281
ML-DSA-65,keygen,648,743981,40167
ML-DSA-65,keygen,649,745556,40251
ML-DSA-65,keygen,650,754704,40746
ML-DSA-65,keygen,651,746130,40282
ML-DSA-65,keygen,652,744537,40198
ML-DSA-65,keygen,653,744685,40205
ML-DSA-65,keygen,654,744037,40171
ML-DSA-65,keygen,655,745389,40243
ML-DSA-65,keygen,656,756093,40821
ML-DSA-65,keygen,657,743796,40157
ML-DSA-65,keygen,658,744593,40199
ML-DSA-65,keygen,659,745667,40259
ML-DSA-65,keygen,660,746167,40285
ML-DSA-65,keygen,661,756056,40819
ML-DSA-65,keygen,662,744796,40211
ML-DSA-65,keygen,663,744722,40207
ML-DSA-65,keygen,664,743611,40148
ML-DSA-65,keygen,665,745222,40233
ML-DSA-65,keygen,666,754519,40736
ML-DSA-65,keygen,667,744666,40203
ML-DSA-65,keygen,668,744611,40201
ML-DSA-65,keygen,669,745148,40231
ML-DSA-65,keygen,670,744685,40206
ML-DSA-65,keygen,671,744204,40179
ML-DSA-65,keygen,672,752537,40630
ML-DSA-65,keygen,673,747315,40347
ML-DSA-65,keygen,674,744037,40170
ML-DSA-65,keygen,675,747278,40345
ML-DSA-65,keygen,676,743056,40118
ML-DSA-65,keygen,677,754018,40708
ML-DSA-65,keygen,678,743760,40154
ML-DSA-65,keygen,679,745851,40269
ML-DSA-65,keygen,680,743204,40125
ML-DSA-65,keygen,681,745000,40222
ML-DSA-65,keygen,682,754370,40728
ML-DSA-65,keygen,683,744741,40209
ML-DSA-65,keygen,684,745055,40224
ML-DSA-65,keygen,685,745166,40231
ML-DSA-65,keygen,686,745259,40236
ML-DSA-65,keygen,687,745204,40234
ML-DSA-65,keygen,688,753945,40705
ML-DSA-65,keygen,689,745426,40245
ML-DSA-65,keygen,690,744667,40204
ML-DSA-65,keygen,691,744222,40179
ML-DSA-65,keygen,692,745167,40231
ML-DSA-65,keygen,693,755241,40775
ML-DSA-65,keygen,694,744704,40205
ML-DSA-65,keygen,695,742574,40091
ML-DSA-65,keygen,696,744870,40216
ML-DSA-65,keygen,697,745037,40225
ML-DSA-65,keygen,698,754370,40727
ML-DSA-65,keygen,699,745778,40265
ML-DSA-65,keygen,700,744388,40189
ML-DSA-65,keygen,701,743704,40152
ML-DSA-65,keygen,702,745092,40228
ML-DSA-65,keygen,703,744407,40190
ML-DSA-65,keygen,704,756130,40822
ML-DSA-65,keygen,705,744760,40209
ML-DSA-65,keygen,706,746519,40304
ML-DSA-65,keygen,707,746000,40276
ML-DSA-65,keygen,708,745204,40233
ML-DSA-65,keygen,709,755760,40803
ML-DSA-65,keygen,710,746241,40289
ML-DSA-65,keygen,711,745666,40258
ML-DSA-65,keygen,712,744704,40206
ML-DSA-65,keygen,713,743388,40135
ML-DSA-65,keygen,714,757611,40903
ML-DSA-65,keygen,715,744704,40207
ML-DSA-65,keygen,716,745519,40250
ML-DSA-65,keygen,717,745074,40226
ML-DSA-65,keygen,718,743593,40147
ML-DSA-65,keygen,719,744667,40204
ML-DSA-65,keygen,720,757296,40887
ML-DSA-65,keygen,721,747982,40384
ML-DSA-65,keygen,722,743648,40150
ML-DSA-65,keygen,723,745389,40243
ML-DSA-65,keygen,724,742778,40103
ML-DSA-65,keygen,725,753888,40702
ML-DSA-65,keygen,726,748981,40438
ML-DSA-65,keygen,727,744685,40205
ML-DSA-65,keygen,728,745148,40230
ML-DSA-65,keygen,729,745055,40225
ML-DSA-65,keygen,730,757555,40901
ML-DSA-65,keygen,731,744704,40206
ML-DSA-65,keygen,732,744833,40213
ML-DSA-65,keygen,733,742056,40064
ML-DSA-65,keygen,734,742445,40085
ML-DSA-65,keygen,735,743055,40118
ML-DSA-65,keygen,736,754297,40724
ML-DSA-65,keygen,737,743074,40118
ML-DSA-65,keygen,738,745463,40247
ML-DSA-65,keygen,739,742759,40101
ML-DSA-65,keygen,740,743352,40133
ML-DSA-65,keygen,741,755314,40779
ML-DSA-65,keygen,742,744666,40203
ML-DSA-65,keygen,743,744797,40212
ML-DSA-65,keygen,744,744037,40170
ML-DSA-65,keygen,745,743815,40158
ML-DSA-65,keygen,746,753667,40690
ML-DSA-65,keygen,747,745722,40262
ML-DSA-65,keygen,748,746259,40289
ML-DSA-65,keygen,749,743889,40163
ML-DSA-65,keygen,750,744037,40170
ML-DSA-65,keygen,751,745129,40230
ML-DSA-65,keygen,752,764408,41270
ML-DSA-65,keygen,753,745148,40231
ML-DSA-65,keygen,754,745037,40224
ML-DSA-65,keygen,755,744074,40172
ML-DSA-65,keygen,756,743889,40163
ML-DSA-65,keygen,757,755685,40800
ML-DSA-65,keygen,758,745222,40236
ML-DSA-65,keygen,759,744463,40193
ML-DSA-65,keygen,760,743296,40130
ML-DSA-65,keygen,761,743852,40161
ML-DSA-65,keygen,762,756259,40831
ML-DSA-65,keygen,763,745666,40258
ML-DSA-65,keygen,764,745629,40257
ML-DSA-65,keygen,765,744148,40176
ML-DSA-65,keygen,766,742148,40068
ML-DSA-65,keygen,767,744185,40179
ML-DSA-65,keygen,768,756093,40822
ML-DSA-65,keygen,769,743574,40145
ML-DSA-65,keygen,770,745204,40233
ML-DSA-65,keygen,771,741666,40042
ML-DSA-65,keygen,772,746296,40293
ML-DSA-65,keygen,773,754445,40733
ML-DSA-65,keygen,774,744075,40172
ML-DSA-65,keygen,775,744426,40190
ML-DSA-65,keygen,776,744481,40195
ML-DSA-65,keygen,777,744333,40186
ML-DSA-65,keygen,778,753834,40699
ML-DSA-65,keygen,779,746444,40301
ML-DSA-65,keygen,780,742852,40105
ML-DSA-65,keygen,781,744611,40201
ML-DSA-65,keygen,782,744445,40193
ML-DSA-65,keygen,783,746112,40282
ML-DSA-65,keygen,784,756037,40818
ML-DSA-65,keygen,785,745185,40232
ML-DSA-65,keygen,786,745037,40225
ML-DSA-65,keygen,787,745204,40232
ML-DSA-65,keygen,788,742667,40097
ML-DSA-65,keygen,789,754592,40739
ML-DSA-65,keygen,790,745908,40272
ML-DSA-65,keygen,791,742815,40105
ML-DSA-65,keygen,792,743445,40139
ML-DSA-65,keygen,793,743408,40136
ML-DSA-65,keygen,794,754370,40728
ML-DSA-65,keygen,795,745352,40241
ML-DSA-65,keygen,796,744000,40168
ML-DSA-65,keygen,797,744704,40205
ML-DSA-65,keygen,798,744500,40194
ML-DSA-65,keygen,799,743481,40140
ML-DSA-65,keygen,800,755648,40798
ML-DSA-65,keygen,801,743537,40143
ML-DSA-65,keygen,802,742852,40106
ML-DSA-65,keygen,803,743926,40165
ML-DSA-65,keygen,804,743111,40120
ML-DSA-65,keygen,805,754574,40739
ML-DSA-65,keygen,806,744889,40217
ML-DSA-65,keygen,807,744000,40168
ML-DSA-65,keygen,808,745389,40243
ML-DSA-65,keygen,809,744481,40194
ML-DSA-65,keygen,810,755463,40787
ML-DSA-65,keygen,811,746037,40278
ML-DSA-65,keygen,812,743704,40152
ML-DSA-65,keygen,813,745482,40248
ML-DSA-65,keygen,814,742611,40094
ML-DSA-65,keygen,815,743926,40164
ML-DSA-65,keygen,816,753500,40681
ML-DSA-65,keygen,817,745296,40237
ML-DSA-65,keygen,818,746037,40279
ML-DSA-65,keygen,819,742686,40097
ML-DSA-65,keygen,820,743704,40152
ML-DSA-65,keygen,821,755981,40815
ML-DSA-65,keygen,822,743815,40158
ML-DSA-65,keygen,823,742574,40091
ML-DSA-65,keygen,824,744129,40175
ML-DSA-65,keygen,825,743870,40162
ML-DSA-65,keygen,826,753759,40695
ML-DSA-65,keygen,827,746425,40298
ML-DSA-65,keygen,828,742537,40090
ML-DSA-65,keygen,829,745148,40230
ML-DSA-65,keygen,830,743686,40151
ML-DSA-65,keygen,831,744407,40191
ML-DSA-65,keygen,832,753704,40692
ML-DSA-65,keygen,833,744463,40193
ML-DSA-65,keygen,834,744408,40190
ML-DSA-65,keygen,835,744908,40218
ML-DSA-65,keygen,836,743537,40142
ML-DSA-65,keygen,837,755852,40808
ML-DSA-65,keygen,838,743907,40163
ML-DSA-65,keygen,839,742666,40096
ML-DSA-65,keygen,840,743130,40122
ML-DSA-65,keygen,841,743981,40168
ML-DSA-65,keygen,842,753611,40687
ML-DSA-65,keygen,843,744666,40204
ML-DSA-65,keygen,844,744778,40210
ML-DSA-65,keygen,845,744037,40171
ML-DSA-65,keygen,846,746945,40326
ML-DSA-65,keygen,847,744704,40205
ML-DSA-65,keygen,848,746759,40317
ML-DSA-65,keygen,849,746111,40282
ML-DSA-65,keygen,850,743593,40146
ML-DSA-65,keygen,851,745000,40223
ML-DSA-65,keygen,852,744278,40183
ML-DSA-65,keygen,853,755167,40772
ML-DSA-65,keygen,854,744556,40198
ML-DSA-65,keygen,855,745259,40237
ML-DSA-65,keygen,856,744704,40206
ML-DSA-65,keygen,857,744000,40169
ML-DSA-65,keygen,858,755130,40770
ML-DSA-65,keygen,859,744500,40196
ML-DSA-65,keygen,860,744815,40213
ML-DSA-65,keygen,861,743611,40147
ML-DSA-65,keygen,862,745315,40240
ML-DSA-65,keygen,863,756037,40818
ML-DSA-65,keygen,864,744389,40190
ML-DSA-65,keygen,865,744778,40209
ML-DSA-65,keygen,866,744445,40193
ML-DSA-65,keygen,867,743333,40132
ML-DSA-65,keygen,868,744111,40173
ML-DSA-65,keygen,869,753463,40679
ML-DSA-65,keygen,870,746389,40297
ML-DSA-65,keygen,871,746019,40276
ML-DSA-65,keygen,872,745388,40244
ML-DSA-65,keygen,873,742704,40099
ML-DSA-65,keygen,874,754445,40732
ML-DSA-65,keygen,875,744945,40220
ML-DSA-65,keygen,876,743537,40144
ML-DSA-65,keygen,877,743093,40120
ML-DSA-65,keygen,878,744685,40206
ML-DSA-65,keygen,879,753445,40679
ML-DSA-65,keygen,880,746722,40315
ML-DSA-65,keygen,881,745241,40236
ML-DSA-65,keygen,882,744315,40186
ML-DSA-65,keygen,883,742204,40071
ML-DSA-65,keygen,884,743815,40159
ML-DSA-65,keygen,885,755222,40773
ML-DSA-65,keygen,886,744740,40209
ML-DSA-65,keygen,887,744759,40210
ML-DSA-65,keygen,888,742833,40105
ML-DSA-65,keygen,889,746296,40292
ML-DSA-65,keygen,890,755685,40798
ML-DSA-65,keygen,891,744556,40197
ML-DSA-65,keygen,892,743166,40123
ML-DSA-65,keygen,893,744222,40179
ML-DSA-65,keygen,894,743871,40162
ML-DSA-65,keygen,895,756241,40830
ML-DSA-65,keygen,896,746130,40284
ML-DSA-65,keygen,897,742574,40092
ML-DSA-65,keygen,898,745759,40263
ML-DSA-65,keygen,899,743370,40133
ML-DSA-65,keygen,900,745222,40234
ML-DSA-65,keygen,901,755055,40765
ML-DSA-65,keygen,902,745833,40267
ML-DSA-65,keygen,903,744481,40193
ML-DSA-65,keygen,904,745630,40257
ML-DSA-65,keygen,905,746259,40290
ML-DSA-65,keygen,906,753908,40703
ML-DSA-65,keygen,907,745963,40275
ML-DSA-65,keygen,908,744741,40207
ML-DSA-65,keygen,909,744611,40202
ML-DSA-65,keygen,910,745685,40260
ML-DSA-65,keygen,911,753352,40673
ML-DSA-65,keygen,912,744241,40181
ML-DSA-65,keygen,913,745815,40265
ML-DSA-65,keygen,914,743537,40144
ML-DSA-65,keygen,915,744222,40180
ML-DSA-65,keygen,916,744685,40206
ML-DSA-65,keygen,917,763074,41197
ML-DSA-65,keygen,918,743870,40161
ML-DSA-65,keygen,919,744241,40181
ML-DSA-65,keygen,920,744351,40187
ML-DSA-65,keygen,921,742723,40100
ML-DSA-65,keygen,922,755574,40794
ML-DSA-65,keygen,923,744981,40222
ML-DSA-65,keygen,924,743555,40143
ML-DSA-65,keygen,925,744259,40183
ML-DSA-65,keygen,926,743944,40165
ML-DSA-65,keygen,927,757000,40870
ML-DSA-65,keygen,928,744296,40184
ML-DSA-65,keygen,929,743593,40147
ML-DSA-65,keygen,930,744463,40194
ML-DSA-65,keygen,931,743092,40120
ML-DSA-65,keygen,932,742518,40088
ML-DSA-65,keygen,933,754982,40761
ML-DSA-65,keygen,934,744463,40193
ML-DSA-65,keygen,935,743537,40143
ML-DSA-65,keygen,936,743370,40135
ML-DSA-65,keygen,937,743500,40141
ML-DSA-65,keygen,938,754982,40761
ML-DSA-65,keygen,939,745370,40242
ML-DSA-65,keygen,940,744685,40205
ML-DSA-65,keygen,941,745296,40238
ML-DSA-65,keygen,942,744759,40210
ML-DSA-65,keygen,943,752777,40641
ML-DSA-65,keygen,944,745982,40275
ML-DSA-65,keygen,945,743018,40115
ML-DSA-65,keygen,946,744185,40178
ML-DSA-65,keygen,947,743037,40116
ML-DSA-65,keygen,948,744055,40171
ML-DSA-65,keygen,949,754056,40711
ML-DSA-65,keygen,950,745482,40248
ML-DSA-65,keygen,951,744333,40185
ML-DSA-65,keygen,952,743944,40166
ML-DSA-65,keygen,953,744426,40191
ML-DSA-65,keygen,954,755352,40782
ML-DSA-65,keygen,955,743371,40135
ML-DSA-65,keygen,956,746463,40302
ML-DSA-65,keygen,957,745148,40230
ML-DSA-65,keygen,958,745445,40247
ML-DSA-65,keygen,959,754241,40721
ML-DSA-65,keygen,960,744908,40217
ML-DSA-65,keygen,961,745314,40240
ML-DSA-65,keygen,962,743852,40161
ML-DSA-65,keygen,963,745834,40266
ML-DSA-65,keygen,964,743370,40134
ML-DSA-65,keygen,965,754778,40751
ML-DSA-65,keygen,966,744686,40206
ML-DSA-65,keygen,967,747796,40372
ML-DSA-65,keygen,968,743037,40116
ML-DSA-65,keygen,969,744741,40208
ML-DSA-65,keygen,970,756204,40827
ML-DSA-65,keygen,971,746185,40287
ML-DSA-65,keygen,972,744778,40211
ML-DSA-65,keygen,973,745611,40255
ML-DSA-65,keygen,974,743611,40147
ML-DSA-65,keygen,975,754333,40726
ML-DSA-65,keygen,976,745685,40259
ML-DSA-65,keygen,977,743352,40133
ML-DSA-65,keygen,978,741685,40042
ML-DSA-65,keygen,979,745852,40268
ML-DSA-65,keygen,980,743630,40149
ML-DSA-65,keygen,981,754056,40711
ML-DSA-65,keygen,982,744852,40215
ML-DSA-65,keygen,983,745444,40246
ML-DSA-65,keygen,984,744834,40213
ML-DSA-65,keygen,985,744500,40196
ML-DSA-65,keygen,986,755741,40802
ML-DSA-65,keygen,987,745833,40266
ML-DSA-65,keygen,988,744833,40213
ML-DSA-65,keygen,989,743778,40156
ML-DSA-65,keygen,990,744407,40190
ML-DSA-65,keygen,991,755889,40810
ML-DSA-65,keygen,992,745000,40223
ML-DSA-65,keygen,993,745185,40233
ML-DSA-65,keygen,994,743277,40130
ML-DSA-65,keygen,995,743000,40115
ML-DSA-65,keygen,996,743556,40145
ML-DSA-65,keygen,997,755723,40801
ML-DSA-65,keygen,998,743889,40161
ML-DSA-65,keygen,999,745203,40232
ML-DSA-65,sign,0,1653000,89239
ML-DSA-65,sign,1,2859019,154380
ML-DSA-65,sign,2,2938833,158690
ML-DSA-65,sign,3,6889388,372020
ML-DSA-65,sign,4,2845148,153632
ML-DSA-65,sign,5,10612333,573055
ML-DSA-65,sign,6,3343241,180527
ML-DSA-65,sign,7,7118445,384388
ML-DSA-65,sign,8,7555556,407993
ML-DSA-65,sign,9,12944963,699021
ML-DSA-65,sign,10,5540630,299187
ML-DSA-65,sign,11,4869333,262936
ML-DSA-65,sign,12,3527370,190471
ML-DSA-65,sign,13,3526982,190451
ML-DSA-65,sign,14,8231167,444476
ML-DSA-65,sign,15,2857408,154293
ML-DSA-65,sign,16,6211296,335403
ML-DSA-65,sign,17,7567037,408611
ML-DSA-65,sign,18,1514629,81783
ML-DSA-65,sign,19,2175370,117464
ML-DSA-65,sign,20,2184037,117932
ML-DSA-65,sign,21,2855519,154189
ML-DSA-65,sign,22,9573500,516962
ML-DSA-65,sign,23,1504426,81233
ML-DSA-65,sign,24,6219463,335844
ML-DSA-65,sign,25,4197833,226675
ML-DSA-65,sign,26,6366352,343777
ML-DSA-65,sign,27,1514093,81754
ML-DSA-65,sign,28,2855500,154190
ML-DSA-65,sign,29,8231963,444519
ML-DSA-65,sign,30,6212314,335459
ML-DSA-65,sign,31,2856185,154226
ML-DSA-65,sign,32,2856074,154221
ML-DSA-65,sign,33,2175444,117466
ML-DSA-65,sign,34,6217778,335752
ML-DSA-65,sign,35,3526296,190411
ML-DSA-65,sign,36,1504482,81236
ML-DSA-65,sign,37,8902223,480713
ML-DSA-65,sign,38,2185371,118004
ML-DSA-65,sign,39,8904556,480838
ML-DSA-65,sign,40,10252407,553624
ML-DSA-65,sign,41,4870185,262983
ML-DSA-65,sign,42,2175686,117480
ML-DSA-65,sign,43,3526611,190430
ML-DSA-65,sign,44,2856278,154231
ML-DSA-65,sign,45,2861778,154528
ML-DSA-65,sign,46,4870352,262993
ML-DSA-65,sign,47,1504463,81234
ML-DSA-65,sign,48,4868760,262907
ML-DSA-65,sign,49,2185111,117990
ML-DSA-65,sign,50,4868649,262898
ML-DSA-65,sign,51,2856537,154247
ML-DSA-65,sign,52,10923555,589865
ML-DSA-65,sign,53,1504277,81224
ML-DSA-65,sign,54,6888814,371989
ML-DSA-65,sign,55,2846445,153701
ML-DSA-65,sign,56,2184241,117942
ML-DSA-65,sign,57,1504352,81228
ML-DSA-65,sign,58,6218537,335794
ML-DSA-65,sign,59,2175389,117465
ML-DSA-65,sign,60,1512741,81681
ML-DSA-65,sign,61,2855981,154215
ML-DSA-65,sign,62,6211556,335418
ML-DSA-65,sign,63,1513555,81725
ML-DSA-65,sign,64,11590074,625857
ML-DSA-65,sign,65,5550352,299712
ML-DSA-65,sign,66,4196518,226605
ML-DSA-65,sign,67,2853852,154100
ML-DSA-65,sign,68,1503556,81185
ML-DSA-65,sign,69,8899352,480558
ML-DSA-65,sign,70,7559130,408186
ML-DSA-65,sign,71,4196648,226612
ML-DSA-65,sign,72,2855537,154192
ML-DSA-65,sign,73,10926037,589998
ML-DSA-65,sign,74,2175241,117456
ML-DSA-65,sign,75,5537482,299018
ML-DSA-65,sign,76,3525389,190365
ML-DSA-65,sign,77,2185259,117997
ML-DSA-65,sign,78,1503574,81186
ML-DSA-65,sign,79,5545296,299439
ML-DSA-65,sign,80,20997037,1133833
ML-DSA-65,sign,81,1503796,81197
ML-DSA-65,sign,82,11591111,625913
ML-DSA-65,sign,83,10919852,589665
ML-DSA-65,sign,84,2854129,154113
ML-DSA-65,sign,85,3525592,190374
ML-DSA-65,sign,86,8900259,480607
ML-DSA-65,sign,87,1503723,81193
ML-DSA-65,sign,88,6887963,371944
ML-DSA-65,sign,89,1503852,81201
ML-DSA-65,sign,90,3530463,190637
ML-DSA-65,sign,91,1512834,81685
ML-DSA-65,sign,92,11582815,625466
ML-DSA-65,sign,93,4196593,226609
ML-DSA-65,sign,94,2184037,117931
ML-DSA-65,sign,95,3525518,190372
ML-DSA-65,sign,96,1503407,81177
ML-DSA-65,sign,97,1518407,81986
ML-DSA-65,sign,98,2174963,117441
ML-DSA-65,sign,99,15624537,843718
ML-DSA-65,sign,100,11591760,625947
ML-DSA-65,sign,101,1503778,81197
ML-DSA-65,sign,102,2853908,154105
ML-DSA-65,sign,103,4197982,226684
ML-DSA-65,sign,104,4866889,262805
ML-DSA-65,sign,105,3526018,190396
ML-DSA-65,sign,106,13613759,735136
ML-DSA-65,sign,107,1504259,81224
ML-DSA-65,sign,108,6889778,372040
ML-DSA-65,sign,109,6882852,371667
ML-DSA-65,sign,110,2184963,117981
ML-DSA-65,sign,111,5539907,299147
ML-DSA-65,sign,112,8910259,481146
ML-DSA-65,sign,113,8902741,480742
ML-DSA-65,sign,114,2176278,117511
ML-DSA-65,sign,115,5548222,299597
ML-DSA-65,sign,116,1504796,81252
ML-DSA-65,sign,117,3526260,190411
ML-DSA-65,sign,118,8231870,444514
ML-DSA-65,sign,119,2191519,118334
ML-DSA-65,sign,120,2846777,153719
ML-DSA-65,sign,121,6218370,335785
ML-DSA-65,sign,122,6210629,335367
ML-DSA-65,sign,123,9582018,517421
ML-DSA-65,sign,124,2855870,154209
ML-DSA-65,sign,125,2174815,117433
ML-DSA-65,sign,126,4196074,226580
ML-DSA-65,sign,127,2854630,154142
ML-DSA-65,sign,128,8899148,480548
ML-DSA-65,sign,129,6887944,371942
ML-DSA-65,sign,130,4869149,262928
ML-DSA-65,sign,131,4197759,226671
ML-DSA-65,sign,132,4868945,262915
ML-DSA-65,sign,133,6218333,335782
ML-DSA-65,sign,134,2856019,154217
ML-DSA-65,sign,135,1504537,81239
ML-DSA-65,sign,136,2184185,117938
ML-DSA-65,sign,137,2175463,117468
ML-DSA-65,sign,138,4867963,262861
ML-DSA-65,sign,139,1514259,81763
ML-DSA-65,sign,140,2175370,117463
ML-DSA-65,sign,141,2184278,117943
ML-DSA-65,sign,142,1504370,81229
ML-DSA-65,sign,143,15626000,843797
ML-DSA-65,sign,144,3527222,190462
ML-DSA-65,sign,145,5539574,299130
ML-DSA-65,sign,146,6224259,336103
ML-DSA-65,sign,147,3527593,190483
ML-DSA-65,sign,148,6881870,371613
ML-DSA-65,sign,149,4205704,227101
ML-DSA-65,sign,150,9573907,516985
ML-DSA-65,sign,151,3527111,190456
ML-DSA-65,sign,152,2855630,154196
ML-DSA-65,sign,153,4197963,226681
ML-DSA-65,sign,154,1504537,81238
ML-DSA-65,sign,155,1503445,81179
ML-DSA-65,sign,156,2184130,117936
ML-DSA-65,sign,157,4198037,226686
ML-DSA-65,sign,158,1504389,81230
ML-DSA-65,sign,159,1513222,81706
ML-DSA-65,sign,160,10915667,589438
ML-DSA-65,sign,161,2854908,154157
ML-DSA-65,sign,162,8229834,444404
ML-DSA-65,sign,163,4867648,262845
ML-DSA-65,sign,164,2855796,154206
ML-DSA-65,sign,165,2855241,154175
ML-DSA-65,sign,166,4224463,228113
ML-DSA-65,sign,167,2856723,154255
ML-DSA-65,sign,168,1503704,81194
ML-DSA-65,sign,169,4867019,262810
ML-DSA-65,sign,170,3525963,190394
ML-DSA-65,sign,171,2184463,117954
ML-DSA-65,sign,172,5537759,299030
ML-DSA-65,sign,173,2855038,154165
ML-DSA-65,sign,174,2174500,117417
ML-DSA-65,sign,175,1514000,81749
ML-DSA-65,sign,176,7557889,408118
ML-DSA-65,sign,177,2174870,117437
ML-DSA-65,sign,178,2188518,118171
ML-DSA-65,sign,179,1504018,81210
ML-DSA-65,sign,180,2183704,117912
ML-DSA-65,sign,181,1503741,81195
ML-DSA-65,sign,182,6886926,371887
ML-DSA-65,sign,183,9725500,525170
ML-DSA-65,sign,184,2185241,117996
ML-DSA-65,sign,185,6879945,371509
ML-DSA-65,sign,186,4196963,226628
ML-DSA-65,sign,187,2854685,154146
ML-DSA-65,sign,188,12931574,698299
ML-DSA-65,sign,189,5545463,299448
ML-DSA-65,sign,190,10911481,589213
ML-DSA-65,sign,191,2854277,154123
ML-DSA-65,sign,192,2855149,154170
ML-DSA-65,sign,193,2174796,117432
ML-DSA-65,sign,194,16973667,916569
ML-DSA-65,sign,195,2174574,117421
ML-DSA-65,sign,196,2183333,117893
ML-DSA-65,sign,197,2174537,117419
ML-DSA-65,sign,198,1512389,81661
ML-DSA-65,sign,199,4866944,262808
ML-DSA-65,sign,200,7558000,408126
ML-DSA-65,sign,201,7557574,408103
ML-DSA-65,sign,202,9576204,517106
ML-DSA-65,sign,203,8900870,480639
ML-DSA-65,sign,204,8906889,480965
ML-DSA-65,sign,205,3515871,189851
ML-DSA-65,sign,206,4874500,263216
ML-DSA-65,sign,207,2174481,117416
ML-DSA-65,sign,208,4195741,226564
ML-DSA-65,sign,209,4868130,262872
ML-DSA-65,sign,210,1513037,81696
ML-DSA-65,sign,211,2177334,117569
ML-DSA-65,sign,212,2184556,117959
ML-DSA-65,sign,213,2855722,154201
ML-DSA-65,sign,214,4867463,262836
ML-DSA-65,sign,215,5588611,301777
ML-DSA-65,sign,216,9582000,517420
ML-DSA-65,sign,217,2845333,153642
ML-DSA-65,sign,218,6886481,371864
ML-DSA-65,sign,219,1503482,81181
ML-DSA-65,sign,220,4204833,227054
ML-DSA-65,sign,221,2174370,117410
ML-DSA-65,sign,222,2359297,127393
ML-DSA-65,sign,223,1505888,81312
ML-DSA-65,sign,224,2184223,117940
ML-DSA-65,sign,225,2864556,154679
ML-DSA-65,sign,226,2856315,154233
ML-DSA-65,sign,227,4197908,226680
ML-DSA-65,sign,228,6285592,339415
ML-DSA-65,sign,229,7610519,410959
ML-DSA-65,sign,230,1668518,90093
ML-DSA-65,sign,231,12005611,648294
ML-DSA-65,sign,232,2199666,118775
ML-DSA-65,sign,233,2176259,117512
ML-DSA-65,sign,234,3528130,190511
ML-DSA-65,sign,235,8303111,448360
ML-DSA-65,sign,236,6219963,335872
ML-DSA-65,sign,237,3517629,189945
ML-DSA-65,sign,238,6913722,373331
ML-DSA-65,sign,239,7050148,380698
ML-DSA-65,sign,240,6238000,336845
ML-DSA-65,sign,241,2176129,117505
ML-DSA-65,sign,242,1504037,81212
ML-DSA-65,sign,243,5625056,303745
ML-DSA-65,sign,244,10245574,553254
ML-DSA-65,sign,245,2524297,136302
ML-DSA-65,sign,246,6099667,329371
ML-DSA-65,sign,247,5687408,307110
ML-DSA-65,sign,248,2880796,155554
ML-DSA-65,sign,249,2847092,153736
ML-DSA-65,sign,250,6218611,335798
ML-DSA-65,sign,251,1504463,81235
ML-DSA-65,sign,252,5547185,299542
ML-DSA-65,sign,253,4198797,226728
ML-DSA-65,sign,254,6211203,335397
ML-DSA-65,sign,255,2856296,154232
ML-DSA-65,sign,256,6896314,372393
ML-DSA-65,sign,257,8232982,444573
ML-DSA-65,sign,258,5540075,299157
ML-DSA-65,sign,259,6220334,335891
ML-DSA-65,sign,260,1504685,81246
ML-DSA-65,sign,261,6218167,335775
ML-DSA-65,sign,262,1504408,81232
ML-DSA-65,sign,263,3526500,190423
ML-DSA-65,sign,264,1504370,81229
ML-DSA-65,sign,265,3526037,190399
ML-DSA-65,sign,266,1514018,81750
ML-DSA-65,sign,267,6882315,371638
ML-DSA-65,sign,268,6218389,335786
ML-DSA-65,sign,269,2175518,117472
ML-DSA-65,sign,270,4205834,227108
ML-DSA-65,sign,271,4869055,262923
ML-DSA-65,sign,272,3526889,190444
ML-DSA-65,sign,273,4869889,262966
ML-DSA-65,sign,274,4198537,226714
ML-DSA-65,sign,275,4198352,226703
ML-DSA-65,sign,276,4198352,226704
ML-DSA-65,sign,277,2184852,117975
ML-DSA-65,sign,278,4870167,262982
ML-DSA-65,sign,279,1504166,81219
ML-DSA-65,sign,280,2855426,154186
ML-DSA-65,sign,281,2175444,117467
ML-DSA-65,sign,282,2854797,154151
ML-DSA-65,sign,283,1504315,81227
ML-DSA-65,sign,284,6888426,371968
ML-DSA-65,sign,285,2185148,117992
ML-DSA-65,sign,286,2175500,117471
ML-DSA-65,sign,287,5551703,299783
ML-DSA-65,sign,288,3527185,190460
ML-DSA-65,sign,289,7553907,407904
ML-DSA-65,sign,290,1513889,81742
ML-DSA-65,sign,291,2175129,117451
ML-DSA-65,sign,292,2855130,154169
ML-DSA-65,sign,293,4868704,262903
ML-DSA-65,sign,294,1514371,81770
ML-DSA-65,sign,295,6882037,371623
ML-DSA-65,sign,296,4876740,263337
ML-DSA-65,sign,297,4197889,226678
ML-DSA-65,sign,298,5540463,299177
ML-DSA-65,sign,299,9572889,516929
ML-DSA-65,sign,300,5547556,299560
ML-DSA-65,sign,301,6211037,335388
ML-DSA-65,sign,302,2855833,154208
ML-DSA-65,sign,303,4868167,262873
ML-DSA-65,sign,304,8906963,480970
ML-DSA-65,sign,305,10912148,589249
ML-DSA-65,sign,306,5546019,299478
ML-DSA-65,sign,307,2845259,153638
ML-DSA-65,sign,308,6885759,371824
ML-DSA-65,sign,309,2855334,154180
ML-DSA-65,sign,310,1503630,81190
ML-DSA-65,sign,311,2854185,154118
ML-DSA-65,sign,312,3525833,190388
ML-DSA-65,sign,313,2859963,154423
ML-DSA-65,sign,314,4868037,262867
ML-DSA-65,sign,315,4867204,262822
ML-DSA-65,sign,316,2184333,117946
ML-DSA-65,sign,317,1503352,81174
ML-DSA-65,sign,318,1502685,81138
ML-DSA-65,sign,319,2855166,154170
ML-DSA-65,sign,320,1503593,81188
ML-DSA-65,sign,321,2854426,154132
ML-DSA-65,sign,322,5537907,299039
ML-DSA-65,sign,323,1513352,81714
ML-DSA-65,sign,324,2854537,154138
ML-DSA-65,sign,325,3516204,189868
ML-DSA-65,sign,326,1512278,81656
ML-DSA-65,sign,327,2174315,117406
ML-DSA-65,sign,328,4195408,226545
ML-DSA-65,sign,329,2854722,154148
ML-DSA-65,sign,330,13610574,734964
ML-DSA-65,sign,331,2174463,117415
ML-DSA-65,sign,332,8900981,480645
ML-DSA-65,sign,333,4196629,226612
ML-DSA-65,sign,334,2183907,117925
ML-DSA-65,sign,335,3525407,190365
ML-DSA-65,sign,336,2854018,154109
ML-DSA-65,sign,337,1503352,81175
ML-DSA-65,sign,338,10240074,552956
ML-DSA-65,sign,339,4874834,263234
ML-DSA-65,sign,340,4196167,226585
ML-DSA-65,sign,341,1503463,81179
ML-DSA-65,sign,342,2853833,154099
ML-DSA-65,sign,343,8231000,444467
ML-DSA-65,sign,344,4867519,262840
ML-DSA-65,sign,345,7563851,408439
ML-DSA-65,sign,346,8231185,444478
ML-DSA-65,sign,347,6889556,372030
ML-DSA-65,sign,348,5540593,299185
ML-DSA-65,sign,349,2185167,117991
ML-DSA-65,sign,350,2846204,153688
ML-DSA-65,sign,351,1513148,81702
ML-DSA-65,sign,352,1503982,81208
ML-DSA-65,sign,353,2184130,117936
ML-DSA-65,sign,354,4198574,226715
ML-DSA-65,sign,355,2846333,153694
ML-DSA-65,sign,356,4876167,263306
ML-DSA-65,sign,357,2175426,117467
ML-DSA-65,sign,358,9580204,517325
ML-DSA-65,sign,359,5540019,299154
ML-DSA-65,sign,360,2877815,155395
ML-DSA-65,sign,361,3528204,190515
ML-DSA-65,sign,362,2846778,153721
ML-DSA-65,sign,363,7560352,408252
ML-DSA-65,sign,364,2185371,118003
ML-DSA-65,sign,365,7560389,408254
ML-DSA-65,sign,366,4197704,226669
ML-DSA-65,sign,367,6211018,335389
ML-DSA-65,sign,368,1514111,81754
ML-DSA-65,sign,369,3526666,190432
ML-DSA-65,sign,370,6211055,335390
ML-DSA-65,sign,371,4197889,226679
ML-DSA-65,sign,372,2184908,117978
ML-DSA-65,sign,373,2175018,117444
ML-DSA-65,sign,374,2189370,118219
ML-DSA-65,sign,375,6211945,335438
ML-DSA-65,sign,376,2185018,117984
ML-DSA-65,sign,377,1504500,81236
ML-DSA-65,sign,378,2854981,154161
ML-DSA-65,sign,379,5539537,299127
ML-DSA-65,sign,380,10252444,553626
ML-DSA-65,sign,381,4198296,226701
ML-DSA-65,sign,382,10250259,553507
ML-DSA-65,sign,383,2174388,117411
ML-DSA-65,sign,384,7557019,408072
ML-DSA-65,sign,385,9569963,516772
ML-DSA-65,sign,386,8229871,444406
ML-DSA-65,sign,387,5546223,299489
ML-DSA-65,sign,388,2174667,117424
ML-DSA-65,sign,389,2183611,117908
ML-DSA-65,sign,390,4196111,226582
ML-DSA-65,sign,391,1503611,81189
ML-DSA-65,sign,392,9580815,517357
ML-DSA-65,sign,393,2175481,117469
ML-DSA-65,sign,394,8232148,444529
ML-DSA-65,sign,395,2856963,154268
ML-DSA-65,sign,396,4869444,262942
ML-DSA-65,sign,397,5570611,300805
ML-DSA-65,sign,398,4875537,263270
ML-DSA-65,sign,399,2855223,154176
ML-DSA-65,sign,400,2174407,117411
ML-DSA-65,sign,401,2183185,117885
ML-DSA-65,sign,402,1503648,81191
ML-DSA-65,sign,403,1502963,81153
ML-DSA-65,sign,404,4196370,226596
ML-DSA-65,sign,405,1512963,81692
ML-DSA-65,sign,406,2174333,117407
ML-DSA-65,sign,407,1512426,81664
ML-DSA-65,sign,408,4197185,226639
ML-DSA-65,sign,409,12261278,662103
ML-DSA-65,sign,410,3525463,190366
ML-DSA-65,sign,411,2174555,117420
ML-DSA-65,sign,412,4196037,226578
ML-DSA-65,sign,413,4196074,226582
ML-DSA-65,sign,414,9578445,517229
ML-DSA-65,sign,415,2174426,117411
ML-DSA-65,sign,416,3524667,190325
ML-DSA-65,sign,417,1513019,81695
ML-DSA-65,sign,418,6208592,335256
ML-DSA-65,sign,419,1512740,81680
ML-DSA-65,sign,420,2845111,153630
ML-DSA-65,sign,421,8906130,480925
ML-DSA-65,sign,422,3516352,189876
ML-DSA-65,sign,423,2183092,117880
ML-DSA-65,sign,424,3525315,190360
ML-DSA-65,sign,425,10239796,552941
ML-DSA-65,sign,426,1513519,81724
ML-DSA-65,sign,427,2174408,117410
ML-DSA-65,sign,428,6885241,371796
ML-DSA-65,sign,429,1503759,81196
ML-DSA-65,sign,430,5549852,299682
ML-DSA-65,sign,431,4196926,226626
ML-DSA-65,sign,432,4867592,262841
ML-DSA-65,sign,433,6216593,335689
ML-DSA-65,sign,434,9571000,516828
ML-DSA-65,sign,435,2184167,117938
ML-DSA-65,sign,436,2174796,117432
ML-DSA-65,sign,437,1502593,81134
ML-DSA-65,sign,438,12267314,662428
ML-DSA-65,sign,439,6210018,335335
ML-DSA-65,sign,440,2855278,154178
ML-DSA-65,sign,441,3525648,190378
ML-DSA-65,sign,442,4196407,226599
ML-DSA-65,sign,443,5538667,299081
ML-DSA-65,sign,444,1512778,81681
ML-DSA-65,sign,445,5538241,299059
ML-DSA-65,sign,446,1503426,81178
ML-DSA-65,sign,447,4195833,226568
ML-DSA-65,sign,448,2185185,117993
ML-DSA-65,sign,449,9570759,516813
ML-DSA-65,sign,450,2184389,117950
ML-DSA-65,sign,451,7558296,408140
ML-DSA-65,sign,452,1503667,81192
ML-DSA-65,sign,453,1505444,81286
ML-DSA-65,sign,454,2854648,154144
ML-DSA-65,sign,455,4196445,226599
ML-DSA-65,sign,456,9578203,517215
ML-DSA-65,sign,457,2175112,117450
ML-DSA-65,sign,458,2190871,118299
ML-DSA-65,sign,459,3525574,190374
ML-DSA-65,sign,460,2845482,153648
ML-DSA-65,sign,461,4195870,226569
ML-DSA-65,sign,462,2854981,154163
ML-DSA-65,sign,463,14281444,771192
ML-DSA-65,sign,464,1504056,81213
ML-DSA-65,sign,465,4196074,226581
ML-DSA-65,sign,466,6216648,335690
ML-DSA-65,sign,467,2845129,153631
ML-DSA-65,sign,468,2183538,117903
ML-DSA-65,sign,469,2174407,117412
ML-DSA-65,sign,470,2853833,154101
ML-DSA-65,sign,471,10919241,589630
ML-DSA-65,sign,472,2854741,154148
ML-DSA-65,sign,473,1503963,81207
ML-DSA-65,sign,474,4866778,262798
ML-DSA-65,sign,475,3526204,190407
ML-DSA-65,sign,476,4196148,226585
ML-DSA-65,sign,477,6887260,371903
ML-DSA-65,sign,478,2854315,154126
ML-DSA-65,sign,479,1504000,81210
ML-DSA-65,sign,480,6208129,335231
ML-DSA-65,sign,481,4203334,226972
ML-DSA-65,sign,482,9570297,516788
ML-DSA-65,sign,483,5537963,299041
ML-DSA-65,sign,484,1513519,81722
ML-DSA-65,sign,485,2844926,153619
ML-DSA-65,sign,486,2182796,117864
ML-DSA-65,sign,487,2188297,118159
ML-DSA-65,sign,488,3516259,189872
ML-DSA-65,sign,489,5053333,272872
ML-DSA-65,sign,490,3544407,191390
ML-DSA-65,sign,491,1504704,81247
ML-DSA-65,sign,492,2854019,154109
ML-DSA-65,sign,493,1503518,81184
ML-DSA-65,sign,494,4263389,230216
ML-DSA-65,sign,495,2185240,117996
ML-DSA-65,sign,496,4196870,226624
ML-DSA-65,sign,497,1503611,81188
ML-DSA-65,sign,498,2282018,123219
ML-DSA-65,sign,499,3026111,163402
ML-DSA-65,sign,500,3947203,213139
ML-DSA-65,sign,501,1945593,105052
ML-DSA-65,sign,502,3687926,199139
ML-DSA-65,sign,503,3539870,191145
ML-DSA-65,sign,504,4197815,226675
ML-DSA-65,sign,505,4867611,262843
ML-DSA-65,sign,506,1503815,81200
ML-DSA-65,sign,507,1583704,85512
ML-DSA-65,sign,508,4868908,262913
ML-DSA-65,sign,509,1503722,81195
ML-DSA-65,sign,510,2184537,117958
ML-DSA-65,sign,511,9595204,518131
ML-DSA-65,sign,512,3335129,180089
ML-DSA-65,sign,513,9272814,500723
ML-DSA-65,sign,514,2186370,118056
ML-DSA-65,sign,515,3526055,190398
ML-DSA-65,sign,516,4945241,267035
ML-DSA-65,sign,517,5538944,299095
ML-DSA-65,sign,518,2854833,154153
ML-DSA-65,sign,519,4629925,250006
ML-DSA-65,sign,520,1697778,91673
ML-DSA-65,sign,521,5357611,289303
ML-DSA-65,sign,522,3466426,187177
ML-DSA-65,sign,523,2208352,119243
ML-DSA-65,sign,524,3517352,189929
ML-DSA-65,sign,525,1512574,81672
ML-DSA-65,sign,526,4867463,262834
ML-DSA-65,sign,527,1503722,81195
ML-DSA-65,sign,528,4195722,226562
ML-DSA-65,sign,529,13612407,735063
ML-DSA-65,sign,530,2174463,117414
ML-DSA-65,sign,531,8227741,444290
ML-DSA-65,sign,532,3525556,190372
ML-DSA-65,sign,533,15622593,843613
ML-DSA-65,sign,534,2184481,117954
ML-DSA-65,sign,535,6879777,371499
ML-DSA-65,sign,536,2184167,117937
ML-DSA-65,sign,537,2855167,154172
ML-DSA-65,sign,538,4197149,226638
ML-DSA-65,sign,539,5538389,299066
ML-DSA-65,sign,540,2854815,154153
ML-DSA-65,sign,541,1503445,81178
ML-DSA-65,sign,542,2183778,117917
ML-DSA-65,sign,543,2855408,154185
ML-DSA-65,sign,544,1503445,81179
ML-DSA-65,sign,545,1502870,81149
ML-DSA-65,sign,546,1512851,81686
ML-DSA-65,sign,547,2845334,153641
ML-DSA-65,sign,548,14286463,771463
ML-DSA-65,sign,549,8908333,481042
ML-DSA-65,sign,550,3527593,190483
ML-DSA-65,sign,551,1504334,81228
ML-DSA-65,sign,552,3526722,190436
ML-DSA-65,sign,553,2184778,117970
ML-DSA-65,sign,554,8903074,480759
ML-DSA-65,sign,555,6219166,335829
ML-DSA-65,sign,556,1504648,81245
ML-DSA-65,sign,557,2183833,117919
ML-DSA-65,sign,558,4197982,226684
ML-DSA-65,sign,559,1504148,81217
ML-DSA-65,sign,560,1503630,81188
ML-DSA-65,sign,561,5548315,299603
ML-DSA-65,sign,562,1504371,81229
ML-DSA-65,sign,563,3526722,190434
ML-DSA-65,sign,564,14957537,807700
ML-DSA-65,sign,565,7561611,408320
ML-DSA-65,sign,566,5540093,299157
ML-DSA-65,sign,567,11594833,626114
ML-DSA-65,sign,568,4198093,226688
ML-DSA-65,sign,569,4198204,226697
ML-DSA-65,sign,570,2856445,154241
ML-DSA-65,sign,571,2846463,153702
ML-DSA-65,sign,572,6217685,335748
ML-DSA-65,sign,573,10924518,589916
ML-DSA-65,sign,574,4208592,227257
ML-DSA-65,sign,575,2175648,117479
ML-DSA-65,sign,576,1513537,81723
ML-DSA-65,sign,577,2846037,153678
ML-DSA-65,sign,578,2855130,154170
ML-DSA-65,sign,579,4868778,262906
ML-DSA-65,sign,580,5547740,299570
ML-DSA-65,sign,581,2855463,154188
ML-DSA-65,sign,582,2846482,153703
ML-DSA-65,sign,583,1512537,81668
ML-DSA-65,sign,584,1504519,81238
ML-DSA-65,sign,585,2184963,117981
ML-DSA-65,sign,586,5539982,299152
ML-DSA-65,sign,587,3526852,190442
ML-DSA-65,sign,588,9573389,516955
ML-DSA-65,sign,589,5547722,299570
ML-DSA-65,sign,590,7552908,407850
ML-DSA-65,sign,591,9580630,517346
ML-DSA-65,sign,592,4198333,226703
ML-DSA-65,sign,593,1504370,81229
ML-DSA-65,sign,594,1513500,81723
ML-DSA-65,sign,595,1503926,81205
ML-DSA-65,sign,596,4868352,262884
ML-DSA-65,sign,597,2855759,154202
ML-DSA-65,sign,598,4198111,226691
ML-DSA-65,sign,599,3526833,190442
ML-DSA-65,sign,600,7560519,408261
ML-DSA-65,sign,601,2855241,154176
ML-DSA-65,sign,602,8231055,444470
ML-DSA-65,sign,603,1504370,81230
ML-DSA-65,sign,604,2174407,117412
ML-DSA-65,sign,605,1512704,81678
ML-DSA-65,sign,606,6895296,372336
ML-DSA-65,sign,607,3518259,189980
ML-DSA-65,sign,608,3526167,190405
ML-DSA-65,sign,609,5547815,299575
ML-DSA-65,sign,610,2846296,153692
ML-DSA-65,sign,611,2854592,154141
ML-DSA-65,sign,612,6217907,335758
ML-DSA-65,sign,613,18308870,988673
ML-DSA-65,sign,614,2185315,117999
ML-DSA-65,sign,615,2175222,117456
ML-DSA-65,sign,616,2183593,117907
ML-DSA-65,sign,617,6219222,335829
ML-DSA-65,sign,618,1505167,81272
ML-DSA-65,sign,619,6210296,335349
ML-DSA-65,sign,620,1514259,81764
ML-DSA-65,sign,621,4198241,226697
ML-DSA-65,sign,622,4868926,262914
ML-DSA-65,sign,623,2856371,154237
ML-DSA-65,sign,624,1504444,81234
ML-DSA-65,sign,625,6889926,372050
ML-DSA-65,sign,626,2856037,154219
ML-DSA-65,sign,627,1504574,81241
ML-DSA-65,sign,628,2183741,117914
ML-DSA-65,sign,629,1504260,81224
ML-DSA-65,sign,630,5539019,299100
ML-DSA-65,sign,631,2856315,154234
ML-DSA-65,sign,632,6889759,372041
ML-DSA-65,sign,633,1504482,81236
ML-DSA-65,sign,634,2878260,155417
ML-DSA-65,sign,635,2175704,117480
ML-DSA-65,sign,636,6895482,372349
ML-DSA-65,sign,637,2857074,154276
ML-DSA-65,sign,638,8901797,480690
ML-DSA-65,sign,639,4197852,226676
ML-DSA-65,sign,640,10253315,553673
ML-DSA-65,sign,641,1504574,81241
ML-DSA-65,sign,642,4197482,226658
ML-DSA-65,sign,643,3527074,190454
ML-DSA-65,sign,644,2856334,154235
ML-DSA-65,sign,645,6881852,371614
ML-DSA-65,sign,646,1513611,81727
ML-DSA-65,sign,647,2175259,117457
ML-DSA-65,sign,648,2183963,117926
ML-DSA-65,sign,649,2175333,117460
ML-DSA-65,sign,650,4876555,263326
ML-DSA-65,sign,651,7559852,408224
ML-DSA-65,sign,652,1504463,81235
ML-DSA-65,sign,653,1503556,81186
ML-DSA-65,sign,654,5546723,299516
ML-DSA-65,sign,655,3526648,190431
ML-DSA-65,sign,656,1504185,81220
ML-DSA-65,sign,657,4197315,226648
ML-DSA-65,sign,658,10923019,589836
ML-DSA-65,sign,659,2175760,117484
ML-DSA-65,sign,660,10251611,553581
ML-DSA-65,sign,661,9573240,516948
ML-DSA-65,sign,662,1514074,81752
ML-DSA-65,sign,663,2175408,117466
ML-DSA-65,sign,664,2188908,118193
ML-DSA-65,sign,665,2846741,153719
ML-DSA-65,sign,666,10251093,553553
ML-DSA-65,sign,667,8232074,444524
ML-DSA-65,sign,668,1504463,81235
ML-DSA-65,sign,669,2183963,117926
ML-DSA-65,sign,670,4869000,262919
ML-DSA-65,sign,671,3526796,190440
ML-DSA-65,sign,672,2184963,117981
ML-DSA-65,sign,673,1504463,81234
ML-DSA-65,sign,674,5539277,299114
ML-DSA-65,sign,675,2185259,117996
ML-DSA-65,sign,676,7560037,408235
ML-DSA-65,sign,677,2175629,117476
ML-DSA-65,sign,678,1513500,81723
ML-DSA-65,sign,679,2175667,117480
ML-DSA-65,sign,680,2184592,117960
ML-DSA-65,sign,681,8231852,444512
ML-DSA-65,sign,682,8902629,480735
ML-DSA-65,sign,683,8903704,480792
ML-DSA-65,sign,684,2185574,118014
ML-DSA-65,sign,685,1504630,81243
ML-DSA-65,sign,686,2226574,120227
ML-DSA-65,sign,687,6890908,372101
ML-DSA-65,sign,688,4197778,226672
ML-DSA-65,sign,689,8231815,444512
ML-DSA-65,sign,690,4197685,226667
ML-DSA-65,sign,691,7566074,408560
ML-DSA-65,sign,692,2847074,153737
ML-DSA-65,sign,693,8231592,444498
ML-DSA-65,sign,694,1514463,81773
ML-DSA-65,sign,695,3529500,190585
ML-DSA-65,sign,696,2175815,117487
ML-DSA-65,sign,697,2855685,154200
ML-DSA-65,sign,698,1504352,81228
ML-DSA-65,sign,699,5546648,299511
ML-DSA-65,sign,700,6882149,371629
ML-DSA-65,sign,701,8911074,481192
ML-DSA-65,sign,702,4869166,262927
ML-DSA-65,sign,703,3527167,190460
ML-DSA-65,sign,704,4869389,262940
ML-DSA-65,sign,705,2856315,154234
ML-DSA-65,sign,706,7560574,408263
ML-DSA-65,sign,707,3517444,189935
ML-DSA-65,sign,708,5548370,299604
ML-DSA-65,sign,709,1504296,81225
ML-DSA-65,sign,710,15627148,843859
ML-DSA-65,sign,711,4868852,262911
ML-DSA-65,sign,712,2185722,118022
ML-DSA-65,sign,713,2175481,117469
ML-DSA-65,sign,714,7560148,408241
ML-DSA-65,sign,715,4876463,263320
ML-DSA-65,sign,716,4869333,262938
ML-DSA-65,sign,717,1504204,81220
ML-DSA-65,sign,718,2189389,118218
ML-DSA-65,sign,719,1504815,81253
ML-DSA-65,sign,720,3526574,190427
ML-DSA-65,sign,721,2175241,117456
ML-DSA-65,sign,722,4875537,263273
ML-DSA-65,sign,723,2846537,153707
ML-DSA-65,sign,724,1513074,81700
ML-DSA-65,sign,725,2175241,117457
ML-DSA-65,sign,726,8230074,444417
ML-DSA-65,sign,727,2856148,154225
ML-DSA-65,sign,728,2856222,154228
ML-DSA-65,sign,729,2175444,117467
ML-DSA-65,sign,730,1512741,81680
ML-DSA-65,sign,731,3527519,190479
ML-DSA-65,sign,732,6211463,335412
ML-DSA-65,sign,733,6889500,372027
ML-DSA-65,sign,734,2175333,117462
ML-DSA-65,sign,735,3525778,190385
ML-DSA-65,sign,736,4876926,263346
ML-DSA-65,sign,737,1504482,81235
ML-DSA-65,sign,738,1503630,81189
ML-DSA-65,sign,739,6888000,371945
ML-DSA-65,sign,740,4196833,226621
ML-DSA-65,sign,741,1503574,81186
ML-DSA-65,sign,742,1512075,81644
ML-DSA-65,sign,743,2174389,117410
ML-DSA-65,sign,744,5544963,299421
ML-DSA-65,sign,745,1503703,81193
ML-DSA-65,sign,746,7557481,408097
ML-DSA-65,sign,747,1503611,81188
ML-DSA-65,sign,748,2183796,117917
ML-DSA-65,sign,749,2184500,117955
ML-DSA-65,sign,750,6882241,371634
ML-DSA-65,sign,751,7560444,408258
ML-DSA-65,sign,752,2856371,154236
ML-DSA-65,sign,753,10250334,553509
ML-DSA-65,sign,754,2856797,154261
ML-DSA-65,sign,755,2185389,118003
ML-DSA-65,sign,756,3527018,190450
ML-DSA-65,sign,757,1504815,81253
ML-DSA-65,sign,758,2174666,117426
ML-DSA-65,sign,759,8910556,481163
ML-DSA-65,sign,760,4198611,226717
ML-DSA-65,sign,761,1504611,81243
ML-DSA-65,sign,762,7061260,381300
ML-DSA-65,sign,763,3530130,190619
ML-DSA-65,sign,764,4215908,227652
ML-DSA-65,sign,765,7625444,411767
ML-DSA-65,sign,766,14549370,785650
ML-DSA-65,sign,767,4720166,254879
ML-DSA-65,sign,768,1840870,99399
ML-DSA-65,sign,769,9744389,526190
ML-DSA-65,sign,770,3527278,190466
ML-DSA-65,sign,771,4197649,226665
ML-DSA-65,sign,772,3598037,194287
ML-DSA-65,sign,773,8232426,444543
ML-DSA-65,sign,774,8748704,472403
ML-DSA-65,sign,775,4211149,227396
ML-DSA-65,sign,776,5543760,299356
ML-DSA-65,sign,777,5542000,299261
ML-DSA-65,sign,778,1514870,81796
ML-DSA-65,sign,779,1504612,81242
ML-DSA-65,sign,780,4197908,226678
ML-DSA-65,sign,781,3527962,190503
ML-DSA-65,sign,782,8232277,444535
ML-DSA-65,sign,783,2856944,154267
ML-DSA-65,sign,784,4197741,226670
ML-DSA-65,sign,785,3527555,190480
ML-DSA-65,sign,786,2175278,117458
ML-DSA-65,sign,787,4876093,263301
ML-DSA-65,sign,788,3517444,189935
ML-DSA-65,sign,789,2863074,154598
ML-DSA-65,sign,790,3527889,190498
ML-DSA-65,sign,791,2856463,154241
ML-DSA-65,sign,792,7561093,408292
ML-DSA-65,sign,793,1504333,81228
ML-DSA-65,sign,794,2854722,154147
ML-DSA-65,sign,795,2845518,153652
ML-DSA-65,sign,796,2853777,154098
ML-DSA-65,sign,797,3525556,190372
ML-DSA-65,sign,798,1503482,81181
ML-DSA-65,sign,799,1511870,81633
ML-DSA-65,sign,800,2844630,153604
ML-DSA-65,sign,801,6214389,335568
ML-DSA-65,sign,802,2854500,154135
ML-DSA-65,sign,803,4197259,226645
ML-DSA-65,sign,804,8899055,480543
ML-DSA-65,sign,805,2184278,117944
ML-DSA-65,sign,806,7554278,407924
ML-DSA-65,sign,807,1513167,81703
ML-DSA-65,sign,808,1503167,81164
ML-DSA-65,sign,809,10623889,573672
ML-DSA-65,sign,810,1520167,82083
ML-DSA-65,sign,811,2215019,119603
ML-DSA-65,sign,812,1505018,81265
ML-DSA-65,sign,813,2858703,154362
ML-DSA-65,sign,814,5564389,300467
ML-DSA-65,sign,815,2184519,117957
ML-DSA-65,sign,816,2858630,154359
ML-DSA-65,sign,817,2174371,117410
ML-DSA-65,sign,818,2183760,117916
ML-DSA-65,sign,819,3524833,190334
ML-DSA-65,sign,820,1503389,81176
ML-DSA-65,sign,821,1502445,81125
ML-DSA-65,sign,822,8226648,444231
ML-DSA-65,sign,823,5554592,299938
ML-DSA-65,sign,824,4196815,226622
ML-DSA-65,sign,825,2174000,117390
ML-DSA-65,sign,826,1511889,81634
ML-DSA-65,sign,827,2174315,117407
ML-DSA-65,sign,828,4194555,226499
ML-DSA-65,sign,829,1513222,81707
ML-DSA-65,sign,830,1503167,81163
ML-DSA-65,sign,831,10246463,553302
ML-DSA-65,sign,832,2174037,117391
ML-DSA-65,sign,833,8254926,445757
ML-DSA-65,sign,834,4196852,226623
ML-DSA-65,sign,835,2183778,117916
ML-DSA-65,sign,836,4196000,226577
ML-DSA-65,sign,837,3525222,190356
ML-DSA-65,sign,838,2844537,153598
ML-DSA-65,sign,839,7555944,408013
ML-DSA-65,sign,840,2855037,154165
ML-DSA-65,sign,841,2855685,154198
ML-DSA-65,sign,842,1503241,81168
ML-DSA-65,sign,843,4865648,262737
ML-DSA-65,sign,844,6215575,335634
ML-DSA-65,sign,845,1503203,81167
ML-DSA-65,sign,846,1512111,81646
ML-DSA-65,sign,847,1503222,81168
ML-DSA-65,sign,848,12929296,698176
ML-DSA-65,sign,849,4195685,226560
ML-DSA-65,sign,850,5544981,299420
ML-DSA-65,sign,851,2844407,153591
ML-DSA-65,sign,852,10248056,553385
ML-DSA-65,sign,853,1505259,81277
ML-DSA-65,sign,854,2191463,118329
ML-DSA-65,sign,855,6888630,371979
ML-DSA-65,sign,856,2844778,153612
ML-DSA-65,sign,857,2853093,154059
ML-DSA-65,sign,858,4195963,226575
ML-DSA-65,sign,859,1512352,81659
ML-DSA-65,sign,860,3515408,189825
ML-DSA-65,sign,861,8906130,480924
ML-DSA-65,sign,862,2173834,117379
ML-DSA-65,sign,863,3524074,190292
ML-DSA-65,sign,864,4195852,226569
ML-DSA-65,sign,865,1512574,81672
ML-DSA-65,sign,866,2845185,153634
ML-DSA-65,sign,867,9575463,517067
ML-DSA-65,sign,868,2845148,153631
ML-DSA-65,sign,869,6215278,335619
ML-DSA-65,sign,870,2174241,117402
ML-DSA-65,sign,871,10247185,553341
ML-DSA-65,sign,872,6215352,335621
ML-DSA-65,sign,873,1503815,81199
ML-DSA-65,sign,874,3524037,190291
ML-DSA-65,sign,875,12281167,663176
ML-DSA-65,sign,876,1505000,81264
ML-DSA-65,sign,877,1513907,81743
ML-DSA-65,sign,878,6881019,371568
ML-DSA-65,sign,879,1513611,81728
ML-DSA-65,sign,880,11598778,626326
ML-DSA-65,sign,881,1504481,81236
ML-DSA-65,sign,882,1503315,81173
ML-DSA-65,sign,883,4874760,263230
ML-DSA-65,sign,884,2175222,117454
ML-DSA-65,sign,885,2185407,118004
ML-DSA-65,sign,886,6210056,335334
ML-DSA-65,sign,887,4868037,262866
ML-DSA-65,sign,888,2855519,154191
ML-DSA-65,sign,889,1512945,81691
ML-DSA-65,sign,890,2174963,117442
ML-DSA-65,sign,891,4867407,262832
ML-DSA-65,sign,892,4875852,263289
ML-DSA-65,sign,893,4868778,262907
ML-DSA-65,sign,894,4868463,262890
ML-DSA-65,sign,895,2183945,117925
ML-DSA-65,sign,896,1504186,81220
ML-DSA-65,sign,897,2173740,117375
ML-DSA-65,sign,898,1512963,81693
ML-DSA-65,sign,899,4197074,226635
ML-DSA-65,sign,900,2855111,154168
ML-DSA-65,sign,901,5539111,299105
ML-DSA-65,sign,902,6217796,335754
ML-DSA-65,sign,903,8900981,480647
ML-DSA-65,sign,904,8230648,444449
ML-DSA-65,sign,905,1504000,81210
ML-DSA-65,sign,906,4196352,226595
ML-DSA-65,sign,907,1513518,81723
ML-DSA-65,sign,908,8901648,480683
ML-DSA-65,sign,909,1504222,81222
ML-DSA-65,sign,910,1512444,81664
ML-DSA-65,sign,911,8901797,480689
ML-DSA-65,sign,912,1504056,81211
ML-DSA-65,sign,913,10926982,590050
ML-DSA-65,sign,914,2855963,154215
ML-DSA-65,sign,915,12934185,698440
ML-DSA-65,sign,916,2175296,117460
ML-DSA-65,sign,917,3525352,190361
ML-DSA-65,sign,918,2184259,117942
ML-DSA-65,sign,919,4197222,226642
ML-DSA-65,sign,920,1504019,81211
ML-DSA-65,sign,921,1513315,81711
ML-DSA-65,sign,922,2174963,117441
ML-DSA-65,sign,923,14283574,771306
ML-DSA-65,sign,924,3526574,190428
ML-DSA-65,sign,925,9571833,516873
ML-DSA-65,sign,926,1504352,81227
ML-DSA-65,sign,927,8908315,481042
ML-DSA-65,sign,928,2175130,117450
ML-DSA-65,sign,929,6217388,335732
ML-DSA-65,sign,930,4868797,262906
ML-DSA-65,sign,931,3527482,190476
ML-DSA-65,sign,932,2175055,117446
ML-DSA-65,sign,933,1512407,81663
ML-DSA-65,sign,934,2853945,154106
ML-DSA-65,sign,935,1503241,81169
ML-DSA-65,sign,936,2173018,117336
ML-DSA-65,sign,937,3528000,190503
ML-DSA-65,sign,938,3525204,190353
ML-DSA-65,sign,939,2184519,117956
ML-DSA-65,sign,940,3525241,190355
ML-DSA-65,sign,941,4871870,263073
ML-DSA-65,sign,942,1503426,81179
ML-DSA-65,sign,943,6885425,371806
ML-DSA-65,sign,944,1503352,81175
ML-DSA-65,sign,945,10246186,553286
ML-DSA-65,sign,946,10240703,552992
ML-DSA-65,sign,947,6216037,335659
ML-DSA-65,sign,948,2854111,154115
ML-DSA-65,sign,949,12976259,700708
ML-DSA-65,sign,950,4874222,263200
ML-DSA-65,sign,951,2210852,119378
ML-DSA-65,sign,952,1504297,81226
ML-DSA-65,sign,953,13636537,736364
ML-DSA-65,sign,954,8229314,444377
ML-DSA-65,sign,955,4196093,226582
ML-DSA-65,sign,956,4866796,262800
ML-DSA-65,sign,957,1503333,81173
ML-DSA-65,sign,958,1512037,81643
ML-DSA-65,sign,959,4196018,226577
ML-DSA-65,sign,960,2844537,153598
ML-DSA-65,sign,961,1512945,81692
ML-DSA-65,sign,962,1503074,81159
ML-DSA-65,sign,963,4195407,226544
ML-DSA-65,sign,964,1512518,81668
ML-DSA-65,sign,965,8227852,444296
ML-DSA-65,sign,966,2845018,153623
ML-DSA-65,sign,967,3529389,190578
ML-DSA-65,sign,968,1512926,81692
ML-DSA-65,sign,969,6208685,335263
ML-DSA-65,sign,970,16290204,879665
ML-DSA-65,sign,971,2183629,117908
ML-DSA-65,sign,972,12929797,698201
ML-DSA-65,sign,973,7556426,408040
ML-DSA-65,sign,974,11588667,625781
ML-DSA-65,sign,975,2854259,154123
ML-DSA-65,sign,976,4866259,262771
ML-DSA-65,sign,977,4195833,226568
ML-DSA-65,sign,978,7557259,408084
ML-DSA-65,sign,979,1503222,81167
ML-DSA-65,sign,980,4864944,262699
ML-DSA-65,sign,981,2183759,117915
ML-DSA-65,sign,982,1502852,81147
ML-DSA-65,sign,983,14277278,770967
ML-DSA-65,sign,984,2174148,117397
ML-DSA-65,sign,985,2853482,154080
ML-DSA-65,sign,986,15625314,843758
ML-DSA-65,sign,987,6887167,371901
ML-DSA-65,sign,988,2174093,117394
ML-DSA-65,sign,989,1511833,81632
ML-DSA-65,sign,990,3515981,189855
ML-DSA-65,sign,991,7556722,408056
ML-DSA-65,sign,992,4873871,263181
ML-DSA-65,sign,993,4867667,262847
ML-DSA-65,sign,994,4867055,262813
ML-DSA-65,sign,995,3524981,190342
ML-DSA-65,sign,996,2174037,117391
ML-DSA-65,sign,997,5543926,299366
ML-DSA-65,sign,998,4196204,226587
ML-DSA-65,sign,999,1503000,81155
ML-DSA-65,verify,0,797371,43052
ML-DSA-65,verify,1,804130,43416
ML-DSA-65,verify,2,794834,42914
ML-DSA-65,verify,3,793815,42860
ML-DSA-65,verify,4,793667,42852
ML-DSA-65,verify,5,793667,42852
ML-DSA-65,verify,6,803148,43362
ML-DSA-65,verify,7,794574,42902
ML-DSA-65,verify,8,793593,42848
ML-DSA-65,verify,9,793722,42854
ML-DSA-65,verify,10,793500,42844
ML-DSA-65,verify,11,802796,43345
ML-DSA-65,verify,12,794481,42896
ML-DSA-65,verify,13,793833,42862
ML-DSA-65,verify,14,793666,42853
ML-DSA-65,verify,15,793555,42846
ML-DSA-65,verify,16,802982,43354
ML-DSA-65,verify,17,794574,42902
ML-DSA-65,verify,18,793537,42845
ML-DSA-65,verify,19,793500,42843
ML-DSA-65,verify,20,793611,42850
ML-DSA-65,verify,21,803111,43361
ML-DSA-65,verify,22,794426,42893
ML-DSA-65,verify,23,793667,42852
ML-DSA-65,verify,24,793778,42858
ML-DSA-65,verify,25,793759,42857
ML-DSA-65,verify,26,802963,43353
ML-DSA-65,verify,27,794870,42917
ML-DSA-65,verify,28,793796,42860
ML-DSA-65,verify,29,793537,42845
ML-DSA-65,verify,30,793703,42854
ML-DSA-65,verify,31,802889,43350
ML-DSA-65,verify,32,794704,42907
ML-DSA-65,verify,33,793723,42856
ML-DSA-65,verify,34,793667,42851
ML-DSA-65,verify,35,793667,42851
ML-DSA-65,verify,36,809870,43726
ML-DSA-65,verify,37,794814,42914
ML-DSA-65,verify,38,793463,42841
ML-DSA-65,verify,39,793741,42856
ML-DSA-65,verify,40,793760,42856
ML-DSA-65,verify,41,803444,43379
ML-DSA-65,verify,42,794741,42911
ML-DSA-65,verify,43,793574,42847
ML-DSA-65,verify,44,793648,42851
ML-DSA-65,verify,45,793778,42858
ML-DSA-65,verify,46,803241,43367
ML-DSA-65,verify,47,794537,42898
ML-DSA-65,verify,48,793277,42832
ML-DSA-65,verify,49,793518,42845
ML-DSA-65,verify,50,793555,42845
ML-DSA-65,verify,51,803037,43357
ML-DSA-65,verify,52,794388,42891
ML-DSA-65,verify,53,793407,42839
ML-DSA-65,verify,54,793445,42840
ML-DSA-65,verify,55,793408,42838
ML-DSA-65,verify,56,802833,43346
ML-DSA-65,verify,57,794592,42902
ML-DSA-65,verify,58,793537,42844
ML-DSA-65,verify,59,793611,42849
ML-DSA-65,verify,60,796871,43024
ML-DSA-65,verify,61,803907,43404
ML-DSA-65,verify,62,794426,42893
ML-DSA-65,verify,63,793704,42854
ML-DSA-65,verify,64,793482,42843
ML-DSA-65,verify,65,793389,42837
ML-DSA-65,verify,66,803000,43353
ML-DSA-65,verify,67,794556,42900
ML-DSA-65,verify,68,793518,42844
ML-DSA-65,verify,69,793574,42848
ML-DSA-65,verify,70,793537,42846
ML-DSA-65,verify,71,802388,43320
ML-DSA-65,verify,72,795074,42928
ML-DSA-65,verify,73,793407,42839
ML-DSA-65,verify,74,793648,42851
ML-DSA-65,verify,75,793537,42844
ML-DSA-65,verify,76,803537,43384
ML-DSA-65,verify,77,794463,42896
ML-DSA-65,verify,78,793686,42853
ML-DSA-65,verify,79,793333,42835
ML-DSA-65,verify,80,793537,42846
ML-DSA-65,verify,81,803408,43376
ML-DSA-65,verify,82,794333,42889
ML-DSA-65,verify,83,793537,42845
ML-DSA-65,verify,84,793556,42846
ML-DSA-65,verify,85,793649,42850
ML-DSA-65,verify,86,802981,43353
ML-DSA-65,verify,87,794778,42913
ML-DSA-65,verify,88,793667,42852
ML-DSA-65,verify,89,793407,42838
ML-DSA-65,verify,90,793407,42839
ML-DSA-65,verify,91,803037,43356
ML-DSA-65,verify,92,794500,42897
ML-DSA-65,verify,93,793426,42838
ML-DSA-65,verify,94,793352,42835
ML-DSA-65,verify,95,793686,42852
ML-DSA-65,verify,96,802889,43350
ML-DSA-65,verify,97,794389,42890
ML-DSA-65,verify,98,793444,42840
ML-DSA-65,verify,99,793444,42839
ML-DSA-65,verify,100,793462,42841
ML-DSA-65,verify,101,803074,43358
ML-DSA-65,verify,102,794592,42902
ML-DSA-65,verify,103,793648,42850
ML-DSA-65,verify,104,793574,42848
ML-DSA-65,verify,105,793445,42841
ML-DSA-65,verify,106,803333,43373
ML-DSA-65,verify,107,795149,42932
ML-DSA-65,verify,108,794019,42871
ML-DSA-65,verify,109,793926,42865
ML-DSA-65,verify,110,794222,42883
ML-DSA-65,verify,111,803203,43365
ML-DSA-65,verify,112,794444,42894
ML-DSA-65,verify,113,793556,42847
ML-DSA-65,verify,114,793371,42836
ML-DSA-65,verify,115,793574,42847
ML-DSA-65,verify,116,802722,43338
ML-DSA-65,verify,117,794593,42903
ML-DSA-65,verify,118,793537,42844
ML-DSA-65,verify,119,793722,42855
ML-DSA-65,verify,120,793630,42851
ML-DSA-65,verify,121,804203,43419
ML-DSA-65,verify,122,794352,42889
ML-DSA-65,verify,123,793685,42854
ML-DSA-65,verify,124,793426,42839
ML-DSA-65,verify,125,800093,43198
ML-DSA-65,verify,126,803629,43389
ML-DSA-65,verify,127,794555,42901
ML-DSA-65,verify,128,793593,42847
ML-DSA-65,verify,129,793371,42837
ML-DSA-65,verify,130,793537,42846
ML-DSA-65,verify,131,802907,43350
ML-DSA-65,verify,132,794352,42889
ML-DSA-65,verify,133,793685,42853
ML-DSA-65,verify,134,793445,42840
ML-DSA-65,verify,135,793352,42835
ML-DSA-65,verify,136,803019,43356
ML-DSA-65,verify,137,794667,42906
ML-DSA-65,verify,138,793407,42837
ML-DSA-65,verify,139,793741,42856
ML-DSA-65,verify,140,793611,42849
ML-DSA-65,verify,141,802962,43352
ML-DSA-65,verify,142,1043426,56326
ML-DSA-65,verify,143,802111,43308
ML-DSA-65,verify,144,794093,42875
ML-DSA-65,verify,145,914352,49364
ML-DSA-65,verify,146,797074,43036
ML-DSA-65,verify,147,794370,42888
ML-DSA-65,verify,148,793926,42867
ML-DSA-65,verify,149,794093,42874
ML-DSA-65,verify,150,803481,43380
ML-DSA-65,verify,151,795074,42928
ML-DSA-65,verify,152,794037,42871
ML-DSA-65,verify,153,794148,42878
ML-DSA-65,verify,154,793981,42868
ML-DSA-65,verify,155,803963,43407
ML-DSA-65,verify,156,795019,42926
ML-DSA-65,verify,157,793926,42865
ML-DSA-65,verify,158,793982,42868
ML-DSA-65,verify,159,794222,42882
ML-DSA-65,verify,160,803537,43383
ML-DSA-65,verify,161,795055,42926
ML-DSA-65,verify,162,793871,42864
ML-DSA-65,verify,163,793963,42868
ML-DSA-65,verify,164,793981,42870
ML-DSA-65,verify,165,803667,43392
ML-DSA-65,verify,166,794944,42922
ML-DSA-65,verify,167,793907,42865
ML-DSA-65,verify,168,793871,42862
ML-DSA-65,verify,169,794000,42870
ML-DSA-65,verify,170,803296,43372
ML-DSA-65,verify,171,794926,42921
ML-DSA-65,verify,172,794074,42873
ML-DSA-65,verify,173,793926,42865
ML-DSA-65,verify,174,794018,42870
ML-DSA-65,verify,175,803556,43384
ML-DSA-65,verify,176,794704,42908
ML-DSA-65,verify,177,793963,42868
ML-DSA-65,verify,178,794185,42878
ML-DSA-65,verify,179,794000,42870
ML-DSA-65,verify,180,803352,43374
ML-DSA-65,verify,181,798130,43093
ML-DSA-65,verify,182,794092,42876
ML-DSA-65,verify,183,794259,42883
ML-DSA-65,verify,184,794056,42872
ML-DSA-65,verify,185,805000,43462
ML-DSA-65,verify,186,795223,42936
ML-DSA-65,verify,187,793908,42865
ML-DSA-65,verify,188,794000,42870
ML-DSA-65,verify,189,793852,42863
ML-DSA-65,verify,190,810870,43778
ML-DSA-65,verify,191,795278,42940
ML-DSA-65,verify,192,793852,42862
ML-DSA-65,verify,193,794148,42877
ML-DSA-65,verify,194,794111,42875
ML-DSA-65,verify,195,805315,43479
ML-DSA-65,verify,196,795592,42956
ML-DSA-65,verify,197,793629,42849
ML-DSA-65,verify,198,793963,42867
ML-DSA-65,verify,199,794112,42876
ML-DSA-65,verify,200,803574,43386
ML-DSA-65,verify,201,794888,42919
ML-DSA-65,verify,202,793945,42867
ML-DSA-65,verify,203,793908,42865
ML-DSA-65,verify,204,793926,42866
ML-DSA-65,verify,205,803222,43366
ML-DSA-65,verify,206,794815,42915
ML-DSA-65,verify,207,793981,42868
ML-DSA-65,verify,208,794111,42876
ML-DSA-65,verify,209,793815,42861
ML-DSA-65,verify,210,803426,43377
ML-DSA-65,verify,211,794871,42918
ML-DSA-65,verify,212,794037,42873
ML-DSA-65,verify,213,793925,42867
ML-DSA-65,verify,214,794056,42873
ML-DSA-65,verify,215,803445,43378
ML-DSA-65,verify,216,794796,42914
ML-DSA-65,verify,217,793834,42862
ML-DSA-65,verify,218,793945,42866
ML-DSA-65,verify,219,794056,42874
ML-DSA-65,verify,220,803389,43376
ML-DSA-65,verify,221,795019,42925
ML-DSA-65,verify,222,793815,42859
ML-DSA-65,verify,223,793907,42865
ML-DSA-65,verify,224,793907,42866
ML-DSA-65,verify,225,803351,43375
ML-DSA-65,verify,226,795371,42944
ML-DSA-65,verify,227,794000,42870
ML-DSA-65,verify,228,793963,42869
ML-DSA-65,verify,229,794185,42880
ML-DSA-65,verify,230,803574,43386
ML-DSA-65,verify,231,794963,42922
ML-DSA-65,verify,232,793926,42866
ML-DSA-65,verify,233,794055,42872
ML-DSA-65,verify,234,793888,42865
ML-DSA-65,verify,235,803760,43395
ML-DSA-65,verify,236,794815,42913
ML-DSA-65,verify,237,793815,42861
ML-DSA-65,verify,238,794019,42871
ML-DSA-65,verify,239,794056,42874
ML-DSA-65,verify,240,804445,43431
ML-DSA-65,verify,241,795000,42925
ML-DSA-65,verify,242,793907,42865
ML-DSA-65,verify,243,794000,42869
ML-DSA-65,verify,244,793944,42866
ML-DSA-65,verify,245,803630,43390
ML-DSA-65,verify,246,795500,42949
ML-DSA-65,verify,247,794259,42883
ML-DSA-65,verify,248,793982,42870
ML-DSA-65,verify,249,793926,42866
ML-DSA-65,verify,250,803445,43379
ML-DSA-65,verify,251,794982,42924
ML-DSA-65,verify,252,794019,42871
ML-DSA-65,verify,253,794278,42885
ML-DSA-65,verify,254,793944,42868
ML-DSA-65,verify,255,803389,43377
ML-DSA-65,verify,256,795037,42925
ML-DSA-65,verify,257,794129,42877
ML-DSA-65,verify,258,794074,42873
ML-DSA-65,verify,259,794259,42883
ML-DSA-65,verify,260,803556,43384
ML-DSA-65,verify,261,795055,42927
ML-DSA-65,verify,262,794018,42871
ML-DSA-65,verify,263,793926,42866
ML-DSA-65,verify,264,794092,42875
ML-DSA-65,verify,265,803370,43376
ML-DSA-65,verify,266,794944,42921
ML-DSA-65,verify,267,794445,42894
ML-DSA-65,verify,268,794148,42878
ML-DSA-65,verify,269,794074,42874
ML-DSA-65,verify,270,803518,43382
ML-DSA-65,verify,271,795685,42961
ML-DSA-65,verify,272,794148,42877
ML-DSA-65,verify,273,793963,42869
ML-DSA-65,verify,274,794000,42870
ML-DSA-65,verify,275,803315,43372
ML-DSA-65,verify,276,794852,42916
ML-DSA-65,verify,277,794093,42875
ML-DSA-65,verify,278,794204,42881
ML-DSA-65,verify,279,794204,42881
ML-DSA-65,verify,280,803500,43381
ML-DSA-65,verify,281,795851,42971
ML-DSA-65,verify,282,794167,42879
ML-DSA-65,verify,283,794185,42879
ML-DSA-65,verify,284,794000,42869
ML-DSA-65,verify,285,804296,43425
ML-DSA-65,verify,286,795777,42966
ML-DSA-65,verify,287,794111,42875
ML-DSA-65,verify,288,794389,42891
ML-DSA-65,verify,289,794037,42871
ML-DSA-65,verify,290,803574,43385
ML-DSA-65,verify,291,795240,42938
ML-DSA-65,verify,292,794000,42870
ML-DSA-65,verify,293,794075,42875
ML-DSA-65,verify,294,794037,42873
ML-DSA-65,verify,295,803297,43370
ML-DSA-65,verify,296,795574,42954
ML-DSA-65,verify,297,794129,42877
ML-DSA-65,verify,298,794185,42879
ML-DSA-65,verify,299,794093,42875
ML-DSA-65,verify,300,803426,43379
ML-DSA-65,verify,301,795130,42931
ML-DSA-65,verify,302,796686,43013
ML-DSA-65,verify,303,794333,42888
ML-DSA-65,verify,304,794074,42874
ML-DSA-65,verify,305,805186,43472
ML-DSA-65,verify,306,795370,42944
ML-DSA-65,verify,307,794204,42881
ML-DSA-65,verify,308,793982,42869
ML-DSA-65,verify,309,793981,42870
ML-DSA-65,verify,310,803630,43387
ML-DSA-65,verify,311,795093,42928
ML-DSA-65,verify,312,794203,42881
ML-DSA-65,verify,313,794148,42876
ML-DSA-65,verify,314,794019,42872
ML-DSA-65,verify,315,803352,43374
ML-DSA-65,verify,316,795000,42924
ML-DSA-65,verify,317,794093,42874
ML-DSA-65,verify,318,794093,42875
ML-DSA-65,verify,319,793945,42868
ML-DSA-65,verify,320,803537,43384
ML-DSA-65,verify,321,795056,42927
ML-DSA-65,verify,322,794148,42877
ML-DSA-65,verify,323,794111,42877
ML-DSA-65,verify,324,794371,42889
ML-DSA-65,verify,325,804241,43422
ML-DSA-65,verify,326,795722,42963
ML-DSA-65,verify,327,793981,42870
ML-DSA-65,verify,328,794148,42878
ML-DSA-65,verify,329,794112,42876
ML-DSA-65,verify,330,804426,43431
ML-DSA-65,verify,331,794908,42919
ML-DSA-65,verify,332,794037,42873
ML-DSA-65,verify,333,794130,42876
ML-DSA-65,verify,334,794093,42874
ML-DSA-65,verify,335,803519,43383
ML-DSA-65,verify,336,795370,42944
ML-DSA-65,verify,337,793704,42854
ML-DSA-65,verify,338,793963,42867
ML-DSA-65,verify,339,794019,42872
ML-DSA-65,verify,340,803482,43381
ML-DSA-65,verify,341,795148,42932
ML-DSA-65,verify,342,793889,42865
ML-DSA-65,verify,343,793833,42862
ML-DSA-65,verify,344,793889,42862
ML-DSA-65,verify,345,810277,43747
ML-DSA-65,verify,346,795389,42946
ML-DSA-65,verify,347,794000,42870
ML-DSA-65,verify,348,794037,42872
ML-DSA-65,verify,349,793648,42852
ML-DSA-65,verify,350,803685,43391
ML-DSA-65,verify,351,794926,42920
ML-DSA-65,verify,352,793982,42869
ML-DSA-65,verify,353,793833,42861
ML-DSA-65,verify,354,793797,42860
ML-DSA-65,verify,355,803352,43372
ML-DSA-65,verify,356,794963,42923
ML-DSA-65,verify,357,793926,42867
ML-DSA-65,verify,358,793889,42864
ML-DSA-65,verify,359,793944,42867
ML-DSA-65,verify,360,803167,43364
ML-DSA-65,verify,361,794888,42919
ML-DSA-65,verify,362,794093,42875
ML-DSA-65,verify,363,793834,42861
ML-DSA-65,verify,364,794037,42872
ML-DSA-65,verify,365,803296,43369
ML-DSA-65,verify,366,795056,42928
ML-DSA-65,verify,367,793759,42857
ML-DSA-65,verify,368,793834,42861
ML-DSA-65,verify,369,793981,42870
ML-DSA-65,verify,370,803296,43369
ML-DSA-65,verify,371,794982,42923
ML-DSA-65,verify,372,793778,42857
ML-DSA-65,verify,373,793889,42864
ML-DSA-65,verify,374,793982,42869
ML-DSA-65,verify,375,804166,43418
ML-DSA-65,verify,376,795222,42935
ML-DSA-65,verify,377,794037,42872
ML-DSA-65,verify,378,793945,42867
ML-DSA-65,verify,379,793871,42864
ML-DSA-65,verify,380,803371,43375
ML-DSA-65,verify,381,795537,42952
ML-DSA-65,verify,382,793760,42857
ML-DSA-65,verify,383,793870,42864
ML-DSA-65,verify,384,793722,42855
ML-DSA-65,verify,385,803389,43376
ML-DSA-65,verify,386,794704,42909
ML-DSA-65,verify,387,793963,42869
ML-DSA-65,verify,388,794185,42880
ML-DSA-65,verify,389,793870,42864
ML-DSA-65,verify,390,803463,43381
ML-DSA-65,verify,391,794852,42915
ML-DSA-65,verify,392,794093,42876
ML-DSA-65,verify,393,793889,42863
ML-DSA-65,verify,394,793722,42855
ML-DSA-65,verify,395,802981,43354
ML-DSA-65,verify,396,794926,42921
ML-DSA-65,verify,397,793814,42860
ML-DSA-65,verify,398,793908,42864
ML-DSA-65,verify,399,793981,42869
ML-DSA-65,verify,400,803185,43365
ML-DSA-65,verify,401,794945,42922
ML-DSA-65,verify,402,793815,42859
ML-DSA-65,verify,403,794019,42871
ML-DSA-65,verify,404,793889,42864
ML-DSA-65,verify,405,803112,43359
ML-DSA-65,verify,406,794666,42906
ML-DSA-65,verify,407,793907,42866
ML-DSA-65,verify,408,794167,42879
ML-DSA-65,verify,409,793963,42868
ML-DSA-65,verify,410,803963,43407
ML-DSA-65,verify,411,795333,42942
ML-DSA-65,verify,412,793889,42864
ML-DSA-65,verify,413,793815,42860
ML-DSA-65,verify,414,793870,42864
ML-DSA-65,verify,415,803092,43359
ML-DSA-65,verify,416,794870,42916
ML-DSA-65,verify,417,793926,42866
ML-DSA-65,verify,418,794389,42890
ML-DSA-65,verify,419,794185,42880
ML-DSA-65,verify,420,804278,43422
ML-DSA-65,verify,421,795278,42939
ML-DSA-65,verify,422,797296,43046
ML-DSA-65,verify,423,794167,42878
ML-DSA-65,verify,424,794149,42878
ML-DSA-65,verify,425,804630,43441
ML-DSA-65,verify,426,795723,42964
ML-DSA-65,verify,427,794167,42879
ML-DSA-65,verify,428,794185,42880
ML-DSA-65,verify,429,793981,42870
ML-DSA-65,verify,430,831908,44917
ML-DSA-65,verify,431,795685,42961
ML-DSA-65,verify,432,794223,42881
ML-DSA-65,verify,433,794167,42879
ML-DSA-65,verify,434,794259,42884
ML-DSA-65,verify,435,804759,43448
ML-DSA-65,verify,436,795037,42927
ML-DSA-65,verify,437,794167,42880
ML-DSA-65,verify,438,794018,42872
ML-DSA-65,verify,439,794129,42877
ML-DSA-65,verify,440,803759,43396
ML-DSA-65,verify,441,794981,42922
ML-DSA-65,verify,442,794074,42874
ML-DSA-65,verify,443,794018,42872
ML-DSA-65,verify,444,793925,42866
ML-DSA-65,verify,445,803278,43370
ML-DSA-65,verify,446,795018,42925
ML-DSA-65,verify,447,793926,42865
ML-DSA-65,verify,448,793926,42866
ML-DSA-65,verify,449,794555,42901
ML-DSA-65,verify,450,803167,43363
ML-DSA-65,verify,451,795500,42951
ML-DSA-65,verify,452,794611,42902
ML-DSA-65,verify,453,794000,42870
ML-DSA-65,verify,454,794426,42893
ML-DSA-65,verify,455,803222,43367
ML-DSA-65,verify,456,794889,42917
ML-DSA-65,verify,457,793963,42869
ML-DSA-65,verify,458,793815,42861
ML-DSA-65,verify,459,793722,42855
ML-DSA-65,verify,460,803240,43367
ML-DSA-65,verify,461,794907,42920
ML-DSA-65,verify,462,793814,42861
ML-DSA-65,verify,463,794148,42878
ML-DSA-65,verify,464,793889,42864
ML-DSA-65,verify,465,804148,43416
ML-DSA-65,verify,466,794834,42914
ML-DSA-65,verify,467,793741,42856
ML-DSA-65,verify,468,793851,42862
ML-DSA-65,verify,469,793889,42864
ML-DSA-65,verify,470,803333,43372
ML-DSA-65,verify,471,794907,42919
ML-DSA-65,verify,472,794648,42905
ML-DSA-65,verify,473,794630,42905
ML-DSA-65,verify,474,794037,42872
ML-DSA-65,verify,475,803574,43386
ML-DSA-65,verify,476,794982,42924
ML-DSA-65,verify,477,793814,42860
ML-DSA-65,verify,478,794463,42895
ML-DSA-65,verify,479,793796,42859
ML-DSA-65,verify,480,803333,43373
ML-DSA-65,verify,481,795278,42940
ML-DSA-65,verify,482,794000,42870
ML-DSA-65,verify,483,794185,42881
ML-DSA-65,verify,484,794055,42873
ML-DSA-65,verify,485,803370,43375
ML-DSA-65,verify,486,795167,42934
ML-DSA-65,verify,487,794000,42871
ML-DSA-65,verify,488,793963,42868
ML-DSA-65,verify,489,794111,42876
ML-DSA-65,verify,490,803481,43381
ML-DSA-65,verify,491,795130,42932
ML-DSA-65,verify,492,794222,42881
ML-DSA-65,verify,493,794315,42887
ML-DSA-65,verify,494,794018,42871
ML-DSA-65,verify,495,803389,43376
ML-DSA-65,verify,496,795222,42936
ML-DSA-65,verify,497,794612,42903
ML-DSA-65,verify,498,794056,42873
ML-DSA-65,verify,499,794241,42884
ML-DSA-65,verify,500,809204,43690
ML-DSA-65,verify,501,795352,42943
ML-DSA-65,verify,502,794370,42891
ML-DSA-65,verify,503,794129,42877
ML-DSA-65,verify,504,794741,42909
ML-DSA-65,verify,505,803871,43402
ML-DSA-65,verify,506,795130,42932
ML-DSA-65,verify,507,794166,42879
ML-DSA-65,verify,508,793889,42865
ML-DSA-65,verify,509,794093,42876
ML-DSA-65,verify,510,803630,43388
ML-DSA-65,verify,511,794926,42919
ML-DSA-65,verify,512,794222,42881
ML-DSA-65,verify,513,794185,42880
ML-DSA-65,verify,514,794167,42880
ML-DSA-65,verify,515,803574,43385
ML-DSA-65,verify,516,795019,42926
ML-DSA-65,verify,517,793963,42867
ML-DSA-65,verify,518,794055,42873
ML-DSA-65,verify,519,794130,42878
ML-DSA-65,verify,520,803648,43389
ML-DSA-65,verify,521,795537,42953
ML-DSA-65,verify,522,794630,42905
ML-DSA-65,verify,523,793907,42864
ML-DSA-65,verify,524,794111,42876
ML-DSA-65,verify,525,803870,43400
ML-DSA-65,verify,526,795148,42932
ML-DSA-65,verify,527,794277,42886
ML-DSA-65,verify,528,794185,42880
ML-DSA-65,verify,529,794093,42876
ML-DSA-65,verify,530,803500,43381
ML-DSA-65,verify,531,794870,42918
ML-DSA-65,verify,532,793889,42864
ML-DSA-65,verify,533,793815,42861
ML-DSA-65,verify,534,793815,42860
ML-DSA-65,verify,535,803037,43357
ML-DSA-65,verify,536,794963,42921
ML-DSA-65,verify,537,793648,42851
ML-DSA-65,verify,538,794111,42875
ML-DSA-65,verify,539,793723,42855
ML-DSA-65,verify,540,803204,43367
ML-DSA-65,verify,541,795000,42923
ML-DSA-65,verify,542,793852,42863
ML-DSA-65,verify,543,797166,43040
ML-DSA-65,verify,544,794019,42870
ML-DSA-65,verify,545,805019,43462
ML-DSA-65,verify,546,795185,42934
ML-DSA-65,verify,547,793815,42859
ML-DSA-65,verify,548,794463,42894
ML-DSA-65,verify,549,793945,42867
ML-DSA-65,verify,550,803759,43396
ML-DSA-65,verify,551,794796,42913
ML-DSA-65,verify,552,794426,42894
ML-DSA-65,verify,553,794445,42894
ML-DSA-65,verify,554,794075,42874
ML-DSA-65,verify,555,803371,43374
ML-DSA-65,verify,556,795408,42946
ML-DSA-65,verify,557,794574,42900
ML-DSA-65,verify,558,794037,42871
ML-DSA-65,verify,559,794148,42877
ML-DSA-65,verify,560,803389,43377
ML-DSA-65,verify,561,794963,42922
ML-DSA-65,verify,562,793834,42862
ML-DSA-65,verify,563,793870,42862
ML-DSA-65,verify,564,793760,42857
ML-DSA-65,verify,565,803463,43379
ML-DSA-65,verify,566,794667,42906
ML-DSA-65,verify,567,793907,42865
ML-DSA-65,verify,568,793963,42868
ML-DSA-65,verify,569,793907,42866
ML-DSA-65,verify,570,803259,43369
ML-DSA-65,verify,571,794778,42912
ML-DSA-65,verify,572,794074,42875
ML-DSA-65,verify,573,793908,42864
ML-DSA-65,verify,574,793889,42864
ML-DSA-65,verify,575,803315,43371
ML-DSA-65,verify,576,794426,42892
ML-DSA-65,verify,577,794019,42870
ML-DSA-65,verify,578,794130,42876
ML-DSA-65,verify,579,793852,42862
ML-DSA-65,verify,580,803037,43357
ML-DSA-65,verify,581,794889,42919
ML-DSA-65,verify,582,793796,42859
ML-DSA-65,verify,583,793945,42866
ML-DSA-65,verify,584,794000,42870
ML-DSA-65,verify,585,803352,43372
ML-DSA-65,verify,586,794981,42923
ML-DSA-65,verify,587,793982,42869
ML-DSA-65,verify,588,793852,42862
ML-DSA-65,verify,589,793963,42867
ML-DSA-65,verify,590,802500,43327
ML-DSA-65,verify,591,794851,42916
ML-DSA-65,verify,592,793944,42867
ML-DSA-65,verify,593,793741,42856
ML-DSA-65,verify,594,793926,42866
ML-DSA-65,verify,595,804371,43428
ML-DSA-65,verify,596,794797,42914
ML-DSA-65,verify,597,793944,42867
ML-DSA-65,verify,598,794037,42873
ML-DSA-65,verify,599,793981,42868
ML-DSA-65,verify,600,803519,43382
ML-DSA-65,verify,601,795370,42944
ML-DSA-65,verify,602,794204,42882
ML-DSA-65,verify,603,793852,42861
ML-DSA-65,verify,604,793722,42854
ML-DSA-65,verify,605,803296,43370
ML-DSA-65,verify,606,794926,42921
ML-DSA-65,verify,607,794000,42870
ML-DSA-65,verify,608,794130,42877
ML-DSA-65,verify,609,794074,42874
ML-DSA-65,verify,610,802963,43353
ML-DSA-65,verify,611,794760,42911
ML-DSA-65,verify,612,793889,42865
ML-DSA-65,verify,613,793926,42865
ML-DSA-65,verify,614,793852,42862
ML-DSA-65,verify,615,803167,43364
ML-DSA-65,verify,616,794963,42922
ML-DSA-65,verify,617,793852,42862
ML-DSA-65,verify,618,793926,42866
ML-DSA-65,verify,619,793926,42867
ML-DSA-65,verify,620,803204,43365
ML-DSA-65,verify,621,794833,42915
ML-DSA-65,verify,622,793945,42867
ML-DSA-65,verify,623,793852,42861
ML-DSA-65,verify,624,793778,42858
ML-DSA-65,verify,625,803315,43371
ML-DSA-65,verify,626,795371,42945
ML-DSA-65,verify,627,793889,42864
ML-DSA-65,verify,628,794203,42882
ML-DSA-65,verify,629,794019,42871
ML-DSA-65,verify,630,803111,43361
ML-DSA-65,verify,631,794945,42921
ML-DSA-65,verify,632,794130,42877
ML-DSA-65,verify,633,794000,42871
ML-DSA-65,verify,634,793907,42865
ML-DSA-65,verify,635,802851,43346
ML-DSA-65,verify,636,794574,42901
ML-DSA-65,verify,637,794037,42873
ML-DSA-65,verify,638,794093,42876
ML-DSA-65,verify,639,793778,42858
ML-DSA-65,verify,640,803704,43392
ML-DSA-65,verify,641,795111,42930
ML-DSA-65,verify,642,793833,42860
ML-DSA-65,verify,643,793926,42865
ML-DSA-65,verify,644,793778,42857
ML-DSA-65,verify,645,803130,43362
ML-DSA-65,verify,646,794963,42922
ML-DSA-65,verify,647,794038,42871
ML-DSA-65,verify,648,794037,42873
ML-DSA-65,verify,649,793926,42866
ML-DSA-65,verify,650,803055,43357
ML-DSA-65,verify,651,795333,42941
ML-DSA-65,verify,652,793945,42868
ML-DSA-65,verify,653,793833,42860
ML-DSA-65,verify,654,793833,42860
ML-DSA-65,verify,655,808648,43661
ML-DSA-65,verify,656,795185,42934
ML-DSA-65,verify,657,793945,42868
ML-DSA-65,verify,658,794055,42873
ML-DSA-65,verify,659,794056,42872
ML-DSA-65,verify,660,803370,43375
ML-DSA-65,verify,661,795611,42956
ML-DSA-65,verify,662,794018,42871
ML-DSA-65,verify,663,796703,43015
ML-DSA-65,verify,664,794130,42878
ML-DSA-65,verify,665,804167,43417
ML-DSA-65,verify,666,795222,42937
ML-DSA-65,verify,667,793870,42864
ML-DSA-65,verify,668,793815,42861
ML-DSA-65,verify,669,793944,42867
ML-DSA-65,verify,670,803241,43368
ML-DSA-65,verify,671,794723,42908
ML-DSA-65,verify,672,794111,42875
ML-DSA-65,verify,673,793945,42867
ML-DSA-65,verify,674,794000,42870
ML-DSA-65,verify,675,803093,43360
ML-DSA-65,verify,676,795019,42924
ML-DSA-65,verify,677,794314,42888
ML-DSA-65,verify,678,794148,42878
ML-DSA-65,verify,679,794037,42871
ML-DSA-65,verify,680,803148,43363
ML-DSA-65,verify,681,795185,42934
ML-DSA-65,verify,682,794093,42876
ML-DSA-65,verify,683,794074,42875
ML-DSA-65,verify,684,793982,42869
ML-DSA-65,verify,685,804259,43422
ML-DSA-65,verify,686,795092,42928
ML-DSA-65,verify,687,794037,42872
ML-DSA-65,verify,688,794370,42890
ML-DSA-65,verify,689,794019,42871
ML-DSA-65,verify,690,803407,43378
ML-DSA-65,verify,691,795130,42931
ML-DSA-65,verify,692,794074,42874
ML-DSA-65,verify,693,794092,42875
ML-DSA-65,verify,694,794037,42872
ML-DSA-65,verify,695,803352,43372
ML-DSA-65,verify,696,795037,42926
ML-DSA-65,verify,697,794037,42871
ML-DSA-65,verify,698,794407,42893
ML-DSA-65,verify,699,793889,42865
ML-DSA-65,verify,700,803407,43377
ML-DSA-65,verify,701,795889,42972
ML-DSA-65,verify,702,794111,42876
ML-DSA-65,verify,703,794204,42881
ML-DSA-65,verify,704,794019,42872
ML-DSA-65,verify,705,803334,43373
ML-DSA-65,verify,706,795093,42929
ML-DSA-65,verify,707,794093,42875
ML-DSA-65,verify,708,794111,42875
ML-DSA-65,verify,709,793963,42868
ML-DSA-65,verify,710,803148,43363
ML-DSA-65,verify,711,795167,42933
ML-DSA-65,verify,712,794056,42873
ML-DSA-65,verify,713,794111,42876
ML-DSA-65,verify,714,794204,42882
ML-DSA-65,verify,715,803167,43364
ML-DSA-65,verify,716,795666,42961
ML-DSA-65,verify,717,793926,42866
ML-DSA-65,verify,718,794056,42873
ML-DSA-65,verify,719,794315,42886
ML-DSA-65,verify,720,803407,43377
ML-DSA-65,verify,721,795556,42955
ML-DSA-65,verify,722,794111,42877
ML-DSA-65,verify,723,794000,42871
ML-DSA-65,verify,724,793981,42869
ML-DSA-65,verify,725,803130,43361
ML-DSA-65,verify,726,795371,42944
ML-DSA-65,verify,727,793944,42867
ML-DSA-65,verify,728,794222,42883
ML-DSA-65,verify,729,794204,42881
ML-DSA-65,verify,730,804278,43424
ML-DSA-65,verify,731,795408,42947
ML-DSA-65,verify,732,794129,42878
ML-DSA-65,verify,733,794185,42879
ML-DSA-65,verify,734,794093,42876
ML-DSA-65,verify,735,803315,43372
ML-DSA-65,verify,736,795185,42934
ML-DSA-65,verify,737,794241,42884
ML-DSA-65,verify,738,794111,42877
ML-DSA-65,verify,739,794111,42876
ML-DSA-65,verify,740,803148,43363
ML-DSA-65,verify,741,795519,42952
ML-DSA-65,verify,742,794130,42878
ML-DSA-65,verify,743,794129,42877
ML-DSA-65,verify,744,794000,42870
ML-DSA-65,verify,745,803241,43367
ML-DSA-65,verify,746,795593,42957
ML-DSA-65,verify,747,794055,42874
ML-DSA-65,verify,748,793981,42870
ML-DSA-65,verify,749,794074,42875
ML-DSA-65,verify,750,802315,43316
ML-DSA-65,verify,751,795926,42974
ML-DSA-65,verify,752,794204,42881
ML-DSA-65,verify,753,793982,42869
ML-DSA-65,verify,754,794018,42871
ML-DSA-65,verify,755,803408,43378
ML-DSA-65,verify,756,795889,42973
ML-DSA-65,verify,757,794018,42871
ML-DSA-65,verify,758,794277,42885
ML-DSA-65,verify,759,793963,42868
ML-DSA-65,verify,760,803185,43364
ML-DSA-65,verify,761,795592,42955
ML-DSA-65,verify,762,794148,42879
ML-DSA-65,verify,763,793981,42869
ML-DSA-65,verify,764,794092,42875
ML-DSA-65,verify,765,803167,43364
ML-DSA-65,verify,766,795240,42937
ML-DSA-65,verify,767,794223,42882
ML-DSA-65,verify,768,794130,42877
ML-DSA-65,verify,769,794056,42873
ML-DSA-65,verify,770,803203,43366
ML-DSA-65,verify,771,795685,42962
ML-DSA-65,verify,772,794074,42875
ML-DSA-65,verify,773,794018,42871
ML-DSA-65,verify,774,793963,42868
ML-DSA-65,verify,775,804204,43420
ML-DSA-65,verify,776,795611,42958
ML-DSA-65,verify,777,793981,42868
ML-DSA-65,verify,778,794185,42880
ML-DSA-65,verify,779,794018,42871
ML-DSA-65,verify,780,803352,43375
ML-DSA-65,verify,781,795333,42943
ML-DSA-65,verify,782,794019,42872
ML-DSA-65,verify,783,793982,42869
ML-DSA-65,verify,784,797685,43070
ML-DSA-65,verify,785,804370,43429
ML-DSA-65,verify,786,795740,42965
ML-DSA-65,verify,787,794092,42875
ML-DSA-65,verify,788,794092,42874
ML-DSA-65,verify,789,794019,42871
ML-DSA-65,verify,790,802370,43319
ML-DSA-65,verify,791,794871,42918
ML-DSA-65,verify,792,794129,42877
ML-DSA-65,verify,793,794166,42880
ML-DSA-65,verify,794,794130,42878
ML-DSA-65,verify,795,803407,43377
ML-DSA-65,verify,796,795074,42929
ML-DSA-65,verify,797,794130,42877
ML-DSA-65,verify,798,794185,42881
ML-DSA-65,verify,799,794445,42894
ML-DSA-65,verify,800,803074,43359
ML-DSA-65,verify,801,795185,42934
ML-DSA-65,verify,802,794111,42877
ML-DSA-65,verify,803,794093,42876
ML-DSA-65,verify,804,794018,42871
ML-DSA-65,verify,805,803111,43361
ML-DSA-65,verify,806,795815,42967
ML-DSA-65,verify,807,794185,42880
ML-DSA-65,verify,808,794222,42882
ML-DSA-65,verify,809,794167,42878
ML-DSA-65,verify,810,808889,43672
ML-DSA-65,verify,811,795703,42963
ML-DSA-65,verify,812,793871,42863
ML-DSA-65,verify,813,793926,42866
ML-DSA-65,verify,814,794149,42878
ML-DSA-65,verify,815,803593,43386
ML-DSA-65,verify,816,795463,42949
ML-DSA-65,verify,817,794278,42886
ML-DSA-65,verify,818,794203,42881
ML-DSA-65,verify,819,794278,42886
ML-DSA-65,verify,820,804204,43420
ML-DSA-65,verify,821,795222,42937
ML-DSA-65,verify,822,794203,42882
ML-DSA-65,verify,823,794111,42877
ML-DSA-65,verify,824,794019,42871
ML-DSA-65,verify,825,803352,43375
ML-DSA-65,verify,826,795703,42962
ML-DSA-65,verify,827,794111,42877
ML-DSA-65,verify,828,794092,42875
ML-DSA-65,verify,829,794093,42876
ML-DSA-65,verify,830,803240,43367
ML-DSA-65,verify,831,795611,42957
ML-DSA-65,verify,832,794037,42872
ML-DSA-65,verify,833,794222,42883
ML-DSA-65,verify,834,794000,42870
ML-DSA-65,verify,835,803186,43365
ML-DSA-65,verify,836,795371,42945
ML-DSA-65,verify,837,794075,42874
ML-DSA-65,verify,838,794334,42888
ML-DSA-65,verify,839,794148,42879
ML-DSA-65,verify,840,803203,43367
ML-DSA-65,verify,841,795092,42929
ML-DSA-65,verify,842,794277,42886
ML-DSA-65,verify,843,794056,42873
ML-DSA-65,verify,844,794037,42873
ML-DSA-65,verify,845,803259,43370
ML-DSA-65,verify,846,795704,42961
ML-DSA-65,verify,847,794019,42871
ML-DSA-65,verify,848,794277,42885
ML-DSA-65,verify,849,793963,42869
ML-DSA-65,verify,850,803240,43368
ML-DSA-65,verify,851,794944,42921
ML-DSA-65,verify,852,794166,42879
ML-DSA-65,verify,853,794000,42871
ML-DSA-65,verify,854,794240,42884
ML-DSA-65,verify,855,803259,43368
ML-DSA-65,verify,856,795222,42936
ML-DSA-65,verify,857,794129,42878
ML-DSA-65,verify,858,793963,42868
ML-DSA-65,verify,859,794000,42870
ML-DSA-65,verify,860,803037,43357
ML-DSA-65,verify,861,795852,42971
ML-DSA-65,verify,862,794166,42879
ML-DSA-65,verify,863,794277,42886
ML-DSA-65,verify,864,793889,42865
ML-DSA-65,verify,865,803129,43362
ML-DSA-65,verify,866,795130,42932
ML-DSA-65,verify,867,794167,42879
ML-DSA-65,verify,868,794093,42875
ML-DSA-65,verify,869,794037,42871
ML-DSA-65,verify,870,802834,43345
ML-DSA-65,verify,871,795537,42954
ML-DSA-65,verify,872,794240,42883
ML-DSA-65,verify,873,794148,42879
ML-DSA-65,verify,874,794037,42873
ML-DSA-65,verify,875,803351,43374
ML-DSA-65,verify,876,794907,42920
ML-DSA-65,verify,877,794185,42881
ML-DSA-65,verify,878,794278,42885
ML-DSA-65,verify,879,793981,42870
ML-DSA-65,verify,880,803074,43358
ML-DSA-65,verify,881,796204,42990
ML-DSA-65,verify,882,794296,42887
ML-DSA-65,verify,883,794093,42875
ML-DSA-65,verify,884,794074,42875
ML-DSA-65,verify,885,803000,43354
ML-DSA-65,verify,886,795722,42964
ML-DSA-65,verify,887,794166,42879
ML-DSA-65,verify,888,794371,42889
ML-DSA-65,verify,889,793963,42869
ML-DSA-65,verify,890,802926,43350
ML-DSA-65,verify,891,795222,42935
ML-DSA-65,verify,892,794111,42876
ML-DSA-65,verify,893,794259,42884
ML-DSA-65,verify,894,794056,42873
ML-DSA-65,verify,895,802981,43353
ML-DSA-65,verify,896,795648,42959
ML-DSA-65,verify,897,794111,42877
ML-DSA-65,verify,898,794370,42890
ML-DSA-65,verify,899,793981,42870
ML-DSA-65,verify,900,802981,43353
ML-DSA-65,verify,901,796000,42979
ML-DSA-65,verify,902,794315,42886
ML-DSA-65,verify,903,794167,42878
ML-DSA-65,verify,904,797112,43036
ML-DSA-65,verify,905,804167,43416
ML-DSA-65,verify,906,795686,42962
ML-DSA-65,verify,907,793963,42868
ML-DSA-65,verify,908,794074,42875
ML-DSA-65,verify,909,794092,42876
ML-DSA-65,verify,910,803166,43364
ML-DSA-65,verify,911,795648,42959
ML-DSA-65,verify,912,794037,42873
ML-DSA-65,verify,913,794037,42871
ML-DSA-65,verify,914,794056,42873
ML-DSA-65,verify,915,803185,43366
ML-DSA-65,verify,916,795574,42956
ML-DSA-65,verify,917,793963,42869
ML-DSA-65,verify,918,794148,42878
ML-DSA-65,verify,919,794074,42875
ML-DSA-65,verify,920,802944,43353
ML-DSA-65,verify,921,795204,42934
ML-DSA-65,verify,922,794000,42870
ML-DSA-65,verify,923,794037,42873
ML-DSA-65,verify,924,794148,42878
ML-DSA-65,verify,925,803092,43359
ML-DSA-65,verify,926,795611,42958
ML-DSA-65,verify,927,794037,42873
ML-DSA-65,verify,928,794129,42877
ML-DSA-65,verify,929,794185,42881
ML-DSA-65,verify,930,803204,43367
ML-DSA-65,verify,931,795278,42938
ML-DSA-65,verify,932,793963,42869
ML-DSA-65,verify,933,794000,42870
ML-DSA-65,verify,934,794037,42873
ML-DSA-65,verify,935,803018,43356
ML-DSA-65,verify,936,795296,42939
ML-DSA-65,verify,937,794093,42874
ML-DSA-65,verify,938,794166,42878
ML-DSA-65,verify,939,794000,42870
ML-DSA-65,verify,940,803167,43364
ML-DSA-65,verify,941,795037,42926
ML-DSA-65,verify,942,794315,42887
ML-DSA-65,verify,943,794074,42875
ML-DSA-65,verify,944,794056,42873
ML-DSA-65,verify,945,803092,43359
ML-DSA-65,verify,946,796111,42985
ML-DSA-65,verify,947,794240,42884
ML-DSA-65,verify,948,794037,42871
ML-DSA-65,verify,949,794222,42881
ML-DSA-65,verify,950,803037,43357
ML-DSA-65,verify,951,795852,42970
ML-DSA-65,verify,952,794129,42878
ML-DSA-65,verify,953,794370,42889
ML-DSA-65,verify,954,794018,42870
ML-DSA-65,verify,955,803185,43364
ML-DSA-65,verify,956,795630,42958
ML-DSA-65,verify,957,794019,42872
ML-DSA-65,verify,958,794259,42884
ML-DSA-65,verify,959,794130,42877
ML-DSA-65,verify,960,803074,43358
ML-DSA-65,verify,961,795352,42943
ML-DSA-65,verify,962,794204,42881
ML-DSA-65,verify,963,794129,42877
ML-DSA-65,verify,964,794204,42881
ML-DSA-65,verify,965,808204,43636
ML-DSA-65,verify,966,796388,43000
ML-DSA-65,verify,967,794037,42873
ML-DSA-65,verify,968,794333,42889
ML-DSA-65,verify,969,794037,42872
ML-DSA-65,verify,970,803611,43387
ML-DSA-65,verify,971,796111,42984
ML-DSA-65,verify,972,794185,42880
ML-DSA-65,verify,973,794166,42878
ML-DSA-65,verify,974,794129,42878
ML-DSA-65,verify,975,803074,43359
ML-DSA-65,verify,976,796222,42989
ML-DSA-65,verify,977,794074,42874
ML-DSA-65,verify,978,794426,42893
ML-DSA-65,verify,979,794074,42874
ML-DSA-65,verify,980,803000,43354
ML-DSA-65,verify,981,795241,42938
ML-DSA-65,verify,982,794167,42879
ML-DSA-65,verify,983,794296,42886
ML-DSA-65,verify,984,794204,42880
ML-DSA-65,verify,985,803741,43395
ML-DSA-65,verify,986,795630,42958
ML-DSA-65,verify,987,794574,42901
ML-DSA-65,verify,988,794148,42879
ML-DSA-65,verify,989,794630,42904
ML-DSA-65,verify,990,802296,43315
ML-DSA-65,verify,991,796370,42998
ML-DSA-65,verify,992,794259,42884
ML-DSA-65,verify,993,794185,42880
ML-DSA-65,verify,994,794019,42871
ML-DSA-65,verify,995,803093,43360
ML-DSA-65,verify,996,795870,42971
ML-DSA-65,verify,997,793944,42868
ML-DSA-65,verify,998,794130,42877
ML-DSA-65,verify,999,794111,42876
