algo,op,iter,wall_ns,cycles
ML-DSA-65,keygen,0,782723,42258
ML-DSA-65,keygen,1,747759,40373
ML-DSA-65,keygen,2,743703,40153
ML-DSA-65,keygen,3,742260,40077
ML-DSA-65,keygen,4,742630,40095
ML-DSA-65,keygen,5,756277,40833
ML-DSA-65,keygen,6,746833,40323
ML-DSA-65,keygen,7,743945,40167
ML-DSA-65,keygen,8,741741,40049
ML-DSA-65,keygen,9,741500,40036
ML-DSA-65,keygen,10,743259,40129
ML-DSA-65,keygen,11,754371,40729
ML-DSA-65,keygen,12,746815,40322
ML-DSA-65,keygen,13,741389,40029
ML-DSA-65,keygen,14,743444,40140
ML-DSA-65,keygen,15,743629,40150
ML-DSA-65,keygen,16,753500,40682
ML-DSA-65,keygen,17,745296,40240
ML-DSA-65,keygen,18,741870,40054
ML-DSA-65,keygen,19,742241,40076
ML-DSA-65,keygen,20,744240,40184
ML-DSA-65,keygen,21,753204,40666
ML-DSA-65,keygen,22,743019,40118
ML-DSA-65,keygen,23,744204,40181
ML-DSA-65,keygen,24,744759,40211
ML-DSA-65,keygen,25,743889,40165
ML-DSA-65,keygen,26,741297,40024
ML-DSA-65,keygen,27,753852,40702
ML-DSA-65,keygen,28,743018,40117
ML-DSA-65,keygen,29,743574,40147
ML-DSA-65,keygen,30,743278,40130
ML-DSA-65,keygen,31,742611,40095
ML-DSA-65,keygen,32,754889,40757
ML-DSA-65,keygen,33,743389,40138
ML-DSA-65,keygen,34,743833,40162
ML-DSA-65,keygen,35,744130,40178
ML-DSA-65,keygen,36,744981,40223
ML-DSA-65,keygen,37,754092,40714
ML-DSA-65,keygen,38,743704,40155
ML-DSA-65,keygen,39,740648,39989
ML-DSA-65,keygen,40,743222,40129
ML-DSA-65,keygen,41,742686,40100
ML-DSA-65,keygen,42,743833,40161
ML-DSA-65,keygen,43,753278,40670
ML-DSA-65,keygen,44,743518,40144
ML-DSA-65,keygen,45,745963,40276
ML-DSA-65,keygen,46,742574,40094
ML-DSA-65,keygen,47,742185,40072
ML-DSA-65,keygen,48,752500,40629
ML-DSA-65,keygen,49,744926,40219
ML-DSA-65,keygen,50,746111,40285
ML-DSA-65,keygen,51,743796,40160
ML-DSA-65,keygen,52,743278,40131
ML-DSA-65,keygen,53,754241,40723
ML-DSA-65,keygen,54,745649,40259
ML-DSA-65,keygen,55,744908,40219
ML-DSA-65,keygen,56,741426,40030
ML-DSA-65,keygen,57,742259,40077
ML-DSA-65,keygen,58,743222,40128
ML-DSA-65,keygen,59,755482,40788
ML-DSA-65,keygen,60,744945,40221
ML-DSA-65,keygen,61,741908,40058
ML-DSA-65,keygen,62,742388,40084
ML-DSA-65,keygen,63,742223,40073
ML-DSA-65,keygen,64,754389,40731
ML-DSA-65,keygen,65,743963,40169
ML-DSA-65,keygen,66,744055,40173
ML-DSA-65,keygen,67,743185,40126
ML-DSA-65,keygen,68,743352,40134
ML-DSA-65,keygen,69,754426,40732
ML-DSA-65,keygen,70,744000,40170
ML-DSA-65,keygen,71,744500,40198
ML-DSA-65,keygen,72,742555,40091
ML-DSA-65,keygen,73,743129,40122
ML-DSA-65,keygen,74,743148,40123
ML-DSA-65,keygen,75,755000,40762
ML-DSA-65,keygen,76,745444,40249
ML-DSA-65,keygen,77,743519,40144
ML-DSA-65,keygen,78,744833,40215
ML-DSA-65,keygen,79,742649,40097
ML-DSA-65,keygen,80,754834,40754
ML-DSA-65,keygen,81,744907,40219
ML-DSA-65,keygen,82,744740,40209
ML-DSA-65,keygen,83,742481,40088
ML-DSA-65,keygen,84,742296,40077
ML-DSA-65,keygen,85,754166,40719
ML-DSA-65,keygen,86,745500,40250
ML-DSA-65,keygen,87,744426,40193
ML-DSA-65,keygen,88,741907,40057
ML-DSA-65,keygen,89,743667,40152
ML-DSA-65,keygen,90,742648,40097
ML-DSA-65,keygen,91,754519,40738
ML-DSA-65,keygen,92,744630,40204
ML-DSA-65,keygen,93,743037,40118
ML-DSA-65,keygen,94,742889,40109
ML-DSA-65,keygen,95,743111,40123
ML-DSA-65,keygen,96,755019,40764
ML-DSA-65,keygen,97,743000,40116
ML-DSA-65,keygen,98,742982,40115
ML-DSA-65,keygen,99,744204,40181
ML-DSA-65,keygen,100,744926,40220
ML-DSA-65,keygen,101,755426,40786
ML-DSA-65,keygen,102,744000,40170
ML-DSA-65,keygen,103,743130,40123
ML-DSA-65,keygen,104,743185,40125
ML-DSA-65,keygen,105,744000,40170
ML-DSA-65,keygen,106,744148,40178
ML-DSA-65,keygen,107,761371,41106
ML-DSA-65,keygen,108,743574,40148
ML-DSA-65,keygen,109,743093,40120
ML-DSA-65,keygen,110,743519,40144
ML-DSA-65,keygen,111,742741,40101
ML-DSA-65,keygen,112,754648,40744
ML-DSA-65,keygen,113,743815,40160
ML-DSA-65,keygen,114,744519,40197
ML-DSA-65,keygen,115,743982,40169
ML-DSA-65,keygen,116,742241,40074
ML-DSA-65,keygen,117,758408,40946
ML-DSA-65,keygen,118,744297,40185
ML-DSA-65,keygen,119,743056,40119
ML-DSA-65,keygen,120,741481,40035
ML-DSA-65,keygen,121,744222,40183
ML-DSA-65,keygen,122,744611,40203
ML-DSA-65,keygen,123,758889,40973
ML-DSA-65,keygen,124,744185,40180
ML-DSA-65,keygen,125,743204,40127
ML-DSA-65,keygen,126,744425,40193
ML-DSA-65,keygen,127,742463,40086
ML-DSA-65,keygen,128,754203,40721
ML-DSA-65,keygen,129,745481,40250
ML-DSA-65,keygen,130,743833,40161
ML-DSA-65,keygen,131,743204,40127
ML-DSA-65,keygen,132,743945,40168
ML-DSA-65,keygen,133,755796,40805
ML-DSA-65,keygen,134,744908,40219
ML-DSA-65,keygen,135,745426,40247
ML-DSA-65,keygen,136,743240,40129
ML-DSA-65,keygen,137,744037,40173
ML-DSA-65,keygen,138,744352,40188
ML-DSA-65,keygen,139,756686,40855
ML-DSA-65,keygen,140,746388,40299
ML-DSA-65,keygen,141,743148,40123
ML-DSA-65,keygen,142,742612,40095
ML-DSA-65,keygen,143,743667,40152
ML-DSA-65,keygen,144,754148,40716
ML-DSA-65,keygen,145,743018,40117
ML-DSA-65,keygen,146,742556,40092
ML-DSA-65,keygen,147,742204,40073
ML-DSA-65,keygen,148,743833,40162
ML-DSA-65,keygen,149,754426,40732
ML-DSA-65,keygen,150,743518,40145
ML-DSA-65,keygen,151,744074,40174
ML-DSA-65,keygen,152,741259,40022
ML-DSA-65,keygen,153,742797,40106
ML-DSA-65,keygen,154,742703,40100
ML-DSA-65,keygen,155,756148,40826
ML-DSA-65,keygen,156,796463,42998
ML-DSA-65,keygen,157,749481,40468
ML-DSA-65,keygen,158,743463,40142
ML-DSA-65,keygen,159,742185,40073
ML-DSA-65,keygen,160,757759,40913
ML-DSA-65,keygen,161,743352,40136
ML-DSA-65,keygen,162,743148,40123
ML-DSA-65,keygen,163,743426,40140
ML-DSA-65,keygen,164,746612,40311
ML-DSA-65,keygen,165,754130,40717
ML-DSA-65,keygen,166,743723,40156
ML-DSA-65,keygen,167,744389,40191
ML-DSA-65,keygen,168,744481,40195
ML-DSA-65,keygen,169,743222,40128
ML-DSA-65,keygen,170,789426,42620
ML-DSA-65,keygen,171,745685,40262
ML-DSA-65,keygen,172,744148,40178
ML-DSA-65,keygen,173,744741,40210
ML-DSA-65,keygen,174,744037,40173
ML-DSA-65,keygen,175,741204,40020
ML-DSA-65,keygen,176,754834,40754
ML-DSA-65,keygen,177,744389,40191
ML-DSA-65,keygen,178,744833,40215
ML-DSA-65,keygen,179,744204,40182
ML-DSA-65,keygen,180,741722,40047
ML-DSA-65,keygen,181,754037,40712
ML-DSA-65,keygen,182,744815,40214
ML-DSA-65,keygen,183,743259,40131
ML-DSA-65,keygen,184,742537,40092
ML-DSA-65,keygen,185,743111,40123
ML-DSA-65,keygen,186,755741,40804
ML-DSA-65,keygen,187,745426,40248
ML-DSA-65,keygen,188,744240,40183
ML-DSA-65,keygen,189,743055,40120
ML-DSA-65,keygen,190,743185,40127
ML-DSA-65,keygen,191,745352,40242
ML-DSA-65,keygen,192,753445,40679
ML-DSA-65,keygen,193,743944,40167
ML-DSA-65,keygen,194,742129,40070
ML-DSA-65,keygen,195,741315,40026
ML-DSA-65,keygen,196,741482,40034
ML-DSA-65,keygen,197,754352,40729
ML-DSA-65,keygen,198,743426,40138
ML-DSA-65,keygen,199,742741,40103
ML-DSA-65,keygen,200,744593,40202
ML-DSA-65,keygen,201,743037,40117
ML-DSA-65,keygen,202,752556,40631
ML-DSA-65,keygen,203,744667,40206
ML-DSA-65,keygen,204,743333,40135
ML-DSA-65,keygen,205,742686,40098
ML-DSA-65,keygen,206,744592,40203
ML-DSA-65,keygen,207,743222,40129
ML-DSA-65,keygen,208,758648,40959
ML-DSA-65,keygen,209,744185,40180
ML-DSA-65,keygen,210,744055,40173
ML-DSA-65,keygen,211,742889,40109
ML-DSA-65,keygen,212,745037,40227
ML-DSA-65,keygen,213,756982,40870
ML-DSA-65,keygen,214,743741,40157
ML-DSA-65,keygen,215,743630,40150
ML-DSA-65,keygen,216,743778,40159
ML-DSA-65,keygen,217,743593,40148
ML-DSA-65,keygen,218,758167,40934
ML-DSA-65,keygen,219,745481,40251
ML-DSA-65,keygen,220,742130,40069
ML-DSA-65,keygen,221,743759,40158
ML-DSA-65,keygen,222,741629,40042
ML-DSA-65,keygen,223,744111,40176
ML-DSA-65,keygen,224,756149,40824
ML-DSA-65,keygen,225,743908,40166
ML-DSA-65,keygen,226,742222,40074
ML-DSA-65,keygen,227,745093,40229
ML-DSA-65,keygen,228,743796,40159
ML-DSA-65,keygen,229,756056,40821
ML-DSA-65,keygen,230,744149,40179
ML-DSA-65,keygen,231,743518,40144
ML-DSA-65,keygen,232,743537,40145
ML-DSA-65,keygen,233,742408,40084
ML-DSA-65,keygen,234,754593,40740
ML-DSA-65,keygen,235,744018,40172
ML-DSA-65,keygen,236,743518,40144
ML-DSA-65,keygen,237,742334,40080
ML-DSA-65,keygen,238,743556,40146
ML-DSA-65,keygen,239,742370,40082
ML-DSA-65,keygen,240,753222,40667
ML-DSA-65,keygen,241,744296,40186
ML-DSA-65,keygen,242,742667,40098
ML-DSA-65,keygen,243,742555,40093
ML-DSA-65,keygen,244,745444,40248
ML-DSA-65,keygen,245,755556,40792
ML-DSA-65,keygen,246,746407,40299
ML-DSA-65,keygen,247,743870,40163
ML-DSA-65,keygen,248,744111,40176
ML-DSA-65,keygen,249,743093,40122
ML-DSA-65,keygen,250,753093,40660
ML-DSA-65,keygen,251,743130,40124
ML-DSA-65,keygen,252,743222,40128
ML-DSA-65,keygen,253,743944,40167
ML-DSA-65,keygen,254,741667,40045
ML-DSA-65,keygen,255,742537,40091
ML-DSA-65,keygen,256,760500,41059
ML-DSA-65,keygen,257,743148,40123
ML-DSA-65,keygen,258,744648,40206
ML-DSA-65,keygen,259,743981,40170
ML-DSA-65,keygen,260,744519,40199
ML-DSA-65,keygen,261,755111,40769
ML-DSA-65,keygen,262,744481,40197
ML-DSA-65,keygen,263,742056,40066
ML-DSA-65,keygen,264,743481,40143
ML-DSA-65,keygen,265,744926,40220
ML-DSA-65,keygen,266,753296,40671
ML-DSA-65,keygen,267,743259,40130
ML-DSA-65,keygen,268,744908,40219
ML-DSA-65,keygen,269,742278,40078
ML-DSA-65,keygen,270,744259,40184
ML-DSA-65,keygen,271,742871,40109
ML-DSA-65,keygen,272,761352,41097
ML-DSA-65,keygen,273,746203,40290
ML-DSA-65,keygen,274,743445,40141
ML-DSA-65,keygen,275,742130,40070
ML-DSA-65,keygen,276,743352,40135
ML-DSA-65,keygen,277,754981,40762
ML-DSA-65,keygen,278,744778,40211
ML-DSA-65,keygen,279,745000,40224
ML-DSA-65,keygen,280,742241,40075
ML-DSA-65,keygen,281,743352,40135
ML-DSA-65,keygen,282,755296,40780
ML-DSA-65,keygen,283,745500,40250
ML-DSA-65,keygen,284,744759,40212
ML-DSA-65,keygen,285,741963,40060
ML-DSA-65,keygen,286,741925,40059
ML-DSA-65,keygen,287,742315,40079
ML-DSA-65,keygen,288,753129,40663
ML-DSA-65,keygen,289,745056,40228
ML-DSA-65,keygen,290,742851,40108
ML-DSA-65,keygen,291,741908,40056
ML-DSA-65,keygen,292,742056,40065
ML-DSA-65,keygen,293,759870,41027
ML-DSA-65,keygen,294,746241,40290
ML-DSA-65,keygen,295,743407,40139
ML-DSA-65,keygen,296,744852,40216
ML-DSA-65,keygen,297,743926,40167
ML-DSA-65,keygen,298,751740,40587
ML-DSA-65,keygen,299,745815,40269
ML-DSA-65,keygen,300,742297,40079
ML-DSA-65,keygen,301,744611,40204
ML-DSA-65,keygen,302,743278,40131
ML-DSA-65,keygen,303,742426,40085
ML-DSA-65,keygen,304,755037,40764
ML-DSA-65,keygen,305,743666,40153
ML-DSA-65,keygen,306,744630,40205
ML-DSA-65,keygen,307,743797,40159
ML-DSA-65,keygen,308,743871,40162
ML-DSA-65,keygen,309,754574,40741
ML-DSA-65,keygen,310,744407,40191
ML-DSA-65,keygen,311,742907,40111
ML-DSA-65,keygen,312,741370,40028
ML-DSA-65,keygen,313,741778,40051
ML-DSA-65,keygen,314,754704,40746
ML-DSA-65,keygen,315,745630,40258
ML-DSA-65,keygen,316,743056,40119
ML-DSA-65,keygen,317,742796,40104
ML-DSA-65,keygen,318,743704,40154
ML-DSA-65,keygen,319,744019,40170
ML-DSA-65,keygen,320,753111,40660
ML-DSA-65,keygen,321,743278,40130
ML-DSA-65,keygen,322,742296,40078
ML-DSA-65,keygen,323,741296,40024
ML-DSA-65,keygen,324,742870,40110
ML-DSA-65,keygen,325,753574,40687
ML-DSA-65,keygen,326,742092,40067
ML-DSA-65,keygen,327,742259,40077
ML-DSA-65,keygen,328,743333,40135
ML-DSA-65,keygen,329,744630,40205
ML-DSA-65,keygen,330,754371,40729
ML-DSA-65,keygen,331,744777,40211
ML-DSA-65,keygen,332,742611,40096
ML-DSA-65,keygen,333,743444,40141
ML-DSA-65,keygen,334,744074,40175
ML-DSA-65,keygen,335,741852,40055
ML-DSA-65,keygen,336,754482,40735
ML-DSA-65,keygen,337,745166,40233
ML-DSA-65,keygen,338,742648,40097
ML-DSA-65,keygen,339,743407,40138
ML-DSA-65,keygen,340,743408,40138
ML-DSA-65,keygen,341,754759,40750
ML-DSA-65,keygen,342,745019,40226
ML-DSA-65,keygen,343,742963,40114
ML-DSA-65,keygen,344,743407,40138
ML-DSA-65,keygen,345,742185,40072
ML-DSA-65,keygen,346,751852,40593
ML-DSA-65,keygen,347,744703,40208
ML-DSA-65,keygen,348,744148,40178
ML-DSA-65,keygen,349,742000,40063
ML-DSA-65,keygen,350,742352,40081
ML-DSA-65,keygen,351,742407,40084
ML-DSA-65,keygen,352,753259,40669
ML-DSA-65,keygen,353,741500,40034
ML-DSA-65,keygen,354,742870,40109
ML-DSA-65,keygen,355,743018,40117
ML-DSA-65,keygen,356,744315,40188
ML-DSA-65,keygen,357,753296,40671
ML-DSA-65,keygen,358,745388,40245
ML-DSA-65,keygen,359,743204,40127
ML-DSA-65,keygen,360,744852,40216
ML-DSA-65,keygen,361,743204,40128
ML-DSA-65,keygen,362,753222,40666
ML-DSA-65,keygen,363,744167,40178
ML-DSA-65,keygen,364,747519,40360
ML-DSA-65,keygen,365,741555,40039
ML-DSA-65,keygen,366,743111,40123
ML-DSA-65,keygen,367,744241,40184
ML-DSA-65,keygen,368,753481,40682
ML-DSA-65,keygen,369,742889,40111
ML-DSA-65,keygen,370,743297,40132
ML-DSA-65,keygen,371,742315,40079
ML-DSA-65,keygen,372,743556,40147
ML-DSA-65,keygen,373,754222,40722
ML-DSA-65,keygen,374,741926,40057
ML-DSA-65,keygen,375,741593,40041
ML-DSA-65,keygen,376,744407,40193
ML-DSA-65,keygen,377,744148,40179
ML-DSA-65,keygen,378,756426,40839
ML-DSA-65,keygen,379,743537,40146
ML-DSA-65,keygen,380,744871,40217
ML-DSA-65,keygen,381,743352,40136
ML-DSA-65,keygen,382,743703,40155
ML-DSA-65,keygen,383,742685,40099
ML-DSA-65,keygen,384,750630,40526
ML-DSA-65,keygen,385,744777,40212
ML-DSA-65,keygen,386,743204,40128
ML-DSA-65,keygen,387,742407,40084
ML-DSA-65,keygen,388,742426,40085
ML-DSA-65,keygen,389,752833,40646
ML-DSA-65,keygen,390,743333,40134
ML-DSA-65,keygen,391,742537,40091
ML-DSA-65,keygen,392,744611,40202
ML-DSA-65,keygen,393,745111,40231
ML-DSA-65,keygen,394,760093,41031
ML-DSA-65,keygen,395,743445,40139
ML-DSA-65,keygen,396,744371,40191
ML-DSA-65,keygen,397,742704,40101
ML-DSA-65,keygen,398,743315,40134
ML-DSA-65,keygen,399,743630,40150
ML-DSA-65,keygen,400,754186,40718
ML-DSA-65,keygen,401,743537,40146
ML-DSA-65,keygen,402,744075,40174
ML-DSA-65,keygen,403,744185,40180
ML-DSA-65,keygen,404,743518,40145
ML-DSA-65,keygen,405,755575,40794
ML-DSA-65,keygen,406,744834,40215
ML-DSA-65,keygen,407,741407,40030
ML-DSA-65,keygen,408,741778,40050
ML-DSA-65,keygen,409,743260,40131
ML-DSA-65,keygen,410,755185,40773
ML-DSA-65,keygen,411,745815,40268
ML-DSA-65,keygen,412,744037,40172
ML-DSA-65,keygen,413,742703,40100
ML-DSA-65,keygen,414,744685,40208
ML-DSA-65,keygen,415,743871,40162
ML-DSA-65,keygen,416,752574,40632
ML-DSA-65,keygen,417,740741,39994
ML-DSA-65,keygen,418,743685,40153
ML-DSA-65,keygen,419,743444,40140
ML-DSA-65,keygen,420,744093,40175
ML-DSA-65,keygen,421,755407,40784
ML-DSA-65,keygen,422,743148,40124
ML-DSA-65,keygen,423,742537,40091
ML-DSA-65,keygen,424,741815,40052
ML-DSA-65,keygen,425,744204,40181
ML-DSA-65,keygen,426,754593,40740
ML-DSA-65,keygen,427,742685,40098
ML-DSA-65,keygen,428,741630,40042
ML-DSA-65,keygen,429,741815,40052
ML-DSA-65,keygen,430,743834,40162
ML-DSA-65,keygen,431,744111,40177
ML-DSA-65,keygen,432,752944,40653
ML-DSA-65,keygen,433,743444,40141
ML-DSA-65,keygen,434,742389,40082
ML-DSA-65,keygen,435,742352,40082
ML-DSA-65,keygen,436,743407,40138
ML-DSA-65,keygen,437,764149,41256
ML-DSA-65,keygen,438,743815,40160
ML-DSA-65,keygen,439,742555,40092
ML-DSA-65,keygen,440,739982,39953
ML-DSA-65,keygen,441,742482,40088
ML-DSA-65,keygen,442,752482,40627
ML-DSA-65,keygen,443,744777,40212
ML-DSA-65,keygen,444,744315,40187
ML-DSA-65,keygen,445,744519,40198
ML-DSA-65,keygen,446,742703,40099
ML-DSA-65,keygen,447,743408,40139
ML-DSA-65,keygen,448,754000,40710
ML-DSA-65,keygen,449,745833,40269
ML-DSA-65,keygen,450,743129,40123
ML-DSA-65,keygen,451,742500,40090
ML-DSA-65,keygen,452,742741,40102
ML-DSA-65,keygen,453,753352,40674
ML-DSA-65,keygen,454,745278,40240
ML-DSA-65,keygen,455,741482,40035
ML-DSA-65,keygen,456,745592,40256
ML-DSA-65,keygen,457,742796,40106
ML-DSA-65,keygen,458,753685,40693
ML-DSA-65,keygen,459,742945,40113
ML-DSA-65,keygen,460,743093,40120
ML-DSA-65,keygen,461,744277,40185
ML-DSA-65,keygen,462,743167,40125
ML-DSA-65,keygen,463,742889,40111
ML-DSA-65,keygen,464,754166,40717
ML-DSA-65,keygen,465,743259,40130
ML-DSA-65,keygen,466,743407,40138
ML-DSA-65,keygen,467,744833,40215
ML-DSA-65,keygen,468,743944,40168
ML-DSA-65,keygen,469,753518,40683
ML-DSA-65,keygen,470,743889,40165
ML-DSA-65,keygen,471,742963,40115
ML-DSA-65,keygen,472,742074,40067
ML-DSA-65,keygen,473,741963,40060
ML-DSA-65,keygen,474,742204,40073
ML-DSA-65,keygen,475,745259,40239
ML-DSA-65,keygen,476,741611,40041
ML-DSA-65,keygen,477,746370,40299
ML-DSA-65,keygen,478,744000,40171
ML-DSA-65,keygen,479,744593,40202
ML-DSA-65,keygen,480,754481,40736
ML-DSA-65,keygen,481,743407,40139
ML-DSA-65,keygen,482,742055,40066
ML-DSA-65,keygen,483,741593,40041
ML-DSA-65,keygen,484,741778,40050
ML-DSA-65,keygen,485,756334,40835
ML-DSA-65,keygen,486,742593,40094
ML-DSA-65,keygen,487,743611,40149
ML-DSA-65,keygen,488,743333,40134
ML-DSA-65,keygen,489,742371,40082
ML-DSA-65,keygen,490,751278,40562
ML-DSA-65,keygen,491,743851,40162
ML-DSA-65,keygen,492,743352,40135
ML-DSA-65,keygen,493,743129,40124
ML-DSA-65,keygen,494,743333,40134
ML-DSA-65,keygen,495,743148,40124
ML-DSA-65,keygen,496,753148,40664
ML-DSA-65,keygen,497,743240,40129
ML-DSA-65,keygen,498,743685,40154
ML-DSA-65,keygen,499,744074,40175
ML-DSA-65,keygen,500,741945,40059
ML-DSA-65,keygen,501,754463,40734
ML-DSA-65,keygen,502,742870,40108
ML-DSA-65,keygen,503,742593,40093
ML-DSA-65,keygen,504,744889,40218
ML-DSA-65,keygen,505,743148,40123
ML-DSA-65,keygen,506,742685,40099
ML-DSA-65,keygen,507,753889,40704
ML-DSA-65,keygen,508,744426,40194
ML-DSA-65,keygen,509,742685,40100
ML-DSA-65,keygen,510,744519,40199
ML-DSA-65,keygen,511,745333,40243
ML-DSA-65,keygen,512,755129,40771
ML-DSA-65,keygen,513,743129,40124
ML-DSA-65,keygen,514,744037,40173
ML-DSA-65,keygen,515,742556,40092
ML-DSA-65,keygen,516,745574,40254
ML-DSA-65,keygen,517,754074,40714
ML-DSA-65,keygen,518,741352,40027
ML-DSA-65,keygen,519,742871,40109
ML-DSA-65,keygen,520,743796,40160
ML-DSA-65,keygen,521,743518,40144
ML-DSA-65,keygen,522,744426,40193
ML-DSA-65,keygen,523,753278,40671
ML-DSA-65,keygen,524,744556,40200
ML-DSA-65,keygen,525,743722,40156
ML-DSA-65,keygen,526,742297,40078
ML-DSA-65,keygen,527,743796,40160
ML-DSA-65,keygen,528,753204,40666
ML-DSA-65,keygen,529,744315,40186
ML-DSA-65,keygen,530,741740,40047
ML-DSA-65,keygen,531,743056,40120
ML-DSA-65,keygen,532,743723,40156
ML-DSA-65,keygen,533,761112,41092
ML-DSA-65,keygen,534,744777,40211
ML-DSA-65,keygen,535,741982,40062
ML-DSA-65,keygen,536,743870,40164
ML-DSA-65,keygen,537,743277,40132
ML-DSA-65,keygen,538,745203,40235
ML-DSA-65,keygen,539,752629,40635
ML-DSA-65,keygen,540,744055,40173
ML-DSA-65,keygen,541,744259,40184
ML-DSA-65,keygen,542,745037,40227
ML-DSA-65,keygen,543,743648,40151
ML-DSA-65,keygen,544,754130,40716
ML-DSA-65,keygen,545,743204,40128
ML-DSA-65,keygen,546,742759,40102
ML-DSA-65,keygen,547,743648,40152
ML-DSA-65,keygen,548,744834,40215
ML-DSA-65,keygen,549,755852,40809
ML-DSA-65,keygen,550,743592,40148
ML-DSA-65,keygen,551,743574,40148
ML-DSA-65,keygen,552,743389,40138
ML-DSA-65,keygen,553,743130,40123
ML-DSA-65,keygen,554,743686,40154
ML-DSA-65,keygen,555,753185,40666
ML-DSA-65,keygen,556,744944,40222
ML-DSA-65,keygen,557,741667,40045
ML-DSA-65,keygen,558,742371,40082
ML-DSA-65,keygen,559,742759,40104
ML-DSA-65,keygen,560,755297,40780
ML-DSA-65,keygen,561,744092,40174
ML-DSA-65,keygen,562,744408,40193
ML-DSA-65,keygen,563,744185,40181
ML-DSA-65,keygen,564,742166,40072
ML-DSA-65,keygen,565,754592,40742
ML-DSA-65,keygen,566,743204,40127
ML-DSA-65,keygen,567,742611,40095
ML-DSA-65,keygen,568,742778,40105
ML-DSA-65,keygen,569,743167,40126
ML-DSA-65,keygen,570,741389,40030
ML-DSA-65,keygen,571,753111,40662
ML-DSA-65,keygen,572,743908,40166
ML-DSA-65,keygen,573,742592,40093
ML-DSA-65,keygen,574,743445,40139
ML-DSA-65,keygen,575,744963,40221
ML-DSA-65,keygen,576,755000,40763
ML-DSA-65,keygen,577,745352,40243
ML-DSA-65,keygen,578,745630,40258
ML-DSA-65,keygen,579,744426,40192
ML-DSA-65,keygen,580,742463,40087
ML-DSA-65,keygen,581,753944,40706
ML-DSA-65,keygen,582,744611,40203
ML-DSA-65,keygen,583,744555,40200
ML-DSA-65,keygen,584,741074,40012
ML-DSA-65,keygen,585,742185,40073
ML-DSA-65,keygen,586,743315,40133
ML-DSA-65,keygen,587,754111,40715
ML-DSA-65,keygen,588,743093,40122
ML-DSA-65,keygen,589,745111,40229
ML-DSA-65,keygen,590,744519,40198
ML-DSA-65,keygen,591,743167,40126
ML-DSA-65,keygen,592,793925,42865
ML-DSA-65,keygen,593,745518,40252
ML-DSA-65,keygen,594,743833,40161
ML-DSA-65,keygen,595,743852,40162
ML-DSA-65,keygen,596,743833,40162
ML-DSA-65,keygen,597,756000,40816
ML-DSA-65,keygen,598,743278,40131
ML-DSA-65,keygen,599,743945,40168
ML-DSA-65,keygen,600,744351,40190
ML-DSA-65,keygen,601,742870,40109
ML-DSA-65,keygen,602,742185,40071
ML-DSA-65,keygen,603,747259,40346
ML-DSA-65,keygen,604,743852,40163
ML-DSA-65,keygen,605,781166,42169
ML-DSA-65,keygen,606,745074,40228
ML-DSA-65,keygen,607,743222,40128
ML-DSA-65,keygen,608,755648,40799
ML-DSA-65,keygen,609,745000,40225
ML-DSA-65,keygen,610,741704,40047
ML-DSA-65,keygen,611,742315,40079
ML-DSA-65,keygen,612,744204,40182
ML-DSA-65,keygen,613,753167,40663
ML-DSA-65,keygen,614,743426,40139
ML-DSA-65,keygen,615,742704,40101
ML-DSA-65,keygen,616,746055,40282
ML-DSA-65,keygen,617,743555,40146
ML-DSA-65,keygen,618,754018,40709
ML-DSA-65,keygen,619,744759,40211
ML-DSA-65,keygen,620,743481,40143
ML-DSA-65,keygen,621,744556,40201
ML-DSA-65,keygen,622,745481,40250
ML-DSA-65,keygen,623,742500,40088
ML-DSA-65,keygen,624,752963,40652
ML-DSA-65,keygen,625,744907,40219
ML-DSA-65,keygen,626,743593,40149
ML-DSA-65,keygen,627,743908,40165
ML-DSA-65,keygen,628,742426,40086
ML-DSA-65,keygen,629,751815,40591
ML-DSA-65,keygen,630,745741,40264
ML-DSA-65,keygen,631,742278,40078
ML-DSA-65,keygen,632,745019,40225
ML-DSA-65,keygen,633,742222,40074
ML-DSA-65,keygen,634,755204,40774
ML-DSA-65,keygen,635,744203,40182
ML-DSA-65,keygen,636,743722,40155
ML-DSA-65,keygen,637,741500,40035
ML-DSA-65,keygen,638,742593,40095
ML-DSA-65,keygen,639,743426,40140
ML-DSA-65,keygen,640,754852,40754
ML-DSA-65,keygen,641,743704,40154
ML-DSA-65,keygen,642,744500,40198
ML-DSA-65,keygen,643,743722,40156
ML-DSA-65,keygen,644,742278,40078
ML-DSA-65,keygen,645,753389,40677
ML-DSA-65,keygen,646,742426,40086
ML-DSA-65,keygen,647,744111,40176
ML-DSA-65,keygen,648,744055,40173
ML-DSA-65,keygen,649,743444,40141
ML-DSA-65,keygen,650,778574,42036
ML-DSA-65,keygen,651,744722,40210
ML-DSA-65,keygen,652,744722,40210
ML-DSA-65,keygen,653,742722,40101
ML-DSA-65,keygen,654,742037,40065
ML-DSA-65,keygen,655,742259,40077
ML-DSA-65,keygen,656,754796,40752
ML-DSA-65,keygen,657,744037,40172
ML-DSA-65,keygen,658,742611,40095
ML-DSA-65,keygen,659,743500,40143
ML-DSA-65,keygen,660,743444,40141
ML-DSA-65,keygen,661,754629,40742
ML-DSA-65,keygen,662,744389,40191
ML-DSA-65,keygen,663,744166,40179
ML-DSA-65,keygen,664,742129,40069
ML-DSA-65,keygen,665,740648,39988
ML-DSA-65,keygen,666,754685,40746
ML-DSA-65,keygen,667,743056,40119
ML-DSA-65,keygen,668,744833,40216
ML-DSA-65,keygen,669,740611,39987
ML-DSA-65,keygen,670,742093,40068
ML-DSA-65,keygen,671,742222,40075
ML-DSA-65,keygen,672,758722,40963
ML-DSA-65,keygen,673,744388,40192
ML-DSA-65,keygen,674,743000,40117
ML-DSA-65,keygen,675,743555,40147
ML-DSA-65,keygen,676,742537,40091
ML-DSA-65,keygen,677,753241,40667
ML-DSA-65,keygen,678,744370,40191
ML-DSA-65,keygen,679,743111,40122
ML-DSA-65,keygen,680,741166,40018
ML-DSA-65,keygen,681,743908,40166
ML-DSA-65,keygen,682,754259,40724
ML-DSA-65,keygen,683,742204,40072
ML-DSA-65,keygen,684,743148,40124
ML-DSA-65,keygen,685,741908,40057
ML-DSA-65,keygen,686,744277,40186
ML-DSA-65,keygen,687,741889,40055
ML-DSA-65,keygen,688,754445,40733
ML-DSA-65,keygen,689,745223,40236
ML-DSA-65,keygen,690,744297,40186
ML-DSA-65,keygen,691,742648,40097
ML-DSA-65,keygen,692,744074,40175
ML-DSA-65,keygen,693,753463,40680
ML-DSA-65,keygen,694,744760,40211
ML-DSA-65,keygen,695,743037,40118
ML-DSA-65,keygen,696,742574,40094
ML-DSA-65,keygen,697,744667,40206
ML-DSA-65,keygen,698,755019,40764
ML-DSA-65,keygen,699,744407,40191
ML-DSA-65,keygen,700,742370,40082
ML-DSA-65,keygen,701,742463,40087
ML-DSA-65,keygen,702,742611,40095
ML-DSA-65,keygen,703,743204,40127
ML-DSA-65,keygen,704,753278,40671
ML-DSA-65,keygen,705,743685,40153
ML-DSA-65,keygen,706,742778,40105
ML-DSA-65,keygen,707,743704,40154
ML-DSA-65,keygen,708,742056,40065
ML-DSA-65,keygen,709,754407,40731
ML-DSA-65,keygen,710,743944,40167
ML-DSA-65,keygen,711,743686,40153
ML-DSA-65,keygen,712,743093,40121
ML-DSA-65,keygen,713,743445,40141
ML-DSA-65,keygen,714,754056,40712
ML-DSA-65,keygen,715,743704,40155
ML-DSA-65,keygen,716,745815,40269
ML-DSA-65,keygen,717,745370,40244
ML-DSA-65,keygen,718,744130,40177
ML-DSA-65,keygen,719,742185,40072
ML-DSA-65,keygen,720,753722,40693
ML-DSA-65,keygen,721,743315,40133
ML-DSA-65,keygen,722,742704,40101
ML-DSA-65,keygen,723,742333,40081
ML-DSA-65,keygen,724,742092,40068
ML-DSA-65,keygen,725,752926,40652
ML-DSA-65,keygen,726,748074,40391
ML-DSA-65,keygen,727,742259,40076
ML-DSA-65,keygen,728,743574,40147
ML-DSA-65,keygen,729,742815,40107
ML-DSA-65,keygen,730,753186,40665
ML-DSA-65,keygen,731,745166,40234
ML-DSA-65,keygen,732,742352,40082
ML-DSA-65,keygen,733,741463,40034
ML-DSA-65,keygen,734,743518,40143
ML-DSA-65,keygen,735,741833,40052
ML-DSA-65,keygen,736,754297,40726
ML-DSA-65,keygen,737,743260,40130
ML-DSA-65,keygen,738,743037,40118
ML-DSA-65,keygen,739,743630,40150
ML-DSA-65,keygen,740,744148,40178
ML-DSA-65,keygen,741,756130,40825
ML-DSA-65,keygen,742,743074,40121
ML-DSA-65,keygen,743,743574,40148
ML-DSA-65,keygen,744,743907,40166
ML-DSA-65,keygen,745,742667,40098
ML-DSA-65,keygen,746,754148,40716
ML-DSA-65,keygen,747,746834,40324
ML-DSA-65,keygen,748,742092,40067
ML-DSA-65,keygen,749,742870,40109
ML-DSA-65,keygen,750,744129,40178
ML-DSA-65,keygen,751,744593,40202
ML-DSA-65,keygen,752,753611,40689
ML-DSA-65,keygen,753,742537,40091
ML-DSA-65,keygen,754,742982,40116
ML-DSA-65,keygen,755,743186,40125
ML-DSA-65,keygen,756,743852,40162
ML-DSA-65,keygen,757,756648,40852
ML-DSA-65,keygen,758,744389,40192
ML-DSA-65,keygen,759,742944,40113
ML-DSA-65,keygen,760,743555,40147
ML-DSA-65,keygen,761,742333,40080
ML-DSA-65,keygen,762,755167,40772
ML-DSA-65,keygen,763,744815,40215
ML-DSA-65,keygen,764,744963,40222
ML-DSA-65,keygen,765,743889,40164
ML-DSA-65,keygen,766,743648,40152
ML-DSA-65,keygen,767,744759,40212
ML-DSA-65,keygen,768,760334,41043
ML-DSA-65,keygen,769,742130,40070
ML-DSA-65,keygen,770,743074,40120
ML-DSA-65,keygen,771,743055,40120
ML-DSA-65,keygen,772,743426,40139
ML-DSA-65,keygen,773,753741,40695
ML-DSA-65,keygen,774,744092,40174
ML-DSA-65,keygen,775,744148,40178
ML-DSA-65,keygen,776,742741,40102
ML-DSA-65,keygen,777,744945,40220
ML-DSA-65,keygen,778,753500,40683
ML-DSA-65,keygen,779,744056,40173
ML-DSA-65,keygen,780,742982,40114
ML-DSA-65,keygen,781,744833,40216
ML-DSA-65,keygen,782,743241,40130
ML-DSA-65,keygen,783,742777,40104
ML-DSA-65,keygen,784,753519,40684
ML-DSA-65,keygen,785,746277,40294
ML-DSA-65,keygen,786,742407,40083
ML-DSA-65,keygen,787,744722,40209
ML-DSA-65,keygen,788,744204,40182
ML-DSA-65,keygen,789,754611,40742
ML-DSA-65,keygen,790,743426,40139
ML-DSA-65,keygen,791,742148,40071
ML-DSA-65,keygen,792,744611,40204
ML-DSA-65,keygen,793,744129,40177
ML-DSA-65,keygen,794,753389,40676
ML-DSA-65,keygen,795,743722,40156
ML-DSA-65,keygen,796,744130,40177
ML-DSA-65,keygen,797,744315,40188
ML-DSA-65,keygen,798,742685,40099
ML-DSA-65,keygen,799,744667,40206
ML-DSA-65,keygen,800,753852,40700
ML-DSA-65,keygen,801,741240,40020
ML-DSA-65,keygen,802,742056,40066
ML-DSA-65,keygen,803,742389,40083
ML-DSA-65,keygen,804,745056,40226
ML-DSA-65,keygen,805,754314,40726
ML-DSA-65,keygen,806,742537,40091
ML-DSA-65,keygen,807,743074,40120
ML-DSA-65,keygen,808,744963,40222
ML-DSA-65,keygen,809,742982,40116
ML-DSA-65,keygen,810,757833,40915
ML-DSA-65,keygen,811,744703,40209
ML-DSA-65,keygen,812,743426,40138
ML-DSA-65,keygen,813,743666,40152
ML-DSA-65,keygen,814,742296,40077
ML-DSA-65,keygen,815,741926,40058
ML-DSA-65,keygen,816,753204,40666
ML-DSA-65,keygen,817,742759,40103
ML-DSA-65,keygen,818,743445,40140
ML-DSA-65,keygen,819,743019,40117
ML-DSA-65,keygen,820,742000,40062
ML-DSA-65,keygen,821,753629,40690
ML-DSA-65,keygen,822,742537,40092
ML-DSA-65,keygen,823,743093,40121
ML-DSA-65,keygen,824,743093,40122
ML-DSA-65,keygen,825,744352,40189
ML-DSA-65,keygen,826,752223,40612
ML-DSA-65,keygen,827,744222,40181
ML-DSA-65,keygen,828,742593,40095
ML-DSA-65,keygen,829,743093,40122
ML-DSA-65,keygen,830,742741,40103
ML-DSA-65,keygen,831,741870,40056
ML-DSA-65,keygen,832,752740,40641
ML-DSA-65,keygen,833,744370,40190
ML-DSA-65,keygen,834,742723,40101
ML-DSA-65,keygen,835,743018,40118
ML-DSA-65,keygen,836,743518,40144
ML-DSA-65,keygen,837,753334,40673
ML-DSA-65,keygen,838,742944,40113
ML-DSA-65,keygen,839,742223,40075
ML-DSA-65,keygen,840,744000,40169
ML-DSA-65,keygen,841,741870,40056
ML-DSA-65,keygen,842,743685,40154
ML-DSA-65,keygen,843,753204,40666
ML-DSA-65,keygen,844,743778,40158
ML-DSA-65,keygen,845,742204,40072
ML-DSA-65,keygen,846,747204,40343
ML-DSA-65,keygen,847,745037,40226
ML-DSA-65,keygen,848,754129,40716
ML-DSA-65,keygen,849,742277,40076
ML-DSA-65,keygen,850,744167,40179
ML-DSA-65,keygen,851,743481,40142
ML-DSA-65,keygen,852,743666,40152
ML-DSA-65,keygen,853,753778,40698
ML-DSA-65,keygen,854,745926,40275
ML-DSA-65,keygen,855,743315,40133
ML-DSA-65,keygen,856,744074,40175
ML-DSA-65,keygen,857,742963,40115
ML-DSA-65,keygen,858,753593,40688
ML-DSA-65,keygen,859,743704,40154
ML-DSA-65,keygen,860,744907,40219
ML-DSA-65,keygen,861,743074,40121
ML-DSA-65,keygen,862,743056,40120
ML-DSA-65,keygen,863,742389,40083
ML-DSA-65,keygen,864,753518,40684
ML-DSA-65,keygen,865,742426,40085
ML-DSA-65,keygen,866,744630,40204
ML-DSA-65,keygen,867,743093,40122
ML-DSA-65,keygen,868,781666,42202
ML-DSA-65,keygen,869,758777,40968
ML-DSA-65,keygen,870,744629,40203
ML-DSA-65,keygen,871,742500,40090
ML-DSA-65,keygen,872,745185,40235
ML-DSA-65,keygen,873,744148,40178
ML-DSA-65,keygen,874,753982,40708
ML-DSA-65,keygen,875,746593,40311
ML-DSA-65,keygen,876,743722,40155
ML-DSA-65,keygen,877,742963,40114
ML-DSA-65,keygen,878,742037,40063
ML-DSA-65,keygen,879,742907,40112
ML-DSA-65,keygen,880,751870,40593
ML-DSA-65,keygen,881,776759,41939
ML-DSA-65,keygen,882,745037,40225
ML-DSA-65,keygen,883,742259,40075
ML-DSA-65,keygen,884,743648,40152
ML-DSA-65,keygen,885,756592,40849
ML-DSA-65,keygen,886,743500,40142
ML-DSA-65,keygen,887,744889,40219
ML-DSA-65,keygen,888,743963,40169
ML-DSA-65,keygen,889,743482,40143
ML-DSA-65,keygen,890,752685,40638
ML-DSA-65,keygen,891,743704,40155
ML-DSA-65,keygen,892,743334,40134
ML-DSA-65,keygen,893,743462,40141
ML-DSA-65,keygen,894,742426,40084
ML-DSA-65,keygen,895,740778,39996
ML-DSA-65,keygen,896,753870,40702
ML-DSA-65,keygen,897,743833,40161
ML-DSA-65,keygen,898,743426,40140
ML-DSA-65,keygen,899,744129,40178
ML-DSA-65,keygen,900,741611,40041
ML-DSA-65,keygen,901,753889,40703
ML-DSA-65,keygen,902,744686,40207
ML-DSA-65,keygen,903,742796,40105
ML-DSA-65,keygen,904,743166,40126
ML-DSA-65,keygen,905,744500,40198
ML-DSA-65,keygen,906,754556,40740
ML-DSA-65,keygen,907,745648,40259
ML-DSA-65,keygen,908,743241,40130
ML-DSA-65,keygen,909,745370,40244
ML-DSA-65,keygen,910,744296,40187
ML-DSA-65,keygen,911,743463,40142
ML-DSA-65,keygen,912,755981,40816
ML-DSA-65,keygen,913,742463,40087
ML-DSA-65,keygen,914,740555,39985
ML-DSA-65,keygen,915,742741,40103
ML-DSA-65,keygen,916,743518,40144
ML-DSA-65,keygen,917,756630,40852
ML-DSA-65,keygen,918,743686,40154
ML-DSA-65,keygen,919,744056,40172
ML-DSA-65,keygen,920,742741,40102
ML-DSA-65,keygen,921,743093,40121
ML-DSA-65,keygen,922,755037,40765
ML-DSA-65,keygen,923,743759,40157
ML-DSA-65,keygen,924,744296,40187
ML-DSA-65,keygen,925,744129,40177
ML-DSA-65,keygen,926,741092,40014
ML-DSA-65,keygen,927,743815,40160
ML-DSA-65,keygen,928,753129,40662
ML-DSA-65,keygen,929,743963,40168
ML-DSA-65,keygen,930,743500,40143
ML-DSA-65,keygen,931,743315,40133
ML-DSA-65,keygen,932,742408,40085
ML-DSA-65,keygen,933,760648,41066
ML-DSA-65,keygen,934,743296,40132
ML-DSA-65,keygen,935,744167,40179
ML-DSA-65,keygen,936,741574,40039
ML-DSA-65,keygen,937,743611,40149
ML-DSA-65,keygen,938,753703,40693
ML-DSA-65,keygen,939,744278,40186
ML-DSA-65,keygen,940,742593,40094
ML-DSA-65,keygen,941,745018,40224
ML-DSA-65,keygen,942,744056,40173
ML-DSA-65,keygen,943,744648,40206
ML-DSA-65,keygen,944,751630,40581
ML-DSA-65,keygen,945,744870,40217
ML-DSA-65,keygen,946,744185,40181
ML-DSA-65,keygen,947,742778,40104
ML-DSA-65,keygen,948,743093,40121
ML-DSA-65,keygen,949,760833,41076
ML-DSA-65,keygen,950,744129,40177
ML-DSA-65,keygen,951,743722,40155
ML-DSA-65,keygen,952,742926,40113
ML-DSA-65,keygen,953,742426,40085
ML-DSA-65,keygen,954,753037,40656
ML-DSA-65,keygen,955,743741,40157
ML-DSA-65,keygen,956,743741,40156
ML-DSA-65,keygen,957,742463,40088
ML-DSA-65,keygen,958,744592,40202
ML-DSA-65,keygen,959,742296,40079
ML-DSA-65,keygen,960,755000,40764
ML-DSA-65,keygen,961,744834,40216
ML-DSA-65,keygen,962,742444,40086
ML-DSA-65,keygen,963,742426,40085
ML-DSA-65,keygen,964,744315,40188
ML-DSA-65,keygen,965,754981,40763
ML-DSA-65,keygen,966,743871,40163
ML-DSA-65,keygen,967,744000,40170
ML-DSA-65,keygen,968,742074,40065
ML-DSA-65,keygen,969,743481,40142
ML-DSA-65,keygen,970,755667,40800
ML-DSA-65,keygen,971,743833,40161
ML-DSA-65,keygen,972,743222,40128
ML-DSA-65,keygen,973,743055,40120
ML-DSA-65,keygen,974,744463,40195
ML-DSA-65,keygen,975,743648,40151
ML-DSA-65,keygen,976,754833,40754
ML-DSA-65,keygen,977,745519,40252
ML-DSA-65,keygen,978,743630,40150
ML-DSA-65,keygen,979,743481,40143
ML-DSA-65,keygen,980,740463,39979
ML-DSA-65,keygen,981,754592,40741
ML-DSA-65,keygen,982,745074,40229
ML-DSA-65,keygen,983,743352,40136
ML-DSA-65,keygen,984,743666,40152
ML-DSA-65,keygen,985,742778,40104
ML-DSA-65,keygen,986,752963,40654
ML-DSA-65,keygen,987,744852,40217
ML-DSA-65,keygen,988,744241,40183
ML-DSA-65,keygen,989,743556,40146
ML-DSA-65,keygen,990,742814,40106
ML-DSA-65,keygen,991,742018,40063
ML-DSA-65,keygen,992,752371,40622
ML-DSA-65,keygen,993,743741,40156
ML-DSA-65,keygen,994,742908,40111
ML-DSA-65,keygen,995,743204,40127
ML-DSA-65,keygen,996,743241,40129
ML-DSA-65,keygen,997,752481,40626
ML-DSA-65,keygen,998,743463,40141
ML-DSA-65,keygen,999,742055,40065
ML-DSA-65,sign,0,2996093,161782
ML-DSA-65,sign,1,2865463,154729
ML-DSA-65,sign,2,4208296,227244
ML-DSA-65,sign,3,5560963,300288
ML-DSA-65,sign,4,6899519,372568
ML-DSA-65,sign,5,6233037,336578
ML-DSA-65,sign,6,4207259,227185
ML-DSA-65,sign,7,3534945,190882
ML-DSA-65,sign,8,2179870,117708
ML-DSA-65,sign,9,4879055,263463
ML-DSA-65,sign,10,2861222,154501
ML-DSA-65,sign,11,2188629,118180
ML-DSA-65,sign,12,2853037,154059
ML-DSA-65,sign,13,8259278,445996
ML-DSA-65,sign,14,1507333,81391
ML-DSA-65,sign,15,6911092,373189
ML-DSA-65,sign,16,3534685,190867
ML-DSA-65,sign,17,3525018,190346
ML-DSA-65,sign,18,6231982,336523
ML-DSA-65,sign,19,1507000,81374
ML-DSA-65,sign,20,2188389,118168
ML-DSA-65,sign,21,3536334,190955
ML-DSA-65,sign,22,2862833,154586
ML-DSA-65,sign,23,2181278,117783
ML-DSA-65,sign,24,1507000,81373
ML-DSA-65,sign,25,2861019,154491
ML-DSA-65,sign,26,4207667,227209
ML-DSA-65,sign,27,2862370,154562
ML-DSA-65,sign,28,3691241,199321
ML-DSA-65,sign,29,3541889,191255
ML-DSA-65,sign,30,6226129,336207
ML-DSA-65,sign,31,3534371,190851
ML-DSA-65,sign,32,2190093,118259
ML-DSA-65,sign,33,1507000,81373
ML-DSA-65,sign,34,2861241,154501
ML-DSA-65,sign,35,2179945,117712
ML-DSA-65,sign,36,3533351,190797
ML-DSA-65,sign,37,2305907,124507
ML-DSA-65,sign,38,2186926,118090
ML-DSA-65,sign,39,1520685,82112
ML-DSA-65,sign,40,5593648,302048
ML-DSA-65,sign,41,4245463,229248
ML-DSA-65,sign,42,8253686,445693
ML-DSA-65,sign,43,2189463,118225
ML-DSA-65,sign,44,4208481,227252
ML-DSA-65,sign,45,1506518,81348
ML-DSA-65,sign,46,2867259,154822
ML-DSA-65,sign,47,2189500,118227
ML-DSA-65,sign,48,1507037,81374
ML-DSA-65,sign,49,8925259,481959
ML-DSA-65,sign,50,1516222,81871
ML-DSA-65,sign,51,2852740,154044
ML-DSA-65,sign,52,2188352,118165
ML-DSA-65,sign,53,2179686,117698
ML-DSA-65,sign,54,1515500,81831
ML-DSA-65,sign,55,2853167,154066
ML-DSA-65,sign,56,5238278,282836
ML-DSA-65,sign,57,1780926,96151
ML-DSA-65,sign,58,2210833,119377
ML-DSA-65,sign,59,2854926,154161
ML-DSA-65,sign,60,2193593,118440
ML-DSA-65,sign,61,4888481,263969
ML-DSA-65,sign,62,2193815,118457
ML-DSA-65,sign,63,1507815,81418
ML-DSA-65,sign,64,2871926,155076
ML-DSA-65,sign,65,2181482,117795
ML-DSA-65,sign,66,4889537,264029
ML-DSA-65,sign,67,6228444,336330
ML-DSA-65,sign,68,6244889,337206
ML-DSA-65,sign,69,4886963,263887
ML-DSA-65,sign,70,6911000,373188
ML-DSA-65,sign,71,6228000,336302
ML-DSA-65,sign,72,1519518,82048
ML-DSA-65,sign,73,2853241,154070
ML-DSA-65,sign,74,4208185,227238
ML-DSA-65,sign,75,7587260,409704
ML-DSA-65,sign,76,6236481,336762
ML-DSA-65,sign,77,9601500,518476
ML-DSA-65,sign,78,4881777,263609
ML-DSA-65,sign,79,2863519,154624
ML-DSA-65,sign,80,1517981,81965
ML-DSA-65,sign,81,10946426,591101
ML-DSA-65,sign,82,1517277,81928
ML-DSA-65,sign,83,1507778,81415
ML-DSA-65,sign,84,1506778,81362
ML-DSA-65,sign,85,10953259,591470
ML-DSA-65,sign,86,1516889,81906
ML-DSA-65,sign,87,6898981,372539
ML-DSA-65,sign,88,2190204,118264
ML-DSA-65,sign,89,1507334,81392
ML-DSA-65,sign,90,4206722,227157
ML-DSA-65,sign,91,3540425,191177
ML-DSA-65,sign,92,8923908,481885
ML-DSA-65,sign,93,6916111,373460
ML-DSA-65,sign,94,5561055,300290
ML-DSA-65,sign,95,3525667,190381
ML-DSA-65,sign,96,9610241,518945
ML-DSA-65,sign,97,5554259,299924
ML-DSA-65,sign,98,2189389,118221
ML-DSA-65,sign,99,4881500,263596
ML-DSA-65,sign,100,8926277,482013
ML-DSA-65,sign,101,5560388,300256
ML-DSA-65,sign,102,1507704,81410
ML-DSA-65,sign,103,2188019,118147
ML-DSA-65,sign,104,2852389,154023
ML-DSA-65,sign,105,10949111,591239
ML-DSA-65,sign,106,1507093,81378
ML-DSA-65,sign,107,10276018,554900
ML-DSA-65,sign,108,3535537,190912
ML-DSA-65,sign,109,1506685,81355
ML-DSA-65,sign,110,3533741,190816
ML-DSA-65,sign,111,12968500,700294
ML-DSA-65,sign,112,4251630,229580
ML-DSA-65,sign,113,2866685,154796
ML-DSA-65,sign,114,2192352,118381
ML-DSA-65,sign,115,1507204,81385
ML-DSA-65,sign,116,3567148,192620
ML-DSA-65,sign,117,4883129,263684
ML-DSA-65,sign,118,2195204,118533
ML-DSA-65,sign,119,1507297,81388
ML-DSA-65,sign,120,8257982,445922
ML-DSA-65,sign,121,3535612,190917
ML-DSA-65,sign,122,3535519,190913
ML-DSA-65,sign,123,2179797,117705
ML-DSA-65,sign,124,2188167,118155
ML-DSA-65,sign,125,1506945,81370
ML-DSA-65,sign,126,2860555,154465
ML-DSA-65,sign,127,3534703,190869
ML-DSA-65,sign,128,2189000,118200
ML-DSA-65,sign,129,1507019,81374
ML-DSA-65,sign,130,4879130,263467
ML-DSA-65,sign,131,2217685,119747
ML-DSA-65,sign,132,7580518,409341
ML-DSA-65,sign,133,4208500,227254
ML-DSA-65,sign,134,6226482,336223
ML-DSA-65,sign,135,1516722,81897
ML-DSA-65,sign,136,1507056,81376
ML-DSA-65,sign,137,6905278,372879
ML-DSA-65,sign,138,1506907,81367
ML-DSA-65,sign,139,1505963,81316
ML-DSA-65,sign,140,2860907,154484
ML-DSA-65,sign,141,5560666,300270
ML-DSA-65,sign,142,12296797,664021
ML-DSA-65,sign,143,4208074,227230
ML-DSA-65,sign,144,2852482,154029
ML-DSA-65,sign,145,4206592,227150
ML-DSA-65,sign,146,3539463,191124
ML-DSA-65,sign,147,4207889,227220
ML-DSA-65,sign,148,6232982,336575
ML-DSA-65,sign,149,3535408,190906
ML-DSA-65,sign,150,1506926,81368
ML-DSA-65,sign,151,2189166,118210
ML-DSA-65,sign,152,2852315,154021
ML-DSA-65,sign,153,2866722,154794
ML-DSA-65,sign,154,7578444,409229
ML-DSA-65,sign,155,12295722,663965
ML-DSA-65,sign,156,4880852,263559
ML-DSA-65,sign,157,6234277,336644
ML-DSA-65,sign,158,1507204,81383
ML-DSA-65,sign,159,2861723,154527
ML-DSA-65,sign,160,5555111,299970
ML-DSA-65,sign,161,4208833,227273
ML-DSA-65,sign,162,2862741,154583
ML-DSA-65,sign,163,4209148,227289
ML-DSA-65,sign,164,1517092,81918
ML-DSA-65,sign,165,7056648,381053
ML-DSA-65,sign,166,1517315,81929
ML-DSA-65,sign,167,4882388,263642
ML-DSA-65,sign,168,9600907,518444
ML-DSA-65,sign,169,2195037,118523
ML-DSA-65,sign,170,2214555,119578
ML-DSA-65,sign,171,5567130,300621
ML-DSA-65,sign,172,2863186,154607
ML-DSA-65,sign,173,6258666,337960
ML-DSA-65,sign,174,4211556,227417
ML-DSA-65,sign,175,7581537,409397
ML-DSA-65,sign,176,7582815,409465
ML-DSA-65,sign,177,2190463,118279
ML-DSA-65,sign,178,6234611,336660
ML-DSA-65,sign,179,6236185,336748
ML-DSA-65,sign,180,1507759,81415
ML-DSA-65,sign,181,12970889,700423
ML-DSA-65,sign,182,6236611,336771
ML-DSA-65,sign,183,4882204,263633
ML-DSA-65,sign,184,4208908,227275
ML-DSA-65,sign,185,1516815,81901
ML-DSA-65,sign,186,2180796,117758
ML-DSA-65,sign,187,10953018,591457
ML-DSA-65,sign,188,1507926,81423
ML-DSA-65,sign,189,8961704,483923
ML-DSA-65,sign,190,2193204,118427
ML-DSA-65,sign,191,4910963,265185
ML-DSA-65,sign,192,4209723,227318
ML-DSA-65,sign,193,1517277,81927
ML-DSA-65,sign,194,2180685,117751
ML-DSA-65,sign,195,2862111,154548
ML-DSA-65,sign,196,4881703,263608
ML-DSA-65,sign,197,6908315,373044
ML-DSA-65,sign,198,1507759,81413
ML-DSA-65,sign,199,2189371,118219
ML-DSA-65,sign,200,2853166,154066
ML-DSA-65,sign,201,2863389,154618
ML-DSA-65,sign,202,14994278,809686
ML-DSA-65,sign,203,4879408,263483
ML-DSA-65,sign,204,1521778,82166
ML-DSA-65,sign,205,1507315,81391
ML-DSA-65,sign,206,2861389,154510
ML-DSA-65,sign,207,1507111,81379
ML-DSA-65,sign,208,6232370,336544
ML-DSA-65,sign,209,1507130,81380
ML-DSA-65,sign,210,1506093,81324
ML-DSA-65,sign,211,1515445,81827
ML-DSA-65,sign,212,7584463,409555
ML-DSA-65,sign,213,4209333,227297
ML-DSA-65,sign,214,4879760,263502
ML-DSA-65,sign,215,2179204,117671
ML-DSA-65,sign,216,4892314,264177
ML-DSA-65,sign,217,4207296,227189
ML-DSA-65,sign,218,3534592,190863
ML-DSA-65,sign,219,3533555,190805
ML-DSA-65,sign,220,2179723,117699
ML-DSA-65,sign,221,2188092,118150
ML-DSA-65,sign,222,2179574,117691
ML-DSA-65,sign,223,6232759,336563
ML-DSA-65,sign,224,2179667,117697
ML-DSA-65,sign,225,3533204,190788
ML-DSA-65,sign,226,4879444,263484
ML-DSA-65,sign,227,1516296,81876
ML-DSA-65,sign,228,3534685,190868
ML-DSA-65,sign,229,1506908,81368
ML-DSA-65,sign,230,1506130,81325
ML-DSA-65,sign,231,8249019,445441
ML-DSA-65,sign,232,2861685,154526
ML-DSA-65,sign,233,1516092,81863
ML-DSA-65,sign,234,2852556,154033
ML-DSA-65,sign,235,1515370,81824
ML-DSA-65,sign,236,8250870,445542
ML-DSA-65,sign,237,1506815,81364
ML-DSA-65,sign,238,1506093,81324
ML-DSA-65,sign,239,2187963,118143
ML-DSA-65,sign,240,2188685,118182
ML-DSA-65,sign,241,2179778,117704
ML-DSA-65,sign,242,2188426,118169
ML-DSA-65,sign,243,2179686,117699
ML-DSA-65,sign,244,9608685,518861
ML-DSA-65,sign,245,2179686,117700
ML-DSA-65,sign,246,1515129,81812
ML-DSA-65,sign,247,2179685,117699
ML-DSA-65,sign,248,1506204,81329
ML-DSA-65,sign,249,2860389,154456
ML-DSA-65,sign,250,10955926,591612
ML-DSA-65,sign,251,2179556,117690
ML-DSA-65,sign,252,11620278,627489
ML-DSA-65,sign,253,6233055,336581
ML-DSA-65,sign,254,2179555,117691
ML-DSA-65,sign,255,2187981,118145
ML-DSA-65,sign,256,2862055,154545
ML-DSA-65,sign,257,1506926,81369
ML-DSA-65,sign,258,4205759,227105
ML-DSA-65,sign,259,4207463,227197
ML-DSA-65,sign,260,1515926,81854
ML-DSA-65,sign,261,5552408,299825
ML-DSA-65,sign,262,2861982,154542
ML-DSA-65,sign,263,4206796,227162
ML-DSA-65,sign,264,2179667,117696
ML-DSA-65,sign,265,2187000,118090
ML-DSA-65,sign,266,2179833,117706
ML-DSA-65,sign,267,3533500,190804
ML-DSA-65,sign,268,2861870,154535
ML-DSA-65,sign,269,6906167,372927
ML-DSA-65,sign,270,1506945,81370
ML-DSA-65,sign,271,2188223,118158
ML-DSA-65,sign,272,1507074,81376
ML-DSA-65,sign,273,5551907,299797
ML-DSA-65,sign,274,4886852,263884
ML-DSA-65,sign,275,2179186,117670
ML-DSA-65,sign,276,4207778,227215
ML-DSA-65,sign,277,1525519,82369
ML-DSA-65,sign,278,5553592,299889
ML-DSA-65,sign,279,2862611,154575
ML-DSA-65,sign,280,4239889,228947
ML-DSA-65,sign,281,7581963,409421
ML-DSA-65,sign,282,2209759,119319
ML-DSA-65,sign,283,6906908,372968
ML-DSA-65,sign,284,8252352,445622
ML-DSA-65,sign,285,4207518,227200
ML-DSA-65,sign,286,17682167,954832
ML-DSA-65,sign,287,2188722,118185
ML-DSA-65,sign,288,11622204,627595
ML-DSA-65,sign,289,10275797,554888
ML-DSA-65,sign,290,6897871,372479
ML-DSA-65,sign,291,4879389,263481
ML-DSA-65,sign,292,2861611,154522
ML-DSA-65,sign,293,5565500,300528
ML-DSA-65,sign,294,9596685,518215
ML-DSA-65,sign,295,6906241,372932
ML-DSA-65,sign,296,1506870,81366
ML-DSA-65,sign,297,6238259,336858
ML-DSA-65,sign,298,3534537,190859
ML-DSA-65,sign,299,5552351,299822
ML-DSA-65,sign,300,1506592,81351
ML-DSA-65,sign,301,7576315,409114
ML-DSA-65,sign,302,3534240,190843
ML-DSA-65,sign,303,9600555,518420
ML-DSA-65,sign,304,4899556,264569
ML-DSA-65,sign,305,2180092,117721
ML-DSA-65,sign,306,2188537,118175
ML-DSA-65,sign,307,2179981,117714
ML-DSA-65,sign,308,1516093,81863
ML-DSA-65,sign,309,1507611,81406
ML-DSA-65,sign,310,11621000,627529
ML-DSA-65,sign,311,1507370,81393
ML-DSA-65,sign,312,7578833,409253
ML-DSA-65,sign,313,7578130,409214
ML-DSA-65,sign,314,1516760,81899
ML-DSA-65,sign,315,8930240,482225
ML-DSA-65,sign,316,6226481,336224
ML-DSA-65,sign,317,1516370,81879
ML-DSA-65,sign,318,1507500,81400
ML-DSA-65,sign,319,3534111,190835
ML-DSA-65,sign,320,6233778,336618
ML-DSA-65,sign,321,1507463,81397
ML-DSA-65,sign,322,2861963,154539
ML-DSA-65,sign,323,1507259,81387
ML-DSA-65,sign,324,6231889,336517
ML-DSA-65,sign,325,10950648,591328
ML-DSA-65,sign,326,8251852,445594
ML-DSA-65,sign,327,1517500,81940
ML-DSA-65,sign,328,1507148,81380
ML-DSA-65,sign,329,4879445,263484
ML-DSA-65,sign,330,2862241,154555
ML-DSA-65,sign,331,11621574,627560
ML-DSA-65,sign,332,1507111,81379
ML-DSA-65,sign,333,2865555,154734
ML-DSA-65,sign,334,4919630,265651
ML-DSA-65,sign,335,6921685,373766
ML-DSA-65,sign,336,1539519,83126
ML-DSA-65,sign,337,3537537,191021
ML-DSA-65,sign,338,6240630,336979
ML-DSA-65,sign,339,1506778,81361
ML-DSA-65,sign,340,2860796,154476
ML-DSA-65,sign,341,3534907,190880
ML-DSA-65,sign,342,1506963,81370
ML-DSA-65,sign,343,4205907,227114
ML-DSA-65,sign,344,1516167,81867
ML-DSA-65,sign,345,2851982,154002
ML-DSA-65,sign,346,4887352,263912
ML-DSA-65,sign,347,1507055,81375
ML-DSA-65,sign,348,1536241,82949
ML-DSA-65,sign,349,1519111,82027
ML-DSA-65,sign,350,2179926,117711
ML-DSA-65,sign,351,11653723,629294
ML-DSA-65,sign,352,2192148,118371
ML-DSA-65,sign,353,1507259,81388
ML-DSA-65,sign,354,4206111,227124
ML-DSA-65,sign,355,1516666,81894
ML-DSA-65,sign,356,3524926,190340
ML-DSA-65,sign,357,2861315,154505
ML-DSA-65,sign,358,6914611,373381
ML-DSA-65,sign,359,8938111,482648
ML-DSA-65,sign,360,1523222,82247
ML-DSA-65,sign,361,3525389,190367
ML-DSA-65,sign,362,10283092,555279
ML-DSA-65,sign,363,4208352,227247
ML-DSA-65,sign,364,4234667,228663
ML-DSA-65,sign,365,5554852,299956
ML-DSA-65,sign,366,1521667,82161
ML-DSA-65,sign,367,12968000,700266
ML-DSA-65,sign,368,6233537,336605
ML-DSA-65,sign,369,8925704,481983
ML-DSA-65,sign,370,12294371,663892
ML-DSA-65,sign,371,2862092,154548
ML-DSA-65,sign,372,2179852,117706
ML-DSA-65,sign,373,6904630,372845
ML-DSA-65,sign,374,4880185,263525
ML-DSA-65,sign,375,1516667,81894
ML-DSA-65,sign,376,8923241,481849
ML-DSA-65,sign,377,2179407,117682
ML-DSA-65,sign,378,2187889,118140
ML-DSA-65,sign,379,5552111,299807
ML-DSA-65,sign,380,2868389,154885
ML-DSA-65,sign,381,4208593,227260
ML-DSA-65,sign,382,1506593,81351
ML-DSA-65,sign,383,2860408,154456
ML-DSA-65,sign,384,4208537,227255
ML-DSA-65,sign,385,4207037,227174
ML-DSA-65,sign,386,2188481,118172
ML-DSA-65,sign,387,1506797,81362
ML-DSA-65,sign,388,6909796,373120
ML-DSA-65,sign,389,4206982,227171
ML-DSA-65,sign,390,1506926,81368
ML-DSA-65,sign,391,6231722,336507
ML-DSA-65,sign,392,4880260,263527
ML-DSA-65,sign,393,3535704,190922
ML-DSA-65,sign,394,9596963,518229
ML-DSA-65,sign,395,4887500,263919
ML-DSA-65,sign,396,12967389,700233
ML-DSA-65,sign,397,3534315,190847
ML-DSA-65,sign,398,4208185,227236
ML-DSA-65,sign,399,2861389,154509
ML-DSA-65,sign,400,3562426,192364
ML-DSA-65,sign,401,4213518,227524
ML-DSA-65,sign,402,5593741,302055
ML-DSA-65,sign,403,2863796,154638
ML-DSA-65,sign,404,2853185,154066
ML-DSA-65,sign,405,4885648,263819
ML-DSA-65,sign,406,1507352,81392
ML-DSA-65,sign,407,1505944,81315
ML-DSA-65,sign,408,2188333,118165
ML-DSA-65,sign,409,1506945,81369
ML-DSA-65,sign,410,11115630,600229
ML-DSA-65,sign,411,6233185,336586
ML-DSA-65,sign,412,1507296,81390
ML-DSA-65,sign,413,5550907,299745
ML-DSA-65,sign,414,3534277,190845
ML-DSA-65,sign,415,3534260,190845
ML-DSA-65,sign,416,4207074,227176
ML-DSA-65,sign,417,3535556,190915
ML-DSA-65,sign,418,2862333,154559
ML-DSA-65,sign,419,4207352,227192
ML-DSA-65,sign,420,6936741,374576
ML-DSA-65,sign,421,2181704,117806
ML-DSA-65,sign,422,1506148,81327
ML-DSA-65,sign,423,6260944,338084
ML-DSA-65,sign,424,5553963,299909
ML-DSA-65,sign,425,2189352,118221
ML-DSA-65,sign,426,7579111,409266
ML-DSA-65,sign,427,1506796,81362
ML-DSA-65,sign,428,13645389,736847
ML-DSA-65,sign,429,2179556,117690
ML-DSA-65,sign,430,1515241,81818
ML-DSA-65,sign,431,4880092,263519
ML-DSA-65,sign,432,1507240,81386
ML-DSA-65,sign,433,6905815,372909
ML-DSA-65,sign,434,1506870,81366
ML-DSA-65,sign,435,2193519,118435
ML-DSA-65,sign,436,14313426,772920
ML-DSA-65,sign,437,5566315,300573
ML-DSA-65,sign,438,6905259,372880
ML-DSA-65,sign,439,4207129,227180
ML-DSA-65,sign,440,12294463,663896
ML-DSA-65,sign,441,1507222,81384
ML-DSA-65,sign,442,3533111,190783
ML-DSA-65,sign,443,2861722,154527
ML-DSA-65,sign,444,4879833,263506
ML-DSA-65,sign,445,1507314,81389
ML-DSA-65,sign,446,4205944,227116
ML-DSA-65,sign,447,3565963,192554
ML-DSA-65,sign,448,10951815,591393
ML-DSA-65,sign,449,4207352,227191
ML-DSA-65,sign,450,8924259,481904
ML-DSA-65,sign,451,2189370,118221
ML-DSA-65,sign,452,1507130,81380
ML-DSA-65,sign,453,2188537,118176
ML-DSA-65,sign,454,2855167,154173
ML-DSA-65,sign,455,4892426,264181
ML-DSA-65,sign,456,3525000,190346
ML-DSA-65,sign,457,5559907,300230
ML-DSA-65,sign,458,2179814,117705
ML-DSA-65,sign,459,3533907,190825
ML-DSA-65,sign,460,2189408,118222
ML-DSA-65,sign,461,2861944,154538
ML-DSA-65,sign,462,3525055,190348
ML-DSA-65,sign,463,2187722,118132
ML-DSA-65,sign,464,2862722,154583
ML-DSA-65,sign,465,12299814,664183
ML-DSA-65,sign,466,2862111,154548
ML-DSA-65,sign,467,16336685,882177
ML-DSA-65,sign,468,10269148,554530
ML-DSA-65,sign,469,1516019,81860
ML-DSA-65,sign,470,3525056,190347
ML-DSA-65,sign,471,5559685,300217
ML-DSA-65,sign,472,3535111,190889
ML-DSA-65,sign,473,5551944,299800
ML-DSA-65,sign,474,2189092,118205
ML-DSA-65,sign,475,4207260,227186
ML-DSA-65,sign,476,4207000,227171
ML-DSA-65,sign,477,4212334,227457
ML-DSA-65,sign,478,2861760,154528
ML-DSA-65,sign,479,10941203,590820
ML-DSA-65,sign,480,2189241,118213
ML-DSA-65,sign,481,8923870,481883
ML-DSA-65,sign,482,1506667,81355
ML-DSA-65,sign,483,8251944,445599
ML-DSA-65,sign,484,9607574,518805
ML-DSA-65,sign,485,1507666,81409
ML-DSA-65,sign,486,6906370,372939
ML-DSA-65,sign,487,1508148,81435
ML-DSA-65,sign,488,2225148,120149
ML-DSA-65,sign,489,4884296,263747
ML-DSA-65,sign,490,2864278,154665
ML-DSA-65,sign,491,3566871,192603
ML-DSA-65,sign,492,6902018,372703
ML-DSA-65,sign,493,2190019,118255
ML-DSA-65,sign,494,2190352,118273
ML-DSA-65,sign,495,2181148,117776
ML-DSA-65,sign,496,5560778,300277
ML-DSA-65,sign,497,2180834,117760
ML-DSA-65,sign,498,1506666,81353
ML-DSA-65,sign,499,2190574,118285
ML-DSA-65,sign,500,1507704,81410
ML-DSA-65,sign,501,1516296,81874
ML-DSA-65,sign,502,6227203,336264
ML-DSA-65,sign,503,2867000,154810
ML-DSA-65,sign,504,1507296,81389
ML-DSA-65,sign,505,4205685,227102
ML-DSA-65,sign,506,4214852,227596
ML-DSA-65,sign,507,2180075,117718
ML-DSA-65,sign,508,1505777,81306
ML-DSA-65,sign,509,6231426,336493
ML-DSA-65,sign,510,2190056,118258
ML-DSA-65,sign,511,6225166,336153
ML-DSA-65,sign,512,1507038,81375
ML-DSA-65,sign,513,1515444,81829
ML-DSA-65,sign,514,1506833,81363
ML-DSA-65,sign,515,10275186,554855
ML-DSA-65,sign,516,4880296,263531
ML-DSA-65,sign,517,8250889,445542
ML-DSA-65,sign,518,4880148,263522
ML-DSA-65,sign,519,4886518,263866
ML-DSA-65,sign,520,5552704,299842
ML-DSA-65,sign,521,4213333,227511
ML-DSA-65,sign,522,3535074,190888
ML-DSA-65,sign,523,2861852,154534
ML-DSA-65,sign,524,4879630,263495
ML-DSA-65,sign,525,2179593,117693
ML-DSA-65,sign,526,4885777,263826
ML-DSA-65,sign,527,1506852,81365
ML-DSA-65,sign,528,13643555,736743
ML-DSA-65,sign,529,1516445,81882
ML-DSA-65,sign,530,1507148,81382
ML-DSA-65,sign,531,4208093,227231
ML-DSA-65,sign,532,4880519,263542
ML-DSA-65,sign,533,1516722,81899
ML-DSA-65,sign,534,3534537,190859
ML-DSA-65,sign,535,2179777,117703
ML-DSA-65,sign,536,4206111,227124
ML-DSA-65,sign,537,3534463,190854
ML-DSA-65,sign,538,3534722,190870
ML-DSA-65,sign,539,2861833,154532
ML-DSA-65,sign,540,1506981,81371
ML-DSA-65,sign,541,4206463,227142
ML-DSA-65,sign,542,5561204,300300
ML-DSA-65,sign,543,5552500,299831
ML-DSA-65,sign,544,4207092,227178
ML-DSA-65,sign,545,4207574,227205
ML-DSA-65,sign,546,3534722,190869
ML-DSA-65,sign,547,5552315,299819
ML-DSA-65,sign,548,2189222,118212
ML-DSA-65,sign,549,2861685,154525
ML-DSA-65,sign,550,9596704,518217
ML-DSA-65,sign,551,2188555,118176
ML-DSA-65,sign,552,6231111,336472
ML-DSA-65,sign,553,4880223,263527
ML-DSA-65,sign,554,4891518,264134
ML-DSA-65,sign,555,10941019,590811
ML-DSA-65,sign,556,1515759,81845
ML-DSA-65,sign,557,2852222,154015
ML-DSA-65,sign,558,4885482,263811
ML-DSA-65,sign,559,2852149,154011
ML-DSA-65,sign,560,8249426,445464
ML-DSA-65,sign,561,10275315,554862
ML-DSA-65,sign,562,5552166,299812
ML-DSA-65,sign,563,1516278,81873
ML-DSA-65,sign,564,4879018,263462
ML-DSA-65,sign,565,1506908,81367
ML-DSA-65,sign,566,7577519,409180
ML-DSA-65,sign,567,2861889,154537
ML-DSA-65,sign,568,2212722,119477
ML-DSA-65,sign,569,5566000,300560
ML-DSA-65,sign,570,9627833,519895
ML-DSA-65,sign,571,6906815,372962
ML-DSA-65,sign,572,4207018,227173
ML-DSA-65,sign,573,2188704,118184
ML-DSA-65,sign,574,1506963,81371
ML-DSA-65,sign,575,5562759,300381
ML-DSA-65,sign,576,5561240,300301
ML-DSA-65,sign,577,1506759,81361
ML-DSA-65,sign,578,6240870,336999
ML-DSA-65,sign,579,4207204,227184
ML-DSA-65,sign,580,5552426,299827
ML-DSA-65,sign,581,1516037,81861
ML-DSA-65,sign,582,1507000,81373
ML-DSA-65,sign,583,2860778,154477
ML-DSA-65,sign,584,6898926,372536
ML-DSA-65,sign,585,2189389,118223
ML-DSA-65,sign,586,8951259,483349
ML-DSA-65,sign,587,1557519,84088
ML-DSA-65,sign,588,2181222,117782
ML-DSA-65,sign,589,2862074,154546
ML-DSA-65,sign,590,3535315,190901
ML-DSA-65,sign,591,2852203,154013
ML-DSA-65,sign,592,12976759,700738
ML-DSA-65,sign,593,2852315,154019
ML-DSA-65,sign,594,8929426,482183
ML-DSA-65,sign,595,6898240,372499
ML-DSA-65,sign,596,2188908,118194
ML-DSA-65,sign,597,4207741,227212
ML-DSA-65,sign,598,3541426,191227
ML-DSA-65,sign,599,2179704,117700
ML-DSA-65,sign,600,17018630,919000
ML-DSA-65,sign,601,2852277,154017
ML-DSA-65,sign,602,4205796,227107
ML-DSA-65,sign,603,3534223,190842
ML-DSA-65,sign,604,14331463,773884
ML-DSA-65,sign,605,3537667,191028
ML-DSA-65,sign,606,3534259,190845
ML-DSA-65,sign,607,11621278,627543
ML-DSA-65,sign,608,3525130,190353
ML-DSA-65,sign,609,1515908,81855
ML-DSA-65,sign,610,1507092,81379
ML-DSA-65,sign,611,1516130,81865
ML-DSA-65,sign,612,1507334,81391
ML-DSA-65,sign,613,3533556,190804
ML-DSA-65,sign,614,6381074,344573
ML-DSA-65,sign,615,9605222,518676
ML-DSA-65,sign,616,10269815,554563
ML-DSA-65,sign,617,4212000,227441
ML-DSA-65,sign,618,1517222,81925
ML-DSA-65,sign,619,4880260,263528
ML-DSA-65,sign,620,6233111,336580
ML-DSA-65,sign,621,5552759,299843
ML-DSA-65,sign,622,10994129,593676
ML-DSA-65,sign,623,8963426,484017
ML-DSA-65,sign,624,10285333,555399
ML-DSA-65,sign,625,6226889,336247
ML-DSA-65,sign,626,3535037,190887
ML-DSA-65,sign,627,2862593,154575
ML-DSA-65,sign,628,4880518,263543
ML-DSA-65,sign,629,2862463,154568
ML-DSA-65,sign,630,3534297,190844
ML-DSA-65,sign,631,3525371,190365
ML-DSA-65,sign,632,4205667,227100
ML-DSA-65,sign,633,3565241,192511
ML-DSA-65,sign,634,5563796,300440
ML-DSA-65,sign,635,1506759,81359
ML-DSA-65,sign,636,2217945,119760
ML-DSA-65,sign,637,2180518,117742
ML-DSA-65,sign,638,2188518,118175
ML-DSA-65,sign,639,12974815,700632
ML-DSA-65,sign,640,12294629,663905
ML-DSA-65,sign,641,1507389,81394
ML-DSA-65,sign,642,3533666,190813
ML-DSA-65,sign,643,2189204,118213
ML-DSA-65,sign,644,3534204,190840
ML-DSA-65,sign,645,6226000,336198
ML-DSA-65,sign,646,2191111,118314
ML-DSA-65,sign,647,6390166,345064
ML-DSA-65,sign,648,4209055,227284
ML-DSA-65,sign,649,5554741,299951
ML-DSA-65,sign,650,3536963,190990
ML-DSA-65,sign,651,6908037,373027
ML-DSA-65,sign,652,4887648,263924
ML-DSA-65,sign,653,3537000,190992
ML-DSA-65,sign,654,18361815,991534
ML-DSA-65,sign,655,6235352,336704
ML-DSA-65,sign,656,2180778,117757
ML-DSA-65,sign,657,17028963,919555
ML-DSA-65,sign,658,2853777,154099
ML-DSA-65,sign,659,1516426,81880
ML-DSA-65,sign,660,2853389,154077
ML-DSA-65,sign,661,2189555,118230
ML-DSA-65,sign,662,4208704,227264
ML-DSA-65,sign,663,2863000,154596
ML-DSA-65,sign,664,1507667,81410
ML-DSA-65,sign,665,1515871,81852
ML-DSA-65,sign,666,2853760,154097
ML-DSA-65,sign,667,1515926,81854
ML-DSA-65,sign,668,6901574,372680
ML-DSA-65,sign,669,2862704,154579
ML-DSA-65,sign,670,1507333,81392
ML-DSA-65,sign,671,2862019,154543
ML-DSA-65,sign,672,2191000,118308
ML-DSA-65,sign,673,3535759,190925
ML-DSA-65,sign,674,6900351,372614
ML-DSA-65,sign,675,2189759,118240
ML-DSA-65,sign,676,2180481,117742
ML-DSA-65,sign,677,6233981,336630
ML-DSA-65,sign,678,2863389,154617
ML-DSA-65,sign,679,1507612,81407
ML-DSA-65,sign,680,1506574,81351
ML-DSA-65,sign,681,8938185,482654
ML-DSA-65,sign,682,2853611,154091
ML-DSA-65,sign,683,5560981,300289
ML-DSA-65,sign,684,1507426,81395
ML-DSA-65,sign,685,5565759,300543
ML-DSA-65,sign,686,3526518,190427
ML-DSA-65,sign,687,3534870,190876
ML-DSA-65,sign,688,2862945,154593
ML-DSA-65,sign,689,2190074,118258
ML-DSA-65,sign,690,4881370,263588
ML-DSA-65,sign,691,7580704,409353
ML-DSA-65,sign,692,2180760,117755
ML-DSA-65,sign,693,2861555,154518
ML-DSA-65,sign,694,5552445,299825
ML-DSA-65,sign,695,2867148,154821
ML-DSA-65,sign,696,5552686,299839
ML-DSA-65,sign,697,5560222,300245
ML-DSA-65,sign,698,3534518,190858
ML-DSA-65,sign,699,9595741,518164
ML-DSA-65,sign,700,2189778,118242
ML-DSA-65,sign,701,2179908,117710
ML-DSA-65,sign,702,2863333,154613
ML-DSA-65,sign,703,4208130,227232
ML-DSA-65,sign,704,2189425,118223
ML-DSA-65,sign,705,3524851,190337
ML-DSA-65,sign,706,7577704,409192
ML-DSA-65,sign,707,1516704,81895
ML-DSA-65,sign,708,4207111,227180
ML-DSA-65,sign,709,4906352,264936
ML-DSA-65,sign,710,4889185,264008
ML-DSA-65,sign,711,4913296,265310
ML-DSA-65,sign,712,4216759,227697
ML-DSA-65,sign,713,6237926,336842
ML-DSA-65,sign,714,10952278,591419
ML-DSA-65,sign,715,4207833,227216
ML-DSA-65,sign,716,7582352,409442
ML-DSA-65,sign,717,5554575,299942
ML-DSA-65,sign,718,1516944,81909
ML-DSA-65,sign,719,2853537,154087
ML-DSA-65,sign,720,2861982,154542
ML-DSA-65,sign,721,5554315,299927
ML-DSA-65,sign,722,10953204,591469
ML-DSA-65,sign,723,1507703,81412
ML-DSA-65,sign,724,7580407,409337
ML-DSA-65,sign,725,2190093,118259
ML-DSA-65,sign,726,1507611,81407
ML-DSA-65,sign,727,3535018,190885
ML-DSA-65,sign,728,12971482,700455
ML-DSA-65,sign,729,1517370,81932
ML-DSA-65,sign,730,1507537,81403
ML-DSA-65,sign,731,4886278,263851
ML-DSA-65,sign,732,8254518,445739
ML-DSA-65,sign,733,4889686,264038
ML-DSA-65,sign,734,4882296,263639
ML-DSA-65,sign,735,1507481,81399
ML-DSA-65,sign,736,2861907,154537
ML-DSA-65,sign,737,1507648,81408
ML-DSA-65,sign,738,1521426,82150
ML-DSA-65,sign,739,2180593,117747
ML-DSA-65,sign,740,6234093,336635
ML-DSA-65,sign,741,5554241,299924
ML-DSA-65,sign,742,4881204,263580
ML-DSA-65,sign,743,4215148,227613
ML-DSA-65,sign,744,1507981,81426
ML-DSA-65,sign,745,8252093,445608
ML-DSA-65,sign,746,1507593,81405
ML-DSA-65,sign,747,1515963,81856
ML-DSA-65,sign,748,6226592,336230
ML-DSA-65,sign,749,4889815,264044
ML-DSA-65,sign,750,3527759,190494
ML-DSA-65,sign,751,13649889,737089
ML-DSA-65,sign,752,2180593,117747
ML-DSA-65,sign,753,1516167,81868
ML-DSA-65,sign,754,1507278,81389
ML-DSA-65,sign,755,2189389,118221
ML-DSA-65,sign,756,1507685,81411
ML-DSA-65,sign,757,2193555,118444
ML-DSA-65,sign,758,17690111,955261
ML-DSA-65,sign,759,2189908,118249
ML-DSA-65,sign,760,1507796,81416
ML-DSA-65,sign,761,4880888,263563
ML-DSA-65,sign,762,4881277,263583
ML-DSA-65,sign,763,4888352,263967
ML-DSA-65,sign,764,4882223,263635
ML-DSA-65,sign,765,3536741,190978
ML-DSA-65,sign,766,8259334,445997
ML-DSA-65,sign,767,4882074,263625
ML-DSA-65,sign,768,1507500,81400
ML-DSA-65,sign,769,3534630,190863
ML-DSA-65,sign,770,1517074,81916
ML-DSA-65,sign,771,15670759,846215
ML-DSA-65,sign,772,1508055,81430
ML-DSA-65,sign,773,1506908,81367
ML-DSA-65,sign,774,2862037,154544
ML-DSA-65,sign,775,2190111,118259
ML-DSA-65,sign,776,6900407,372617
ML-DSA-65,sign,777,2189629,118233
ML-DSA-65,sign,778,4881592,263600
ML-DSA-65,sign,779,2867703,154847
ML-DSA-65,sign,780,1507555,81402
ML-DSA-65,sign,781,2863093,154600
ML-DSA-65,sign,782,4208685,227263
ML-DSA-65,sign,783,2212500,119468
ML-DSA-65,sign,784,2865055,154708
ML-DSA-65,sign,785,1517556,81941
ML-DSA-65,sign,786,6928611,374138
ML-DSA-65,sign,787,2863074,154600
ML-DSA-65,sign,788,1506722,81358
ML-DSA-65,sign,789,14318908,773216
ML-DSA-65,sign,790,1507111,81377
ML-DSA-65,sign,791,2189389,118221
ML-DSA-65,sign,792,5553093,299860
ML-DSA-65,sign,793,8930574,482247
ML-DSA-65,sign,794,3525074,190348
ML-DSA-65,sign,795,1515871,81853
ML-DSA-65,sign,796,2867055,154812
ML-DSA-65,sign,797,1507148,81382
ML-DSA-65,sign,798,1506389,81340
ML-DSA-65,sign,799,4206111,227123
ML-DSA-65,sign,800,10277741,554993
ML-DSA-65,sign,801,8250166,445503
ML-DSA-65,sign,802,12345500,666643
ML-DSA-65,sign,803,2864389,154672
ML-DSA-65,sign,804,1506722,81358
ML-DSA-65,sign,805,1514907,81800
ML-DSA-65,sign,806,3524945,190342
ML-DSA-65,sign,807,3533704,190815
ML-DSA-65,sign,808,1516426,81881
ML-DSA-65,sign,809,3533815,190820
ML-DSA-65,sign,810,3525000,190345
ML-DSA-65,sign,811,1515297,81820
ML-DSA-65,sign,812,1507074,81377
ML-DSA-65,sign,813,2860481,154461
ML-DSA-65,sign,814,1506704,81356
ML-DSA-65,sign,815,1514981,81803
ML-DSA-65,sign,816,2852185,154012
ML-DSA-65,sign,817,4893500,264244
ML-DSA-65,sign,818,1507055,81376
ML-DSA-65,sign,819,2187759,118133
ML-DSA-65,sign,820,3524944,190342
ML-DSA-65,sign,821,6904519,372837
ML-DSA-65,sign,822,4207982,227224
ML-DSA-65,sign,823,2861759,154530
ML-DSA-65,sign,824,4207037,227174
ML-DSA-65,sign,825,10950371,591316
ML-DSA-65,sign,826,3534204,190841
ML-DSA-65,sign,827,2179963,117713
ML-DSA-65,sign,828,1515204,81815
ML-DSA-65,sign,829,12300870,664240
ML-DSA-65,sign,830,3525518,190374
ML-DSA-65,sign,831,2188037,118147
ML-DSA-65,sign,832,6909870,373125
ML-DSA-65,sign,833,4207630,227206
ML-DSA-65,sign,834,9596870,518225
ML-DSA-65,sign,835,4207056,227176
ML-DSA-65,sign,836,3534315,190847
ML-DSA-65,sign,837,9604296,518626
ML-DSA-65,sign,838,1507000,81373
ML-DSA-65,sign,839,1506000,81319
ML-DSA-65,sign,840,4885111,263791
ML-DSA-65,sign,841,4880130,263522
ML-DSA-65,sign,842,2852240,154015
ML-DSA-65,sign,843,2860686,154471
ML-DSA-65,sign,844,4362166,235551
ML-DSA-65,sign,845,23080037,1246317
ML-DSA-65,sign,846,1507130,81380
ML-DSA-65,sign,847,1515593,81837
ML-DSA-65,sign,848,1506722,81358
ML-DSA-65,sign,849,2860093,154440
ML-DSA-65,sign,850,2212037,119442
ML-DSA-65,sign,851,7580444,409338
ML-DSA-65,sign,852,2218741,119804
ML-DSA-65,sign,853,2180334,117732
ML-DSA-65,sign,854,2866352,154774
ML-DSA-65,sign,855,2868408,154886
ML-DSA-65,sign,856,4879889,263510
ML-DSA-65,sign,857,7577778,409194
ML-DSA-65,sign,858,9627297,519866
ML-DSA-65,sign,859,5562741,300383
ML-DSA-65,sign,860,1506982,81372
ML-DSA-65,sign,861,1544537,83397
ML-DSA-65,sign,862,2853500,154084
ML-DSA-65,sign,863,2860185,154445
ML-DSA-65,sign,864,3534926,190882
ML-DSA-65,sign,865,4206574,227150
ML-DSA-65,sign,866,1507370,81392
ML-DSA-65,sign,867,12973648,700572
ML-DSA-65,sign,868,6225389,336166
ML-DSA-65,sign,869,4880185,263525
ML-DSA-65,sign,870,2188981,118199
ML-DSA-65,sign,871,1506611,81352
ML-DSA-65,sign,872,2861037,154491
ML-DSA-65,sign,873,4880982,263568
ML-DSA-65,sign,874,4880981,263567
ML-DSA-65,sign,875,2189611,118235
ML-DSA-65,sign,876,4880000,263514
ML-DSA-65,sign,877,6237982,336843
ML-DSA-65,sign,878,4206814,227160
ML-DSA-65,sign,879,1506759,81360
ML-DSA-65,sign,880,1515611,81836
ML-DSA-65,sign,881,3524722,190330
ML-DSA-65,sign,882,2188981,118199
ML-DSA-65,sign,883,2861963,154540
ML-DSA-65,sign,884,1506666,81355
ML-DSA-65,sign,885,4206463,227144
ML-DSA-65,sign,886,2868630,154897
ML-DSA-65,sign,887,12295018,663927
ML-DSA-65,sign,888,1506926,81370
ML-DSA-65,sign,889,2860037,154437
ML-DSA-65,sign,890,11622092,627587
ML-DSA-65,sign,891,2179575,117693
ML-DSA-65,sign,892,3532981,190776
ML-DSA-65,sign,893,2189167,118210
ML-DSA-65,sign,894,3534241,190844
ML-DSA-65,sign,895,1506945,81369
ML-DSA-65,sign,896,5559407,300204
ML-DSA-65,sign,897,7571000,408829
ML-DSA-65,sign,898,2190259,118269
ML-DSA-65,sign,899,1506537,81347
ML-DSA-65,sign,900,6231685,336505
ML-DSA-65,sign,901,4207371,227192
ML-DSA-65,sign,902,10983222,593085
ML-DSA-65,sign,903,1508444,81451
ML-DSA-65,sign,904,2861592,154519
ML-DSA-65,sign,905,4879630,263494
ML-DSA-65,sign,906,3534907,190879
ML-DSA-65,sign,907,6905833,372909
ML-DSA-65,sign,908,4207500,227199
ML-DSA-65,sign,909,2851870,153996
ML-DSA-65,sign,910,4212889,227491
ML-DSA-65,sign,911,7570944,408825
ML-DSA-65,sign,912,3534629,190864
ML-DSA-65,sign,913,1521926,82175
ML-DSA-65,sign,914,4881093,263575
ML-DSA-65,sign,915,1507000,81373
ML-DSA-65,sign,916,2188093,118151
ML-DSA-65,sign,917,4879778,263501
ML-DSA-65,sign,918,2189185,118210
ML-DSA-65,sign,919,6224926,336141
ML-DSA-65,sign,920,11622352,627602
ML-DSA-65,sign,921,1507112,81378
ML-DSA-65,sign,922,2861833,154533
ML-DSA-65,sign,923,2864185,154661
ML-DSA-65,sign,924,4881518,263597
ML-DSA-65,sign,925,1507519,81400
ML-DSA-65,sign,926,4214407,227571
ML-DSA-65,sign,927,2853537,154085
ML-DSA-65,sign,928,6911204,373196
ML-DSA-65,sign,929,11625871,627791
ML-DSA-65,sign,930,2180537,117743
ML-DSA-65,sign,931,2862833,154588
ML-DSA-65,sign,932,4881629,263601
ML-DSA-65,sign,933,4233518,228603
ML-DSA-65,sign,934,7591074,409908
ML-DSA-65,sign,935,8319537,449246
ML-DSA-65,sign,936,1521222,82141
ML-DSA-65,sign,937,1510222,81548
ML-DSA-65,sign,938,15707130,848179
ML-DSA-65,sign,939,3544185,191377
ML-DSA-65,sign,940,12301037,664252
ML-DSA-65,sign,941,1507426,81397
ML-DSA-65,sign,942,4207093,227178
ML-DSA-65,sign,943,2862926,154591
ML-DSA-65,sign,944,1517704,81950
ML-DSA-65,sign,945,2853315,154074
ML-DSA-65,sign,946,2861167,154498
ML-DSA-65,sign,947,1507333,81392
ML-DSA-65,sign,948,3534314,190846
ML-DSA-65,sign,949,2862686,154580
ML-DSA-65,sign,950,1507019,81375
ML-DSA-65,sign,951,3539778,191139
ML-DSA-65,sign,952,8253260,445670
ML-DSA-65,sign,953,2862240,154556
ML-DSA-65,sign,954,7580537,409343
ML-DSA-65,sign,955,11626537,627828
ML-DSA-65,sign,956,1507926,81424
ML-DSA-65,sign,957,2189130,118207
ML-DSA-65,sign,958,6227556,336281
ML-DSA-65,sign,959,4888167,263956
ML-DSA-65,sign,960,3525982,190397
ML-DSA-65,sign,961,1517204,81924
ML-DSA-65,sign,962,3536518,190966
ML-DSA-65,sign,963,1507574,81405
ML-DSA-65,sign,964,1506833,81365
ML-DSA-65,sign,965,12303740,664396
ML-DSA-65,sign,966,1508129,81434
ML-DSA-65,sign,967,6906593,372951
ML-DSA-65,sign,968,6905703,372900
ML-DSA-65,sign,969,4209482,227307
ML-DSA-65,sign,970,6907963,373025
ML-DSA-65,sign,971,8258222,445936
ML-DSA-65,sign,972,2189463,118225
ML-DSA-65,sign,973,1506963,81371
ML-DSA-65,sign,974,2861278,154504
ML-DSA-65,sign,975,3534148,190838
ML-DSA-65,sign,976,1506944,81370
ML-DSA-65,sign,977,2188389,118167
ML-DSA-65,sign,978,3533852,190823
ML-DSA-65,sign,979,2852500,154030
ML-DSA-65,sign,980,2187889,118141
ML-DSA-65,sign,981,7578185,409215
ML-DSA-65,sign,982,2180408,117738
ML-DSA-65,sign,983,6232852,336570
ML-DSA-65,sign,984,5552574,299832
ML-DSA-65,sign,985,1516241,81871
ML-DSA-65,sign,986,4206797,227162
ML-DSA-65,sign,987,2179222,117672
ML-DSA-65,sign,988,1515092,81810
ML-DSA-65,sign,989,3525148,190353
ML-DSA-65,sign,990,4206000,227118
ML-DSA-65,sign,991,2188667,118182
ML-DSA-65,sign,992,5552166,299810
ML-DSA-65,sign,993,4207556,227203
ML-DSA-65,sign,994,2188630,118180
ML-DSA-65,sign,995,2189204,118211
ML-DSA-65,sign,996,2179889,117709
ML-DSA-65,sign,997,4879389,263482
ML-DSA-65,sign,998,2861297,154503
ML-DSA-65,sign,999,2188630,118180
ML-DSA-65,verify,0,799518,43170
ML-DSA-65,verify,1,794574,42901
ML-DSA-65,verify,2,794574,42902
ML-DSA-65,verify,3,795037,42926
ML-DSA-65,verify,4,804741,43449
ML-DSA-65,verify,5,795463,42950
ML-DSA-65,verify,6,794555,42901
ML-DSA-65,verify,7,795019,42925
ML-DSA-65,verify,8,795055,42926
ML-DSA-65,verify,9,804463,43434
ML-DSA-65,verify,10,795482,42950
ML-DSA-65,verify,11,794352,42888
ML-DSA-65,verify,12,794278,42885
ML-DSA-65,verify,13,794500,42896
ML-DSA-65,verify,14,804537,43437
ML-DSA-65,verify,15,795537,42953
ML-DSA-65,verify,16,794556,42899
ML-DSA-65,verify,17,795074,42928
ML-DSA-65,verify,18,794444,42893
ML-DSA-65,verify,19,804352,43427
ML-DSA-65,verify,20,795907,42973
ML-DSA-65,verify,21,794463,42895
ML-DSA-65,verify,22,794593,42902
ML-DSA-65,verify,23,794463,42894
ML-DSA-65,verify,24,804055,43410
ML-DSA-65,verify,25,795574,42956
ML-DSA-65,verify,26,794537,42898
ML-DSA-65,verify,27,794537,42898
ML-DSA-65,verify,28,794481,42896
ML-DSA-65,verify,29,804278,43425
ML-DSA-65,verify,30,795593,42955
ML-DSA-65,verify,31,831296,44883
ML-DSA-65,verify,32,796574,43008
ML-DSA-65,verify,33,794685,42906
ML-DSA-65,verify,34,806463,43541
ML-DSA-65,verify,35,796296,42994
ML-DSA-65,verify,36,794908,42918
ML-DSA-65,verify,37,795333,42943
ML-DSA-65,verify,38,795278,42939
ML-DSA-65,verify,39,804592,43441
ML-DSA-65,verify,40,795814,42968
ML-DSA-65,verify,41,795574,42954
ML-DSA-65,verify,42,794777,42911
ML-DSA-65,verify,43,794889,42918
ML-DSA-65,verify,44,830018,44812
ML-DSA-65,verify,45,796500,43004
ML-DSA-65,verify,46,794889,42917
ML-DSA-65,verify,47,794834,42915
ML-DSA-65,verify,48,794685,42907
ML-DSA-65,verify,49,805555,43491
ML-DSA-65,verify,50,795926,42973
ML-DSA-65,verify,51,795463,42950
ML-DSA-65,verify,52,795074,42928
ML-DSA-65,verify,53,794852,42916
ML-DSA-65,verify,54,805074,43467
ML-DSA-65,verify,55,795796,42967
ML-DSA-65,verify,56,794963,42922
ML-DSA-65,verify,57,794945,42921
ML-DSA-65,verify,58,794870,42918
ML-DSA-65,verify,59,804352,43428
ML-DSA-65,verify,60,797370,43050
ML-DSA-65,verify,61,795037,42927
ML-DSA-65,verify,62,795222,42936
ML-DSA-65,verify,63,794870,42918
ML-DSA-65,verify,64,806185,43527
ML-DSA-65,verify,65,796315,42995
ML-DSA-65,verify,66,795000,42924
ML-DSA-65,verify,67,794981,42924
ML-DSA-65,verify,68,795463,42948
ML-DSA-65,verify,69,804574,43440
ML-DSA-65,verify,70,796055,42981
ML-DSA-65,verify,71,795408,42947
ML-DSA-65,verify,72,794963,42921
ML-DSA-65,verify,73,794963,42922
ML-DSA-65,verify,74,806351,43535
ML-DSA-65,verify,75,795796,42966
ML-DSA-65,verify,76,795037,42925
ML-DSA-65,verify,77,795445,42947
ML-DSA-65,verify,78,794871,42916
ML-DSA-65,verify,79,804722,43448
ML-DSA-65,verify,80,795852,42971
ML-DSA-65,verify,81,795333,42941
ML-DSA-65,verify,82,794963,42921
ML-DSA-65,verify,83,795519,42952
ML-DSA-65,verify,84,804593,43441
ML-DSA-65,verify,85,795815,42967
ML-DSA-65,verify,86,795129,42930
ML-DSA-65,verify,87,795000,42923
ML-DSA-65,verify,88,795463,42950
ML-DSA-65,verify,89,804649,43443
ML-DSA-65,verify,90,795852,42971
ML-DSA-65,verify,91,795408,42946
ML-DSA-65,verify,92,794926,42920
ML-DSA-65,verify,93,795148,42932
ML-DSA-65,verify,94,809444,43701
ML-DSA-65,verify,95,796056,42980
ML-DSA-65,verify,96,795056,42926
ML-DSA-65,verify,97,794796,42912
ML-DSA-65,verify,98,795463,42950
ML-DSA-65,verify,99,805074,43466
ML-DSA-65,verify,100,795686,42959
ML-DSA-65,verify,101,794944,42921
ML-DSA-65,verify,102,794871,42917
ML-DSA-65,verify,103,795278,42938
ML-DSA-65,verify,104,804667,43445
ML-DSA-65,verify,105,795852,42969
ML-DSA-65,verify,106,795130,42932
ML-DSA-65,verify,107,795352,42944
ML-DSA-65,verify,108,794889,42918
ML-DSA-65,verify,109,804630,43443
ML-DSA-65,verify,110,795796,42966
ML-DSA-65,verify,111,794926,42919
ML-DSA-65,verify,112,794833,42916
ML-DSA-65,verify,113,794889,42918
ML-DSA-65,verify,114,804426,43431
ML-DSA-65,verify,115,796463,43003
ML-DSA-65,verify,116,795019,42924
ML-DSA-65,verify,117,794926,42918
ML-DSA-65,verify,118,794963,42923
ML-DSA-65,verify,119,811740,43827
ML-DSA-65,verify,120,796500,43007
ML-DSA-65,verify,121,795426,42946
ML-DSA-65,verify,122,795000,42924
ML-DSA-65,verify,123,794760,42912
ML-DSA-65,verify,124,805445,43487
ML-DSA-65,verify,125,795944,42976
ML-DSA-65,verify,126,794778,42912
ML-DSA-65,verify,127,795074,42928
ML-DSA-65,verify,128,794796,42913
ML-DSA-65,verify,129,804593,43441
ML-DSA-65,verify,130,795759,42965
ML-DSA-65,verify,131,794704,42908
ML-DSA-65,verify,132,794870,42917
ML-DSA-65,verify,133,795333,42941
ML-DSA-65,verify,134,804370,43429
ML-DSA-65,verify,135,795592,42957
ML-DSA-65,verify,136,795352,42943
ML-DSA-65,verify,137,795315,42940
ML-DSA-65,verify,138,795000,42923
ML-DSA-65,verify,139,804389,43431
ML-DSA-65,verify,140,796315,42995
ML-DSA-65,verify,141,795203,42935
ML-DSA-65,verify,142,794741,42910
ML-DSA-65,verify,143,794778,42913
ML-DSA-65,verify,144,805408,43485
ML-DSA-65,verify,145,795815,42967
ML-DSA-65,verify,146,794871,42918
ML-DSA-65,verify,147,794852,42915
ML-DSA-65,verify,148,795408,42945
ML-DSA-65,verify,149,804630,43443
ML-DSA-65,verify,150,796037,42980
ML-DSA-65,verify,151,794740,42910
ML-DSA-65,verify,152,795296,42941
ML-DSA-65,verify,153,794834,42916
ML-DSA-65,verify,154,804407,43431
ML-DSA-65,verify,155,795759,42965
ML-DSA-65,verify,156,795093,42929
ML-DSA-65,verify,157,795037,42925
ML-DSA-65,verify,158,794740,42911
ML-DSA-65,verify,159,804926,43460
ML-DSA-65,verify,160,795722,42964
ML-DSA-65,verify,161,794815,42915
ML-DSA-65,verify,162,795018,42925
ML-DSA-65,verify,163,794945,42921
ML-DSA-65,verify,164,804518,43437
ML-DSA-65,verify,165,795760,42965
ML-DSA-65,verify,166,794963,42922
ML-DSA-65,verify,167,794815,42913
ML-DSA-65,verify,168,794945,42921
ML-DSA-65,verify,169,804334,43427
ML-DSA-65,verify,170,796037,42980
ML-DSA-65,verify,171,794908,42919
ML-DSA-65,verify,172,795167,42932
ML-DSA-65,verify,173,794814,42914
ML-DSA-65,verify,174,804871,43455
ML-DSA-65,verify,175,795778,42967
ML-DSA-65,verify,176,794759,42910
ML-DSA-65,verify,177,795463,42949
ML-DSA-65,verify,178,795445,42947
ML-DSA-65,verify,179,804963,43462
ML-DSA-65,verify,180,795704,42962
ML-DSA-65,verify,181,795481,42950
ML-DSA-65,verify,182,797333,43050
ML-DSA-65,verify,183,794852,42915
ML-DSA-65,verify,184,805982,43516
ML-DSA-65,verify,185,796278,42992
ML-DSA-65,verify,186,795000,42924
ML-DSA-65,verify,187,794760,42912
ML-DSA-65,verify,188,795463,42948
ML-DSA-65,verify,189,804370,43429
ML-DSA-65,verify,190,795686,42962
ML-DSA-65,verify,191,794759,42911
ML-DSA-65,verify,192,795481,42950
ML-DSA-65,verify,193,794870,42918
ML-DSA-65,verify,194,804351,43428
ML-DSA-65,verify,195,795778,42965
ML-DSA-65,verify,196,794908,42918
ML-DSA-65,verify,197,794963,42922
ML-DSA-65,verify,198,794981,42922
ML-DSA-65,verify,199,804592,43440
ML-DSA-65,verify,200,796241,42990
ML-DSA-65,verify,201,794834,42916
ML-DSA-65,verify,202,794889,42919
ML-DSA-65,verify,203,795018,42926
ML-DSA-65,verify,204,831093,44871
ML-DSA-65,verify,205,796333,42997
ML-DSA-65,verify,206,794926,42921
ML-DSA-65,verify,207,795574,42955
ML-DSA-65,verify,208,795333,42941
ML-DSA-65,verify,209,805463,43487
ML-DSA-65,verify,210,795777,42967
ML-DSA-65,verify,211,795000,42924
ML-DSA-65,verify,212,795500,42950
ML-DSA-65,verify,213,795056,42928
ML-DSA-65,verify,214,804574,43439
ML-DSA-65,verify,215,795852,42969
ML-DSA-65,verify,216,794945,42920
ML-DSA-65,verify,217,794945,42921
ML-DSA-65,verify,218,795500,42951
ML-DSA-65,verify,219,804611,43440
ML-DSA-65,verify,220,795870,42970
ML-DSA-65,verify,221,795037,42926
ML-DSA-65,verify,222,794926,42919
ML-DSA-65,verify,223,794851,42916
ML-DSA-65,verify,224,809833,43723
ML-DSA-65,verify,225,796018,42978
ML-DSA-65,verify,226,795018,42924
ML-DSA-65,verify,227,794945,42921
ML-DSA-65,verify,228,795092,42928
ML-DSA-65,verify,229,804945,43459
ML-DSA-65,verify,230,795926,42975
ML-DSA-65,verify,231,795000,42924
ML-DSA-65,verify,232,794963,42922
ML-DSA-65,verify,233,794944,42922
ML-DSA-65,verify,234,805056,43465
ML-DSA-65,verify,235,795518,42952
ML-DSA-65,verify,236,794889,42919
ML-DSA-65,verify,237,794908,42919
ML-DSA-65,verify,238,795351,42944
ML-DSA-65,verify,239,796926,43028
ML-DSA-65,verify,240,795296,42939
ML-DSA-65,verify,241,795167,42934
ML-DSA-65,verify,242,795333,42942
ML-DSA-65,verify,243,803611,43387
ML-DSA-65,verify,244,796833,43023
ML-DSA-65,verify,245,795445,42948
ML-DSA-65,verify,246,794963,42921
ML-DSA-65,verify,247,795296,42941
ML-DSA-65,verify,248,803907,43403
ML-DSA-65,verify,249,797111,43038
ML-DSA-65,verify,250,794963,42922
ML-DSA-65,verify,251,795055,42928
ML-DSA-65,verify,252,794889,42919
ML-DSA-65,verify,253,804222,43420
ML-DSA-65,verify,254,797185,43043
ML-DSA-65,verify,255,795574,42956
ML-DSA-65,verify,256,794982,42923
ML-DSA-65,verify,257,795018,42925
ML-DSA-65,verify,258,804130,43415
ML-DSA-65,verify,259,796130,42985
ML-DSA-65,verify,260,795667,42960
ML-DSA-65,verify,261,794963,42923
ML-DSA-65,verify,262,794944,42921
ML-DSA-65,verify,263,804556,43437
ML-DSA-65,verify,264,796111,42985
ML-DSA-65,verify,265,795574,42955
ML-DSA-65,verify,266,794926,42921
ML-DSA-65,verify,267,795278,42939
ML-DSA-65,verify,268,803889,43404
ML-DSA-65,verify,269,796056,42980
ML-DSA-65,verify,270,794889,42919
ML-DSA-65,verify,271,795333,42942
ML-DSA-65,verify,272,795592,42956
ML-DSA-65,verify,273,809685,43715
ML-DSA-65,verify,274,796222,42991
ML-DSA-65,verify,275,795093,42929
ML-DSA-65,verify,276,794907,42919
ML-DSA-65,verify,277,795055,42927
ML-DSA-65,verify,278,804444,43432
ML-DSA-65,verify,279,796204,42989
ML-DSA-65,verify,280,794926,42921
ML-DSA-65,verify,281,795630,42958
ML-DSA-65,verify,282,795093,42929
ML-DSA-65,verify,283,803963,43407
ML-DSA-65,verify,284,796111,42983
ML-DSA-65,verify,285,795629,42958
ML-DSA-65,verify,286,795000,42923
ML-DSA-65,verify,287,795111,42930
ML-DSA-65,verify,288,804093,43414
ML-DSA-65,verify,289,796315,42995
ML-DSA-65,verify,290,795518,42952
ML-DSA-65,verify,291,795111,42930
ML-DSA-65,verify,292,795074,42928
ML-DSA-65,verify,293,804074,43412
ML-DSA-65,verify,294,796370,42998
ML-DSA-65,verify,295,795574,42954
ML-DSA-65,verify,296,795111,42930
ML-DSA-65,verify,297,795333,42942
ML-DSA-65,verify,298,804148,43416
ML-DSA-65,verify,299,796074,42981
ML-DSA-65,verify,300,795482,42950
ML-DSA-65,verify,301,795000,42923
ML-DSA-65,verify,302,797500,43058
ML-DSA-65,verify,303,805667,43498
ML-DSA-65,verify,304,796630,43013
ML-DSA-65,verify,305,795593,42955
ML-DSA-65,verify,306,795000,42924
ML-DSA-65,verify,307,795426,42948
ML-DSA-65,verify,308,804278,43423
ML-DSA-65,verify,309,796092,42982
ML-DSA-65,verify,310,795018,42924
ML-DSA-65,verify,311,795408,42945
ML-DSA-65,verify,312,794852,42917
ML-DSA-65,verify,313,804241,43420
ML-DSA-65,verify,314,796093,42983
ML-DSA-65,verify,315,794889,42919
ML-DSA-65,verify,316,794982,42923
ML-DSA-65,verify,317,795278,42939
ML-DSA-65,verify,318,804463,43435
ML-DSA-65,verify,319,796112,42984
ML-DSA-65,verify,320,794982,42924
ML-DSA-65,verify,321,794852,42917
ML-DSA-65,verify,322,794926,42920
ML-DSA-65,verify,323,804297,43425
ML-DSA-65,verify,324,796056,42981
ML-DSA-65,verify,325,794945,42921
ML-DSA-65,verify,326,794833,42915
ML-DSA-65,verify,327,794963,42922
ML-DSA-65,verify,328,804129,43415
ML-DSA-65,verify,329,796185,42988
ML-DSA-65,verify,330,795482,42950
ML-DSA-65,verify,331,795315,42941
ML-DSA-65,verify,332,794871,42917
ML-DSA-65,verify,333,804203,43420
ML-DSA-65,verify,334,796019,42979
ML-DSA-65,verify,335,795074,42929
ML-DSA-65,verify,336,795019,42924
ML-DSA-65,verify,337,794963,42923
ML-DSA-65,verify,338,805000,43461
ML-DSA-65,verify,339,796204,42988
ML-DSA-65,verify,340,794852,42916
ML-DSA-65,verify,341,795037,42925
ML-DSA-65,verify,342,794889,42919
ML-DSA-65,verify,343,804797,43453
ML-DSA-65,verify,344,796704,43016
ML-DSA-65,verify,345,795074,42927
ML-DSA-65,verify,346,795056,42928
ML-DSA-65,verify,347,795723,42964
ML-DSA-65,verify,348,804963,43459
ML-DSA-65,verify,349,796167,42988
ML-DSA-65,verify,350,795611,42956
ML-DSA-65,verify,351,795074,42928
ML-DSA-65,verify,352,795314,42942
ML-DSA-65,verify,353,809129,43684
ML-DSA-65,verify,354,796908,43028
ML-DSA-65,verify,355,795111,42931
ML-DSA-65,verify,356,795703,42961
ML-DSA-65,verify,357,795166,42932
ML-DSA-65,verify,358,804611,43442
ML-DSA-65,verify,359,796259,42992
ML-DSA-65,verify,360,795204,42934
ML-DSA-65,verify,361,795222,42935
ML-DSA-65,verify,362,795185,42933
ML-DSA-65,verify,363,804370,43429
ML-DSA-65,verify,364,796204,42989
ML-DSA-65,verify,365,795222,42935
ML-DSA-65,verify,366,795093,42928
ML-DSA-65,verify,367,795222,42936
ML-DSA-65,verify,368,804833,43453
ML-DSA-65,verify,369,796259,42992
ML-DSA-65,verify,370,795593,42956
ML-DSA-65,verify,371,795019,42925
ML-DSA-65,verify,372,795074,42928
ML-DSA-65,verify,373,804352,43427
ML-DSA-65,verify,374,796203,42989
ML-DSA-65,verify,375,795093,42928
ML-DSA-65,verify,376,795038,42925
ML-DSA-65,verify,377,795204,42935
ML-DSA-65,verify,378,804463,43434
ML-DSA-65,verify,379,796333,42997
ML-DSA-65,verify,380,795241,42936
ML-DSA-65,verify,381,795722,42962
ML-DSA-65,verify,382,795296,42940
ML-DSA-65,verify,383,804870,43455
ML-DSA-65,verify,384,796167,42987
ML-DSA-65,verify,385,795018,42925
ML-DSA-65,verify,386,795518,42952
ML-DSA-65,verify,387,795278,42938
ML-DSA-65,verify,388,804389,43429
ML-DSA-65,verify,389,796203,42988
ML-DSA-65,verify,390,795018,42925
ML-DSA-65,verify,391,795129,42930
ML-DSA-65,verify,392,794981,42922
ML-DSA-65,verify,393,804241,43421
ML-DSA-65,verify,394,796148,42986
ML-DSA-65,verify,395,795019,42924
ML-DSA-65,verify,396,795074,42928
ML-DSA-65,verify,397,795481,42951
ML-DSA-65,verify,398,804093,43414
ML-DSA-65,verify,399,796371,42997
ML-DSA-65,verify,400,795611,42957
ML-DSA-65,verify,401,795352,42943
ML-DSA-65,verify,402,795611,42957
ML-DSA-65,verify,403,804408,43431
ML-DSA-65,verify,404,796056,42982
ML-DSA-65,verify,405,795556,42954
ML-DSA-65,verify,406,795111,42929
ML-DSA-65,verify,407,795278,42938
ML-DSA-65,verify,408,804537,43437
ML-DSA-65,verify,409,796426,43001
ML-DSA-65,verify,410,795130,42931
ML-DSA-65,verify,411,795685,42961
ML-DSA-65,verify,412,795408,42946
ML-DSA-65,verify,413,804537,43437
ML-DSA-65,verify,414,796111,42985
ML-DSA-65,verify,415,795148,42931
ML-DSA-65,verify,416,795018,42925
ML-DSA-65,verify,417,827315,44668
ML-DSA-65,verify,418,808444,43647
ML-DSA-65,verify,419,795741,42963
ML-DSA-65,verify,420,795277,42938
ML-DSA-65,verify,421,794648,42906
ML-DSA-65,verify,422,794685,42906
ML-DSA-65,verify,423,807629,43603
ML-DSA-65,verify,424,796371,42999
ML-DSA-65,verify,425,794871,42917
ML-DSA-65,verify,426,795240,42938
ML-DSA-65,verify,427,794593,42901
ML-DSA-65,verify,428,810815,43775
ML-DSA-65,verify,429,826926,44647
ML-DSA-65,verify,430,796389,42999
ML-DSA-65,verify,431,794685,42907
ML-DSA-65,verify,432,794814,42913
ML-DSA-65,verify,433,806000,43515
ML-DSA-65,verify,434,795759,42964
ML-DSA-65,verify,435,794667,42906
ML-DSA-65,verify,436,794815,42914
ML-DSA-65,verify,437,794704,42907
ML-DSA-65,verify,438,804852,43453
ML-DSA-65,verify,439,824574,44519
ML-DSA-65,verify,440,796351,42996
ML-DSA-65,verify,441,794685,42907
ML-DSA-65,verify,442,795037,42926
ML-DSA-65,verify,443,805814,43505
ML-DSA-65,verify,444,795870,42971
ML-DSA-65,verify,445,794741,42910
ML-DSA-65,verify,446,795018,42924
ML-DSA-65,verify,447,794611,42902
ML-DSA-65,verify,448,804574,43440
ML-DSA-65,verify,449,796074,42982
ML-DSA-65,verify,450,794611,42903
ML-DSA-65,verify,451,824685,44525
ML-DSA-65,verify,452,796648,43013
ML-DSA-65,verify,453,805389,43483
ML-DSA-65,verify,454,796074,42982
ML-DSA-65,verify,455,794611,42903
ML-DSA-65,verify,456,794519,42899
ML-DSA-65,verify,457,794574,42901
ML-DSA-65,verify,458,805389,43483
ML-DSA-65,verify,459,795704,42962
ML-DSA-65,verify,460,795037,42926
ML-DSA-65,verify,461,795093,42929
ML-DSA-65,verify,462,794649,42905
ML-DSA-65,verify,463,805574,43493
ML-DSA-65,verify,464,795685,42960
ML-DSA-65,verify,465,794538,42898
ML-DSA-65,verify,466,795241,42937
ML-DSA-65,verify,467,794575,42900
ML-DSA-65,verify,468,805852,43508
ML-DSA-65,verify,469,796055,42980
ML-DSA-65,verify,470,795000,42924
ML-DSA-65,verify,471,794945,42921
ML-DSA-65,verify,472,794982,42923
ML-DSA-65,verify,473,805963,43516
ML-DSA-65,verify,474,796000,42977
ML-DSA-65,verify,475,795000,42923
ML-DSA-65,verify,476,795259,42938
ML-DSA-65,verify,477,795055,42926
ML-DSA-65,verify,478,805593,43496
ML-DSA-65,verify,479,795962,42976
ML-DSA-65,verify,480,794945,42920
ML-DSA-65,verify,481,794889,42917
ML-DSA-65,verify,482,795018,42926
ML-DSA-65,verify,483,809500,43705
ML-DSA-65,verify,484,796222,42991
ML-DSA-65,verify,485,795166,42933
ML-DSA-65,verify,486,794926,42919
ML-DSA-65,verify,487,794888,42918
ML-DSA-65,verify,488,805148,43471
ML-DSA-65,verify,489,796444,43001
ML-DSA-65,verify,490,795352,42942
ML-DSA-65,verify,491,795111,42930
ML-DSA-65,verify,492,795278,42939
ML-DSA-65,verify,493,804741,43448
ML-DSA-65,verify,494,795704,42961
ML-DSA-65,verify,495,794648,42904
ML-DSA-65,verify,496,794648,42905
ML-DSA-65,verify,497,794574,42902
ML-DSA-65,verify,498,804481,43434
ML-DSA-65,verify,499,796185,42988
ML-DSA-65,verify,500,795408,42946
ML-DSA-65,verify,501,794833,42915
ML-DSA-65,verify,502,795241,42937
ML-DSA-65,verify,503,804481,43436
ML-DSA-65,verify,504,796351,42998
ML-DSA-65,verify,505,795018,42924
ML-DSA-65,verify,506,794796,42913
ML-DSA-65,verify,507,794778,42912
ML-DSA-65,verify,508,805037,43465
ML-DSA-65,verify,509,795760,42966
ML-DSA-65,verify,510,794666,42907
ML-DSA-65,verify,511,795259,42939
ML-DSA-65,verify,512,794685,42907
ML-DSA-65,verify,513,804445,43431
ML-DSA-65,verify,514,795648,42958
ML-DSA-65,verify,515,794814,42913
ML-DSA-65,verify,516,794666,42905
ML-DSA-65,verify,517,794611,42903
ML-DSA-65,verify,518,804982,43462
ML-DSA-65,verify,519,795667,42960
ML-DSA-65,verify,520,795537,42952
ML-DSA-65,verify,521,795129,42930
ML-DSA-65,verify,522,794889,42917
ML-DSA-65,verify,523,804167,43418
ML-DSA-65,verify,524,795777,42967
ML-DSA-65,verify,525,794556,42899
ML-DSA-65,verify,526,794629,42904
ML-DSA-65,verify,527,794685,42907
ML-DSA-65,verify,528,804204,43420
ML-DSA-65,verify,529,795648,42960
ML-DSA-65,verify,530,795185,42933
ML-DSA-65,verify,531,794833,42916
ML-DSA-65,verify,532,794648,42905
ML-DSA-65,verify,533,804556,43438
ML-DSA-65,verify,534,795722,42962
ML-DSA-65,verify,535,794722,42908
ML-DSA-65,verify,536,794667,42905
ML-DSA-65,verify,537,795333,42941
ML-DSA-65,verify,538,804797,43451
ML-DSA-65,verify,539,795630,42958
ML-DSA-65,verify,540,795296,42939
ML-DSA-65,verify,541,794759,42911
ML-DSA-65,verify,542,794760,42911
ML-DSA-65,verify,543,807537,43598
ML-DSA-65,verify,544,795518,42953
ML-DSA-65,verify,545,794741,42910
ML-DSA-65,verify,546,795093,42928
ML-DSA-65,verify,547,794630,42904
ML-DSA-65,verify,548,804426,43433
ML-DSA-65,verify,549,796149,42986
ML-DSA-65,verify,550,794908,42919
ML-DSA-65,verify,551,794630,42904
ML-DSA-65,verify,552,794666,42907
ML-DSA-65,verify,553,806111,43521
ML-DSA-65,verify,554,796130,42984
ML-DSA-65,verify,555,794722,42910
ML-DSA-65,verify,556,794685,42906
ML-DSA-65,verify,557,794704,42907
ML-DSA-65,verify,558,804500,43436
ML-DSA-65,verify,559,795741,42965
ML-DSA-65,verify,560,795241,42937
ML-DSA-65,verify,561,794722,42908
ML-DSA-65,verify,562,794704,42908
ML-DSA-65,verify,563,824741,44527
ML-DSA-65,verify,564,796574,43009
ML-DSA-65,verify,565,794944,42921
ML-DSA-65,verify,566,794648,42905
ML-DSA-65,verify,567,794760,42911
ML-DSA-65,verify,568,805204,43473
ML-DSA-65,verify,569,795963,42976
ML-DSA-65,verify,570,794759,42910
ML-DSA-65,verify,571,794592,42903
ML-DSA-65,verify,572,794722,42910
ML-DSA-65,verify,573,804685,43446
ML-DSA-65,verify,574,796314,42995
ML-DSA-65,verify,575,794778,42911
ML-DSA-65,verify,576,794629,42903
ML-DSA-65,verify,577,794852,42916
ML-DSA-65,verify,578,804240,43421
ML-DSA-65,verify,579,795648,42959
ML-DSA-65,verify,580,794630,42903
ML-DSA-65,verify,581,794926,42919
ML-DSA-65,verify,582,794648,42905
ML-DSA-65,verify,583,811649,43821
ML-DSA-65,verify,584,795852,42971
ML-DSA-65,verify,585,794592,42902
ML-DSA-65,verify,586,794723,42910
ML-DSA-65,verify,587,794834,42915
ML-DSA-65,verify,588,805056,43465
ML-DSA-65,verify,589,795648,42960
ML-DSA-65,verify,590,794759,42910
ML-DSA-65,verify,591,795000,42923
ML-DSA-65,verify,592,794760,42911
ML-DSA-65,verify,593,804519,43437
ML-DSA-65,verify,594,796148,42985
ML-DSA-65,verify,595,795314,42941
ML-DSA-65,verify,596,794630,42903
ML-DSA-65,verify,597,794722,42908
ML-DSA-65,verify,598,804297,43424
ML-DSA-65,verify,599,795778,42966
ML-DSA-65,verify,600,794741,42910
ML-DSA-65,verify,601,794851,42915
ML-DSA-65,verify,602,794648,42905
ML-DSA-65,verify,603,804500,43436
ML-DSA-65,verify,604,795759,42965
ML-DSA-65,verify,605,794630,42904
ML-DSA-65,verify,606,794722,42908
ML-DSA-65,verify,607,794870,42917
ML-DSA-65,verify,608,804852,43454
ML-DSA-65,verify,609,795518,42952
ML-DSA-65,verify,610,794648,42905
ML-DSA-65,verify,611,794630,42903
ML-DSA-65,verify,612,794537,42898
ML-DSA-65,verify,613,809000,43678
ML-DSA-65,verify,614,795667,42961
ML-DSA-65,verify,615,794815,42915
ML-DSA-65,verify,616,794888,42917
ML-DSA-65,verify,617,794722,42908
ML-DSA-65,verify,618,804334,43426
ML-DSA-65,verify,619,795907,42972
ML-DSA-65,verify,620,794722,42909
ML-DSA-65,verify,621,794555,42900
ML-DSA-65,verify,622,794537,42898
ML-DSA-65,verify,623,804351,43427
ML-DSA-65,verify,624,795574,42955
ML-DSA-65,verify,625,795185,42934
ML-DSA-65,verify,626,794574,42901
ML-DSA-65,verify,627,795129,42931
ML-DSA-65,verify,628,804241,43421
ML-DSA-65,verify,629,795649,42959
ML-DSA-65,verify,630,794537,42899
ML-DSA-65,verify,631,794500,42896
ML-DSA-65,verify,632,795185,42935
ML-DSA-65,verify,633,804129,43415
ML-DSA-65,verify,634,796037,42979
ML-DSA-65,verify,635,794648,42905
ML-DSA-65,verify,636,795056,42927
ML-DSA-65,verify,637,794555,42900
ML-DSA-65,verify,638,804500,43435
ML-DSA-65,verify,639,796000,42978
ML-DSA-65,verify,640,794703,42907
ML-DSA-65,verify,641,795186,42934
ML-DSA-65,verify,642,794648,42905
ML-DSA-65,verify,643,804241,43423
ML-DSA-65,verify,644,795537,42954
ML-DSA-65,verify,645,794555,42899
ML-DSA-65,verify,646,795241,42936
ML-DSA-65,verify,647,794555,42901
ML-DSA-65,verify,648,804574,43439
ML-DSA-65,verify,649,795555,42953
ML-DSA-65,verify,650,794555,42899
ML-DSA-65,verify,651,794537,42900
ML-DSA-65,verify,652,795167,42932
ML-DSA-65,verify,653,804648,43443
ML-DSA-65,verify,654,795574,42955
ML-DSA-65,verify,655,794519,42898
ML-DSA-65,verify,656,795148,42932
ML-DSA-65,verify,657,794741,42909
ML-DSA-65,verify,658,804185,43420
ML-DSA-65,verify,659,795537,42953
ML-DSA-65,verify,660,794666,42906
ML-DSA-65,verify,661,794648,42905
ML-DSA-65,verify,662,794574,42901
ML-DSA-65,verify,663,804167,43418
ML-DSA-65,verify,664,797704,43070
ML-DSA-65,verify,665,795222,42936
ML-DSA-65,verify,666,794630,42903
ML-DSA-65,verify,667,795166,42932
ML-DSA-65,verify,668,805241,43475
ML-DSA-65,verify,669,796111,42984
ML-DSA-65,verify,670,794463,42896
ML-DSA-65,verify,671,794537,42898
ML-DSA-65,verify,672,794556,42900
ML-DSA-65,verify,673,804371,43429
ML-DSA-65,verify,674,795537,42954
ML-DSA-65,verify,675,794593,42902
ML-DSA-65,verify,676,794982,42923
ML-DSA-65,verify,677,794518,42897
ML-DSA-65,verify,678,804240,43422
ML-DSA-65,verify,679,796204,42990
ML-DSA-65,verify,680,794593,42902
ML-DSA-65,verify,681,795056,42926
ML-DSA-65,verify,682,794760,42910
ML-DSA-65,verify,683,803259,43367
ML-DSA-65,verify,684,796038,42980
ML-DSA-65,verify,685,794833,42916
ML-DSA-65,verify,686,794630,42904
ML-DSA-65,verify,687,795093,42929
ML-DSA-65,verify,688,805000,43462
ML-DSA-65,verify,689,796037,42980
ML-DSA-65,verify,690,794889,42917
ML-DSA-65,verify,691,795019,42925
ML-DSA-65,verify,692,794963,42923
ML-DSA-65,verify,693,804611,43442
ML-DSA-65,verify,694,796537,43008
ML-DSA-65,verify,695,795278,42939
ML-DSA-65,verify,696,795037,42926
ML-DSA-65,verify,697,795018,42924
ML-DSA-65,verify,698,804630,43441
ML-DSA-65,verify,699,795925,42975
ML-DSA-65,verify,700,795037,42926
ML-DSA-65,verify,701,795593,42957
ML-DSA-65,verify,702,795056,42927
ML-DSA-65,verify,703,804944,43461
ML-DSA-65,verify,704,796037,42979
ML-DSA-65,verify,705,795537,42953
ML-DSA-65,verify,706,794926,42920
ML-DSA-65,verify,707,795074,42929
ML-DSA-65,verify,708,805148,43470
ML-DSA-65,verify,709,796389,42999
ML-DSA-65,verify,710,795000,42924
ML-DSA-65,verify,711,794963,42921
ML-DSA-65,verify,712,795000,42925
ML-DSA-65,verify,713,804481,43434
ML-DSA-65,verify,714,796352,42998
ML-DSA-65,verify,715,795019,42924
ML-DSA-65,verify,716,795593,42956
ML-DSA-65,verify,717,794926,42921
ML-DSA-65,verify,718,804611,43441
ML-DSA-65,verify,719,796037,42980
ML-DSA-65,verify,720,795352,42943
ML-DSA-65,verify,721,795537,42953
ML-DSA-65,verify,722,795296,42940
ML-DSA-65,verify,723,804722,43449
ML-DSA-65,verify,724,796055,42982
ML-DSA-65,verify,725,795667,42960
ML-DSA-65,verify,726,795000,42923
ML-DSA-65,verify,727,795111,42929
ML-DSA-65,verify,728,804870,43455
ML-DSA-65,verify,729,796611,43010
ML-DSA-65,verify,730,794945,42920
ML-DSA-65,verify,731,794982,42923
ML-DSA-65,verify,732,795481,42950
ML-DSA-65,verify,733,806018,43518
ML-DSA-65,verify,734,796056,42981
ML-DSA-65,verify,735,795037,42926
ML-DSA-65,verify,736,795148,42932
ML-DSA-65,verify,737,795556,42954
ML-DSA-65,verify,738,811352,43806
ML-DSA-65,verify,739,796741,43018
ML-DSA-65,verify,740,795092,42929
ML-DSA-65,verify,741,795093,42928
ML-DSA-65,verify,742,794815,42914
ML-DSA-65,verify,743,810056,43735
ML-DSA-65,verify,744,796166,42988
ML-DSA-65,verify,745,794666,42907
ML-DSA-65,verify,746,794500,42898
ML-DSA-65,verify,747,794685,42907
ML-DSA-65,verify,748,804334,43428
ML-DSA-65,verify,749,795629,42959
ML-DSA-65,verify,750,794685,42908
ML-DSA-65,verify,751,794685,42907
ML-DSA-65,verify,752,795056,42926
ML-DSA-65,verify,753,804130,43415
ML-DSA-65,verify,754,796056,42980
ML-DSA-65,verify,755,794814,42913
ML-DSA-65,verify,756,794519,42897
ML-DSA-65,verify,757,794556,42900
ML-DSA-65,verify,758,803963,43408
ML-DSA-65,verify,759,795648,42959
ML-DSA-65,verify,760,794834,42916
ML-DSA-65,verify,761,794963,42921
ML-DSA-65,verify,762,794815,42914
ML-DSA-65,verify,763,804704,43447
ML-DSA-65,verify,764,795574,42955
ML-DSA-65,verify,765,795185,42934
ML-DSA-65,verify,766,795074,42929
ML-DSA-65,verify,767,794500,42896
ML-DSA-65,verify,768,804889,43456
ML-DSA-65,verify,769,795574,42955
ML-DSA-65,verify,770,794630,42905
ML-DSA-65,verify,771,794556,42901
ML-DSA-65,verify,772,794592,42902
ML-DSA-65,verify,773,804186,43419
ML-DSA-65,verify,774,795444,42948
ML-DSA-65,verify,775,794611,42903
ML-DSA-65,verify,776,794574,42902
ML-DSA-65,verify,777,794815,42915
ML-DSA-65,verify,778,804277,43424
ML-DSA-65,verify,779,795389,42944
ML-DSA-65,verify,780,794611,42902
ML-DSA-65,verify,781,795167,42932
ML-DSA-65,verify,782,794518,42899
ML-DSA-65,verify,783,804500,43436
ML-DSA-65,verify,784,797538,43061
ML-DSA-65,verify,785,794648,42905
ML-DSA-65,verify,786,795259,42938
ML-DSA-65,verify,787,794500,42898
ML-DSA-65,verify,788,805314,43478
ML-DSA-65,verify,789,795463,42949
ML-DSA-65,verify,790,795092,42929
ML-DSA-65,verify,791,794629,42905
ML-DSA-65,verify,792,794519,42898
ML-DSA-65,verify,793,804148,43416
ML-DSA-65,verify,794,795537,42953
ML-DSA-65,verify,795,794592,42902
ML-DSA-65,verify,796,794648,42905
ML-DSA-65,verify,797,795000,42924
ML-DSA-65,verify,798,804667,43444
ML-DSA-65,verify,799,795407,42946
ML-DSA-65,verify,800,794741,42911
ML-DSA-65,verify,801,795278,42939
ML-DSA-65,verify,802,794925,42919
ML-DSA-65,verify,803,804648,43445
ML-DSA-65,verify,804,795408,42945
ML-DSA-65,verify,805,794963,42922
ML-DSA-65,verify,806,794611,42903
ML-DSA-65,verify,807,795167,42934
ML-DSA-65,verify,808,804481,43435
ML-DSA-65,verify,809,795500,42951
ML-DSA-65,verify,810,794666,42907
ML-DSA-65,verify,811,794704,42909
ML-DSA-65,verify,812,794778,42911
ML-DSA-65,verify,813,804704,43448
ML-DSA-65,verify,814,795407,42946
ML-DSA-65,verify,815,794593,42901
ML-DSA-65,verify,816,795130,42931
ML-DSA-65,verify,817,794574,42901
ML-DSA-65,verify,818,804685,43445
ML-DSA-65,verify,819,795500,42952
ML-DSA-65,verify,820,795019,42925
ML-DSA-65,verify,821,794815,42913
ML-DSA-65,verify,822,794963,42921
ML-DSA-65,verify,823,804797,43452
ML-DSA-65,verify,824,795500,42950
ML-DSA-65,verify,825,795000,42923
ML-DSA-65,verify,826,794740,42910
ML-DSA-65,verify,827,794852,42917
ML-DSA-65,verify,828,804519,43435
ML-DSA-65,verify,829,795389,42945
ML-DSA-65,verify,830,794871,42917
ML-DSA-65,verify,831,794574,42901
ML-DSA-65,verify,832,794537,42898
ML-DSA-65,verify,833,804389,43429
ML-DSA-65,verify,834,795296,42940
ML-DSA-65,verify,835,794796,42914
ML-DSA-65,verify,836,794463,42895
ML-DSA-65,verify,837,795167,42932
ML-DSA-65,verify,838,804129,43415
ML-DSA-65,verify,839,795574,42955
ML-DSA-65,verify,840,794871,42917
ML-DSA-65,verify,841,795167,42932
ML-DSA-65,verify,842,794704,42907
ML-DSA-65,verify,843,804741,43448
ML-DSA-65,verify,844,795315,42941
ML-DSA-65,verify,845,794704,42908
ML-DSA-65,verify,846,826926,44640
ML-DSA-65,verify,847,796482,43004
ML-DSA-65,verify,848,805944,43513
ML-DSA-65,verify,849,795500,42951
ML-DSA-65,verify,850,795092,42928
ML-DSA-65,verify,851,794630,42904
ML-DSA-65,verify,852,794481,42896
ML-DSA-65,verify,853,805556,43492
ML-DSA-65,verify,854,795370,42945
ML-DSA-65,verify,855,795260,42937
ML-DSA-65,verify,856,794537,42900
ML-DSA-65,verify,857,794518,42899
ML-DSA-65,verify,858,804778,43451
ML-DSA-65,verify,859,825834,44588
ML-DSA-65,verify,860,796204,42990
ML-DSA-65,verify,861,794241,42882
ML-DSA-65,verify,862,794241,42883
ML-DSA-65,verify,863,805537,43490
ML-DSA-65,verify,864,795186,42934
ML-DSA-65,verify,865,794815,42913
ML-DSA-65,verify,866,794389,42891
ML-DSA-65,verify,867,794278,42885
ML-DSA-65,verify,868,804167,43416
ML-DSA-65,verify,869,795703,42961
ML-DSA-65,verify,870,794963,42923
ML-DSA-65,verify,871,794314,42887
ML-DSA-65,verify,872,794185,42879
ML-DSA-65,verify,873,809555,43708
ML-DSA-65,verify,874,795741,42964
ML-DSA-65,verify,875,794352,42890
ML-DSA-65,verify,876,794259,42884
ML-DSA-65,verify,877,794259,42884
ML-DSA-65,verify,878,804130,43417
ML-DSA-65,verify,879,795112,42929
ML-DSA-65,verify,880,794889,42918
ML-DSA-65,verify,881,794240,42883
ML-DSA-65,verify,882,794314,42887
ML-DSA-65,verify,883,804000,43409
ML-DSA-65,verify,884,795685,42960
ML-DSA-65,verify,885,794333,42888
ML-DSA-65,verify,886,794352,42890
ML-DSA-65,verify,887,794185,42881
ML-DSA-65,verify,888,804204,43419
ML-DSA-65,verify,889,795223,42936
ML-DSA-65,verify,890,794445,42895
ML-DSA-65,verify,891,794278,42885
ML-DSA-65,verify,892,794260,42883
ML-DSA-65,verify,893,809926,43727
ML-DSA-65,verify,894,795723,42963
ML-DSA-65,verify,895,794518,42899
ML-DSA-65,verify,896,794315,42886
ML-DSA-65,verify,897,794315,42886
ML-DSA-65,verify,898,805037,43465
ML-DSA-65,verify,899,795852,42971
ML-DSA-65,verify,900,795055,42926
ML-DSA-65,verify,901,794408,42892
ML-DSA-65,verify,902,794444,42893
ML-DSA-65,verify,903,804092,43414
ML-DSA-65,verify,904,795352,42943
ML-DSA-65,verify,905,797426,43055
ML-DSA-65,verify,906,794389,42891
ML-DSA-65,verify,907,794463,42895
ML-DSA-65,verify,908,804852,43455
ML-DSA-65,verify,909,795278,42938
ML-DSA-65,verify,910,794389,42891
ML-DSA-65,verify,911,794278,42886
ML-DSA-65,verify,912,794297,42885
ML-DSA-65,verify,913,803982,43407
ML-DSA-65,verify,914,795445,42948
ML-DSA-65,verify,915,794426,42894
ML-DSA-65,verify,916,794296,42885
ML-DSA-65,verify,917,794370,42889
ML-DSA-65,verify,918,803889,43403
ML-DSA-65,verify,919,795407,42947
ML-DSA-65,verify,920,794407,42891
ML-DSA-65,verify,921,794370,42889
ML-DSA-65,verify,922,794833,42915
ML-DSA-65,verify,923,803889,43402
ML-DSA-65,verify,924,795333,42942
ML-DSA-65,verify,925,794907,42918
ML-DSA-65,verify,926,794370,42890
ML-DSA-65,verify,927,794407,42892
ML-DSA-65,verify,928,803833,43399
ML-DSA-65,verify,929,795185,42935
ML-DSA-65,verify,930,794944,42920
ML-DSA-65,verify,931,794463,42896
ML-DSA-65,verify,932,794352,42890
ML-DSA-65,verify,933,803871,43402
ML-DSA-65,verify,934,795352,42943
ML-DSA-65,verify,935,794593,42901
ML-DSA-65,verify,936,795037,42926
ML-DSA-65,verify,937,794388,42891
ML-DSA-65,verify,938,803963,43407
ML-DSA-65,verify,939,795445,42949
ML-DSA-65,verify,940,794982,42922
ML-DSA-65,verify,941,794408,42892
ML-DSA-65,verify,942,794259,42883
ML-DSA-65,verify,943,804925,43459
ML-DSA-65,verify,944,795278,42940
ML-DSA-65,verify,945,794537,42898
ML-DSA-65,verify,946,794741,42909
ML-DSA-65,verify,947,794592,42903
ML-DSA-65,verify,948,803926,43404
ML-DSA-65,verify,949,795333,42943
ML-DSA-65,verify,950,794482,42895
ML-DSA-65,verify,951,794408,42892
ML-DSA-65,verify,952,794500,42897
ML-DSA-65,verify,953,804445,43433
ML-DSA-65,verify,954,795852,42970
ML-DSA-65,verify,955,794648,42904
ML-DSA-65,verify,956,794315,42887
ML-DSA-65,verify,957,794463,42896
ML-DSA-65,verify,958,804056,43412
ML-DSA-65,verify,959,795223,42935
ML-DSA-65,verify,960,795056,42928
ML-DSA-65,verify,961,794334,42888
ML-DSA-65,verify,962,794481,42895
ML-DSA-65,verify,963,803944,43407
ML-DSA-65,verify,964,795223,42936
ML-DSA-65,verify,965,794482,42897
ML-DSA-65,verify,966,794889,42918
ML-DSA-65,verify,967,794481,42896
ML-DSA-65,verify,968,804000,43409
ML-DSA-65,verify,969,795315,42941
ML-DSA-65,verify,970,794852,42915
ML-DSA-65,verify,971,794333,42889
ML-DSA-65,verify,972,794352,42888
ML-DSA-65,verify,973,803907,43403
ML-DSA-65,verify,974,795185,42934
ML-DSA-65,verify,975,794445,42894
ML-DSA-65,verify,976,794408,42892
ML-DSA-65,verify,977,794389,42891
ML-DSA-65,verify,978,876204,47302
ML-DSA-65,verify,979,796611,43012
ML-DSA-65,verify,980,794482,42896
ML-DSA-65,verify,981,794259,42885
ML-DSA-65,verify,982,805277,43477
ML-DSA-65,verify,983,796500,42997
ML-DSA-65,verify,984,794463,42894
ML-DSA-65,verify,985,794815,42914
ML-DSA-65,verify,986,794223,42883
ML-DSA-65,verify,987,804537,43439
ML-DSA-65,verify,988,795334,42942
ML-DSA-65,verify,989,794834,42915
ML-DSA-65,verify,990,827815,44695
ML-DSA-65,verify,991,796241,42990
ML-DSA-65,verify,992,804926,43459
ML-DSA-65,verify,993,795500,42950
ML-DSA-65,verify,994,794889,42918
ML-DSA-65,verify,995,794351,42889
ML-DSA-65,verify,996,794389,42892
ML-DSA-65,verify,997,803760,43394
ML-DSA-65,verify,998,795555,42954
ML-DSA-65,verify,999,794500,42897
