algo,op,iter,wall_ns,cycles
ML-DSA-65,keygen,0,773722,41774
ML-DSA-65,keygen,1,744556,40200
ML-DSA-65,keygen,2,743574,40146
ML-DSA-65,keygen,3,758575,40956
ML-DSA-65,keygen,4,745204,40235
ML-DSA-65,keygen,5,743444,40141
ML-DSA-65,keygen,6,743611,40148
ML-DSA-65,keygen,7,742982,40115
ML-DSA-65,keygen,8,754333,40728
ML-DSA-65,keygen,9,744055,40174
ML-DSA-65,keygen,10,744963,40222
ML-DSA-65,keygen,11,743148,40125
ML-DSA-65,keygen,12,742649,40098
ML-DSA-65,keygen,13,755537,40791
ML-DSA-65,keygen,14,743833,40161
ML-DSA-65,keygen,15,742889,40110
ML-DSA-65,keygen,16,742612,40095
ML-DSA-65,keygen,17,741833,40053
ML-DSA-65,keygen,18,744426,40192
ML-DSA-65,keygen,19,756556,40848
ML-DSA-65,keygen,20,744018,40172
ML-DSA-65,keygen,21,744592,40202
ML-DSA-65,keygen,22,743000,40117
ML-DSA-65,keygen,23,741093,40013
ML-DSA-65,keygen,24,753592,40686
ML-DSA-65,keygen,25,744519,40197
ML-DSA-65,keygen,26,743778,40159
ML-DSA-65,keygen,27,743797,40159
ML-DSA-65,keygen,28,743055,40119
ML-DSA-65,keygen,29,755907,40812
ML-DSA-65,keygen,30,743297,40132
ML-DSA-65,keygen,31,745000,40225
ML-DSA-65,keygen,32,742537,40090
ML-DSA-65,keygen,33,742686,40099
ML-DSA-65,keygen,34,743278,40131
ML-DSA-65,keygen,35,752278,40615
ML-DSA-65,keygen,36,741055,40012
ML-DSA-65,keygen,37,742833,40108
ML-DSA-65,keygen,38,744000,40170
ML-DSA-65,keygen,39,741907,40057
ML-DSA-65,keygen,40,757185,40881
ML-DSA-65,keygen,41,747111,40339
ML-DSA-65,keygen,42,744426,40193
ML-DSA-65,keygen,43,744926,40221
ML-DSA-65,keygen,44,743574,40147
ML-DSA-65,keygen,45,755685,40799
ML-DSA-65,keygen,46,746037,40279
ML-DSA-65,keygen,47,743389,40138
ML-DSA-65,keygen,48,743482,40143
ML-DSA-65,keygen,49,741426,40032
ML-DSA-65,keygen,50,743389,40137
ML-DSA-65,keygen,51,754408,40732
ML-DSA-65,keygen,52,745740,40265
ML-DSA-65,keygen,53,743204,40127
ML-DSA-65,keygen,54,744056,40173
ML-DSA-65,keygen,55,741963,40061
ML-DSA-65,keygen,56,754482,40734
ML-DSA-65,keygen,57,742519,40089
ML-DSA-65,keygen,58,743741,40155
ML-DSA-65,keygen,59,742741,40102
ML-DSA-65,keygen,60,744037,40171
ML-DSA-65,keygen,61,753166,40664
ML-DSA-65,keygen,62,743759,40158
ML-DSA-65,keygen,63,744574,40201
ML-DSA-65,keygen,64,743759,40157
ML-DSA-65,keygen,65,743056,40120
ML-DSA-65,keygen,66,744037,40172
ML-DSA-65,keygen,67,753945,40705
ML-DSA-65,keygen,68,742704,40100
ML-DSA-65,keygen,69,742685,40099
ML-DSA-65,keygen,70,743149,40125
ML-DSA-65,keygen,71,741556,40039
ML-DSA-65,keygen,72,755444,40787
ML-DSA-65,keygen,73,743555,40146
ML-DSA-65,keygen,74,741834,40054
ML-DSA-65,keygen,75,745278,40240
ML-DSA-65,keygen,76,743686,40154
ML-DSA-65,keygen,77,758982,40976
ML-DSA-65,keygen,78,745593,40257
ML-DSA-65,keygen,79,742278,40079
ML-DSA-65,keygen,80,744981,40223
ML-DSA-65,keygen,81,742815,40106
ML-DSA-65,keygen,82,743111,40122
ML-DSA-65,keygen,83,786074,42432
ML-DSA-65,keygen,84,746130,40285
ML-DSA-65,keygen,85,745537,40255
ML-DSA-65,keygen,86,743241,40130
ML-DSA-65,keygen,87,744111,40176
ML-DSA-65,keygen,88,781352,42184
ML-DSA-65,keygen,89,745093,40229
ML-DSA-65,keygen,90,744407,40193
ML-DSA-65,keygen,91,741982,40061
ML-DSA-65,keygen,92,742630,40096
ML-DSA-65,keygen,93,758241,40937
ML-DSA-65,keygen,94,743611,40148
ML-DSA-65,keygen,95,743278,40132
ML-DSA-65,keygen,96,742815,40107
ML-DSA-65,keygen,97,743370,40136
ML-DSA-65,keygen,98,741074,40012
ML-DSA-65,keygen,99,781519,42195
ML-DSA-65,keygen,100,744593,40202
ML-DSA-65,keygen,101,743204,40127
ML-DSA-65,keygen,102,743759,40157
ML-DSA-65,keygen,103,742667,40098
ML-DSA-65,keygen,104,786463,42462
ML-DSA-65,keygen,105,746389,40299
ML-DSA-65,keygen,106,744444,40195
ML-DSA-65,keygen,107,742500,40090
ML-DSA-65,keygen,108,743685,40153
ML-DSA-65,keygen,109,755019,40764
ML-DSA-65,keygen,110,742463,40088
ML-DSA-65,keygen,111,744093,40175
ML-DSA-65,keygen,112,743074,40121
ML-DSA-65,keygen,113,742740,40102
ML-DSA-65,keygen,114,741000,40007
ML-DSA-65,keygen,115,754093,40714
ML-DSA-65,keygen,116,744352,40188
ML-DSA-65,keygen,117,743537,40145
ML-DSA-65,keygen,118,742130,40069
ML-DSA-65,keygen,119,742778,40104
ML-DSA-65,keygen,120,753723,40693
ML-DSA-65,keygen,121,742963,40114
ML-DSA-65,keygen,122,743278,40132
ML-DSA-65,keygen,123,745870,40270
ML-DSA-65,keygen,124,743223,40128
ML-DSA-65,keygen,125,755796,40807
ML-DSA-65,keygen,126,743574,40148
ML-DSA-65,keygen,127,741926,40058
ML-DSA-65,keygen,128,742833,40107
ML-DSA-65,keygen,129,742463,40088
ML-DSA-65,keygen,130,755648,40799
ML-DSA-65,keygen,131,744389,40192
ML-DSA-65,keygen,132,744538,40200
ML-DSA-65,keygen,133,742148,40069
ML-DSA-65,keygen,134,744518,40199
ML-DSA-65,keygen,135,743351,40136
ML-DSA-65,keygen,136,755037,40765
ML-DSA-65,keygen,137,744685,40207
ML-DSA-65,keygen,138,741241,40022
ML-DSA-65,keygen,139,743203,40128
ML-DSA-65,keygen,140,743852,40162
ML-DSA-65,keygen,141,754667,40746
ML-DSA-65,keygen,142,741944,40059
ML-DSA-65,keygen,143,743000,40116
ML-DSA-65,keygen,144,744259,40185
ML-DSA-65,keygen,145,742870,40108
ML-DSA-65,keygen,146,753260,40670
ML-DSA-65,keygen,147,742833,40108
ML-DSA-65,keygen,148,742611,40094
ML-DSA-65,keygen,149,742092,40067
ML-DSA-65,keygen,150,743315,40134
ML-DSA-65,keygen,151,743907,40166
ML-DSA-65,keygen,152,754704,40748
ML-DSA-65,keygen,153,743500,40144
ML-DSA-65,keygen,154,744148,40179
ML-DSA-65,keygen,155,742500,40089
ML-DSA-65,keygen,156,742907,40112
ML-DSA-65,keygen,157,753741,40695
ML-DSA-65,keygen,158,741371,40028
ML-DSA-65,keygen,159,743129,40123
ML-DSA-65,keygen,160,742463,40088
ML-DSA-65,keygen,161,744963,40221
ML-DSA-65,keygen,162,753075,40659
ML-DSA-65,keygen,163,744019,40170
ML-DSA-65,keygen,164,741445,40033
ML-DSA-65,keygen,165,744982,40224
ML-DSA-65,keygen,166,743000,40117
ML-DSA-65,keygen,167,743519,40145
ML-DSA-65,keygen,168,753648,40689
ML-DSA-65,keygen,169,744630,40205
ML-DSA-65,keygen,170,743407,40138
ML-DSA-65,keygen,171,743555,40147
ML-DSA-65,keygen,172,741741,40047
ML-DSA-65,keygen,173,755482,40790
ML-DSA-65,keygen,174,744889,40218
ML-DSA-65,keygen,175,741704,40047
ML-DSA-65,keygen,176,742314,40079
ML-DSA-65,keygen,177,741778,40051
ML-DSA-65,keygen,178,743500,40142
ML-DSA-65,keygen,179,754167,40719
ML-DSA-65,keygen,180,744815,40214
ML-DSA-65,keygen,181,743574,40147
ML-DSA-65,keygen,182,742704,40100
ML-DSA-65,keygen,183,741463,40033
ML-DSA-65,keygen,184,753908,40704
ML-DSA-65,keygen,185,745444,40248
ML-DSA-65,keygen,186,743944,40166
ML-DSA-65,keygen,187,743408,40138
ML-DSA-65,keygen,188,743592,40147
ML-DSA-65,keygen,189,754074,40712
ML-DSA-65,keygen,190,744408,40192
ML-DSA-65,keygen,191,744166,40179
ML-DSA-65,keygen,192,743649,40152
ML-DSA-65,keygen,193,743537,40145
ML-DSA-65,keygen,194,743315,40133
ML-DSA-65,keygen,195,753463,40679
ML-DSA-65,keygen,196,744389,40192
ML-DSA-65,keygen,197,744907,40219
ML-DSA-65,keygen,198,744481,40196
ML-DSA-65,keygen,199,740612,39988
ML-DSA-65,keygen,200,753612,40687
ML-DSA-65,keygen,201,742074,40066
ML-DSA-65,keygen,202,742093,40067
ML-DSA-65,keygen,203,742074,40066
ML-DSA-65,keygen,204,742352,40081
ML-DSA-65,keygen,205,753482,40681
ML-DSA-65,keygen,206,743500,40143
ML-DSA-65,keygen,207,742166,40071
ML-DSA-65,keygen,208,742778,40105
ML-DSA-65,keygen,209,742759,40103
ML-DSA-65,keygen,210,743796,40159
ML-DSA-65,keygen,211,751111,40554
ML-DSA-65,keygen,212,743963,40168
ML-DSA-65,keygen,213,742204,40074
ML-DSA-65,keygen,214,743352,40135
ML-DSA-65,keygen,215,744926,40220
ML-DSA-65,keygen,216,757796,40913
ML-DSA-65,keygen,217,743833,40161
ML-DSA-65,keygen,218,744167,40179
ML-DSA-65,keygen,219,743259,40130
ML-DSA-65,keygen,220,742814,40106
ML-DSA-65,keygen,221,756297,40834
ML-DSA-65,keygen,222,743018,40118
ML-DSA-65,keygen,223,742815,40106
ML-DSA-65,keygen,224,743130,40123
ML-DSA-65,keygen,225,744333,40188
ML-DSA-65,keygen,226,742056,40064
ML-DSA-65,keygen,227,753741,40696
ML-DSA-65,keygen,228,743186,40127
ML-DSA-65,keygen,229,743519,40145
ML-DSA-65,keygen,230,744741,40211
ML-DSA-65,keygen,231,742407,40084
ML-DSA-65,keygen,232,755648,40797
ML-DSA-65,keygen,233,745056,40228
ML-DSA-65,keygen,234,743945,40167
ML-DSA-65,keygen,235,743185,40127
ML-DSA-65,keygen,236,741333,40027
ML-DSA-65,keygen,237,754185,40720
ML-DSA-65,keygen,238,744314,40188
ML-DSA-65,keygen,239,744370,40191
ML-DSA-65,keygen,240,745129,40232
ML-DSA-65,keygen,241,744389,40191
ML-DSA-65,keygen,242,743981,40169
ML-DSA-65,keygen,243,759981,41031
ML-DSA-65,keygen,244,746907,40326
ML-DSA-65,keygen,245,743944,40167
ML-DSA-65,keygen,246,744222,40182
ML-DSA-65,keygen,247,743333,40134
ML-DSA-65,keygen,248,754722,40748
ML-DSA-65,keygen,249,745167,40234
ML-DSA-65,keygen,250,744130,40178
ML-DSA-65,keygen,251,743000,40117
ML-DSA-65,keygen,252,742518,40090
ML-DSA-65,keygen,253,754167,40719
ML-DSA-65,keygen,254,744389,40191
ML-DSA-65,keygen,255,742815,40106
ML-DSA-65,keygen,256,742723,40102
ML-DSA-65,keygen,257,744370,40190
ML-DSA-65,keygen,258,744389,40191
ML-DSA-65,keygen,259,753648,40690
ML-DSA-65,keygen,260,743555,40146
ML-DSA-65,keygen,261,744593,40202
ML-DSA-65,keygen,262,743797,40160
ML-DSA-65,keygen,263,744388,40191
ML-DSA-65,keygen,264,753685,40692
ML-DSA-65,keygen,265,742148,40071
ML-DSA-65,keygen,266,743537,40146
ML-DSA-65,keygen,267,745037,40226
ML-DSA-65,keygen,268,742815,40106
ML-DSA-65,keygen,269,756019,40818
ML-DSA-65,keygen,270,743074,40120
ML-DSA-65,keygen,271,745260,40239
ML-DSA-65,keygen,272,741981,40061
ML-DSA-65,keygen,273,744666,40205
ML-DSA-65,keygen,274,744519,40199
ML-DSA-65,keygen,275,756223,40828
ML-DSA-65,keygen,276,745630,40259
ML-DSA-65,keygen,277,745149,40233
ML-DSA-65,keygen,278,742741,40103
ML-DSA-65,keygen,279,743148,40124
ML-DSA-65,keygen,280,753833,40700
ML-DSA-65,keygen,281,742519,40091
ML-DSA-65,keygen,282,740685,39992
ML-DSA-65,keygen,283,742223,40074
ML-DSA-65,keygen,284,743834,40161
ML-DSA-65,keygen,285,755666,40800
ML-DSA-65,keygen,286,743537,40146
ML-DSA-65,keygen,287,744630,40203
ML-DSA-65,keygen,288,741648,40044
ML-DSA-65,keygen,289,744037,40173
ML-DSA-65,keygen,290,742908,40111
ML-DSA-65,keygen,291,752296,40618
ML-DSA-65,keygen,292,744500,40197
ML-DSA-65,keygen,293,743518,40144
ML-DSA-65,keygen,294,743203,40127
ML-DSA-65,keygen,295,743352,40135
ML-DSA-65,keygen,296,754166,40718
ML-DSA-65,keygen,297,742648,40097
ML-DSA-65,keygen,298,742611,40095
ML-DSA-65,keygen,299,743203,40128
ML-DSA-65,keygen,300,743426,40138
ML-DSA-65,keygen,301,754555,40739
ML-DSA-65,keygen,302,745019,40224
ML-DSA-65,keygen,303,743814,40160
ML-DSA-65,keygen,304,743592,40148
ML-DSA-65,keygen,305,744852,40215
ML-DSA-65,keygen,306,741944,40059
ML-DSA-65,keygen,307,753408,40676
ML-DSA-65,keygen,308,743074,40120
ML-DSA-65,keygen,309,742241,40075
ML-DSA-65,keygen,310,743389,40138
ML-DSA-65,keygen,311,742463,40088
ML-DSA-65,keygen,312,754093,40715
ML-DSA-65,keygen,313,743981,40169
ML-DSA-65,keygen,314,743222,40128
ML-DSA-65,keygen,315,744445,40194
ML-DSA-65,keygen,316,743093,40122
ML-DSA-65,keygen,317,755056,40767
ML-DSA-65,keygen,318,744463,40195
ML-DSA-65,keygen,319,742889,40111
ML-DSA-65,keygen,320,743111,40121
ML-DSA-65,keygen,321,741556,40039
ML-DSA-65,keygen,322,744889,40217
ML-DSA-65,keygen,323,754907,40758
ML-DSA-65,keygen,324,744777,40212
ML-DSA-65,keygen,325,742167,40070
ML-DSA-65,keygen,326,744686,40208
ML-DSA-65,keygen,327,743277,40130
ML-DSA-65,keygen,328,754185,40720
ML-DSA-65,keygen,329,744407,40192
ML-DSA-65,keygen,330,743445,40141
ML-DSA-65,keygen,331,743815,40160
ML-DSA-65,keygen,332,745185,40234
ML-DSA-65,keygen,333,753797,40698
ML-DSA-65,keygen,334,744574,40202
ML-DSA-65,keygen,335,743167,40125
ML-DSA-65,keygen,336,743259,40130
ML-DSA-65,keygen,337,741037,40010
ML-DSA-65,keygen,338,744666,40207
ML-DSA-65,keygen,339,753760,40696
ML-DSA-65,keygen,340,745426,40247
ML-DSA-65,keygen,341,742092,40068
ML-DSA-65,keygen,342,743370,40137
ML-DSA-65,keygen,343,743926,40166
ML-DSA-65,keygen,344,754259,40722
ML-DSA-65,keygen,345,744277,40186
ML-DSA-65,keygen,346,743760,40157
ML-DSA-65,keygen,347,742500,40090
ML-DSA-65,keygen,348,743389,40137
ML-DSA-65,keygen,349,754463,40734
ML-DSA-65,keygen,350,744056,40173
ML-DSA-65,keygen,351,740575,39985
ML-DSA-65,keygen,352,742611,40095
ML-DSA-65,keygen,353,742797,40105
ML-DSA-65,keygen,354,744352,40190
ML-DSA-65,keygen,355,752315,40617
ML-DSA-65,keygen,356,743222,40129
ML-DSA-65,keygen,357,741315,40024
ML-DSA-65,keygen,358,743129,40123
ML-DSA-65,keygen,359,743518,40143
ML-DSA-65,keygen,360,752870,40649
ML-DSA-65,keygen,361,742370,40083
ML-DSA-65,keygen,362,742444,40086
ML-DSA-65,keygen,363,742815,40106
ML-DSA-65,keygen,364,746222,40289
ML-DSA-65,keygen,365,753629,40690
ML-DSA-65,keygen,366,743852,40161
ML-DSA-65,keygen,367,745278,40238
ML-DSA-65,keygen,368,744314,40187
ML-DSA-65,keygen,369,742982,40116
ML-DSA-65,keygen,370,743481,40142
ML-DSA-65,keygen,371,754704,40747
ML-DSA-65,keygen,372,745148,40232
ML-DSA-65,keygen,373,743500,40143
ML-DSA-65,keygen,374,741666,40045
ML-DSA-65,keygen,375,744722,40209
ML-DSA-65,keygen,376,752259,40615
ML-DSA-65,keygen,377,744889,40218
ML-DSA-65,keygen,378,743334,40135
ML-DSA-65,keygen,379,741759,40048
ML-DSA-65,keygen,380,740833,39999
ML-DSA-65,keygen,381,754519,40737
ML-DSA-65,keygen,382,745222,40237
ML-DSA-65,keygen,383,743759,40156
ML-DSA-65,keygen,384,744462,40196
ML-DSA-65,keygen,385,741204,40018
ML-DSA-65,keygen,386,741556,40039
ML-DSA-65,keygen,387,753204,40666
ML-DSA-65,keygen,388,744555,40199
ML-DSA-65,keygen,389,743815,40161
ML-DSA-65,keygen,390,742796,40104
ML-DSA-65,keygen,391,743556,40147
ML-DSA-65,keygen,392,753556,40685
ML-DSA-65,keygen,393,741945,40060
ML-DSA-65,keygen,394,743223,40129
ML-DSA-65,keygen,395,743500,40143
ML-DSA-65,keygen,396,741759,40050
ML-DSA-65,keygen,397,755370,40782
ML-DSA-65,keygen,398,744741,40210
ML-DSA-65,keygen,399,744167,40180
ML-DSA-65,keygen,400,743185,40125
ML-DSA-65,keygen,401,742463,40087
ML-DSA-65,keygen,402,744685,40207
ML-DSA-65,keygen,403,754963,40761
ML-DSA-65,keygen,404,742241,40076
ML-DSA-65,keygen,405,742148,40070
ML-DSA-65,keygen,406,742518,40091
ML-DSA-65,keygen,407,740408,39977
ML-DSA-65,keygen,408,762945,41192
ML-DSA-65,keygen,409,744814,40215
ML-DSA-65,keygen,410,743315,40134
ML-DSA-65,keygen,411,742777,40105
ML-DSA-65,keygen,412,745722,40263
ML-DSA-65,keygen,413,754204,40720
ML-DSA-65,keygen,414,743055,40120
ML-DSA-65,keygen,415,743056,40120
ML-DSA-65,keygen,416,742963,40115
ML-DSA-65,keygen,417,743426,40138
ML-DSA-65,keygen,418,743963,40168
ML-DSA-65,keygen,419,752722,40641
ML-DSA-65,keygen,420,743908,40165
ML-DSA-65,keygen,421,741167,40017
ML-DSA-65,keygen,422,744667,40206
ML-DSA-65,keygen,423,742926,40112
ML-DSA-65,keygen,424,755093,40768
ML-DSA-65,keygen,425,745111,40231
ML-DSA-65,keygen,426,743000,40117
ML-DSA-65,keygen,427,743148,40123
ML-DSA-65,keygen,428,741704,40047
ML-DSA-65,keygen,429,755000,40764
ML-DSA-65,keygen,430,745852,40271
ML-DSA-65,keygen,431,743296,40133
ML-DSA-65,keygen,432,743611,40149
ML-DSA-65,keygen,433,744204,40181
ML-DSA-65,keygen,434,744092,40176
ML-DSA-65,keygen,435,779537,42088
ML-DSA-65,keygen,436,744352,40190
ML-DSA-65,keygen,437,743630,40151
ML-DSA-65,keygen,438,743648,40152
ML-DSA-65,keygen,439,741315,40025
ML-DSA-65,keygen,440,758574,40956
ML-DSA-65,keygen,441,745648,40260
ML-DSA-65,keygen,442,742722,40101
ML-DSA-65,keygen,443,743444,40141
ML-DSA-65,keygen,444,742296,40078
ML-DSA-65,keygen,445,780463,42138
ML-DSA-65,keygen,446,745018,40225
ML-DSA-65,keygen,447,744148,40178
ML-DSA-65,keygen,448,743129,40123
ML-DSA-65,keygen,449,746074,40282
ML-DSA-65,keygen,450,743982,40169
ML-DSA-65,keygen,451,752870,40649
ML-DSA-65,keygen,452,744185,40180
ML-DSA-65,keygen,453,743463,40140
ML-DSA-65,keygen,454,743612,40150
ML-DSA-65,keygen,455,742519,40091
ML-DSA-65,keygen,456,756722,40856
ML-DSA-65,keygen,457,744537,40199
ML-DSA-65,keygen,458,744019,40172
ML-DSA-65,keygen,459,743593,40147
ML-DSA-65,keygen,460,742352,40080
ML-DSA-65,keygen,461,753981,40708
ML-DSA-65,keygen,462,743389,40138
ML-DSA-65,keygen,463,744777,40213
ML-DSA-65,keygen,464,743556,40147
ML-DSA-65,keygen,465,742833,40108
ML-DSA-65,keygen,466,744389,40192
ML-DSA-65,keygen,467,755056,40766
ML-DSA-65,keygen,468,744222,40182
ML-DSA-65,keygen,469,741852,40054
ML-DSA-65,keygen,470,745148,40231
ML-DSA-65,keygen,471,741833,40053
ML-DSA-65,keygen,472,755260,40778
ML-DSA-65,keygen,473,746518,40307
ML-DSA-65,keygen,474,745203,40234
ML-DSA-65,keygen,475,742629,40096
ML-DSA-65,keygen,476,741944,40059
ML-DSA-65,keygen,477,756741,40858
ML-DSA-65,keygen,478,744574,40202
ML-DSA-65,keygen,479,745037,40226
ML-DSA-65,keygen,480,743537,40146
ML-DSA-65,keygen,481,741314,40025
ML-DSA-65,keygen,482,743167,40126
ML-DSA-65,keygen,483,756185,40827
ML-DSA-65,keygen,484,744926,40220
ML-DSA-65,keygen,485,747407,40354
ML-DSA-65,keygen,486,741093,40013
ML-DSA-65,keygen,487,743093,40121
ML-DSA-65,keygen,488,754519,40737
ML-DSA-65,keygen,489,747037,40334
ML-DSA-65,keygen,490,745296,40241
ML-DSA-65,keygen,491,744445,40194
ML-DSA-65,keygen,492,743074,40121
ML-DSA-65,keygen,493,754371,40729
ML-DSA-65,keygen,494,744278,40185
ML-DSA-65,keygen,495,743537,40145
ML-DSA-65,keygen,496,740074,39959
ML-DSA-65,keygen,497,744741,40210
ML-DSA-65,keygen,498,743333,40134
ML-DSA-65,keygen,499,754352,40728
ML-DSA-65,keygen,500,743426,40138
ML-DSA-65,keygen,501,744203,40181
ML-DSA-65,keygen,502,744074,40173
ML-DSA-65,keygen,503,744740,40209
ML-DSA-65,keygen,504,755351,40781
ML-DSA-65,keygen,505,742741,40103
ML-DSA-65,keygen,506,743185,40125
ML-DSA-65,keygen,507,743055,40119
ML-DSA-65,keygen,508,743370,40136
ML-DSA-65,keygen,509,754926,40759
ML-DSA-65,keygen,510,744555,40200
ML-DSA-65,keygen,511,744074,40174
ML-DSA-65,keygen,512,743686,40154
ML-DSA-65,keygen,513,745019,40225
ML-DSA-65,keygen,514,743148,40125
ML-DSA-65,keygen,515,754370,40728
ML-DSA-65,keygen,516,742981,40116
ML-DSA-65,keygen,517,742537,40092
ML-DSA-65,keygen,518,743463,40140
ML-DSA-65,keygen,519,742759,40103
ML-DSA-65,keygen,520,753814,40700
ML-DSA-65,keygen,521,744093,40175
ML-DSA-65,keygen,522,743018,40117
ML-DSA-65,keygen,523,742889,40110
ML-DSA-65,keygen,524,743629,40150
ML-DSA-65,keygen,525,755037,40765
ML-DSA-65,keygen,526,745814,40268
ML-DSA-65,keygen,527,743908,40165
ML-DSA-65,keygen,528,740982,40007
ML-DSA-65,keygen,529,743315,40133
ML-DSA-65,keygen,530,741018,40009
ML-DSA-65,keygen,531,753000,40656
ML-DSA-65,keygen,532,743444,40140
ML-DSA-65,keygen,533,743038,40118
ML-DSA-65,keygen,534,744408,40193
ML-DSA-65,keygen,535,743018,40116
ML-DSA-65,keygen,536,753926,40705
ML-DSA-65,keygen,537,745260,40239
ML-DSA-65,keygen,538,743204,40126
ML-DSA-65,keygen,539,742000,40063
ML-DSA-65,keygen,540,744056,40174
ML-DSA-65,keygen,541,754629,40744
ML-DSA-65,keygen,542,744315,40185
ML-DSA-65,keygen,543,743778,40158
ML-DSA-65,keygen,544,743093,40121
ML-DSA-65,keygen,545,744426,40193
ML-DSA-65,keygen,546,743315,40134
ML-DSA-65,keygen,547,758148,40933
ML-DSA-65,keygen,548,743111,40122
ML-DSA-65,keygen,549,742093,40066
ML-DSA-65,keygen,550,742741,40103
ML-DSA-65,keygen,551,743222,40129
ML-DSA-65,keygen,552,754834,40755
ML-DSA-65,keygen,553,744185,40181
ML-DSA-65,keygen,554,742852,40108
ML-DSA-65,keygen,555,742352,40082
ML-DSA-65,keygen,556,745463,40250
ML-DSA-65,keygen,557,754482,40736
ML-DSA-65,keygen,558,744444,40194
ML-DSA-65,keygen,559,743130,40123
ML-DSA-65,keygen,560,742482,40088
ML-DSA-65,keygen,561,742518,40090
ML-DSA-65,keygen,562,745555,40255
ML-DSA-65,keygen,563,755426,40785
ML-DSA-65,keygen,564,743389,40138
ML-DSA-65,keygen,565,742537,40090
ML-DSA-65,keygen,566,743056,40118
ML-DSA-65,keygen,567,743556,40146
ML-DSA-65,keygen,568,754574,40740
ML-DSA-65,keygen,569,744444,40194
ML-DSA-65,keygen,570,744982,40222
ML-DSA-65,keygen,571,742056,40066
ML-DSA-65,keygen,572,746093,40284
ML-DSA-65,keygen,573,761278,41101
ML-DSA-65,keygen,574,743000,40117
ML-DSA-65,keygen,575,743722,40154
ML-DSA-65,keygen,576,744278,40186
ML-DSA-65,keygen,577,742444,40086
ML-DSA-65,keygen,578,745834,40268
ML-DSA-65,keygen,579,754426,40732
ML-DSA-65,keygen,580,743018,40117
ML-DSA-65,keygen,581,742629,40097
ML-DSA-65,keygen,582,744741,40209
ML-DSA-65,keygen,583,743482,40143
ML-DSA-65,keygen,584,755204,40774
ML-DSA-65,keygen,585,746093,40284
ML-DSA-65,keygen,586,745222,40236
ML-DSA-65,keygen,587,741759,40049
ML-DSA-65,keygen,588,743129,40124
ML-DSA-65,keygen,589,755186,40772
ML-DSA-65,keygen,590,743166,40124
ML-DSA-65,keygen,591,745296,40239
ML-DSA-65,keygen,592,745314,40240
ML-DSA-65,keygen,593,741518,40037
ML-DSA-65,keygen,594,743981,40168
ML-DSA-65,keygen,595,750981,40547
ML-DSA-65,keygen,596,743667,40153
ML-DSA-65,keygen,597,742759,40104
ML-DSA-65,keygen,598,743574,40147
ML-DSA-65,keygen,599,743518,40144
ML-DSA-65,keygen,600,752334,40619
ML-DSA-65,keygen,601,745074,40229
ML-DSA-65,keygen,602,742797,40104
ML-DSA-65,keygen,603,743037,40119
ML-DSA-65,keygen,604,743740,40157
ML-DSA-65,keygen,605,756519,40845
ML-DSA-65,keygen,606,743463,40142
ML-DSA-65,keygen,607,742926,40113
ML-DSA-65,keygen,608,744278,40186
ML-DSA-65,keygen,609,743519,40144
ML-DSA-65,keygen,610,744259,40183
ML-DSA-65,keygen,611,754556,40740
ML-DSA-65,keygen,612,742667,40098
ML-DSA-65,keygen,613,743814,40161
ML-DSA-65,keygen,614,744463,40194
ML-DSA-65,keygen,615,743814,40161
ML-DSA-65,keygen,616,755297,40780
ML-DSA-65,keygen,617,745778,40266
ML-DSA-65,keygen,618,742277,40077
ML-DSA-65,keygen,619,745148,40233
ML-DSA-65,keygen,620,741093,40014
ML-DSA-65,keygen,621,753148,40663
ML-DSA-65,keygen,622,745037,40226
ML-DSA-65,keygen,623,744167,40180
ML-DSA-65,keygen,624,745240,40238
ML-DSA-65,keygen,625,742037,40064
ML-DSA-65,keygen,626,744685,40208
ML-DSA-65,keygen,627,753056,40659
ML-DSA-65,keygen,628,745388,40246
ML-DSA-65,keygen,629,743704,40155
ML-DSA-65,keygen,630,743000,40116
ML-DSA-65,keygen,631,743574,40147
ML-DSA-65,keygen,632,752574,40633
ML-DSA-65,keygen,633,744648,40206
ML-DSA-65,keygen,634,743222,40129
ML-DSA-65,keygen,635,743648,40152
ML-DSA-65,keygen,636,742907,40110
ML-DSA-65,keygen,637,755185,40773
ML-DSA-65,keygen,638,742778,40104
ML-DSA-65,keygen,639,742074,40066
ML-DSA-65,keygen,640,743703,40153
ML-DSA-65,keygen,641,745074,40228
ML-DSA-65,keygen,642,742611,40095
ML-DSA-65,keygen,643,754889,40758
ML-DSA-65,keygen,644,744148,40178
ML-DSA-65,keygen,645,744630,40205
ML-DSA-65,keygen,646,743778,40159
ML-DSA-65,keygen,647,744037,40172
ML-DSA-65,keygen,648,752685,40639
ML-DSA-65,keygen,649,744408,40192
ML-DSA-65,keygen,650,744074,40175
ML-DSA-65,keygen,651,742240,40074
ML-DSA-65,keygen,652,743963,40169
ML-DSA-65,keygen,653,753907,40704
ML-DSA-65,keygen,654,743019,40117
ML-DSA-65,keygen,655,742944,40112
ML-DSA-65,keygen,656,743759,40158
ML-DSA-65,keygen,657,742704,40101
ML-DSA-65,keygen,658,744685,40207
ML-DSA-65,keygen,659,755426,40787
ML-DSA-65,keygen,660,743445,40139
ML-DSA-65,keygen,661,743204,40128
ML-DSA-65,keygen,662,742592,40094
ML-DSA-65,keygen,663,741130,40015
ML-DSA-65,keygen,664,754111,40715
ML-DSA-65,keygen,665,746056,40282
ML-DSA-65,keygen,666,743667,40152
ML-DSA-65,keygen,667,743574,40147
ML-DSA-65,keygen,668,744612,40203
ML-DSA-65,keygen,669,754130,40716
ML-DSA-65,keygen,670,743649,40151
ML-DSA-65,keygen,671,744315,40187
ML-DSA-65,keygen,672,742463,40088
ML-DSA-65,keygen,673,743537,40146
ML-DSA-65,keygen,674,744963,40221
ML-DSA-65,keygen,675,753185,40666
ML-DSA-65,keygen,676,745352,40244
ML-DSA-65,keygen,677,743055,40119
ML-DSA-65,keygen,678,744240,40184
ML-DSA-65,keygen,679,743815,40160
ML-DSA-65,keygen,680,755223,40775
ML-DSA-65,keygen,681,745555,40255
ML-DSA-65,keygen,682,744556,40200
ML-DSA-65,keygen,683,742315,40078
ML-DSA-65,keygen,684,743648,40151
ML-DSA-65,keygen,685,755167,40773
ML-DSA-65,keygen,686,743241,40128
ML-DSA-65,keygen,687,743962,40169
ML-DSA-65,keygen,688,743111,40123
ML-DSA-65,keygen,689,743074,40120
ML-DSA-65,keygen,690,743352,40135
ML-DSA-65,keygen,691,752740,40641
ML-DSA-65,keygen,692,744371,40191
ML-DSA-65,keygen,693,742556,40091
ML-DSA-65,keygen,694,743204,40128
ML-DSA-65,keygen,695,743797,40160
ML-DSA-65,keygen,696,756037,40819
ML-DSA-65,keygen,697,744074,40174
ML-DSA-65,keygen,698,743686,40153
ML-DSA-65,keygen,699,743574,40148
ML-DSA-65,keygen,700,742981,40115
ML-DSA-65,keygen,701,753870,40702
ML-DSA-65,keygen,702,744352,40189
ML-DSA-65,keygen,703,742926,40112
ML-DSA-65,keygen,704,745426,40248
ML-DSA-65,keygen,705,742056,40065
ML-DSA-65,keygen,706,741963,40061
ML-DSA-65,keygen,707,754741,40749
ML-DSA-65,keygen,708,743797,40160
ML-DSA-65,keygen,709,743148,40125
ML-DSA-65,keygen,710,740981,40008
ML-DSA-65,keygen,711,744259,40185
ML-DSA-65,keygen,712,755370,40784
ML-DSA-65,keygen,713,742019,40064
ML-DSA-65,keygen,714,742722,40101
ML-DSA-65,keygen,715,743500,40143
ML-DSA-65,keygen,716,741555,40038
ML-DSA-65,keygen,717,752834,40647
ML-DSA-65,keygen,718,745092,40228
ML-DSA-65,keygen,719,743500,40144
ML-DSA-65,keygen,720,743241,40128
ML-DSA-65,keygen,721,743778,40159
ML-DSA-65,keygen,722,744148,40179
ML-DSA-65,keygen,723,753907,40704
ML-DSA-65,keygen,724,743908,40166
ML-DSA-65,keygen,725,741741,40049
ML-DSA-65,keygen,726,742852,40109
ML-DSA-65,keygen,727,742537,40091
ML-DSA-65,keygen,728,754129,40717
ML-DSA-65,keygen,729,744314,40187
ML-DSA-65,keygen,730,744481,40196
ML-DSA-65,keygen,731,743055,40118
ML-DSA-65,keygen,732,742944,40112
ML-DSA-65,keygen,733,753981,40708
ML-DSA-65,keygen,734,745093,40229
ML-DSA-65,keygen,735,744500,40197
ML-DSA-65,keygen,736,742926,40112
ML-DSA-65,keygen,737,743093,40122
ML-DSA-65,keygen,738,743519,40143
ML-DSA-65,keygen,739,759796,41021
ML-DSA-65,keygen,740,744556,40201
ML-DSA-65,keygen,741,742648,40097
ML-DSA-65,keygen,742,744130,40178
ML-DSA-65,keygen,743,742037,40065
ML-DSA-65,keygen,744,754537,40739
ML-DSA-65,keygen,745,744166,40179
ML-DSA-65,keygen,746,743167,40126
ML-DSA-65,keygen,747,743111,40122
ML-DSA-65,keygen,748,743852,40162
ML-DSA-65,keygen,749,754630,40743
ML-DSA-65,keygen,750,742926,40111
ML-DSA-65,keygen,751,743074,40120
ML-DSA-65,keygen,752,743037,40119
ML-DSA-65,keygen,753,742371,40083
ML-DSA-65,keygen,754,744037,40172
ML-DSA-65,keygen,755,754704,40748
ML-DSA-65,keygen,756,742352,40081
ML-DSA-65,keygen,757,743407,40139
ML-DSA-65,keygen,758,744389,40192
ML-DSA-65,keygen,759,744408,40193
ML-DSA-65,keygen,760,755870,40810
ML-DSA-65,keygen,761,741852,40054
ML-DSA-65,keygen,762,745389,40245
ML-DSA-65,keygen,763,743129,40123
ML-DSA-65,keygen,764,743667,40153
ML-DSA-65,keygen,765,754241,40722
ML-DSA-65,keygen,766,743166,40124
ML-DSA-65,keygen,767,745334,40242
ML-DSA-65,keygen,768,743444,40141
ML-DSA-65,keygen,769,742574,40094
ML-DSA-65,keygen,770,744481,40197
ML-DSA-65,keygen,771,752389,40622
ML-DSA-65,keygen,772,742685,40098
ML-DSA-65,keygen,773,743630,40150
ML-DSA-65,keygen,774,745315,40242
ML-DSA-65,keygen,775,743148,40125
ML-DSA-65,keygen,776,754444,40733
ML-DSA-65,keygen,777,744667,40206
ML-DSA-65,keygen,778,742926,40111
ML-DSA-65,keygen,779,742056,40066
ML-DSA-65,keygen,780,742759,40103
ML-DSA-65,keygen,781,752389,40623
ML-DSA-65,keygen,782,743241,40130
ML-DSA-65,keygen,783,742574,40093
ML-DSA-65,keygen,784,743686,40152
ML-DSA-65,keygen,785,742333,40081
ML-DSA-65,keygen,786,742852,40108
ML-DSA-65,keygen,787,753630,40689
ML-DSA-65,keygen,788,744833,40215
ML-DSA-65,keygen,789,744259,40184
ML-DSA-65,keygen,790,743648,40150
ML-DSA-65,keygen,791,743352,40136
ML-DSA-65,keygen,792,752926,40650
ML-DSA-65,keygen,793,745296,40241
ML-DSA-65,keygen,794,743019,40118
ML-DSA-65,keygen,795,743833,40161
ML-DSA-65,keygen,796,743648,40150
ML-DSA-65,keygen,797,753222,40668
ML-DSA-65,keygen,798,744907,40220
ML-DSA-65,keygen,799,743445,40140
ML-DSA-65,keygen,800,742482,40088
ML-DSA-65,keygen,801,743185,40127
ML-DSA-65,keygen,802,743278,40132
ML-DSA-65,keygen,803,754463,40735
ML-DSA-65,keygen,804,743130,40124
ML-DSA-65,keygen,805,743389,40136
ML-DSA-65,keygen,806,744666,40205
ML-DSA-65,keygen,807,743556,40146
ML-DSA-65,keygen,808,753556,40686
ML-DSA-65,keygen,809,743907,40165
ML-DSA-65,keygen,810,743555,40147
ML-DSA-65,keygen,811,742704,40099
ML-DSA-65,keygen,812,750908,40542
ML-DSA-65,keygen,813,754297,40725
ML-DSA-65,keygen,814,744722,40210
ML-DSA-65,keygen,815,742740,40101
ML-DSA-65,keygen,816,744148,40179
ML-DSA-65,keygen,817,742593,40093
ML-DSA-65,keygen,818,743130,40124
ML-DSA-65,keygen,819,753704,40693
ML-DSA-65,keygen,820,742833,40108
ML-DSA-65,keygen,821,744537,40199
ML-DSA-65,keygen,822,742037,40065
ML-DSA-65,keygen,823,742944,40113
ML-DSA-65,keygen,824,754852,40756
ML-DSA-65,keygen,825,743797,40159
ML-DSA-65,keygen,826,743481,40141
ML-DSA-65,keygen,827,744074,40175
ML-DSA-65,keygen,828,743148,40125
ML-DSA-65,keygen,829,754777,40750
ML-DSA-65,keygen,830,744777,40213
ML-DSA-65,keygen,831,868148,46863
ML-DSA-65,keygen,832,748833,40433
ML-DSA-65,keygen,833,746222,40292
ML-DSA-65,keygen,834,758204,40937
ML-DSA-65,keygen,835,744944,40222
ML-DSA-65,keygen,836,745018,40226
ML-DSA-65,keygen,837,744352,40190
ML-DSA-65,keygen,838,745407,40246
ML-DSA-65,keygen,839,744111,40176
ML-DSA-65,keygen,840,755500,40790
ML-DSA-65,keygen,841,744370,40191
ML-DSA-65,keygen,842,743907,40166
ML-DSA-65,keygen,843,742648,40098
ML-DSA-65,keygen,844,743704,40154
ML-DSA-65,keygen,845,754518,40738
ML-DSA-65,keygen,846,745833,40270
ML-DSA-65,keygen,847,744685,40207
ML-DSA-65,keygen,848,742685,40099
ML-DSA-65,keygen,849,743351,40136
ML-DSA-65,keygen,850,753167,40665
ML-DSA-65,keygen,851,744574,40201
ML-DSA-65,keygen,852,744333,40189
ML-DSA-65,keygen,853,744963,40223
ML-DSA-65,keygen,854,742037,40065
ML-DSA-65,keygen,855,742093,40068
ML-DSA-65,keygen,856,753389,40676
ML-DSA-65,keygen,857,746259,40292
ML-DSA-65,keygen,858,743426,40138
ML-DSA-65,keygen,859,743611,40150
ML-DSA-65,keygen,860,741833,40053
ML-DSA-65,keygen,861,754186,40719
ML-DSA-65,keygen,862,743241,40130
ML-DSA-65,keygen,863,743277,40130
ML-DSA-65,keygen,864,744092,40176
ML-DSA-65,keygen,865,742463,40087
ML-DSA-65,keygen,866,753056,40659
ML-DSA-65,keygen,867,744148,40178
ML-DSA-65,keygen,868,743037,40119
ML-DSA-65,keygen,869,744037,40172
ML-DSA-65,keygen,870,744149,40178
ML-DSA-65,keygen,871,743075,40119
ML-DSA-65,keygen,872,753315,40673
ML-DSA-65,keygen,873,745278,40239
ML-DSA-65,keygen,874,744352,40189
ML-DSA-65,keygen,875,742463,40088
ML-DSA-65,keygen,876,744074,40175
ML-DSA-65,keygen,877,755611,40796
ML-DSA-65,keygen,878,744963,40222
ML-DSA-65,keygen,879,743963,40169
ML-DSA-65,keygen,880,742796,40106
ML-DSA-65,keygen,881,744463,40196
ML-DSA-65,keygen,882,754371,40730
ML-DSA-65,keygen,883,745000,40225
ML-DSA-65,keygen,884,743704,40153
ML-DSA-65,keygen,885,743223,40128
ML-DSA-65,keygen,886,743630,40151
ML-DSA-65,keygen,887,743815,40161
ML-DSA-65,keygen,888,752926,40651
ML-DSA-65,keygen,889,744055,40172
ML-DSA-65,keygen,890,743778,40158
ML-DSA-65,keygen,891,743074,40120
ML-DSA-65,keygen,892,744185,40180
ML-DSA-65,keygen,893,753407,40677
ML-DSA-65,keygen,894,745444,40249
ML-DSA-65,keygen,895,742074,40067
ML-DSA-65,keygen,896,742871,40110
ML-DSA-65,keygen,897,744204,40182
ML-DSA-65,keygen,898,753537,40684
ML-DSA-65,keygen,899,744778,40212
ML-DSA-65,keygen,900,744574,40201
ML-DSA-65,keygen,901,744111,40177
ML-DSA-65,keygen,902,743277,40132
ML-DSA-65,keygen,903,742463,40087
ML-DSA-65,keygen,904,761963,41138
ML-DSA-65,keygen,905,743612,40150
ML-DSA-65,keygen,906,744277,40186
ML-DSA-65,keygen,907,743000,40116
ML-DSA-65,keygen,908,741167,40017
ML-DSA-65,keygen,909,756371,40838
ML-DSA-65,keygen,910,744538,40199
ML-DSA-65,keygen,911,743296,40132
ML-DSA-65,keygen,912,743760,40156
ML-DSA-65,keygen,913,744463,40195
ML-DSA-65,keygen,914,755407,40786
ML-DSA-65,keygen,915,743019,40117
ML-DSA-65,keygen,916,746112,40284
ML-DSA-65,keygen,917,744852,40216
ML-DSA-65,keygen,918,740945,40006
ML-DSA-65,keygen,919,741889,40056
ML-DSA-65,keygen,920,756648,40853
ML-DSA-65,keygen,921,742704,40100
ML-DSA-65,keygen,922,743186,40127
ML-DSA-65,keygen,923,743426,40139
ML-DSA-65,keygen,924,740926,40004
ML-DSA-65,keygen,925,755037,40765
ML-DSA-65,keygen,926,742000,40063
ML-DSA-65,keygen,927,742852,40109
ML-DSA-65,keygen,928,744167,40180
ML-DSA-65,keygen,929,742723,40101
ML-DSA-65,keygen,930,754111,40715
ML-DSA-65,keygen,931,744463,40195
ML-DSA-65,keygen,932,744667,40206
ML-DSA-65,keygen,933,743889,40164
ML-DSA-65,keygen,934,743649,40152
ML-DSA-65,keygen,935,743907,40165
ML-DSA-65,keygen,936,752333,40620
ML-DSA-65,keygen,937,742815,40107
ML-DSA-65,keygen,938,743833,40161
ML-DSA-65,keygen,939,745537,40252
ML-DSA-65,keygen,940,744463,40195
ML-DSA-65,keygen,941,754834,40754
ML-DSA-65,keygen,942,744352,40189
ML-DSA-65,keygen,943,743407,40139
ML-DSA-65,keygen,944,744685,40207
ML-DSA-65,keygen,945,743000,40117
ML-DSA-65,keygen,946,753037,40658
ML-DSA-65,keygen,947,743000,40117
ML-DSA-65,keygen,948,743518,40144
ML-DSA-65,keygen,949,743315,40133
ML-DSA-65,keygen,950,743574,40148
ML-DSA-65,keygen,951,743389,40137
ML-DSA-65,keygen,952,754371,40729
ML-DSA-65,keygen,953,743796,40160
ML-DSA-65,keygen,954,741555,40039
ML-DSA-65,keygen,955,741370,40028
ML-DSA-65,keygen,956,742945,40114
ML-DSA-65,keygen,957,755426,40786
ML-DSA-65,keygen,958,745351,40243
ML-DSA-65,keygen,959,745074,40229
ML-DSA-65,keygen,960,742592,40094
ML-DSA-65,keygen,961,741611,40041
ML-DSA-65,keygen,962,752574,40633
ML-DSA-65,keygen,963,744797,40213
ML-DSA-65,keygen,964,742037,40064
ML-DSA-65,keygen,965,743056,40118
ML-DSA-65,keygen,966,743000,40116
ML-DSA-65,keygen,967,747685,40371
ML-DSA-65,keygen,968,755463,40789
ML-DSA-65,keygen,969,744592,40203
ML-DSA-65,keygen,970,744185,40180
ML-DSA-65,keygen,971,742666,40099
ML-DSA-65,keygen,972,742574,40094
ML-DSA-65,keygen,973,755000,40763
ML-DSA-65,keygen,974,743685,40153
ML-DSA-65,keygen,975,742426,40085
ML-DSA-65,keygen,976,743203,40128
ML-DSA-65,keygen,977,743815,40160
ML-DSA-65,keygen,978,753463,40679
ML-DSA-65,keygen,979,745130,40232
ML-DSA-65,keygen,980,741741,40049
ML-DSA-65,keygen,981,743889,40165
ML-DSA-65,keygen,982,744685,40208
ML-DSA-65,keygen,983,744556,40201
ML-DSA-65,keygen,984,753722,40694
ML-DSA-65,keygen,985,742944,40114
ML-DSA-65,keygen,986,745185,40234
ML-DSA-65,keygen,987,744278,40184
ML-DSA-65,keygen,988,743278,40131
ML-DSA-65,keygen,989,755148,40771
ML-DSA-65,keygen,990,743963,40168
ML-DSA-65,keygen,991,742982,40115
ML-DSA-65,keygen,992,743686,40154
ML-DSA-65,keygen,993,742945,40114
ML-DSA-65,keygen,994,753074,40660
ML-DSA-65,keygen,995,744111,40176
ML-DSA-65,keygen,996,741778,40051
ML-DSA-65,keygen,997,742963,40114
ML-DSA-65,keygen,998,744444,40194
ML-DSA-65,keygen,999,742815,40106
ML-DSA-65,sign,0,5693630,307447
ML-DSA-65,sign,1,1507926,81425
ML-DSA-65,sign,2,2858315,154345
ML-DSA-65,sign,3,4202018,226903
ML-DSA-65,sign,4,7566703,408597
ML-DSA-65,sign,5,4203111,226964
ML-DSA-65,sign,6,2178426,117630
ML-DSA-65,sign,7,2188481,118171
ML-DSA-65,sign,8,9590574,517883
ML-DSA-65,sign,9,10259778,554023
ML-DSA-65,sign,10,1506519,81347
ML-DSA-65,sign,11,2186704,118077
ML-DSA-65,sign,12,10251370,553570
ML-DSA-65,sign,13,1521889,82174
ML-DSA-65,sign,14,2849037,153842
ML-DSA-65,sign,15,2186760,118080
ML-DSA-65,sign,16,12273241,662749
ML-DSA-65,sign,17,2859370,154399
ML-DSA-65,sign,18,2848963,153840
ML-DSA-65,sign,19,4200389,226815
ML-DSA-65,sign,20,3529241,190573
ML-DSA-65,sign,21,21022686,1135220
ML-DSA-65,sign,22,2177704,117590
ML-DSA-65,sign,23,5550759,299736
ML-DSA-65,sign,24,10923407,589859
ML-DSA-65,sign,25,2187723,118131
ML-DSA-65,sign,26,2858555,154357
ML-DSA-65,sign,27,6215444,335630
ML-DSA-65,sign,28,2858500,154353
ML-DSA-65,sign,29,4872778,263125
ML-DSA-65,sign,30,1506408,81341
ML-DSA-65,sign,31,1514278,81766
ML-DSA-65,sign,32,4201167,226857
ML-DSA-65,sign,33,3529463,190585
ML-DSA-65,sign,34,4202056,226907
ML-DSA-65,sign,35,5544092,299374
ML-DSA-65,sign,36,1515575,81836
ML-DSA-65,sign,37,2848296,153802
ML-DSA-65,sign,38,1514296,81766
ML-DSA-65,sign,39,3528685,190543
ML-DSA-65,sign,40,3520148,190084
ML-DSA-65,sign,41,1519723,82056
ML-DSA-65,sign,42,8905593,480899
ML-DSA-65,sign,43,2185370,118005
ML-DSA-65,sign,44,2847741,153773
ML-DSA-65,sign,45,10924777,589934
ML-DSA-65,sign,46,2857018,154272
ML-DSA-65,sign,47,6883481,371702
ML-DSA-65,sign,48,1515389,81826
ML-DSA-65,sign,49,2176111,117504
ML-DSA-65,sign,50,2856315,154235
ML-DSA-65,sign,51,4198889,226735
ML-DSA-65,sign,52,5549370,299660
ML-DSA-65,sign,53,2847519,153762
ML-DSA-65,sign,54,1513352,81716
ML-DSA-65,sign,55,2175945,117497
ML-DSA-65,sign,56,14959537,807810
ML-DSA-65,sign,57,2858167,154335
ML-DSA-65,sign,58,2847926,153784
ML-DSA-65,sign,59,3527777,190494
ML-DSA-65,sign,60,2185925,118034
ML-DSA-65,sign,61,3527814,190496
ML-DSA-65,sign,62,1504889,81260
ML-DSA-65,sign,63,4198111,226693
ML-DSA-65,sign,64,2185315,118001
ML-DSA-65,sign,65,10919259,589636
ML-DSA-65,sign,66,8233278,444591
ML-DSA-65,sign,67,2185815,118028
ML-DSA-65,sign,68,1505371,81284
ML-DSA-65,sign,69,4881370,263586
ML-DSA-65,sign,70,10918296,589584
ML-DSA-65,sign,71,2186815,118081
ML-DSA-65,sign,72,4872000,263083
ML-DSA-65,sign,73,6891204,372120
ML-DSA-65,sign,74,14959963,807833
ML-DSA-65,sign,75,1506260,81332
ML-DSA-65,sign,76,15628260,843920
ML-DSA-65,sign,77,4199759,226781
ML-DSA-65,sign,78,4199018,226743
ML-DSA-65,sign,79,4870019,262975
ML-DSA-65,sign,80,14290611,771688
ML-DSA-65,sign,81,1505130,81271
ML-DSA-65,sign,82,7561278,408305
ML-DSA-65,sign,83,4870648,263009
ML-DSA-65,sign,84,2186444,118063
ML-DSA-65,sign,85,10247815,553377
ML-DSA-65,sign,86,2187037,118095
ML-DSA-65,sign,87,1505370,81285
ML-DSA-65,sign,88,1513704,81735
ML-DSA-65,sign,89,2847852,153779
ML-DSA-65,sign,90,1518037,81970
ML-DSA-65,sign,91,1505648,81300
ML-DSA-65,sign,92,2862203,154550
ML-DSA-65,sign,93,1505037,81268
ML-DSA-65,sign,94,8904037,480813
ML-DSA-65,sign,95,2857241,154286
ML-DSA-65,sign,96,2186907,118086
ML-DSA-65,sign,97,1505945,81316
ML-DSA-65,sign,98,5539685,299139
ML-DSA-65,sign,99,2185871,118031
ML-DSA-65,sign,100,3528000,190506
ML-DSA-65,sign,101,3527704,190491
ML-DSA-65,sign,102,1505018,81266
ML-DSA-65,sign,103,2184963,117982
ML-DSA-65,sign,104,1505296,81282
ML-DSA-65,sign,105,4197426,226655
ML-DSA-65,sign,106,2857037,154274
ML-DSA-65,sign,107,12269352,662540
ML-DSA-65,sign,108,1505648,81301
ML-DSA-65,sign,109,2856148,154226
ML-DSA-65,sign,110,3528981,190559
ML-DSA-65,sign,111,8904203,480822
ML-DSA-65,sign,112,6890926,372105
ML-DSA-65,sign,113,7564241,408463
ML-DSA-65,sign,114,12266518,662387
ML-DSA-65,sign,115,5541629,299242
ML-DSA-65,sign,116,5549407,299662
ML-DSA-65,sign,117,1505593,81297
ML-DSA-65,sign,118,2855777,154207
ML-DSA-65,sign,119,8239259,444913
ML-DSA-65,sign,120,1505204,81276
ML-DSA-65,sign,121,6218666,335803
ML-DSA-65,sign,122,4199333,226758
ML-DSA-65,sign,123,6883352,371695
ML-DSA-65,sign,124,4198426,226709
ML-DSA-65,sign,125,2857000,154273
ML-DSA-65,sign,126,8236926,444788
ML-DSA-65,sign,127,7565519,408533
ML-DSA-65,sign,128,6894704,372309
ML-DSA-65,sign,129,1505963,81316
ML-DSA-65,sign,130,8234426,444654
ML-DSA-65,sign,131,1516148,81866
ML-DSA-65,sign,132,2176945,117551
ML-DSA-65,sign,133,4206241,227130
ML-DSA-65,sign,134,1515611,81837
ML-DSA-65,sign,135,4200945,226846
ML-DSA-65,sign,136,1506037,81321
ML-DSA-65,sign,137,1504686,81248
ML-DSA-65,sign,138,2970463,160394
ML-DSA-65,sign,139,3538462,191071
ML-DSA-65,sign,140,1506148,81328
ML-DSA-65,sign,141,3528611,190540
ML-DSA-65,sign,142,2857981,154325
ML-DSA-65,sign,143,2186037,118041
ML-DSA-65,sign,144,8237537,444821
ML-DSA-65,sign,145,2849166,153849
ML-DSA-65,sign,146,2185611,118017
ML-DSA-65,sign,147,2857926,154322
ML-DSA-65,sign,148,4200907,226843
ML-DSA-65,sign,149,2848074,153792
ML-DSA-65,sign,150,4199315,226751
ML-DSA-65,sign,151,1515796,81847
ML-DSA-65,sign,152,1505519,81292
ML-DSA-65,sign,153,1520833,82117
ML-DSA-65,sign,154,8236814,444782
ML-DSA-65,sign,155,4873149,263144
ML-DSA-65,sign,156,2177185,117562
ML-DSA-65,sign,157,2857074,154277
ML-DSA-65,sign,158,4872111,263088
ML-DSA-65,sign,159,7565018,408506
ML-DSA-65,sign,160,2858019,154327
ML-DSA-65,sign,161,2177185,117564
ML-DSA-65,sign,162,1514130,81758
ML-DSA-65,sign,163,1505555,81294
ML-DSA-65,sign,164,5549463,299667
ML-DSA-65,sign,165,2848185,153798
ML-DSA-65,sign,166,4200334,226813
ML-DSA-65,sign,167,3529426,190583
ML-DSA-65,sign,168,4879630,263494
ML-DSA-65,sign,169,2177426,117577
ML-DSA-65,sign,170,1504630,81246
ML-DSA-65,sign,171,4199815,226784
ML-DSA-65,sign,172,4880148,263523
ML-DSA-65,sign,173,1504833,81256
ML-DSA-65,sign,174,4869592,262953
ML-DSA-65,sign,175,14290426,771677
ML-DSA-65,sign,176,2856500,154246
ML-DSA-65,sign,177,1505019,81267
ML-DSA-65,sign,178,12962500,699967
ML-DSA-65,sign,179,2857648,154307
ML-DSA-65,sign,180,4870389,262995
ML-DSA-65,sign,181,1515371,81825
ML-DSA-65,sign,182,13616481,735283
ML-DSA-65,sign,183,3528500,190534
ML-DSA-65,sign,184,5541315,299225
ML-DSA-65,sign,185,3528074,190511
ML-DSA-65,sign,186,4869925,262969
ML-DSA-65,sign,187,1514888,81798
ML-DSA-65,sign,188,13608926,734877
ML-DSA-65,sign,189,6891204,372118
ML-DSA-65,sign,190,6891019,372110
ML-DSA-65,sign,191,2847463,153758
ML-DSA-65,sign,192,10277223,554962
ML-DSA-65,sign,193,2176944,117550
ML-DSA-65,sign,194,5032148,271732
ML-DSA-65,sign,195,2176259,117514
ML-DSA-65,sign,196,6219370,335840
ML-DSA-65,sign,197,2847093,153739
ML-DSA-65,sign,198,1513537,81726
ML-DSA-65,sign,199,1504982,81264
ML-DSA-65,sign,200,8231666,444505
ML-DSA-65,sign,201,2857055,154276
ML-DSA-65,sign,202,3528408,190528
ML-DSA-65,sign,203,6890408,372078
ML-DSA-65,sign,204,4870056,262977
ML-DSA-65,sign,205,2176167,117507
ML-DSA-65,sign,206,6895871,372370
ML-DSA-65,sign,207,2858092,154334
ML-DSA-65,sign,208,3528722,190545
ML-DSA-65,sign,209,4870778,263017
ML-DSA-65,sign,210,1505166,81273
ML-DSA-65,sign,211,17658112,953529
ML-DSA-65,sign,212,4205112,227072
ML-DSA-65,sign,213,14279611,771094
ML-DSA-65,sign,214,4200074,226800
ML-DSA-65,sign,215,2185963,118037
ML-DSA-65,sign,216,10926315,590017
ML-DSA-65,sign,217,2176204,117510
ML-DSA-65,sign,218,2185741,118025
ML-DSA-65,sign,219,2847722,153771
ML-DSA-65,sign,220,3527870,190498
ML-DSA-65,sign,221,2857741,154311
ML-DSA-65,sign,222,6891315,372126
ML-DSA-65,sign,223,3528944,190558
ML-DSA-65,sign,224,2847796,153775
ML-DSA-65,sign,225,6219056,335823
ML-DSA-65,sign,226,2176222,117511
ML-DSA-65,sign,227,4206685,227156
ML-DSA-65,sign,228,4871241,263043
ML-DSA-65,sign,229,1505056,81268
ML-DSA-65,sign,230,1504167,81221
ML-DSA-65,sign,231,2185185,117994
ML-DSA-65,sign,232,2185259,117998
ML-DSA-65,sign,233,1505463,81290
ML-DSA-65,sign,234,7569315,408735
ML-DSA-65,sign,235,1505741,81307
ML-DSA-65,sign,236,3527648,190489
ML-DSA-65,sign,237,4199982,226794
ML-DSA-65,sign,238,2858204,154336
ML-DSA-65,sign,239,5541667,299246
ML-DSA-65,sign,240,8234426,444653
ML-DSA-65,sign,241,3528556,190538
ML-DSA-65,sign,242,3528315,190523
ML-DSA-65,sign,243,1505463,81289
ML-DSA-65,sign,244,2184870,117976
ML-DSA-65,sign,245,6221352,335948
ML-DSA-65,sign,246,3518834,190012
ML-DSA-65,sign,247,3527037,190454
ML-DSA-65,sign,248,8233537,444606
ML-DSA-65,sign,249,1515149,81814
ML-DSA-65,sign,250,1505111,81271
ML-DSA-65,sign,251,1513518,81723
ML-DSA-65,sign,252,6212760,335485
ML-DSA-65,sign,253,2857167,154282
ML-DSA-65,sign,254,8906759,480959
ML-DSA-65,sign,255,6220370,335894
ML-DSA-65,sign,256,1505593,81298
ML-DSA-65,sign,257,3527685,190490
ML-DSA-65,sign,258,2857204,154284
ML-DSA-65,sign,259,1505352,81283
ML-DSA-65,sign,260,1504000,81210
ML-DSA-65,sign,261,3527148,190459
ML-DSA-65,sign,262,6220389,335895
ML-DSA-65,sign,263,12945500,699049
ML-DSA-65,sign,264,8906963,480971
ML-DSA-65,sign,265,4870778,263017
ML-DSA-65,sign,266,4199444,226765
ML-DSA-65,sign,267,3528130,190513
ML-DSA-65,sign,268,2857389,154293
ML-DSA-65,sign,269,6892667,372200
ML-DSA-65,sign,270,3528907,190556
ML-DSA-65,sign,271,1505148,81274
ML-DSA-65,sign,272,4198204,226698
ML-DSA-65,sign,273,1514148,81759
ML-DSA-65,sign,274,3518852,190013
ML-DSA-65,sign,275,2856371,154238
ML-DSA-65,sign,276,4199389,226761
ML-DSA-65,sign,277,5549500,299668
ML-DSA-65,sign,278,2176500,117527
ML-DSA-65,sign,279,2856537,154248
ML-DSA-65,sign,280,1505185,81274
ML-DSA-65,sign,281,4198963,226738
ML-DSA-65,sign,282,2857204,154283
ML-DSA-65,sign,283,1505741,81305
ML-DSA-65,sign,284,4198630,226721
ML-DSA-65,sign,285,2186129,118046
ML-DSA-65,sign,286,3528241,190520
ML-DSA-65,sign,287,2176407,117520
ML-DSA-65,sign,288,1514000,81750
ML-DSA-65,sign,289,3527796,190495
ML-DSA-65,sign,290,7563518,408425
ML-DSA-65,sign,291,2177074,117557
ML-DSA-65,sign,292,3526871,190445
ML-DSA-65,sign,293,2176463,117524
ML-DSA-65,sign,294,1515093,81808
ML-DSA-65,sign,295,4870630,263009
ML-DSA-65,sign,296,2185759,118026
ML-DSA-65,sign,297,10924556,589919
ML-DSA-65,sign,298,2187000,118092
ML-DSA-65,sign,299,2856908,154267
ML-DSA-65,sign,300,4871518,263056
ML-DSA-65,sign,301,1505148,81272
ML-DSA-65,sign,302,2184815,117974
ML-DSA-65,sign,303,1505074,81270
ML-DSA-65,sign,304,10254981,553764
ML-DSA-65,sign,305,2176574,117530
ML-DSA-65,sign,306,2856334,154235
ML-DSA-65,sign,307,1505426,81287
ML-DSA-65,sign,308,8233555,444607
ML-DSA-65,sign,309,1514741,81790
ML-DSA-65,sign,310,4871055,263032
ML-DSA-65,sign,311,8906148,480928
ML-DSA-65,sign,312,2858148,154334
ML-DSA-65,sign,313,8235500,444711
ML-DSA-65,sign,314,2186111,118043
ML-DSA-65,sign,315,1505259,81280
ML-DSA-65,sign,316,2175704,117483
ML-DSA-65,sign,317,22353685,1207094
ML-DSA-65,sign,318,1505074,81269
ML-DSA-65,sign,319,1513463,81722
ML-DSA-65,sign,320,1504852,81256
ML-DSA-65,sign,321,3526833,190444
ML-DSA-65,sign,322,4199093,226745
ML-DSA-65,sign,323,6220981,335927
ML-DSA-65,sign,324,5540611,299188
ML-DSA-65,sign,325,3532945,190772
ML-DSA-65,sign,326,3529334,190578
ML-DSA-65,sign,327,9575075,517049
ML-DSA-65,sign,328,4869740,262961
ML-DSA-65,sign,329,1514278,81764
ML-DSA-65,sign,330,6212389,335463
ML-DSA-65,sign,331,3528408,190529
ML-DSA-65,sign,332,4198871,226733
ML-DSA-65,sign,333,1516945,81910
ML-DSA-65,sign,334,3527019,190453
ML-DSA-65,sign,335,1504907,81260
ML-DSA-65,sign,336,2184129,117938
ML-DSA-65,sign,337,2847019,153734
ML-DSA-65,sign,338,1513204,81708
ML-DSA-65,sign,339,2847500,153759
ML-DSA-65,sign,340,6219389,335840
ML-DSA-65,sign,341,3527889,190502
ML-DSA-65,sign,342,6211870,335436
ML-DSA-65,sign,343,2185685,118021
ML-DSA-65,sign,344,2176093,117503
ML-DSA-65,sign,345,13699334,739747
ML-DSA-65,sign,346,6937130,374596
ML-DSA-65,sign,347,4874759,263232
ML-DSA-65,sign,348,5541666,299245
ML-DSA-65,sign,349,6220037,335878
ML-DSA-65,sign,350,4199463,226765
ML-DSA-65,sign,351,10933352,590393
ML-DSA-65,sign,352,3518815,190012
ML-DSA-65,sign,353,1514204,81762
ML-DSA-65,sign,354,2176019,117499
ML-DSA-65,sign,355,4876389,263320
ML-DSA-65,sign,356,3518129,189974
ML-DSA-65,sign,357,1513722,81735
ML-DSA-65,sign,358,7563000,408396
ML-DSA-65,sign,359,3527351,190471
ML-DSA-65,sign,360,2176167,117508
ML-DSA-65,sign,361,4870055,262977
ML-DSA-65,sign,362,2857574,154303
ML-DSA-65,sign,363,2185870,118030
ML-DSA-65,sign,364,4198981,226740
ML-DSA-65,sign,365,6883537,371705
ML-DSA-65,sign,366,2185352,118002
ML-DSA-65,sign,367,2176444,117523
ML-DSA-65,sign,368,10925055,589948
ML-DSA-65,sign,369,2856833,154263
ML-DSA-65,sign,370,5547129,299538
ML-DSA-65,sign,371,4199130,226747
ML-DSA-65,sign,372,2856538,154247
ML-DSA-65,sign,373,4298204,232087
ML-DSA-65,sign,374,1522648,82217
ML-DSA-65,sign,375,1505519,81294
ML-DSA-65,sign,376,1503982,81210
ML-DSA-65,sign,377,4200630,226828
ML-DSA-65,sign,378,8233815,444620
ML-DSA-65,sign,379,3529074,190565
ML-DSA-65,sign,380,6222537,336010
ML-DSA-65,sign,381,2856574,154250
ML-DSA-65,sign,382,6212204,335454
ML-DSA-65,sign,383,4206111,227121
ML-DSA-65,sign,384,2858093,154332
ML-DSA-65,sign,385,2856444,154242
ML-DSA-65,sign,386,2176296,117515
ML-DSA-65,sign,387,6890963,372101
ML-DSA-65,sign,388,2176370,117520
ML-DSA-65,sign,389,9581908,517418
ML-DSA-65,sign,390,6213203,335507
ML-DSA-65,sign,391,3527778,190494
ML-DSA-65,sign,392,18321834,989374
ML-DSA-65,sign,393,2177297,117570
ML-DSA-65,sign,394,2185203,117996
ML-DSA-65,sign,395,1505333,81283
ML-DSA-65,sign,396,2185537,118013
ML-DSA-65,sign,397,1504648,81246
ML-DSA-65,sign,398,4197481,226658
ML-DSA-65,sign,399,2185722,118024
ML-DSA-65,sign,400,4871018,263029
ML-DSA-65,sign,401,2185852,118030
ML-DSA-65,sign,402,4199333,226759
ML-DSA-65,sign,403,4870389,262996
ML-DSA-65,sign,404,4199907,226789
ML-DSA-65,sign,405,5541223,299222
ML-DSA-65,sign,406,1514982,81804
ML-DSA-65,sign,407,2176019,117499
ML-DSA-65,sign,408,2184481,117957
ML-DSA-65,sign,409,2846908,153728
ML-DSA-65,sign,410,2855815,154207
ML-DSA-65,sign,411,2185666,118021
ML-DSA-65,sign,412,1504796,81254
ML-DSA-65,sign,413,1503722,81196
ML-DSA-65,sign,414,6891352,372128
ML-DSA-65,sign,415,2862777,154582
ML-DSA-65,sign,416,2857815,154317
ML-DSA-65,sign,417,4199333,226758
ML-DSA-65,sign,418,5540907,299204
ML-DSA-65,sign,419,3528019,190506
ML-DSA-65,sign,420,4199445,226764
ML-DSA-65,sign,421,4199426,226763
ML-DSA-65,sign,422,2858278,154343
ML-DSA-65,sign,423,3528037,190509
ML-DSA-65,sign,424,4199537,226769
ML-DSA-65,sign,425,1505074,81269
ML-DSA-65,sign,426,2855926,154213
ML-DSA-65,sign,427,2176111,117504
ML-DSA-65,sign,428,2856074,154222
ML-DSA-65,sign,429,5541259,299222
ML-DSA-65,sign,430,1515241,81817
ML-DSA-65,sign,431,1505093,81269
ML-DSA-65,sign,432,3526648,190433
ML-DSA-65,sign,433,7591204,409918
ML-DSA-65,sign,434,2859093,154386
ML-DSA-65,sign,435,10245759,553267
ML-DSA-65,sign,436,9583926,517527
ML-DSA-65,sign,437,4198222,226697
ML-DSA-65,sign,438,2175871,117492
ML-DSA-65,sign,439,2856518,154247
ML-DSA-65,sign,440,5542315,299279
ML-DSA-65,sign,441,2185648,118020
ML-DSA-65,sign,442,5540908,299203
ML-DSA-65,sign,443,5549667,299678
ML-DSA-65,sign,444,3527629,190486
ML-DSA-65,sign,445,6218389,335785
ML-DSA-65,sign,446,9583926,517527
ML-DSA-65,sign,447,2847241,153747
ML-DSA-65,sign,448,1513407,81718
ML-DSA-65,sign,449,6883704,371716
ML-DSA-65,sign,450,2186389,118059
ML-DSA-65,sign,451,6890352,372074
ML-DSA-65,sign,452,2176148,117508
ML-DSA-65,sign,453,1516537,81887
ML-DSA-65,sign,454,9575074,517048
ML-DSA-65,sign,455,3528574,190538
ML-DSA-65,sign,456,2176037,117500
ML-DSA-65,sign,457,2855815,154209
ML-DSA-65,sign,458,3527852,190498
ML-DSA-65,sign,459,2857685,154309
ML-DSA-65,sign,460,5541796,299251
ML-DSA-65,sign,461,2856648,154254
ML-DSA-65,sign,462,4199574,226771
ML-DSA-65,sign,463,3528500,190533
ML-DSA-65,sign,464,6883630,371710
ML-DSA-65,sign,465,6891500,372136
ML-DSA-65,sign,466,2858055,154329
ML-DSA-65,sign,467,7561519,408317
ML-DSA-65,sign,468,8905314,480881
ML-DSA-65,sign,469,3527851,190499
ML-DSA-65,sign,470,8232519,444551
ML-DSA-65,sign,471,4205185,227071
ML-DSA-65,sign,472,1505648,81300
ML-DSA-65,sign,473,5549204,299652
ML-DSA-65,sign,474,3528185,190517
ML-DSA-65,sign,475,1505000,81264
ML-DSA-65,sign,476,3526704,190435
ML-DSA-65,sign,477,2856370,154238
ML-DSA-65,sign,478,3517982,189965
ML-DSA-65,sign,479,5549871,299688
ML-DSA-65,sign,480,1505037,81267
ML-DSA-65,sign,481,2855815,154208
ML-DSA-65,sign,482,2857278,154289
ML-DSA-65,sign,483,2847112,153739
ML-DSA-65,sign,484,4877259,263367
ML-DSA-65,sign,485,4870444,262998
ML-DSA-65,sign,486,3528500,190533
ML-DSA-65,sign,487,3527982,190505
ML-DSA-65,sign,488,2176000,117499
ML-DSA-65,sign,489,2856444,154242
ML-DSA-65,sign,490,2856796,154260
ML-DSA-65,sign,491,1504852,81257
ML-DSA-65,sign,492,1504203,81223
ML-DSA-65,sign,493,2855278,154180
ML-DSA-65,sign,494,1504740,81252
ML-DSA-65,sign,495,2855630,154198
ML-DSA-65,sign,496,2186945,118089
ML-DSA-65,sign,497,1504907,81260
ML-DSA-65,sign,498,8902667,480739
ML-DSA-65,sign,499,1515093,81809
ML-DSA-65,sign,500,2175963,117496
ML-DSA-65,sign,501,4868963,262919
ML-DSA-65,sign,502,2856463,154244
ML-DSA-65,sign,503,1513852,81741
ML-DSA-65,sign,504,15623315,843655
ML-DSA-65,sign,505,2856704,154255
ML-DSA-65,sign,506,6226518,336225
ML-DSA-65,sign,507,6883851,371723
ML-DSA-65,sign,508,3527648,190488
ML-DSA-65,sign,509,3528018,190507
ML-DSA-65,sign,510,3527389,190473
ML-DSA-65,sign,511,4869944,262971
ML-DSA-65,sign,512,2185649,118018
ML-DSA-65,sign,513,2175796,117488
ML-DSA-65,sign,514,2855685,154201
ML-DSA-65,sign,515,2185907,118034
ML-DSA-65,sign,516,4870222,262986
ML-DSA-65,sign,517,6890092,372061
ML-DSA-65,sign,518,1505000,81266
ML-DSA-65,sign,519,2856204,154230
ML-DSA-65,sign,520,2175908,117493
ML-DSA-65,sign,521,2184722,117969
ML-DSA-65,sign,522,8904889,480859
ML-DSA-65,sign,523,7561018,408291
ML-DSA-65,sign,524,1505537,81294
ML-DSA-65,sign,525,1514204,81760
ML-DSA-65,sign,526,6212389,335462
ML-DSA-65,sign,527,1514463,81776
ML-DSA-65,sign,528,4199000,226739
ML-DSA-65,sign,529,1505018,81267
ML-DSA-65,sign,530,6217926,335762
ML-DSA-65,sign,531,4198759,226726
ML-DSA-65,sign,532,4870315,262992
ML-DSA-65,sign,533,4198556,226717
ML-DSA-65,sign,534,4870204,262985
ML-DSA-65,sign,535,1514037,81753
ML-DSA-65,sign,536,2176111,117506
ML-DSA-65,sign,537,16975537,916671
ML-DSA-65,sign,538,5549092,299647
ML-DSA-65,sign,539,7560944,408287
ML-DSA-65,sign,540,6212555,335473
ML-DSA-65,sign,541,1513908,81746
ML-DSA-65,sign,542,2175926,117495
ML-DSA-65,sign,543,1503852,81202
ML-DSA-65,sign,544,4196944,226630
ML-DSA-65,sign,545,2185426,118008
ML-DSA-65,sign,546,5540407,299177
ML-DSA-65,sign,547,2185074,117973
ML-DSA-65,sign,548,1505092,81270
ML-DSA-65,sign,549,4876759,263340
ML-DSA-65,sign,550,1505685,81303
ML-DSA-65,sign,551,2174926,117442
ML-DSA-65,sign,552,1513852,81742
ML-DSA-65,sign,553,2856074,154222
ML-DSA-65,sign,554,2847056,153736
ML-DSA-65,sign,555,4876519,263326
ML-DSA-65,sign,556,2176204,117510
ML-DSA-65,sign,557,12937796,698635
ML-DSA-65,sign,558,3528444,190530
ML-DSA-65,sign,559,1514574,81782
ML-DSA-65,sign,560,1504871,81259
ML-DSA-65,sign,561,6889889,372048
ML-DSA-65,sign,562,9576185,517109
ML-DSA-65,sign,563,1504889,81259
ML-DSA-65,sign,564,1513500,81724
ML-DSA-65,sign,565,6212852,335489
ML-DSA-65,sign,566,2856963,154270
ML-DSA-65,sign,567,4870037,262976
ML-DSA-65,sign,568,3534463,190851
ML-DSA-65,sign,569,4199704,226777
ML-DSA-65,sign,570,1514389,81771
ML-DSA-65,sign,571,1505037,81267
ML-DSA-65,sign,572,4869111,262927
ML-DSA-65,sign,573,4198407,226709
ML-DSA-65,sign,574,2185519,118012
ML-DSA-65,sign,575,2858666,154362
ML-DSA-65,sign,576,1504945,81261
ML-DSA-65,sign,577,2174963,117443
ML-DSA-65,sign,578,1513371,81715
ML-DSA-65,sign,579,4870129,262982
ML-DSA-65,sign,580,1505093,81269
ML-DSA-65,sign,581,3526648,190434
ML-DSA-65,sign,582,2186093,118043
ML-DSA-65,sign,583,7561240,408302
ML-DSA-65,sign,584,2176167,117507
ML-DSA-65,sign,585,2856018,154219
ML-DSA-65,sign,586,3528278,190522
ML-DSA-65,sign,587,4870074,262979
ML-DSA-65,sign,588,1505333,81283
ML-DSA-65,sign,589,2184666,117967
ML-DSA-65,sign,590,2184944,117982
ML-DSA-65,sign,591,2847222,153744
ML-DSA-65,sign,592,6890352,372073
ML-DSA-65,sign,593,4870019,262977
ML-DSA-65,sign,594,6219796,335863
ML-DSA-65,sign,595,1504908,81260
ML-DSA-65,sign,596,3526907,190447
ML-DSA-65,sign,597,2184944,117982
ML-DSA-65,sign,598,1504741,81251
ML-DSA-65,sign,599,3527222,190464
ML-DSA-65,sign,600,15628222,843919
ML-DSA-65,sign,601,2176500,117526
ML-DSA-65,sign,602,3527167,190461
ML-DSA-65,sign,603,3533426,190797
ML-DSA-65,sign,604,1505352,81284
ML-DSA-65,sign,605,2184352,117950
ML-DSA-65,sign,606,3528334,190524
ML-DSA-65,sign,607,4198740,226726
ML-DSA-65,sign,608,2857056,154275
ML-DSA-65,sign,609,2847334,153751
ML-DSA-65,sign,610,18319074,989224
ML-DSA-65,sign,611,2857204,154283
ML-DSA-65,sign,612,4199463,226765
ML-DSA-65,sign,613,1505056,81267
ML-DSA-65,sign,614,7561000,408288
ML-DSA-65,sign,615,1505296,81280
ML-DSA-65,sign,616,2184519,117958
ML-DSA-65,sign,617,1505055,81268
ML-DSA-65,sign,618,26393093,1425222
ML-DSA-65,sign,619,2176944,117550
ML-DSA-65,sign,620,4199240,226752
ML-DSA-65,sign,621,4303315,232356
ML-DSA-65,sign,622,15631333,844087
ML-DSA-65,sign,623,7565037,408507
ML-DSA-65,sign,624,1515481,81831
ML-DSA-65,sign,625,4876723,263335
ML-DSA-65,sign,626,3530204,190625
ML-DSA-65,sign,627,1504796,81254
ML-DSA-65,sign,628,2856130,154227
ML-DSA-65,sign,629,4869963,262972
ML-DSA-65,sign,630,9582796,517466
ML-DSA-65,sign,631,2176018,117500
ML-DSA-65,sign,632,12937426,698616
ML-DSA-65,sign,633,2185741,118025
ML-DSA-65,sign,634,1504963,81262
ML-DSA-65,sign,635,11595000,626125
ML-DSA-65,sign,636,4199000,226740
ML-DSA-65,sign,637,2856370,154239
ML-DSA-65,sign,638,2175797,117488
ML-DSA-65,sign,639,2184741,117971
ML-DSA-65,sign,640,1504852,81258
ML-DSA-65,sign,641,2855592,154196
ML-DSA-65,sign,642,1504796,81254
ML-DSA-65,sign,643,2184352,117950
ML-DSA-65,sign,644,2185408,118007
ML-DSA-65,sign,645,1504926,81261
ML-DSA-65,sign,646,2856352,154237
ML-DSA-65,sign,647,1504908,81259
ML-DSA-65,sign,648,6217500,335738
ML-DSA-65,sign,649,4200259,226808
ML-DSA-65,sign,650,1505352,81284
ML-DSA-65,sign,651,2184019,117931
ML-DSA-65,sign,652,2846945,153731
ML-DSA-65,sign,653,1514149,81758
ML-DSA-65,sign,654,1505037,81267
ML-DSA-65,sign,655,1503870,81203
ML-DSA-65,sign,656,2184537,117959
ML-DSA-65,sign,657,2185389,118005
ML-DSA-65,sign,658,4198370,226707
ML-DSA-65,sign,659,5540944,299206
ML-DSA-65,sign,660,2175870,117492
ML-DSA-65,sign,661,2847556,153764
ML-DSA-65,sign,662,10259315,553996
ML-DSA-65,sign,663,6213389,335517
ML-DSA-65,sign,664,3527945,190503
ML-DSA-65,sign,665,2856630,154254
ML-DSA-65,sign,666,1504777,81253
ML-DSA-65,sign,667,1513686,81732
ML-DSA-65,sign,668,2847074,153736
ML-DSA-65,sign,669,4198444,226710
ML-DSA-65,sign,670,2857630,154306
ML-DSA-65,sign,671,8904537,480840
ML-DSA-65,sign,672,19025278,1027357
ML-DSA-65,sign,673,5553186,299865
ML-DSA-65,sign,674,6885222,371797
ML-DSA-65,sign,675,2187037,118095
ML-DSA-65,sign,676,6893629,372250
ML-DSA-65,sign,677,9578240,517220
ML-DSA-65,sign,678,12944426,698993
ML-DSA-65,sign,679,7565185,408515
ML-DSA-65,sign,680,3529703,190600
ML-DSA-65,sign,681,3529574,190591
ML-DSA-65,sign,682,2177370,117573
ML-DSA-65,sign,683,2862148,154547
ML-DSA-65,sign,684,1506166,81328
ML-DSA-65,sign,685,2185500,118013
ML-DSA-65,sign,686,2858167,154335
ML-DSA-65,sign,687,1505778,81307
ML-DSA-65,sign,688,2186963,118089
ML-DSA-65,sign,689,3529092,190566
ML-DSA-65,sign,690,6214278,335567
ML-DSA-65,sign,691,5543352,299336
ML-DSA-65,sign,692,3528723,190546
ML-DSA-65,sign,693,5549814,299685
ML-DSA-65,sign,694,13614944,735202
ML-DSA-65,sign,695,6228111,336314
ML-DSA-65,sign,696,5543223,299330
ML-DSA-65,sign,697,2187408,118114
ML-DSA-65,sign,698,11599815,626385
ML-DSA-65,sign,699,6215500,335632
ML-DSA-65,sign,700,6222611,336016
ML-DSA-65,sign,701,2847981,153785
ML-DSA-65,sign,702,2856703,154256
ML-DSA-65,sign,703,1505778,81307
ML-DSA-65,sign,704,1514018,81751
ML-DSA-65,sign,705,5542593,299295
ML-DSA-65,sign,706,4200296,226810
ML-DSA-65,sign,707,2857926,154323
ML-DSA-65,sign,708,4872130,263089
ML-DSA-65,sign,709,6223204,336048
ML-DSA-65,sign,710,2177389,117573
ML-DSA-65,sign,711,4205186,227072
ML-DSA-65,sign,712,6892833,372208
ML-DSA-65,sign,713,6894889,372318
ML-DSA-65,sign,714,1505945,81316
ML-DSA-65,sign,715,2185334,118003
ML-DSA-65,sign,716,11601611,626483
ML-DSA-65,sign,717,3529723,190599
ML-DSA-65,sign,718,1505796,81309
ML-DSA-65,sign,719,1504685,81248
ML-DSA-65,sign,720,2185352,118003
ML-DSA-65,sign,721,1504815,81254
ML-DSA-65,sign,722,5547166,299542
ML-DSA-65,sign,723,4199481,226767
ML-DSA-65,sign,724,8905759,480906
ML-DSA-65,sign,725,5542000,299263
ML-DSA-65,sign,726,10925759,589986
ML-DSA-65,sign,727,6219519,335849
ML-DSA-65,sign,728,6212389,335465
ML-DSA-65,sign,729,2186537,118068
ML-DSA-65,sign,730,4198945,226738
ML-DSA-65,sign,731,8905037,480867
ML-DSA-65,sign,732,7562333,408361
ML-DSA-65,sign,733,6212241,335456
ML-DSA-65,sign,734,4198130,226693
ML-DSA-65,sign,735,6225611,336175
ML-DSA-65,sign,736,1505351,81284
ML-DSA-65,sign,737,2863519,154621
ML-DSA-65,sign,738,1505556,81295
ML-DSA-65,sign,739,9582370,517443
ML-DSA-65,sign,740,1504871,81257
ML-DSA-65,sign,741,8903000,480756
ML-DSA-65,sign,742,3527629,190485
ML-DSA-65,sign,743,3527852,190498
ML-DSA-65,sign,744,7561926,408340
ML-DSA-65,sign,745,4199037,226743
ML-DSA-65,sign,746,2856778,154260
ML-DSA-65,sign,747,6212241,335456
ML-DSA-65,sign,748,5549833,299686
ML-DSA-65,sign,749,2175667,117481
ML-DSA-65,sign,750,1513556,81727
ML-DSA-65,sign,751,4198852,226731
ML-DSA-65,sign,752,2175889,117492
ML-DSA-65,sign,753,9581611,517402
ML-DSA-65,sign,754,1505148,81273
ML-DSA-65,sign,755,2184685,117968
ML-DSA-65,sign,756,1504926,81260
ML-DSA-65,sign,757,6889722,372040
ML-DSA-65,sign,758,6890685,372092
ML-DSA-65,sign,759,8904334,480829
ML-DSA-65,sign,760,2175889,117493
ML-DSA-65,sign,761,1513778,81737
ML-DSA-65,sign,762,10922685,589816
ML-DSA-65,sign,763,1516093,81864
ML-DSA-65,sign,764,1504723,81251
ML-DSA-65,sign,765,5548185,299597
ML-DSA-65,sign,766,4869500,262949
ML-DSA-65,sign,767,4869926,262970
ML-DSA-65,sign,768,1504944,81262
ML-DSA-65,sign,769,1513704,81734
ML-DSA-65,sign,770,3527593,190484
ML-DSA-65,sign,771,3517889,189961
ML-DSA-65,sign,772,1513463,81721
ML-DSA-65,sign,773,14279796,771104
ML-DSA-65,sign,774,1514722,81788
ML-DSA-65,sign,775,2175981,117497
ML-DSA-65,sign,776,4198148,226695
ML-DSA-65,sign,777,1514519,81779
ML-DSA-65,sign,778,4869945,262971
ML-DSA-65,sign,779,3527574,190484
ML-DSA-65,sign,780,1504963,81262
ML-DSA-65,sign,781,2185556,118015
ML-DSA-65,sign,782,2175815,117489
ML-DSA-65,sign,783,2856722,154256
ML-DSA-65,sign,784,6219611,335854
ML-DSA-65,sign,785,2175870,117492
ML-DSA-65,sign,786,2184019,117932
ML-DSA-65,sign,787,2846963,153731
ML-DSA-65,sign,788,6890741,372094
ML-DSA-65,sign,789,7562611,408375
ML-DSA-65,sign,790,2857037,154276
ML-DSA-65,sign,791,2847426,153757
ML-DSA-65,sign,792,2855611,154197
ML-DSA-65,sign,793,3528074,190511
ML-DSA-65,sign,794,5541130,299216
ML-DSA-65,sign,795,2185426,118008
ML-DSA-65,sign,796,1504852,81258
ML-DSA-65,sign,797,1519037,82019
ML-DSA-65,sign,798,1504963,81263
ML-DSA-65,sign,799,7561889,408337
ML-DSA-65,sign,800,2856797,154262
ML-DSA-65,sign,801,2847482,153758
ML-DSA-65,sign,802,4877945,263405
ML-DSA-65,sign,803,2176018,117499
ML-DSA-65,sign,804,1513389,81718
ML-DSA-65,sign,805,9575926,517095
ML-DSA-65,sign,806,2856666,154255
ML-DSA-65,sign,807,2847259,153747
ML-DSA-65,sign,808,4197556,226663
ML-DSA-65,sign,809,2184648,117965
ML-DSA-65,sign,810,1504389,81232
ML-DSA-65,sign,811,2184537,117959
ML-DSA-65,sign,812,4870444,262999
ML-DSA-65,sign,813,2185278,118000
ML-DSA-65,sign,814,4870241,262989
ML-DSA-65,sign,815,6221741,335969
ML-DSA-65,sign,816,2179519,117689
ML-DSA-65,sign,817,5542537,299292
ML-DSA-65,sign,818,1515407,81827
ML-DSA-65,sign,819,2857759,154314
ML-DSA-65,sign,820,3519500,190047
ML-DSA-65,sign,821,1514333,81769
ML-DSA-65,sign,822,2177092,117557
ML-DSA-65,sign,823,3528259,190521
ML-DSA-65,sign,824,2857889,154321
ML-DSA-65,sign,825,4200685,226832
ML-DSA-65,sign,826,4872074,263086
ML-DSA-65,sign,827,1515111,81809
ML-DSA-65,sign,828,2176833,117545
ML-DSA-65,sign,829,2857500,154299
ML-DSA-65,sign,830,4871519,263058
ML-DSA-65,sign,831,4200648,226830
ML-DSA-65,sign,832,5555630,299995
ML-DSA-65,sign,833,2176481,117526
ML-DSA-65,sign,834,14286889,771488
ML-DSA-65,sign,835,1505093,81269
ML-DSA-65,sign,836,2855741,154204
ML-DSA-65,sign,837,4870203,262987
ML-DSA-65,sign,838,2175981,117499
ML-DSA-65,sign,839,4876814,263342
ML-DSA-65,sign,840,1505037,81267
ML-DSA-65,sign,841,4198297,226702
ML-DSA-65,sign,842,1515129,81811
ML-DSA-65,sign,843,2847148,153742
ML-DSA-65,sign,844,8232167,444532
ML-DSA-65,sign,845,6891426,372132
ML-DSA-65,sign,846,4198593,226719
ML-DSA-65,sign,847,10925130,589951
ML-DSA-65,sign,848,8234352,444650
ML-DSA-65,sign,849,2177889,117601
ML-DSA-65,sign,850,4205685,227101
ML-DSA-65,sign,851,2186741,118078
ML-DSA-65,sign,852,2186759,118080
ML-DSA-65,sign,853,7556870,408066
ML-DSA-65,sign,854,1594556,86098
ML-DSA-65,sign,855,2861704,154524
ML-DSA-65,sign,856,2177519,117581
ML-DSA-65,sign,857,3528963,190558
ML-DSA-65,sign,858,2859204,154392
ML-DSA-65,sign,859,3527407,190475
ML-DSA-65,sign,860,1504870,81258
ML-DSA-65,sign,861,2855667,154199
ML-DSA-65,sign,862,3533444,190797
ML-DSA-65,sign,863,10917074,589518
ML-DSA-65,sign,864,3528018,190507
ML-DSA-65,sign,865,2185963,118038
ML-DSA-65,sign,866,5541259,299224
ML-DSA-65,sign,867,2186852,118084
ML-DSA-65,sign,868,4870297,262991
ML-DSA-65,sign,869,1504759,81251
ML-DSA-65,sign,870,4869019,262922
ML-DSA-65,sign,871,1515222,81816
ML-DSA-65,sign,872,6211241,335402
ML-DSA-65,sign,873,4199426,226764
ML-DSA-65,sign,874,2856037,154221
ML-DSA-65,sign,875,10924704,589929
ML-DSA-65,sign,876,1504945,81261
ML-DSA-65,sign,877,3527204,190463
ML-DSA-65,sign,878,9582462,517448
ML-DSA-65,sign,879,3518092,189973
ML-DSA-65,sign,880,3526426,190421
ML-DSA-65,sign,881,2185852,118031
ML-DSA-65,sign,882,14279612,771095
ML-DSA-65,sign,883,4198463,226711
ML-DSA-65,sign,884,2855907,154214
ML-DSA-65,sign,885,9580574,517347
ML-DSA-65,sign,886,3518666,190003
ML-DSA-65,sign,887,5554167,299916
ML-DSA-65,sign,888,4201167,226858
ML-DSA-65,sign,889,1505074,81268
ML-DSA-65,sign,890,2185241,117998
ML-DSA-65,sign,891,6211741,335428
ML-DSA-65,sign,892,2185870,118031
ML-DSA-65,sign,893,7562611,408376
ML-DSA-65,sign,894,12937278,698609
ML-DSA-65,sign,895,3529056,190564
ML-DSA-65,sign,896,2185334,118003
ML-DSA-65,sign,897,2847408,153755
ML-DSA-65,sign,898,4198296,226704
ML-DSA-65,sign,899,2857055,154275
ML-DSA-65,sign,900,4870389,262995
ML-DSA-65,sign,901,2856148,154225
ML-DSA-65,sign,902,1504667,81247
ML-DSA-65,sign,903,6219037,335822
ML-DSA-65,sign,904,1505111,81271
ML-DSA-65,sign,905,5549112,299646
ML-DSA-65,sign,906,9578796,517250
ML-DSA-65,sign,907,1505814,81309
ML-DSA-65,sign,908,1514612,81783
ML-DSA-65,sign,909,4896704,264414
ML-DSA-65,sign,910,1506759,81361
ML-DSA-65,sign,911,13620704,735513
ML-DSA-65,sign,912,1505815,81309
ML-DSA-65,sign,913,2857630,154307
ML-DSA-65,sign,914,4200482,226820
ML-DSA-65,sign,915,6214093,335556
ML-DSA-65,sign,916,5555203,299972
ML-DSA-65,sign,917,4870963,263026
ML-DSA-65,sign,918,9576111,517106
ML-DSA-65,sign,919,5548926,299635
ML-DSA-65,sign,920,2857019,154274
ML-DSA-65,sign,921,4199185,226751
ML-DSA-65,sign,922,2176334,117516
ML-DSA-65,sign,923,4870815,263019
ML-DSA-65,sign,924,1516630,81892
ML-DSA-65,sign,925,6213130,335503
ML-DSA-65,sign,926,2857445,154296
ML-DSA-65,sign,927,1504908,81259
ML-DSA-65,sign,928,4877185,263363
ML-DSA-65,sign,929,2847685,153769
ML-DSA-65,sign,930,8910408,481158
ML-DSA-65,sign,931,6883852,371723
ML-DSA-65,sign,932,2857074,154276
ML-DSA-65,sign,933,3527704,190492
ML-DSA-65,sign,934,3527500,190479
ML-DSA-65,sign,935,6212963,335495
ML-DSA-65,sign,936,3529333,190579
ML-DSA-65,sign,937,8910148,481129
ML-DSA-65,sign,938,23042648,1244293
ML-DSA-65,sign,939,4872611,263115
ML-DSA-65,sign,940,1515648,81839
ML-DSA-65,sign,941,8907722,481011
ML-DSA-65,sign,942,7564388,408471
ML-DSA-65,sign,943,4200778,226837
ML-DSA-65,sign,944,4872111,263088
ML-DSA-65,sign,945,1515000,81804
ML-DSA-65,sign,946,1506259,81334
ML-DSA-65,sign,947,8909278,481095
ML-DSA-65,sign,948,4201945,226900
ML-DSA-65,sign,949,2858426,154349
ML-DSA-65,sign,950,10255629,553800
ML-DSA-65,sign,951,2847611,153766
ML-DSA-65,sign,952,1513685,81734
ML-DSA-65,sign,953,1504815,81255
ML-DSA-65,sign,954,2855148,154172
ML-DSA-65,sign,955,2176092,117503
ML-DSA-65,sign,956,2184851,117977
ML-DSA-65,sign,957,2857425,154296
ML-DSA-65,sign,958,4198814,226732
ML-DSA-65,sign,959,2847204,153745
ML-DSA-65,sign,960,5547926,299582
ML-DSA-65,sign,961,1505018,81265
ML-DSA-65,sign,962,7560760,408275
ML-DSA-65,sign,963,3528296,190521
ML-DSA-65,sign,964,6890944,372106
ML-DSA-65,sign,965,3518185,189977
ML-DSA-65,sign,966,4878315,263423
ML-DSA-65,sign,967,3532759,190760
ML-DSA-65,sign,968,1505796,81308
ML-DSA-65,sign,969,4197815,226676
ML-DSA-65,sign,970,3528722,190540
ML-DSA-65,sign,971,2856592,154251
ML-DSA-65,sign,972,2846685,153715
ML-DSA-65,sign,973,5548203,299598
ML-DSA-65,sign,974,4870056,262979
ML-DSA-65,sign,975,3529093,190566
ML-DSA-65,sign,976,1504814,81255
ML-DSA-65,sign,977,11618981,627417
ML-DSA-65,sign,978,5543908,299366
ML-DSA-65,sign,979,4878333,263424
ML-DSA-65,sign,980,3528389,190528
ML-DSA-65,sign,981,6884555,371761
ML-DSA-65,sign,982,1516519,81886
ML-DSA-65,sign,983,9576426,517122
ML-DSA-65,sign,984,3527944,190503
ML-DSA-65,sign,985,1505037,81267
ML-DSA-65,sign,986,3527333,190470
ML-DSA-65,sign,987,4869407,262942
ML-DSA-65,sign,988,2856371,154239
ML-DSA-65,sign,989,2185482,118010
ML-DSA-65,sign,990,4869815,262965
ML-DSA-65,sign,991,1504981,81263
ML-DSA-65,sign,992,3527870,190499
ML-DSA-65,sign,993,4199222,226752
ML-DSA-65,sign,994,4198834,226732
ML-DSA-65,sign,995,5548871,299635
ML-DSA-65,sign,996,5542592,299294
ML-DSA-65,sign,997,4204277,227023
ML-DSA-65,sign,998,11598000,626289
ML-DSA-65,sign,999,1504963,81263
ML-DSA-65,verify,0,809760,43720
ML-DSA-65,verify,1,796371,42998
ML-DSA-65,verify,2,795148,42931
ML-DSA-65,verify,3,795260,42937
ML-DSA-65,verify,4,795407,42947
ML-DSA-65,verify,5,804944,43460
ML-DSA-65,verify,6,796186,42989
ML-DSA-65,verify,7,795259,42938
ML-DSA-65,verify,8,795056,42927
ML-DSA-65,verify,9,795129,42931
ML-DSA-65,verify,10,804685,43447
ML-DSA-65,verify,11,796297,42993
ML-DSA-65,verify,12,795296,42939
ML-DSA-65,verify,13,795314,42941
ML-DSA-65,verify,14,795055,42926
ML-DSA-65,verify,15,804759,43450
ML-DSA-65,verify,16,796075,42982
ML-DSA-65,verify,17,795204,42936
ML-DSA-65,verify,18,795296,42941
ML-DSA-65,verify,19,795222,42937
ML-DSA-65,verify,20,804870,43456
ML-DSA-65,verify,21,796315,42995
ML-DSA-65,verify,22,795241,42936
ML-DSA-65,verify,23,795259,42937
ML-DSA-65,verify,24,795240,42938
ML-DSA-65,verify,25,805037,43466
ML-DSA-65,verify,26,796204,42989
ML-DSA-65,verify,27,795278,42940
ML-DSA-65,verify,28,795166,42933
ML-DSA-65,verify,29,795241,42938
ML-DSA-65,verify,30,804722,43447
ML-DSA-65,verify,31,796149,42987
ML-DSA-65,verify,32,795371,42943
ML-DSA-65,verify,33,795222,42936
ML-DSA-65,verify,34,795297,42939
ML-DSA-65,verify,35,805537,43492
ML-DSA-65,verify,36,796296,42993
ML-DSA-65,verify,37,795426,42947
ML-DSA-65,verify,38,795408,42945
ML-DSA-65,verify,39,795111,42930
ML-DSA-65,verify,40,804963,43460
ML-DSA-65,verify,41,796166,42988
ML-DSA-65,verify,42,795278,42938
ML-DSA-65,verify,43,795149,42932
ML-DSA-65,verify,44,795241,42938
ML-DSA-65,verify,45,805037,43466
ML-DSA-65,verify,46,796203,42990
ML-DSA-65,verify,47,795334,42942
ML-DSA-65,verify,48,795148,42931
ML-DSA-65,verify,49,795223,42936
ML-DSA-65,verify,50,805056,43466
ML-DSA-65,verify,51,796278,42993
ML-DSA-65,verify,52,795333,42942
ML-DSA-65,verify,53,795278,42938
ML-DSA-65,verify,54,795278,42939
ML-DSA-65,verify,55,804889,43458
ML-DSA-65,verify,56,796371,42999
ML-DSA-65,verify,57,795130,42932
ML-DSA-65,verify,58,795203,42935
ML-DSA-65,verify,59,795222,42937
ML-DSA-65,verify,60,808685,43663
ML-DSA-65,verify,61,796444,43002
ML-DSA-65,verify,62,795629,42958
ML-DSA-65,verify,63,795500,42951
ML-DSA-65,verify,64,795407,42946
ML-DSA-65,verify,65,805370,43483
ML-DSA-65,verify,66,796463,43003
ML-DSA-65,verify,67,795371,42943
ML-DSA-65,verify,68,795240,42937
ML-DSA-65,verify,69,795408,42946
ML-DSA-65,verify,70,804537,43438
ML-DSA-65,verify,71,796445,43002
ML-DSA-65,verify,72,795612,42957
ML-DSA-65,verify,73,795334,42942
ML-DSA-65,verify,74,795334,42943
ML-DSA-65,verify,75,804722,43448
ML-DSA-65,verify,76,796333,42996
ML-DSA-65,verify,77,795481,42949
ML-DSA-65,verify,78,795445,42948
ML-DSA-65,verify,79,795426,42946
ML-DSA-65,verify,80,804852,43455
ML-DSA-65,verify,81,796371,42998
ML-DSA-65,verify,82,795482,42951
ML-DSA-65,verify,83,795500,42952
ML-DSA-65,verify,84,795389,42944
ML-DSA-65,verify,85,811037,43789
ML-DSA-65,verify,86,797074,43037
ML-DSA-65,verify,87,795704,42963
ML-DSA-65,verify,88,795445,42948
ML-DSA-65,verify,89,795259,42938
ML-DSA-65,verify,90,805222,43474
ML-DSA-65,verify,91,796463,43002
ML-DSA-65,verify,92,795389,42946
ML-DSA-65,verify,93,795260,42938
ML-DSA-65,verify,94,795389,42945
ML-DSA-65,verify,95,804740,43448
ML-DSA-65,verify,96,796389,42998
ML-DSA-65,verify,97,795370,42944
ML-DSA-65,verify,98,795370,42943
ML-DSA-65,verify,99,795463,42948
ML-DSA-65,verify,100,804648,43443
ML-DSA-65,verify,101,796389,42998
ML-DSA-65,verify,102,795556,42953
ML-DSA-65,verify,103,795518,42952
ML-DSA-65,verify,104,795482,42951
ML-DSA-65,verify,105,804704,43447
ML-DSA-65,verify,106,796426,43000
ML-DSA-65,verify,107,795537,42952
ML-DSA-65,verify,108,795371,42944
ML-DSA-65,verify,109,795315,42942
ML-DSA-65,verify,110,804722,43447
ML-DSA-65,verify,111,796297,42994
ML-DSA-65,verify,112,795593,42956
ML-DSA-65,verify,113,795426,42947
ML-DSA-65,verify,114,795371,42944
ML-DSA-65,verify,115,804852,43455
ML-DSA-65,verify,116,796445,43001
ML-DSA-65,verify,117,795370,42944
ML-DSA-65,verify,118,795408,42946
ML-DSA-65,verify,119,795518,42952
ML-DSA-65,verify,120,804722,43448
ML-DSA-65,verify,121,796407,42999
ML-DSA-65,verify,122,795611,42958
ML-DSA-65,verify,123,795537,42953
ML-DSA-65,verify,124,795445,42948
ML-DSA-65,verify,125,804518,43436
ML-DSA-65,verify,126,796500,43005
ML-DSA-65,verify,127,795518,42952
ML-DSA-65,verify,128,795407,42947
ML-DSA-65,verify,129,795444,42947
ML-DSA-65,verify,130,804759,43450
ML-DSA-65,verify,131,796426,43002
ML-DSA-65,verify,132,795500,42951
ML-DSA-65,verify,133,795463,42948
ML-DSA-65,verify,134,795407,42945
ML-DSA-65,verify,135,804888,43456
ML-DSA-65,verify,136,796371,42999
ML-DSA-65,verify,137,795389,42945
ML-DSA-65,verify,138,795463,42950
ML-DSA-65,verify,139,795445,42948
ML-DSA-65,verify,140,804629,43443
ML-DSA-65,verify,141,796204,42989
ML-DSA-65,verify,142,795463,42948
ML-DSA-65,verify,143,795388,42945
ML-DSA-65,verify,144,795389,42945
ML-DSA-65,verify,145,804741,43448
ML-DSA-65,verify,146,796334,42996
ML-DSA-65,verify,147,795333,42943
ML-DSA-65,verify,148,795371,42943
ML-DSA-65,verify,149,795463,42949
ML-DSA-65,verify,150,804703,43447
ML-DSA-65,verify,151,796389,43000
ML-DSA-65,verify,152,795296,42941
ML-DSA-65,verify,153,795389,42946
ML-DSA-65,verify,154,795408,42946
ML-DSA-65,verify,155,804574,43440
ML-DSA-65,verify,156,796388,42998
ML-DSA-65,verify,157,795389,42946
ML-DSA-65,verify,158,795352,42943
ML-DSA-65,verify,159,795296,42940
ML-DSA-65,verify,160,804537,43437
ML-DSA-65,verify,161,796481,43004
ML-DSA-65,verify,162,795370,42944
ML-DSA-65,verify,163,795389,42946
ML-DSA-65,verify,164,795352,42943
ML-DSA-65,verify,165,804575,43439
ML-DSA-65,verify,166,796351,42997
ML-DSA-65,verify,167,795444,42949
ML-DSA-65,verify,168,795352,42943
ML-DSA-65,verify,169,795463,42949
ML-DSA-65,verify,170,804463,43433
ML-DSA-65,verify,171,795944,42975
ML-DSA-65,verify,172,795186,42934
ML-DSA-65,verify,173,795019,42925
ML-DSA-65,verify,174,794908,42920
ML-DSA-65,verify,175,804296,43426
ML-DSA-65,verify,176,795908,42973
ML-DSA-65,verify,177,794907,42920
ML-DSA-65,verify,178,794907,42918
ML-DSA-65,verify,179,794833,42916
ML-DSA-65,verify,180,804204,43420
ML-DSA-65,verify,181,795962,42976
ML-DSA-65,verify,182,798092,43091
ML-DSA-65,verify,183,795556,42955
ML-DSA-65,verify,184,795296,42940
ML-DSA-65,verify,185,805852,43509
ML-DSA-65,verify,186,796389,42998
ML-DSA-65,verify,187,795481,42950
ML-DSA-65,verify,188,795444,42947
ML-DSA-65,verify,189,795426,42948
ML-DSA-65,verify,190,804870,43456
ML-DSA-65,verify,191,796370,42998
ML-DSA-65,verify,192,795593,42956
ML-DSA-65,verify,193,795537,42954
ML-DSA-65,verify,194,795426,42946
ML-DSA-65,verify,195,804463,43433
ML-DSA-65,verify,196,795981,42977
ML-DSA-65,verify,197,795074,42927
ML-DSA-65,verify,198,795056,42928
ML-DSA-65,verify,199,794982,42923
ML-DSA-65,verify,200,804259,43422
ML-DSA-65,verify,201,795963,42976
ML-DSA-65,verify,202,794981,42923
ML-DSA-65,verify,203,794908,42918
ML-DSA-65,verify,204,794889,42917
ML-DSA-65,verify,205,804222,43422
ML-DSA-65,verify,206,795926,42975
ML-DSA-65,verify,207,795056,42926
ML-DSA-65,verify,208,795055,42927
ML-DSA-65,verify,209,794926,42920
ML-DSA-65,verify,210,804296,43425
ML-DSA-65,verify,211,795907,42974
ML-DSA-65,verify,212,795055,42928
ML-DSA-65,verify,213,795130,42931
ML-DSA-65,verify,214,795037,42926
ML-DSA-65,verify,215,804223,43421
ML-DSA-65,verify,216,795852,42970
ML-DSA-65,verify,217,795093,42930
ML-DSA-65,verify,218,795037,42926
ML-DSA-65,verify,219,794908,42918
ML-DSA-65,verify,220,804204,43419
ML-DSA-65,verify,221,796018,42979
ML-DSA-65,verify,222,795000,42924
ML-DSA-65,verify,223,795167,42933
ML-DSA-65,verify,224,795111,42931
ML-DSA-65,verify,225,804259,43423
ML-DSA-65,verify,226,795796,42967
ML-DSA-65,verify,227,795018,42926
ML-DSA-65,verify,228,794908,42920
ML-DSA-65,verify,229,795111,42930
ML-DSA-65,verify,230,804038,43410
ML-DSA-65,verify,231,796038,42980
ML-DSA-65,verify,232,794945,42921
ML-DSA-65,verify,233,794926,42919
ML-DSA-65,verify,234,794797,42912
ML-DSA-65,verify,235,804352,43429
ML-DSA-65,verify,236,795907,42973
ML-DSA-65,verify,237,795222,42936
ML-DSA-65,verify,238,795185,42933
ML-DSA-65,verify,239,794982,42924
ML-DSA-65,verify,240,809500,43705
ML-DSA-65,verify,241,796203,42989
ML-DSA-65,verify,242,795129,42931
ML-DSA-65,verify,243,795037,42925
ML-DSA-65,verify,244,795056,42927
ML-DSA-65,verify,245,804482,43434
ML-DSA-65,verify,246,796019,42978
ML-DSA-65,verify,247,795111,42930
ML-DSA-65,verify,248,795000,42923
ML-DSA-65,verify,249,795148,42932
ML-DSA-65,verify,250,804352,43428
ML-DSA-65,verify,251,795870,42971
ML-DSA-65,verify,252,794944,42921
ML-DSA-65,verify,253,794944,42922
ML-DSA-65,verify,254,794981,42923
ML-DSA-65,verify,255,804204,43421
ML-DSA-65,verify,256,795926,42974
ML-DSA-65,verify,257,795018,42925
ML-DSA-65,verify,258,794926,42920
ML-DSA-65,verify,259,794944,42922
ML-DSA-65,verify,260,804260,43422
ML-DSA-65,verify,261,795889,42973
ML-DSA-65,verify,262,795019,42926
ML-DSA-65,verify,263,794963,42921
ML-DSA-65,verify,264,795111,42929
ML-DSA-65,verify,265,804167,43417
ML-DSA-65,verify,266,795926,42973
ML-DSA-65,verify,267,795018,42925
ML-DSA-65,verify,268,794944,42921
ML-DSA-65,verify,269,794926,42919
ML-DSA-65,verify,270,804389,43429
ML-DSA-65,verify,271,795907,42972
ML-DSA-65,verify,272,794963,42923
ML-DSA-65,verify,273,794963,42922
ML-DSA-65,verify,274,794852,42915
ML-DSA-65,verify,275,804130,43414
ML-DSA-65,verify,276,795759,42964
ML-DSA-65,verify,277,795018,42926
ML-DSA-65,verify,278,795037,42926
ML-DSA-65,verify,279,794925,42920
ML-DSA-65,verify,280,804371,43429
ML-DSA-65,verify,281,795945,42974
ML-DSA-65,verify,282,795074,42928
ML-DSA-65,verify,283,794870,42917
ML-DSA-65,verify,284,794814,42915
ML-DSA-65,verify,285,804463,43434
ML-DSA-65,verify,286,795833,42970
ML-DSA-65,verify,287,794963,42923
ML-DSA-65,verify,288,795000,42925
ML-DSA-65,verify,289,794963,42923
ML-DSA-65,verify,290,804500,43436
ML-DSA-65,verify,291,795926,42974
ML-DSA-65,verify,292,795093,42930
ML-DSA-65,verify,293,794777,42913
ML-DSA-65,verify,294,795000,42924
ML-DSA-65,verify,295,804556,43437
ML-DSA-65,verify,296,795741,42965
ML-DSA-65,verify,297,795056,42927
ML-DSA-65,verify,298,795093,42929
ML-DSA-65,verify,299,794889,42918
ML-DSA-65,verify,300,804408,43431
ML-DSA-65,verify,301,795944,42974
ML-DSA-65,verify,302,797870,43079
ML-DSA-65,verify,303,795445,42948
ML-DSA-65,verify,304,795334,42942
ML-DSA-65,verify,305,805500,43490
ML-DSA-65,verify,306,796111,42985
ML-DSA-65,verify,307,795538,42953
ML-DSA-65,verify,308,795241,42938
ML-DSA-65,verify,309,795389,42945
ML-DSA-65,verify,310,805000,43463
ML-DSA-65,verify,311,796315,42995
ML-DSA-65,verify,312,795222,42936
ML-DSA-65,verify,313,795370,42945
ML-DSA-65,verify,314,795352,42942
ML-DSA-65,verify,315,804777,43450
ML-DSA-65,verify,316,796389,42998
ML-DSA-65,verify,317,795277,42938
ML-DSA-65,verify,318,795389,42946
ML-DSA-65,verify,319,795463,42950
ML-DSA-65,verify,320,804944,43460
ML-DSA-65,verify,321,796370,42999
ML-DSA-65,verify,322,795314,42942
ML-DSA-65,verify,323,795389,42945
ML-DSA-65,verify,324,795315,42942
ML-DSA-65,verify,325,804963,43462
ML-DSA-65,verify,326,796203,42989
ML-DSA-65,verify,327,795352,42943
ML-DSA-65,verify,328,795371,42944
ML-DSA-65,verify,329,795315,42940
ML-DSA-65,verify,330,805074,43468
ML-DSA-65,verify,331,796166,42988
ML-DSA-65,verify,332,795352,42943
ML-DSA-65,verify,333,795537,42952
ML-DSA-65,verify,334,795518,42953
ML-DSA-65,verify,335,804871,43455
ML-DSA-65,verify,336,796370,42997
ML-DSA-65,verify,337,795315,42941
ML-DSA-65,verify,338,795388,42944
ML-DSA-65,verify,339,795389,42946
ML-DSA-65,verify,340,805222,43475
ML-DSA-65,verify,341,796352,42997
ML-DSA-65,verify,342,795241,42937
ML-DSA-65,verify,343,795371,42945
ML-DSA-65,verify,344,795259,42938
ML-DSA-65,verify,345,804871,43457
ML-DSA-65,verify,346,796185,42988
ML-DSA-65,verify,347,795500,42951
ML-DSA-65,verify,348,795315,42942
ML-DSA-65,verify,349,795537,42954
ML-DSA-65,verify,350,805037,43465
ML-DSA-65,verify,351,796241,42992
ML-DSA-65,verify,352,795407,42946
ML-DSA-65,verify,353,795463,42948
ML-DSA-65,verify,354,795203,42936
ML-DSA-65,verify,355,805222,43476
ML-DSA-65,verify,356,796149,42987
ML-DSA-65,verify,357,795407,42945
ML-DSA-65,verify,358,801444,43270
ML-DSA-65,verify,359,796074,42981
ML-DSA-65,verify,360,805000,43463
ML-DSA-65,verify,361,796351,42997
ML-DSA-65,verify,362,795463,42950
ML-DSA-65,verify,363,795463,42949
ML-DSA-65,verify,364,795370,42943
ML-DSA-65,verify,365,805741,43503
ML-DSA-65,verify,366,796389,42999
ML-DSA-65,verify,367,795370,42943
ML-DSA-65,verify,368,795203,42934
ML-DSA-65,verify,369,795482,42950
ML-DSA-65,verify,370,804852,43454
ML-DSA-65,verify,371,796129,42985
ML-DSA-65,verify,372,795444,42947
ML-DSA-65,verify,373,795518,42952
ML-DSA-65,verify,374,795259,42939
ML-DSA-65,verify,375,804741,43448
ML-DSA-65,verify,376,899981,48589
ML-DSA-65,verify,377,798630,43121
ML-DSA-65,verify,378,795481,42951
ML-DSA-65,verify,379,806537,43545
ML-DSA-65,verify,380,796333,42996
ML-DSA-65,verify,381,795408,42946
ML-DSA-65,verify,382,795296,42941
ML-DSA-65,verify,383,795537,42953
ML-DSA-65,verify,384,804740,43450
ML-DSA-65,verify,385,796463,43004
ML-DSA-65,verify,386,795407,42947
ML-DSA-65,verify,387,795314,42941
ML-DSA-65,verify,388,795407,42946
ML-DSA-65,verify,389,804741,43450
ML-DSA-65,verify,390,796352,42998
ML-DSA-65,verify,391,795463,42950
ML-DSA-65,verify,392,795407,42945
ML-DSA-65,verify,393,795315,42940
ML-DSA-65,verify,394,811297,43802
ML-DSA-65,verify,395,796611,43011
ML-DSA-65,verify,396,795519,42952
ML-DSA-65,verify,397,795297,42941
ML-DSA-65,verify,398,795444,42949
ML-DSA-65,verify,399,805445,43487
ML-DSA-65,verify,400,796389,42999
ML-DSA-65,verify,401,795278,42940
ML-DSA-65,verify,402,795482,42950
ML-DSA-65,verify,403,795334,42942
ML-DSA-65,verify,404,804648,43445
ML-DSA-65,verify,405,796371,42998
ML-DSA-65,verify,406,795630,42958
ML-DSA-65,verify,407,795574,42955
ML-DSA-65,verify,408,795426,42947
ML-DSA-65,verify,409,805500,43490
ML-DSA-65,verify,410,796389,42999
ML-DSA-65,verify,411,795278,42938
ML-DSA-65,verify,412,795481,42950
ML-DSA-65,verify,413,795463,42949
ML-DSA-65,verify,414,804722,43448
ML-DSA-65,verify,415,796500,43005
ML-DSA-65,verify,416,795556,42954
ML-DSA-65,verify,417,795592,42956
ML-DSA-65,verify,418,795259,42937
ML-DSA-65,verify,419,804741,43449
ML-DSA-65,verify,420,796389,42998
ML-DSA-65,verify,421,795445,42949
ML-DSA-65,verify,422,795648,42959
ML-DSA-65,verify,423,797537,43061
ML-DSA-65,verify,424,805704,43502
ML-DSA-65,verify,425,796444,43002
ML-DSA-65,verify,426,795463,42948
ML-DSA-65,verify,427,795426,42947
ML-DSA-65,verify,428,795444,42947
ML-DSA-65,verify,429,804630,43443
ML-DSA-65,verify,430,796555,43007
ML-DSA-65,verify,431,795500,42952
ML-DSA-65,verify,432,795500,42951
ML-DSA-65,verify,433,795463,42949
ML-DSA-65,verify,434,804648,43445
ML-DSA-65,verify,435,796389,42999
ML-DSA-65,verify,436,795315,42942
ML-DSA-65,verify,437,795370,42944
ML-DSA-65,verify,438,795352,42943
ML-DSA-65,verify,439,804796,43452
ML-DSA-65,verify,440,796444,43003
ML-DSA-65,verify,441,795333,42942
ML-DSA-65,verify,442,795426,42947
ML-DSA-65,verify,443,795444,42948
ML-DSA-65,verify,444,804667,43444
ML-DSA-65,verify,445,796593,43011
ML-DSA-65,verify,446,795333,42942
ML-DSA-65,verify,447,795352,42942
ML-DSA-65,verify,448,795389,42946
ML-DSA-65,verify,449,804852,43455
ML-DSA-65,verify,450,796444,43002
ML-DSA-65,verify,451,795519,42951
ML-DSA-65,verify,452,795445,42948
ML-DSA-65,verify,453,795370,42944
ML-DSA-65,verify,454,804889,43458
ML-DSA-65,verify,455,796537,43007
ML-DSA-65,verify,456,795407,42946
ML-DSA-65,verify,457,795482,42951
ML-DSA-65,verify,458,795277,42939
ML-DSA-65,verify,459,804945,43461
ML-DSA-65,verify,460,796371,42998
ML-DSA-65,verify,461,795574,42955
ML-DSA-65,verify,462,795426,42946
ML-DSA-65,verify,463,795556,42954
ML-DSA-65,verify,464,804963,43461
ML-DSA-65,verify,465,796407,43000
ML-DSA-65,verify,466,795351,42942
ML-DSA-65,verify,467,795537,42954
ML-DSA-65,verify,468,795463,42950
ML-DSA-65,verify,469,804888,43457
ML-DSA-65,verify,470,796444,43003
ML-DSA-65,verify,471,795371,42945
ML-DSA-65,verify,472,795352,42943
ML-DSA-65,verify,473,795296,42941
ML-DSA-65,verify,474,804834,43454
ML-DSA-65,verify,475,796314,42996
ML-DSA-65,verify,476,795296,42941
ML-DSA-65,verify,477,795241,42938
ML-DSA-65,verify,478,795426,42948
ML-DSA-65,verify,479,805018,43463
ML-DSA-65,verify,480,796222,42991
ML-DSA-65,verify,481,795370,42943
ML-DSA-65,verify,482,795445,42948
ML-DSA-65,verify,483,795481,42950
ML-DSA-65,verify,484,805111,43468
ML-DSA-65,verify,485,796426,43001
ML-DSA-65,verify,486,795407,42945
ML-DSA-65,verify,487,795408,42947
ML-DSA-65,verify,488,795537,42954
ML-DSA-65,verify,489,804945,43460
ML-DSA-65,verify,490,796315,42996
ML-DSA-65,verify,491,795297,42941
ML-DSA-65,verify,492,795444,42947
ML-DSA-65,verify,493,795296,42940
ML-DSA-65,verify,494,805166,43472
ML-DSA-65,verify,495,796352,42997
ML-DSA-65,verify,496,795444,42947
ML-DSA-65,verify,497,795482,42950
ML-DSA-65,verify,498,795518,42952
ML-DSA-65,verify,499,805352,43482
ML-DSA-65,verify,500,796371,42998
ML-DSA-65,verify,501,795593,42955
ML-DSA-65,verify,502,795241,42938
ML-DSA-65,verify,503,795315,42942
ML-DSA-65,verify,504,805056,43465
ML-DSA-65,verify,505,796351,42996
ML-DSA-65,verify,506,795463,42949
ML-DSA-65,verify,507,795500,42950
ML-DSA-65,verify,508,795407,42945
ML-DSA-65,verify,509,805037,43465
ML-DSA-65,verify,510,796482,43004
ML-DSA-65,verify,511,795334,42942
ML-DSA-65,verify,512,795352,42943
ML-DSA-65,verify,513,795315,42941
ML-DSA-65,verify,514,805074,43467
ML-DSA-65,verify,515,796315,42994
ML-DSA-65,verify,516,795445,42949
ML-DSA-65,verify,517,795371,42944
ML-DSA-65,verify,518,795296,42940
ML-DSA-65,verify,519,804963,43461
ML-DSA-65,verify,520,796297,42994
ML-DSA-65,verify,521,795482,42951
ML-DSA-65,verify,522,795444,42948
ML-DSA-65,verify,523,795500,42952
ML-DSA-65,verify,524,805278,43479
ML-DSA-65,verify,525,796426,43002
ML-DSA-65,verify,526,795500,42952
ML-DSA-65,verify,527,795389,42945
ML-DSA-65,verify,528,795500,42952
ML-DSA-65,verify,529,805204,43474
ML-DSA-65,verify,530,796314,42994
ML-DSA-65,verify,531,795426,42946
ML-DSA-65,verify,532,795314,42941
ML-DSA-65,verify,533,795278,42939
ML-DSA-65,verify,534,805277,43477
ML-DSA-65,verify,535,796352,42998
ML-DSA-65,verify,536,795296,42940
ML-DSA-65,verify,537,795352,42944
ML-DSA-65,verify,538,795407,42946
ML-DSA-65,verify,539,804871,43456
ML-DSA-65,verify,540,796408,43001
ML-DSA-65,verify,541,795481,42950
ML-DSA-65,verify,542,795555,42955
ML-DSA-65,verify,543,797408,43054
ML-DSA-65,verify,544,805926,43513
ML-DSA-65,verify,545,796426,43001
ML-DSA-65,verify,546,795537,42952
ML-DSA-65,verify,547,795371,42944
ML-DSA-65,verify,548,795407,42945
ML-DSA-65,verify,549,810574,43763
ML-DSA-65,verify,550,796241,42991
ML-DSA-65,verify,551,794871,42917
ML-DSA-65,verify,552,794963,42923
ML-DSA-65,verify,553,795111,42930
ML-DSA-65,verify,554,804963,43461
ML-DSA-65,verify,555,795908,42973
ML-DSA-65,verify,556,794981,42923
ML-DSA-65,verify,557,795055,42928
ML-DSA-65,verify,558,795037,42927
ML-DSA-65,verify,559,804223,43422
ML-DSA-65,verify,560,795944,42974
ML-DSA-65,verify,561,795204,42935
ML-DSA-65,verify,562,795055,42927
ML-DSA-65,verify,563,794944,42921
ML-DSA-65,verify,564,804037,43411
ML-DSA-65,verify,565,795759,42965
ML-DSA-65,verify,566,795130,42930
ML-DSA-65,verify,567,795148,42933
ML-DSA-65,verify,568,795167,42933
ML-DSA-65,verify,569,804555,43438
ML-DSA-65,verify,570,795889,42972
ML-DSA-65,verify,571,794981,42923
ML-DSA-65,verify,572,795074,42929
ML-DSA-65,verify,573,795129,42930
ML-DSA-65,verify,574,804371,43429
ML-DSA-65,verify,575,795944,42976
ML-DSA-65,verify,576,795223,42935
ML-DSA-65,verify,577,794870,42917
ML-DSA-65,verify,578,795037,42927
ML-DSA-65,verify,579,804314,43424
ML-DSA-65,verify,580,795945,42975
ML-DSA-65,verify,581,794981,42924
ML-DSA-65,verify,582,795019,42925
ML-DSA-65,verify,583,795037,42926
ML-DSA-65,verify,584,803519,43381
ML-DSA-65,verify,585,796167,42987
ML-DSA-65,verify,586,795056,42928
ML-DSA-65,verify,587,794944,42921
ML-DSA-65,verify,588,794945,42921
ML-DSA-65,verify,589,804537,43438
ML-DSA-65,verify,590,796019,42979
ML-DSA-65,verify,591,795056,42928
ML-DSA-65,verify,592,794982,42922
ML-DSA-65,verify,593,794963,42922
ML-DSA-65,verify,594,804352,43428
ML-DSA-65,verify,595,795888,42972
ML-DSA-65,verify,596,794945,42922
ML-DSA-65,verify,597,795074,42929
ML-DSA-65,verify,598,794908,42920
ML-DSA-65,verify,599,804723,43448
ML-DSA-65,verify,600,796388,43000
ML-DSA-65,verify,601,795444,42947
ML-DSA-65,verify,602,795407,42947
ML-DSA-65,verify,603,795296,42939
ML-DSA-65,verify,604,804851,43456
ML-DSA-65,verify,605,796333,42996
ML-DSA-65,verify,606,795426,42947
ML-DSA-65,verify,607,795333,42941
ML-DSA-65,verify,608,795352,42943
ML-DSA-65,verify,609,804834,43454
ML-DSA-65,verify,610,796222,42991
ML-DSA-65,verify,611,795463,42948
ML-DSA-65,verify,612,795574,42956
ML-DSA-65,verify,613,795463,42948
ML-DSA-65,verify,614,804870,43456
ML-DSA-65,verify,615,796389,42999
ML-DSA-65,verify,616,795482,42950
ML-DSA-65,verify,617,795444,42948
ML-DSA-65,verify,618,795389,42944
ML-DSA-65,verify,619,805074,43465
ML-DSA-65,verify,620,796648,43012
ML-DSA-65,verify,621,795333,42943
ML-DSA-65,verify,622,795463,42949
ML-DSA-65,verify,623,795407,42946
ML-DSA-65,verify,624,804834,43453
ML-DSA-65,verify,625,796352,42997
ML-DSA-65,verify,626,795481,42950
ML-DSA-65,verify,627,795370,42945
ML-DSA-65,verify,628,795333,42942
ML-DSA-65,verify,629,805722,43502
ML-DSA-65,verify,630,796389,43000
ML-DSA-65,verify,631,795685,42961
ML-DSA-65,verify,632,795259,42938
ML-DSA-65,verify,633,795223,42937
ML-DSA-65,verify,634,805296,43479
ML-DSA-65,verify,635,796426,43001
ML-DSA-65,verify,636,795426,42948
ML-DSA-65,verify,637,795352,42943
ML-DSA-65,verify,638,795481,42950
ML-DSA-65,verify,639,805167,43471
ML-DSA-65,verify,640,796408,42999
ML-DSA-65,verify,641,795407,42946
ML-DSA-65,verify,642,795296,42940
ML-DSA-65,verify,643,795407,42947
ML-DSA-65,verify,644,805611,43496
ML-DSA-65,verify,645,796426,43002
ML-DSA-65,verify,646,795593,42956
ML-DSA-65,verify,647,795426,42946
ML-DSA-65,verify,648,795351,42943
ML-DSA-65,verify,649,804871,43457
ML-DSA-65,verify,650,796352,42997
ML-DSA-65,verify,651,795537,42952
ML-DSA-65,verify,652,795537,42953
ML-DSA-65,verify,653,795481,42951
ML-DSA-65,verify,654,804797,43452
ML-DSA-65,verify,655,796371,42998
ML-DSA-65,verify,656,795408,42946
ML-DSA-65,verify,657,795333,42943
ML-DSA-65,verify,658,795408,42946
ML-DSA-65,verify,659,804871,43456
ML-DSA-65,verify,660,796241,42991
ML-DSA-65,verify,661,795426,42948
ML-DSA-65,verify,662,795444,42948
ML-DSA-65,verify,663,795426,42947
ML-DSA-65,verify,664,832908,44968
ML-DSA-65,verify,665,796871,43024
ML-DSA-65,verify,666,795593,42956
ML-DSA-65,verify,667,795389,42944
ML-DSA-65,verify,668,795500,42951
ML-DSA-65,verify,669,805834,43509
ML-DSA-65,verify,670,796297,42995
ML-DSA-65,verify,671,795463,42950
ML-DSA-65,verify,672,795370,42944
ML-DSA-65,verify,673,795463,42950
ML-DSA-65,verify,674,805814,43506
ML-DSA-65,verify,675,796389,42998
ML-DSA-65,verify,676,795555,42954
ML-DSA-65,verify,677,795463,42949
ML-DSA-65,verify,678,795426,42946
ML-DSA-65,verify,679,804945,43460
ML-DSA-65,verify,680,796296,42994
ML-DSA-65,verify,681,795389,42946
ML-DSA-65,verify,682,795296,42941
ML-DSA-65,verify,683,795352,42944
ML-DSA-65,verify,684,804778,43450
ML-DSA-65,verify,685,796259,42991
ML-DSA-65,verify,686,795555,42953
ML-DSA-65,verify,687,795556,42954
ML-DSA-65,verify,688,795352,42943
ML-DSA-65,verify,689,804852,43455
ML-DSA-65,verify,690,796260,42993
ML-DSA-65,verify,691,795519,42953
ML-DSA-65,verify,692,795278,42940
ML-DSA-65,verify,693,795222,42936
ML-DSA-65,verify,694,804574,43439
ML-DSA-65,verify,695,796277,42993
ML-DSA-65,verify,696,795352,42943
ML-DSA-65,verify,697,795222,42937
ML-DSA-65,verify,698,795444,42949
ML-DSA-65,verify,699,804611,43441
ML-DSA-65,verify,700,796055,42980
ML-DSA-65,verify,701,795000,42925
ML-DSA-65,verify,702,795018,42926
ML-DSA-65,verify,703,794834,42914
ML-DSA-65,verify,704,809760,43719
ML-DSA-65,verify,705,796167,42988
ML-DSA-65,verify,706,795130,42933
ML-DSA-65,verify,707,795019,42925
ML-DSA-65,verify,708,794981,42923
ML-DSA-65,verify,709,804797,43452
ML-DSA-65,verify,710,795944,42975
ML-DSA-65,verify,711,795018,42925
ML-DSA-65,verify,712,794926,42919
ML-DSA-65,verify,713,794833,42915
ML-DSA-65,verify,714,804463,43435
ML-DSA-65,verify,715,795907,42973
ML-DSA-65,verify,716,795056,42928
ML-DSA-65,verify,717,794981,42924
ML-DSA-65,verify,718,794963,42922
ML-DSA-65,verify,719,804352,43427
ML-DSA-65,verify,720,795945,42974
ML-DSA-65,verify,721,794982,42923
ML-DSA-65,verify,722,795056,42927
ML-DSA-65,verify,723,795018,42925
ML-DSA-65,verify,724,804389,43430
ML-DSA-65,verify,725,795926,42973
ML-DSA-65,verify,726,795259,42937
ML-DSA-65,verify,727,795000,42923
ML-DSA-65,verify,728,795037,42927
ML-DSA-65,verify,729,804185,43419
ML-DSA-65,verify,730,796000,42978
ML-DSA-65,verify,731,795056,42927
ML-DSA-65,verify,732,795037,42926
ML-DSA-65,verify,733,794907,42920
ML-DSA-65,verify,734,804704,43448
ML-DSA-65,verify,735,795926,42974
ML-DSA-65,verify,736,794944,42921
ML-DSA-65,verify,737,794888,42918
ML-DSA-65,verify,738,794815,42914
ML-DSA-65,verify,739,804333,43428
ML-DSA-65,verify,740,796018,42978
ML-DSA-65,verify,741,794981,42923
ML-DSA-65,verify,742,795037,42926
ML-DSA-65,verify,743,794797,42913
ML-DSA-65,verify,744,804389,43430
ML-DSA-65,verify,745,795982,42976
ML-DSA-65,verify,746,794944,42922
ML-DSA-65,verify,747,794963,42921
ML-DSA-65,verify,748,794852,42916
ML-DSA-65,verify,749,804389,43430
ML-DSA-65,verify,750,795907,42972
ML-DSA-65,verify,751,794889,42919
ML-DSA-65,verify,752,794945,42922
ML-DSA-65,verify,753,795019,42925
ML-DSA-65,verify,754,804130,43416
ML-DSA-65,verify,755,795870,42972
ML-DSA-65,verify,756,795000,42924
ML-DSA-65,verify,757,794963,42922
ML-DSA-65,verify,758,795000,42924
ML-DSA-65,verify,759,804463,43433
ML-DSA-65,verify,760,795981,42976
ML-DSA-65,verify,761,795130,42931
ML-DSA-65,verify,762,795037,42926
ML-DSA-65,verify,763,794963,42922
ML-DSA-65,verify,764,804259,43424
ML-DSA-65,verify,765,795852,42971
ML-DSA-65,verify,766,795074,42928
ML-DSA-65,verify,767,794981,42923
ML-DSA-65,verify,768,794833,42914
ML-DSA-65,verify,769,804370,43430
ML-DSA-65,verify,770,796000,42977
ML-DSA-65,verify,771,795000,42924
ML-DSA-65,verify,772,794870,42917
ML-DSA-65,verify,773,794833,42915
ML-DSA-65,verify,774,805038,43465
ML-DSA-65,verify,775,795962,42977
ML-DSA-65,verify,776,795018,42925
ML-DSA-65,verify,777,794982,42924
ML-DSA-65,verify,778,795074,42928
ML-DSA-65,verify,779,804574,43438
ML-DSA-65,verify,780,796388,43000
ML-DSA-65,verify,781,795371,42944
ML-DSA-65,verify,782,795463,42948
ML-DSA-65,verify,783,795222,42936
ML-DSA-65,verify,784,807574,43600
ML-DSA-65,verify,785,795963,42975
ML-DSA-65,verify,786,795000,42925
ML-DSA-65,verify,787,794926,42920
ML-DSA-65,verify,788,794926,42920
ML-DSA-65,verify,789,804426,43433
ML-DSA-65,verify,790,795944,42975
ML-DSA-65,verify,791,795019,42926
ML-DSA-65,verify,792,795185,42934
ML-DSA-65,verify,793,795000,42924
ML-DSA-65,verify,794,804167,43418
ML-DSA-65,verify,795,795870,42971
ML-DSA-65,verify,796,794907,42919
ML-DSA-65,verify,797,794926,42920
ML-DSA-65,verify,798,794944,42921
ML-DSA-65,verify,799,804222,43421
ML-DSA-65,verify,800,795870,42971
ML-DSA-65,verify,801,795000,42924
ML-DSA-65,verify,802,794981,42923
ML-DSA-65,verify,803,795074,42928
ML-DSA-65,verify,804,804260,43422
ML-DSA-65,verify,805,795888,42973
ML-DSA-65,verify,806,795000,42924
ML-DSA-65,verify,807,794889,42918
ML-DSA-65,verify,808,795149,42932
ML-DSA-65,verify,809,804186,43419
ML-DSA-65,verify,810,795889,42972
ML-DSA-65,verify,811,794963,42923
ML-DSA-65,verify,812,794926,42919
ML-DSA-65,verify,813,795018,42924
ML-DSA-65,verify,814,804203,43420
ML-DSA-65,verify,815,795871,42971
ML-DSA-65,verify,816,794907,42920
ML-DSA-65,verify,817,795038,42926
ML-DSA-65,verify,818,794982,42923
ML-DSA-65,verify,819,805000,43464
ML-DSA-65,verify,820,796000,42978
ML-DSA-65,verify,821,795074,42927
ML-DSA-65,verify,822,795037,42925
ML-DSA-65,verify,823,794908,42919
ML-DSA-65,verify,824,804500,43435
ML-DSA-65,verify,825,795907,42974
ML-DSA-65,verify,826,795092,42929
ML-DSA-65,verify,827,794963,42921
ML-DSA-65,verify,828,794945,42921
ML-DSA-65,verify,829,804352,43429
ML-DSA-65,verify,830,795945,42975
ML-DSA-65,verify,831,795019,42924
ML-DSA-65,verify,832,795130,42930
ML-DSA-65,verify,833,795074,42928
ML-DSA-65,verify,834,804296,43425
ML-DSA-65,verify,835,795889,42972
ML-DSA-65,verify,836,795167,42934
ML-DSA-65,verify,837,795037,42926
ML-DSA-65,verify,838,795204,42936
ML-DSA-65,verify,839,804222,43422
ML-DSA-65,verify,840,796000,42977
ML-DSA-65,verify,841,795056,42927
ML-DSA-65,verify,842,795074,42927
ML-DSA-65,verify,843,795075,42928
ML-DSA-65,verify,844,804333,43428
ML-DSA-65,verify,845,795945,42976
ML-DSA-65,verify,846,795074,42928
ML-DSA-65,verify,847,795000,42925
ML-DSA-65,verify,848,795074,42928
ML-DSA-65,verify,849,804296,43426
ML-DSA-65,verify,850,795963,42976
ML-DSA-65,verify,851,794852,42916
ML-DSA-65,verify,852,794908,42919
ML-DSA-65,verify,853,794944,42921
ML-DSA-65,verify,854,804074,43411
ML-DSA-65,verify,855,795889,42972
ML-DSA-65,verify,856,795037,42926
ML-DSA-65,verify,857,794852,42915
ML-DSA-65,verify,858,794870,42916
ML-DSA-65,verify,859,810315,43750
ML-DSA-65,verify,860,796056,42982
ML-DSA-65,verify,861,795112,42931
ML-DSA-65,verify,862,795000,42924
ML-DSA-65,verify,863,795000,42924
ML-DSA-65,verify,864,804759,43450
ML-DSA-65,verify,865,795963,42977
ML-DSA-65,verify,866,795056,42927
ML-DSA-65,verify,867,795037,42926
ML-DSA-65,verify,868,794981,42924
ML-DSA-65,verify,869,804056,43411
ML-DSA-65,verify,870,795982,42978
ML-DSA-65,verify,871,795018,42924
ML-DSA-65,verify,872,795019,42926
ML-DSA-65,verify,873,794871,42918
ML-DSA-65,verify,874,804222,43420
ML-DSA-65,verify,875,795871,42971
ML-DSA-65,verify,876,795111,42930
ML-DSA-65,verify,877,795037,42925
ML-DSA-65,verify,878,794926,42919
ML-DSA-65,verify,879,804241,43423
ML-DSA-65,verify,880,795889,42973
ML-DSA-65,verify,881,795074,42929
ML-DSA-65,verify,882,795019,42924
ML-DSA-65,verify,883,795000,42925
ML-DSA-65,verify,884,804000,43410
ML-DSA-65,verify,885,796037,42980
ML-DSA-65,verify,886,795093,42929
ML-DSA-65,verify,887,795056,42927
ML-DSA-65,verify,888,794852,42916
ML-DSA-65,verify,889,804204,43421
ML-DSA-65,verify,890,795797,42967
ML-DSA-65,verify,891,795111,42931
ML-DSA-65,verify,892,794944,42921
ML-DSA-65,verify,893,795167,42933
ML-DSA-65,verify,894,804351,43428
ML-DSA-65,verify,895,795908,42972
ML-DSA-65,verify,896,795092,42929
ML-DSA-65,verify,897,794889,42917
ML-DSA-65,verify,898,794944,42920
ML-DSA-65,verify,899,804241,43422
ML-DSA-65,verify,900,796093,42984
ML-DSA-65,verify,901,795074,42927
ML-DSA-65,verify,902,794833,42914
ML-DSA-65,verify,903,794926,42920
ML-DSA-65,verify,904,803889,43404
ML-DSA-65,verify,905,798241,43098
ML-DSA-65,verify,906,795000,42924
ML-DSA-65,verify,907,795037,42926
ML-DSA-65,verify,908,794908,42920
ML-DSA-65,verify,909,805926,43512
ML-DSA-65,verify,910,795741,42964
ML-DSA-65,verify,911,795019,42926
ML-DSA-65,verify,912,794870,42917
ML-DSA-65,verify,913,795019,42925
ML-DSA-65,verify,914,804945,43459
ML-DSA-65,verify,915,795889,42972
ML-DSA-65,verify,916,794888,42917
ML-DSA-65,verify,917,795074,42928
ML-DSA-65,verify,918,794982,42922
ML-DSA-65,verify,919,804926,43459
ML-DSA-65,verify,920,795852,42970
ML-DSA-65,verify,921,795111,42929
ML-DSA-65,verify,922,794982,42923
ML-DSA-65,verify,923,795093,42929
ML-DSA-65,verify,924,804463,43434
ML-DSA-65,verify,925,795741,42964
ML-DSA-65,verify,926,794889,42918
ML-DSA-65,verify,927,794889,42919
ML-DSA-65,verify,928,794963,42921
ML-DSA-65,verify,929,804444,43432
ML-DSA-65,verify,930,795740,42963
ML-DSA-65,verify,931,794945,42921
ML-DSA-65,verify,932,795056,42928
ML-DSA-65,verify,933,794981,42923
ML-DSA-65,verify,934,804481,43435
ML-DSA-65,verify,935,795723,42963
ML-DSA-65,verify,936,794889,42918
ML-DSA-65,verify,937,795019,42925
ML-DSA-65,verify,938,795037,42926
ML-DSA-65,verify,939,804538,43438
ML-DSA-65,verify,940,795797,42966
ML-DSA-65,verify,941,795111,42931
ML-DSA-65,verify,942,795037,42926
ML-DSA-65,verify,943,794981,42924
ML-DSA-65,verify,944,804315,43427
ML-DSA-65,verify,945,795833,42969
ML-DSA-65,verify,946,795092,42928
ML-DSA-65,verify,947,795037,42926
ML-DSA-65,verify,948,794982,42923
ML-DSA-65,verify,949,804685,43445
ML-DSA-65,verify,950,795834,42969
ML-DSA-65,verify,951,795241,42937
ML-DSA-65,verify,952,795018,42925
ML-DSA-65,verify,953,795037,42927
ML-DSA-65,verify,954,805074,43466
ML-DSA-65,verify,955,795834,42969
ML-DSA-65,verify,956,795111,42930
ML-DSA-65,verify,957,795018,42924
ML-DSA-65,verify,958,795037,42926
ML-DSA-65,verify,959,804722,43448
ML-DSA-65,verify,960,795722,42963
ML-DSA-65,verify,961,794963,42923
ML-DSA-65,verify,962,794852,42916
ML-DSA-65,verify,963,794926,42920
ML-DSA-65,verify,964,804852,43454
ML-DSA-65,verify,965,795834,42969
ML-DSA-65,verify,966,795055,42927
ML-DSA-65,verify,967,794945,42921
ML-DSA-65,verify,968,794889,42917
ML-DSA-65,verify,969,804463,43434
ML-DSA-65,verify,970,795963,42977
ML-DSA-65,verify,971,794926,42920
ML-DSA-65,verify,972,795204,42934
ML-DSA-65,verify,973,794814,42915
ML-DSA-65,verify,974,804389,43428
ML-DSA-65,verify,975,795889,42971
ML-DSA-65,verify,976,795037,42927
ML-DSA-65,verify,977,795019,42925
ML-DSA-65,verify,978,795074,42928
ML-DSA-65,verify,979,804518,43438
ML-DSA-65,verify,980,795814,42968
ML-DSA-65,verify,981,794870,42917
ML-DSA-65,verify,982,795000,42923
ML-DSA-65,verify,983,795037,42926
ML-DSA-65,verify,984,804611,43441
ML-DSA-65,verify,985,795815,42968
ML-DSA-65,verify,986,794907,42920
ML-DSA-65,verify,987,795000,42924
ML-DSA-65,verify,988,795055,42927
ML-DSA-65,verify,989,805241,43475
ML-DSA-65,verify,990,795833,42969
ML-DSA-65,verify,991,795111,42930
ML-DSA-65,verify,992,795000,42925
ML-DSA-65,verify,993,795056,42926
ML-DSA-65,verify,994,804500,43435
ML-DSA-65,verify,995,796019,42980
ML-DSA-65,verify,996,795074,42928
ML-DSA-65,verify,997,795204,42936
ML-DSA-65,verify,998,794963,42921
ML-DSA-65,verify,999,804593,43441
