algo,op,iter,wall_ns,cycles
ecdsa-P-256,keygen,0,29554,79038
ecdsa-P-256,keygen,1,26157,69976
ecdsa-P-256,keygen,2,25310,67734
ecdsa-P-256,keygen,3,25017,66966
ecdsa-P-256,keygen,4,24992,66900
ecdsa-P-256,keygen,5,25002,66922
ecdsa-P-256,keygen,6,25031,67004
ecdsa-P-256,keygen,7,24975,66852
ecdsa-P-256,keygen,8,24951,66784
ecdsa-P-256,keygen,9,25022,66976
ecdsa-P-256,keygen,10,25007,66938
ecdsa-P-256,keygen,11,25061,67080
ecdsa-P-256,keygen,12,24960,66810
ecdsa-P-256,keygen,13,24956,66804
ecdsa-P-256,keygen,14,24943,66764
ecdsa-P-256,keygen,15,25022,66976
ecdsa-P-256,keygen,16,28772,77018
ecdsa-P-256,keygen,17,25648,68642
ecdsa-P-256,keygen,18,25221,67286
ecdsa-P-256,keygen,19,24978,66864
ecdsa-P-256,keygen,20,24995,66908
ecdsa-P-256,keygen,21,24917,66696
ecdsa-P-256,keygen,22,24966,66830
ecdsa-P-256,keygen,23,25054,67064
ecdsa-P-256,keygen,24,25008,66940
ecdsa-P-256,keygen,25,24943,66768
ecdsa-P-256,keygen,26,24944,66770
ecdsa-P-256,keygen,27,25029,67000
ecdsa-P-256,keygen,28,24965,66826
ecdsa-P-256,keygen,29,24895,66640
ecdsa-P-256,keygen,30,24980,66868
ecdsa-P-256,keygen,31,24983,66870
ecdsa-P-256,keygen,32,24913,66684
ecdsa-P-256,keygen,33,24998,66910
ecdsa-P-256,keygen,34,24976,66852
ecdsa-P-256,keygen,35,25009,66946
ecdsa-P-256,keygen,36,24859,66542
ecdsa-P-256,keygen,37,24907,66670
ecdsa-P-256,keygen,38,24960,66812
ecdsa-P-256,keygen,39,24994,66904
ecdsa-P-256,keygen,40,25001,66922
ecdsa-P-256,keygen,41,24898,66648
ecdsa-P-256,keygen,42,24994,66906
ecdsa-P-256,keygen,43,25075,67120
ecdsa-P-256,keygen,44,24971,66844
ecdsa-P-256,keygen,45,24956,66806
ecdsa-P-256,keygen,46,25069,67108
ecdsa-P-256,keygen,47,24924,66718
ecdsa-P-256,keygen,48,24971,66840
ecdsa-P-256,keygen,49,24898,66646
ecdsa-P-256,keygen,50,24908,66670
ecdsa-P-256,keygen,51,24945,66774
ecdsa-P-256,keygen,52,25113,67220
ecdsa-P-256,keygen,53,24858,66540
ecdsa-P-256,keygen,54,29707,79526
ecdsa-P-256,keygen,55,114774,307703
ecdsa-P-256,keygen,56,38105,102360
ecdsa-P-256,keygen,57,13180,35362
ecdsa-P-256,keygen,58,12388,33236
ecdsa-P-256,keygen,59,12362,33168
ecdsa-P-256,keygen,60,12214,32772
ecdsa-P-256,keygen,61,12238,32834
ecdsa-P-256,keygen,62,12239,32834
ecdsa-P-256,keygen,63,12168,32642
ecdsa-P-256,keygen,64,12162,32630
ecdsa-P-256,keygen,65,12123,32526
ecdsa-P-256,keygen,66,12182,32684
ecdsa-P-256,keygen,67,12125,32528
ecdsa-P-256,keygen,68,12182,32680
ecdsa-P-256,keygen,69,12132,32550
ecdsa-P-256,keygen,70,12129,32544
ecdsa-P-256,keygen,71,12167,32638
ecdsa-P-256,keygen,72,12155,32604
ecdsa-P-256,keygen,73,12089,32432
ecdsa-P-256,keygen,74,12166,32642
ecdsa-P-256,keygen,75,12194,32714
ecdsa-P-256,keygen,76,12227,32804
ecdsa-P-256,keygen,77,12111,32490
ecdsa-P-256,keygen,78,12180,32680
ecdsa-P-256,keygen,79,12114,32502
ecdsa-P-256,keygen,80,12189,32698
ecdsa-P-256,keygen,81,12215,32770
ecdsa-P-256,keygen,82,12074,32394
ecdsa-P-256,keygen,83,12150,32596
ecdsa-P-256,keygen,84,12092,32444
ecdsa-P-256,keygen,85,12156,32616
ecdsa-P-256,keygen,86,12140,32564
ecdsa-P-256,keygen,87,12057,32344
ecdsa-P-256,keygen,88,12185,32686
ecdsa-P-256,keygen,89,12102,32462
ecdsa-P-256,keygen,90,12171,32648
ecdsa-P-256,keygen,91,12146,32588
ecdsa-P-256,keygen,92,12183,32682
ecdsa-P-256,keygen,93,12254,32874
ecdsa-P-256,keygen,94,12111,32486
ecdsa-P-256,keygen,95,12153,32598
ecdsa-P-256,keygen,96,12216,32772
ecdsa-P-256,keygen,97,12127,32530
ecdsa-P-256,keygen,98,12152,32598
ecdsa-P-256,keygen,99,12167,32640
ecdsa-P-256,keygen,100,12169,32646
ecdsa-P-256,keygen,101,12119,32512
ecdsa-P-256,keygen,102,12125,32522
ecdsa-P-256,keygen,103,12174,32660
ecdsa-P-256,keygen,104,12163,32626
ecdsa-P-256,keygen,105,12148,32586
ecdsa-P-256,keygen,106,12146,32584
ecdsa-P-256,keygen,107,12088,32422
ecdsa-P-256,keygen,108,12145,32582
ecdsa-P-256,keygen,109,12106,32478
ecdsa-P-256,keygen,110,12184,32686
ecdsa-P-256,keygen,111,12190,32700
ecdsa-P-256,keygen,112,12079,32404
ecdsa-P-256,keygen,113,12179,32666
ecdsa-P-256,keygen,114,12084,32414
ecdsa-P-256,keygen,115,12096,32442
ecdsa-P-256,keygen,116,12183,32682
ecdsa-P-256,keygen,117,12152,32602
ecdsa-P-256,keygen,118,12221,32780
ecdsa-P-256,keygen,119,12148,32592
ecdsa-P-256,keygen,120,12332,33078
ecdsa-P-256,keygen,121,12187,32694
ecdsa-P-256,keygen,122,18334,49216
ecdsa-P-256,keygen,123,12412,33296
ecdsa-P-256,keygen,124,12795,34324
ecdsa-P-256,keygen,125,12837,34436
ecdsa-P-256,keygen,126,12719,34122
ecdsa-P-256,keygen,127,12841,34228
ecdsa-P-256,keygen,128,12794,34322
ecdsa-P-256,keygen,129,12806,34354
ecdsa-P-256,keygen,130,12714,34104
ecdsa-P-256,keygen,131,12802,34332
ecdsa-P-256,keygen,132,12673,33996
ecdsa-P-256,keygen,133,12747,34192
ecdsa-P-256,keygen,134,12717,34110
ecdsa-P-256,keygen,135,13605,36500
ecdsa-P-256,keygen,136,12191,32704
ecdsa-P-256,keygen,137,12111,32488
ecdsa-P-256,keygen,138,12166,32632
ecdsa-P-256,keygen,139,12123,32520
ecdsa-P-256,keygen,140,12114,32496
ecdsa-P-256,keygen,141,12148,32582
ecdsa-P-256,keygen,142,12136,32554
ecdsa-P-256,keygen,143,12193,32708
ecdsa-P-256,keygen,144,12213,32764
ecdsa-P-256,keygen,145,12210,32748
ecdsa-P-256,keygen,146,12114,32500
ecdsa-P-256,keygen,147,12105,32472
ecdsa-P-256,keygen,148,12140,32562
ecdsa-P-256,keygen,149,12091,32438
ecdsa-P-256,keygen,150,12190,32704
ecdsa-P-256,keygen,151,12164,32632
ecdsa-P-256,keygen,152,12120,32514
ecdsa-P-256,keygen,153,12264,32898
ecdsa-P-256,keygen,154,12152,32598
ecdsa-P-256,keygen,155,12093,32442
ecdsa-P-256,keygen,156,12183,32680
ecdsa-P-256,keygen,157,12148,32588
ecdsa-P-256,keygen,158,12182,32684
ecdsa-P-256,keygen,159,12129,32538
ecdsa-P-256,keygen,160,12248,32858
ecdsa-P-256,keygen,161,12188,32696
ecdsa-P-256,keygen,162,12174,32658
ecdsa-P-256,keygen,163,12215,32770
ecdsa-P-256,keygen,164,12071,32382
ecdsa-P-256,keygen,165,12170,32648
ecdsa-P-256,keygen,166,12222,32788
ecdsa-P-256,keygen,167,12158,32616
ecdsa-P-256,keygen,168,12241,32838
ecdsa-P-256,keygen,169,12198,32722
ecdsa-P-256,keygen,170,12175,32660
ecdsa-P-256,keygen,171,12157,32612
ecdsa-P-256,keygen,172,12203,32734
ecdsa-P-256,keygen,173,12170,32646
ecdsa-P-256,keygen,174,12108,32482
ecdsa-P-256,keygen,175,12174,32658
ecdsa-P-256,keygen,176,12157,32608
ecdsa-P-256,keygen,177,12206,32746
ecdsa-P-256,keygen,178,12189,32702
ecdsa-P-256,keygen,179,12090,32434
ecdsa-P-256,keygen,180,12196,32712
ecdsa-P-256,keygen,181,12246,32854
ecdsa-P-256,keygen,182,12189,32702
ecdsa-P-256,keygen,183,12218,32778
ecdsa-P-256,keygen,184,12113,32494
ecdsa-P-256,keygen,185,12164,32628
ecdsa-P-256,keygen,186,12169,32642
ecdsa-P-256,keygen,187,12216,32772
ecdsa-P-256,keygen,188,12161,32624
ecdsa-P-256,keygen,189,12164,32632
ecdsa-P-256,keygen,190,12205,32744
ecdsa-P-256,keygen,191,12180,32676
ecdsa-P-256,keygen,192,12163,32628
ecdsa-P-256,keygen,193,12121,32514
ecdsa-P-256,keygen,194,12135,32558
ecdsa-P-256,keygen,195,12143,32580
ecdsa-P-256,keygen,196,12160,32620
ecdsa-P-256,keygen,197,12101,32468
ecdsa-P-256,keygen,198,12099,32460
ecdsa-P-256,keygen,199,12175,32666
ecdsa-P-256,keygen,200,15037,40324
ecdsa-P-256,keygen,201,12221,32790
ecdsa-P-256,keygen,202,12526,33602
ecdsa-P-256,keygen,203,12738,34172
ecdsa-P-256,keygen,204,12741,34180
ecdsa-P-256,keygen,205,12749,34200
ecdsa-P-256,keygen,206,12696,34062
ecdsa-P-256,keygen,207,12810,34370
ecdsa-P-256,keygen,208,12794,34318
ecdsa-P-256,keygen,209,12738,34174
ecdsa-P-256,keygen,210,12781,34294
ecdsa-P-256,keygen,211,13464,36124
ecdsa-P-256,keygen,212,12171,32654
ecdsa-P-256,keygen,213,12125,32526
ecdsa-P-256,keygen,214,12203,32740
ecdsa-P-256,keygen,215,12171,32650
ecdsa-P-256,keygen,216,12180,32676
ecdsa-P-256,keygen,217,12202,32738
ecdsa-P-256,keygen,218,12197,32722
ecdsa-P-256,keygen,219,12168,32646
ecdsa-P-256,keygen,220,12199,32728
ecdsa-P-256,keygen,221,12286,32964
ecdsa-P-256,keygen,222,12158,32618
ecdsa-P-256,keygen,223,12138,32564
ecdsa-P-256,keygen,224,12204,32748
ecdsa-P-256,keygen,225,12133,32550
ecdsa-P-256,keygen,226,12171,32650
ecdsa-P-256,keygen,227,12147,32590
ecdsa-P-256,keygen,228,12151,32600
ecdsa-P-256,keygen,229,12152,32602
ecdsa-P-256,keygen,230,12222,32792
ecdsa-P-256,keygen,231,12162,32632
ecdsa-P-256,keygen,232,12189,32700
ecdsa-P-256,keygen,233,12131,32544
ecdsa-P-256,keygen,234,12182,32684
ecdsa-P-256,keygen,235,12170,32650
ecdsa-P-256,keygen,236,12172,32656
ecdsa-P-256,keygen,237,12321,33050
ecdsa-P-256,keygen,238,12223,32790
ecdsa-P-256,keygen,239,12228,32808
ecdsa-P-256,keygen,240,12161,32620
ecdsa-P-256,keygen,241,12182,32684
ecdsa-P-256,keygen,242,12174,32660
ecdsa-P-256,keygen,243,12150,32590
ecdsa-P-256,keygen,244,12222,32790
ecdsa-P-256,keygen,245,12204,32742
ecdsa-P-256,keygen,246,12186,32692
ecdsa-P-256,keygen,247,12232,32814
ecdsa-P-256,keygen,248,12249,32858
ecdsa-P-256,keygen,249,12182,32682
ecdsa-P-256,keygen,250,12158,32618
ecdsa-P-256,keygen,251,12161,32624
ecdsa-P-256,keygen,252,12278,32938
ecdsa-P-256,keygen,253,12199,32730
ecdsa-P-256,keygen,254,12176,32666
ecdsa-P-256,keygen,255,12167,32640
ecdsa-P-256,keygen,256,12268,32916
ecdsa-P-256,keygen,257,12238,32828
ecdsa-P-256,keygen,258,12105,32472
ecdsa-P-256,keygen,259,12177,32670
ecdsa-P-256,keygen,260,12170,32646
ecdsa-P-256,keygen,261,12211,32762
ecdsa-P-256,keygen,262,12143,32578
ecdsa-P-256,keygen,263,12187,32698
ecdsa-P-256,keygen,264,12125,32530
ecdsa-P-256,keygen,265,12133,32554
ecdsa-P-256,keygen,266,12171,32656
ecdsa-P-256,keygen,267,12134,32556
ecdsa-P-256,keygen,268,12213,32770
ecdsa-P-256,keygen,269,12158,32618
ecdsa-P-256,keygen,270,12132,32546
ecdsa-P-256,keygen,271,12209,32756
ecdsa-P-256,keygen,272,12207,32750
ecdsa-P-256,keygen,273,12241,32838
ecdsa-P-256,keygen,274,12147,32588
ecdsa-P-256,keygen,275,12081,32412
ecdsa-P-256,keygen,276,12230,32814
ecdsa-P-256,keygen,277,12136,32560
ecdsa-P-256,keygen,278,12188,32698
ecdsa-P-256,keygen,279,13996,37560
ecdsa-P-256,keygen,280,12192,32708
ecdsa-P-256,keygen,281,12202,32738
ecdsa-P-256,keygen,282,12201,32726
ecdsa-P-256,keygen,283,12164,32632
ecdsa-P-256,keygen,284,12212,32758
ecdsa-P-256,keygen,285,12130,32542
ecdsa-P-256,keygen,286,12279,32936
ecdsa-P-256,keygen,287,12203,32734
ecdsa-P-256,keygen,288,12233,32814
ecdsa-P-256,keygen,289,12166,32640
ecdsa-P-256,keygen,290,12162,32624
ecdsa-P-256,keygen,291,12163,32628
ecdsa-P-256,keygen,292,12167,32640
ecdsa-P-256,keygen,293,12229,32802
ecdsa-P-256,keygen,294,12135,32552
ecdsa-P-256,keygen,295,12105,32474
ecdsa-P-256,keygen,296,12215,32770
ecdsa-P-256,keygen,297,12108,32478
ecdsa-P-256,keygen,298,12076,32392
ecdsa-P-256,keygen,299,12117,32504
ecdsa-P-256,keygen,300,12105,32474
ecdsa-P-256,keygen,301,12143,32574
ecdsa-P-256,keygen,302,12094,32444
ecdsa-P-256,keygen,303,12151,32590
ecdsa-P-256,keygen,304,12122,32516
ecdsa-P-256,keygen,305,12170,32638
ecdsa-P-256,keygen,306,12125,32530
ecdsa-P-256,keygen,307,12114,32492
ecdsa-P-256,keygen,308,12153,32602
ecdsa-P-256,keygen,309,12152,32590
ecdsa-P-256,keygen,310,12070,32370
ecdsa-P-256,keygen,311,12150,32588
ecdsa-P-256,keygen,312,12186,32688
ecdsa-P-256,keygen,313,12063,32362
ecdsa-P-256,keygen,314,12117,32502
ecdsa-P-256,keygen,315,12162,32624
ecdsa-P-256,keygen,316,12229,32798
ecdsa-P-256,keygen,317,12137,32556
ecdsa-P-256,keygen,318,12144,32572
ecdsa-P-256,keygen,319,12163,32628
ecdsa-P-256,keygen,320,12090,32428
ecdsa-P-256,keygen,321,12168,32638
ecdsa-P-256,keygen,322,12088,32430
ecdsa-P-256,keygen,323,12196,32716
ecdsa-P-256,keygen,324,12187,32692
ecdsa-P-256,keygen,325,12215,32770
ecdsa-P-256,keygen,326,12189,32702
ecdsa-P-256,keygen,327,12118,32508
ecdsa-P-256,keygen,328,12164,32634
ecdsa-P-256,keygen,329,12218,32770
ecdsa-P-256,keygen,330,12113,32492
ecdsa-P-256,keygen,331,12216,32774
ecdsa-P-256,keygen,332,12182,32680
ecdsa-P-256,keygen,333,12180,32674
ecdsa-P-256,keygen,334,12150,32592
ecdsa-P-256,keygen,335,12081,32404
ecdsa-P-256,keygen,336,12179,32672
ecdsa-P-256,keygen,337,12122,32516
ecdsa-P-256,keygen,338,12153,32600
ecdsa-P-256,keygen,339,12156,32610
ecdsa-P-256,keygen,340,12146,32584
ecdsa-P-256,keygen,341,12156,32610
ecdsa-P-256,keygen,342,12148,32586
ecdsa-P-256,keygen,343,12195,32712
ecdsa-P-256,keygen,344,12123,32522
ecdsa-P-256,keygen,345,12070,32378
ecdsa-P-256,keygen,346,12218,32776
ecdsa-P-256,keygen,347,12183,32678
ecdsa-P-256,keygen,348,12199,32728
ecdsa-P-256,keygen,349,12149,32592
ecdsa-P-256,keygen,350,12127,32530
ecdsa-P-256,keygen,351,12136,32552
ecdsa-P-256,keygen,352,12176,32668
ecdsa-P-256,keygen,353,12121,32516
ecdsa-P-256,keygen,354,12225,32792
ecdsa-P-256,keygen,355,12155,32600
ecdsa-P-256,keygen,356,12165,32636
ecdsa-P-256,keygen,357,12127,32534
ecdsa-P-256,keygen,358,13718,36810
ecdsa-P-256,keygen,359,12248,32856
ecdsa-P-256,keygen,360,12445,33382
ecdsa-P-256,keygen,361,12776,34266
ecdsa-P-256,keygen,362,12710,34098
ecdsa-P-256,keygen,363,12752,34204
ecdsa-P-256,keygen,364,12675,33998
ecdsa-P-256,keygen,365,12760,34230
ecdsa-P-256,keygen,366,12874,34530
ecdsa-P-256,keygen,367,12739,34168
ecdsa-P-256,keygen,368,12700,34070
ecdsa-P-256,keygen,369,12728,34146
ecdsa-P-256,keygen,370,13504,36232
ecdsa-P-256,keygen,371,12177,32668
ecdsa-P-256,keygen,372,12207,32744
ecdsa-P-256,keygen,373,12165,32632
ecdsa-P-256,keygen,374,12175,32662
ecdsa-P-256,keygen,375,12163,32628
ecdsa-P-256,keygen,376,12130,32540
ecdsa-P-256,keygen,377,12237,32832
ecdsa-P-256,keygen,378,12141,32568
ecdsa-P-256,keygen,379,12160,32618
ecdsa-P-256,keygen,380,12107,32480
ecdsa-P-256,keygen,381,12169,32648
ecdsa-P-256,keygen,382,12159,32614
ecdsa-P-256,keygen,383,12168,32642
ecdsa-P-256,keygen,384,12112,32486
ecdsa-P-256,keygen,385,12250,32862
ecdsa-P-256,keygen,386,12148,32588
ecdsa-P-256,keygen,387,12117,32500
ecdsa-P-256,keygen,388,12104,32470
ecdsa-P-256,keygen,389,12191,32702
ecdsa-P-256,keygen,390,12127,32530
ecdsa-P-256,keygen,391,12164,32626
ecdsa-P-256,keygen,392,12127,32528
ecdsa-P-256,keygen,393,12104,32466
ecdsa-P-256,keygen,394,12110,32486
ecdsa-P-256,keygen,395,12127,32530
ecdsa-P-256,keygen,396,12080,32398
ecdsa-P-256,keygen,397,12131,32540
ecdsa-P-256,keygen,398,12099,32460
ecdsa-P-256,keygen,399,12088,32424
ecdsa-P-256,keygen,400,12130,32538
ecdsa-P-256,keygen,401,12117,32498
ecdsa-P-256,keygen,402,12133,32544
ecdsa-P-256,keygen,403,12209,32752
ecdsa-P-256,keygen,404,12093,32440
ecdsa-P-256,keygen,405,12101,32454
ecdsa-P-256,keygen,406,12154,32600
ecdsa-P-256,keygen,407,12107,32474
ecdsa-P-256,keygen,408,12137,32552
ecdsa-P-256,keygen,409,12137,32554
ecdsa-P-256,keygen,410,12196,32714
ecdsa-P-256,keygen,411,12192,32702
ecdsa-P-256,keygen,412,12148,32588
ecdsa-P-256,keygen,413,12144,32578
ecdsa-P-256,keygen,414,12131,32538
ecdsa-P-256,keygen,415,12145,32574
ecdsa-P-256,keygen,416,12169,32644
ecdsa-P-256,keygen,417,12146,32582
ecdsa-P-256,keygen,418,12112,32490
ecdsa-P-256,keygen,419,12127,32528
ecdsa-P-256,keygen,420,12093,32432
ecdsa-P-256,keygen,421,12168,32646
ecdsa-P-256,keygen,422,12201,32728
ecdsa-P-256,keygen,423,12157,32608
ecdsa-P-256,keygen,424,12099,32458
ecdsa-P-256,keygen,425,12200,32730
ecdsa-P-256,keygen,426,12138,32554
ecdsa-P-256,keygen,427,12135,32552
ecdsa-P-256,keygen,428,12169,32646
ecdsa-P-256,keygen,429,12070,32372
ecdsa-P-256,keygen,430,12092,32438
ecdsa-P-256,keygen,431,12158,32614
ecdsa-P-256,keygen,432,12137,32560
ecdsa-P-256,keygen,433,12159,32616
ecdsa-P-256,keygen,434,12185,32682
ecdsa-P-256,keygen,435,12170,32650
ecdsa-P-256,keygen,436,12173,32654
ecdsa-P-256,keygen,437,132372,355750
ecdsa-P-256,keygen,438,12771,34258
ecdsa-P-256,keygen,439,12758,34228
ecdsa-P-256,keygen,440,12730,34152
ecdsa-P-256,keygen,441,12696,34060
ecdsa-P-256,keygen,442,13579,36424
ecdsa-P-256,keygen,443,12138,32558
ecdsa-P-256,keygen,444,12175,32654
ecdsa-P-256,keygen,445,12138,32552
ecdsa-P-256,keygen,446,12085,32422
ecdsa-P-256,keygen,447,12194,32708
ecdsa-P-256,keygen,448,12160,32616
ecdsa-P-256,keygen,449,12140,32556
ecdsa-P-256,keygen,450,12153,32594
ecdsa-P-256,keygen,451,12188,32694
ecdsa-P-256,keygen,452,12136,32556
ecdsa-P-256,keygen,453,12169,32634
ecdsa-P-256,keygen,454,12196,32718
ecdsa-P-256,keygen,455,12200,32726
ecdsa-P-256,keygen,456,12160,32614
ecdsa-P-256,keygen,457,12253,32864
ecdsa-P-256,keygen,458,12142,32570
ecdsa-P-256,keygen,459,12256,32872
ecdsa-P-256,keygen,460,12220,32780
ecdsa-P-256,keygen,461,12115,32490
ecdsa-P-256,keygen,462,12220,32778
ecdsa-P-256,keygen,463,12191,32702
ecdsa-P-256,keygen,464,12134,32548
ecdsa-P-256,keygen,465,12122,32516
ecdsa-P-256,keygen,466,12161,32620
ecdsa-P-256,keygen,467,12156,32610
ecdsa-P-256,keygen,468,12142,32574
ecdsa-P-256,keygen,469,12137,32556
ecdsa-P-256,keygen,470,12174,32658
ecdsa-P-256,keygen,471,12184,32686
ecdsa-P-256,keygen,472,12204,32738
ecdsa-P-256,keygen,473,12171,32652
ecdsa-P-256,keygen,474,12228,32806
ecdsa-P-256,keygen,475,12140,32568
ecdsa-P-256,keygen,476,12153,32604
ecdsa-P-256,keygen,477,12210,32756
ecdsa-P-256,keygen,478,12131,32546
ecdsa-P-256,keygen,479,12165,32636
ecdsa-P-256,keygen,480,12146,32584
ecdsa-P-256,keygen,481,12065,32368
ecdsa-P-256,keygen,482,12132,32542
ecdsa-P-256,keygen,483,12107,32480
ecdsa-P-256,keygen,484,12153,32602
ecdsa-P-256,keygen,485,12200,32730
ecdsa-P-256,keygen,486,12197,32724
ecdsa-P-256,keygen,487,12127,32532
ecdsa-P-256,keygen,488,12131,32546
ecdsa-P-256,keygen,489,12131,32544
ecdsa-P-256,keygen,490,12136,32558
ecdsa-P-256,keygen,491,12144,32578
ecdsa-P-256,keygen,492,12146,32586
ecdsa-P-256,keygen,493,12182,32684
ecdsa-P-256,keygen,494,12080,32404
ecdsa-P-256,keygen,495,12186,32692
ecdsa-P-256,keygen,496,12097,32450
ecdsa-P-256,keygen,497,12162,32628
ecdsa-P-256,keygen,498,12088,32420
ecdsa-P-256,keygen,499,12157,32616
ecdsa-P-256,keygen,500,12104,32468
ecdsa-P-256,keygen,501,12098,32454
ecdsa-P-256,keygen,502,12189,32696
ecdsa-P-256,keygen,503,12234,32822
ecdsa-P-256,keygen,504,12159,32620
ecdsa-P-256,keygen,505,12157,32620
ecdsa-P-256,keygen,506,12125,32528
ecdsa-P-256,keygen,507,13459,36110
ecdsa-P-256,keygen,508,12153,32606
ecdsa-P-256,keygen,509,12442,33382
ecdsa-P-256,keygen,510,12754,34220
ecdsa-P-256,keygen,511,12653,33944
ecdsa-P-256,keygen,512,12758,34230
ecdsa-P-256,keygen,513,12741,34182
ecdsa-P-256,keygen,514,12732,34158
ecdsa-P-256,keygen,515,12710,34100
ecdsa-P-256,keygen,516,12742,34178
ecdsa-P-256,keygen,517,12770,34264
ecdsa-P-256,keygen,518,13399,35938
ecdsa-P-256,keygen,519,12185,32692
ecdsa-P-256,keygen,520,12087,32426
ecdsa-P-256,keygen,521,12208,32754
ecdsa-P-256,keygen,522,12182,32684
ecdsa-P-256,keygen,523,12184,32688
ecdsa-P-256,keygen,524,12158,32612
ecdsa-P-256,keygen,525,12180,32676
ecdsa-P-256,keygen,526,12156,32612
ecdsa-P-256,keygen,527,12170,32650
ecdsa-P-256,keygen,528,12078,32404
ecdsa-P-256,keygen,529,12260,32888
ecdsa-P-256,keygen,530,12085,32426
ecdsa-P-256,keygen,531,12135,32558
ecdsa-P-256,keygen,532,12129,32540
ecdsa-P-256,keygen,533,12115,32502
ecdsa-P-256,keygen,534,12167,32642
ecdsa-P-256,keygen,535,12133,32548
ecdsa-P-256,keygen,536,12174,32660
ecdsa-P-256,keygen,537,12208,32754
ecdsa-P-256,keygen,538,12139,32566
ecdsa-P-256,keygen,539,12163,32632
ecdsa-P-256,keygen,540,12143,32578
ecdsa-P-256,keygen,541,12166,32638
ecdsa-P-256,keygen,542,12180,32672
ecdsa-P-256,keygen,543,12101,32464
ecdsa-P-256,keygen,544,12172,32654
ecdsa-P-256,keygen,545,12125,32528
ecdsa-P-256,keygen,546,12143,32580
ecdsa-P-256,keygen,547,12053,32336
ecdsa-P-256,keygen,548,12139,32566
ecdsa-P-256,keygen,549,12142,32578
ecdsa-P-256,keygen,550,12172,32656
ecdsa-P-256,keygen,551,12078,32404
ecdsa-P-256,keygen,552,12088,32432
ecdsa-P-256,keygen,553,12124,32524
ecdsa-P-256,keygen,554,12111,32494
ecdsa-P-256,keygen,555,12204,32744
ecdsa-P-256,keygen,556,12124,32528
ecdsa-P-256,keygen,557,12149,32596
ecdsa-P-256,keygen,558,12150,32596
ecdsa-P-256,keygen,559,12153,32606
ecdsa-P-256,keygen,560,12161,32622
ecdsa-P-256,keygen,561,12155,32610
ecdsa-P-256,keygen,562,12159,32624
ecdsa-P-256,keygen,563,12107,32480
ecdsa-P-256,keygen,564,12173,32662
ecdsa-P-256,keygen,565,12065,32370
ecdsa-P-256,keygen,566,12130,32544
ecdsa-P-256,keygen,567,12104,32470
ecdsa-P-256,keygen,568,12143,32580
ecdsa-P-256,keygen,569,12142,32574
ecdsa-P-256,keygen,570,12131,32550
ecdsa-P-256,keygen,571,12165,32638
ecdsa-P-256,keygen,572,12124,32526
ecdsa-P-256,keygen,573,12117,32508
ecdsa-P-256,keygen,574,12072,32388
ecdsa-P-256,keygen,575,12155,32608
ecdsa-P-256,keygen,576,12205,32746
ecdsa-P-256,keygen,577,12185,32692
ecdsa-P-256,keygen,578,12154,32608
ecdsa-P-256,keygen,579,12145,32582
ecdsa-P-256,keygen,580,12205,32738
ecdsa-P-256,keygen,581,12145,32582
ecdsa-P-256,keygen,582,12172,32652
ecdsa-P-256,keygen,583,12116,32506
ecdsa-P-256,keygen,584,12144,32578
ecdsa-P-256,keygen,585,12111,32490
ecdsa-P-256,keygen,586,13394,35942
ecdsa-P-256,keygen,587,12062,32360
ecdsa-P-256,keygen,588,12223,32792
ecdsa-P-256,keygen,589,12224,32794
ecdsa-P-256,keygen,590,12141,32574
ecdsa-P-256,keygen,591,12157,32614
ecdsa-P-256,keygen,592,12113,32494
ecdsa-P-256,keygen,593,12104,32468
ecdsa-P-256,keygen,594,12170,32646
ecdsa-P-256,keygen,595,12083,32412
ecdsa-P-256,keygen,596,12165,32636
ecdsa-P-256,keygen,597,12116,32502
ecdsa-P-256,keygen,598,12138,32564
ecdsa-P-256,keygen,599,12145,32582
ecdsa-P-256,keygen,600,12130,32538
ecdsa-P-256,keygen,601,12206,32742
ecdsa-P-256,keygen,602,12149,32590
ecdsa-P-256,keygen,603,12168,32642
ecdsa-P-256,keygen,604,12193,32712
ecdsa-P-256,keygen,605,12130,32542
ecdsa-P-256,keygen,606,12198,32724
ecdsa-P-256,keygen,607,12157,32618
ecdsa-P-256,keygen,608,12092,32440
ecdsa-P-256,keygen,609,12165,32632
ecdsa-P-256,keygen,610,12099,32460
ecdsa-P-256,keygen,611,12164,32636
ecdsa-P-256,keygen,612,12151,32596
ecdsa-P-256,keygen,613,12166,32636
ecdsa-P-256,keygen,614,12074,32392
ecdsa-P-256,keygen,615,12070,32382
ecdsa-P-256,keygen,616,12168,32644
ecdsa-P-256,keygen,617,12149,32590
ecdsa-P-256,keygen,618,12191,32708
ecdsa-P-256,keygen,619,12193,32712
ecdsa-P-256,keygen,620,12105,32472
ecdsa-P-256,keygen,621,12151,32598
ecdsa-P-256,keygen,622,12169,32644
ecdsa-P-256,keygen,623,12109,32488
ecdsa-P-256,keygen,624,12165,32632
ecdsa-P-256,keygen,625,12195,32712
ecdsa-P-256,keygen,626,12129,32538
ecdsa-P-256,keygen,627,12077,32398
ecdsa-P-256,keygen,628,12105,32474
ecdsa-P-256,keygen,629,12232,32816
ecdsa-P-256,keygen,630,12087,32426
ecdsa-P-256,keygen,631,12206,32748
ecdsa-P-256,keygen,632,12097,32450
ecdsa-P-256,keygen,633,12231,32814
ecdsa-P-256,keygen,634,12132,32544
ecdsa-P-256,keygen,635,12100,32458
ecdsa-P-256,keygen,636,12131,32548
ecdsa-P-256,keygen,637,12075,32392
ecdsa-P-256,keygen,638,12151,32598
ecdsa-P-256,keygen,639,12145,32580
ecdsa-P-256,keygen,640,12089,32432
ecdsa-P-256,keygen,641,12119,32512
ecdsa-P-256,keygen,642,12147,32590
ecdsa-P-256,keygen,643,12142,32572
ecdsa-P-256,keygen,644,12109,32482
ecdsa-P-256,keygen,645,12113,32496
ecdsa-P-256,keygen,646,12184,32686
ecdsa-P-256,keygen,647,12064,32366
ecdsa-P-256,keygen,648,12086,32426
ecdsa-P-256,keygen,649,12136,32556
ecdsa-P-256,keygen,650,12043,32306
ecdsa-P-256,keygen,651,12137,32560
ecdsa-P-256,keygen,652,12171,32650
ecdsa-P-256,keygen,653,12066,32372
ecdsa-P-256,keygen,654,12070,32380
ecdsa-P-256,keygen,655,12147,32588
ecdsa-P-256,keygen,656,12163,32628
ecdsa-P-256,keygen,657,12163,32628
ecdsa-P-256,keygen,658,12148,32590
ecdsa-P-256,keygen,659,12120,32514
ecdsa-P-256,keygen,660,12094,32446
ecdsa-P-256,keygen,661,12124,32520
ecdsa-P-256,keygen,662,12080,32406
ecdsa-P-256,keygen,663,12145,32584
ecdsa-P-256,keygen,664,12109,32478
ecdsa-P-256,keygen,665,12060,32346
ecdsa-P-256,keygen,666,14972,40178
ecdsa-P-256,keygen,667,12211,32758
ecdsa-P-256,keygen,668,12579,33740
ecdsa-P-256,keygen,669,12732,34150
ecdsa-P-256,keygen,670,12703,34076
ecdsa-P-256,keygen,671,12781,34282
ecdsa-P-256,keygen,672,12727,34142
ecdsa-P-256,keygen,673,12718,34116
ecdsa-P-256,keygen,674,12716,34112
ecdsa-P-256,keygen,675,12711,34100
ecdsa-P-256,keygen,676,12704,34082
ecdsa-P-256,keygen,677,13790,37000
ecdsa-P-256,keygen,678,12126,32524
ecdsa-P-256,keygen,679,12132,32540
ecdsa-P-256,keygen,680,12161,32626
ecdsa-P-256,keygen,681,12251,32868
ecdsa-P-256,keygen,682,12123,32522
ecdsa-P-256,keygen,683,12213,32758
ecdsa-P-256,keygen,684,12185,32682
ecdsa-P-256,keygen,685,12190,32700
ecdsa-P-256,keygen,686,12141,32564
ecdsa-P-256,keygen,687,12161,32620
ecdsa-P-256,keygen,688,12213,32764
ecdsa-P-256,keygen,689,12114,32498
ecdsa-P-256,keygen,690,12155,32606
ecdsa-P-256,keygen,691,12195,32714
ecdsa-P-256,keygen,692,12230,32808
ecdsa-P-256,keygen,693,12186,32684
ecdsa-P-256,keygen,694,12115,32502
ecdsa-P-256,keygen,695,12249,32862
ecdsa-P-256,keygen,696,12183,32680
ecdsa-P-256,keygen,697,12244,32842
ecdsa-P-256,keygen,698,12123,32516
ecdsa-P-256,keygen,699,12115,32498
ecdsa-P-256,keygen,700,12178,32670
ecdsa-P-256,keygen,701,12145,32580
ecdsa-P-256,keygen,702,12177,32662
ecdsa-P-256,keygen,703,12195,32714
ecdsa-P-256,keygen,704,12125,32532
ecdsa-P-256,keygen,705,12173,32654
ecdsa-P-256,keygen,706,12147,32584
ecdsa-P-256,keygen,707,12098,32454
ecdsa-P-256,keygen,708,12156,32610
ecdsa-P-256,keygen,709,12143,32574
ecdsa-P-256,keygen,710,12141,32572
ecdsa-P-256,keygen,711,12077,32396
ecdsa-P-256,keygen,712,12145,32584
ecdsa-P-256,keygen,713,12170,32644
ecdsa-P-256,keygen,714,12197,32726
ecdsa-P-256,keygen,715,12242,32840
ecdsa-P-256,keygen,716,12203,32734
ecdsa-P-256,keygen,717,12063,32364
ecdsa-P-256,keygen,718,12196,32716
ecdsa-P-256,keygen,719,12166,32636
ecdsa-P-256,keygen,720,12175,32662
ecdsa-P-256,keygen,721,12153,32608
ecdsa-P-256,keygen,722,12206,32742
ecdsa-P-256,keygen,723,12202,32734
ecdsa-P-256,keygen,724,12139,32566
ecdsa-P-256,keygen,725,12154,32604
ecdsa-P-256,keygen,726,12167,32640
ecdsa-P-256,keygen,727,12175,32660
ecdsa-P-256,keygen,728,12207,32752
ecdsa-P-256,keygen,729,12103,32472
ecdsa-P-256,keygen,730,12210,32754
ecdsa-P-256,keygen,731,12178,32674
ecdsa-P-256,keygen,732,12160,32622
ecdsa-P-256,keygen,733,12164,32632
ecdsa-P-256,keygen,734,12077,32398
ecdsa-P-256,keygen,735,12147,32584
ecdsa-P-256,keygen,736,12201,32730
ecdsa-P-256,keygen,737,12118,32512
ecdsa-P-256,keygen,738,12217,32776
ecdsa-P-256,keygen,739,12087,32424
ecdsa-P-256,keygen,740,12131,32544
ecdsa-P-256,keygen,741,12125,32526
ecdsa-P-256,keygen,742,12178,32672
ecdsa-P-256,keygen,743,12128,32532
ecdsa-P-256,keygen,744,12107,32478
ecdsa-P-256,keygen,745,17743,47624
ecdsa-P-256,keygen,746,12242,32818
ecdsa-P-256,keygen,747,12811,34314
ecdsa-P-256,keygen,748,12712,34104
ecdsa-P-256,keygen,749,12684,34028
ecdsa-P-256,keygen,750,12768,34254
ecdsa-P-256,keygen,751,12713,34102
ecdsa-P-256,keygen,752,12749,34200
ecdsa-P-256,keygen,753,12663,33970
ecdsa-P-256,keygen,754,12750,34204
ecdsa-P-256,keygen,755,12655,33952
ecdsa-P-256,keygen,756,13529,36300
ecdsa-P-256,keygen,757,12163,32634
ecdsa-P-256,keygen,758,12150,32596
ecdsa-P-256,keygen,759,12150,32594
ecdsa-P-256,keygen,760,12198,32730
ecdsa-P-256,keygen,761,12109,32486
ecdsa-P-256,keygen,762,12159,32620
ecdsa-P-256,keygen,763,12135,32558
ecdsa-P-256,keygen,764,12150,32596
ecdsa-P-256,keygen,765,12229,32810
ecdsa-P-256,keygen,766,12178,32670
ecdsa-P-256,keygen,767,12229,32808
ecdsa-P-256,keygen,768,12175,32664
ecdsa-P-256,keygen,769,12193,32712
ecdsa-P-256,keygen,770,12174,32662
ecdsa-P-256,keygen,771,12162,32628
ecdsa-P-256,keygen,772,12119,32514
ecdsa-P-256,keygen,773,12145,32582
ecdsa-P-256,keygen,774,12128,32538
ecdsa-P-256,keygen,775,12115,32502
ecdsa-P-256,keygen,776,12200,32728
ecdsa-P-256,keygen,777,12132,32548
ecdsa-P-256,keygen,778,12130,32540
ecdsa-P-256,keygen,779,12183,32682
ecdsa-P-256,keygen,780,12128,32534
ecdsa-P-256,keygen,781,12164,32632
ecdsa-P-256,keygen,782,12171,32650
ecdsa-P-256,keygen,783,12177,32666
ecdsa-P-256,keygen,784,12143,32574
ecdsa-P-256,keygen,785,12102,32466
ecdsa-P-256,keygen,786,12099,32458
ecdsa-P-256,keygen,787,12205,32740
ecdsa-P-256,keygen,788,12088,32418
ecdsa-P-256,keygen,789,12116,32504
ecdsa-P-256,keygen,790,12213,32762
ecdsa-P-256,keygen,791,12172,32654
ecdsa-P-256,keygen,792,12155,32606
ecdsa-P-256,keygen,793,12231,32810
ecdsa-P-256,keygen,794,12136,32556
ecdsa-P-256,keygen,795,12098,32452
ecdsa-P-256,keygen,796,12111,32488
ecdsa-P-256,keygen,797,12099,32458
ecdsa-P-256,keygen,798,12122,32520
ecdsa-P-256,keygen,799,12134,32550
ecdsa-P-256,keygen,800,12083,32410
ecdsa-P-256,keygen,801,12173,32652
ecdsa-P-256,keygen,802,12148,32590
ecdsa-P-256,keygen,803,12176,32664
ecdsa-P-256,keygen,804,12138,32568
ecdsa-P-256,keygen,805,12156,32610
ecdsa-P-256,keygen,806,12218,32778
ecdsa-P-256,keygen,807,12197,32720
ecdsa-P-256,keygen,808,12142,32568
ecdsa-P-256,keygen,809,12200,32726
ecdsa-P-256,keygen,810,12105,32470
ecdsa-P-256,keygen,811,12148,32590
ecdsa-P-256,keygen,812,12142,32570
ecdsa-P-256,keygen,813,12141,32570
ecdsa-P-256,keygen,814,12132,32544
ecdsa-P-256,keygen,815,12153,32598
ecdsa-P-256,keygen,816,12197,32718
ecdsa-P-256,keygen,817,12122,32516
ecdsa-P-256,keygen,818,12226,32794
ecdsa-P-256,keygen,819,12143,32572
ecdsa-P-256,keygen,820,12102,32464
ecdsa-P-256,keygen,821,12203,32734
ecdsa-P-256,keygen,822,12276,32930
ecdsa-P-256,keygen,823,12190,32698
ecdsa-P-256,keygen,824,13929,37374
ecdsa-P-256,keygen,825,12260,32888
ecdsa-P-256,keygen,826,12736,34168
ecdsa-P-256,keygen,827,12734,34158
ecdsa-P-256,keygen,828,12736,34162
ecdsa-P-256,keygen,829,12874,34538
ecdsa-P-256,keygen,830,12890,34576
ecdsa-P-256,keygen,831,12820,34392
ecdsa-P-256,keygen,832,12711,34094
ecdsa-P-256,keygen,833,12796,34326
ecdsa-P-256,keygen,834,13820,37080
ecdsa-P-256,keygen,835,12164,32632
ecdsa-P-256,keygen,836,12153,32600
ecdsa-P-256,keygen,837,12172,32648
ecdsa-P-256,keygen,838,12169,32642
ecdsa-P-256,keygen,839,12191,32704
ecdsa-P-256,keygen,840,12155,32606
ecdsa-P-256,keygen,841,12217,32772
ecdsa-P-256,keygen,842,12170,32646
ecdsa-P-256,keygen,843,12174,32660
ecdsa-P-256,keygen,844,12153,32602
ecdsa-P-256,keygen,845,12176,32660
ecdsa-P-256,keygen,846,12207,32752
ecdsa-P-256,keygen,847,12171,32652
ecdsa-P-256,keygen,848,12234,32822
ecdsa-P-256,keygen,849,12143,32572
ecdsa-P-256,keygen,850,12200,32730
ecdsa-P-256,keygen,851,12188,32700
ecdsa-P-256,keygen,852,12119,32512
ecdsa-P-256,keygen,853,12128,32536
ecdsa-P-256,keygen,854,12194,32714
ecdsa-P-256,keygen,855,12142,32580
ecdsa-P-256,keygen,856,12177,32666
ecdsa-P-256,keygen,857,12168,32644
ecdsa-P-256,keygen,858,12220,32784
ecdsa-P-256,keygen,859,12098,32456
ecdsa-P-256,keygen,860,12141,32566
ecdsa-P-256,keygen,861,12296,32990
ecdsa-P-256,keygen,862,12197,32724
ecdsa-P-256,keygen,863,12197,32724
ecdsa-P-256,keygen,864,12212,32764
ecdsa-P-256,keygen,865,12250,32866
ecdsa-P-256,keygen,866,12244,32850
ecdsa-P-256,keygen,867,12154,32608
ecdsa-P-256,keygen,868,12211,32752
ecdsa-P-256,keygen,869,12167,32642
ecdsa-P-256,keygen,870,12215,32770
ecdsa-P-256,keygen,871,12294,32988
ecdsa-P-256,keygen,872,12140,32570
ecdsa-P-256,keygen,873,12170,32650
ecdsa-P-256,keygen,874,12119,32508
ecdsa-P-256,keygen,875,12134,32554
ecdsa-P-256,keygen,876,12120,32512
ecdsa-P-256,keygen,877,12101,32466
ecdsa-P-256,keygen,878,12167,32646
ecdsa-P-256,keygen,879,12106,32476
ecdsa-P-256,keygen,880,12199,32730
ecdsa-P-256,keygen,881,12190,32706
ecdsa-P-256,keygen,882,12158,32618
ecdsa-P-256,keygen,883,12155,32610
ecdsa-P-256,keygen,884,12164,32626
ecdsa-P-256,keygen,885,12147,32590
ecdsa-P-256,keygen,886,12156,32612
ecdsa-P-256,keygen,887,12132,32546
ecdsa-P-256,keygen,888,12151,32596
ecdsa-P-256,keygen,889,12074,32390
ecdsa-P-256,keygen,890,12228,32804
ecdsa-P-256,keygen,891,12202,32734
ecdsa-P-256,keygen,892,12129,32540
ecdsa-P-256,keygen,893,12127,32530
ecdsa-P-256,keygen,894,12173,32658
ecdsa-P-256,keygen,895,12080,32398
ecdsa-P-256,keygen,896,12204,32738
ecdsa-P-256,keygen,897,12150,32600
ecdsa-P-256,keygen,898,12189,32698
ecdsa-P-256,keygen,899,12116,32500
ecdsa-P-256,keygen,900,12182,32686
ecdsa-P-256,keygen,901,12174,32662
ecdsa-P-256,keygen,902,12111,32494
ecdsa-P-256,keygen,903,13648,36622
ecdsa-P-256,keygen,904,12173,32660
ecdsa-P-256,keygen,905,12176,32668
ecdsa-P-256,keygen,906,12179,32676
ecdsa-P-256,keygen,907,12117,32508
ecdsa-P-256,keygen,908,12237,32830
ecdsa-P-256,keygen,909,12128,32538
ecdsa-P-256,keygen,910,12167,32642
ecdsa-P-256,keygen,911,12168,32646
ecdsa-P-256,keygen,912,12151,32604
ecdsa-P-256,keygen,913,12166,32636
ecdsa-P-256,keygen,914,12182,32682
ecdsa-P-256,keygen,915,12201,32734
ecdsa-P-256,keygen,916,12129,32542
ecdsa-P-256,keygen,917,12093,32446
ecdsa-P-256,keygen,918,12147,32588
ecdsa-P-256,keygen,919,12119,32514
ecdsa-P-256,keygen,920,12166,32638
ecdsa-P-256,keygen,921,12135,32558
ecdsa-P-256,keygen,922,12162,32628
ecdsa-P-256,keygen,923,12171,32654
ecdsa-P-256,keygen,924,12163,32630
ecdsa-P-256,keygen,925,12162,32628
ecdsa-P-256,keygen,926,12171,32656
ecdsa-P-256,keygen,927,12202,32738
ecdsa-P-256,keygen,928,12210,32758
ecdsa-P-256,keygen,929,12183,32686
ecdsa-P-256,keygen,930,12147,32592
ecdsa-P-256,keygen,931,12146,32584
ecdsa-P-256,keygen,932,12263,32900
ecdsa-P-256,keygen,933,12179,32670
ecdsa-P-256,keygen,934,12114,32500
ecdsa-P-256,keygen,935,12181,32684
ecdsa-P-256,keygen,936,12181,32684
ecdsa-P-256,keygen,937,12096,32450
ecdsa-P-256,keygen,938,12171,32654
ecdsa-P-256,keygen,939,12272,32926
ecdsa-P-256,keygen,940,12219,32784
ecdsa-P-256,keygen,941,12114,32498
ecdsa-P-256,keygen,942,12182,32684
ecdsa-P-256,keygen,943,12127,32538
ecdsa-P-256,keygen,944,12176,32666
ecdsa-P-256,keygen,945,12135,32560
ecdsa-P-256,keygen,946,12171,32654
ecdsa-P-256,keygen,947,12188,32702
ecdsa-P-256,keygen,948,12166,32642
ecdsa-P-256,keygen,949,12186,32694
ecdsa-P-256,keygen,950,12182,32682
ecdsa-P-256,keygen,951,12161,32626
ecdsa-P-256,keygen,952,12234,32822
ecdsa-P-256,keygen,953,12157,32616
ecdsa-P-256,keygen,954,12213,32768
ecdsa-P-256,keygen,955,12200,32734
ecdsa-P-256,keygen,956,12165,32636
ecdsa-P-256,keygen,957,12173,32658
ecdsa-P-256,keygen,958,12143,32578
ecdsa-P-256,keygen,959,12199,32732
ecdsa-P-256,keygen,960,12161,32628
ecdsa-P-256,keygen,961,12224,32796
ecdsa-P-256,keygen,962,12147,32590
ecdsa-P-256,keygen,963,12175,32664
ecdsa-P-256,keygen,964,12177,32664
ecdsa-P-256,keygen,965,12192,32708
ecdsa-P-256,keygen,966,12180,32678
ecdsa-P-256,keygen,967,12227,32802
ecdsa-P-256,keygen,968,12113,32500
ecdsa-P-256,keygen,969,12109,32488
ecdsa-P-256,keygen,970,12115,32504
ecdsa-P-256,keygen,971,12102,32466
ecdsa-P-256,keygen,972,12225,32800
ecdsa-P-256,keygen,973,12109,32490
ecdsa-P-256,keygen,974,12202,32738
ecdsa-P-256,keygen,975,12156,32614
ecdsa-P-256,keygen,976,12195,32720
ecdsa-P-256,keygen,977,12165,32638
ecdsa-P-256,keygen,978,12159,32624
ecdsa-P-256,keygen,979,12134,32554
ecdsa-P-256,keygen,980,12181,32682
ecdsa-P-256,keygen,981,12148,32590
ecdsa-P-256,keygen,982,14151,37982
ecdsa-P-256,keygen,983,12174,32658
ecdsa-P-256,keygen,984,12440,33374
ecdsa-P-256,keygen,985,12764,34242
ecdsa-P-256,keygen,986,12767,34252
ecdsa-P-256,keygen,987,12758,34226
ecdsa-P-256,keygen,988,12697,34064
ecdsa-P-256,keygen,989,12718,34122
ecdsa-P-256,keygen,990,12754,34216
ecdsa-P-256,keygen,991,12697,34066
ecdsa-P-256,keygen,992,12711,34098
ecdsa-P-256,keygen,993,12721,34124
ecdsa-P-256,keygen,994,13438,36058
ecdsa-P-256,keygen,995,12098,32458
ecdsa-P-256,keygen,996,12165,32634
ecdsa-P-256,keygen,997,12159,32622
ecdsa-P-256,keygen,998,12108,32482
ecdsa-P-256,keygen,999,12160,32624
ecdsa-P-256,sign,0,17540,47054
ecdsa-P-256,sign,1,17071,45824
ecdsa-P-256,sign,2,16953,45476
ecdsa-P-256,sign,3,17042,45740
ecdsa-P-256,sign,4,16876,45304
ecdsa-P-256,sign,5,17047,45758
ecdsa-P-256,sign,6,16976,45562
ecdsa-P-256,sign,7,17074,45832
ecdsa-P-256,sign,8,17062,45798
ecdsa-P-256,sign,9,17110,45928
ecdsa-P-256,sign,10,16948,45498
ecdsa-P-256,sign,11,16977,45574
ecdsa-P-256,sign,12,16973,45564
ecdsa-P-256,sign,13,17063,45798
ecdsa-P-256,sign,14,16892,45344
ecdsa-P-256,sign,15,16893,45346
ecdsa-P-256,sign,16,16978,45574
ecdsa-P-256,sign,17,17031,45718
ecdsa-P-256,sign,18,16890,45338
ecdsa-P-256,sign,19,16953,45508
ecdsa-P-256,sign,20,16983,45586
ecdsa-P-256,sign,21,17012,45662
ecdsa-P-256,sign,22,16874,45292
ecdsa-P-256,sign,23,16969,45552
ecdsa-P-256,sign,24,17084,45860
ecdsa-P-256,sign,25,16906,45380
ecdsa-P-256,sign,26,16958,45518
ecdsa-P-256,sign,27,17012,45670
ecdsa-P-256,sign,28,17012,45668
ecdsa-P-256,sign,29,17065,45812
ecdsa-P-256,sign,30,16943,45484
ecdsa-P-256,sign,31,16982,45582
ecdsa-P-256,sign,32,16999,45632
ecdsa-P-256,sign,33,16899,45354
ecdsa-P-256,sign,34,16945,45486
ecdsa-P-256,sign,35,17093,45888
ecdsa-P-256,sign,36,16887,45330
ecdsa-P-256,sign,37,18340,49234
ecdsa-P-256,sign,38,17028,45702
ecdsa-P-256,sign,39,16971,45554
ecdsa-P-256,sign,40,17021,45690
ecdsa-P-256,sign,41,16978,45576
ecdsa-P-256,sign,42,16950,45500
ecdsa-P-256,sign,43,17056,45784
ecdsa-P-256,sign,44,16963,45538
ecdsa-P-256,sign,45,16951,45502
ecdsa-P-256,sign,46,17066,45810
ecdsa-P-256,sign,47,17018,45680
ecdsa-P-256,sign,48,17018,45682
ecdsa-P-256,sign,49,17097,45894
ecdsa-P-256,sign,50,17037,45734
ecdsa-P-256,sign,51,16879,45304
ecdsa-P-256,sign,52,16971,45556
ecdsa-P-256,sign,53,17066,45806
ecdsa-P-256,sign,54,16943,45482
ecdsa-P-256,sign,55,17106,45920
ecdsa-P-256,sign,56,16960,45528
ecdsa-P-256,sign,57,17050,45764
ecdsa-P-256,sign,58,16788,45062
ecdsa-P-256,sign,59,16968,45546
ecdsa-P-256,sign,60,16942,45480
ecdsa-P-256,sign,61,17055,45782
ecdsa-P-256,sign,62,16989,45608
ecdsa-P-256,sign,63,17053,45776
ecdsa-P-256,sign,64,17073,45828
ecdsa-P-256,sign,65,16973,45562
ecdsa-P-256,sign,66,16923,45430
ecdsa-P-256,sign,67,17021,45692
ecdsa-P-256,sign,68,16985,45590
ecdsa-P-256,sign,69,16919,45414
ecdsa-P-256,sign,70,16934,45460
ecdsa-P-256,sign,71,16965,45536
ecdsa-P-256,sign,72,16892,45344
ecdsa-P-256,sign,73,17006,45650
ecdsa-P-256,sign,74,17076,45840
ecdsa-P-256,sign,75,17030,45712
ecdsa-P-256,sign,76,16936,45464
ecdsa-P-256,sign,77,16881,45316
ecdsa-P-256,sign,78,16921,45422
ecdsa-P-256,sign,79,16919,45418
ecdsa-P-256,sign,80,16953,45508
ecdsa-P-256,sign,81,16898,45354
ecdsa-P-256,sign,82,17018,45680
ecdsa-P-256,sign,83,17035,45730
ecdsa-P-256,sign,84,16987,45594
ecdsa-P-256,sign,85,17027,45702
ecdsa-P-256,sign,86,16883,45316
ecdsa-P-256,sign,87,16889,45340
ecdsa-P-256,sign,88,16891,45344
ecdsa-P-256,sign,89,17007,45656
ecdsa-P-256,sign,90,17211,46204
ecdsa-P-256,sign,91,17004,45638
ecdsa-P-256,sign,92,16904,45370
ecdsa-P-256,sign,93,16908,45382
ecdsa-P-256,sign,94,19183,51502
ecdsa-P-256,sign,95,16939,45466
ecdsa-P-256,sign,96,16937,45466
ecdsa-P-256,sign,97,16900,45368
ecdsa-P-256,sign,98,16986,45596
ecdsa-P-256,sign,99,17076,45838
ecdsa-P-256,sign,100,17036,45730
ecdsa-P-256,sign,101,16912,45396
ecdsa-P-256,sign,102,16945,45490
ecdsa-P-256,sign,103,17058,45784
ecdsa-P-256,sign,104,17029,45708
ecdsa-P-256,sign,105,16961,45528
ecdsa-P-256,sign,106,17036,45726
ecdsa-P-256,sign,107,16949,45492
ecdsa-P-256,sign,108,16923,45426
ecdsa-P-256,sign,109,16992,45616
ecdsa-P-256,sign,110,17007,45654
ecdsa-P-256,sign,111,16911,45390
ecdsa-P-256,sign,112,16997,45622
ecdsa-P-256,sign,113,16945,45480
ecdsa-P-256,sign,114,17021,45690
ecdsa-P-256,sign,115,16956,45516
ecdsa-P-256,sign,116,16977,45572
ecdsa-P-256,sign,117,16991,45604
ecdsa-P-256,sign,118,16821,45156
ecdsa-P-256,sign,119,16837,45194
ecdsa-P-256,sign,120,16950,45494
ecdsa-P-256,sign,121,16980,45580
ecdsa-P-256,sign,122,17000,45634
ecdsa-P-256,sign,123,17044,45754
ecdsa-P-256,sign,124,16930,45448
ecdsa-P-256,sign,125,16993,45618
ecdsa-P-256,sign,126,16947,45492
ecdsa-P-256,sign,127,16983,45588
ecdsa-P-256,sign,128,16989,45608
ecdsa-P-256,sign,129,16866,45268
ecdsa-P-256,sign,130,17037,45730
ecdsa-P-256,sign,131,16891,45334
ecdsa-P-256,sign,132,16988,45600
ecdsa-P-256,sign,133,16914,45404
ecdsa-P-256,sign,134,16934,45456
ecdsa-P-256,sign,135,17052,45772
ecdsa-P-256,sign,136,17026,45704
ecdsa-P-256,sign,137,16977,45574
ecdsa-P-256,sign,138,17011,45664
ecdsa-P-256,sign,139,16932,45446
ecdsa-P-256,sign,140,16962,45532
ecdsa-P-256,sign,141,17006,45652
ecdsa-P-256,sign,142,16897,45356
ecdsa-P-256,sign,143,17022,45692
ecdsa-P-256,sign,144,16954,45512
ecdsa-P-256,sign,145,17019,45686
ecdsa-P-256,sign,146,17012,45666
ecdsa-P-256,sign,147,16963,45532
ecdsa-P-256,sign,148,16884,45322
ecdsa-P-256,sign,149,16974,45562
ecdsa-P-256,sign,150,16944,45484
ecdsa-P-256,sign,151,17082,45854
ecdsa-P-256,sign,152,18955,50886
ecdsa-P-256,sign,153,17059,45786
ecdsa-P-256,sign,154,17047,45760
ecdsa-P-256,sign,155,16808,45112
ecdsa-P-256,sign,156,16939,45466
ecdsa-P-256,sign,157,16906,45378
ecdsa-P-256,sign,158,17090,45872
ecdsa-P-256,sign,159,16988,45596
ecdsa-P-256,sign,160,16885,45320
ecdsa-P-256,sign,161,17012,45662
ecdsa-P-256,sign,162,16835,45192
ecdsa-P-256,sign,163,17013,45672
ecdsa-P-256,sign,164,17019,45684
ecdsa-P-256,sign,165,17002,45636
ecdsa-P-256,sign,166,16832,45176
ecdsa-P-256,sign,167,16977,45572
ecdsa-P-256,sign,168,17068,45812
ecdsa-P-256,sign,169,16923,45424
ecdsa-P-256,sign,170,16975,45566
ecdsa-P-256,sign,171,16972,45558
ecdsa-P-256,sign,172,17132,45990
ecdsa-P-256,sign,173,16999,45634
ecdsa-P-256,sign,174,16939,45472
ecdsa-P-256,sign,175,16969,45546
ecdsa-P-256,sign,176,16925,45428
ecdsa-P-256,sign,177,17029,45712
ecdsa-P-256,sign,178,16888,45334
ecdsa-P-256,sign,179,16979,45574
ecdsa-P-256,sign,180,16961,45528
ecdsa-P-256,sign,181,16969,45550
ecdsa-P-256,sign,182,16968,45546
ecdsa-P-256,sign,183,17035,45728
ecdsa-P-256,sign,184,16954,45504
ecdsa-P-256,sign,185,16931,45446
ecdsa-P-256,sign,186,16886,45328
ecdsa-P-256,sign,187,17006,45640
ecdsa-P-256,sign,188,16964,45534
ecdsa-P-256,sign,189,17045,45748
ecdsa-P-256,sign,190,17051,45774
ecdsa-P-256,sign,191,17042,45748
ecdsa-P-256,sign,192,16937,45464
ecdsa-P-256,sign,193,17006,45648
ecdsa-P-256,sign,194,17063,45802
ecdsa-P-256,sign,195,17114,45938
ecdsa-P-256,sign,196,17048,45760
ecdsa-P-256,sign,197,17030,45710
ecdsa-P-256,sign,198,16986,45592
ecdsa-P-256,sign,199,16995,45620
ecdsa-P-256,sign,200,17015,45668
ecdsa-P-256,sign,201,16906,45380
ecdsa-P-256,sign,202,17067,45818
ecdsa-P-256,sign,203,16966,45540
ecdsa-P-256,sign,204,17012,45660
ecdsa-P-256,sign,205,17029,45708
ecdsa-P-256,sign,206,16997,45628
ecdsa-P-256,sign,207,16990,45610
ecdsa-P-256,sign,208,17032,45722
ecdsa-P-256,sign,209,23455,62980
ecdsa-P-256,sign,210,17054,45778
ecdsa-P-256,sign,211,17060,45792
ecdsa-P-256,sign,212,17033,45724
ecdsa-P-256,sign,213,16922,45424
ecdsa-P-256,sign,214,16868,45282
ecdsa-P-256,sign,215,16970,45558
ecdsa-P-256,sign,216,17076,45840
ecdsa-P-256,sign,217,16896,45352
ecdsa-P-256,sign,218,17001,45640
ecdsa-P-256,sign,219,17030,45710
ecdsa-P-256,sign,220,17002,45634
ecdsa-P-256,sign,221,17133,45988
ecdsa-P-256,sign,222,17056,45784
ecdsa-P-256,sign,223,16978,45578
ecdsa-P-256,sign,224,17007,45654
ecdsa-P-256,sign,225,17012,45662
ecdsa-P-256,sign,226,17076,45840
ecdsa-P-256,sign,227,16998,45630
ecdsa-P-256,sign,228,17038,45738
ecdsa-P-256,sign,229,16945,45488
ecdsa-P-256,sign,230,16931,45448
ecdsa-P-256,sign,231,17030,45714
ecdsa-P-256,sign,232,17041,45742
ecdsa-P-256,sign,233,16989,45602
ecdsa-P-256,sign,234,16833,45184
ecdsa-P-256,sign,235,17015,45676
ecdsa-P-256,sign,236,17119,45954
ecdsa-P-256,sign,237,17113,45934
ecdsa-P-256,sign,238,16975,45566
ecdsa-P-256,sign,239,17017,45682
ecdsa-P-256,sign,240,16986,45596
ecdsa-P-256,sign,241,16917,45410
ecdsa-P-256,sign,242,16896,45354
ecdsa-P-256,sign,243,16971,45548
ecdsa-P-256,sign,244,16931,45450
ecdsa-P-256,sign,245,16872,45288
ecdsa-P-256,sign,246,16890,45340
ecdsa-P-256,sign,247,16975,45568
ecdsa-P-256,sign,248,16949,45496
ecdsa-P-256,sign,249,17015,45674
ecdsa-P-256,sign,250,17006,45650
ecdsa-P-256,sign,251,16913,45404
ecdsa-P-256,sign,252,16907,45386
ecdsa-P-256,sign,253,16963,45536
ecdsa-P-256,sign,254,17039,45738
ecdsa-P-256,sign,255,16922,45420
ecdsa-P-256,sign,256,17058,45788
ecdsa-P-256,sign,257,16975,45568
ecdsa-P-256,sign,258,17011,45664
ecdsa-P-256,sign,259,17009,45660
ecdsa-P-256,sign,260,17009,45660
ecdsa-P-256,sign,261,17091,45876
ecdsa-P-256,sign,262,16945,45490
ecdsa-P-256,sign,263,16972,45558
ecdsa-P-256,sign,264,17031,45718
ecdsa-P-256,sign,265,17082,45854
ecdsa-P-256,sign,266,17090,45878
ecdsa-P-256,sign,267,17032,45712
ecdsa-P-256,sign,268,17191,46146
ecdsa-P-256,sign,269,16968,45548
ecdsa-P-256,sign,270,16993,45616
ecdsa-P-256,sign,271,17032,45722
ecdsa-P-256,sign,272,17011,45664
ecdsa-P-256,sign,273,16847,45220
ecdsa-P-256,sign,274,16973,45562
ecdsa-P-256,sign,275,17104,45918
ecdsa-P-256,sign,276,16893,45342
ecdsa-P-256,sign,277,17003,45634
ecdsa-P-256,sign,278,16993,45614
ecdsa-P-256,sign,279,17042,45742
ecdsa-P-256,sign,280,16908,45382
ecdsa-P-256,sign,281,16935,45462
ecdsa-P-256,sign,282,16973,45562
ecdsa-P-256,sign,283,16945,45486
ecdsa-P-256,sign,284,16957,45516
ecdsa-P-256,sign,285,17031,45712
ecdsa-P-256,sign,286,16966,45540
ecdsa-P-256,sign,287,16979,45578
ecdsa-P-256,sign,288,16975,45564
ecdsa-P-256,sign,289,17068,45814
ecdsa-P-256,sign,290,16926,45432
ecdsa-P-256,sign,291,16956,45516
ecdsa-P-256,sign,292,16982,45584
ecdsa-P-256,sign,293,16930,45446
ecdsa-P-256,sign,294,17000,45632
ecdsa-P-256,sign,295,16891,45342
ecdsa-P-256,sign,296,17058,45790
ecdsa-P-256,sign,297,17111,45926
ecdsa-P-256,sign,298,17081,45854
ecdsa-P-256,sign,299,17029,45712
ecdsa-P-256,sign,300,17003,45638
ecdsa-P-256,sign,301,16957,45514
ecdsa-P-256,sign,302,16989,45598
ecdsa-P-256,sign,303,16885,45320
ecdsa-P-256,sign,304,16979,45576
ecdsa-P-256,sign,305,17007,45648
ecdsa-P-256,sign,306,17011,45666
ecdsa-P-256,sign,307,16901,45362
ecdsa-P-256,sign,308,17018,45684
ecdsa-P-256,sign,309,17068,45816
ecdsa-P-256,sign,310,16901,45368
ecdsa-P-256,sign,311,17159,46054
ecdsa-P-256,sign,312,17284,46396
ecdsa-P-256,sign,313,16987,45600
ecdsa-P-256,sign,314,16931,45448
ecdsa-P-256,sign,315,16905,45376
ecdsa-P-256,sign,316,16924,45430
ecdsa-P-256,sign,317,16976,45566
ecdsa-P-256,sign,318,17077,45842
ecdsa-P-256,sign,319,16990,45600
ecdsa-P-256,sign,320,17066,45812
ecdsa-P-256,sign,321,17041,45738
ecdsa-P-256,sign,322,17059,45794
ecdsa-P-256,sign,323,16951,45502
ecdsa-P-256,sign,324,18339,49230
ecdsa-P-256,sign,325,16973,45556
ecdsa-P-256,sign,326,16971,45552
ecdsa-P-256,sign,327,16932,45450
ecdsa-P-256,sign,328,16927,45434
ecdsa-P-256,sign,329,16963,45536
ecdsa-P-256,sign,330,16878,45308
ecdsa-P-256,sign,331,16980,45580
ecdsa-P-256,sign,332,17008,45660
ecdsa-P-256,sign,333,17019,45680
ecdsa-P-256,sign,334,16930,45446
ecdsa-P-256,sign,335,16980,45578
ecdsa-P-256,sign,336,16859,45256
ecdsa-P-256,sign,337,16973,45562
ecdsa-P-256,sign,338,16944,45482
ecdsa-P-256,sign,339,17001,45642
ecdsa-P-256,sign,340,16937,45458
ecdsa-P-256,sign,341,16974,45560
ecdsa-P-256,sign,342,16960,45530
ecdsa-P-256,sign,343,16990,45610
ecdsa-P-256,sign,344,17054,45780
ecdsa-P-256,sign,345,16901,45366
ecdsa-P-256,sign,346,16979,45582
ecdsa-P-256,sign,347,16996,45628
ecdsa-P-256,sign,348,16973,45560
ecdsa-P-256,sign,349,16980,45582
ecdsa-P-256,sign,350,16900,45366
ecdsa-P-256,sign,351,16912,45398
ecdsa-P-256,sign,352,16920,45418
ecdsa-P-256,sign,353,17013,45670
ecdsa-P-256,sign,354,16907,45384
ecdsa-P-256,sign,355,16888,45334
ecdsa-P-256,sign,356,17142,46016
ecdsa-P-256,sign,357,16881,45314
ecdsa-P-256,sign,358,16969,45552
ecdsa-P-256,sign,359,16901,45368
ecdsa-P-256,sign,360,17059,45796
ecdsa-P-256,sign,361,16934,45458
ecdsa-P-256,sign,362,16884,45322
ecdsa-P-256,sign,363,16960,45526
ecdsa-P-256,sign,364,16960,45528
ecdsa-P-256,sign,365,16901,45376
ecdsa-P-256,sign,366,16962,45532
ecdsa-P-256,sign,367,16926,45436
ecdsa-P-256,sign,368,16939,45472
ecdsa-P-256,sign,369,16886,45330
ecdsa-P-256,sign,370,16889,45332
ecdsa-P-256,sign,371,17058,45790
ecdsa-P-256,sign,372,17007,45652
ecdsa-P-256,sign,373,16925,45428
ecdsa-P-256,sign,374,16995,45620
ecdsa-P-256,sign,375,17017,45676
ecdsa-P-256,sign,376,17082,45854
ecdsa-P-256,sign,377,17086,45866
ecdsa-P-256,sign,378,16916,45408
ecdsa-P-256,sign,379,16945,45488
ecdsa-P-256,sign,380,16895,45352
ecdsa-P-256,sign,381,18147,48718
ecdsa-P-256,sign,382,17252,46314
ecdsa-P-256,sign,383,17076,45840
ecdsa-P-256,sign,384,17087,45868
ecdsa-P-256,sign,385,16925,45434
ecdsa-P-256,sign,386,16917,45406
ecdsa-P-256,sign,387,16908,45380
ecdsa-P-256,sign,388,17020,45692
ecdsa-P-256,sign,389,16970,45552
ecdsa-P-256,sign,390,17033,45722
ecdsa-P-256,sign,391,16900,45366
ecdsa-P-256,sign,392,16992,45614
ecdsa-P-256,sign,393,16906,45378
ecdsa-P-256,sign,394,16973,45562
ecdsa-P-256,sign,395,16965,45542
ecdsa-P-256,sign,396,16948,45490
ecdsa-P-256,sign,397,17003,45642
ecdsa-P-256,sign,398,17028,45706
ecdsa-P-256,sign,399,16924,45430
ecdsa-P-256,sign,400,16996,45620
ecdsa-P-256,sign,401,16856,45246
ecdsa-P-256,sign,402,16858,45250
ecdsa-P-256,sign,403,16891,45342
ecdsa-P-256,sign,404,17010,45662
ecdsa-P-256,sign,405,16772,45020
ecdsa-P-256,sign,406,16925,45436
ecdsa-P-256,sign,407,17007,45650
ecdsa-P-256,sign,408,17001,45636
ecdsa-P-256,sign,409,16894,45348
ecdsa-P-256,sign,410,16966,45544
ecdsa-P-256,sign,411,17088,45868
ecdsa-P-256,sign,412,17055,45784
ecdsa-P-256,sign,413,16928,45442
ecdsa-P-256,sign,414,17106,45922
ecdsa-P-256,sign,415,16901,45366
ecdsa-P-256,sign,416,17033,45716
ecdsa-P-256,sign,417,16928,45438
ecdsa-P-256,sign,418,16897,45360
ecdsa-P-256,sign,419,16966,45542
ecdsa-P-256,sign,420,16984,45590
ecdsa-P-256,sign,421,16968,45544
ecdsa-P-256,sign,422,16901,45360
ecdsa-P-256,sign,423,16985,45588
ecdsa-P-256,sign,424,16890,45330
ecdsa-P-256,sign,425,17022,45692
ecdsa-P-256,sign,426,16959,45518
ecdsa-P-256,sign,427,17079,45842
ecdsa-P-256,sign,428,16937,45460
ecdsa-P-256,sign,429,16884,45316
ecdsa-P-256,sign,430,16941,45474
ecdsa-P-256,sign,431,16973,45564
ecdsa-P-256,sign,432,16914,45402
ecdsa-P-256,sign,433,16917,45410
ecdsa-P-256,sign,434,16928,45442
ecdsa-P-256,sign,435,16912,45390
ecdsa-P-256,sign,436,17063,45800
ecdsa-P-256,sign,437,16958,45520
ecdsa-P-256,sign,438,17001,45632
ecdsa-P-256,sign,439,25914,69590
ecdsa-P-256,sign,440,16985,45592
ecdsa-P-256,sign,441,17562,47140
ecdsa-P-256,sign,442,17764,47686
ecdsa-P-256,sign,443,17768,47698
ecdsa-P-256,sign,444,17863,47950
ecdsa-P-256,sign,445,17750,47648
ecdsa-P-256,sign,446,17675,47442
ecdsa-P-256,sign,447,17810,47802
ecdsa-P-256,sign,448,18430,49482
ecdsa-P-256,sign,449,17015,45672
ecdsa-P-256,sign,450,16976,45570
ecdsa-P-256,sign,451,16974,45562
ecdsa-P-256,sign,452,17014,45670
ecdsa-P-256,sign,453,16921,45424
ecdsa-P-256,sign,454,16995,45618
ecdsa-P-256,sign,455,16960,45526
ecdsa-P-256,sign,456,16948,45496
ecdsa-P-256,sign,457,16892,45344
ecdsa-P-256,sign,458,16980,45580
ecdsa-P-256,sign,459,16908,45388
ecdsa-P-256,sign,460,16973,45562
ecdsa-P-256,sign,461,16953,45506
ecdsa-P-256,sign,462,16903,45374
ecdsa-P-256,sign,463,16919,45418
ecdsa-P-256,sign,464,17024,45696
ecdsa-P-256,sign,465,17022,45688
ecdsa-P-256,sign,466,17009,45658
ecdsa-P-256,sign,467,16922,45424
ecdsa-P-256,sign,468,16928,45440
ecdsa-P-256,sign,469,16848,45228
ecdsa-P-256,sign,470,16848,45224
ecdsa-P-256,sign,471,16876,45296
ecdsa-P-256,sign,472,16932,45446
ecdsa-P-256,sign,473,16988,45604
ecdsa-P-256,sign,474,16926,45430
ecdsa-P-256,sign,475,16890,45334
ecdsa-P-256,sign,476,16969,45552
ecdsa-P-256,sign,477,16897,45354
ecdsa-P-256,sign,478,16951,45502
ecdsa-P-256,sign,479,16919,45416
ecdsa-P-256,sign,480,16941,45478
ecdsa-P-256,sign,481,16882,45320
ecdsa-P-256,sign,482,16877,45304
ecdsa-P-256,sign,483,16859,45250
ecdsa-P-256,sign,484,16870,45284
ecdsa-P-256,sign,485,16868,45280
ecdsa-P-256,sign,486,16878,45304
ecdsa-P-256,sign,487,16888,45336
ecdsa-P-256,sign,488,17025,45700
ecdsa-P-256,sign,489,16959,45520
ecdsa-P-256,sign,490,17024,45700
ecdsa-P-256,sign,491,17018,45686
ecdsa-P-256,sign,492,16924,45430
ecdsa-P-256,sign,493,16842,45212
ecdsa-P-256,sign,494,16891,45344
ecdsa-P-256,sign,495,16931,45448
ecdsa-P-256,sign,496,18061,48484
ecdsa-P-256,sign,497,16916,45402
ecdsa-P-256,sign,498,16902,45374
ecdsa-P-256,sign,499,16889,45334
ecdsa-P-256,sign,500,16803,45104
ecdsa-P-256,sign,501,16866,45270
ecdsa-P-256,sign,502,16930,45446
ecdsa-P-256,sign,503,16949,45494
ecdsa-P-256,sign,504,16913,45398
ecdsa-P-256,sign,505,16935,45460
ecdsa-P-256,sign,506,16942,45476
ecdsa-P-256,sign,507,16921,45420
ecdsa-P-256,sign,508,16901,45368
ecdsa-P-256,sign,509,16938,45466
ecdsa-P-256,sign,510,16912,45398
ecdsa-P-256,sign,511,16952,45506
ecdsa-P-256,sign,512,16924,45430
ecdsa-P-256,sign,513,16939,45468
ecdsa-P-256,sign,514,17007,45654
ecdsa-P-256,sign,515,16792,45076
ecdsa-P-256,sign,516,16934,45456
ecdsa-P-256,sign,517,17035,45732
ecdsa-P-256,sign,518,16892,45346
ecdsa-P-256,sign,519,16925,45428
ecdsa-P-256,sign,520,17023,45696
ecdsa-P-256,sign,521,17013,45666
ecdsa-P-256,sign,522,16975,45566
ecdsa-P-256,sign,523,16900,45366
ecdsa-P-256,sign,524,16938,45466
ecdsa-P-256,sign,525,16893,45344
ecdsa-P-256,sign,526,16998,45630
ecdsa-P-256,sign,527,16895,45352
ecdsa-P-256,sign,528,16931,45450
ecdsa-P-256,sign,529,16963,45534
ecdsa-P-256,sign,530,16971,45552
ecdsa-P-256,sign,531,16917,45398
ecdsa-P-256,sign,532,16938,45466
ecdsa-P-256,sign,533,16969,45552
ecdsa-P-256,sign,534,16909,45388
ecdsa-P-256,sign,535,16856,45248
ecdsa-P-256,sign,536,17059,45794
ecdsa-P-256,sign,537,16930,45448
ecdsa-P-256,sign,538,16921,45420
ecdsa-P-256,sign,539,16968,45546
ecdsa-P-256,sign,540,16845,45218
ecdsa-P-256,sign,541,16908,45386
ecdsa-P-256,sign,542,16745,44952
ecdsa-P-256,sign,543,17084,45856
ecdsa-P-256,sign,544,16962,45532
ecdsa-P-256,sign,545,16921,45426
ecdsa-P-256,sign,546,16960,45526
ecdsa-P-256,sign,547,16901,45372
ecdsa-P-256,sign,548,16983,45588
ecdsa-P-256,sign,549,16935,45452
ecdsa-P-256,sign,550,16974,45566
ecdsa-P-256,sign,551,16893,45350
ecdsa-P-256,sign,552,16913,45400
ecdsa-P-256,sign,553,16915,45404
ecdsa-P-256,sign,554,17981,48270
ecdsa-P-256,sign,555,17033,45716
ecdsa-P-256,sign,556,16920,45412
ecdsa-P-256,sign,557,16925,45428
ecdsa-P-256,sign,558,16908,45380
ecdsa-P-256,sign,559,17046,45750
ecdsa-P-256,sign,560,16959,45520
ecdsa-P-256,sign,561,16964,45536
ecdsa-P-256,sign,562,16926,45432
ecdsa-P-256,sign,563,17002,45636
ecdsa-P-256,sign,564,16988,45604
ecdsa-P-256,sign,565,16855,45240
ecdsa-P-256,sign,566,17030,45714
ecdsa-P-256,sign,567,16940,45468
ecdsa-P-256,sign,568,16919,45418
ecdsa-P-256,sign,569,16972,45554
ecdsa-P-256,sign,570,16954,45510
ecdsa-P-256,sign,571,16958,45524
ecdsa-P-256,sign,572,16884,45324
ecdsa-P-256,sign,573,17039,45742
ecdsa-P-256,sign,574,16834,45190
ecdsa-P-256,sign,575,16959,45524
ecdsa-P-256,sign,576,16930,45444
ecdsa-P-256,sign,577,16914,45402
ecdsa-P-256,sign,578,16878,45310
ecdsa-P-256,sign,579,16926,45436
ecdsa-P-256,sign,580,17067,45816
ecdsa-P-256,sign,581,16910,45394
ecdsa-P-256,sign,582,17017,45678
ecdsa-P-256,sign,583,16871,45288
ecdsa-P-256,sign,584,17023,45694
ecdsa-P-256,sign,585,16910,45388
ecdsa-P-256,sign,586,16942,45478
ecdsa-P-256,sign,587,16943,45482
ecdsa-P-256,sign,588,16916,45410
ecdsa-P-256,sign,589,16913,45398
ecdsa-P-256,sign,590,16874,45292
ecdsa-P-256,sign,591,16989,45600
ecdsa-P-256,sign,592,16926,45438
ecdsa-P-256,sign,593,16937,45466
ecdsa-P-256,sign,594,16968,45550
ecdsa-P-256,sign,595,17029,45710
ecdsa-P-256,sign,596,16929,45442
ecdsa-P-256,sign,597,16858,45248
ecdsa-P-256,sign,598,16884,45322
ecdsa-P-256,sign,599,16929,45444
ecdsa-P-256,sign,600,16978,45570
ecdsa-P-256,sign,601,17009,45656
ecdsa-P-256,sign,602,17014,45672
ecdsa-P-256,sign,603,16944,45486
ecdsa-P-256,sign,604,16957,45518
ecdsa-P-256,sign,605,16842,45210
ecdsa-P-256,sign,606,16804,45110
ecdsa-P-256,sign,607,16897,45358
ecdsa-P-256,sign,608,16964,45534
ecdsa-P-256,sign,609,16970,45556
ecdsa-P-256,sign,610,16929,45448
ecdsa-P-256,sign,611,18360,49292
ecdsa-P-256,sign,612,16970,45554
ecdsa-P-256,sign,613,17029,45712
ecdsa-P-256,sign,614,16920,45422
ecdsa-P-256,sign,615,16870,45288
ecdsa-P-256,sign,616,17045,45754
ecdsa-P-256,sign,617,16884,45316
ecdsa-P-256,sign,618,16996,45616
ecdsa-P-256,sign,619,16971,45556
ecdsa-P-256,sign,620,16985,45592
ecdsa-P-256,sign,621,16774,45028
ecdsa-P-256,sign,622,16992,45608
ecdsa-P-256,sign,623,16957,45518
ecdsa-P-256,sign,624,16881,45312
ecdsa-P-256,sign,625,16921,45420
ecdsa-P-256,sign,626,16893,45344
ecdsa-P-256,sign,627,16928,45436
ecdsa-P-256,sign,628,17011,45662
ecdsa-P-256,sign,629,16941,45476
ecdsa-P-256,sign,630,16947,45490
ecdsa-P-256,sign,631,17013,45666
ecdsa-P-256,sign,632,16919,45412
ecdsa-P-256,sign,633,16848,45220
ecdsa-P-256,sign,634,17015,45674
ecdsa-P-256,sign,635,17062,45800
ecdsa-P-256,sign,636,16840,45196
ecdsa-P-256,sign,637,16968,45548
ecdsa-P-256,sign,638,16870,45284
ecdsa-P-256,sign,639,16987,45596
ecdsa-P-256,sign,640,16972,45560
ecdsa-P-256,sign,641,16958,45520
ecdsa-P-256,sign,642,17044,45754
ecdsa-P-256,sign,643,16834,45186
ecdsa-P-256,sign,644,16988,45602
ecdsa-P-256,sign,645,17035,45726
ecdsa-P-256,sign,646,16931,45448
ecdsa-P-256,sign,647,17003,45644
ecdsa-P-256,sign,648,16932,45450
ecdsa-P-256,sign,649,16961,45532
ecdsa-P-256,sign,650,16985,45594
ecdsa-P-256,sign,651,16968,45544
ecdsa-P-256,sign,652,17008,45654
ecdsa-P-256,sign,653,16855,45244
ecdsa-P-256,sign,654,17000,45632
ecdsa-P-256,sign,655,16922,45424
ecdsa-P-256,sign,656,16980,45580
ecdsa-P-256,sign,657,17011,45664
ecdsa-P-256,sign,658,17087,45866
ecdsa-P-256,sign,659,16952,45506
ecdsa-P-256,sign,660,16943,45480
ecdsa-P-256,sign,661,16962,45528
ecdsa-P-256,sign,662,16831,45182
ecdsa-P-256,sign,663,16994,45610
ecdsa-P-256,sign,664,16862,45262
ecdsa-P-256,sign,665,16937,45462
ecdsa-P-256,sign,666,16849,45230
ecdsa-P-256,sign,667,17016,45674
ecdsa-P-256,sign,668,16914,45402
ecdsa-P-256,sign,669,19040,51116
ecdsa-P-256,sign,670,17040,45740
ecdsa-P-256,sign,671,16918,45416
ecdsa-P-256,sign,672,16816,45138
ecdsa-P-256,sign,673,16908,45390
ecdsa-P-256,sign,674,16914,45402
ecdsa-P-256,sign,675,16953,45506
ecdsa-P-256,sign,676,17063,45802
ecdsa-P-256,sign,677,16916,45410
ecdsa-P-256,sign,678,16927,45438
ecdsa-P-256,sign,679,16904,45376
ecdsa-P-256,sign,680,16888,45334
ecdsa-P-256,sign,681,17071,45826
ecdsa-P-256,sign,682,16889,45334
ecdsa-P-256,sign,683,17071,45818
ecdsa-P-256,sign,684,16958,45520
ecdsa-P-256,sign,685,17032,45722
ecdsa-P-256,sign,686,16939,45470
ecdsa-P-256,sign,687,16978,45578
ecdsa-P-256,sign,688,17039,45738
ecdsa-P-256,sign,689,16899,45364
ecdsa-P-256,sign,690,16974,45566
ecdsa-P-256,sign,691,16868,45280
ecdsa-P-256,sign,692,16895,45350
ecdsa-P-256,sign,693,17029,45706
ecdsa-P-256,sign,694,17219,46224
ecdsa-P-256,sign,695,16803,45108
ecdsa-P-256,sign,696,16874,45294
ecdsa-P-256,sign,697,16942,45476
ecdsa-P-256,sign,698,16948,45494
ecdsa-P-256,sign,699,16962,45532
ecdsa-P-256,sign,700,16888,45334
ecdsa-P-256,sign,701,16975,45566
ecdsa-P-256,sign,702,17009,45656
ecdsa-P-256,sign,703,16858,45250
ecdsa-P-256,sign,704,16986,45598
ecdsa-P-256,sign,705,16885,45324
ecdsa-P-256,sign,706,17026,45708
ecdsa-P-256,sign,707,16935,45462
ecdsa-P-256,sign,708,16934,45456
ecdsa-P-256,sign,709,16963,45536
ecdsa-P-256,sign,710,16906,45382
ecdsa-P-256,sign,711,16967,45544
ecdsa-P-256,sign,712,16990,45606
ecdsa-P-256,sign,713,16843,45212
ecdsa-P-256,sign,714,17015,45676
ecdsa-P-256,sign,715,16991,45610
ecdsa-P-256,sign,716,16933,45458
ecdsa-P-256,sign,717,16939,45470
ecdsa-P-256,sign,718,16877,45302
ecdsa-P-256,sign,719,16956,45516
ecdsa-P-256,sign,720,16911,45400
ecdsa-P-256,sign,721,16964,45540
ecdsa-P-256,sign,722,16930,45446
ecdsa-P-256,sign,723,16932,45444
ecdsa-P-256,sign,724,16829,45168
ecdsa-P-256,sign,725,16926,45434
ecdsa-P-256,sign,726,18743,50310
ecdsa-P-256,sign,727,17036,45732
ecdsa-P-256,sign,728,16897,45358
ecdsa-P-256,sign,729,17056,45776
ecdsa-P-256,sign,730,16997,45628
ecdsa-P-256,sign,731,16930,45440
ecdsa-P-256,sign,732,17000,45628
ecdsa-P-256,sign,733,17054,45774
ecdsa-P-256,sign,734,16899,45356
ecdsa-P-256,sign,735,16962,45524
ecdsa-P-256,sign,736,16941,45472
ecdsa-P-256,sign,737,16950,45496
ecdsa-P-256,sign,738,16825,45164
ecdsa-P-256,sign,739,16929,45444
ecdsa-P-256,sign,740,16830,45178
ecdsa-P-256,sign,741,16973,45560
ecdsa-P-256,sign,742,16968,45550
ecdsa-P-256,sign,743,17097,45892
ecdsa-P-256,sign,744,16982,45586
ecdsa-P-256,sign,745,16976,45568
ecdsa-P-256,sign,746,16969,45550
ecdsa-P-256,sign,747,17025,45704
ecdsa-P-256,sign,748,16973,45556
ecdsa-P-256,sign,749,16892,45342
ecdsa-P-256,sign,750,16979,45570
ecdsa-P-256,sign,751,16971,45554
ecdsa-P-256,sign,752,16947,45492
ecdsa-P-256,sign,753,17004,45644
ecdsa-P-256,sign,754,16955,45512
ecdsa-P-256,sign,755,16965,45540
ecdsa-P-256,sign,756,16875,45300
ecdsa-P-256,sign,757,17072,45828
ecdsa-P-256,sign,758,16902,45370
ecdsa-P-256,sign,759,16905,45374
ecdsa-P-256,sign,760,17083,45860
ecdsa-P-256,sign,761,16942,45474
ecdsa-P-256,sign,762,16997,45628
ecdsa-P-256,sign,763,17046,45754
ecdsa-P-256,sign,764,16974,45560
ecdsa-P-256,sign,765,16909,45390
ecdsa-P-256,sign,766,16967,45544
ecdsa-P-256,sign,767,16995,45614
ecdsa-P-256,sign,768,16907,45384
ecdsa-P-256,sign,769,16934,45454
ecdsa-P-256,sign,770,16910,45388
ecdsa-P-256,sign,771,16983,45590
ecdsa-P-256,sign,772,17045,45754
ecdsa-P-256,sign,773,17032,45722
ecdsa-P-256,sign,774,16960,45532
ecdsa-P-256,sign,775,16875,45296
ecdsa-P-256,sign,776,16960,45526
ecdsa-P-256,sign,777,16921,45426
ecdsa-P-256,sign,778,16968,45550
ecdsa-P-256,sign,779,16997,45626
ecdsa-P-256,sign,780,16915,45400
ecdsa-P-256,sign,781,16921,45422
ecdsa-P-256,sign,782,16936,45462
ecdsa-P-256,sign,783,16926,45434
ecdsa-P-256,sign,784,18216,48898
ecdsa-P-256,sign,785,16957,45514
ecdsa-P-256,sign,786,16997,45620
ecdsa-P-256,sign,787,17027,45708
ecdsa-P-256,sign,788,17002,45640
ecdsa-P-256,sign,789,16971,45550
ecdsa-P-256,sign,790,16880,45312
ecdsa-P-256,sign,791,16940,45474
ecdsa-P-256,sign,792,16919,45416
ecdsa-P-256,sign,793,16967,45546
ecdsa-P-256,sign,794,16897,45358
ecdsa-P-256,sign,795,16957,45512
ecdsa-P-256,sign,796,17014,45674
ecdsa-P-256,sign,797,17014,45672
ecdsa-P-256,sign,798,16956,45516
ecdsa-P-256,sign,799,16982,45584
ecdsa-P-256,sign,800,16961,45530
ecdsa-P-256,sign,801,16901,45366
ecdsa-P-256,sign,802,16931,45450
ecdsa-P-256,sign,803,16962,45532
ecdsa-P-256,sign,804,16882,45322
ecdsa-P-256,sign,805,16982,45588
ecdsa-P-256,sign,806,16884,45324
ecdsa-P-256,sign,807,17049,45762
ecdsa-P-256,sign,808,16936,45462
ecdsa-P-256,sign,809,16950,45500
ecdsa-P-256,sign,810,17010,45658
ecdsa-P-256,sign,811,17046,45758
ecdsa-P-256,sign,812,16983,45584
ecdsa-P-256,sign,813,17089,45874
ecdsa-P-256,sign,814,16935,45460
ecdsa-P-256,sign,815,16945,45486
ecdsa-P-256,sign,816,17051,45774
ecdsa-P-256,sign,817,17028,45714
ecdsa-P-256,sign,818,17010,45656
ecdsa-P-256,sign,819,16962,45526
ecdsa-P-256,sign,820,17019,45684
ecdsa-P-256,sign,821,16886,45330
ecdsa-P-256,sign,822,16950,45500
ecdsa-P-256,sign,823,16907,45386
ecdsa-P-256,sign,824,16973,45564
ecdsa-P-256,sign,825,17030,45710
ecdsa-P-256,sign,826,17038,45734
ecdsa-P-256,sign,827,16993,45616
ecdsa-P-256,sign,828,16815,45138
ecdsa-P-256,sign,829,16936,45464
ecdsa-P-256,sign,830,16948,45492
ecdsa-P-256,sign,831,16964,45532
ecdsa-P-256,sign,832,17021,45692
ecdsa-P-256,sign,833,16823,45160
ecdsa-P-256,sign,834,16989,45604
ecdsa-P-256,sign,835,17016,45678
ecdsa-P-256,sign,836,16938,45468
ecdsa-P-256,sign,837,16911,45390
ecdsa-P-256,sign,838,17058,45790
ecdsa-P-256,sign,839,16954,45512
ecdsa-P-256,sign,840,16944,45484
ecdsa-P-256,sign,841,18289,49098
ecdsa-P-256,sign,842,16953,45512
ecdsa-P-256,sign,843,16988,45594
ecdsa-P-256,sign,844,16915,45406
ecdsa-P-256,sign,845,17076,45834
ecdsa-P-256,sign,846,16965,45544
ecdsa-P-256,sign,847,17060,45792
ecdsa-P-256,sign,848,16947,45492
ecdsa-P-256,sign,849,16939,45466
ecdsa-P-256,sign,850,16983,45586
ecdsa-P-256,sign,851,16922,45426
ecdsa-P-256,sign,852,17314,46476
ecdsa-P-256,sign,853,16918,45416
ecdsa-P-256,sign,854,17001,45638
ecdsa-P-256,sign,855,16920,45418
ecdsa-P-256,sign,856,16979,45578
ecdsa-P-256,sign,857,16995,45620
ecdsa-P-256,sign,858,16923,45426
ecdsa-P-256,sign,859,16942,45478
ecdsa-P-256,sign,860,16999,45630
ecdsa-P-256,sign,861,16965,45534
ecdsa-P-256,sign,862,16791,45076
ecdsa-P-256,sign,863,17107,45920
ecdsa-P-256,sign,864,16997,45622
ecdsa-P-256,sign,865,16979,45576
ecdsa-P-256,sign,866,16954,45510
ecdsa-P-256,sign,867,16930,45446
ecdsa-P-256,sign,868,16891,45340
ecdsa-P-256,sign,869,16948,45494
ecdsa-P-256,sign,870,16893,45350
ecdsa-P-256,sign,871,16970,45552
ecdsa-P-256,sign,872,17096,45892
ecdsa-P-256,sign,873,16923,45428
ecdsa-P-256,sign,874,16949,45492
ecdsa-P-256,sign,875,17027,45710
ecdsa-P-256,sign,876,16931,45448
ecdsa-P-256,sign,877,16967,45544
ecdsa-P-256,sign,878,16964,45536
ecdsa-P-256,sign,879,17016,45676
ecdsa-P-256,sign,880,16894,45346
ecdsa-P-256,sign,881,16975,45568
ecdsa-P-256,sign,882,16932,45452
ecdsa-P-256,sign,883,16901,45370
ecdsa-P-256,sign,884,16981,45582
ecdsa-P-256,sign,885,17305,46448
ecdsa-P-256,sign,886,17032,45724
ecdsa-P-256,sign,887,16881,45316
ecdsa-P-256,sign,888,17050,45768
ecdsa-P-256,sign,889,16994,45620
ecdsa-P-256,sign,890,16979,45576
ecdsa-P-256,sign,891,16964,45530
ecdsa-P-256,sign,892,16897,45358
ecdsa-P-256,sign,893,17013,45670
ecdsa-P-256,sign,894,17000,45632
ecdsa-P-256,sign,895,16913,45402
ecdsa-P-256,sign,896,17003,45642
ecdsa-P-256,sign,897,17016,45678
ecdsa-P-256,sign,898,16926,45436
ecdsa-P-256,sign,899,65351,175602
ecdsa-P-256,sign,900,17033,45720
ecdsa-P-256,sign,901,16947,45490
ecdsa-P-256,sign,902,17008,45658
ecdsa-P-256,sign,903,17038,45732
ecdsa-P-256,sign,904,17027,45708
ecdsa-P-256,sign,905,17023,45698
ecdsa-P-256,sign,906,17108,45926
ecdsa-P-256,sign,907,17002,45640
ecdsa-P-256,sign,908,16942,45478
ecdsa-P-256,sign,909,17033,45718
ecdsa-P-256,sign,910,16903,45374
ecdsa-P-256,sign,911,16983,45590
ecdsa-P-256,sign,912,16997,45624
ecdsa-P-256,sign,913,16968,45548
ecdsa-P-256,sign,914,16910,45394
ecdsa-P-256,sign,915,16976,45566
ecdsa-P-256,sign,916,16951,45502
ecdsa-P-256,sign,917,16915,45406
ecdsa-P-256,sign,918,16825,45162
ecdsa-P-256,sign,919,17031,45720
ecdsa-P-256,sign,920,16933,45458
ecdsa-P-256,sign,921,16964,45534
ecdsa-P-256,sign,922,16842,45212
ecdsa-P-256,sign,923,16970,45552
ecdsa-P-256,sign,924,16971,45560
ecdsa-P-256,sign,925,16910,45394
ecdsa-P-256,sign,926,16778,45038
ecdsa-P-256,sign,927,17023,45696
ecdsa-P-256,sign,928,16919,45420
ecdsa-P-256,sign,929,16938,45464
ecdsa-P-256,sign,930,16896,45352
ecdsa-P-256,sign,931,17130,45986
ecdsa-P-256,sign,932,16904,45374
ecdsa-P-256,sign,933,16916,45402
ecdsa-P-256,sign,934,17035,45722
ecdsa-P-256,sign,935,16887,45330
ecdsa-P-256,sign,936,16957,45518
ecdsa-P-256,sign,937,16969,45556
ecdsa-P-256,sign,938,16910,45392
ecdsa-P-256,sign,939,17039,45734
ecdsa-P-256,sign,940,16870,45282
ecdsa-P-256,sign,941,17016,45680
ecdsa-P-256,sign,942,16913,45404
ecdsa-P-256,sign,943,17010,45662
ecdsa-P-256,sign,944,16981,45582
ecdsa-P-256,sign,945,16925,45426
ecdsa-P-256,sign,946,16914,45402
ecdsa-P-256,sign,947,16987,45602
ecdsa-P-256,sign,948,16786,45060
ecdsa-P-256,sign,949,16916,45412
ecdsa-P-256,sign,950,16933,45454
ecdsa-P-256,sign,951,16920,45416
ecdsa-P-256,sign,952,17019,45686
ecdsa-P-256,sign,953,16929,45440
ecdsa-P-256,sign,954,19019,51056
ecdsa-P-256,sign,955,17139,46010
ecdsa-P-256,sign,956,16932,45448
ecdsa-P-256,sign,957,16984,45588
ecdsa-P-256,sign,958,16914,45402
ecdsa-P-256,sign,959,17031,45720
ecdsa-P-256,sign,960,17004,45648
ecdsa-P-256,sign,961,17012,45666
ecdsa-P-256,sign,962,16941,45478
ecdsa-P-256,sign,963,16937,45468
ecdsa-P-256,sign,964,17087,45868
ecdsa-P-256,sign,965,16988,45604
ecdsa-P-256,sign,966,16920,45418
ecdsa-P-256,sign,967,16915,45406
ecdsa-P-256,sign,968,16975,45568
ecdsa-P-256,sign,969,16914,45398
ecdsa-P-256,sign,970,17002,45636
ecdsa-P-256,sign,971,16985,45590
ecdsa-P-256,sign,972,16975,45564
ecdsa-P-256,sign,973,16966,45538
ecdsa-P-256,sign,974,17001,45638
ecdsa-P-256,sign,975,17050,45764
ecdsa-P-256,sign,976,16877,45302
ecdsa-P-256,sign,977,16960,45522
ecdsa-P-256,sign,978,16910,45390
ecdsa-P-256,sign,979,16922,45426
ecdsa-P-256,sign,980,16972,45560
ecdsa-P-256,sign,981,16981,45586
ecdsa-P-256,sign,982,16980,45578
ecdsa-P-256,sign,983,16921,45422
ecdsa-P-256,sign,984,16972,45560
ecdsa-P-256,sign,985,17012,45664
ecdsa-P-256,sign,986,16948,45490
ecdsa-P-256,sign,987,17044,45752
ecdsa-P-256,sign,988,16910,45394
ecdsa-P-256,sign,989,16966,45544
ecdsa-P-256,sign,990,16965,45538
ecdsa-P-256,sign,991,16997,45624
ecdsa-P-256,sign,992,16950,45498
ecdsa-P-256,sign,993,16943,45482
ecdsa-P-256,sign,994,16962,45534
ecdsa-P-256,sign,995,16981,45578
ecdsa-P-256,sign,996,16979,45580
ecdsa-P-256,sign,997,17080,45846
ecdsa-P-256,sign,998,16956,45514
ecdsa-P-256,sign,999,16974,45560
ecdsa-P-256,verify,0,53202,142906
ecdsa-P-256,verify,1,52873,142018
ecdsa-P-256,verify,2,52752,141732
ecdsa-P-256,verify,3,52849,141996
ecdsa-P-256,verify,4,52735,141688
ecdsa-P-256,verify,5,52826,141936
ecdsa-P-256,verify,6,52921,142190
ecdsa-P-256,verify,7,52876,142068
ecdsa-P-256,verify,8,55547,149252
ecdsa-P-256,verify,9,52610,141350
ecdsa-P-256,verify,10,52843,141978
ecdsa-P-256,verify,11,52749,141718
ecdsa-P-256,verify,12,52747,141722
ecdsa-P-256,verify,13,52812,141894
ecdsa-P-256,verify,14,52713,141632
ecdsa-P-256,verify,15,52708,141614
ecdsa-P-256,verify,16,52747,141720
ecdsa-P-256,verify,17,52661,141484
ecdsa-P-256,verify,18,52671,141510
ecdsa-P-256,verify,19,52730,141674
ecdsa-P-256,verify,20,52691,141570
ecdsa-P-256,verify,21,52863,142034
ecdsa-P-256,verify,22,52712,141626
ecdsa-P-256,verify,23,52770,141784
ecdsa-P-256,verify,24,52735,141682
ecdsa-P-256,verify,25,52599,141322
ecdsa-P-256,verify,26,52648,141452
ecdsa-P-256,verify,27,54001,145094
ecdsa-P-256,verify,28,52772,141788
ecdsa-P-256,verify,29,52729,141666
ecdsa-P-256,verify,30,52736,141684
ecdsa-P-256,verify,31,52820,141912
ecdsa-P-256,verify,32,52739,141700
ecdsa-P-256,verify,33,52802,141868
ecdsa-P-256,verify,34,52646,141448
ecdsa-P-256,verify,35,52695,141582
ecdsa-P-256,verify,36,52717,141636
ecdsa-P-256,verify,37,52843,141982
ecdsa-P-256,verify,38,52813,141894
ecdsa-P-256,verify,39,52847,141986
ecdsa-P-256,verify,40,52720,141646
ecdsa-P-256,verify,41,52769,141776
ecdsa-P-256,verify,42,52713,141630
ecdsa-P-256,verify,43,52863,142024
ecdsa-P-256,verify,44,52700,141594
ecdsa-P-256,verify,45,52669,141506
ecdsa-P-256,verify,46,54078,145296
ecdsa-P-256,verify,47,52875,142060
ecdsa-P-256,verify,48,52915,142166
ecdsa-P-256,verify,49,52874,142058
ecdsa-P-256,verify,50,52935,142218
ecdsa-P-256,verify,51,52749,141728
ecdsa-P-256,verify,52,52890,142106
ecdsa-P-256,verify,53,53036,142492
ecdsa-P-256,verify,54,52893,142112
ecdsa-P-256,verify,55,52746,141718
ecdsa-P-256,verify,56,52766,141770
ecdsa-P-256,verify,57,52797,141850
ecdsa-P-256,verify,58,52890,142104
ecdsa-P-256,verify,59,52775,141794
ecdsa-P-256,verify,60,52812,141894
ecdsa-P-256,verify,61,52785,141816
ecdsa-P-256,verify,62,52682,141548
ecdsa-P-256,verify,63,52779,141810
ecdsa-P-256,verify,64,52831,141944
ecdsa-P-256,verify,65,54236,145730
ecdsa-P-256,verify,66,52801,141862
ecdsa-P-256,verify,67,52940,142238
ecdsa-P-256,verify,68,52922,142192
ecdsa-P-256,verify,69,52815,141896
ecdsa-P-256,verify,70,52942,142246
ecdsa-P-256,verify,71,52899,142132
ecdsa-P-256,verify,72,53085,142628
ecdsa-P-256,verify,73,53073,142600
ecdsa-P-256,verify,74,52992,142376
ecdsa-P-256,verify,75,53026,142472
ecdsa-P-256,verify,76,53019,142448
ecdsa-P-256,verify,77,52730,141672
ecdsa-P-256,verify,78,52836,141958
ecdsa-P-256,verify,79,52890,142102
ecdsa-P-256,verify,80,52982,142348
ecdsa-P-256,verify,81,52991,142380
ecdsa-P-256,verify,82,52941,142240
ecdsa-P-256,verify,83,52899,142126
ecdsa-P-256,verify,84,54129,145434
ecdsa-P-256,verify,85,52907,142146
ecdsa-P-256,verify,86,52861,142024
ecdsa-P-256,verify,87,52764,141758
ecdsa-P-256,verify,88,52854,142008
ecdsa-P-256,verify,89,52737,141694
ecdsa-P-256,verify,90,52787,141824
ecdsa-P-256,verify,91,52813,141890
ecdsa-P-256,verify,92,52880,142072
ecdsa-P-256,verify,93,52702,141594
ecdsa-P-256,verify,94,52563,141224
ecdsa-P-256,verify,95,52821,141914
ecdsa-P-256,verify,96,52858,142016
ecdsa-P-256,verify,97,52859,142016
ecdsa-P-256,verify,98,52689,141560
ecdsa-P-256,verify,99,52693,141570
ecdsa-P-256,verify,100,52873,142052
ecdsa-P-256,verify,101,52666,141498
ecdsa-P-256,verify,102,53931,144906
ecdsa-P-256,verify,103,52808,141880
ecdsa-P-256,verify,104,53009,142428
ecdsa-P-256,verify,105,52884,142086
ecdsa-P-256,verify,106,52813,141894
ecdsa-P-256,verify,107,52740,141704
ecdsa-P-256,verify,108,53039,142504
ecdsa-P-256,verify,109,52794,141842
ecdsa-P-256,verify,110,52842,141978
ecdsa-P-256,verify,111,52776,141792
ecdsa-P-256,verify,112,52924,142196
ecdsa-P-256,verify,113,52830,141946
ecdsa-P-256,verify,114,52835,141956
ecdsa-P-256,verify,115,52871,142048
ecdsa-P-256,verify,116,52799,141862
ecdsa-P-256,verify,117,52829,141936
ecdsa-P-256,verify,118,52911,142162
ecdsa-P-256,verify,119,52883,142080
ecdsa-P-256,verify,120,52852,142004
ecdsa-P-256,verify,121,54139,145462
ecdsa-P-256,verify,122,52939,142234
ecdsa-P-256,verify,123,52798,141858
ecdsa-P-256,verify,124,52841,141976
ecdsa-P-256,verify,125,52714,141626
ecdsa-P-256,verify,126,52858,142022
ecdsa-P-256,verify,127,52757,141746
ecdsa-P-256,verify,128,52893,142116
ecdsa-P-256,verify,129,52819,141916
ecdsa-P-256,verify,130,52912,142164
ecdsa-P-256,verify,131,52863,142026
ecdsa-P-256,verify,132,52802,141868
ecdsa-P-256,verify,133,52747,141718
ecdsa-P-256,verify,134,52665,141498
ecdsa-P-256,verify,135,52787,141822
ecdsa-P-256,verify,136,52914,142162
ecdsa-P-256,verify,137,52827,141938
ecdsa-P-256,verify,138,52857,142014
ecdsa-P-256,verify,139,52962,142300
ecdsa-P-256,verify,140,53916,144866
ecdsa-P-256,verify,141,52748,141718
ecdsa-P-256,verify,142,52799,141856
ecdsa-P-256,verify,143,52721,141652
ecdsa-P-256,verify,144,52639,141432
ecdsa-P-256,verify,145,52748,141722
ecdsa-P-256,verify,146,52703,141600
ecdsa-P-256,verify,147,52661,141492
ecdsa-P-256,verify,148,52671,141514
ecdsa-P-256,verify,149,52748,141716
ecdsa-P-256,verify,150,52726,141658
ecdsa-P-256,verify,151,52734,141682
ecdsa-P-256,verify,152,52757,141748
ecdsa-P-256,verify,153,52763,141760
ecdsa-P-256,verify,154,52668,141506
ecdsa-P-256,verify,155,52876,142062
ecdsa-P-256,verify,156,52868,142044
ecdsa-P-256,verify,157,52821,141918
ecdsa-P-256,verify,158,52868,142046
ecdsa-P-256,verify,159,53906,144832
ecdsa-P-256,verify,160,52744,141708
ecdsa-P-256,verify,161,53034,142488
ecdsa-P-256,verify,162,52779,141796
ecdsa-P-256,verify,163,52758,141752
ecdsa-P-256,verify,164,52841,141968
ecdsa-P-256,verify,165,52806,141874
ecdsa-P-256,verify,166,52739,141696
ecdsa-P-256,verify,167,52831,141938
ecdsa-P-256,verify,168,52942,142248
ecdsa-P-256,verify,169,52883,142084
ecdsa-P-256,verify,170,52768,141772
ecdsa-P-256,verify,171,53003,142400
ecdsa-P-256,verify,172,52793,141842
ecdsa-P-256,verify,173,52856,142012
ecdsa-P-256,verify,174,52865,142036
ecdsa-P-256,verify,175,52869,142044
ecdsa-P-256,verify,176,52864,142032
ecdsa-P-256,verify,177,54082,145314
ecdsa-P-256,verify,178,52805,141870
ecdsa-P-256,verify,179,52865,142036
ecdsa-P-256,verify,180,52896,142122
ecdsa-P-256,verify,181,52771,141782
ecdsa-P-256,verify,182,52756,141738
ecdsa-P-256,verify,183,52776,141800
ecdsa-P-256,verify,184,53128,142738
ecdsa-P-256,verify,185,52915,142164
ecdsa-P-256,verify,186,52872,142056
ecdsa-P-256,verify,187,52845,141982
ecdsa-P-256,verify,188,53047,142530
ecdsa-P-256,verify,189,52800,141866
ecdsa-P-256,verify,190,52940,142238
ecdsa-P-256,verify,191,52833,141948
ecdsa-P-256,verify,192,52865,142042
ecdsa-P-256,verify,193,52937,142234
ecdsa-P-256,verify,194,52921,142186
ecdsa-P-256,verify,195,52919,142182
ecdsa-P-256,verify,196,54125,145430
ecdsa-P-256,verify,197,52817,141910
ecdsa-P-256,verify,198,52788,141834
ecdsa-P-256,verify,199,52789,141834
ecdsa-P-256,verify,200,52788,141826
ecdsa-P-256,verify,201,52947,142256
ecdsa-P-256,verify,202,52811,141886
ecdsa-P-256,verify,203,52774,141794
ecdsa-P-256,verify,204,52981,142348
ecdsa-P-256,verify,205,52942,142240
ecdsa-P-256,verify,206,52941,142240
ecdsa-P-256,verify,207,52889,142106
ecdsa-P-256,verify,208,52813,141892
ecdsa-P-256,verify,209,52810,141890
ecdsa-P-256,verify,210,52926,142204
ecdsa-P-256,verify,211,52847,141988
ecdsa-P-256,verify,212,52838,141956
ecdsa-P-256,verify,213,52798,141854
ecdsa-P-256,verify,214,52765,141764
ecdsa-P-256,verify,215,54153,145504
ecdsa-P-256,verify,216,52826,141928
ecdsa-P-256,verify,217,52953,142276
ecdsa-P-256,verify,218,52811,141896
ecdsa-P-256,verify,219,52866,142038
ecdsa-P-256,verify,220,52808,141882
ecdsa-P-256,verify,221,52922,142192
ecdsa-P-256,verify,222,52788,141824
ecdsa-P-256,verify,223,52979,142340
ecdsa-P-256,verify,224,52671,141512
ecdsa-P-256,verify,225,52836,141952
ecdsa-P-256,verify,226,52811,141892
ecdsa-P-256,verify,227,52876,142070
ecdsa-P-256,verify,228,52901,142130
ecdsa-P-256,verify,229,52893,142108
ecdsa-P-256,verify,230,52815,141900
ecdsa-P-256,verify,231,52909,142148
ecdsa-P-256,verify,232,52901,142138
ecdsa-P-256,verify,233,52892,142104
ecdsa-P-256,verify,234,54037,145184
ecdsa-P-256,verify,235,52667,141508
ecdsa-P-256,verify,236,52747,141712
ecdsa-P-256,verify,237,52701,141596
ecdsa-P-256,verify,238,52698,141586
ecdsa-P-256,verify,239,52759,141744
ecdsa-P-256,verify,240,52669,141508
ecdsa-P-256,verify,241,52791,141842
ecdsa-P-256,verify,242,52749,141716
ecdsa-P-256,verify,243,52700,141588
ecdsa-P-256,verify,244,52802,141868
ecdsa-P-256,verify,245,52666,141498
ecdsa-P-256,verify,246,52754,141732
ecdsa-P-256,verify,247,52870,142050
ecdsa-P-256,verify,248,52633,141410
ecdsa-P-256,verify,249,52836,141960
ecdsa-P-256,verify,250,52690,141562
ecdsa-P-256,verify,251,52765,141760
ecdsa-P-256,verify,252,54295,145880
ecdsa-P-256,verify,253,52748,141724
ecdsa-P-256,verify,254,53061,142564
ecdsa-P-256,verify,255,52808,141882
ecdsa-P-256,verify,256,52727,141658
ecdsa-P-256,verify,257,52846,141982
ecdsa-P-256,verify,258,52759,141750
ecdsa-P-256,verify,259,52912,142166
ecdsa-P-256,verify,260,52796,141854
ecdsa-P-256,verify,261,52834,141952
ecdsa-P-256,verify,262,52786,141822
ecdsa-P-256,verify,263,52728,141666
ecdsa-P-256,verify,264,52907,142146
ecdsa-P-256,verify,265,52818,141914
ecdsa-P-256,verify,266,52643,141440
ecdsa-P-256,verify,267,52751,141732
ecdsa-P-256,verify,268,52774,141794
ecdsa-P-256,verify,269,52717,141642
ecdsa-P-256,verify,270,52715,141630
ecdsa-P-256,verify,271,53994,145072
ecdsa-P-256,verify,272,52832,141948
ecdsa-P-256,verify,273,52956,142276
ecdsa-P-256,verify,274,52937,142232
ecdsa-P-256,verify,275,52900,142126
ecdsa-P-256,verify,276,52741,141698
ecdsa-P-256,verify,277,52834,141952
ecdsa-P-256,verify,278,52832,141952
ecdsa-P-256,verify,279,52989,142370
ecdsa-P-256,verify,280,52823,141922
ecdsa-P-256,verify,281,52993,142376
ecdsa-P-256,verify,282,52824,141930
ecdsa-P-256,verify,283,52741,141700
ecdsa-P-256,verify,284,52819,141916
ecdsa-P-256,verify,285,52926,142200
ecdsa-P-256,verify,286,52835,141952
ecdsa-P-256,verify,287,52826,141932
ecdsa-P-256,verify,288,52702,141600
ecdsa-P-256,verify,289,52737,141688
ecdsa-P-256,verify,290,53921,144880
ecdsa-P-256,verify,291,52639,141430
ecdsa-P-256,verify,292,52838,141962
ecdsa-P-256,verify,293,52925,142198
ecdsa-P-256,verify,294,52837,141962
ecdsa-P-256,verify,295,52844,141978
ecdsa-P-256,verify,296,52930,142214
ecdsa-P-256,verify,297,52795,141842
ecdsa-P-256,verify,298,52806,141874
ecdsa-P-256,verify,299,52827,141936
ecdsa-P-256,verify,300,52843,141978
ecdsa-P-256,verify,301,52872,142052
ecdsa-P-256,verify,302,52814,141894
ecdsa-P-256,verify,303,52742,141698
ecdsa-P-256,verify,304,52652,141466
ecdsa-P-256,verify,305,52895,142112
ecdsa-P-256,verify,306,52727,141662
ecdsa-P-256,verify,307,52897,142124
ecdsa-P-256,verify,308,52863,142032
ecdsa-P-256,verify,309,54161,145518
ecdsa-P-256,verify,310,52818,141914
ecdsa-P-256,verify,311,52767,141772
ecdsa-P-256,verify,312,52892,142100
ecdsa-P-256,verify,313,52769,141780
ecdsa-P-256,verify,314,52772,141788
ecdsa-P-256,verify,315,52735,141688
ecdsa-P-256,verify,316,52970,142316
ecdsa-P-256,verify,317,52752,141732
ecdsa-P-256,verify,318,52696,141576
ecdsa-P-256,verify,319,52902,142134
ecdsa-P-256,verify,320,52857,142012
ecdsa-P-256,verify,321,52791,141834
ecdsa-P-256,verify,322,52877,142068
ecdsa-P-256,verify,323,52926,142200
ecdsa-P-256,verify,324,53095,142650
ecdsa-P-256,verify,325,52930,142206
ecdsa-P-256,verify,326,52813,141894
ecdsa-P-256,verify,327,54146,145476
ecdsa-P-256,verify,328,52688,141562
ecdsa-P-256,verify,329,52706,141612
ecdsa-P-256,verify,330,52523,141110
ecdsa-P-256,verify,331,52642,141442
ecdsa-P-256,verify,332,52577,141266
ecdsa-P-256,verify,333,52562,141222
ecdsa-P-256,verify,334,52523,141120
ecdsa-P-256,verify,335,52616,141360
ecdsa-P-256,verify,336,52538,141154
ecdsa-P-256,verify,337,52718,141638
ecdsa-P-256,verify,338,52483,141004
ecdsa-P-256,verify,339,52596,141314
ecdsa-P-256,verify,340,52546,141176
ecdsa-P-256,verify,341,52591,141294
ecdsa-P-256,verify,342,52655,141474
ecdsa-P-256,verify,343,52494,141040
ecdsa-P-256,verify,344,52529,141130
ecdsa-P-256,verify,345,52712,141630
ecdsa-P-256,verify,346,54008,145114
ecdsa-P-256,verify,347,52630,141402
ecdsa-P-256,verify,348,52711,141622
ecdsa-P-256,verify,349,52854,142012
ecdsa-P-256,verify,350,52825,141928
ecdsa-P-256,verify,351,52763,141760
ecdsa-P-256,verify,352,52982,142354
ecdsa-P-256,verify,353,52714,141632
ecdsa-P-256,verify,354,52763,141758
ecdsa-P-256,verify,355,52766,141772
ecdsa-P-256,verify,356,52847,141990
ecdsa-P-256,verify,357,52892,142108
ecdsa-P-256,verify,358,52793,141842
ecdsa-P-256,verify,359,52712,141616
ecdsa-P-256,verify,360,52689,141560
ecdsa-P-256,verify,361,52841,141972
ecdsa-P-256,verify,362,52731,141676
ecdsa-P-256,verify,363,52708,141616
ecdsa-P-256,verify,364,52788,141834
ecdsa-P-256,verify,365,53886,144786
ecdsa-P-256,verify,366,52881,142084
ecdsa-P-256,verify,367,52968,142314
ecdsa-P-256,verify,368,53018,142448
ecdsa-P-256,verify,369,52993,142382
ecdsa-P-256,verify,370,53036,142498
ecdsa-P-256,verify,371,52824,141928
ecdsa-P-256,verify,372,52852,141996
ecdsa-P-256,verify,373,53045,142522
ecdsa-P-256,verify,374,52845,141980
ecdsa-P-256,verify,375,53044,142518
ecdsa-P-256,verify,376,52969,142312
ecdsa-P-256,verify,377,53243,143052
ecdsa-P-256,verify,378,52784,141816
ecdsa-P-256,verify,379,52951,142266
ecdsa-P-256,verify,380,53080,142616
ecdsa-P-256,verify,381,52974,142328
ecdsa-P-256,verify,382,52900,142130
ecdsa-P-256,verify,383,53032,142486
ecdsa-P-256,verify,384,54192,145608
ecdsa-P-256,verify,385,52843,141970
ecdsa-P-256,verify,386,53013,142430
ecdsa-P-256,verify,387,52806,141872
ecdsa-P-256,verify,388,52891,142106
ecdsa-P-256,verify,389,52881,142080
ecdsa-P-256,verify,390,52904,142142
ecdsa-P-256,verify,391,52996,142384
ecdsa-P-256,verify,392,52922,142186
ecdsa-P-256,verify,393,52773,141790
ecdsa-P-256,verify,394,52932,142218
ecdsa-P-256,verify,395,52505,141064
ecdsa-P-256,verify,396,52866,142040
ecdsa-P-256,verify,397,52667,141508
ecdsa-P-256,verify,398,52776,141800
ecdsa-P-256,verify,399,52832,141946
ecdsa-P-256,verify,400,52887,142090
ecdsa-P-256,verify,401,52721,141642
ecdsa-P-256,verify,402,52745,141712
ecdsa-P-256,verify,403,54117,145398
ecdsa-P-256,verify,404,52939,142228
ecdsa-P-256,verify,405,52796,141850
ecdsa-P-256,verify,406,52957,142282
ecdsa-P-256,verify,407,53003,142412
ecdsa-P-256,verify,408,52878,142072
ecdsa-P-256,verify,409,52743,141710
ecdsa-P-256,verify,410,52764,141768
ecdsa-P-256,verify,411,52744,141712
ecdsa-P-256,verify,412,52842,141970
ecdsa-P-256,verify,413,52879,142076
ecdsa-P-256,verify,414,52839,141960
ecdsa-P-256,verify,415,52887,142092
ecdsa-P-256,verify,416,52879,142074
ecdsa-P-256,verify,417,52887,142098
ecdsa-P-256,verify,418,52876,142066
ecdsa-P-256,verify,419,52781,141810
ecdsa-P-256,verify,420,52997,142390
ecdsa-P-256,verify,421,53896,144812
ecdsa-P-256,verify,422,52631,141412
ecdsa-P-256,verify,423,52626,141392
ecdsa-P-256,verify,424,52672,141518
ecdsa-P-256,verify,425,52861,142028
ecdsa-P-256,verify,426,52686,141550
ecdsa-P-256,verify,427,52777,141802
ecdsa-P-256,verify,428,52673,141518
ecdsa-P-256,verify,429,52731,141674
ecdsa-P-256,verify,430,52682,141546
ecdsa-P-256,verify,431,52754,141734
ecdsa-P-256,verify,432,52620,141374
ecdsa-P-256,verify,433,52605,141344
ecdsa-P-256,verify,434,52797,141858
ecdsa-P-256,verify,435,61270,164616
ecdsa-P-256,verify,436,59237,159142
ecdsa-P-256,verify,437,52841,141968
ecdsa-P-256,verify,438,52808,141888
ecdsa-P-256,verify,439,52857,142012
ecdsa-P-256,verify,440,53793,144526
ecdsa-P-256,verify,441,52490,141022
ecdsa-P-256,verify,442,52502,141060
ecdsa-P-256,verify,443,52413,140822
ecdsa-P-256,verify,444,52368,140698
ecdsa-P-256,verify,445,52455,140932
ecdsa-P-256,verify,446,52360,140680
ecdsa-P-256,verify,447,52404,140798
ecdsa-P-256,verify,448,52381,140734
ecdsa-P-256,verify,449,52469,140972
ecdsa-P-256,verify,450,52300,140516
ecdsa-P-256,verify,451,52407,140804
ecdsa-P-256,verify,452,52504,141072
ecdsa-P-256,verify,453,52518,141104
ecdsa-P-256,verify,454,52491,141034
ecdsa-P-256,verify,455,52345,140636
ecdsa-P-256,verify,456,52440,140896
ecdsa-P-256,verify,457,52453,140932
ecdsa-P-256,verify,458,52367,140700
ecdsa-P-256,verify,459,53893,144800
ecdsa-P-256,verify,460,52615,141364
ecdsa-P-256,verify,461,52708,141614
ecdsa-P-256,verify,462,52562,141224
ecdsa-P-256,verify,463,52542,141170
ecdsa-P-256,verify,464,52558,141214
ecdsa-P-256,verify,465,52653,141468
ecdsa-P-256,verify,466,52792,141842
ecdsa-P-256,verify,467,52576,141260
ecdsa-P-256,verify,468,52534,141146
ecdsa-P-256,verify,469,52484,141014
ecdsa-P-256,verify,470,52521,141116
ecdsa-P-256,verify,471,52573,141256
ecdsa-P-256,verify,472,52691,141574
ecdsa-P-256,verify,473,52611,141350
ecdsa-P-256,verify,474,52553,141200
ecdsa-P-256,verify,475,52608,141354
ecdsa-P-256,verify,476,52556,141206
ecdsa-P-256,verify,477,52550,141192
ecdsa-P-256,verify,478,53843,144670
ecdsa-P-256,verify,479,52510,141084
ecdsa-P-256,verify,480,52450,140922
ecdsa-P-256,verify,481,52493,141040
ecdsa-P-256,verify,482,52514,141094
ecdsa-P-256,verify,483,52449,140922
ecdsa-P-256,verify,484,52503,141068
ecdsa-P-256,verify,485,52548,141190
ecdsa-P-256,verify,486,52580,141270
ecdsa-P-256,verify,487,52354,140666
ecdsa-P-256,verify,488,52641,141438
ecdsa-P-256,verify,489,52547,141182
ecdsa-P-256,verify,490,52470,140974
ecdsa-P-256,verify,491,52606,141340
ecdsa-P-256,verify,492,52600,141320
ecdsa-P-256,verify,493,52409,140804
ecdsa-P-256,verify,494,52510,141082
ecdsa-P-256,verify,495,52650,141458
ecdsa-P-256,verify,496,55010,147802
ecdsa-P-256,verify,497,52420,140842
ecdsa-P-256,verify,498,52545,141176
ecdsa-P-256,verify,499,52314,140546
ecdsa-P-256,verify,500,52347,140638
ecdsa-P-256,verify,501,52459,140946
ecdsa-P-256,verify,502,52228,140320
ecdsa-P-256,verify,503,52321,140578
ecdsa-P-256,verify,504,52279,140462
ecdsa-P-256,verify,505,52293,140498
ecdsa-P-256,verify,506,52278,140460
ecdsa-P-256,verify,507,52334,140602
ecdsa-P-256,verify,508,52363,140680
ecdsa-P-256,verify,509,52565,141232
ecdsa-P-256,verify,510,52558,141200
ecdsa-P-256,verify,511,52552,141196
ecdsa-P-256,verify,512,52524,141120
ecdsa-P-256,verify,513,52579,141262
ecdsa-P-256,verify,514,52529,141128
ecdsa-P-256,verify,515,53779,144498
ecdsa-P-256,verify,516,52497,141042
ecdsa-P-256,verify,517,52418,140834
ecdsa-P-256,verify,518,52500,141054
ecdsa-P-256,verify,519,52519,141106
ecdsa-P-256,verify,520,52372,140716
ecdsa-P-256,verify,521,52519,141102
ecdsa-P-256,verify,522,52529,141136
ecdsa-P-256,verify,523,52433,140876
ecdsa-P-256,verify,524,52427,140860
ecdsa-P-256,verify,525,52508,141074
ecdsa-P-256,verify,526,52472,140976
ecdsa-P-256,verify,527,52559,141212
ecdsa-P-256,verify,528,52368,140700
ecdsa-P-256,verify,529,52450,140918
ecdsa-P-256,verify,530,52386,140750
ecdsa-P-256,verify,531,52434,140878
ecdsa-P-256,verify,532,52511,141084
ecdsa-P-256,verify,533,52500,141048
ecdsa-P-256,verify,534,53793,144528
ecdsa-P-256,verify,535,52640,141436
ecdsa-P-256,verify,536,52666,141500
ecdsa-P-256,verify,537,52540,141162
ecdsa-P-256,verify,538,52597,141316
ecdsa-P-256,verify,539,52715,141632
ecdsa-P-256,verify,540,52525,141122
ecdsa-P-256,verify,541,52601,141328
ecdsa-P-256,verify,542,52688,141558
ecdsa-P-256,verify,543,52559,141218
ecdsa-P-256,verify,544,52533,141142
ecdsa-P-256,verify,545,52606,141342
ecdsa-P-256,verify,546,52565,141224
ecdsa-P-256,verify,547,52495,141044
ecdsa-P-256,verify,548,52556,141208
ecdsa-P-256,verify,549,52548,141186
ecdsa-P-256,verify,550,52671,141510
ecdsa-P-256,verify,551,52594,141306
ecdsa-P-256,verify,552,52495,141048
ecdsa-P-256,verify,553,54482,146388
ecdsa-P-256,verify,554,52653,141474
ecdsa-P-256,verify,555,52665,141498
ecdsa-P-256,verify,556,52528,141132
ecdsa-P-256,verify,557,52670,141516
ecdsa-P-256,verify,558,52734,141684
ecdsa-P-256,verify,559,52463,140958
ecdsa-P-256,verify,560,52567,141232
ecdsa-P-256,verify,561,52758,141744
ecdsa-P-256,verify,562,52568,141240
ecdsa-P-256,verify,563,52583,141274
ecdsa-P-256,verify,564,52606,141340
ecdsa-P-256,verify,565,52599,141314
ecdsa-P-256,verify,566,52585,141286
ecdsa-P-256,verify,567,52674,141532
ecdsa-P-256,verify,568,52716,141636
ecdsa-P-256,verify,569,52639,141422
ecdsa-P-256,verify,570,52564,141220
ecdsa-P-256,verify,571,52408,140810
ecdsa-P-256,verify,572,53876,144752
ecdsa-P-256,verify,573,52476,140994
ecdsa-P-256,verify,574,52574,141250
ecdsa-P-256,verify,575,52624,141390
ecdsa-P-256,verify,576,52549,141180
ecdsa-P-256,verify,577,52467,140970
ecdsa-P-256,verify,578,52490,141030
ecdsa-P-256,verify,579,52422,140850
ecdsa-P-256,verify,580,52404,140796
ecdsa-P-256,verify,581,52513,141090
ecdsa-P-256,verify,582,52604,141334
ecdsa-P-256,verify,583,52684,141544
ecdsa-P-256,verify,584,52481,141006
ecdsa-P-256,verify,585,52595,141310
ecdsa-P-256,verify,586,52565,141228
ecdsa-P-256,verify,587,52468,140970
ecdsa-P-256,verify,588,52757,141740
ecdsa-P-256,verify,589,52626,141388
ecdsa-P-256,verify,590,52489,141028
ecdsa-P-256,verify,591,53699,144278
ecdsa-P-256,verify,592,52685,141558
ecdsa-P-256,verify,593,52685,141546
ecdsa-P-256,verify,594,52366,140696
ecdsa-P-256,verify,595,52641,141428
ecdsa-P-256,verify,596,52466,140968
ecdsa-P-256,verify,597,52722,141646
ecdsa-P-256,verify,598,52472,140978
ecdsa-P-256,verify,599,52611,141356
ecdsa-P-256,verify,600,52642,141436
ecdsa-P-256,verify,601,52546,141178
ecdsa-P-256,verify,602,52610,141354
ecdsa-P-256,verify,603,52535,141146
ecdsa-P-256,verify,604,52592,141300
ecdsa-P-256,verify,605,52559,141218
ecdsa-P-256,verify,606,52525,141124
ecdsa-P-256,verify,607,52590,141286
ecdsa-P-256,verify,608,52481,141002
ecdsa-P-256,verify,609,52439,140892
ecdsa-P-256,verify,610,54051,145216
ecdsa-P-256,verify,611,52560,141216
ecdsa-P-256,verify,612,52572,141250
ecdsa-P-256,verify,613,60773,163272
ecdsa-P-256,verify,614,52589,141294
ecdsa-P-256,verify,615,52861,142024
ecdsa-P-256,verify,616,52629,141400
ecdsa-P-256,verify,617,52659,141476
ecdsa-P-256,verify,618,52772,141784
ecdsa-P-256,verify,619,52650,141462
ecdsa-P-256,verify,620,52649,141452
ecdsa-P-256,verify,621,52639,141430
ecdsa-P-256,verify,622,52655,141470
ecdsa-P-256,verify,623,52524,141114
ecdsa-P-256,verify,624,52714,141632
ecdsa-P-256,verify,625,52522,141120
ecdsa-P-256,verify,626,52576,141258
ecdsa-P-256,verify,627,52686,141554
ecdsa-P-256,verify,628,53790,144524
ecdsa-P-256,verify,629,52520,141112
ecdsa-P-256,verify,630,52491,141034
ecdsa-P-256,verify,631,52437,140886
ecdsa-P-256,verify,632,52455,140940
ecdsa-P-256,verify,633,52598,141320
ecdsa-P-256,verify,634,52517,141100
ecdsa-P-256,verify,635,52609,141352
ecdsa-P-256,verify,636,52372,140714
ecdsa-P-256,verify,637,52484,141016
ecdsa-P-256,verify,638,52488,141026
ecdsa-P-256,verify,639,52445,140908
ecdsa-P-256,verify,640,52526,141126
ecdsa-P-256,verify,641,52523,141122
ecdsa-P-256,verify,642,52511,141088
ecdsa-P-256,verify,643,52412,140818
ecdsa-P-256,verify,644,52648,141454
ecdsa-P-256,verify,645,52300,140520
ecdsa-P-256,verify,646,52611,141358
ecdsa-P-256,verify,647,53888,144788
ecdsa-P-256,verify,648,52380,140736
ecdsa-P-256,verify,649,52454,140934
ecdsa-P-256,verify,650,52591,141300
ecdsa-P-256,verify,651,52495,141046
ecdsa-P-256,verify,652,52537,141156
ecdsa-P-256,verify,653,52447,140916
ecdsa-P-256,verify,654,52437,140886
ecdsa-P-256,verify,655,52466,140968
ecdsa-P-256,verify,656,52525,141122
ecdsa-P-256,verify,657,52566,141234
ecdsa-P-256,verify,658,52421,140844
ecdsa-P-256,verify,659,52410,140816
ecdsa-P-256,verify,660,52398,140784
ecdsa-P-256,verify,661,52506,141072
ecdsa-P-256,verify,662,52415,140828
ecdsa-P-256,verify,663,52546,141182
ecdsa-P-256,verify,664,52537,141150
ecdsa-P-256,verify,665,52450,140926
ecdsa-P-256,verify,666,53625,144080
ecdsa-P-256,verify,667,52448,140916
ecdsa-P-256,verify,668,52510,141086
ecdsa-P-256,verify,669,52460,140946
ecdsa-P-256,verify,670,52535,141154
ecdsa-P-256,verify,671,52533,141138
ecdsa-P-256,verify,672,52527,141130
ecdsa-P-256,verify,673,52693,141574
ecdsa-P-256,verify,674,52507,141074
ecdsa-P-256,verify,675,52457,140942
ecdsa-P-256,verify,676,52615,141360
ecdsa-P-256,verify,677,52499,141058
ecdsa-P-256,verify,678,52464,140964
ecdsa-P-256,verify,679,52540,141166
ecdsa-P-256,verify,680,52536,141148
ecdsa-P-256,verify,681,52605,141340
ecdsa-P-256,verify,682,52448,140914
ecdsa-P-256,verify,683,52573,141250
ecdsa-P-256,verify,684,52603,141330
ecdsa-P-256,verify,685,53744,144398
ecdsa-P-256,verify,686,52659,141478
ecdsa-P-256,verify,687,52840,141972
ecdsa-P-256,verify,688,52735,141684
ecdsa-P-256,verify,689,52728,141666
ecdsa-P-256,verify,690,52610,141352
ecdsa-P-256,verify,691,52873,142060
ecdsa-P-256,verify,692,52695,141576
ecdsa-P-256,verify,693,52765,141768
ecdsa-P-256,verify,694,52746,141710
ecdsa-P-256,verify,695,52783,141814
ecdsa-P-256,verify,696,52569,141238
ecdsa-P-256,verify,697,52808,141886
ecdsa-P-256,verify,698,52562,141224
ecdsa-P-256,verify,699,52746,141712
ecdsa-P-256,verify,700,52729,141672
ecdsa-P-256,verify,701,52782,141818
ecdsa-P-256,verify,702,52767,141774
ecdsa-P-256,verify,703,52727,141670
ecdsa-P-256,verify,704,53955,144972
ecdsa-P-256,verify,705,52591,141300
ecdsa-P-256,verify,706,52538,141160
ecdsa-P-256,verify,707,52659,141480
ecdsa-P-256,verify,708,52812,141894
ecdsa-P-256,verify,709,52654,141468
ecdsa-P-256,verify,710,52693,141576
ecdsa-P-256,verify,711,52609,141344
ecdsa-P-256,verify,712,52590,141298
ecdsa-P-256,verify,713,52585,141284
ecdsa-P-256,verify,714,52771,141776
ecdsa-P-256,verify,715,52726,141660
ecdsa-P-256,verify,716,52493,141038
ecdsa-P-256,verify,717,52628,141402
ecdsa-P-256,verify,718,52632,141410
ecdsa-P-256,verify,719,52526,141122
ecdsa-P-256,verify,720,52759,141754
ecdsa-P-256,verify,721,52513,141092
ecdsa-P-256,verify,722,52772,141792
ecdsa-P-256,verify,723,53619,144064
ecdsa-P-256,verify,724,52512,141086
ecdsa-P-256,verify,725,52593,141302
ecdsa-P-256,verify,726,52528,141134
ecdsa-P-256,verify,727,52511,141084
ecdsa-P-256,verify,728,52453,140930
ecdsa-P-256,verify,729,52499,141050
ecdsa-P-256,verify,730,52444,140908
ecdsa-P-256,verify,731,52439,140888
ecdsa-P-256,verify,732,52460,140952
ecdsa-P-256,verify,733,52589,141292
ecdsa-P-256,verify,734,52562,141218
ecdsa-P-256,verify,735,52479,140998
ecdsa-P-256,verify,736,52400,140786
ecdsa-P-256,verify,737,52723,141656
ecdsa-P-256,verify,738,52734,141688
ecdsa-P-256,verify,739,52576,141264
ecdsa-P-256,verify,740,52642,141438
ecdsa-P-256,verify,741,53586,143976
ecdsa-P-256,verify,742,52398,140774
ecdsa-P-256,verify,743,52552,141192
ecdsa-P-256,verify,744,52563,141220
ecdsa-P-256,verify,745,52338,140622
ecdsa-P-256,verify,746,52374,140720
ecdsa-P-256,verify,747,52492,141038
ecdsa-P-256,verify,748,52421,140840
ecdsa-P-256,verify,749,52566,141232
ecdsa-P-256,verify,750,52387,140752
ecdsa-P-256,verify,751,52424,140852
ecdsa-P-256,verify,752,52457,140938
ecdsa-P-256,verify,753,52463,140950
ecdsa-P-256,verify,754,52552,141198
ecdsa-P-256,verify,755,52301,140510
ecdsa-P-256,verify,756,52526,141122
ecdsa-P-256,verify,757,52563,141224
ecdsa-P-256,verify,758,52272,140440
ecdsa-P-256,verify,759,52440,140892
ecdsa-P-256,verify,760,53756,144432
ecdsa-P-256,verify,761,52740,141704
ecdsa-P-256,verify,762,52735,141686
ecdsa-P-256,verify,763,52763,141760
ecdsa-P-256,verify,764,52712,141620
ecdsa-P-256,verify,765,52606,141342
ecdsa-P-256,verify,766,52572,141246
ecdsa-P-256,verify,767,52699,141588
ecdsa-P-256,verify,768,52680,141542
ecdsa-P-256,verify,769,52825,141926
ecdsa-P-256,verify,770,52681,141540
ecdsa-P-256,verify,771,52684,141550
ecdsa-P-256,verify,772,52720,141648
ecdsa-P-256,verify,773,52758,141754
ecdsa-P-256,verify,774,52873,142060
ecdsa-P-256,verify,775,52709,141618
ecdsa-P-256,verify,776,52696,141578
ecdsa-P-256,verify,777,52718,141642
ecdsa-P-256,verify,778,52598,141318
ecdsa-P-256,verify,779,53794,144538
ecdsa-P-256,verify,780,52608,141342
ecdsa-P-256,verify,781,52573,141252
ecdsa-P-256,verify,782,52545,141174
ecdsa-P-256,verify,783,52382,140742
ecdsa-P-256,verify,784,52542,141172
ecdsa-P-256,verify,785,52577,141260
ecdsa-P-256,verify,786,52563,141226
ecdsa-P-256,verify,787,52523,141110
ecdsa-P-256,verify,788,52532,141132
ecdsa-P-256,verify,789,52589,141296
ecdsa-P-256,verify,790,52529,141132
ecdsa-P-256,verify,791,52331,140600
ecdsa-P-256,verify,792,52536,141150
ecdsa-P-256,verify,793,52662,141490
ecdsa-P-256,verify,794,52508,141074
ecdsa-P-256,verify,795,52443,140904
ecdsa-P-256,verify,796,52464,140960
ecdsa-P-256,verify,797,52598,141324
ecdsa-P-256,verify,798,53660,144170
ecdsa-P-256,verify,799,52665,141500
ecdsa-P-256,verify,800,52669,141510
ecdsa-P-256,verify,801,52799,141856
ecdsa-P-256,verify,802,52670,141508
ecdsa-P-256,verify,803,52738,141696
ecdsa-P-256,verify,804,52607,141348
ecdsa-P-256,verify,805,52651,141462
ecdsa-P-256,verify,806,52560,141216
ecdsa-P-256,verify,807,52724,141654
ecdsa-P-256,verify,808,52548,141184
ecdsa-P-256,verify,809,52626,141396
ecdsa-P-256,verify,810,52525,141120
ecdsa-P-256,verify,811,52712,141624
ecdsa-P-256,verify,812,52505,141072
ecdsa-P-256,verify,813,52585,141280
ecdsa-P-256,verify,814,52430,140870
ecdsa-P-256,verify,815,52658,141480
ecdsa-P-256,verify,816,52763,141764
ecdsa-P-256,verify,817,53903,144816
ecdsa-P-256,verify,818,52513,141092
ecdsa-P-256,verify,819,52630,141400
ecdsa-P-256,verify,820,52560,141212
ecdsa-P-256,verify,821,52588,141286
ecdsa-P-256,verify,822,52606,141342
ecdsa-P-256,verify,823,52515,141098
ecdsa-P-256,verify,824,52563,141218
ecdsa-P-256,verify,825,52556,141204
ecdsa-P-256,verify,826,52382,140738
ecdsa-P-256,verify,827,52532,141142
ecdsa-P-256,verify,828,52441,140898
ecdsa-P-256,verify,829,52531,141140
ecdsa-P-256,verify,830,52320,140568
ecdsa-P-256,verify,831,52488,141028
ecdsa-P-256,verify,832,52459,140950
ecdsa-P-256,verify,833,52576,141260
ecdsa-P-256,verify,834,52458,140940
ecdsa-P-256,verify,835,52402,140790
ecdsa-P-256,verify,836,53621,144068
ecdsa-P-256,verify,837,52486,141012
ecdsa-P-256,verify,838,52503,141062
ecdsa-P-256,verify,839,52556,141206
ecdsa-P-256,verify,840,52600,141326
ecdsa-P-256,verify,841,52652,141466
ecdsa-P-256,verify,842,52454,140930
ecdsa-P-256,verify,843,52611,141354
ecdsa-P-256,verify,844,52430,140866
ecdsa-P-256,verify,845,52572,141242
ecdsa-P-256,verify,846,52495,141044
ecdsa-P-256,verify,847,52631,141408
ecdsa-P-256,verify,848,52614,141360
ecdsa-P-256,verify,849,52653,141464
ecdsa-P-256,verify,850,52475,140990
ecdsa-P-256,verify,851,52547,141180
ecdsa-P-256,verify,852,52499,141052
ecdsa-P-256,verify,853,52676,141528
ecdsa-P-256,verify,854,52504,141064
ecdsa-P-256,verify,855,53976,145022
ecdsa-P-256,verify,856,52400,140794
ecdsa-P-256,verify,857,52471,140974
ecdsa-P-256,verify,858,52578,141266
ecdsa-P-256,verify,859,52402,140796
ecdsa-P-256,verify,860,52540,141164
ecdsa-P-256,verify,861,52498,141056
ecdsa-P-256,verify,862,52505,141072
ecdsa-P-256,verify,863,52598,141314
ecdsa-P-256,verify,864,52378,140728
ecdsa-P-256,verify,865,52465,140960
ecdsa-P-256,verify,866,52425,140850
ecdsa-P-256,verify,867,52321,140570
ecdsa-P-256,verify,868,52322,140574
ecdsa-P-256,verify,869,52584,141286
ecdsa-P-256,verify,870,52459,140948
ecdsa-P-256,verify,871,52487,141018
ecdsa-P-256,verify,872,52509,141080
ecdsa-P-256,verify,873,53516,143788
ecdsa-P-256,verify,874,52257,140402
ecdsa-P-256,verify,875,52331,140600
ecdsa-P-256,verify,876,52337,140616
ecdsa-P-256,verify,877,52356,140664
ecdsa-P-256,verify,878,52281,140462
ecdsa-P-256,verify,879,52287,140478
ecdsa-P-256,verify,880,52262,140414
ecdsa-P-256,verify,881,52402,140786
ecdsa-P-256,verify,882,52272,140442
ecdsa-P-256,verify,883,52373,140710
ecdsa-P-256,verify,884,52388,140752
ecdsa-P-256,verify,885,52358,140672
ecdsa-P-256,verify,886,52344,140632
ecdsa-P-256,verify,887,52447,140908
ecdsa-P-256,verify,888,52378,140728
ecdsa-P-256,verify,889,52228,140324
ecdsa-P-256,verify,890,52319,140566
ecdsa-P-256,verify,891,52366,140694
ecdsa-P-256,verify,892,53828,144624
ecdsa-P-256,verify,893,52595,141306
ecdsa-P-256,verify,894,52613,141356
ecdsa-P-256,verify,895,52696,141578
ecdsa-P-256,verify,896,52561,141222
ecdsa-P-256,verify,897,52690,141562
ecdsa-P-256,verify,898,52647,141450
ecdsa-P-256,verify,899,52627,141392
ecdsa-P-256,verify,900,52626,141392
ecdsa-P-256,verify,901,52415,140830
ecdsa-P-256,verify,902,52649,141456
ecdsa-P-256,verify,903,52697,141580
ecdsa-P-256,verify,904,52615,141362
ecdsa-P-256,verify,905,52596,141312
ecdsa-P-256,verify,906,52497,141046
ecdsa-P-256,verify,907,52625,141392
ecdsa-P-256,verify,908,52613,141358
ecdsa-P-256,verify,909,52559,141210
ecdsa-P-256,verify,910,52777,141796
ecdsa-P-256,verify,911,59974,161120
ecdsa-P-256,verify,912,52807,141882
ecdsa-P-256,verify,913,52599,141322
ecdsa-P-256,verify,914,52536,141150
ecdsa-P-256,verify,915,52590,141296
ecdsa-P-256,verify,916,52558,141212
ecdsa-P-256,verify,917,52458,140940
ecdsa-P-256,verify,918,52679,141538
ecdsa-P-256,verify,919,52726,141660
ecdsa-P-256,verify,920,52642,141432
ecdsa-P-256,verify,921,52616,141366
ecdsa-P-256,verify,922,52695,141574
ecdsa-P-256,verify,923,52577,141258
ecdsa-P-256,verify,924,52694,141574
ecdsa-P-256,verify,925,52657,141476
ecdsa-P-256,verify,926,52565,141226
ecdsa-P-256,verify,927,52633,141410
ecdsa-P-256,verify,928,52596,141314
ecdsa-P-256,verify,929,52621,141376
ecdsa-P-256,verify,930,53770,144464
ecdsa-P-256,verify,931,52537,141154
ecdsa-P-256,verify,932,52869,142052
ecdsa-P-256,verify,933,52636,141422
ecdsa-P-256,verify,934,52708,141614
ecdsa-P-256,verify,935,52760,141752
ecdsa-P-256,verify,936,52477,140994
ecdsa-P-256,verify,937,52567,141232
ecdsa-P-256,verify,938,52646,141452
ecdsa-P-256,verify,939,52718,141642
ecdsa-P-256,verify,940,52728,141664
ecdsa-P-256,verify,941,52622,141378
ecdsa-P-256,verify,942,52597,141316
ecdsa-P-256,verify,943,52771,141780
ecdsa-P-256,verify,944,52667,141510
ecdsa-P-256,verify,945,52679,141534
ecdsa-P-256,verify,946,52574,141258
ecdsa-P-256,verify,947,52656,141474
ecdsa-P-256,verify,948,52640,141422
ecdsa-P-256,verify,949,53835,144646
ecdsa-P-256,verify,950,52719,141638
ecdsa-P-256,verify,951,52842,141976
ecdsa-P-256,verify,952,52671,141514
ecdsa-P-256,verify,953,52682,141542
ecdsa-P-256,verify,954,52622,141388
ecdsa-P-256,verify,955,52808,141880
ecdsa-P-256,verify,956,52696,141582
ecdsa-P-256,verify,957,52617,141372
ecdsa-P-256,verify,958,52754,141738
ecdsa-P-256,verify,959,52747,141720
ecdsa-P-256,verify,960,52615,141364
ecdsa-P-256,verify,961,52681,141534
ecdsa-P-256,verify,962,52647,141452
ecdsa-P-256,verify,963,52611,141350
ecdsa-P-256,verify,964,52679,141530
ecdsa-P-256,verify,965,52709,141618
ecdsa-P-256,verify,966,52744,141712
ecdsa-P-256,verify,967,52776,141798
ecdsa-P-256,verify,968,53762,144444
ecdsa-P-256,verify,969,52544,141176
ecdsa-P-256,verify,970,52616,141372
ecdsa-P-256,verify,971,52637,141424
ecdsa-P-256,verify,972,52691,141572
ecdsa-P-256,verify,973,52772,141790
ecdsa-P-256,verify,974,52628,141390
ecdsa-P-256,verify,975,52585,141282
ecdsa-P-256,verify,976,52666,141500
ecdsa-P-256,verify,977,52642,141432
ecdsa-P-256,verify,978,52809,141884
ecdsa-P-256,verify,979,52774,141792
ecdsa-P-256,verify,980,52667,141500
ecdsa-P-256,verify,981,52543,141176
ecdsa-P-256,verify,982,52690,141562
ecdsa-P-256,verify,983,52776,141796
ecdsa-P-256,verify,984,52592,141300
ecdsa-P-256,verify,985,52639,141430
ecdsa-P-256,verify,986,53747,144412
ecdsa-P-256,verify,987,52383,140738
ecdsa-P-256,verify,988,52434,140876
ecdsa-P-256,verify,989,52473,140982
ecdsa-P-256,verify,990,52402,140796
ecdsa-P-256,verify,991,52368,140704
ecdsa-P-256,verify,992,52412,140822
ecdsa-P-256,verify,993,52304,140532
ecdsa-P-256,verify,994,52267,140426
ecdsa-P-256,verify,995,52496,141040
ecdsa-P-256,verify,996,52431,140874
ecdsa-P-256,verify,997,52490,141028
ecdsa-P-256,verify,998,52375,140716
ecdsa-P-256,verify,999,52422,140850
