algo,op,iter,wall_ns,cycles
ML-DSA-65,keygen,0,137400,369178
ML-DSA-65,keygen,1,126359,339590
ML-DSA-65,keygen,2,125332,336824
ML-DSA-65,keygen,3,126392,339680
ML-DSA-65,keygen,4,125263,336644
ML-DSA-65,keygen,5,125968,338532
ML-DSA-65,keygen,6,129816,348876
ML-DSA-65,keygen,7,126655,340382
ML-DSA-65,keygen,8,126277,339370
ML-DSA-65,keygen,9,126053,338764
ML-DSA-65,keygen,10,125872,338276
ML-DSA-65,keygen,11,125792,338058
ML-DSA-65,keygen,12,124251,333918
ML-DSA-65,keygen,13,126137,338990
ML-DSA-65,keygen,14,134486,361430
ML-DSA-65,keygen,15,126609,340260
ML-DSA-65,keygen,16,125566,337456
ML-DSA-65,keygen,17,126054,338766
ML-DSA-65,keygen,18,126262,339326
ML-DSA-65,keygen,19,125038,336034
ML-DSA-65,keygen,20,125617,337592
ML-DSA-65,keygen,21,126601,340236
ML-DSA-65,keygen,22,127420,342410
ML-DSA-65,keygen,23,125478,337216
ML-DSA-65,keygen,24,125548,337408
ML-DSA-65,keygen,25,126523,340030
ML-DSA-65,keygen,26,125753,337956
ML-DSA-65,keygen,27,125612,337584
ML-DSA-65,keygen,28,126139,338994
ML-DSA-65,keygen,29,125470,337196
ML-DSA-65,keygen,30,127277,342050
ML-DSA-65,keygen,31,124643,334976
ML-DSA-65,keygen,32,126053,338762
ML-DSA-65,keygen,33,125611,337578
ML-DSA-65,keygen,34,125244,336580
ML-DSA-65,keygen,35,124730,335210
ML-DSA-65,keygen,36,125045,336052
ML-DSA-65,keygen,37,125988,338592
ML-DSA-65,keygen,38,127916,343768
ML-DSA-65,keygen,39,126565,340134
ML-DSA-65,keygen,40,125748,337950
ML-DSA-65,keygen,41,125166,336376
ML-DSA-65,keygen,42,126407,339716
ML-DSA-65,keygen,43,125997,338618
ML-DSA-65,keygen,44,125612,337576
ML-DSA-65,keygen,45,125621,337608
ML-DSA-65,keygen,46,128397,345066
ML-DSA-65,keygen,47,126518,340018
ML-DSA-65,keygen,48,126554,340114
ML-DSA-65,keygen,49,125866,338270
ML-DSA-65,keygen,50,126352,339572
ML-DSA-65,keygen,51,125764,337992
ML-DSA-65,keygen,52,125387,336980
ML-DSA-65,keygen,53,125786,338050
ML-DSA-65,keygen,54,125981,338570
ML-DSA-65,keygen,55,125734,337904
ML-DSA-65,keygen,56,126553,340108
ML-DSA-65,keygen,57,125658,337694
ML-DSA-65,keygen,58,125455,337160
ML-DSA-65,keygen,59,126232,339244
ML-DSA-65,keygen,60,126150,339028
ML-DSA-65,keygen,61,124981,335882
ML-DSA-65,keygen,62,126512,339992
ML-DSA-65,keygen,63,126269,339344
ML-DSA-65,keygen,64,125534,337366
ML-DSA-65,keygen,65,125097,336200
ML-DSA-65,keygen,66,125576,337490
ML-DSA-65,keygen,67,126114,338936
ML-DSA-65,keygen,68,126289,339404
ML-DSA-65,keygen,69,125521,337340
ML-DSA-65,keygen,70,126907,341064
ML-DSA-65,keygen,71,125691,337798
ML-DSA-65,keygen,72,125190,336452
ML-DSA-65,keygen,73,125504,337294
ML-DSA-65,keygen,74,125275,336678
ML-DSA-65,keygen,75,126214,339202
ML-DSA-65,keygen,76,126229,339232
ML-DSA-65,keygen,77,125527,337354
ML-DSA-65,keygen,78,127697,343178
ML-DSA-65,keygen,79,124941,335776
ML-DSA-65,keygen,80,126288,339394
ML-DSA-65,keygen,81,124999,335930
ML-DSA-65,keygen,82,126049,338750
ML-DSA-65,keygen,83,125645,337666
ML-DSA-65,keygen,84,125751,337960
ML-DSA-65,keygen,85,126375,339634
ML-DSA-65,keygen,86,125950,338492
ML-DSA-65,keygen,87,125124,336274
ML-DSA-65,keygen,88,127325,342186
ML-DSA-65,keygen,89,125761,337982
ML-DSA-65,keygen,90,125718,337866
ML-DSA-65,keygen,91,125504,337284
ML-DSA-65,keygen,92,124238,333886
ML-DSA-65,keygen,93,128003,344002
ML-DSA-65,keygen,94,126438,339796
ML-DSA-65,keygen,95,126300,339434
ML-DSA-65,keygen,96,125084,336164
ML-DSA-65,keygen,97,125939,338454
ML-DSA-65,keygen,98,125872,338280
ML-DSA-65,keygen,99,125256,336624
ML-DSA-65,keygen,100,125713,337850
ML-DSA-65,keygen,101,126012,338650
ML-DSA-65,keygen,102,125586,337514
ML-DSA-65,keygen,103,126040,338728
ML-DSA-65,keygen,104,126099,338884
ML-DSA-65,keygen,105,125901,338352
ML-DSA-65,keygen,106,125357,336898
ML-DSA-65,keygen,107,125680,337760
ML-DSA-65,keygen,108,125905,338364
ML-DSA-65,keygen,109,128036,344090
ML-DSA-65,keygen,110,125744,337932
ML-DSA-65,keygen,111,124988,335904
ML-DSA-65,keygen,112,124319,334106
ML-DSA-65,keygen,113,124301,334054
ML-DSA-65,keygen,114,125847,338214
ML-DSA-65,keygen,115,125604,337558
ML-DSA-65,keygen,116,125653,337692
ML-DSA-65,keygen,117,126196,339148
ML-DSA-65,keygen,118,124702,335138
ML-DSA-65,keygen,119,125954,338496
ML-DSA-65,keygen,120,125277,336678
ML-DSA-65,keygen,121,125965,338526
ML-DSA-65,keygen,122,126696,340496
ML-DSA-65,keygen,123,125220,336520
ML-DSA-65,keygen,124,125800,338084
ML-DSA-65,keygen,125,128246,344660
ML-DSA-65,keygen,126,125672,337742
ML-DSA-65,keygen,127,125481,337234
ML-DSA-65,keygen,128,126478,339910
ML-DSA-65,keygen,129,125005,335956
ML-DSA-65,keygen,130,126200,339166
ML-DSA-65,keygen,131,126065,338802
ML-DSA-65,keygen,132,126982,341268
ML-DSA-65,keygen,133,154921,416342
ML-DSA-65,keygen,134,126239,339262
ML-DSA-65,keygen,135,124514,334628
ML-DSA-65,keygen,136,125752,337954
ML-DSA-65,keygen,137,126169,339078
ML-DSA-65,keygen,138,125006,335946
ML-DSA-65,keygen,139,126752,340646
ML-DSA-65,keygen,140,128814,346184
ML-DSA-65,keygen,141,126524,340026
ML-DSA-65,keygen,142,125375,336940
ML-DSA-65,keygen,143,125222,336526
ML-DSA-65,keygen,144,125527,337348
ML-DSA-65,keygen,145,125130,336278
ML-DSA-65,keygen,146,126563,340130
ML-DSA-65,keygen,147,125020,335984
ML-DSA-65,keygen,148,127262,342010
ML-DSA-65,keygen,149,125100,336198
ML-DSA-65,keygen,150,125061,336096
ML-DSA-65,keygen,151,124672,335054
ML-DSA-65,keygen,152,125672,337740
ML-DSA-65,keygen,153,125452,337148
ML-DSA-65,keygen,154,124629,334938
ML-DSA-65,keygen,155,126046,338742
ML-DSA-65,keygen,156,127715,343230
ML-DSA-65,keygen,157,125143,336318
ML-DSA-65,keygen,158,124546,334714
ML-DSA-65,keygen,159,125795,338076
ML-DSA-65,keygen,160,125340,336846
ML-DSA-65,keygen,161,124258,333942
ML-DSA-65,keygen,162,125146,336324
ML-DSA-65,keygen,163,124225,333850
ML-DSA-65,keygen,164,126309,339452
ML-DSA-65,keygen,165,124256,333940
ML-DSA-65,keygen,166,125154,336350
ML-DSA-65,keygen,167,126102,338892
ML-DSA-65,keygen,168,126093,338872
ML-DSA-65,keygen,169,125744,337930
ML-DSA-65,keygen,170,125801,338084
ML-DSA-65,keygen,171,124693,335104
ML-DSA-65,keygen,172,126189,339126
ML-DSA-65,keygen,173,125009,335954
ML-DSA-65,keygen,174,126294,339412
ML-DSA-65,keygen,175,125283,336696
ML-DSA-65,keygen,176,125110,336224
ML-DSA-65,keygen,177,125733,337906
ML-DSA-65,keygen,178,125327,336810
ML-DSA-65,keygen,179,125329,336816
ML-DSA-65,keygen,180,127433,342472
ML-DSA-65,keygen,181,125210,336502
ML-DSA-65,keygen,182,126379,339638
ML-DSA-65,keygen,183,125532,337366
ML-DSA-65,keygen,184,126282,339380
ML-DSA-65,keygen,185,126106,338908
ML-DSA-65,keygen,186,125113,336240
ML-DSA-65,keygen,187,125899,338354
ML-DSA-65,keygen,188,126993,341296
ML-DSA-65,keygen,189,125725,337880
ML-DSA-65,keygen,190,125052,336072
ML-DSA-65,keygen,191,124986,335894
ML-DSA-65,keygen,192,125972,338544
ML-DSA-65,keygen,193,124682,335080
ML-DSA-65,keygen,194,125769,338004
ML-DSA-65,keygen,195,126839,340876
ML-DSA-65,keygen,196,125730,337894
ML-DSA-65,keygen,197,125981,338572
ML-DSA-65,keygen,198,125360,336900
ML-DSA-65,keygen,199,124865,335572
ML-DSA-65,keygen,200,125305,336756
ML-DSA-65,keygen,201,125457,337162
ML-DSA-65,keygen,202,125749,337950
ML-DSA-65,keygen,203,125180,336420
ML-DSA-65,keygen,204,127975,343930
ML-DSA-65,keygen,205,126439,339806
ML-DSA-65,keygen,206,125747,337938
ML-DSA-65,keygen,207,124747,335256
ML-DSA-65,keygen,208,125256,336616
ML-DSA-65,keygen,209,125729,337892
ML-DSA-65,keygen,210,126352,339568
ML-DSA-65,keygen,211,125962,338526
ML-DSA-65,keygen,212,126705,340518
ML-DSA-65,keygen,213,126456,339842
ML-DSA-65,keygen,214,126913,341080
ML-DSA-65,keygen,215,125993,338606
ML-DSA-65,keygen,216,125659,337706
ML-DSA-65,keygen,217,124914,335708
ML-DSA-65,keygen,218,125058,336092
ML-DSA-65,keygen,219,125019,335978
ML-DSA-65,keygen,220,131331,352950
ML-DSA-65,keygen,221,125627,337618
ML-DSA-65,keygen,222,125696,337806
ML-DSA-65,keygen,223,125639,337650
ML-DSA-65,keygen,224,125367,336920
ML-DSA-65,keygen,225,126124,338956
ML-DSA-65,keygen,226,125364,336914
ML-DSA-65,keygen,227,125835,338184
ML-DSA-65,keygen,228,133794,359572
ML-DSA-65,keygen,229,125757,337968
ML-DSA-65,keygen,230,125187,336428
ML-DSA-65,keygen,231,124938,335726
ML-DSA-65,keygen,232,126818,340818
ML-DSA-65,keygen,233,125765,337990
ML-DSA-65,keygen,234,125273,336666
ML-DSA-65,keygen,235,125363,336906
ML-DSA-65,keygen,236,127674,343118
ML-DSA-65,keygen,237,125820,338138
ML-DSA-65,keygen,238,125847,338208
ML-DSA-65,keygen,239,127101,341578
ML-DSA-65,keygen,240,126477,339902
ML-DSA-65,keygen,241,126980,341256
ML-DSA-65,keygen,242,126209,339182
ML-DSA-65,keygen,243,127942,343846
ML-DSA-65,keygen,244,126086,338848
ML-DSA-65,keygen,245,125109,336226
ML-DSA-65,keygen,246,125714,337860
ML-DSA-65,keygen,247,126047,338744
ML-DSA-65,keygen,248,125067,336084
ML-DSA-65,keygen,249,124933,335756
ML-DSA-65,keygen,250,125576,337482
ML-DSA-65,keygen,251,128219,344586
ML-DSA-65,keygen,252,125454,337144
ML-DSA-65,keygen,253,126372,339620
ML-DSA-65,keygen,254,125651,337680
ML-DSA-65,keygen,255,126628,340308
ML-DSA-65,keygen,256,125364,336916
ML-DSA-65,keygen,257,125783,338032
ML-DSA-65,keygen,258,125585,337504
ML-DSA-65,keygen,259,126104,338894
ML-DSA-65,keygen,260,125459,337140
ML-DSA-65,keygen,261,124716,335146
ML-DSA-65,keygen,262,125222,336510
ML-DSA-65,keygen,263,125983,338552
ML-DSA-65,keygen,264,125628,337622
ML-DSA-65,keygen,265,125993,338604
ML-DSA-65,keygen,266,126346,339526
ML-DSA-65,keygen,267,127155,341730
ML-DSA-65,keygen,268,125777,337990
ML-DSA-65,keygen,269,125396,337000
ML-DSA-65,keygen,270,126730,340586
ML-DSA-65,keygen,271,124346,334176
ML-DSA-65,keygen,272,125763,337984
ML-DSA-65,keygen,273,125693,337802
ML-DSA-65,keygen,274,126088,338858
ML-DSA-65,keygen,275,126712,340538
ML-DSA-65,keygen,276,124836,335488
ML-DSA-65,keygen,277,125351,336874
ML-DSA-65,keygen,278,125704,337824
ML-DSA-65,keygen,279,125808,338108
ML-DSA-65,keygen,280,125497,337272
ML-DSA-65,keygen,281,125389,336984
ML-DSA-65,keygen,282,125760,337980
ML-DSA-65,keygen,283,128143,344380
ML-DSA-65,keygen,284,125618,337596
ML-DSA-65,keygen,285,125876,338290
ML-DSA-65,keygen,286,125544,337392
ML-DSA-65,keygen,287,125743,337936
ML-DSA-65,keygen,288,126036,338714
ML-DSA-65,keygen,289,125936,338450
ML-DSA-65,keygen,290,125240,336578
ML-DSA-65,keygen,291,127015,341350
ML-DSA-65,keygen,292,124744,335244
ML-DSA-65,keygen,293,124976,335872
ML-DSA-65,keygen,294,126255,339308
ML-DSA-65,keygen,295,125468,337192
ML-DSA-65,keygen,296,124325,334118
ML-DSA-65,keygen,297,125439,337118
ML-DSA-65,keygen,298,125155,336354
ML-DSA-65,keygen,299,126964,341216
ML-DSA-65,keygen,300,125698,337806
ML-DSA-65,keygen,301,125599,337542
ML-DSA-65,keygen,302,125334,336836
ML-DSA-65,keygen,303,123835,332804
ML-DSA-65,keygen,304,125477,337214
ML-DSA-65,keygen,305,125573,337476
ML-DSA-65,keygen,306,125347,336864
ML-DSA-65,keygen,307,126750,340638
ML-DSA-65,keygen,308,126137,338984
ML-DSA-65,keygen,309,126268,339346
ML-DSA-65,keygen,310,125494,337266
ML-DSA-65,keygen,311,125919,338404
ML-DSA-65,keygen,312,126153,339028
ML-DSA-65,keygen,313,125787,338052
ML-DSA-65,keygen,314,125449,337146
ML-DSA-65,keygen,315,126298,339418
ML-DSA-65,keygen,316,126002,338632
ML-DSA-65,keygen,317,126411,339726
ML-DSA-65,keygen,318,125762,337980
ML-DSA-65,keygen,319,125030,336012
ML-DSA-65,keygen,320,125834,338176
ML-DSA-65,keygen,321,125760,337972
ML-DSA-65,keygen,322,125221,336522
ML-DSA-65,keygen,323,127194,341826
ML-DSA-65,keygen,324,125054,336084
ML-DSA-65,keygen,325,126584,340198
ML-DSA-65,keygen,326,125577,337482
ML-DSA-65,keygen,327,125194,336462
ML-DSA-65,keygen,328,126038,338724
ML-DSA-65,keygen,329,126814,340802
ML-DSA-65,keygen,330,126248,339286
ML-DSA-65,keygen,331,127130,341658
ML-DSA-65,keygen,332,125535,337378
ML-DSA-65,keygen,333,126710,340534
ML-DSA-65,keygen,334,124995,335924
ML-DSA-65,keygen,335,125935,338452
ML-DSA-65,keygen,336,125344,336864
ML-DSA-65,keygen,337,125992,338604
ML-DSA-65,keygen,338,130683,345600
ML-DSA-65,keygen,339,128062,344146
ML-DSA-65,keygen,340,125736,337914
ML-DSA-65,keygen,341,124862,335562
ML-DSA-65,keygen,342,125591,337522
ML-DSA-65,keygen,343,125783,338036
ML-DSA-65,keygen,344,125750,337944
ML-DSA-65,keygen,345,125042,336044
ML-DSA-65,keygen,346,126190,339132
ML-DSA-65,keygen,347,125498,337274
ML-DSA-65,keygen,348,125733,337908
ML-DSA-65,keygen,349,126393,339684
ML-DSA-65,keygen,350,125306,336762
ML-DSA-65,keygen,351,125506,337300
ML-DSA-65,keygen,352,125654,337692
ML-DSA-65,keygen,353,127143,341696
ML-DSA-65,keygen,354,127109,341600
ML-DSA-65,keygen,355,126262,339322
ML-DSA-65,keygen,356,125009,335958
ML-DSA-65,keygen,357,125877,338294
ML-DSA-65,keygen,358,125658,337704
ML-DSA-65,keygen,359,124452,334458
ML-DSA-65,keygen,360,124339,334156
ML-DSA-65,keygen,361,126158,339042
ML-DSA-65,keygen,362,126623,340294
ML-DSA-65,keygen,363,125915,338392
ML-DSA-65,keygen,364,125218,336516
ML-DSA-65,keygen,365,125079,336148
ML-DSA-65,keygen,366,125606,337564
ML-DSA-65,keygen,367,125560,337432
ML-DSA-65,keygen,368,125928,338426
ML-DSA-65,keygen,369,125713,337850
ML-DSA-65,keygen,370,126714,340540
ML-DSA-65,keygen,371,124565,334762
ML-DSA-65,keygen,372,124855,335538
ML-DSA-65,keygen,373,125869,338274
ML-DSA-65,keygen,374,125226,336548
ML-DSA-65,keygen,375,125411,337036
ML-DSA-65,keygen,376,126400,339692
ML-DSA-65,keygen,377,125434,337104
ML-DSA-65,keygen,378,127361,342280
ML-DSA-65,keygen,379,126687,340472
ML-DSA-65,keygen,380,125961,338520
ML-DSA-65,keygen,381,125670,337732
ML-DSA-65,keygen,382,125671,337740
ML-DSA-65,keygen,383,125892,338334
ML-DSA-65,keygen,384,125486,337238
ML-DSA-65,keygen,385,124690,335094
ML-DSA-65,keygen,386,127912,343762
ML-DSA-65,keygen,387,125074,336130
ML-DSA-65,keygen,388,125570,337462
ML-DSA-65,keygen,389,125288,336708
ML-DSA-65,keygen,390,124712,335156
ML-DSA-65,keygen,391,125915,338390
ML-DSA-65,keygen,392,125769,337998
ML-DSA-65,keygen,393,125545,337396
ML-DSA-65,keygen,394,127392,342360
ML-DSA-65,keygen,395,125411,337036
ML-DSA-65,keygen,396,125239,336570
ML-DSA-65,keygen,397,125523,337336
ML-DSA-65,keygen,398,126457,339856
ML-DSA-65,keygen,399,125872,338274
ML-DSA-65,keygen,400,124427,334392
ML-DSA-65,keygen,401,125649,337680
ML-DSA-65,keygen,402,127541,342772
ML-DSA-65,keygen,403,125083,336156
ML-DSA-65,keygen,404,126313,339460
ML-DSA-65,keygen,405,125219,336520
ML-DSA-65,keygen,406,125590,337518
ML-DSA-65,keygen,407,125039,336036
ML-DSA-65,keygen,408,124205,333802
ML-DSA-65,keygen,409,126127,338968
ML-DSA-65,keygen,410,124716,335166
ML-DSA-65,keygen,411,125360,336898
ML-DSA-65,keygen,412,125807,338102
ML-DSA-65,keygen,413,126289,339402
ML-DSA-65,keygen,414,125614,337584
ML-DSA-65,keygen,415,125866,338264
ML-DSA-65,keygen,416,125731,337900
ML-DSA-65,keygen,417,126041,338728
ML-DSA-65,keygen,418,126616,340280
ML-DSA-65,keygen,419,125512,337306
ML-DSA-65,keygen,420,125485,337242
ML-DSA-65,keygen,421,124928,335740
ML-DSA-65,keygen,422,126313,339464
ML-DSA-65,keygen,423,126222,339218
ML-DSA-65,keygen,424,124829,335478
ML-DSA-65,keygen,425,126522,340020
ML-DSA-65,keygen,426,125980,338570
ML-DSA-65,keygen,427,124734,335222
ML-DSA-65,keygen,428,126472,339890
ML-DSA-65,keygen,429,126005,338630
ML-DSA-65,keygen,430,126239,339264
ML-DSA-65,keygen,431,125903,338360
ML-DSA-65,keygen,432,125778,338026
ML-DSA-65,keygen,433,125259,336636
ML-DSA-65,keygen,434,125149,336334
ML-DSA-65,keygen,435,125358,336896
ML-DSA-65,keygen,436,125792,338068
ML-DSA-65,keygen,437,125765,337984
ML-DSA-65,keygen,438,126363,339572
ML-DSA-65,keygen,439,126695,340486
ML-DSA-65,keygen,440,125654,337692
ML-DSA-65,keygen,441,126713,340540
ML-DSA-65,keygen,442,125538,337378
ML-DSA-65,keygen,443,125265,336642
ML-DSA-65,keygen,444,126067,338806
ML-DSA-65,keygen,445,125416,337050
ML-DSA-65,keygen,446,125120,336264
ML-DSA-65,keygen,447,125785,338046
ML-DSA-65,keygen,448,126405,339708
ML-DSA-65,keygen,449,126802,340774
ML-DSA-65,keygen,450,126112,338924
ML-DSA-65,keygen,451,125357,336894
ML-DSA-65,keygen,452,126368,339606
ML-DSA-65,keygen,453,125288,336708
ML-DSA-65,keygen,454,125365,336918
ML-DSA-65,keygen,455,126003,338626
ML-DSA-65,keygen,456,126699,340500
ML-DSA-65,keygen,457,127216,341890
ML-DSA-65,keygen,458,124904,335670
ML-DSA-65,keygen,459,125944,338478
ML-DSA-65,keygen,460,124894,335650
ML-DSA-65,keygen,461,125096,336190
ML-DSA-65,keygen,462,125391,336990
ML-DSA-65,keygen,463,125287,336700
ML-DSA-65,keygen,464,126021,338684
ML-DSA-65,keygen,465,127848,343590
ML-DSA-65,keygen,466,125841,338196
ML-DSA-65,keygen,467,124556,334740
ML-DSA-65,keygen,468,124456,334472
ML-DSA-65,keygen,469,125216,336512
ML-DSA-65,keygen,470,125424,337070
ML-DSA-65,keygen,471,125084,336154
ML-DSA-65,keygen,472,124982,335886
ML-DSA-65,keygen,473,127698,343188
ML-DSA-65,keygen,474,126140,338996
ML-DSA-65,keygen,475,125610,337568
ML-DSA-65,keygen,476,126232,339252
ML-DSA-65,keygen,477,126171,339086
ML-DSA-65,keygen,478,126208,339176
ML-DSA-65,keygen,479,125960,338514
ML-DSA-65,keygen,480,125211,336504
ML-DSA-65,keygen,481,125896,338338
ML-DSA-65,keygen,482,125107,336224
ML-DSA-65,keygen,483,126163,339052
ML-DSA-65,keygen,484,124805,335408
ML-DSA-65,keygen,485,126373,339624
ML-DSA-65,keygen,486,125332,336826
ML-DSA-65,keygen,487,126643,340346
ML-DSA-65,keygen,488,124565,334764
ML-DSA-65,keygen,489,127109,341598
ML-DSA-65,keygen,490,124483,334542
ML-DSA-65,keygen,491,125665,337724
ML-DSA-65,keygen,492,124699,335124
ML-DSA-65,keygen,493,125067,336114
ML-DSA-65,keygen,494,125474,337208
ML-DSA-65,keygen,495,125839,338190
ML-DSA-65,keygen,496,126318,339480
ML-DSA-65,keygen,497,127258,342000
ML-DSA-65,keygen,498,125723,337878
ML-DSA-65,keygen,499,125315,336782
ML-DSA-65,keygen,500,125755,337954
ML-DSA-65,keygen,501,125851,338218
ML-DSA-65,keygen,502,125431,337096
ML-DSA-65,keygen,503,125670,337732
ML-DSA-65,keygen,504,125238,336576
ML-DSA-65,keygen,505,126024,338688
ML-DSA-65,keygen,506,125877,338286
ML-DSA-65,keygen,507,124253,333930
ML-DSA-65,keygen,508,125367,336918
ML-DSA-65,keygen,509,125311,336772
ML-DSA-65,keygen,510,126232,339234
ML-DSA-65,keygen,511,125391,336990
ML-DSA-65,keygen,512,125157,336352
ML-DSA-65,keygen,513,126632,340322
ML-DSA-65,keygen,514,125804,338094
ML-DSA-65,keygen,515,125460,337170
ML-DSA-65,keygen,516,126656,340384
ML-DSA-65,keygen,517,126036,338722
ML-DSA-65,keygen,518,125742,337926
ML-DSA-65,keygen,519,130374,350380
ML-DSA-65,keygen,520,127183,341726
ML-DSA-65,keygen,521,129608,348304
ML-DSA-65,keygen,522,125592,337526
ML-DSA-65,keygen,523,125940,338464
ML-DSA-65,keygen,524,126042,338676
ML-DSA-65,keygen,525,125639,337646
ML-DSA-65,keygen,526,125699,337810
ML-DSA-65,keygen,527,126326,339496
ML-DSA-65,keygen,528,125780,338030
ML-DSA-65,keygen,529,127696,343174
ML-DSA-65,keygen,530,125479,337218
ML-DSA-65,keygen,531,123737,332540
ML-DSA-65,keygen,532,124025,333310
ML-DSA-65,keygen,533,125053,336080
ML-DSA-65,keygen,534,125246,336592
ML-DSA-65,keygen,535,126324,339498
ML-DSA-65,keygen,536,127185,341808
ML-DSA-65,keygen,537,125463,337178
ML-DSA-65,keygen,538,125258,336626
ML-DSA-65,keygen,539,125682,337766
ML-DSA-65,keygen,540,125411,337040
ML-DSA-65,keygen,541,125814,338124
ML-DSA-65,keygen,542,125786,338046
ML-DSA-65,keygen,543,125453,337152
ML-DSA-65,keygen,544,126843,340888
ML-DSA-65,keygen,545,135578,364356
ML-DSA-65,keygen,546,126478,339906
ML-DSA-65,keygen,547,124984,335894
ML-DSA-65,keygen,548,126457,339840
ML-DSA-65,keygen,549,124709,335150
ML-DSA-65,keygen,550,124685,335084
ML-DSA-65,keygen,551,125313,336768
ML-DSA-65,keygen,552,128718,345926
ML-DSA-65,keygen,553,132051,354888
ML-DSA-65,keygen,554,125657,337694
ML-DSA-65,keygen,555,125788,338042
ML-DSA-65,keygen,556,126515,339998
ML-DSA-65,keygen,557,124316,334096
ML-DSA-65,keygen,558,125665,337714
ML-DSA-65,keygen,559,125591,337516
ML-DSA-65,keygen,560,127421,342444
ML-DSA-65,keygen,561,124777,335338
ML-DSA-65,keygen,562,124291,334028
ML-DSA-65,keygen,563,125993,338608
ML-DSA-65,keygen,564,125753,337954
ML-DSA-65,keygen,565,125968,338534
ML-DSA-65,keygen,566,125579,337488
ML-DSA-65,keygen,567,125913,338386
ML-DSA-65,keygen,568,126921,341094
ML-DSA-65,keygen,569,125151,336338
ML-DSA-65,keygen,570,124756,335280
ML-DSA-65,keygen,571,125765,337988
ML-DSA-65,keygen,572,125272,336664
ML-DSA-65,keygen,573,124164,333690
ML-DSA-65,keygen,574,126188,339122
ML-DSA-65,keygen,575,125402,337012
ML-DSA-65,keygen,576,127218,341898
ML-DSA-65,keygen,577,125515,337318
ML-DSA-65,keygen,578,125120,336262
ML-DSA-65,keygen,579,125626,337612
ML-DSA-65,keygen,580,125288,336702
ML-DSA-65,keygen,581,125290,336712
ML-DSA-65,keygen,582,125561,337440
ML-DSA-65,keygen,583,125996,338610
ML-DSA-65,keygen,584,130091,349618
ML-DSA-65,keygen,585,128857,346300
ML-DSA-65,keygen,586,126186,339128
ML-DSA-65,keygen,587,126271,339350
ML-DSA-65,keygen,588,125561,337434
ML-DSA-65,keygen,589,125169,336390
ML-DSA-65,keygen,590,124991,335910
ML-DSA-65,keygen,591,125980,338574
ML-DSA-65,keygen,592,126936,341132
ML-DSA-65,keygen,593,125998,338616
ML-DSA-65,keygen,594,126213,339196
ML-DSA-65,keygen,595,126066,338794
ML-DSA-65,keygen,596,124784,335352
ML-DSA-65,keygen,597,125570,337462
ML-DSA-65,keygen,598,126140,338996
ML-DSA-65,keygen,599,126191,339134
ML-DSA-65,keygen,600,129767,348750
ML-DSA-65,keygen,601,125378,336946
ML-DSA-65,keygen,602,125606,337562
ML-DSA-65,keygen,603,125740,337920
ML-DSA-65,keygen,604,126010,338650
ML-DSA-65,keygen,605,124309,334076
ML-DSA-65,keygen,606,126354,339572
ML-DSA-65,keygen,607,125730,337898
ML-DSA-65,keygen,608,126628,340308
ML-DSA-65,keygen,609,124888,335632
ML-DSA-65,keygen,610,125372,336934
ML-DSA-65,keygen,611,125768,337996
ML-DSA-65,keygen,612,126201,339162
ML-DSA-65,keygen,613,126674,340432
ML-DSA-65,keygen,614,126291,339400
ML-DSA-65,keygen,615,125897,338346
ML-DSA-65,keygen,616,127970,343918
ML-DSA-65,keygen,617,126115,338932
ML-DSA-65,keygen,618,125543,337394
ML-DSA-65,keygen,619,125785,338040
ML-DSA-65,keygen,620,125410,337034
ML-DSA-65,keygen,621,125897,338344
ML-DSA-65,keygen,622,126598,340230
ML-DSA-65,keygen,623,128162,344432
ML-DSA-65,keygen,624,125614,337582
ML-DSA-65,keygen,625,126197,339152
ML-DSA-65,keygen,626,125663,337716
ML-DSA-65,keygen,627,125334,336830
ML-DSA-65,keygen,628,127085,341540
ML-DSA-65,keygen,629,125011,335966
ML-DSA-65,keygen,630,126296,339412
ML-DSA-65,keygen,631,128180,344482
ML-DSA-65,keygen,632,124824,335460
ML-DSA-65,keygen,633,125237,336576
ML-DSA-65,keygen,634,125772,338006
ML-DSA-65,keygen,635,125602,337554
ML-DSA-65,keygen,636,125451,337146
ML-DSA-65,keygen,637,124826,335466
ML-DSA-65,keygen,638,125752,337956
ML-DSA-65,keygen,639,127327,342188
ML-DSA-65,keygen,640,125672,337736
ML-DSA-65,keygen,641,125201,336474
ML-DSA-65,keygen,642,125994,338606
ML-DSA-65,keygen,643,125360,336898
ML-DSA-65,keygen,644,125664,337714
ML-DSA-65,keygen,645,126792,340748
ML-DSA-65,keygen,646,125394,336996
ML-DSA-65,keygen,647,126447,339818
ML-DSA-65,keygen,648,124688,335092
ML-DSA-65,keygen,649,125948,338478
ML-DSA-65,keygen,650,125923,338416
ML-DSA-65,keygen,651,125441,337124
ML-DSA-65,keygen,652,126092,338868
ML-DSA-65,keygen,653,126914,341080
ML-DSA-65,keygen,654,125483,337234
ML-DSA-65,keygen,655,126898,341032
ML-DSA-65,keygen,656,124698,335126
ML-DSA-65,keygen,657,126401,339698
ML-DSA-65,keygen,658,125281,336686
ML-DSA-65,keygen,659,125292,336718
ML-DSA-65,keygen,660,125606,337564
ML-DSA-65,keygen,661,124643,334976
ML-DSA-65,keygen,662,125407,337024
ML-DSA-65,keygen,663,127256,341998
ML-DSA-65,keygen,664,126262,339326
ML-DSA-65,keygen,665,125465,337182
ML-DSA-65,keygen,666,125455,337160
ML-DSA-65,keygen,667,125678,337760
ML-DSA-65,keygen,668,125260,336632
ML-DSA-65,keygen,669,125829,338160
ML-DSA-65,keygen,670,125258,336626
ML-DSA-65,keygen,671,126661,340392
ML-DSA-65,keygen,672,125017,335976
ML-DSA-65,keygen,673,124293,334038
ML-DSA-65,keygen,674,125520,337330
ML-DSA-65,keygen,675,125079,336146
ML-DSA-65,keygen,676,126070,338810
ML-DSA-65,keygen,677,125732,337904
ML-DSA-65,keygen,678,125312,336776
ML-DSA-65,keygen,679,126963,341210
ML-DSA-65,keygen,680,126015,338658
ML-DSA-65,keygen,681,125492,337266
ML-DSA-65,keygen,682,125453,337154
ML-DSA-65,keygen,683,125710,337834
ML-DSA-65,keygen,684,126559,340118
ML-DSA-65,keygen,685,124246,333912
ML-DSA-65,keygen,686,125811,338110
ML-DSA-65,keygen,687,127665,343090
ML-DSA-65,keygen,688,124915,335704
ML-DSA-65,keygen,689,124927,335740
ML-DSA-65,keygen,690,125160,336362
ML-DSA-65,keygen,691,125698,337804
ML-DSA-65,keygen,692,125494,337260
ML-DSA-65,keygen,693,126032,338706
ML-DSA-65,keygen,694,126319,339476
ML-DSA-65,keygen,695,125878,338290
ML-DSA-65,keygen,696,126169,339078
ML-DSA-65,keygen,697,125314,336778
ML-DSA-65,keygen,698,125421,337062
ML-DSA-65,keygen,699,125403,337016
ML-DSA-65,keygen,700,125779,338022
ML-DSA-65,keygen,701,126403,339704
ML-DSA-65,keygen,702,126299,339424
ML-DSA-65,keygen,703,127321,342170
ML-DSA-65,keygen,704,125671,337734
ML-DSA-65,keygen,705,126185,339118
ML-DSA-65,keygen,706,125952,338492
ML-DSA-65,keygen,707,124763,335296
ML-DSA-65,keygen,708,125563,337444
ML-DSA-65,keygen,709,125930,338432
ML-DSA-65,keygen,710,124529,334666
ML-DSA-65,keygen,711,126460,339856
ML-DSA-65,keygen,712,124438,334420
ML-DSA-65,keygen,713,125117,336246
ML-DSA-65,keygen,714,126176,339096
ML-DSA-65,keygen,715,126600,340230
ML-DSA-65,keygen,716,126615,340280
ML-DSA-65,keygen,717,125094,336186
ML-DSA-65,keygen,718,126308,339452
ML-DSA-65,keygen,719,125380,336956
ML-DSA-65,keygen,720,125774,338010
ML-DSA-65,keygen,721,126172,339084
ML-DSA-65,keygen,722,125107,336218
ML-DSA-65,keygen,723,126275,339360
ML-DSA-65,keygen,724,125597,337540
ML-DSA-65,keygen,725,125452,337146
ML-DSA-65,keygen,726,133018,357482
ML-DSA-65,keygen,727,124613,334898
ML-DSA-65,keygen,728,124809,335426
ML-DSA-65,keygen,729,126213,339200
ML-DSA-65,keygen,730,125933,338436
ML-DSA-65,keygen,731,126523,340030
ML-DSA-65,keygen,732,126002,338632
ML-DSA-65,keygen,733,126778,340712
ML-DSA-65,keygen,734,127407,342406
ML-DSA-65,keygen,735,125817,338132
ML-DSA-65,keygen,736,125245,336582
ML-DSA-65,keygen,737,126234,339252
ML-DSA-65,keygen,738,126073,338748
ML-DSA-65,keygen,739,125844,338200
ML-DSA-65,keygen,740,125577,337484
ML-DSA-65,keygen,741,126374,339628
ML-DSA-65,keygen,742,127322,342168
ML-DSA-65,keygen,743,125217,336520
ML-DSA-65,keygen,744,125389,336980
ML-DSA-65,keygen,745,124727,335192
ML-DSA-65,keygen,746,125673,337744
ML-DSA-65,keygen,747,124844,335516
ML-DSA-65,keygen,748,124928,335736
ML-DSA-65,keygen,749,125318,336790
ML-DSA-65,keygen,750,127572,342840
ML-DSA-65,keygen,751,126821,340836
ML-DSA-65,keygen,752,125476,337214
ML-DSA-65,keygen,753,126363,339598
ML-DSA-65,keygen,754,126186,339120
ML-DSA-65,keygen,755,125267,336650
ML-DSA-65,keygen,756,126400,339702
ML-DSA-65,keygen,757,126494,339948
ML-DSA-65,keygen,758,128817,346198
ML-DSA-65,keygen,759,125931,338436
ML-DSA-65,keygen,760,126197,339154
ML-DSA-65,keygen,761,127074,341506
ML-DSA-65,keygen,762,125416,337046
ML-DSA-65,keygen,763,123596,332154
ML-DSA-65,keygen,764,126165,339060
ML-DSA-65,keygen,765,125340,336848
ML-DSA-65,keygen,766,126430,339776
ML-DSA-65,keygen,767,125829,338160
ML-DSA-65,keygen,768,125517,337328
ML-DSA-65,keygen,769,125471,337198
ML-DSA-65,keygen,770,124316,334096
ML-DSA-65,keygen,771,125420,337064
ML-DSA-65,keygen,772,125121,336260
ML-DSA-65,keygen,773,126350,339568
ML-DSA-65,keygen,774,126953,341184
ML-DSA-65,keygen,775,125603,337550
ML-DSA-65,keygen,776,126343,339548
ML-DSA-65,keygen,777,126128,338964
ML-DSA-65,keygen,778,126401,339700
ML-DSA-65,keygen,779,125714,337858
ML-DSA-65,keygen,780,124829,335474
ML-DSA-65,keygen,781,125505,337296
ML-DSA-65,keygen,782,126198,339154
ML-DSA-65,keygen,783,125842,338198
ML-DSA-65,keygen,784,124990,335908
ML-DSA-65,keygen,785,126265,339338
ML-DSA-65,keygen,786,126676,340428
ML-DSA-65,keygen,787,124140,333626
ML-DSA-65,keygen,788,125124,336266
ML-DSA-65,keygen,789,125585,337510
ML-DSA-65,keygen,790,127390,342358
ML-DSA-65,keygen,791,127844,343574
ML-DSA-65,keygen,792,125022,335996
ML-DSA-65,keygen,793,125939,338458
ML-DSA-65,keygen,794,125722,337874
ML-DSA-65,keygen,795,125135,336294
ML-DSA-65,keygen,796,126342,339542
ML-DSA-65,keygen,797,125069,336122
ML-DSA-65,keygen,798,127043,341422
ML-DSA-65,keygen,799,124934,335752
ML-DSA-65,keygen,800,126744,340618
ML-DSA-65,keygen,801,125923,338416
ML-DSA-65,keygen,802,126030,338702
ML-DSA-65,keygen,803,125351,336876
ML-DSA-65,keygen,804,123966,333152
ML-DSA-65,keygen,805,125122,336258
ML-DSA-65,keygen,806,126314,339466
ML-DSA-65,keygen,807,126046,338746
ML-DSA-65,keygen,808,125383,336958
ML-DSA-65,keygen,809,125555,337424
ML-DSA-65,keygen,810,124623,334922
ML-DSA-65,keygen,811,125458,337168
ML-DSA-65,keygen,812,124846,335518
ML-DSA-65,keygen,813,124688,335086
ML-DSA-65,keygen,814,126285,339388
ML-DSA-65,keygen,815,125602,337550
ML-DSA-65,keygen,816,124739,335226
ML-DSA-65,keygen,817,124756,335278
ML-DSA-65,keygen,818,125931,338436
ML-DSA-65,keygen,819,124050,333380
ML-DSA-65,keygen,820,124841,335500
ML-DSA-65,keygen,821,126689,340476
ML-DSA-65,keygen,822,124955,335812
ML-DSA-65,keygen,823,126516,340002
ML-DSA-65,keygen,824,125524,337340
ML-DSA-65,keygen,825,125661,337706
ML-DSA-65,keygen,826,124855,335546
ML-DSA-65,keygen,827,125234,336568
ML-DSA-65,keygen,828,125486,337242
ML-DSA-65,keygen,829,127303,342124
ML-DSA-65,keygen,830,125181,336420
ML-DSA-65,keygen,831,126567,340140
ML-DSA-65,keygen,832,126209,339180
ML-DSA-65,keygen,833,125434,337104
ML-DSA-65,keygen,834,126464,339866
ML-DSA-65,keygen,835,125872,338274
ML-DSA-65,keygen,836,125404,337016
ML-DSA-65,keygen,837,126919,341090
ML-DSA-65,keygen,838,125121,336252
ML-DSA-65,keygen,839,124586,334824
ML-DSA-65,keygen,840,124696,335114
ML-DSA-65,keygen,841,126169,339080
ML-DSA-65,keygen,842,124811,335420
ML-DSA-65,keygen,843,125271,336664
ML-DSA-65,keygen,844,125482,337230
ML-DSA-65,keygen,845,126538,340064
ML-DSA-65,keygen,846,124910,335690
ML-DSA-65,keygen,847,126133,338982
ML-DSA-65,keygen,848,125536,337370
ML-DSA-65,keygen,849,125732,337898
ML-DSA-65,keygen,850,126313,339462
ML-DSA-65,keygen,851,126208,339180
ML-DSA-65,keygen,852,125810,338108
ML-DSA-65,keygen,853,126033,338710
ML-DSA-65,keygen,854,125424,337074
ML-DSA-65,keygen,855,125217,336516
ML-DSA-65,keygen,856,125111,336228
ML-DSA-65,keygen,857,125495,337260
ML-DSA-65,keygen,858,125312,336770
ML-DSA-65,keygen,859,124577,334788
ML-DSA-65,keygen,860,125276,336674
ML-DSA-65,keygen,861,126457,339844
ML-DSA-65,keygen,862,126048,338754
ML-DSA-65,keygen,863,126359,339588
ML-DSA-65,keygen,864,125487,337234
ML-DSA-65,keygen,865,125924,338414
ML-DSA-65,keygen,866,125047,336060
ML-DSA-65,keygen,867,125868,338262
ML-DSA-65,keygen,868,125103,336214
ML-DSA-65,keygen,869,127287,342076
ML-DSA-65,keygen,870,124842,335508
ML-DSA-65,keygen,871,125209,336496
ML-DSA-65,keygen,872,126476,339898
ML-DSA-65,keygen,873,125041,336048
ML-DSA-65,keygen,874,125639,337656
ML-DSA-65,keygen,875,125541,337392
ML-DSA-65,keygen,876,124631,334946
ML-DSA-65,keygen,877,127168,341758
ML-DSA-65,keygen,878,125629,337622
ML-DSA-65,keygen,879,123689,332414
ML-DSA-65,keygen,880,124776,335338
ML-DSA-65,keygen,881,124435,334416
ML-DSA-65,keygen,882,125152,336348
ML-DSA-65,keygen,883,125956,338506
ML-DSA-65,keygen,884,126055,338776
ML-DSA-65,keygen,885,127208,341864
ML-DSA-65,keygen,886,125394,336988
ML-DSA-65,keygen,887,125189,336442
ML-DSA-65,keygen,888,125105,336214
ML-DSA-65,keygen,889,126189,339134
ML-DSA-65,keygen,890,124530,334668
ML-DSA-65,keygen,891,125518,337326
ML-DSA-65,keygen,892,125332,336818
ML-DSA-65,keygen,893,126010,338648
ML-DSA-65,keygen,894,125319,336792
ML-DSA-65,keygen,895,126215,339198
ML-DSA-65,keygen,896,126025,338682
ML-DSA-65,keygen,897,126014,338664
ML-DSA-65,keygen,898,125667,337730
ML-DSA-65,keygen,899,125461,337170
ML-DSA-65,keygen,900,125317,336786
ML-DSA-65,keygen,901,126946,341160
ML-DSA-65,keygen,902,125572,337470
ML-DSA-65,keygen,903,125229,336546
ML-DSA-65,keygen,904,125489,337244
ML-DSA-65,keygen,905,125275,336678
ML-DSA-65,keygen,906,125706,337836
ML-DSA-65,keygen,907,125093,336188
ML-DSA-65,keygen,908,125148,336334
ML-DSA-65,keygen,909,126956,341192
ML-DSA-65,keygen,910,125741,337926
ML-DSA-65,keygen,911,124316,334092
ML-DSA-65,keygen,912,125492,337256
ML-DSA-65,keygen,913,125817,338132
ML-DSA-65,keygen,914,124459,334480
ML-DSA-65,keygen,915,125375,336938
ML-DSA-65,keygen,916,125216,336516
ML-DSA-65,keygen,917,125917,338398
ML-DSA-65,keygen,918,125773,338016
ML-DSA-65,keygen,919,125292,336726
ML-DSA-65,keygen,920,125252,336616
ML-DSA-65,keygen,921,125311,336774
ML-DSA-65,keygen,922,125418,337060
ML-DSA-65,keygen,923,125377,336946
ML-DSA-65,keygen,924,125317,336790
ML-DSA-65,keygen,925,125822,338140
ML-DSA-65,keygen,926,125511,337314
ML-DSA-65,keygen,927,125229,336554
ML-DSA-65,keygen,928,125709,337826
ML-DSA-65,keygen,929,124316,334102
ML-DSA-65,keygen,930,125410,337040
ML-DSA-65,keygen,931,125018,335990
ML-DSA-65,keygen,932,125707,337836
ML-DSA-65,keygen,933,127284,342068
ML-DSA-65,keygen,934,131407,353130
ML-DSA-65,keygen,935,125261,336632
ML-DSA-65,keygen,936,125449,337120
ML-DSA-65,keygen,937,124326,334052
ML-DSA-65,keygen,938,124852,335540
ML-DSA-65,keygen,939,125188,336436
ML-DSA-65,keygen,940,126485,339926
ML-DSA-65,keygen,941,125006,335952
ML-DSA-65,keygen,942,125784,338038
ML-DSA-65,keygen,943,126026,338690
ML-DSA-65,keygen,944,125087,336162
ML-DSA-65,keygen,945,125662,337712
ML-DSA-65,keygen,946,126533,340056
ML-DSA-65,keygen,947,124701,335126
ML-DSA-65,keygen,948,126261,339322
ML-DSA-65,keygen,949,126583,340188
ML-DSA-65,keygen,950,126372,339616
ML-DSA-65,keygen,951,125936,338450
ML-DSA-65,keygen,952,125701,337818
ML-DSA-65,keygen,953,126205,339168
ML-DSA-65,keygen,954,125261,336630
ML-DSA-65,keygen,955,125646,337668
ML-DSA-65,keygen,956,127329,342198
ML-DSA-65,keygen,957,124734,335218
ML-DSA-65,keygen,958,124700,335126
ML-DSA-65,keygen,959,125552,337414
ML-DSA-65,keygen,960,126196,339144
ML-DSA-65,keygen,961,126216,339202
ML-DSA-65,keygen,962,125469,337198
ML-DSA-65,keygen,963,124964,335836
ML-DSA-65,keygen,964,126818,340820
ML-DSA-65,keygen,965,125901,338354
ML-DSA-65,keygen,966,125426,337074
ML-DSA-65,keygen,967,125438,337110
ML-DSA-65,keygen,968,125079,336142
ML-DSA-65,keygen,969,125925,338422
ML-DSA-65,keygen,970,124962,335834
ML-DSA-65,keygen,971,126287,339390
ML-DSA-65,keygen,972,128902,346418
ML-DSA-65,keygen,973,126326,339496
ML-DSA-65,keygen,974,125417,337056
ML-DSA-65,keygen,975,126603,340240
ML-DSA-65,keygen,976,125223,336528
ML-DSA-65,keygen,977,125054,336076
ML-DSA-65,keygen,978,125494,337260
ML-DSA-65,keygen,979,125117,336244
ML-DSA-65,keygen,980,127063,341480
ML-DSA-65,keygen,981,125938,338456
ML-DSA-65,keygen,982,126021,338682
ML-DSA-65,keygen,983,124702,335132
ML-DSA-65,keygen,984,126264,339334
ML-DSA-65,keygen,985,124983,335864
ML-DSA-65,keygen,986,125857,338236
ML-DSA-65,keygen,987,125375,336942
ML-DSA-65,keygen,988,126901,341044
ML-DSA-65,keygen,989,125029,336008
ML-DSA-65,keygen,990,125041,336042
ML-DSA-65,keygen,991,125510,337296
ML-DSA-65,keygen,992,125722,337872
ML-DSA-65,keygen,993,125804,338086
ML-DSA-65,keygen,994,126322,339490
ML-DSA-65,keygen,995,125431,337092
ML-DSA-65,keygen,996,127646,343042
ML-DSA-65,keygen,997,125437,337110
ML-DSA-65,keygen,998,125534,337368
ML-DSA-65,keygen,999,125898,338344
ML-DSA-65,sign,0,626055,1682708
ML-DSA-65,sign,1,405831,1090776
ML-DSA-65,sign,2,407320,1094774
ML-DSA-65,sign,3,218797,588056
ML-DSA-65,sign,4,782727,2103870
ML-DSA-65,sign,5,313831,843518
ML-DSA-65,sign,6,1063402,2858354
ML-DSA-65,sign,7,310153,833634
ML-DSA-65,sign,8,597118,1604992
ML-DSA-65,sign,9,214877,577534
ML-DSA-65,sign,10,592313,1592076
ML-DSA-65,sign,11,216948,583098
ML-DSA-65,sign,12,311481,837158
ML-DSA-65,sign,13,312401,839630
ML-DSA-65,sign,14,784978,2109962
ML-DSA-65,sign,15,502308,1350134
ML-DSA-65,sign,16,215553,579352
ML-DSA-65,sign,17,986524,2651716
ML-DSA-65,sign,18,593138,1594294
ML-DSA-65,sign,19,603545,1622266
ML-DSA-65,sign,20,595008,1599320
ML-DSA-65,sign,21,311699,837788
ML-DSA-65,sign,22,696650,1872530
ML-DSA-65,sign,23,309316,831382
ML-DSA-65,sign,24,500248,1344566
ML-DSA-65,sign,25,405548,1090050
ML-DSA-65,sign,26,1160159,3118440
ML-DSA-65,sign,27,690020,1854668
ML-DSA-65,sign,28,1823376,4901122
ML-DSA-65,sign,29,216100,580820
ML-DSA-65,sign,30,217473,584508
ML-DSA-65,sign,31,407544,1095380
ML-DSA-65,sign,32,786241,2113306
ML-DSA-65,sign,33,411165,1105146
ML-DSA-65,sign,34,499065,1341432
ML-DSA-65,sign,35,216906,582946
ML-DSA-65,sign,36,411554,1106190
ML-DSA-65,sign,37,405693,1090444
ML-DSA-65,sign,38,312001,838602
ML-DSA-65,sign,39,1163072,3126274
ML-DSA-65,sign,40,688574,1850782
ML-DSA-65,sign,41,690303,1855474
ML-DSA-65,sign,42,502214,1349842
ML-DSA-65,sign,43,218156,586300
ML-DSA-65,sign,44,499797,1343400
ML-DSA-65,sign,45,217645,584930
ML-DSA-65,sign,46,1539484,4138068
ML-DSA-65,sign,47,216337,581456
ML-DSA-65,sign,48,503071,1352140
ML-DSA-65,sign,49,973192,2615874
ML-DSA-65,sign,50,424444,1140778
ML-DSA-65,sign,51,309364,831512
ML-DSA-65,sign,52,1160741,3120006
ML-DSA-65,sign,53,312349,839538
ML-DSA-65,sign,54,969017,2604652
ML-DSA-65,sign,55,217268,583916
ML-DSA-65,sign,56,410016,1102026
ML-DSA-65,sign,57,218531,587344
ML-DSA-65,sign,58,215239,578502
ML-DSA-65,sign,59,500520,1345342
ML-DSA-65,sign,60,500367,1344928
ML-DSA-65,sign,61,971881,2612358
ML-DSA-65,sign,62,694066,1865580
ML-DSA-65,sign,63,1158229,3113250
ML-DSA-65,sign,64,788522,2119488
ML-DSA-65,sign,65,405856,1090884
ML-DSA-65,sign,66,313482,842540
ML-DSA-65,sign,67,1077526,2896298
ML-DSA-65,sign,68,310276,833960
ML-DSA-65,sign,69,311921,838342
ML-DSA-65,sign,70,218143,586268
ML-DSA-65,sign,71,407105,1094236
ML-DSA-65,sign,72,1546288,4156358
ML-DSA-65,sign,73,782046,2102082
ML-DSA-65,sign,74,499074,1341454
ML-DSA-65,sign,75,407808,1096126
ML-DSA-65,sign,76,406448,1092434
ML-DSA-65,sign,77,1162111,3123694
ML-DSA-65,sign,78,969082,2604824
ML-DSA-65,sign,79,594110,1596902
ML-DSA-65,sign,80,1064498,2861304
ML-DSA-65,sign,81,1067214,2868604
ML-DSA-65,sign,82,1161229,3121316
ML-DSA-65,sign,83,217014,583236
ML-DSA-65,sign,84,313271,842008
ML-DSA-65,sign,85,498952,1341086
ML-DSA-65,sign,86,502456,1350532
ML-DSA-65,sign,87,786424,2113842
ML-DSA-65,sign,88,1539306,4137588
ML-DSA-65,sign,89,214369,576168
ML-DSA-65,sign,90,891034,2395008
ML-DSA-65,sign,91,217389,584242
ML-DSA-65,sign,92,971494,2611310
ML-DSA-65,sign,93,969771,2606640
ML-DSA-65,sign,94,404549,1087362
ML-DSA-65,sign,95,216707,582412
ML-DSA-65,sign,96,1158674,3114408
ML-DSA-65,sign,97,217862,585512
ML-DSA-65,sign,98,316102,849618
ML-DSA-65,sign,99,311565,837430
ML-DSA-65,sign,100,312031,838636
ML-DSA-65,sign,101,1661729,4466658
ML-DSA-65,sign,102,217409,584294
ML-DSA-65,sign,103,1160337,3118922
ML-DSA-65,sign,104,690253,1855332
ML-DSA-65,sign,105,1631574,4385608
ML-DSA-65,sign,106,214987,577826
ML-DSA-65,sign,107,217651,584948
ML-DSA-65,sign,108,309818,832692
ML-DSA-65,sign,109,322374,866480
ML-DSA-65,sign,110,1650034,4435184
ML-DSA-65,sign,111,216908,582990
ML-DSA-65,sign,112,214847,577452
ML-DSA-65,sign,113,312300,839364
ML-DSA-65,sign,114,502196,1349842
ML-DSA-65,sign,115,310907,835660
ML-DSA-65,sign,116,215034,577954
ML-DSA-65,sign,117,309678,832316
ML-DSA-65,sign,118,512239,1376838
ML-DSA-65,sign,119,688817,1851478
ML-DSA-65,sign,120,696416,1871858
ML-DSA-65,sign,121,2671144,7179978
ML-DSA-65,sign,122,311552,837400
ML-DSA-65,sign,123,219052,588740
ML-DSA-65,sign,124,214736,577154
ML-DSA-65,sign,125,879284,2363400
ML-DSA-65,sign,126,217314,584042
ML-DSA-65,sign,127,406911,1093680
ML-DSA-65,sign,128,314425,845108
ML-DSA-65,sign,129,406453,1092446
ML-DSA-65,sign,130,406409,1092322
ML-DSA-65,sign,131,594417,1597688
ML-DSA-65,sign,132,312284,839320
ML-DSA-65,sign,133,310651,834962
ML-DSA-65,sign,134,495868,1332836
ML-DSA-65,sign,135,312403,839640
ML-DSA-65,sign,136,222994,599326
ML-DSA-65,sign,137,689406,1853062
ML-DSA-65,sign,138,312979,841186
ML-DSA-65,sign,139,686092,1844156
ML-DSA-65,sign,140,219820,590766
ML-DSA-65,sign,141,785734,2111952
ML-DSA-65,sign,142,506076,1360268
ML-DSA-65,sign,143,405969,1091140
ML-DSA-65,sign,144,215401,578928
ML-DSA-65,sign,145,311902,838292
ML-DSA-65,sign,146,782031,2102040
ML-DSA-65,sign,147,1159437,3116498
ML-DSA-65,sign,148,505110,1357682
ML-DSA-65,sign,149,310767,835276
ML-DSA-65,sign,150,217636,584948
ML-DSA-65,sign,151,214739,577164
ML-DSA-65,sign,152,880469,2366638
ML-DSA-65,sign,153,309017,830584
ML-DSA-65,sign,154,501284,1347382
ML-DSA-65,sign,155,216947,583058
ML-DSA-65,sign,156,1163291,3126812
ML-DSA-65,sign,157,312263,839262
ML-DSA-65,sign,158,219473,589878
ML-DSA-65,sign,159,409226,1099896
ML-DSA-65,sign,160,688667,1851068
ML-DSA-65,sign,161,1066217,2865922
ML-DSA-65,sign,162,502646,1351014
ML-DSA-65,sign,163,877209,2357874
ML-DSA-65,sign,164,2486566,6683824
ML-DSA-65,sign,165,689723,1853878
ML-DSA-65,sign,166,215823,580068
ML-DSA-65,sign,167,217532,584628
ML-DSA-65,sign,168,217460,584436
ML-DSA-65,sign,169,406801,1093382
ML-DSA-65,sign,170,877582,2358874
ML-DSA-65,sign,171,686773,1845984
ML-DSA-65,sign,172,217566,584716
ML-DSA-65,sign,173,592583,1592802
ML-DSA-65,sign,174,311315,836708
ML-DSA-65,sign,175,311997,838550
ML-DSA-65,sign,176,600684,1614578
ML-DSA-65,sign,177,601157,1615796
ML-DSA-65,sign,178,782911,2104362
ML-DSA-65,sign,179,1255929,3375868
ML-DSA-65,sign,180,311521,837264
ML-DSA-65,sign,181,604291,1624244
ML-DSA-65,sign,182,1634911,4394526
ML-DSA-65,sign,183,782080,2102162
ML-DSA-65,sign,184,902349,2425444
ML-DSA-65,sign,185,406106,1091550
ML-DSA-65,sign,186,1542342,4145746
ML-DSA-65,sign,187,218160,586314
ML-DSA-65,sign,188,218151,586220
ML-DSA-65,sign,189,315421,847744
ML-DSA-65,sign,190,216932,583018
ML-DSA-65,sign,191,784642,2109050
ML-DSA-65,sign,192,686429,1844974
ML-DSA-65,sign,193,407830,1096186
ML-DSA-65,sign,194,499735,1343190
ML-DSA-65,sign,195,406546,1092734
ML-DSA-65,sign,196,1264050,3397698
ML-DSA-65,sign,197,406113,1091526
ML-DSA-65,sign,198,405757,1090608
ML-DSA-65,sign,199,313892,843642
ML-DSA-65,sign,200,217750,585214
ML-DSA-65,sign,201,1254501,3372032
ML-DSA-65,sign,202,691662,1859120
ML-DSA-65,sign,203,1357387,3648588
ML-DSA-65,sign,204,217864,585518
ML-DSA-65,sign,205,880505,2366688
ML-DSA-65,sign,206,593388,1594930
ML-DSA-65,sign,207,216877,582862
ML-DSA-65,sign,208,695499,1869432
ML-DSA-65,sign,209,979377,2632496
ML-DSA-65,sign,210,409794,1101454
ML-DSA-65,sign,211,498791,1340688
ML-DSA-65,sign,212,214799,577326
ML-DSA-65,sign,213,217521,584592
ML-DSA-65,sign,214,1371138,3685556
ML-DSA-65,sign,215,313954,843804
ML-DSA-65,sign,216,500571,1345464
ML-DSA-65,sign,217,217844,585466
ML-DSA-65,sign,218,217562,584710
ML-DSA-65,sign,219,1159438,3116502
ML-DSA-65,sign,220,1161809,3122884
ML-DSA-65,sign,221,310256,833908
ML-DSA-65,sign,222,592266,1591952
ML-DSA-65,sign,223,1357687,3649384
ML-DSA-65,sign,224,500166,1344346
ML-DSA-65,sign,225,1825777,4907620
ML-DSA-65,sign,226,404267,1086570
ML-DSA-65,sign,227,310100,833480
ML-DSA-65,sign,228,688270,1849968
ML-DSA-65,sign,229,876756,2356660
ML-DSA-65,sign,230,407654,1095702
ML-DSA-65,sign,231,1723203,4631898
ML-DSA-65,sign,232,596959,1604556
ML-DSA-65,sign,233,404416,1087016
ML-DSA-65,sign,234,874135,2349606
ML-DSA-65,sign,235,594862,1598930
ML-DSA-65,sign,236,404756,1087922
ML-DSA-65,sign,237,404077,1086100
ML-DSA-65,sign,238,1249192,3357772
ML-DSA-65,sign,239,592462,1592478
ML-DSA-65,sign,240,405033,1088672
ML-DSA-65,sign,241,879982,2365332
ML-DSA-65,sign,242,308813,830030
ML-DSA-65,sign,243,215297,578662
ML-DSA-65,sign,244,218615,587528
ML-DSA-65,sign,245,779700,2095778
ML-DSA-65,sign,246,786802,2114866
ML-DSA-65,sign,247,309389,831582
ML-DSA-65,sign,248,216073,580744
ML-DSA-65,sign,249,309829,832762
ML-DSA-65,sign,250,497526,1337292
ML-DSA-65,sign,251,875867,2354270
ML-DSA-65,sign,252,592130,1591584
ML-DSA-65,sign,253,786848,2114988
ML-DSA-65,sign,254,1348799,3625510
ML-DSA-65,sign,255,690105,1854942
ML-DSA-65,sign,256,214622,576846
ML-DSA-65,sign,257,596915,1604400
ML-DSA-65,sign,258,498490,1339884
ML-DSA-65,sign,259,215024,577928
ML-DSA-65,sign,260,688767,1851344
ML-DSA-65,sign,261,973038,2615468
ML-DSA-65,sign,262,697854,1875750
ML-DSA-65,sign,263,877371,2358304
ML-DSA-65,sign,264,215521,579264
ML-DSA-65,sign,265,692078,1860250
ML-DSA-65,sign,266,218595,587518
ML-DSA-65,sign,267,403494,1084536
ML-DSA-65,sign,268,499718,1343176
ML-DSA-65,sign,269,215404,578952
ML-DSA-65,sign,270,1166429,3135294
ML-DSA-65,sign,271,781894,2101666
ML-DSA-65,sign,272,972827,2614890
ML-DSA-65,sign,273,214288,575948
ML-DSA-65,sign,274,1352184,3634608
ML-DSA-65,sign,275,214717,577100
ML-DSA-65,sign,276,691595,1858942
ML-DSA-65,sign,277,597322,1605538
ML-DSA-65,sign,278,783048,2104768
ML-DSA-65,sign,279,309091,830778
ML-DSA-65,sign,280,1068695,2872582
ML-DSA-65,sign,281,502308,1350148
ML-DSA-65,sign,282,1347582,3622234
ML-DSA-65,sign,283,500791,1346070
ML-DSA-65,sign,284,214806,577342
ML-DSA-65,sign,285,687416,1847704
ML-DSA-65,sign,286,217283,584000
ML-DSA-65,sign,287,218783,588026
ML-DSA-65,sign,288,400683,1076980
ML-DSA-65,sign,289,885459,2380054
ML-DSA-65,sign,290,498699,1340448
ML-DSA-65,sign,291,407110,1094252
ML-DSA-65,sign,292,214979,577806
ML-DSA-65,sign,293,698833,1878398
ML-DSA-65,sign,294,1160373,3119016
ML-DSA-65,sign,295,884870,2378464
ML-DSA-65,sign,296,214226,575784
ML-DSA-65,sign,297,2479320,6664346
ML-DSA-65,sign,298,409140,1099708
ML-DSA-65,sign,299,403244,1083862
ML-DSA-65,sign,300,215108,578152
ML-DSA-65,sign,301,404642,1087612
ML-DSA-65,sign,302,309931,833036
ML-DSA-65,sign,303,214809,577348
ML-DSA-65,sign,304,690267,1855364
ML-DSA-65,sign,305,783529,2106066
ML-DSA-65,sign,306,310222,833822
ML-DSA-65,sign,307,407304,1094736
ML-DSA-65,sign,308,1260052,3386960
ML-DSA-65,sign,309,2006577,5393610
ML-DSA-65,sign,310,215153,578272
ML-DSA-65,sign,311,783242,2105284
ML-DSA-65,sign,312,498586,1340140
ML-DSA-65,sign,313,979707,2633392
ML-DSA-65,sign,314,971279,2610740
ML-DSA-65,sign,315,968742,2603916
ML-DSA-65,sign,316,218418,587008
ML-DSA-65,sign,317,969386,2605652
ML-DSA-65,sign,318,309625,832210
ML-DSA-65,sign,319,403856,1085508
ML-DSA-65,sign,320,214551,576660
ML-DSA-65,sign,321,592468,1592494
ML-DSA-65,sign,322,507165,1363198
ML-DSA-65,sign,323,592292,1592026
ML-DSA-65,sign,324,407436,1095122
ML-DSA-65,sign,325,403997,1085888
ML-DSA-65,sign,326,2199950,5913402
ML-DSA-65,sign,327,407975,1096572
ML-DSA-65,sign,328,786561,2114216
ML-DSA-65,sign,329,310814,835408
ML-DSA-65,sign,330,310093,833472
ML-DSA-65,sign,331,214784,577280
ML-DSA-65,sign,332,690252,1855338
ML-DSA-65,sign,333,214886,577552
ML-DSA-65,sign,334,215009,577890
ML-DSA-65,sign,335,214930,577672
ML-DSA-65,sign,336,593820,1596130
ML-DSA-65,sign,337,599482,1611348
ML-DSA-65,sign,338,975296,2621532
ML-DSA-65,sign,339,591121,1588860
ML-DSA-65,sign,340,888580,2388404
ML-DSA-65,sign,341,595712,1601172
ML-DSA-65,sign,342,1254405,3371780
ML-DSA-65,sign,343,979473,2632760
ML-DSA-65,sign,344,876871,2356958
ML-DSA-65,sign,345,876790,2356754
ML-DSA-65,sign,346,1256129,3376412
ML-DSA-65,sign,347,1254952,3373242
ML-DSA-65,sign,348,1083739,2912938
ML-DSA-65,sign,349,408058,1096792
ML-DSA-65,sign,350,2393862,6434632
ML-DSA-65,sign,351,404075,1086088
ML-DSA-65,sign,352,215072,578054
ML-DSA-65,sign,353,497815,1338070
ML-DSA-65,sign,354,313327,842162
ML-DSA-65,sign,355,875410,2353044
ML-DSA-65,sign,356,215258,578552
ML-DSA-65,sign,357,497268,1336598
ML-DSA-65,sign,358,1158089,3112878
ML-DSA-65,sign,359,218401,586960
ML-DSA-65,sign,360,1064916,2862426
ML-DSA-65,sign,361,874776,2351278
ML-DSA-65,sign,362,404461,1087120
ML-DSA-65,sign,363,2009710,5402030
ML-DSA-65,sign,364,698859,1878430
ML-DSA-65,sign,365,214624,576852
ML-DSA-65,sign,366,592222,1591834
ML-DSA-65,sign,367,406214,1091844
ML-DSA-65,sign,368,686038,1844010
ML-DSA-65,sign,369,406935,1093778
ML-DSA-65,sign,370,785000,2110012
ML-DSA-65,sign,371,684827,1840758
ML-DSA-65,sign,372,410914,1104436
ML-DSA-65,sign,373,309285,831300
ML-DSA-65,sign,374,426469,1146282
ML-DSA-65,sign,375,311544,837370
ML-DSA-65,sign,376,1067721,2869970
ML-DSA-65,sign,377,402673,1082328
ML-DSA-65,sign,378,874836,2351500
ML-DSA-65,sign,379,499162,1341634
ML-DSA-65,sign,380,593013,1593960
ML-DSA-65,sign,381,969505,2605966
ML-DSA-65,sign,382,502500,1350656
ML-DSA-65,sign,383,687211,1847168
ML-DSA-65,sign,384,501648,1348366
ML-DSA-65,sign,385,1447966,3892064
ML-DSA-65,sign,386,313099,841544
ML-DSA-65,sign,387,403965,1085800
ML-DSA-65,sign,388,688207,1849836
ML-DSA-65,sign,389,309090,830774
ML-DSA-65,sign,390,214593,576770
ML-DSA-65,sign,391,2480817,6668368
ML-DSA-65,sign,392,213846,574762
ML-DSA-65,sign,393,214040,575286
ML-DSA-65,sign,394,308909,830286
ML-DSA-65,sign,395,591137,1588918
ML-DSA-65,sign,396,500400,1345016
ML-DSA-65,sign,397,686294,1844698
ML-DSA-65,sign,398,2100615,5646390
ML-DSA-65,sign,399,216496,581882
ML-DSA-65,sign,400,308290,828628
ML-DSA-65,sign,401,215002,577866
ML-DSA-65,sign,402,312302,839410
ML-DSA-65,sign,403,404335,1086794
ML-DSA-65,sign,404,792741,2130824
ML-DSA-65,sign,405,498275,1339304
ML-DSA-65,sign,406,1440521,3872060
ML-DSA-65,sign,407,497308,1336702
ML-DSA-65,sign,408,214855,577472
ML-DSA-65,sign,409,594636,1598316
ML-DSA-65,sign,410,497363,1336854
ML-DSA-65,sign,411,218894,588330
ML-DSA-65,sign,412,404089,1086132
ML-DSA-65,sign,413,214775,577254
ML-DSA-65,sign,414,783393,2105698
ML-DSA-65,sign,415,597465,1605924
ML-DSA-65,sign,416,308802,830002
ML-DSA-65,sign,417,312748,840610
ML-DSA-65,sign,418,407772,1096026
ML-DSA-65,sign,419,975203,2621278
ML-DSA-65,sign,420,783449,2105856
ML-DSA-65,sign,421,501778,1348708
ML-DSA-65,sign,422,876666,2356410
ML-DSA-65,sign,423,497593,1337472
ML-DSA-65,sign,424,883433,2374606
ML-DSA-65,sign,425,404227,1086492
ML-DSA-65,sign,426,874354,2350202
ML-DSA-65,sign,427,216511,581916
ML-DSA-65,sign,428,309308,831366
ML-DSA-65,sign,429,403301,1084014
ML-DSA-65,sign,430,508778,1367532
ML-DSA-65,sign,431,215170,578324
ML-DSA-65,sign,432,215353,578814
ML-DSA-65,sign,433,1160392,3119068
ML-DSA-65,sign,434,696792,1872910
ML-DSA-65,sign,435,688071,1849466
ML-DSA-65,sign,436,307553,826646
ML-DSA-65,sign,437,1258237,3382076
ML-DSA-65,sign,438,311008,835920
ML-DSA-65,sign,439,495710,1332408
ML-DSA-65,sign,440,1253305,3368824
ML-DSA-65,sign,441,1727465,4643358
ML-DSA-65,sign,442,404843,1088156
ML-DSA-65,sign,443,311655,837670
ML-DSA-65,sign,444,592029,1591302
ML-DSA-65,sign,445,1067982,2870668
ML-DSA-65,sign,446,308886,830228
ML-DSA-65,sign,447,1649271,4433150
ML-DSA-65,sign,448,310830,835454
ML-DSA-65,sign,449,1262017,3392238
ML-DSA-65,sign,450,2113357,5680600
ML-DSA-65,sign,451,687090,1846832
ML-DSA-65,sign,452,215210,578422
ML-DSA-65,sign,453,1270513,3415034
ML-DSA-65,sign,454,1542119,4145152
ML-DSA-65,sign,455,705196,1895436
ML-DSA-65,sign,456,1253456,3369224
ML-DSA-65,sign,457,781800,2101410
ML-DSA-65,sign,458,309192,831046
ML-DSA-65,sign,459,785583,2111580
ML-DSA-65,sign,460,214583,576742
ML-DSA-65,sign,461,1161475,3121986
ML-DSA-65,sign,462,406448,1092466
ML-DSA-65,sign,463,873868,2348898
ML-DSA-65,sign,464,311120,836226
ML-DSA-65,sign,465,686402,1844992
ML-DSA-65,sign,466,404346,1086818
ML-DSA-65,sign,467,309184,831022
ML-DSA-65,sign,468,1072366,2882424
ML-DSA-65,sign,469,500892,1346328
ML-DSA-65,sign,470,1065643,2864382
ML-DSA-65,sign,471,214971,577784
ML-DSA-65,sign,472,499083,1341470
ML-DSA-65,sign,473,308441,829036
ML-DSA-65,sign,474,403225,1083814
ML-DSA-65,sign,475,973198,2615860
ML-DSA-65,sign,476,404569,1087418
ML-DSA-65,sign,477,403930,1085708
ML-DSA-65,sign,478,403606,1084838
ML-DSA-65,sign,479,410575,1103568
ML-DSA-65,sign,480,309365,831512
ML-DSA-65,sign,481,2584556,6947204
ML-DSA-65,sign,482,215165,578310
ML-DSA-65,sign,483,497892,1338278
ML-DSA-65,sign,484,218226,586530
ML-DSA-65,sign,485,308931,830348
ML-DSA-65,sign,486,600626,1614418
ML-DSA-65,sign,487,1066460,2866584
ML-DSA-65,sign,488,496895,1335592
ML-DSA-65,sign,489,215268,578584
ML-DSA-65,sign,490,314957,846544
ML-DSA-65,sign,491,1161038,3120772
ML-DSA-65,sign,492,308932,830352
ML-DSA-65,sign,493,502215,1349852
ML-DSA-65,sign,494,591878,1590910
ML-DSA-65,sign,495,407237,1094552
ML-DSA-65,sign,496,402574,1082066
ML-DSA-65,sign,497,790984,2126044
ML-DSA-65,sign,498,792275,2129574
ML-DSA-65,sign,499,1440113,3870962
ML-DSA-65,sign,500,214676,576992
ML-DSA-65,sign,501,407218,1094544
ML-DSA-65,sign,502,1540384,4140452
ML-DSA-65,sign,503,215438,578990
ML-DSA-65,sign,504,216014,580586
ML-DSA-65,sign,505,592719,1593172
ML-DSA-65,sign,506,1063548,2858758
ML-DSA-65,sign,507,695113,1868362
ML-DSA-65,sign,508,1256728,3378028
ML-DSA-65,sign,509,691067,1857530
ML-DSA-65,sign,510,3541922,9520586
ML-DSA-65,sign,511,214605,576802
ML-DSA-65,sign,512,216119,580870
ML-DSA-65,sign,513,875734,2353910
ML-DSA-65,sign,514,877313,2358156
ML-DSA-65,sign,515,875853,2354234
ML-DSA-65,sign,516,404292,1086676
ML-DSA-65,sign,517,1166824,3136342
ML-DSA-65,sign,518,1157826,3112176
ML-DSA-65,sign,519,501670,1348430
ML-DSA-65,sign,520,690429,1855814
ML-DSA-65,sign,521,214737,577158
ML-DSA-65,sign,522,1157076,3110158
ML-DSA-65,sign,523,593430,1595088
ML-DSA-65,sign,524,785107,2110304
ML-DSA-65,sign,525,593757,1595922
ML-DSA-65,sign,526,687808,1848766
ML-DSA-65,sign,527,215153,578270
ML-DSA-65,sign,528,685098,1841488
ML-DSA-65,sign,529,883206,2373998
ML-DSA-65,sign,530,313296,842040
ML-DSA-65,sign,531,498017,1338612
ML-DSA-65,sign,532,1453919,3908072
ML-DSA-65,sign,533,214823,577388
ML-DSA-65,sign,534,498380,1339586
ML-DSA-65,sign,535,1559933,4193038
ML-DSA-65,sign,536,499919,1343724
ML-DSA-65,sign,537,409396,1100392
ML-DSA-65,sign,538,592330,1592126
ML-DSA-65,sign,539,1064945,2862510
ML-DSA-65,sign,540,501483,1347924
ML-DSA-65,sign,541,592746,1593242
ML-DSA-65,sign,542,1263405,3395972
ML-DSA-65,sign,543,309463,831782
ML-DSA-65,sign,544,591747,1590558
ML-DSA-65,sign,545,214916,577632
ML-DSA-65,sign,546,689303,1852786
ML-DSA-65,sign,547,214910,577622
ML-DSA-65,sign,548,214740,577166
ML-DSA-65,sign,549,1635759,4396858
ML-DSA-65,sign,550,405664,1090366
ML-DSA-65,sign,551,310643,834950
ML-DSA-65,sign,552,1640434,4409428
ML-DSA-65,sign,553,1255676,3375196
ML-DSA-65,sign,554,599685,1611872
ML-DSA-65,sign,555,308631,829546
ML-DSA-65,sign,556,968153,2602332
ML-DSA-65,sign,557,1255693,3375240
ML-DSA-65,sign,558,518066,1392496
ML-DSA-65,sign,559,404846,1088172
ML-DSA-65,sign,560,499048,1341372
ML-DSA-65,sign,561,309362,831508
ML-DSA-65,sign,562,596950,1604500
ML-DSA-65,sign,563,215444,579058
ML-DSA-65,sign,564,497961,1338460
ML-DSA-65,sign,565,1256608,3377700
ML-DSA-65,sign,566,497654,1337638
ML-DSA-65,sign,567,406682,1092982
ML-DSA-65,sign,568,882012,2370760
ML-DSA-65,sign,569,1291061,3470292
ML-DSA-65,sign,570,403048,1083338
ML-DSA-65,sign,571,523083,1405978
ML-DSA-65,sign,572,498487,1339874
ML-DSA-65,sign,573,976399,2624492
ML-DSA-65,sign,574,214692,577034
ML-DSA-65,sign,575,499096,1341510
ML-DSA-65,sign,576,891078,2395150
ML-DSA-65,sign,577,311185,836406
ML-DSA-65,sign,578,309276,831276
ML-DSA-65,sign,579,312775,840678
ML-DSA-65,sign,580,1461755,3929070
ML-DSA-65,sign,581,1352960,3636694
ML-DSA-65,sign,582,220320,592154
ML-DSA-65,sign,583,688134,1849644
ML-DSA-65,sign,584,1911014,5136740
ML-DSA-65,sign,585,312682,840422
ML-DSA-65,sign,586,592594,1592838
ML-DSA-65,sign,587,509865,1370454
ML-DSA-65,sign,588,780524,2097982
ML-DSA-65,sign,589,872708,2345780
ML-DSA-65,sign,590,408315,1097492
ML-DSA-65,sign,591,498454,1339790
ML-DSA-65,sign,592,593671,1595728
ML-DSA-65,sign,593,498529,1339986
ML-DSA-65,sign,594,420279,1129632
ML-DSA-65,sign,595,308885,830228
ML-DSA-65,sign,596,591857,1590844
ML-DSA-65,sign,597,402470,1081782
ML-DSA-65,sign,598,788631,2119772
ML-DSA-65,sign,599,784943,2109864
ML-DSA-65,sign,600,500331,1344834
ML-DSA-65,sign,601,602224,1618720
ML-DSA-65,sign,602,309354,831486
ML-DSA-65,sign,603,214398,576244
ML-DSA-65,sign,604,219023,588668
ML-DSA-65,sign,605,879588,2364276
ML-DSA-65,sign,606,877420,2358440
ML-DSA-65,sign,607,878269,2360726
ML-DSA-65,sign,608,1075292,2890316
ML-DSA-65,sign,609,1726334,4640318
ML-DSA-65,sign,610,1292974,3475448
ML-DSA-65,sign,611,1731833,4655076
ML-DSA-65,sign,612,405983,1091178
ML-DSA-65,sign,613,404709,1087796
ML-DSA-65,sign,614,214877,577528
ML-DSA-65,sign,615,499617,1342914
ML-DSA-65,sign,616,214706,577072
ML-DSA-65,sign,617,3240425,8710202
ML-DSA-65,sign,618,782781,2104054
ML-DSA-65,sign,619,592022,1591300
ML-DSA-65,sign,620,882176,2371216
ML-DSA-65,sign,621,313230,841898
ML-DSA-65,sign,622,780245,2097242
ML-DSA-65,sign,623,310897,835628
ML-DSA-65,sign,624,309164,830976
ML-DSA-65,sign,625,592040,1591346
ML-DSA-65,sign,626,215330,578752
ML-DSA-65,sign,627,497350,1336802
ML-DSA-65,sign,628,595602,1600910
ML-DSA-65,sign,629,595172,1599724
ML-DSA-65,sign,630,2210131,5940742
ML-DSA-65,sign,631,502003,1349330
ML-DSA-65,sign,632,310709,835118
ML-DSA-65,sign,633,214771,577244
ML-DSA-65,sign,634,213934,574998
ML-DSA-65,sign,635,309278,831282
ML-DSA-65,sign,636,220760,593338
ML-DSA-65,sign,637,308742,829840
ML-DSA-65,sign,638,214350,576114
ML-DSA-65,sign,639,404075,1086098
ML-DSA-65,sign,640,783776,2106726
ML-DSA-65,sign,641,604293,1624278
ML-DSA-65,sign,642,309103,830808
ML-DSA-65,sign,643,502014,1349314
ML-DSA-65,sign,644,892501,2398982
ML-DSA-65,sign,645,693162,1863160
ML-DSA-65,sign,646,692903,1862424
ML-DSA-65,sign,647,311198,836442
ML-DSA-65,sign,648,1918386,5156552
ML-DSA-65,sign,649,309441,831724
ML-DSA-65,sign,650,502687,1351156
ML-DSA-65,sign,651,692898,1862406
ML-DSA-65,sign,652,403679,1085030
ML-DSA-65,sign,653,1451499,3901534
ML-DSA-65,sign,654,691029,1857420
ML-DSA-65,sign,655,810611,2178856
ML-DSA-65,sign,656,1256751,3378048
ML-DSA-65,sign,657,310733,835190
ML-DSA-65,sign,658,214999,577860
ML-DSA-65,sign,659,592001,1591238
ML-DSA-65,sign,660,979508,2632856
ML-DSA-65,sign,661,219297,589404
ML-DSA-65,sign,662,591256,1589240
ML-DSA-65,sign,663,214676,576992
ML-DSA-65,sign,664,593526,1595336
ML-DSA-65,sign,665,496905,1335622
ML-DSA-65,sign,666,215955,580420
ML-DSA-65,sign,667,214675,576988
ML-DSA-65,sign,668,596567,1603504
ML-DSA-65,sign,669,504184,1355194
ML-DSA-65,sign,670,403646,1084942
ML-DSA-65,sign,671,884079,2376336
ML-DSA-65,sign,672,406198,1091792
ML-DSA-65,sign,673,594466,1597868
ML-DSA-65,sign,674,597767,1606736
ML-DSA-65,sign,675,593712,1595840
ML-DSA-65,sign,676,498377,1339584
ML-DSA-65,sign,677,404113,1086198
ML-DSA-65,sign,678,313701,843166
ML-DSA-65,sign,679,403245,1083864
ML-DSA-65,sign,680,502616,1350972
ML-DSA-65,sign,681,404218,1086474
ML-DSA-65,sign,682,309404,831620
ML-DSA-65,sign,683,313028,841362
ML-DSA-65,sign,684,405560,1090090
ML-DSA-65,sign,685,506193,1360584
ML-DSA-65,sign,686,972600,2614288
ML-DSA-65,sign,687,215059,578018
ML-DSA-65,sign,688,406829,1093500
ML-DSA-65,sign,689,1070030,2876174
ML-DSA-65,sign,690,216857,582854
ML-DSA-65,sign,691,973346,2616288
ML-DSA-65,sign,692,596120,1602310
ML-DSA-65,sign,693,403409,1084304
ML-DSA-65,sign,694,500826,1346160
ML-DSA-65,sign,695,402720,1082454
ML-DSA-65,sign,696,1068721,2872656
ML-DSA-65,sign,697,215612,579506
ML-DSA-65,sign,698,593360,1594892
ML-DSA-65,sign,699,411681,1106528
ML-DSA-65,sign,700,593096,1594188
ML-DSA-65,sign,701,878631,2361698
ML-DSA-65,sign,702,402447,1081716
ML-DSA-65,sign,703,686455,1845136
ML-DSA-65,sign,704,971108,2610270
ML-DSA-65,sign,705,2389447,6422768
ML-DSA-65,sign,706,799215,2148216
ML-DSA-65,sign,707,310730,835176
ML-DSA-65,sign,708,1169377,3143220
ML-DSA-65,sign,709,1364881,3668690
ML-DSA-65,sign,710,502029,1349394
ML-DSA-65,sign,711,1170644,3146594
ML-DSA-65,sign,712,404003,1085832
ML-DSA-65,sign,713,407882,1096298
ML-DSA-65,sign,714,1729062,4647650
ML-DSA-65,sign,715,503240,1352584
ML-DSA-65,sign,716,310119,833540
ML-DSA-65,sign,717,983422,2643352
ML-DSA-65,sign,718,313217,841832
ML-DSA-65,sign,719,687388,1847642
ML-DSA-65,sign,720,405097,1088842
ML-DSA-65,sign,721,874319,2350112
ML-DSA-65,sign,722,592354,1592178
ML-DSA-65,sign,723,403702,1085092
ML-DSA-65,sign,724,404560,1087394
ML-DSA-65,sign,725,593372,1594930
ML-DSA-65,sign,726,1258445,3382636
ML-DSA-65,sign,727,497843,1338148
ML-DSA-65,sign,728,214734,577148
ML-DSA-65,sign,729,497698,1337748
ML-DSA-65,sign,730,1561989,4198566
ML-DSA-65,sign,731,1930733,5189750
ML-DSA-65,sign,732,1349151,3626456
ML-DSA-65,sign,733,310880,835586
ML-DSA-65,sign,734,406004,1091270
ML-DSA-65,sign,735,310519,834618
ML-DSA-65,sign,736,308819,830048
ML-DSA-65,sign,737,1062906,2857020
ML-DSA-65,sign,738,501656,1348386
ML-DSA-65,sign,739,686085,1844140
ML-DSA-65,sign,740,312566,840116
ML-DSA-65,sign,741,215641,579586
ML-DSA-65,sign,742,215513,579244
ML-DSA-65,sign,743,1820954,4894656
ML-DSA-65,sign,744,405158,1088998
ML-DSA-65,sign,745,310502,834564
ML-DSA-65,sign,746,214829,577404
ML-DSA-65,sign,747,497907,1338316
ML-DSA-65,sign,748,502105,1349596
ML-DSA-65,sign,749,1725630,4638426
ML-DSA-65,sign,750,309638,832252
ML-DSA-65,sign,751,2481213,6669436
ML-DSA-65,sign,752,1255298,3374172
ML-DSA-65,sign,753,592520,1592636
ML-DSA-65,sign,754,312953,841114
ML-DSA-65,sign,755,981765,2638880
ML-DSA-65,sign,756,591546,1590022
ML-DSA-65,sign,757,308897,830256
ML-DSA-65,sign,758,310812,835404
ML-DSA-65,sign,759,876555,2356080
ML-DSA-65,sign,760,217775,585276
ML-DSA-65,sign,761,215115,578170
ML-DSA-65,sign,762,504785,1356804
ML-DSA-65,sign,763,214819,577376
ML-DSA-65,sign,764,403884,1085582
ML-DSA-65,sign,765,309617,832184
ML-DSA-65,sign,766,309926,833022
ML-DSA-65,sign,767,215122,578192
ML-DSA-65,sign,768,788727,2120000
ML-DSA-65,sign,769,1166709,3136046
ML-DSA-65,sign,770,216300,581358
ML-DSA-65,sign,771,216503,581902
ML-DSA-65,sign,772,312740,840586
ML-DSA-65,sign,773,874875,2351606
ML-DSA-65,sign,774,214029,575254
ML-DSA-65,sign,775,781034,2099358
ML-DSA-65,sign,776,686646,1845646
ML-DSA-65,sign,777,1910315,5134864
ML-DSA-65,sign,778,404517,1087282
ML-DSA-65,sign,779,881588,2369652
ML-DSA-65,sign,780,693970,1865330
ML-DSA-65,sign,781,690590,1856246
ML-DSA-65,sign,782,309856,832836
ML-DSA-65,sign,783,214715,577096
ML-DSA-65,sign,784,218627,587572
ML-DSA-65,sign,785,500460,1345182
ML-DSA-65,sign,786,503427,1353148
ML-DSA-65,sign,787,497430,1337036
ML-DSA-65,sign,788,499998,1343938
ML-DSA-65,sign,789,402234,1081146
ML-DSA-65,sign,790,595364,1600232
ML-DSA-65,sign,791,685982,1843862
ML-DSA-65,sign,792,316547,850820
ML-DSA-65,sign,793,308912,830294
ML-DSA-65,sign,794,689637,1853684
ML-DSA-65,sign,795,595425,1600444
ML-DSA-65,sign,796,408093,1096896
ML-DSA-65,sign,797,1068546,2872190
ML-DSA-65,sign,798,309212,831104
ML-DSA-65,sign,799,972317,2613526
ML-DSA-65,sign,800,405014,1088622
ML-DSA-65,sign,801,686696,1845780
ML-DSA-65,sign,802,597070,1604864
ML-DSA-65,sign,803,591056,1588702
ML-DSA-65,sign,804,688959,1851860
ML-DSA-65,sign,805,308978,830478
ML-DSA-65,sign,806,1162214,3123968
ML-DSA-65,sign,807,786747,2114716
ML-DSA-65,sign,808,215319,578720
ML-DSA-65,sign,809,593076,1594120
ML-DSA-65,sign,810,215766,579924
ML-DSA-65,sign,811,502139,1349682
ML-DSA-65,sign,812,686695,1845778
ML-DSA-65,sign,813,404859,1088190
ML-DSA-65,sign,814,403550,1084682
ML-DSA-65,sign,815,313553,842764
ML-DSA-65,sign,816,409553,1100818
ML-DSA-65,sign,817,594641,1598290
ML-DSA-65,sign,818,684737,1840516
ML-DSA-65,sign,819,214642,576902
ML-DSA-65,sign,820,502074,1349508
ML-DSA-65,sign,821,407813,1096146
ML-DSA-65,sign,822,407154,1094362
ML-DSA-65,sign,823,687104,1846876
ML-DSA-65,sign,824,310188,833716
ML-DSA-65,sign,825,403573,1084748
ML-DSA-65,sign,826,308712,829760
ML-DSA-65,sign,827,1180506,3173110
ML-DSA-65,sign,828,590419,1586986
ML-DSA-65,sign,829,214801,577330
ML-DSA-65,sign,830,497156,1336286
ML-DSA-65,sign,831,311954,838434
ML-DSA-65,sign,832,784134,2107688
ML-DSA-65,sign,833,215134,578224
ML-DSA-65,sign,834,690460,1855888
ML-DSA-65,sign,835,308731,829814
ML-DSA-65,sign,836,312204,839136
ML-DSA-65,sign,837,3051519,8202428
ML-DSA-65,sign,838,312071,838792
ML-DSA-65,sign,839,592943,1593770
ML-DSA-65,sign,840,1265795,3402372
ML-DSA-65,sign,841,1536248,4129374
ML-DSA-65,sign,842,406653,1093024
ML-DSA-65,sign,843,309545,832000
ML-DSA-65,sign,844,504583,1356260
ML-DSA-65,sign,845,497109,1336170
ML-DSA-65,sign,846,785139,2110396
ML-DSA-65,sign,847,403185,1083702
ML-DSA-65,sign,848,403664,1084986
ML-DSA-65,sign,849,406487,1092578
ML-DSA-65,sign,850,215244,578510
ML-DSA-65,sign,851,220004,591274
ML-DSA-65,sign,852,499088,1341488
ML-DSA-65,sign,853,506567,1361594
ML-DSA-65,sign,854,402262,1081220
ML-DSA-65,sign,855,1064889,2862358
ML-DSA-65,sign,856,878131,2360346
ML-DSA-65,sign,857,688360,1850254
ML-DSA-65,sign,858,309792,832666
ML-DSA-65,sign,859,215335,578766
ML-DSA-65,sign,860,215767,579924
ML-DSA-65,sign,861,409647,1101062
ML-DSA-65,sign,862,308788,829966
ML-DSA-65,sign,863,1542224,4145438
ML-DSA-65,sign,864,497880,1338244
ML-DSA-65,sign,865,215195,578390
ML-DSA-65,sign,866,215227,578474
ML-DSA-65,sign,867,598863,1609684
ML-DSA-65,sign,868,972949,2615228
ML-DSA-65,sign,869,699730,1880796
ML-DSA-65,sign,870,873173,2347020
ML-DSA-65,sign,871,214881,577542
ML-DSA-65,sign,872,403007,1083226
ML-DSA-65,sign,873,314477,845254
ML-DSA-65,sign,874,1349200,3626592
ML-DSA-65,sign,875,215026,577936
ML-DSA-65,sign,876,407640,1095674
ML-DSA-65,sign,877,780612,2098228
ML-DSA-65,sign,878,218765,587974
ML-DSA-65,sign,879,1064356,2860922
ML-DSA-65,sign,880,686513,1845286
ML-DSA-65,sign,881,501503,1347936
ML-DSA-65,sign,882,1538973,4136702
ML-DSA-65,sign,883,219051,588750
ML-DSA-65,sign,884,1351407,3632516
ML-DSA-65,sign,885,784994,2109972
ML-DSA-65,sign,886,215012,577892
ML-DSA-65,sign,887,309956,833102
ML-DSA-65,sign,888,217815,585426
ML-DSA-65,sign,889,313399,842358
ML-DSA-65,sign,890,405728,1090542
ML-DSA-65,sign,891,216488,581822
ML-DSA-65,sign,892,407495,1095280
ML-DSA-65,sign,893,1441670,3875144
ML-DSA-65,sign,894,1157493,3111280
ML-DSA-65,sign,895,405903,1091008
ML-DSA-65,sign,896,687328,1847482
ML-DSA-65,sign,897,504767,1356756
ML-DSA-65,sign,898,599107,1610338
ML-DSA-65,sign,899,214334,576072
ML-DSA-65,sign,900,402948,1083064
ML-DSA-65,sign,901,1441533,3874778
ML-DSA-65,sign,902,309409,831632
ML-DSA-65,sign,903,1069218,2874000
ML-DSA-65,sign,904,407508,1095284
ML-DSA-65,sign,905,1356189,3645368
ML-DSA-65,sign,906,214323,576044
ML-DSA-65,sign,907,785555,2111508
ML-DSA-65,sign,908,216489,581824
ML-DSA-65,sign,909,878957,2362566
ML-DSA-65,sign,910,214709,577084
ML-DSA-65,sign,911,214956,577744
ML-DSA-65,sign,912,218987,588542
ML-DSA-65,sign,913,409205,1099858
ML-DSA-65,sign,914,878721,2361934
ML-DSA-65,sign,915,885900,2381236
ML-DSA-65,sign,916,1162325,3124262
ML-DSA-65,sign,917,784984,2109936
ML-DSA-65,sign,918,217262,583902
ML-DSA-65,sign,919,690566,1856172
ML-DSA-65,sign,920,1262943,3394722
ML-DSA-65,sign,921,496391,1334240
ML-DSA-65,sign,922,218155,586302
ML-DSA-65,sign,923,499910,1343700
ML-DSA-65,sign,924,785198,2110514
ML-DSA-65,sign,925,308138,828216
ML-DSA-65,sign,926,217884,585574
ML-DSA-65,sign,927,412085,1107586
ML-DSA-65,sign,928,312326,839434
ML-DSA-65,sign,929,596807,1604110
ML-DSA-65,sign,930,501300,1347438
ML-DSA-65,sign,931,1162057,3123546
ML-DSA-65,sign,932,216516,581926
ML-DSA-65,sign,933,1155439,3105760
ML-DSA-65,sign,934,309004,830546
ML-DSA-65,sign,935,1069115,2873712
ML-DSA-65,sign,936,309027,830608
ML-DSA-65,sign,937,792577,2130380
ML-DSA-65,sign,938,311989,838558
ML-DSA-65,sign,939,1068464,2871964
ML-DSA-65,sign,940,312474,839870
ML-DSA-65,sign,941,217066,583414
ML-DSA-65,sign,942,596312,1602826
ML-DSA-65,sign,943,590680,1587692
ML-DSA-65,sign,944,781175,2099740
ML-DSA-65,sign,945,309691,832394
ML-DSA-65,sign,946,686579,1845460
ML-DSA-65,sign,947,694177,1865888
ML-DSA-65,sign,948,1255581,3374940
ML-DSA-65,sign,949,1443614,3880372
ML-DSA-65,sign,950,406829,1093498
ML-DSA-65,sign,951,217643,584966
ML-DSA-65,sign,952,692146,1860394
ML-DSA-65,sign,953,499678,1343040
ML-DSA-65,sign,954,319976,860016
ML-DSA-65,sign,955,215420,578990
ML-DSA-65,sign,956,497276,1336616
ML-DSA-65,sign,957,501814,1348818
ML-DSA-65,sign,958,592698,1593114
ML-DSA-65,sign,959,1574071,4231044
ML-DSA-65,sign,960,691742,1859342
ML-DSA-65,sign,961,784728,2109248
ML-DSA-65,sign,962,784161,2107764
ML-DSA-65,sign,963,692457,1861262
ML-DSA-65,sign,964,497526,1337294
ML-DSA-65,sign,965,973426,2616474
ML-DSA-65,sign,966,1537754,4133424
ML-DSA-65,sign,967,215055,578008
ML-DSA-65,sign,968,596483,1603286
ML-DSA-65,sign,969,214813,577332
ML-DSA-65,sign,970,308414,828960
ML-DSA-65,sign,971,313764,843338
ML-DSA-65,sign,972,497293,1336598
ML-DSA-65,sign,973,311432,837074
ML-DSA-65,sign,974,790792,2125590
ML-DSA-65,sign,975,982935,2642072
ML-DSA-65,sign,976,1450123,3897870
ML-DSA-65,sign,977,312216,839136
ML-DSA-65,sign,978,217988,585852
ML-DSA-65,sign,979,593859,1596232
ML-DSA-65,sign,980,309168,830988
ML-DSA-65,sign,981,502694,1351178
ML-DSA-65,sign,982,885523,2380232
ML-DSA-65,sign,983,593950,1596478
ML-DSA-65,sign,984,1914013,5144808
ML-DSA-65,sign,985,1728119,4645122
ML-DSA-65,sign,986,497186,1336380
ML-DSA-65,sign,987,313159,841712
ML-DSA-65,sign,988,215149,578260
ML-DSA-65,sign,989,308408,828944
ML-DSA-65,sign,990,404857,1088200
ML-DSA-65,sign,991,872996,2346556
ML-DSA-65,sign,992,406831,1093462
ML-DSA-65,sign,993,215070,578054
ML-DSA-65,sign,994,1549225,4164236
ML-DSA-65,sign,995,311518,837260
ML-DSA-65,sign,996,309244,831192
ML-DSA-65,sign,997,217651,584944
ML-DSA-65,sign,998,407863,1096274
ML-DSA-65,sign,999,591746,1590556
ML-DSA-65,verify,0,117480,315690
ML-DSA-65,verify,1,118771,319160
ML-DSA-65,verify,2,116910,314192
ML-DSA-65,verify,3,117415,315552
ML-DSA-65,verify,4,116401,312824
ML-DSA-65,verify,5,117351,315380
ML-DSA-65,verify,6,116840,314006
ML-DSA-65,verify,7,117780,316534
ML-DSA-65,verify,8,116583,313316
ML-DSA-65,verify,9,116932,314256
ML-DSA-65,verify,10,117870,316772
ML-DSA-65,verify,11,117111,314732
ML-DSA-65,verify,12,117751,316454
ML-DSA-65,verify,13,117733,316402
ML-DSA-65,verify,14,117406,315526
ML-DSA-65,verify,15,117300,315210
ML-DSA-65,verify,16,117636,316118
ML-DSA-65,verify,17,117946,316978
ML-DSA-65,verify,18,118593,318720
ML-DSA-65,verify,19,117046,314560
ML-DSA-65,verify,20,116916,314210
ML-DSA-65,verify,21,116689,313600
ML-DSA-65,verify,22,116788,313868
ML-DSA-65,verify,23,117604,316062
ML-DSA-65,verify,24,117822,316646
ML-DSA-65,verify,25,117932,316940
ML-DSA-65,verify,26,117730,316396
ML-DSA-65,verify,27,118838,319376
ML-DSA-65,verify,28,118073,317318
ML-DSA-65,verify,29,118117,317436
ML-DSA-65,verify,30,117489,315752
ML-DSA-65,verify,31,117301,315244
ML-DSA-65,verify,32,117094,314686
ML-DSA-65,verify,33,117166,314882
ML-DSA-65,verify,34,117198,314972
ML-DSA-65,verify,35,118448,318324
ML-DSA-65,verify,36,117014,314464
ML-DSA-65,verify,37,117134,314796
ML-DSA-65,verify,38,117188,314938
ML-DSA-65,verify,39,117434,315602
ML-DSA-65,verify,40,117318,315282
ML-DSA-65,verify,41,117502,315782
ML-DSA-65,verify,42,117004,314438
ML-DSA-65,verify,43,117134,314792
ML-DSA-65,verify,44,118301,317926
ML-DSA-65,verify,45,117892,316826
ML-DSA-65,verify,46,118106,317406
ML-DSA-65,verify,47,118017,317160
ML-DSA-65,verify,48,117898,316846
ML-DSA-65,verify,49,117971,317038
ML-DSA-65,verify,50,117843,316698
ML-DSA-65,verify,51,117869,316762
ML-DSA-65,verify,52,118732,319088
ML-DSA-65,verify,53,116565,313254
ML-DSA-65,verify,54,117727,316390
ML-DSA-65,verify,55,117555,315918
ML-DSA-65,verify,56,116245,312402
ML-DSA-65,verify,57,116113,312048
ML-DSA-65,verify,58,116242,312396
ML-DSA-65,verify,59,116184,312236
ML-DSA-65,verify,60,116239,312386
ML-DSA-65,verify,61,117573,315970
ML-DSA-65,verify,62,116992,314412
ML-DSA-65,verify,63,117948,316986
ML-DSA-65,verify,64,117840,316684
ML-DSA-65,verify,65,117002,314440
ML-DSA-65,verify,66,117220,315028
ML-DSA-65,verify,67,117251,315114
ML-DSA-65,verify,68,117877,316794
ML-DSA-65,verify,69,118282,317872
ML-DSA-65,verify,70,117118,314754
ML-DSA-65,verify,71,117704,316330
ML-DSA-65,verify,72,117509,315802
ML-DSA-65,verify,73,117643,316162
ML-DSA-65,verify,74,117423,315570
ML-DSA-65,verify,75,117347,315366
ML-DSA-65,verify,76,117739,316426
ML-DSA-65,verify,77,117498,315774
ML-DSA-65,verify,78,118389,318162
ML-DSA-65,verify,79,117201,314970
ML-DSA-65,verify,80,117642,316160
ML-DSA-65,verify,81,117672,316242
ML-DSA-65,verify,82,117800,316584
ML-DSA-65,verify,83,117860,316746
ML-DSA-65,verify,84,117164,314878
ML-DSA-65,verify,85,117268,315158
ML-DSA-65,verify,86,118425,318260
ML-DSA-65,verify,87,116965,314342
ML-DSA-65,verify,88,117860,316748
ML-DSA-65,verify,89,117248,315102
ML-DSA-65,verify,90,117189,314944
ML-DSA-65,verify,91,117156,314860
ML-DSA-65,verify,92,117217,315022
ML-DSA-65,verify,93,117581,316000
ML-DSA-65,verify,94,116927,314242
ML-DSA-65,verify,95,118432,318280
ML-DSA-65,verify,96,116795,313886
ML-DSA-65,verify,97,117555,315928
ML-DSA-65,verify,98,117643,316162
ML-DSA-65,verify,99,117452,315656
ML-DSA-65,verify,100,117895,316836
ML-DSA-65,verify,101,116936,314264
ML-DSA-65,verify,102,117610,316078
ML-DSA-65,verify,103,118331,318012
ML-DSA-65,verify,104,117172,314900
ML-DSA-65,verify,105,117591,316020
ML-DSA-65,verify,106,117256,315124
ML-DSA-65,verify,107,117467,315694
ML-DSA-65,verify,108,117413,315544
ML-DSA-65,verify,109,117514,315816
ML-DSA-65,verify,110,117516,315824
ML-DSA-65,verify,111,117431,315588
ML-DSA-65,verify,112,118527,318542
ML-DSA-65,verify,113,116799,313898
ML-DSA-65,verify,114,117081,314656
ML-DSA-65,verify,115,117161,314870
ML-DSA-65,verify,116,116852,314038
ML-DSA-65,verify,117,116850,314036
ML-DSA-65,verify,118,117298,315240
ML-DSA-65,verify,119,117156,314856
ML-DSA-65,verify,120,118011,317144
ML-DSA-65,verify,121,117282,315198
ML-DSA-65,verify,122,117860,316750
ML-DSA-65,verify,123,117227,315044
ML-DSA-65,verify,124,117698,316310
ML-DSA-65,verify,125,118182,317614
ML-DSA-65,verify,126,117683,316274
ML-DSA-65,verify,127,117981,317074
ML-DSA-65,verify,128,117147,314834
ML-DSA-65,verify,129,118518,318514
ML-DSA-65,verify,130,117303,315250
ML-DSA-65,verify,131,117767,316496
ML-DSA-65,verify,132,117218,315022
ML-DSA-65,verify,133,117644,316166
ML-DSA-65,verify,134,116812,313932
ML-DSA-65,verify,135,116999,314432
ML-DSA-65,verify,136,117228,315050
ML-DSA-65,verify,137,118278,317860
ML-DSA-65,verify,138,117456,315660
ML-DSA-65,verify,139,117294,315226
ML-DSA-65,verify,140,117445,315628
ML-DSA-65,verify,141,117043,314550
ML-DSA-65,verify,142,116943,314282
ML-DSA-65,verify,143,117181,314922
ML-DSA-65,verify,144,117313,315276
ML-DSA-65,verify,145,116989,314404
ML-DSA-65,verify,146,126800,340748
ML-DSA-65,verify,147,116477,313032
ML-DSA-65,verify,148,116412,312856
ML-DSA-65,verify,149,117360,315400
ML-DSA-65,verify,150,116838,314000
ML-DSA-65,verify,151,117147,314830
ML-DSA-65,verify,152,117059,314594
ML-DSA-65,verify,153,116822,313960
ML-DSA-65,verify,154,118144,317506
ML-DSA-65,verify,155,117400,315512
ML-DSA-65,verify,156,117278,315184
ML-DSA-65,verify,157,118039,317228
ML-DSA-65,verify,158,117551,315918
ML-DSA-65,verify,159,118221,317722
ML-DSA-65,verify,160,117526,315852
ML-DSA-65,verify,161,117398,315506
ML-DSA-65,verify,162,117471,315704
ML-DSA-65,verify,163,118164,317554
ML-DSA-65,verify,164,117509,315802
ML-DSA-65,verify,165,117707,316336
ML-DSA-65,verify,166,117492,315756
ML-DSA-65,verify,167,117187,314938
ML-DSA-65,verify,168,117383,315464
ML-DSA-65,verify,169,117525,315848
ML-DSA-65,verify,170,117413,315550
ML-DSA-65,verify,171,118699,318998
ML-DSA-65,verify,172,116915,314208
ML-DSA-65,verify,173,117148,314832
ML-DSA-65,verify,174,117211,315000
ML-DSA-65,verify,175,117543,315898
ML-DSA-65,verify,176,117198,314970
ML-DSA-65,verify,177,117890,316822
ML-DSA-65,verify,178,116773,313828
ML-DSA-65,verify,179,116773,313826
ML-DSA-65,verify,180,117361,315404
ML-DSA-65,verify,181,117685,316276
ML-DSA-65,verify,182,117564,315952
ML-DSA-65,verify,183,116803,313910
ML-DSA-65,verify,184,117081,314654
ML-DSA-65,verify,185,117065,314612
ML-DSA-65,verify,186,116776,313836
ML-DSA-65,verify,187,116915,314210
ML-DSA-65,verify,188,118387,318166
ML-DSA-65,verify,189,116867,314082
ML-DSA-65,verify,190,116597,313352
ML-DSA-65,verify,191,116991,314410
ML-DSA-65,verify,192,117217,315018
ML-DSA-65,verify,193,117421,315570
ML-DSA-65,verify,194,117102,314710
ML-DSA-65,verify,195,116608,313382
ML-DSA-65,verify,196,116677,313570
ML-DSA-65,verify,197,118282,317880
ML-DSA-65,verify,198,116464,312996
ML-DSA-65,verify,199,116136,312110
ML-DSA-65,verify,200,116894,314150
ML-DSA-65,verify,201,116891,314146
ML-DSA-65,verify,202,116856,314046
ML-DSA-65,verify,203,117168,314886
ML-DSA-65,verify,204,116886,314128
ML-DSA-65,verify,205,118093,317364
ML-DSA-65,verify,206,116921,314220
ML-DSA-65,verify,207,116934,314258
ML-DSA-65,verify,208,117284,315200
ML-DSA-65,verify,209,116945,314292
ML-DSA-65,verify,210,117033,314528
ML-DSA-65,verify,211,116936,314264
ML-DSA-65,verify,212,116926,314236
ML-DSA-65,verify,213,116729,313706
ML-DSA-65,verify,214,117379,315446
ML-DSA-65,verify,215,117611,316076
ML-DSA-65,verify,216,117766,316496
ML-DSA-65,verify,217,117555,315928
ML-DSA-65,verify,218,117859,316744
ML-DSA-65,verify,219,117618,316100
ML-DSA-65,verify,220,117482,315736
ML-DSA-65,verify,221,117350,315376
ML-DSA-65,verify,222,118669,318914
ML-DSA-65,verify,223,117163,314872
ML-DSA-65,verify,224,117267,315156
ML-DSA-65,verify,225,117153,314848
ML-DSA-65,verify,226,117090,314680
ML-DSA-65,verify,227,116863,314068
ML-DSA-65,verify,228,116903,314176
ML-DSA-65,verify,229,117475,315712
ML-DSA-65,verify,230,117518,315828
ML-DSA-65,verify,231,118275,317860
ML-DSA-65,verify,232,117213,315004
ML-DSA-65,verify,233,117486,315744
ML-DSA-65,verify,234,117320,315298
ML-DSA-65,verify,235,117843,316700
ML-DSA-65,verify,236,117407,315530
ML-DSA-65,verify,237,117304,315256
ML-DSA-65,verify,238,117064,314606
ML-DSA-65,verify,239,118381,318142
ML-DSA-65,verify,240,117325,315308
ML-DSA-65,verify,241,117840,316696
ML-DSA-65,verify,242,117819,316638
ML-DSA-65,verify,243,118045,317248
ML-DSA-65,verify,244,117839,316692
ML-DSA-65,verify,245,117635,316146
ML-DSA-65,verify,246,117541,315892
ML-DSA-65,verify,247,119211,320376
ML-DSA-65,verify,248,116862,314064
ML-DSA-65,verify,249,117608,316070
ML-DSA-65,verify,250,117324,315308
ML-DSA-65,verify,251,117413,315544
ML-DSA-65,verify,252,117028,314508
ML-DSA-65,verify,253,116993,314418
ML-DSA-65,verify,254,117182,314926
ML-DSA-65,verify,255,116906,314182
ML-DSA-65,verify,256,118403,318208
ML-DSA-65,verify,257,117565,315954
ML-DSA-65,verify,258,117371,315436
ML-DSA-65,verify,259,117246,315100
ML-DSA-65,verify,260,117430,315588
ML-DSA-65,verify,261,117177,314916
ML-DSA-65,verify,262,116968,314356
ML-DSA-65,verify,263,117201,314978
ML-DSA-65,verify,264,118521,318524
ML-DSA-65,verify,265,117559,315938
ML-DSA-65,verify,266,117140,314812
ML-DSA-65,verify,267,117893,316836
ML-DSA-65,verify,268,117499,315774
ML-DSA-65,verify,269,117640,316156
ML-DSA-65,verify,270,117755,316466
ML-DSA-65,verify,271,117089,314676
ML-DSA-65,verify,272,117082,314660
ML-DSA-65,verify,273,118502,318472
ML-DSA-65,verify,274,117182,314922
ML-DSA-65,verify,275,117075,314636
ML-DSA-65,verify,276,117190,314946
ML-DSA-65,verify,277,117833,316676
ML-DSA-65,verify,278,117819,316642
ML-DSA-65,verify,279,117780,316532
ML-DSA-65,verify,280,118008,317144
ML-DSA-65,verify,281,119189,320326
ML-DSA-65,verify,282,116823,313960
ML-DSA-65,verify,283,116700,313634
ML-DSA-65,verify,284,117308,315266
ML-DSA-65,verify,285,117532,315868
ML-DSA-65,verify,286,116873,314094
ML-DSA-65,verify,287,116874,314098
ML-DSA-65,verify,288,116173,312216
ML-DSA-65,verify,289,116465,313000
ML-DSA-65,verify,290,117750,316452
ML-DSA-65,verify,291,117091,314682
ML-DSA-65,verify,292,117204,314984
ML-DSA-65,verify,293,117189,314948
ML-DSA-65,verify,294,117102,314710
ML-DSA-65,verify,295,117301,315244
ML-DSA-65,verify,296,117143,314824
ML-DSA-65,verify,297,117121,314758
ML-DSA-65,verify,298,118520,318522
ML-DSA-65,verify,299,116975,314364
ML-DSA-65,verify,300,117596,316038
ML-DSA-65,verify,301,117572,315976
ML-DSA-65,verify,302,117800,316584
ML-DSA-65,verify,303,118024,317188
ML-DSA-65,verify,304,117633,316138
ML-DSA-65,verify,305,117781,316532
ML-DSA-65,verify,306,117528,315854
ML-DSA-65,verify,307,119504,321168
ML-DSA-65,verify,308,118501,318464
ML-DSA-65,verify,309,118318,317978
ML-DSA-65,verify,310,117817,316634
ML-DSA-65,verify,311,118035,317216
ML-DSA-65,verify,312,118027,317198
ML-DSA-65,verify,313,118254,317808
ML-DSA-65,verify,314,117986,317088
ML-DSA-65,verify,315,118875,319480
ML-DSA-65,verify,316,117100,314706
ML-DSA-65,verify,317,117662,316216
ML-DSA-65,verify,318,117854,316728
ML-DSA-65,verify,319,117370,315432
ML-DSA-65,verify,320,117165,314878
ML-DSA-65,verify,321,117843,316700
ML-DSA-65,verify,322,117467,315690
ML-DSA-65,verify,323,117093,314686
ML-DSA-65,verify,324,118538,318566
ML-DSA-65,verify,325,116671,313550
ML-DSA-65,verify,326,117119,314754
ML-DSA-65,verify,327,117390,315484
ML-DSA-65,verify,328,117258,315128
ML-DSA-65,verify,329,116878,314106
ML-DSA-65,verify,330,116845,314016
ML-DSA-65,verify,331,116757,313782
ML-DSA-65,verify,332,118067,317312
ML-DSA-65,verify,333,116714,313662
ML-DSA-65,verify,334,116426,312894
ML-DSA-65,verify,335,116276,312492
ML-DSA-65,verify,336,116395,312806
ML-DSA-65,verify,337,116309,312580
ML-DSA-65,verify,338,116394,312808
ML-DSA-65,verify,339,117051,314574
ML-DSA-65,verify,340,117230,315052
ML-DSA-65,verify,341,117964,317028
ML-DSA-65,verify,342,117168,314888
ML-DSA-65,verify,343,117851,316722
ML-DSA-65,verify,344,117767,316502
ML-DSA-65,verify,345,117290,315214
ML-DSA-65,verify,346,117140,314812
ML-DSA-65,verify,347,117058,314596
ML-DSA-65,verify,348,117288,315210
ML-DSA-65,verify,349,118501,318476
ML-DSA-65,verify,350,117004,314448
ML-DSA-65,verify,351,117252,315114
ML-DSA-65,verify,352,117353,315388
ML-DSA-65,verify,353,117271,315162
ML-DSA-65,verify,354,117795,316574
ML-DSA-65,verify,355,117730,316398
ML-DSA-65,verify,356,117614,316084
ML-DSA-65,verify,357,117177,314912
ML-DSA-65,verify,358,118728,319082
ML-DSA-65,verify,359,117390,315484
ML-DSA-65,verify,360,118074,317326
ML-DSA-65,verify,361,117418,315560
ML-DSA-65,verify,362,117168,314888
ML-DSA-65,verify,363,116856,314052
ML-DSA-65,verify,364,117000,314436
ML-DSA-65,verify,365,117251,315110
ML-DSA-65,verify,366,118860,319432
ML-DSA-65,verify,367,116509,313116
ML-DSA-65,verify,368,117311,315270
ML-DSA-65,verify,369,117326,315312
ML-DSA-65,verify,370,116753,313774
ML-DSA-65,verify,371,116629,313446
ML-DSA-65,verify,372,116356,312706
ML-DSA-65,verify,373,117051,314578
ML-DSA-65,verify,374,116824,313966
ML-DSA-65,verify,375,117855,316734
ML-DSA-65,verify,376,116834,313992
ML-DSA-65,verify,377,117535,315870
ML-DSA-65,verify,378,117500,315782
ML-DSA-65,verify,379,117338,315344
ML-DSA-65,verify,380,117456,315658
ML-DSA-65,verify,381,117773,316512
ML-DSA-65,verify,382,117129,314784
ML-DSA-65,verify,383,117636,316148
ML-DSA-65,verify,384,117064,314608
ML-DSA-65,verify,385,117382,315462
ML-DSA-65,verify,386,117414,315550
ML-DSA-65,verify,387,117199,314972
ML-DSA-65,verify,388,117149,314838
ML-DSA-65,verify,389,116896,314156
ML-DSA-65,verify,390,116833,313988
ML-DSA-65,verify,391,117109,314728
ML-DSA-65,verify,392,118366,318108
ML-DSA-65,verify,393,117059,314594
ML-DSA-65,verify,394,117634,316140
ML-DSA-65,verify,395,117752,316454
ML-DSA-65,verify,396,117548,315912
ML-DSA-65,verify,397,117578,315992
ML-DSA-65,verify,398,117106,314720
ML-DSA-65,verify,399,116895,314152
ML-DSA-65,verify,400,118190,317634
ML-DSA-65,verify,401,117410,315540
ML-DSA-65,verify,402,117658,316204
ML-DSA-65,verify,403,117567,315958
ML-DSA-65,verify,404,117277,315178
ML-DSA-65,verify,405,117310,315266
ML-DSA-65,verify,406,117603,316056
ML-DSA-65,verify,407,117922,316916
ML-DSA-65,verify,408,117774,316514
ML-DSA-65,verify,409,118385,318158
ML-DSA-65,verify,410,117232,315054
ML-DSA-65,verify,411,117471,315704
ML-DSA-65,verify,412,117576,315986
ML-DSA-65,verify,413,117902,316860
ML-DSA-65,verify,414,118054,317272
ML-DSA-65,verify,415,117967,317034
ML-DSA-65,verify,416,118127,317468
ML-DSA-65,verify,417,119335,320704
ML-DSA-65,verify,418,117271,315164
ML-DSA-65,verify,419,117470,315702
ML-DSA-65,verify,420,117578,315986
ML-DSA-65,verify,421,117785,316546
ML-DSA-65,verify,422,117247,315100
ML-DSA-65,verify,423,117384,315472
ML-DSA-65,verify,424,117350,315378
ML-DSA-65,verify,425,117322,315300
ML-DSA-65,verify,426,118406,318214
ML-DSA-65,verify,427,117280,315188
ML-DSA-65,verify,428,117306,315258
ML-DSA-65,verify,429,117283,315192
ML-DSA-65,verify,430,117233,315056
ML-DSA-65,verify,431,117918,316894
ML-DSA-65,verify,432,117658,316202
ML-DSA-65,verify,433,117439,315610
ML-DSA-65,verify,434,118698,318994
ML-DSA-65,verify,435,116652,313490
ML-DSA-65,verify,436,117103,314704
ML-DSA-65,verify,437,116468,312996
ML-DSA-65,verify,438,116508,313104
ML-DSA-65,verify,439,116363,312724
ML-DSA-65,verify,440,116625,313420
ML-DSA-65,verify,441,116357,312696
ML-DSA-65,verify,442,116486,313050
ML-DSA-65,verify,443,118416,318236
ML-DSA-65,verify,444,116504,313094
ML-DSA-65,verify,445,117016,314468
ML-DSA-65,verify,446,116787,313860
ML-DSA-65,verify,447,116461,312984
ML-DSA-65,verify,448,116536,313178
ML-DSA-65,verify,449,116934,314256
ML-DSA-65,verify,450,116947,314292
ML-DSA-65,verify,451,117527,315846
ML-DSA-65,verify,452,117361,315400
ML-DSA-65,verify,453,117717,316362
ML-DSA-65,verify,454,117256,315122
ML-DSA-65,verify,455,117429,315586
ML-DSA-65,verify,456,117035,314522
ML-DSA-65,verify,457,117737,316408
ML-DSA-65,verify,458,117537,315870
ML-DSA-65,verify,459,117482,315726
ML-DSA-65,verify,460,118574,318666
ML-DSA-65,verify,461,117189,314936
ML-DSA-65,verify,462,117473,315698
ML-DSA-65,verify,463,117558,315936
ML-DSA-65,verify,464,117533,315866
ML-DSA-65,verify,465,117462,315678
ML-DSA-65,verify,466,117260,315134
ML-DSA-65,verify,467,117560,315944
ML-DSA-65,verify,468,118636,318832
ML-DSA-65,verify,469,116912,314198
ML-DSA-65,verify,470,116836,313998
ML-DSA-65,verify,471,116690,313602
ML-DSA-65,verify,472,116624,313426
ML-DSA-65,verify,473,116688,313598
ML-DSA-65,verify,474,116661,313526
ML-DSA-65,verify,475,116825,313962
ML-DSA-65,verify,476,116749,313764
ML-DSA-65,verify,477,118343,318042
ML-DSA-65,verify,478,117027,314502
ML-DSA-65,verify,479,117693,316294
ML-DSA-65,verify,480,117333,315330
ML-DSA-65,verify,481,117439,315616
ML-DSA-65,verify,482,117384,315462
ML-DSA-65,verify,483,117055,314576
ML-DSA-65,verify,484,117309,315258
ML-DSA-65,verify,485,118081,317330
ML-DSA-65,verify,486,117183,314924
ML-DSA-65,verify,487,117517,315818
ML-DSA-65,verify,488,117729,316386
ML-DSA-65,verify,489,117218,315016
ML-DSA-65,verify,490,117231,315054
ML-DSA-65,verify,491,117182,314920
ML-DSA-65,verify,492,117667,316220
ML-DSA-65,verify,493,117081,314646
ML-DSA-65,verify,494,119283,320546
ML-DSA-65,verify,495,117784,316534
ML-DSA-65,verify,496,117604,316056
ML-DSA-65,verify,497,117980,317064
ML-DSA-65,verify,498,117891,316828
ML-DSA-65,verify,499,117803,316584
ML-DSA-65,verify,500,117184,314912
ML-DSA-65,verify,501,117699,316314
ML-DSA-65,verify,502,118587,318700
ML-DSA-65,verify,503,117222,315008
ML-DSA-65,verify,504,117333,315282
ML-DSA-65,verify,505,117085,314664
ML-DSA-65,verify,506,117182,314928
ML-DSA-65,verify,507,117141,314818
ML-DSA-65,verify,508,117129,314786
ML-DSA-65,verify,509,117388,315480
ML-DSA-65,verify,510,117454,315658
ML-DSA-65,verify,511,118593,318716
ML-DSA-65,verify,512,117203,314984
ML-DSA-65,verify,513,117405,315524
ML-DSA-65,verify,514,117353,315386
ML-DSA-65,verify,515,117449,315642
ML-DSA-65,verify,516,117901,316858
ML-DSA-65,verify,517,118001,317126
ML-DSA-65,verify,518,117576,315988
ML-DSA-65,verify,519,118590,318700
ML-DSA-65,verify,520,116315,312594
ML-DSA-65,verify,521,116871,314090
ML-DSA-65,verify,522,116684,313584
ML-DSA-65,verify,523,116884,314124
ML-DSA-65,verify,524,116280,312498
ML-DSA-65,verify,525,115954,311624
ML-DSA-65,verify,526,116062,311914
ML-DSA-65,verify,527,116004,311760
ML-DSA-65,verify,528,118444,318318
ML-DSA-65,verify,529,118643,318848
ML-DSA-65,verify,530,119183,320306
ML-DSA-65,verify,531,118433,318286
ML-DSA-65,verify,532,116631,313448
ML-DSA-65,verify,533,118489,318434
ML-DSA-65,verify,534,116718,313680
ML-DSA-65,verify,535,116912,314196
ML-DSA-65,verify,536,118148,317514
ML-DSA-65,verify,537,117297,315230
ML-DSA-65,verify,538,117416,315552
ML-DSA-65,verify,539,117308,315262
ML-DSA-65,verify,540,117185,314938
ML-DSA-65,verify,541,117357,315398
ML-DSA-65,verify,542,117327,315318
ML-DSA-65,verify,543,117289,315214
ML-DSA-65,verify,544,117152,314842
ML-DSA-65,verify,545,119209,320366
ML-DSA-65,verify,546,117403,315516
ML-DSA-65,verify,547,117946,316976
ML-DSA-65,verify,548,117701,316320
ML-DSA-65,verify,549,117553,315922
ML-DSA-65,verify,550,117237,315068
ML-DSA-65,verify,551,117399,315510
ML-DSA-65,verify,552,116680,313574
ML-DSA-65,verify,553,118282,317878
ML-DSA-65,verify,554,117363,315412
ML-DSA-65,verify,555,117004,314446
ML-DSA-65,verify,556,117340,315348
ML-DSA-65,verify,557,117144,314822
ML-DSA-65,verify,558,117030,314520
ML-DSA-65,verify,559,117705,316330
ML-DSA-65,verify,560,117017,314484
ML-DSA-65,verify,561,118369,318112
ML-DSA-65,verify,562,117569,315964
ML-DSA-65,verify,563,117187,314940
ML-DSA-65,verify,564,117488,315746
ML-DSA-65,verify,565,117270,315098
ML-DSA-65,verify,566,117084,314662
ML-DSA-65,verify,567,117177,314914
ML-DSA-65,verify,568,117217,315018
ML-DSA-65,verify,569,117369,315430
ML-DSA-65,verify,570,118901,319540
ML-DSA-65,verify,571,116696,313616
ML-DSA-65,verify,572,117045,314534
ML-DSA-65,verify,573,118185,317620
ML-DSA-65,verify,574,117373,315314
ML-DSA-65,verify,575,117095,314690
ML-DSA-65,verify,576,117342,315356
ML-DSA-65,verify,577,116847,314022
ML-DSA-65,verify,578,118641,318844
ML-DSA-65,verify,579,117153,314850
ML-DSA-65,verify,580,117107,314722
ML-DSA-65,verify,581,117678,316256
ML-DSA-65,verify,582,117559,315940
ML-DSA-65,verify,583,117379,315452
ML-DSA-65,verify,584,117671,316244
ML-DSA-65,verify,585,117309,315270
ML-DSA-65,verify,586,117121,314734
ML-DSA-65,verify,587,118436,318290
ML-DSA-65,verify,588,116557,313246
ML-DSA-65,verify,589,117129,314784
ML-DSA-65,verify,590,116986,314400
ML-DSA-65,verify,591,117201,314978
ML-DSA-65,verify,592,117490,315754
ML-DSA-65,verify,593,116967,314348
ML-DSA-65,verify,594,117269,315158
ML-DSA-65,verify,595,118273,317858
ML-DSA-65,verify,596,116702,313634
ML-DSA-65,verify,597,116948,314296
ML-DSA-65,verify,598,117584,316008
ML-DSA-65,verify,599,117505,315794
ML-DSA-65,verify,600,117013,314472
ML-DSA-65,verify,601,117380,315454
ML-DSA-65,verify,602,117374,315440
ML-DSA-65,verify,603,117042,314548
ML-DSA-65,verify,604,118463,318364
ML-DSA-65,verify,605,117314,315278
ML-DSA-65,verify,606,117340,315354
ML-DSA-65,verify,607,117201,314976
ML-DSA-65,verify,608,117162,314872
ML-DSA-65,verify,609,117306,315258
ML-DSA-65,verify,610,117251,315110
ML-DSA-65,verify,611,117090,314678
ML-DSA-65,verify,612,118430,318278
ML-DSA-65,verify,613,117148,314832
ML-DSA-65,verify,614,118107,317410
ML-DSA-65,verify,615,117662,316214
ML-DSA-65,verify,616,117967,317034
ML-DSA-65,verify,617,116866,314074
ML-DSA-65,verify,618,116713,313664
ML-DSA-65,verify,619,115880,311424
ML-DSA-65,verify,620,118165,317566
ML-DSA-65,verify,621,117109,314722
ML-DSA-65,verify,622,117256,315112
ML-DSA-65,verify,623,117981,317066
ML-DSA-65,verify,624,117492,315752
ML-DSA-65,verify,625,118228,317730
ML-DSA-65,verify,626,117655,316194
ML-DSA-65,verify,627,117522,315836
ML-DSA-65,verify,628,117336,315336
ML-DSA-65,verify,629,118583,318690
ML-DSA-65,verify,630,117383,315458
ML-DSA-65,verify,631,117676,316248
ML-DSA-65,verify,632,117193,314944
ML-DSA-65,verify,633,117592,316020
ML-DSA-65,verify,634,117366,315418
ML-DSA-65,verify,635,117386,315464
ML-DSA-65,verify,636,117634,316134
ML-DSA-65,verify,637,117214,315000
ML-DSA-65,verify,638,118426,318264
ML-DSA-65,verify,639,117386,315462
ML-DSA-65,verify,640,118015,317162
ML-DSA-65,verify,641,117727,316390
ML-DSA-65,verify,642,117645,316162
ML-DSA-65,verify,643,117813,316620
ML-DSA-65,verify,644,117636,316142
ML-DSA-65,verify,645,117794,316562
ML-DSA-65,verify,646,118551,318608
ML-DSA-65,verify,647,116348,312680
ML-DSA-65,verify,648,116938,314270
ML-DSA-65,verify,649,117346,315364
ML-DSA-65,verify,650,117009,314458
ML-DSA-65,verify,651,115855,311352
ML-DSA-65,verify,652,116159,312166
ML-DSA-65,verify,653,116259,312438
ML-DSA-65,verify,654,116218,312326
ML-DSA-65,verify,655,117561,315944
ML-DSA-65,verify,656,117569,315962
ML-DSA-65,verify,657,117459,315660
ML-DSA-65,verify,658,117580,315990
ML-DSA-65,verify,659,117083,314658
ML-DSA-65,verify,660,117009,314450
ML-DSA-65,verify,661,117526,315840
ML-DSA-65,verify,662,117312,315268
ML-DSA-65,verify,663,118610,318762
ML-DSA-65,verify,664,116768,313804
ML-DSA-65,verify,665,117446,315624
ML-DSA-65,verify,666,116325,312616
ML-DSA-65,verify,667,116242,312396
ML-DSA-65,verify,668,116491,313064
ML-DSA-65,verify,669,115400,310128
ML-DSA-65,verify,670,115640,310770
ML-DSA-65,verify,671,116076,311940
ML-DSA-65,verify,672,117588,316008
ML-DSA-65,verify,673,117472,315698
ML-DSA-65,verify,674,117516,315812
ML-DSA-65,verify,675,117514,315812
ML-DSA-65,verify,676,117457,315658
ML-DSA-65,verify,677,117196,314958
ML-DSA-65,verify,678,117355,315394
ML-DSA-65,verify,679,117592,316028
ML-DSA-65,verify,680,119098,320072
ML-DSA-65,verify,681,117948,316980
ML-DSA-65,verify,682,117394,315484
ML-DSA-65,verify,683,117565,315946
ML-DSA-65,verify,684,117150,314834
ML-DSA-65,verify,685,117361,315404
ML-DSA-65,verify,686,117167,314882
ML-DSA-65,verify,687,117453,315650
ML-DSA-65,verify,688,117394,315488
ML-DSA-65,verify,689,118709,319030
ML-DSA-65,verify,690,117613,316078
ML-DSA-65,verify,691,117327,315304
ML-DSA-65,verify,692,117072,314618
ML-DSA-65,verify,693,117084,314656
ML-DSA-65,verify,694,117203,314974
ML-DSA-65,verify,695,117012,314466
ML-DSA-65,verify,696,117146,314820
ML-DSA-65,verify,697,118218,317712
ML-DSA-65,verify,698,117221,315020
ML-DSA-65,verify,699,117713,316348
ML-DSA-65,verify,700,117442,315620
ML-DSA-65,verify,701,117100,314700
ML-DSA-65,verify,702,117192,314946
ML-DSA-65,verify,703,117552,315910
ML-DSA-65,verify,704,117974,317044
ML-DSA-65,verify,705,117108,314720
ML-DSA-65,verify,706,118952,319674
ML-DSA-65,verify,707,117017,314478
ML-DSA-65,verify,708,116708,313642
ML-DSA-65,verify,709,117070,314616
ML-DSA-65,verify,710,116950,314296
ML-DSA-65,verify,711,116621,313408
ML-DSA-65,verify,712,116589,313324
ML-DSA-65,verify,713,116658,313514
ML-DSA-65,verify,714,117730,316396
ML-DSA-65,verify,715,116955,314308
ML-DSA-65,verify,716,116811,313924
ML-DSA-65,verify,717,117075,314634
ML-DSA-65,verify,718,116912,314190
ML-DSA-65,verify,719,116933,314248
ML-DSA-65,verify,720,116788,313858
ML-DSA-65,verify,721,117005,314440
ML-DSA-65,verify,722,117416,315546
ML-DSA-65,verify,723,118227,317728
ML-DSA-65,verify,724,117312,315266
ML-DSA-65,verify,725,117515,315814
ML-DSA-65,verify,726,117452,315640
ML-DSA-65,verify,727,117828,316658
ML-DSA-65,verify,728,116672,313552
ML-DSA-65,verify,729,117198,314962
ML-DSA-65,verify,730,117112,314730
ML-DSA-65,verify,731,118265,317832
ML-DSA-65,verify,732,116582,313310
ML-DSA-65,verify,733,116963,314334
ML-DSA-65,verify,734,117228,315046
ML-DSA-65,verify,735,118014,317162
ML-DSA-65,verify,736,117141,314814
ML-DSA-65,verify,737,117256,315124
ML-DSA-65,verify,738,117122,314764
ML-DSA-65,verify,739,117478,315722
ML-DSA-65,verify,740,118461,318360
ML-DSA-65,verify,741,117763,316480
ML-DSA-65,verify,742,117982,317066
ML-DSA-65,verify,743,118160,317552
ML-DSA-65,verify,744,117782,316532
ML-DSA-65,verify,745,117776,316512
ML-DSA-65,verify,746,117646,316160
ML-DSA-65,verify,747,118007,317142
ML-DSA-65,verify,748,118695,318990
ML-DSA-65,verify,749,116928,314240
ML-DSA-65,verify,750,117303,315250
ML-DSA-65,verify,751,116758,313778
ML-DSA-65,verify,752,116895,314152
ML-DSA-65,verify,753,117001,314432
ML-DSA-65,verify,754,117975,317050
ML-DSA-65,verify,755,116955,314306
ML-DSA-65,verify,756,117121,314758
ML-DSA-65,verify,757,118431,318280
ML-DSA-65,verify,758,116991,314404
ML-DSA-65,verify,759,117616,316088
ML-DSA-65,verify,760,117699,316306
ML-DSA-65,verify,761,117789,316552
ML-DSA-65,verify,762,117768,316498
ML-DSA-65,verify,763,117953,316996
ML-DSA-65,verify,764,117628,316118
ML-DSA-65,verify,765,118319,317976
ML-DSA-65,verify,766,117207,314988
ML-DSA-65,verify,767,117834,316674
ML-DSA-65,verify,768,117847,316710
ML-DSA-65,verify,769,116557,313238
ML-DSA-65,verify,770,116871,314082
ML-DSA-65,verify,771,117008,314454
ML-DSA-65,verify,772,116624,313420
ML-DSA-65,verify,773,116598,313352
ML-DSA-65,verify,774,118472,318390
ML-DSA-65,verify,775,117142,314820
ML-DSA-65,verify,776,117360,315404
ML-DSA-65,verify,777,117313,315272
ML-DSA-65,verify,778,117513,315812
ML-DSA-65,verify,779,117566,315954
ML-DSA-65,verify,780,117442,315618
ML-DSA-65,verify,781,117459,315662
ML-DSA-65,verify,782,118247,317778
ML-DSA-65,verify,783,117448,315632
ML-DSA-65,verify,784,117890,316826
ML-DSA-65,verify,785,117639,316144
ML-DSA-65,verify,786,117241,315080
ML-DSA-65,verify,787,117465,315680
ML-DSA-65,verify,788,117453,315648
ML-DSA-65,verify,789,117628,316116
ML-DSA-65,verify,790,117302,315236
ML-DSA-65,verify,791,118577,318672
ML-DSA-65,verify,792,117479,315712
ML-DSA-65,verify,793,117545,315896
ML-DSA-65,verify,794,118353,318066
ML-DSA-65,verify,795,117957,317000
ML-DSA-65,verify,796,117474,315702
ML-DSA-65,verify,797,117588,316008
ML-DSA-65,verify,798,117567,315954
ML-DSA-65,verify,799,118541,318572
ML-DSA-65,verify,800,116393,312796
ML-DSA-65,verify,801,117822,316642
ML-DSA-65,verify,802,117588,316012
ML-DSA-65,verify,803,117399,315504
ML-DSA-65,verify,804,117065,314602
ML-DSA-65,verify,805,117336,315334
ML-DSA-65,verify,806,117112,314732
ML-DSA-65,verify,807,117340,315344
ML-DSA-65,verify,808,117956,317006
ML-DSA-65,verify,809,116989,314408
ML-DSA-65,verify,810,117481,315730
ML-DSA-65,verify,811,117209,314996
ML-DSA-65,verify,812,117373,315436
ML-DSA-65,verify,813,117247,315098
ML-DSA-65,verify,814,117404,315526
ML-DSA-65,verify,815,117621,316106
ML-DSA-65,verify,816,118549,318598
ML-DSA-65,verify,817,117249,315108
ML-DSA-65,verify,818,117858,316742
ML-DSA-65,verify,819,118140,317502
ML-DSA-65,verify,820,117775,316518
ML-DSA-65,verify,821,117238,315076
ML-DSA-65,verify,822,116881,314112
ML-DSA-65,verify,823,117346,315368
ML-DSA-65,verify,824,117632,316136
ML-DSA-65,verify,825,118604,318750
ML-DSA-65,verify,826,117626,316110
ML-DSA-65,verify,827,117581,315994
ML-DSA-65,verify,828,117652,316180
ML-DSA-65,verify,829,117349,315372
ML-DSA-65,verify,830,117752,316454
ML-DSA-65,verify,831,118238,317756
ML-DSA-65,verify,832,117566,315954
ML-DSA-65,verify,833,118612,318764
ML-DSA-65,verify,834,117003,314436
ML-DSA-65,verify,835,117425,315574
ML-DSA-65,verify,836,116890,314132
ML-DSA-65,verify,837,117139,314806
ML-DSA-65,verify,838,116874,314088
ML-DSA-65,verify,839,117005,314448
ML-DSA-65,verify,840,117030,314512
ML-DSA-65,verify,841,116887,314128
ML-DSA-65,verify,842,118441,318310
ML-DSA-65,verify,843,116595,313348
ML-DSA-65,verify,844,116756,313782
ML-DSA-65,verify,845,116324,312620
ML-DSA-65,verify,846,117066,314610
ML-DSA-65,verify,847,116653,313508
ML-DSA-65,verify,848,116553,313232
ML-DSA-65,verify,849,116730,313714
ML-DSA-65,verify,850,118299,317930
ML-DSA-65,verify,851,116356,312706
ML-DSA-65,verify,852,116631,313444
ML-DSA-65,verify,853,117234,315068
ML-DSA-65,verify,854,117250,315108
ML-DSA-65,verify,855,117575,315986
ML-DSA-65,verify,856,117075,314640
ML-DSA-65,verify,857,117575,315980
ML-DSA-65,verify,858,117468,315692
ML-DSA-65,verify,859,118290,317902
ML-DSA-65,verify,860,116491,313066
ML-DSA-65,verify,861,117284,315198
ML-DSA-65,verify,862,117209,314998
ML-DSA-65,verify,863,117252,315116
ML-DSA-65,verify,864,117135,314796
ML-DSA-65,verify,865,116942,314282
ML-DSA-65,verify,866,117539,315888
ML-DSA-65,verify,867,118238,317766
ML-DSA-65,verify,868,116649,313492
ML-DSA-65,verify,869,117161,314868
ML-DSA-65,verify,870,117087,314670
ML-DSA-65,verify,871,116676,313562
ML-DSA-65,verify,872,116750,313766
ML-DSA-65,verify,873,116604,313370
ML-DSA-65,verify,874,116947,314294
ML-DSA-65,verify,875,116824,313964
ML-DSA-65,verify,876,118585,318700
ML-DSA-65,verify,877,117335,315336
ML-DSA-65,verify,878,117430,315592
ML-DSA-65,verify,879,117121,314762
ML-DSA-65,verify,880,117047,314566
ML-DSA-65,verify,881,116984,314394
ML-DSA-65,verify,882,116922,314230
ML-DSA-65,verify,883,117150,314842
ML-DSA-65,verify,884,118267,317836
ML-DSA-65,verify,885,116889,314136
ML-DSA-65,verify,886,132581,356300
ML-DSA-65,verify,887,117196,314964
ML-DSA-65,verify,888,116907,314186
ML-DSA-65,verify,889,116782,313848
ML-DSA-65,verify,890,117827,316660
ML-DSA-65,verify,891,117642,316158
ML-DSA-65,verify,892,120195,323014
ML-DSA-65,verify,893,119444,320982
ML-DSA-65,verify,894,117132,314784
ML-DSA-65,verify,895,117292,315224
ML-DSA-65,verify,896,117053,314578
ML-DSA-65,verify,897,117400,315504
ML-DSA-65,verify,898,117317,315282
ML-DSA-65,verify,899,117830,316666
ML-DSA-65,verify,900,117508,315798
ML-DSA-65,verify,901,119003,319814
ML-DSA-65,verify,902,117357,315392
ML-DSA-65,verify,903,117252,315114
ML-DSA-65,verify,904,116924,314228
ML-DSA-65,verify,905,117170,314886
ML-DSA-65,verify,906,117367,315412
ML-DSA-65,verify,907,117142,314818
ML-DSA-65,verify,908,116994,314410
ML-DSA-65,verify,909,118535,318562
ML-DSA-65,verify,910,117090,314672
ML-DSA-65,verify,911,117200,314968
ML-DSA-65,verify,912,117230,315050
ML-DSA-65,verify,913,118370,318116
ML-DSA-65,verify,914,117311,315270
ML-DSA-65,verify,915,117461,315668
ML-DSA-65,verify,916,117304,315248
ML-DSA-65,verify,917,117202,314976
ML-DSA-65,verify,918,118354,318068
ML-DSA-65,verify,919,116780,313840
ML-DSA-65,verify,920,116711,313648
ML-DSA-65,verify,921,116611,313384
ML-DSA-65,verify,922,117018,314482
ML-DSA-65,verify,923,116687,313584
ML-DSA-65,verify,924,116910,314188
ML-DSA-65,verify,925,117115,314736
ML-DSA-65,verify,926,118130,317472
ML-DSA-65,verify,927,116958,314324
ML-DSA-65,verify,928,117243,315090
ML-DSA-65,verify,929,117302,315248
ML-DSA-65,verify,930,117109,314726
ML-DSA-65,verify,931,117106,314722
ML-DSA-65,verify,932,117435,315604
ML-DSA-65,verify,933,117996,317112
ML-DSA-65,verify,934,117338,315344
ML-DSA-65,verify,935,118523,318528
ML-DSA-65,verify,936,116503,313100
ML-DSA-65,verify,937,117764,316490
ML-DSA-65,verify,938,117862,316752
ML-DSA-65,verify,939,117576,315986
ML-DSA-65,verify,940,117603,316058
ML-DSA-65,verify,941,117262,315142
ML-DSA-65,verify,942,116947,314296
ML-DSA-65,verify,943,118921,319600
ML-DSA-65,verify,944,116502,313100
ML-DSA-65,verify,945,116608,313384
ML-DSA-65,verify,946,116215,312330
ML-DSA-65,verify,947,117232,315062
ML-DSA-65,verify,948,116843,314018
ML-DSA-65,verify,949,117258,315130
ML-DSA-65,verify,950,117335,315336
ML-DSA-65,verify,951,116984,314398
ML-DSA-65,verify,952,118417,318238
ML-DSA-65,verify,953,116565,313262
ML-DSA-65,verify,954,116784,313848
ML-DSA-65,verify,955,117026,314500
ML-DSA-65,verify,956,116533,313176
ML-DSA-65,verify,957,116827,313966
ML-DSA-65,verify,958,117113,314736
ML-DSA-65,verify,959,116788,313868
ML-DSA-65,verify,960,118196,317652
ML-DSA-65,verify,961,117849,316710
ML-DSA-65,verify,962,118286,317888
ML-DSA-65,verify,963,117966,317028
ML-DSA-65,verify,964,129822,348874
ML-DSA-65,verify,965,117419,315562
ML-DSA-65,verify,966,117762,316484
ML-DSA-65,verify,967,117733,316412
ML-DSA-65,verify,968,117254,315120
ML-DSA-65,verify,969,118658,318886
ML-DSA-65,verify,970,116655,313498
ML-DSA-65,verify,971,117022,314486
ML-DSA-65,verify,972,116868,314080
ML-DSA-65,verify,973,116535,313180
ML-DSA-65,verify,974,116406,312842
ML-DSA-65,verify,975,116180,312232
ML-DSA-65,verify,976,116501,313094
ML-DSA-65,verify,977,117632,316134
ML-DSA-65,verify,978,116941,314274
ML-DSA-65,verify,979,118288,317888
ML-DSA-65,verify,980,117344,315350
ML-DSA-65,verify,981,117334,315322
ML-DSA-65,verify,982,117638,316146
ML-DSA-65,verify,983,117663,316208
ML-DSA-65,verify,984,117483,315724
ML-DSA-65,verify,985,116642,313462
ML-DSA-65,verify,986,118389,318168
ML-DSA-65,verify,987,116534,313180
ML-DSA-65,verify,988,116128,312086
ML-DSA-65,verify,989,116994,314412
ML-DSA-65,verify,990,116622,313410
ML-DSA-65,verify,991,116264,312446
ML-DSA-65,verify,992,116462,312984
ML-DSA-65,verify,993,116479,313032
ML-DSA-65,verify,994,118174,317590
ML-DSA-65,verify,995,116683,313576
ML-DSA-65,verify,996,116893,314148
ML-DSA-65,verify,997,117074,314628
ML-DSA-65,verify,998,116526,313160
ML-DSA-65,verify,999,116518,313134
