algo,op,iter,wall_ns,cycles
ML-KEM-1024,keygen,0,81590,218850
ML-KEM-1024,keygen,1,74242,199264
ML-KEM-1024,keygen,2,73537,197440
ML-KEM-1024,keygen,3,72921,195782
ML-KEM-1024,keygen,4,72628,194992
ML-KEM-1024,keygen,5,72798,195448
ML-KEM-1024,keygen,6,73162,196430
ML-KEM-1024,keygen,7,72940,195844
ML-KEM-1024,keygen,8,72262,194006
ML-KEM-1024,keygen,9,71696,192488
ML-KEM-1024,keygen,10,72741,195340
ML-KEM-1024,keygen,11,76169,204460
ML-KEM-1024,keygen,12,72747,195250
ML-KEM-1024,keygen,13,71820,192812
ML-KEM-1024,keygen,14,72713,195196
ML-KEM-1024,keygen,15,72131,193694
ML-KEM-1024,keygen,16,72685,195186
ML-KEM-1024,keygen,17,72963,195936
ML-KEM-1024,keygen,18,72971,195916
ML-KEM-1024,keygen,19,72860,195664
ML-KEM-1024,keygen,20,72554,194788
ML-KEM-1024,keygen,21,73023,196050
ML-KEM-1024,keygen,22,72427,194444
ML-KEM-1024,keygen,23,71947,193152
ML-KEM-1024,keygen,24,73377,197002
ML-KEM-1024,keygen,25,114465,306671
ML-KEM-1024,keygen,26,54513,146470
ML-KEM-1024,keygen,27,41686,111990
ML-KEM-1024,keygen,28,40766,109522
ML-KEM-1024,keygen,29,40674,109276
ML-KEM-1024,keygen,30,40570,108994
ML-KEM-1024,keygen,31,39963,107364
ML-KEM-1024,keygen,32,40404,108550
ML-KEM-1024,keygen,33,40335,108362
ML-KEM-1024,keygen,34,40698,109340
ML-KEM-1024,keygen,35,40066,107642
ML-KEM-1024,keygen,36,40144,107846
ML-KEM-1024,keygen,37,40272,108194
ML-KEM-1024,keygen,38,39624,106450
ML-KEM-1024,keygen,39,39894,107176
ML-KEM-1024,keygen,40,39616,106430
ML-KEM-1024,keygen,41,39968,107374
ML-KEM-1024,keygen,42,39711,106690
ML-KEM-1024,keygen,43,39749,106784
ML-KEM-1024,keygen,44,39616,106422
ML-KEM-1024,keygen,45,39893,107168
ML-KEM-1024,keygen,46,40398,108530
ML-KEM-1024,keygen,47,44766,120274
ML-KEM-1024,keygen,48,41895,112552
ML-KEM-1024,keygen,49,42622,114510
ML-KEM-1024,keygen,50,42563,114352
ML-KEM-1024,keygen,51,40137,107830
ML-KEM-1024,keygen,52,39646,106508
ML-KEM-1024,keygen,53,40382,108492
ML-KEM-1024,keygen,54,39975,107398
ML-KEM-1024,keygen,55,40058,107622
ML-KEM-1024,keygen,56,40433,108628
ML-KEM-1024,keygen,57,39791,106902
ML-KEM-1024,keygen,58,39916,107240
ML-KEM-1024,keygen,59,39651,106522
ML-KEM-1024,keygen,60,39403,105850
ML-KEM-1024,keygen,61,40548,108942
ML-KEM-1024,keygen,62,39862,107094
ML-KEM-1024,keygen,63,39688,106628
ML-KEM-1024,keygen,64,39776,106862
ML-KEM-1024,keygen,65,49051,131776
ML-KEM-1024,keygen,66,39575,106292
ML-KEM-1024,keygen,67,39849,106982
ML-KEM-1024,keygen,68,40326,108330
ML-KEM-1024,keygen,69,40822,109668
ML-KEM-1024,keygen,70,39562,106290
ML-KEM-1024,keygen,71,44212,118788
ML-KEM-1024,keygen,72,40367,108446
ML-KEM-1024,keygen,73,42107,113128
ML-KEM-1024,keygen,74,41347,111082
ML-KEM-1024,keygen,75,41391,111204
ML-KEM-1024,keygen,76,40094,107718
ML-KEM-1024,keygen,77,39888,107166
ML-KEM-1024,keygen,78,39926,107270
ML-KEM-1024,keygen,79,39583,106342
ML-KEM-1024,keygen,80,40244,108122
ML-KEM-1024,keygen,81,39595,106376
ML-KEM-1024,keygen,82,39535,106218
ML-KEM-1024,keygen,83,40102,107738
ML-KEM-1024,keygen,84,39709,106684
ML-KEM-1024,keygen,85,39570,106308
ML-KEM-1024,keygen,86,40291,108246
ML-KEM-1024,keygen,87,40669,109258
ML-KEM-1024,keygen,88,39874,107124
ML-KEM-1024,keygen,89,39619,106444
ML-KEM-1024,keygen,90,40343,108388
ML-KEM-1024,keygen,91,39995,107454
ML-KEM-1024,keygen,92,39594,106378
ML-KEM-1024,keygen,93,39995,107452
ML-KEM-1024,keygen,94,39423,105914
ML-KEM-1024,keygen,95,39233,105406
ML-KEM-1024,keygen,96,52678,141538
ML-KEM-1024,keygen,97,62400,167660
ML-KEM-1024,keygen,98,42202,113378
ML-KEM-1024,keygen,99,39333,105672
ML-KEM-1024,keygen,100,39650,106524
ML-KEM-1024,keygen,101,39778,106874
ML-KEM-1024,keygen,102,39846,107056
ML-KEM-1024,keygen,103,40369,108454
ML-KEM-1024,keygen,104,39619,106442
ML-KEM-1024,keygen,105,39973,107392
ML-KEM-1024,keygen,106,39603,106398
ML-KEM-1024,keygen,107,40104,107742
ML-KEM-1024,keygen,108,39953,107336
ML-KEM-1024,keygen,109,39896,107184
ML-KEM-1024,keygen,110,40203,108014
ML-KEM-1024,keygen,111,39504,106126
ML-KEM-1024,keygen,112,39658,106544
ML-KEM-1024,keygen,113,39667,106566
ML-KEM-1024,keygen,114,39954,107340
ML-KEM-1024,keygen,115,39476,106056
ML-KEM-1024,keygen,116,39825,106994
ML-KEM-1024,keygen,117,40320,108318
ML-KEM-1024,keygen,118,39690,106624
ML-KEM-1024,keygen,119,42773,114914
ML-KEM-1024,keygen,120,41330,111040
ML-KEM-1024,keygen,121,41229,110764
ML-KEM-1024,keygen,122,41591,111742
ML-KEM-1024,keygen,123,41087,110388
ML-KEM-1024,keygen,124,39884,107154
ML-KEM-1024,keygen,125,39607,106408
ML-KEM-1024,keygen,126,39273,105508
ML-KEM-1024,keygen,127,39930,107282
ML-KEM-1024,keygen,128,39419,105902
ML-KEM-1024,keygen,129,39649,106524
ML-KEM-1024,keygen,130,39703,106666
ML-KEM-1024,keygen,131,39579,106336
ML-KEM-1024,keygen,132,39936,107292
ML-KEM-1024,keygen,133,40045,107588
ML-KEM-1024,keygen,134,39826,106998
ML-KEM-1024,keygen,135,39479,106070
ML-KEM-1024,keygen,136,39813,106958
ML-KEM-1024,keygen,137,39973,107390
ML-KEM-1024,keygen,138,39834,107018
ML-KEM-1024,keygen,139,39911,107228
ML-KEM-1024,keygen,140,39987,107432
ML-KEM-1024,keygen,141,39588,106362
ML-KEM-1024,keygen,142,40135,107828
ML-KEM-1024,keygen,143,39968,107382
ML-KEM-1024,keygen,144,44297,119018
ML-KEM-1024,keygen,145,41747,112160
ML-KEM-1024,keygen,146,41974,112766
ML-KEM-1024,keygen,147,41360,111120
ML-KEM-1024,keygen,148,42090,113076
ML-KEM-1024,keygen,149,39784,106884
ML-KEM-1024,keygen,150,39909,107220
ML-KEM-1024,keygen,151,40262,108170
ML-KEM-1024,keygen,152,39951,107336
ML-KEM-1024,keygen,153,39911,107226
ML-KEM-1024,keygen,154,40163,107904
ML-KEM-1024,keygen,155,40158,107888
ML-KEM-1024,keygen,156,39483,106080
ML-KEM-1024,keygen,157,40255,108150
ML-KEM-1024,keygen,158,40247,108130
ML-KEM-1024,keygen,159,39702,106668
ML-KEM-1024,keygen,160,40328,108350
ML-KEM-1024,keygen,161,39485,106082
ML-KEM-1024,keygen,162,40469,108726
ML-KEM-1024,keygen,163,39821,106984
ML-KEM-1024,keygen,164,40182,107956
ML-KEM-1024,keygen,165,39927,107266
ML-KEM-1024,keygen,166,39894,107184
ML-KEM-1024,keygen,167,39965,107372
ML-KEM-1024,keygen,168,42249,113506
ML-KEM-1024,keygen,169,41014,110186
ML-KEM-1024,keygen,170,42017,112886
ML-KEM-1024,keygen,171,42120,113132
ML-KEM-1024,keygen,172,41878,112508
ML-KEM-1024,keygen,173,40399,108538
ML-KEM-1024,keygen,174,39736,106744
ML-KEM-1024,keygen,175,39941,107306
ML-KEM-1024,keygen,176,40269,108190
ML-KEM-1024,keygen,177,39974,107392
ML-KEM-1024,keygen,178,40392,108516
ML-KEM-1024,keygen,179,40614,109114
ML-KEM-1024,keygen,180,40204,108010
ML-KEM-1024,keygen,181,40602,109086
ML-KEM-1024,keygen,182,40552,108950
ML-KEM-1024,keygen,183,40710,109374
ML-KEM-1024,keygen,184,39499,106118
ML-KEM-1024,keygen,185,40131,107818
ML-KEM-1024,keygen,186,40282,108222
ML-KEM-1024,keygen,187,39948,107326
ML-KEM-1024,keygen,188,40270,108192
ML-KEM-1024,keygen,189,39507,106144
ML-KEM-1024,keygen,190,39951,107332
ML-KEM-1024,keygen,191,40536,108902
ML-KEM-1024,keygen,192,40509,108832
ML-KEM-1024,keygen,193,41418,111274
ML-KEM-1024,keygen,194,41912,112600
ML-KEM-1024,keygen,195,41985,112798
ML-KEM-1024,keygen,196,44076,118420
ML-KEM-1024,keygen,197,39997,107458
ML-KEM-1024,keygen,198,40067,107648
ML-KEM-1024,keygen,199,40271,108194
ML-KEM-1024,keygen,200,40125,107802
ML-KEM-1024,keygen,201,39650,106522
ML-KEM-1024,keygen,202,39847,107022
ML-KEM-1024,keygen,203,40184,107954
ML-KEM-1024,keygen,204,39752,106790
ML-KEM-1024,keygen,205,40289,108244
ML-KEM-1024,keygen,206,39711,106686
ML-KEM-1024,keygen,207,40525,108876
ML-KEM-1024,keygen,208,40104,107744
ML-KEM-1024,keygen,209,39585,106348
ML-KEM-1024,keygen,210,39582,106340
ML-KEM-1024,keygen,211,39794,106910
ML-KEM-1024,keygen,212,40352,108414
ML-KEM-1024,keygen,213,39932,107282
ML-KEM-1024,keygen,214,40009,107488
ML-KEM-1024,keygen,215,40080,107678
ML-KEM-1024,keygen,216,39677,106590
ML-KEM-1024,keygen,217,42463,114088
ML-KEM-1024,keygen,218,41418,111278
ML-KEM-1024,keygen,219,42184,113332
ML-KEM-1024,keygen,220,41404,111236
ML-KEM-1024,keygen,221,42196,113368
ML-KEM-1024,keygen,222,39788,106898
ML-KEM-1024,keygen,223,39728,106734
ML-KEM-1024,keygen,224,40420,108592
ML-KEM-1024,keygen,225,40344,108388
ML-KEM-1024,keygen,226,40810,109646
ML-KEM-1024,keygen,227,39479,106068
ML-KEM-1024,keygen,228,40355,108418
ML-KEM-1024,keygen,229,39986,107428
ML-KEM-1024,keygen,230,40119,107786
ML-KEM-1024,keygen,231,40322,108330
ML-KEM-1024,keygen,232,39608,106410
ML-KEM-1024,keygen,233,40161,107900
ML-KEM-1024,keygen,234,39794,106908
ML-KEM-1024,keygen,235,40545,108924
ML-KEM-1024,keygen,236,40028,107540
ML-KEM-1024,keygen,237,39356,105734
ML-KEM-1024,keygen,238,39950,107332
ML-KEM-1024,keygen,239,39772,106854
ML-KEM-1024,keygen,240,39746,106782
ML-KEM-1024,keygen,241,40178,107940
ML-KEM-1024,keygen,242,41409,111252
ML-KEM-1024,keygen,243,39691,106630
ML-KEM-1024,keygen,244,40110,107764
ML-KEM-1024,keygen,245,39882,107146
ML-KEM-1024,keygen,246,39407,105876
ML-KEM-1024,keygen,247,39757,106810
ML-KEM-1024,keygen,248,39186,105278
ML-KEM-1024,keygen,249,39985,107424
ML-KEM-1024,keygen,250,40359,108432
ML-KEM-1024,keygen,251,40068,107650
ML-KEM-1024,keygen,252,39147,105172
ML-KEM-1024,keygen,253,39619,106442
ML-KEM-1024,keygen,254,39615,106430
ML-KEM-1024,keygen,255,39467,106032
ML-KEM-1024,keygen,256,39756,106810
ML-KEM-1024,keygen,257,39070,104960
ML-KEM-1024,keygen,258,39449,105984
ML-KEM-1024,keygen,259,39643,106504
ML-KEM-1024,keygen,260,39632,106472
ML-KEM-1024,keygen,261,39673,106586
ML-KEM-1024,keygen,262,39907,107214
ML-KEM-1024,keygen,263,40120,107788
ML-KEM-1024,keygen,264,40013,107494
ML-KEM-1024,keygen,265,39728,106732
ML-KEM-1024,keygen,266,42132,113196
ML-KEM-1024,keygen,267,39920,107246
ML-KEM-1024,keygen,268,40052,107604
ML-KEM-1024,keygen,269,39774,106852
ML-KEM-1024,keygen,270,40354,108416
ML-KEM-1024,keygen,271,39826,106996
ML-KEM-1024,keygen,272,40218,108052
ML-KEM-1024,keygen,273,40344,108390
ML-KEM-1024,keygen,274,40345,108394
ML-KEM-1024,keygen,275,39466,106028
ML-KEM-1024,keygen,276,39739,106764
ML-KEM-1024,keygen,277,40513,108842
ML-KEM-1024,keygen,278,39378,105792
ML-KEM-1024,keygen,279,39710,106686
ML-KEM-1024,keygen,280,39482,106068
ML-KEM-1024,keygen,281,39991,107440
ML-KEM-1024,keygen,282,39592,106366
ML-KEM-1024,keygen,283,39851,107062
ML-KEM-1024,keygen,284,39741,106768
ML-KEM-1024,keygen,285,39824,106992
ML-KEM-1024,keygen,286,40221,108058
ML-KEM-1024,keygen,287,39999,107462
ML-KEM-1024,keygen,288,39787,106890
ML-KEM-1024,keygen,289,39945,107316
ML-KEM-1024,keygen,290,39692,106640
ML-KEM-1024,keygen,291,40631,109158
ML-KEM-1024,keygen,292,39547,106246
ML-KEM-1024,keygen,293,40210,108030
ML-KEM-1024,keygen,294,40049,107596
ML-KEM-1024,keygen,295,39986,107430
ML-KEM-1024,keygen,296,39977,107404
ML-KEM-1024,keygen,297,39834,107020
ML-KEM-1024,keygen,298,39606,106376
ML-KEM-1024,keygen,299,39777,106864
ML-KEM-1024,keygen,300,39829,107002
ML-KEM-1024,keygen,301,39678,106600
ML-KEM-1024,keygen,302,40367,108456
ML-KEM-1024,keygen,303,39875,107126
ML-KEM-1024,keygen,304,40246,108126
ML-KEM-1024,keygen,305,40585,109040
ML-KEM-1024,keygen,306,39834,107016
ML-KEM-1024,keygen,307,39978,107404
ML-KEM-1024,keygen,308,39593,106372
ML-KEM-1024,keygen,309,39495,106102
ML-KEM-1024,keygen,310,39904,107206
ML-KEM-1024,keygen,311,39859,107080
ML-KEM-1024,keygen,312,40032,107552
ML-KEM-1024,keygen,313,40125,107798
ML-KEM-1024,keygen,314,39878,107138
ML-KEM-1024,keygen,315,39943,107312
ML-KEM-1024,keygen,316,42275,113582
ML-KEM-1024,keygen,317,39813,106956
ML-KEM-1024,keygen,318,39571,106308
ML-KEM-1024,keygen,319,39829,106998
ML-KEM-1024,keygen,320,39538,106214
ML-KEM-1024,keygen,321,40071,107644
ML-KEM-1024,keygen,322,40070,107650
ML-KEM-1024,keygen,323,39916,107228
ML-KEM-1024,keygen,324,39795,106904
ML-KEM-1024,keygen,325,39910,107218
ML-KEM-1024,keygen,326,39927,107264
ML-KEM-1024,keygen,327,39493,106098
ML-KEM-1024,keygen,328,39982,107412
ML-KEM-1024,keygen,329,39837,107022
ML-KEM-1024,keygen,330,39688,106614
ML-KEM-1024,keygen,331,39915,107230
ML-KEM-1024,keygen,332,40231,108084
ML-KEM-1024,keygen,333,39253,105456
ML-KEM-1024,keygen,334,39595,106372
ML-KEM-1024,keygen,335,40201,107996
ML-KEM-1024,keygen,336,39695,106642
ML-KEM-1024,keygen,337,40048,107586
ML-KEM-1024,keygen,338,39727,106724
ML-KEM-1024,keygen,339,39666,106564
ML-KEM-1024,keygen,340,40210,108026
ML-KEM-1024,keygen,341,42406,113926
ML-KEM-1024,keygen,342,39768,106832
ML-KEM-1024,keygen,343,39929,107272
ML-KEM-1024,keygen,344,40030,107542
ML-KEM-1024,keygen,345,40005,107468
ML-KEM-1024,keygen,346,39642,106492
ML-KEM-1024,keygen,347,39132,105128
ML-KEM-1024,keygen,348,39758,106808
ML-KEM-1024,keygen,349,39169,105224
ML-KEM-1024,keygen,350,39630,106460
ML-KEM-1024,keygen,351,39284,105536
ML-KEM-1024,keygen,352,40333,108356
ML-KEM-1024,keygen,353,39745,106776
ML-KEM-1024,keygen,354,39736,106746
ML-KEM-1024,keygen,355,40046,107584
ML-KEM-1024,keygen,356,39860,107086
ML-KEM-1024,keygen,357,39607,106404
ML-KEM-1024,keygen,358,39997,107450
ML-KEM-1024,keygen,359,39921,107244
ML-KEM-1024,keygen,360,39850,107056
ML-KEM-1024,keygen,361,39909,107216
ML-KEM-1024,keygen,362,39527,106194
ML-KEM-1024,keygen,363,39780,106856
ML-KEM-1024,keygen,364,39577,106318
ML-KEM-1024,keygen,365,39266,105484
ML-KEM-1024,keygen,366,41535,111588
ML-KEM-1024,keygen,367,40457,108694
ML-KEM-1024,keygen,368,39708,106678
ML-KEM-1024,keygen,369,39621,106448
ML-KEM-1024,keygen,370,39379,105796
ML-KEM-1024,keygen,371,40188,107966
ML-KEM-1024,keygen,372,39627,106464
ML-KEM-1024,keygen,373,40525,108874
ML-KEM-1024,keygen,374,39638,106492
ML-KEM-1024,keygen,375,39433,105940
ML-KEM-1024,keygen,376,39450,105984
ML-KEM-1024,keygen,377,39375,105780
ML-KEM-1024,keygen,378,39861,107094
ML-KEM-1024,keygen,379,39942,107312
ML-KEM-1024,keygen,380,40071,107654
ML-KEM-1024,keygen,381,39571,106314
ML-KEM-1024,keygen,382,39583,106344
ML-KEM-1024,keygen,383,39872,107122
ML-KEM-1024,keygen,384,40093,107716
ML-KEM-1024,keygen,385,40028,107538
ML-KEM-1024,keygen,386,39905,107212
ML-KEM-1024,keygen,387,40028,107542
ML-KEM-1024,keygen,388,40133,107824
ML-KEM-1024,keygen,389,39909,107218
ML-KEM-1024,keygen,390,41300,110960
ML-KEM-1024,keygen,391,39969,107378
ML-KEM-1024,keygen,392,39464,106016
ML-KEM-1024,keygen,393,39708,106674
ML-KEM-1024,keygen,394,39670,106570
ML-KEM-1024,keygen,395,40055,107610
ML-KEM-1024,keygen,396,40553,108940
ML-KEM-1024,keygen,397,39654,106530
ML-KEM-1024,keygen,398,39629,106464
ML-KEM-1024,keygen,399,40034,107554
ML-KEM-1024,keygen,400,39978,107400
ML-KEM-1024,keygen,401,39920,107240
ML-KEM-1024,keygen,402,40397,108526
ML-KEM-1024,keygen,403,39898,107186
ML-KEM-1024,keygen,404,39733,106742
ML-KEM-1024,keygen,405,39759,106812
ML-KEM-1024,keygen,406,39659,106540
ML-KEM-1024,keygen,407,39478,106060
ML-KEM-1024,keygen,408,39920,107240
ML-KEM-1024,keygen,409,39570,106306
ML-KEM-1024,keygen,410,39870,107110
ML-KEM-1024,keygen,411,39832,107004
ML-KEM-1024,keygen,412,40119,107772
ML-KEM-1024,keygen,413,38985,104734
ML-KEM-1024,keygen,414,39675,106584
ML-KEM-1024,keygen,415,41183,110632
ML-KEM-1024,keygen,416,39783,106878
ML-KEM-1024,keygen,417,40067,107638
ML-KEM-1024,keygen,418,39407,105866
ML-KEM-1024,keygen,419,39676,106588
ML-KEM-1024,keygen,420,39664,106556
ML-KEM-1024,keygen,421,39809,106946
ML-KEM-1024,keygen,422,39988,107430
ML-KEM-1024,keygen,423,39994,107444
ML-KEM-1024,keygen,424,39875,107120
ML-KEM-1024,keygen,425,39733,106740
ML-KEM-1024,keygen,426,39801,106924
ML-KEM-1024,keygen,427,39997,107456
ML-KEM-1024,keygen,428,39720,106708
ML-KEM-1024,keygen,429,39881,107138
ML-KEM-1024,keygen,430,39765,106830
ML-KEM-1024,keygen,431,39624,106448
ML-KEM-1024,keygen,432,39690,106626
ML-KEM-1024,keygen,433,39696,106632
ML-KEM-1024,keygen,434,40602,109080
ML-KEM-1024,keygen,435,40020,107512
ML-KEM-1024,keygen,436,39894,107174
ML-KEM-1024,keygen,437,39813,106954
ML-KEM-1024,keygen,438,39607,106396
ML-KEM-1024,keygen,439,39755,106800
ML-KEM-1024,keygen,440,41707,112054
ML-KEM-1024,keygen,441,39277,105512
ML-KEM-1024,keygen,442,39338,105688
ML-KEM-1024,keygen,443,39994,107452
ML-KEM-1024,keygen,444,39539,106228
ML-KEM-1024,keygen,445,39365,105762
ML-KEM-1024,keygen,446,39502,106124
ML-KEM-1024,keygen,447,39183,105268
ML-KEM-1024,keygen,448,39913,107232
ML-KEM-1024,keygen,449,39468,106034
ML-KEM-1024,keygen,450,39845,107050
ML-KEM-1024,keygen,451,39670,106576
ML-KEM-1024,keygen,452,39692,106634
ML-KEM-1024,keygen,453,40762,109516
ML-KEM-1024,keygen,454,39956,107348
ML-KEM-1024,keygen,455,39317,105626
ML-KEM-1024,keygen,456,39970,107388
ML-KEM-1024,keygen,457,40019,107516
ML-KEM-1024,keygen,458,39577,106324
ML-KEM-1024,keygen,459,39382,105796
ML-KEM-1024,keygen,460,39558,106272
ML-KEM-1024,keygen,461,39394,105830
ML-KEM-1024,keygen,462,39894,107170
ML-KEM-1024,keygen,463,40018,107502
ML-KEM-1024,keygen,464,39896,107174
ML-KEM-1024,keygen,465,41828,112376
ML-KEM-1024,keygen,466,39637,106490
ML-KEM-1024,keygen,467,40204,108010
ML-KEM-1024,keygen,468,39245,105436
ML-KEM-1024,keygen,469,40299,108264
ML-KEM-1024,keygen,470,39402,105852
ML-KEM-1024,keygen,471,39549,106250
ML-KEM-1024,keygen,472,39868,107110
ML-KEM-1024,keygen,473,39637,106494
ML-KEM-1024,keygen,474,39138,105146
ML-KEM-1024,keygen,475,39916,107238
ML-KEM-1024,keygen,476,39927,107270
ML-KEM-1024,keygen,477,39646,106514
ML-KEM-1024,keygen,478,39928,107272
ML-KEM-1024,keygen,479,39656,106544
ML-KEM-1024,keygen,480,39762,106830
ML-KEM-1024,keygen,481,40674,109278
ML-KEM-1024,keygen,482,41628,111840
ML-KEM-1024,keygen,483,41599,111756
ML-KEM-1024,keygen,484,41719,112086
ML-KEM-1024,keygen,485,41374,111158
ML-KEM-1024,keygen,486,41300,110956
ML-KEM-1024,keygen,487,41589,111734
ML-KEM-1024,keygen,488,42356,113790
ML-KEM-1024,keygen,489,43415,116644
ML-KEM-1024,keygen,490,40043,107578
ML-KEM-1024,keygen,491,39433,105934
ML-KEM-1024,keygen,492,40044,107584
ML-KEM-1024,keygen,493,39403,105860
ML-KEM-1024,keygen,494,40213,108038
ML-KEM-1024,keygen,495,39683,106614
ML-KEM-1024,keygen,496,39036,104872
ML-KEM-1024,keygen,497,39645,106508
ML-KEM-1024,keygen,498,39496,106108
ML-KEM-1024,keygen,499,40193,107984
ML-KEM-1024,keygen,500,39666,106560
ML-KEM-1024,keygen,501,39850,107058
ML-KEM-1024,keygen,502,39411,105882
ML-KEM-1024,keygen,503,39771,106848
ML-KEM-1024,keygen,504,39807,106942
ML-KEM-1024,keygen,505,39508,106146
ML-KEM-1024,keygen,506,39820,106980
ML-KEM-1024,keygen,507,40192,107976
ML-KEM-1024,keygen,508,39881,107148
ML-KEM-1024,keygen,509,39591,106364
ML-KEM-1024,keygen,510,39482,106072
ML-KEM-1024,keygen,511,39387,105820
ML-KEM-1024,keygen,512,39039,104882
ML-KEM-1024,keygen,513,39797,106918
ML-KEM-1024,keygen,514,41205,110704
ML-KEM-1024,keygen,515,39728,106732
ML-KEM-1024,keygen,516,39626,106460
ML-KEM-1024,keygen,517,40738,109450
ML-KEM-1024,keygen,518,39887,107164
ML-KEM-1024,keygen,519,39982,107416
ML-KEM-1024,keygen,520,40019,107518
ML-KEM-1024,keygen,521,40043,107582
ML-KEM-1024,keygen,522,39325,105646
ML-KEM-1024,keygen,523,39680,106606
ML-KEM-1024,keygen,524,39677,106596
ML-KEM-1024,keygen,525,40563,108982
ML-KEM-1024,keygen,526,39522,106180
ML-KEM-1024,keygen,527,39028,104854
ML-KEM-1024,keygen,528,39284,105542
ML-KEM-1024,keygen,529,40060,107628
ML-KEM-1024,keygen,530,39558,106274
ML-KEM-1024,keygen,531,40909,109904
ML-KEM-1024,keygen,532,41326,111028
ML-KEM-1024,keygen,533,39988,107430
ML-KEM-1024,keygen,534,40159,107890
ML-KEM-1024,keygen,535,40677,109280
ML-KEM-1024,keygen,536,40398,108540
ML-KEM-1024,keygen,537,40442,108654
ML-KEM-1024,keygen,538,40372,108464
ML-KEM-1024,keygen,539,46703,125482
ML-KEM-1024,keygen,540,40700,109352
ML-KEM-1024,keygen,541,39737,106760
ML-KEM-1024,keygen,542,39706,106672
ML-KEM-1024,keygen,543,40269,108188
ML-KEM-1024,keygen,544,40285,108232
ML-KEM-1024,keygen,545,40745,109468
ML-KEM-1024,keygen,546,39701,106660
ML-KEM-1024,keygen,547,40289,108238
ML-KEM-1024,keygen,548,39582,106340
ML-KEM-1024,keygen,549,39774,106854
ML-KEM-1024,keygen,550,40086,107698
ML-KEM-1024,keygen,551,39980,107412
ML-KEM-1024,keygen,552,40302,108276
ML-KEM-1024,keygen,553,40011,107496
ML-KEM-1024,keygen,554,40318,108322
ML-KEM-1024,keygen,555,39590,106356
ML-KEM-1024,keygen,556,39892,107178
ML-KEM-1024,keygen,557,39384,105806
ML-KEM-1024,keygen,558,39853,107066
ML-KEM-1024,keygen,559,39663,106558
ML-KEM-1024,keygen,560,40055,107612
ML-KEM-1024,keygen,561,40095,107720
ML-KEM-1024,keygen,562,40569,108992
ML-KEM-1024,keygen,563,42179,113300
ML-KEM-1024,keygen,564,39899,107188
ML-KEM-1024,keygen,565,40307,108278
ML-KEM-1024,keygen,566,39893,107172
ML-KEM-1024,keygen,567,40338,108364
ML-KEM-1024,keygen,568,40089,107698
ML-KEM-1024,keygen,569,39636,106482
ML-KEM-1024,keygen,570,39966,107368
ML-KEM-1024,keygen,571,39734,106746
ML-KEM-1024,keygen,572,40459,108692
ML-KEM-1024,keygen,573,40702,109348
ML-KEM-1024,keygen,574,40018,107508
ML-KEM-1024,keygen,575,40320,108322
ML-KEM-1024,keygen,576,39814,106954
ML-KEM-1024,keygen,577,40399,108532
ML-KEM-1024,keygen,578,40290,108240
ML-KEM-1024,keygen,579,40452,108674
ML-KEM-1024,keygen,580,39549,106246
ML-KEM-1024,keygen,581,40472,108726
ML-KEM-1024,keygen,582,40153,107868
ML-KEM-1024,keygen,583,39460,106008
ML-KEM-1024,keygen,584,39346,105706
ML-KEM-1024,keygen,585,40981,110094
ML-KEM-1024,keygen,586,40615,109112
ML-KEM-1024,keygen,587,40298,108262
ML-KEM-1024,keygen,588,41685,111980
ML-KEM-1024,keygen,589,39789,106898
ML-KEM-1024,keygen,590,39456,106004
ML-KEM-1024,keygen,591,39914,107234
ML-KEM-1024,keygen,592,39616,106434
ML-KEM-1024,keygen,593,39927,107270
ML-KEM-1024,keygen,594,39736,106756
ML-KEM-1024,keygen,595,40094,107722
ML-KEM-1024,keygen,596,39546,106244
ML-KEM-1024,keygen,597,40256,108146
ML-KEM-1024,keygen,598,39629,106468
ML-KEM-1024,keygen,599,39922,107254
ML-KEM-1024,keygen,600,39823,106990
ML-KEM-1024,keygen,601,40336,108366
ML-KEM-1024,keygen,602,40608,109100
ML-KEM-1024,keygen,603,40025,107532
ML-KEM-1024,keygen,604,39937,107294
ML-KEM-1024,keygen,605,40034,107558
ML-KEM-1024,keygen,606,39547,106246
ML-KEM-1024,keygen,607,40082,107684
ML-KEM-1024,keygen,608,39472,106048
ML-KEM-1024,keygen,609,39709,106680
ML-KEM-1024,keygen,610,39747,106788
ML-KEM-1024,keygen,611,40005,107474
ML-KEM-1024,keygen,612,41459,111388
ML-KEM-1024,keygen,613,39856,107074
ML-KEM-1024,keygen,614,39688,106622
ML-KEM-1024,keygen,615,39702,106658
ML-KEM-1024,keygen,616,39917,107240
ML-KEM-1024,keygen,617,40166,107904
ML-KEM-1024,keygen,618,39454,105988
ML-KEM-1024,keygen,619,39825,106956
ML-KEM-1024,keygen,620,39842,107034
ML-KEM-1024,keygen,621,40573,108994
ML-KEM-1024,keygen,622,40004,107466
ML-KEM-1024,keygen,623,40181,107940
ML-KEM-1024,keygen,624,40118,107768
ML-KEM-1024,keygen,625,39924,107252
ML-KEM-1024,keygen,626,40826,109680
ML-KEM-1024,keygen,627,40123,107790
ML-KEM-1024,keygen,628,39497,106108
ML-KEM-1024,keygen,629,39519,106166
ML-KEM-1024,keygen,630,40338,108370
ML-KEM-1024,keygen,631,39571,106306
ML-KEM-1024,keygen,632,39832,107002
ML-KEM-1024,keygen,633,40034,107546
ML-KEM-1024,keygen,634,40980,110096
ML-KEM-1024,keygen,635,40214,108032
ML-KEM-1024,keygen,636,40355,108416
ML-KEM-1024,keygen,637,43508,116882
ML-KEM-1024,keygen,638,39555,106258
ML-KEM-1024,keygen,639,40009,107492
ML-KEM-1024,keygen,640,40546,108934
ML-KEM-1024,keygen,641,40128,107810
ML-KEM-1024,keygen,642,39925,107260
ML-KEM-1024,keygen,643,39956,107344
ML-KEM-1024,keygen,644,40057,107618
ML-KEM-1024,keygen,645,39964,107370
ML-KEM-1024,keygen,646,39813,106964
ML-KEM-1024,keygen,647,40015,107500
ML-KEM-1024,keygen,648,40277,108216
ML-KEM-1024,keygen,649,39933,107284
ML-KEM-1024,keygen,650,39697,106644
ML-KEM-1024,keygen,651,39746,106782
ML-KEM-1024,keygen,652,39606,106402
ML-KEM-1024,keygen,653,39965,107370
ML-KEM-1024,keygen,654,39779,106876
ML-KEM-1024,keygen,655,39719,106710
ML-KEM-1024,keygen,656,39858,107084
ML-KEM-1024,keygen,657,40136,107828
ML-KEM-1024,keygen,658,40018,107512
ML-KEM-1024,keygen,659,40183,107956
ML-KEM-1024,keygen,660,39715,106698
ML-KEM-1024,keygen,661,40316,108310
ML-KEM-1024,keygen,662,42227,113452
ML-KEM-1024,keygen,663,40046,107590
ML-KEM-1024,keygen,664,39887,107160
ML-KEM-1024,keygen,665,40086,107696
ML-KEM-1024,keygen,666,40529,108888
ML-KEM-1024,keygen,667,39519,106174
ML-KEM-1024,keygen,668,39718,106702
ML-KEM-1024,keygen,669,40836,109716
ML-KEM-1024,keygen,670,39977,107406
ML-KEM-1024,keygen,671,39711,106686
ML-KEM-1024,keygen,672,39952,107336
ML-KEM-1024,keygen,673,39703,106668
ML-KEM-1024,keygen,674,39935,107290
ML-KEM-1024,keygen,675,40216,108044
ML-KEM-1024,keygen,676,40427,108610
ML-KEM-1024,keygen,677,40281,108220
ML-KEM-1024,keygen,678,39660,106554
ML-KEM-1024,keygen,679,39685,106618
ML-KEM-1024,keygen,680,39783,106884
ML-KEM-1024,keygen,681,40069,107652
ML-KEM-1024,keygen,682,39869,107112
ML-KEM-1024,keygen,683,40015,107508
ML-KEM-1024,keygen,684,39960,107362
ML-KEM-1024,keygen,685,40058,107620
ML-KEM-1024,keygen,686,41526,111566
ML-KEM-1024,keygen,687,39886,107158
ML-KEM-1024,keygen,688,40038,107568
ML-KEM-1024,keygen,689,40103,107740
ML-KEM-1024,keygen,690,40689,109318
ML-KEM-1024,keygen,691,40004,107476
ML-KEM-1024,keygen,692,39372,105776
ML-KEM-1024,keygen,693,39790,106896
ML-KEM-1024,keygen,694,40061,107626
ML-KEM-1024,keygen,695,39814,106966
ML-KEM-1024,keygen,696,39638,106490
ML-KEM-1024,keygen,697,39926,107268
ML-KEM-1024,keygen,698,40138,107834
ML-KEM-1024,keygen,699,40016,107506
ML-KEM-1024,keygen,700,39581,106336
ML-KEM-1024,keygen,701,39711,106686
ML-KEM-1024,keygen,702,39950,107326
ML-KEM-1024,keygen,703,39112,105082
ML-KEM-1024,keygen,704,39612,106428
ML-KEM-1024,keygen,705,39851,107062
ML-KEM-1024,keygen,706,39581,106342
ML-KEM-1024,keygen,707,39548,106254
ML-KEM-1024,keygen,708,40461,108708
ML-KEM-1024,keygen,709,40117,107778
ML-KEM-1024,keygen,710,40337,108370
ML-KEM-1024,keygen,711,43147,115916
ML-KEM-1024,keygen,712,39506,106132
ML-KEM-1024,keygen,713,39574,106320
ML-KEM-1024,keygen,714,40561,108972
ML-KEM-1024,keygen,715,40591,109054
ML-KEM-1024,keygen,716,39878,107140
ML-KEM-1024,keygen,717,40069,107652
ML-KEM-1024,keygen,718,39467,106030
ML-KEM-1024,keygen,719,40831,109696
ML-KEM-1024,keygen,720,39925,107260
ML-KEM-1024,keygen,721,39420,105908
ML-KEM-1024,keygen,722,39274,105516
ML-KEM-1024,keygen,723,39924,107260
ML-KEM-1024,keygen,724,39961,107358
ML-KEM-1024,keygen,725,39520,106178
ML-KEM-1024,keygen,726,39386,105814
ML-KEM-1024,keygen,727,40080,107680
ML-KEM-1024,keygen,728,40397,108528
ML-KEM-1024,keygen,729,40751,109486
ML-KEM-1024,keygen,730,39830,107008
ML-KEM-1024,keygen,731,39785,106886
ML-KEM-1024,keygen,732,40120,107786
ML-KEM-1024,keygen,733,39370,105770
ML-KEM-1024,keygen,734,40054,107612
ML-KEM-1024,keygen,735,39164,105210
ML-KEM-1024,keygen,736,41634,111856
ML-KEM-1024,keygen,737,39569,106302
ML-KEM-1024,keygen,738,40052,107604
ML-KEM-1024,keygen,739,40338,108376
ML-KEM-1024,keygen,740,40309,108266
ML-KEM-1024,keygen,741,40071,107654
ML-KEM-1024,keygen,742,39966,107376
ML-KEM-1024,keygen,743,39893,107176
ML-KEM-1024,keygen,744,40540,108916
ML-KEM-1024,keygen,745,39808,106948
ML-KEM-1024,keygen,746,39719,106680
ML-KEM-1024,keygen,747,39332,105670
ML-KEM-1024,keygen,748,39642,106506
ML-KEM-1024,keygen,749,40359,108434
ML-KEM-1024,keygen,750,39932,107282
ML-KEM-1024,keygen,751,39709,106676
ML-KEM-1024,keygen,752,40004,107478
ML-KEM-1024,keygen,753,40273,108200
ML-KEM-1024,keygen,754,40125,107800
ML-KEM-1024,keygen,755,39798,106922
ML-KEM-1024,keygen,756,40202,108008
ML-KEM-1024,keygen,757,40043,107582
ML-KEM-1024,keygen,758,39914,107236
ML-KEM-1024,keygen,759,39836,107022
ML-KEM-1024,keygen,760,39765,106834
ML-KEM-1024,keygen,761,43334,116426
ML-KEM-1024,keygen,762,40519,108858
ML-KEM-1024,keygen,763,39842,107042
ML-KEM-1024,keygen,764,39767,106842
ML-KEM-1024,keygen,765,40086,107698
ML-KEM-1024,keygen,766,40018,107512
ML-KEM-1024,keygen,767,39522,106180
ML-KEM-1024,keygen,768,39495,106106
ML-KEM-1024,keygen,769,40106,107752
ML-KEM-1024,keygen,770,40321,108328
ML-KEM-1024,keygen,771,40148,107864
ML-KEM-1024,keygen,772,39662,106558
ML-KEM-1024,keygen,773,40305,108288
ML-KEM-1024,keygen,774,40319,108324
ML-KEM-1024,keygen,775,40655,109224
ML-KEM-1024,keygen,776,40506,108828
ML-KEM-1024,keygen,777,39949,107326
ML-KEM-1024,keygen,778,39705,106672
ML-KEM-1024,keygen,779,40207,107990
ML-KEM-1024,keygen,780,40016,107512
ML-KEM-1024,keygen,781,40840,109720
ML-KEM-1024,keygen,782,39918,107248
ML-KEM-1024,keygen,783,39934,107286
ML-KEM-1024,keygen,784,39514,106158
ML-KEM-1024,keygen,785,42248,113506
ML-KEM-1024,keygen,786,40405,108554
ML-KEM-1024,keygen,787,40520,108864
ML-KEM-1024,keygen,788,40501,108812
ML-KEM-1024,keygen,789,40080,107680
ML-KEM-1024,keygen,790,39472,106046
ML-KEM-1024,keygen,791,40000,107464
ML-KEM-1024,keygen,792,39986,107426
ML-KEM-1024,keygen,793,40108,107758
ML-KEM-1024,keygen,794,40013,107500
ML-KEM-1024,keygen,795,39737,106754
ML-KEM-1024,keygen,796,40230,108084
ML-KEM-1024,keygen,797,39824,106992
ML-KEM-1024,keygen,798,40077,107672
ML-KEM-1024,keygen,799,40307,108288
ML-KEM-1024,keygen,800,39722,106720
ML-KEM-1024,keygen,801,39793,106910
ML-KEM-1024,keygen,802,39979,107412
ML-KEM-1024,keygen,803,39821,106986
ML-KEM-1024,keygen,804,39741,106764
ML-KEM-1024,keygen,805,39810,106954
ML-KEM-1024,keygen,806,39720,106714
ML-KEM-1024,keygen,807,40677,109284
ML-KEM-1024,keygen,808,40012,107496
ML-KEM-1024,keygen,809,39371,105774
ML-KEM-1024,keygen,810,41941,112680
ML-KEM-1024,keygen,811,39631,106470
ML-KEM-1024,keygen,812,40119,107782
ML-KEM-1024,keygen,813,40224,108060
ML-KEM-1024,keygen,814,39481,106072
ML-KEM-1024,keygen,815,39383,105804
ML-KEM-1024,keygen,816,40072,107660
ML-KEM-1024,keygen,817,40951,110022
ML-KEM-1024,keygen,818,40119,107790
ML-KEM-1024,keygen,819,40120,107790
ML-KEM-1024,keygen,820,39825,106994
ML-KEM-1024,keygen,821,39883,107150
ML-KEM-1024,keygen,822,39601,106388
ML-KEM-1024,keygen,823,39306,105600
ML-KEM-1024,keygen,824,39945,107318
ML-KEM-1024,keygen,825,39910,107224
ML-KEM-1024,keygen,826,39825,106998
ML-KEM-1024,keygen,827,39658,106544
ML-KEM-1024,keygen,828,39750,106794
ML-KEM-1024,keygen,829,40326,108344
ML-KEM-1024,keygen,830,40004,107474
ML-KEM-1024,keygen,831,40213,108042
ML-KEM-1024,keygen,832,40329,108352
ML-KEM-1024,keygen,833,39613,106424
ML-KEM-1024,keygen,834,39625,106456
ML-KEM-1024,keygen,835,42957,115402
ML-KEM-1024,keygen,836,40509,108828
ML-KEM-1024,keygen,837,39459,106000
ML-KEM-1024,keygen,838,40165,107902
ML-KEM-1024,keygen,839,39666,106562
ML-KEM-1024,keygen,840,39845,107044
ML-KEM-1024,keygen,841,39752,106796
ML-KEM-1024,keygen,842,39887,107158
ML-KEM-1024,keygen,843,40182,107944
ML-KEM-1024,keygen,844,40212,108028
ML-KEM-1024,keygen,845,40056,107606
ML-KEM-1024,keygen,846,40009,107484
ML-KEM-1024,keygen,847,39319,105632
ML-KEM-1024,keygen,848,39188,105278
ML-KEM-1024,keygen,849,40286,108230
ML-KEM-1024,keygen,850,39981,107408
ML-KEM-1024,keygen,851,39742,106764
ML-KEM-1024,keygen,852,39750,106786
ML-KEM-1024,keygen,853,39517,106162
ML-KEM-1024,keygen,854,39836,107012
ML-KEM-1024,keygen,855,40739,109438
ML-KEM-1024,keygen,856,40130,107812
ML-KEM-1024,keygen,857,39626,106454
ML-KEM-1024,keygen,858,39786,106888
ML-KEM-1024,keygen,859,41341,111070
ML-KEM-1024,keygen,860,40527,108880
ML-KEM-1024,keygen,861,39702,106664
ML-KEM-1024,keygen,862,39542,106236
ML-KEM-1024,keygen,863,40367,108452
ML-KEM-1024,keygen,864,39759,106816
ML-KEM-1024,keygen,865,40775,109546
ML-KEM-1024,keygen,866,40512,108838
ML-KEM-1024,keygen,867,39735,106754
ML-KEM-1024,keygen,868,39793,106910
ML-KEM-1024,keygen,869,39750,106796
ML-KEM-1024,keygen,870,40217,108048
ML-KEM-1024,keygen,871,40208,108028
ML-KEM-1024,keygen,872,39491,106100
ML-KEM-1024,keygen,873,40535,108904
ML-KEM-1024,keygen,874,40051,107604
ML-KEM-1024,keygen,875,39784,106888
ML-KEM-1024,keygen,876,40014,107500
ML-KEM-1024,keygen,877,40014,107504
ML-KEM-1024,keygen,878,40433,108630
ML-KEM-1024,keygen,879,39934,107282
ML-KEM-1024,keygen,880,39887,107162
ML-KEM-1024,keygen,881,39554,106268
ML-KEM-1024,keygen,882,40046,107584
ML-KEM-1024,keygen,883,40133,107824
ML-KEM-1024,keygen,884,41268,110872
ML-KEM-1024,keygen,885,40790,109590
ML-KEM-1024,keygen,886,39708,106682
ML-KEM-1024,keygen,887,40046,107592
ML-KEM-1024,keygen,888,39838,107028
ML-KEM-1024,keygen,889,40018,107514
ML-KEM-1024,keygen,890,39974,107396
ML-KEM-1024,keygen,891,40108,107754
ML-KEM-1024,keygen,892,40378,108482
ML-KEM-1024,keygen,893,39497,106114
ML-KEM-1024,keygen,894,40345,108388
ML-KEM-1024,keygen,895,39726,106700
ML-KEM-1024,keygen,896,40352,108414
ML-KEM-1024,keygen,897,41009,110148
ML-KEM-1024,keygen,898,39395,105842
ML-KEM-1024,keygen,899,39696,106644
ML-KEM-1024,keygen,900,40433,108622
ML-KEM-1024,keygen,901,40034,107556
ML-KEM-1024,keygen,902,39413,105884
ML-KEM-1024,keygen,903,40520,108864
ML-KEM-1024,keygen,904,39709,106688
ML-KEM-1024,keygen,905,39941,107304
ML-KEM-1024,keygen,906,40146,107858
ML-KEM-1024,keygen,907,39906,107214
ML-KEM-1024,keygen,908,40488,108776
ML-KEM-1024,keygen,909,41361,111124
ML-KEM-1024,keygen,910,39541,106230
ML-KEM-1024,keygen,911,39439,105954
ML-KEM-1024,keygen,912,40199,108002
ML-KEM-1024,keygen,913,40080,107670
ML-KEM-1024,keygen,914,40299,108264
ML-KEM-1024,keygen,915,39852,107062
ML-KEM-1024,keygen,916,39558,106272
ML-KEM-1024,keygen,917,39972,107380
ML-KEM-1024,keygen,918,39852,107056
ML-KEM-1024,keygen,919,39862,107088
ML-KEM-1024,keygen,920,39768,106836
ML-KEM-1024,keygen,921,40741,109450
ML-KEM-1024,keygen,922,39779,106864
ML-KEM-1024,keygen,923,39651,106520
ML-KEM-1024,keygen,924,39924,107256
ML-KEM-1024,keygen,925,40053,107598
ML-KEM-1024,keygen,926,40267,108178
ML-KEM-1024,keygen,927,40335,108362
ML-KEM-1024,keygen,928,39511,106146
ML-KEM-1024,keygen,929,40320,108320
ML-KEM-1024,keygen,930,39706,106666
ML-KEM-1024,keygen,931,39521,106170
ML-KEM-1024,keygen,932,39808,106948
ML-KEM-1024,keygen,933,39533,106204
ML-KEM-1024,keygen,934,41659,111912
ML-KEM-1024,keygen,935,40158,107884
ML-KEM-1024,keygen,936,39948,107326
ML-KEM-1024,keygen,937,40686,109308
ML-KEM-1024,keygen,938,39818,106976
ML-KEM-1024,keygen,939,39673,106584
ML-KEM-1024,keygen,940,39768,106842
ML-KEM-1024,keygen,941,39767,106834
ML-KEM-1024,keygen,942,39609,106414
ML-KEM-1024,keygen,943,40000,107460
ML-KEM-1024,keygen,944,40222,108064
ML-KEM-1024,keygen,945,40910,109912
ML-KEM-1024,keygen,946,40300,108270
ML-KEM-1024,keygen,947,39925,107268
ML-KEM-1024,keygen,948,39888,107164
ML-KEM-1024,keygen,949,40365,108446
ML-KEM-1024,keygen,950,40284,108228
ML-KEM-1024,keygen,951,39721,106712
ML-KEM-1024,keygen,952,39186,105272
ML-KEM-1024,keygen,953,39722,106720
ML-KEM-1024,keygen,954,40415,108582
ML-KEM-1024,keygen,955,40538,108914
ML-KEM-1024,keygen,956,40048,107594
ML-KEM-1024,keygen,957,40144,107852
ML-KEM-1024,keygen,958,42066,113014
ML-KEM-1024,keygen,959,39958,107348
ML-KEM-1024,keygen,960,39658,106546
ML-KEM-1024,keygen,961,40220,108056
ML-KEM-1024,keygen,962,39849,107062
ML-KEM-1024,keygen,963,40398,108536
ML-KEM-1024,keygen,964,40729,109430
ML-KEM-1024,keygen,965,40040,107572
ML-KEM-1024,keygen,966,39844,107048
ML-KEM-1024,keygen,967,40064,107638
ML-KEM-1024,keygen,968,39638,106492
ML-KEM-1024,keygen,969,39925,107264
ML-KEM-1024,keygen,970,40724,109412
ML-KEM-1024,keygen,971,40659,109240
ML-KEM-1024,keygen,972,40417,108588
ML-KEM-1024,keygen,973,39526,106190
ML-KEM-1024,keygen,974,40749,109480
ML-KEM-1024,keygen,975,39725,106726
ML-KEM-1024,keygen,976,40228,108078
ML-KEM-1024,keygen,977,39489,106092
ML-KEM-1024,keygen,978,40448,108668
ML-KEM-1024,keygen,979,39960,107360
ML-KEM-1024,keygen,980,40569,108994
ML-KEM-1024,keygen,981,39782,106876
ML-KEM-1024,keygen,982,39546,106246
ML-KEM-1024,keygen,983,41472,111424
ML-KEM-1024,keygen,984,39567,106298
ML-KEM-1024,keygen,985,40013,107502
ML-KEM-1024,keygen,986,40394,108526
ML-KEM-1024,keygen,987,40046,107588
ML-KEM-1024,keygen,988,39725,106728
ML-KEM-1024,keygen,989,39497,106110
ML-KEM-1024,keygen,990,39702,106662
ML-KEM-1024,keygen,991,40088,107700
ML-KEM-1024,keygen,992,40179,107948
ML-KEM-1024,keygen,993,40276,108202
ML-KEM-1024,keygen,994,39884,107152
ML-KEM-1024,keygen,995,39690,106634
ML-KEM-1024,keygen,996,40344,108388
ML-KEM-1024,keygen,997,40056,107612
ML-KEM-1024,keygen,998,39958,107354
ML-KEM-1024,keygen,999,40628,109158
ML-KEM-1024,encap,0,19614,52632
ML-KEM-1024,encap,1,19396,52084
ML-KEM-1024,encap,2,19449,52200
ML-KEM-1024,encap,3,19663,52804
ML-KEM-1024,encap,4,19288,51792
ML-KEM-1024,encap,5,19471,52278
ML-KEM-1024,encap,6,19338,51924
ML-KEM-1024,encap,7,19298,51816
ML-KEM-1024,encap,8,19429,52170
ML-KEM-1024,encap,9,21706,58286
ML-KEM-1024,encap,10,19565,52530
ML-KEM-1024,encap,11,19513,52394
ML-KEM-1024,encap,12,19440,52202
ML-KEM-1024,encap,13,19260,51718
ML-KEM-1024,encap,14,19665,52806
ML-KEM-1024,encap,15,19313,51860
ML-KEM-1024,encap,16,19453,52204
ML-KEM-1024,encap,17,19279,51766
ML-KEM-1024,encap,18,19288,51792
ML-KEM-1024,encap,19,19410,52118
ML-KEM-1024,encap,20,19433,52180
ML-KEM-1024,encap,21,19443,52168
ML-KEM-1024,encap,22,19407,52112
ML-KEM-1024,encap,23,19478,52304
ML-KEM-1024,encap,24,19547,52488
ML-KEM-1024,encap,25,19541,52442
ML-KEM-1024,encap,26,19329,51876
ML-KEM-1024,encap,27,19297,51816
ML-KEM-1024,encap,28,19317,51870
ML-KEM-1024,encap,29,19640,52740
ML-KEM-1024,encap,30,19549,52492
ML-KEM-1024,encap,31,19361,51984
ML-KEM-1024,encap,32,19433,52182
ML-KEM-1024,encap,33,19340,51936
ML-KEM-1024,encap,34,19394,52074
ML-KEM-1024,encap,35,19390,52068
ML-KEM-1024,encap,36,19391,52062
ML-KEM-1024,encap,37,19331,51902
ML-KEM-1024,encap,38,19343,51940
ML-KEM-1024,encap,39,19399,52090
ML-KEM-1024,encap,40,19351,51964
ML-KEM-1024,encap,41,19206,51566
ML-KEM-1024,encap,42,19527,52428
ML-KEM-1024,encap,43,19522,52388
ML-KEM-1024,encap,44,19512,52390
ML-KEM-1024,encap,45,19339,51924
ML-KEM-1024,encap,46,19473,52282
ML-KEM-1024,encap,47,19478,52296
ML-KEM-1024,encap,48,19417,52138
ML-KEM-1024,encap,49,19315,51862
ML-KEM-1024,encap,50,19498,52354
ML-KEM-1024,encap,51,19305,51836
ML-KEM-1024,encap,52,19405,52100
ML-KEM-1024,encap,53,19303,51830
ML-KEM-1024,encap,54,19535,52456
ML-KEM-1024,encap,55,19460,52256
ML-KEM-1024,encap,56,19363,51992
ML-KEM-1024,encap,57,19432,52182
ML-KEM-1024,encap,58,19461,52252
ML-KEM-1024,encap,59,20897,56112
ML-KEM-1024,encap,60,19413,52128
ML-KEM-1024,encap,61,19328,51900
ML-KEM-1024,encap,62,19458,52248
ML-KEM-1024,encap,63,19562,52532
ML-KEM-1024,encap,64,19448,52222
ML-KEM-1024,encap,65,19562,52524
ML-KEM-1024,encap,66,19400,52092
ML-KEM-1024,encap,67,19247,51676
ML-KEM-1024,encap,68,19270,51744
ML-KEM-1024,encap,69,19513,52396
ML-KEM-1024,encap,70,19403,52100
ML-KEM-1024,encap,71,19344,51944
ML-KEM-1024,encap,72,19396,52042
ML-KEM-1024,encap,73,19339,51928
ML-KEM-1024,encap,74,19333,51912
ML-KEM-1024,encap,75,19491,52338
ML-KEM-1024,encap,76,19391,52070
ML-KEM-1024,encap,77,19447,52218
ML-KEM-1024,encap,78,19433,52180
ML-KEM-1024,encap,79,19426,52160
ML-KEM-1024,encap,80,19389,52062
ML-KEM-1024,encap,81,19328,51902
ML-KEM-1024,encap,82,19432,52178
ML-KEM-1024,encap,83,19271,51744
ML-KEM-1024,encap,84,19555,52510
ML-KEM-1024,encap,85,19328,51894
ML-KEM-1024,encap,86,19329,51898
ML-KEM-1024,encap,87,19450,52228
ML-KEM-1024,encap,88,19507,52378
ML-KEM-1024,encap,89,19182,51508
ML-KEM-1024,encap,90,19461,52228
ML-KEM-1024,encap,91,19455,52240
ML-KEM-1024,encap,92,19297,51812
ML-KEM-1024,encap,93,19273,51752
ML-KEM-1024,encap,94,19727,52970
ML-KEM-1024,encap,95,19585,52586
ML-KEM-1024,encap,96,19641,52742
ML-KEM-1024,encap,97,19324,51886
ML-KEM-1024,encap,98,19227,51626
ML-KEM-1024,encap,99,19336,51924
ML-KEM-1024,encap,100,19528,52432
ML-KEM-1024,encap,101,19453,52228
ML-KEM-1024,encap,102,19401,52090
ML-KEM-1024,encap,103,19450,52224
ML-KEM-1024,encap,104,19412,52080
ML-KEM-1024,encap,105,19432,52178
ML-KEM-1024,encap,106,19340,51932
ML-KEM-1024,encap,107,19408,52072
ML-KEM-1024,encap,108,19511,52394
ML-KEM-1024,encap,109,19428,52170
ML-KEM-1024,encap,110,20791,55814
ML-KEM-1024,encap,111,19488,52296
ML-KEM-1024,encap,112,19392,52066
ML-KEM-1024,encap,113,19355,51968
ML-KEM-1024,encap,114,19307,51840
ML-KEM-1024,encap,115,19388,52056
ML-KEM-1024,encap,116,19588,52596
ML-KEM-1024,encap,117,19654,52770
ML-KEM-1024,encap,118,19447,52216
ML-KEM-1024,encap,119,19540,52470
ML-KEM-1024,encap,120,19332,51906
ML-KEM-1024,encap,121,19352,51962
ML-KEM-1024,encap,122,19334,51910
ML-KEM-1024,encap,123,19453,52230
ML-KEM-1024,encap,124,19573,52554
ML-KEM-1024,encap,125,19319,51830
ML-KEM-1024,encap,126,19324,51888
ML-KEM-1024,encap,127,19438,52194
ML-KEM-1024,encap,128,19398,52084
ML-KEM-1024,encap,129,19453,52236
ML-KEM-1024,encap,130,19546,52486
ML-KEM-1024,encap,131,19471,52284
ML-KEM-1024,encap,132,19475,52294
ML-KEM-1024,encap,133,19281,51772
ML-KEM-1024,encap,134,19292,51800
ML-KEM-1024,encap,135,19306,51798
ML-KEM-1024,encap,136,19199,51548
ML-KEM-1024,encap,137,19471,52284
ML-KEM-1024,encap,138,19416,52134
ML-KEM-1024,encap,139,19459,52240
ML-KEM-1024,encap,140,19306,51838
ML-KEM-1024,encap,141,19468,52270
ML-KEM-1024,encap,142,19350,51954
ML-KEM-1024,encap,143,19337,51922
ML-KEM-1024,encap,144,19179,51496
ML-KEM-1024,encap,145,19349,51952
ML-KEM-1024,encap,146,19406,52110
ML-KEM-1024,encap,147,19638,52728
ML-KEM-1024,encap,148,19539,52462
ML-KEM-1024,encap,149,19440,52200
ML-KEM-1024,encap,150,19442,52206
ML-KEM-1024,encap,151,19492,52342
ML-KEM-1024,encap,152,19568,52540
ML-KEM-1024,encap,153,19353,51964
ML-KEM-1024,encap,154,19538,52454
ML-KEM-1024,encap,155,19264,51720
ML-KEM-1024,encap,156,19669,52814
ML-KEM-1024,encap,157,19432,52172
ML-KEM-1024,encap,158,19505,52374
ML-KEM-1024,encap,159,19464,52264
ML-KEM-1024,encap,160,20605,55326
ML-KEM-1024,encap,161,19444,52208
ML-KEM-1024,encap,162,19354,51968
ML-KEM-1024,encap,163,19476,52294
ML-KEM-1024,encap,164,19409,52118
ML-KEM-1024,encap,165,19368,52004
ML-KEM-1024,encap,166,19565,52536
ML-KEM-1024,encap,167,19314,51858
ML-KEM-1024,encap,168,19538,52462
ML-KEM-1024,encap,169,19423,52152
ML-KEM-1024,encap,170,19497,52354
ML-KEM-1024,encap,171,19510,52392
ML-KEM-1024,encap,172,19433,52180
ML-KEM-1024,encap,173,19580,52540
ML-KEM-1024,encap,174,19183,51508
ML-KEM-1024,encap,175,19305,51834
ML-KEM-1024,encap,176,19451,52230
ML-KEM-1024,encap,177,19433,52180
ML-KEM-1024,encap,178,19499,52360
ML-KEM-1024,encap,179,19477,52296
ML-KEM-1024,encap,180,19463,52258
ML-KEM-1024,encap,181,19466,52268
ML-KEM-1024,encap,182,19487,52322
ML-KEM-1024,encap,183,19465,52270
ML-KEM-1024,encap,184,19391,52032
ML-KEM-1024,encap,185,19264,51724
ML-KEM-1024,encap,186,19487,52322
ML-KEM-1024,encap,187,19493,52344
ML-KEM-1024,encap,188,19357,51978
ML-KEM-1024,encap,189,19534,52412
ML-KEM-1024,encap,190,19423,52154
ML-KEM-1024,encap,191,19314,51862
ML-KEM-1024,encap,192,19655,52778
ML-KEM-1024,encap,193,19659,52778
ML-KEM-1024,encap,194,19769,53084
ML-KEM-1024,encap,195,19633,52692
ML-KEM-1024,encap,196,19250,51644
ML-KEM-1024,encap,197,19380,51990
ML-KEM-1024,encap,198,19395,52032
ML-KEM-1024,encap,199,19450,52184
ML-KEM-1024,encap,200,19552,52500
ML-KEM-1024,encap,201,19520,52380
ML-KEM-1024,encap,202,19334,51912
ML-KEM-1024,encap,203,19462,52224
ML-KEM-1024,encap,204,19571,52508
ML-KEM-1024,encap,205,19443,52166
ML-KEM-1024,encap,206,19428,52120
ML-KEM-1024,encap,207,19411,52080
ML-KEM-1024,encap,208,19430,52134
ML-KEM-1024,encap,209,19594,52614
ML-KEM-1024,encap,210,21046,56508
ML-KEM-1024,encap,211,19516,52362
ML-KEM-1024,encap,212,19383,52044
ML-KEM-1024,encap,213,19277,51720
ML-KEM-1024,encap,214,19453,52234
ML-KEM-1024,encap,215,19331,51860
ML-KEM-1024,encap,216,19358,51978
ML-KEM-1024,encap,217,19504,52336
ML-KEM-1024,encap,218,19288,51790
ML-KEM-1024,encap,219,19421,52146
ML-KEM-1024,encap,220,19401,52048
ML-KEM-1024,encap,221,19258,51668
ML-KEM-1024,encap,222,19451,52180
ML-KEM-1024,encap,223,19242,51622
ML-KEM-1024,encap,224,19407,52064
ML-KEM-1024,encap,225,19549,52446
ML-KEM-1024,encap,226,19399,52090
ML-KEM-1024,encap,227,19468,52274
ML-KEM-1024,encap,228,19403,52058
ML-KEM-1024,encap,229,19512,52394
ML-KEM-1024,encap,230,19373,52020
ML-KEM-1024,encap,231,19254,51662
ML-KEM-1024,encap,232,19552,52462
ML-KEM-1024,encap,233,19528,52432
ML-KEM-1024,encap,234,19474,52290
ML-KEM-1024,encap,235,19403,52102
ML-KEM-1024,encap,236,19573,52560
ML-KEM-1024,encap,237,19532,52450
ML-KEM-1024,encap,238,19761,53034
ML-KEM-1024,encap,239,19508,52384
ML-KEM-1024,encap,240,19316,51832
ML-KEM-1024,encap,241,19336,51920
ML-KEM-1024,encap,242,19406,52068
ML-KEM-1024,encap,243,19504,52328
ML-KEM-1024,encap,244,19311,51852
ML-KEM-1024,encap,245,19377,51984
ML-KEM-1024,encap,246,19444,52212
ML-KEM-1024,encap,247,19580,52542
ML-KEM-1024,encap,248,19472,52284
ML-KEM-1024,encap,249,19543,52436
ML-KEM-1024,encap,250,19649,52728
ML-KEM-1024,encap,251,19531,52446
ML-KEM-1024,encap,252,19453,52226
ML-KEM-1024,encap,253,19445,52218
ML-KEM-1024,encap,254,19746,53024
ML-KEM-1024,encap,255,19615,52634
ML-KEM-1024,encap,256,19299,51784
ML-KEM-1024,encap,257,19357,51980
ML-KEM-1024,encap,258,19541,52432
ML-KEM-1024,encap,259,19465,52230
ML-KEM-1024,encap,260,19712,52928
ML-KEM-1024,encap,261,20808,55868
ML-KEM-1024,encap,262,19440,52196
ML-KEM-1024,encap,263,19553,52498
ML-KEM-1024,encap,264,19494,52314
ML-KEM-1024,encap,265,19535,52452
ML-KEM-1024,encap,266,19402,52096
ML-KEM-1024,encap,267,19470,52240
ML-KEM-1024,encap,268,19568,52546
ML-KEM-1024,encap,269,19520,52412
ML-KEM-1024,encap,270,19366,52000
ML-KEM-1024,encap,271,19382,52042
ML-KEM-1024,encap,272,19746,53018
ML-KEM-1024,encap,273,19659,52788
ML-KEM-1024,encap,274,19652,52764
ML-KEM-1024,encap,275,19552,52504
ML-KEM-1024,encap,276,19343,51898
ML-KEM-1024,encap,277,19553,52464
ML-KEM-1024,encap,278,19542,52464
ML-KEM-1024,encap,279,19263,51684
ML-KEM-1024,encap,280,19381,52004
ML-KEM-1024,encap,281,19421,52148
ML-KEM-1024,encap,282,19348,51954
ML-KEM-1024,encap,283,19223,51618
ML-KEM-1024,encap,284,19622,52640
ML-KEM-1024,encap,285,19394,52030
ML-KEM-1024,encap,286,19353,51960
ML-KEM-1024,encap,287,19234,51644
ML-KEM-1024,encap,288,19436,52150
ML-KEM-1024,encap,289,19385,52014
ML-KEM-1024,encap,290,19287,51782
ML-KEM-1024,encap,291,19478,52260
ML-KEM-1024,encap,292,19336,51878
ML-KEM-1024,encap,293,19288,51746
ML-KEM-1024,encap,294,19334,51866
ML-KEM-1024,encap,295,19364,51952
ML-KEM-1024,encap,296,19406,52066
ML-KEM-1024,encap,297,19448,52170
ML-KEM-1024,encap,298,19554,52462
ML-KEM-1024,encap,299,19434,52136
ML-KEM-1024,encap,300,19396,52072
ML-KEM-1024,encap,301,19575,52520
ML-KEM-1024,encap,302,19541,52432
ML-KEM-1024,encap,303,19509,52350
ML-KEM-1024,encap,304,19712,52928
ML-KEM-1024,encap,305,19521,52418
ML-KEM-1024,encap,306,19609,52652
ML-KEM-1024,encap,307,19550,52486
ML-KEM-1024,encap,308,19576,52570
ML-KEM-1024,encap,309,19681,52842
ML-KEM-1024,encap,310,19489,52324
ML-KEM-1024,encap,311,24111,64750
ML-KEM-1024,encap,312,19522,52416
ML-KEM-1024,encap,313,19537,52456
ML-KEM-1024,encap,314,19497,52344
ML-KEM-1024,encap,315,19406,52108
ML-KEM-1024,encap,316,19535,52450
ML-KEM-1024,encap,317,19566,52500
ML-KEM-1024,encap,318,19369,52010
ML-KEM-1024,encap,319,19372,52014
ML-KEM-1024,encap,320,19305,51828
ML-KEM-1024,encap,321,19299,51816
ML-KEM-1024,encap,322,19355,51932
ML-KEM-1024,encap,323,19369,51962
ML-KEM-1024,encap,324,19484,52318
ML-KEM-1024,encap,325,19462,52216
ML-KEM-1024,encap,326,19318,51836
ML-KEM-1024,encap,327,19378,52028
ML-KEM-1024,encap,328,19544,52440
ML-KEM-1024,encap,329,19353,51964
ML-KEM-1024,encap,330,19396,52084
ML-KEM-1024,encap,331,19400,52054
ML-KEM-1024,encap,332,19494,52344
ML-KEM-1024,encap,333,19486,52324
ML-KEM-1024,encap,334,19261,51718
ML-KEM-1024,encap,335,19458,52208
ML-KEM-1024,encap,336,19504,52330
ML-KEM-1024,encap,337,19705,52910
ML-KEM-1024,encap,338,19403,52096
ML-KEM-1024,encap,339,19437,52192
ML-KEM-1024,encap,340,19667,52804
ML-KEM-1024,encap,341,19618,52680
ML-KEM-1024,encap,342,19389,52058
ML-KEM-1024,encap,343,19423,52150
ML-KEM-1024,encap,344,19303,51832
ML-KEM-1024,encap,345,19338,51890
ML-KEM-1024,encap,346,19464,52230
ML-KEM-1024,encap,347,19288,51750
ML-KEM-1024,encap,348,19460,52216
ML-KEM-1024,encap,349,19674,52824
ML-KEM-1024,encap,350,19546,52480
ML-KEM-1024,encap,351,19399,52080
ML-KEM-1024,encap,352,19570,52548
ML-KEM-1024,encap,353,19639,52728
ML-KEM-1024,encap,354,19312,51824
ML-KEM-1024,encap,355,19290,51758
ML-KEM-1024,encap,356,19363,51996
ML-KEM-1024,encap,357,19421,52146
ML-KEM-1024,encap,358,19449,52182
ML-KEM-1024,encap,359,19408,52110
ML-KEM-1024,encap,360,19413,52086
ML-KEM-1024,encap,361,20639,55416
ML-KEM-1024,encap,362,19459,52206
ML-KEM-1024,encap,363,19400,52050
ML-KEM-1024,encap,364,19419,52140
ML-KEM-1024,encap,365,19533,52450
ML-KEM-1024,encap,366,19578,52572
ML-KEM-1024,encap,367,19443,52200
ML-KEM-1024,encap,368,19450,52226
ML-KEM-1024,encap,369,19467,52268
ML-KEM-1024,encap,370,19535,52454
ML-KEM-1024,encap,371,19570,52540
ML-KEM-1024,encap,372,19707,52914
ML-KEM-1024,encap,373,19497,52352
ML-KEM-1024,encap,374,19402,52050
ML-KEM-1024,encap,375,19331,51904
ML-KEM-1024,encap,376,19353,51962
ML-KEM-1024,encap,377,19320,51878
ML-KEM-1024,encap,378,19242,51658
ML-KEM-1024,encap,379,19306,51834
ML-KEM-1024,encap,380,19346,51940
ML-KEM-1024,encap,381,19210,51550
ML-KEM-1024,encap,382,19335,51916
ML-KEM-1024,encap,383,19363,51954
ML-KEM-1024,encap,384,19311,51850
ML-KEM-1024,encap,385,19426,52122
ML-KEM-1024,encap,386,19452,52234
ML-KEM-1024,encap,387,19596,52616
ML-KEM-1024,encap,388,19416,52098
ML-KEM-1024,encap,389,19634,52674
ML-KEM-1024,encap,390,19526,52386
ML-KEM-1024,encap,391,19346,51904
ML-KEM-1024,encap,392,19324,51844
ML-KEM-1024,encap,393,19497,52348
ML-KEM-1024,encap,394,19403,52064
ML-KEM-1024,encap,395,19252,51694
ML-KEM-1024,encap,396,19477,52296
ML-KEM-1024,encap,397,19468,52276
ML-KEM-1024,encap,398,19688,52866
ML-KEM-1024,encap,399,19470,52280
ML-KEM-1024,encap,400,19322,51880
ML-KEM-1024,encap,401,19309,51844
ML-KEM-1024,encap,402,19846,53254
ML-KEM-1024,encap,403,19382,52006
ML-KEM-1024,encap,404,19583,52542
ML-KEM-1024,encap,405,19221,51568
ML-KEM-1024,encap,406,19434,52146
ML-KEM-1024,encap,407,19307,51810
ML-KEM-1024,encap,408,19236,51608
ML-KEM-1024,encap,409,19422,52116
ML-KEM-1024,encap,410,19297,51816
ML-KEM-1024,encap,411,19158,51398
ML-KEM-1024,encap,412,21488,57680
ML-KEM-1024,encap,413,20493,55028
ML-KEM-1024,encap,414,21301,57202
ML-KEM-1024,encap,415,19592,52600
ML-KEM-1024,encap,416,19335,51916
ML-KEM-1024,encap,417,19773,53094
ML-KEM-1024,encap,418,19550,52484
ML-KEM-1024,encap,419,19339,51888
ML-KEM-1024,encap,420,19314,51862
ML-KEM-1024,encap,421,19246,51636
ML-KEM-1024,encap,422,19441,52198
ML-KEM-1024,encap,423,19431,52170
ML-KEM-1024,encap,424,19450,52188
ML-KEM-1024,encap,425,19516,52404
ML-KEM-1024,encap,426,19436,52192
ML-KEM-1024,encap,427,19344,51904
ML-KEM-1024,encap,428,19620,52684
ML-KEM-1024,encap,429,19431,52174
ML-KEM-1024,encap,430,19395,52074
ML-KEM-1024,encap,431,19308,51848
ML-KEM-1024,encap,432,19438,52194
ML-KEM-1024,encap,433,19526,52390
ML-KEM-1024,encap,434,19511,52346
ML-KEM-1024,encap,435,19344,51936
ML-KEM-1024,encap,436,19573,52558
ML-KEM-1024,encap,437,19526,52428
ML-KEM-1024,encap,438,19660,52786
ML-KEM-1024,encap,439,19574,52560
ML-KEM-1024,encap,440,19598,52624
ML-KEM-1024,encap,441,19415,52134
ML-KEM-1024,encap,442,19601,52624
ML-KEM-1024,encap,443,19402,52050
ML-KEM-1024,encap,444,19566,52528
ML-KEM-1024,encap,445,19579,52570
ML-KEM-1024,encap,446,19597,52624
ML-KEM-1024,encap,447,19456,52242
ML-KEM-1024,encap,448,19472,52288
ML-KEM-1024,encap,449,19711,52926
ML-KEM-1024,encap,450,19354,51962
ML-KEM-1024,encap,451,19355,51930
ML-KEM-1024,encap,452,19402,52098
ML-KEM-1024,encap,453,19485,52284
ML-KEM-1024,encap,454,19517,52408
ML-KEM-1024,encap,455,19374,51982
ML-KEM-1024,encap,456,19420,52142
ML-KEM-1024,encap,457,19483,52314
ML-KEM-1024,encap,458,19568,52510
ML-KEM-1024,encap,459,19345,51944
ML-KEM-1024,encap,460,19442,52160
ML-KEM-1024,encap,461,19627,52704
ML-KEM-1024,encap,462,21659,58158
ML-KEM-1024,encap,463,19584,52548
ML-KEM-1024,encap,464,19423,52148
ML-KEM-1024,encap,465,19482,52306
ML-KEM-1024,encap,466,19473,52290
ML-KEM-1024,encap,467,19540,52472
ML-KEM-1024,encap,468,19432,52178
ML-KEM-1024,encap,469,19608,52606
ML-KEM-1024,encap,470,19358,51982
ML-KEM-1024,encap,471,19434,52180
ML-KEM-1024,encap,472,19442,52160
ML-KEM-1024,encap,473,19293,51794
ML-KEM-1024,encap,474,19418,52102
ML-KEM-1024,encap,475,19362,51994
ML-KEM-1024,encap,476,19412,52122
ML-KEM-1024,encap,477,19690,52866
ML-KEM-1024,encap,478,19389,52064
ML-KEM-1024,encap,479,19466,52234
ML-KEM-1024,encap,480,19422,52154
ML-KEM-1024,encap,481,19589,52554
ML-KEM-1024,encap,482,19431,52134
ML-KEM-1024,encap,483,19338,51878
ML-KEM-1024,encap,484,19453,52226
ML-KEM-1024,encap,485,19447,52174
ML-KEM-1024,encap,486,19274,51704
ML-KEM-1024,encap,487,19327,51900
ML-KEM-1024,encap,488,19326,51852
ML-KEM-1024,encap,489,19481,52262
ML-KEM-1024,encap,490,19547,52452
ML-KEM-1024,encap,491,19314,51812
ML-KEM-1024,encap,492,19675,52790
ML-KEM-1024,encap,493,19574,52514
ML-KEM-1024,encap,494,19424,52156
ML-KEM-1024,encap,495,19427,52156
ML-KEM-1024,encap,496,19433,52178
ML-KEM-1024,encap,497,19417,52094
ML-KEM-1024,encap,498,19481,52302
ML-KEM-1024,encap,499,19170,51468
ML-KEM-1024,encap,500,19513,52394
ML-KEM-1024,encap,501,19327,51894
ML-KEM-1024,encap,502,19442,52206
ML-KEM-1024,encap,503,19386,52018
ML-KEM-1024,encap,504,19529,52432
ML-KEM-1024,encap,505,19326,51858
ML-KEM-1024,encap,506,19363,51990
ML-KEM-1024,encap,507,19433,52176
ML-KEM-1024,encap,508,19403,52064
ML-KEM-1024,encap,509,19460,52212
ML-KEM-1024,encap,510,19539,52200
ML-KEM-1024,encap,511,19523,52388
ML-KEM-1024,encap,512,20868,56034
ML-KEM-1024,encap,513,19593,52608
ML-KEM-1024,encap,514,19406,52072
ML-KEM-1024,encap,515,19386,52006
ML-KEM-1024,encap,516,19586,52592
ML-KEM-1024,encap,517,19455,52236
ML-KEM-1024,encap,518,19558,52516
ML-KEM-1024,encap,519,19501,52360
ML-KEM-1024,encap,520,19698,52888
ML-KEM-1024,encap,521,19541,52472
ML-KEM-1024,encap,522,19495,52312
ML-KEM-1024,encap,523,19609,52612
ML-KEM-1024,encap,524,19488,52326
ML-KEM-1024,encap,525,19444,52208
ML-KEM-1024,encap,526,19466,52272
ML-KEM-1024,encap,527,19249,51650
ML-KEM-1024,encap,528,19680,52778
ML-KEM-1024,encap,529,19657,52786
ML-KEM-1024,encap,530,19624,52698
ML-KEM-1024,encap,531,19485,52320
ML-KEM-1024,encap,532,19743,53016
ML-KEM-1024,encap,533,19631,52714
ML-KEM-1024,encap,534,19522,52420
ML-KEM-1024,encap,535,19650,52764
ML-KEM-1024,encap,536,19536,52458
ML-KEM-1024,encap,537,19523,52420
ML-KEM-1024,encap,538,19333,51916
ML-KEM-1024,encap,539,19412,52086
ML-KEM-1024,encap,540,19378,51984
ML-KEM-1024,encap,541,19370,51976
ML-KEM-1024,encap,542,19364,51948
ML-KEM-1024,encap,543,19446,52212
ML-KEM-1024,encap,544,19414,52088
ML-KEM-1024,encap,545,19478,52300
ML-KEM-1024,encap,546,19493,52298
ML-KEM-1024,encap,547,19487,52284
ML-KEM-1024,encap,548,19501,52364
ML-KEM-1024,encap,549,19280,51732
ML-KEM-1024,encap,550,19302,51790
ML-KEM-1024,encap,551,19610,52614
ML-KEM-1024,encap,552,19351,51962
ML-KEM-1024,encap,553,19337,51924
ML-KEM-1024,encap,554,19578,52572
ML-KEM-1024,encap,555,19561,52520
ML-KEM-1024,encap,556,19446,52170
ML-KEM-1024,encap,557,19368,51972
ML-KEM-1024,encap,558,19721,52956
ML-KEM-1024,encap,559,19735,52982
ML-KEM-1024,encap,560,19495,52348
ML-KEM-1024,encap,561,19658,52778
ML-KEM-1024,encap,562,20763,55750
ML-KEM-1024,encap,563,19444,52206
ML-KEM-1024,encap,564,19508,52380
ML-KEM-1024,encap,565,19587,52590
ML-KEM-1024,encap,566,19577,52566
ML-KEM-1024,encap,567,19504,52370
ML-KEM-1024,encap,568,19560,52484
ML-KEM-1024,encap,569,19299,51822
ML-KEM-1024,encap,570,19462,52260
ML-KEM-1024,encap,571,19268,51738
ML-KEM-1024,encap,572,19652,52682
ML-KEM-1024,encap,573,19604,52598
ML-KEM-1024,encap,574,19484,52316
ML-KEM-1024,encap,575,19400,52088
ML-KEM-1024,encap,576,19469,52278
ML-KEM-1024,encap,577,19280,51764
ML-KEM-1024,encap,578,19303,51788
ML-KEM-1024,encap,579,19383,52044
ML-KEM-1024,encap,580,19595,52616
ML-KEM-1024,encap,581,19400,52054
ML-KEM-1024,encap,582,19539,52434
ML-KEM-1024,encap,583,19244,51626
ML-KEM-1024,encap,584,19386,52018
ML-KEM-1024,encap,585,19315,51862
ML-KEM-1024,encap,586,19368,51968
ML-KEM-1024,encap,587,19364,51996
ML-KEM-1024,encap,588,19588,52552
ML-KEM-1024,encap,589,19431,52178
ML-KEM-1024,encap,590,19642,52698
ML-KEM-1024,encap,591,19447,52216
ML-KEM-1024,encap,592,19327,51896
ML-KEM-1024,encap,593,19477,52298
ML-KEM-1024,encap,594,19446,52176
ML-KEM-1024,encap,595,19345,51898
ML-KEM-1024,encap,596,19491,52288
ML-KEM-1024,encap,597,19402,52050
ML-KEM-1024,encap,598,19293,51806
ML-KEM-1024,encap,599,19582,52548
ML-KEM-1024,encap,600,19433,52184
ML-KEM-1024,encap,601,19326,51858
ML-KEM-1024,encap,602,19449,52182
ML-KEM-1024,encap,603,19593,52612
ML-KEM-1024,encap,604,19565,52488
ML-KEM-1024,encap,605,19458,52250
ML-KEM-1024,encap,606,19425,52152
ML-KEM-1024,encap,607,19384,52046
ML-KEM-1024,encap,608,19548,52488
ML-KEM-1024,encap,609,19645,52744
ML-KEM-1024,encap,610,19402,52098
ML-KEM-1024,encap,611,19311,51848
ML-KEM-1024,encap,612,19344,51902
ML-KEM-1024,encap,613,20828,55930
ML-KEM-1024,encap,614,19620,52682
ML-KEM-1024,encap,615,19367,51966
ML-KEM-1024,encap,616,19696,52890
ML-KEM-1024,encap,617,19185,51510
ML-KEM-1024,encap,618,19470,52282
ML-KEM-1024,encap,619,19637,52730
ML-KEM-1024,encap,620,19471,52288
ML-KEM-1024,encap,621,19475,52294
ML-KEM-1024,encap,622,19709,52876
ML-KEM-1024,encap,623,19546,52482
ML-KEM-1024,encap,624,19372,51980
ML-KEM-1024,encap,625,19423,52154
ML-KEM-1024,encap,626,19367,52004
ML-KEM-1024,encap,627,19687,52862
ML-KEM-1024,encap,628,19498,52356
ML-KEM-1024,encap,629,19430,52174
ML-KEM-1024,encap,630,19368,52008
ML-KEM-1024,encap,631,19351,51914
ML-KEM-1024,encap,632,19732,52984
ML-KEM-1024,encap,633,19612,52664
ML-KEM-1024,encap,634,19605,52640
ML-KEM-1024,encap,635,19538,52464
ML-KEM-1024,encap,636,19460,52250
ML-KEM-1024,encap,637,19295,51774
ML-KEM-1024,encap,638,19570,52502
ML-KEM-1024,encap,639,19346,51942
ML-KEM-1024,encap,640,19570,52554
ML-KEM-1024,encap,641,19477,52296
ML-KEM-1024,encap,642,19310,51808
ML-KEM-1024,encap,643,19369,51966
ML-KEM-1024,encap,644,19312,51808
ML-KEM-1024,encap,645,19379,52036
ML-KEM-1024,encap,646,19414,52124
ML-KEM-1024,encap,647,19308,51796
ML-KEM-1024,encap,648,19431,52174
ML-KEM-1024,encap,649,19289,51748
ML-KEM-1024,encap,650,19291,51758
ML-KEM-1024,encap,651,19199,51510
ML-KEM-1024,encap,652,19317,51868
ML-KEM-1024,encap,653,19325,51884
ML-KEM-1024,encap,654,19457,52244
ML-KEM-1024,encap,655,19469,52280
ML-KEM-1024,encap,656,19574,52556
ML-KEM-1024,encap,657,19367,52000
ML-KEM-1024,encap,658,19659,52786
ML-KEM-1024,encap,659,19393,52068
ML-KEM-1024,encap,660,19593,52606
ML-KEM-1024,encap,661,19441,52202
ML-KEM-1024,encap,662,19479,52268
ML-KEM-1024,encap,663,20793,55830
ML-KEM-1024,encap,664,19777,53102
ML-KEM-1024,encap,665,19571,52552
ML-KEM-1024,encap,666,19461,52256
ML-KEM-1024,encap,667,19547,52488
ML-KEM-1024,encap,668,19389,52026
ML-KEM-1024,encap,669,19591,52570
ML-KEM-1024,encap,670,19241,51626
ML-KEM-1024,encap,671,19399,52092
ML-KEM-1024,encap,672,19351,51952
ML-KEM-1024,encap,673,19187,51520
ML-KEM-1024,encap,674,19292,51802
ML-KEM-1024,encap,675,19269,51738
ML-KEM-1024,encap,676,19506,52336
ML-KEM-1024,encap,677,19182,51462
ML-KEM-1024,encap,678,19329,51856
ML-KEM-1024,encap,679,19272,51702
ML-KEM-1024,encap,680,19379,52038
ML-KEM-1024,encap,681,19421,52148
ML-KEM-1024,encap,682,19454,52188
ML-KEM-1024,encap,683,19560,52484
ML-KEM-1024,encap,684,19350,51958
ML-KEM-1024,encap,685,19528,52434
ML-KEM-1024,encap,686,19434,52142
ML-KEM-1024,encap,687,19557,52474
ML-KEM-1024,encap,688,19298,51780
ML-KEM-1024,encap,689,19393,52026
ML-KEM-1024,encap,690,19668,52768
ML-KEM-1024,encap,691,19612,52658
ML-KEM-1024,encap,692,19524,52426
ML-KEM-1024,encap,693,19526,52432
ML-KEM-1024,encap,694,19673,52824
ML-KEM-1024,encap,695,19564,52536
ML-KEM-1024,encap,696,19683,52846
ML-KEM-1024,encap,697,19410,52118
ML-KEM-1024,encap,698,19313,51858
ML-KEM-1024,encap,699,19504,52368
ML-KEM-1024,encap,700,19326,51854
ML-KEM-1024,encap,701,19234,51606
ML-KEM-1024,encap,702,19323,51882
ML-KEM-1024,encap,703,19554,52496
ML-KEM-1024,encap,704,19307,51840
ML-KEM-1024,encap,705,19399,52086
ML-KEM-1024,encap,706,19223,51578
ML-KEM-1024,encap,707,19416,52096
ML-KEM-1024,encap,708,19310,51812
ML-KEM-1024,encap,709,19423,52112
ML-KEM-1024,encap,710,19352,51960
ML-KEM-1024,encap,711,19194,51542
ML-KEM-1024,encap,712,19401,52096
ML-KEM-1024,encap,713,20473,54970
ML-KEM-1024,encap,714,19396,52082
ML-KEM-1024,encap,715,19307,51844
ML-KEM-1024,encap,716,19387,52058
ML-KEM-1024,encap,717,19408,52108
ML-KEM-1024,encap,718,19543,52478
ML-KEM-1024,encap,719,19364,51998
ML-KEM-1024,encap,720,19358,51980
ML-KEM-1024,encap,721,19350,51958
ML-KEM-1024,encap,722,19389,52062
ML-KEM-1024,encap,723,19509,52380
ML-KEM-1024,encap,724,19343,51902
ML-KEM-1024,encap,725,19520,52414
ML-KEM-1024,encap,726,19319,51834
ML-KEM-1024,encap,727,19467,52272
ML-KEM-1024,encap,728,19434,52178
ML-KEM-1024,encap,729,19752,53002
ML-KEM-1024,encap,730,19356,51972
ML-KEM-1024,encap,731,19667,52810
ML-KEM-1024,encap,732,19766,53076
ML-KEM-1024,encap,733,19454,52238
ML-KEM-1024,encap,734,19681,52836
ML-KEM-1024,encap,735,19599,52626
ML-KEM-1024,encap,736,19359,51978
ML-KEM-1024,encap,737,19823,53226
ML-KEM-1024,encap,738,19623,52682
ML-KEM-1024,encap,739,19463,52262
ML-KEM-1024,encap,740,19442,52206
ML-KEM-1024,encap,741,19540,52464
ML-KEM-1024,encap,742,19433,52178
ML-KEM-1024,encap,743,19400,52092
ML-KEM-1024,encap,744,19605,52642
ML-KEM-1024,encap,745,19491,52336
ML-KEM-1024,encap,746,19410,52122
ML-KEM-1024,encap,747,19819,53220
ML-KEM-1024,encap,748,19552,52498
ML-KEM-1024,encap,749,19427,52162
ML-KEM-1024,encap,750,19462,52252
ML-KEM-1024,encap,751,19577,52568
ML-KEM-1024,encap,752,19570,52546
ML-KEM-1024,encap,753,19487,52324
ML-KEM-1024,encap,754,19825,53232
ML-KEM-1024,encap,755,19358,51978
ML-KEM-1024,encap,756,19315,51820
ML-KEM-1024,encap,757,19369,52010
ML-KEM-1024,encap,758,19360,51934
ML-KEM-1024,encap,759,19414,52094
ML-KEM-1024,encap,760,19401,52054
ML-KEM-1024,encap,761,19462,52220
ML-KEM-1024,encap,762,19542,52472
ML-KEM-1024,encap,763,19326,51856
ML-KEM-1024,encap,764,20575,55246
ML-KEM-1024,encap,765,19701,52888
ML-KEM-1024,encap,766,19311,51810
ML-KEM-1024,encap,767,19669,52778
ML-KEM-1024,encap,768,19412,52116
ML-KEM-1024,encap,769,19510,52382
ML-KEM-1024,encap,770,19537,52460
ML-KEM-1024,encap,771,19508,52372
ML-KEM-1024,encap,772,19537,52460
ML-KEM-1024,encap,773,19640,52736
ML-KEM-1024,encap,774,19522,52414
ML-KEM-1024,encap,775,19272,51750
ML-KEM-1024,encap,776,19427,52158
ML-KEM-1024,encap,777,19246,51642
ML-KEM-1024,encap,778,19564,52490
ML-KEM-1024,encap,779,19452,52228
ML-KEM-1024,encap,780,19450,52190
ML-KEM-1024,encap,781,19335,51918
ML-KEM-1024,encap,782,19514,52354
ML-KEM-1024,encap,783,19390,52064
ML-KEM-1024,encap,784,19264,51726
ML-KEM-1024,encap,785,19312,51818
ML-KEM-1024,encap,786,19522,52374
ML-KEM-1024,encap,787,19531,52396
ML-KEM-1024,encap,788,19379,52032
ML-KEM-1024,encap,789,19368,52002
ML-KEM-1024,encap,790,19241,51624
ML-KEM-1024,encap,791,19342,51928
ML-KEM-1024,encap,792,19326,51890
ML-KEM-1024,encap,793,19649,52760
ML-KEM-1024,encap,794,19333,51910
ML-KEM-1024,encap,795,19571,52550
ML-KEM-1024,encap,796,19475,52294
ML-KEM-1024,encap,797,19526,52428
ML-KEM-1024,encap,798,19329,51898
ML-KEM-1024,encap,799,19485,52276
ML-KEM-1024,encap,800,19283,51772
ML-KEM-1024,encap,801,19384,52050
ML-KEM-1024,encap,802,19700,52894
ML-KEM-1024,encap,803,19548,52454
ML-KEM-1024,encap,804,19388,52062
ML-KEM-1024,encap,805,19675,52780
ML-KEM-1024,encap,806,19422,52146
ML-KEM-1024,encap,807,19334,51862
ML-KEM-1024,encap,808,19394,52044
ML-KEM-1024,encap,809,19235,51612
ML-KEM-1024,encap,810,19510,52338
ML-KEM-1024,encap,811,19554,52466
ML-KEM-1024,encap,812,19375,51984
ML-KEM-1024,encap,813,19278,51762
ML-KEM-1024,encap,814,21390,57436
ML-KEM-1024,encap,815,19511,52390
ML-KEM-1024,encap,816,19298,51784
ML-KEM-1024,encap,817,19328,51896
ML-KEM-1024,encap,818,19465,52268
ML-KEM-1024,encap,819,19349,51948
ML-KEM-1024,encap,820,19475,52296
ML-KEM-1024,encap,821,19374,51986
ML-KEM-1024,encap,822,19399,52054
ML-KEM-1024,encap,823,19272,51708
ML-KEM-1024,encap,824,19361,51984
ML-KEM-1024,encap,825,19520,52374
ML-KEM-1024,encap,826,19221,51608
ML-KEM-1024,encap,827,19446,52180
ML-KEM-1024,encap,828,19263,51690
ML-KEM-1024,encap,829,19496,52308
ML-KEM-1024,encap,830,19321,51844
ML-KEM-1024,encap,831,19235,51600
ML-KEM-1024,encap,832,19489,52294
ML-KEM-1024,encap,833,19500,52308
ML-KEM-1024,encap,834,19267,51734
ML-KEM-1024,encap,835,19649,52758
ML-KEM-1024,encap,836,19328,51852
ML-KEM-1024,encap,837,19376,52024
ML-KEM-1024,encap,838,19382,52004
ML-KEM-1024,encap,839,19514,52352
ML-KEM-1024,encap,840,19369,52008
ML-KEM-1024,encap,841,19411,52072
ML-KEM-1024,encap,842,19264,51688
ML-KEM-1024,encap,843,19609,52614
ML-KEM-1024,encap,844,19420,52102
ML-KEM-1024,encap,845,19412,52124
ML-KEM-1024,encap,846,19298,51816
ML-KEM-1024,encap,847,19625,52696
ML-KEM-1024,encap,848,19329,51856
ML-KEM-1024,encap,849,19438,52142
ML-KEM-1024,encap,850,19314,51862
ML-KEM-1024,encap,851,19418,52092
ML-KEM-1024,encap,852,19612,52660
ML-KEM-1024,encap,853,19686,52826
ML-KEM-1024,encap,854,19321,51882
ML-KEM-1024,encap,855,19378,51990
ML-KEM-1024,encap,856,19419,52144
ML-KEM-1024,encap,857,19579,52572
ML-KEM-1024,encap,858,19573,52558
ML-KEM-1024,encap,859,19462,52254
ML-KEM-1024,encap,860,19389,52058
ML-KEM-1024,encap,861,19633,52718
ML-KEM-1024,encap,862,19375,52022
ML-KEM-1024,encap,863,19599,52620
ML-KEM-1024,encap,864,19364,51988
ML-KEM-1024,encap,865,19640,52738
ML-KEM-1024,encap,866,19501,52366
ML-KEM-1024,encap,867,19530,52414
ML-KEM-1024,encap,868,19466,52266
ML-KEM-1024,encap,869,19496,52306
ML-KEM-1024,encap,870,19283,51780
ML-KEM-1024,encap,871,19537,52452
ML-KEM-1024,encap,872,19391,52068
ML-KEM-1024,encap,873,19339,51926
ML-KEM-1024,encap,874,19305,51790
ML-KEM-1024,encap,875,19561,52520
ML-KEM-1024,encap,876,19489,52330
ML-KEM-1024,encap,877,19390,52018
ML-KEM-1024,encap,878,19274,51748
ML-KEM-1024,encap,879,19332,51874
ML-KEM-1024,encap,880,19533,52408
ML-KEM-1024,encap,881,19298,51784
ML-KEM-1024,encap,882,19464,52258
ML-KEM-1024,encap,883,19353,51914
ML-KEM-1024,encap,884,19422,52148
ML-KEM-1024,encap,885,19609,52608
ML-KEM-1024,encap,886,19459,52238
ML-KEM-1024,encap,887,19412,52112
ML-KEM-1024,encap,888,19607,52640
ML-KEM-1024,encap,889,19444,52202
ML-KEM-1024,encap,890,19667,52802
ML-KEM-1024,encap,891,19568,52540
ML-KEM-1024,encap,892,19548,52484
ML-KEM-1024,encap,893,19418,52130
ML-KEM-1024,encap,894,19482,52264
ML-KEM-1024,encap,895,19397,52050
ML-KEM-1024,encap,896,19464,52254
ML-KEM-1024,encap,897,19567,52534
ML-KEM-1024,encap,898,19476,52292
ML-KEM-1024,encap,899,19519,52402
ML-KEM-1024,encap,900,19625,52690
ML-KEM-1024,encap,901,19393,52064
ML-KEM-1024,encap,902,19339,51922
ML-KEM-1024,encap,903,19435,52180
ML-KEM-1024,encap,904,19488,52318
ML-KEM-1024,encap,905,19289,51742
ML-KEM-1024,encap,906,19530,52402
ML-KEM-1024,encap,907,19402,52094
ML-KEM-1024,encap,908,19258,51704
ML-KEM-1024,encap,909,19551,52490
ML-KEM-1024,encap,910,19575,52512
ML-KEM-1024,encap,911,19511,52336
ML-KEM-1024,encap,912,19371,51968
ML-KEM-1024,encap,913,19424,52148
ML-KEM-1024,encap,914,19420,52138
ML-KEM-1024,encap,915,20637,55410
ML-KEM-1024,encap,916,19420,52146
ML-KEM-1024,encap,917,19528,52402
ML-KEM-1024,encap,918,19384,52012
ML-KEM-1024,encap,919,19592,52560
ML-KEM-1024,encap,920,19370,52006
ML-KEM-1024,encap,921,19539,52430
ML-KEM-1024,encap,922,19361,51974
ML-KEM-1024,encap,923,19321,51878
ML-KEM-1024,encap,924,19507,52374
ML-KEM-1024,encap,925,19511,52346
ML-KEM-1024,encap,926,19435,52186
ML-KEM-1024,encap,927,19456,52236
ML-KEM-1024,encap,928,19350,51906
ML-KEM-1024,encap,929,19597,52574
ML-KEM-1024,encap,930,19470,52234
ML-KEM-1024,encap,931,19449,52176
ML-KEM-1024,encap,932,19459,52200
ML-KEM-1024,encap,933,19210,51574
ML-KEM-1024,encap,934,19335,51906
ML-KEM-1024,encap,935,19478,52258
ML-KEM-1024,encap,936,19156,51392
ML-KEM-1024,encap,937,19382,52006
ML-KEM-1024,encap,938,19433,52174
ML-KEM-1024,encap,939,19475,52288
ML-KEM-1024,encap,940,19239,51652
ML-KEM-1024,encap,941,19376,51980
ML-KEM-1024,encap,942,19632,52706
ML-KEM-1024,encap,943,19860,53322
ML-KEM-1024,encap,944,19272,51696
ML-KEM-1024,encap,945,19295,51774
ML-KEM-1024,encap,946,19512,52394
ML-KEM-1024,encap,947,19282,51770
ML-KEM-1024,encap,948,19359,51930
ML-KEM-1024,encap,949,19419,52140
ML-KEM-1024,encap,950,19350,51922
ML-KEM-1024,encap,951,19473,52284
ML-KEM-1024,encap,952,19290,51790
ML-KEM-1024,encap,953,19565,52532
ML-KEM-1024,encap,954,19322,51878
ML-KEM-1024,encap,955,19272,51700
ML-KEM-1024,encap,956,19483,52274
ML-KEM-1024,encap,957,19456,52200
ML-KEM-1024,encap,958,19437,52150
ML-KEM-1024,encap,959,19528,52432
ML-KEM-1024,encap,960,19575,52562
ML-KEM-1024,encap,961,19477,52296
ML-KEM-1024,encap,962,19499,52348
ML-KEM-1024,encap,963,19611,52656
ML-KEM-1024,encap,964,19577,52522
ML-KEM-1024,encap,965,20462,54942
ML-KEM-1024,encap,966,19519,52406
ML-KEM-1024,encap,967,19460,52254
ML-KEM-1024,encap,968,19500,52324
ML-KEM-1024,encap,969,19435,52186
ML-KEM-1024,encap,970,19512,52392
ML-KEM-1024,encap,971,19432,52178
ML-KEM-1024,encap,972,19509,52386
ML-KEM-1024,encap,973,19384,52044
ML-KEM-1024,encap,974,19317,51868
ML-KEM-1024,encap,975,19535,52452
ML-KEM-1024,encap,976,19548,52490
ML-KEM-1024,encap,977,19475,52290
ML-KEM-1024,encap,978,19327,51896
ML-KEM-1024,encap,979,19438,52192
ML-KEM-1024,encap,980,19402,52094
ML-KEM-1024,encap,981,19541,52466
ML-KEM-1024,encap,982,19371,52014
ML-KEM-1024,encap,983,19608,52648
ML-KEM-1024,encap,984,19463,52258
ML-KEM-1024,encap,985,19604,52640
ML-KEM-1024,encap,986,19906,53448
ML-KEM-1024,encap,987,19504,52372
ML-KEM-1024,encap,988,19573,52554
ML-KEM-1024,encap,989,19349,51956
ML-KEM-1024,encap,990,19587,52508
ML-KEM-1024,encap,991,19407,52108
ML-KEM-1024,encap,992,19474,52290
ML-KEM-1024,encap,993,19523,52422
ML-KEM-1024,encap,994,19408,52118
ML-KEM-1024,encap,995,19797,53158
ML-KEM-1024,encap,996,19478,52300
ML-KEM-1024,encap,997,19593,52610
ML-KEM-1024,encap,998,19407,52112
ML-KEM-1024,encap,999,19630,52710
ML-KEM-1024,decap,0,30483,81850
ML-KEM-1024,decap,1,30272,81288
ML-KEM-1024,decap,2,30225,81166
ML-KEM-1024,decap,3,30226,81196
ML-KEM-1024,decap,4,30432,81746
ML-KEM-1024,decap,5,30507,81950
ML-KEM-1024,decap,6,30222,81184
ML-KEM-1024,decap,7,30104,80862
ML-KEM-1024,decap,8,30347,81522
ML-KEM-1024,decap,9,30131,80936
ML-KEM-1024,decap,10,30165,81030
ML-KEM-1024,decap,11,30402,81662
ML-KEM-1024,decap,12,30148,80980
ML-KEM-1024,decap,13,30399,81654
ML-KEM-1024,decap,14,30246,81222
ML-KEM-1024,decap,15,30421,81716
ML-KEM-1024,decap,16,30196,81112
ML-KEM-1024,decap,17,30267,81304
ML-KEM-1024,decap,18,30473,81856
ML-KEM-1024,decap,19,30173,81048
ML-KEM-1024,decap,20,30004,80594
ML-KEM-1024,decap,21,30122,80914
ML-KEM-1024,decap,22,30210,81150
ML-KEM-1024,decap,23,33264,89354
ML-KEM-1024,decap,24,30558,82088
ML-KEM-1024,decap,25,30316,81432
ML-KEM-1024,decap,26,30226,81194
ML-KEM-1024,decap,27,30237,81222
ML-KEM-1024,decap,28,30109,80878
ML-KEM-1024,decap,29,30350,81526
ML-KEM-1024,decap,30,30350,81528
ML-KEM-1024,decap,31,30316,81432
ML-KEM-1024,decap,32,30089,80824
ML-KEM-1024,decap,33,30139,80958
ML-KEM-1024,decap,34,30289,81364
ML-KEM-1024,decap,35,30232,81208
ML-KEM-1024,decap,36,30338,81494
ML-KEM-1024,decap,37,30287,81356
ML-KEM-1024,decap,38,30266,81298
ML-KEM-1024,decap,39,30275,81322
ML-KEM-1024,decap,40,30187,81062
ML-KEM-1024,decap,41,30320,81442
ML-KEM-1024,decap,42,30363,81560
ML-KEM-1024,decap,43,30379,81604
ML-KEM-1024,decap,44,30253,81266
ML-KEM-1024,decap,45,30311,81424
ML-KEM-1024,decap,46,30440,81766
ML-KEM-1024,decap,47,30387,81626
ML-KEM-1024,decap,48,30164,81026
ML-KEM-1024,decap,49,30410,81688
ML-KEM-1024,decap,50,30162,81022
ML-KEM-1024,decap,51,30201,81126
ML-KEM-1024,decap,52,30076,80790
ML-KEM-1024,decap,53,30415,81702
ML-KEM-1024,decap,54,30241,81236
ML-KEM-1024,decap,55,30267,81304
ML-KEM-1024,decap,56,31724,85220
ML-KEM-1024,decap,57,30206,81138
ML-KEM-1024,decap,58,30240,81228
ML-KEM-1024,decap,59,30233,81216
ML-KEM-1024,decap,60,30305,81406
ML-KEM-1024,decap,61,30032,80672
ML-KEM-1024,decap,62,30401,81662
ML-KEM-1024,decap,63,30606,82216
ML-KEM-1024,decap,64,30157,81004
ML-KEM-1024,decap,65,30279,81334
ML-KEM-1024,decap,66,30228,81200
ML-KEM-1024,decap,67,30303,81402
ML-KEM-1024,decap,68,30291,81366
ML-KEM-1024,decap,69,30331,81476
ML-KEM-1024,decap,70,30337,81492
ML-KEM-1024,decap,71,30296,81378
ML-KEM-1024,decap,72,30361,81558
ML-KEM-1024,decap,73,30180,81066
ML-KEM-1024,decap,74,30367,81566
ML-KEM-1024,decap,75,30187,81086
ML-KEM-1024,decap,76,30179,81060
ML-KEM-1024,decap,77,30241,81234
ML-KEM-1024,decap,78,30311,81416
ML-KEM-1024,decap,79,30424,81722
ML-KEM-1024,decap,80,30100,80856
ML-KEM-1024,decap,81,30140,80956
ML-KEM-1024,decap,82,30304,81394
ML-KEM-1024,decap,83,30379,81602
ML-KEM-1024,decap,84,30440,81766
ML-KEM-1024,decap,85,30200,81122
ML-KEM-1024,decap,86,30279,81330
ML-KEM-1024,decap,87,30445,81780
ML-KEM-1024,decap,88,31343,84186
ML-KEM-1024,decap,89,30492,81910
ML-KEM-1024,decap,90,30390,81636
ML-KEM-1024,decap,91,30017,80634
ML-KEM-1024,decap,92,30383,81616
ML-KEM-1024,decap,93,30173,81048
ML-KEM-1024,decap,94,30241,81232
ML-KEM-1024,decap,95,30263,81294
ML-KEM-1024,decap,96,30173,81048
ML-KEM-1024,decap,97,30328,81468
ML-KEM-1024,decap,98,30203,81132
ML-KEM-1024,decap,99,30298,81388
ML-KEM-1024,decap,100,30354,81534
ML-KEM-1024,decap,101,30126,80924
ML-KEM-1024,decap,102,30283,81346
ML-KEM-1024,decap,103,30306,81408
ML-KEM-1024,decap,104,30261,81286
ML-KEM-1024,decap,105,30231,81206
ML-KEM-1024,decap,106,30266,81300
ML-KEM-1024,decap,107,30313,81426
ML-KEM-1024,decap,108,30349,81522
ML-KEM-1024,decap,109,30405,81672
ML-KEM-1024,decap,110,30314,81430
ML-KEM-1024,decap,111,30309,81414
ML-KEM-1024,decap,112,30445,81782
ML-KEM-1024,decap,113,30296,81382
ML-KEM-1024,decap,114,30275,81326
ML-KEM-1024,decap,115,30556,82076
ML-KEM-1024,decap,116,30355,81540
ML-KEM-1024,decap,117,30270,81312
ML-KEM-1024,decap,118,30445,81786
ML-KEM-1024,decap,119,30537,82026
ML-KEM-1024,decap,120,30408,81684
ML-KEM-1024,decap,121,31540,84716
ML-KEM-1024,decap,122,30188,81090
ML-KEM-1024,decap,123,30250,81256
ML-KEM-1024,decap,124,30309,81416
ML-KEM-1024,decap,125,30331,81474
ML-KEM-1024,decap,126,30314,81426
ML-KEM-1024,decap,127,30332,81478
ML-KEM-1024,decap,128,30216,81164
ML-KEM-1024,decap,129,30346,81514
ML-KEM-1024,decap,130,30392,81640
ML-KEM-1024,decap,131,30130,80934
ML-KEM-1024,decap,132,30168,81034
ML-KEM-1024,decap,133,30108,80874
ML-KEM-1024,decap,134,30435,81754
ML-KEM-1024,decap,135,30406,81678
ML-KEM-1024,decap,136,30361,81556
ML-KEM-1024,decap,137,30649,82330
ML-KEM-1024,decap,138,30332,81474
ML-KEM-1024,decap,139,30057,80740
ML-KEM-1024,decap,140,30046,80710
ML-KEM-1024,decap,141,30027,80654
ML-KEM-1024,decap,142,30332,81478
ML-KEM-1024,decap,143,30259,81282
ML-KEM-1024,decap,144,30107,80874
ML-KEM-1024,decap,145,30278,81332
ML-KEM-1024,decap,146,30333,81478
ML-KEM-1024,decap,147,30224,81186
ML-KEM-1024,decap,148,30010,80612
ML-KEM-1024,decap,149,30087,80816
ML-KEM-1024,decap,150,30270,81314
ML-KEM-1024,decap,151,30577,82136
ML-KEM-1024,decap,152,30158,81010
ML-KEM-1024,decap,153,31372,84268
ML-KEM-1024,decap,154,30560,82094
ML-KEM-1024,decap,155,30262,81288
ML-KEM-1024,decap,156,30183,81078
ML-KEM-1024,decap,157,30060,80744
ML-KEM-1024,decap,158,30027,80656
ML-KEM-1024,decap,159,30253,81264
ML-KEM-1024,decap,160,30354,81536
ML-KEM-1024,decap,161,30215,81162
ML-KEM-1024,decap,162,30370,81578
ML-KEM-1024,decap,163,30199,81120
ML-KEM-1024,decap,164,30221,81180
ML-KEM-1024,decap,165,30407,81680
ML-KEM-1024,decap,166,30049,80718
ML-KEM-1024,decap,167,30190,81096
ML-KEM-1024,decap,168,30399,81658
ML-KEM-1024,decap,169,30273,81320
ML-KEM-1024,decap,170,30101,80856
ML-KEM-1024,decap,171,30143,80968
ML-KEM-1024,decap,172,30006,80606
ML-KEM-1024,decap,173,30120,80906
ML-KEM-1024,decap,174,30091,80832
ML-KEM-1024,decap,175,30121,80908
ML-KEM-1024,decap,176,30295,81378
ML-KEM-1024,decap,177,30186,81082
ML-KEM-1024,decap,178,30311,81422
ML-KEM-1024,decap,179,30221,81180
ML-KEM-1024,decap,180,30181,81074
ML-KEM-1024,decap,181,30143,80970
ML-KEM-1024,decap,182,30439,81770
ML-KEM-1024,decap,183,30139,80962
ML-KEM-1024,decap,184,30249,81254
ML-KEM-1024,decap,185,30349,81520
ML-KEM-1024,decap,186,31810,85448
ML-KEM-1024,decap,187,30371,81582
ML-KEM-1024,decap,188,30516,81972
ML-KEM-1024,decap,189,30357,81544
ML-KEM-1024,decap,190,30331,81474
ML-KEM-1024,decap,191,30366,81570
ML-KEM-1024,decap,192,30444,81780
ML-KEM-1024,decap,193,30269,81308
ML-KEM-1024,decap,194,30278,81334
ML-KEM-1024,decap,195,30384,81618
ML-KEM-1024,decap,196,30458,81816
ML-KEM-1024,decap,197,30186,81082
ML-KEM-1024,decap,198,30168,81032
ML-KEM-1024,decap,199,29970,80504
ML-KEM-1024,decap,200,30140,80964
ML-KEM-1024,decap,201,30072,80778
ML-KEM-1024,decap,202,30133,80940
ML-KEM-1024,decap,203,30228,81196
ML-KEM-1024,decap,204,30225,81186
ML-KEM-1024,decap,205,30177,81056
ML-KEM-1024,decap,206,30063,80754
ML-KEM-1024,decap,207,30411,81688
ML-KEM-1024,decap,208,30314,81428
ML-KEM-1024,decap,209,30362,81558
ML-KEM-1024,decap,210,30249,81254
ML-KEM-1024,decap,211,30365,81566
ML-KEM-1024,decap,212,30132,80938
ML-KEM-1024,decap,213,30292,81372
ML-KEM-1024,decap,214,30098,80848
ML-KEM-1024,decap,215,30300,81394
ML-KEM-1024,decap,216,30393,81644
ML-KEM-1024,decap,217,30518,81978
ML-KEM-1024,decap,218,30023,80644
ML-KEM-1024,decap,219,31688,85120
ML-KEM-1024,decap,220,30430,81740
ML-KEM-1024,decap,221,30554,82076
ML-KEM-1024,decap,222,30389,81634
ML-KEM-1024,decap,223,30442,81772
ML-KEM-1024,decap,224,30125,80922
ML-KEM-1024,decap,225,30179,81068
ML-KEM-1024,decap,226,30426,81726
ML-KEM-1024,decap,227,30073,80780
ML-KEM-1024,decap,228,30242,81234
ML-KEM-1024,decap,229,30264,81296
ML-KEM-1024,decap,230,30201,81128
ML-KEM-1024,decap,231,30310,81420
ML-KEM-1024,decap,232,30031,80670
ML-KEM-1024,decap,233,29950,80452
ML-KEM-1024,decap,234,30265,81298
ML-KEM-1024,decap,235,30209,81148
ML-KEM-1024,decap,236,30424,81726
ML-KEM-1024,decap,237,30231,81206
ML-KEM-1024,decap,238,30448,81794
ML-KEM-1024,decap,239,30458,81816
ML-KEM-1024,decap,240,30352,81534
ML-KEM-1024,decap,241,30470,81846
ML-KEM-1024,decap,242,30464,81836
ML-KEM-1024,decap,243,30262,81288
ML-KEM-1024,decap,244,30620,82252
ML-KEM-1024,decap,245,30402,81666
ML-KEM-1024,decap,246,30241,81236
ML-KEM-1024,decap,247,30460,81820
ML-KEM-1024,decap,248,30460,81822
ML-KEM-1024,decap,249,30224,81190
ML-KEM-1024,decap,250,30105,80868
ML-KEM-1024,decap,251,31809,85448
ML-KEM-1024,decap,252,30351,81528
ML-KEM-1024,decap,253,30497,81926
ML-KEM-1024,decap,254,30512,81964
ML-KEM-1024,decap,255,30215,81160
ML-KEM-1024,decap,256,30192,81100
ML-KEM-1024,decap,257,30491,81902
ML-KEM-1024,decap,258,30061,80742
ML-KEM-1024,decap,259,30264,81294
ML-KEM-1024,decap,260,30275,81322
ML-KEM-1024,decap,261,30171,81046
ML-KEM-1024,decap,262,30324,81454
ML-KEM-1024,decap,263,30227,81196
ML-KEM-1024,decap,264,30317,81436
ML-KEM-1024,decap,265,30544,82046
ML-KEM-1024,decap,266,30440,81768
ML-KEM-1024,decap,267,30101,80854
ML-KEM-1024,decap,268,30361,81558
ML-KEM-1024,decap,269,30364,81564
ML-KEM-1024,decap,270,30293,81372
ML-KEM-1024,decap,271,30196,81110
ML-KEM-1024,decap,272,30479,81874
ML-KEM-1024,decap,273,30258,81276
ML-KEM-1024,decap,274,30351,81530
ML-KEM-1024,decap,275,30167,81032
ML-KEM-1024,decap,276,30460,81820
ML-KEM-1024,decap,277,30285,81352
ML-KEM-1024,decap,278,30222,81180
ML-KEM-1024,decap,279,30127,80924
ML-KEM-1024,decap,280,29901,80316
ML-KEM-1024,decap,281,30260,81286
ML-KEM-1024,decap,282,30258,81278
ML-KEM-1024,decap,283,30195,81110
ML-KEM-1024,decap,284,31644,85004
ML-KEM-1024,decap,285,30169,81040
ML-KEM-1024,decap,286,30284,81346
ML-KEM-1024,decap,287,30316,81434
ML-KEM-1024,decap,288,29944,80436
ML-KEM-1024,decap,289,30149,80978
ML-KEM-1024,decap,290,30242,81232
ML-KEM-1024,decap,291,30342,81502
ML-KEM-1024,decap,292,30383,81614
ML-KEM-1024,decap,293,30048,80712
ML-KEM-1024,decap,294,30302,81398
ML-KEM-1024,decap,295,30084,80810
ML-KEM-1024,decap,296,30196,81112
ML-KEM-1024,decap,297,30311,81422
ML-KEM-1024,decap,298,30211,81154
ML-KEM-1024,decap,299,30112,80888
ML-KEM-1024,decap,300,30148,80984
ML-KEM-1024,decap,301,30281,81340
ML-KEM-1024,decap,302,30443,81778
ML-KEM-1024,decap,303,30133,80942
ML-KEM-1024,decap,304,30327,81464
ML-KEM-1024,decap,305,30290,81364
ML-KEM-1024,decap,306,30172,81046
ML-KEM-1024,decap,307,30214,81158
ML-KEM-1024,decap,308,30238,81228
ML-KEM-1024,decap,309,30287,81356
ML-KEM-1024,decap,310,30205,81136
ML-KEM-1024,decap,311,30324,81458
ML-KEM-1024,decap,312,30336,81488
ML-KEM-1024,decap,313,30212,81154
ML-KEM-1024,decap,314,30359,81550
ML-KEM-1024,decap,315,30395,81648
ML-KEM-1024,decap,316,31493,84600
ML-KEM-1024,decap,317,30505,81946
ML-KEM-1024,decap,318,30291,81372
ML-KEM-1024,decap,319,30207,81138
ML-KEM-1024,decap,320,30368,81574
ML-KEM-1024,decap,321,30260,81284
ML-KEM-1024,decap,322,30209,81148
ML-KEM-1024,decap,323,30187,81088
ML-KEM-1024,decap,324,30450,81792
ML-KEM-1024,decap,325,30314,81430
ML-KEM-1024,decap,326,30147,80980
ML-KEM-1024,decap,327,30261,81286
ML-KEM-1024,decap,328,30068,80768
ML-KEM-1024,decap,329,30046,80706
ML-KEM-1024,decap,330,30434,81752
ML-KEM-1024,decap,331,30282,81344
ML-KEM-1024,decap,332,30186,81084
ML-KEM-1024,decap,333,30354,81540
ML-KEM-1024,decap,334,30290,81364
ML-KEM-1024,decap,335,30208,81144
ML-KEM-1024,decap,336,30343,81508
ML-KEM-1024,decap,337,30331,81474
ML-KEM-1024,decap,338,30190,81096
ML-KEM-1024,decap,339,30161,81016
ML-KEM-1024,decap,340,30278,81330
ML-KEM-1024,decap,341,30232,81210
ML-KEM-1024,decap,342,30312,81422
ML-KEM-1024,decap,343,30350,81526
ML-KEM-1024,decap,344,30291,81364
ML-KEM-1024,decap,345,30236,81218
ML-KEM-1024,decap,346,30236,81220
ML-KEM-1024,decap,347,30259,81280
ML-KEM-1024,decap,348,30273,81322
ML-KEM-1024,decap,349,31523,84678
ML-KEM-1024,decap,350,30269,81312
ML-KEM-1024,decap,351,30488,81898
ML-KEM-1024,decap,352,30293,81370
ML-KEM-1024,decap,353,30501,81930
ML-KEM-1024,decap,354,30298,81384
ML-KEM-1024,decap,355,30304,81402
ML-KEM-1024,decap,356,30282,81346
ML-KEM-1024,decap,357,30120,80908
ML-KEM-1024,decap,358,30018,80634
ML-KEM-1024,decap,359,30376,81598
ML-KEM-1024,decap,360,30372,81586
ML-KEM-1024,decap,361,30088,80822
ML-KEM-1024,decap,362,30435,81756
ML-KEM-1024,decap,363,30485,81860
ML-KEM-1024,decap,364,30314,81432
ML-KEM-1024,decap,365,30494,81916
ML-KEM-1024,decap,366,30279,81334
ML-KEM-1024,decap,367,30331,81472
ML-KEM-1024,decap,368,30164,81028
ML-KEM-1024,decap,369,30303,81400
ML-KEM-1024,decap,370,30314,81428
ML-KEM-1024,decap,371,30360,81554
ML-KEM-1024,decap,372,30512,81962
ML-KEM-1024,decap,373,30319,81444
ML-KEM-1024,decap,374,30308,81412
ML-KEM-1024,decap,375,30512,81964
ML-KEM-1024,decap,376,30493,81908
ML-KEM-1024,decap,377,30461,81822
ML-KEM-1024,decap,378,30407,81678
ML-KEM-1024,decap,379,30373,81588
ML-KEM-1024,decap,380,30314,81430
ML-KEM-1024,decap,381,32347,86896
ML-KEM-1024,decap,382,30418,81710
ML-KEM-1024,decap,383,30290,81366
ML-KEM-1024,decap,384,30392,81638
ML-KEM-1024,decap,385,30255,81270
ML-KEM-1024,decap,386,30465,81834
ML-KEM-1024,decap,387,30180,81068
ML-KEM-1024,decap,388,30265,81296
ML-KEM-1024,decap,389,30158,81012
ML-KEM-1024,decap,390,29995,80570
ML-KEM-1024,decap,391,30242,81232
ML-KEM-1024,decap,392,30473,81856
ML-KEM-1024,decap,393,30452,81800
ML-KEM-1024,decap,394,30348,81516
ML-KEM-1024,decap,395,30370,81578
ML-KEM-1024,decap,396,30215,81162
ML-KEM-1024,decap,397,30380,81608
ML-KEM-1024,decap,398,30220,81178
ML-KEM-1024,decap,399,30168,81034
ML-KEM-1024,decap,400,30328,81468
ML-KEM-1024,decap,401,30221,81178
ML-KEM-1024,decap,402,30222,81182
ML-KEM-1024,decap,403,30269,81306
ML-KEM-1024,decap,404,30484,81886
ML-KEM-1024,decap,405,30119,80906
ML-KEM-1024,decap,406,30308,81416
ML-KEM-1024,decap,407,30290,81364
ML-KEM-1024,decap,408,30292,81368
ML-KEM-1024,decap,409,30283,81348
ML-KEM-1024,decap,410,30402,81668
ML-KEM-1024,decap,411,30248,81256
ML-KEM-1024,decap,412,30397,81652
ML-KEM-1024,decap,413,30362,81562
ML-KEM-1024,decap,414,31492,84592
ML-KEM-1024,decap,415,30320,81448
ML-KEM-1024,decap,416,30523,81994
ML-KEM-1024,decap,417,30379,81604
ML-KEM-1024,decap,418,30219,81174
ML-KEM-1024,decap,419,30190,81094
ML-KEM-1024,decap,420,30621,82254
ML-KEM-1024,decap,421,30447,81784
ML-KEM-1024,decap,422,30323,81454
ML-KEM-1024,decap,423,30336,81492
ML-KEM-1024,decap,424,30265,81294
ML-KEM-1024,decap,425,30409,81682
ML-KEM-1024,decap,426,30433,81750
ML-KEM-1024,decap,427,30453,81804
ML-KEM-1024,decap,428,30211,81150
ML-KEM-1024,decap,429,30535,82022
ML-KEM-1024,decap,430,30430,81742
ML-KEM-1024,decap,431,30144,80972
ML-KEM-1024,decap,432,30258,81278
ML-KEM-1024,decap,433,30215,81160
ML-KEM-1024,decap,434,30486,81894
ML-KEM-1024,decap,435,30249,81254
ML-KEM-1024,decap,436,30319,81442
ML-KEM-1024,decap,437,30397,81652
ML-KEM-1024,decap,438,30079,80798
ML-KEM-1024,decap,439,30515,81968
ML-KEM-1024,decap,440,30436,81760
ML-KEM-1024,decap,441,30578,82138
ML-KEM-1024,decap,442,30752,82608
ML-KEM-1024,decap,443,30426,81728
ML-KEM-1024,decap,444,30142,80968
ML-KEM-1024,decap,445,30252,81262
ML-KEM-1024,decap,446,31379,84290
ML-KEM-1024,decap,447,30627,82270
ML-KEM-1024,decap,448,30198,81116
ML-KEM-1024,decap,449,30250,81256
ML-KEM-1024,decap,450,30381,81610
ML-KEM-1024,decap,451,30269,81306
ML-KEM-1024,decap,452,30547,82056
ML-KEM-1024,decap,453,30198,81120
ML-KEM-1024,decap,454,30121,80908
ML-KEM-1024,decap,455,30151,80992
ML-KEM-1024,decap,456,30271,81312
ML-KEM-1024,decap,457,30198,81114
ML-KEM-1024,decap,458,30349,81524
ML-KEM-1024,decap,459,30127,80924
ML-KEM-1024,decap,460,30442,81770
ML-KEM-1024,decap,461,30194,81106
ML-KEM-1024,decap,462,30435,81754
ML-KEM-1024,decap,463,30261,81284
ML-KEM-1024,decap,464,30140,80960
ML-KEM-1024,decap,465,30605,82208
ML-KEM-1024,decap,466,30425,81726
ML-KEM-1024,decap,467,30501,81934
ML-KEM-1024,decap,468,30669,82382
ML-KEM-1024,decap,469,30411,81690
ML-KEM-1024,decap,470,30172,81050
ML-KEM-1024,decap,471,30341,81502
ML-KEM-1024,decap,472,30133,80942
ML-KEM-1024,decap,473,30306,81408
ML-KEM-1024,decap,474,30169,81040
ML-KEM-1024,decap,475,30375,81594
ML-KEM-1024,decap,476,29979,80528
ML-KEM-1024,decap,477,30178,81062
ML-KEM-1024,decap,478,30279,81334
ML-KEM-1024,decap,479,31330,84158
ML-KEM-1024,decap,480,30405,81674
ML-KEM-1024,decap,481,30161,81018
ML-KEM-1024,decap,482,30246,81246
ML-KEM-1024,decap,483,30246,81244
ML-KEM-1024,decap,484,30134,80946
ML-KEM-1024,decap,485,30505,81946
ML-KEM-1024,decap,486,30468,81844
ML-KEM-1024,decap,487,30709,82494
ML-KEM-1024,decap,488,30354,81534
ML-KEM-1024,decap,489,30354,81538
ML-KEM-1024,decap,490,30306,81408
ML-KEM-1024,decap,491,30300,81390
ML-KEM-1024,decap,492,30358,81550
ML-KEM-1024,decap,493,30215,81166
ML-KEM-1024,decap,494,30321,81450
ML-KEM-1024,decap,495,30616,82242
ML-KEM-1024,decap,496,30341,81502
ML-KEM-1024,decap,497,30338,81494
ML-KEM-1024,decap,498,30273,81318
ML-KEM-1024,decap,499,30261,81290
ML-KEM-1024,decap,500,30160,81016
ML-KEM-1024,decap,501,30269,81306
ML-KEM-1024,decap,502,30605,82212
ML-KEM-1024,decap,503,30122,80912
ML-KEM-1024,decap,504,30433,81750
ML-KEM-1024,decap,505,30365,81566
ML-KEM-1024,decap,506,30548,82060
ML-KEM-1024,decap,507,30538,82034
ML-KEM-1024,decap,508,30147,80980
ML-KEM-1024,decap,509,30489,81872
ML-KEM-1024,decap,510,30244,81238
ML-KEM-1024,decap,511,31512,84650
ML-KEM-1024,decap,512,30306,81408
ML-KEM-1024,decap,513,30246,81248
ML-KEM-1024,decap,514,30267,81302
ML-KEM-1024,decap,515,30410,81686
ML-KEM-1024,decap,516,30373,81584
ML-KEM-1024,decap,517,30431,81744
ML-KEM-1024,decap,518,30421,81716
ML-KEM-1024,decap,519,30253,81266
ML-KEM-1024,decap,520,30372,81586
ML-KEM-1024,decap,521,30226,81188
ML-KEM-1024,decap,522,30389,81632
ML-KEM-1024,decap,523,30291,81368
ML-KEM-1024,decap,524,30272,81320
ML-KEM-1024,decap,525,30017,80632
ML-KEM-1024,decap,526,30434,81754
ML-KEM-1024,decap,527,30233,81212
ML-KEM-1024,decap,528,30351,81528
ML-KEM-1024,decap,529,30324,81456
ML-KEM-1024,decap,530,30428,81738
ML-KEM-1024,decap,531,30071,80772
ML-KEM-1024,decap,532,30379,81600
ML-KEM-1024,decap,533,30186,81084
ML-KEM-1024,decap,534,30275,81322
ML-KEM-1024,decap,535,30249,81254
ML-KEM-1024,decap,536,30219,81170
ML-KEM-1024,decap,537,30213,81156
ML-KEM-1024,decap,538,30225,81192
ML-KEM-1024,decap,539,30340,81498
ML-KEM-1024,decap,540,30194,81106
ML-KEM-1024,decap,541,30460,81820
ML-KEM-1024,decap,542,30473,81858
ML-KEM-1024,decap,543,30284,81348
ML-KEM-1024,decap,544,31208,83834
ML-KEM-1024,decap,545,30178,81068
ML-KEM-1024,decap,546,30233,81208
ML-KEM-1024,decap,547,30081,80800
ML-KEM-1024,decap,548,30288,81360
ML-KEM-1024,decap,549,30245,81244
ML-KEM-1024,decap,550,30424,81722
ML-KEM-1024,decap,551,30294,81372
ML-KEM-1024,decap,552,30238,81224
ML-KEM-1024,decap,553,30706,82482
ML-KEM-1024,decap,554,30294,81376
ML-KEM-1024,decap,555,30053,80730
ML-KEM-1024,decap,556,29977,80522
ML-KEM-1024,decap,557,30365,81562
ML-KEM-1024,decap,558,30106,80868
ML-KEM-1024,decap,559,30387,81622
ML-KEM-1024,decap,560,30002,80590
ML-KEM-1024,decap,561,30441,81768
ML-KEM-1024,decap,562,30572,82120
ML-KEM-1024,decap,563,30323,81454
ML-KEM-1024,decap,564,30234,81212
ML-KEM-1024,decap,565,30346,81514
ML-KEM-1024,decap,566,30394,81644
ML-KEM-1024,decap,567,30389,81630
ML-KEM-1024,decap,568,30121,80912
ML-KEM-1024,decap,569,30455,81808
ML-KEM-1024,decap,570,30400,81658
ML-KEM-1024,decap,571,30312,81418
ML-KEM-1024,decap,572,30628,82274
ML-KEM-1024,decap,573,30248,81252
ML-KEM-1024,decap,574,30324,81458
ML-KEM-1024,decap,575,30198,81118
ML-KEM-1024,decap,576,30216,81164
ML-KEM-1024,decap,577,31226,83878
ML-KEM-1024,decap,578,30194,81108
ML-KEM-1024,decap,579,30216,81166
ML-KEM-1024,decap,580,30357,81546
ML-KEM-1024,decap,581,30352,81534
ML-KEM-1024,decap,582,30361,81552
ML-KEM-1024,decap,583,30325,81460
ML-KEM-1024,decap,584,30299,81386
ML-KEM-1024,decap,585,30416,81704
ML-KEM-1024,decap,586,30303,81398
ML-KEM-1024,decap,587,30370,81582
ML-KEM-1024,decap,588,30238,81224
ML-KEM-1024,decap,589,30261,81286
ML-KEM-1024,decap,590,30387,81626
ML-KEM-1024,decap,591,30379,81604
ML-KEM-1024,decap,592,30427,81734
ML-KEM-1024,decap,593,30362,81558
ML-KEM-1024,decap,594,30122,80912
ML-KEM-1024,decap,595,30417,81706
ML-KEM-1024,decap,596,30343,81508
ML-KEM-1024,decap,597,30317,81440
ML-KEM-1024,decap,598,30342,81504
ML-KEM-1024,decap,599,30145,80974
ML-KEM-1024,decap,600,30082,80802
ML-KEM-1024,decap,601,30391,81636
ML-KEM-1024,decap,602,30476,81834
ML-KEM-1024,decap,603,30217,81136
ML-KEM-1024,decap,604,30052,80722
ML-KEM-1024,decap,605,30014,80622
ML-KEM-1024,decap,606,30140,80958
ML-KEM-1024,decap,607,30161,81018
ML-KEM-1024,decap,608,30271,81308
ML-KEM-1024,decap,609,31732,85238
ML-KEM-1024,decap,610,30532,82018
ML-KEM-1024,decap,611,30266,81300
ML-KEM-1024,decap,612,30309,81416
ML-KEM-1024,decap,613,30281,81340
ML-KEM-1024,decap,614,30448,81788
ML-KEM-1024,decap,615,30273,81320
ML-KEM-1024,decap,616,30154,81002
ML-KEM-1024,decap,617,30370,81580
ML-KEM-1024,decap,618,30201,81120
ML-KEM-1024,decap,619,30183,81078
ML-KEM-1024,decap,620,30578,82134
ML-KEM-1024,decap,621,30188,81088
ML-KEM-1024,decap,622,30155,80996
ML-KEM-1024,decap,623,30211,81148
ML-KEM-1024,decap,624,30287,81354
ML-KEM-1024,decap,625,30119,80908
ML-KEM-1024,decap,626,30207,81134
ML-KEM-1024,decap,627,30286,81350
ML-KEM-1024,decap,628,30371,81578
ML-KEM-1024,decap,629,30460,81794
ML-KEM-1024,decap,630,30271,81306
ML-KEM-1024,decap,631,30246,81246
ML-KEM-1024,decap,632,30216,81164
ML-KEM-1024,decap,633,30322,81448
ML-KEM-1024,decap,634,30305,81398
ML-KEM-1024,decap,635,30262,81290
ML-KEM-1024,decap,636,30546,82050
ML-KEM-1024,decap,637,30729,82538
ML-KEM-1024,decap,638,30309,81414
ML-KEM-1024,decap,639,30414,81698
ML-KEM-1024,decap,640,30270,81314
ML-KEM-1024,decap,641,30556,82080
ML-KEM-1024,decap,642,31697,85146
ML-KEM-1024,decap,643,30510,81954
ML-KEM-1024,decap,644,30348,81518
ML-KEM-1024,decap,645,30384,81614
ML-KEM-1024,decap,646,30288,81360
ML-KEM-1024,decap,647,30526,81998
ML-KEM-1024,decap,648,30314,81428
ML-KEM-1024,decap,649,30307,81410
ML-KEM-1024,decap,650,30387,81626
ML-KEM-1024,decap,651,30484,81880
ML-KEM-1024,decap,652,30096,80838
ML-KEM-1024,decap,653,30214,81158
ML-KEM-1024,decap,654,30384,81610
ML-KEM-1024,decap,655,30340,81502
ML-KEM-1024,decap,656,30468,81838
ML-KEM-1024,decap,657,30187,81088
ML-KEM-1024,decap,658,30243,81234
ML-KEM-1024,decap,659,30326,81458
ML-KEM-1024,decap,660,30646,82318
ML-KEM-1024,decap,661,30251,81256
ML-KEM-1024,decap,662,30227,81196
ML-KEM-1024,decap,663,30213,81156
ML-KEM-1024,decap,664,30379,81600
ML-KEM-1024,decap,665,30483,81884
ML-KEM-1024,decap,666,30338,81494
ML-KEM-1024,decap,667,30453,81800
ML-KEM-1024,decap,668,30639,82278
ML-KEM-1024,decap,669,30561,82092
ML-KEM-1024,decap,670,30521,81986
ML-KEM-1024,decap,671,30411,81690
ML-KEM-1024,decap,672,30440,81764
ML-KEM-1024,decap,673,30457,81808
ML-KEM-1024,decap,674,31577,84824
ML-KEM-1024,decap,675,30464,81832
ML-KEM-1024,decap,676,30327,81462
ML-KEM-1024,decap,677,30455,81810
ML-KEM-1024,decap,678,30423,81720
ML-KEM-1024,decap,679,30129,80932
ML-KEM-1024,decap,680,29987,80550
ML-KEM-1024,decap,681,30266,81298
ML-KEM-1024,decap,682,30300,81392
ML-KEM-1024,decap,683,30329,81470
ML-KEM-1024,decap,684,30164,81028
ML-KEM-1024,decap,685,30154,81000
ML-KEM-1024,decap,686,30295,81378
ML-KEM-1024,decap,687,30257,81274
ML-KEM-1024,decap,688,30258,81278
ML-KEM-1024,decap,689,30598,82196
ML-KEM-1024,decap,690,30253,81264
ML-KEM-1024,decap,691,30169,81038
ML-KEM-1024,decap,692,30477,81866
ML-KEM-1024,decap,693,30222,81184
ML-KEM-1024,decap,694,30307,81408
ML-KEM-1024,decap,695,30353,81532
ML-KEM-1024,decap,696,30137,80950
ML-KEM-1024,decap,697,30241,81234
ML-KEM-1024,decap,698,30222,81180
ML-KEM-1024,decap,699,30427,81732
ML-KEM-1024,decap,700,30128,80926
ML-KEM-1024,decap,701,30278,81330
ML-KEM-1024,decap,702,30392,81638
ML-KEM-1024,decap,703,30088,80816
ML-KEM-1024,decap,704,30111,80880
ML-KEM-1024,decap,705,30243,81236
ML-KEM-1024,decap,706,30502,81934
ML-KEM-1024,decap,707,31397,84334
ML-KEM-1024,decap,708,30477,81866
ML-KEM-1024,decap,709,30460,81822
ML-KEM-1024,decap,710,30424,81728
ML-KEM-1024,decap,711,30110,80880
ML-KEM-1024,decap,712,30191,81100
ML-KEM-1024,decap,713,30328,81472
ML-KEM-1024,decap,714,30353,81532
ML-KEM-1024,decap,715,30369,81576
ML-KEM-1024,decap,716,30355,81540
ML-KEM-1024,decap,717,30213,81158
ML-KEM-1024,decap,718,30346,81514
ML-KEM-1024,decap,719,30377,81594
ML-KEM-1024,decap,720,30258,81278
ML-KEM-1024,decap,721,30671,82392
ML-KEM-1024,decap,722,30278,81308
ML-KEM-1024,decap,723,30355,81502
ML-KEM-1024,decap,724,30389,81598
ML-KEM-1024,decap,725,30410,81684
ML-KEM-1024,decap,726,30210,81146
ML-KEM-1024,decap,727,30373,81590
ML-KEM-1024,decap,728,30501,81930
ML-KEM-1024,decap,729,30432,81744
ML-KEM-1024,decap,730,30462,81828
ML-KEM-1024,decap,731,30308,81410
ML-KEM-1024,decap,732,30229,81202
ML-KEM-1024,decap,733,30298,81382
ML-KEM-1024,decap,734,30457,81816
ML-KEM-1024,decap,735,30614,82234
ML-KEM-1024,decap,736,30141,80962
ML-KEM-1024,decap,737,30331,81474
ML-KEM-1024,decap,738,30088,80820
ML-KEM-1024,decap,739,31398,84340
ML-KEM-1024,decap,740,30693,82448
ML-KEM-1024,decap,741,30443,81778
ML-KEM-1024,decap,742,30247,81248
ML-KEM-1024,decap,743,30350,81526
ML-KEM-1024,decap,744,30264,81292
ML-KEM-1024,decap,745,30305,81402
ML-KEM-1024,decap,746,30456,81810
ML-KEM-1024,decap,747,30501,81926
ML-KEM-1024,decap,748,30533,82020
ML-KEM-1024,decap,749,30366,81562
ML-KEM-1024,decap,750,30365,81568
ML-KEM-1024,decap,751,30342,81508
ML-KEM-1024,decap,752,30322,81448
ML-KEM-1024,decap,753,30495,81912
ML-KEM-1024,decap,754,30169,81036
ML-KEM-1024,decap,755,30323,81450
ML-KEM-1024,decap,756,30383,81616
ML-KEM-1024,decap,757,30416,81698
ML-KEM-1024,decap,758,30396,81650
ML-KEM-1024,decap,759,30204,81130
ML-KEM-1024,decap,760,30380,81604
ML-KEM-1024,decap,761,30353,81496
ML-KEM-1024,decap,762,30427,81704
ML-KEM-1024,decap,763,30253,81262
ML-KEM-1024,decap,764,30261,81286
ML-KEM-1024,decap,765,30186,81080
ML-KEM-1024,decap,766,30316,81434
ML-KEM-1024,decap,767,30469,81844
ML-KEM-1024,decap,768,30311,81414
ML-KEM-1024,decap,769,30293,81374
ML-KEM-1024,decap,770,30545,82016
ML-KEM-1024,decap,771,30232,81210
ML-KEM-1024,decap,772,31372,84272
ML-KEM-1024,decap,773,30287,81358
ML-KEM-1024,decap,774,30299,81388
ML-KEM-1024,decap,775,30419,81712
ML-KEM-1024,decap,776,30365,81528
ML-KEM-1024,decap,777,30337,81492
ML-KEM-1024,decap,778,30390,81634
ML-KEM-1024,decap,779,30227,81196
ML-KEM-1024,decap,780,30315,81430
ML-KEM-1024,decap,781,30107,80872
ML-KEM-1024,decap,782,30207,81144
ML-KEM-1024,decap,783,30335,81482
ML-KEM-1024,decap,784,30079,80798
ML-KEM-1024,decap,785,30371,81582
ML-KEM-1024,decap,786,30190,81096
ML-KEM-1024,decap,787,30335,81484
ML-KEM-1024,decap,788,30398,81656
ML-KEM-1024,decap,789,30319,81436
ML-KEM-1024,decap,790,30415,81700
ML-KEM-1024,decap,791,30241,81228
ML-KEM-1024,decap,792,30295,81380
ML-KEM-1024,decap,793,30288,81352
ML-KEM-1024,decap,794,30177,81058
ML-KEM-1024,decap,795,30324,81450
ML-KEM-1024,decap,796,30124,80920
ML-KEM-1024,decap,797,30253,81266
ML-KEM-1024,decap,798,30261,81286
ML-KEM-1024,decap,799,30189,81090
ML-KEM-1024,decap,800,30333,81482
ML-KEM-1024,decap,801,30227,81194
ML-KEM-1024,decap,802,30234,81216
ML-KEM-1024,decap,803,30482,81878
ML-KEM-1024,decap,804,31584,84844
ML-KEM-1024,decap,805,30717,82514
ML-KEM-1024,decap,806,30282,81338
ML-KEM-1024,decap,807,30271,81312
ML-KEM-1024,decap,808,30282,81316
ML-KEM-1024,decap,809,30156,81002
ML-KEM-1024,decap,810,30163,81024
ML-KEM-1024,decap,811,30374,81588
ML-KEM-1024,decap,812,30319,81440
ML-KEM-1024,decap,813,30522,81990
ML-KEM-1024,decap,814,30429,81740
ML-KEM-1024,decap,815,30301,81392
ML-KEM-1024,decap,816,30549,82058
ML-KEM-1024,decap,817,30537,82028
ML-KEM-1024,decap,818,30335,81478
ML-KEM-1024,decap,819,30493,81910
ML-KEM-1024,decap,820,30148,80976
ML-KEM-1024,decap,821,30388,81626
ML-KEM-1024,decap,822,30348,81522
ML-KEM-1024,decap,823,30470,81848
ML-KEM-1024,decap,824,30206,81136
ML-KEM-1024,decap,825,30166,81032
ML-KEM-1024,decap,826,30410,81686
ML-KEM-1024,decap,827,30211,81150
ML-KEM-1024,decap,828,30331,81470
ML-KEM-1024,decap,829,30154,81000
ML-KEM-1024,decap,830,30249,81248
ML-KEM-1024,decap,831,30497,81918
ML-KEM-1024,decap,832,30423,81718
ML-KEM-1024,decap,833,30145,80976
ML-KEM-1024,decap,834,30221,81176
ML-KEM-1024,decap,835,30149,80982
ML-KEM-1024,decap,836,30398,81650
ML-KEM-1024,decap,837,31555,84728
ML-KEM-1024,decap,838,30340,81500
ML-KEM-1024,decap,839,30452,81800
ML-KEM-1024,decap,840,30152,80992
ML-KEM-1024,decap,841,30350,81500
ML-KEM-1024,decap,842,30635,82292
ML-KEM-1024,decap,843,30298,81392
ML-KEM-1024,decap,844,30266,81300
ML-KEM-1024,decap,845,30227,81192
ML-KEM-1024,decap,846,30060,80744
ML-KEM-1024,decap,847,30252,81264
ML-KEM-1024,decap,848,30371,81576
ML-KEM-1024,decap,849,30399,81656
ML-KEM-1024,decap,850,29999,80582
ML-KEM-1024,decap,851,30278,81328
ML-KEM-1024,decap,852,30573,82122
ML-KEM-1024,decap,853,30223,81184
ML-KEM-1024,decap,854,30200,81118
ML-KEM-1024,decap,855,30575,82128
ML-KEM-1024,decap,856,30537,82026
ML-KEM-1024,decap,857,30283,81340
ML-KEM-1024,decap,858,30484,81888
ML-KEM-1024,decap,859,30364,81564
ML-KEM-1024,decap,860,30363,81562
ML-KEM-1024,decap,861,30257,81270
ML-KEM-1024,decap,862,30209,81144
ML-KEM-1024,decap,863,30346,81514
ML-KEM-1024,decap,864,30430,81742
ML-KEM-1024,decap,865,30379,81600
ML-KEM-1024,decap,866,30192,81102
ML-KEM-1024,decap,867,30201,81120
ML-KEM-1024,decap,868,30104,80862
ML-KEM-1024,decap,869,31351,84216
ML-KEM-1024,decap,870,30469,81846
ML-KEM-1024,decap,871,30501,81928
ML-KEM-1024,decap,872,30473,81854
ML-KEM-1024,decap,873,30264,81298
ML-KEM-1024,decap,874,30231,81202
ML-KEM-1024,decap,875,30195,81108
ML-KEM-1024,decap,876,30419,81716
ML-KEM-1024,decap,877,30212,81156
ML-KEM-1024,decap,878,30285,81344
ML-KEM-1024,decap,879,30245,81246
ML-KEM-1024,decap,880,30329,81472
ML-KEM-1024,decap,881,30164,81024
ML-KEM-1024,decap,882,30221,81174
ML-KEM-1024,decap,883,30187,81088
ML-KEM-1024,decap,884,30292,81364
ML-KEM-1024,decap,885,30329,81468
ML-KEM-1024,decap,886,30271,81310
ML-KEM-1024,decap,887,30279,81338
ML-KEM-1024,decap,888,30297,81380
ML-KEM-1024,decap,889,30315,81436
ML-KEM-1024,decap,890,30257,81274
ML-KEM-1024,decap,891,30454,81802
ML-KEM-1024,decap,892,30417,81706
ML-KEM-1024,decap,893,30284,81342
ML-KEM-1024,decap,894,30505,81940
ML-KEM-1024,decap,895,30293,81372
ML-KEM-1024,decap,896,30204,81128
ML-KEM-1024,decap,897,30301,81394
ML-KEM-1024,decap,898,30565,82106
ML-KEM-1024,decap,899,30224,81182
ML-KEM-1024,decap,900,30303,81402
ML-KEM-1024,decap,901,30343,81504
ML-KEM-1024,decap,902,31316,84124
ML-KEM-1024,decap,903,30184,81076
ML-KEM-1024,decap,904,30547,82054
ML-KEM-1024,decap,905,30280,81330
ML-KEM-1024,decap,906,30153,80996
ML-KEM-1024,decap,907,30146,80974
ML-KEM-1024,decap,908,30405,81676
ML-KEM-1024,decap,909,30276,81328
ML-KEM-1024,decap,910,30385,81622
ML-KEM-1024,decap,911,30257,81276
ML-KEM-1024,decap,912,30323,81456
ML-KEM-1024,decap,913,30734,82560
ML-KEM-1024,decap,914,30330,81470
ML-KEM-1024,decap,915,30401,81662
ML-KEM-1024,decap,916,30399,81654
ML-KEM-1024,decap,917,30617,82240
ML-KEM-1024,decap,918,30342,81498
ML-KEM-1024,decap,919,30296,81378
ML-KEM-1024,decap,920,30349,81528
ML-KEM-1024,decap,921,30374,81590
ML-KEM-1024,decap,922,30273,81320
ML-KEM-1024,decap,923,30206,81132
ML-KEM-1024,decap,924,30205,81138
ML-KEM-1024,decap,925,30243,81236
ML-KEM-1024,decap,926,30345,81514
ML-KEM-1024,decap,927,30245,81244
ML-KEM-1024,decap,928,30313,81426
ML-KEM-1024,decap,929,30461,81820
ML-KEM-1024,decap,930,30186,81082
ML-KEM-1024,decap,931,30314,81430
ML-KEM-1024,decap,932,29974,80514
ML-KEM-1024,decap,933,30144,80970
ML-KEM-1024,decap,934,31311,84110
ML-KEM-1024,decap,935,30516,81946
ML-KEM-1024,decap,936,30522,81986
ML-KEM-1024,decap,937,30191,81102
ML-KEM-1024,decap,938,30403,81664
ML-KEM-1024,decap,939,30395,81646
ML-KEM-1024,decap,940,30155,81004
ML-KEM-1024,decap,941,30312,81426
ML-KEM-1024,decap,942,30199,81124
ML-KEM-1024,decap,943,30437,81760
ML-KEM-1024,decap,944,30433,81744
ML-KEM-1024,decap,945,30253,81264
ML-KEM-1024,decap,946,30305,81402
ML-KEM-1024,decap,947,30196,81108
ML-KEM-1024,decap,948,30399,81656
ML-KEM-1024,decap,949,30126,80922
ML-KEM-1024,decap,950,30094,80840
ML-KEM-1024,decap,951,30118,80902
ML-KEM-1024,decap,952,30413,81658
ML-KEM-1024,decap,953,30172,81024
ML-KEM-1024,decap,954,30474,81836
ML-KEM-1024,decap,955,30341,81502
ML-KEM-1024,decap,956,30294,81374
ML-KEM-1024,decap,957,30328,81468
ML-KEM-1024,decap,958,30566,82082
ML-KEM-1024,decap,959,30540,82032
ML-KEM-1024,decap,960,30270,81312
ML-KEM-1024,decap,961,30393,81642
ML-KEM-1024,decap,962,30520,81982
ML-KEM-1024,decap,963,30370,81582
ML-KEM-1024,decap,964,30559,82056
ML-KEM-1024,decap,965,30277,81330
ML-KEM-1024,decap,966,30233,81208
ML-KEM-1024,decap,967,33191,89164
ML-KEM-1024,decap,968,30366,81570
ML-KEM-1024,decap,969,30445,81784
ML-KEM-1024,decap,970,30241,81230
ML-KEM-1024,decap,971,30230,81202
ML-KEM-1024,decap,972,30286,81356
ML-KEM-1024,decap,973,30291,81372
ML-KEM-1024,decap,974,30301,81396
ML-KEM-1024,decap,975,30255,81270
ML-KEM-1024,decap,976,30248,81250
ML-KEM-1024,decap,977,30330,81470
ML-KEM-1024,decap,978,30273,81318
ML-KEM-1024,decap,979,30379,81604
ML-KEM-1024,decap,980,30344,81508
ML-KEM-1024,decap,981,30103,80860
ML-KEM-1024,decap,982,30298,81390
ML-KEM-1024,decap,983,30314,81430
ML-KEM-1024,decap,984,30213,81126
ML-KEM-1024,decap,985,30322,81416
ML-KEM-1024,decap,986,30638,82264
ML-KEM-1024,decap,987,30473,81850
ML-KEM-1024,decap,988,30438,81762
ML-KEM-1024,decap,989,30355,81534
ML-KEM-1024,decap,990,30272,81316
ML-KEM-1024,decap,991,30338,81490
ML-KEM-1024,decap,992,30166,81034
ML-KEM-1024,decap,993,30180,81064
ML-KEM-1024,decap,994,30309,81414
ML-KEM-1024,decap,995,30007,80600
ML-KEM-1024,decap,996,29950,80412
ML-KEM-1024,decap,997,30378,81572
ML-KEM-1024,decap,998,30140,80958
ML-KEM-1024,decap,999,31506,84630
