algo,op,iter,wall_ns,cycles
ML-DSA-65,keygen,0,784722,42365
ML-DSA-65,keygen,1,750649,40527
ML-DSA-65,keygen,2,744352,40187
ML-DSA-65,keygen,3,744166,40177
ML-DSA-65,keygen,4,745833,40267
ML-DSA-65,keygen,5,746926,40326
ML-DSA-65,keygen,6,757222,40881
ML-DSA-65,keygen,7,746685,40313
ML-DSA-65,keygen,8,744852,40215
ML-DSA-65,keygen,9,744797,40212
ML-DSA-65,keygen,10,744592,40200
ML-DSA-65,keygen,11,755944,40812
ML-DSA-65,keygen,12,744167,40177
ML-DSA-65,keygen,13,745055,40225
ML-DSA-65,keygen,14,745278,40237
ML-DSA-65,keygen,15,743907,40162
ML-DSA-65,keygen,16,755408,40783
ML-DSA-65,keygen,17,745445,40247
ML-DSA-65,keygen,18,743500,40142
ML-DSA-65,keygen,19,744982,40221
ML-DSA-65,keygen,20,743741,40155
ML-DSA-65,keygen,21,745167,40232
ML-DSA-65,keygen,22,756630,40849
ML-DSA-65,keygen,23,745278,40238
ML-DSA-65,keygen,24,743703,40152
ML-DSA-65,keygen,25,744037,40169
ML-DSA-65,keygen,26,742852,40107
ML-DSA-65,keygen,27,756741,40857
ML-DSA-65,keygen,28,745759,40262
ML-DSA-65,keygen,29,746241,40290
ML-DSA-65,keygen,30,744130,40175
ML-DSA-65,keygen,31,744092,40173
ML-DSA-65,keygen,32,754630,40742
ML-DSA-65,keygen,33,744630,40203
ML-DSA-65,keygen,34,745407,40245
ML-DSA-65,keygen,35,744334,40187
ML-DSA-65,keygen,36,744574,40199
ML-DSA-65,keygen,37,744315,40185
ML-DSA-65,keygen,38,754037,40710
ML-DSA-65,keygen,39,745463,40247
ML-DSA-65,keygen,40,743870,40162
ML-DSA-65,keygen,41,745074,40226
ML-DSA-65,keygen,42,744481,40194
ML-DSA-65,keygen,43,757074,40874
ML-DSA-65,keygen,44,744408,40190
ML-DSA-65,keygen,45,743092,40119
ML-DSA-65,keygen,46,743334,40132
ML-DSA-65,keygen,47,744074,40172
ML-DSA-65,keygen,48,761686,41123
ML-DSA-65,keygen,49,745611,40255
ML-DSA-65,keygen,50,745648,40257
ML-DSA-65,keygen,51,744815,40212
ML-DSA-65,keygen,52,743703,40153
ML-DSA-65,keygen,53,743981,40168
ML-DSA-65,keygen,54,755148,40770
ML-DSA-65,keygen,55,746352,40295
ML-DSA-65,keygen,56,745185,40232
ML-DSA-65,keygen,57,744352,40188
ML-DSA-65,keygen,58,744408,40190
ML-DSA-65,keygen,59,754629,40741
ML-DSA-65,keygen,60,745685,40260
ML-DSA-65,keygen,61,744203,40179
ML-DSA-65,keygen,62,744074,40173
ML-DSA-65,keygen,63,743833,40159
ML-DSA-65,keygen,64,754463,40733
ML-DSA-65,keygen,65,744741,40207
ML-DSA-65,keygen,66,743963,40167
ML-DSA-65,keygen,67,743037,40116
ML-DSA-65,keygen,68,744037,40170
ML-DSA-65,keygen,69,745278,40238
ML-DSA-65,keygen,70,755019,40763
ML-DSA-65,keygen,71,744704,40206
ML-DSA-65,keygen,72,744537,40198
ML-DSA-65,keygen,73,744945,40219
ML-DSA-65,keygen,74,745666,40259
ML-DSA-65,keygen,75,754759,40749
ML-DSA-65,keygen,76,744260,40182
ML-DSA-65,keygen,77,744112,40174
ML-DSA-65,keygen,78,743703,40152
ML-DSA-65,keygen,79,745796,40265
ML-DSA-65,keygen,80,754778,40750
ML-DSA-65,keygen,81,745889,40270
ML-DSA-65,keygen,82,743759,40154
ML-DSA-65,keygen,83,743240,40126
ML-DSA-65,keygen,84,745222,40234
ML-DSA-65,keygen,85,745351,40242
ML-DSA-65,keygen,86,755352,40781
ML-DSA-65,keygen,87,745814,40267
ML-DSA-65,keygen,88,743556,40144
ML-DSA-65,keygen,89,743667,40151
ML-DSA-65,keygen,90,745074,40227
ML-DSA-65,keygen,91,755185,40773
ML-DSA-65,keygen,92,745722,40261
ML-DSA-65,keygen,93,745241,40235
ML-DSA-65,keygen,94,746574,40308
ML-DSA-65,keygen,95,744314,40184
ML-DSA-65,keygen,96,761111,41093
ML-DSA-65,keygen,97,744519,40197
ML-DSA-65,keygen,98,745908,40271
ML-DSA-65,keygen,99,745259,40237
ML-DSA-65,keygen,100,745352,40241
ML-DSA-65,keygen,101,743648,40149
ML-DSA-65,keygen,102,756852,40861
ML-DSA-65,keygen,103,745667,40259
ML-DSA-65,keygen,104,744426,40191
ML-DSA-65,keygen,105,746704,40314
ML-DSA-65,keygen,106,744981,40222
ML-DSA-65,keygen,107,755333,40780
ML-DSA-65,keygen,108,746907,40325
ML-DSA-65,keygen,109,743352,40133
ML-DSA-65,keygen,110,745389,40243
ML-DSA-65,keygen,111,744481,40195
ML-DSA-65,keygen,112,754370,40727
ML-DSA-65,keygen,113,745278,40238
ML-DSA-65,keygen,114,745722,40262
ML-DSA-65,keygen,115,743926,40164
ML-DSA-65,keygen,116,745093,40228
ML-DSA-65,keygen,117,745537,40252
ML-DSA-65,keygen,118,755426,40784
ML-DSA-65,keygen,119,742666,40097
ML-DSA-65,keygen,120,746037,40278
ML-DSA-65,keygen,121,744722,40208
ML-DSA-65,keygen,122,744593,40201
ML-DSA-65,keygen,123,761481,41113
ML-DSA-65,keygen,124,744371,40189
ML-DSA-65,keygen,125,744723,40206
ML-DSA-65,keygen,126,745759,40264
ML-DSA-65,keygen,127,744889,40216
ML-DSA-65,keygen,128,754185,40717
ML-DSA-65,keygen,129,745296,40239
ML-DSA-65,keygen,130,744204,40179
ML-DSA-65,keygen,131,745037,40223
ML-DSA-65,keygen,132,743055,40117
ML-DSA-65,keygen,133,744463,40194
ML-DSA-65,keygen,134,753167,40663
ML-DSA-65,keygen,135,745130,40230
ML-DSA-65,keygen,136,745111,40229
ML-DSA-65,keygen,137,743703,40151
ML-DSA-65,keygen,138,744075,40172
ML-DSA-65,keygen,139,756019,40817
ML-DSA-65,keygen,140,745704,40260
ML-DSA-65,keygen,141,743074,40118
ML-DSA-65,keygen,142,746000,40277
ML-DSA-65,keygen,143,743833,40159
ML-DSA-65,keygen,144,755612,40795
ML-DSA-65,keygen,145,745056,40225
ML-DSA-65,keygen,146,742945,40112
ML-DSA-65,keygen,147,742852,40106
ML-DSA-65,keygen,148,743592,40147
ML-DSA-65,keygen,149,742852,40107
ML-DSA-65,keygen,150,756722,40854
ML-DSA-65,keygen,151,745408,40245
ML-DSA-65,keygen,152,743333,40132
ML-DSA-65,keygen,153,745260,40235
ML-DSA-65,keygen,154,746556,40306
ML-DSA-65,keygen,155,755370,40782
ML-DSA-65,keygen,156,746611,40308
ML-DSA-65,keygen,157,743426,40137
ML-DSA-65,keygen,158,747018,40331
ML-DSA-65,keygen,159,743741,40155
ML-DSA-65,keygen,160,754907,40757
ML-DSA-65,keygen,161,744333,40186
ML-DSA-65,keygen,162,745648,40257
ML-DSA-65,keygen,163,745556,40251
ML-DSA-65,keygen,164,744148,40175
ML-DSA-65,keygen,165,746148,40285
ML-DSA-65,keygen,166,755797,40805
ML-DSA-65,keygen,167,743630,40149
ML-DSA-65,keygen,168,745370,40243
ML-DSA-65,keygen,169,743259,40127
ML-DSA-65,keygen,170,743166,40122
ML-DSA-65,keygen,171,755926,40812
ML-DSA-65,keygen,172,745166,40231
ML-DSA-65,keygen,173,743833,40159
ML-DSA-65,keygen,174,743056,40117
ML-DSA-65,keygen,175,745240,40235
ML-DSA-65,keygen,176,755852,40808
ML-DSA-65,keygen,177,746297,40292
ML-DSA-65,keygen,178,744685,40205
ML-DSA-65,keygen,179,744741,40209
ML-DSA-65,keygen,180,743815,40158
ML-DSA-65,keygen,181,744037,40171
ML-DSA-65,keygen,182,755982,40815
ML-DSA-65,keygen,183,745944,40273
ML-DSA-65,keygen,184,745481,40247
ML-DSA-65,keygen,185,747908,40379
ML-DSA-65,keygen,186,745056,40226
ML-DSA-65,keygen,187,786556,42464
ML-DSA-65,keygen,188,747907,40380
ML-DSA-65,keygen,189,744908,40218
ML-DSA-65,keygen,190,744611,40201
ML-DSA-65,keygen,191,744426,40192
ML-DSA-65,keygen,192,757408,40892
ML-DSA-65,keygen,193,746870,40324
ML-DSA-65,keygen,194,743722,40153
ML-DSA-65,keygen,195,744686,40206
ML-DSA-65,keygen,196,744648,40203
ML-DSA-65,keygen,197,756740,40855
ML-DSA-65,keygen,198,743889,40161
ML-DSA-65,keygen,199,746759,40317
ML-DSA-65,keygen,200,743315,40131
ML-DSA-65,keygen,201,745370,40242
ML-DSA-65,keygen,202,744944,40218
ML-DSA-65,keygen,203,758500,40952
ML-DSA-65,keygen,204,745611,40256
ML-DSA-65,keygen,205,744093,40172
ML-DSA-65,keygen,206,744093,40173
ML-DSA-65,keygen,207,743852,40160
ML-DSA-65,keygen,208,756760,40856
ML-DSA-65,keygen,209,745056,40226
ML-DSA-65,keygen,210,742759,40102
ML-DSA-65,keygen,211,743111,40120
ML-DSA-65,keygen,212,744000,40169
ML-DSA-65,keygen,213,754537,40736
ML-DSA-65,keygen,214,744333,40185
ML-DSA-65,keygen,215,744444,40193
ML-DSA-65,keygen,216,743278,40129
ML-DSA-65,keygen,217,744777,40210
ML-DSA-65,keygen,218,744722,40208
ML-DSA-65,keygen,219,759963,41029
ML-DSA-65,keygen,220,745093,40228
ML-DSA-65,keygen,221,745112,40229
ML-DSA-65,keygen,222,744019,40170
ML-DSA-65,keygen,223,744574,40198
ML-DSA-65,keygen,224,754833,40753
ML-DSA-65,keygen,225,744871,40215
ML-DSA-65,keygen,226,744482,40194
ML-DSA-65,keygen,227,744389,40190
ML-DSA-65,keygen,228,743778,40157
ML-DSA-65,keygen,229,754833,40752
ML-DSA-65,keygen,230,744944,40219
ML-DSA-65,keygen,231,745018,40223
ML-DSA-65,keygen,232,744278,40184
ML-DSA-65,keygen,233,745889,40270
ML-DSA-65,keygen,234,743926,40164
ML-DSA-65,keygen,235,755241,40775
ML-DSA-65,keygen,236,745148,40230
ML-DSA-65,keygen,237,746815,40320
ML-DSA-65,keygen,238,745241,40234
ML-DSA-65,keygen,239,744407,40191
ML-DSA-65,keygen,240,753019,40654
ML-DSA-65,keygen,241,745519,40251
ML-DSA-65,keygen,242,744167,40178
ML-DSA-65,keygen,243,744352,40188
ML-DSA-65,keygen,244,746945,40326
ML-DSA-65,keygen,245,757741,40911
ML-DSA-65,keygen,246,745055,40225
ML-DSA-65,keygen,247,745370,40243
ML-DSA-65,keygen,248,743797,40157
ML-DSA-65,keygen,249,744333,40185
ML-DSA-65,keygen,250,745130,40228
ML-DSA-65,keygen,251,757074,40873
ML-DSA-65,keygen,252,744278,40183
ML-DSA-65,keygen,253,744778,40210
ML-DSA-65,keygen,254,745759,40262
ML-DSA-65,keygen,255,746370,40297
ML-DSA-65,keygen,256,756648,40851
ML-DSA-65,keygen,257,747019,40331
ML-DSA-65,keygen,258,744852,40215
ML-DSA-65,keygen,259,744426,40192
ML-DSA-65,keygen,260,742760,40101
ML-DSA-65,keygen,261,761166,41095
ML-DSA-65,keygen,262,745741,40263
ML-DSA-65,keygen,263,744519,40196
ML-DSA-65,keygen,264,744759,40210
ML-DSA-65,keygen,265,744574,40200
ML-DSA-65,keygen,266,744093,40174
ML-DSA-65,keygen,267,755037,40765
ML-DSA-65,keygen,268,744778,40210
ML-DSA-65,keygen,269,742352,40080
ML-DSA-65,keygen,270,744592,40201
ML-DSA-65,keygen,271,744185,40178
ML-DSA-65,keygen,272,757574,40901
ML-DSA-65,keygen,273,746500,40302
ML-DSA-65,keygen,274,744352,40188
ML-DSA-65,keygen,275,745944,40274
ML-DSA-65,keygen,276,744703,40207
ML-DSA-65,keygen,277,754166,40717
ML-DSA-65,keygen,278,746278,40292
ML-DSA-65,keygen,279,744222,40181
ML-DSA-65,keygen,280,744426,40192
ML-DSA-65,keygen,281,745778,40264
ML-DSA-65,keygen,282,744556,40199
ML-DSA-65,keygen,283,755277,40777
ML-DSA-65,keygen,284,746815,40320
ML-DSA-65,keygen,285,743018,40115
ML-DSA-65,keygen,286,744778,40210
ML-DSA-65,keygen,287,742685,40096
ML-DSA-65,keygen,288,757000,40869
ML-DSA-65,keygen,289,744482,40194
ML-DSA-65,keygen,290,744055,40171
ML-DSA-65,keygen,291,745167,40232
ML-DSA-65,keygen,292,744852,40214
ML-DSA-65,keygen,293,759204,40989
ML-DSA-65,keygen,294,745926,40273
ML-DSA-65,keygen,295,744334,40186
ML-DSA-65,keygen,296,745074,40226
ML-DSA-65,keygen,297,744260,40182
ML-DSA-65,keygen,298,744703,40205
ML-DSA-65,keygen,299,753574,40685
ML-DSA-65,keygen,300,745185,40232
ML-DSA-65,keygen,301,742556,40090
ML-DSA-65,keygen,302,744148,40177
ML-DSA-65,keygen,303,743889,40161
ML-DSA-65,keygen,304,754815,40752
ML-DSA-65,keygen,305,743963,40166
ML-DSA-65,keygen,306,743852,40160
ML-DSA-65,keygen,307,744963,40221
ML-DSA-65,keygen,308,745056,40225
ML-DSA-65,keygen,309,755629,40796
ML-DSA-65,keygen,310,746630,40310
ML-DSA-65,keygen,311,745334,40241
ML-DSA-65,keygen,312,743519,40141
ML-DSA-65,keygen,313,744371,40189
ML-DSA-65,keygen,314,743426,40138
ML-DSA-65,keygen,315,757389,40891
ML-DSA-65,keygen,316,744648,40203
ML-DSA-65,keygen,317,743852,40161
ML-DSA-65,keygen,318,745852,40269
ML-DSA-65,keygen,319,745481,40248
ML-DSA-65,keygen,320,754982,40761
ML-DSA-65,keygen,321,745889,40270
ML-DSA-65,keygen,322,744592,40201
ML-DSA-65,keygen,323,745408,40244
ML-DSA-65,keygen,324,744315,40184
ML-DSA-65,keygen,325,762092,41145
ML-DSA-65,keygen,326,745740,40262
ML-DSA-65,keygen,327,745111,40228
ML-DSA-65,keygen,328,743722,40153
ML-DSA-65,keygen,329,744667,40204
ML-DSA-65,keygen,330,744537,40198
ML-DSA-65,keygen,331,753167,40663
ML-DSA-65,keygen,332,747111,40337
ML-DSA-65,keygen,333,744000,40169
ML-DSA-65,keygen,334,744685,40205
ML-DSA-65,keygen,335,743129,40122
ML-DSA-65,keygen,336,755426,40785
ML-DSA-65,keygen,337,744278,40183
ML-DSA-65,keygen,338,745000,40222
ML-DSA-65,keygen,339,743555,40144
ML-DSA-65,keygen,340,742907,40110
ML-DSA-65,keygen,341,756278,40830
ML-DSA-65,keygen,342,747481,40356
ML-DSA-65,keygen,343,744241,40181
ML-DSA-65,keygen,344,744704,40206
ML-DSA-65,keygen,345,743907,40164
ML-DSA-65,keygen,346,744814,40213
ML-DSA-65,keygen,347,755611,40795
ML-DSA-65,keygen,348,745574,40253
ML-DSA-65,keygen,349,742685,40098
ML-DSA-65,keygen,350,743833,40160
ML-DSA-65,keygen,351,743611,40147
ML-DSA-65,keygen,352,753926,40704
ML-DSA-65,keygen,353,744704,40207
ML-DSA-65,keygen,354,745203,40234
ML-DSA-65,keygen,355,743111,40120
ML-DSA-65,keygen,356,746259,40291
ML-DSA-65,keygen,357,754555,40738
ML-DSA-65,keygen,358,745907,40271
ML-DSA-65,keygen,359,742129,40068
ML-DSA-65,keygen,360,744889,40216
ML-DSA-65,keygen,361,745240,40236
ML-DSA-65,keygen,362,744074,40173
ML-DSA-65,keygen,363,753500,40681
ML-DSA-65,keygen,364,747296,40345
ML-DSA-65,keygen,365,744852,40215
ML-DSA-65,keygen,366,744500,40195
ML-DSA-65,keygen,367,743907,40162
ML-DSA-65,keygen,368,779093,42063
ML-DSA-65,keygen,369,744185,40178
ML-DSA-65,keygen,370,746037,40279
ML-DSA-65,keygen,371,744574,40200
ML-DSA-65,keygen,372,745277,40236
ML-DSA-65,keygen,373,755852,40808
ML-DSA-65,keygen,374,745093,40228
ML-DSA-65,keygen,375,744870,40216
ML-DSA-65,keygen,376,743963,40166
ML-DSA-65,keygen,377,744314,40186
ML-DSA-65,keygen,378,754148,40715
ML-DSA-65,keygen,379,745685,40259
ML-DSA-65,keygen,380,744333,40186
ML-DSA-65,keygen,381,745297,40238
ML-DSA-65,keygen,382,744704,40207
ML-DSA-65,keygen,383,743574,40146
ML-DSA-65,keygen,384,755704,40800
ML-DSA-65,keygen,385,748648,40418
ML-DSA-65,keygen,386,742815,40103
ML-DSA-65,keygen,387,745130,40229
ML-DSA-65,keygen,388,745759,40262
ML-DSA-65,keygen,389,757389,40891
ML-DSA-65,keygen,390,742666,40096
ML-DSA-65,keygen,391,744629,40202
ML-DSA-65,keygen,392,745019,40222
ML-DSA-65,keygen,393,744037,40169
ML-DSA-65,keygen,394,754722,40748
ML-DSA-65,keygen,395,744759,40209
ML-DSA-65,keygen,396,745574,40252
ML-DSA-65,keygen,397,743741,40154
ML-DSA-65,keygen,398,745833,40268
ML-DSA-65,keygen,399,744185,40177
ML-DSA-65,keygen,400,755204,40773
ML-DSA-65,keygen,401,746686,40313
ML-DSA-65,keygen,402,745203,40234
ML-DSA-65,keygen,403,744296,40185
ML-DSA-65,keygen,404,742778,40103
ML-DSA-65,keygen,405,755945,40813
ML-DSA-65,keygen,406,744444,40193
ML-DSA-65,keygen,407,746259,40290
ML-DSA-65,keygen,408,743871,40161
ML-DSA-65,keygen,409,743315,40131
ML-DSA-65,keygen,410,753778,40697
ML-DSA-65,keygen,411,744111,40175
ML-DSA-65,keygen,412,744296,40185
ML-DSA-65,keygen,413,743556,40144
ML-DSA-65,keygen,414,745185,40232
ML-DSA-65,keygen,415,744112,40175
ML-DSA-65,keygen,416,755296,40779
ML-DSA-65,keygen,417,744851,40214
ML-DSA-65,keygen,418,743871,40161
ML-DSA-65,keygen,419,745741,40262
ML-DSA-65,keygen,420,744611,40202
ML-DSA-65,keygen,421,755481,40789
ML-DSA-65,keygen,422,746259,40291
ML-DSA-65,keygen,423,744481,40195
ML-DSA-65,keygen,424,743815,40158
ML-DSA-65,keygen,425,746000,40277
ML-DSA-65,keygen,426,761592,41118
ML-DSA-65,keygen,427,745815,40265
ML-DSA-65,keygen,428,744445,40194
ML-DSA-65,keygen,429,746945,40327
ML-DSA-65,keygen,430,741982,40059
ML-DSA-65,keygen,431,743852,40161
ML-DSA-65,keygen,432,755092,40767
ML-DSA-65,keygen,433,746611,40309
ML-DSA-65,keygen,434,746593,40308
ML-DSA-65,keygen,435,744648,40203
ML-DSA-65,keygen,436,744611,40202
ML-DSA-65,keygen,437,755945,40812
ML-DSA-65,keygen,438,745056,40225
ML-DSA-65,keygen,439,745315,40238
ML-DSA-65,keygen,440,745888,40270
ML-DSA-65,keygen,441,744444,40193
ML-DSA-65,keygen,442,755037,40763
ML-DSA-65,keygen,443,745259,40237
ML-DSA-65,keygen,444,744963,40220
ML-DSA-65,keygen,445,743741,40154
ML-DSA-65,keygen,446,746203,40288
ML-DSA-65,keygen,447,745259,40236
ML-DSA-65,keygen,448,755612,40796
ML-DSA-65,keygen,449,746241,40289
ML-DSA-65,keygen,450,745426,40246
ML-DSA-65,keygen,451,744500,40195
ML-DSA-65,keygen,452,745222,40234
ML-DSA-65,keygen,453,754815,40751
ML-DSA-65,keygen,454,745092,40227
ML-DSA-65,keygen,455,744223,40181
ML-DSA-65,keygen,456,742519,40088
ML-DSA-65,keygen,457,745926,40272
ML-DSA-65,keygen,458,755000,40762
ML-DSA-65,keygen,459,743351,40134
ML-DSA-65,keygen,460,742481,40087
ML-DSA-65,keygen,461,742500,40088
ML-DSA-65,keygen,462,745833,40266
ML-DSA-65,keygen,463,745185,40231
ML-DSA-65,keygen,464,758667,40959
ML-DSA-65,keygen,465,744129,40176
ML-DSA-65,keygen,466,745537,40252
ML-DSA-65,keygen,467,744759,40209
ML-DSA-65,keygen,468,744019,40169
ML-DSA-65,keygen,469,755334,40779
ML-DSA-65,keygen,470,746055,40278
ML-DSA-65,keygen,471,745574,40253
ML-DSA-65,keygen,472,743926,40164
ML-DSA-65,keygen,473,745222,40234
ML-DSA-65,keygen,474,754555,40738
ML-DSA-65,keygen,475,744926,40217
ML-DSA-65,keygen,476,743019,40116
ML-DSA-65,keygen,477,744574,40200
ML-DSA-65,keygen,478,743704,40152
ML-DSA-65,keygen,479,744815,40212
ML-DSA-65,keygen,480,755815,40807
ML-DSA-65,keygen,481,745148,40231
ML-DSA-65,keygen,482,744019,40169
ML-DSA-65,keygen,483,744500,40196
ML-DSA-65,keygen,484,744074,40172
ML-DSA-65,keygen,485,756722,40854
ML-DSA-65,keygen,486,744111,40173
ML-DSA-65,keygen,487,744833,40213
ML-DSA-65,keygen,488,744870,40216
ML-DSA-65,keygen,489,744241,40182
ML-DSA-65,keygen,490,756037,40818
ML-DSA-65,keygen,491,741759,40048
ML-DSA-65,keygen,492,743463,40139
ML-DSA-65,keygen,493,743519,40142
ML-DSA-65,keygen,494,744481,40194
ML-DSA-65,keygen,495,742852,40107
ML-DSA-65,keygen,496,754500,40735
ML-DSA-65,keygen,497,744278,40183
ML-DSA-65,keygen,498,743556,40145
ML-DSA-65,keygen,499,746056,40280
ML-DSA-65,keygen,500,742204,40071
ML-DSA-65,keygen,501,755796,40804
ML-DSA-65,keygen,502,745481,40249
ML-DSA-65,keygen,503,743241,40128
ML-DSA-65,keygen,504,743815,40159
ML-DSA-65,keygen,505,744667,40205
ML-DSA-65,keygen,506,753926,40704
ML-DSA-65,keygen,507,745703,40260
ML-DSA-65,keygen,508,744204,40178
ML-DSA-65,keygen,509,744852,40215
ML-DSA-65,keygen,510,744703,40207
ML-DSA-65,keygen,511,746074,40281
ML-DSA-65,keygen,512,754667,40744
ML-DSA-65,keygen,513,744370,40189
ML-DSA-65,keygen,514,745537,40251
ML-DSA-65,keygen,515,744426,40192
ML-DSA-65,keygen,516,744611,40201
ML-DSA-65,keygen,517,754371,40729
ML-DSA-65,keygen,518,743278,40130
ML-DSA-65,keygen,519,745259,40235
ML-DSA-65,keygen,520,743740,40155
ML-DSA-65,keygen,521,744259,40182
ML-DSA-65,keygen,522,753871,40702
ML-DSA-65,keygen,523,744370,40188
ML-DSA-65,keygen,524,743037,40116
ML-DSA-65,keygen,525,744352,40187
ML-DSA-65,keygen,526,745704,40260
ML-DSA-65,keygen,527,742926,40110
ML-DSA-65,keygen,528,754537,40737
ML-DSA-65,keygen,529,745389,40244
ML-DSA-65,keygen,530,744370,40189
ML-DSA-65,keygen,531,744389,40190
ML-DSA-65,keygen,532,744685,40206
ML-DSA-65,keygen,533,756852,40861
ML-DSA-65,keygen,534,745000,40222
ML-DSA-65,keygen,535,745352,40242
ML-DSA-65,keygen,536,743315,40131
ML-DSA-65,keygen,537,744000,40169
ML-DSA-65,keygen,538,752703,40638
ML-DSA-65,keygen,539,744778,40210
ML-DSA-65,keygen,540,744037,40170
ML-DSA-65,keygen,541,745056,40225
ML-DSA-65,keygen,542,743870,40162
ML-DSA-65,keygen,543,745315,40239
ML-DSA-65,keygen,544,754907,40758
ML-DSA-65,keygen,545,746260,40290
ML-DSA-65,keygen,546,744889,40217
ML-DSA-65,keygen,547,745111,40229
ML-DSA-65,keygen,548,743704,40152
ML-DSA-65,keygen,549,753407,40676
ML-DSA-65,keygen,550,747648,40366
ML-DSA-65,keygen,551,743667,40149
ML-DSA-65,keygen,552,743648,40149
ML-DSA-65,keygen,553,745111,40229
ML-DSA-65,keygen,554,754741,40749
ML-DSA-65,keygen,555,744019,40169
ML-DSA-65,keygen,556,744296,40184
ML-DSA-65,keygen,557,742796,40103
ML-DSA-65,keygen,558,744000,40168
ML-DSA-65,keygen,559,744463,40192
ML-DSA-65,keygen,560,755704,40801
ML-DSA-65,keygen,561,744333,40186
ML-DSA-65,keygen,562,745611,40256
ML-DSA-65,keygen,563,746055,40279
ML-DSA-65,keygen,564,743982,40166
ML-DSA-65,keygen,565,754018,40710
ML-DSA-65,keygen,566,744889,40217
ML-DSA-65,keygen,567,743741,40154
ML-DSA-65,keygen,568,746537,40306
ML-DSA-65,keygen,569,743815,40159
ML-DSA-65,keygen,570,754426,40731
ML-DSA-65,keygen,571,746519,40304
ML-DSA-65,keygen,572,744704,40207
ML-DSA-65,keygen,573,743871,40161
ML-DSA-65,keygen,574,743537,40144
ML-DSA-65,keygen,575,745074,40226
ML-DSA-65,keygen,576,754259,40721
ML-DSA-65,keygen,577,746352,40295
ML-DSA-65,keygen,578,744426,40190
ML-DSA-65,keygen,579,743667,40150
ML-DSA-65,keygen,580,745611,40256
ML-DSA-65,keygen,581,754815,40751
ML-DSA-65,keygen,582,745926,40273
ML-DSA-65,keygen,583,743408,40137
ML-DSA-65,keygen,584,743574,40145
ML-DSA-65,keygen,585,745833,40266
ML-DSA-65,keygen,586,756167,40824
ML-DSA-65,keygen,587,743666,40150
ML-DSA-65,keygen,588,745408,40244
ML-DSA-65,keygen,589,745111,40228
ML-DSA-65,keygen,590,744093,40172
ML-DSA-65,keygen,591,743370,40135
ML-DSA-65,keygen,592,760315,41049
ML-DSA-65,keygen,593,745982,40276
ML-DSA-65,keygen,594,743982,40168
ML-DSA-65,keygen,595,745167,40231
ML-DSA-65,keygen,596,743611,40148
ML-DSA-65,keygen,597,755593,40795
ML-DSA-65,keygen,598,745093,40228
ML-DSA-65,keygen,599,743630,40149
ML-DSA-65,keygen,600,744556,40198
ML-DSA-65,keygen,601,743056,40116
ML-DSA-65,keygen,602,761575,41118
ML-DSA-65,keygen,603,745907,40270
ML-DSA-65,keygen,604,745056,40226
ML-DSA-65,keygen,605,746907,40325
ML-DSA-65,keygen,606,743444,40139
ML-DSA-65,keygen,607,744389,40189
ML-DSA-65,keygen,608,756444,40840
ML-DSA-65,keygen,609,744056,40172
ML-DSA-65,keygen,610,744778,40210
ML-DSA-65,keygen,611,743389,40135
ML-DSA-65,keygen,612,745093,40228
ML-DSA-65,keygen,613,754537,40738
ML-DSA-65,keygen,614,744518,40196
ML-DSA-65,keygen,615,744648,40204
ML-DSA-65,keygen,616,743778,40157
ML-DSA-65,keygen,617,742389,40080
ML-DSA-65,keygen,618,755519,40791
ML-DSA-65,keygen,619,746167,40285
ML-DSA-65,keygen,620,744612,40201
ML-DSA-65,keygen,621,744056,40172
ML-DSA-65,keygen,622,744056,40170
ML-DSA-65,keygen,623,743315,40131
ML-DSA-65,keygen,624,753481,40680
ML-DSA-65,keygen,625,745889,40270
ML-DSA-65,keygen,626,743333,40132
ML-DSA-65,keygen,627,743388,40136
ML-DSA-65,keygen,628,743797,40158
ML-DSA-65,keygen,629,754907,40757
ML-DSA-65,keygen,630,745741,40261
ML-DSA-65,keygen,631,744130,40176
ML-DSA-65,keygen,632,743352,40134
ML-DSA-65,keygen,633,743815,40158
ML-DSA-65,keygen,634,756074,40820
ML-DSA-65,keygen,635,747074,40334
ML-DSA-65,keygen,636,745111,40229
ML-DSA-65,keygen,637,743611,40146
ML-DSA-65,keygen,638,744389,40190
ML-DSA-65,keygen,639,744388,40190
ML-DSA-65,keygen,640,752445,40625
ML-DSA-65,keygen,641,744148,40177
ML-DSA-65,keygen,642,741741,40047
ML-DSA-65,keygen,643,745870,40268
ML-DSA-65,keygen,644,744574,40200
ML-DSA-65,keygen,645,755351,40781
ML-DSA-65,keygen,646,745871,40270
ML-DSA-65,keygen,647,744259,40182
ML-DSA-65,keygen,648,743852,40160
ML-DSA-65,keygen,649,744204,40178
ML-DSA-65,keygen,650,753945,40705
ML-DSA-65,keygen,651,744055,40172
ML-DSA-65,keygen,652,743500,40140
ML-DSA-65,keygen,653,745296,40239
ML-DSA-65,keygen,654,745203,40233
ML-DSA-65,keygen,655,743611,40148
ML-DSA-65,keygen,656,755130,40769
ML-DSA-65,keygen,657,747074,40334
ML-DSA-65,keygen,658,744352,40187
ML-DSA-65,keygen,659,745593,40255
ML-DSA-65,keygen,660,744592,40199
ML-DSA-65,keygen,661,753463,40679
ML-DSA-65,keygen,662,744574,40200
ML-DSA-65,keygen,663,744463,40193
ML-DSA-65,keygen,664,743685,40152
ML-DSA-65,keygen,665,743426,40138
ML-DSA-65,keygen,666,754685,40744
ML-DSA-65,keygen,667,746592,40308
ML-DSA-65,keygen,668,745926,40272
ML-DSA-65,keygen,669,744370,40188
ML-DSA-65,keygen,670,743982,40166
ML-DSA-65,keygen,671,742222,40072
ML-DSA-65,keygen,672,755278,40777
ML-DSA-65,keygen,673,746111,40282
ML-DSA-65,keygen,674,743945,40165
ML-DSA-65,keygen,675,744574,40200
ML-DSA-65,keygen,676,744574,40200
ML-DSA-65,keygen,677,756185,40827
ML-DSA-65,keygen,678,747000,40330
ML-DSA-65,keygen,679,745593,40255
ML-DSA-65,keygen,680,742500,40088
ML-DSA-65,keygen,681,743871,40162
ML-DSA-65,keygen,682,756592,40847
ML-DSA-65,keygen,683,745111,40229
ML-DSA-65,keygen,684,746722,40316
ML-DSA-65,keygen,685,744945,40220
ML-DSA-65,keygen,686,745796,40264
ML-DSA-65,keygen,687,743870,40160
ML-DSA-65,keygen,688,756556,40847
ML-DSA-65,keygen,689,746444,40301
ML-DSA-65,keygen,690,745185,40231
ML-DSA-65,keygen,691,745759,40264
ML-DSA-65,keygen,692,742611,40094
ML-DSA-65,keygen,693,756685,40854
ML-DSA-65,keygen,694,746130,40283
ML-DSA-65,keygen,695,744185,40178
ML-DSA-65,keygen,696,744852,40215
ML-DSA-65,keygen,697,744982,40222
ML-DSA-65,keygen,698,755889,40810
ML-DSA-65,keygen,699,745278,40238
ML-DSA-65,keygen,700,745889,40270
ML-DSA-65,keygen,701,744481,40195
ML-DSA-65,keygen,702,743334,40133
ML-DSA-65,keygen,703,754611,40741
ML-DSA-65,keygen,704,743204,40125
ML-DSA-65,keygen,705,743686,40151
ML-DSA-65,keygen,706,743685,40151
ML-DSA-65,keygen,707,744981,40222
ML-DSA-65,keygen,708,744519,40196
ML-DSA-65,keygen,709,756000,40815
ML-DSA-65,keygen,710,746482,40302
ML-DSA-65,keygen,711,744500,40195
ML-DSA-65,keygen,712,745074,40226
ML-DSA-65,keygen,713,743963,40166
ML-DSA-65,keygen,714,754574,40739
ML-DSA-65,keygen,715,746148,40284
ML-DSA-65,keygen,716,744037,40170
ML-DSA-65,keygen,717,743037,40115
ML-DSA-65,keygen,718,744759,40209
ML-DSA-65,keygen,719,753519,40682
ML-DSA-65,keygen,720,744000,40168
ML-DSA-65,keygen,721,745278,40238
ML-DSA-65,keygen,722,744815,40213
ML-DSA-65,keygen,723,744815,40213
ML-DSA-65,keygen,724,743537,40143
ML-DSA-65,keygen,725,754481,40733
ML-DSA-65,keygen,726,749092,40443
ML-DSA-65,keygen,727,745314,40240
ML-DSA-65,keygen,728,744408,40190
ML-DSA-65,keygen,729,745333,40241
ML-DSA-65,keygen,730,756315,40833
ML-DSA-65,keygen,731,744778,40209
ML-DSA-65,keygen,732,746371,40296
ML-DSA-65,keygen,733,745204,40233
ML-DSA-65,keygen,734,746666,40312
ML-DSA-65,keygen,735,754111,40715
ML-DSA-65,keygen,736,743926,40165
ML-DSA-65,keygen,737,745092,40227
ML-DSA-65,keygen,738,744704,40207
ML-DSA-65,keygen,739,744240,40181
ML-DSA-65,keygen,740,744963,40221
ML-DSA-65,keygen,741,761370,41106
ML-DSA-65,keygen,742,745315,40238
ML-DSA-65,keygen,743,745037,40223
ML-DSA-65,keygen,744,744407,40191
ML-DSA-65,keygen,745,743741,40155
ML-DSA-65,keygen,746,754389,40729
ML-DSA-65,keygen,747,746556,40307
ML-DSA-65,keygen,748,743352,40133
ML-DSA-65,keygen,749,743963,40166
ML-DSA-65,keygen,750,743074,40118
ML-DSA-65,keygen,751,755500,40789
ML-DSA-65,keygen,752,742575,40092
ML-DSA-65,keygen,753,743556,40143
ML-DSA-65,keygen,754,744740,40208
ML-DSA-65,keygen,755,746111,40282
ML-DSA-65,keygen,756,744389,40190
ML-DSA-65,keygen,757,761889,41134
ML-DSA-65,keygen,758,744370,40188
ML-DSA-65,keygen,759,744037,40170
ML-DSA-65,keygen,760,743352,40133
ML-DSA-65,keygen,761,743760,40155
ML-DSA-65,keygen,762,754777,40750
ML-DSA-65,keygen,763,745148,40230
ML-DSA-65,keygen,764,745333,40241
ML-DSA-65,keygen,765,746241,40289
ML-DSA-65,keygen,766,743815,40157
ML-DSA-65,keygen,767,756574,40848
ML-DSA-65,keygen,768,743963,40167
ML-DSA-65,keygen,769,744648,40204
ML-DSA-65,keygen,770,745167,40232
ML-DSA-65,keygen,771,743537,40143
ML-DSA-65,keygen,772,744889,40216
ML-DSA-65,keygen,773,754056,40710
ML-DSA-65,keygen,774,746148,40284
ML-DSA-65,keygen,775,744870,40216
ML-DSA-65,keygen,776,744352,40187
ML-DSA-65,keygen,777,745296,40238
ML-DSA-65,keygen,778,754037,40711
ML-DSA-65,keygen,779,744704,40207
ML-DSA-65,keygen,780,745000,40221
ML-DSA-65,keygen,781,743760,40155
ML-DSA-65,keygen,782,744074,40172
ML-DSA-65,keygen,783,755685,40800
ML-DSA-65,keygen,784,744907,40217
ML-DSA-65,keygen,785,745371,40242
ML-DSA-65,keygen,786,745222,40234
ML-DSA-65,keygen,787,745833,40268
ML-DSA-65,keygen,788,743555,40143
ML-DSA-65,keygen,789,754278,40722
ML-DSA-65,keygen,790,747260,40343
ML-DSA-65,keygen,791,743926,40165
ML-DSA-65,keygen,792,745722,40262
ML-DSA-65,keygen,793,746093,40280
ML-DSA-65,keygen,794,753296,40670
ML-DSA-65,keygen,795,745333,40240
ML-DSA-65,keygen,796,745537,40250
ML-DSA-65,keygen,797,743556,40144
ML-DSA-65,keygen,798,745093,40226
ML-DSA-65,keygen,799,754093,40714
ML-DSA-65,keygen,800,742963,40113
ML-DSA-65,keygen,801,744259,40182
ML-DSA-65,keygen,802,742981,40113
ML-DSA-65,keygen,803,745963,40275
ML-DSA-65,keygen,804,745111,40227
ML-DSA-65,keygen,805,754667,40744
ML-DSA-65,keygen,806,744223,40181
ML-DSA-65,keygen,807,744352,40188
ML-DSA-65,keygen,808,743074,40118
ML-DSA-65,keygen,809,745204,40233
ML-DSA-65,keygen,810,755797,40805
ML-DSA-65,keygen,811,745166,40232
ML-DSA-65,keygen,812,744111,40173
ML-DSA-65,keygen,813,743945,40166
ML-DSA-65,keygen,814,745982,40275
ML-DSA-65,keygen,815,755463,40786
ML-DSA-65,keygen,816,745074,40226
ML-DSA-65,keygen,817,743667,40151
ML-DSA-65,keygen,818,743537,40143
ML-DSA-65,keygen,819,744074,40171
ML-DSA-65,keygen,820,746463,40301
ML-DSA-65,keygen,821,754278,40724
ML-DSA-65,keygen,822,744945,40219
ML-DSA-65,keygen,823,746685,40313
ML-DSA-65,keygen,824,745093,40228
ML-DSA-65,keygen,825,744556,40198
ML-DSA-65,keygen,826,755426,40785
ML-DSA-65,keygen,827,743333,40131
ML-DSA-65,keygen,828,744797,40211
ML-DSA-65,keygen,829,743796,40158
ML-DSA-65,keygen,830,745445,40246
ML-DSA-65,keygen,831,755093,40766
ML-DSA-65,keygen,832,743685,40152
ML-DSA-65,keygen,833,745260,40236
ML-DSA-65,keygen,834,744722,40207
ML-DSA-65,keygen,835,744778,40211
ML-DSA-65,keygen,836,744926,40219
ML-DSA-65,keygen,837,755111,40768
ML-DSA-65,keygen,838,745408,40245
ML-DSA-65,keygen,839,745518,40251
ML-DSA-65,keygen,840,743204,40126
ML-DSA-65,keygen,841,744815,40213
ML-DSA-65,keygen,842,755296,40779
ML-DSA-65,keygen,843,744111,40175
ML-DSA-65,keygen,844,745371,40242
ML-DSA-65,keygen,845,747185,40341
ML-DSA-65,keygen,846,747111,40337
ML-DSA-65,keygen,847,754555,40738
ML-DSA-65,keygen,848,744944,40219
ML-DSA-65,keygen,849,742907,40110
ML-DSA-65,keygen,850,744352,40187
ML-DSA-65,keygen,851,745555,40253
ML-DSA-65,keygen,852,744629,40202
ML-DSA-65,keygen,853,755963,40815
ML-DSA-65,keygen,854,744981,40223
ML-DSA-65,keygen,855,744648,40204
ML-DSA-65,keygen,856,745759,40264
ML-DSA-65,keygen,857,745500,40250
ML-DSA-65,keygen,858,755555,40791
ML-DSA-65,keygen,859,745092,40227
ML-DSA-65,keygen,860,743907,40163
ML-DSA-65,keygen,861,743333,40132
ML-DSA-65,keygen,862,742870,40108
ML-DSA-65,keygen,863,754740,40748
ML-DSA-65,keygen,864,744407,40190
ML-DSA-65,keygen,865,744870,40215
ML-DSA-65,keygen,866,742555,40090
ML-DSA-65,keygen,867,746241,40289
ML-DSA-65,keygen,868,744482,40194
ML-DSA-65,keygen,869,754796,40752
ML-DSA-65,keygen,870,744797,40210
ML-DSA-65,keygen,871,744944,40218
ML-DSA-65,keygen,872,744222,40181
ML-DSA-65,keygen,873,746981,40330
ML-DSA-65,keygen,874,756814,40859
ML-DSA-65,keygen,875,745759,40263
ML-DSA-65,keygen,876,747000,40331
ML-DSA-65,keygen,877,745797,40265
ML-DSA-65,keygen,878,742907,40109
ML-DSA-65,keygen,879,758260,40938
ML-DSA-65,keygen,880,746944,40326
ML-DSA-65,keygen,881,744463,40192
ML-DSA-65,keygen,882,746519,40304
ML-DSA-65,keygen,883,743611,40147
ML-DSA-65,keygen,884,742722,40099
ML-DSA-65,keygen,885,754537,40737
ML-DSA-65,keygen,886,745611,40255
ML-DSA-65,keygen,887,744259,40182
ML-DSA-65,keygen,888,743111,40121
ML-DSA-65,keygen,889,744093,40174
ML-DSA-65,keygen,890,757000,40871
ML-DSA-65,keygen,891,745778,40264
ML-DSA-65,keygen,892,744907,40217
ML-DSA-65,keygen,893,744889,40216
ML-DSA-65,keygen,894,743629,40148
ML-DSA-65,keygen,895,755537,40792
ML-DSA-65,keygen,896,746593,40308
ML-DSA-65,keygen,897,745296,40238
ML-DSA-65,keygen,898,743981,40168
ML-DSA-65,keygen,899,743722,40153
ML-DSA-65,keygen,900,743630,40149
ML-DSA-65,keygen,901,755129,40768
ML-DSA-65,keygen,902,744630,40202
ML-DSA-65,keygen,903,745704,40261
ML-DSA-65,keygen,904,744277,40184
ML-DSA-65,keygen,905,744389,40189
ML-DSA-65,keygen,906,754981,40760
ML-DSA-65,keygen,907,744371,40188
ML-DSA-65,keygen,908,743482,40141
ML-DSA-65,keygen,909,742870,40107
ML-DSA-65,keygen,910,743222,40127
ML-DSA-65,keygen,911,755907,40812
ML-DSA-65,keygen,912,742704,40098
ML-DSA-65,keygen,913,745222,40234
ML-DSA-65,keygen,914,744759,40210
ML-DSA-65,keygen,915,744574,40200
ML-DSA-65,keygen,916,743962,40167
ML-DSA-65,keygen,917,755926,40813
ML-DSA-65,keygen,918,745722,40262
ML-DSA-65,keygen,919,743481,40140
ML-DSA-65,keygen,920,745111,40228
ML-DSA-65,keygen,921,744778,40210
ML-DSA-65,keygen,922,760407,41054
ML-DSA-65,keygen,923,744371,40188
ML-DSA-65,keygen,924,745685,40260
ML-DSA-65,keygen,925,744796,40212
ML-DSA-65,keygen,926,745277,40237
ML-DSA-65,keygen,927,753944,40704
ML-DSA-65,keygen,928,744037,40169
ML-DSA-65,keygen,929,743833,40159
ML-DSA-65,keygen,930,742981,40113
ML-DSA-65,keygen,931,744148,40177
ML-DSA-65,keygen,932,743297,40130
ML-DSA-65,keygen,933,754556,40739
ML-DSA-65,keygen,934,746500,40304
ML-DSA-65,keygen,935,743241,40128
ML-DSA-65,keygen,936,744667,40205
ML-DSA-65,keygen,937,746204,40288
ML-DSA-65,keygen,938,754241,40722
ML-DSA-65,keygen,939,747018,40331
ML-DSA-65,keygen,940,746278,40291
ML-DSA-65,keygen,941,744685,40206
ML-DSA-65,keygen,942,745000,40223
ML-DSA-65,keygen,943,755592,40795
ML-DSA-65,keygen,944,745092,40227
ML-DSA-65,keygen,945,743926,40164
ML-DSA-65,keygen,946,742519,40089
ML-DSA-65,keygen,947,743149,40123
ML-DSA-65,keygen,948,745277,40238
ML-DSA-65,keygen,949,753796,40696
ML-DSA-65,keygen,950,744908,40218
ML-DSA-65,keygen,951,745333,40240
ML-DSA-65,keygen,952,744278,40184
ML-DSA-65,keygen,953,744037,40170
ML-DSA-65,keygen,954,755186,40772
ML-DSA-65,keygen,955,747815,40374
ML-DSA-65,keygen,956,743555,40145
ML-DSA-65,keygen,957,744241,40182
ML-DSA-65,keygen,958,744778,40211
ML-DSA-65,keygen,959,754519,40737
ML-DSA-65,keygen,960,744870,40216
ML-DSA-65,keygen,961,746037,40278
ML-DSA-65,keygen,962,742852,40107
ML-DSA-65,keygen,963,743907,40163
ML-DSA-65,keygen,964,743649,40150
ML-DSA-65,keygen,965,753444,40678
ML-DSA-65,keygen,966,745315,40240
ML-DSA-65,keygen,967,748315,40402
ML-DSA-65,keygen,968,744740,40208
ML-DSA-65,keygen,969,744074,40172
ML-DSA-65,keygen,970,756445,40840
ML-DSA-65,keygen,971,745926,40273
ML-DSA-65,keygen,972,743963,40167
ML-DSA-65,keygen,973,746093,40281
ML-DSA-65,keygen,974,743963,40166
ML-DSA-65,keygen,975,755389,40782
ML-DSA-65,keygen,976,746297,40293
ML-DSA-65,keygen,977,746148,40285
ML-DSA-65,keygen,978,744111,40175
ML-DSA-65,keygen,979,744797,40211
ML-DSA-65,keygen,980,753130,40661
ML-DSA-65,keygen,981,745129,40230
ML-DSA-65,keygen,982,744241,40181
ML-DSA-65,keygen,983,745945,40273
ML-DSA-65,keygen,984,745815,40266
ML-DSA-65,keygen,985,745352,40241
ML-DSA-65,keygen,986,754093,40713
ML-DSA-65,keygen,987,744686,40206
ML-DSA-65,keygen,988,745962,40275
ML-DSA-65,keygen,989,744241,40182
ML-DSA-65,keygen,990,744740,40209
ML-DSA-65,keygen,991,754389,40730
ML-DSA-65,keygen,992,744612,40201
ML-DSA-65,keygen,993,744481,40194
ML-DSA-65,keygen,994,745555,40253
ML-DSA-65,keygen,995,745092,40228
ML-DSA-65,keygen,996,755186,40771
ML-DSA-65,keygen,997,744315,40185
ML-DSA-65,keygen,998,744241,40182
ML-DSA-65,keygen,999,745574,40254
ML-DSA-65,sign,0,7046870,380517
ML-DSA-65,sign,1,2861741,154528
ML-DSA-65,sign,2,3525389,190364
ML-DSA-65,sign,3,7554537,407938
ML-DSA-65,sign,4,3524130,190295
ML-DSA-65,sign,5,4194741,226509
ML-DSA-65,sign,6,6876222,371309
ML-DSA-65,sign,7,4194574,226500
ML-DSA-65,sign,8,2183889,117922
ML-DSA-65,sign,9,5535612,298916
ML-DSA-65,sign,10,1514518,81776
ML-DSA-65,sign,11,4195241,226536
ML-DSA-65,sign,12,2174611,117421
ML-DSA-65,sign,13,1513185,81705
ML-DSA-65,sign,14,2174333,117407
ML-DSA-65,sign,15,2853222,154067
ML-DSA-65,sign,16,7554296,407926
ML-DSA-65,sign,17,3525222,190355
ML-DSA-65,sign,18,2174537,117417
ML-DSA-65,sign,19,18976000,1024695
ML-DSA-65,sign,20,4865777,262744
ML-DSA-65,sign,21,7559222,408190
ML-DSA-65,sign,22,2184722,117969
ML-DSA-65,sign,23,1504629,81243
ML-DSA-65,sign,24,2182500,117847
ML-DSA-65,sign,25,1504426,81233
ML-DSA-65,sign,26,1503259,81169
ML-DSA-65,sign,27,2183852,117921
ML-DSA-65,sign,28,1504445,81234
ML-DSA-65,sign,29,2853741,154095
ML-DSA-65,sign,30,1504296,81225
ML-DSA-65,sign,31,2853463,154079
ML-DSA-65,sign,32,2183963,117925
ML-DSA-65,sign,33,2845704,153660
ML-DSA-65,sign,34,1514703,81786
ML-DSA-65,sign,35,1504944,81260
ML-DSA-65,sign,36,4864203,262661
ML-DSA-65,sign,37,2185056,117986
ML-DSA-65,sign,38,1504630,81242
ML-DSA-65,sign,39,7552796,407845
ML-DSA-65,sign,40,3525740,190382
ML-DSA-65,sign,41,1504463,81234
ML-DSA-65,sign,42,2183426,117898
ML-DSA-65,sign,43,2882945,155666
ML-DSA-65,sign,44,1506611,81351
ML-DSA-65,sign,45,2183833,117920
ML-DSA-65,sign,46,5536444,298961
ML-DSA-65,sign,47,1504556,81240
ML-DSA-65,sign,48,2854148,154116
ML-DSA-65,sign,49,6213371,335516
ML-DSA-65,sign,50,10906056,588920
ML-DSA-65,sign,51,2855445,154187
ML-DSA-65,sign,52,2184223,117941
ML-DSA-65,sign,53,5537278,299001
ML-DSA-65,sign,54,3526444,190421
ML-DSA-65,sign,55,3530685,190648
ML-DSA-65,sign,56,3524740,190328
ML-DSA-65,sign,57,2845018,153623
ML-DSA-65,sign,58,2859074,154381
ML-DSA-65,sign,59,2855241,154176
ML-DSA-65,sign,60,4866204,262768
ML-DSA-65,sign,61,1504648,81245
ML-DSA-65,sign,62,1513019,81695
ML-DSA-65,sign,63,22320500,1205300
ML-DSA-65,sign,64,6212222,335453
ML-DSA-65,sign,65,2853759,154095
ML-DSA-65,sign,66,4864018,262651
ML-DSA-65,sign,67,4193722,226454
ML-DSA-65,sign,68,1503555,81186
ML-DSA-65,sign,69,1511759,81628
ML-DSA-65,sign,70,6873444,371158
ML-DSA-65,sign,71,1513037,81695
ML-DSA-65,sign,72,4193741,226454
ML-DSA-65,sign,73,7550352,407711
ML-DSA-65,sign,74,2173703,117372
ML-DSA-65,sign,75,6881333,371584
ML-DSA-65,sign,76,6203445,334979
ML-DSA-65,sign,77,2853482,154080
ML-DSA-65,sign,78,4868111,262870
ML-DSA-65,sign,79,5616686,303292
ML-DSA-65,sign,80,2847166,153739
ML-DSA-65,sign,81,6212223,335450
ML-DSA-65,sign,82,1503481,81181
ML-DSA-65,sign,83,2852241,154013
ML-DSA-65,sign,84,7556852,408061
ML-DSA-65,sign,85,2853574,154085
ML-DSA-65,sign,86,1503796,81199
ML-DSA-65,sign,87,2184704,117966
ML-DSA-65,sign,88,3522963,190233
ML-DSA-65,sign,89,1504204,81219
ML-DSA-65,sign,90,1502388,81123
ML-DSA-65,sign,91,2856481,154242
ML-DSA-65,sign,92,2853815,154100
ML-DSA-65,sign,93,4193278,226430
ML-DSA-65,sign,94,4863611,262626
ML-DSA-65,sign,95,3523611,190268
ML-DSA-65,sign,96,1503166,81165
ML-DSA-65,sign,97,1512260,81654
ML-DSA-65,sign,98,1503481,81182
ML-DSA-65,sign,99,4192500,226387
ML-DSA-65,sign,100,2854667,154145
ML-DSA-65,sign,101,1503463,81181
ML-DSA-65,sign,102,6210185,335342
ML-DSA-65,sign,103,2843426,153539
ML-DSA-65,sign,104,5541075,299211
ML-DSA-65,sign,105,4865297,262718
ML-DSA-65,sign,106,5535296,298899
ML-DSA-65,sign,107,6888852,371990
ML-DSA-65,sign,108,5544092,299374
ML-DSA-65,sign,109,3515296,189819
ML-DSA-65,sign,110,4871722,263067
ML-DSA-65,sign,111,2845056,153627
ML-DSA-65,sign,112,5542167,299271
ML-DSA-65,sign,113,8222815,444025
ML-DSA-65,sign,114,4866167,262766
ML-DSA-65,sign,115,2184500,117956
ML-DSA-65,sign,116,13598611,734317
ML-DSA-65,sign,117,1504722,81248
ML-DSA-65,sign,118,2853426,154079
ML-DSA-65,sign,119,1503407,81179
ML-DSA-65,sign,120,3522148,190188
ML-DSA-65,sign,121,2183055,117877
ML-DSA-65,sign,122,2852871,154048
ML-DSA-65,sign,123,2173463,117361
ML-DSA-65,sign,124,2852407,154022
ML-DSA-65,sign,125,1503241,81168
ML-DSA-65,sign,126,5540537,299181
ML-DSA-65,sign,127,1503537,81184
ML-DSA-65,sign,128,14266649,770392
ML-DSA-65,sign,129,2843870,153562
ML-DSA-65,sign,130,2852574,154031
ML-DSA-65,sign,131,3528630,190537
ML-DSA-65,sign,132,10231556,552495
ML-DSA-65,sign,133,3523389,190256
ML-DSA-65,sign,134,3523815,190279
ML-DSA-65,sign,135,5540240,299166
ML-DSA-65,sign,136,1503722,81194
ML-DSA-65,sign,137,1502519,81130
ML-DSA-65,sign,138,4192833,226406
ML-DSA-65,sign,139,1513167,81705
ML-DSA-65,sign,140,3522537,190209
ML-DSA-65,sign,141,8223741,444075
ML-DSA-65,sign,142,4863500,262622
ML-DSA-65,sign,143,5533352,298793
ML-DSA-65,sign,144,1513222,81707
ML-DSA-65,sign,145,1503463,81180
ML-DSA-65,sign,146,2181722,117806
ML-DSA-65,sign,147,6873185,371145
ML-DSA-65,sign,148,6887852,371935
ML-DSA-65,sign,149,2854870,154156
ML-DSA-65,sign,150,2173611,117367
ML-DSA-65,sign,151,1512556,81670
ML-DSA-65,sign,152,3522481,190207
ML-DSA-65,sign,153,5533648,298810
ML-DSA-65,sign,154,7550852,407740
ML-DSA-65,sign,155,13593630,734047
ML-DSA-65,sign,156,2183500,117902
ML-DSA-65,sign,157,1503649,81189
ML-DSA-65,sign,158,1511371,81607
ML-DSA-65,sign,159,2173944,117385
ML-DSA-65,sign,160,4192296,226377
ML-DSA-65,sign,161,2853426,154078
ML-DSA-65,sign,162,2852648,154036
ML-DSA-65,sign,163,6203722,334994
ML-DSA-65,sign,164,2853277,154069
ML-DSA-65,sign,165,3523982,190288
ML-DSA-65,sign,166,2173630,117369
ML-DSA-65,sign,167,3522389,190201
ML-DSA-65,sign,168,8891889,480154
ML-DSA-65,sign,169,2183297,117890
ML-DSA-65,sign,170,1503537,81184
ML-DSA-65,sign,171,3522315,190198
ML-DSA-65,sign,172,6880741,371552
ML-DSA-65,sign,173,2852556,154030
ML-DSA-65,sign,174,2173574,117366
ML-DSA-65,sign,175,3523333,190253
ML-DSA-65,sign,176,2182537,117849
ML-DSA-65,sign,177,6873704,371173
ML-DSA-65,sign,178,3523241,190247
ML-DSA-65,sign,179,1517574,81940
ML-DSA-65,sign,180,7544000,407368
ML-DSA-65,sign,181,6211278,335403
ML-DSA-65,sign,182,1503278,81170
ML-DSA-65,sign,183,2857055,154273
ML-DSA-65,sign,184,4863500,262621
ML-DSA-65,sign,185,6882333,371640
ML-DSA-65,sign,186,3523500,190261
ML-DSA-65,sign,187,4866944,262807
ML-DSA-65,sign,188,3529778,190601
ML-DSA-65,sign,189,2854593,154140
ML-DSA-65,sign,190,8891926,480157
ML-DSA-65,sign,191,4863111,262601
ML-DSA-65,sign,192,1512500,81668
ML-DSA-65,sign,193,9561611,516320
ML-DSA-65,sign,194,2173685,117371
ML-DSA-65,sign,195,1513222,81706
ML-DSA-65,sign,196,2852759,154040
ML-DSA-65,sign,197,2173648,117370
ML-DSA-65,sign,198,2852352,154019
ML-DSA-65,sign,199,2173686,117373
ML-DSA-65,sign,200,1511945,81639
ML-DSA-65,sign,201,1503519,81183
ML-DSA-65,sign,202,3522759,190222
ML-DSA-65,sign,203,2182667,117856
ML-DSA-65,sign,204,4193037,226417
ML-DSA-65,sign,205,2843777,153557
ML-DSA-65,sign,206,1512815,81684
ML-DSA-65,sign,207,2173556,117366
ML-DSA-65,sign,208,8220444,443897
ML-DSA-65,sign,209,2854241,154122
ML-DSA-65,sign,210,3523203,190246
ML-DSA-65,sign,211,1503389,81176
ML-DSA-65,sign,212,2862685,154576
ML-DSA-65,sign,213,1503907,81205
ML-DSA-65,sign,214,1518333,81980
ML-DSA-65,sign,215,8222166,443990
ML-DSA-65,sign,216,1503667,81191
ML-DSA-65,sign,217,1511685,81623
ML-DSA-65,sign,218,3513870,189742
ML-DSA-65,sign,219,1514223,81761
ML-DSA-65,sign,220,2854481,154133
ML-DSA-65,sign,221,1503759,81197
ML-DSA-65,sign,222,2172722,117321
ML-DSA-65,sign,223,1511888,81635
ML-DSA-65,sign,224,2173685,117372
ML-DSA-65,sign,225,1512278,81654
ML-DSA-65,sign,226,5533204,298786
ML-DSA-65,sign,227,6212093,335446
ML-DSA-65,sign,228,2843463,153541
ML-DSA-65,sign,229,8220425,443896
ML-DSA-65,sign,230,6212444,335465
ML-DSA-65,sign,231,1503333,81174
ML-DSA-65,sign,232,12246722,661316
ML-DSA-65,sign,233,8222000,443980
ML-DSA-65,sign,234,1513777,81737
ML-DSA-65,sign,235,4193500,226442
ML-DSA-65,sign,236,1503629,81189
ML-DSA-65,sign,237,1512037,81642
ML-DSA-65,sign,238,2843500,153542
ML-DSA-65,sign,239,5540833,299197
ML-DSA-65,sign,240,3528852,190549
ML-DSA-65,sign,241,2173926,117385
ML-DSA-65,sign,242,14265204,770314
ML-DSA-65,sign,243,1503241,81167
ML-DSA-65,sign,244,2182630,117855
ML-DSA-65,sign,245,13594611,734101
ML-DSA-65,sign,246,1504222,81222
ML-DSA-65,sign,247,2182222,117832
ML-DSA-65,sign,248,3523315,190252
ML-DSA-65,sign,249,3523129,190242
ML-DSA-65,sign,250,9562426,516365
ML-DSA-65,sign,251,5541870,299254
ML-DSA-65,sign,252,1503667,81191
ML-DSA-65,sign,253,12919723,697657
ML-DSA-65,sign,254,1512407,81663
ML-DSA-65,sign,255,2173777,117378
ML-DSA-65,sign,256,4862259,262555
ML-DSA-65,sign,257,2853204,154066
ML-DSA-65,sign,258,2183018,117874
ML-DSA-65,sign,259,11572778,624923
ML-DSA-65,sign,260,3522592,190213
ML-DSA-65,sign,261,1517482,81936
ML-DSA-65,sign,262,1503537,81185
ML-DSA-65,sign,263,6211315,335405
ML-DSA-65,sign,264,1503500,81182
ML-DSA-65,sign,265,2852593,154033
ML-DSA-65,sign,266,1503760,81196
ML-DSA-65,sign,267,1511815,81631
ML-DSA-65,sign,268,2174278,117404
ML-DSA-65,sign,269,2852926,154051
ML-DSA-65,sign,270,2844000,153568
ML-DSA-65,sign,271,1513982,81747
ML-DSA-65,sign,272,2173593,117368
ML-DSA-65,sign,273,10908111,589030
ML-DSA-65,sign,274,2853389,154075
ML-DSA-65,sign,275,3528611,190537
ML-DSA-65,sign,276,4193889,226465
ML-DSA-65,sign,277,1503463,81180
ML-DSA-65,sign,278,1511666,81623
ML-DSA-65,sign,279,5534241,298842
ML-DSA-65,sign,280,7552278,407816
ML-DSA-65,sign,281,2173648,117369
ML-DSA-65,sign,282,1512499,81669
ML-DSA-65,sign,283,1503963,81206
ML-DSA-65,sign,284,1502352,81121
ML-DSA-65,sign,285,5540222,299165
ML-DSA-65,sign,286,4193092,226420
ML-DSA-65,sign,287,2173556,117366
ML-DSA-65,sign,288,2852129,154008
ML-DSA-65,sign,289,2853370,154075
ML-DSA-65,sign,290,4194741,226508
ML-DSA-65,sign,291,4194204,226479
ML-DSA-65,sign,292,4863500,262621
ML-DSA-65,sign,293,3528796,190547
ML-DSA-65,sign,294,10936445,590555
ML-DSA-65,sign,295,1505296,81280
ML-DSA-65,sign,296,14936371,806557
ML-DSA-65,sign,297,12249796,661478
ML-DSA-65,sign,298,3525204,190355
ML-DSA-65,sign,299,1503482,81181
ML-DSA-65,sign,300,5540889,299202
ML-DSA-65,sign,301,2843519,153543
ML-DSA-65,sign,302,1512222,81654
ML-DSA-65,sign,303,2173444,117358
ML-DSA-65,sign,304,1514000,81748
ML-DSA-65,sign,305,1503685,81192
ML-DSA-65,sign,306,1502500,81129
ML-DSA-65,sign,307,1517814,81955
ML-DSA-65,sign,308,2174203,117401
ML-DSA-65,sign,309,1512166,81651
ML-DSA-65,sign,310,2843148,153522
ML-DSA-65,sign,311,11579130,625267
ML-DSA-65,sign,312,9569260,516734
ML-DSA-65,sign,313,10902407,588723
ML-DSA-65,sign,314,2187778,118131
ML-DSA-65,sign,315,9561630,516319
ML-DSA-65,sign,316,4192907,226411
ML-DSA-65,sign,317,8221241,443939
ML-DSA-65,sign,318,1504148,81217
ML-DSA-65,sign,319,12918371,697585
ML-DSA-65,sign,320,5533981,298827
ML-DSA-65,sign,321,1512870,81687
ML-DSA-65,sign,322,2852407,154023
ML-DSA-65,sign,323,6203167,334965
ML-DSA-65,sign,324,2853074,154059
ML-DSA-65,sign,325,5533260,298788
ML-DSA-65,sign,326,1539000,83098
ML-DSA-65,sign,327,2175055,117446
ML-DSA-65,sign,328,6210519,335361
ML-DSA-65,sign,329,8890648,480087
ML-DSA-65,sign,330,2858871,154370
ML-DSA-65,sign,331,1503611,81187
ML-DSA-65,sign,332,4192908,226409
ML-DSA-65,sign,333,2856426,154239
ML-DSA-65,sign,334,2173204,117346
ML-DSA-65,sign,335,2182167,117829
ML-DSA-65,sign,336,2173648,117370
ML-DSA-65,sign,337,6217019,335710
ML-DSA-65,sign,338,5533796,298818
ML-DSA-65,sign,339,1513592,81728
ML-DSA-65,sign,340,2173426,117358
ML-DSA-65,sign,341,4192055,226363
ML-DSA-65,sign,342,7550148,407702
ML-DSA-65,sign,343,1512870,81688
ML-DSA-65,sign,344,6204574,335040
ML-DSA-65,sign,345,2853463,154080
ML-DSA-65,sign,346,3522945,190233
ML-DSA-65,sign,347,2843370,153536
ML-DSA-65,sign,348,4869963,262970
ML-DSA-65,sign,349,2173463,117360
ML-DSA-65,sign,350,10238130,552852
ML-DSA-65,sign,351,1503537,81184
ML-DSA-65,sign,352,6881019,371568
ML-DSA-65,sign,353,8221389,443949
ML-DSA-65,sign,354,4193056,226418
ML-DSA-65,sign,355,2853482,154081
ML-DSA-65,sign,356,6203056,334956
ML-DSA-65,sign,357,6882407,371643
ML-DSA-65,sign,358,6210241,335346
ML-DSA-65,sign,359,2173704,117374
ML-DSA-65,sign,360,5540963,299202
ML-DSA-65,sign,361,1513759,81736
ML-DSA-65,sign,362,6203575,334985
ML-DSA-65,sign,363,2182500,117849
ML-DSA-65,sign,364,1503426,81178
ML-DSA-65,sign,365,1511241,81600
ML-DSA-65,sign,366,1503314,81172
ML-DSA-65,sign,367,4193296,226430
ML-DSA-65,sign,368,4193648,226449
ML-DSA-65,sign,369,1513018,81696
ML-DSA-65,sign,370,4192593,226394
ML-DSA-65,sign,371,3522445,190203
ML-DSA-65,sign,372,4864037,262651
ML-DSA-65,sign,373,2173630,117368
ML-DSA-65,sign,374,1512629,81675
ML-DSA-65,sign,375,1503463,81179
ML-DSA-65,sign,376,4862685,262577
ML-DSA-65,sign,377,1513444,81719
ML-DSA-65,sign,378,15606704,842755
ML-DSA-65,sign,379,8891519,480135
ML-DSA-65,sign,380,2843389,153536
ML-DSA-65,sign,381,5539556,299130
ML-DSA-65,sign,382,1503797,81197
ML-DSA-65,sign,383,10908482,589052
ML-DSA-65,sign,384,2182370,117841
ML-DSA-65,sign,385,2173666,117372
ML-DSA-65,sign,386,1502296,81116
ML-DSA-65,sign,387,1517000,81910
ML-DSA-65,sign,388,2173537,117365
ML-DSA-65,sign,389,2182222,117833
ML-DSA-65,sign,390,1503463,81180
ML-DSA-65,sign,391,2852926,154050
ML-DSA-65,sign,392,2853333,154073
ML-DSA-65,sign,393,2173222,117347
ML-DSA-65,sign,394,6370685,344008
ML-DSA-65,sign,395,10233297,552591
ML-DSA-65,sign,396,8898204,480497
ML-DSA-65,sign,397,4863945,262645
ML-DSA-65,sign,398,1503630,81189
ML-DSA-65,sign,399,1511852,81633
ML-DSA-65,sign,400,4193240,226427
ML-DSA-65,sign,401,2843703,153553
ML-DSA-65,sign,402,1511778,81628
ML-DSA-65,sign,403,2843574,153546
ML-DSA-65,sign,404,2182111,117825
ML-DSA-65,sign,405,1503277,81171
ML-DSA-65,sign,406,1511926,81638
ML-DSA-65,sign,407,2843426,153538
ML-DSA-65,sign,408,2181797,117810
ML-DSA-65,sign,409,3523556,190265
ML-DSA-65,sign,410,1503556,81185
ML-DSA-65,sign,411,7551167,407756
ML-DSA-65,sign,412,3523019,190236
ML-DSA-65,sign,413,2852926,154050
ML-DSA-65,sign,414,12919222,697630
ML-DSA-65,sign,415,5538241,299057
ML-DSA-65,sign,416,2183981,117927
ML-DSA-65,sign,417,5535370,298903
ML-DSA-65,sign,418,1514149,81757
ML-DSA-65,sign,419,2174611,117422
ML-DSA-65,sign,420,1512611,81674
ML-DSA-65,sign,421,10906018,588918
ML-DSA-65,sign,422,3524445,190313
ML-DSA-65,sign,423,1513519,81723
ML-DSA-65,sign,424,3514944,189800
ML-DSA-65,sign,425,3523093,190240
ML-DSA-65,sign,426,3528297,190519
ML-DSA-65,sign,427,6211518,335416
ML-DSA-65,sign,428,7551222,407760
ML-DSA-65,sign,429,1503519,81183
ML-DSA-65,sign,430,8890130,480060
ML-DSA-65,sign,431,2853759,154094
ML-DSA-65,sign,432,2182574,117852
ML-DSA-65,sign,433,16274963,878842
ML-DSA-65,sign,434,2843556,153545
ML-DSA-65,sign,435,2851963,153998
ML-DSA-65,sign,436,1503519,81184
ML-DSA-65,sign,437,2852260,154015
ML-DSA-65,sign,438,1512611,81673
ML-DSA-65,sign,439,1503500,81181
ML-DSA-65,sign,440,10912500,589266
ML-DSA-65,sign,441,6204074,335013
ML-DSA-65,sign,442,7551592,407779
ML-DSA-65,sign,443,5532907,298768
ML-DSA-65,sign,444,1512945,81690
ML-DSA-65,sign,445,1503537,81183
ML-DSA-65,sign,446,2182186,117831
ML-DSA-65,sign,447,18287167,987499
ML-DSA-65,sign,448,1513463,81719
ML-DSA-65,sign,449,3522574,190211
ML-DSA-65,sign,450,1503796,81198
ML-DSA-65,sign,451,4867648,262843
ML-DSA-65,sign,452,2184759,117971
ML-DSA-65,sign,453,5533241,298788
ML-DSA-65,sign,454,1505777,81305
ML-DSA-65,sign,455,5540556,299183
ML-DSA-65,sign,456,4194148,226478
ML-DSA-65,sign,457,5533519,298803
ML-DSA-65,sign,458,3523574,190266
ML-DSA-65,sign,459,8221814,443970
ML-DSA-65,sign,460,6216240,335668
ML-DSA-65,sign,461,8221259,443940
ML-DSA-65,sign,462,3522963,190233
ML-DSA-65,sign,463,2843723,153554
ML-DSA-65,sign,464,2181833,117811
ML-DSA-65,sign,465,2853259,154069
ML-DSA-65,sign,466,6203167,334965
ML-DSA-65,sign,467,2854389,154130
ML-DSA-65,sign,468,3523240,190247
ML-DSA-65,sign,469,2852592,154033
ML-DSA-65,sign,470,6873425,371157
ML-DSA-65,sign,471,2853222,154066
ML-DSA-65,sign,472,6211259,335401
ML-DSA-65,sign,473,3514148,189757
ML-DSA-65,sign,474,4192148,226369
ML-DSA-65,sign,475,3522222,190193
ML-DSA-65,sign,476,7551463,407773
ML-DSA-65,sign,477,1513389,81716
ML-DSA-65,sign,478,3523019,190235
ML-DSA-65,sign,479,4197667,226665
ML-DSA-65,sign,480,4193777,226458
ML-DSA-65,sign,481,1503834,81202
ML-DSA-65,sign,482,2852537,154029
ML-DSA-65,sign,483,1503574,81187
ML-DSA-65,sign,484,2852888,154048
ML-DSA-65,sign,485,6203056,334958
ML-DSA-65,sign,486,2852852,154047
ML-DSA-65,sign,487,7556481,408041
ML-DSA-65,sign,488,13590037,733854
ML-DSA-65,sign,489,6210574,335364
ML-DSA-65,sign,490,2173574,117366
ML-DSA-65,sign,491,5539796,299141
ML-DSA-65,sign,492,2852815,154044
ML-DSA-65,sign,493,3513630,189730
ML-DSA-65,sign,494,2181778,117809
ML-DSA-65,sign,495,4863056,262598
ML-DSA-65,sign,496,5540333,299170
ML-DSA-65,sign,497,4863870,262641
ML-DSA-65,sign,498,4863407,262616
ML-DSA-65,sign,499,2853055,154057
ML-DSA-65,sign,500,3523185,190244
ML-DSA-65,sign,501,7550944,407743
ML-DSA-65,sign,502,1503870,81202
ML-DSA-65,sign,503,1502667,81138
ML-DSA-65,sign,504,2182185,117831
ML-DSA-65,sign,505,2173555,117366
ML-DSA-65,sign,506,9567389,516631
ML-DSA-65,sign,507,4863130,262601
ML-DSA-65,sign,508,1503408,81178
ML-DSA-65,sign,509,5550000,299691
ML-DSA-65,sign,510,4863612,262629
ML-DSA-65,sign,511,1503463,81180
ML-DSA-65,sign,512,9568982,516718
ML-DSA-65,sign,513,2173537,117365
ML-DSA-65,sign,514,1512074,81644
ML-DSA-65,sign,515,8890833,480099
ML-DSA-65,sign,516,1503537,81184
ML-DSA-65,sign,517,8889685,480035
ML-DSA-65,sign,518,2852371,154021
ML-DSA-65,sign,519,2853444,154079
ML-DSA-65,sign,520,5533166,298784
ML-DSA-65,sign,521,4194685,226505
ML-DSA-65,sign,522,2183260,117889
ML-DSA-65,sign,523,5532926,298771
ML-DSA-65,sign,524,7552075,407804
ML-DSA-65,sign,525,2854500,154136
ML-DSA-65,sign,526,1503648,81190
ML-DSA-65,sign,527,4192352,226374
ML-DSA-65,sign,528,1514296,81764
ML-DSA-65,sign,529,5533518,298803
ML-DSA-65,sign,530,5532981,298775
ML-DSA-65,sign,531,2182685,117857
ML-DSA-65,sign,532,2203889,119001
ML-DSA-65,sign,533,1506630,81351
ML-DSA-65,sign,534,4193796,226457
ML-DSA-65,sign,535,1503852,81201
ML-DSA-65,sign,536,3527130,190456
ML-DSA-65,sign,537,2183870,117921
ML-DSA-65,sign,538,4864389,262669
ML-DSA-65,sign,539,2182629,117853
ML-DSA-65,sign,540,1503834,81200
ML-DSA-65,sign,541,4197260,226643
ML-DSA-65,sign,542,2853703,154093
ML-DSA-65,sign,543,2173537,117365
ML-DSA-65,sign,544,6880519,371541
ML-DSA-65,sign,545,3526370,190417
ML-DSA-65,sign,546,4864056,262652
ML-DSA-65,sign,547,1503481,81181
ML-DSA-65,sign,548,2182463,117845
ML-DSA-65,sign,549,1503297,81171
ML-DSA-65,sign,550,7548629,407620
ML-DSA-65,sign,551,2183667,117910
ML-DSA-65,sign,552,3525167,190352
ML-DSA-65,sign,553,12920463,697699
ML-DSA-65,sign,554,6881592,371600
ML-DSA-65,sign,555,1503889,81204
ML-DSA-65,sign,556,11578889,625253
ML-DSA-65,sign,557,3523482,190262
ML-DSA-65,sign,558,2843333,153533
ML-DSA-65,sign,559,2852000,154000
ML-DSA-65,sign,560,2184018,117930
ML-DSA-65,sign,561,4868685,262900
ML-DSA-65,sign,562,2182926,117869
ML-DSA-65,sign,563,4863593,262627
ML-DSA-65,sign,564,6203722,334994
ML-DSA-65,sign,565,1514260,81763
ML-DSA-65,sign,566,2173612,117368
ML-DSA-65,sign,567,2182686,117858
ML-DSA-65,sign,568,3523166,190243
ML-DSA-65,sign,569,2173760,117376
ML-DSA-65,sign,570,4192574,226392
ML-DSA-65,sign,571,5547241,299542
ML-DSA-65,sign,572,3513722,189736
ML-DSA-65,sign,573,1512426,81664
ML-DSA-65,sign,574,1503574,81186
ML-DSA-65,sign,575,11612371,627058
ML-DSA-65,sign,576,12922315,697798
ML-DSA-65,sign,577,2856074,154221
ML-DSA-65,sign,578,3524611,190322
ML-DSA-65,sign,579,1503667,81191
ML-DSA-65,sign,580,1512240,81654
ML-DSA-65,sign,581,2843482,153541
ML-DSA-65,sign,582,2852093,154006
ML-DSA-65,sign,583,8221796,443971
ML-DSA-65,sign,584,4193519,226443
ML-DSA-65,sign,585,2183944,117924
ML-DSA-65,sign,586,2852296,154016
ML-DSA-65,sign,587,1504000,81210
ML-DSA-65,sign,588,4868241,262877
ML-DSA-65,sign,589,1513500,81721
ML-DSA-65,sign,590,1503574,81187
ML-DSA-65,sign,591,5532259,298735
ML-DSA-65,sign,592,9570907,516821
ML-DSA-65,sign,593,6203926,335004
ML-DSA-65,sign,594,4192982,226413
ML-DSA-65,sign,595,5542944,299313
ML-DSA-65,sign,596,5534056,298831
ML-DSA-65,sign,597,8220796,443916
ML-DSA-65,sign,598,5533704,298812
ML-DSA-65,sign,599,3527759,190491
ML-DSA-65,sign,600,4193852,226462
ML-DSA-65,sign,601,5541352,299226
ML-DSA-65,sign,602,2853408,154077
ML-DSA-65,sign,603,4193426,226438
ML-DSA-65,sign,604,3513574,189725
ML-DSA-65,sign,605,2182408,117843
ML-DSA-65,sign,606,8891166,480116
ML-DSA-65,sign,607,6211000,335388
ML-DSA-65,sign,608,1504352,81229
ML-DSA-65,sign,609,2182481,117847
ML-DSA-65,sign,610,1503408,81177
ML-DSA-65,sign,611,1502593,81133
ML-DSA-65,sign,612,10243500,553140
ML-DSA-65,sign,613,8891426,480131
ML-DSA-65,sign,614,4863500,262622
ML-DSA-65,sign,615,1513074,81699
ML-DSA-65,sign,616,4193204,226426
ML-DSA-65,sign,617,6203704,334993
ML-DSA-65,sign,618,5543500,299342
ML-DSA-65,sign,619,6202945,334953
ML-DSA-65,sign,620,1513130,81702
ML-DSA-65,sign,621,1503352,81173
ML-DSA-65,sign,622,2182519,117849
ML-DSA-65,sign,623,3522648,190216
ML-DSA-65,sign,624,4863685,262633
ML-DSA-65,sign,625,4863889,262643
ML-DSA-65,sign,626,4193241,226428
ML-DSA-65,sign,627,6216371,335675
ML-DSA-65,sign,628,1503686,81194
ML-DSA-65,sign,629,1502778,81144
ML-DSA-65,sign,630,1512241,81654
ML-DSA-65,sign,631,8891037,480110
ML-DSA-65,sign,632,1503388,81175
ML-DSA-65,sign,633,5540259,299167
ML-DSA-65,sign,634,9565870,516549
ML-DSA-65,sign,635,2184148,117936
ML-DSA-65,sign,636,4863500,262622
ML-DSA-65,sign,637,5533334,298793
ML-DSA-65,sign,638,4193334,226432
ML-DSA-65,sign,639,2853611,154088
ML-DSA-65,sign,640,2853111,154061
ML-DSA-65,sign,641,6872963,371132
ML-DSA-65,sign,642,2182962,117872
ML-DSA-65,sign,643,2182426,117843
ML-DSA-65,sign,644,2173648,117371
ML-DSA-65,sign,645,3522963,190233
ML-DSA-65,sign,646,1503704,81194
ML-DSA-65,sign,647,2182185,117832
ML-DSA-65,sign,648,6203037,334957
ML-DSA-65,sign,649,2853334,154072
ML-DSA-65,sign,650,4863259,262609
ML-DSA-65,sign,651,4193130,226421
ML-DSA-65,sign,652,3523204,190245
ML-DSA-65,sign,653,2853111,154061
ML-DSA-65,sign,654,4193351,226434
ML-DSA-65,sign,655,1503686,81192
ML-DSA-65,sign,656,4199592,226769
ML-DSA-65,sign,657,10901185,588657
ML-DSA-65,sign,658,9574204,516998
ML-DSA-65,sign,659,2173722,117374
ML-DSA-65,sign,660,2857408,154291
ML-DSA-65,sign,661,4863889,262643
ML-DSA-65,sign,662,1503574,81186
ML-DSA-65,sign,663,3522296,190196
ML-DSA-65,sign,664,1513222,81707
ML-DSA-65,sign,665,6203519,334979
ML-DSA-65,sign,666,3525037,190340
ML-DSA-65,sign,667,2183963,117924
ML-DSA-65,sign,668,6874056,371187
ML-DSA-65,sign,669,2183500,117897
ML-DSA-65,sign,670,1503685,81193
ML-DSA-65,sign,671,4870111,262979
ML-DSA-65,sign,672,8221445,443952
ML-DSA-65,sign,673,1504333,81226
ML-DSA-65,sign,674,2182277,117836
ML-DSA-65,sign,675,6873444,371159
ML-DSA-65,sign,676,9570056,516775
ML-DSA-65,sign,677,1504370,81230
ML-DSA-65,sign,678,1503482,81180
ML-DSA-65,sign,679,2183704,117913
ML-DSA-65,sign,680,4194926,226519
ML-DSA-65,sign,681,5535074,298886
ML-DSA-65,sign,682,3524537,190317
ML-DSA-65,sign,683,2854334,154126
ML-DSA-65,sign,684,2854463,154133
ML-DSA-65,sign,685,2174630,117423
ML-DSA-65,sign,686,6213759,335536
ML-DSA-65,sign,687,4199908,226786
ML-DSA-65,sign,688,2854852,154149
ML-DSA-65,sign,689,3516611,189889
ML-DSA-65,sign,690,6887481,371916
ML-DSA-65,sign,691,2185185,117994
ML-DSA-65,sign,692,7553722,407893
ML-DSA-65,sign,693,2174611,117421
ML-DSA-65,sign,694,1512723,81680
ML-DSA-65,sign,695,2845037,153625
ML-DSA-65,sign,696,2188129,118152
ML-DSA-65,sign,697,8225982,444195
ML-DSA-65,sign,698,2174870,117437
ML-DSA-65,sign,699,2853444,154078
ML-DSA-65,sign,700,1513740,81733
ML-DSA-65,sign,701,1504481,81236
ML-DSA-65,sign,702,2853482,154081
ML-DSA-65,sign,703,2174778,117430
ML-DSA-65,sign,704,4864445,262673
ML-DSA-65,sign,705,12252352,661620
ML-DSA-65,sign,706,8903741,480796
ML-DSA-65,sign,707,10905037,588865
ML-DSA-65,sign,708,11580278,625329
ML-DSA-65,sign,709,2859852,154424
ML-DSA-65,sign,710,1504778,81251
ML-DSA-65,sign,711,6213759,335536
ML-DSA-65,sign,712,8225018,444145
ML-DSA-65,sign,713,6212703,335478
ML-DSA-65,sign,714,2844870,153616
ML-DSA-65,sign,715,2183370,117895
ML-DSA-65,sign,716,1504351,81228
ML-DSA-65,sign,717,4869019,262918
ML-DSA-65,sign,718,3524963,190340
ML-DSA-65,sign,719,2854741,154149
ML-DSA-65,sign,720,1503426,81177
ML-DSA-65,sign,721,7549796,407682
ML-DSA-65,sign,722,8221889,443974
ML-DSA-65,sign,723,2853037,154056
ML-DSA-65,sign,724,4863630,262629
ML-DSA-65,sign,725,1513111,81700
ML-DSA-65,sign,726,1503630,81190
ML-DSA-65,sign,727,8890685,480089
ML-DSA-65,sign,728,4863352,262612
ML-DSA-65,sign,729,5541833,299253
ML-DSA-65,sign,730,4863574,262626
ML-DSA-65,sign,731,10242722,553099
ML-DSA-65,sign,732,4193907,226464
ML-DSA-65,sign,733,2173333,117353
ML-DSA-65,sign,734,13596019,734178
ML-DSA-65,sign,735,1503685,81191
ML-DSA-65,sign,736,2181444,117790
ML-DSA-65,sign,737,2173741,117374
ML-DSA-65,sign,738,8219723,443858
ML-DSA-65,sign,739,10238444,552868
ML-DSA-65,sign,740,15610982,842984
ML-DSA-65,sign,741,14260203,770045
ML-DSA-65,sign,742,3523629,190269
ML-DSA-65,sign,743,5532908,298771
ML-DSA-65,sign,744,2853519,154082
ML-DSA-65,sign,745,10238686,552882
ML-DSA-65,sign,746,3523000,190234
ML-DSA-65,sign,747,2173630,117370
ML-DSA-65,sign,748,6214889,335595
ML-DSA-65,sign,749,4193352,226435
ML-DSA-65,sign,750,3523704,190272
ML-DSA-65,sign,751,3514093,189754
ML-DSA-65,sign,752,4194907,226518
ML-DSA-65,sign,753,2174740,117428
ML-DSA-65,sign,754,2182778,117862
ML-DSA-65,sign,755,4194167,226478
ML-DSA-65,sign,756,1503945,81207
ML-DSA-65,sign,757,1502871,81148
ML-DSA-65,sign,758,6881259,371580
ML-DSA-65,sign,759,2854019,154110
ML-DSA-65,sign,760,3523556,190265
ML-DSA-65,sign,761,2843703,153552
ML-DSA-65,sign,762,6234315,336645
ML-DSA-65,sign,763,2184834,117975
ML-DSA-65,sign,764,2174481,117416
ML-DSA-65,sign,765,4193518,226442
ML-DSA-65,sign,766,1513093,81699
ML-DSA-65,sign,767,4863908,262643
ML-DSA-65,sign,768,10239148,552905
ML-DSA-65,sign,769,1513796,81737
ML-DSA-65,sign,770,1503759,81197
ML-DSA-65,sign,771,8222630,444016
ML-DSA-65,sign,772,1512815,81685
ML-DSA-65,sign,773,6203982,335008
ML-DSA-65,sign,774,5533741,298815
ML-DSA-65,sign,775,2187815,118134
ML-DSA-65,sign,776,1503925,81205
ML-DSA-65,sign,777,1512574,81672
ML-DSA-65,sign,778,3524166,190297
ML-DSA-65,sign,779,4193685,226451
ML-DSA-65,sign,780,2843908,153563
ML-DSA-65,sign,781,4192315,226379
ML-DSA-65,sign,782,2183167,117884
ML-DSA-65,sign,783,4863814,262638
ML-DSA-65,sign,784,6881888,371613
ML-DSA-65,sign,785,2854111,154115
ML-DSA-65,sign,786,2173685,117372
ML-DSA-65,sign,787,10238407,552867
ML-DSA-65,sign,788,5534092,298834
ML-DSA-65,sign,789,1512611,81673
ML-DSA-65,sign,790,2844371,153590
ML-DSA-65,sign,791,1512371,81661
ML-DSA-65,sign,792,2844092,153574
ML-DSA-65,sign,793,8898778,480528
ML-DSA-65,sign,794,3514056,189752
ML-DSA-65,sign,795,1512371,81660
ML-DSA-65,sign,796,6203630,334988
ML-DSA-65,sign,797,1513426,81717
ML-DSA-65,sign,798,2173908,117383
ML-DSA-65,sign,799,12254574,661738
ML-DSA-65,sign,800,3524037,190290
ML-DSA-65,sign,801,1517445,81934
ML-DSA-65,sign,802,4194833,226514
ML-DSA-65,sign,803,1503629,81189
ML-DSA-65,sign,804,16276204,878907
ML-DSA-65,sign,805,6214537,335578
ML-DSA-65,sign,806,2173686,117373
ML-DSA-65,sign,807,4193722,226454
ML-DSA-65,sign,808,4864537,262676
ML-DSA-65,sign,809,7552445,407826
ML-DSA-65,sign,810,2853240,154068
ML-DSA-65,sign,811,2183500,117901
ML-DSA-65,sign,812,12920185,697683
ML-DSA-65,sign,813,1503519,81183
ML-DSA-65,sign,814,1513537,81723
ML-DSA-65,sign,815,10903796,588797
ML-DSA-65,sign,816,3523611,190267
ML-DSA-65,sign,817,1517666,81946
ML-DSA-65,sign,818,9562982,516394
ML-DSA-65,sign,819,3524148,190297
ML-DSA-65,sign,820,6204056,335013
ML-DSA-65,sign,821,1518222,81975
ML-DSA-65,sign,822,13597371,734250
ML-DSA-65,sign,823,6882203,371632
ML-DSA-65,sign,824,2854556,154138
ML-DSA-65,sign,825,9563185,516405
ML-DSA-65,sign,826,7552833,407846
ML-DSA-65,sign,827,3525093,190347
ML-DSA-65,sign,828,6204297,335026
ML-DSA-65,sign,829,2853685,154093
ML-DSA-65,sign,830,4193889,226462
ML-DSA-65,sign,831,4864074,262652
ML-DSA-65,sign,832,2855093,154168
ML-DSA-65,sign,833,1503463,81180
ML-DSA-65,sign,834,1512277,81655
ML-DSA-65,sign,835,1503593,81187
ML-DSA-65,sign,836,2182685,117859
ML-DSA-65,sign,837,3523851,190281
ML-DSA-65,sign,838,4863944,262646
ML-DSA-65,sign,839,1503888,81202
ML-DSA-65,sign,840,2182870,117867
ML-DSA-65,sign,841,1503648,81189
ML-DSA-65,sign,842,5540575,299183
ML-DSA-65,sign,843,4864055,262651
ML-DSA-65,sign,844,6204981,335061
ML-DSA-65,sign,845,4198592,226715
ML-DSA-65,sign,846,3523870,190282
ML-DSA-65,sign,847,2853333,154073
ML-DSA-65,sign,848,1503648,81190
ML-DSA-65,sign,849,1512314,81657
ML-DSA-65,sign,850,8221444,443952
ML-DSA-65,sign,851,1503741,81194
ML-DSA-65,sign,852,2182630,117854
ML-DSA-65,sign,853,2173889,117382
ML-DSA-65,sign,854,2857574,154301
ML-DSA-65,sign,855,2184000,117928
ML-DSA-65,sign,856,3514129,189756
ML-DSA-65,sign,857,4870537,263002
ML-DSA-65,sign,858,9563908,516443
ML-DSA-65,sign,859,14267815,770455
ML-DSA-65,sign,860,1504037,81212
ML-DSA-65,sign,861,2172963,117334
ML-DSA-65,sign,862,2182963,117873
ML-DSA-65,sign,863,1503703,81194
ML-DSA-65,sign,864,4870944,263024
ML-DSA-65,sign,865,2173908,117384
ML-DSA-65,sign,866,5540463,299177
ML-DSA-65,sign,867,3514018,189749
ML-DSA-65,sign,868,2852500,154027
ML-DSA-65,sign,869,10239908,552949
ML-DSA-65,sign,870,2843907,153564
ML-DSA-65,sign,871,11069630,597752
ML-DSA-65,sign,872,4193963,226468
ML-DSA-65,sign,873,9570000,516772
ML-DSA-65,sign,874,8891889,480154
ML-DSA-65,sign,875,2854055,154111
ML-DSA-65,sign,876,1503852,81201
ML-DSA-65,sign,877,16953908,915503
ML-DSA-65,sign,878,16278518,879033
ML-DSA-65,sign,879,2183538,117903
ML-DSA-65,sign,880,5689407,307221
ML-DSA-65,sign,881,2183667,117911
ML-DSA-65,sign,882,3524722,190328
ML-DSA-65,sign,883,2844129,153576
ML-DSA-65,sign,884,1512370,81661
ML-DSA-65,sign,885,4864018,262649
ML-DSA-65,sign,886,3523648,190270
ML-DSA-65,sign,887,10915222,589413
ML-DSA-65,sign,888,1504092,81213
ML-DSA-65,sign,889,3523075,190239
ML-DSA-65,sign,890,2173796,117379
ML-DSA-65,sign,891,2852222,154013
ML-DSA-65,sign,892,4194852,226516
ML-DSA-65,sign,893,5542500,299288
ML-DSA-65,sign,894,8894092,480273
ML-DSA-65,sign,895,4865537,262731
ML-DSA-65,sign,896,8221315,443945
ML-DSA-65,sign,897,2853778,154098
ML-DSA-65,sign,898,4193408,226437
ML-DSA-65,sign,899,1503315,81172
ML-DSA-65,sign,900,6880870,371559
ML-DSA-65,sign,901,3523334,190252
ML-DSA-65,sign,902,1503852,81201
ML-DSA-65,sign,903,1516204,81867
ML-DSA-65,sign,904,2844185,153580
ML-DSA-65,sign,905,3522463,190206
ML-DSA-65,sign,906,11580481,625340
ML-DSA-65,sign,907,4193852,226461
ML-DSA-65,sign,908,2183018,117875
ML-DSA-65,sign,909,2173686,117372
ML-DSA-65,sign,910,8220259,443887
ML-DSA-65,sign,911,4197889,226678
ML-DSA-65,sign,912,5542537,299290
ML-DSA-65,sign,913,4864352,262668
ML-DSA-65,sign,914,7550685,407730
ML-DSA-65,sign,915,13074611,706023
ML-DSA-65,sign,916,2182593,117853
ML-DSA-65,sign,917,2843926,153565
ML-DSA-65,sign,918,1512852,81687
ML-DSA-65,sign,919,5533722,298815
ML-DSA-65,sign,920,1503778,81196
ML-DSA-65,sign,921,7550574,407723
ML-DSA-65,sign,922,5541241,299219
ML-DSA-65,sign,923,1503259,81168
ML-DSA-65,sign,924,4191759,226347
ML-DSA-65,sign,925,2854871,154156
ML-DSA-65,sign,926,7550982,407745
ML-DSA-65,sign,927,2173778,117377
ML-DSA-65,sign,928,4869796,262962
ML-DSA-65,sign,929,4868889,262911
ML-DSA-65,sign,930,2844000,153571
ML-DSA-65,sign,931,3522278,190196
ML-DSA-65,sign,932,5540833,299196
ML-DSA-65,sign,933,2843463,153540
ML-DSA-65,sign,934,2188037,118146
ML-DSA-65,sign,935,4863686,262630
ML-DSA-65,sign,936,2183463,117899
ML-DSA-65,sign,937,4863370,262615
ML-DSA-65,sign,938,8225185,444153
ML-DSA-65,sign,939,1503722,81194
ML-DSA-65,sign,940,5540019,299155
ML-DSA-65,sign,941,4863667,262631
ML-DSA-65,sign,942,2855019,154164
ML-DSA-65,sign,943,2173593,117366
ML-DSA-65,sign,944,3521945,190177
ML-DSA-65,sign,945,6211445,335411
ML-DSA-65,sign,946,3522259,190194
ML-DSA-65,sign,947,6203648,334989
ML-DSA-65,sign,948,2854167,154117
ML-DSA-65,sign,949,5878907,317436
ML-DSA-65,sign,950,2224315,120105
ML-DSA-65,sign,951,4872648,263114
ML-DSA-65,sign,952,10919833,589663
ML-DSA-65,sign,953,2855074,154165
ML-DSA-65,sign,954,4864426,262672
ML-DSA-65,sign,955,8891019,480108
ML-DSA-65,sign,956,2187944,118139
ML-DSA-65,sign,957,2844815,153614
ML-DSA-65,sign,958,3533186,190784
ML-DSA-65,sign,959,10241870,553054
ML-DSA-65,sign,960,1503648,81190
ML-DSA-65,sign,961,3521889,190176
ML-DSA-65,sign,962,6881185,371577
ML-DSA-65,sign,963,12249222,661450
ML-DSA-65,sign,964,3522945,190232
ML-DSA-65,sign,965,2843760,153555
ML-DSA-65,sign,966,3522463,190205
ML-DSA-65,sign,967,2853482,154082
ML-DSA-65,sign,968,2853074,154059
ML-DSA-65,sign,969,2843518,153542
ML-DSA-65,sign,970,11580685,625349
ML-DSA-65,sign,971,10947704,591161
ML-DSA-65,sign,972,2859352,154396
ML-DSA-65,sign,973,8920352,481690
ML-DSA-65,sign,974,2855222,154176
ML-DSA-65,sign,975,1503278,81169
ML-DSA-65,sign,976,1502315,81118
ML-DSA-65,sign,977,5566018,300556
ML-DSA-65,sign,978,2175629,117476
ML-DSA-65,sign,979,4870686,263005
ML-DSA-65,sign,980,3513796,189739
ML-DSA-65,sign,981,8220277,443883
ML-DSA-65,sign,982,2182778,117863
ML-DSA-65,sign,983,10917074,589514
ML-DSA-65,sign,984,2843611,153548
ML-DSA-65,sign,985,1513500,81717
ML-DSA-65,sign,986,1503129,81163
ML-DSA-65,sign,987,2852038,154004
ML-DSA-65,sign,988,4349055,234841
ML-DSA-65,sign,989,3523055,190238
ML-DSA-65,sign,990,6881111,371573
ML-DSA-65,sign,991,10236167,552744
ML-DSA-65,sign,992,2853241,154069
ML-DSA-65,sign,993,3524000,190290
ML-DSA-65,sign,994,1503686,81191
ML-DSA-65,sign,995,1511333,81604
ML-DSA-65,sign,996,2843593,153548
ML-DSA-65,sign,997,2182240,117834
ML-DSA-65,sign,998,3523000,190235
ML-DSA-65,sign,999,6873629,371169
ML-DSA-65,verify,0,812741,43879
ML-DSA-65,verify,1,796259,42993
ML-DSA-65,verify,2,795481,42949
ML-DSA-65,verify,3,795389,42944
ML-DSA-65,verify,4,795463,42950
ML-DSA-65,verify,5,804704,43446
ML-DSA-65,verify,6,796148,42987
ML-DSA-65,verify,7,795444,42948
ML-DSA-65,verify,8,795463,42949
ML-DSA-65,verify,9,795445,42948
ML-DSA-65,verify,10,804630,43443
ML-DSA-65,verify,11,796185,42988
ML-DSA-65,verify,12,795351,42943
ML-DSA-65,verify,13,795407,42947
ML-DSA-65,verify,14,795259,42938
ML-DSA-65,verify,15,828760,44745
ML-DSA-65,verify,16,796833,43023
ML-DSA-65,verify,17,795389,42946
ML-DSA-65,verify,18,795519,42953
ML-DSA-65,verify,19,795500,42951
ML-DSA-65,verify,20,813296,43910
ML-DSA-65,verify,21,796481,43005
ML-DSA-65,verify,22,795389,42945
ML-DSA-65,verify,23,795314,42941
ML-DSA-65,verify,24,795370,42943
ML-DSA-65,verify,25,805630,43498
ML-DSA-65,verify,26,796019,42979
ML-DSA-65,verify,27,795334,42941
ML-DSA-65,verify,28,795314,42941
ML-DSA-65,verify,29,795222,42937
ML-DSA-65,verify,30,804760,43451
ML-DSA-65,verify,31,796093,42983
ML-DSA-65,verify,32,795352,42943
ML-DSA-65,verify,33,795389,42946
ML-DSA-65,verify,34,795444,42949
ML-DSA-65,verify,35,804740,43448
ML-DSA-65,verify,36,796296,42995
ML-DSA-65,verify,37,795389,42945
ML-DSA-65,verify,38,795333,42942
ML-DSA-65,verify,39,795389,42945
ML-DSA-65,verify,40,804815,43453
ML-DSA-65,verify,41,796370,42997
ML-DSA-65,verify,42,795352,42942
ML-DSA-65,verify,43,795481,42950
ML-DSA-65,verify,44,795445,42948
ML-DSA-65,verify,45,804833,43454
ML-DSA-65,verify,46,796148,42986
ML-DSA-65,verify,47,795407,42946
ML-DSA-65,verify,48,795352,42943
ML-DSA-65,verify,49,795371,42945
ML-DSA-65,verify,50,804833,43455
ML-DSA-65,verify,51,796167,42987
ML-DSA-65,verify,52,795333,42943
ML-DSA-65,verify,53,795277,42938
ML-DSA-65,verify,54,795278,42939
ML-DSA-65,verify,55,804796,43453
ML-DSA-65,verify,56,796203,42989
ML-DSA-65,verify,57,795463,42949
ML-DSA-65,verify,58,795352,42943
ML-DSA-65,verify,59,795297,42941
ML-DSA-65,verify,60,805019,43465
ML-DSA-65,verify,61,798018,43086
ML-DSA-65,verify,62,795519,42953
ML-DSA-65,verify,63,795574,42954
ML-DSA-65,verify,64,795445,42949
ML-DSA-65,verify,65,806611,43550
ML-DSA-65,verify,66,796204,42988
ML-DSA-65,verify,67,795518,42952
ML-DSA-65,verify,68,795259,42939
ML-DSA-65,verify,69,795593,42955
ML-DSA-65,verify,70,806889,43564
ML-DSA-65,verify,71,796389,42998
ML-DSA-65,verify,72,795445,42949
ML-DSA-65,verify,73,795426,42947
ML-DSA-65,verify,74,795315,42941
ML-DSA-65,verify,75,834945,45079
ML-DSA-65,verify,76,796630,43013
ML-DSA-65,verify,77,795444,42948
ML-DSA-65,verify,78,795370,42945
ML-DSA-65,verify,79,795408,42946
ML-DSA-65,verify,80,805944,43514
ML-DSA-65,verify,81,796352,42998
ML-DSA-65,verify,82,795518,42953
ML-DSA-65,verify,83,795260,42938
ML-DSA-65,verify,84,795241,42938
ML-DSA-65,verify,85,805259,43477
ML-DSA-65,verify,86,796352,42998
ML-DSA-65,verify,87,795482,42950
ML-DSA-65,verify,88,795408,42947
ML-DSA-65,verify,89,795389,42945
ML-DSA-65,verify,90,805037,43465
ML-DSA-65,verify,91,796222,42991
ML-DSA-65,verify,92,795389,42945
ML-DSA-65,verify,93,795482,42950
ML-DSA-65,verify,94,795333,42941
ML-DSA-65,verify,95,810037,43734
ML-DSA-65,verify,96,796278,42994
ML-DSA-65,verify,97,795555,42954
ML-DSA-65,verify,98,795463,42948
ML-DSA-65,verify,99,795500,42952
ML-DSA-65,verify,100,805222,43475
ML-DSA-65,verify,101,796241,42992
ML-DSA-65,verify,102,795555,42954
ML-DSA-65,verify,103,795370,42944
ML-DSA-65,verify,104,795315,42941
ML-DSA-65,verify,105,805167,43472
ML-DSA-65,verify,106,796315,42994
ML-DSA-65,verify,107,795537,42954
ML-DSA-65,verify,108,795315,42941
ML-DSA-65,verify,109,795408,42947
ML-DSA-65,verify,110,804889,43457
ML-DSA-65,verify,111,796259,42993
ML-DSA-65,verify,112,795537,42953
ML-DSA-65,verify,113,795426,42947
ML-DSA-65,verify,114,795518,42952
ML-DSA-65,verify,115,804796,43452
ML-DSA-65,verify,116,796185,42988
ML-DSA-65,verify,117,795408,42947
ML-DSA-65,verify,118,795426,42948
ML-DSA-65,verify,119,795389,42946
ML-DSA-65,verify,120,805204,43473
ML-DSA-65,verify,121,796166,42987
ML-DSA-65,verify,122,795574,42956
ML-DSA-65,verify,123,795370,42944
ML-DSA-65,verify,124,795352,42943
ML-DSA-65,verify,125,804963,43462
ML-DSA-65,verify,126,796352,42997
ML-DSA-65,verify,127,795518,42951
ML-DSA-65,verify,128,795481,42951
ML-DSA-65,verify,129,795407,42947
ML-DSA-65,verify,130,805074,43466
ML-DSA-65,verify,131,796259,42991
ML-DSA-65,verify,132,795593,42955
ML-DSA-65,verify,133,795407,42945
ML-DSA-65,verify,134,795481,42950
ML-DSA-65,verify,135,805000,43463
ML-DSA-65,verify,136,796278,42994
ML-DSA-65,verify,137,795518,42952
ML-DSA-65,verify,138,795537,42954
ML-DSA-65,verify,139,795370,42944
ML-DSA-65,verify,140,804926,43459
ML-DSA-65,verify,141,796333,42996
ML-DSA-65,verify,142,795481,42950
ML-DSA-65,verify,143,795444,42949
ML-DSA-65,verify,144,795444,42949
ML-DSA-65,verify,145,804778,43452
ML-DSA-65,verify,146,796315,42995
ML-DSA-65,verify,147,795370,42944
ML-DSA-65,verify,148,795259,42939
ML-DSA-65,verify,149,795148,42933
ML-DSA-65,verify,150,804815,43453
ML-DSA-65,verify,151,796055,42981
ML-DSA-65,verify,152,795278,42939
ML-DSA-65,verify,153,795074,42929
ML-DSA-65,verify,154,795333,42942
ML-DSA-65,verify,155,804982,43460
ML-DSA-65,verify,156,796315,42994
ML-DSA-65,verify,157,795463,42950
ML-DSA-65,verify,158,795370,42944
ML-DSA-65,verify,159,795407,42946
ML-DSA-65,verify,160,805852,43508
ML-DSA-65,verify,161,796370,42998
ML-DSA-65,verify,162,795500,42950
ML-DSA-65,verify,163,795389,42946
ML-DSA-65,verify,164,795389,42946
ML-DSA-65,verify,165,804944,43461
ML-DSA-65,verify,166,796203,42990
ML-DSA-65,verify,167,795518,42952
ML-DSA-65,verify,168,795352,42944
ML-DSA-65,verify,169,795519,42952
ML-DSA-65,verify,170,804315,43425
ML-DSA-65,verify,171,796222,42989
ML-DSA-65,verify,172,795408,42946
ML-DSA-65,verify,173,795482,42950
ML-DSA-65,verify,174,795463,42949
ML-DSA-65,verify,175,810760,43775
ML-DSA-65,verify,176,796351,42999
ML-DSA-65,verify,177,795389,42945
ML-DSA-65,verify,178,795463,42949
ML-DSA-65,verify,179,795500,42952
ML-DSA-65,verify,180,804796,43450
ML-DSA-65,verify,181,796314,42996
ML-DSA-65,verify,182,797759,43071
ML-DSA-65,verify,183,795352,42945
ML-DSA-65,verify,184,805852,43509
ML-DSA-65,verify,185,796518,43006
ML-DSA-65,verify,186,795426,42948
ML-DSA-65,verify,187,795370,42945
ML-DSA-65,verify,188,795482,42950
ML-DSA-65,verify,189,805574,43493
ML-DSA-65,verify,190,796129,42985
ML-DSA-65,verify,191,795407,42946
ML-DSA-65,verify,192,795481,42950
ML-DSA-65,verify,193,795481,42951
ML-DSA-65,verify,194,804574,43439
ML-DSA-65,verify,195,796519,43006
ML-DSA-65,verify,196,795463,42948
ML-DSA-65,verify,197,795481,42950
ML-DSA-65,verify,198,795426,42946
ML-DSA-65,verify,199,804518,43437
ML-DSA-65,verify,200,796407,43000
ML-DSA-65,verify,201,795352,42944
ML-DSA-65,verify,202,795445,42949
ML-DSA-65,verify,203,795352,42944
ML-DSA-65,verify,204,805000,43464
ML-DSA-65,verify,205,796092,42984
ML-DSA-65,verify,206,795482,42951
ML-DSA-65,verify,207,795426,42946
ML-DSA-65,verify,208,795277,42939
ML-DSA-65,verify,209,804648,43444
ML-DSA-65,verify,210,796611,43011
ML-DSA-65,verify,211,795426,42946
ML-DSA-65,verify,212,795260,42938
ML-DSA-65,verify,213,795463,42949
ML-DSA-65,verify,214,804629,43442
ML-DSA-65,verify,215,796370,42998
ML-DSA-65,verify,216,795518,42953
ML-DSA-65,verify,217,795352,42944
ML-DSA-65,verify,218,795444,42949
ML-DSA-65,verify,219,804760,43450
ML-DSA-65,verify,220,795815,42968
ML-DSA-65,verify,221,795574,42954
ML-DSA-65,verify,222,795333,42942
ML-DSA-65,verify,223,795407,42947
ML-DSA-65,verify,224,809685,43716
ML-DSA-65,verify,225,796537,43006
ML-DSA-65,verify,226,795426,42948
ML-DSA-65,verify,227,795444,42947
ML-DSA-65,verify,228,795426,42946
ML-DSA-65,verify,229,805185,43472
ML-DSA-65,verify,230,796055,42981
ML-DSA-65,verify,231,795500,42950
ML-DSA-65,verify,232,795370,42944
ML-DSA-65,verify,233,795444,42947
ML-DSA-65,verify,234,803740,43393
ML-DSA-65,verify,235,796556,43008
ML-DSA-65,verify,236,795482,42949
ML-DSA-65,verify,237,795407,42947
ML-DSA-65,verify,238,795407,42947
ML-DSA-65,verify,239,805111,43469
ML-DSA-65,verify,240,796482,43004
ML-DSA-65,verify,241,795500,42951
ML-DSA-65,verify,242,795389,42946
ML-DSA-65,verify,243,795389,42945
ML-DSA-65,verify,244,805000,43463
ML-DSA-65,verify,245,796371,42998
ML-DSA-65,verify,246,795575,42956
ML-DSA-65,verify,247,795334,42942
ML-DSA-65,verify,248,795444,42948
ML-DSA-65,verify,249,804797,43451
ML-DSA-65,verify,250,796351,42996
ML-DSA-65,verify,251,795537,42953
ML-DSA-65,verify,252,795426,42947
ML-DSA-65,verify,253,795500,42951
ML-DSA-65,verify,254,804852,43456
ML-DSA-65,verify,255,795833,42969
ML-DSA-65,verify,256,795426,42946
ML-DSA-65,verify,257,795315,42942
ML-DSA-65,verify,258,795352,42942
ML-DSA-65,verify,259,805018,43465
ML-DSA-65,verify,260,796556,43009
ML-DSA-65,verify,261,795500,42952
ML-DSA-65,verify,262,795463,42950
ML-DSA-65,verify,263,795500,42950
ML-DSA-65,verify,264,804944,43459
ML-DSA-65,verify,265,795926,42975
ML-DSA-65,verify,266,795389,42946
ML-DSA-65,verify,267,795519,42953
ML-DSA-65,verify,268,795149,42932
ML-DSA-65,verify,269,804723,43448
ML-DSA-65,verify,270,795852,42970
ML-DSA-65,verify,271,795352,42943
ML-DSA-65,verify,272,795296,42940
ML-DSA-65,verify,273,795241,42937
ML-DSA-65,verify,274,805167,43471
ML-DSA-65,verify,275,796556,43008
ML-DSA-65,verify,276,795741,42963
ML-DSA-65,verify,277,795704,42963
ML-DSA-65,verify,278,795519,42953
ML-DSA-65,verify,279,805092,43466
ML-DSA-65,verify,280,796204,42990
ML-DSA-65,verify,281,795519,42952
ML-DSA-65,verify,282,795537,42952
ML-DSA-65,verify,283,795630,42958
ML-DSA-65,verify,284,805074,43466
ML-DSA-65,verify,285,796629,43011
ML-DSA-65,verify,286,795667,42961
ML-DSA-65,verify,287,795519,42951
ML-DSA-65,verify,288,795666,42960
ML-DSA-65,verify,289,805000,43463
ML-DSA-65,verify,290,795982,42978
ML-DSA-65,verify,291,795574,42955
ML-DSA-65,verify,292,795685,42960
ML-DSA-65,verify,293,795611,42957
ML-DSA-65,verify,294,804852,43454
ML-DSA-65,verify,295,796148,42987
ML-DSA-65,verify,296,795648,42959
ML-DSA-65,verify,297,795611,42957
ML-DSA-65,verify,298,795555,42954
ML-DSA-65,verify,299,804759,43449
ML-DSA-65,verify,300,796685,43016
ML-DSA-65,verify,301,795629,42958
ML-DSA-65,verify,302,795426,42947
ML-DSA-65,verify,303,798296,43101
ML-DSA-65,verify,304,807204,43582
ML-DSA-65,verify,305,796500,43005
ML-DSA-65,verify,306,795759,42966
ML-DSA-65,verify,307,795389,42945
ML-DSA-65,verify,308,795463,42950
ML-DSA-65,verify,309,805481,43488
ML-DSA-65,verify,310,796574,43009
ML-DSA-65,verify,311,795630,42958
ML-DSA-65,verify,312,795556,42954
ML-DSA-65,verify,313,795463,42950
ML-DSA-65,verify,314,804389,43430
ML-DSA-65,verify,315,796389,42999
ML-DSA-65,verify,316,795519,42953
ML-DSA-65,verify,317,795555,42954
ML-DSA-65,verify,318,795648,42959
ML-DSA-65,verify,319,805500,43490
ML-DSA-65,verify,320,796333,42996
ML-DSA-65,verify,321,795556,42955
ML-DSA-65,verify,322,795704,42962
ML-DSA-65,verify,323,795703,42961
ML-DSA-65,verify,324,806537,43547
ML-DSA-65,verify,325,796407,43000
ML-DSA-65,verify,326,795648,42958
ML-DSA-65,verify,327,795593,42956
ML-DSA-65,verify,328,795630,42958
ML-DSA-65,verify,329,811945,43838
ML-DSA-65,verify,330,796685,43017
ML-DSA-65,verify,331,795777,42966
ML-DSA-65,verify,332,795648,42960
ML-DSA-65,verify,333,795518,42952
ML-DSA-65,verify,334,806167,43527
ML-DSA-65,verify,335,796426,43002
ML-DSA-65,verify,336,795556,42954
ML-DSA-65,verify,337,795482,42951
ML-DSA-65,verify,338,795574,42956
ML-DSA-65,verify,339,805500,43490
ML-DSA-65,verify,340,796556,43007
ML-DSA-65,verify,341,795703,42962
ML-DSA-65,verify,342,795593,42956
ML-DSA-65,verify,343,795685,42960
ML-DSA-65,verify,344,805111,43469
ML-DSA-65,verify,345,796408,42999
ML-DSA-65,verify,346,795538,42954
ML-DSA-65,verify,347,795722,42963
ML-DSA-65,verify,348,795686,42962
ML-DSA-65,verify,349,805352,43482
ML-DSA-65,verify,350,796463,43004
ML-DSA-65,verify,351,795519,42952
ML-DSA-65,verify,352,795593,42957
ML-DSA-65,verify,353,795481,42950
ML-DSA-65,verify,354,810352,43752
ML-DSA-65,verify,355,796666,43014
ML-DSA-65,verify,356,795723,42962
ML-DSA-65,verify,357,795482,42951
ML-DSA-65,verify,358,795629,42958
ML-DSA-65,verify,359,805685,43499
ML-DSA-65,verify,360,796426,43001
ML-DSA-65,verify,361,795648,42958
ML-DSA-65,verify,362,795556,42955
ML-DSA-65,verify,363,795537,42952
ML-DSA-65,verify,364,804889,43456
ML-DSA-65,verify,365,796463,43003
ML-DSA-65,verify,366,795593,42956
ML-DSA-65,verify,367,795685,42961
ML-DSA-65,verify,368,795611,42956
ML-DSA-65,verify,369,805722,43502
ML-DSA-65,verify,370,796445,43002
ML-DSA-65,verify,371,795555,42955
ML-DSA-65,verify,372,795592,42957
ML-DSA-65,verify,373,795555,42955
ML-DSA-65,verify,374,805314,43480
ML-DSA-65,verify,375,796315,42995
ML-DSA-65,verify,376,795482,42950
ML-DSA-65,verify,377,795500,42952
ML-DSA-65,verify,378,795611,42956
ML-DSA-65,verify,379,805019,43463
ML-DSA-65,verify,380,795592,42956
ML-DSA-65,verify,381,794851,42915
ML-DSA-65,verify,382,794815,42915
ML-DSA-65,verify,383,794833,42914
ML-DSA-65,verify,384,804148,43417
ML-DSA-65,verify,385,795463,42949
ML-DSA-65,verify,386,794759,42911
ML-DSA-65,verify,387,794648,42905
ML-DSA-65,verify,388,794593,42903
ML-DSA-65,verify,389,803889,43402
ML-DSA-65,verify,390,795370,42945
ML-DSA-65,verify,391,794667,42906
ML-DSA-65,verify,392,794519,42898
ML-DSA-65,verify,393,794518,42899
ML-DSA-65,verify,394,804019,43410
ML-DSA-65,verify,395,795444,42948
ML-DSA-65,verify,396,794648,42905
ML-DSA-65,verify,397,794852,42915
ML-DSA-65,verify,398,794703,42909
ML-DSA-65,verify,399,804074,43412
ML-DSA-65,verify,400,795574,42955
ML-DSA-65,verify,401,794777,42912
ML-DSA-65,verify,402,794741,42911
ML-DSA-65,verify,403,794648,42906
ML-DSA-65,verify,404,804241,43422
ML-DSA-65,verify,405,795630,42957
ML-DSA-65,verify,406,794907,42919
ML-DSA-65,verify,407,794741,42910
ML-DSA-65,verify,408,794759,42911
ML-DSA-65,verify,409,804129,43415
ML-DSA-65,verify,410,795611,42956
ML-DSA-65,verify,411,794889,42917
ML-DSA-65,verify,412,794797,42914
ML-DSA-65,verify,413,794833,42915
ML-DSA-65,verify,414,804889,43456
ML-DSA-65,verify,415,795593,42955
ML-DSA-65,verify,416,794685,42908
ML-DSA-65,verify,417,794703,42909
ML-DSA-65,verify,418,794797,42914
ML-DSA-65,verify,419,804334,43426
ML-DSA-65,verify,420,795593,42956
ML-DSA-65,verify,421,794815,42914
ML-DSA-65,verify,422,794741,42910
ML-DSA-65,verify,423,797185,43041
ML-DSA-65,verify,424,805000,43463
ML-DSA-65,verify,425,795704,42962
ML-DSA-65,verify,426,794907,42919
ML-DSA-65,verify,427,794722,42909
ML-DSA-65,verify,428,794759,42911
ML-DSA-65,verify,429,804296,43425
ML-DSA-65,verify,430,795592,42957
ML-DSA-65,verify,431,794852,42917
ML-DSA-65,verify,432,794851,42915
ML-DSA-65,verify,433,794722,42909
ML-DSA-65,verify,434,804111,43416
ML-DSA-65,verify,435,795518,42953
ML-DSA-65,verify,436,794778,42912
ML-DSA-65,verify,437,794759,42912
ML-DSA-65,verify,438,794629,42904
ML-DSA-65,verify,439,804203,43420
ML-DSA-65,verify,440,795722,42963
ML-DSA-65,verify,441,794667,42907
ML-DSA-65,verify,442,794648,42904
ML-DSA-65,verify,443,794648,42905
ML-DSA-65,verify,444,804037,43412
ML-DSA-65,verify,445,795519,42952
ML-DSA-65,verify,446,794888,42918
ML-DSA-65,verify,447,794797,42913
ML-DSA-65,verify,448,794815,42914
ML-DSA-65,verify,449,804037,43411
ML-DSA-65,verify,450,795611,42958
ML-DSA-65,verify,451,794852,42916
ML-DSA-65,verify,452,794797,42914
ML-DSA-65,verify,453,794778,42911
ML-DSA-65,verify,454,804166,43418
ML-DSA-65,verify,455,795519,42952
ML-DSA-65,verify,456,794704,42908
ML-DSA-65,verify,457,794722,42910
ML-DSA-65,verify,458,794926,42920
ML-DSA-65,verify,459,804889,43456
ML-DSA-65,verify,460,795648,42959
ML-DSA-65,verify,461,794666,42905
ML-DSA-65,verify,462,794666,42907
ML-DSA-65,verify,463,794630,42905
ML-DSA-65,verify,464,804296,43425
ML-DSA-65,verify,465,795870,42971
ML-DSA-65,verify,466,794741,42910
ML-DSA-65,verify,467,794777,42912
ML-DSA-65,verify,468,794778,42912
ML-DSA-65,verify,469,804278,43425
ML-DSA-65,verify,470,795963,42977
ML-DSA-65,verify,471,795111,42931
ML-DSA-65,verify,472,795130,42930
ML-DSA-65,verify,473,795241,42936
ML-DSA-65,verify,474,804500,43435
ML-DSA-65,verify,475,796037,42980
ML-DSA-65,verify,476,795278,42938
ML-DSA-65,verify,477,795130,42931
ML-DSA-65,verify,478,795204,42934
ML-DSA-65,verify,479,804463,43433
ML-DSA-65,verify,480,795889,42973
ML-DSA-65,verify,481,795185,42935
ML-DSA-65,verify,482,795222,42935
ML-DSA-65,verify,483,795130,42931
ML-DSA-65,verify,484,813741,43934
ML-DSA-65,verify,485,796408,43000
ML-DSA-65,verify,486,795278,42938
ML-DSA-65,verify,487,795260,42937
ML-DSA-65,verify,488,795185,42933
ML-DSA-65,verify,489,805148,43471
ML-DSA-65,verify,490,795537,42954
ML-DSA-65,verify,491,794685,42906
ML-DSA-65,verify,492,794777,42913
ML-DSA-65,verify,493,794741,42910
ML-DSA-65,verify,494,804112,43413
ML-DSA-65,verify,495,795537,42952
ML-DSA-65,verify,496,794870,42918
ML-DSA-65,verify,497,794740,42911
ML-DSA-65,verify,498,794703,42908
ML-DSA-65,verify,499,804260,43423
ML-DSA-65,verify,500,795778,42967
ML-DSA-65,verify,501,794871,42917
ML-DSA-65,verify,502,794834,42914
ML-DSA-65,verify,503,794759,42911
ML-DSA-65,verify,504,805000,43463
ML-DSA-65,verify,505,795537,42953
ML-DSA-65,verify,506,794741,42909
ML-DSA-65,verify,507,794815,42913
ML-DSA-65,verify,508,794704,42908
ML-DSA-65,verify,509,804185,43419
ML-DSA-65,verify,510,795556,42955
ML-DSA-65,verify,511,794648,42906
ML-DSA-65,verify,512,794630,42904
ML-DSA-65,verify,513,794537,42899
ML-DSA-65,verify,514,804167,43417
ML-DSA-65,verify,515,795574,42955
ML-DSA-65,verify,516,794648,42905
ML-DSA-65,verify,517,794814,42915
ML-DSA-65,verify,518,794685,42906
ML-DSA-65,verify,519,804204,43419
ML-DSA-65,verify,520,795611,42958
ML-DSA-65,verify,521,794648,42905
ML-DSA-65,verify,522,794611,42904
ML-DSA-65,verify,523,794666,42906
ML-DSA-65,verify,524,804185,43420
ML-DSA-65,verify,525,795555,42954
ML-DSA-65,verify,526,794704,42908
ML-DSA-65,verify,527,794833,42915
ML-DSA-65,verify,528,794685,42907
ML-DSA-65,verify,529,804241,43421
ML-DSA-65,verify,530,795537,42953
ML-DSA-65,verify,531,794926,42919
ML-DSA-65,verify,532,794834,42915
ML-DSA-65,verify,533,794685,42906
ML-DSA-65,verify,534,804019,43410
ML-DSA-65,verify,535,795556,42955
ML-DSA-65,verify,536,794777,42912
ML-DSA-65,verify,537,794648,42905
ML-DSA-65,verify,538,794777,42911
ML-DSA-65,verify,539,804278,43423
ML-DSA-65,verify,540,795722,42963
ML-DSA-65,verify,541,794759,42911
ML-DSA-65,verify,542,794778,42912
ML-DSA-65,verify,543,794759,42911
ML-DSA-65,verify,544,807519,43596
ML-DSA-65,verify,545,795722,42962
ML-DSA-65,verify,546,794889,42919
ML-DSA-65,verify,547,794778,42912
ML-DSA-65,verify,548,794778,42912
ML-DSA-65,verify,549,805704,43501
ML-DSA-65,verify,550,795611,42958
ML-DSA-65,verify,551,794871,42917
ML-DSA-65,verify,552,794629,42905
ML-DSA-65,verify,553,794648,42905
ML-DSA-65,verify,554,804389,43431
ML-DSA-65,verify,555,795537,42952
ML-DSA-65,verify,556,794667,42905
ML-DSA-65,verify,557,794777,42912
ML-DSA-65,verify,558,794760,42912
ML-DSA-65,verify,559,804389,43429
ML-DSA-65,verify,560,795518,42952
ML-DSA-65,verify,561,794704,42908
ML-DSA-65,verify,562,794870,42918
ML-DSA-65,verify,563,794722,42910
ML-DSA-65,verify,564,804130,43416
ML-DSA-65,verify,565,795537,42953
ML-DSA-65,verify,566,794852,42915
ML-DSA-65,verify,567,794648,42905
ML-DSA-65,verify,568,794852,42915
ML-DSA-65,verify,569,804186,43420
ML-DSA-65,verify,570,795593,42956
ML-DSA-65,verify,571,794889,42918
ML-DSA-65,verify,572,794629,42905
ML-DSA-65,verify,573,794908,42918
ML-DSA-65,verify,574,804019,43410
ML-DSA-65,verify,575,795593,42955
ML-DSA-65,verify,576,794834,42915
ML-DSA-65,verify,577,794815,42915
ML-DSA-65,verify,578,794704,42908
ML-DSA-65,verify,579,804111,43415
ML-DSA-65,verify,580,795630,42959
ML-DSA-65,verify,581,794703,42908
ML-DSA-65,verify,582,794777,42913
ML-DSA-65,verify,583,794815,42914
ML-DSA-65,verify,584,804185,43418
ML-DSA-65,verify,585,795593,42955
ML-DSA-65,verify,586,794740,42911
ML-DSA-65,verify,587,794851,42916
ML-DSA-65,verify,588,794741,42911
ML-DSA-65,verify,589,804426,43432
ML-DSA-65,verify,590,795518,42953
ML-DSA-65,verify,591,794852,42917
ML-DSA-65,verify,592,794722,42910
ML-DSA-65,verify,593,794833,42914
ML-DSA-65,verify,594,805129,43471
ML-DSA-65,verify,595,795500,42952
ML-DSA-65,verify,596,795092,42923
ML-DSA-65,verify,597,794649,42905
ML-DSA-65,verify,598,794815,42915
ML-DSA-65,verify,599,805000,43464
ML-DSA-65,verify,600,795815,42968
ML-DSA-65,verify,601,794870,42917
ML-DSA-65,verify,602,794759,42910
ML-DSA-65,verify,603,794778,42912
ML-DSA-65,verify,604,804574,43441
ML-DSA-65,verify,605,795574,42954
ML-DSA-65,verify,606,794852,42916
ML-DSA-65,verify,607,794852,42916
ML-DSA-65,verify,608,794981,42923
ML-DSA-65,verify,609,804797,43453
ML-DSA-65,verify,610,795704,42963
ML-DSA-65,verify,611,794741,42910
ML-DSA-65,verify,612,794741,42909
ML-DSA-65,verify,613,794759,42911
ML-DSA-65,verify,614,809277,43692
ML-DSA-65,verify,615,795814,42968
ML-DSA-65,verify,616,794907,42920
ML-DSA-65,verify,617,794814,42915
ML-DSA-65,verify,618,794666,42906
ML-DSA-65,verify,619,804815,43454
ML-DSA-65,verify,620,795556,42954
ML-DSA-65,verify,621,794778,42912
ML-DSA-65,verify,622,794722,42910
ML-DSA-65,verify,623,794759,42910
ML-DSA-65,verify,624,804537,43438
ML-DSA-65,verify,625,795611,42956
ML-DSA-65,verify,626,794870,42916
ML-DSA-65,verify,627,794778,42912
ML-DSA-65,verify,628,794723,42909
ML-DSA-65,verify,629,804407,43430
ML-DSA-65,verify,630,795445,42948
ML-DSA-65,verify,631,794574,42901
ML-DSA-65,verify,632,794741,42909
ML-DSA-65,verify,633,794648,42906
ML-DSA-65,verify,634,804481,43436
ML-DSA-65,verify,635,795500,42951
ML-DSA-65,verify,636,794741,42910
ML-DSA-65,verify,637,794648,42906
ML-DSA-65,verify,638,794796,42914
ML-DSA-65,verify,639,810537,43762
ML-DSA-65,verify,640,796037,42980
ML-DSA-65,verify,641,794778,42912
ML-DSA-65,verify,642,794833,42914
ML-DSA-65,verify,643,794814,42915
ML-DSA-65,verify,644,805000,43462
ML-DSA-65,verify,645,795685,42961
ML-DSA-65,verify,646,794759,42911
ML-DSA-65,verify,647,794889,42918
ML-DSA-65,verify,648,794833,42915
ML-DSA-65,verify,649,804389,43430
ML-DSA-65,verify,650,795777,42967
ML-DSA-65,verify,651,794741,42910
ML-DSA-65,verify,652,794796,42912
ML-DSA-65,verify,653,794778,42912
ML-DSA-65,verify,654,804203,43420
ML-DSA-65,verify,655,795685,42961
ML-DSA-65,verify,656,794685,42908
ML-DSA-65,verify,657,794740,42911
ML-DSA-65,verify,658,794685,42907
ML-DSA-65,verify,659,804278,43423
ML-DSA-65,verify,660,795555,42954
ML-DSA-65,verify,661,794833,42914
ML-DSA-65,verify,662,794685,42908
ML-DSA-65,verify,663,794685,42906
ML-DSA-65,verify,664,807537,43597
ML-DSA-65,verify,665,795611,42956
ML-DSA-65,verify,666,794870,42917
ML-DSA-65,verify,667,794760,42910
ML-DSA-65,verify,668,794741,42910
ML-DSA-65,verify,669,804481,43433
ML-DSA-65,verify,670,795629,42958
ML-DSA-65,verify,671,794907,42919
ML-DSA-65,verify,672,794815,42914
ML-DSA-65,verify,673,794685,42907
ML-DSA-65,verify,674,804351,43428
ML-DSA-65,verify,675,795649,42959
ML-DSA-65,verify,676,794870,42917
ML-DSA-65,verify,677,794814,42914
ML-DSA-65,verify,678,794741,42911
ML-DSA-65,verify,679,804426,43431
ML-DSA-65,verify,680,795592,42956
ML-DSA-65,verify,681,794759,42910
ML-DSA-65,verify,682,794778,42913
ML-DSA-65,verify,683,794760,42910
ML-DSA-65,verify,684,805167,43472
ML-DSA-65,verify,685,795592,42957
ML-DSA-65,verify,686,794851,42916
ML-DSA-65,verify,687,794833,42914
ML-DSA-65,verify,688,794796,42914
ML-DSA-65,verify,689,804519,43437
ML-DSA-65,verify,690,795611,42957
ML-DSA-65,verify,691,794778,42913
ML-DSA-65,verify,692,794778,42912
ML-DSA-65,verify,693,794685,42906
ML-DSA-65,verify,694,804333,43426
ML-DSA-65,verify,695,795685,42960
ML-DSA-65,verify,696,794722,42910
ML-DSA-65,verify,697,794778,42913
ML-DSA-65,verify,698,794815,42914
ML-DSA-65,verify,699,804425,43431
ML-DSA-65,verify,700,795555,42954
ML-DSA-65,verify,701,794723,42909
ML-DSA-65,verify,702,794741,42910
ML-DSA-65,verify,703,794888,42918
ML-DSA-65,verify,704,804167,43418
ML-DSA-65,verify,705,795593,42956
ML-DSA-65,verify,706,794889,42919
ML-DSA-65,verify,707,794759,42911
ML-DSA-65,verify,708,794778,42912
ML-DSA-65,verify,709,804518,43436
ML-DSA-65,verify,710,795519,42952
ML-DSA-65,verify,711,794926,42920
ML-DSA-65,verify,712,794703,42908
ML-DSA-65,verify,713,794740,42911
ML-DSA-65,verify,714,804148,43415
ML-DSA-65,verify,715,795537,42954
ML-DSA-65,verify,716,794667,42906
ML-DSA-65,verify,717,794815,42914
ML-DSA-65,verify,718,794871,42917
ML-DSA-65,verify,719,804277,43425
ML-DSA-65,verify,720,795592,42957
ML-DSA-65,verify,721,794815,42913
ML-DSA-65,verify,722,794759,42911
ML-DSA-65,verify,723,794630,42905
ML-DSA-65,verify,724,804259,43423
ML-DSA-65,verify,725,795611,42957
ML-DSA-65,verify,726,794741,42910
ML-DSA-65,verify,727,794612,42904
ML-DSA-65,verify,728,794741,42910
ML-DSA-65,verify,729,804149,43416
ML-DSA-65,verify,730,795500,42952
ML-DSA-65,verify,731,794852,42916
ML-DSA-65,verify,732,794759,42910
ML-DSA-65,verify,733,794815,42914
ML-DSA-65,verify,734,804130,43416
ML-DSA-65,verify,735,795463,42949
ML-DSA-65,verify,736,794907,42919
ML-DSA-65,verify,737,794778,42912
ML-DSA-65,verify,738,794889,42919
ML-DSA-65,verify,739,804278,43424
ML-DSA-65,verify,740,795574,42955
ML-DSA-65,verify,741,794833,42915
ML-DSA-65,verify,742,794611,42902
ML-DSA-65,verify,743,794777,42913
ML-DSA-65,verify,744,808666,43661
ML-DSA-65,verify,745,795833,42969
ML-DSA-65,verify,746,794907,42920
ML-DSA-65,verify,747,794777,42912
ML-DSA-65,verify,748,794852,42917
ML-DSA-65,verify,749,804556,43440
ML-DSA-65,verify,750,795407,42947
ML-DSA-65,verify,751,794648,42904
ML-DSA-65,verify,752,794611,42904
ML-DSA-65,verify,753,794611,42903
ML-DSA-65,verify,754,804222,43419
ML-DSA-65,verify,755,795389,42946
ML-DSA-65,verify,756,794685,42908
ML-DSA-65,verify,757,794611,42902
ML-DSA-65,verify,758,794833,42915
ML-DSA-65,verify,759,804667,43445
ML-DSA-65,verify,760,795630,42957
ML-DSA-65,verify,761,794723,42909
ML-DSA-65,verify,762,794760,42912
ML-DSA-65,verify,763,794778,42912
ML-DSA-65,verify,764,804204,43420
ML-DSA-65,verify,765,795518,42953
ML-DSA-65,verify,766,794685,42906
ML-DSA-65,verify,767,794741,42911
ML-DSA-65,verify,768,794778,42911
ML-DSA-65,verify,769,804222,43421
ML-DSA-65,verify,770,795630,42958
ML-DSA-65,verify,771,794889,42918
ML-DSA-65,verify,772,794666,42906
ML-DSA-65,verify,773,794666,42905
ML-DSA-65,verify,774,804259,43423
ML-DSA-65,verify,775,795611,42956
ML-DSA-65,verify,776,795315,42940
ML-DSA-65,verify,777,794722,42909
ML-DSA-65,verify,778,794777,42913
ML-DSA-65,verify,779,805649,43498
ML-DSA-65,verify,780,795686,42962
ML-DSA-65,verify,781,794723,42908
ML-DSA-65,verify,782,794852,42917
ML-DSA-65,verify,783,794648,42906
ML-DSA-65,verify,784,804185,43419
ML-DSA-65,verify,785,797518,43058
ML-DSA-65,verify,786,794685,42907
ML-DSA-65,verify,787,794852,42916
ML-DSA-65,verify,788,794778,42912
ML-DSA-65,verify,789,805519,43491
ML-DSA-65,verify,790,795555,42954
ML-DSA-65,verify,791,794722,42910
ML-DSA-65,verify,792,794723,42909
ML-DSA-65,verify,793,794834,42914
ML-DSA-65,verify,794,809963,43730
ML-DSA-65,verify,795,795963,42975
ML-DSA-65,verify,796,794778,42913
ML-DSA-65,verify,797,794778,42911
ML-DSA-65,verify,798,794666,42905
ML-DSA-65,verify,799,804519,43436
ML-DSA-65,verify,800,795537,42953
ML-DSA-65,verify,801,794907,42919
ML-DSA-65,verify,802,794815,42915
ML-DSA-65,verify,803,794777,42913
ML-DSA-65,verify,804,804426,43432
ML-DSA-65,verify,805,795722,42963
ML-DSA-65,verify,806,794815,42914
ML-DSA-65,verify,807,794741,42910
ML-DSA-65,verify,808,794667,42906
ML-DSA-65,verify,809,804223,43421
ML-DSA-65,verify,810,795463,42949
ML-DSA-65,verify,811,794722,42909
ML-DSA-65,verify,812,794796,42913
ML-DSA-65,verify,813,794666,42906
ML-DSA-65,verify,814,804166,43418
ML-DSA-65,verify,815,795592,42957
ML-DSA-65,verify,816,794852,42916
ML-DSA-65,verify,817,794685,42907
ML-DSA-65,verify,818,794648,42905
ML-DSA-65,verify,819,804129,43415
ML-DSA-65,verify,820,795555,42953
ML-DSA-65,verify,821,794814,42913
ML-DSA-65,verify,822,794815,42913
ML-DSA-65,verify,823,794833,42915
ML-DSA-65,verify,824,805259,43477
ML-DSA-65,verify,825,795629,42958
ML-DSA-65,verify,826,794889,42917
ML-DSA-65,verify,827,794722,42908
ML-DSA-65,verify,828,794796,42913
ML-DSA-65,verify,829,804352,43429
ML-DSA-65,verify,830,795519,42953
ML-DSA-65,verify,831,794870,42917
ML-DSA-65,verify,832,794871,42917
ML-DSA-65,verify,833,794759,42912
ML-DSA-65,verify,834,804296,43423
ML-DSA-65,verify,835,795500,42951
ML-DSA-65,verify,836,794796,42913
ML-DSA-65,verify,837,794778,42913
ML-DSA-65,verify,838,794741,42910
ML-DSA-65,verify,839,804222,43421
ML-DSA-65,verify,840,795722,42963
ML-DSA-65,verify,841,794760,42912
ML-DSA-65,verify,842,794723,42909
ML-DSA-65,verify,843,794667,42906
ML-DSA-65,verify,844,804074,43413
ML-DSA-65,verify,845,795389,42946
ML-DSA-65,verify,846,794722,42910
ML-DSA-65,verify,847,794834,42915
ML-DSA-65,verify,848,794686,42907
ML-DSA-65,verify,849,804149,43416
ML-DSA-65,verify,850,795482,42949
ML-DSA-65,verify,851,794870,42917
ML-DSA-65,verify,852,794685,42907
ML-DSA-65,verify,853,794593,42903
ML-DSA-65,verify,854,804333,43427
ML-DSA-65,verify,855,795593,42957
ML-DSA-65,verify,856,794741,42911
ML-DSA-65,verify,857,794815,42914
ML-DSA-65,verify,858,794666,42906
ML-DSA-65,verify,859,804037,43410
ML-DSA-65,verify,860,795519,42953
ML-DSA-65,verify,861,794777,42912
ML-DSA-65,verify,862,794814,42915
ML-DSA-65,verify,863,794759,42912
ML-DSA-65,verify,864,804074,43413
ML-DSA-65,verify,865,795500,42952
ML-DSA-65,verify,866,794870,42916
ML-DSA-65,verify,867,794649,42905
ML-DSA-65,verify,868,794815,42915
ML-DSA-65,verify,869,804056,43411
ML-DSA-65,verify,870,795426,42947
ML-DSA-65,verify,871,794759,42912
ML-DSA-65,verify,872,794611,42903
ML-DSA-65,verify,873,794685,42907
ML-DSA-65,verify,874,807963,43622
ML-DSA-65,verify,875,795574,42956
ML-DSA-65,verify,876,794648,42906
ML-DSA-65,verify,877,794518,42898
ML-DSA-65,verify,878,794519,42899
ML-DSA-65,verify,879,804556,43439
ML-DSA-65,verify,880,795833,42969
ML-DSA-65,verify,881,794870,42916
ML-DSA-65,verify,882,794722,42909
ML-DSA-65,verify,883,794815,42915
ML-DSA-65,verify,884,804370,43429
ML-DSA-65,verify,885,795704,42963
ML-DSA-65,verify,886,794777,42912
ML-DSA-65,verify,887,794722,42909
ML-DSA-65,verify,888,794722,42909
ML-DSA-65,verify,889,804185,43418
ML-DSA-65,verify,890,795612,42957
ML-DSA-65,verify,891,794834,42915
ML-DSA-65,verify,892,794741,42909
ML-DSA-65,verify,893,794759,42911
ML-DSA-65,verify,894,804241,43422
ML-DSA-65,verify,895,795667,42960
ML-DSA-65,verify,896,794889,42918
ML-DSA-65,verify,897,794797,42914
ML-DSA-65,verify,898,794778,42911
ML-DSA-65,verify,899,804093,43413
ML-DSA-65,verify,900,795630,42958
ML-DSA-65,verify,901,794777,42912
ML-DSA-65,verify,902,794777,42912
ML-DSA-65,verify,903,794685,42907
ML-DSA-65,verify,904,804204,43419
ML-DSA-65,verify,905,797204,43041
ML-DSA-65,verify,906,794833,42916
ML-DSA-65,verify,907,794815,42915
ML-DSA-65,verify,908,794777,42911
ML-DSA-65,verify,909,805352,43481
ML-DSA-65,verify,910,795667,42960
ML-DSA-65,verify,911,794852,42916
ML-DSA-65,verify,912,794815,42914
ML-DSA-65,verify,913,794815,42913
ML-DSA-65,verify,914,804259,43423
ML-DSA-65,verify,915,795519,42952
ML-DSA-65,verify,916,794851,42916
ML-DSA-65,verify,917,794667,42906
ML-DSA-65,verify,918,794797,42914
ML-DSA-65,verify,919,805445,43487
ML-DSA-65,verify,920,795593,42955
ML-DSA-65,verify,921,794852,42917
ML-DSA-65,verify,922,794889,42918
ML-DSA-65,verify,923,794685,42908
ML-DSA-65,verify,924,804574,43440
ML-DSA-65,verify,925,795519,42952
ML-DSA-65,verify,926,794907,42919
ML-DSA-65,verify,927,794815,42915
ML-DSA-65,verify,928,794796,42912
ML-DSA-65,verify,929,804407,43430
ML-DSA-65,verify,930,795574,42954
ML-DSA-65,verify,931,794686,42907
ML-DSA-65,verify,932,794797,42914
ML-DSA-65,verify,933,794778,42912
ML-DSA-65,verify,934,804463,43434
ML-DSA-65,verify,935,795629,42959
ML-DSA-65,verify,936,794852,42916
ML-DSA-65,verify,937,794833,42915
ML-DSA-65,verify,938,794723,42910
ML-DSA-65,verify,939,804389,43430
ML-DSA-65,verify,940,795444,42949
ML-DSA-65,verify,941,794908,42918
ML-DSA-65,verify,942,794797,42914
ML-DSA-65,verify,943,794778,42912
ML-DSA-65,verify,944,804259,43422
ML-DSA-65,verify,945,795593,42956
ML-DSA-65,verify,946,794926,42919
ML-DSA-65,verify,947,794778,42912
ML-DSA-65,verify,948,794908,42918
ML-DSA-65,verify,949,809759,43721
ML-DSA-65,verify,950,795686,42961
ML-DSA-65,verify,951,794815,42915
ML-DSA-65,verify,952,794796,42913
ML-DSA-65,verify,953,794648,42905
ML-DSA-65,verify,954,805037,43464
ML-DSA-65,verify,955,795556,42953
ML-DSA-65,verify,956,794778,42913
ML-DSA-65,verify,957,794777,42912
ML-DSA-65,verify,958,794722,42909
ML-DSA-65,verify,959,804407,43431
ML-DSA-65,verify,960,795574,42955
ML-DSA-65,verify,961,794833,42916
ML-DSA-65,verify,962,794629,42903
ML-DSA-65,verify,963,794759,42911
ML-DSA-65,verify,964,805445,43486
ML-DSA-65,verify,965,795648,42959
ML-DSA-65,verify,966,794833,42915
ML-DSA-65,verify,967,794796,42912
ML-DSA-65,verify,968,794833,42915
ML-DSA-65,verify,969,804426,43431
ML-DSA-65,verify,970,795629,42958
ML-DSA-65,verify,971,794851,42916
ML-DSA-65,verify,972,794870,42917
ML-DSA-65,verify,973,794667,42907
ML-DSA-65,verify,974,804519,43438
ML-DSA-65,verify,975,795481,42951
ML-DSA-65,verify,976,794852,42916
ML-DSA-65,verify,977,794648,42905
ML-DSA-65,verify,978,794759,42910
ML-DSA-65,verify,979,804352,43427
ML-DSA-65,verify,980,795630,42957
ML-DSA-65,verify,981,794815,42914
ML-DSA-65,verify,982,794797,42913
ML-DSA-65,verify,983,794777,42911
ML-DSA-65,verify,984,804333,43425
ML-DSA-65,verify,985,795648,42959
ML-DSA-65,verify,986,794722,42908
ML-DSA-65,verify,987,794796,42912
ML-DSA-65,verify,988,794740,42911
ML-DSA-65,verify,989,804259,43423
ML-DSA-65,verify,990,795592,42955
ML-DSA-65,verify,991,794649,42904
ML-DSA-65,verify,992,794704,42907
ML-DSA-65,verify,993,794611,42904
ML-DSA-65,verify,994,804389,43430
ML-DSA-65,verify,995,795481,42950
ML-DSA-65,verify,996,794778,42911
ML-DSA-65,verify,997,794666,42907
ML-DSA-65,verify,998,794555,42901
ML-DSA-65,verify,999,804371,43429
