algo,op,iter,wall_ns,cycles
ML-DSA-44,keygen,0,77676,208626
ML-DSA-44,keygen,1,70223,188694
ML-DSA-44,keygen,2,69250,186080
ML-DSA-44,keygen,3,71342,191462
ML-DSA-44,keygen,4,73491,197474
ML-DSA-44,keygen,5,73471,197422
ML-DSA-44,keygen,6,70092,188340
ML-DSA-44,keygen,7,69890,187792
ML-DSA-44,keygen,8,69343,186328
ML-DSA-44,keygen,9,69887,187782
ML-DSA-44,keygen,10,69572,186944
ML-DSA-44,keygen,11,70024,188158
ML-DSA-44,keygen,12,70117,188406
ML-DSA-44,keygen,13,70425,189234
ML-DSA-44,keygen,14,70596,189696
ML-DSA-44,keygen,15,69120,185726
ML-DSA-44,keygen,16,69610,187046
ML-DSA-44,keygen,17,71260,191304
ML-DSA-44,keygen,18,72122,193796
ML-DSA-44,keygen,19,73741,198144
ML-DSA-44,keygen,20,69792,187536
ML-DSA-44,keygen,21,69697,187280
ML-DSA-44,keygen,22,69662,187182
ML-DSA-44,keygen,23,70248,188760
ML-DSA-44,keygen,24,68062,182886
ML-DSA-44,keygen,25,68244,183372
ML-DSA-44,keygen,26,70098,188358
ML-DSA-44,keygen,27,69528,186828
ML-DSA-44,keygen,28,69104,185688
ML-DSA-44,keygen,29,70134,188454
ML-DSA-44,keygen,30,70496,189426
ML-DSA-44,keygen,31,68952,185272
ML-DSA-44,keygen,32,73175,196554
ML-DSA-44,keygen,33,72379,194456
ML-DSA-44,keygen,34,76776,206280
ML-DSA-44,keygen,35,75678,203344
ML-DSA-44,keygen,36,73587,197734
ML-DSA-44,keygen,37,73488,197464
ML-DSA-44,keygen,38,73146,196546
ML-DSA-44,keygen,39,72824,195682
ML-DSA-44,keygen,40,72631,195166
ML-DSA-44,keygen,41,73823,198366
ML-DSA-44,keygen,42,74817,201040
ML-DSA-44,keygen,43,72445,194662
ML-DSA-44,keygen,44,74149,199244
ML-DSA-44,keygen,45,73769,198022
ML-DSA-44,keygen,46,73478,197442
ML-DSA-44,keygen,47,69919,187874
ML-DSA-44,keygen,48,69911,187856
ML-DSA-44,keygen,49,69771,187478
ML-DSA-44,keygen,50,69491,186724
ML-DSA-44,keygen,51,69943,187940
ML-DSA-44,keygen,52,69488,186714
ML-DSA-44,keygen,53,69654,187164
ML-DSA-44,keygen,54,70202,188630
ML-DSA-44,keygen,55,69159,185834
ML-DSA-44,keygen,56,70413,189206
ML-DSA-44,keygen,57,70163,188532
ML-DSA-44,keygen,58,69629,187098
ML-DSA-44,keygen,59,70973,190530
ML-DSA-44,keygen,60,72754,195494
ML-DSA-44,keygen,61,72664,195252
ML-DSA-44,keygen,62,69163,185840
ML-DSA-44,keygen,63,70021,188148
ML-DSA-44,keygen,64,69604,187030
ML-DSA-44,keygen,65,69519,186802
ML-DSA-44,keygen,66,69862,187724
ML-DSA-44,keygen,67,69128,185748
ML-DSA-44,keygen,68,69341,186318
ML-DSA-44,keygen,69,69113,185708
ML-DSA-44,keygen,70,70054,188232
ML-DSA-44,keygen,71,69968,188006
ML-DSA-44,keygen,72,70583,189654
ML-DSA-44,keygen,73,71760,192648
ML-DSA-44,keygen,74,71686,192622
ML-DSA-44,keygen,75,72956,196038
ML-DSA-44,keygen,76,71188,191288
ML-DSA-44,keygen,77,70366,189078
ML-DSA-44,keygen,78,70524,189498
ML-DSA-44,keygen,79,69643,187130
ML-DSA-44,keygen,80,70953,190652
ML-DSA-44,keygen,81,69195,185924
ML-DSA-44,keygen,82,69479,186690
ML-DSA-44,keygen,83,69819,187610
ML-DSA-44,keygen,84,69741,187390
ML-DSA-44,keygen,85,69385,186440
ML-DSA-44,keygen,86,70088,188326
ML-DSA-44,keygen,87,69364,186386
ML-DSA-44,keygen,88,72847,195668
ML-DSA-44,keygen,89,73943,198690
ML-DSA-44,keygen,90,70594,189692
ML-DSA-44,keygen,91,69920,187874
ML-DSA-44,keygen,92,69126,185744
ML-DSA-44,keygen,93,70143,188478
ML-DSA-44,keygen,94,69446,186600
ML-DSA-44,keygen,95,68994,185390
ML-DSA-44,keygen,96,68923,185198
ML-DSA-44,keygen,97,69744,187408
ML-DSA-44,keygen,98,70333,188994
ML-DSA-44,keygen,99,69872,187752
ML-DSA-44,keygen,100,69673,187212
ML-DSA-44,keygen,101,70346,189020
ML-DSA-44,keygen,102,76926,206630
ML-DSA-44,keygen,103,72965,196060
ML-DSA-44,keygen,104,71828,193006
ML-DSA-44,keygen,105,68496,184044
ML-DSA-44,keygen,106,70106,188378
ML-DSA-44,keygen,107,69733,187376
ML-DSA-44,keygen,108,69673,187214
ML-DSA-44,keygen,109,70604,189716
ML-DSA-44,keygen,110,69720,187336
ML-DSA-44,keygen,111,69644,187136
ML-DSA-44,keygen,112,69562,186918
ML-DSA-44,keygen,113,70061,188258
ML-DSA-44,keygen,114,69621,187072
ML-DSA-44,keygen,115,70129,188438
ML-DSA-44,keygen,116,72852,195578
ML-DSA-44,keygen,117,72892,195864
ML-DSA-44,keygen,118,72739,195456
ML-DSA-44,keygen,119,71811,192960
ML-DSA-44,keygen,120,69683,187242
ML-DSA-44,keygen,121,68824,184932
ML-DSA-44,keygen,122,70421,189224
ML-DSA-44,keygen,123,69606,187034
ML-DSA-44,keygen,124,70437,189270
ML-DSA-44,keygen,125,69032,185492
ML-DSA-44,keygen,126,69135,185770
ML-DSA-44,keygen,127,69454,186626
ML-DSA-44,keygen,128,70408,189192
ML-DSA-44,keygen,129,69808,187574
ML-DSA-44,keygen,130,73413,197178
ML-DSA-44,keygen,131,74193,199364
ML-DSA-44,keygen,132,70266,188808
ML-DSA-44,keygen,133,69627,187090
ML-DSA-44,keygen,134,69651,187158
ML-DSA-44,keygen,135,70414,189208
ML-DSA-44,keygen,136,70057,188244
ML-DSA-44,keygen,137,70258,188786
ML-DSA-44,keygen,138,69336,186308
ML-DSA-44,keygen,139,69105,185684
ML-DSA-44,keygen,140,69561,186914
ML-DSA-44,keygen,141,70631,189788
ML-DSA-44,keygen,142,69860,187712
ML-DSA-44,keygen,143,70696,189962
ML-DSA-44,keygen,144,73186,196474
ML-DSA-44,keygen,145,73282,196910
ML-DSA-44,keygen,146,70728,190048
ML-DSA-44,keygen,147,70654,189848
ML-DSA-44,keygen,148,70272,188824
ML-DSA-44,keygen,149,69155,185818
ML-DSA-44,keygen,150,69818,187602
ML-DSA-44,keygen,151,69673,187216
ML-DSA-44,keygen,152,69567,186930
ML-DSA-44,keygen,153,69734,187378
ML-DSA-44,keygen,154,69320,186260
ML-DSA-44,keygen,155,69449,186608
ML-DSA-44,keygen,156,70697,189964
ML-DSA-44,keygen,157,69442,186590
ML-DSA-44,keygen,158,71824,192996
ML-DSA-44,keygen,159,73196,196660
ML-DSA-44,keygen,160,71534,192216
ML-DSA-44,keygen,161,69363,186380
ML-DSA-44,keygen,162,69411,186508
ML-DSA-44,keygen,163,69519,186798
ML-DSA-44,keygen,164,69569,186932
ML-DSA-44,keygen,165,69491,186716
ML-DSA-44,keygen,166,69872,187750
ML-DSA-44,keygen,167,69883,187774
ML-DSA-44,keygen,168,70069,188278
ML-DSA-44,keygen,169,70154,188506
ML-DSA-44,keygen,170,69333,186300
ML-DSA-44,keygen,171,68824,184934
ML-DSA-44,keygen,172,105133,282508
ML-DSA-44,keygen,173,70004,188104
ML-DSA-44,keygen,174,69686,187250
ML-DSA-44,keygen,175,70101,188362
ML-DSA-44,keygen,176,68962,185304
ML-DSA-44,keygen,177,69570,186938
ML-DSA-44,keygen,178,69953,187968
ML-DSA-44,keygen,179,69163,185848
ML-DSA-44,keygen,180,70324,188968
ML-DSA-44,keygen,181,69326,186280
ML-DSA-44,keygen,182,69236,186040
ML-DSA-44,keygen,183,70816,190288
ML-DSA-44,keygen,184,70661,189872
ML-DSA-44,keygen,185,70360,189052
ML-DSA-44,keygen,186,71636,192492
ML-DSA-44,keygen,187,69155,185822
ML-DSA-44,keygen,188,69817,187602
ML-DSA-44,keygen,189,69622,187074
ML-DSA-44,keygen,190,69420,186536
ML-DSA-44,keygen,191,70387,189134
ML-DSA-44,keygen,192,68841,184982
ML-DSA-44,keygen,193,70056,188244
ML-DSA-44,keygen,194,70095,188352
ML-DSA-44,keygen,195,70306,188912
ML-DSA-44,keygen,196,69753,187430
ML-DSA-44,keygen,197,70461,189328
ML-DSA-44,keygen,198,69694,187268
ML-DSA-44,keygen,199,69560,186908
ML-DSA-44,keygen,200,72556,194966
ML-DSA-44,keygen,201,69785,187516
ML-DSA-44,keygen,202,69565,186924
ML-DSA-44,keygen,203,69764,187460
ML-DSA-44,keygen,204,69287,186178
ML-DSA-44,keygen,205,69190,185910
ML-DSA-44,keygen,206,69155,185822
ML-DSA-44,keygen,207,70617,189750
ML-DSA-44,keygen,208,70305,188914
ML-DSA-44,keygen,209,69808,187576
ML-DSA-44,keygen,210,69801,187558
ML-DSA-44,keygen,211,69634,187114
ML-DSA-44,keygen,212,69645,187140
ML-DSA-44,keygen,213,68902,185144
ML-DSA-44,keygen,214,74916,201306
ML-DSA-44,keygen,215,69449,186614
ML-DSA-44,keygen,216,70548,189566
ML-DSA-44,keygen,217,69731,187370
ML-DSA-44,keygen,218,69695,187276
ML-DSA-44,keygen,219,69823,187620
ML-DSA-44,keygen,220,70797,190240
ML-DSA-44,keygen,221,69501,186754
ML-DSA-44,keygen,222,68848,184996
ML-DSA-44,keygen,223,70541,189548
ML-DSA-44,keygen,224,70101,188364
ML-DSA-44,keygen,225,70897,190508
ML-DSA-44,keygen,226,70073,188284
ML-DSA-44,keygen,227,69910,187850
ML-DSA-44,keygen,228,71174,191252
ML-DSA-44,keygen,229,69713,187322
ML-DSA-44,keygen,230,70023,188150
ML-DSA-44,keygen,231,70789,190218
ML-DSA-44,keygen,232,69481,186700
ML-DSA-44,keygen,233,69885,187788
ML-DSA-44,keygen,234,69384,186438
ML-DSA-44,keygen,235,70229,188708
ML-DSA-44,keygen,236,70807,190264
ML-DSA-44,keygen,237,69887,187786
ML-DSA-44,keygen,238,69718,187336
ML-DSA-44,keygen,239,69963,187998
ML-DSA-44,keygen,240,69241,186054
ML-DSA-44,keygen,241,70490,189410
ML-DSA-44,keygen,242,70322,188956
ML-DSA-44,keygen,243,70051,188230
ML-DSA-44,keygen,244,69904,187830
ML-DSA-44,keygen,245,69970,188014
ML-DSA-44,keygen,246,69644,187138
ML-DSA-44,keygen,247,69292,186192
ML-DSA-44,keygen,248,69593,187000
ML-DSA-44,keygen,249,70890,190482
ML-DSA-44,keygen,250,70003,188100
ML-DSA-44,keygen,251,69158,185830
ML-DSA-44,keygen,252,70107,188386
ML-DSA-44,keygen,253,70429,189246
ML-DSA-44,keygen,254,69718,187332
ML-DSA-44,keygen,255,69680,187232
ML-DSA-44,keygen,256,69542,186854
ML-DSA-44,keygen,257,73408,197258
ML-DSA-44,keygen,258,74006,198858
ML-DSA-44,keygen,259,71563,192294
ML-DSA-44,keygen,260,69341,186320
ML-DSA-44,keygen,261,69890,187796
ML-DSA-44,keygen,262,69404,186490
ML-DSA-44,keygen,263,69151,185812
ML-DSA-44,keygen,264,68989,185378
ML-DSA-44,keygen,265,69466,186656
ML-DSA-44,keygen,266,69441,186590
ML-DSA-44,keygen,267,69196,185934
ML-DSA-44,keygen,268,70392,189148
ML-DSA-44,keygen,269,69819,187606
ML-DSA-44,keygen,270,69783,187510
ML-DSA-44,keygen,271,70996,190772
ML-DSA-44,keygen,272,70432,189256
ML-DSA-44,keygen,273,69212,185970
ML-DSA-44,keygen,274,70572,189632
ML-DSA-44,keygen,275,69152,185808
ML-DSA-44,keygen,276,70108,188384
ML-DSA-44,keygen,277,69734,187380
ML-DSA-44,keygen,278,71177,191258
ML-DSA-44,keygen,279,69253,186086
ML-DSA-44,keygen,280,69398,186476
ML-DSA-44,keygen,281,69768,187468
ML-DSA-44,keygen,282,70028,188168
ML-DSA-44,keygen,283,68980,185352
ML-DSA-44,keygen,284,69889,187792
ML-DSA-44,keygen,285,71532,192212
ML-DSA-44,keygen,286,69349,186342
ML-DSA-44,keygen,287,70026,188160
ML-DSA-44,keygen,288,69801,187560
ML-DSA-44,keygen,289,68892,185118
ML-DSA-44,keygen,290,70725,190044
ML-DSA-44,keygen,291,69702,187292
ML-DSA-44,keygen,292,70299,188900
ML-DSA-44,keygen,293,70699,189972
ML-DSA-44,keygen,294,70387,189128
ML-DSA-44,keygen,295,69311,186244
ML-DSA-44,keygen,296,69802,187562
ML-DSA-44,keygen,297,69629,187088
ML-DSA-44,keygen,298,69590,186994
ML-DSA-44,keygen,299,71759,192822
ML-DSA-44,keygen,300,70874,190438
ML-DSA-44,keygen,301,69191,185920
ML-DSA-44,keygen,302,69548,186876
ML-DSA-44,keygen,303,69284,186170
ML-DSA-44,keygen,304,70273,188830
ML-DSA-44,keygen,305,71158,191208
ML-DSA-44,keygen,306,68942,185254
ML-DSA-44,keygen,307,69955,187976
ML-DSA-44,keygen,308,69274,186144
ML-DSA-44,keygen,309,69818,187602
ML-DSA-44,keygen,310,69328,186286
ML-DSA-44,keygen,311,69963,187994
ML-DSA-44,keygen,312,68876,185072
ML-DSA-44,keygen,313,71234,191410
ML-DSA-44,keygen,314,69487,186716
ML-DSA-44,keygen,315,69444,186600
ML-DSA-44,keygen,316,69299,186210
ML-DSA-44,keygen,317,70671,189898
ML-DSA-44,keygen,318,69743,187404
ML-DSA-44,keygen,319,69458,186638
ML-DSA-44,keygen,320,69946,187950
ML-DSA-44,keygen,321,69545,186870
ML-DSA-44,keygen,322,69497,186740
ML-DSA-44,keygen,323,68953,185284
ML-DSA-44,keygen,324,69703,187294
ML-DSA-44,keygen,325,70445,189292
ML-DSA-44,keygen,326,69113,185708
ML-DSA-44,keygen,327,70050,188226
ML-DSA-44,keygen,328,74190,199356
ML-DSA-44,keygen,329,69590,186988
ML-DSA-44,keygen,330,69315,186252
ML-DSA-44,keygen,331,69402,186488
ML-DSA-44,keygen,332,69327,186286
ML-DSA-44,keygen,333,69521,186806
ML-DSA-44,keygen,334,69397,186472
ML-DSA-44,keygen,335,69338,186316
ML-DSA-44,keygen,336,70484,189394
ML-DSA-44,keygen,337,70088,188330
ML-DSA-44,keygen,338,70546,189562
ML-DSA-44,keygen,339,69357,186364
ML-DSA-44,keygen,340,69548,186878
ML-DSA-44,keygen,341,69445,186604
ML-DSA-44,keygen,342,71763,192828
ML-DSA-44,keygen,343,70053,188238
ML-DSA-44,keygen,344,69374,186414
ML-DSA-44,keygen,345,68830,184948
ML-DSA-44,keygen,346,70830,190328
ML-DSA-44,keygen,347,68646,184454
ML-DSA-44,keygen,348,69418,186530
ML-DSA-44,keygen,349,69145,185798
ML-DSA-44,keygen,350,68949,185268
ML-DSA-44,keygen,351,70262,188798
ML-DSA-44,keygen,352,69435,186574
ML-DSA-44,keygen,353,69624,187084
ML-DSA-44,keygen,354,77587,208488
ML-DSA-44,keygen,355,69012,185428
ML-DSA-44,keygen,356,71601,192394
ML-DSA-44,keygen,357,70494,189422
ML-DSA-44,keygen,358,69975,188024
ML-DSA-44,keygen,359,69066,185582
ML-DSA-44,keygen,360,70731,190060
ML-DSA-44,keygen,361,70616,189748
ML-DSA-44,keygen,362,69389,186450
ML-DSA-44,keygen,363,70063,188256
ML-DSA-44,keygen,364,70004,188108
ML-DSA-44,keygen,365,69190,185918
ML-DSA-44,keygen,366,69568,186930
ML-DSA-44,keygen,367,70190,188604
ML-DSA-44,keygen,368,68792,184846
ML-DSA-44,keygen,369,69261,186108
ML-DSA-44,keygen,370,71450,191994
ML-DSA-44,keygen,371,68839,184974
ML-DSA-44,keygen,372,70026,188166
ML-DSA-44,keygen,373,70347,189026
ML-DSA-44,keygen,374,69265,186116
ML-DSA-44,keygen,375,69398,186476
ML-DSA-44,keygen,376,69301,186214
ML-DSA-44,keygen,377,68946,185260
ML-DSA-44,keygen,378,68783,184820
ML-DSA-44,keygen,379,69695,187276
ML-DSA-44,keygen,380,69144,185792
ML-DSA-44,keygen,381,69388,186452
ML-DSA-44,keygen,382,69675,187220
ML-DSA-44,keygen,383,70355,189050
ML-DSA-44,keygen,384,70109,188388
ML-DSA-44,keygen,385,70515,189478
ML-DSA-44,keygen,386,69511,186780
ML-DSA-44,keygen,387,70065,188270
ML-DSA-44,keygen,388,69486,186712
ML-DSA-44,keygen,389,69879,187766
ML-DSA-44,keygen,390,69977,188028
ML-DSA-44,keygen,391,70314,188938
ML-DSA-44,keygen,392,69505,186766
ML-DSA-44,keygen,393,69787,187518
ML-DSA-44,keygen,394,69906,187840
ML-DSA-44,keygen,395,70028,188170
ML-DSA-44,keygen,396,69911,187856
ML-DSA-44,keygen,397,69878,187766
ML-DSA-44,keygen,398,69360,186374
ML-DSA-44,keygen,399,72102,193744
ML-DSA-44,keygen,400,70326,188972
ML-DSA-44,keygen,401,70149,188494
ML-DSA-44,keygen,402,69587,186984
ML-DSA-44,keygen,403,69997,188086
ML-DSA-44,keygen,404,69926,187892
ML-DSA-44,keygen,405,69615,187006
ML-DSA-44,keygen,406,69815,187596
ML-DSA-44,keygen,407,69643,187136
ML-DSA-44,keygen,408,69320,186264
ML-DSA-44,keygen,409,69676,187226
ML-DSA-44,keygen,410,69976,188030
ML-DSA-44,keygen,411,69907,187846
ML-DSA-44,keygen,412,69689,187258
ML-DSA-44,keygen,413,71034,190872
ML-DSA-44,keygen,414,70105,188294
ML-DSA-44,keygen,415,69226,186014
ML-DSA-44,keygen,416,68853,185010
ML-DSA-44,keygen,417,69475,186684
ML-DSA-44,keygen,418,69834,187646
ML-DSA-44,keygen,419,69529,186828
ML-DSA-44,keygen,420,70216,188674
ML-DSA-44,keygen,421,72245,194130
ML-DSA-44,keygen,422,71896,193192
ML-DSA-44,keygen,423,68899,185136
ML-DSA-44,keygen,424,70192,188608
ML-DSA-44,keygen,425,69442,186592
ML-DSA-44,keygen,426,70363,189068
ML-DSA-44,keygen,427,71395,191838
ML-DSA-44,keygen,428,69621,187078
ML-DSA-44,keygen,429,69580,186966
ML-DSA-44,keygen,430,69691,187256
ML-DSA-44,keygen,431,69145,185798
ML-DSA-44,keygen,432,69926,187898
ML-DSA-44,keygen,433,70082,188316
ML-DSA-44,keygen,434,70320,188952
ML-DSA-44,keygen,435,69634,187110
ML-DSA-44,keygen,436,70608,189728
ML-DSA-44,keygen,437,70792,190222
ML-DSA-44,keygen,438,68651,184468
ML-DSA-44,keygen,439,69604,187028
ML-DSA-44,keygen,440,70578,189646
ML-DSA-44,keygen,441,71365,191762
ML-DSA-44,keygen,442,69172,185868
ML-DSA-44,keygen,443,69582,186970
ML-DSA-44,keygen,444,70361,189066
ML-DSA-44,keygen,445,69658,187172
ML-DSA-44,keygen,446,70535,189532
ML-DSA-44,keygen,447,69952,187966
ML-DSA-44,keygen,448,68796,184856
ML-DSA-44,keygen,449,68966,185316
ML-DSA-44,keygen,450,69803,187562
ML-DSA-44,keygen,451,69771,187480
ML-DSA-44,keygen,452,70560,189598
ML-DSA-44,keygen,453,69562,186916
ML-DSA-44,keygen,454,70164,188532
ML-DSA-44,keygen,455,69505,186764
ML-DSA-44,keygen,456,72353,194416
ML-DSA-44,keygen,457,70402,189176
ML-DSA-44,keygen,458,68861,185032
ML-DSA-44,keygen,459,70357,189054
ML-DSA-44,keygen,460,68900,185138
ML-DSA-44,keygen,461,70046,188220
ML-DSA-44,keygen,462,69416,186522
ML-DSA-44,keygen,463,68938,185236
ML-DSA-44,keygen,464,69088,185644
ML-DSA-44,keygen,465,69991,188068
ML-DSA-44,keygen,466,70327,188974
ML-DSA-44,keygen,467,70127,188436
ML-DSA-44,keygen,468,69413,186516
ML-DSA-44,keygen,469,70968,190696
ML-DSA-44,keygen,470,70788,190212
ML-DSA-44,keygen,471,69316,186256
ML-DSA-44,keygen,472,69429,186562
ML-DSA-44,keygen,473,69105,185686
ML-DSA-44,keygen,474,70105,188370
ML-DSA-44,keygen,475,69320,186268
ML-DSA-44,keygen,476,70537,189536
ML-DSA-44,keygen,477,70147,188488
ML-DSA-44,keygen,478,70042,188204
ML-DSA-44,keygen,479,69023,185470
ML-DSA-44,keygen,480,69822,187614
ML-DSA-44,keygen,481,69669,187204
ML-DSA-44,keygen,482,70536,189536
ML-DSA-44,keygen,483,69811,187584
ML-DSA-44,keygen,484,71433,191944
ML-DSA-44,keygen,485,69594,187002
ML-DSA-44,keygen,486,69832,187642
ML-DSA-44,keygen,487,69843,187672
ML-DSA-44,keygen,488,69254,186088
ML-DSA-44,keygen,489,69119,185726
ML-DSA-44,keygen,490,69925,187894
ML-DSA-44,keygen,491,70594,189690
ML-DSA-44,keygen,492,69938,187926
ML-DSA-44,keygen,493,69688,187256
ML-DSA-44,keygen,494,69156,185818
ML-DSA-44,keygen,495,69579,186962
ML-DSA-44,keygen,496,69751,187426
ML-DSA-44,keygen,497,69725,187352
ML-DSA-44,keygen,498,71252,191460
ML-DSA-44,keygen,499,68996,185394
ML-DSA-44,keygen,500,70115,188402
ML-DSA-44,keygen,501,69285,186174
ML-DSA-44,keygen,502,69441,186586
ML-DSA-44,keygen,503,69452,186624
ML-DSA-44,keygen,504,69156,185826
ML-DSA-44,keygen,505,69480,186696
ML-DSA-44,keygen,506,69815,187594
ML-DSA-44,keygen,507,69290,186186
ML-DSA-44,keygen,508,69388,186452
ML-DSA-44,keygen,509,70002,188100
ML-DSA-44,keygen,510,70065,188268
ML-DSA-44,keygen,511,70577,189642
ML-DSA-44,keygen,512,69941,187934
ML-DSA-44,keygen,513,72036,193568
ML-DSA-44,keygen,514,69462,186648
ML-DSA-44,keygen,515,68664,184498
ML-DSA-44,keygen,516,69296,186204
ML-DSA-44,keygen,517,69983,188046
ML-DSA-44,keygen,518,69417,186528
ML-DSA-44,keygen,519,68991,185382
ML-DSA-44,keygen,520,69254,186090
ML-DSA-44,keygen,521,69949,187944
ML-DSA-44,keygen,522,69563,186918
ML-DSA-44,keygen,523,69867,187734
ML-DSA-44,keygen,524,69664,187188
ML-DSA-44,keygen,525,69826,187624
ML-DSA-44,keygen,526,68747,184720
ML-DSA-44,keygen,527,70926,190582
ML-DSA-44,keygen,528,69201,185944
ML-DSA-44,keygen,529,70182,188586
ML-DSA-44,keygen,530,69853,187700
ML-DSA-44,keygen,531,70039,188198
ML-DSA-44,keygen,532,70387,189134
ML-DSA-44,keygen,533,69564,186922
ML-DSA-44,keygen,534,71045,190900
ML-DSA-44,keygen,535,70115,188398
ML-DSA-44,keygen,536,69228,186018
ML-DSA-44,keygen,537,69982,188044
ML-DSA-44,keygen,538,69603,187024
ML-DSA-44,keygen,539,69788,187526
ML-DSA-44,keygen,540,69284,186166
ML-DSA-44,keygen,541,81107,217926
ML-DSA-44,keygen,542,69902,187798
ML-DSA-44,keygen,543,69534,186840
ML-DSA-44,keygen,544,69351,186352
ML-DSA-44,keygen,545,69843,187676
ML-DSA-44,keygen,546,69822,187616
ML-DSA-44,keygen,547,69729,187362
ML-DSA-44,keygen,548,70768,190156
ML-DSA-44,keygen,549,69754,187426
ML-DSA-44,keygen,550,70125,188430
ML-DSA-44,keygen,551,70170,188548
ML-DSA-44,keygen,552,69761,187450
ML-DSA-44,keygen,553,70679,189920
ML-DSA-44,keygen,554,69872,187748
ML-DSA-44,keygen,555,71206,191334
ML-DSA-44,keygen,556,68917,185186
ML-DSA-44,keygen,557,69503,186760
ML-DSA-44,keygen,558,70235,188658
ML-DSA-44,keygen,559,69181,185886
ML-DSA-44,keygen,560,69423,186544
ML-DSA-44,keygen,561,70088,188330
ML-DSA-44,keygen,562,69973,188024
ML-DSA-44,keygen,563,69853,187700
ML-DSA-44,keygen,564,69395,186470
ML-DSA-44,keygen,565,70396,189160
ML-DSA-44,keygen,566,70090,188336
ML-DSA-44,keygen,567,69743,187402
ML-DSA-44,keygen,568,70142,188470
ML-DSA-44,keygen,569,71887,193166
ML-DSA-44,keygen,570,68713,184634
ML-DSA-44,keygen,571,69500,186750
ML-DSA-44,keygen,572,69937,187928
ML-DSA-44,keygen,573,69655,187168
ML-DSA-44,keygen,574,69964,187998
ML-DSA-44,keygen,575,69266,186122
ML-DSA-44,keygen,576,68827,184936
ML-DSA-44,keygen,577,70842,190356
ML-DSA-44,keygen,578,69334,186304
ML-DSA-44,keygen,579,69488,186718
ML-DSA-44,keygen,580,69871,187748
ML-DSA-44,keygen,581,69287,186178
ML-DSA-44,keygen,582,69300,186210
ML-DSA-44,keygen,583,70510,189468
ML-DSA-44,keygen,584,70550,189572
ML-DSA-44,keygen,585,70772,190170
ML-DSA-44,keygen,586,70529,189516
ML-DSA-44,keygen,587,69327,186284
ML-DSA-44,keygen,588,70024,188158
ML-DSA-44,keygen,589,69048,185536
ML-DSA-44,keygen,590,70244,188752
ML-DSA-44,keygen,591,69272,186138
ML-DSA-44,keygen,592,70213,188664
ML-DSA-44,keygen,593,70203,188642
ML-DSA-44,keygen,594,69236,186040
ML-DSA-44,keygen,595,70092,188342
ML-DSA-44,keygen,596,68996,185398
ML-DSA-44,keygen,597,69373,186402
ML-DSA-44,keygen,598,72237,194106
ML-DSA-44,keygen,599,69340,186318
ML-DSA-44,keygen,600,69462,186648
ML-DSA-44,keygen,601,69447,186608
ML-DSA-44,keygen,602,69995,188080
ML-DSA-44,keygen,603,70013,188126
ML-DSA-44,keygen,604,70704,189986
ML-DSA-44,keygen,605,70195,188614
ML-DSA-44,keygen,606,70278,188834
ML-DSA-44,keygen,607,68523,184126
ML-DSA-44,keygen,608,69266,186120
ML-DSA-44,keygen,609,69902,187832
ML-DSA-44,keygen,610,69389,186452
ML-DSA-44,keygen,611,69741,187396
ML-DSA-44,keygen,612,71018,190828
ML-DSA-44,keygen,613,68797,184862
ML-DSA-44,keygen,614,70141,188474
ML-DSA-44,keygen,615,69531,186830
ML-DSA-44,keygen,616,70548,189570
ML-DSA-44,keygen,617,69119,185724
ML-DSA-44,keygen,618,69828,187630
ML-DSA-44,keygen,619,70185,188590
ML-DSA-44,keygen,620,69161,185840
ML-DSA-44,keygen,621,70844,190354
ML-DSA-44,keygen,622,70611,189734
ML-DSA-44,keygen,623,69128,185748
ML-DSA-44,keygen,624,69242,186058
ML-DSA-44,keygen,625,69824,187622
ML-DSA-44,keygen,626,71300,191588
ML-DSA-44,keygen,627,69299,186210
ML-DSA-44,keygen,628,69707,187304
ML-DSA-44,keygen,629,68783,184824
ML-DSA-44,keygen,630,70159,188518
ML-DSA-44,keygen,631,70110,188392
ML-DSA-44,keygen,632,70455,189316
ML-DSA-44,keygen,633,69716,187330
ML-DSA-44,keygen,634,69788,187522
ML-DSA-44,keygen,635,69263,186108
ML-DSA-44,keygen,636,69915,187862
ML-DSA-44,keygen,637,69566,186924
ML-DSA-44,keygen,638,68741,184712
ML-DSA-44,keygen,639,69442,186594
ML-DSA-44,keygen,640,70722,190036
ML-DSA-44,keygen,641,69443,186596
ML-DSA-44,keygen,642,69296,186198
ML-DSA-44,keygen,643,69396,186474
ML-DSA-44,keygen,644,69594,187002
ML-DSA-44,keygen,645,69178,185878
ML-DSA-44,keygen,646,70450,189298
ML-DSA-44,keygen,647,69305,186226
ML-DSA-44,keygen,648,69631,187100
ML-DSA-44,keygen,649,69453,186622
ML-DSA-44,keygen,650,69392,186456
ML-DSA-44,keygen,651,69918,187870
ML-DSA-44,keygen,652,69738,187388
ML-DSA-44,keygen,653,69544,186864
ML-DSA-44,keygen,654,70412,189198
ML-DSA-44,keygen,655,70937,190614
ML-DSA-44,keygen,656,70321,188956
ML-DSA-44,keygen,657,70247,188758
ML-DSA-44,keygen,658,70666,189880
ML-DSA-44,keygen,659,69520,186804
ML-DSA-44,keygen,660,70045,188220
ML-DSA-44,keygen,661,69583,186974
ML-DSA-44,keygen,662,69714,187326
ML-DSA-44,keygen,663,69650,187154
ML-DSA-44,keygen,664,69222,186002
ML-DSA-44,keygen,665,70022,188154
ML-DSA-44,keygen,666,68614,184368
ML-DSA-44,keygen,667,69819,187606
ML-DSA-44,keygen,668,70396,189156
ML-DSA-44,keygen,669,71102,191056
ML-DSA-44,keygen,670,69352,186350
ML-DSA-44,keygen,671,69791,187530
ML-DSA-44,keygen,672,69538,186850
ML-DSA-44,keygen,673,70320,188952
ML-DSA-44,keygen,674,70398,189162
ML-DSA-44,keygen,675,71066,190960
ML-DSA-44,keygen,676,69376,186416
ML-DSA-44,keygen,677,70328,188972
ML-DSA-44,keygen,678,70961,190674
ML-DSA-44,keygen,679,70424,189232
ML-DSA-44,keygen,680,68986,185368
ML-DSA-44,keygen,681,70442,189282
ML-DSA-44,keygen,682,69829,187632
ML-DSA-44,keygen,683,71842,193048
ML-DSA-44,keygen,684,70045,188216
ML-DSA-44,keygen,685,68795,184852
ML-DSA-44,keygen,686,69598,187014
ML-DSA-44,keygen,687,69281,186162
ML-DSA-44,keygen,688,69488,186718
ML-DSA-44,keygen,689,69459,186636
ML-DSA-44,keygen,690,69530,186834
ML-DSA-44,keygen,691,69180,185890
ML-DSA-44,keygen,692,69699,187284
ML-DSA-44,keygen,693,68740,184708
ML-DSA-44,keygen,694,68581,184280
ML-DSA-44,keygen,695,69775,187492
ML-DSA-44,keygen,696,70280,188844
ML-DSA-44,keygen,697,71243,191434
ML-DSA-44,keygen,698,69550,186886
ML-DSA-44,keygen,699,69671,187208
ML-DSA-44,keygen,700,69508,186772
ML-DSA-44,keygen,701,69291,186190
ML-DSA-44,keygen,702,70065,188264
ML-DSA-44,keygen,703,68984,185366
ML-DSA-44,keygen,704,69541,186860
ML-DSA-44,keygen,705,69664,187190
ML-DSA-44,keygen,706,69593,187002
ML-DSA-44,keygen,707,69227,186010
ML-DSA-44,keygen,708,70075,188292
ML-DSA-44,keygen,709,69461,186642
ML-DSA-44,keygen,710,70361,189066
ML-DSA-44,keygen,711,68661,184496
ML-DSA-44,keygen,712,70718,190024
ML-DSA-44,keygen,713,70505,189454
ML-DSA-44,keygen,714,70730,190056
ML-DSA-44,keygen,715,70323,188964
ML-DSA-44,keygen,716,69855,187702
ML-DSA-44,keygen,717,69672,187210
ML-DSA-44,keygen,718,69434,186572
ML-DSA-44,keygen,719,69448,186610
ML-DSA-44,keygen,720,69831,187640
ML-DSA-44,keygen,721,68744,184716
ML-DSA-44,keygen,722,69784,187512
ML-DSA-44,keygen,723,69716,187334
ML-DSA-44,keygen,724,69590,186992
ML-DSA-44,keygen,725,69390,186460
ML-DSA-44,keygen,726,72870,195810
ML-DSA-44,keygen,727,69357,186368
ML-DSA-44,keygen,728,69998,188092
ML-DSA-44,keygen,729,69691,187262
ML-DSA-44,keygen,730,69328,186288
ML-DSA-44,keygen,731,70438,189266
ML-DSA-44,keygen,732,70561,189602
ML-DSA-44,keygen,733,69185,185904
ML-DSA-44,keygen,734,69647,187144
ML-DSA-44,keygen,735,69384,186440
ML-DSA-44,keygen,736,68867,185048
ML-DSA-44,keygen,737,69708,187304
ML-DSA-44,keygen,738,70047,188220
ML-DSA-44,keygen,739,70325,188970
ML-DSA-44,keygen,740,71986,193430
ML-DSA-44,keygen,741,69026,185474
ML-DSA-44,keygen,742,70367,189048
ML-DSA-44,keygen,743,68774,184798
ML-DSA-44,keygen,744,70094,188346
ML-DSA-44,keygen,745,68831,184952
ML-DSA-44,keygen,746,70187,188598
ML-DSA-44,keygen,747,69421,186538
ML-DSA-44,keygen,748,70905,190528
ML-DSA-44,keygen,749,69927,187902
ML-DSA-44,keygen,750,69056,185558
ML-DSA-44,keygen,751,69629,187096
ML-DSA-44,keygen,752,69561,186914
ML-DSA-44,keygen,753,69532,186834
ML-DSA-44,keygen,754,71028,190860
ML-DSA-44,keygen,755,70185,188586
ML-DSA-44,keygen,756,69200,185946
ML-DSA-44,keygen,757,69666,187196
ML-DSA-44,keygen,758,69815,187594
ML-DSA-44,keygen,759,69849,187686
ML-DSA-44,keygen,760,69724,187352
ML-DSA-44,keygen,761,69999,188090
ML-DSA-44,keygen,762,69467,186658
ML-DSA-44,keygen,763,70312,188928
ML-DSA-44,keygen,764,68898,185130
ML-DSA-44,keygen,765,69011,185438
ML-DSA-44,keygen,766,69501,186752
ML-DSA-44,keygen,767,70528,189512
ML-DSA-44,keygen,768,70356,189050
ML-DSA-44,keygen,769,71618,192446
ML-DSA-44,keygen,770,69059,185560
ML-DSA-44,keygen,771,69893,187804
ML-DSA-44,keygen,772,69986,188056
ML-DSA-44,keygen,773,69925,187892
ML-DSA-44,keygen,774,69945,187940
ML-DSA-44,keygen,775,70023,188158
ML-DSA-44,keygen,776,69064,185576
ML-DSA-44,keygen,777,69989,188064
ML-DSA-44,keygen,778,69011,185436
ML-DSA-44,keygen,779,70242,188742
ML-DSA-44,keygen,780,69635,187112
ML-DSA-44,keygen,781,70574,189632
ML-DSA-44,keygen,782,69519,186798
ML-DSA-44,keygen,783,70392,189148
ML-DSA-44,keygen,784,70195,188620
ML-DSA-44,keygen,785,69477,186690
ML-DSA-44,keygen,786,70267,188814
ML-DSA-44,keygen,787,70439,189276
ML-DSA-44,keygen,788,69941,187938
ML-DSA-44,keygen,789,68967,185318
ML-DSA-44,keygen,790,69858,187714
ML-DSA-44,keygen,791,68959,185300
ML-DSA-44,keygen,792,68718,184648
ML-DSA-44,keygen,793,69920,187878
ML-DSA-44,keygen,794,69592,186998
ML-DSA-44,keygen,795,69814,187590
ML-DSA-44,keygen,796,69298,186206
ML-DSA-44,keygen,797,71046,190902
ML-DSA-44,keygen,798,70277,188836
ML-DSA-44,keygen,799,69902,187832
ML-DSA-44,keygen,800,69411,186514
ML-DSA-44,keygen,801,70197,188624
ML-DSA-44,keygen,802,70374,189102
ML-DSA-44,keygen,803,69578,186960
ML-DSA-44,keygen,804,70352,189040
ML-DSA-44,keygen,805,70061,188254
ML-DSA-44,keygen,806,70287,188866
ML-DSA-44,keygen,807,70233,188720
ML-DSA-44,keygen,808,69647,187146
ML-DSA-44,keygen,809,69657,187174
ML-DSA-44,keygen,810,69343,186332
ML-DSA-44,keygen,811,72625,195150
ML-DSA-44,keygen,812,69230,186028
ML-DSA-44,keygen,813,68914,185174
ML-DSA-44,keygen,814,68581,184278
ML-DSA-44,keygen,815,70321,188956
ML-DSA-44,keygen,816,70510,189464
ML-DSA-44,keygen,817,70178,188574
ML-DSA-44,keygen,818,70100,188362
ML-DSA-44,keygen,819,69876,187762
ML-DSA-44,keygen,820,69309,186236
ML-DSA-44,keygen,821,69594,187004
ML-DSA-44,keygen,822,69348,186342
ML-DSA-44,keygen,823,70383,189120
ML-DSA-44,keygen,824,69634,187112
ML-DSA-44,keygen,825,70199,188630
ML-DSA-44,keygen,826,70371,189090
ML-DSA-44,keygen,827,69204,185956
ML-DSA-44,keygen,828,69217,185990
ML-DSA-44,keygen,829,69957,187976
ML-DSA-44,keygen,830,69061,185574
ML-DSA-44,keygen,831,69704,187300
ML-DSA-44,keygen,832,69912,187856
ML-DSA-44,keygen,833,69340,186320
ML-DSA-44,keygen,834,69864,187728
ML-DSA-44,keygen,835,70259,188790
ML-DSA-44,keygen,836,69441,186590
ML-DSA-44,keygen,837,69392,186454
ML-DSA-44,keygen,838,69343,186320
ML-DSA-44,keygen,839,69005,185422
ML-DSA-44,keygen,840,70303,188908
ML-DSA-44,keygen,841,69315,186254
ML-DSA-44,keygen,842,68872,185062
ML-DSA-44,keygen,843,69730,187368
ML-DSA-44,keygen,844,70188,188598
ML-DSA-44,keygen,845,69749,187418
ML-DSA-44,keygen,846,70410,189196
ML-DSA-44,keygen,847,69772,187484
ML-DSA-44,keygen,848,70046,188214
ML-DSA-44,keygen,849,69391,186458
ML-DSA-44,keygen,850,70542,189552
ML-DSA-44,keygen,851,69732,187372
ML-DSA-44,keygen,852,69494,186732
ML-DSA-44,keygen,853,70114,188400
ML-DSA-44,keygen,854,70875,190450
ML-DSA-44,keygen,855,69632,187100
ML-DSA-44,keygen,856,70292,188878
ML-DSA-44,keygen,857,69924,187882
ML-DSA-44,keygen,858,69115,185716
ML-DSA-44,keygen,859,69063,185574
ML-DSA-44,keygen,860,70124,188428
ML-DSA-44,keygen,861,69500,186748
ML-DSA-44,keygen,862,69745,187408
ML-DSA-44,keygen,863,70355,189046
ML-DSA-44,keygen,864,69844,187672
ML-DSA-44,keygen,865,69404,186492
ML-DSA-44,keygen,866,69127,185748
ML-DSA-44,keygen,867,70017,188140
ML-DSA-44,keygen,868,70118,188412
ML-DSA-44,keygen,869,69435,186572
ML-DSA-44,keygen,870,69285,186174
ML-DSA-44,keygen,871,69819,187610
ML-DSA-44,keygen,872,69645,187134
ML-DSA-44,keygen,873,68859,185024
ML-DSA-44,keygen,874,69692,187264
ML-DSA-44,keygen,875,70372,189096
ML-DSA-44,keygen,876,69331,186300
ML-DSA-44,keygen,877,68816,184910
ML-DSA-44,keygen,878,69725,187354
ML-DSA-44,keygen,879,69252,186078
ML-DSA-44,keygen,880,68321,183582
ML-DSA-44,keygen,881,69159,185832
ML-DSA-44,keygen,882,69844,187678
ML-DSA-44,keygen,883,71544,192240
ML-DSA-44,keygen,884,70173,188562
ML-DSA-44,keygen,885,68933,185226
ML-DSA-44,keygen,886,69084,185630
ML-DSA-44,keygen,887,69460,186640
ML-DSA-44,keygen,888,70175,188566
ML-DSA-44,keygen,889,69037,185500
ML-DSA-44,keygen,890,69496,186738
ML-DSA-44,keygen,891,70174,188554
ML-DSA-44,keygen,892,69951,187962
ML-DSA-44,keygen,893,70704,189984
ML-DSA-44,keygen,894,70124,188424
ML-DSA-44,keygen,895,69405,186492
ML-DSA-44,keygen,896,69969,188004
ML-DSA-44,keygen,897,70963,190684
ML-DSA-44,keygen,898,70001,188098
ML-DSA-44,keygen,899,69710,187314
ML-DSA-44,keygen,900,69671,187212
ML-DSA-44,keygen,901,70206,188646
ML-DSA-44,keygen,902,69472,186676
ML-DSA-44,keygen,903,70077,188298
ML-DSA-44,keygen,904,70479,189382
ML-DSA-44,keygen,905,69157,185828
ML-DSA-44,keygen,906,69429,186558
ML-DSA-44,keygen,907,69761,187452
ML-DSA-44,keygen,908,69778,187494
ML-DSA-44,keygen,909,69207,185962
ML-DSA-44,keygen,910,69839,187658
ML-DSA-44,keygen,911,70858,190398
ML-DSA-44,keygen,912,70358,189052
ML-DSA-44,keygen,913,69173,185872
ML-DSA-44,keygen,914,69837,187658
ML-DSA-44,keygen,915,68780,184810
ML-DSA-44,keygen,916,69823,187614
ML-DSA-44,keygen,917,70438,189272
ML-DSA-44,keygen,918,70092,188340
ML-DSA-44,keygen,919,70060,188254
ML-DSA-44,keygen,920,69250,186078
ML-DSA-44,keygen,921,70022,188152
ML-DSA-44,keygen,922,70659,189866
ML-DSA-44,keygen,923,69906,187844
ML-DSA-44,keygen,924,69994,188078
ML-DSA-44,keygen,925,71192,191296
ML-DSA-44,keygen,926,69266,186124
ML-DSA-44,keygen,927,69404,186490
ML-DSA-44,keygen,928,70470,189354
ML-DSA-44,keygen,929,68873,185062
ML-DSA-44,keygen,930,69436,186578
ML-DSA-44,keygen,931,69677,187222
ML-DSA-44,keygen,932,69673,187216
ML-DSA-44,keygen,933,70179,188574
ML-DSA-44,keygen,934,69833,187640
ML-DSA-44,keygen,935,69769,187474
ML-DSA-44,keygen,936,70483,189392
ML-DSA-44,keygen,937,70024,188152
ML-DSA-44,keygen,938,68401,183794
ML-DSA-44,keygen,939,70144,188484
ML-DSA-44,keygen,940,79064,212454
ML-DSA-44,keygen,941,68527,184136
ML-DSA-44,keygen,942,69857,187708
ML-DSA-44,keygen,943,69337,186308
ML-DSA-44,keygen,944,70213,188670
ML-DSA-44,keygen,945,69771,187482
ML-DSA-44,keygen,946,70065,188268
ML-DSA-44,keygen,947,70327,188970
ML-DSA-44,keygen,948,69689,187252
ML-DSA-44,keygen,949,69465,186654
ML-DSA-44,keygen,950,69739,187392
ML-DSA-44,keygen,951,70005,188108
ML-DSA-44,keygen,952,68666,184504
ML-DSA-44,keygen,953,68495,184048
ML-DSA-44,keygen,954,71525,192192
ML-DSA-44,keygen,955,69765,187462
ML-DSA-44,keygen,956,69207,185958
ML-DSA-44,keygen,957,69532,186834
ML-DSA-44,keygen,958,70559,189594
ML-DSA-44,keygen,959,68864,185040
ML-DSA-44,keygen,960,69888,187794
ML-DSA-44,keygen,961,69837,187658
ML-DSA-44,keygen,962,69062,185570
ML-DSA-44,keygen,963,69566,186924
ML-DSA-44,keygen,964,69230,186022
ML-DSA-44,keygen,965,69187,185910
ML-DSA-44,keygen,966,70038,188196
ML-DSA-44,keygen,967,70704,189990
ML-DSA-44,keygen,968,70352,189048
ML-DSA-44,keygen,969,69288,186180
ML-DSA-44,keygen,970,69282,186164
ML-DSA-44,keygen,971,69361,186380
ML-DSA-44,keygen,972,70251,188770
ML-DSA-44,keygen,973,69630,187098
ML-DSA-44,keygen,974,70035,188190
ML-DSA-44,keygen,975,70278,188842
ML-DSA-44,keygen,976,69255,186090
ML-DSA-44,keygen,977,69608,187044
ML-DSA-44,keygen,978,70662,189872
ML-DSA-44,keygen,979,70425,189232
ML-DSA-44,keygen,980,70088,188328
ML-DSA-44,keygen,981,69571,186942
ML-DSA-44,keygen,982,72191,193982
ML-DSA-44,keygen,983,69920,187876
ML-DSA-44,keygen,984,70089,188332
ML-DSA-44,keygen,985,69320,186268
ML-DSA-44,keygen,986,70000,188096
ML-DSA-44,keygen,987,69437,186576
ML-DSA-44,keygen,988,69322,186272
ML-DSA-44,keygen,989,70236,188726
ML-DSA-44,keygen,990,69394,186462
ML-DSA-44,keygen,991,69554,186892
ML-DSA-44,keygen,992,70253,188774
ML-DSA-44,keygen,993,69424,186546
ML-DSA-44,keygen,994,70266,188808
ML-DSA-44,keygen,995,70099,188358
ML-DSA-44,keygen,996,70992,190754
ML-DSA-44,keygen,997,69471,186672
ML-DSA-44,keygen,998,69603,187028
ML-DSA-44,keygen,999,69804,187568
ML-DSA-44,sign,0,236735,636202
ML-DSA-44,sign,1,281952,757826
ML-DSA-44,sign,2,352108,946372
ML-DSA-44,sign,3,215388,578910
ML-DSA-44,sign,4,215967,580458
ML-DSA-44,sign,5,554942,1491626
ML-DSA-44,sign,6,627195,1685840
ML-DSA-44,sign,7,215976,580484
ML-DSA-44,sign,8,216110,580844
ML-DSA-44,sign,9,1036060,2784868
ML-DSA-44,sign,10,422861,1136592
ML-DSA-44,sign,11,487611,1310640
ML-DSA-44,sign,12,288785,776188
ML-DSA-44,sign,13,216229,581166
ML-DSA-44,sign,14,556070,1494658
ML-DSA-44,sign,15,358509,963588
ML-DSA-44,sign,16,147729,397038
ML-DSA-44,sign,17,147924,397562
ML-DSA-44,sign,18,286394,769766
ML-DSA-44,sign,19,215759,579882
ML-DSA-44,sign,20,221108,594252
ML-DSA-44,sign,21,488320,1312544
ML-DSA-44,sign,22,214921,577622
ML-DSA-44,sign,23,148822,399974
ML-DSA-44,sign,24,215957,580434
ML-DSA-44,sign,25,147713,396998
ML-DSA-44,sign,26,352369,947112
ML-DSA-44,sign,27,422895,1136682
ML-DSA-44,sign,28,352126,946458
ML-DSA-44,sign,29,492145,1322826
ML-DSA-44,sign,30,215485,579168
ML-DSA-44,sign,31,147467,396334
ML-DSA-44,sign,32,284106,763618
ML-DSA-44,sign,33,1033812,2778826
ML-DSA-44,sign,34,284756,765366
ML-DSA-44,sign,35,147233,395706
ML-DSA-44,sign,36,351040,943532
ML-DSA-44,sign,37,284887,765720
ML-DSA-44,sign,38,424708,1141552
ML-DSA-44,sign,39,215684,579698
ML-DSA-44,sign,40,215945,580400
ML-DSA-44,sign,41,283874,762996
ML-DSA-44,sign,42,424390,1140696
ML-DSA-44,sign,43,556325,1495344
ML-DSA-44,sign,44,217828,585462
ML-DSA-44,sign,45,285214,766598
ML-DSA-44,sign,46,283700,762528
ML-DSA-44,sign,47,147221,395674
ML-DSA-44,sign,48,559420,1503662
ML-DSA-44,sign,49,352108,946410
ML-DSA-44,sign,50,558502,1501190
ML-DSA-44,sign,51,147593,396672
ML-DSA-44,sign,52,352674,947926
ML-DSA-44,sign,53,425200,1142878
ML-DSA-44,sign,54,147851,397368
ML-DSA-44,sign,55,147839,397332
ML-DSA-44,sign,56,285985,768666
ML-DSA-44,sign,57,288969,776688
ML-DSA-44,sign,58,420309,1129734
ML-DSA-44,sign,59,147762,397126
ML-DSA-44,sign,60,560321,1506084
ML-DSA-44,sign,61,690384,1855696
ML-DSA-44,sign,62,218517,587314
ML-DSA-44,sign,63,147554,396568
ML-DSA-44,sign,64,284148,763734
ML-DSA-44,sign,65,419388,1127256
ML-DSA-44,sign,66,148040,397874
ML-DSA-44,sign,67,283726,762596
ML-DSA-44,sign,68,218197,586456
ML-DSA-44,sign,69,147595,396680
ML-DSA-44,sign,70,147679,396904
ML-DSA-44,sign,71,286902,771134
ML-DSA-44,sign,72,556377,1495484
ML-DSA-44,sign,73,147761,397126
ML-DSA-44,sign,74,216809,582722
ML-DSA-44,sign,75,283420,761776
ML-DSA-44,sign,76,419947,1128760
ML-DSA-44,sign,77,287421,772524
ML-DSA-44,sign,78,420192,1129418
ML-DSA-44,sign,79,283176,761118
ML-DSA-44,sign,80,355628,955870
ML-DSA-44,sign,81,487863,1311320
ML-DSA-44,sign,82,285401,767098
ML-DSA-44,sign,83,488840,1313944
ML-DSA-44,sign,84,420181,1129388
ML-DSA-44,sign,85,150450,404350
ML-DSA-44,sign,86,420247,1129568
ML-DSA-44,sign,87,215995,580540
ML-DSA-44,sign,88,217111,583536
ML-DSA-44,sign,89,627116,1685628
ML-DSA-44,sign,90,147382,396106
ML-DSA-44,sign,91,147638,396792
ML-DSA-44,sign,92,694724,1867356
ML-DSA-44,sign,93,351783,945536
ML-DSA-44,sign,94,762703,2050088
ML-DSA-44,sign,95,629735,1692668
ML-DSA-44,sign,96,284525,764744
ML-DSA-44,sign,97,283733,762618
ML-DSA-44,sign,98,218501,587270
ML-DSA-44,sign,99,420023,1128966
ML-DSA-44,sign,100,147617,396736
ML-DSA-44,sign,101,283749,762662
ML-DSA-44,sign,102,505969,1359982
ML-DSA-44,sign,103,488617,1313346
ML-DSA-44,sign,104,1460990,3927058
ML-DSA-44,sign,105,897858,2413382
ML-DSA-44,sign,106,216174,581018
ML-DSA-44,sign,107,487277,1309742
ML-DSA-44,sign,108,555420,1492912
ML-DSA-44,sign,109,700629,1883232
ML-DSA-44,sign,110,150592,404734
ML-DSA-44,sign,111,147445,396274
ML-DSA-44,sign,112,147735,397054
ML-DSA-44,sign,113,215493,579188
ML-DSA-44,sign,114,221628,595678
ML-DSA-44,sign,115,216099,580818
ML-DSA-44,sign,116,147575,396624
ML-DSA-44,sign,117,352797,948198
ML-DSA-44,sign,118,423242,1137562
ML-DSA-44,sign,119,148127,398106
ML-DSA-44,sign,120,215722,579802
ML-DSA-44,sign,121,147108,395366
ML-DSA-44,sign,122,359867,967246
ML-DSA-44,sign,123,493592,1326718
ML-DSA-44,sign,124,559178,1503008
ML-DSA-44,sign,125,215947,580410
ML-DSA-44,sign,126,147588,396660
ML-DSA-44,sign,127,829472,2229560
ML-DSA-44,sign,128,283705,762540
ML-DSA-44,sign,129,625252,1680620
ML-DSA-44,sign,130,283498,761984
ML-DSA-44,sign,131,160750,432016
ML-DSA-44,sign,132,147792,397208
ML-DSA-44,sign,133,352065,946290
ML-DSA-44,sign,134,709388,1906776
ML-DSA-44,sign,135,217964,585826
ML-DSA-44,sign,136,352403,947202
ML-DSA-44,sign,137,147408,396172
ML-DSA-44,sign,138,358519,963638
ML-DSA-44,sign,139,420425,1130046
ML-DSA-44,sign,140,420009,1128926
ML-DSA-44,sign,141,148303,398578
ML-DSA-44,sign,142,417969,1123444
ML-DSA-44,sign,143,557557,1498652
ML-DSA-44,sign,144,556353,1495418
ML-DSA-44,sign,145,147347,396016
ML-DSA-44,sign,146,573260,1540792
ML-DSA-44,sign,147,215906,580298
ML-DSA-44,sign,148,487694,1310864
ML-DSA-44,sign,149,284605,764958
ML-DSA-44,sign,150,623517,1675956
ML-DSA-44,sign,151,762718,2050128
ML-DSA-44,sign,152,147022,395136
ML-DSA-44,sign,153,219044,588730
ML-DSA-44,sign,154,283636,762356
ML-DSA-44,sign,155,147968,397684
ML-DSA-44,sign,156,834614,2243380
ML-DSA-44,sign,157,147489,396392
ML-DSA-44,sign,158,762369,2049186
ML-DSA-44,sign,159,832080,2236572
ML-DSA-44,sign,160,353042,948920
ML-DSA-44,sign,161,147036,395176
ML-DSA-44,sign,162,419200,1126750
ML-DSA-44,sign,163,762490,2049514
ML-DSA-44,sign,164,353973,951418
ML-DSA-44,sign,165,215265,578574
ML-DSA-44,sign,166,147424,396218
ML-DSA-44,sign,167,352000,946118
ML-DSA-44,sign,168,285282,766778
ML-DSA-44,sign,169,146684,394230
ML-DSA-44,sign,170,1662671,4469198
ML-DSA-44,sign,171,363549,977140
ML-DSA-44,sign,172,216076,580756
ML-DSA-44,sign,173,694195,1865934
ML-DSA-44,sign,174,147607,396710
ML-DSA-44,sign,175,147240,395724
ML-DSA-44,sign,176,558591,1501430
ML-DSA-44,sign,177,418731,1125492
ML-DSA-44,sign,178,147222,395678
ML-DSA-44,sign,179,214836,577420
ML-DSA-44,sign,180,285503,767370
ML-DSA-44,sign,181,215601,579476
ML-DSA-44,sign,182,556638,1496184
ML-DSA-44,sign,183,286587,770280
ML-DSA-44,sign,184,214684,577012
ML-DSA-44,sign,185,691971,1859960
ML-DSA-44,sign,186,147601,396692
ML-DSA-44,sign,187,284528,764756
ML-DSA-44,sign,188,898085,2413992
ML-DSA-44,sign,189,1374016,3693296
ML-DSA-44,sign,190,353140,949180
ML-DSA-44,sign,191,215596,579466
ML-DSA-44,sign,192,283713,762562
ML-DSA-44,sign,193,352154,946532
ML-DSA-44,sign,194,148128,398110
ML-DSA-44,sign,195,761705,2047406
ML-DSA-44,sign,196,777666,2090306
ML-DSA-44,sign,197,629778,1692784
ML-DSA-44,sign,198,215397,578932
ML-DSA-44,sign,199,215835,580108
ML-DSA-44,sign,200,215373,578866
ML-DSA-44,sign,201,827595,2224514
ML-DSA-44,sign,202,215581,579422
ML-DSA-44,sign,203,489650,1316118
ML-DSA-44,sign,204,215556,579356
ML-DSA-44,sign,205,283441,761834
ML-DSA-44,sign,206,148505,399116
ML-DSA-44,sign,207,553143,1486794
ML-DSA-44,sign,208,214988,577828
ML-DSA-44,sign,209,217192,583752
ML-DSA-44,sign,210,487770,1311066
ML-DSA-44,sign,211,215442,579050
ML-DSA-44,sign,212,557138,1497526
ML-DSA-44,sign,213,1168270,3140248
ML-DSA-44,sign,214,147253,395760
ML-DSA-44,sign,215,489468,1315632
ML-DSA-44,sign,216,623947,1677108
ML-DSA-44,sign,217,353421,949936
ML-DSA-44,sign,218,555980,1494418
ML-DSA-44,sign,219,424819,1141854
ML-DSA-44,sign,220,351820,945636
ML-DSA-44,sign,221,701094,1884480
ML-DSA-44,sign,222,284647,765072
ML-DSA-44,sign,223,557854,1499450
ML-DSA-44,sign,224,284108,763626
ML-DSA-44,sign,225,283824,762856
ML-DSA-44,sign,226,282529,759378
ML-DSA-44,sign,227,219013,588648
ML-DSA-44,sign,228,624469,1678518
ML-DSA-44,sign,229,284171,763790
ML-DSA-44,sign,230,148487,399078
ML-DSA-44,sign,231,285844,768292
ML-DSA-44,sign,232,147091,395322
ML-DSA-44,sign,233,283751,762662
ML-DSA-44,sign,234,217454,584456
ML-DSA-44,sign,235,283675,762460
ML-DSA-44,sign,236,146804,394548
ML-DSA-44,sign,237,146983,395032
ML-DSA-44,sign,238,147307,395902
ML-DSA-44,sign,239,631962,1698632
ML-DSA-44,sign,240,420702,1130788
ML-DSA-44,sign,241,287981,774032
ML-DSA-44,sign,242,283186,761146
ML-DSA-44,sign,243,146425,393528
ML-DSA-44,sign,244,286370,769706
ML-DSA-44,sign,245,306728,824426
ML-DSA-44,sign,246,486087,1306546
ML-DSA-44,sign,247,147742,397074
ML-DSA-44,sign,248,216790,582670
ML-DSA-44,sign,249,760888,2045210
ML-DSA-44,sign,250,216370,581540
ML-DSA-44,sign,251,215402,578944
ML-DSA-44,sign,252,148251,398440
ML-DSA-44,sign,253,351169,943880
ML-DSA-44,sign,254,901033,2421918
ML-DSA-44,sign,255,215827,580086
ML-DSA-44,sign,256,354766,953552
ML-DSA-44,sign,257,356295,957664
ML-DSA-44,sign,258,147446,396276
ML-DSA-44,sign,259,355897,956590
ML-DSA-44,sign,260,283108,760934
ML-DSA-44,sign,261,555036,1491880
ML-DSA-44,sign,262,353306,949622
ML-DSA-44,sign,263,419643,1127940
ML-DSA-44,sign,264,217298,584040
ML-DSA-44,sign,265,355050,954314
ML-DSA-44,sign,266,147395,396144
ML-DSA-44,sign,267,693921,1865198
ML-DSA-44,sign,268,691011,1857380
ML-DSA-44,sign,269,216349,581492
ML-DSA-44,sign,270,147377,396094
ML-DSA-44,sign,271,621355,1670146
ML-DSA-44,sign,272,285508,767386
ML-DSA-44,sign,273,1306332,3511360
ML-DSA-44,sign,274,215258,578558
ML-DSA-44,sign,275,351241,944080
ML-DSA-44,sign,276,351909,945870
ML-DSA-44,sign,277,215193,578382
ML-DSA-44,sign,278,420045,1129022
ML-DSA-44,sign,279,216430,581702
ML-DSA-44,sign,280,488428,1312840
ML-DSA-44,sign,281,421085,1131814
ML-DSA-44,sign,282,622374,1672886
ML-DSA-44,sign,283,831250,2234334
ML-DSA-44,sign,284,147289,395852
ML-DSA-44,sign,285,215163,578302
ML-DSA-44,sign,286,767220,2062226
ML-DSA-44,sign,287,215482,579158
ML-DSA-44,sign,288,217146,583630
ML-DSA-44,sign,289,215274,578598
ML-DSA-44,sign,290,351463,944674
ML-DSA-44,sign,291,148348,398700
ML-DSA-44,sign,292,215833,580098
ML-DSA-44,sign,293,217736,585216
ML-DSA-44,sign,294,215162,578296
ML-DSA-44,sign,295,283283,761410
ML-DSA-44,sign,296,761741,2047500
ML-DSA-44,sign,297,215639,579580
ML-DSA-44,sign,298,626990,1685290
ML-DSA-44,sign,299,350768,942808
ML-DSA-44,sign,300,626114,1682932
ML-DSA-44,sign,301,351431,944588
ML-DSA-44,sign,302,625743,1681938
ML-DSA-44,sign,303,146440,393574
ML-DSA-44,sign,304,214090,575418
ML-DSA-44,sign,305,830212,2231550
ML-DSA-44,sign,306,147652,396834
ML-DSA-44,sign,307,351760,945472
ML-DSA-44,sign,308,566295,1522118
ML-DSA-44,sign,309,351429,944588
ML-DSA-44,sign,310,150325,404014
ML-DSA-44,sign,311,214697,577048
ML-DSA-44,sign,312,351774,945512
ML-DSA-44,sign,313,147316,395930
ML-DSA-44,sign,314,216949,583100
ML-DSA-44,sign,315,217138,583606
ML-DSA-44,sign,316,215513,579244
ML-DSA-44,sign,317,284391,764386
ML-DSA-44,sign,318,147135,395436
ML-DSA-44,sign,319,831765,2235718
ML-DSA-44,sign,320,422667,1136068
ML-DSA-44,sign,321,829759,2230334
ML-DSA-44,sign,322,490576,1318608
ML-DSA-44,sign,323,764212,2054138
ML-DSA-44,sign,324,283018,760698
ML-DSA-44,sign,325,215792,579992
ML-DSA-44,sign,326,488715,1313606
ML-DSA-44,sign,327,146427,393540
ML-DSA-44,sign,328,283603,762264
ML-DSA-44,sign,329,351970,946038
ML-DSA-44,sign,330,150179,403622
ML-DSA-44,sign,331,215601,579478
ML-DSA-44,sign,332,216913,583004
ML-DSA-44,sign,333,147478,396362
ML-DSA-44,sign,334,351865,945754
ML-DSA-44,sign,335,283286,761416
ML-DSA-44,sign,336,624301,1678064
ML-DSA-44,sign,337,492053,1322578
ML-DSA-44,sign,338,148400,398842
ML-DSA-44,sign,339,215758,579900
ML-DSA-44,sign,340,489066,1314550
ML-DSA-44,sign,341,147535,396510
ML-DSA-44,sign,342,147625,396758
ML-DSA-44,sign,343,419672,1128016
ML-DSA-44,sign,344,215317,578710
ML-DSA-44,sign,345,146797,394536
ML-DSA-44,sign,346,557052,1497300
ML-DSA-44,sign,347,487795,1311132
ML-DSA-44,sign,348,147119,395398
ML-DSA-44,sign,349,215461,579100
ML-DSA-44,sign,350,353384,949836
ML-DSA-44,sign,351,419294,1127004
ML-DSA-44,sign,352,283390,761692
ML-DSA-44,sign,353,147397,396148
ML-DSA-44,sign,354,216623,582222
ML-DSA-44,sign,355,147454,396300
ML-DSA-44,sign,356,1037718,2789322
ML-DSA-44,sign,357,1101664,2961216
ML-DSA-44,sign,358,283643,762376
ML-DSA-44,sign,359,215340,578778
ML-DSA-44,sign,360,556156,1494886
ML-DSA-44,sign,361,419556,1127704
ML-DSA-44,sign,362,148508,399130
ML-DSA-44,sign,363,147557,396574
ML-DSA-44,sign,364,351663,945218
ML-DSA-44,sign,365,147410,396180
ML-DSA-44,sign,366,147477,396360
ML-DSA-44,sign,367,561351,1508852
ML-DSA-44,sign,368,147299,395880
ML-DSA-44,sign,369,695890,1870498
ML-DSA-44,sign,370,147886,397462
ML-DSA-44,sign,371,148325,398640
ML-DSA-44,sign,372,628806,1690168
ML-DSA-44,sign,373,147525,396490
ML-DSA-44,sign,374,419687,1128062
ML-DSA-44,sign,375,218784,588032
ML-DSA-44,sign,376,489351,1315318
ML-DSA-44,sign,377,419045,1126336
ML-DSA-44,sign,378,286524,770116
ML-DSA-44,sign,379,623447,1675768
ML-DSA-44,sign,380,285563,767526
ML-DSA-44,sign,381,215748,579874
ML-DSA-44,sign,382,1042483,2802112
ML-DSA-44,sign,383,487846,1311270
ML-DSA-44,sign,384,1110546,2985054
ML-DSA-44,sign,385,149401,401530
ML-DSA-44,sign,386,147127,395422
ML-DSA-44,sign,387,352194,946642
ML-DSA-44,sign,388,350913,943194
ML-DSA-44,sign,389,148551,399246
ML-DSA-44,sign,390,760254,2043508
ML-DSA-44,sign,391,148299,398568
ML-DSA-44,sign,392,283600,762258
ML-DSA-44,sign,393,351900,945852
ML-DSA-44,sign,394,215513,579238
ML-DSA-44,sign,395,423743,1138960
ML-DSA-44,sign,396,419670,1128016
ML-DSA-44,sign,397,285019,766070
ML-DSA-44,sign,398,1038241,2790734
ML-DSA-44,sign,399,215082,578084
ML-DSA-44,sign,400,147463,396326
ML-DSA-44,sign,401,488408,1312782
ML-DSA-44,sign,402,557794,1499290
ML-DSA-44,sign,403,215664,579648
ML-DSA-44,sign,404,147314,395924
ML-DSA-44,sign,405,147619,396744
ML-DSA-44,sign,406,419964,1128802
ML-DSA-44,sign,407,351280,944184
ML-DSA-44,sign,408,423575,1138508
ML-DSA-44,sign,409,284107,763624
ML-DSA-44,sign,410,215774,579940
ML-DSA-44,sign,411,283870,762986
ML-DSA-44,sign,412,216159,580974
ML-DSA-44,sign,413,147038,395182
ML-DSA-44,sign,414,147568,396604
ML-DSA-44,sign,415,283920,763122
ML-DSA-44,sign,416,764097,2053834
ML-DSA-44,sign,417,215599,579472
ML-DSA-44,sign,418,490031,1317142
ML-DSA-44,sign,419,554480,1490386
ML-DSA-44,sign,420,147277,395822
ML-DSA-44,sign,421,354244,952148
ML-DSA-44,sign,422,215442,579054
ML-DSA-44,sign,423,215567,579382
ML-DSA-44,sign,424,285221,766618
ML-DSA-44,sign,425,298878,803324
ML-DSA-44,sign,426,625091,1680188
ML-DSA-44,sign,427,148686,399608
ML-DSA-44,sign,428,555820,1493986
ML-DSA-44,sign,429,283407,761742
ML-DSA-44,sign,430,353610,950444
ML-DSA-44,sign,431,554547,1490566
ML-DSA-44,sign,432,217438,584414
ML-DSA-44,sign,433,419084,1126438
ML-DSA-44,sign,434,282681,759790
ML-DSA-44,sign,435,560990,1507882
ML-DSA-44,sign,436,488384,1312720
ML-DSA-44,sign,437,147039,395184
ML-DSA-44,sign,438,284949,765884
ML-DSA-44,sign,439,215053,578006
ML-DSA-44,sign,440,632311,1699594
ML-DSA-44,sign,441,350884,943122
ML-DSA-44,sign,442,147766,397138
ML-DSA-44,sign,443,283845,762916
ML-DSA-44,sign,444,151111,406124
ML-DSA-44,sign,445,147264,395790
ML-DSA-44,sign,446,215229,578480
ML-DSA-44,sign,447,627470,1686576
ML-DSA-44,sign,448,965474,2595136
ML-DSA-44,sign,449,352442,947308
ML-DSA-44,sign,450,283405,761734
ML-DSA-44,sign,451,829659,2230060
ML-DSA-44,sign,452,418138,1123896
ML-DSA-44,sign,453,225985,607368
ML-DSA-44,sign,454,419935,1128726
ML-DSA-44,sign,455,217157,583660
ML-DSA-44,sign,456,762300,2049002
ML-DSA-44,sign,457,352075,946322
ML-DSA-44,sign,458,353107,949090
ML-DSA-44,sign,459,623785,1676678
ML-DSA-44,sign,460,149091,400698
ML-DSA-44,sign,461,148412,398870
ML-DSA-44,sign,462,214957,577746
ML-DSA-44,sign,463,147766,397140
ML-DSA-44,sign,464,696180,1871272
ML-DSA-44,sign,465,214369,576164
ML-DSA-44,sign,466,693687,1864570
ML-DSA-44,sign,467,147332,395968
ML-DSA-44,sign,468,146686,394234
ML-DSA-44,sign,469,831979,2236296
ML-DSA-44,sign,470,217438,584374
ML-DSA-44,sign,471,149054,400600
ML-DSA-44,sign,472,216719,582482
ML-DSA-44,sign,473,422168,1134730
ML-DSA-44,sign,474,149293,401240
ML-DSA-44,sign,475,899571,2417982
ML-DSA-44,sign,476,147977,397702
ML-DSA-44,sign,477,282731,759900
ML-DSA-44,sign,478,626336,1683530
ML-DSA-44,sign,479,285359,766964
ML-DSA-44,sign,480,215230,578458
ML-DSA-44,sign,481,421675,1133402
ML-DSA-44,sign,482,899138,2416820
ML-DSA-44,sign,483,285794,768158
ML-DSA-44,sign,484,284762,765380
ML-DSA-44,sign,485,217168,583688
ML-DSA-44,sign,486,150079,403352
ML-DSA-44,sign,487,216730,582514
ML-DSA-44,sign,488,216046,580676
ML-DSA-44,sign,489,560520,1506614
ML-DSA-44,sign,490,421272,1132320
ML-DSA-44,sign,491,285396,767084
ML-DSA-44,sign,492,287039,771502
ML-DSA-44,sign,493,148812,399948
ML-DSA-44,sign,494,217726,585192
ML-DSA-44,sign,495,762612,2049844
ML-DSA-44,sign,496,557450,1498370
ML-DSA-44,sign,497,215779,579954
ML-DSA-44,sign,498,148227,398356
ML-DSA-44,sign,499,149370,401450
ML-DSA-44,sign,500,421168,1132044
ML-DSA-44,sign,501,285847,768298
ML-DSA-44,sign,502,282671,759764
ML-DSA-44,sign,503,553339,1487314
ML-DSA-44,sign,504,625031,1680024
ML-DSA-44,sign,505,968518,2603316
ML-DSA-44,sign,506,147112,395352
ML-DSA-44,sign,507,900351,2420082
ML-DSA-44,sign,508,215455,579086
ML-DSA-44,sign,509,215586,579436
ML-DSA-44,sign,510,219651,590362
ML-DSA-44,sign,511,351185,943928
ML-DSA-44,sign,512,351798,945576
ML-DSA-44,sign,513,353617,950462
ML-DSA-44,sign,514,352924,948602
ML-DSA-44,sign,515,285085,766252
ML-DSA-44,sign,516,557485,1498460
ML-DSA-44,sign,517,693335,1863622
ML-DSA-44,sign,518,148919,400238
ML-DSA-44,sign,519,556982,1497108
ML-DSA-44,sign,520,147290,395846
ML-DSA-44,sign,521,220082,591520
ML-DSA-44,sign,522,215310,578696
ML-DSA-44,sign,523,558941,1502374
ML-DSA-44,sign,524,557416,1498274
ML-DSA-44,sign,525,762140,2048570
ML-DSA-44,sign,526,148992,400436
ML-DSA-44,sign,527,283899,763062
ML-DSA-44,sign,528,625641,1681662
ML-DSA-44,sign,529,148875,400118
ML-DSA-44,sign,530,351262,944134
ML-DSA-44,sign,531,285343,766942
ML-DSA-44,sign,532,149398,401526
ML-DSA-44,sign,533,557254,1497842
ML-DSA-44,sign,534,147079,395292
ML-DSA-44,sign,535,218206,586480
ML-DSA-44,sign,536,283668,762444
ML-DSA-44,sign,537,420173,1129368
ML-DSA-44,sign,538,150158,403564
ML-DSA-44,sign,539,486473,1307580
ML-DSA-44,sign,540,830830,2233210
ML-DSA-44,sign,541,1576006,4236242
ML-DSA-44,sign,542,148111,398062
ML-DSA-44,sign,543,283696,762518
ML-DSA-44,sign,544,421611,1133232
ML-DSA-44,sign,545,559562,1504044
ML-DSA-44,sign,546,487468,1310254
ML-DSA-44,sign,547,148976,400386
ML-DSA-44,sign,548,421412,1132696
ML-DSA-44,sign,549,301840,811288
ML-DSA-44,sign,550,148295,398558
ML-DSA-44,sign,551,491625,1321428
ML-DSA-44,sign,552,284755,765360
ML-DSA-44,sign,553,217328,584120
ML-DSA-44,sign,554,149059,400608
ML-DSA-44,sign,555,217387,584274
ML-DSA-44,sign,556,489391,1315426
ML-DSA-44,sign,557,283564,762164
ML-DSA-44,sign,558,218027,585988
ML-DSA-44,sign,559,420384,1129936
ML-DSA-44,sign,560,149192,400972
ML-DSA-44,sign,561,218999,588608
ML-DSA-44,sign,562,626236,1683262
ML-DSA-44,sign,563,488476,1312966
ML-DSA-44,sign,564,487129,1309346
ML-DSA-44,sign,565,352121,946442
ML-DSA-44,sign,566,286055,768858
ML-DSA-44,sign,567,285412,767130
ML-DSA-44,sign,568,490324,1317930
ML-DSA-44,sign,569,148706,399666
ML-DSA-44,sign,570,215606,579492
ML-DSA-44,sign,571,419078,1126424
ML-DSA-44,sign,572,351781,945528
ML-DSA-44,sign,573,758227,2038060
ML-DSA-44,sign,574,150546,404604
ML-DSA-44,sign,575,148948,400316
ML-DSA-44,sign,576,216928,583042
ML-DSA-44,sign,577,217279,583988
ML-DSA-44,sign,578,764142,2053954
ML-DSA-44,sign,579,148684,399608
ML-DSA-44,sign,580,215518,579254
ML-DSA-44,sign,581,148790,399888
ML-DSA-44,sign,582,419847,1128492
ML-DSA-44,sign,583,487539,1310450
ML-DSA-44,sign,584,147454,396298
ML-DSA-44,sign,585,150090,403382
ML-DSA-44,sign,586,284226,763944
ML-DSA-44,sign,587,216725,582500
ML-DSA-44,sign,588,351203,943976
ML-DSA-44,sign,589,352066,946290
ML-DSA-44,sign,590,490125,1317400
ML-DSA-44,sign,591,627612,1686960
ML-DSA-44,sign,592,283921,763124
ML-DSA-44,sign,593,284520,764728
ML-DSA-44,sign,594,1052098,2827980
ML-DSA-44,sign,595,147416,396198
ML-DSA-44,sign,596,214521,576574
ML-DSA-44,sign,597,489928,1316870
ML-DSA-44,sign,598,218176,586394
ML-DSA-44,sign,599,621436,1670366
ML-DSA-44,sign,600,149153,400860
ML-DSA-44,sign,601,151276,406570
ML-DSA-44,sign,602,352063,946288
ML-DSA-44,sign,603,351478,944714
ML-DSA-44,sign,604,1170490,3146218
ML-DSA-44,sign,605,148538,399212
ML-DSA-44,sign,606,148513,399146
ML-DSA-44,sign,607,832592,2237948
ML-DSA-44,sign,608,352083,946340
ML-DSA-44,sign,609,148997,400448
ML-DSA-44,sign,610,897937,2413590
ML-DSA-44,sign,611,487172,1309464
ML-DSA-44,sign,612,625394,1681000
ML-DSA-44,sign,613,217379,584256
ML-DSA-44,sign,614,149063,400622
ML-DSA-44,sign,615,218381,586946
ML-DSA-44,sign,616,353302,949616
ML-DSA-44,sign,617,1045116,2809214
ML-DSA-44,sign,618,285332,766916
ML-DSA-44,sign,619,556951,1497022
ML-DSA-44,sign,620,215720,579796
ML-DSA-44,sign,621,283513,762024
ML-DSA-44,sign,622,148672,399570
ML-DSA-44,sign,623,147391,396126
ML-DSA-44,sign,624,282763,760012
ML-DSA-44,sign,625,147325,395952
ML-DSA-44,sign,626,762058,2048346
ML-DSA-44,sign,627,146745,394392
ML-DSA-44,sign,628,418930,1126024
ML-DSA-44,sign,629,148261,398466
ML-DSA-44,sign,630,283972,763254
ML-DSA-44,sign,631,284110,763632
ML-DSA-44,sign,632,147148,395476
ML-DSA-44,sign,633,146745,394394
ML-DSA-44,sign,634,215756,579886
ML-DSA-44,sign,635,215205,578410
ML-DSA-44,sign,636,283282,761406
ML-DSA-44,sign,637,421163,1132028
ML-DSA-44,sign,638,283636,762356
ML-DSA-44,sign,639,839698,2257036
ML-DSA-44,sign,640,557136,1497524
ML-DSA-44,sign,641,216757,582582
ML-DSA-44,sign,642,691695,1859220
ML-DSA-44,sign,643,147243,395734
ML-DSA-44,sign,644,149112,400752
ML-DSA-44,sign,645,147264,395788
ML-DSA-44,sign,646,487757,1311036
ML-DSA-44,sign,647,147375,396086
ML-DSA-44,sign,648,911443,2449896
ML-DSA-44,sign,649,491670,1321544
ML-DSA-44,sign,650,283487,761954
ML-DSA-44,sign,651,487410,1310102
ML-DSA-44,sign,652,216572,582084
ML-DSA-44,sign,653,417993,1123502
ML-DSA-44,sign,654,214032,575262
ML-DSA-44,sign,655,627643,1687044
ML-DSA-44,sign,656,146793,394522
ML-DSA-44,sign,657,351379,944450
ML-DSA-44,sign,658,216922,583028
ML-DSA-44,sign,659,147743,397076
ML-DSA-44,sign,660,898713,2415682
ML-DSA-44,sign,661,283557,762144
ML-DSA-44,sign,662,283136,761012
ML-DSA-44,sign,663,834560,2243238
ML-DSA-44,sign,664,147355,396034
ML-DSA-44,sign,665,493149,1325524
ML-DSA-44,sign,666,352458,947350
ML-DSA-44,sign,667,147467,396334
ML-DSA-44,sign,668,215311,578700
ML-DSA-44,sign,669,828409,2226702
ML-DSA-44,sign,670,557814,1499344
ML-DSA-44,sign,671,147628,396768
ML-DSA-44,sign,672,419658,1127986
ML-DSA-44,sign,673,149450,401664
ML-DSA-44,sign,674,282014,757994
ML-DSA-44,sign,675,419764,1128272
ML-DSA-44,sign,676,285440,767206
ML-DSA-44,sign,677,420003,1128912
ML-DSA-44,sign,678,351633,945134
ML-DSA-44,sign,679,286098,768968
ML-DSA-44,sign,680,555955,1494350
ML-DSA-44,sign,681,762645,2049934
ML-DSA-44,sign,682,624463,1678498
ML-DSA-44,sign,683,827903,2225346
ML-DSA-44,sign,684,218589,587506
ML-DSA-44,sign,685,284090,763510
ML-DSA-44,sign,686,591527,1589938
ML-DSA-44,sign,687,147659,396850
ML-DSA-44,sign,688,215194,578384
ML-DSA-44,sign,689,214753,577198
ML-DSA-44,sign,690,147271,395808
ML-DSA-44,sign,691,147311,395914
ML-DSA-44,sign,692,491971,1322358
ML-DSA-44,sign,693,283383,761678
ML-DSA-44,sign,694,895396,2406762
ML-DSA-44,sign,695,419860,1128522
ML-DSA-44,sign,696,1038170,2790542
ML-DSA-44,sign,697,147666,396864
ML-DSA-44,sign,698,214991,577832
ML-DSA-44,sign,699,215576,579408
ML-DSA-44,sign,700,147721,397014
ML-DSA-44,sign,701,488838,1313932
ML-DSA-44,sign,702,351927,945924
ML-DSA-44,sign,703,558930,1502344
ML-DSA-44,sign,704,622896,1674286
ML-DSA-44,sign,705,147709,396982
ML-DSA-44,sign,706,217253,583914
ML-DSA-44,sign,707,352959,948694
ML-DSA-44,sign,708,147077,395284
ML-DSA-44,sign,709,283758,762684
ML-DSA-44,sign,710,148230,398380
ML-DSA-44,sign,711,215444,579058
ML-DSA-44,sign,712,284181,763822
ML-DSA-44,sign,713,147372,396078
ML-DSA-44,sign,714,147659,396848
ML-DSA-44,sign,715,285061,766186
ML-DSA-44,sign,716,499822,1343422
ML-DSA-44,sign,717,147341,395996
ML-DSA-44,sign,718,216253,581230
ML-DSA-44,sign,719,1306619,3512132
ML-DSA-44,sign,720,214922,577654
ML-DSA-44,sign,721,283530,762068
ML-DSA-44,sign,722,216432,581708
ML-DSA-44,sign,723,625062,1680110
ML-DSA-44,sign,724,146633,394092
ML-DSA-44,sign,725,422162,1134712
ML-DSA-44,sign,726,1033047,2776770
ML-DSA-44,sign,727,147451,396296
ML-DSA-44,sign,728,419882,1128586
ML-DSA-44,sign,729,147198,395612
ML-DSA-44,sign,730,623395,1675626
ML-DSA-44,sign,731,217568,584762
ML-DSA-44,sign,732,216677,582368
ML-DSA-44,sign,733,147186,395580
ML-DSA-44,sign,734,420815,1131086
ML-DSA-44,sign,735,491576,1321296
ML-DSA-44,sign,736,487001,1309002
ML-DSA-44,sign,737,420421,1130036
ML-DSA-44,sign,738,352060,946280
ML-DSA-44,sign,739,555342,1492702
ML-DSA-44,sign,740,421330,1132472
ML-DSA-44,sign,741,147113,395382
ML-DSA-44,sign,742,215160,578290
ML-DSA-44,sign,743,557638,1498874
ML-DSA-44,sign,744,147351,396022
ML-DSA-44,sign,745,215191,578382
ML-DSA-44,sign,746,557466,1498410
ML-DSA-44,sign,747,350951,943300
ML-DSA-44,sign,748,762194,2048718
ML-DSA-44,sign,749,147091,395324
ML-DSA-44,sign,750,215599,579472
ML-DSA-44,sign,751,147022,395138
ML-DSA-44,sign,752,284459,764566
ML-DSA-44,sign,753,147173,395544
ML-DSA-44,sign,754,284115,763644
ML-DSA-44,sign,755,215494,579192
ML-DSA-44,sign,756,147413,396190
ML-DSA-44,sign,757,428159,1150830
ML-DSA-44,sign,758,283203,761196
ML-DSA-44,sign,759,283242,761298
ML-DSA-44,sign,760,429017,1153110
ML-DSA-44,sign,761,424932,1142158
ML-DSA-44,sign,762,147605,396704
ML-DSA-44,sign,763,693093,1862974
ML-DSA-44,sign,764,146848,394670
ML-DSA-44,sign,765,147167,395522
ML-DSA-44,sign,766,216962,583132
ML-DSA-44,sign,767,897671,2412882
ML-DSA-44,sign,768,420366,1129884
ML-DSA-44,sign,769,147301,395886
ML-DSA-44,sign,770,283391,761696
ML-DSA-44,sign,771,761644,2047242
ML-DSA-44,sign,772,217641,584962
ML-DSA-44,sign,773,218648,587666
ML-DSA-44,sign,774,351687,945276
ML-DSA-44,sign,775,351308,944258
ML-DSA-44,sign,776,147555,396574
ML-DSA-44,sign,777,490264,1317770
ML-DSA-44,sign,778,487783,1311102
ML-DSA-44,sign,779,148321,398628
ML-DSA-44,sign,780,1310630,3522910
ML-DSA-44,sign,781,147667,396848
ML-DSA-44,sign,782,352117,946436
ML-DSA-44,sign,783,147349,396016
ML-DSA-44,sign,784,148552,399248
ML-DSA-44,sign,785,215358,578774
ML-DSA-44,sign,786,150166,403588
ML-DSA-44,sign,787,350980,943376
ML-DSA-44,sign,788,420410,1130004
ML-DSA-44,sign,789,286964,771298
ML-DSA-44,sign,790,487900,1311416
ML-DSA-44,sign,791,351077,943642
ML-DSA-44,sign,792,488142,1312066
ML-DSA-44,sign,793,423864,1139282
ML-DSA-44,sign,794,690449,1855870
ML-DSA-44,sign,795,351282,944188
ML-DSA-44,sign,796,148669,399562
ML-DSA-44,sign,797,699028,1878924
ML-DSA-44,sign,798,215370,578858
ML-DSA-44,sign,799,216236,581188
ML-DSA-44,sign,800,351038,943532
ML-DSA-44,sign,801,421418,1132712
ML-DSA-44,sign,802,147760,397120
ML-DSA-44,sign,803,625764,1681992
ML-DSA-44,sign,804,419474,1127490
ML-DSA-44,sign,805,147410,396182
ML-DSA-44,sign,806,1718031,4618008
ML-DSA-44,sign,807,488534,1313120
ML-DSA-44,sign,808,216416,581664
ML-DSA-44,sign,809,216131,580838
ML-DSA-44,sign,810,287476,772674
ML-DSA-44,sign,811,489942,1316900
ML-DSA-44,sign,812,895554,2407188
ML-DSA-44,sign,813,147218,395666
ML-DSA-44,sign,814,355216,954762
ML-DSA-44,sign,815,283424,761788
ML-DSA-44,sign,816,147519,396472
ML-DSA-44,sign,817,1451336,3901132
ML-DSA-44,sign,818,352135,946480
ML-DSA-44,sign,819,216417,581670
ML-DSA-44,sign,820,283715,762564
ML-DSA-44,sign,821,420985,1131548
ML-DSA-44,sign,822,215330,578746
ML-DSA-44,sign,823,557707,1499052
ML-DSA-44,sign,824,633557,1702918
ML-DSA-44,sign,825,147168,395528
ML-DSA-44,sign,826,147244,395732
ML-DSA-44,sign,827,215235,578496
ML-DSA-44,sign,828,626346,1683526
ML-DSA-44,sign,829,419409,1127312
ML-DSA-44,sign,830,215743,579856
ML-DSA-44,sign,831,897101,2411346
ML-DSA-44,sign,832,285376,767032
ML-DSA-44,sign,833,215984,580506
ML-DSA-44,sign,834,488474,1312958
ML-DSA-44,sign,835,147554,396570
ML-DSA-44,sign,836,150421,404274
ML-DSA-44,sign,837,147893,397480
ML-DSA-44,sign,838,420550,1130382
ML-DSA-44,sign,839,1520590,4087286
ML-DSA-44,sign,840,215136,578228
ML-DSA-44,sign,841,282690,759814
ML-DSA-44,sign,842,284242,763988
ML-DSA-44,sign,843,284524,764740
ML-DSA-44,sign,844,282536,759398
ML-DSA-44,sign,845,350327,941620
ML-DSA-44,sign,846,216728,582504
ML-DSA-44,sign,847,827774,2225000
ML-DSA-44,sign,848,148611,399406
ML-DSA-44,sign,849,215439,579042
ML-DSA-44,sign,850,215462,579100
ML-DSA-44,sign,851,147432,396240
ML-DSA-44,sign,852,215571,579398
ML-DSA-44,sign,853,149915,402908
ML-DSA-44,sign,854,215010,577892
ML-DSA-44,sign,855,285999,768708
ML-DSA-44,sign,856,419895,1128620
ML-DSA-44,sign,857,420018,1128948
ML-DSA-44,sign,858,214797,577312
ML-DSA-44,sign,859,147416,396196
ML-DSA-44,sign,860,215154,578276
ML-DSA-44,sign,861,284918,765800
ML-DSA-44,sign,862,556400,1495544
ML-DSA-44,sign,863,146965,394984
ML-DSA-44,sign,864,217611,584878
ML-DSA-44,sign,865,419710,1128126
ML-DSA-44,sign,866,282269,758682
ML-DSA-44,sign,867,556252,1495146
ML-DSA-44,sign,868,147602,396700
ML-DSA-44,sign,869,351598,945040
ML-DSA-44,sign,870,147910,397522
ML-DSA-44,sign,871,621617,1670852
ML-DSA-44,sign,872,1104170,2967952
ML-DSA-44,sign,873,148689,399618
ML-DSA-44,sign,874,420616,1130548
ML-DSA-44,sign,875,283233,761272
ML-DSA-44,sign,876,215305,578682
ML-DSA-44,sign,877,355589,955762
ML-DSA-44,sign,878,351651,945182
ML-DSA-44,sign,879,146377,393402
ML-DSA-44,sign,880,436238,1172548
ML-DSA-44,sign,881,490130,1317412
ML-DSA-44,sign,882,147018,395126
ML-DSA-44,sign,883,559117,1502846
ML-DSA-44,sign,884,147588,396658
ML-DSA-44,sign,885,215733,579830
ML-DSA-44,sign,886,214230,575794
ML-DSA-44,sign,887,286722,770652
ML-DSA-44,sign,888,351162,943862
ML-DSA-44,sign,889,147539,396526
ML-DSA-44,sign,890,1102000,2962114
ML-DSA-44,sign,891,421596,1133190
ML-DSA-44,sign,892,351689,945280
ML-DSA-44,sign,893,1171716,3149514
ML-DSA-44,sign,894,215352,578808
ML-DSA-44,sign,895,216827,582768
ML-DSA-44,sign,896,214996,577850
ML-DSA-44,sign,897,486992,1308980
ML-DSA-44,sign,898,1317177,3540482
ML-DSA-44,sign,899,283327,761530
ML-DSA-44,sign,900,285961,768604
ML-DSA-44,sign,901,215149,578264
ML-DSA-44,sign,902,964848,2593452
ML-DSA-44,sign,903,149604,402074
ML-DSA-44,sign,904,147354,396028
ML-DSA-44,sign,905,624615,1678908
ML-DSA-44,sign,906,1034254,2780012
ML-DSA-44,sign,907,352621,947778
ML-DSA-44,sign,908,623310,1675400
ML-DSA-44,sign,909,218182,586412
ML-DSA-44,sign,910,148017,397810
ML-DSA-44,sign,911,690886,1857046
ML-DSA-44,sign,912,557966,1499748
ML-DSA-44,sign,913,418911,1125974
ML-DSA-44,sign,914,235779,633712
ML-DSA-44,sign,915,215457,579090
ML-DSA-44,sign,916,147169,395534
ML-DSA-44,sign,917,762166,2048642
ML-DSA-44,sign,918,1033295,2777438
ML-DSA-44,sign,919,147639,396794
ML-DSA-44,sign,920,215581,579424
ML-DSA-44,sign,921,147203,395624
ML-DSA-44,sign,922,353487,950112
ML-DSA-44,sign,923,623522,1675968
ML-DSA-44,sign,924,559324,1503398
ML-DSA-44,sign,925,694674,1867226
ML-DSA-44,sign,926,554391,1490144
ML-DSA-44,sign,927,559838,1504780
ML-DSA-44,sign,928,485707,1305522
ML-DSA-44,sign,929,283649,762386
ML-DSA-44,sign,930,149831,402688
ML-DSA-44,sign,931,756920,2034544
ML-DSA-44,sign,932,148354,398708
ML-DSA-44,sign,933,215192,578378
ML-DSA-44,sign,934,215760,579904
ML-DSA-44,sign,935,1034780,2781432
ML-DSA-44,sign,936,215278,578608
ML-DSA-44,sign,937,694095,1865668
ML-DSA-44,sign,938,283659,762420
ML-DSA-44,sign,939,215855,580160
ML-DSA-44,sign,940,218577,587476
ML-DSA-44,sign,941,554314,1489938
ML-DSA-44,sign,942,215105,578078
ML-DSA-44,sign,943,221190,594434
ML-DSA-44,sign,944,589324,1584046
ML-DSA-44,sign,945,296093,795814
ML-DSA-44,sign,946,303577,815906
ML-DSA-44,sign,947,155564,418044
ML-DSA-44,sign,948,638268,1715582
ML-DSA-44,sign,949,351202,943974
ML-DSA-44,sign,950,147203,395624
ML-DSA-44,sign,951,217662,585016
ML-DSA-44,sign,952,429971,1155700
ML-DSA-44,sign,953,351600,945044
ML-DSA-44,sign,954,283564,762166
ML-DSA-44,sign,955,286583,770272
ML-DSA-44,sign,956,284278,764082
ML-DSA-44,sign,957,151406,406920
ML-DSA-44,sign,958,1134807,3050274
ML-DSA-44,sign,959,498807,1340712
ML-DSA-44,sign,960,215364,578840
ML-DSA-44,sign,961,283437,761818
ML-DSA-44,sign,962,147355,396032
ML-DSA-44,sign,963,217249,583902
ML-DSA-44,sign,964,215296,578656
ML-DSA-44,sign,965,215499,579204
ML-DSA-44,sign,966,488211,1312252
ML-DSA-44,sign,967,352359,947080
ML-DSA-44,sign,968,351459,944660
ML-DSA-44,sign,969,147442,396266
ML-DSA-44,sign,970,149461,401686
ML-DSA-44,sign,971,1102590,2963702
ML-DSA-44,sign,972,556525,1495878
ML-DSA-44,sign,973,215492,579186
ML-DSA-44,sign,974,830600,2232588
ML-DSA-44,sign,975,489399,1315438
ML-DSA-44,sign,976,760797,2044966
ML-DSA-44,sign,977,287399,772470
ML-DSA-44,sign,978,215669,579664
ML-DSA-44,sign,979,283159,761074
ML-DSA-44,sign,980,147379,396098
ML-DSA-44,sign,981,623978,1677192
ML-DSA-44,sign,982,147300,395884
ML-DSA-44,sign,983,283309,761476
ML-DSA-44,sign,984,286436,769882
ML-DSA-44,sign,985,147112,395378
ML-DSA-44,sign,986,420225,1129510
ML-DSA-44,sign,987,285265,766730
ML-DSA-44,sign,988,215600,579474
ML-DSA-44,sign,989,419935,1128726
ML-DSA-44,sign,990,147388,396122
ML-DSA-44,sign,991,148382,398792
ML-DSA-44,sign,992,761049,2045642
ML-DSA-44,sign,993,557163,1497592
ML-DSA-44,sign,994,147650,396826
ML-DSA-44,sign,995,624974,1679872
ML-DSA-44,sign,996,1382417,3715872
ML-DSA-44,sign,997,898295,2414558
ML-DSA-44,sign,998,351041,943540
ML-DSA-44,sign,999,562590,1512186
ML-DSA-44,verify,0,75931,203986
ML-DSA-44,verify,1,76049,204324
ML-DSA-44,verify,2,76203,204772
ML-DSA-44,verify,3,76426,205370
ML-DSA-44,verify,4,75928,204034
ML-DSA-44,verify,5,76152,204606
ML-DSA-44,verify,6,75864,203860
ML-DSA-44,verify,7,76060,204390
ML-DSA-44,verify,8,76106,204512
ML-DSA-44,verify,9,76040,204334
ML-DSA-44,verify,10,77437,208088
ML-DSA-44,verify,11,75675,203344
ML-DSA-44,verify,12,75980,204162
ML-DSA-44,verify,13,76015,204260
ML-DSA-44,verify,14,76195,204746
ML-DSA-44,verify,15,75825,203748
ML-DSA-44,verify,16,75897,203946
ML-DSA-44,verify,17,75681,203362
ML-DSA-44,verify,18,76092,204466
ML-DSA-44,verify,19,76382,205246
ML-DSA-44,verify,20,76380,205240
ML-DSA-44,verify,21,76126,204564
ML-DSA-44,verify,22,76042,204332
ML-DSA-44,verify,23,77505,208268
ML-DSA-44,verify,24,76174,204684
ML-DSA-44,verify,25,76331,205108
ML-DSA-44,verify,26,76557,205722
ML-DSA-44,verify,27,76005,204232
ML-DSA-44,verify,28,75834,203768
ML-DSA-44,verify,29,76128,204566
ML-DSA-44,verify,30,76177,204698
ML-DSA-44,verify,31,75971,204142
ML-DSA-44,verify,32,76193,204736
ML-DSA-44,verify,33,75995,204210
ML-DSA-44,verify,34,75846,203802
ML-DSA-44,verify,35,75903,203962
ML-DSA-44,verify,36,77424,208048
ML-DSA-44,verify,37,75505,202892
ML-DSA-44,verify,38,75877,203894
ML-DSA-44,verify,39,75704,203424
ML-DSA-44,verify,40,75836,203782
ML-DSA-44,verify,41,75957,204106
ML-DSA-44,verify,42,75867,203866
ML-DSA-44,verify,43,75916,203994
ML-DSA-44,verify,44,75674,203340
ML-DSA-44,verify,45,75660,203306
ML-DSA-44,verify,46,76056,204370
ML-DSA-44,verify,47,75852,203822
ML-DSA-44,verify,48,75713,203450
ML-DSA-44,verify,49,77478,208196
ML-DSA-44,verify,50,75773,203606
ML-DSA-44,verify,51,75738,203514
ML-DSA-44,verify,52,75877,203890
ML-DSA-44,verify,53,75803,203688
ML-DSA-44,verify,54,75849,203814
ML-DSA-44,verify,55,75817,203730
ML-DSA-44,verify,56,75945,204074
ML-DSA-44,verify,57,75925,204024
ML-DSA-44,verify,58,76011,204252
ML-DSA-44,verify,59,76123,204554
ML-DSA-44,verify,60,75780,203626
ML-DSA-44,verify,61,76207,204778
ML-DSA-44,verify,62,77111,207208
ML-DSA-44,verify,63,76360,205186
ML-DSA-44,verify,64,76096,204470
ML-DSA-44,verify,65,76607,205854
ML-DSA-44,verify,66,76373,205222
ML-DSA-44,verify,67,76027,204292
ML-DSA-44,verify,68,76203,204764
ML-DSA-44,verify,69,76246,204882
ML-DSA-44,verify,70,76304,205038
ML-DSA-44,verify,71,76096,204482
ML-DSA-44,verify,72,76155,204630
ML-DSA-44,verify,73,76570,205754
ML-DSA-44,verify,74,76315,205068
ML-DSA-44,verify,75,85609,230038
ML-DSA-44,verify,76,76442,205410
ML-DSA-44,verify,77,76247,204884
ML-DSA-44,verify,78,75975,204148
ML-DSA-44,verify,79,75911,203980
ML-DSA-44,verify,80,76143,204604
ML-DSA-44,verify,81,76071,204408
ML-DSA-44,verify,82,76422,205354
ML-DSA-44,verify,83,76523,205628
ML-DSA-44,verify,84,75942,204070
ML-DSA-44,verify,85,76334,205112
ML-DSA-44,verify,86,76340,205138
ML-DSA-44,verify,87,76389,205266
ML-DSA-44,verify,88,77465,208162
ML-DSA-44,verify,89,75438,202708
ML-DSA-44,verify,90,75411,202636
ML-DSA-44,verify,91,75565,203056
ML-DSA-44,verify,92,75992,204200
ML-DSA-44,verify,93,75511,202904
ML-DSA-44,verify,94,75587,203110
ML-DSA-44,verify,95,75448,202740
ML-DSA-44,verify,96,75531,202958
ML-DSA-44,verify,97,75533,202962
ML-DSA-44,verify,98,75477,202810
ML-DSA-44,verify,99,75417,202652
ML-DSA-44,verify,100,75499,202876
ML-DSA-44,verify,101,77090,207154
ML-DSA-44,verify,102,76138,204594
ML-DSA-44,verify,103,76316,205074
ML-DSA-44,verify,104,75849,203812
ML-DSA-44,verify,105,75837,203784
ML-DSA-44,verify,106,76026,204290
ML-DSA-44,verify,107,75932,204040
ML-DSA-44,verify,108,75928,204028
ML-DSA-44,verify,109,76354,205172
ML-DSA-44,verify,110,76055,204368
ML-DSA-44,verify,111,75972,204148
ML-DSA-44,verify,112,75937,204042
ML-DSA-44,verify,113,75967,204134
ML-DSA-44,verify,114,75854,203830
ML-DSA-44,verify,115,77610,208542
ML-DSA-44,verify,116,76345,205148
ML-DSA-44,verify,117,75995,204206
ML-DSA-44,verify,118,75916,203994
ML-DSA-44,verify,119,76250,204890
ML-DSA-44,verify,120,75940,204060
ML-DSA-44,verify,121,75858,203840
ML-DSA-44,verify,122,75916,203996
ML-DSA-44,verify,123,75960,204112
ML-DSA-44,verify,124,76304,205036
ML-DSA-44,verify,125,76309,205050
ML-DSA-44,verify,126,76095,204476
ML-DSA-44,verify,127,76298,205022
ML-DSA-44,verify,128,78268,210316
ML-DSA-44,verify,129,75791,203656
ML-DSA-44,verify,130,76032,204304
ML-DSA-44,verify,131,76166,204670
ML-DSA-44,verify,132,75949,204086
ML-DSA-44,verify,133,75628,203220
ML-DSA-44,verify,134,75569,203064
ML-DSA-44,verify,135,75795,203672
ML-DSA-44,verify,136,75737,203512
ML-DSA-44,verify,137,75662,203312
ML-DSA-44,verify,138,75739,203518
ML-DSA-44,verify,139,75497,202868
ML-DSA-44,verify,140,75673,203342
ML-DSA-44,verify,141,77217,207492
ML-DSA-44,verify,142,75863,203852
ML-DSA-44,verify,143,76133,204580
ML-DSA-44,verify,144,76135,204580
ML-DSA-44,verify,145,76060,204382
ML-DSA-44,verify,146,75985,204184
ML-DSA-44,verify,147,75967,204126
ML-DSA-44,verify,148,75840,203790
ML-DSA-44,verify,149,76160,204650
ML-DSA-44,verify,150,75974,204148
ML-DSA-44,verify,151,75989,204190
ML-DSA-44,verify,152,75989,204186
ML-DSA-44,verify,153,75992,204198
ML-DSA-44,verify,154,76994,206890
ML-DSA-44,verify,155,75861,203846
ML-DSA-44,verify,156,76032,204306
ML-DSA-44,verify,157,76314,205064
ML-DSA-44,verify,158,76360,205190
ML-DSA-44,verify,159,76031,204308
ML-DSA-44,verify,160,76014,204248
ML-DSA-44,verify,161,76076,204426
ML-DSA-44,verify,162,76128,204564
ML-DSA-44,verify,163,76016,204260
ML-DSA-44,verify,164,76116,204532
ML-DSA-44,verify,165,76165,204662
ML-DSA-44,verify,166,76012,204250
ML-DSA-44,verify,167,77513,208290
ML-DSA-44,verify,168,76105,204502
ML-DSA-44,verify,169,75990,204190
ML-DSA-44,verify,170,76391,205272
ML-DSA-44,verify,171,76135,204582
ML-DSA-44,verify,172,75851,203818
ML-DSA-44,verify,173,75782,203632
ML-DSA-44,verify,174,75807,203700
ML-DSA-44,verify,175,75995,204202
ML-DSA-44,verify,176,76035,204312
ML-DSA-44,verify,177,76002,204226
ML-DSA-44,verify,178,76225,204824
ML-DSA-44,verify,179,75847,203808
ML-DSA-44,verify,180,77560,208416
ML-DSA-44,verify,181,76084,204448
ML-DSA-44,verify,182,75988,204190
ML-DSA-44,verify,183,76226,204830
ML-DSA-44,verify,184,76163,204658
ML-DSA-44,verify,185,76232,204846
ML-DSA-44,verify,186,76176,204688
ML-DSA-44,verify,187,76088,204460
ML-DSA-44,verify,188,76021,204278
ML-DSA-44,verify,189,76235,204848
ML-DSA-44,verify,190,76198,204754
ML-DSA-44,verify,191,76225,204828
ML-DSA-44,verify,192,76375,205202
ML-DSA-44,verify,193,77477,208194
ML-DSA-44,verify,194,75715,203458
ML-DSA-44,verify,195,76544,205686
ML-DSA-44,verify,196,76173,204694
ML-DSA-44,verify,197,75847,203812
ML-DSA-44,verify,198,75874,203886
ML-DSA-44,verify,199,76433,205390
ML-DSA-44,verify,200,76144,204610
ML-DSA-44,verify,201,75724,203488
ML-DSA-44,verify,202,76019,204276
ML-DSA-44,verify,203,75869,203874
ML-DSA-44,verify,204,75928,204032
ML-DSA-44,verify,205,75906,203972
ML-DSA-44,verify,206,77697,208788
ML-DSA-44,verify,207,75871,203880
ML-DSA-44,verify,208,75805,203706
ML-DSA-44,verify,209,76205,204776
ML-DSA-44,verify,210,76104,204504
ML-DSA-44,verify,211,76187,204732
ML-DSA-44,verify,212,75976,204158
ML-DSA-44,verify,213,75937,204054
ML-DSA-44,verify,214,75914,203992
ML-DSA-44,verify,215,75956,204104
ML-DSA-44,verify,216,75730,203498
ML-DSA-44,verify,217,76393,205276
ML-DSA-44,verify,218,75705,203432
ML-DSA-44,verify,219,77562,208422
ML-DSA-44,verify,220,76052,204368
ML-DSA-44,verify,221,76315,205074
ML-DSA-44,verify,222,76209,204788
ML-DSA-44,verify,223,76201,204770
ML-DSA-44,verify,224,76368,205214
ML-DSA-44,verify,225,76278,204974
ML-DSA-44,verify,226,76106,204510
ML-DSA-44,verify,227,76179,204704
ML-DSA-44,verify,228,76171,204690
ML-DSA-44,verify,229,76297,205020
ML-DSA-44,verify,230,76246,204882
ML-DSA-44,verify,231,76342,205144
ML-DSA-44,verify,232,77608,208544
ML-DSA-44,verify,233,75829,203766
ML-DSA-44,verify,234,76173,204692
ML-DSA-44,verify,235,76310,205060
ML-DSA-44,verify,236,76352,205174
ML-DSA-44,verify,237,76312,205066
ML-DSA-44,verify,238,76012,204264
ML-DSA-44,verify,239,76409,205326
ML-DSA-44,verify,240,75935,204046
ML-DSA-44,verify,241,76187,204730
ML-DSA-44,verify,242,76012,204254
ML-DSA-44,verify,243,76305,205050
ML-DSA-44,verify,244,76208,204786
ML-DSA-44,verify,245,77523,208320
ML-DSA-44,verify,246,76121,204548
ML-DSA-44,verify,247,76100,204492
ML-DSA-44,verify,248,76067,204408
ML-DSA-44,verify,249,76153,204636
ML-DSA-44,verify,250,75984,204182
ML-DSA-44,verify,251,75920,204010
ML-DSA-44,verify,252,76064,204398
ML-DSA-44,verify,253,76131,204578
ML-DSA-44,verify,254,75952,204096
ML-DSA-44,verify,255,76404,205314
ML-DSA-44,verify,256,76360,205190
ML-DSA-44,verify,257,76294,205014
ML-DSA-44,verify,258,77545,208382
ML-DSA-44,verify,259,76070,204412
ML-DSA-44,verify,260,75910,203976
ML-DSA-44,verify,261,75939,204052
ML-DSA-44,verify,262,75900,203950
ML-DSA-44,verify,263,75888,203920
ML-DSA-44,verify,264,76266,204932
ML-DSA-44,verify,265,76069,204406
ML-DSA-44,verify,266,75978,204160
ML-DSA-44,verify,267,75807,203696
ML-DSA-44,verify,268,75847,203806
ML-DSA-44,verify,269,75875,203890
ML-DSA-44,verify,270,76219,204810
ML-DSA-44,verify,271,77233,207534
ML-DSA-44,verify,272,75791,203656
ML-DSA-44,verify,273,75772,203608
ML-DSA-44,verify,274,75866,203858
ML-DSA-44,verify,275,75951,204092
ML-DSA-44,verify,276,76103,204496
ML-DSA-44,verify,277,76114,204528
ML-DSA-44,verify,278,76035,204314
ML-DSA-44,verify,279,75986,204180
ML-DSA-44,verify,280,76125,204554
ML-DSA-44,verify,281,75694,203398
ML-DSA-44,verify,282,75950,204086
ML-DSA-44,verify,283,75997,204212
ML-DSA-44,verify,284,77118,207224
ML-DSA-44,verify,285,76319,205074
ML-DSA-44,verify,286,76184,204716
ML-DSA-44,verify,287,76387,205264
ML-DSA-44,verify,288,76149,204618
ML-DSA-44,verify,289,76323,205088
ML-DSA-44,verify,290,76212,204790
ML-DSA-44,verify,291,76391,205274
ML-DSA-44,verify,292,76149,204620
ML-DSA-44,verify,293,76123,204548
ML-DSA-44,verify,294,75877,203890
ML-DSA-44,verify,295,76090,204462
ML-DSA-44,verify,296,76433,205382
ML-DSA-44,verify,297,77524,208320
ML-DSA-44,verify,298,76048,204346
ML-DSA-44,verify,299,75903,203960
ML-DSA-44,verify,300,75879,203898
ML-DSA-44,verify,301,76010,204248
ML-DSA-44,verify,302,75960,204110
ML-DSA-44,verify,303,75979,204164
ML-DSA-44,verify,304,76079,204428
ML-DSA-44,verify,305,75828,203762
ML-DSA-44,verify,306,75763,203576
ML-DSA-44,verify,307,75682,203368
ML-DSA-44,verify,308,75971,204146
ML-DSA-44,verify,309,75800,203684
ML-DSA-44,verify,310,76210,204784
ML-DSA-44,verify,311,76147,204616
ML-DSA-44,verify,312,76398,205290
ML-DSA-44,verify,313,76270,204948
ML-DSA-44,verify,314,76401,205296
ML-DSA-44,verify,315,76385,205252
ML-DSA-44,verify,316,76415,205340
ML-DSA-44,verify,317,76023,204292
ML-DSA-44,verify,318,75910,203986
ML-DSA-44,verify,319,75842,203802
ML-DSA-44,verify,320,76115,204536
ML-DSA-44,verify,321,76533,205658
ML-DSA-44,verify,322,76346,205154
ML-DSA-44,verify,323,76370,205220
ML-DSA-44,verify,324,77125,207252
ML-DSA-44,verify,325,75697,203408
ML-DSA-44,verify,326,75804,203698
ML-DSA-44,verify,327,76014,204264
ML-DSA-44,verify,328,75942,204070
ML-DSA-44,verify,329,76051,204364
ML-DSA-44,verify,330,75990,204200
ML-DSA-44,verify,331,75737,203518
ML-DSA-44,verify,332,75744,203536
ML-DSA-44,verify,333,75871,203876
ML-DSA-44,verify,334,75798,203682
ML-DSA-44,verify,335,75982,204178
ML-DSA-44,verify,336,75688,203388
ML-DSA-44,verify,337,77430,208064
ML-DSA-44,verify,338,75844,203802
ML-DSA-44,verify,339,76009,204248
ML-DSA-44,verify,340,76012,204252
ML-DSA-44,verify,341,76081,204434
ML-DSA-44,verify,342,76174,204690
ML-DSA-44,verify,343,75907,203970
ML-DSA-44,verify,344,76102,204490
ML-DSA-44,verify,345,75969,204144
ML-DSA-44,verify,346,76038,204324
ML-DSA-44,verify,347,76501,205566
ML-DSA-44,verify,348,76314,205062
ML-DSA-44,verify,349,76253,204902
ML-DSA-44,verify,350,77534,208346
ML-DSA-44,verify,351,76434,205394
ML-DSA-44,verify,352,76015,204262
ML-DSA-44,verify,353,76119,204540
ML-DSA-44,verify,354,76267,204942
ML-DSA-44,verify,355,76076,204426
ML-DSA-44,verify,356,76046,204344
ML-DSA-44,verify,357,75908,203976
ML-DSA-44,verify,358,75883,203900
ML-DSA-44,verify,359,75714,203456
ML-DSA-44,verify,360,75848,203816
ML-DSA-44,verify,361,75916,203996
ML-DSA-44,verify,362,75850,203818
ML-DSA-44,verify,363,77458,208140
ML-DSA-44,verify,364,75973,204150
ML-DSA-44,verify,365,76313,205060
ML-DSA-44,verify,366,76217,204804
ML-DSA-44,verify,367,76265,204932
ML-DSA-44,verify,368,76464,205464
ML-DSA-44,verify,369,76512,205596
ML-DSA-44,verify,370,76176,204690
ML-DSA-44,verify,371,75967,204136
ML-DSA-44,verify,372,75950,204080
ML-DSA-44,verify,373,76001,204226
ML-DSA-44,verify,374,76049,204356
ML-DSA-44,verify,375,76214,204790
ML-DSA-44,verify,376,77956,209474
ML-DSA-44,verify,377,75729,203488
ML-DSA-44,verify,378,75845,203802
ML-DSA-44,verify,379,75890,203926
ML-DSA-44,verify,380,75914,203992
ML-DSA-44,verify,381,75952,204090
ML-DSA-44,verify,382,76497,205552
ML-DSA-44,verify,383,76165,204664
ML-DSA-44,verify,384,75856,203834
ML-DSA-44,verify,385,76056,204368
ML-DSA-44,verify,386,75691,203392
ML-DSA-44,verify,387,75798,203674
ML-DSA-44,verify,388,75964,204124
ML-DSA-44,verify,389,77620,208578
ML-DSA-44,verify,390,76522,205622
ML-DSA-44,verify,391,76583,205786
ML-DSA-44,verify,392,76294,205008
ML-DSA-44,verify,393,76387,205262
ML-DSA-44,verify,394,76287,204990
ML-DSA-44,verify,395,76210,204782
ML-DSA-44,verify,396,75937,204052
ML-DSA-44,verify,397,76260,204920
ML-DSA-44,verify,398,76078,204430
ML-DSA-44,verify,399,76200,204760
ML-DSA-44,verify,400,75880,203894
ML-DSA-44,verify,401,75916,203992
ML-DSA-44,verify,402,77480,208194
ML-DSA-44,verify,403,75595,203130
ML-DSA-44,verify,404,75463,202780
ML-DSA-44,verify,405,75297,202328
ML-DSA-44,verify,406,75365,202512
ML-DSA-44,verify,407,75828,203760
ML-DSA-44,verify,408,75499,202876
ML-DSA-44,verify,409,75512,202908
ML-DSA-44,verify,410,75602,203150
ML-DSA-44,verify,411,76372,205228
ML-DSA-44,verify,412,75643,203264
ML-DSA-44,verify,413,75454,202756
ML-DSA-44,verify,414,75815,203722
ML-DSA-44,verify,415,77318,207760
ML-DSA-44,verify,416,76189,204732
ML-DSA-44,verify,417,76003,204224
ML-DSA-44,verify,418,75935,204044
ML-DSA-44,verify,419,76145,204612
ML-DSA-44,verify,420,76128,204562
ML-DSA-44,verify,421,76193,204738
ML-DSA-44,verify,422,76252,204896
ML-DSA-44,verify,423,75896,203942
ML-DSA-44,verify,424,75861,203840
ML-DSA-44,verify,425,76128,204566
ML-DSA-44,verify,426,76004,204228
ML-DSA-44,verify,427,76224,204816
ML-DSA-44,verify,428,77648,208650
ML-DSA-44,verify,429,75998,204216
ML-DSA-44,verify,430,75910,203980
ML-DSA-44,verify,431,75953,204094
ML-DSA-44,verify,432,76014,204256
ML-DSA-44,verify,433,75965,204122
ML-DSA-44,verify,434,76086,204448
ML-DSA-44,verify,435,75911,203984
ML-DSA-44,verify,436,76021,204282
ML-DSA-44,verify,437,76373,205218
ML-DSA-44,verify,438,76178,204702
ML-DSA-44,verify,439,76245,204878
ML-DSA-44,verify,440,76067,204402
ML-DSA-44,verify,441,77971,209516
ML-DSA-44,verify,442,75962,204110
ML-DSA-44,verify,443,75858,203838
ML-DSA-44,verify,444,76175,204690
ML-DSA-44,verify,445,75895,203940
ML-DSA-44,verify,446,75887,203912
ML-DSA-44,verify,447,76034,204312
ML-DSA-44,verify,448,76167,204670
ML-DSA-44,verify,449,76087,204458
ML-DSA-44,verify,450,75908,203972
ML-DSA-44,verify,451,76030,204302
ML-DSA-44,verify,452,75843,203794
ML-DSA-44,verify,453,75930,204032
ML-DSA-44,verify,454,77445,208106
ML-DSA-44,verify,455,76274,204958
ML-DSA-44,verify,456,76234,204854
ML-DSA-44,verify,457,76178,204698
ML-DSA-44,verify,458,76550,205698
ML-DSA-44,verify,459,76455,205440
ML-DSA-44,verify,460,76297,205020
ML-DSA-44,verify,461,76133,204580
ML-DSA-44,verify,462,76444,205414
ML-DSA-44,verify,463,76337,205128
ML-DSA-44,verify,464,76273,204954
ML-DSA-44,verify,465,76111,204518
ML-DSA-44,verify,466,76212,204794
ML-DSA-44,verify,467,77644,208636
ML-DSA-44,verify,468,75860,203846
ML-DSA-44,verify,469,75725,203482
ML-DSA-44,verify,470,75688,203376
ML-DSA-44,verify,471,76179,204696
ML-DSA-44,verify,472,76257,204912
ML-DSA-44,verify,473,76026,204286
ML-DSA-44,verify,474,76270,204944
ML-DSA-44,verify,475,75786,203646
ML-DSA-44,verify,476,76039,204324
ML-DSA-44,verify,477,75755,203560
ML-DSA-44,verify,478,75291,202314
ML-DSA-44,verify,479,75328,202410
ML-DSA-44,verify,480,76706,206118
ML-DSA-44,verify,481,75971,204144
ML-DSA-44,verify,482,76021,204278
ML-DSA-44,verify,483,75933,204042
ML-DSA-44,verify,484,76000,204220
ML-DSA-44,verify,485,75911,203976
ML-DSA-44,verify,486,75941,204060
ML-DSA-44,verify,487,76300,205022
ML-DSA-44,verify,488,76329,205108
ML-DSA-44,verify,489,76012,204252
ML-DSA-44,verify,490,76111,204522
ML-DSA-44,verify,491,75878,203894
ML-DSA-44,verify,492,76431,205382
ML-DSA-44,verify,493,77062,207072
ML-DSA-44,verify,494,76218,204806
ML-DSA-44,verify,495,75888,203916
ML-DSA-44,verify,496,76182,204708
ML-DSA-44,verify,497,75880,203894
ML-DSA-44,verify,498,76448,205426
ML-DSA-44,verify,499,76180,204706
ML-DSA-44,verify,500,75942,204066
ML-DSA-44,verify,501,75909,203976
ML-DSA-44,verify,502,76188,204722
ML-DSA-44,verify,503,76021,204274
ML-DSA-44,verify,504,76029,204300
ML-DSA-44,verify,505,76178,204700
ML-DSA-44,verify,506,76159,204648
ML-DSA-44,verify,507,76380,205238
ML-DSA-44,verify,508,76176,204690
ML-DSA-44,verify,509,76052,204358
ML-DSA-44,verify,510,75943,204068
ML-DSA-44,verify,511,75927,204024
ML-DSA-44,verify,512,76162,204656
ML-DSA-44,verify,513,76350,205160
ML-DSA-44,verify,514,76080,204436
ML-DSA-44,verify,515,76084,204444
ML-DSA-44,verify,516,76160,204652
ML-DSA-44,verify,517,76026,204292
ML-DSA-44,verify,518,76065,204400
ML-DSA-44,verify,519,76227,204832
ML-DSA-44,verify,520,76934,206728
ML-DSA-44,verify,521,75820,203736
ML-DSA-44,verify,522,75907,203966
ML-DSA-44,verify,523,75997,204212
ML-DSA-44,verify,524,75997,204210
ML-DSA-44,verify,525,75849,203814
ML-DSA-44,verify,526,76000,204222
ML-DSA-44,verify,527,75687,203376
ML-DSA-44,verify,528,76102,204494
ML-DSA-44,verify,529,75732,203500
ML-DSA-44,verify,530,75972,204146
ML-DSA-44,verify,531,76135,204586
ML-DSA-44,verify,532,76004,204228
ML-DSA-44,verify,533,77070,207098
ML-DSA-44,verify,534,75905,203968
ML-DSA-44,verify,535,75924,204016
ML-DSA-44,verify,536,76452,205432
ML-DSA-44,verify,537,76325,205094
ML-DSA-44,verify,538,76506,205576
ML-DSA-44,verify,539,76244,204874
ML-DSA-44,verify,540,76388,205264
ML-DSA-44,verify,541,76334,205112
ML-DSA-44,verify,542,76295,205006
ML-DSA-44,verify,543,76410,205322
ML-DSA-44,verify,544,76238,204852
ML-DSA-44,verify,545,75998,204216
ML-DSA-44,verify,546,77607,208544
ML-DSA-44,verify,547,75943,204068
ML-DSA-44,verify,548,76644,205956
ML-DSA-44,verify,549,76188,204724
ML-DSA-44,verify,550,76709,206126
ML-DSA-44,verify,551,76410,205318
ML-DSA-44,verify,552,76679,206042
ML-DSA-44,verify,553,76159,204648
ML-DSA-44,verify,554,76052,204360
ML-DSA-44,verify,555,76513,205598
ML-DSA-44,verify,556,76476,205502
ML-DSA-44,verify,557,76174,204684
ML-DSA-44,verify,558,76191,204732
ML-DSA-44,verify,559,77656,208672
ML-DSA-44,verify,560,76048,204348
ML-DSA-44,verify,561,76706,206124
ML-DSA-44,verify,562,76563,205734
ML-DSA-44,verify,563,76495,205548
ML-DSA-44,verify,564,76373,205220
ML-DSA-44,verify,565,76503,205574
ML-DSA-44,verify,566,76251,204896
ML-DSA-44,verify,567,76206,204774
ML-DSA-44,verify,568,76203,204768
ML-DSA-44,verify,569,76158,204650
ML-DSA-44,verify,570,76109,204514
ML-DSA-44,verify,571,76441,205404
ML-DSA-44,verify,572,77578,208462
ML-DSA-44,verify,573,76017,204264
ML-DSA-44,verify,574,76487,205532
ML-DSA-44,verify,575,76647,205960
ML-DSA-44,verify,576,76300,205024
ML-DSA-44,verify,577,76197,204752
ML-DSA-44,verify,578,76233,204844
ML-DSA-44,verify,579,75888,203920
ML-DSA-44,verify,580,76029,204294
ML-DSA-44,verify,581,75894,203932
ML-DSA-44,verify,582,76066,204398
ML-DSA-44,verify,583,76182,204706
ML-DSA-44,verify,584,76049,204346
ML-DSA-44,verify,585,77332,207798
ML-DSA-44,verify,586,75887,203916
ML-DSA-44,verify,587,76363,205200
ML-DSA-44,verify,588,76532,205652
ML-DSA-44,verify,589,76283,204982
ML-DSA-44,verify,590,76412,205328
ML-DSA-44,verify,591,76197,204752
ML-DSA-44,verify,592,76473,205494
ML-DSA-44,verify,593,76063,204390
ML-DSA-44,verify,594,76553,205704
ML-DSA-44,verify,595,76182,204714
ML-DSA-44,verify,596,76522,205622
ML-DSA-44,verify,597,76145,204608
ML-DSA-44,verify,598,77714,208826
ML-DSA-44,verify,599,76160,204648
ML-DSA-44,verify,600,75912,203984
ML-DSA-44,verify,601,76168,204672
ML-DSA-44,verify,602,76266,204932
ML-DSA-44,verify,603,76170,204680
ML-DSA-44,verify,604,75963,204122
ML-DSA-44,verify,605,75825,203748
ML-DSA-44,verify,606,75857,203834
ML-DSA-44,verify,607,76002,204220
ML-DSA-44,verify,608,76173,204682
ML-DSA-44,verify,609,76093,204472
ML-DSA-44,verify,610,76197,204748
ML-DSA-44,verify,611,77550,208388
ML-DSA-44,verify,612,75576,203082
ML-DSA-44,verify,613,75617,203188
ML-DSA-44,verify,614,75643,203256
ML-DSA-44,verify,615,75596,203134
ML-DSA-44,verify,616,75399,202602
ML-DSA-44,verify,617,75560,203040
ML-DSA-44,verify,618,75601,203144
ML-DSA-44,verify,619,75617,203190
ML-DSA-44,verify,620,75677,203350
ML-DSA-44,verify,621,76103,204500
ML-DSA-44,verify,622,75581,203094
ML-DSA-44,verify,623,75856,203832
ML-DSA-44,verify,624,76917,206688
ML-DSA-44,verify,625,75669,203330
ML-DSA-44,verify,626,75302,202342
ML-DSA-44,verify,627,75710,203440
ML-DSA-44,verify,628,75959,204110
ML-DSA-44,verify,629,75851,203822
ML-DSA-44,verify,630,75727,203484
ML-DSA-44,verify,631,75737,203514
ML-DSA-44,verify,632,75750,203544
ML-DSA-44,verify,633,75737,203512
ML-DSA-44,verify,634,75701,203416
ML-DSA-44,verify,635,75893,203932
ML-DSA-44,verify,636,75304,202346
ML-DSA-44,verify,637,76712,206136
ML-DSA-44,verify,638,75667,203322
ML-DSA-44,verify,639,75463,202776
ML-DSA-44,verify,640,75810,203706
ML-DSA-44,verify,641,75504,202886
ML-DSA-44,verify,642,75542,202984
ML-DSA-44,verify,643,75377,202546
ML-DSA-44,verify,644,75692,203388
ML-DSA-44,verify,645,76338,205128
ML-DSA-44,verify,646,76054,204362
ML-DSA-44,verify,647,75989,204188
ML-DSA-44,verify,648,75762,203576
ML-DSA-44,verify,649,76143,204600
ML-DSA-44,verify,650,89806,241322
ML-DSA-44,verify,651,76275,204964
ML-DSA-44,verify,652,75933,204040
ML-DSA-44,verify,653,76211,204790
ML-DSA-44,verify,654,75881,203896
ML-DSA-44,verify,655,76003,204226
ML-DSA-44,verify,656,76026,204290
ML-DSA-44,verify,657,75975,204154
ML-DSA-44,verify,658,75865,203860
ML-DSA-44,verify,659,76329,205108
ML-DSA-44,verify,660,76009,204242
ML-DSA-44,verify,661,75933,204046
ML-DSA-44,verify,662,75985,204176
ML-DSA-44,verify,663,77507,208266
ML-DSA-44,verify,664,75700,203412
ML-DSA-44,verify,665,75573,203076
ML-DSA-44,verify,666,76065,204398
ML-DSA-44,verify,667,75968,204138
ML-DSA-44,verify,668,76296,205016
ML-DSA-44,verify,669,75617,203188
ML-DSA-44,verify,670,75381,202556
ML-DSA-44,verify,671,75648,203276
ML-DSA-44,verify,672,75550,203012
ML-DSA-44,verify,673,75484,202828
ML-DSA-44,verify,674,75800,203678
ML-DSA-44,verify,675,75692,203392
ML-DSA-44,verify,676,76990,206886
ML-DSA-44,verify,677,76217,204796
ML-DSA-44,verify,678,76795,206364
ML-DSA-44,verify,679,75529,202956
ML-DSA-44,verify,680,76137,204592
ML-DSA-44,verify,681,75738,203522
ML-DSA-44,verify,682,76167,204672
ML-DSA-44,verify,683,76185,204720
ML-DSA-44,verify,684,75936,204050
ML-DSA-44,verify,685,76084,204448
ML-DSA-44,verify,686,76007,204242
ML-DSA-44,verify,687,76580,205784
ML-DSA-44,verify,688,75977,204154
ML-DSA-44,verify,689,77260,207614
ML-DSA-44,verify,690,76448,205424
ML-DSA-44,verify,691,75801,203690
ML-DSA-44,verify,692,76365,205212
ML-DSA-44,verify,693,76404,205312
ML-DSA-44,verify,694,76060,204386
ML-DSA-44,verify,695,76364,205206
ML-DSA-44,verify,696,76273,204958
ML-DSA-44,verify,697,76182,204712
ML-DSA-44,verify,698,76130,204572
ML-DSA-44,verify,699,76417,205336
ML-DSA-44,verify,700,76479,205508
ML-DSA-44,verify,701,75978,204164
ML-DSA-44,verify,702,77220,207498
ML-DSA-44,verify,703,75535,202968
ML-DSA-44,verify,704,75426,202680
ML-DSA-44,verify,705,75923,204022
ML-DSA-44,verify,706,75416,202660
ML-DSA-44,verify,707,75912,203992
ML-DSA-44,verify,708,75762,203588
ML-DSA-44,verify,709,76034,204314
ML-DSA-44,verify,710,75907,203976
ML-DSA-44,verify,711,75977,204162
ML-DSA-44,verify,712,75935,204050
ML-DSA-44,verify,713,75699,203414
ML-DSA-44,verify,714,75468,202792
ML-DSA-44,verify,715,76811,206402
ML-DSA-44,verify,716,76082,204440
ML-DSA-44,verify,717,76029,204304
ML-DSA-44,verify,718,76559,205724
ML-DSA-44,verify,719,76261,204924
ML-DSA-44,verify,720,76253,204906
ML-DSA-44,verify,721,76104,204502
ML-DSA-44,verify,722,75783,203638
ML-DSA-44,verify,723,75861,203854
ML-DSA-44,verify,724,75967,204132
ML-DSA-44,verify,725,75903,203958
ML-DSA-44,verify,726,75847,203812
ML-DSA-44,verify,727,75981,204176
ML-DSA-44,verify,728,75814,203718
ML-DSA-44,verify,729,77092,207160
ML-DSA-44,verify,730,75776,203620
ML-DSA-44,verify,731,76024,204290
ML-DSA-44,verify,732,75909,203980
ML-DSA-44,verify,733,75495,202862
ML-DSA-44,verify,734,75707,203434
ML-DSA-44,verify,735,75756,203566
ML-DSA-44,verify,736,75640,203260
ML-DSA-44,verify,737,75802,203696
ML-DSA-44,verify,738,75821,203748
ML-DSA-44,verify,739,75625,203220
ML-DSA-44,verify,740,75797,203680
ML-DSA-44,verify,741,75405,202620
ML-DSA-44,verify,742,77324,207788
ML-DSA-44,verify,743,75606,203158
ML-DSA-44,verify,744,75672,203344
ML-DSA-44,verify,745,75992,204200
ML-DSA-44,verify,746,76096,204478
ML-DSA-44,verify,747,75702,203422
ML-DSA-44,verify,748,75646,203274
ML-DSA-44,verify,749,75976,204156
ML-DSA-44,verify,750,76030,204308
ML-DSA-44,verify,751,75849,203816
ML-DSA-44,verify,752,75722,203472
ML-DSA-44,verify,753,75805,203694
ML-DSA-44,verify,754,75849,203814
ML-DSA-44,verify,755,77133,207270
ML-DSA-44,verify,756,76096,204484
ML-DSA-44,verify,757,76073,204424
ML-DSA-44,verify,758,76040,204334
ML-DSA-44,verify,759,76111,204520
ML-DSA-44,verify,760,75944,204074
ML-DSA-44,verify,761,76503,205572
ML-DSA-44,verify,762,76369,205220
ML-DSA-44,verify,763,76406,205318
ML-DSA-44,verify,764,76316,205072
ML-DSA-44,verify,765,75921,204014
ML-DSA-44,verify,766,76374,205224
ML-DSA-44,verify,767,76219,204810
ML-DSA-44,verify,768,77456,208134
ML-DSA-44,verify,769,76178,204696
ML-DSA-44,verify,770,76018,204272
ML-DSA-44,verify,771,76005,204230
ML-DSA-44,verify,772,75999,204220
ML-DSA-44,verify,773,75848,203812
ML-DSA-44,verify,774,75822,203750
ML-DSA-44,verify,775,76218,204804
ML-DSA-44,verify,776,76021,204278
ML-DSA-44,verify,777,76290,205006
ML-DSA-44,verify,778,76046,204346
ML-DSA-44,verify,779,75984,204184
ML-DSA-44,verify,780,75876,203886
ML-DSA-44,verify,781,77617,208570
ML-DSA-44,verify,782,75979,204162
ML-DSA-44,verify,783,76064,204396
ML-DSA-44,verify,784,76039,204328
ML-DSA-44,verify,785,75983,204176
ML-DSA-44,verify,786,75896,203946
ML-DSA-44,verify,787,76444,205418
ML-DSA-44,verify,788,76273,204962
ML-DSA-44,verify,789,76144,204614
ML-DSA-44,verify,790,76341,205144
ML-DSA-44,verify,791,76282,204984
ML-DSA-44,verify,792,76303,205044
ML-DSA-44,verify,793,76131,204576
ML-DSA-44,verify,794,77486,208220
ML-DSA-44,verify,795,76055,204370
ML-DSA-44,verify,796,75671,203342
ML-DSA-44,verify,797,75610,203180
ML-DSA-44,verify,798,76202,204766
ML-DSA-44,verify,799,76189,204732
ML-DSA-44,verify,800,76091,204470
ML-DSA-44,verify,801,75947,204080
ML-DSA-44,verify,802,76415,205340
ML-DSA-44,verify,803,76032,204314
ML-DSA-44,verify,804,76058,204380
ML-DSA-44,verify,805,76176,204696
ML-DSA-44,verify,806,76322,205092
ML-DSA-44,verify,807,77480,208202
ML-DSA-44,verify,808,76286,204994
ML-DSA-44,verify,809,76245,204884
ML-DSA-44,verify,810,76828,206448
ML-DSA-44,verify,811,76249,204890
ML-DSA-44,verify,812,76505,205578
ML-DSA-44,verify,813,76419,205344
ML-DSA-44,verify,814,76688,206074
ML-DSA-44,verify,815,76504,205578
ML-DSA-44,verify,816,76553,205706
ML-DSA-44,verify,817,76339,205134
ML-DSA-44,verify,818,76495,205548
ML-DSA-44,verify,819,76493,205546
ML-DSA-44,verify,820,77518,208298
ML-DSA-44,verify,821,75889,203920
ML-DSA-44,verify,822,76208,204780
ML-DSA-44,verify,823,75900,203956
ML-DSA-44,verify,824,75880,203898
ML-DSA-44,verify,825,75952,204092
ML-DSA-44,verify,826,75791,203664
ML-DSA-44,verify,827,75795,203668
ML-DSA-44,verify,828,75881,203900
ML-DSA-44,verify,829,75803,203688
ML-DSA-44,verify,830,75692,203396
ML-DSA-44,verify,831,75664,203322
ML-DSA-44,verify,832,75845,203802
ML-DSA-44,verify,833,77106,207200
ML-DSA-44,verify,834,75973,204148
ML-DSA-44,verify,835,75895,203934
ML-DSA-44,verify,836,75887,203920
ML-DSA-44,verify,837,76010,204250
ML-DSA-44,verify,838,76307,205054
ML-DSA-44,verify,839,76420,205352
ML-DSA-44,verify,840,76143,204610
ML-DSA-44,verify,841,75982,204172
ML-DSA-44,verify,842,76013,204260
ML-DSA-44,verify,843,76087,204460
ML-DSA-44,verify,844,76173,204694
ML-DSA-44,verify,845,76261,204928
ML-DSA-44,verify,846,77417,208034
ML-DSA-44,verify,847,76140,204600
ML-DSA-44,verify,848,76122,204546
ML-DSA-44,verify,849,76272,204952
ML-DSA-44,verify,850,76126,204562
ML-DSA-44,verify,851,76305,205042
ML-DSA-44,verify,852,76098,204482
ML-DSA-44,verify,853,76043,204340
ML-DSA-44,verify,854,75970,204140
ML-DSA-44,verify,855,76224,204826
ML-DSA-44,verify,856,75957,204106
ML-DSA-44,verify,857,76382,205246
ML-DSA-44,verify,858,76115,204534
ML-DSA-44,verify,859,77866,209242
ML-DSA-44,verify,860,76067,204396
ML-DSA-44,verify,861,76371,205216
ML-DSA-44,verify,862,76191,204736
ML-DSA-44,verify,863,75831,203770
ML-DSA-44,verify,864,76346,205152
ML-DSA-44,verify,865,75983,204176
ML-DSA-44,verify,866,76173,204688
ML-DSA-44,verify,867,75607,203170
ML-DSA-44,verify,868,76225,204830
ML-DSA-44,verify,869,75969,204140
ML-DSA-44,verify,870,76007,204242
ML-DSA-44,verify,871,75895,203944
ML-DSA-44,verify,872,77357,207876
ML-DSA-44,verify,873,75962,204116
ML-DSA-44,verify,874,75566,203054
ML-DSA-44,verify,875,75624,203212
ML-DSA-44,verify,876,75726,203486
ML-DSA-44,verify,877,75811,203706
ML-DSA-44,verify,878,75492,202854
ML-DSA-44,verify,879,76008,204240
ML-DSA-44,verify,880,75592,203122
ML-DSA-44,verify,881,75970,204136
ML-DSA-44,verify,882,75854,203826
ML-DSA-44,verify,883,75769,203592
ML-DSA-44,verify,884,75538,202978
ML-DSA-44,verify,885,76559,205720
ML-DSA-44,verify,886,76033,204314
ML-DSA-44,verify,887,76161,204654
ML-DSA-44,verify,888,76220,204806
ML-DSA-44,verify,889,76047,204350
ML-DSA-44,verify,890,76188,204724
ML-DSA-44,verify,891,76177,204698
ML-DSA-44,verify,892,76048,204350
ML-DSA-44,verify,893,76108,204514
ML-DSA-44,verify,894,76043,204338
ML-DSA-44,verify,895,75875,203884
ML-DSA-44,verify,896,76034,204314
ML-DSA-44,verify,897,76125,204560
ML-DSA-44,verify,898,77173,207380
ML-DSA-44,verify,899,76116,204532
ML-DSA-44,verify,900,76002,204224
ML-DSA-44,verify,901,76111,204518
ML-DSA-44,verify,902,76317,205070
ML-DSA-44,verify,903,76386,205254
ML-DSA-44,verify,904,76572,205756
ML-DSA-44,verify,905,76068,204400
ML-DSA-44,verify,906,75867,203862
ML-DSA-44,verify,907,75770,203602
ML-DSA-44,verify,908,76078,204434
ML-DSA-44,verify,909,75992,204196
ML-DSA-44,verify,910,76255,204902
ML-DSA-44,verify,911,77396,207970
ML-DSA-44,verify,912,76111,204520
ML-DSA-44,verify,913,75943,204066
ML-DSA-44,verify,914,75865,203858
ML-DSA-44,verify,915,75956,204106
ML-DSA-44,verify,916,75913,203982
ML-DSA-44,verify,917,75830,203760
ML-DSA-44,verify,918,76184,204716
ML-DSA-44,verify,919,75717,203458
ML-DSA-44,verify,920,76196,204750
ML-DSA-44,verify,921,76163,204660
ML-DSA-44,verify,922,76460,205458
ML-DSA-44,verify,923,76604,205842
ML-DSA-44,verify,924,75607,203162
ML-DSA-44,verify,925,77379,207928
ML-DSA-44,verify,926,75956,204102
ML-DSA-44,verify,927,76109,204508
ML-DSA-44,verify,928,75986,204182
ML-DSA-44,verify,929,76072,204416
ML-DSA-44,verify,930,75931,204036
ML-DSA-44,verify,931,76080,204438
ML-DSA-44,verify,932,76428,205366
ML-DSA-44,verify,933,76292,205008
ML-DSA-44,verify,934,76341,205138
ML-DSA-44,verify,935,76320,205076
ML-DSA-44,verify,936,76064,204392
ML-DSA-44,verify,937,76271,204948
ML-DSA-44,verify,938,77818,209102
ML-DSA-44,verify,939,76149,204620
ML-DSA-44,verify,940,76209,204784
ML-DSA-44,verify,941,76194,204742
ML-DSA-44,verify,942,76240,204868
ML-DSA-44,verify,943,76392,205270
ML-DSA-44,verify,944,76250,204894
ML-DSA-44,verify,945,76406,205308
ML-DSA-44,verify,946,76730,206182
ML-DSA-44,verify,947,75970,204144
ML-DSA-44,verify,948,76258,204912
ML-DSA-44,verify,949,76033,204302
ML-DSA-44,verify,950,76623,205894
ML-DSA-44,verify,951,77778,209000
ML-DSA-44,verify,952,75863,203854
ML-DSA-44,verify,953,76061,204384
ML-DSA-44,verify,954,75673,203340
ML-DSA-44,verify,955,75947,204080
ML-DSA-44,verify,956,75926,204024
ML-DSA-44,verify,957,75908,203976
ML-DSA-44,verify,958,75912,203982
ML-DSA-44,verify,959,75909,203974
ML-DSA-44,verify,960,75841,203790
ML-DSA-44,verify,961,76118,204536
ML-DSA-44,verify,962,75766,203590
ML-DSA-44,verify,963,75877,203886
ML-DSA-44,verify,964,77308,207736
ML-DSA-44,verify,965,76051,204354
ML-DSA-44,verify,966,76078,204432
ML-DSA-44,verify,967,76207,204774
ML-DSA-44,verify,968,76386,205258
ML-DSA-44,verify,969,76427,205366
ML-DSA-44,verify,970,76127,204564
ML-DSA-44,verify,971,76265,204932
ML-DSA-44,verify,972,76045,204344
ML-DSA-44,verify,973,75987,204190
ML-DSA-44,verify,974,75933,204040
ML-DSA-44,verify,975,76011,204250
ML-DSA-44,verify,976,76013,204256
ML-DSA-44,verify,977,77555,208398
ML-DSA-44,verify,978,75853,203824
ML-DSA-44,verify,979,75818,203732
ML-DSA-44,verify,980,76083,204444
ML-DSA-44,verify,981,76118,204536
ML-DSA-44,verify,982,76077,204426
ML-DSA-44,verify,983,76039,204328
ML-DSA-44,verify,984,76177,204694
ML-DSA-44,verify,985,76059,204384
ML-DSA-44,verify,986,76113,204526
ML-DSA-44,verify,987,76178,204696
ML-DSA-44,verify,988,76112,204520
ML-DSA-44,verify,989,76406,205314
ML-DSA-44,verify,990,77446,208100
ML-DSA-44,verify,991,75714,203452
ML-DSA-44,verify,992,75772,203606
ML-DSA-44,verify,993,76498,205556
ML-DSA-44,verify,994,75972,204146
ML-DSA-44,verify,995,76160,204652
ML-DSA-44,verify,996,76093,204462
ML-DSA-44,verify,997,76373,205224
ML-DSA-44,verify,998,75896,203940
ML-DSA-44,verify,999,75921,204004
