algo,op,iter,wall_ns,cycles
ML-DSA-44,keygen,0,80573,216454
ML-DSA-44,keygen,1,69101,185654
ML-DSA-44,keygen,2,69911,187846
ML-DSA-44,keygen,3,69753,187428
ML-DSA-44,keygen,4,70171,188554
ML-DSA-44,keygen,5,70360,189060
ML-DSA-44,keygen,6,70107,188378
ML-DSA-44,keygen,7,69045,185528
ML-DSA-44,keygen,8,68837,184966
ML-DSA-44,keygen,9,68974,185334
ML-DSA-44,keygen,10,70061,188254
ML-DSA-44,keygen,11,69195,185930
ML-DSA-44,keygen,12,70046,188212
ML-DSA-44,keygen,13,70264,188802
ML-DSA-44,keygen,14,71074,190978
ML-DSA-44,keygen,15,72698,195270
ML-DSA-44,keygen,16,72235,194100
ML-DSA-44,keygen,17,69944,187940
ML-DSA-44,keygen,18,69172,185862
ML-DSA-44,keygen,19,69351,186348
ML-DSA-44,keygen,20,69356,186360
ML-DSA-44,keygen,21,69814,187592
ML-DSA-44,keygen,22,69414,186522
ML-DSA-44,keygen,23,69396,186468
ML-DSA-44,keygen,24,70394,189152
ML-DSA-44,keygen,25,70567,189614
ML-DSA-44,keygen,26,69831,187610
ML-DSA-44,keygen,27,69652,187160
ML-DSA-44,keygen,28,73595,197732
ML-DSA-44,keygen,29,73736,198132
ML-DSA-44,keygen,30,70762,190142
ML-DSA-44,keygen,31,69725,187352
ML-DSA-44,keygen,32,70228,188706
ML-DSA-44,keygen,33,69626,187088
ML-DSA-44,keygen,34,68756,184742
ML-DSA-44,keygen,35,70535,189530
ML-DSA-44,keygen,36,69376,186414
ML-DSA-44,keygen,37,69810,187576
ML-DSA-44,keygen,38,69772,187480
ML-DSA-44,keygen,39,70190,188604
ML-DSA-44,keygen,40,70391,189144
ML-DSA-44,keygen,41,69872,187744
ML-DSA-44,keygen,42,71970,193388
ML-DSA-44,keygen,43,72232,193850
ML-DSA-44,keygen,44,74252,199516
ML-DSA-44,keygen,45,70734,190060
ML-DSA-44,keygen,46,69284,186170
ML-DSA-44,keygen,47,69698,187280
ML-DSA-44,keygen,48,69699,187284
ML-DSA-44,keygen,49,68400,183784
ML-DSA-44,keygen,50,69439,186582
ML-DSA-44,keygen,51,69966,188004
ML-DSA-44,keygen,52,69791,187530
ML-DSA-44,keygen,53,69106,185690
ML-DSA-44,keygen,54,69981,188044
ML-DSA-44,keygen,55,69936,187920
ML-DSA-44,keygen,56,69949,187954
ML-DSA-44,keygen,57,72081,193686
ML-DSA-44,keygen,58,74401,199896
ML-DSA-44,keygen,59,69779,187496
ML-DSA-44,keygen,60,69154,185816
ML-DSA-44,keygen,61,69506,186768
ML-DSA-44,keygen,62,69948,187952
ML-DSA-44,keygen,63,69170,185864
ML-DSA-44,keygen,64,70182,188584
ML-DSA-44,keygen,65,69798,187552
ML-DSA-44,keygen,66,69117,185718
ML-DSA-44,keygen,67,69636,187104
ML-DSA-44,keygen,68,69647,187144
ML-DSA-44,keygen,69,70119,188416
ML-DSA-44,keygen,70,70354,189034
ML-DSA-44,keygen,71,72301,194278
ML-DSA-44,keygen,72,72922,195924
ML-DSA-44,keygen,73,71796,192910
ML-DSA-44,keygen,74,70414,189204
ML-DSA-44,keygen,75,70041,188204
ML-DSA-44,keygen,76,69284,186162
ML-DSA-44,keygen,77,68948,185270
ML-DSA-44,keygen,78,70120,188418
ML-DSA-44,keygen,79,69778,187496
ML-DSA-44,keygen,80,69542,186864
ML-DSA-44,keygen,81,69786,187516
ML-DSA-44,keygen,82,69288,186176
ML-DSA-44,keygen,83,69346,186338
ML-DSA-44,keygen,84,70199,188628
ML-DSA-44,keygen,85,72808,195638
ML-DSA-44,keygen,86,72772,195526
ML-DSA-44,keygen,87,71781,192876
ML-DSA-44,keygen,88,69286,186166
ML-DSA-44,keygen,89,69788,187518
ML-DSA-44,keygen,90,69474,186676
ML-DSA-44,keygen,91,69512,186778
ML-DSA-44,keygen,92,69439,186586
ML-DSA-44,keygen,93,68934,185226
ML-DSA-44,keygen,94,69942,187936
ML-DSA-44,keygen,95,68748,184724
ML-DSA-44,keygen,96,69799,187556
ML-DSA-44,keygen,97,69367,186394
ML-DSA-44,keygen,98,69847,187680
ML-DSA-44,keygen,99,71185,191278
ML-DSA-44,keygen,100,73129,196478
ML-DSA-44,keygen,101,72693,195328
ML-DSA-44,keygen,102,69747,187416
ML-DSA-44,keygen,103,70644,189824
ML-DSA-44,keygen,104,69999,188088
ML-DSA-44,keygen,105,69402,186482
ML-DSA-44,keygen,106,69867,187736
ML-DSA-44,keygen,107,69518,186788
ML-DSA-44,keygen,108,69837,187654
ML-DSA-44,keygen,109,70279,188842
ML-DSA-44,keygen,110,69933,187914
ML-DSA-44,keygen,111,69910,187852
ML-DSA-44,keygen,112,69999,188084
ML-DSA-44,keygen,113,71210,191348
ML-DSA-44,keygen,114,72938,195808
ML-DSA-44,keygen,115,73452,197372
ML-DSA-44,keygen,116,69269,186130
ML-DSA-44,keygen,117,69723,187348
ML-DSA-44,keygen,118,68824,184934
ML-DSA-44,keygen,119,69286,186170
ML-DSA-44,keygen,120,70101,188364
ML-DSA-44,keygen,121,68924,185202
ML-DSA-44,keygen,122,69644,187138
ML-DSA-44,keygen,123,70286,188864
ML-DSA-44,keygen,124,69625,187088
ML-DSA-44,keygen,125,69600,187018
ML-DSA-44,keygen,126,69522,186804
ML-DSA-44,keygen,127,70673,189898
ML-DSA-44,keygen,128,72277,194046
ML-DSA-44,keygen,129,74114,199148
ML-DSA-44,keygen,130,70515,189476
ML-DSA-44,keygen,131,69270,186126
ML-DSA-44,keygen,132,69616,187058
ML-DSA-44,keygen,133,70323,188960
ML-DSA-44,keygen,134,70204,188644
ML-DSA-44,keygen,135,69441,186592
ML-DSA-44,keygen,136,69780,187502
ML-DSA-44,keygen,137,70082,188312
ML-DSA-44,keygen,138,69801,187558
ML-DSA-44,keygen,139,69858,187710
ML-DSA-44,keygen,140,69043,185524
ML-DSA-44,keygen,141,70773,190170
ML-DSA-44,keygen,142,73096,196242
ML-DSA-44,keygen,143,73060,196316
ML-DSA-44,keygen,144,70939,190618
ML-DSA-44,keygen,145,70208,188650
ML-DSA-44,keygen,146,69739,187390
ML-DSA-44,keygen,147,69866,187734
ML-DSA-44,keygen,148,69886,187790
ML-DSA-44,keygen,149,69692,187270
ML-DSA-44,keygen,150,70464,189338
ML-DSA-44,keygen,151,69210,185968
ML-DSA-44,keygen,152,69182,185892
ML-DSA-44,keygen,153,69904,187836
ML-DSA-44,keygen,154,69851,187694
ML-DSA-44,keygen,155,71270,191508
ML-DSA-44,keygen,156,73045,196250
ML-DSA-44,keygen,157,73413,197256
ML-DSA-44,keygen,158,71864,193108
ML-DSA-44,keygen,159,69580,186962
ML-DSA-44,keygen,160,69278,186152
ML-DSA-44,keygen,161,70014,188128
ML-DSA-44,keygen,162,70372,189096
ML-DSA-44,keygen,163,70299,188890
ML-DSA-44,keygen,164,69352,186346
ML-DSA-44,keygen,165,69659,187178
ML-DSA-44,keygen,166,69397,186468
ML-DSA-44,keygen,167,69225,186010
ML-DSA-44,keygen,168,69827,187630
ML-DSA-44,keygen,169,79362,213258
ML-DSA-44,keygen,170,72027,193542
ML-DSA-44,keygen,171,72723,195402
ML-DSA-44,keygen,172,73832,198386
ML-DSA-44,keygen,173,70217,188678
ML-DSA-44,keygen,174,69418,186530
ML-DSA-44,keygen,175,69271,186132
ML-DSA-44,keygen,176,69727,187356
ML-DSA-44,keygen,177,70143,188474
ML-DSA-44,keygen,178,69878,187762
ML-DSA-44,keygen,179,70338,188998
ML-DSA-44,keygen,180,69704,187296
ML-DSA-44,keygen,181,69852,187688
ML-DSA-44,keygen,182,69874,187746
ML-DSA-44,keygen,183,71110,191076
ML-DSA-44,keygen,184,69890,187800
ML-DSA-44,keygen,185,72686,195310
ML-DSA-44,keygen,186,73730,198114
ML-DSA-44,keygen,187,72288,194240
ML-DSA-44,keygen,188,69293,186194
ML-DSA-44,keygen,189,69623,187082
ML-DSA-44,keygen,190,70355,189046
ML-DSA-44,keygen,191,69236,186042
ML-DSA-44,keygen,192,70305,188914
ML-DSA-44,keygen,193,70287,188864
ML-DSA-44,keygen,194,70103,188370
ML-DSA-44,keygen,195,69956,187972
ML-DSA-44,keygen,196,69492,186728
ML-DSA-44,keygen,197,72280,194226
ML-DSA-44,keygen,198,72490,194782
ML-DSA-44,keygen,199,73920,198632
ML-DSA-44,keygen,200,69639,187120
ML-DSA-44,keygen,201,69372,186402
ML-DSA-44,keygen,202,69478,186688
ML-DSA-44,keygen,203,69326,186278
ML-DSA-44,keygen,204,70304,188908
ML-DSA-44,keygen,205,69577,186954
ML-DSA-44,keygen,206,70932,190602
ML-DSA-44,keygen,207,69002,185414
ML-DSA-44,keygen,208,70268,188814
ML-DSA-44,keygen,209,69696,187282
ML-DSA-44,keygen,210,69695,187268
ML-DSA-44,keygen,211,70290,188876
ML-DSA-44,keygen,212,72295,194258
ML-DSA-44,keygen,213,72822,195672
ML-DSA-44,keygen,214,70691,189952
ML-DSA-44,keygen,215,69532,186830
ML-DSA-44,keygen,216,70547,189564
ML-DSA-44,keygen,217,69579,186960
ML-DSA-44,keygen,218,69773,187484
ML-DSA-44,keygen,219,69695,187274
ML-DSA-44,keygen,220,69741,187400
ML-DSA-44,keygen,221,69808,187580
ML-DSA-44,keygen,222,69512,186782
ML-DSA-44,keygen,223,69480,186692
ML-DSA-44,keygen,224,69821,187616
ML-DSA-44,keygen,225,69087,185638
ML-DSA-44,keygen,226,70599,189704
ML-DSA-44,keygen,227,69071,185598
ML-DSA-44,keygen,228,69873,187750
ML-DSA-44,keygen,229,69637,187114
ML-DSA-44,keygen,230,69036,185498
ML-DSA-44,keygen,231,68920,185186
ML-DSA-44,keygen,232,69705,187302
ML-DSA-44,keygen,233,69078,185608
ML-DSA-44,keygen,234,69228,186016
ML-DSA-44,keygen,235,69765,187460
ML-DSA-44,keygen,236,69347,186338
ML-DSA-44,keygen,237,69549,186876
ML-DSA-44,keygen,238,69995,188080
ML-DSA-44,keygen,239,69887,187794
ML-DSA-44,keygen,240,71344,191706
ML-DSA-44,keygen,241,69563,186920
ML-DSA-44,keygen,242,68684,184554
ML-DSA-44,keygen,243,69678,187226
ML-DSA-44,keygen,244,69561,186920
ML-DSA-44,keygen,245,69829,187636
ML-DSA-44,keygen,246,69803,187562
ML-DSA-44,keygen,247,69479,186692
ML-DSA-44,keygen,248,69918,187870
ML-DSA-44,keygen,249,69751,187428
ML-DSA-44,keygen,250,69739,187388
ML-DSA-44,keygen,251,69912,187856
ML-DSA-44,keygen,252,69683,187242
ML-DSA-44,keygen,253,69273,186144
ML-DSA-44,keygen,254,71257,191472
ML-DSA-44,keygen,255,69052,185548
ML-DSA-44,keygen,256,69588,186984
ML-DSA-44,keygen,257,69137,185770
ML-DSA-44,keygen,258,69281,186156
ML-DSA-44,keygen,259,70290,188868
ML-DSA-44,keygen,260,69395,186462
ML-DSA-44,keygen,261,69307,186228
ML-DSA-44,keygen,262,69092,185650
ML-DSA-44,keygen,263,70134,188458
ML-DSA-44,keygen,264,69845,187674
ML-DSA-44,keygen,265,69220,185998
ML-DSA-44,keygen,266,69765,187458
ML-DSA-44,keygen,267,69295,186196
ML-DSA-44,keygen,268,71621,192452
ML-DSA-44,keygen,269,69402,186490
ML-DSA-44,keygen,270,70023,188152
ML-DSA-44,keygen,271,69967,188006
ML-DSA-44,keygen,272,69766,187462
ML-DSA-44,keygen,273,69348,186336
ML-DSA-44,keygen,274,70365,189072
ML-DSA-44,keygen,275,69827,187626
ML-DSA-44,keygen,276,69909,187848
ML-DSA-44,keygen,277,70058,188250
ML-DSA-44,keygen,278,69126,185744
ML-DSA-44,keygen,279,69251,186076
ML-DSA-44,keygen,280,70004,188104
ML-DSA-44,keygen,281,69651,187154
ML-DSA-44,keygen,282,70170,188548
ML-DSA-44,keygen,283,70844,190364
ML-DSA-44,keygen,284,69494,186734
ML-DSA-44,keygen,285,69427,186520
ML-DSA-44,keygen,286,70264,188800
ML-DSA-44,keygen,287,69727,187362
ML-DSA-44,keygen,288,68834,184960
ML-DSA-44,keygen,289,70071,188284
ML-DSA-44,keygen,290,69436,186574
ML-DSA-44,keygen,291,69543,186856
ML-DSA-44,keygen,292,69813,187592
ML-DSA-44,keygen,293,69611,187048
ML-DSA-44,keygen,294,70589,189670
ML-DSA-44,keygen,295,68618,184380
ML-DSA-44,keygen,296,69254,186082
ML-DSA-44,keygen,297,72260,194168
ML-DSA-44,keygen,298,69206,185950
ML-DSA-44,keygen,299,70063,188264
ML-DSA-44,keygen,300,69384,186436
ML-DSA-44,keygen,301,69913,187858
ML-DSA-44,keygen,302,69196,185932
ML-DSA-44,keygen,303,68934,185228
ML-DSA-44,keygen,304,70342,189012
ML-DSA-44,keygen,305,70233,188724
ML-DSA-44,keygen,306,69472,186670
ML-DSA-44,keygen,307,68481,184008
ML-DSA-44,keygen,308,69028,185476
ML-DSA-44,keygen,309,70314,188934
ML-DSA-44,keygen,310,69713,187320
ML-DSA-44,keygen,311,72097,193728
ML-DSA-44,keygen,312,69217,185986
ML-DSA-44,keygen,313,69991,188070
ML-DSA-44,keygen,314,70351,189026
ML-DSA-44,keygen,315,69194,185924
ML-DSA-44,keygen,316,69831,187640
ML-DSA-44,keygen,317,69118,185722
ML-DSA-44,keygen,318,69823,187620
ML-DSA-44,keygen,319,70105,188376
ML-DSA-44,keygen,320,70118,188408
ML-DSA-44,keygen,321,70413,189206
ML-DSA-44,keygen,322,70324,188970
ML-DSA-44,keygen,323,69578,186960
ML-DSA-44,keygen,324,70069,188274
ML-DSA-44,keygen,325,71405,191870
ML-DSA-44,keygen,326,70343,189012
ML-DSA-44,keygen,327,70415,189212
ML-DSA-44,keygen,328,69237,186042
ML-DSA-44,keygen,329,69273,186136
ML-DSA-44,keygen,330,69611,187048
ML-DSA-44,keygen,331,69777,187492
ML-DSA-44,keygen,332,69993,188078
ML-DSA-44,keygen,333,68629,184408
ML-DSA-44,keygen,334,70336,188994
ML-DSA-44,keygen,335,69704,187294
ML-DSA-44,keygen,336,69120,185726
ML-DSA-44,keygen,337,69750,187420
ML-DSA-44,keygen,338,69599,187018
ML-DSA-44,keygen,339,69292,186190
ML-DSA-44,keygen,340,71260,191482
ML-DSA-44,keygen,341,70005,188108
ML-DSA-44,keygen,342,69877,187760
ML-DSA-44,keygen,343,69745,187402
ML-DSA-44,keygen,344,68713,184632
ML-DSA-44,keygen,345,68883,185090
ML-DSA-44,keygen,346,69568,186932
ML-DSA-44,keygen,347,68708,184618
ML-DSA-44,keygen,348,69311,186240
ML-DSA-44,keygen,349,69559,186910
ML-DSA-44,keygen,350,69624,187084
ML-DSA-44,keygen,351,69373,186408
ML-DSA-44,keygen,352,70595,189692
ML-DSA-44,keygen,353,68788,184836
ML-DSA-44,keygen,354,70357,188996
ML-DSA-44,keygen,355,70128,188434
ML-DSA-44,keygen,356,69580,186964
ML-DSA-44,keygen,357,68796,184862
ML-DSA-44,keygen,358,69433,186570
ML-DSA-44,keygen,359,69564,186922
ML-DSA-44,keygen,360,69956,187978
ML-DSA-44,keygen,361,69488,186718
ML-DSA-44,keygen,362,69086,185636
ML-DSA-44,keygen,363,69409,186504
ML-DSA-44,keygen,364,70352,189042
ML-DSA-44,keygen,365,69078,185612
ML-DSA-44,keygen,366,69611,187040
ML-DSA-44,keygen,367,70123,188424
ML-DSA-44,keygen,368,70690,189944
ML-DSA-44,keygen,369,68715,184636
ML-DSA-44,keygen,370,68702,184600
ML-DSA-44,keygen,371,69872,187750
ML-DSA-44,keygen,372,70358,189056
ML-DSA-44,keygen,373,68492,184042
ML-DSA-44,keygen,374,68977,185340
ML-DSA-44,keygen,375,70037,188194
ML-DSA-44,keygen,376,69243,186058
ML-DSA-44,keygen,377,69078,185612
ML-DSA-44,keygen,378,69549,186878
ML-DSA-44,keygen,379,69941,187934
ML-DSA-44,keygen,380,70004,188106
ML-DSA-44,keygen,381,69521,186804
ML-DSA-44,keygen,382,71412,191886
ML-DSA-44,keygen,383,70642,189822
ML-DSA-44,keygen,384,69788,187524
ML-DSA-44,keygen,385,68893,185116
ML-DSA-44,keygen,386,69559,186910
ML-DSA-44,keygen,387,70087,188324
ML-DSA-44,keygen,388,70727,190042
ML-DSA-44,keygen,389,69539,186852
ML-DSA-44,keygen,390,71122,191106
ML-DSA-44,keygen,391,69190,185918
ML-DSA-44,keygen,392,69444,186596
ML-DSA-44,keygen,393,69579,186960
ML-DSA-44,keygen,394,68819,184904
ML-DSA-44,keygen,395,69485,186708
ML-DSA-44,keygen,396,69193,185926
ML-DSA-44,keygen,397,71466,192032
ML-DSA-44,keygen,398,70256,188778
ML-DSA-44,keygen,399,69771,187480
ML-DSA-44,keygen,400,70320,188952
ML-DSA-44,keygen,401,70301,188896
ML-DSA-44,keygen,402,70200,188628
ML-DSA-44,keygen,403,69407,186496
ML-DSA-44,keygen,404,69444,186596
ML-DSA-44,keygen,405,70252,188772
ML-DSA-44,keygen,406,70166,188536
ML-DSA-44,keygen,407,69255,186092
ML-DSA-44,keygen,408,69939,187924
ML-DSA-44,keygen,409,68991,185380
ML-DSA-44,keygen,410,70199,188630
ML-DSA-44,keygen,411,71347,191710
ML-DSA-44,keygen,412,69375,186408
ML-DSA-44,keygen,413,69794,187540
ML-DSA-44,keygen,414,69775,187486
ML-DSA-44,keygen,415,69445,186592
ML-DSA-44,keygen,416,69802,187558
ML-DSA-44,keygen,417,70224,188690
ML-DSA-44,keygen,418,70145,188482
ML-DSA-44,keygen,419,70596,189694
ML-DSA-44,keygen,420,70670,189894
ML-DSA-44,keygen,421,69023,185464
ML-DSA-44,keygen,422,69225,186010
ML-DSA-44,keygen,423,69571,186940
ML-DSA-44,keygen,424,70298,188894
ML-DSA-44,keygen,425,72228,194080
ML-DSA-44,keygen,426,69492,186726
ML-DSA-44,keygen,427,69546,186874
ML-DSA-44,keygen,428,69798,187544
ML-DSA-44,keygen,429,70932,190598
ML-DSA-44,keygen,430,69601,187024
ML-DSA-44,keygen,431,70022,188152
ML-DSA-44,keygen,432,69101,185672
ML-DSA-44,keygen,433,68992,185380
ML-DSA-44,keygen,434,70142,188466
ML-DSA-44,keygen,435,69602,187024
ML-DSA-44,keygen,436,68767,184782
ML-DSA-44,keygen,437,69582,186968
ML-DSA-44,keygen,438,69501,186750
ML-DSA-44,keygen,439,71836,193028
ML-DSA-44,keygen,440,69403,186490
ML-DSA-44,keygen,441,70563,189604
ML-DSA-44,keygen,442,69240,186054
ML-DSA-44,keygen,443,69646,187138
ML-DSA-44,keygen,444,69804,187564
ML-DSA-44,keygen,445,70151,188500
ML-DSA-44,keygen,446,69239,186040
ML-DSA-44,keygen,447,70157,188516
ML-DSA-44,keygen,448,69178,185882
ML-DSA-44,keygen,449,69600,187018
ML-DSA-44,keygen,450,69457,186640
ML-DSA-44,keygen,451,69865,187728
ML-DSA-44,keygen,452,69472,186676
ML-DSA-44,keygen,453,69593,186996
ML-DSA-44,keygen,454,70838,190344
ML-DSA-44,keygen,455,69589,186958
ML-DSA-44,keygen,456,69513,186784
ML-DSA-44,keygen,457,68845,184988
ML-DSA-44,keygen,458,70279,188848
ML-DSA-44,keygen,459,69608,187036
ML-DSA-44,keygen,460,69058,185566
ML-DSA-44,keygen,461,69708,187304
ML-DSA-44,keygen,462,69459,186636
ML-DSA-44,keygen,463,69999,188084
ML-DSA-44,keygen,464,69961,187986
ML-DSA-44,keygen,465,69399,186470
ML-DSA-44,keygen,466,69537,186852
ML-DSA-44,keygen,467,69657,187170
ML-DSA-44,keygen,468,71414,191894
ML-DSA-44,keygen,469,69838,187580
ML-DSA-44,keygen,470,69805,187572
ML-DSA-44,keygen,471,69699,187282
ML-DSA-44,keygen,472,69977,188030
ML-DSA-44,keygen,473,70122,188420
ML-DSA-44,keygen,474,69907,187844
ML-DSA-44,keygen,475,70111,188392
ML-DSA-44,keygen,476,69447,186604
ML-DSA-44,keygen,477,69021,185456
ML-DSA-44,keygen,478,69489,186718
ML-DSA-44,keygen,479,70412,189198
ML-DSA-44,keygen,480,69110,185698
ML-DSA-44,keygen,481,70278,188838
ML-DSA-44,keygen,482,71274,191516
ML-DSA-44,keygen,483,68542,184172
ML-DSA-44,keygen,484,69957,187980
ML-DSA-44,keygen,485,69286,186176
ML-DSA-44,keygen,486,69381,186422
ML-DSA-44,keygen,487,69854,187698
ML-DSA-44,keygen,488,69731,187372
ML-DSA-44,keygen,489,69680,187236
ML-DSA-44,keygen,490,69373,186406
ML-DSA-44,keygen,491,69225,186002
ML-DSA-44,keygen,492,70003,188102
ML-DSA-44,keygen,493,70125,188376
ML-DSA-44,keygen,494,70421,189226
ML-DSA-44,keygen,495,68703,184608
ML-DSA-44,keygen,496,71390,191782
ML-DSA-44,keygen,497,69664,187188
ML-DSA-44,keygen,498,69589,186990
ML-DSA-44,keygen,499,69277,186148
ML-DSA-44,keygen,500,69159,185824
ML-DSA-44,keygen,501,69493,186730
ML-DSA-44,keygen,502,69916,187868
ML-DSA-44,keygen,503,69649,187152
ML-DSA-44,keygen,504,69259,186100
ML-DSA-44,keygen,505,70320,188944
ML-DSA-44,keygen,506,69434,186568
ML-DSA-44,keygen,507,69198,185930
ML-DSA-44,keygen,508,69294,186196
ML-DSA-44,keygen,509,70721,190034
ML-DSA-44,keygen,510,70027,188166
ML-DSA-44,keygen,511,71450,191990
ML-DSA-44,keygen,512,69474,186682
ML-DSA-44,keygen,513,68797,184856
ML-DSA-44,keygen,514,69554,186892
ML-DSA-44,keygen,515,70139,188466
ML-DSA-44,keygen,516,70046,188214
ML-DSA-44,keygen,517,69748,187416
ML-DSA-44,keygen,518,70436,189264
ML-DSA-44,keygen,519,68872,185060
ML-DSA-44,keygen,520,69524,186810
ML-DSA-44,keygen,521,70148,188484
ML-DSA-44,keygen,522,70240,188736
ML-DSA-44,keygen,523,69514,186786
ML-DSA-44,keygen,524,69197,185930
ML-DSA-44,keygen,525,69912,187858
ML-DSA-44,keygen,526,69074,185604
ML-DSA-44,keygen,527,69509,186768
ML-DSA-44,keygen,528,69122,185732
ML-DSA-44,keygen,529,69840,187670
ML-DSA-44,keygen,530,69637,187118
ML-DSA-44,keygen,531,69441,186598
ML-DSA-44,keygen,532,68895,185124
ML-DSA-44,keygen,533,69758,187444
ML-DSA-44,keygen,534,70178,188570
ML-DSA-44,keygen,535,69965,188002
ML-DSA-44,keygen,536,69372,186406
ML-DSA-44,keygen,537,69363,186384
ML-DSA-44,keygen,538,69861,187722
ML-DSA-44,keygen,539,71129,191126
ML-DSA-44,keygen,540,68510,184088
ML-DSA-44,keygen,541,69694,187266
ML-DSA-44,keygen,542,69454,186626
ML-DSA-44,keygen,543,69196,185932
ML-DSA-44,keygen,544,70090,188334
ML-DSA-44,keygen,545,69915,187868
ML-DSA-44,keygen,546,69678,187226
ML-DSA-44,keygen,547,68566,184242
ML-DSA-44,keygen,548,69834,187644
ML-DSA-44,keygen,549,69999,188088
ML-DSA-44,keygen,550,69440,186588
ML-DSA-44,keygen,551,70003,188096
ML-DSA-44,keygen,552,69399,186478
ML-DSA-44,keygen,553,72330,194358
ML-DSA-44,keygen,554,69531,186834
ML-DSA-44,keygen,555,69051,185544
ML-DSA-44,keygen,556,69153,185816
ML-DSA-44,keygen,557,69961,187990
ML-DSA-44,keygen,558,70029,188174
ML-DSA-44,keygen,559,70306,188916
ML-DSA-44,keygen,560,69843,187672
ML-DSA-44,keygen,561,70738,190078
ML-DSA-44,keygen,562,69643,187130
ML-DSA-44,keygen,563,70016,188136
ML-DSA-44,keygen,564,70081,188312
ML-DSA-44,keygen,565,69975,188030
ML-DSA-44,keygen,566,70008,188114
ML-DSA-44,keygen,567,69968,188010
ML-DSA-44,keygen,568,70899,190508
ML-DSA-44,keygen,569,69837,187656
ML-DSA-44,keygen,570,69438,186582
ML-DSA-44,keygen,571,70279,188840
ML-DSA-44,keygen,572,69825,187622
ML-DSA-44,keygen,573,70267,188810
ML-DSA-44,keygen,574,69508,186770
ML-DSA-44,keygen,575,69942,187936
ML-DSA-44,keygen,576,70877,190450
ML-DSA-44,keygen,577,70740,190080
ML-DSA-44,keygen,578,69252,186082
ML-DSA-44,keygen,579,68959,185298
ML-DSA-44,keygen,580,70298,188894
ML-DSA-44,keygen,581,70380,189110
ML-DSA-44,keygen,582,71845,193048
ML-DSA-44,keygen,583,69235,186034
ML-DSA-44,keygen,584,69385,186442
ML-DSA-44,keygen,585,69395,186468
ML-DSA-44,keygen,586,69523,186814
ML-DSA-44,keygen,587,69521,186810
ML-DSA-44,keygen,588,69285,186172
ML-DSA-44,keygen,589,69929,187900
ML-DSA-44,keygen,590,69623,187080
ML-DSA-44,keygen,591,69711,187312
ML-DSA-44,keygen,592,68844,184984
ML-DSA-44,keygen,593,70279,188846
ML-DSA-44,keygen,594,69908,187844
ML-DSA-44,keygen,595,69507,186766
ML-DSA-44,keygen,596,70830,190322
ML-DSA-44,keygen,597,69575,186954
ML-DSA-44,keygen,598,69761,187448
ML-DSA-44,keygen,599,68850,185002
ML-DSA-44,keygen,600,70096,188356
ML-DSA-44,keygen,601,70545,189560
ML-DSA-44,keygen,602,70098,188356
ML-DSA-44,keygen,603,69167,185852
ML-DSA-44,keygen,604,69033,185492
ML-DSA-44,keygen,605,69804,187566
ML-DSA-44,keygen,606,68553,184210
ML-DSA-44,keygen,607,69820,187608
ML-DSA-44,keygen,608,68832,184956
ML-DSA-44,keygen,609,69965,188002
ML-DSA-44,keygen,610,71744,192784
ML-DSA-44,keygen,611,69863,187718
ML-DSA-44,keygen,612,69573,186942
ML-DSA-44,keygen,613,70099,188356
ML-DSA-44,keygen,614,69380,186426
ML-DSA-44,keygen,615,70238,188734
ML-DSA-44,keygen,616,70017,188134
ML-DSA-44,keygen,617,71049,190910
ML-DSA-44,keygen,618,70167,188540
ML-DSA-44,keygen,619,69878,187764
ML-DSA-44,keygen,620,69763,187450
ML-DSA-44,keygen,621,69742,187394
ML-DSA-44,keygen,622,69012,185430
ML-DSA-44,keygen,623,69820,187612
ML-DSA-44,keygen,624,69653,187156
ML-DSA-44,keygen,625,71194,191300
ML-DSA-44,keygen,626,69717,187336
ML-DSA-44,keygen,627,69645,187138
ML-DSA-44,keygen,628,69744,187402
ML-DSA-44,keygen,629,70104,188374
ML-DSA-44,keygen,630,68639,184432
ML-DSA-44,keygen,631,69527,186820
ML-DSA-44,keygen,632,70120,188412
ML-DSA-44,keygen,633,69735,187384
ML-DSA-44,keygen,634,69801,187562
ML-DSA-44,keygen,635,69106,185690
ML-DSA-44,keygen,636,68980,185356
ML-DSA-44,keygen,637,69664,187190
ML-DSA-44,keygen,638,69378,186416
ML-DSA-44,keygen,639,71000,190778
ML-DSA-44,keygen,640,69261,186108
ML-DSA-44,keygen,641,70176,188566
ML-DSA-44,keygen,642,69849,187686
ML-DSA-44,keygen,643,68676,184532
ML-DSA-44,keygen,644,68768,184782
ML-DSA-44,keygen,645,70603,189716
ML-DSA-44,keygen,646,70176,188566
ML-DSA-44,keygen,647,69522,186808
ML-DSA-44,keygen,648,69598,187012
ML-DSA-44,keygen,649,70140,188466
ML-DSA-44,keygen,650,70279,188844
ML-DSA-44,keygen,651,69824,187624
ML-DSA-44,keygen,652,69160,185834
ML-DSA-44,keygen,653,71138,191106
ML-DSA-44,keygen,654,70381,189064
ML-DSA-44,keygen,655,69230,186022
ML-DSA-44,keygen,656,69335,186304
ML-DSA-44,keygen,657,70840,190356
ML-DSA-44,keygen,658,68585,184292
ML-DSA-44,keygen,659,70128,188436
ML-DSA-44,keygen,660,69823,187610
ML-DSA-44,keygen,661,69963,187992
ML-DSA-44,keygen,662,69175,185872
ML-DSA-44,keygen,663,69576,186956
ML-DSA-44,keygen,664,69490,186718
ML-DSA-44,keygen,665,69512,186780
ML-DSA-44,keygen,666,70024,188156
ML-DSA-44,keygen,667,70502,189442
ML-DSA-44,keygen,668,70543,189554
ML-DSA-44,keygen,669,69425,186546
ML-DSA-44,keygen,670,69615,187056
ML-DSA-44,keygen,671,68929,185220
ML-DSA-44,keygen,672,69812,187590
ML-DSA-44,keygen,673,70324,188966
ML-DSA-44,keygen,674,68734,184692
ML-DSA-44,keygen,675,69548,186878
ML-DSA-44,keygen,676,69372,186404
ML-DSA-44,keygen,677,69971,188014
ML-DSA-44,keygen,678,69942,187934
ML-DSA-44,keygen,679,69218,185990
ML-DSA-44,keygen,680,69461,186644
ML-DSA-44,keygen,681,70015,188136
ML-DSA-44,keygen,682,70821,190296
ML-DSA-44,keygen,683,69364,186382
ML-DSA-44,keygen,684,69865,187728
ML-DSA-44,keygen,685,70285,188862
ML-DSA-44,keygen,686,69953,187964
ML-DSA-44,keygen,687,70708,189996
ML-DSA-44,keygen,688,69285,186174
ML-DSA-44,keygen,689,69772,187476
ML-DSA-44,keygen,690,70204,188640
ML-DSA-44,keygen,691,70067,188270
ML-DSA-44,keygen,692,70183,188584
ML-DSA-44,keygen,693,70227,188698
ML-DSA-44,keygen,694,69622,187080
ML-DSA-44,keygen,695,69945,187948
ML-DSA-44,keygen,696,70924,190576
ML-DSA-44,keygen,697,69889,187796
ML-DSA-44,keygen,698,70444,189282
ML-DSA-44,keygen,699,68925,185202
ML-DSA-44,keygen,700,69896,187812
ML-DSA-44,keygen,701,68874,185066
ML-DSA-44,keygen,702,70087,188326
ML-DSA-44,keygen,703,69173,185866
ML-DSA-44,keygen,704,69497,186738
ML-DSA-44,keygen,705,69820,187614
ML-DSA-44,keygen,706,70229,188706
ML-DSA-44,keygen,707,70709,189996
ML-DSA-44,keygen,708,69751,187428
ML-DSA-44,keygen,709,69941,187938
ML-DSA-44,keygen,710,70622,189770
ML-DSA-44,keygen,711,70121,188420
ML-DSA-44,keygen,712,69271,186132
ML-DSA-44,keygen,713,68932,185222
ML-DSA-44,keygen,714,69030,185486
ML-DSA-44,keygen,715,69300,186210
ML-DSA-44,keygen,716,68850,185006
ML-DSA-44,keygen,717,70021,188148
ML-DSA-44,keygen,718,69705,187298
ML-DSA-44,keygen,719,69391,186454
ML-DSA-44,keygen,720,69464,186652
ML-DSA-44,keygen,721,70371,189094
ML-DSA-44,keygen,722,70569,189622
ML-DSA-44,keygen,723,70369,189084
ML-DSA-44,keygen,724,70764,190148
ML-DSA-44,keygen,725,69475,186680
ML-DSA-44,keygen,726,69420,186536
ML-DSA-44,keygen,727,69595,187004
ML-DSA-44,keygen,728,69554,186896
ML-DSA-44,keygen,729,69937,187926
ML-DSA-44,keygen,730,69240,186048
ML-DSA-44,keygen,731,69685,187248
ML-DSA-44,keygen,732,69279,186158
ML-DSA-44,keygen,733,69515,186786
ML-DSA-44,keygen,734,70234,188722
ML-DSA-44,keygen,735,69798,187554
ML-DSA-44,keygen,736,69426,186552
ML-DSA-44,keygen,737,68458,183944
ML-DSA-44,keygen,738,69033,185498
ML-DSA-44,keygen,739,70791,190156
ML-DSA-44,keygen,740,69560,186854
ML-DSA-44,keygen,741,69570,186936
ML-DSA-44,keygen,742,69411,186506
ML-DSA-44,keygen,743,69801,187560
ML-DSA-44,keygen,744,69935,187918
ML-DSA-44,keygen,745,70263,188800
ML-DSA-44,keygen,746,68847,184990
ML-DSA-44,keygen,747,69445,186602
ML-DSA-44,keygen,748,69080,185620
ML-DSA-44,keygen,749,68801,184864
ML-DSA-44,keygen,750,69266,186120
ML-DSA-44,keygen,751,69010,185434
ML-DSA-44,keygen,752,70599,189708
ML-DSA-44,keygen,753,70866,190418
ML-DSA-44,keygen,754,69622,187082
ML-DSA-44,keygen,755,69367,186384
ML-DSA-44,keygen,756,70037,188192
ML-DSA-44,keygen,757,69758,187446
ML-DSA-44,keygen,758,69417,186526
ML-DSA-44,keygen,759,69379,186422
ML-DSA-44,keygen,760,69318,186258
ML-DSA-44,keygen,761,69460,186642
ML-DSA-44,keygen,762,70161,188524
ML-DSA-44,keygen,763,69881,187770
ML-DSA-44,keygen,764,69914,187860
ML-DSA-44,keygen,765,68893,185116
ML-DSA-44,keygen,766,70595,189690
ML-DSA-44,keygen,767,71270,191444
ML-DSA-44,keygen,768,69284,186174
ML-DSA-44,keygen,769,69892,187806
ML-DSA-44,keygen,770,69962,187994
ML-DSA-44,keygen,771,69442,186594
ML-DSA-44,keygen,772,69305,186224
ML-DSA-44,keygen,773,69050,185538
ML-DSA-44,keygen,774,69136,185768
ML-DSA-44,keygen,775,69263,186110
ML-DSA-44,keygen,776,70100,188362
ML-DSA-44,keygen,777,69393,186462
ML-DSA-44,keygen,778,69543,186864
ML-DSA-44,keygen,779,70148,188492
ML-DSA-44,keygen,780,69401,186484
ML-DSA-44,keygen,781,70080,188308
ML-DSA-44,keygen,782,69384,186436
ML-DSA-44,keygen,783,69848,187678
ML-DSA-44,keygen,784,70570,189626
ML-DSA-44,keygen,785,69824,187620
ML-DSA-44,keygen,786,69187,185910
ML-DSA-44,keygen,787,69751,187426
ML-DSA-44,keygen,788,70212,188664
ML-DSA-44,keygen,789,68613,184366
ML-DSA-44,keygen,790,68651,184464
ML-DSA-44,keygen,791,70298,188894
ML-DSA-44,keygen,792,70537,189534
ML-DSA-44,keygen,793,69422,186540
ML-DSA-44,keygen,794,70483,189390
ML-DSA-44,keygen,795,69518,186794
ML-DSA-44,keygen,796,71293,191568
ML-DSA-44,keygen,797,70622,189762
ML-DSA-44,keygen,798,69922,187884
ML-DSA-44,keygen,799,70150,188496
ML-DSA-44,keygen,800,69839,187654
ML-DSA-44,keygen,801,69279,186158
ML-DSA-44,keygen,802,70475,189370
ML-DSA-44,keygen,803,70085,188324
ML-DSA-44,keygen,804,69882,187774
ML-DSA-44,keygen,805,82563,221790
ML-DSA-44,keygen,806,68984,185304
ML-DSA-44,keygen,807,70355,189052
ML-DSA-44,keygen,808,69482,186702
ML-DSA-44,keygen,809,69858,187704
ML-DSA-44,keygen,810,71422,191918
ML-DSA-44,keygen,811,69446,186604
ML-DSA-44,keygen,812,69488,186718
ML-DSA-44,keygen,813,69028,185482
ML-DSA-44,keygen,814,68858,185024
ML-DSA-44,keygen,815,69741,187396
ML-DSA-44,keygen,816,69512,186782
ML-DSA-44,keygen,817,69549,186882
ML-DSA-44,keygen,818,69696,187276
ML-DSA-44,keygen,819,69426,186544
ML-DSA-44,keygen,820,70764,190146
ML-DSA-44,keygen,821,69802,187558
ML-DSA-44,keygen,822,69548,186880
ML-DSA-44,keygen,823,69856,187704
ML-DSA-44,keygen,824,70634,189798
ML-DSA-44,keygen,825,69574,186950
ML-DSA-44,keygen,826,69669,187206
ML-DSA-44,keygen,827,69494,186734
ML-DSA-44,keygen,828,70523,189494
ML-DSA-44,keygen,829,69672,187210
ML-DSA-44,keygen,830,69296,186200
ML-DSA-44,keygen,831,69143,185782
ML-DSA-44,keygen,832,69213,185976
ML-DSA-44,keygen,833,69869,187738
ML-DSA-44,keygen,834,69241,186054
ML-DSA-44,keygen,835,69724,187352
ML-DSA-44,keygen,836,69946,187948
ML-DSA-44,keygen,837,70132,188444
ML-DSA-44,keygen,838,70681,189922
ML-DSA-44,keygen,839,69837,187654
ML-DSA-44,keygen,840,69398,186474
ML-DSA-44,keygen,841,69162,185840
ML-DSA-44,keygen,842,69974,188024
ML-DSA-44,keygen,843,69768,187472
ML-DSA-44,keygen,844,69554,186894
ML-DSA-44,keygen,845,68012,182752
ML-DSA-44,keygen,846,70085,188260
ML-DSA-44,keygen,847,70176,188568
ML-DSA-44,keygen,848,70166,188540
ML-DSA-44,keygen,849,69880,187776
ML-DSA-44,keygen,850,69886,187786
ML-DSA-44,keygen,851,70438,189268
ML-DSA-44,keygen,852,71620,192444
ML-DSA-44,keygen,853,70098,188360
ML-DSA-44,keygen,854,69121,185730
ML-DSA-44,keygen,855,68977,185340
ML-DSA-44,keygen,856,69773,187482
ML-DSA-44,keygen,857,69602,187022
ML-DSA-44,keygen,858,70176,188564
ML-DSA-44,keygen,859,69223,186002
ML-DSA-44,keygen,860,69372,186406
ML-DSA-44,keygen,861,69575,186950
ML-DSA-44,keygen,862,69229,186020
ML-DSA-44,keygen,863,70079,188306
ML-DSA-44,keygen,864,69260,186104
ML-DSA-44,keygen,865,70619,189756
ML-DSA-44,keygen,866,69136,185772
ML-DSA-44,keygen,867,73011,196188
ML-DSA-44,keygen,868,70161,188468
ML-DSA-44,keygen,869,69844,187674
ML-DSA-44,keygen,870,69893,187800
ML-DSA-44,keygen,871,69192,185924
ML-DSA-44,keygen,872,69724,187352
ML-DSA-44,keygen,873,69845,187680
ML-DSA-44,keygen,874,69439,186586
ML-DSA-44,keygen,875,69197,185934
ML-DSA-44,keygen,876,69875,187758
ML-DSA-44,keygen,877,69563,186920
ML-DSA-44,keygen,878,69802,187560
ML-DSA-44,keygen,879,69381,186432
ML-DSA-44,keygen,880,69865,187732
ML-DSA-44,keygen,881,71308,191550
ML-DSA-44,keygen,882,70460,189328
ML-DSA-44,keygen,883,69700,187282
ML-DSA-44,keygen,884,69940,187928
ML-DSA-44,keygen,885,69553,186892
ML-DSA-44,keygen,886,69815,187594
ML-DSA-44,keygen,887,69608,187040
ML-DSA-44,keygen,888,69841,187664
ML-DSA-44,keygen,889,69046,185530
ML-DSA-44,keygen,890,69455,186628
ML-DSA-44,keygen,891,69931,187908
ML-DSA-44,keygen,892,69625,187078
ML-DSA-44,keygen,893,70265,188806
ML-DSA-44,keygen,894,69107,185690
ML-DSA-44,keygen,895,72162,193850
ML-DSA-44,keygen,896,70184,188588
ML-DSA-44,keygen,897,69594,187002
ML-DSA-44,keygen,898,69621,187070
ML-DSA-44,keygen,899,70695,189960
ML-DSA-44,keygen,900,69665,187194
ML-DSA-44,keygen,901,69337,186312
ML-DSA-44,keygen,902,69183,185896
ML-DSA-44,keygen,903,70727,190046
ML-DSA-44,keygen,904,69384,186438
ML-DSA-44,keygen,905,69199,185940
ML-DSA-44,keygen,906,69554,186894
ML-DSA-44,keygen,907,69795,187544
ML-DSA-44,keygen,908,70301,188896
ML-DSA-44,keygen,909,70477,189312
ML-DSA-44,keygen,910,69542,186822
ML-DSA-44,keygen,911,69224,186004
ML-DSA-44,keygen,912,69769,187472
ML-DSA-44,keygen,913,68832,184948
ML-DSA-44,keygen,914,69288,186182
ML-DSA-44,keygen,915,68578,184272
ML-DSA-44,keygen,916,69452,186622
ML-DSA-44,keygen,917,69124,185742
ML-DSA-44,keygen,918,69805,187570
ML-DSA-44,keygen,919,69923,187884
ML-DSA-44,keygen,920,69922,187880
ML-DSA-44,keygen,921,70195,188616
ML-DSA-44,keygen,922,69546,186872
ML-DSA-44,keygen,923,70570,189626
ML-DSA-44,keygen,924,71151,191132
ML-DSA-44,keygen,925,69892,187746
ML-DSA-44,keygen,926,69429,186556
ML-DSA-44,keygen,927,70160,188520
ML-DSA-44,keygen,928,70660,189864
ML-DSA-44,keygen,929,69285,186166
ML-DSA-44,keygen,930,70556,189588
ML-DSA-44,keygen,931,69536,186846
ML-DSA-44,keygen,932,69550,186882
ML-DSA-44,keygen,933,69576,186954
ML-DSA-44,keygen,934,69375,186412
ML-DSA-44,keygen,935,70212,188658
ML-DSA-44,keygen,936,70538,189542
ML-DSA-44,keygen,937,69998,188086
ML-DSA-44,keygen,938,71365,191702
ML-DSA-44,keygen,939,70117,188416
ML-DSA-44,keygen,940,69691,187208
ML-DSA-44,keygen,941,70063,188258
ML-DSA-44,keygen,942,69148,185742
ML-DSA-44,keygen,943,69879,187718
ML-DSA-44,keygen,944,70731,190004
ML-DSA-44,keygen,945,69606,186980
ML-DSA-44,keygen,946,69852,187642
ML-DSA-44,keygen,947,69870,187700
ML-DSA-44,keygen,948,69894,187762
ML-DSA-44,keygen,949,70379,189064
ML-DSA-44,keygen,950,70034,188130
ML-DSA-44,keygen,951,69944,187898
ML-DSA-44,keygen,952,83054,223118
ML-DSA-44,keygen,953,69596,187010
ML-DSA-44,keygen,954,70011,188120
ML-DSA-44,keygen,955,69959,187976
ML-DSA-44,keygen,956,69346,186336
ML-DSA-44,keygen,957,69954,187964
ML-DSA-44,keygen,958,70093,188338
ML-DSA-44,keygen,959,70191,188606
ML-DSA-44,keygen,960,69540,186858
ML-DSA-44,keygen,961,70509,189460
ML-DSA-44,keygen,962,69629,187094
ML-DSA-44,keygen,963,70141,188472
ML-DSA-44,keygen,964,69932,187912
ML-DSA-44,keygen,965,70026,188166
ML-DSA-44,keygen,966,70722,190036
ML-DSA-44,keygen,967,70063,188260
ML-DSA-44,keygen,968,69389,186444
ML-DSA-44,keygen,969,69803,187566
ML-DSA-44,keygen,970,69799,187554
ML-DSA-44,keygen,971,69709,187316
ML-DSA-44,keygen,972,68536,184152
ML-DSA-44,keygen,973,70114,188402
ML-DSA-44,keygen,974,69292,186192
ML-DSA-44,keygen,975,68713,184632
ML-DSA-44,keygen,976,69928,187900
ML-DSA-44,keygen,977,69269,186130
ML-DSA-44,keygen,978,69486,186712
ML-DSA-44,keygen,979,69459,186644
ML-DSA-44,keygen,980,71388,191822
ML-DSA-44,keygen,981,70427,189238
ML-DSA-44,keygen,982,69777,187498
ML-DSA-44,keygen,983,68828,184938
ML-DSA-44,keygen,984,69640,187118
ML-DSA-44,keygen,985,70271,188822
ML-DSA-44,keygen,986,69863,187722
ML-DSA-44,keygen,987,68474,183990
ML-DSA-44,keygen,988,70131,188450
ML-DSA-44,keygen,989,70298,188892
ML-DSA-44,keygen,990,70350,189038
ML-DSA-44,keygen,991,70432,189258
ML-DSA-44,keygen,992,71181,191268
ML-DSA-44,keygen,993,69690,187262
ML-DSA-44,keygen,994,70408,189184
ML-DSA-44,keygen,995,72018,193522
ML-DSA-44,keygen,996,69416,186524
ML-DSA-44,keygen,997,69902,187824
ML-DSA-44,keygen,998,69905,187834
ML-DSA-44,keygen,999,69663,187178
ML-DSA-44,sign,0,371227,997754
ML-DSA-44,sign,1,554971,1491660
ML-DSA-44,sign,2,828889,2227950
ML-DSA-44,sign,3,215300,578664
ML-DSA-44,sign,4,628999,1690650
ML-DSA-44,sign,5,283432,761798
ML-DSA-44,sign,6,966631,2598196
ML-DSA-44,sign,7,284366,764314
ML-DSA-44,sign,8,147780,397168
ML-DSA-44,sign,9,504215,1355258
ML-DSA-44,sign,10,285934,768524
ML-DSA-44,sign,11,217456,584460
ML-DSA-44,sign,12,216853,582832
ML-DSA-44,sign,13,487867,1311324
ML-DSA-44,sign,14,561113,1508206
ML-DSA-44,sign,15,147338,395988
ML-DSA-44,sign,16,147486,396380
ML-DSA-44,sign,17,488811,1313854
ML-DSA-44,sign,18,148069,397948
ML-DSA-44,sign,19,691579,1858896
ML-DSA-44,sign,20,147721,397008
ML-DSA-44,sign,21,283336,761538
ML-DSA-44,sign,22,215634,579560
ML-DSA-44,sign,23,419671,1127972
ML-DSA-44,sign,24,691892,1859740
ML-DSA-44,sign,25,147067,395254
ML-DSA-44,sign,26,215799,580002
ML-DSA-44,sign,27,148319,398612
ML-DSA-44,sign,28,147200,395604
ML-DSA-44,sign,29,215122,578188
ML-DSA-44,sign,30,147412,396178
ML-DSA-44,sign,31,966895,2598952
ML-DSA-44,sign,32,284195,763856
ML-DSA-44,sign,33,148741,399746
ML-DSA-44,sign,34,350381,941756
ML-DSA-44,sign,35,215513,579242
ML-DSA-44,sign,36,215370,578848
ML-DSA-44,sign,37,760842,2045082
ML-DSA-44,sign,38,420124,1129232
ML-DSA-44,sign,39,693290,1863502
ML-DSA-44,sign,40,1714205,4607714
ML-DSA-44,sign,41,214855,577468
ML-DSA-44,sign,42,420829,1131122
ML-DSA-44,sign,43,147348,396008
ML-DSA-44,sign,44,282561,759460
ML-DSA-44,sign,45,216105,580832
ML-DSA-44,sign,46,489553,1315848
ML-DSA-44,sign,47,147435,396202
ML-DSA-44,sign,48,230950,620732
ML-DSA-44,sign,49,487355,1309940
ML-DSA-44,sign,50,147102,395346
ML-DSA-44,sign,51,147257,395762
ML-DSA-44,sign,52,147524,396484
ML-DSA-44,sign,53,146889,394730
ML-DSA-44,sign,54,283672,762452
ML-DSA-44,sign,55,148862,400072
ML-DSA-44,sign,56,147255,395756
ML-DSA-44,sign,57,351227,944034
ML-DSA-44,sign,58,287120,771716
ML-DSA-44,sign,59,217078,583436
ML-DSA-44,sign,60,148014,397762
ML-DSA-44,sign,61,286571,770196
ML-DSA-44,sign,62,558126,1500176
ML-DSA-44,sign,63,350762,942784
ML-DSA-44,sign,64,283966,763236
ML-DSA-44,sign,65,147450,396286
ML-DSA-44,sign,66,148411,398864
ML-DSA-44,sign,67,147528,396494
ML-DSA-44,sign,68,1305230,3508392
ML-DSA-44,sign,69,693433,1863884
ML-DSA-44,sign,70,147458,396306
ML-DSA-44,sign,71,283725,762594
ML-DSA-44,sign,72,215456,579034
ML-DSA-44,sign,73,283817,762834
ML-DSA-44,sign,74,147150,395434
ML-DSA-44,sign,75,147533,396512
ML-DSA-44,sign,76,281753,757292
ML-DSA-44,sign,77,147399,396146
ML-DSA-44,sign,78,148158,398140
ML-DSA-44,sign,79,148258,398450
ML-DSA-44,sign,80,420113,1129194
ML-DSA-44,sign,81,147545,396540
ML-DSA-44,sign,82,490445,1318254
ML-DSA-44,sign,83,557420,1498282
ML-DSA-44,sign,84,215968,580420
ML-DSA-44,sign,85,148854,400058
ML-DSA-44,sign,86,283352,761590
ML-DSA-44,sign,87,216106,580788
ML-DSA-44,sign,88,351527,944836
ML-DSA-44,sign,89,149187,400944
ML-DSA-44,sign,90,147468,396330
ML-DSA-44,sign,91,554288,1489862
ML-DSA-44,sign,92,286142,769082
ML-DSA-44,sign,93,350785,942844
ML-DSA-44,sign,94,147662,396850
ML-DSA-44,sign,95,1374034,3693338
ML-DSA-44,sign,96,355570,955670
ML-DSA-44,sign,97,372274,1000610
ML-DSA-44,sign,98,147513,396456
ML-DSA-44,sign,99,354953,954050
ML-DSA-44,sign,100,1171999,3150272
ML-DSA-44,sign,101,215611,579502
ML-DSA-44,sign,102,147349,396010
ML-DSA-44,sign,103,427668,1149504
ML-DSA-44,sign,104,215736,579832
ML-DSA-44,sign,105,215552,579342
ML-DSA-44,sign,106,556565,1495982
ML-DSA-44,sign,107,283487,761950
ML-DSA-44,sign,108,215361,578830
ML-DSA-44,sign,109,499685,1343084
ML-DSA-44,sign,110,487573,1310534
ML-DSA-44,sign,111,147455,396298
ML-DSA-44,sign,112,146605,394016
ML-DSA-44,sign,113,374365,1006232
ML-DSA-44,sign,114,215442,579044
ML-DSA-44,sign,115,283330,761528
ML-DSA-44,sign,116,286500,770042
ML-DSA-44,sign,117,148948,400316
ML-DSA-44,sign,118,215926,580348
ML-DSA-44,sign,119,284058,763480
ML-DSA-44,sign,120,215712,579730
ML-DSA-44,sign,121,422454,1135494
ML-DSA-44,sign,122,215149,578258
ML-DSA-44,sign,123,351141,943806
ML-DSA-44,sign,124,488335,1312580
ML-DSA-44,sign,125,148193,398286
ML-DSA-44,sign,126,421036,1131680
ML-DSA-44,sign,127,146449,393594
ML-DSA-44,sign,128,147230,395698
ML-DSA-44,sign,129,283655,762406
ML-DSA-44,sign,130,421554,1133080
ML-DSA-44,sign,131,215494,579186
ML-DSA-44,sign,132,419677,1128030
ML-DSA-44,sign,133,215260,578558
ML-DSA-44,sign,134,287725,773302
ML-DSA-44,sign,135,283160,761074
ML-DSA-44,sign,136,215239,578500
ML-DSA-44,sign,137,147484,396372
ML-DSA-44,sign,138,285242,766662
ML-DSA-44,sign,139,147200,395610
ML-DSA-44,sign,140,283602,762266
ML-DSA-44,sign,141,559602,1504102
ML-DSA-44,sign,142,147270,395796
ML-DSA-44,sign,143,230887,620522
ML-DSA-44,sign,144,487636,1310706
ML-DSA-44,sign,145,286250,769376
ML-DSA-44,sign,146,556240,1495108
ML-DSA-44,sign,147,1171380,3148604
ML-DSA-44,sign,148,286603,770324
ML-DSA-44,sign,149,351336,944288
ML-DSA-44,sign,150,215320,578684
ML-DSA-44,sign,151,1544777,4152294
ML-DSA-44,sign,152,215262,578558
ML-DSA-44,sign,153,419576,1127754
ML-DSA-44,sign,154,148511,399086
ML-DSA-44,sign,155,147772,397144
ML-DSA-44,sign,156,215493,579176
ML-DSA-44,sign,157,575674,1547348
ML-DSA-44,sign,158,691582,1858908
ML-DSA-44,sign,159,423665,1138698
ML-DSA-44,sign,160,147820,397282
ML-DSA-44,sign,161,216644,582278
ML-DSA-44,sign,162,216131,580902
ML-DSA-44,sign,163,981753,2638842
ML-DSA-44,sign,164,696214,1871354
ML-DSA-44,sign,165,420666,1130668
ML-DSA-44,sign,166,422061,1134436
ML-DSA-44,sign,167,215416,578978
ML-DSA-44,sign,168,215320,578722
ML-DSA-44,sign,169,1580876,4249328
ML-DSA-44,sign,170,419005,1126228
ML-DSA-44,sign,171,627605,1686932
ML-DSA-44,sign,172,284075,763492
ML-DSA-44,sign,173,147718,396958
ML-DSA-44,sign,174,218625,587592
ML-DSA-44,sign,175,285559,767476
ML-DSA-44,sign,176,147727,397028
ML-DSA-44,sign,177,696694,1872638
ML-DSA-44,sign,178,350932,943246
ML-DSA-44,sign,179,1033732,2778600
ML-DSA-44,sign,180,215835,580056
ML-DSA-44,sign,181,215286,578622
ML-DSA-44,sign,182,352945,948604
ML-DSA-44,sign,183,350303,941548
ML-DSA-44,sign,184,431743,1160440
ML-DSA-44,sign,185,215799,580012
ML-DSA-44,sign,186,215945,580358
ML-DSA-44,sign,187,350808,942908
ML-DSA-44,sign,188,218697,587738
ML-DSA-44,sign,189,215442,579044
ML-DSA-44,sign,190,555656,1493540
ML-DSA-44,sign,191,150197,403614
ML-DSA-44,sign,192,759469,2041390
ML-DSA-44,sign,193,147015,395122
ML-DSA-44,sign,194,218436,587090
ML-DSA-44,sign,195,1718587,4619460
ML-DSA-44,sign,196,628989,1690608
ML-DSA-44,sign,197,283824,762852
ML-DSA-44,sign,198,215968,580410
ML-DSA-44,sign,199,691928,1859836
ML-DSA-44,sign,200,1104959,2970064
ML-DSA-44,sign,201,970443,2608484
ML-DSA-44,sign,202,286732,770622
ML-DSA-44,sign,203,215478,579096
ML-DSA-44,sign,204,351635,945136
ML-DSA-44,sign,205,489799,1316520
ML-DSA-44,sign,206,1240957,3335622
ML-DSA-44,sign,207,215427,578956
ML-DSA-44,sign,208,351252,944102
ML-DSA-44,sign,209,559268,1503202
ML-DSA-44,sign,210,351256,944112
ML-DSA-44,sign,211,218414,586980
ML-DSA-44,sign,212,422064,1134404
ML-DSA-44,sign,213,215438,579034
ML-DSA-44,sign,214,762829,2050376
ML-DSA-44,sign,215,147324,395942
ML-DSA-44,sign,216,215138,578232
ML-DSA-44,sign,217,896311,2409218
ML-DSA-44,sign,218,1101777,2961510
ML-DSA-44,sign,219,218065,586090
ML-DSA-44,sign,220,147371,396072
ML-DSA-44,sign,221,147135,395432
ML-DSA-44,sign,222,215425,578960
ML-DSA-44,sign,223,420731,1130864
ML-DSA-44,sign,224,422430,1135380
ML-DSA-44,sign,225,215416,578980
ML-DSA-44,sign,226,147238,395668
ML-DSA-44,sign,227,147055,395220
ML-DSA-44,sign,228,559555,1504020
ML-DSA-44,sign,229,558648,1501576
ML-DSA-44,sign,230,217331,584076
ML-DSA-44,sign,231,488121,1312010
ML-DSA-44,sign,232,147279,395828
ML-DSA-44,sign,233,286430,769858
ML-DSA-44,sign,234,283370,761632
ML-DSA-44,sign,235,420448,1130098
ML-DSA-44,sign,236,150373,404088
ML-DSA-44,sign,237,214957,577746
ML-DSA-44,sign,238,555575,1493320
ML-DSA-44,sign,239,215286,578624
ML-DSA-44,sign,240,420901,1131266
ML-DSA-44,sign,241,351788,945546
ML-DSA-44,sign,242,587495,1579076
ML-DSA-44,sign,243,284050,763470
ML-DSA-44,sign,244,146926,394870
ML-DSA-44,sign,245,503197,1352506
ML-DSA-44,sign,246,283182,761128
ML-DSA-44,sign,247,285629,767708
ML-DSA-44,sign,248,559519,1503918
ML-DSA-44,sign,249,215424,579002
ML-DSA-44,sign,250,215434,579028
ML-DSA-44,sign,251,964745,2593170
ML-DSA-44,sign,252,491136,1320110
ML-DSA-44,sign,253,1376326,3699502
ML-DSA-44,sign,254,762407,2049280
ML-DSA-44,sign,255,966965,2599132
ML-DSA-44,sign,256,147494,396402
ML-DSA-44,sign,257,283814,762830
ML-DSA-44,sign,258,288087,774310
ML-DSA-44,sign,259,215235,578456
ML-DSA-44,sign,260,623106,1674844
ML-DSA-44,sign,261,284945,765866
ML-DSA-44,sign,262,147207,395632
ML-DSA-44,sign,263,420115,1129206
ML-DSA-44,sign,264,147541,396488
ML-DSA-44,sign,265,622614,1673512
ML-DSA-44,sign,266,418551,1125000
ML-DSA-44,sign,267,147640,396796
ML-DSA-44,sign,268,147399,396140
ML-DSA-44,sign,269,420326,1129770
ML-DSA-44,sign,270,147510,396448
ML-DSA-44,sign,271,636137,1709866
ML-DSA-44,sign,272,215549,579330
ML-DSA-44,sign,273,353755,950824
ML-DSA-44,sign,274,147632,396776
ML-DSA-44,sign,275,691904,1859780
ML-DSA-44,sign,276,421562,1133090
ML-DSA-44,sign,277,419982,1128850
ML-DSA-44,sign,278,147524,396482
ML-DSA-44,sign,279,761888,2047890
ML-DSA-44,sign,280,967690,2601084
ML-DSA-44,sign,281,422712,1136182
ML-DSA-44,sign,282,488262,1312386
ML-DSA-44,sign,283,351474,944694
ML-DSA-44,sign,284,357560,961058
ML-DSA-44,sign,285,352008,946136
ML-DSA-44,sign,286,831906,2236098
ML-DSA-44,sign,287,283407,761732
ML-DSA-44,sign,288,284655,765088
ML-DSA-44,sign,289,420009,1128880
ML-DSA-44,sign,290,419401,1127290
ML-DSA-44,sign,291,357902,961974
ML-DSA-44,sign,292,351274,944158
ML-DSA-44,sign,293,350976,943354
ML-DSA-44,sign,294,150285,403900
ML-DSA-44,sign,295,147242,395722
ML-DSA-44,sign,296,147228,395686
ML-DSA-44,sign,297,147266,395792
ML-DSA-44,sign,298,490520,1318456
ML-DSA-44,sign,299,556399,1495534
ML-DSA-44,sign,300,830243,2231628
ML-DSA-44,sign,301,354516,952878
ML-DSA-44,sign,302,1101633,2961120
ML-DSA-44,sign,303,148407,398850
ML-DSA-44,sign,304,351721,945364
ML-DSA-44,sign,305,147588,396648
ML-DSA-44,sign,306,147368,396062
ML-DSA-44,sign,307,147279,395832
ML-DSA-44,sign,308,561342,1508822
ML-DSA-44,sign,309,419203,1126754
ML-DSA-44,sign,310,558702,1501722
ML-DSA-44,sign,311,765004,2056262
ML-DSA-44,sign,312,147548,396542
ML-DSA-44,sign,313,282507,759328
ML-DSA-44,sign,314,283855,762940
ML-DSA-44,sign,315,147483,396372
ML-DSA-44,sign,316,284466,764574
ML-DSA-44,sign,317,147740,397056
ML-DSA-44,sign,318,147326,395952
ML-DSA-44,sign,319,761887,2047890
ML-DSA-44,sign,320,147660,396850
ML-DSA-44,sign,321,559070,1502710
ML-DSA-44,sign,322,351418,944556
ML-DSA-44,sign,323,556560,1495976
ML-DSA-44,sign,324,558381,1500862
ML-DSA-44,sign,325,487306,1309814
ML-DSA-44,sign,326,487651,1310740
ML-DSA-44,sign,327,764044,2053686
ML-DSA-44,sign,328,691747,1859350
ML-DSA-44,sign,329,219181,589090
ML-DSA-44,sign,330,215835,580098
ML-DSA-44,sign,331,419725,1128158
ML-DSA-44,sign,332,287015,771432
ML-DSA-44,sign,333,419802,1128362
ML-DSA-44,sign,334,559443,1503718
ML-DSA-44,sign,335,217932,585742
ML-DSA-44,sign,336,215301,578670
ML-DSA-44,sign,337,640952,1722812
ML-DSA-44,sign,338,623595,1676156
ML-DSA-44,sign,339,421072,1131778
ML-DSA-44,sign,340,1305956,3510340
ML-DSA-44,sign,341,283591,762228
ML-DSA-44,sign,342,215473,579134
ML-DSA-44,sign,343,215809,580026
ML-DSA-44,sign,344,147165,395514
ML-DSA-44,sign,345,215006,577876
ML-DSA-44,sign,346,420283,1129658
ML-DSA-44,sign,347,826134,2220580
ML-DSA-44,sign,348,216592,582134
ML-DSA-44,sign,349,691519,1858738
ML-DSA-44,sign,350,489364,1315342
ML-DSA-44,sign,351,282899,760378
ML-DSA-44,sign,352,352142,946490
ML-DSA-44,sign,353,352426,947256
ML-DSA-44,sign,354,215878,580220
ML-DSA-44,sign,355,627676,1687128
ML-DSA-44,sign,356,282256,758640
ML-DSA-44,sign,357,215835,580106
ML-DSA-44,sign,358,215414,578972
ML-DSA-44,sign,359,636515,1710884
ML-DSA-44,sign,360,487662,1310772
ML-DSA-44,sign,361,148633,399460
ML-DSA-44,sign,362,419038,1126308
ML-DSA-44,sign,363,1103429,2965920
ML-DSA-44,sign,364,147494,396376
ML-DSA-44,sign,365,147744,397074
ML-DSA-44,sign,366,1040103,2795714
ML-DSA-44,sign,367,489625,1316042
ML-DSA-44,sign,368,214823,577380
ML-DSA-44,sign,369,215745,579862
ML-DSA-44,sign,370,216462,581780
ML-DSA-44,sign,371,283536,762084
ML-DSA-44,sign,372,215709,579760
ML-DSA-44,sign,373,283289,761418
ML-DSA-44,sign,374,147373,396080
ML-DSA-44,sign,375,149870,402780
ML-DSA-44,sign,376,419063,1126382
ML-DSA-44,sign,377,215119,578178
ML-DSA-44,sign,378,353022,948856
ML-DSA-44,sign,379,217243,583882
ML-DSA-44,sign,380,283759,762684
ML-DSA-44,sign,381,215303,578666
ML-DSA-44,sign,382,285666,767806
ML-DSA-44,sign,383,283192,761160
ML-DSA-44,sign,384,556278,1495214
ML-DSA-44,sign,385,148710,399666
ML-DSA-44,sign,386,283778,762728
ML-DSA-44,sign,387,283243,761294
ML-DSA-44,sign,388,215973,580470
ML-DSA-44,sign,389,150080,403350
ML-DSA-44,sign,390,980816,2636366
ML-DSA-44,sign,391,691891,1859738
ML-DSA-44,sign,392,832091,2236594
ML-DSA-44,sign,393,147508,396434
ML-DSA-44,sign,394,555942,1494310
ML-DSA-44,sign,395,215813,580044
ML-DSA-44,sign,396,350484,942036
ML-DSA-44,sign,397,147069,395256
ML-DSA-44,sign,398,422884,1136648
ML-DSA-44,sign,399,973712,2617248
ML-DSA-44,sign,400,562072,1510762
ML-DSA-44,sign,401,149984,403092
ML-DSA-44,sign,402,215524,579266
ML-DSA-44,sign,403,146458,393610
ML-DSA-44,sign,404,215264,578562
ML-DSA-44,sign,405,215659,579630
ML-DSA-44,sign,406,762056,2048338
ML-DSA-44,sign,407,147641,396792
ML-DSA-44,sign,408,146877,394750
ML-DSA-44,sign,409,218135,586282
ML-DSA-44,sign,410,286034,768796
ML-DSA-44,sign,411,215629,579546
ML-DSA-44,sign,412,147506,396432
ML-DSA-44,sign,413,148451,398970
ML-DSA-44,sign,414,422877,1136630
ML-DSA-44,sign,415,215662,579638
ML-DSA-44,sign,416,623342,1675484
ML-DSA-44,sign,417,421723,1133528
ML-DSA-44,sign,418,216990,583208
ML-DSA-44,sign,419,147276,395820
ML-DSA-44,sign,420,149653,402202
ML-DSA-44,sign,421,969244,2605262
ML-DSA-44,sign,422,351980,946058
ML-DSA-44,sign,423,147479,396360
ML-DSA-44,sign,424,286710,770614
ML-DSA-44,sign,425,426547,1146494
ML-DSA-44,sign,426,350526,942146
ML-DSA-44,sign,427,283557,762138
ML-DSA-44,sign,428,150153,403546
ML-DSA-44,sign,429,147431,396228
ML-DSA-44,sign,430,761649,2047244
ML-DSA-44,sign,431,897452,2412266
ML-DSA-44,sign,432,898686,2415600
ML-DSA-44,sign,433,217398,584302
ML-DSA-44,sign,434,284694,765196
ML-DSA-44,sign,435,354958,954060
ML-DSA-44,sign,436,215495,579190
ML-DSA-44,sign,437,558722,1501776
ML-DSA-44,sign,438,147620,396738
ML-DSA-44,sign,439,215574,579404
ML-DSA-44,sign,440,147562,396586
ML-DSA-44,sign,441,1035084,2782244
ML-DSA-44,sign,442,773124,2078074
ML-DSA-44,sign,443,765857,2058540
ML-DSA-44,sign,444,761940,2048030
ML-DSA-44,sign,445,352237,946750
ML-DSA-44,sign,446,761726,2047452
ML-DSA-44,sign,447,695290,1868878
ML-DSA-44,sign,448,485707,1305514
ML-DSA-44,sign,449,147381,396100
ML-DSA-44,sign,450,284719,765256
ML-DSA-44,sign,451,828123,2225928
ML-DSA-44,sign,452,287061,771556
ML-DSA-44,sign,453,982611,2641194
ML-DSA-44,sign,454,827238,2223546
ML-DSA-44,sign,455,354045,951606
ML-DSA-44,sign,456,419824,1128426
ML-DSA-44,sign,457,215477,579146
ML-DSA-44,sign,458,284633,765026
ML-DSA-44,sign,459,147220,395664
ML-DSA-44,sign,460,488014,1311710
ML-DSA-44,sign,461,560387,1506248
ML-DSA-44,sign,462,420206,1129448
ML-DSA-44,sign,463,351684,945258
ML-DSA-44,sign,464,419599,1127814
ML-DSA-44,sign,465,147268,395796
ML-DSA-44,sign,466,215039,577966
ML-DSA-44,sign,467,420293,1129686
ML-DSA-44,sign,468,283292,761424
ML-DSA-44,sign,469,353267,949514
ML-DSA-44,sign,470,894164,2403452
ML-DSA-44,sign,471,489297,1315162
ML-DSA-44,sign,472,147709,396976
ML-DSA-44,sign,473,419738,1128198
ML-DSA-44,sign,474,148313,398596
ML-DSA-44,sign,475,283383,761670
ML-DSA-44,sign,476,771462,2073618
ML-DSA-44,sign,477,555537,1493144
ML-DSA-44,sign,478,353570,950330
ML-DSA-44,sign,479,147051,395138
ML-DSA-44,sign,480,147036,395174
ML-DSA-44,sign,481,147593,396668
ML-DSA-44,sign,482,556929,1496956
ML-DSA-44,sign,483,351243,944076
ML-DSA-44,sign,484,147020,395130
ML-DSA-44,sign,485,283008,760668
ML-DSA-44,sign,486,764651,2055312
ML-DSA-44,sign,487,214932,577634
ML-DSA-44,sign,488,560413,1506326
ML-DSA-44,sign,489,283403,761720
ML-DSA-44,sign,490,147609,396712
ML-DSA-44,sign,491,218255,586604
ML-DSA-44,sign,492,216048,580670
ML-DSA-44,sign,493,215679,579684
ML-DSA-44,sign,494,759563,2041634
ML-DSA-44,sign,495,147265,395782
ML-DSA-44,sign,496,694721,1867346
ML-DSA-44,sign,497,147763,397128
ML-DSA-44,sign,498,147278,395824
ML-DSA-44,sign,499,351428,944568
ML-DSA-44,sign,500,148950,400312
ML-DSA-44,sign,501,422801,1136426
ML-DSA-44,sign,502,282787,760076
ML-DSA-44,sign,503,215425,579006
ML-DSA-44,sign,504,694981,1868044
ML-DSA-44,sign,505,352038,946216
ML-DSA-44,sign,506,150340,404046
ML-DSA-44,sign,507,555322,1492642
ML-DSA-44,sign,508,351898,945838
ML-DSA-44,sign,509,759230,2040720
ML-DSA-44,sign,510,353849,951076
ML-DSA-44,sign,511,282856,760250
ML-DSA-44,sign,512,283233,761268
ML-DSA-44,sign,513,420718,1130822
ML-DSA-44,sign,514,283903,763066
ML-DSA-44,sign,515,284449,764536
ML-DSA-44,sign,516,149292,401230
ML-DSA-44,sign,517,215356,578816
ML-DSA-44,sign,518,286239,769340
ML-DSA-44,sign,519,147311,395910
ML-DSA-44,sign,520,147342,395990
ML-DSA-44,sign,521,419691,1128062
ML-DSA-44,sign,522,352600,947724
ML-DSA-44,sign,523,217653,584988
ML-DSA-44,sign,524,147521,396470
ML-DSA-44,sign,525,763220,2051470
ML-DSA-44,sign,526,147666,396860
ML-DSA-44,sign,527,215507,579224
ML-DSA-44,sign,528,148061,397920
ML-DSA-44,sign,529,151172,406286
ML-DSA-44,sign,530,351437,944598
ML-DSA-44,sign,531,147311,395906
ML-DSA-44,sign,532,215181,578346
ML-DSA-44,sign,533,421108,1131870
ML-DSA-44,sign,534,761705,2047404
ML-DSA-44,sign,535,622948,1674422
ML-DSA-44,sign,536,148295,398550
ML-DSA-44,sign,537,220936,593810
ML-DSA-44,sign,538,147445,396268
ML-DSA-44,sign,539,1236214,3322874
ML-DSA-44,sign,540,215425,579002
ML-DSA-44,sign,541,283750,762660
ML-DSA-44,sign,542,355208,954732
ML-DSA-44,sign,543,1440990,3873316
ML-DSA-44,sign,544,147202,395618
ML-DSA-44,sign,545,1031267,2771978
ML-DSA-44,sign,546,218570,587450
ML-DSA-44,sign,547,419852,1128512
ML-DSA-44,sign,548,964624,2592842
ML-DSA-44,sign,549,350357,941692
ML-DSA-44,sign,550,216753,582562
ML-DSA-44,sign,551,964447,2592364
ML-DSA-44,sign,552,215623,579490
ML-DSA-44,sign,553,215524,579266
ML-DSA-44,sign,554,967265,2599942
ML-DSA-44,sign,555,147922,397546
ML-DSA-44,sign,556,215352,578808
ML-DSA-44,sign,557,214428,576318
ML-DSA-44,sign,558,421813,1133766
ML-DSA-44,sign,559,283759,762678
ML-DSA-44,sign,560,147158,395502
ML-DSA-44,sign,561,147297,395866
ML-DSA-44,sign,562,284096,763584
ML-DSA-44,sign,563,283778,762734
ML-DSA-44,sign,564,488747,1313686
ML-DSA-44,sign,565,284211,763902
ML-DSA-44,sign,566,147350,396014
ML-DSA-44,sign,567,488312,1312518
ML-DSA-44,sign,568,148371,398752
ML-DSA-44,sign,569,147248,395746
ML-DSA-44,sign,570,351331,944312
ML-DSA-44,sign,571,148016,397806
ML-DSA-44,sign,572,147360,396040
ML-DSA-44,sign,573,491333,1320634
ML-DSA-44,sign,574,283654,762400
ML-DSA-44,sign,575,146903,394814
ML-DSA-44,sign,576,147370,396062
ML-DSA-44,sign,577,556192,1494974
ML-DSA-44,sign,578,214808,577338
ML-DSA-44,sign,579,356719,958790
ML-DSA-44,sign,580,146698,394258
ML-DSA-44,sign,581,283003,760646
ML-DSA-44,sign,582,215217,578440
ML-DSA-44,sign,583,215512,579238
ML-DSA-44,sign,584,556312,1495298
ML-DSA-44,sign,585,147918,397538
ML-DSA-44,sign,586,215218,578438
ML-DSA-44,sign,587,217598,584838
ML-DSA-44,sign,588,623905,1676996
ML-DSA-44,sign,589,286162,769138
ML-DSA-44,sign,590,147500,396424
ML-DSA-44,sign,591,693349,1863660
ML-DSA-44,sign,592,150596,404736
ML-DSA-44,sign,593,555140,1492154
ML-DSA-44,sign,594,283005,760662
ML-DSA-44,sign,595,627003,1685316
ML-DSA-44,sign,596,283105,760924
ML-DSA-44,sign,597,215547,579324
ML-DSA-44,sign,598,216278,581288
ML-DSA-44,sign,599,350987,943390
ML-DSA-44,sign,600,147630,396766
ML-DSA-44,sign,601,215516,579204
ML-DSA-44,sign,602,626949,1685170
ML-DSA-44,sign,603,147348,396006
ML-DSA-44,sign,604,214737,577154
ML-DSA-44,sign,605,627490,1686626
ML-DSA-44,sign,606,215365,578844
ML-DSA-44,sign,607,352835,948352
ML-DSA-44,sign,608,350885,943114
ML-DSA-44,sign,609,283278,761390
ML-DSA-44,sign,610,362462,974228
ML-DSA-44,sign,611,215680,579682
ML-DSA-44,sign,612,352047,946242
ML-DSA-44,sign,613,830893,2233370
ML-DSA-44,sign,614,215492,579182
ML-DSA-44,sign,615,215590,579440
ML-DSA-44,sign,616,627603,1686934
ML-DSA-44,sign,617,215431,579016
ML-DSA-44,sign,618,215793,579994
ML-DSA-44,sign,619,147826,397292
ML-DSA-44,sign,620,215614,579504
ML-DSA-44,sign,621,283597,762250
ML-DSA-44,sign,622,147377,396086
ML-DSA-44,sign,623,216022,580596
ML-DSA-44,sign,624,147318,395880
ML-DSA-44,sign,625,626236,1683258
ML-DSA-44,sign,626,147606,396706
ML-DSA-44,sign,627,423148,1137352
ML-DSA-44,sign,628,419936,1128730
ML-DSA-44,sign,629,147630,396770
ML-DSA-44,sign,630,218555,587410
ML-DSA-44,sign,631,283723,762588
ML-DSA-44,sign,632,284245,763988
ML-DSA-44,sign,633,216242,581194
ML-DSA-44,sign,634,147796,397206
ML-DSA-44,sign,635,147131,395422
ML-DSA-44,sign,636,486277,1307050
ML-DSA-44,sign,637,215943,580388
ML-DSA-44,sign,638,691971,1859952
ML-DSA-44,sign,639,215547,579326
ML-DSA-44,sign,640,147317,395926
ML-DSA-44,sign,641,149087,400680
ML-DSA-44,sign,642,217022,583296
ML-DSA-44,sign,643,487325,1309862
ML-DSA-44,sign,644,490777,1319146
ML-DSA-44,sign,645,711012,1911134
ML-DSA-44,sign,646,147824,397290
ML-DSA-44,sign,647,693526,1864138
ML-DSA-44,sign,648,218954,588484
ML-DSA-44,sign,649,283648,762386
ML-DSA-44,sign,650,147581,396638
ML-DSA-44,sign,651,215218,578446
ML-DSA-44,sign,652,352607,947742
ML-DSA-44,sign,653,147704,396970
ML-DSA-44,sign,654,148327,398640
ML-DSA-44,sign,655,283319,761498
ML-DSA-44,sign,656,215639,579572
ML-DSA-44,sign,657,219055,588754
ML-DSA-44,sign,658,501562,1348132
ML-DSA-44,sign,659,215404,578950
ML-DSA-44,sign,660,286125,769032
ML-DSA-44,sign,661,556819,1496664
ML-DSA-44,sign,662,216499,581884
ML-DSA-44,sign,663,216747,582550
ML-DSA-44,sign,664,215934,580366
ML-DSA-44,sign,665,351524,944840
ML-DSA-44,sign,666,284040,763438
ML-DSA-44,sign,667,217164,583670
ML-DSA-44,sign,668,215861,580170
ML-DSA-44,sign,669,625708,1681838
ML-DSA-44,sign,670,283681,762472
ML-DSA-44,sign,671,146518,393780
ML-DSA-44,sign,672,419674,1128018
ML-DSA-44,sign,673,491370,1320732
ML-DSA-44,sign,674,147326,395952
ML-DSA-44,sign,675,215508,579226
ML-DSA-44,sign,676,422657,1136032
ML-DSA-44,sign,677,557160,1497590
ML-DSA-44,sign,678,695144,1868480
ML-DSA-44,sign,679,147508,396436
ML-DSA-44,sign,680,216911,582994
ML-DSA-44,sign,681,214555,576658
ML-DSA-44,sign,682,148963,400342
ML-DSA-44,sign,683,147327,395954
ML-DSA-44,sign,684,147573,396622
ML-DSA-44,sign,685,351951,945982
ML-DSA-44,sign,686,558114,1500140
ML-DSA-44,sign,687,147643,396804
ML-DSA-44,sign,688,283929,763136
ML-DSA-44,sign,689,215122,578190
ML-DSA-44,sign,690,556167,1494910
ML-DSA-44,sign,691,626033,1682708
ML-DSA-44,sign,692,829471,2229546
ML-DSA-44,sign,693,286151,769108
ML-DSA-44,sign,694,147136,395436
ML-DSA-44,sign,695,624705,1679140
ML-DSA-44,sign,696,147322,395942
ML-DSA-44,sign,697,147352,396022
ML-DSA-44,sign,698,351742,945416
ML-DSA-44,sign,699,354820,953694
ML-DSA-44,sign,700,283240,761286
ML-DSA-44,sign,701,761355,2046454
ML-DSA-44,sign,702,282794,760090
ML-DSA-44,sign,703,214913,577630
ML-DSA-44,sign,704,147507,396440
ML-DSA-44,sign,705,215875,580208
ML-DSA-44,sign,706,899118,2416764
ML-DSA-44,sign,707,150776,405220
ML-DSA-44,sign,708,147205,395626
ML-DSA-44,sign,709,555707,1493676
ML-DSA-44,sign,710,355382,955200
ML-DSA-44,sign,711,503484,1353302
ML-DSA-44,sign,712,351374,944432
ML-DSA-44,sign,713,557984,1499794
ML-DSA-44,sign,714,146862,394702
ML-DSA-44,sign,715,284211,763902
ML-DSA-44,sign,716,148797,399898
ML-DSA-44,sign,717,147626,396752
ML-DSA-44,sign,718,147427,396220
ML-DSA-44,sign,719,555116,1492096
ML-DSA-44,sign,720,286684,770538
ML-DSA-44,sign,721,621881,1671554
ML-DSA-44,sign,722,217992,585892
ML-DSA-44,sign,723,215497,579200
ML-DSA-44,sign,724,215428,579012
ML-DSA-44,sign,725,282626,759640
ML-DSA-44,sign,726,556286,1495226
ML-DSA-44,sign,727,147379,396094
ML-DSA-44,sign,728,215250,578534
ML-DSA-44,sign,729,147380,396092
ML-DSA-44,sign,730,148901,400184
ML-DSA-44,sign,731,284508,764694
ML-DSA-44,sign,732,147672,396876
ML-DSA-44,sign,733,148433,398926
ML-DSA-44,sign,734,899657,2418212
ML-DSA-44,sign,735,1031375,2772270
ML-DSA-44,sign,736,147256,395762
ML-DSA-44,sign,737,292437,785978
ML-DSA-44,sign,738,223578,600902
ML-DSA-44,sign,739,353047,948904
ML-DSA-44,sign,740,420067,1129084
ML-DSA-44,sign,741,150525,404542
ML-DSA-44,sign,742,420320,1129754
ML-DSA-44,sign,743,419229,1126824
ML-DSA-44,sign,744,284754,765352
ML-DSA-44,sign,745,897724,2413016
ML-DSA-44,sign,746,214700,577050
ML-DSA-44,sign,747,147426,396218
ML-DSA-44,sign,748,214609,576814
ML-DSA-44,sign,749,420841,1131152
ML-DSA-44,sign,750,569718,1531336
ML-DSA-44,sign,751,147511,396446
ML-DSA-44,sign,752,286368,769688
ML-DSA-44,sign,753,147006,395092
ML-DSA-44,sign,754,147454,396290
ML-DSA-44,sign,755,351856,945688
ML-DSA-44,sign,756,490890,1319442
ML-DSA-44,sign,757,489016,1314414
ML-DSA-44,sign,758,215262,578560
ML-DSA-44,sign,759,216079,580750
ML-DSA-44,sign,760,762008,2048212
ML-DSA-44,sign,761,217858,585532
ML-DSA-44,sign,762,283456,761868
ML-DSA-44,sign,763,283777,762732
ML-DSA-44,sign,764,147165,395522
ML-DSA-44,sign,765,492731,1324396
ML-DSA-44,sign,766,215464,579102
ML-DSA-44,sign,767,490076,1317260
ML-DSA-44,sign,768,893962,2402904
ML-DSA-44,sign,769,556693,1496326
ML-DSA-44,sign,770,417669,1122626
ML-DSA-44,sign,771,149240,401082
ML-DSA-44,sign,772,215351,578800
ML-DSA-44,sign,773,147268,395800
ML-DSA-44,sign,774,147337,395982
ML-DSA-44,sign,775,215521,579258
ML-DSA-44,sign,776,216549,582020
ML-DSA-44,sign,777,351648,945174
ML-DSA-44,sign,778,215138,578228
ML-DSA-44,sign,779,215545,579322
ML-DSA-44,sign,780,558392,1500884
ML-DSA-44,sign,781,215182,578350
ML-DSA-44,sign,782,215522,579256
ML-DSA-44,sign,783,147432,396232
ML-DSA-44,sign,784,354382,952510
ML-DSA-44,sign,785,147782,397178
ML-DSA-44,sign,786,147262,395774
ML-DSA-44,sign,787,215658,579626
ML-DSA-44,sign,788,147526,396496
ML-DSA-44,sign,789,284904,765756
ML-DSA-44,sign,790,285035,766108
ML-DSA-44,sign,791,147122,395412
ML-DSA-44,sign,792,283382,761668
ML-DSA-44,sign,793,148644,399490
ML-DSA-44,sign,794,351294,944214
ML-DSA-44,sign,795,147163,395510
ML-DSA-44,sign,796,147326,395948
ML-DSA-44,sign,797,215644,579588
ML-DSA-44,sign,798,148739,399742
ML-DSA-44,sign,799,147303,395884
ML-DSA-44,sign,800,692589,1861620
ML-DSA-44,sign,801,351736,945402
ML-DSA-44,sign,802,1036567,2786226
ML-DSA-44,sign,803,147356,396032
ML-DSA-44,sign,804,282805,760122
ML-DSA-44,sign,805,286370,769694
ML-DSA-44,sign,806,147039,395186
ML-DSA-44,sign,807,147479,396356
ML-DSA-44,sign,808,214875,577520
ML-DSA-44,sign,809,146912,394840
ML-DSA-44,sign,810,555714,1493690
ML-DSA-44,sign,811,487997,1311668
ML-DSA-44,sign,812,489815,1316560
ML-DSA-44,sign,813,283385,761676
ML-DSA-44,sign,814,283138,761012
ML-DSA-44,sign,815,284778,765418
ML-DSA-44,sign,816,420169,1129354
ML-DSA-44,sign,817,147282,395840
ML-DSA-44,sign,818,283739,762626
ML-DSA-44,sign,819,353088,949030
ML-DSA-44,sign,820,215227,578464
ML-DSA-44,sign,821,285665,767800
ML-DSA-44,sign,822,216694,582406
ML-DSA-44,sign,823,299867,805980
ML-DSA-44,sign,824,147701,396958
ML-DSA-44,sign,825,283567,762166
ML-DSA-44,sign,826,491266,1320456
ML-DSA-44,sign,827,147633,396770
ML-DSA-44,sign,828,351631,945116
ML-DSA-44,sign,829,147166,395514
ML-DSA-44,sign,830,286734,770654
ML-DSA-44,sign,831,493940,1327616
ML-DSA-44,sign,832,147579,396628
ML-DSA-44,sign,833,148294,398548
ML-DSA-44,sign,834,623985,1677204
ML-DSA-44,sign,835,147133,395432
ML-DSA-44,sign,836,422249,1134936
ML-DSA-44,sign,837,147252,395746
ML-DSA-44,sign,838,284287,764100
ML-DSA-44,sign,839,217971,585838
ML-DSA-44,sign,840,1052825,2829924
ML-DSA-44,sign,841,217654,584986
ML-DSA-44,sign,842,284006,763342
ML-DSA-44,sign,843,351280,944182
ML-DSA-44,sign,844,285199,766554
ML-DSA-44,sign,845,215387,578898
ML-DSA-44,sign,846,487162,1309424
ML-DSA-44,sign,847,627865,1687640
ML-DSA-44,sign,848,147422,396204
ML-DSA-44,sign,849,283212,761208
ML-DSA-44,sign,850,147028,395146
ML-DSA-44,sign,851,148503,399112
ML-DSA-44,sign,852,283391,761692
ML-DSA-44,sign,853,964953,2593728
ML-DSA-44,sign,854,351587,945004
ML-DSA-44,sign,855,147227,395690
ML-DSA-44,sign,856,563234,1513904
ML-DSA-44,sign,857,762717,2050118
ML-DSA-44,sign,858,215589,579438
ML-DSA-44,sign,859,147796,397212
ML-DSA-44,sign,860,283637,762358
ML-DSA-44,sign,861,559953,1505086
ML-DSA-44,sign,862,215456,579072
ML-DSA-44,sign,863,215249,578530
ML-DSA-44,sign,864,353398,949870
ML-DSA-44,sign,865,147534,396512
ML-DSA-44,sign,866,488005,1311692
ML-DSA-44,sign,867,1375956,3698500
ML-DSA-44,sign,868,215573,579398
ML-DSA-44,sign,869,283413,761752
ML-DSA-44,sign,870,1032310,2774784
ML-DSA-44,sign,871,559820,1504732
ML-DSA-44,sign,872,487744,1310990
ML-DSA-44,sign,873,147361,396040
ML-DSA-44,sign,874,150106,403418
ML-DSA-44,sign,875,215395,578918
ML-DSA-44,sign,876,147124,395406
ML-DSA-44,sign,877,216355,581496
ML-DSA-44,sign,878,147455,396298
ML-DSA-44,sign,879,286942,771230
ML-DSA-44,sign,880,147420,396196
ML-DSA-44,sign,881,214800,577318
ML-DSA-44,sign,882,146973,394996
ML-DSA-44,sign,883,148071,397948
ML-DSA-44,sign,884,692467,1861284
ML-DSA-44,sign,885,760129,2043164
ML-DSA-44,sign,886,147483,396326
ML-DSA-44,sign,887,351482,944726
ML-DSA-44,sign,888,421308,1132412
ML-DSA-44,sign,889,421177,1132068
ML-DSA-44,sign,890,215671,579658
ML-DSA-44,sign,891,285588,767594
ML-DSA-44,sign,892,146815,394574
ML-DSA-44,sign,893,898366,2414740
ML-DSA-44,sign,894,147470,396338
ML-DSA-44,sign,895,215194,578378
ML-DSA-44,sign,896,147206,395632
ML-DSA-44,sign,897,282683,759792
ML-DSA-44,sign,898,354435,952608
ML-DSA-44,sign,899,215059,578010
ML-DSA-44,sign,900,1581207,4250214
ML-DSA-44,sign,901,215316,578710
ML-DSA-44,sign,902,828861,2227914
ML-DSA-44,sign,903,147692,396934
ML-DSA-44,sign,904,147046,395202
ML-DSA-44,sign,905,425369,1143328
ML-DSA-44,sign,906,283900,763060
ML-DSA-44,sign,907,555354,1492732
ML-DSA-44,sign,908,147543,396538
ML-DSA-44,sign,909,147452,396294
ML-DSA-44,sign,910,772877,2077430
ML-DSA-44,sign,911,147982,397712
ML-DSA-44,sign,912,760343,2043730
ML-DSA-44,sign,913,215675,579674
ML-DSA-44,sign,914,572971,1540082
ML-DSA-44,sign,915,694641,1867128
ML-DSA-44,sign,916,897883,2413438
ML-DSA-44,sign,917,555632,1493478
ML-DSA-44,sign,918,215482,579156
ML-DSA-44,sign,919,147824,397298
ML-DSA-44,sign,920,1310124,3521544
ML-DSA-44,sign,921,215069,578050
ML-DSA-44,sign,922,283424,761780
ML-DSA-44,sign,923,770842,2071952
ML-DSA-44,sign,924,559347,1503436
ML-DSA-44,sign,925,283350,761552
ML-DSA-44,sign,926,435786,1171312
ML-DSA-44,sign,927,218161,586348
ML-DSA-44,sign,928,215665,579626
ML-DSA-44,sign,929,419724,1128160
ML-DSA-44,sign,930,146614,394032
ML-DSA-44,sign,931,488887,1314058
ML-DSA-44,sign,932,214980,577802
ML-DSA-44,sign,933,147593,396668
ML-DSA-44,sign,934,147384,396102
ML-DSA-44,sign,935,147475,396352
ML-DSA-44,sign,936,149384,401480
ML-DSA-44,sign,937,283472,761912
ML-DSA-44,sign,938,351052,943566
ML-DSA-44,sign,939,146674,394198
ML-DSA-44,sign,940,285486,767314
ML-DSA-44,sign,941,562911,1513042
ML-DSA-44,sign,942,352706,948010
ML-DSA-44,sign,943,216019,580598
ML-DSA-44,sign,944,352354,947024
ML-DSA-44,sign,945,215023,577918
ML-DSA-44,sign,946,490445,1318252
ML-DSA-44,sign,947,351725,945376
ML-DSA-44,sign,948,488851,1313968
ML-DSA-44,sign,949,419878,1128572
ML-DSA-44,sign,950,147230,395692
ML-DSA-44,sign,951,421623,1133260
ML-DSA-44,sign,952,282107,758240
ML-DSA-44,sign,953,419665,1128004
ML-DSA-44,sign,954,216954,583080
ML-DSA-44,sign,955,758838,2039698
ML-DSA-44,sign,956,148846,400026
ML-DSA-44,sign,957,215097,578122
ML-DSA-44,sign,958,351244,944082
ML-DSA-44,sign,959,215261,578560
ML-DSA-44,sign,960,286532,770130
ML-DSA-44,sign,961,147299,395874
ML-DSA-44,sign,962,283295,761434
ML-DSA-44,sign,963,147352,396018
ML-DSA-44,sign,964,352808,948286
ML-DSA-44,sign,965,216095,580800
ML-DSA-44,sign,966,147736,397058
ML-DSA-44,sign,967,282895,760354
ML-DSA-44,sign,968,147921,397544
ML-DSA-44,sign,969,285300,766820
ML-DSA-44,sign,970,147557,396566
ML-DSA-44,sign,971,691907,1859778
ML-DSA-44,sign,972,218468,587176
ML-DSA-44,sign,973,282694,759816
ML-DSA-44,sign,974,282439,759130
ML-DSA-44,sign,975,286730,770664
ML-DSA-44,sign,976,147287,395842
ML-DSA-44,sign,977,147218,395662
ML-DSA-44,sign,978,917694,2466696
ML-DSA-44,sign,979,215994,580524
ML-DSA-44,sign,980,215463,579104
ML-DSA-44,sign,981,353436,949964
ML-DSA-44,sign,982,624828,1679472
ML-DSA-44,sign,983,147409,396172
ML-DSA-44,sign,984,287022,771456
ML-DSA-44,sign,985,215811,580032
ML-DSA-44,sign,986,419393,1127266
ML-DSA-44,sign,987,557044,1497276
ML-DSA-44,sign,988,486912,1308754
ML-DSA-44,sign,989,215266,578568
ML-DSA-44,sign,990,217090,583468
ML-DSA-44,sign,991,214541,576626
ML-DSA-44,sign,992,215295,578646
ML-DSA-44,sign,993,423906,1139386
ML-DSA-44,sign,994,556224,1495066
ML-DSA-44,sign,995,215394,578914
ML-DSA-44,sign,996,353106,949082
ML-DSA-44,sign,997,147653,396828
ML-DSA-44,sign,998,351993,946092
ML-DSA-44,sign,999,147567,396598
ML-DSA-44,verify,0,75979,204092
ML-DSA-44,verify,1,76439,205368
ML-DSA-44,verify,2,75480,202824
ML-DSA-44,verify,3,76640,205946
ML-DSA-44,verify,4,77141,207286
ML-DSA-44,verify,5,75738,203520
ML-DSA-44,verify,6,75878,203894
ML-DSA-44,verify,7,76727,206184
ML-DSA-44,verify,8,76440,205404
ML-DSA-44,verify,9,76486,205524
ML-DSA-44,verify,10,76395,205278
ML-DSA-44,verify,11,76367,205206
ML-DSA-44,verify,12,75898,203914
ML-DSA-44,verify,13,75819,203708
ML-DSA-44,verify,14,75878,203870
ML-DSA-44,verify,15,75673,203342
ML-DSA-44,verify,16,75761,203586
ML-DSA-44,verify,17,77372,207906
ML-DSA-44,verify,18,75454,202752
ML-DSA-44,verify,19,75512,202916
ML-DSA-44,verify,20,76244,204880
ML-DSA-44,verify,21,75741,203524
ML-DSA-44,verify,22,75932,204038
ML-DSA-44,verify,23,75895,203938
ML-DSA-44,verify,24,75847,203810
ML-DSA-44,verify,25,75638,203250
ML-DSA-44,verify,26,75456,202760
ML-DSA-44,verify,27,75598,203140
ML-DSA-44,verify,28,75554,203022
ML-DSA-44,verify,29,75941,204060
ML-DSA-44,verify,30,76790,206346
ML-DSA-44,verify,31,75884,203914
ML-DSA-44,verify,32,76462,205470
ML-DSA-44,verify,33,76378,205244
ML-DSA-44,verify,34,76344,205152
ML-DSA-44,verify,35,76305,205048
ML-DSA-44,verify,36,76441,205412
ML-DSA-44,verify,37,76265,204940
ML-DSA-44,verify,38,76203,204774
ML-DSA-44,verify,39,75983,204184
ML-DSA-44,verify,40,76003,204236
ML-DSA-44,verify,41,75934,204048
ML-DSA-44,verify,42,76088,204464
ML-DSA-44,verify,43,78340,210512
ML-DSA-44,verify,44,75897,203954
ML-DSA-44,verify,45,75921,204016
ML-DSA-44,verify,46,75960,204120
ML-DSA-44,verify,47,76028,204304
ML-DSA-44,verify,48,75906,203970
ML-DSA-44,verify,49,76068,204412
ML-DSA-44,verify,50,76111,204526
ML-DSA-44,verify,51,75986,204186
ML-DSA-44,verify,52,76101,204496
ML-DSA-44,verify,53,76359,205192
ML-DSA-44,verify,54,76009,204250
ML-DSA-44,verify,55,75954,204108
ML-DSA-44,verify,56,77613,208558
ML-DSA-44,verify,57,75851,203826
ML-DSA-44,verify,58,75983,204176
ML-DSA-44,verify,59,76061,204394
ML-DSA-44,verify,60,76290,205004
ML-DSA-44,verify,61,75941,204066
ML-DSA-44,verify,62,76061,204390
ML-DSA-44,verify,63,75902,203958
ML-DSA-44,verify,64,75805,203704
ML-DSA-44,verify,65,75943,204078
ML-DSA-44,verify,66,75959,204120
ML-DSA-44,verify,67,75879,203900
ML-DSA-44,verify,68,75913,203990
ML-DSA-44,verify,69,77424,208048
ML-DSA-44,verify,70,76135,204584
ML-DSA-44,verify,71,75958,204108
ML-DSA-44,verify,72,76052,204360
ML-DSA-44,verify,73,76586,205794
ML-DSA-44,verify,74,76072,204416
ML-DSA-44,verify,75,75807,203704
ML-DSA-44,verify,76,76477,205504
ML-DSA-44,verify,77,76137,204582
ML-DSA-44,verify,78,76216,204808
ML-DSA-44,verify,79,76373,205234
ML-DSA-44,verify,80,76006,204230
ML-DSA-44,verify,81,76226,204822
ML-DSA-44,verify,82,77601,208528
ML-DSA-44,verify,83,75525,202942
ML-DSA-44,verify,84,75890,203928
ML-DSA-44,verify,85,75672,203342
ML-DSA-44,verify,86,75610,203170
ML-DSA-44,verify,87,75400,202610
ML-DSA-44,verify,88,75650,203280
ML-DSA-44,verify,89,75494,202866
ML-DSA-44,verify,90,75698,203412
ML-DSA-44,verify,91,75559,203034
ML-DSA-44,verify,92,75767,203590
ML-DSA-44,verify,93,75807,203700
ML-DSA-44,verify,94,76079,204432
ML-DSA-44,verify,95,77302,207724
ML-DSA-44,verify,96,75380,202556
ML-DSA-44,verify,97,75808,203708
ML-DSA-44,verify,98,76129,204570
ML-DSA-44,verify,99,75926,204024
ML-DSA-44,verify,100,76298,205024
ML-DSA-44,verify,101,75917,204000
ML-DSA-44,verify,102,75814,203718
ML-DSA-44,verify,103,75835,203772
ML-DSA-44,verify,104,75917,203996
ML-DSA-44,verify,105,76189,204734
ML-DSA-44,verify,106,76158,204644
ML-DSA-44,verify,107,75903,203962
ML-DSA-44,verify,108,76888,206608
ML-DSA-44,verify,109,75618,203192
ML-DSA-44,verify,110,76032,204306
ML-DSA-44,verify,111,76009,204246
ML-DSA-44,verify,112,75851,203818
ML-DSA-44,verify,113,75897,203944
ML-DSA-44,verify,114,75975,204154
ML-DSA-44,verify,115,75875,203886
ML-DSA-44,verify,116,75967,204136
ML-DSA-44,verify,117,76214,204798
ML-DSA-44,verify,118,76267,204936
ML-DSA-44,verify,119,76209,204778
ML-DSA-44,verify,120,76172,204684
ML-DSA-44,verify,121,77711,208824
ML-DSA-44,verify,122,76264,204926
ML-DSA-44,verify,123,75949,204082
ML-DSA-44,verify,124,75951,204090
ML-DSA-44,verify,125,76288,204994
ML-DSA-44,verify,126,76210,204788
ML-DSA-44,verify,127,76272,204954
ML-DSA-44,verify,128,76218,204806
ML-DSA-44,verify,129,75930,204028
ML-DSA-44,verify,130,76091,204466
ML-DSA-44,verify,131,75818,203726
ML-DSA-44,verify,132,75901,203956
ML-DSA-44,verify,133,75907,203966
ML-DSA-44,verify,134,77581,208466
ML-DSA-44,verify,135,75833,203768
ML-DSA-44,verify,136,75707,203434
ML-DSA-44,verify,137,75998,204220
ML-DSA-44,verify,138,82770,222396
ML-DSA-44,verify,139,75364,202512
ML-DSA-44,verify,140,75455,202762
ML-DSA-44,verify,141,75805,203696
ML-DSA-44,verify,142,75789,203656
ML-DSA-44,verify,143,75847,203808
ML-DSA-44,verify,144,75661,203308
ML-DSA-44,verify,145,75966,204134
ML-DSA-44,verify,146,75499,202872
ML-DSA-44,verify,147,77109,207202
ML-DSA-44,verify,148,75395,202592
ML-DSA-44,verify,149,75304,202352
ML-DSA-44,verify,150,76619,205880
ML-DSA-44,verify,151,75422,202668
ML-DSA-44,verify,152,75015,201574
ML-DSA-44,verify,153,75350,202476
ML-DSA-44,verify,154,75341,202450
ML-DSA-44,verify,155,75376,202540
ML-DSA-44,verify,156,75349,202464
ML-DSA-44,verify,157,75723,203478
ML-DSA-44,verify,158,75378,202554
ML-DSA-44,verify,159,75266,202246
ML-DSA-44,verify,160,75332,202426
ML-DSA-44,verify,161,77685,208748
ML-DSA-44,verify,162,76074,204418
ML-DSA-44,verify,163,76139,204594
ML-DSA-44,verify,164,76142,204606
ML-DSA-44,verify,165,76337,205126
ML-DSA-44,verify,166,76463,205464
ML-DSA-44,verify,167,76147,204618
ML-DSA-44,verify,168,76212,204786
ML-DSA-44,verify,169,76035,204318
ML-DSA-44,verify,170,76064,204386
ML-DSA-44,verify,171,76132,204576
ML-DSA-44,verify,172,75860,203846
ML-DSA-44,verify,173,76236,204856
ML-DSA-44,verify,174,77134,207268
ML-DSA-44,verify,175,75619,203194
ML-DSA-44,verify,176,75438,202712
ML-DSA-44,verify,177,75610,203172
ML-DSA-44,verify,178,75363,202510
ML-DSA-44,verify,179,75447,202732
ML-DSA-44,verify,180,75500,202868
ML-DSA-44,verify,181,75482,202828
ML-DSA-44,verify,182,75576,203082
ML-DSA-44,verify,183,75498,202870
ML-DSA-44,verify,184,75693,203390
ML-DSA-44,verify,185,75742,203528
ML-DSA-44,verify,186,75868,203868
ML-DSA-44,verify,187,77405,208004
ML-DSA-44,verify,188,76563,205738
ML-DSA-44,verify,189,76262,204922
ML-DSA-44,verify,190,76071,204408
ML-DSA-44,verify,191,75959,204108
ML-DSA-44,verify,192,75993,204198
ML-DSA-44,verify,193,76084,204456
ML-DSA-44,verify,194,76292,205006
ML-DSA-44,verify,195,76436,205390
ML-DSA-44,verify,196,76286,204982
ML-DSA-44,verify,197,75856,203836
ML-DSA-44,verify,198,75702,203424
ML-DSA-44,verify,199,75806,203698
ML-DSA-44,verify,200,77270,207630
ML-DSA-44,verify,201,75822,203746
ML-DSA-44,verify,202,75374,202544
ML-DSA-44,verify,203,75383,202570
ML-DSA-44,verify,204,75618,203200
ML-DSA-44,verify,205,75578,203092
ML-DSA-44,verify,206,75191,202054
ML-DSA-44,verify,207,75156,201964
ML-DSA-44,verify,208,75421,202678
ML-DSA-44,verify,209,75521,202944
ML-DSA-44,verify,210,75519,202936
ML-DSA-44,verify,211,75438,202720
ML-DSA-44,verify,212,75229,202160
ML-DSA-44,verify,213,76933,206730
ML-DSA-44,verify,214,75830,203770
ML-DSA-44,verify,215,75819,203738
ML-DSA-44,verify,216,75536,202980
ML-DSA-44,verify,217,75372,202540
ML-DSA-44,verify,218,76258,204918
ML-DSA-44,verify,219,75378,202560
ML-DSA-44,verify,220,76059,204390
ML-DSA-44,verify,221,75355,202494
ML-DSA-44,verify,222,75320,202400
ML-DSA-44,verify,223,75524,202950
ML-DSA-44,verify,224,75520,202942
ML-DSA-44,verify,225,77070,207104
ML-DSA-44,verify,226,78069,209788
ML-DSA-44,verify,227,75382,202562
ML-DSA-44,verify,228,76671,206032
ML-DSA-44,verify,229,75434,202704
ML-DSA-44,verify,230,75584,203106
ML-DSA-44,verify,231,75628,203232
ML-DSA-44,verify,232,76155,204644
ML-DSA-44,verify,233,76676,206042
ML-DSA-44,verify,234,75842,203804
ML-DSA-44,verify,235,75737,203520
ML-DSA-44,verify,236,75834,203780
ML-DSA-44,verify,237,75723,203480
ML-DSA-44,verify,238,75974,204156
ML-DSA-44,verify,239,77485,208146
ML-DSA-44,verify,240,76049,204354
ML-DSA-44,verify,241,78738,211582
ML-DSA-44,verify,242,76193,204744
ML-DSA-44,verify,243,76828,206448
ML-DSA-44,verify,244,80747,216966
ML-DSA-44,verify,245,79396,213336
ML-DSA-44,verify,246,77688,208750
ML-DSA-44,verify,247,76064,204396
ML-DSA-44,verify,248,77248,207570
ML-DSA-44,verify,249,78068,209766
ML-DSA-44,verify,250,76164,204662
ML-DSA-44,verify,251,76174,204688
ML-DSA-44,verify,252,78837,211846
ML-DSA-44,verify,253,79477,213502
ML-DSA-44,verify,254,77331,207786
ML-DSA-44,verify,255,76200,204766
ML-DSA-44,verify,256,76030,204308
ML-DSA-44,verify,257,76767,206288
ML-DSA-44,verify,258,76322,205092
ML-DSA-44,verify,259,77830,209134
ML-DSA-44,verify,260,76057,204382
ML-DSA-44,verify,261,76107,204512
ML-DSA-44,verify,262,78487,210896
ML-DSA-44,verify,263,77022,206976
ML-DSA-44,verify,264,76748,206236
ML-DSA-44,verify,265,81481,218956
ML-DSA-44,verify,266,76727,206160
ML-DSA-44,verify,267,76002,204232
ML-DSA-44,verify,268,76026,204298
ML-DSA-44,verify,269,76750,206244
ML-DSA-44,verify,270,76218,204812
ML-DSA-44,verify,271,76493,205548
ML-DSA-44,verify,272,76359,205184
ML-DSA-44,verify,273,76323,205084
ML-DSA-44,verify,274,76417,205344
ML-DSA-44,verify,275,76247,204884
ML-DSA-44,verify,276,76412,205322
ML-DSA-44,verify,277,76496,205558
ML-DSA-44,verify,278,78150,209998
ML-DSA-44,verify,279,75707,203432
ML-DSA-44,verify,280,75671,203336
ML-DSA-44,verify,281,75595,203134
ML-DSA-44,verify,282,75419,202656
ML-DSA-44,verify,283,75405,202620
ML-DSA-44,verify,284,75640,203254
ML-DSA-44,verify,285,75552,203014
ML-DSA-44,verify,286,75588,203110
ML-DSA-44,verify,287,75468,202792
ML-DSA-44,verify,288,75452,202750
ML-DSA-44,verify,289,75538,202978
ML-DSA-44,verify,290,75534,202968
ML-DSA-44,verify,291,88101,236750
ML-DSA-44,verify,292,75816,203732
ML-DSA-44,verify,293,75709,203446
ML-DSA-44,verify,294,75953,204098
ML-DSA-44,verify,295,75967,204140
ML-DSA-44,verify,296,75719,203470
ML-DSA-44,verify,297,75856,203840
ML-DSA-44,verify,298,75762,203590
ML-DSA-44,verify,299,76103,204502
ML-DSA-44,verify,300,76031,204308
ML-DSA-44,verify,301,75724,203480
ML-DSA-44,verify,302,75687,203384
ML-DSA-44,verify,303,76076,204432
ML-DSA-44,verify,304,77834,209152
ML-DSA-44,verify,305,75773,203616
ML-DSA-44,verify,306,75886,203898
ML-DSA-44,verify,307,75795,203672
ML-DSA-44,verify,308,75877,203896
ML-DSA-44,verify,309,75922,204012
ML-DSA-44,verify,310,75957,204090
ML-DSA-44,verify,311,75700,203420
ML-DSA-44,verify,312,76084,204448
ML-DSA-44,verify,313,76093,204476
ML-DSA-44,verify,314,76000,204230
ML-DSA-44,verify,315,75927,204028
ML-DSA-44,verify,316,76064,204398
ML-DSA-44,verify,317,77765,208966
ML-DSA-44,verify,318,75800,203678
ML-DSA-44,verify,319,75804,203698
ML-DSA-44,verify,320,78487,210894
ML-DSA-44,verify,321,75316,202370
ML-DSA-44,verify,322,75174,202004
ML-DSA-44,verify,323,75059,201694
ML-DSA-44,verify,324,75468,202796
ML-DSA-44,verify,325,75260,202236
ML-DSA-44,verify,326,75459,202766
ML-DSA-44,verify,327,75482,202824
ML-DSA-44,verify,328,75355,202480
ML-DSA-44,verify,329,75363,202508
ML-DSA-44,verify,330,77206,207456
ML-DSA-44,verify,331,75783,203638
ML-DSA-44,verify,332,75879,203896
ML-DSA-44,verify,333,77747,208914
ML-DSA-44,verify,334,77719,208838
ML-DSA-44,verify,335,78460,210768
ML-DSA-44,verify,336,75855,203832
ML-DSA-44,verify,337,75895,203934
ML-DSA-44,verify,338,75610,203176
ML-DSA-44,verify,339,75903,203960
ML-DSA-44,verify,340,75750,203546
ML-DSA-44,verify,341,75477,202816
ML-DSA-44,verify,342,75460,202768
ML-DSA-44,verify,343,77401,207988
ML-DSA-44,verify,344,75533,202962
ML-DSA-44,verify,345,75707,203436
ML-DSA-44,verify,346,75555,203032
ML-DSA-44,verify,347,75585,203104
ML-DSA-44,verify,348,75602,203154
ML-DSA-44,verify,349,75895,203940
ML-DSA-44,verify,350,75637,203248
ML-DSA-44,verify,351,75630,203226
ML-DSA-44,verify,352,75492,202856
ML-DSA-44,verify,353,75786,203644
ML-DSA-44,verify,354,75724,203478
ML-DSA-44,verify,355,75643,203258
ML-DSA-44,verify,356,77169,207362
ML-DSA-44,verify,357,75774,203616
ML-DSA-44,verify,358,75574,203078
ML-DSA-44,verify,359,75649,203272
ML-DSA-44,verify,360,75741,203524
ML-DSA-44,verify,361,75733,203498
ML-DSA-44,verify,362,75907,203972
ML-DSA-44,verify,363,75819,203734
ML-DSA-44,verify,364,75762,203578
ML-DSA-44,verify,365,75987,204182
ML-DSA-44,verify,366,75869,203870
ML-DSA-44,verify,367,75844,203798
ML-DSA-44,verify,368,75973,204144
ML-DSA-44,verify,369,77604,208530
ML-DSA-44,verify,370,76042,204328
ML-DSA-44,verify,371,75685,203372
ML-DSA-44,verify,372,75535,202976
ML-DSA-44,verify,373,75695,203398
ML-DSA-44,verify,374,75703,203424
ML-DSA-44,verify,375,75452,202752
ML-DSA-44,verify,376,75249,202204
ML-DSA-44,verify,377,75471,202796
ML-DSA-44,verify,378,75624,203212
ML-DSA-44,verify,379,75845,203808
ML-DSA-44,verify,380,75669,203330
ML-DSA-44,verify,381,75535,202968
ML-DSA-44,verify,382,76244,204878
ML-DSA-44,verify,383,76955,206782
ML-DSA-44,verify,384,76028,204298
ML-DSA-44,verify,385,75959,204110
ML-DSA-44,verify,386,75721,203470
ML-DSA-44,verify,387,75670,203330
ML-DSA-44,verify,388,75676,203352
ML-DSA-44,verify,389,75689,203380
ML-DSA-44,verify,390,75883,203906
ML-DSA-44,verify,391,75795,203660
ML-DSA-44,verify,392,76057,204374
ML-DSA-44,verify,393,75833,203774
ML-DSA-44,verify,394,75944,204068
ML-DSA-44,verify,395,75896,203942
ML-DSA-44,verify,396,77044,207028
ML-DSA-44,verify,397,76000,204220
ML-DSA-44,verify,398,75951,204088
ML-DSA-44,verify,399,75978,204160
ML-DSA-44,verify,400,75954,204094
ML-DSA-44,verify,401,75946,204078
ML-DSA-44,verify,402,75752,203554
ML-DSA-44,verify,403,75913,203988
ML-DSA-44,verify,404,75978,204164
ML-DSA-44,verify,405,75688,203378
ML-DSA-44,verify,406,75773,203612
ML-DSA-44,verify,407,75779,203630
ML-DSA-44,verify,408,75739,203522
ML-DSA-44,verify,409,77479,208194
ML-DSA-44,verify,410,75805,203694
ML-DSA-44,verify,411,75982,204172
ML-DSA-44,verify,412,75854,203834
ML-DSA-44,verify,413,75952,204092
ML-DSA-44,verify,414,76376,205230
ML-DSA-44,verify,415,76383,205252
ML-DSA-44,verify,416,76667,206008
ML-DSA-44,verify,417,76334,205120
ML-DSA-44,verify,418,76327,205100
ML-DSA-44,verify,419,76352,205162
ML-DSA-44,verify,420,76214,204790
ML-DSA-44,verify,421,76189,204732
ML-DSA-44,verify,422,77490,208220
ML-DSA-44,verify,423,75773,203606
ML-DSA-44,verify,424,76036,204314
ML-DSA-44,verify,425,76178,204692
ML-DSA-44,verify,426,76038,204322
ML-DSA-44,verify,427,75804,203692
ML-DSA-44,verify,428,75974,204150
ML-DSA-44,verify,429,75702,203420
ML-DSA-44,verify,430,75800,203680
ML-DSA-44,verify,431,75675,203346
ML-DSA-44,verify,432,75835,203774
ML-DSA-44,verify,433,75737,203512
ML-DSA-44,verify,434,75919,204004
ML-DSA-44,verify,435,77420,208036
ML-DSA-44,verify,436,75932,204038
ML-DSA-44,verify,437,76212,204786
ML-DSA-44,verify,438,76247,204888
ML-DSA-44,verify,439,76031,204310
ML-DSA-44,verify,440,75845,203802
ML-DSA-44,verify,441,76297,205022
ML-DSA-44,verify,442,76100,204496
ML-DSA-44,verify,443,76194,204744
ML-DSA-44,verify,444,76364,205204
ML-DSA-44,verify,445,76418,205346
ML-DSA-44,verify,446,76301,205036
ML-DSA-44,verify,447,76255,204912
ML-DSA-44,verify,448,77917,209374
ML-DSA-44,verify,449,75599,203148
ML-DSA-44,verify,450,75854,203832
ML-DSA-44,verify,451,76372,205222
ML-DSA-44,verify,452,76058,204376
ML-DSA-44,verify,453,76048,204358
ML-DSA-44,verify,454,75971,204150
ML-DSA-44,verify,455,75837,203790
ML-DSA-44,verify,456,75973,204152
ML-DSA-44,verify,457,75699,203408
ML-DSA-44,verify,458,76013,204252
ML-DSA-44,verify,459,76026,204294
ML-DSA-44,verify,460,75792,203654
ML-DSA-44,verify,461,78071,209786
ML-DSA-44,verify,462,75920,204004
ML-DSA-44,verify,463,75941,204060
ML-DSA-44,verify,464,76055,204370
ML-DSA-44,verify,465,76227,204832
ML-DSA-44,verify,466,76247,204886
ML-DSA-44,verify,467,76268,204942
ML-DSA-44,verify,468,76076,204430
ML-DSA-44,verify,469,75836,203786
ML-DSA-44,verify,470,75920,204012
ML-DSA-44,verify,471,75697,203412
ML-DSA-44,verify,472,75954,204104
ML-DSA-44,verify,473,75996,204216
ML-DSA-44,verify,474,194236,522042
ML-DSA-44,verify,475,76264,204932
ML-DSA-44,verify,476,76248,204890
ML-DSA-44,verify,477,76127,204556
ML-DSA-44,verify,478,76232,204842
ML-DSA-44,verify,479,76193,204738
ML-DSA-44,verify,480,75787,203648
ML-DSA-44,verify,481,76069,204406
ML-DSA-44,verify,482,76209,204784
ML-DSA-44,verify,483,76054,204364
ML-DSA-44,verify,484,76087,204452
ML-DSA-44,verify,485,76137,204588
ML-DSA-44,verify,486,77437,208082
ML-DSA-44,verify,487,75715,203456
ML-DSA-44,verify,488,76061,204392
ML-DSA-44,verify,489,75860,203848
ML-DSA-44,verify,490,75912,203992
ML-DSA-44,verify,491,75842,203802
ML-DSA-44,verify,492,75592,203124
ML-DSA-44,verify,493,76187,204724
ML-DSA-44,verify,494,76203,204774
ML-DSA-44,verify,495,76412,205336
ML-DSA-44,verify,496,76263,204938
ML-DSA-44,verify,497,76430,205382
ML-DSA-44,verify,498,76284,204982
ML-DSA-44,verify,499,77328,207786
ML-DSA-44,verify,500,75934,204046
ML-DSA-44,verify,501,75704,203432
ML-DSA-44,verify,502,75717,203468
ML-DSA-44,verify,503,75618,203198
ML-DSA-44,verify,504,75738,203520
ML-DSA-44,verify,505,75809,203718
ML-DSA-44,verify,506,76092,204474
ML-DSA-44,verify,507,75994,204206
ML-DSA-44,verify,508,75901,203960
ML-DSA-44,verify,509,75957,204114
ML-DSA-44,verify,510,75752,203560
ML-DSA-44,verify,511,75742,203526
ML-DSA-44,verify,512,77229,207530
ML-DSA-44,verify,513,76273,204962
ML-DSA-44,verify,514,76517,205618
ML-DSA-44,verify,515,76476,205504
ML-DSA-44,verify,516,76613,205870
ML-DSA-44,verify,517,76255,204912
ML-DSA-44,verify,518,76421,205358
ML-DSA-44,verify,519,75939,204064
ML-DSA-44,verify,520,76405,205314
ML-DSA-44,verify,521,76130,204576
ML-DSA-44,verify,522,76157,204650
ML-DSA-44,verify,523,76018,204276
ML-DSA-44,verify,524,76010,204252
ML-DSA-44,verify,525,77339,207816
ML-DSA-44,verify,526,75770,203602
ML-DSA-44,verify,527,76398,205292
ML-DSA-44,verify,528,76114,204524
ML-DSA-44,verify,529,76445,205418
ML-DSA-44,verify,530,76120,204540
ML-DSA-44,verify,531,76027,204298
ML-DSA-44,verify,532,76144,204608
ML-DSA-44,verify,533,75979,204164
ML-DSA-44,verify,534,76200,204758
ML-DSA-44,verify,535,76177,204698
ML-DSA-44,verify,536,76159,204646
ML-DSA-44,verify,537,76098,204480
ML-DSA-44,verify,538,77464,208154
ML-DSA-44,verify,539,75965,204130
ML-DSA-44,verify,540,75945,204076
ML-DSA-44,verify,541,76095,204478
ML-DSA-44,verify,542,76190,204736
ML-DSA-44,verify,543,76147,204620
ML-DSA-44,verify,544,76258,204918
ML-DSA-44,verify,545,76143,204612
ML-DSA-44,verify,546,76129,204568
ML-DSA-44,verify,547,76418,205350
ML-DSA-44,verify,548,76373,205228
ML-DSA-44,verify,549,76069,204410
ML-DSA-44,verify,550,76141,204606
ML-DSA-44,verify,551,77623,208586
ML-DSA-44,verify,552,75620,203206
ML-DSA-44,verify,553,75669,203338
ML-DSA-44,verify,554,75988,204188
ML-DSA-44,verify,555,75974,204158
ML-DSA-44,verify,556,75892,203932
ML-DSA-44,verify,557,75913,203982
ML-DSA-44,verify,558,75775,203620
ML-DSA-44,verify,559,75686,203378
ML-DSA-44,verify,560,75714,203452
ML-DSA-44,verify,561,75851,203828
ML-DSA-44,verify,562,76161,204662
ML-DSA-44,verify,563,76132,204580
ML-DSA-44,verify,564,77333,207798
ML-DSA-44,verify,565,75853,203830
ML-DSA-44,verify,566,75956,204104
ML-DSA-44,verify,567,76053,204368
ML-DSA-44,verify,568,76009,204252
ML-DSA-44,verify,569,75962,204118
ML-DSA-44,verify,570,76057,204382
ML-DSA-44,verify,571,75655,203300
ML-DSA-44,verify,572,75915,204000
ML-DSA-44,verify,573,75998,204222
ML-DSA-44,verify,574,75933,204048
ML-DSA-44,verify,575,75820,203746
ML-DSA-44,verify,576,75784,203646
ML-DSA-44,verify,577,77469,208170
ML-DSA-44,verify,578,75584,203100
ML-DSA-44,verify,579,75827,203752
ML-DSA-44,verify,580,75715,203454
ML-DSA-44,verify,581,75802,203694
ML-DSA-44,verify,582,75891,203928
ML-DSA-44,verify,583,75812,203720
ML-DSA-44,verify,584,76222,204816
ML-DSA-44,verify,585,75945,204070
ML-DSA-44,verify,586,75623,203210
ML-DSA-44,verify,587,76013,204262
ML-DSA-44,verify,588,76255,204908
ML-DSA-44,verify,589,75922,204004
ML-DSA-44,verify,590,77280,207664
ML-DSA-44,verify,591,75945,204076
ML-DSA-44,verify,592,75981,204176
ML-DSA-44,verify,593,75985,204178
ML-DSA-44,verify,594,75920,204012
ML-DSA-44,verify,595,75966,204138
ML-DSA-44,verify,596,76033,204318
ML-DSA-44,verify,597,76229,204842
ML-DSA-44,verify,598,76043,204342
ML-DSA-44,verify,599,76221,204820
ML-DSA-44,verify,600,76418,205346
ML-DSA-44,verify,601,75803,203700
ML-DSA-44,verify,602,76042,204334
ML-DSA-44,verify,603,78088,209842
ML-DSA-44,verify,604,76003,204232
ML-DSA-44,verify,605,76128,204572
ML-DSA-44,verify,606,76505,205586
ML-DSA-44,verify,607,76089,204470
ML-DSA-44,verify,608,76440,205410
ML-DSA-44,verify,609,76375,205238
ML-DSA-44,verify,610,76246,204884
ML-DSA-44,verify,611,76228,204840
ML-DSA-44,verify,612,76268,204948
ML-DSA-44,verify,613,76244,204878
ML-DSA-44,verify,614,76351,205170
ML-DSA-44,verify,615,76252,204900
ML-DSA-44,verify,616,76853,206514
ML-DSA-44,verify,617,75952,204096
ML-DSA-44,verify,618,76279,204966
ML-DSA-44,verify,619,76306,205044
ML-DSA-44,verify,620,75882,203906
ML-DSA-44,verify,621,76053,204366
ML-DSA-44,verify,622,75958,204108
ML-DSA-44,verify,623,75948,204082
ML-DSA-44,verify,624,75624,203206
ML-DSA-44,verify,625,75509,202900
ML-DSA-44,verify,626,75500,202882
ML-DSA-44,verify,627,75464,202782
ML-DSA-44,verify,628,75524,202934
ML-DSA-44,verify,629,77107,207198
ML-DSA-44,verify,630,75680,203354
ML-DSA-44,verify,631,75740,203530
ML-DSA-44,verify,632,75566,203056
ML-DSA-44,verify,633,75565,203052
ML-DSA-44,verify,634,75573,203076
ML-DSA-44,verify,635,75642,203262
ML-DSA-44,verify,636,75642,203266
ML-DSA-44,verify,637,75598,203148
ML-DSA-44,verify,638,75504,202894
ML-DSA-44,verify,639,75848,203818
ML-DSA-44,verify,640,75671,203342
ML-DSA-44,verify,641,75514,202922
ML-DSA-44,verify,642,76881,206590
ML-DSA-44,verify,643,76093,204472
ML-DSA-44,verify,644,76596,205824
ML-DSA-44,verify,645,76509,205588
ML-DSA-44,verify,646,76449,205432
ML-DSA-44,verify,647,76475,205496
ML-DSA-44,verify,648,76434,205396
ML-DSA-44,verify,649,76210,204788
ML-DSA-44,verify,650,75985,204182
ML-DSA-44,verify,651,76295,205016
ML-DSA-44,verify,652,76530,205652
ML-DSA-44,verify,653,76304,205044
ML-DSA-44,verify,654,76272,204958
ML-DSA-44,verify,655,77611,208556
ML-DSA-44,verify,656,75698,203406
ML-DSA-44,verify,657,75665,203320
ML-DSA-44,verify,658,75954,204100
ML-DSA-44,verify,659,75863,203852
ML-DSA-44,verify,660,75531,202956
ML-DSA-44,verify,661,75475,202810
ML-DSA-44,verify,662,75907,203978
ML-DSA-44,verify,663,75917,203998
ML-DSA-44,verify,664,75929,204036
ML-DSA-44,verify,665,75990,204200
ML-DSA-44,verify,666,75871,203882
ML-DSA-44,verify,667,75646,203274
ML-DSA-44,verify,668,75846,203812
ML-DSA-44,verify,669,78739,211562
ML-DSA-44,verify,670,76317,205070
ML-DSA-44,verify,671,76677,206040
ML-DSA-44,verify,672,76564,205736
ML-DSA-44,verify,673,76536,205666
ML-DSA-44,verify,674,76190,204736
ML-DSA-44,verify,675,76417,205348
ML-DSA-44,verify,676,76452,205442
ML-DSA-44,verify,677,76286,204992
ML-DSA-44,verify,678,76213,204798
ML-DSA-44,verify,679,75980,204164
ML-DSA-44,verify,680,76041,204330
ML-DSA-44,verify,681,76117,204532
ML-DSA-44,verify,682,77776,208992
ML-DSA-44,verify,683,76141,204602
ML-DSA-44,verify,684,76202,204760
ML-DSA-44,verify,685,75958,204108
ML-DSA-44,verify,686,76043,204338
ML-DSA-44,verify,687,76295,205014
ML-DSA-44,verify,688,76641,205952
ML-DSA-44,verify,689,76505,205572
ML-DSA-44,verify,690,76280,204976
ML-DSA-44,verify,691,76779,206320
ML-DSA-44,verify,692,76333,205118
ML-DSA-44,verify,693,76395,205282
ML-DSA-44,verify,694,76170,204674
ML-DSA-44,verify,695,78014,209636
ML-DSA-44,verify,696,75481,202820
ML-DSA-44,verify,697,75608,203160
ML-DSA-44,verify,698,75679,203358
ML-DSA-44,verify,699,75652,203282
ML-DSA-44,verify,700,75951,204094
ML-DSA-44,verify,701,75781,203634
ML-DSA-44,verify,702,76250,204892
ML-DSA-44,verify,703,76155,204636
ML-DSA-44,verify,704,76341,205134
ML-DSA-44,verify,705,75910,203976
ML-DSA-44,verify,706,76364,205204
ML-DSA-44,verify,707,76501,205576
ML-DSA-44,verify,708,77254,207594
ML-DSA-44,verify,709,75473,202812
ML-DSA-44,verify,710,75793,203674
ML-DSA-44,verify,711,75921,204012
ML-DSA-44,verify,712,76206,204782
ML-DSA-44,verify,713,76201,204766
ML-DSA-44,verify,714,76163,204656
ML-DSA-44,verify,715,76006,204234
ML-DSA-44,verify,716,76133,204572
ML-DSA-44,verify,717,76301,205030
ML-DSA-44,verify,718,76215,204802
ML-DSA-44,verify,719,76004,204230
ML-DSA-44,verify,720,76294,205008
ML-DSA-44,verify,721,77539,208356
ML-DSA-44,verify,722,76158,204650
ML-DSA-44,verify,723,76612,205870
ML-DSA-44,verify,724,76405,205308
ML-DSA-44,verify,725,76451,205434
ML-DSA-44,verify,726,76113,204526
ML-DSA-44,verify,727,76163,204660
ML-DSA-44,verify,728,76077,204436
ML-DSA-44,verify,729,76085,204454
ML-DSA-44,verify,730,75909,203980
ML-DSA-44,verify,731,76078,204436
ML-DSA-44,verify,732,76345,205150
ML-DSA-44,verify,733,76074,204424
ML-DSA-44,verify,734,77230,207530
ML-DSA-44,verify,735,75840,203792
ML-DSA-44,verify,736,75962,204114
ML-DSA-44,verify,737,75698,203406
ML-DSA-44,verify,738,75649,203278
ML-DSA-44,verify,739,75623,203202
ML-DSA-44,verify,740,75715,203456
ML-DSA-44,verify,741,75702,203416
ML-DSA-44,verify,742,75756,203560
ML-DSA-44,verify,743,75758,203568
ML-DSA-44,verify,744,76139,204596
ML-DSA-44,verify,745,75797,203676
ML-DSA-44,verify,746,75782,203636
ML-DSA-44,verify,747,77494,208232
ML-DSA-44,verify,748,75633,203236
ML-DSA-44,verify,749,75583,203096
ML-DSA-44,verify,750,75511,202906
ML-DSA-44,verify,751,75493,202858
ML-DSA-44,verify,752,75586,203108
ML-DSA-44,verify,753,75591,203122
ML-DSA-44,verify,754,75648,203284
ML-DSA-44,verify,755,75789,203650
ML-DSA-44,verify,756,75830,203774
ML-DSA-44,verify,757,75440,202716
ML-DSA-44,verify,758,75452,202746
ML-DSA-44,verify,759,75408,202626
ML-DSA-44,verify,760,77094,207162
ML-DSA-44,verify,761,75857,203838
ML-DSA-44,verify,762,75717,203456
ML-DSA-44,verify,763,75523,202936
ML-DSA-44,verify,764,75596,203134
ML-DSA-44,verify,765,75709,203446
ML-DSA-44,verify,766,75527,202956
ML-DSA-44,verify,767,75493,202856
ML-DSA-44,verify,768,76000,204226
ML-DSA-44,verify,769,76083,204452
ML-DSA-44,verify,770,76057,204382
ML-DSA-44,verify,771,76067,204412
ML-DSA-44,verify,772,75959,204114
ML-DSA-44,verify,773,89251,239834
ML-DSA-44,verify,774,76172,204682
ML-DSA-44,verify,775,75755,203560
ML-DSA-44,verify,776,75602,203154
ML-DSA-44,verify,777,75598,203140
ML-DSA-44,verify,778,75886,203918
ML-DSA-44,verify,779,75737,203518
ML-DSA-44,verify,780,75607,203170
ML-DSA-44,verify,781,75322,202408
ML-DSA-44,verify,782,75624,203216
ML-DSA-44,verify,783,75581,203100
ML-DSA-44,verify,784,75457,202768
ML-DSA-44,verify,785,75980,204174
ML-DSA-44,verify,786,77381,207926
ML-DSA-44,verify,787,75649,203280
ML-DSA-44,verify,788,75673,203344
ML-DSA-44,verify,789,75835,203772
ML-DSA-44,verify,790,75739,203518
ML-DSA-44,verify,791,75735,203506
ML-DSA-44,verify,792,75813,203720
ML-DSA-44,verify,793,75563,203050
ML-DSA-44,verify,794,75777,203626
ML-DSA-44,verify,795,75886,203918
ML-DSA-44,verify,796,75900,203958
ML-DSA-44,verify,797,75423,202676
ML-DSA-44,verify,798,75303,202354
ML-DSA-44,verify,799,77632,208610
ML-DSA-44,verify,800,75635,203238
ML-DSA-44,verify,801,76022,204278
ML-DSA-44,verify,802,75708,203436
ML-DSA-44,verify,803,75470,202792
ML-DSA-44,verify,804,76070,204410
ML-DSA-44,verify,805,76669,206022
ML-DSA-44,verify,806,75792,203660
ML-DSA-44,verify,807,76006,204240
ML-DSA-44,verify,808,75913,203988
ML-DSA-44,verify,809,75538,202978
ML-DSA-44,verify,810,75529,202954
ML-DSA-44,verify,811,75487,202840
ML-DSA-44,verify,812,76925,206706
ML-DSA-44,verify,813,75849,203814
ML-DSA-44,verify,814,75923,204014
ML-DSA-44,verify,815,76147,204618
ML-DSA-44,verify,816,76302,205030
ML-DSA-44,verify,817,76179,204700
ML-DSA-44,verify,818,76032,204310
ML-DSA-44,verify,819,75988,204186
ML-DSA-44,verify,820,76032,204308
ML-DSA-44,verify,821,76294,205014
ML-DSA-44,verify,822,76226,204834
ML-DSA-44,verify,823,76047,204342
ML-DSA-44,verify,824,76449,205430
ML-DSA-44,verify,825,77519,208306
ML-DSA-44,verify,826,75812,203718
ML-DSA-44,verify,827,76171,204676
ML-DSA-44,verify,828,75739,203524
ML-DSA-44,verify,829,75704,203424
ML-DSA-44,verify,830,75747,203544
ML-DSA-44,verify,831,76065,204400
ML-DSA-44,verify,832,76038,204328
ML-DSA-44,verify,833,76255,204912
ML-DSA-44,verify,834,75658,203304
ML-DSA-44,verify,835,75673,203348
ML-DSA-44,verify,836,75837,203786
ML-DSA-44,verify,837,75967,204136
ML-DSA-44,verify,838,77026,206980
ML-DSA-44,verify,839,76347,205156
ML-DSA-44,verify,840,76000,204220
ML-DSA-44,verify,841,76057,204376
ML-DSA-44,verify,842,75938,204054
ML-DSA-44,verify,843,76021,204276
ML-DSA-44,verify,844,75826,203750
ML-DSA-44,verify,845,76014,204260
ML-DSA-44,verify,846,76131,204580
ML-DSA-44,verify,847,75831,203764
ML-DSA-44,verify,848,75796,203672
ML-DSA-44,verify,849,76124,204552
ML-DSA-44,verify,850,75917,203998
ML-DSA-44,verify,851,75735,203506
ML-DSA-44,verify,852,77437,208082
ML-DSA-44,verify,853,76396,205286
ML-DSA-44,verify,854,76391,205270
ML-DSA-44,verify,855,76252,204898
ML-DSA-44,verify,856,76367,205210
ML-DSA-44,verify,857,76364,205204
ML-DSA-44,verify,858,76181,204710
ML-DSA-44,verify,859,76219,204806
ML-DSA-44,verify,860,76032,204302
ML-DSA-44,verify,861,75999,204216
ML-DSA-44,verify,862,75767,203594
ML-DSA-44,verify,863,76215,204800
ML-DSA-44,verify,864,75761,203578
ML-DSA-44,verify,865,77302,207714
ML-DSA-44,verify,866,76099,204482
ML-DSA-44,verify,867,76181,204706
ML-DSA-44,verify,868,75894,203938
ML-DSA-44,verify,869,76384,205252
ML-DSA-44,verify,870,76275,204964
ML-DSA-44,verify,871,76446,205426
ML-DSA-44,verify,872,76412,205330
ML-DSA-44,verify,873,76509,205592
ML-DSA-44,verify,874,76361,205192
ML-DSA-44,verify,875,76335,205130
ML-DSA-44,verify,876,76488,205536
ML-DSA-44,verify,877,76498,205560
ML-DSA-44,verify,878,77701,208790
ML-DSA-44,verify,879,76005,204230
ML-DSA-44,verify,880,75836,203782
ML-DSA-44,verify,881,76238,204864
ML-DSA-44,verify,882,76176,204696
ML-DSA-44,verify,883,76381,205250
ML-DSA-44,verify,884,76494,205552
ML-DSA-44,verify,885,76417,205346
ML-DSA-44,verify,886,76301,205026
ML-DSA-44,verify,887,76269,204940
ML-DSA-44,verify,888,76101,204490
ML-DSA-44,verify,889,75767,203600
ML-DSA-44,verify,890,75922,204010
ML-DSA-44,verify,891,78830,211806
ML-DSA-44,verify,892,75980,204164
ML-DSA-44,verify,893,76533,205654
ML-DSA-44,verify,894,76502,205572
ML-DSA-44,verify,895,76396,205290
ML-DSA-44,verify,896,76359,205190
ML-DSA-44,verify,897,76321,205090
ML-DSA-44,verify,898,76160,204656
ML-DSA-44,verify,899,76267,204934
ML-DSA-44,verify,900,76000,204228
ML-DSA-44,verify,901,76483,205522
ML-DSA-44,verify,902,76111,204524
ML-DSA-44,verify,903,76054,204370
ML-DSA-44,verify,904,77402,207986
ML-DSA-44,verify,905,75896,203938
ML-DSA-44,verify,906,76189,204726
ML-DSA-44,verify,907,76346,205158
ML-DSA-44,verify,908,75904,203960
ML-DSA-44,verify,909,76624,205900
ML-DSA-44,verify,910,76160,204656
ML-DSA-44,verify,911,76151,204636
ML-DSA-44,verify,912,76384,205260
ML-DSA-44,verify,913,76508,205588
ML-DSA-44,verify,914,76492,205546
ML-DSA-44,verify,915,76704,206118
ML-DSA-44,verify,916,76439,205402
ML-DSA-44,verify,917,77591,208496
ML-DSA-44,verify,918,75785,203642
ML-DSA-44,verify,919,76212,204796
ML-DSA-44,verify,920,76181,204704
ML-DSA-44,verify,921,76281,204980
ML-DSA-44,verify,922,76063,204392
ML-DSA-44,verify,923,76276,204964
ML-DSA-44,verify,924,76445,205420
ML-DSA-44,verify,925,76264,204924
ML-DSA-44,verify,926,76546,205696
ML-DSA-44,verify,927,76327,205106
ML-DSA-44,verify,928,76401,205304
ML-DSA-44,verify,929,76504,205586
ML-DSA-44,verify,930,77374,207910
ML-DSA-44,verify,931,76061,204386
ML-DSA-44,verify,932,76431,205378
ML-DSA-44,verify,933,76462,205460
ML-DSA-44,verify,934,76838,206474
ML-DSA-44,verify,935,76469,205480
ML-DSA-44,verify,936,76233,204848
ML-DSA-44,verify,937,76364,205196
ML-DSA-44,verify,938,76573,205764
ML-DSA-44,verify,939,76386,205260
ML-DSA-44,verify,940,76643,205948
ML-DSA-44,verify,941,76271,204948
ML-DSA-44,verify,942,76286,204990
ML-DSA-44,verify,943,77380,207930
ML-DSA-44,verify,944,76364,205202
ML-DSA-44,verify,945,76225,204832
ML-DSA-44,verify,946,76223,204824
ML-DSA-44,verify,947,76117,204540
ML-DSA-44,verify,948,76367,205214
ML-DSA-44,verify,949,76197,204752
ML-DSA-44,verify,950,76647,205966
ML-DSA-44,verify,951,76517,205618
ML-DSA-44,verify,952,76002,204232
ML-DSA-44,verify,953,76326,205102
ML-DSA-44,verify,954,76222,204826
ML-DSA-44,verify,955,76127,204568
ML-DSA-44,verify,956,77642,208632
ML-DSA-44,verify,957,76047,204344
ML-DSA-44,verify,958,76487,205538
ML-DSA-44,verify,959,76167,204670
ML-DSA-44,verify,960,76311,205062
ML-DSA-44,verify,961,76166,204678
ML-DSA-44,verify,962,76474,205500
ML-DSA-44,verify,963,76430,205386
ML-DSA-44,verify,964,76087,204460
ML-DSA-44,verify,965,76122,204556
ML-DSA-44,verify,966,76122,204554
ML-DSA-44,verify,967,75982,204176
ML-DSA-44,verify,968,76226,204834
ML-DSA-44,verify,969,77556,208398
ML-DSA-44,verify,970,76036,204320
ML-DSA-44,verify,971,76106,204504
ML-DSA-44,verify,972,75960,204118
ML-DSA-44,verify,973,75751,203550
ML-DSA-44,verify,974,76222,204820
ML-DSA-44,verify,975,76259,204918
ML-DSA-44,verify,976,76179,204704
ML-DSA-44,verify,977,76312,205060
ML-DSA-44,verify,978,76006,204236
ML-DSA-44,verify,979,76444,205414
ML-DSA-44,verify,980,75984,204172
ML-DSA-44,verify,981,76057,204370
ML-DSA-44,verify,982,77912,209364
ML-DSA-44,verify,983,75608,203174
ML-DSA-44,verify,984,75581,203100
ML-DSA-44,verify,985,75686,203386
ML-DSA-44,verify,986,75695,203408
ML-DSA-44,verify,987,75691,203400
ML-DSA-44,verify,988,75881,203906
ML-DSA-44,verify,989,75946,204086
ML-DSA-44,verify,990,75540,202990
ML-DSA-44,verify,991,75445,202736
ML-DSA-44,verify,992,75541,202994
ML-DSA-44,verify,993,75571,203074
ML-DSA-44,verify,994,75546,203006
ML-DSA-44,verify,995,77250,207582
ML-DSA-44,verify,996,75967,204140
ML-DSA-44,verify,997,75944,204074
ML-DSA-44,verify,998,76156,204650
ML-DSA-44,verify,999,75990,204202
