algo,op,iter,wall_ns,cycles
rsa-3072,keygen,0,3572071072,192891829
rsa-3072,keygen,1,1066404999,57585862
rsa-3072,keygen,2,4417983238,238571080
rsa-3072,keygen,3,1293896999,69870430
rsa-3072,keygen,4,1109516666,59913893
rsa-3072,keygen,5,2248009758,121392511
rsa-3072,keygen,6,1727426277,93281011
rsa-3072,keygen,7,2059151591,111194178
rsa-3072,keygen,8,2029959462,109617803
rsa-3072,keygen,9,2924366628,157915791
rsa-3072,keygen,10,3703942238,200012872
rsa-3072,keygen,11,1153160870,62270678
rsa-3072,keygen,12,1675823499,90494462
rsa-3072,keygen,13,353103129,19067561
rsa-3072,keygen,14,332946111,17979083
rsa-3072,keygen,15,763563203,41232405
rsa-3072,keygen,16,983823537,53126463
rsa-3072,keygen,17,1090524277,58888301
rsa-3072,keygen,18,1012415425,54670424
rsa-3072,keygen,19,420086574,22684667
rsa-3072,keygen,20,1100177111,59409556
rsa-3072,keygen,21,1167008240,63018430
rsa-3072,keygen,22,2849180221,153855723
rsa-3072,keygen,23,1219577240,65857162
rsa-3072,keygen,24,2021493925,109160659
rsa-3072,keygen,25,4910049312,265142649
rsa-3072,keygen,26,2193409851,118444125
rsa-3072,keygen,27,1368224554,73884117
rsa-3072,keygen,28,652398277,35229499
rsa-3072,keygen,29,1992798906,107611133
rsa-3072,keygen,30,1268117869,68478357
rsa-3072,keygen,31,953436092,51485540
rsa-3072,keygen,32,646815944,34928052
rsa-3072,keygen,33,3139338627,169524278
rsa-3072,keygen,34,1566028407,84565524
rsa-3072,keygen,35,887283685,47913310
rsa-3072,keygen,36,1271691369,68671326
rsa-3072,keygen,37,739026110,39907401
rsa-3072,keygen,38,1511767240,81635422
rsa-3072,keygen,39,817929611,44168192
rsa-3072,keygen,40,971424815,52456931
rsa-3072,keygen,41,4144751350,223816566
rsa-3072,keygen,42,708980388,38284926
rsa-3072,keygen,43,645930611,34880242
rsa-3072,keygen,44,1008424055,54454889
rsa-3072,keygen,45,1027542092,55487263
rsa-3072,keygen,46,897097703,48443268
rsa-3072,keygen,47,709501981,38313098
rsa-3072,keygen,48,1239597277,66938240
rsa-3072,keygen,49,164917611,8905541
rsa-3072,keygen,50,2215279684,119625094
rsa-3072,keygen,51,1614539073,87185087
rsa-3072,keygen,52,1625880407,87797528
rsa-3072,keygen,53,2091830425,112958834
rsa-3072,keygen,54,1081506296,58401331
rsa-3072,keygen,55,1653664611,89297881
rsa-3072,keygen,56,1229714833,66404592
rsa-3072,keygen,57,2687717424,145136726
rsa-3072,keygen,58,1746121573,94290557
rsa-3072,keygen,59,1208148240,65239997
rsa-3072,keygen,60,775856592,41896248
rsa-3072,keygen,61,326111000,17609986
rsa-3072,keygen,62,2319300499,125242219
rsa-3072,keygen,63,2181875702,117821279
rsa-3072,keygen,64,157986426,8531260
rsa-3072,keygen,65,1076949462,58155253
rsa-3072,keygen,66,687142130,37105666
rsa-3072,keygen,67,810298185,43756094
rsa-3072,keygen,68,470192833,25390401
rsa-3072,keygen,69,893977129,48274756
rsa-3072,keygen,70,1003943500,54212942
rsa-3072,keygen,71,1128423981,60934886
rsa-3072,keygen,72,632510092,34155531
rsa-3072,keygen,73,1933750776,104422528
rsa-3072,keygen,74,879862092,47512538
rsa-3072,keygen,75,2081670850,112410217
rsa-3072,keygen,76,1956759795,105665021
rsa-3072,keygen,77,1140980888,61612960
rsa-3072,keygen,78,515081389,27814387
rsa-3072,keygen,79,1146746110,61924276
rsa-3072,keygen,80,1487696925,80335625
rsa-3072,keygen,81,301053389,16256874
rsa-3072,keygen,82,1352858463,73054349
rsa-3072,keygen,83,3245487795,175256334
rsa-3072,keygen,84,778192944,42022410
rsa-3072,keygen,85,959273759,51800760
rsa-3072,keygen,86,904137851,48823436
rsa-3072,keygen,87,1629499684,87992975
rsa-3072,keygen,88,1109088925,59890795
rsa-3072,keygen,89,1288355925,69571212
rsa-3072,keygen,90,1920017444,103680933
rsa-3072,keygen,91,954490537,51542481
rsa-3072,keygen,92,1305119425,70476435
rsa-3072,keygen,93,598069889,32295766
rsa-3072,keygen,94,1251536518,67582965
rsa-3072,keygen,95,718865055,38818704
rsa-3072,keygen,96,1821450665,98358328
rsa-3072,keygen,97,494537371,26705010
rsa-3072,keygen,98,2770629221,149613970
rsa-3072,keygen,99,912110407,49253949
rsa-3072,keygen,100,1688944925,91203019
rsa-3072,keygen,101,1188804092,64195411
rsa-3072,keygen,102,1040740184,56199960
rsa-3072,keygen,103,1647308129,88954631
rsa-3072,keygen,104,2136296499,115360003
rsa-3072,keygen,105,1468884407,79319749
rsa-3072,keygen,106,1463411036,79024187
rsa-3072,keygen,107,1712478055,92473807
rsa-3072,keygen,108,2977216202,160769668
rsa-3072,keygen,109,899164703,48554887
rsa-3072,keygen,110,422463481,22813020
rsa-3072,keygen,111,2755857610,148816296
rsa-3072,keygen,112,1877983647,101411108
rsa-3072,keygen,113,1103003425,59562177
rsa-3072,keygen,114,570640278,30814568
rsa-3072,keygen,115,421468537,22759294
rsa-3072,keygen,116,819258833,44239968
rsa-3072,keygen,117,3494956443,188727639
rsa-3072,keygen,118,783087721,42286730
rsa-3072,keygen,119,552285629,29823416
rsa-3072,keygen,120,376389536,20325027
rsa-3072,keygen,121,4143389090,223742996
rsa-3072,keygen,122,1043833963,56367027
rsa-3072,keygen,123,692388814,37388983
rsa-3072,keygen,124,2286677036,123480552
rsa-3072,keygen,125,1822119277,98394431
rsa-3072,keygen,126,917254796,49531751
rsa-3072,keygen,127,615218685,33221789
rsa-3072,keygen,128,607706204,32816127
rsa-3072,keygen,129,609233278,32898589
rsa-3072,keygen,130,1071040426,57836174
rsa-3072,keygen,131,936773759,50585775
rsa-3072,keygen,132,1482337202,80046200
rsa-3072,keygen,133,1902059221,102711189
rsa-3072,keygen,134,676295537,36519950
rsa-3072,keygen,135,1147746295,61978292
rsa-3072,keygen,136,307688888,16615192
rsa-3072,keygen,137,325980907,17602961
rsa-3072,keygen,138,890449222,48084241
rsa-3072,keygen,139,1936331350,104561886
rsa-3072,keygen,140,1003181481,54171792
rsa-3072,keygen,141,1561349573,84312869
rsa-3072,keygen,142,701029036,37855559
rsa-3072,keygen,143,1403577165,75793150
rsa-3072,keygen,144,503001888,27162093
rsa-3072,keygen,145,2779966665,150118185
rsa-3072,keygen,146,634230185,34248421
rsa-3072,keygen,147,2407695610,130015554
rsa-3072,keygen,148,1785073943,96393976
rsa-3072,keygen,149,1591692165,85951370
rsa-3072,keygen,150,420142796,22687704
rsa-3072,keygen,151,1292698184,69805692
rsa-3072,keygen,152,4384834053,236781031
rsa-3072,keygen,153,336781796,18186209
rsa-3072,keygen,154,197418685,10660600
rsa-3072,keygen,155,1052177703,56817588
rsa-3072,keygen,156,1167658832,63053569
rsa-3072,keygen,157,1058129258,57138972
rsa-3072,keygen,158,1371613962,74067138
rsa-3072,keygen,159,1563747073,84442334
rsa-3072,keygen,160,1688211036,91163387
rsa-3072,keygen,161,1841797554,99457058
rsa-3072,keygen,162,838291944,45267756
rsa-3072,keygen,163,952237259,51420804
rsa-3072,keygen,164,582026573,31429426
rsa-3072,keygen,165,2212519647,119476044
rsa-3072,keygen,166,1344883851,72623719
rsa-3072,keygen,167,814056240,43959028
rsa-3072,keygen,168,1552871777,83855068
rsa-3072,keygen,169,1006002499,54324126
rsa-3072,keygen,170,1096468926,59209315
rsa-3072,keygen,171,2742158257,148076539
rsa-3072,keygen,172,675009037,36450473
rsa-3072,keygen,173,1888518184,101979968
rsa-3072,keygen,174,1573065925,84945552
rsa-3072,keygen,175,1252119999,67614473
rsa-3072,keygen,176,851995314,46007738
rsa-3072,keygen,177,2145548314,115859600
rsa-3072,keygen,178,2808525387,151660361
rsa-3072,keygen,179,1738518424,93879988
rsa-3072,keygen,180,1545554073,83459911
rsa-3072,keygen,181,2808045072,151634420
rsa-3072,keygen,182,3106574647,167755022
rsa-3072,keygen,183,965843759,52155547
rsa-3072,keygen,184,1649789758,89088640
rsa-3072,keygen,185,1247685573,67375013
rsa-3072,keygen,186,2412550239,130277706
rsa-3072,keygen,187,2998758499,161932950
rsa-3072,keygen,188,1030689147,55657205
rsa-3072,keygen,189,623701036,33679848
rsa-3072,keygen,190,2788685535,150589002
rsa-3072,keygen,191,362099685,19553370
rsa-3072,keygen,192,982991259,53081515
rsa-3072,keygen,193,2186257721,118057903
rsa-3072,keygen,194,2183773573,117923765
rsa-3072,keygen,195,1094598629,59108317
rsa-3072,keygen,196,919090999,49630905
rsa-3072,keygen,197,2598389480,140313019
rsa-3072,keygen,198,843539889,45551147
rsa-3072,keygen,199,1148396462,62013396
rsa-3072,keygen,200,1237420388,66820692
rsa-3072,keygen,201,1067718000,57656764
rsa-3072,keygen,202,466474962,25189638
rsa-3072,keygen,203,2727643091,147292720
rsa-3072,keygen,204,2216903184,119712765
rsa-3072,keygen,205,640602982,34592554
rsa-3072,keygen,206,2368868239,127918871
rsa-3072,keygen,207,1989794203,107448879
rsa-3072,keygen,208,778821241,42056335
rsa-3072,keygen,209,568106555,30677747
rsa-3072,keygen,210,4473284442,241557344
rsa-3072,keygen,211,1913393332,103323231
rsa-3072,keygen,212,1131017314,61074926
rsa-3072,keygen,213,1091193462,58924438
rsa-3072,keygen,214,3384538054,182765046
rsa-3072,keygen,215,346027259,18685464
rsa-3072,keygen,216,827710352,44696350
rsa-3072,keygen,217,563263444,30416201
rsa-3072,keygen,218,879033462,47467797
rsa-3072,keygen,219,2418482443,130598044
rsa-3072,keygen,220,4400352978,237619053
rsa-3072,keygen,221,1292731277,69807480
rsa-3072,keygen,222,869978221,46978816
rsa-3072,keygen,223,1753516647,94689891
rsa-3072,keygen,224,494100056,26681395
rsa-3072,keygen,225,1732842702,93573499
rsa-3072,keygen,226,1433909203,77431084
rsa-3072,keygen,227,1351570481,72984797
rsa-3072,keygen,228,487274685,26312824
rsa-3072,keygen,229,234176981,12645549
rsa-3072,keygen,230,975862537,52696569
rsa-3072,keygen,231,4095325127,221147549
rsa-3072,keygen,232,946778296,51126021
rsa-3072,keygen,233,1712562925,92478391
rsa-3072,keygen,234,2792430313,150791223
rsa-3072,keygen,235,2417884813,130565772
rsa-3072,keygen,236,3444560554,186006262
rsa-3072,keygen,237,2149525869,116074389
rsa-3072,keygen,238,910390815,49161095
rsa-3072,keygen,239,318409444,17194102
rsa-3072,keygen,240,1241201351,67024865
rsa-3072,keygen,241,2264905295,122304878
rsa-3072,keygen,242,431312907,23290889
rsa-3072,keygen,243,1025179666,55359695
rsa-3072,keygen,244,1853014222,100062759
rsa-3072,keygen,245,1582052147,85430807
rsa-3072,keygen,246,634867352,34282828
rsa-3072,keygen,247,682740647,36867988
rsa-3072,keygen,248,1576550333,85133710
rsa-3072,keygen,249,2809738980,151725894
rsa-3072,keygen,250,1998632573,107926145
rsa-3072,keygen,251,865744240,46750181
rsa-3072,keygen,252,3145928238,169880118
rsa-3072,keygen,253,923037462,49844016
rsa-3072,keygen,254,1543722740,83361020
rsa-3072,keygen,255,1993147258,107629944
rsa-3072,keygen,256,4693668071,253458063
rsa-3072,keygen,257,409416685,22108488
rsa-3072,keygen,258,2271685832,122671028
rsa-3072,keygen,259,2996189498,161794223
rsa-3072,keygen,260,2022739980,109227945
rsa-3072,keygen,261,795964481,42982075
rsa-3072,keygen,262,766293758,41379850
rsa-3072,keygen,263,514698222,27793696
rsa-3072,keygen,264,2240281999,120975220
rsa-3072,keygen,265,1015666555,54845985
rsa-3072,keygen,266,1952180240,105417725
rsa-3072,keygen,267,522712074,28226444
rsa-3072,keygen,268,670871814,36227056
rsa-3072,keygen,269,493343500,26640540
rsa-3072,keygen,270,4619577572,249457181
rsa-3072,keygen,271,344572036,18606881
rsa-3072,keygen,272,2981789573,161016628
rsa-3072,keygen,273,465762407,25151161
rsa-3072,keygen,274,354712166,19154449
rsa-3072,keygen,275,905864629,48916676
rsa-3072,keygen,276,515018074,27810968
rsa-3072,keygen,277,1896101387,102389467
rsa-3072,keygen,278,3363805053,181645464
rsa-3072,keygen,279,945239943,51042948
rsa-3072,keygen,280,1123447555,60666161
rsa-3072,keygen,281,1755361610,94789520
rsa-3072,keygen,282,627395296,33879332
rsa-3072,keygen,283,2828450535,152736321
rsa-3072,keygen,284,1487143611,80305746
rsa-3072,keygen,285,907308130,48994631
rsa-3072,keygen,286,544064740,29379488
rsa-3072,keygen,287,569591370,30757926
rsa-3072,keygen,288,1111360889,60013479
rsa-3072,keygen,289,1599898666,86394520
rsa-3072,keygen,290,1037399518,56019560
rsa-3072,keygen,291,976006407,52704336
rsa-3072,keygen,292,1103428629,59585138
rsa-3072,keygen,293,912841555,49293436
rsa-3072,keygen,294,447263259,24152208
rsa-3072,keygen,295,1125221481,60761952
rsa-3072,keygen,296,915883722,49457712
rsa-3072,keygen,297,3532063276,190731409
rsa-3072,keygen,298,1351931963,73004313
rsa-3072,keygen,299,1229216629,66377691
rsa-3072,keygen,300,663397351,35823450
rsa-3072,keygen,301,4810317238,259757123
rsa-3072,keygen,302,3023209628,163253312
rsa-3072,keygen,303,1443825129,77966549
rsa-3072,keygen,304,560479536,30265880
rsa-3072,keygen,305,954104092,51521614
rsa-3072,keygen,306,242369259,13087931
rsa-3072,keygen,307,3094760554,167117062
rsa-3072,keygen,308,722867000,39034810
rsa-3072,keygen,309,2211772480,119435705
rsa-3072,keygen,310,1213267851,65516455
rsa-3072,keygen,311,2034756628,109876837
rsa-3072,keygen,312,2119544628,114455392
rsa-3072,keygen,313,608673370,32868354
rsa-3072,keygen,314,2164404277,116877812
rsa-3072,keygen,315,2399071998,129549881
rsa-3072,keygen,316,1199071129,64749828
rsa-3072,keygen,317,1985370480,107209999
rsa-3072,keygen,318,888463037,47976995
rsa-3072,keygen,319,866973110,46816534
rsa-3072,keygen,320,964398573,52077516
rsa-3072,keygen,321,1334155573,72044391
rsa-3072,keygen,322,3180969017,171772313
rsa-3072,keygen,323,1197438740,64661679
rsa-3072,keygen,324,2782284202,150243337
rsa-3072,keygen,325,3227127850,174264888
rsa-3072,keygen,326,927556499,50088043
rsa-3072,keygen,327,701538963,37883095
rsa-3072,keygen,328,724836111,39141142
rsa-3072,keygen,329,1981678591,107010635
rsa-3072,keygen,330,1133026443,61183417
rsa-3072,keygen,331,578603833,31244599
rsa-3072,keygen,332,2292412962,123790292
rsa-3072,keygen,333,831362722,44893578
rsa-3072,keygen,334,3339201739,180316886
rsa-3072,keygen,335,625483870,33776121
rsa-3072,keygen,336,579007851,31266416
rsa-3072,keygen,337,1744240536,94188979
rsa-3072,keygen,338,2929743998,158206168
rsa-3072,keygen,339,1536170111,82953178
rsa-3072,keygen,340,1896185461,102393993
rsa-3072,keygen,341,1743631351,94156085
rsa-3072,keygen,342,2753400999,148683645
rsa-3072,keygen,343,1035203074,55900958
rsa-3072,keygen,344,2362043999,127550368
rsa-3072,keygen,345,1178879518,63659487
rsa-3072,keygen,346,1886952092,101895398
rsa-3072,keygen,347,1608647573,86866953
rsa-3072,keygen,348,2326221795,125615969
rsa-3072,keygen,349,3204634016,173050228
rsa-3072,keygen,350,3238962147,174903947
rsa-3072,keygen,351,1201372092,64874080
rsa-3072,keygen,352,1055787962,57012542
rsa-3072,keygen,353,1802901277,97356660
rsa-3072,keygen,354,723007037,39042372
rsa-3072,keygen,355,260527315,14068467
rsa-3072,keygen,356,2578496054,139238773
rsa-3072,keygen,357,1199873184,64793144
rsa-3072,keygen,358,662698777,35785727
rsa-3072,keygen,359,1638903184,88500764
rsa-3072,keygen,360,591448537,31938212
rsa-3072,keygen,361,2007969462,108430344
rsa-3072,keygen,362,1434541703,77465244
rsa-3072,keygen,363,880269629,47534552
rsa-3072,keygen,364,2600770961,140441624
rsa-3072,keygen,365,1482152703,80036238
rsa-3072,keygen,366,652930407,35258234
rsa-3072,keygen,367,2133900018,115230587
rsa-3072,keygen,368,2364834758,127701068
rsa-3072,keygen,369,2135411758,115312227
rsa-3072,keygen,370,720886870,38927882
rsa-3072,keygen,371,673190240,36352265
rsa-3072,keygen,372,1493136295,80629337
rsa-3072,keygen,373,2110398518,113961505
rsa-3072,keygen,374,1660055277,89642977
rsa-3072,keygen,375,1482520221,80056077
rsa-3072,keygen,376,1458756462,78772831
rsa-3072,keygen,377,941206518,50825144
rsa-3072,keygen,378,1115971666,60262462
rsa-3072,keygen,379,2742922702,148117811
rsa-3072,keygen,380,1570261074,84794080
rsa-3072,keygen,381,987032759,53299754
rsa-3072,keygen,382,1184543610,63965346
rsa-3072,keygen,383,571325500,30851569
rsa-3072,keygen,384,2201160758,118862663
rsa-3072,keygen,385,774328277,41813720
rsa-3072,keygen,386,1181958759,63825763
rsa-3072,keygen,387,3255086239,175774650
rsa-3072,keygen,388,2389695110,129043527
rsa-3072,keygen,389,1006912018,54373239
rsa-3072,keygen,390,344581073,18607369
rsa-3072,keygen,391,6245882570,337277651
rsa-3072,keygen,392,634833907,34281023
rsa-3072,keygen,393,1288413129,69574301
rsa-3072,keygen,394,1717302925,92734350
rsa-3072,keygen,395,2370933295,128030390
rsa-3072,keygen,396,1454149610,78524065
rsa-3072,keygen,397,3025107350,163355782
rsa-3072,keygen,398,999357796,53965312
rsa-3072,keygen,399,1532231592,82740498
rsa-3072,keygen,400,441193925,23824465
rsa-3072,keygen,401,2227567980,120288663
rsa-3072,keygen,402,607524463,32806314
rsa-3072,keygen,403,2750711979,148538439
rsa-3072,keygen,404,3363270683,181616609
rsa-3072,keygen,405,1816880684,98111549
rsa-3072,keygen,406,296965444,16036127
rsa-3072,keygen,407,2241507332,121041380
rsa-3072,keygen,408,887186814,47908073
rsa-3072,keygen,409,1318384573,71192753
rsa-3072,keygen,410,1083495889,58508764
rsa-3072,keygen,411,700559815,37830221
rsa-3072,keygen,412,259652944,14021251
rsa-3072,keygen,413,1030228610,55632335
rsa-3072,keygen,414,1527742073,82498064
rsa-3072,keygen,415,877358795,47377368
rsa-3072,keygen,416,270796185,14622985
rsa-3072,keygen,417,1997025851,107839387
rsa-3072,keygen,418,483264333,26096260
rsa-3072,keygen,419,1605208425,86681240
rsa-3072,keygen,420,444749296,24016455
rsa-3072,keygen,421,3182697387,171865650
rsa-3072,keygen,422,1295124499,69936715
rsa-3072,keygen,423,990103333,53465571
rsa-3072,keygen,424,764271204,41270628
rsa-3072,keygen,425,1559219980,84197872
rsa-3072,keygen,426,1539345555,83124651
rsa-3072,keygen,427,521507870,28161416
rsa-3072,keygen,428,1075187221,58060102
rsa-3072,keygen,429,3453092609,186466994
rsa-3072,keygen,430,1414755684,76396799
rsa-3072,keygen,431,1384127369,74742870
rsa-3072,keygen,432,774781463,41838163
rsa-3072,keygen,433,3171473479,171259560
rsa-3072,keygen,434,1524578981,82327249
rsa-3072,keygen,435,3061788424,165336560
rsa-3072,keygen,436,775003296,41850170
rsa-3072,keygen,437,673354907,36361157
rsa-3072,keygen,438,3446703257,186121967
rsa-3072,keygen,439,259827074,14030654
rsa-3072,keygen,440,4219099275,227831339
rsa-3072,keygen,441,1495400314,80751608
rsa-3072,keygen,442,2752642331,148642678
rsa-3072,keygen,443,2624703517,141733982
rsa-3072,keygen,444,1715190962,92620296
rsa-3072,keygen,445,3642677701,196704586
rsa-3072,keygen,446,1296645536,70018851
rsa-3072,keygen,447,786068943,42447715
rsa-3072,keygen,448,2510327961,135557701
rsa-3072,keygen,449,1137745611,61438253
rsa-3072,keygen,450,371438500,20057670
rsa-3072,keygen,451,869690129,46963259
rsa-3072,keygen,452,960298110,51856089
rsa-3072,keygen,453,2599166869,140355003
rsa-3072,keygen,454,618319407,33389233
rsa-3072,keygen,455,538611352,29085005
rsa-3072,keygen,456,1629582481,87997446
rsa-3072,keygen,457,1465590758,79141886
rsa-3072,keygen,458,682382888,36848666
rsa-3072,keygen,459,1726389462,93225021
rsa-3072,keygen,460,1976216017,106715656
rsa-3072,keygen,461,2699533906,145774818
rsa-3072,keygen,462,831352425,44893023
rsa-3072,keygen,463,2704934813,146066472
rsa-3072,keygen,464,408410407,22054155
rsa-3072,keygen,465,1113113092,60108100
rsa-3072,keygen,466,4203070349,226965792
rsa-3072,keygen,467,1085927758,58640084
rsa-3072,keygen,468,2077656166,112193425
rsa-3072,keygen,469,3068640109,165706557
rsa-3072,keygen,470,1240674184,66996397
rsa-3072,keygen,471,2332590721,125959890
rsa-3072,keygen,472,748493444,40418637
rsa-3072,keygen,473,439028148,23707512
rsa-3072,keygen,474,798617833,43125355
rsa-3072,keygen,475,1548743036,83632116
rsa-3072,keygen,476,534122963,28842632
rsa-3072,keygen,477,2444387110,131996895
rsa-3072,keygen,478,1269788926,68568594
rsa-3072,keygen,479,2579223591,139278065
rsa-3072,keygen,480,2655398905,143391532
rsa-3072,keygen,481,1620456240,87504621
rsa-3072,keygen,482,1440647480,77794956
rsa-3072,keygen,483,1581922980,85423832
rsa-3072,keygen,484,684513962,36963746
rsa-3072,keygen,485,2432942240,131378873
rsa-3072,keygen,486,870300351,46996211
rsa-3072,keygen,487,195981296,10582977
rsa-3072,keygen,488,1451223481,78366058
rsa-3072,keygen,489,718913833,38821338
rsa-3072,keygen,490,804703537,43453981
rsa-3072,keygen,491,2197466369,118663175
rsa-3072,keygen,492,1016090518,54868880
rsa-3072,keygen,493,2059135647,111193317
rsa-3072,keygen,494,1468152240,79280207
rsa-3072,keygen,495,1652842962,89253512
rsa-3072,keygen,496,505979333,27322870
rsa-3072,keygen,497,2097336907,113256186
rsa-3072,keygen,498,4891366830,264133801
rsa-3072,keygen,499,682026258,36829405
rsa-3072,keygen,500,1222073074,65991931
rsa-3072,keygen,501,1818061036,98175289
rsa-3072,keygen,502,1278588647,69043771
rsa-3072,keygen,503,1582377555,85448378
rsa-3072,keygen,504,1142774166,61709796
rsa-3072,keygen,505,962301629,51964267
rsa-3072,keygen,506,2301172610,124263307
rsa-3072,keygen,507,1483931165,80132269
rsa-3072,keygen,508,684435111,36959487
rsa-3072,keygen,509,3721253517,200947682
rsa-3072,keygen,510,2488278424,134367028
rsa-3072,keygen,511,964675944,52092492
rsa-3072,keygen,512,1723142369,93049675
rsa-3072,keygen,513,1922892036,103836162
rsa-3072,keygen,514,964859499,52102403
rsa-3072,keygen,515,1156832351,62468938
rsa-3072,keygen,516,3909171998,211095272
rsa-3072,keygen,517,688991426,37205520
rsa-3072,keygen,518,1570854703,84826145
rsa-3072,keygen,519,1548242166,83605069
rsa-3072,keygen,520,1610162721,86948772
rsa-3072,keygen,521,989534444,53434851
rsa-3072,keygen,522,3667159887,198026626
rsa-3072,keygen,523,2913834962,157347080
rsa-3072,keygen,524,841394889,45435317
rsa-3072,keygen,525,1375175185,74259452
rsa-3072,keygen,526,618400777,33393631
rsa-3072,keygen,527,3871204127,209045015
rsa-3072,keygen,528,690357888,37279318
rsa-3072,keygen,529,2179980702,117718949
rsa-3072,keygen,530,720817351,38924130
rsa-3072,keygen,531,1511132574,81601152
rsa-3072,keygen,532,1269718074,68564767
rsa-3072,keygen,533,262093555,14153044
rsa-3072,keygen,534,1823571925,98472877
rsa-3072,keygen,535,1642240054,88680954
rsa-3072,keygen,536,1354897962,73164475
rsa-3072,keygen,537,1996448350,107808203
rsa-3072,keygen,538,1718651518,92807174
rsa-3072,keygen,539,1163225222,62814154
rsa-3072,keygen,540,203592907,10994009
rsa-3072,keygen,541,862559037,46578179
rsa-3072,keygen,542,814341129,43974370
rsa-3072,keygen,543,634490777,34262489
rsa-3072,keygen,544,1300029777,70201581
rsa-3072,keygen,545,1827543017,98687314
rsa-3072,keygen,546,427177870,23067596
rsa-3072,keygen,547,2684566739,144966591
rsa-3072,keygen,548,1461793684,78936851
rsa-3072,keygen,549,1150242148,62113066
rsa-3072,keygen,550,1267562203,68448328
rsa-3072,keygen,551,1119919314,60475636
rsa-3072,keygen,552,1865744906,100750217
rsa-3072,keygen,553,904646907,48850923
rsa-3072,keygen,554,811966944,43846206
rsa-3072,keygen,555,1262845555,68193650
rsa-3072,keygen,556,1821914499,98383374
rsa-3072,keygen,557,1731311628,93490820
rsa-3072,keygen,558,1048584796,56623564
rsa-3072,keygen,559,279808389,15109645
rsa-3072,keygen,560,1085926389,58640009
rsa-3072,keygen,561,2997196331,161848591
rsa-3072,keygen,562,1204191315,65026322
rsa-3072,keygen,563,3925614887,211983190
rsa-3072,keygen,564,1682410424,90850156
rsa-3072,keygen,565,1432516851,77355901
rsa-3072,keygen,566,2370975369,128032661
rsa-3072,keygen,567,547323852,29555479
rsa-3072,keygen,568,2932625517,158361770
rsa-3072,keygen,569,1063767443,57443433
rsa-3072,keygen,570,701629888,37888006
rsa-3072,keygen,571,2004443999,108239968
rsa-3072,keygen,572,2010011666,108540621
rsa-3072,keygen,573,1120840592,60525382
rsa-3072,keygen,574,4217476035,227743690
rsa-3072,keygen,575,1714540258,92585165
rsa-3072,keygen,576,1024497907,55322869
rsa-3072,keygen,577,1268191555,68482322
rsa-3072,keygen,578,3974370905,214616020
rsa-3072,keygen,579,1431026018,77275396
rsa-3072,keygen,580,867861203,46864478
rsa-3072,keygen,581,729570166,39396781
rsa-3072,keygen,582,1537850517,83043920
rsa-3072,keygen,583,1841683962,99450927
rsa-3072,keygen,584,3221567887,173964658
rsa-3072,keygen,585,2078708517,112250238
rsa-3072,keygen,586,2025816406,109394078
rsa-3072,keygen,587,861616851,46527303
rsa-3072,keygen,588,3763897368,203250449
rsa-3072,keygen,589,232555222,12557974
rsa-3072,keygen,590,792877814,42815395
rsa-3072,keygen,591,2490225202,134472148
rsa-3072,keygen,592,361814666,19537984
rsa-3072,keygen,593,2436681924,131580815
rsa-3072,keygen,594,1909251035,103099534
rsa-3072,keygen,595,1530896092,82668381
rsa-3072,keygen,596,402637536,21742419
rsa-3072,keygen,597,662266111,35762362
rsa-3072,keygen,598,3865750498,208750512
rsa-3072,keygen,599,774060351,41799250
rsa-3072,keygen,600,679567889,36696658
rsa-3072,keygen,601,1753413258,94684300
rsa-3072,keygen,602,2930213517,158231516
rsa-3072,keygen,603,897879444,48485481
rsa-3072,keygen,604,4329847775,233811772
rsa-3072,keygen,605,812898667,43896519
rsa-3072,keygen,606,1020328629,55097733
rsa-3072,keygen,607,731139555,39481528
rsa-3072,keygen,608,3671450646,198258322
rsa-3072,keygen,609,467902407,25266721
rsa-3072,keygen,610,2330744814,125860212
rsa-3072,keygen,611,643917314,34771526
rsa-3072,keygen,612,963889795,52050041
rsa-3072,keygen,613,803911518,43411207
rsa-3072,keygen,614,1216425184,65686945
rsa-3072,keygen,615,717231388,38730486
rsa-3072,keygen,616,1995419369,107752636
rsa-3072,keygen,617,767134370,41425249
rsa-3072,keygen,618,2837765536,153239323
rsa-3072,keygen,619,1255881277,67817580
rsa-3072,keygen,620,552289703,29823635
rsa-3072,keygen,621,625001425,33750069
rsa-3072,keygen,622,708981722,38285004
rsa-3072,keygen,623,694729388,37515378
rsa-3072,keygen,624,1486899499,80292565
rsa-3072,keygen,625,1859999628,100439971
rsa-3072,keygen,626,2161078370,116698225
rsa-3072,keygen,627,1754703536,94753984
rsa-3072,keygen,628,302379129,16328463
rsa-3072,keygen,629,2568964405,138724070
rsa-3072,keygen,630,997340259,53856365
rsa-3072,keygen,631,524089574,28300829
rsa-3072,keygen,632,832561721,44958324
rsa-3072,keygen,633,1196555314,64613978
rsa-3072,keygen,634,1347811981,72781840
rsa-3072,keygen,635,434093666,23441051
rsa-3072,keygen,636,256935241,13874494
rsa-3072,keygen,637,1293268277,69836479
rsa-3072,keygen,638,3306104702,178529640
rsa-3072,keygen,639,1296830889,70028860
rsa-3072,keygen,640,3600544590,194429399
rsa-3072,keygen,641,261495462,14120747
rsa-3072,keygen,642,1085677629,58626581
rsa-3072,keygen,643,372340241,20106365
rsa-3072,keygen,644,894464814,48301092
rsa-3072,keygen,645,3871044016,209036369
rsa-3072,keygen,646,2202874258,118955196
rsa-3072,keygen,647,392983944,21221125
rsa-3072,keygen,648,558236500,30144763
rsa-3072,keygen,649,830186629,44830071
rsa-3072,keygen,650,202266259,10922369
rsa-3072,keygen,651,2912001110,157248053
rsa-3072,keygen,652,569993315,30779622
rsa-3072,keygen,653,657986111,35531242
rsa-3072,keygen,654,3347407146,180759970
rsa-3072,keygen,655,1867444814,100842013
rsa-3072,keygen,656,1403688074,75799146
rsa-3072,keygen,657,242963537,13120023
rsa-3072,keygen,658,698109500,37697902
rsa-3072,keygen,659,747429240,40361172
rsa-3072,keygen,660,1775959499,95901806
rsa-3072,keygen,661,3886975979,209896694
rsa-3072,keygen,662,2094432591,113099347
rsa-3072,keygen,663,1838627517,99285877
rsa-3072,keygen,664,1471224851,79446135
rsa-3072,keygen,665,423238185,22854853
rsa-3072,keygen,666,1389729925,75045409
rsa-3072,keygen,667,618746167,33412285
rsa-3072,keygen,668,650884499,35147754
rsa-3072,keygen,669,1329833832,71811018
rsa-3072,keygen,670,4014660682,216791668
rsa-3072,keygen,671,757630611,40912043
rsa-3072,keygen,672,844628610,45609937
rsa-3072,keygen,673,371652074,20069204
rsa-3072,keygen,674,354152555,19124230
rsa-3072,keygen,675,3765149331,203318056
rsa-3072,keygen,676,884001018,47736047
rsa-3072,keygen,677,251719389,13592833
rsa-3072,keygen,678,2358863018,127378594
rsa-3072,keygen,679,1114433018,60179374
rsa-3072,keygen,680,3196747591,172624362
rsa-3072,keygen,681,1480776647,79961931
rsa-3072,keygen,682,778225926,42024176
rsa-3072,keygen,683,260315204,14057012
rsa-3072,keygen,684,493489037,26648393
rsa-3072,keygen,685,1601964480,86506073
rsa-3072,keygen,686,754681758,40752807
rsa-3072,keygen,687,1036264314,55958265
rsa-3072,keygen,688,647777000,34979951
rsa-3072,keygen,689,1071198796,57844714
rsa-3072,keygen,690,1376768407,74345485
rsa-3072,keygen,691,1684100036,90941386
rsa-3072,keygen,692,1244415240,67198414
rsa-3072,keygen,693,3409583165,184117481
rsa-3072,keygen,694,4005316812,216287090
rsa-3072,keygen,695,2763585146,149233590
rsa-3072,keygen,696,908690592,49069283
rsa-3072,keygen,697,3483910572,188131163
rsa-3072,keygen,698,870504703,47007244
rsa-3072,keygen,699,2833334851,153000073
rsa-3072,keygen,700,839852518,45352029
rsa-3072,keygen,701,2554691220,137953317
rsa-3072,keygen,702,3280749942,177160490
rsa-3072,keygen,703,1352725462,73047166
rsa-3072,keygen,704,589830203,31850823
rsa-3072,keygen,705,1480260166,79934037
rsa-3072,keygen,706,578950518,31263314
rsa-3072,keygen,707,1124220926,60707922
rsa-3072,keygen,708,578506184,31239319
rsa-3072,keygen,709,2116563480,114294420
rsa-3072,keygen,710,2708816276,146276070
rsa-3072,keygen,711,2153922554,116311809
rsa-3072,keygen,712,587940388,31748773
rsa-3072,keygen,713,1320697740,71317671
rsa-3072,keygen,714,1854443962,100139956
rsa-3072,keygen,715,2212734239,119487641
rsa-3072,keygen,716,927625500,50091769
rsa-3072,keygen,717,402566130,21738562
rsa-3072,keygen,718,2182282462,117843244
rsa-3072,keygen,719,654188352,35326163
rsa-3072,keygen,720,2711907999,146443019
rsa-3072,keygen,721,636121518,34350554
rsa-3072,keygen,722,2884132350,155743139
rsa-3072,keygen,723,1090305296,58876478
rsa-3072,keygen,724,5261839090,284139285
rsa-3072,keygen,725,381580129,20605313
rsa-3072,keygen,726,901545315,48683439
rsa-3072,keygen,727,1531501259,82701061
rsa-3072,keygen,728,1535213888,82901541
rsa-3072,keygen,729,477757833,25798912
rsa-3072,keygen,730,1304967869,70468257
rsa-3072,keygen,731,1597048740,86240624
rsa-3072,keygen,732,1377528703,74386541
rsa-3072,keygen,733,2810862554,151786558
rsa-3072,keygen,734,1933593962,104414066
rsa-3072,keygen,735,1504336166,81234144
rsa-3072,keygen,736,2763019091,149203015
rsa-3072,keygen,737,1411373870,76214181
rsa-3072,keygen,738,943757517,50962898
rsa-3072,keygen,739,1065132259,57517134
rsa-3072,keygen,740,1534507111,82863376
rsa-3072,keygen,741,1017541758,54947248
rsa-3072,keygen,742,869039073,46928103
rsa-3072,keygen,743,438850833,23697937
rsa-3072,keygen,744,282252148,15241609
rsa-3072,keygen,745,915022888,49411227
rsa-3072,keygen,746,797570537,43068801
rsa-3072,keygen,747,1938885443,104699798
rsa-3072,keygen,748,2190306407,118276538
rsa-3072,keygen,749,1431233814,77286618
rsa-3072,keygen,750,2056248518,111037410
rsa-3072,keygen,751,1029314277,55582962
rsa-3072,keygen,752,391132537,21121149
rsa-3072,keygen,753,1080533351,58348794
rsa-3072,keygen,754,502346389,27126696
rsa-3072,keygen,755,1529343314,82584531
rsa-3072,keygen,756,1472767443,79529432
rsa-3072,keygen,757,833582351,45013439
rsa-3072,keygen,758,1267043240,68420326
rsa-3072,keygen,759,1276179833,68913703
rsa-3072,keygen,760,1229940610,66416778
rsa-3072,keygen,761,1407290536,75993672
rsa-3072,keygen,762,823141481,44449632
rsa-3072,keygen,763,1242042351,67070280
rsa-3072,keygen,764,810323499,43757461
rsa-3072,keygen,765,954469018,51541319
rsa-3072,keygen,766,969823518,52370461
rsa-3072,keygen,767,2013147296,108709946
rsa-3072,keygen,768,2340713943,126398546
rsa-3072,keygen,769,694209462,37487302
rsa-3072,keygen,770,1109005851,59886309
rsa-3072,keygen,771,1099880110,59393519
rsa-3072,keygen,772,3200961980,172851933
rsa-3072,keygen,773,352405519,19029889
rsa-3072,keygen,774,851788389,45996565
rsa-3072,keygen,775,1389627110,75039851
rsa-3072,keygen,776,457586370,24709655
rsa-3072,keygen,777,616321425,33281349
rsa-3072,keygen,778,820923888,44329882
rsa-3072,keygen,779,610173092,32949339
rsa-3072,keygen,780,2174690221,117433255
rsa-3072,keygen,781,1282561647,69258320
rsa-3072,keygen,782,3673607702,198374808
rsa-3072,keygen,783,992020351,53569090
rsa-3072,keygen,784,2455850258,132615906
rsa-3072,keygen,785,1134973425,61288557
rsa-3072,keygen,786,2440251257,131773559
rsa-3072,keygen,787,1959882536,105833650
rsa-3072,keygen,788,641343407,34632536
rsa-3072,keygen,789,2807111202,151583996
rsa-3072,keygen,790,2409316424,130103079
rsa-3072,keygen,791,391471222,21139439
rsa-3072,keygen,792,1135809055,61333681
rsa-3072,keygen,793,785987611,42443318
rsa-3072,keygen,794,1184348944,63954834
rsa-3072,keygen,795,1092903943,59016804
rsa-3072,keygen,796,953222555,51474010
rsa-3072,keygen,797,693500981,37449045
rsa-3072,keygen,798,2052512592,110835672
rsa-3072,keygen,799,1937646869,104632923
rsa-3072,keygen,800,754886333,40763854
rsa-3072,keygen,801,958098351,51737303
rsa-3072,keygen,802,493739981,26661945
rsa-3072,keygen,803,2775997980,149903878
rsa-3072,keygen,804,4794237201,258888801
rsa-3072,keygen,805,1398477092,75517748
rsa-3072,keygen,806,1517721110,81956932
rsa-3072,keygen,807,1280486518,69146263
rsa-3072,keygen,808,485862037,26236542
rsa-3072,keygen,809,1538387795,83072933
rsa-3072,keygen,810,2012350481,108666919
rsa-3072,keygen,811,3259048257,175988596
rsa-3072,keygen,812,1272295721,68703955
rsa-3072,keygen,813,839199147,45316746
rsa-3072,keygen,814,970640333,52414569
rsa-3072,keygen,815,409400000,22107592
rsa-3072,keygen,816,1335206443,72101140
rsa-3072,keygen,817,1242440184,67091760
rsa-3072,keygen,818,1066516869,57591904
rsa-3072,keygen,819,1284378462,69356429
rsa-3072,keygen,820,2409809443,130129702
rsa-3072,keygen,821,1372951129,74139352
rsa-3072,keygen,822,1148889092,62040002
rsa-3072,keygen,823,1330923610,71869866
rsa-3072,keygen,824,1623076685,87646119
rsa-3072,keygen,825,2828200702,152722829
rsa-3072,keygen,826,3302007887,178308411
rsa-3072,keygen,827,1148445611,62016055
rsa-3072,keygen,828,474013296,25596709
rsa-3072,keygen,829,1092055296,58970978
rsa-3072,keygen,830,2939871443,158753051
rsa-3072,keygen,831,3368428424,181895120
rsa-3072,keygen,832,1563589591,84433830
rsa-3072,keygen,833,1792440314,96791769
rsa-3072,keygen,834,3733357054,201601271
rsa-3072,keygen,835,418215314,22583619
rsa-3072,keygen,836,1454510332,78543550
rsa-3072,keygen,837,2003186906,108172085
rsa-3072,keygen,838,1264855666,68302191
rsa-3072,keygen,839,1900627869,102633898
rsa-3072,keygen,840,814070611,43959799
rsa-3072,keygen,841,991918740,53563604
rsa-3072,keygen,842,662161462,35756711
rsa-3072,keygen,843,578426833,31235042
rsa-3072,keygen,844,2372411165,128110188
rsa-3072,keygen,845,2778324647,150029522
rsa-3072,keygen,846,716801241,38707259
rsa-3072,keygen,847,1965424925,106132937
rsa-3072,keygen,848,2974938313,160646660
rsa-3072,keygen,849,807350259,43596905
rsa-3072,keygen,850,2191928609,118364137
rsa-3072,keygen,851,2062860850,111394473
rsa-3072,keygen,852,2173290498,117357680
rsa-3072,keygen,853,731320832,39491317
rsa-3072,keygen,854,1233634073,66616232
rsa-3072,keygen,855,3075244313,166063178
rsa-3072,keygen,856,546156221,29492427
rsa-3072,keygen,857,1177569037,63588719
rsa-3072,keygen,858,700358185,37819335
rsa-3072,keygen,859,2396289406,129399620
rsa-3072,keygen,860,965398351,52131503
rsa-3072,keygen,861,673991851,36395535
rsa-3072,keygen,862,2547635331,137572300
rsa-3072,keygen,863,3366865164,181810712
rsa-3072,keygen,864,895821704,48374365
rsa-3072,keygen,865,691986611,37367269
rsa-3072,keygen,866,2529252499,136579625
rsa-3072,keygen,867,2840557664,153390106
rsa-3072,keygen,868,2013738721,108741884
rsa-3072,keygen,869,1398879295,75539473
rsa-3072,keygen,870,935610666,50522967
rsa-3072,keygen,871,1486711332,80282405
rsa-3072,keygen,872,768229685,41484396
rsa-3072,keygen,873,2153087258,116266703
rsa-3072,keygen,874,5526208256,298415239
rsa-3072,keygen,875,365964963,19762100
rsa-3072,keygen,876,724999482,39149963
rsa-3072,keygen,877,1550390647,83721087
rsa-3072,keygen,878,196659185,10619579
rsa-3072,keygen,879,1440558666,77790160
rsa-3072,keygen,880,2986846943,161289727
rsa-3072,keygen,881,2777479591,149983889
rsa-3072,keygen,882,907281721,48993204
rsa-3072,keygen,883,1319045203,71228432
rsa-3072,keygen,884,607008611,32778449
rsa-3072,keygen,885,797203795,43048996
rsa-3072,keygen,886,683053389,36884875
rsa-3072,keygen,887,1002403277,54129769
rsa-3072,keygen,888,2462590462,132979874
rsa-3072,keygen,889,1821721129,98372933
rsa-3072,keygen,890,2109174240,113895396
rsa-3072,keygen,891,1608375370,86852262
rsa-3072,keygen,892,580662166,31355750
rsa-3072,keygen,893,760185592,41050008
rsa-3072,keygen,894,1951525350,105382356
rsa-3072,keygen,895,1952930370,105458233
rsa-3072,keygen,896,1432264759,77342289
rsa-3072,keygen,897,1141357536,61633294
rsa-3072,keygen,898,1147846721,61983714
rsa-3072,keygen,899,2683625258,144915755
rsa-3072,keygen,900,661486684,35720274
rsa-3072,keygen,901,779996111,42119783
rsa-3072,keygen,902,944389926,50997048
rsa-3072,keygen,903,320894463,17328291
rsa-3072,keygen,904,889674055,48042390
rsa-3072,keygen,905,1958157184,105740480
rsa-3072,keygen,906,390307574,21076600
rsa-3072,keygen,907,2683411239,144904193
rsa-3072,keygen,908,3855014201,208170758
rsa-3072,keygen,909,2535616072,136923254
rsa-3072,keygen,910,1767353333,95437071
rsa-3072,keygen,911,1398776314,75533912
rsa-3072,keygen,912,1025372073,55370083
rsa-3072,keygen,913,810875444,43787266
rsa-3072,keygen,914,417742814,22558103
rsa-3072,keygen,915,1514808537,81799644
rsa-3072,keygen,916,919870555,49672991
rsa-3072,keygen,917,988861129,53398491
rsa-3072,keygen,918,540303278,29176369
rsa-3072,keygen,919,987984314,53351145
rsa-3072,keygen,920,2442912592,131917269
rsa-3072,keygen,921,1382219980,74639864
rsa-3072,keygen,922,1995469943,107755369
rsa-3072,keygen,923,700546629,37829509
rsa-3072,keygen,924,990018296,53460980
rsa-3072,keygen,925,1864823610,100700466
rsa-3072,keygen,926,3423940665,184892780
rsa-3072,keygen,927,2562315091,138365007
rsa-3072,keygen,928,1874442906,101219903
rsa-3072,keygen,929,4571703146,246871962
rsa-3072,keygen,930,1586225351,85656161
rsa-3072,keygen,931,2295387683,123950922
rsa-3072,keygen,932,1767115036,95424203
rsa-3072,keygen,933,243398203,13143495
rsa-3072,keygen,934,1495602500,80762527
rsa-3072,keygen,935,1635420721,88312704
rsa-3072,keygen,936,4172166201,225296967
rsa-3072,keygen,937,702295407,37923944
rsa-3072,keygen,938,1482875832,80075281
rsa-3072,keygen,939,1647271851,88952673
rsa-3072,keygen,940,1480273795,79934776
rsa-3072,keygen,941,965174333,52119397
rsa-3072,keygen,942,1967101406,106223467
rsa-3072,keygen,943,3623512275,195669655
rsa-3072,keygen,944,1209287128,65301497
rsa-3072,keygen,945,3411751776,184234581
rsa-3072,keygen,946,1037813870,56041941
rsa-3072,keygen,947,1121757018,60574870
rsa-3072,keygen,948,1940889184,104808001
rsa-3072,keygen,949,962790277,51990660
rsa-3072,keygen,950,655166574,35378988
rsa-3072,keygen,951,1095531999,59158720
rsa-3072,keygen,952,3209499498,173312959
rsa-3072,keygen,953,1806503258,97551164
rsa-3072,keygen,954,1254929166,67766167
rsa-3072,keygen,955,1469497685,79352867
rsa-3072,keygen,956,3189674591,172242421
rsa-3072,keygen,957,1920676517,103716522
rsa-3072,keygen,958,2005414813,108292386
rsa-3072,keygen,959,1206619517,65157446
rsa-3072,keygen,960,1203507277,64989385
rsa-3072,keygen,961,1835170406,99099194
rsa-3072,keygen,962,511826222,27638607
rsa-3072,keygen,963,1778844721,96057608
rsa-3072,keygen,964,664252518,35869628
rsa-3072,keygen,965,1734341018,93654408
rsa-3072,keygen,966,768802388,41515320
rsa-3072,keygen,967,922895721,49836360
rsa-3072,keygen,968,2134011369,115236606
rsa-3072,keygen,969,794746814,42916320
rsa-3072,keygen,970,1176131722,63511105
rsa-3072,keygen,971,2234271424,120650649
rsa-3072,keygen,972,2970607757,160412804
rsa-3072,keygen,973,1004113259,54222108
rsa-3072,keygen,974,577792036,31200762
rsa-3072,keygen,975,936417425,50566532
rsa-3072,keygen,976,321119648,17340454
rsa-3072,keygen,977,786260481,42458058
rsa-3072,keygen,978,419479518,22651887
rsa-3072,keygen,979,1501673518,81090363
rsa-3072,keygen,980,1039005258,56106276
rsa-3072,keygen,981,2250197869,121510676
rsa-3072,keygen,982,1277378425,68978427
rsa-3072,keygen,983,1063771203,57443625
rsa-3072,keygen,984,794090814,42880890
rsa-3072,keygen,985,958363869,51751641
rsa-3072,keygen,986,726169944,39213170
rsa-3072,keygen,987,775031184,41851670
rsa-3072,keygen,988,2146402758,115905742
rsa-3072,keygen,989,796729111,43023363
rsa-3072,keygen,990,437406111,23619922
rsa-3072,keygen,991,2084066647,112539591
rsa-3072,keygen,992,3153311832,170278818
rsa-3072,keygen,993,2680834554,144765057
rsa-3072,keygen,994,688982592,37205037
rsa-3072,keygen,995,3051236739,164766769
rsa-3072,keygen,996,2372577795,128119193
rsa-3072,keygen,997,1266529555,68392587
rsa-3072,keygen,998,2021788851,109176589
rsa-3072,keygen,999,1145410869,61852179
rsa-3072,pss-sign,0,18269629,986551
rsa-3072,pss-sign,1,18243130,985122
rsa-3072,pss-sign,2,18253185,985665
rsa-3072,pss-sign,3,18257297,985888
rsa-3072,pss-sign,4,18251314,985563
rsa-3072,pss-sign,5,18239685,984936
rsa-3072,pss-sign,6,18256926,985868
rsa-3072,pss-sign,7,18242222,985073
rsa-3072,pss-sign,8,18240185,984964
rsa-3072,pss-sign,9,18235777,984726
rsa-3072,pss-sign,10,18247852,985375
rsa-3072,pss-sign,11,18241481,985034
rsa-3072,pss-sign,12,18234556,984659
rsa-3072,pss-sign,13,18241445,985032
rsa-3072,pss-sign,14,21618648,1167400
rsa-3072,pss-sign,15,18289092,987605
rsa-3072,pss-sign,16,18240129,984961
rsa-3072,pss-sign,17,18250777,985534
rsa-3072,pss-sign,18,18244296,985185
rsa-3072,pss-sign,19,18250537,985521
rsa-3072,pss-sign,20,18269575,986547
rsa-3072,pss-sign,21,18235296,984700
rsa-3072,pss-sign,22,18240722,984992
rsa-3072,pss-sign,23,18234722,984668
rsa-3072,pss-sign,24,18247556,985359
rsa-3072,pss-sign,25,18234685,984665
rsa-3072,pss-sign,26,18247204,985342
rsa-3072,pss-sign,27,18234648,984664
rsa-3072,pss-sign,28,18252223,985613
rsa-3072,pss-sign,29,18258037,985927
rsa-3072,pss-sign,30,18234611,984662
rsa-3072,pss-sign,31,18249222,985449
rsa-3072,pss-sign,32,18234389,984650
rsa-3072,pss-sign,33,18239741,984940
rsa-3072,pss-sign,34,18234370,984649
rsa-3072,pss-sign,35,18240130,984960
rsa-3072,pss-sign,36,18242074,985065
rsa-3072,pss-sign,37,18239722,984936
rsa-3072,pss-sign,38,18245352,985243
rsa-3072,pss-sign,39,18332741,989959
rsa-3072,pss-sign,40,18244426,985193
rsa-3072,pss-sign,41,18236593,984770
rsa-3072,pss-sign,42,18240704,984991
rsa-3072,pss-sign,43,18234926,984679
rsa-3072,pss-sign,44,18253870,985701
rsa-3072,pss-sign,45,18245685,985261
rsa-3072,pss-sign,46,21620240,1167486
rsa-3072,pss-sign,47,18251963,985599
rsa-3072,pss-sign,48,18235000,984683
rsa-3072,pss-sign,49,18241148,985014
rsa-3072,pss-sign,50,18234593,984662
rsa-3072,pss-sign,51,18259704,986016
rsa-3072,pss-sign,52,18257315,985888
rsa-3072,pss-sign,53,18254259,985723
rsa-3072,pss-sign,54,18246019,985278
rsa-3072,pss-sign,55,18239426,984922
rsa-3072,pss-sign,56,18240092,984959
rsa-3072,pss-sign,57,18234556,984660
rsa-3072,pss-sign,58,18246222,985288
rsa-3072,pss-sign,59,18234777,984672
rsa-3072,pss-sign,60,18240130,984961
rsa-3072,pss-sign,61,18234629,984663
rsa-3072,pss-sign,62,18241463,985025
rsa-3072,pss-sign,63,18242481,985080
rsa-3072,pss-sign,64,18243093,985119
rsa-3072,pss-sign,65,18247834,985376
rsa-3072,pss-sign,66,18238611,984877
rsa-3072,pss-sign,67,18241667,985043
rsa-3072,pss-sign,68,18244666,985206
rsa-3072,pss-sign,69,18241297,985023
rsa-3072,pss-sign,70,18234463,984655
rsa-3072,pss-sign,71,18249852,985483
rsa-3072,pss-sign,72,18251815,985591
rsa-3072,pss-sign,73,18239296,984914
rsa-3072,pss-sign,74,18240167,984962
rsa-3072,pss-sign,75,18238871,984893
rsa-3072,pss-sign,76,18261222,986100
rsa-3072,pss-sign,77,18235297,984699
rsa-3072,pss-sign,78,21610259,1166945
rsa-3072,pss-sign,79,18247130,985338
rsa-3072,pss-sign,80,18244778,985210
rsa-3072,pss-sign,81,18246370,985297
rsa-3072,pss-sign,82,18238222,984856
rsa-3072,pss-sign,83,18262185,986152
rsa-3072,pss-sign,84,18245500,985251
rsa-3072,pss-sign,85,18245481,985247
rsa-3072,pss-sign,86,18234426,984653
rsa-3072,pss-sign,87,18240481,984979
rsa-3072,pss-sign,88,18248926,985436
rsa-3072,pss-sign,89,18255074,985768
rsa-3072,pss-sign,90,18241204,985019
rsa-3072,pss-sign,91,18239500,984924
rsa-3072,pss-sign,92,18240630,984988
rsa-3072,pss-sign,93,18239333,984917
rsa-3072,pss-sign,94,18333944,990014
rsa-3072,pss-sign,95,18237871,984839
rsa-3072,pss-sign,96,18242204,985072
rsa-3072,pss-sign,97,18247815,985375
rsa-3072,pss-sign,98,18242222,985072
rsa-3072,pss-sign,99,18248093,985391
rsa-3072,pss-sign,100,18239908,984947
rsa-3072,pss-sign,101,18244278,985185
rsa-3072,pss-sign,102,18235907,984733
rsa-3072,pss-sign,103,18256852,985862
rsa-3072,pss-sign,104,18254463,985719
rsa-3072,pss-sign,105,18293167,987823
rsa-3072,pss-sign,106,18242611,985094
rsa-3072,pss-sign,107,18235278,984697
rsa-3072,pss-sign,108,18241482,985033
rsa-3072,pss-sign,109,18234463,984655
rsa-3072,pss-sign,110,21635370,1168304
rsa-3072,pss-sign,111,18239463,984925
rsa-3072,pss-sign,112,18262426,986156
rsa-3072,pss-sign,113,18236241,984750
rsa-3072,pss-sign,114,18241333,985025
rsa-3072,pss-sign,115,18247944,985381
rsa-3072,pss-sign,116,18242445,985085
rsa-3072,pss-sign,117,18242500,985088
rsa-3072,pss-sign,118,18259297,985994
rsa-3072,pss-sign,119,18247463,985356
rsa-3072,pss-sign,120,18237537,984820
rsa-3072,pss-sign,121,18246777,985319
rsa-3072,pss-sign,122,18236204,984747
rsa-3072,pss-sign,123,18240685,984990
rsa-3072,pss-sign,124,18242444,985086
rsa-3072,pss-sign,125,18242167,985056
rsa-3072,pss-sign,126,18240704,984991
rsa-3072,pss-sign,127,18234185,984639
rsa-3072,pss-sign,128,18240222,984965
rsa-3072,pss-sign,129,18235093,984688
rsa-3072,pss-sign,130,18241352,985026
rsa-3072,pss-sign,131,18266778,986392
rsa-3072,pss-sign,132,18242926,985109
rsa-3072,pss-sign,133,18241611,985040
rsa-3072,pss-sign,134,18241981,985060
rsa-3072,pss-sign,135,18241426,985029
rsa-3072,pss-sign,136,18234408,984652
rsa-3072,pss-sign,137,18240833,984999
rsa-3072,pss-sign,138,18234574,984660
rsa-3072,pss-sign,139,18256907,985865
rsa-3072,pss-sign,140,18259648,986013
rsa-3072,pss-sign,141,18257945,985922
rsa-3072,pss-sign,142,21654945,1169359
rsa-3072,pss-sign,143,18245093,985228
rsa-3072,pss-sign,144,18240555,984984
rsa-3072,pss-sign,145,18240111,984958
rsa-3072,pss-sign,146,18256833,985862
rsa-3072,pss-sign,147,18257500,985898
rsa-3072,pss-sign,148,18352908,991045
rsa-3072,pss-sign,149,18258760,985966
rsa-3072,pss-sign,150,18239704,984937
rsa-3072,pss-sign,151,18246296,985293
rsa-3072,pss-sign,152,18241407,985028
rsa-3072,pss-sign,153,18241889,985055
rsa-3072,pss-sign,154,18234537,984659
rsa-3072,pss-sign,155,18240925,985004
rsa-3072,pss-sign,156,18234740,984670
rsa-3072,pss-sign,157,18240445,984978
rsa-3072,pss-sign,158,18241908,985057
rsa-3072,pss-sign,159,18251629,985580
rsa-3072,pss-sign,160,18242537,985090
rsa-3072,pss-sign,161,18279222,987071
rsa-3072,pss-sign,162,18241334,985025
rsa-3072,pss-sign,163,18235593,984715
rsa-3072,pss-sign,164,18240389,984975
rsa-3072,pss-sign,165,18242371,985081
rsa-3072,pss-sign,166,18240685,984989
rsa-3072,pss-sign,167,18246741,985317
rsa-3072,pss-sign,168,18238518,984873
rsa-3072,pss-sign,169,18242093,985066
rsa-3072,pss-sign,170,18253056,985659
rsa-3072,pss-sign,171,18240037,984954
rsa-3072,pss-sign,172,18234481,984656
rsa-3072,pss-sign,173,18246148,985284
rsa-3072,pss-sign,174,21606407,1166740
rsa-3072,pss-sign,175,18242018,985062
rsa-3072,pss-sign,176,18242574,985092
rsa-3072,pss-sign,177,18235371,984704
rsa-3072,pss-sign,178,18240518,984982
rsa-3072,pss-sign,179,18239815,984941
rsa-3072,pss-sign,180,18240463,984977
rsa-3072,pss-sign,181,18234370,984650
rsa-3072,pss-sign,182,18242056,985064
rsa-3072,pss-sign,183,18234871,984677
rsa-3072,pss-sign,184,18241741,985048
rsa-3072,pss-sign,185,18240778,984994
rsa-3072,pss-sign,186,18242352,985071
rsa-3072,pss-sign,187,18240981,985007
rsa-3072,pss-sign,188,18235426,984707
rsa-3072,pss-sign,189,18241037,985010
rsa-3072,pss-sign,190,18234740,984668
rsa-3072,pss-sign,191,18240203,984964
rsa-3072,pss-sign,192,18242963,985113
rsa-3072,pss-sign,193,18243370,985132
rsa-3072,pss-sign,194,18242945,985113
rsa-3072,pss-sign,195,18234167,984638
rsa-3072,pss-sign,196,18240889,985001
rsa-3072,pss-sign,197,18243574,985146
rsa-3072,pss-sign,198,18251648,985581
rsa-3072,pss-sign,199,18239481,984925
rsa-3072,pss-sign,200,18252815,985643
rsa-3072,pss-sign,201,18243759,985156
rsa-3072,pss-sign,202,18239481,984926
rsa-3072,pss-sign,203,18323778,989474
rsa-3072,pss-sign,204,18237148,984799
rsa-3072,pss-sign,205,18240630,984987
rsa-3072,pss-sign,206,21640852,1168597
rsa-3072,pss-sign,207,18242148,985070
rsa-3072,pss-sign,208,18243351,985135
rsa-3072,pss-sign,209,18245167,985232
rsa-3072,pss-sign,210,18239667,984935
rsa-3072,pss-sign,211,18245500,985250
rsa-3072,pss-sign,212,18240241,984967
rsa-3072,pss-sign,213,18240185,984961
rsa-3072,pss-sign,214,18241259,985022
rsa-3072,pss-sign,215,18256555,985846
rsa-3072,pss-sign,216,18247315,985348
rsa-3072,pss-sign,217,18252481,985628
rsa-3072,pss-sign,218,18240167,984963
rsa-3072,pss-sign,219,18242500,985089
rsa-3072,pss-sign,220,18253648,985688
rsa-3072,pss-sign,221,18249908,985488
rsa-3072,pss-sign,222,18236407,984759
rsa-3072,pss-sign,223,18248482,985411
rsa-3072,pss-sign,224,18238111,984852
rsa-3072,pss-sign,225,18244185,985180
rsa-3072,pss-sign,226,18238518,984873
rsa-3072,pss-sign,227,18252037,985601
rsa-3072,pss-sign,228,18245926,985274
rsa-3072,pss-sign,229,18238204,984856
rsa-3072,pss-sign,230,18242426,985084
rsa-3072,pss-sign,231,18234185,984640
rsa-3072,pss-sign,232,18240944,985004
rsa-3072,pss-sign,233,18239222,984910
rsa-3072,pss-sign,234,18240407,984975
rsa-3072,pss-sign,235,18242037,985063
rsa-3072,pss-sign,236,18234833,984674
rsa-3072,pss-sign,237,18240981,985007
rsa-3072,pss-sign,238,21620722,1167513
rsa-3072,pss-sign,239,18263222,986207
rsa-3072,pss-sign,240,18241167,985014
rsa-3072,pss-sign,241,18240593,984985
rsa-3072,pss-sign,242,18235426,984707
rsa-3072,pss-sign,243,18240055,984957
rsa-3072,pss-sign,244,18240018,984954
rsa-3072,pss-sign,245,18244186,985180
rsa-3072,pss-sign,246,18247333,985344
rsa-3072,pss-sign,247,18246111,985282
rsa-3072,pss-sign,248,18249685,985474
rsa-3072,pss-sign,249,18238260,984859
rsa-3072,pss-sign,250,18241740,985047
rsa-3072,pss-sign,251,18234222,984642
rsa-3072,pss-sign,252,18241185,985017
rsa-3072,pss-sign,253,18247723,985369
rsa-3072,pss-sign,254,18235370,984703
rsa-3072,pss-sign,255,18241759,985048
rsa-3072,pss-sign,256,18258296,985942
rsa-3072,pss-sign,257,18334667,990061
rsa-3072,pss-sign,258,18240074,984957
rsa-3072,pss-sign,259,18240556,984983
rsa-3072,pss-sign,260,18242037,985062
rsa-3072,pss-sign,261,18240611,984986
rsa-3072,pss-sign,262,18241297,985023
rsa-3072,pss-sign,263,18235296,984698
rsa-3072,pss-sign,264,18241260,985021
rsa-3072,pss-sign,265,18234500,984655
rsa-3072,pss-sign,266,18241259,985022
rsa-3072,pss-sign,267,18240333,984970
rsa-3072,pss-sign,268,18241408,985030
rsa-3072,pss-sign,269,18242297,985077
rsa-3072,pss-sign,270,21603222,1166559
rsa-3072,pss-sign,271,18241667,985043
rsa-3072,pss-sign,272,18243889,985164
rsa-3072,pss-sign,273,18249555,985469
rsa-3072,pss-sign,274,18245871,985268
rsa-3072,pss-sign,275,18246963,985328
rsa-3072,pss-sign,276,18244666,985206
rsa-3072,pss-sign,277,18248833,985430
rsa-3072,pss-sign,278,18239037,984901
rsa-3072,pss-sign,279,18244463,985194
rsa-3072,pss-sign,280,18250907,985541
rsa-3072,pss-sign,281,18239371,984920
rsa-3072,pss-sign,282,18248870,985432
rsa-3072,pss-sign,283,18238871,984893
rsa-3072,pss-sign,284,18242037,985063
rsa-3072,pss-sign,285,18234370,984648
rsa-3072,pss-sign,286,18252723,985641
rsa-3072,pss-sign,287,18241556,985035
rsa-3072,pss-sign,288,18248686,985422
rsa-3072,pss-sign,289,18252388,985622
rsa-3072,pss-sign,290,18244130,985176
rsa-3072,pss-sign,291,18241148,985016
rsa-3072,pss-sign,292,18234407,984651
rsa-3072,pss-sign,293,18240593,984986
rsa-3072,pss-sign,294,18240815,984996
rsa-3072,pss-sign,295,18241148,985016
rsa-3072,pss-sign,296,18241908,985056
rsa-3072,pss-sign,297,18234426,984653
rsa-3072,pss-sign,298,18239833,984945
rsa-3072,pss-sign,299,18258962,985977
rsa-3072,pss-sign,300,18258222,985937
rsa-3072,pss-sign,301,18257389,985890
rsa-3072,pss-sign,302,21601630,1166482
rsa-3072,pss-sign,303,18244203,985180
rsa-3072,pss-sign,304,18251463,985572
rsa-3072,pss-sign,305,18239686,984936
rsa-3072,pss-sign,306,18240371,984974
rsa-3072,pss-sign,307,18247259,985343
rsa-3072,pss-sign,308,18251834,985593
rsa-3072,pss-sign,309,18263444,986219
rsa-3072,pss-sign,310,18243277,985131
rsa-3072,pss-sign,311,18358723,991351
rsa-3072,pss-sign,312,18264334,986268
rsa-3072,pss-sign,313,18263019,986190
rsa-3072,pss-sign,314,18250852,985537
rsa-3072,pss-sign,315,18237630,984826
rsa-3072,pss-sign,316,18251852,985593
rsa-3072,pss-sign,317,18243981,985169
rsa-3072,pss-sign,318,18242555,985091
rsa-3072,pss-sign,319,18234704,984668
rsa-3072,pss-sign,320,18242777,985104
rsa-3072,pss-sign,321,18243204,985124
rsa-3072,pss-sign,322,18242518,985089
rsa-3072,pss-sign,323,18246667,985313
rsa-3072,pss-sign,324,18236945,984788
rsa-3072,pss-sign,325,18240667,984990
rsa-3072,pss-sign,326,18240444,984977
rsa-3072,pss-sign,327,18261537,986116
rsa-3072,pss-sign,328,18241777,985046
rsa-3072,pss-sign,329,18252130,985609
rsa-3072,pss-sign,330,18244537,985199
rsa-3072,pss-sign,331,18234704,984668
rsa-3072,pss-sign,332,18276963,986950
rsa-3072,pss-sign,333,18258130,985933
rsa-3072,pss-sign,334,21629018,1167960
rsa-3072,pss-sign,335,18258463,985951
rsa-3072,pss-sign,336,18263352,986213
rsa-3072,pss-sign,337,18239518,984927
rsa-3072,pss-sign,338,18240277,984969
rsa-3072,pss-sign,339,18235223,984695
rsa-3072,pss-sign,340,18240482,984979
rsa-3072,pss-sign,341,18248111,985389
rsa-3072,pss-sign,342,18234834,984675
rsa-3072,pss-sign,343,18245889,985272
rsa-3072,pss-sign,344,18253222,985668
rsa-3072,pss-sign,345,18249185,985448
rsa-3072,pss-sign,346,18238759,984886
rsa-3072,pss-sign,347,18245112,985230
rsa-3072,pss-sign,348,18249019,985438
rsa-3072,pss-sign,349,18234334,984647
rsa-3072,pss-sign,350,18241222,985018
rsa-3072,pss-sign,351,18234037,984630
rsa-3072,pss-sign,352,18242037,985063
rsa-3072,pss-sign,353,18256519,985846
rsa-3072,pss-sign,354,18244593,985202
rsa-3072,pss-sign,355,18244111,985173
rsa-3072,pss-sign,356,18244889,985216
rsa-3072,pss-sign,357,18241815,985052
rsa-3072,pss-sign,358,18234592,984661
rsa-3072,pss-sign,359,18240130,984960
rsa-3072,pss-sign,360,18234241,984642
rsa-3072,pss-sign,361,18240778,984996
rsa-3072,pss-sign,362,18240574,984983
rsa-3072,pss-sign,363,18241537,985037
rsa-3072,pss-sign,364,18241907,985056
rsa-3072,pss-sign,365,18243945,985167
rsa-3072,pss-sign,366,21756370,1174835
rsa-3072,pss-sign,367,18241389,985028
rsa-3072,pss-sign,368,18250870,985537
rsa-3072,pss-sign,369,18238722,984885
rsa-3072,pss-sign,370,18243667,985150
rsa-3072,pss-sign,371,18234463,984654
rsa-3072,pss-sign,372,18240148,984961
rsa-3072,pss-sign,373,18234334,984648
rsa-3072,pss-sign,374,18247778,985372
rsa-3072,pss-sign,375,18266166,986365
rsa-3072,pss-sign,376,18240241,984966
rsa-3072,pss-sign,377,18243093,985121
rsa-3072,pss-sign,378,18235444,984707
rsa-3072,pss-sign,379,18266963,986407
rsa-3072,pss-sign,380,18235297,984699
rsa-3072,pss-sign,381,18248093,985391
rsa-3072,pss-sign,382,18270945,986622
rsa-3072,pss-sign,383,18262167,986143
rsa-3072,pss-sign,384,18257686,985907
rsa-3072,pss-sign,385,18234315,984646
rsa-3072,pss-sign,386,18240926,985003
rsa-3072,pss-sign,387,18234556,984660
rsa-3072,pss-sign,388,18241204,985019
rsa-3072,pss-sign,389,18245074,985225
rsa-3072,pss-sign,390,18256408,985840
rsa-3072,pss-sign,391,18248962,985438
rsa-3072,pss-sign,392,18239889,984947
rsa-3072,pss-sign,393,18239926,984950
rsa-3072,pss-sign,394,18240537,984980
rsa-3072,pss-sign,395,18245111,985228
rsa-3072,pss-sign,396,18243963,985167
rsa-3072,pss-sign,397,18251204,985557
rsa-3072,pss-sign,398,21684852,1170974
rsa-3072,pss-sign,399,18245389,985244
rsa-3072,pss-sign,400,18239834,984945
rsa-3072,pss-sign,401,18247018,985332
rsa-3072,pss-sign,402,18250407,985514
rsa-3072,pss-sign,403,18239518,984928
rsa-3072,pss-sign,404,18256203,985829
rsa-3072,pss-sign,405,18242056,985064
rsa-3072,pss-sign,406,18246259,985291
rsa-3072,pss-sign,407,18234722,984669
rsa-3072,pss-sign,408,18240574,984983
rsa-3072,pss-sign,409,18247500,985356
rsa-3072,pss-sign,410,18234852,984675
rsa-3072,pss-sign,411,18240074,984958
rsa-3072,pss-sign,412,18233759,984617
rsa-3072,pss-sign,413,18239648,984934
rsa-3072,pss-sign,414,18234352,984647
rsa-3072,pss-sign,415,18239944,984950
rsa-3072,pss-sign,416,18245852,985268
rsa-3072,pss-sign,417,18254704,985747
rsa-3072,pss-sign,418,18241592,985040
rsa-3072,pss-sign,419,18234222,984642
rsa-3072,pss-sign,420,18245315,985241
rsa-3072,pss-sign,421,18347870,990774
rsa-3072,pss-sign,422,18249518,985466
rsa-3072,pss-sign,423,18235371,984703
rsa-3072,pss-sign,424,18240463,984979
rsa-3072,pss-sign,425,18241889,985056
rsa-3072,pss-sign,426,18234667,984666
rsa-3072,pss-sign,427,18240056,984956
rsa-3072,pss-sign,428,18234444,984653
rsa-3072,pss-sign,429,18245667,985257
rsa-3072,pss-sign,430,21550037,1163695
rsa-3072,pss-sign,431,18246408,985300
rsa-3072,pss-sign,432,18240204,984965
rsa-3072,pss-sign,433,18276778,986938
rsa-3072,pss-sign,434,18246315,985295
rsa-3072,pss-sign,435,18242092,985067
rsa-3072,pss-sign,436,18258093,985928
rsa-3072,pss-sign,437,18258203,985936
rsa-3072,pss-sign,438,18250038,985495
rsa-3072,pss-sign,439,18240351,984972
rsa-3072,pss-sign,440,18244611,985203
rsa-3072,pss-sign,441,18238870,984893
rsa-3072,pss-sign,442,18244500,985197
rsa-3072,pss-sign,443,18252482,985625
rsa-3072,pss-sign,444,18239500,984926
rsa-3072,pss-sign,445,18245407,985244
rsa-3072,pss-sign,446,18236056,984740
rsa-3072,pss-sign,447,18241111,985012
rsa-3072,pss-sign,448,18234352,984649
rsa-3072,pss-sign,449,18246018,985276
rsa-3072,pss-sign,450,18235278,984698
rsa-3072,pss-sign,451,18241037,985009
rsa-3072,pss-sign,452,18242815,985106
rsa-3072,pss-sign,453,18234852,984676
rsa-3072,pss-sign,454,18246426,985300
rsa-3072,pss-sign,455,18253074,985660
rsa-3072,pss-sign,456,18258296,985940
rsa-3072,pss-sign,457,18238593,984877
rsa-3072,pss-sign,458,18243982,985169
rsa-3072,pss-sign,459,18243741,985155
rsa-3072,pss-sign,460,18242333,985079
rsa-3072,pss-sign,461,18262963,986193
rsa-3072,pss-sign,462,21565981,1164556
rsa-3072,pss-sign,463,18264111,986253
rsa-3072,pss-sign,464,18257592,985904
rsa-3072,pss-sign,465,18249704,985477
rsa-3072,pss-sign,466,18238963,984898
rsa-3072,pss-sign,467,18241463,985033
rsa-3072,pss-sign,468,18242648,985096
rsa-3072,pss-sign,469,18241888,985055
rsa-3072,pss-sign,470,18255908,985811
rsa-3072,pss-sign,471,18236408,984759
rsa-3072,pss-sign,472,18248351,985405
rsa-3072,pss-sign,473,18238463,984870
rsa-3072,pss-sign,474,18248463,985411
rsa-3072,pss-sign,475,18324037,989487
rsa-3072,pss-sign,476,18250056,985495
rsa-3072,pss-sign,477,18250019,985495
rsa-3072,pss-sign,478,18238963,984897
rsa-3072,pss-sign,479,18240500,984980
rsa-3072,pss-sign,480,18234148,984637
rsa-3072,pss-sign,481,18240611,984987
rsa-3072,pss-sign,482,18234278,984644
rsa-3072,pss-sign,483,18246111,985281
rsa-3072,pss-sign,484,18234630,984664
rsa-3072,pss-sign,485,18242667,985097
rsa-3072,pss-sign,486,18245185,985234
rsa-3072,pss-sign,487,18239130,984907
rsa-3072,pss-sign,488,18262611,986174
rsa-3072,pss-sign,489,18234352,984649
rsa-3072,pss-sign,490,18246148,985284
rsa-3072,pss-sign,491,18244851,985215
rsa-3072,pss-sign,492,18250759,985535
rsa-3072,pss-sign,493,18246574,985309
rsa-3072,pss-sign,494,21582222,1165433
rsa-3072,pss-sign,495,18237556,984822
rsa-3072,pss-sign,496,18240889,985002
rsa-3072,pss-sign,497,18248241,985395
rsa-3072,pss-sign,498,18243463,985141
rsa-3072,pss-sign,499,18258037,985926
rsa-3072,pss-sign,500,18238759,984886
rsa-3072,pss-sign,501,18245648,985258
rsa-3072,pss-sign,502,18236333,984755
rsa-3072,pss-sign,503,18247352,985348
rsa-3072,pss-sign,504,18243278,985130
rsa-3072,pss-sign,505,18235463,984709
rsa-3072,pss-sign,506,18240815,984998
rsa-3072,pss-sign,507,18234445,984653
rsa-3072,pss-sign,508,18241185,985016
rsa-3072,pss-sign,509,18234185,984638
rsa-3072,pss-sign,510,18246870,985322
rsa-3072,pss-sign,511,18234778,984671
rsa-3072,pss-sign,512,18241426,985030
rsa-3072,pss-sign,513,18242907,985109
rsa-3072,pss-sign,514,18234963,984682
rsa-3072,pss-sign,515,18251685,985585
rsa-3072,pss-sign,516,18239371,984919
rsa-3072,pss-sign,517,18247223,985341
rsa-3072,pss-sign,518,18235111,984690
rsa-3072,pss-sign,519,18241185,985018
rsa-3072,pss-sign,520,18247204,985343
rsa-3072,pss-sign,521,18264907,986299
rsa-3072,pss-sign,522,18246185,985287
rsa-3072,pss-sign,523,18246056,985280
rsa-3072,pss-sign,524,18248445,985400
rsa-3072,pss-sign,525,18244963,985222
rsa-3072,pss-sign,526,21599870,1166385
rsa-3072,pss-sign,527,18239630,984933
rsa-3072,pss-sign,528,18244759,985211
rsa-3072,pss-sign,529,18329741,989798
rsa-3072,pss-sign,530,18252982,985653
rsa-3072,pss-sign,531,18243111,985122
rsa-3072,pss-sign,532,18241314,985024
rsa-3072,pss-sign,533,18250130,985500
rsa-3072,pss-sign,534,18238592,984877
rsa-3072,pss-sign,535,18240519,984981
rsa-3072,pss-sign,536,18234296,984646
rsa-3072,pss-sign,537,18252574,985630
rsa-3072,pss-sign,538,18238148,984853
rsa-3072,pss-sign,539,18240277,984969
rsa-3072,pss-sign,540,18246314,985294
rsa-3072,pss-sign,541,18235500,984710
rsa-3072,pss-sign,542,18241204,985018
rsa-3072,pss-sign,543,18240926,985003
rsa-3072,pss-sign,544,18248852,985429
rsa-3072,pss-sign,545,18269611,986553
rsa-3072,pss-sign,546,18250629,985528
rsa-3072,pss-sign,547,18246907,985326
rsa-3072,pss-sign,548,18235408,984706
rsa-3072,pss-sign,549,18240315,984971
rsa-3072,pss-sign,550,18242445,985084
rsa-3072,pss-sign,551,18263463,986219
rsa-3072,pss-sign,552,18235203,984694
rsa-3072,pss-sign,553,18242018,985062
rsa-3072,pss-sign,554,18252482,985627
rsa-3072,pss-sign,555,18241185,985016
rsa-3072,pss-sign,556,18240204,984965
rsa-3072,pss-sign,557,18235389,984704
rsa-3072,pss-sign,558,21629389,1167980
rsa-3072,pss-sign,559,18240907,985002
rsa-3072,pss-sign,560,18245130,985230
rsa-3072,pss-sign,561,18239334,984916
rsa-3072,pss-sign,562,18244555,985200
rsa-3072,pss-sign,563,18239704,984937
rsa-3072,pss-sign,564,18247871,985377
rsa-3072,pss-sign,565,18234500,984655
rsa-3072,pss-sign,566,18243407,985138
rsa-3072,pss-sign,567,18240685,984991
rsa-3072,pss-sign,568,18235408,984706
rsa-3072,pss-sign,569,18241074,985011
rsa-3072,pss-sign,570,18235148,984691
rsa-3072,pss-sign,571,18248815,985428
rsa-3072,pss-sign,572,18235963,984735
rsa-3072,pss-sign,573,18240426,984975
rsa-3072,pss-sign,574,18243315,985132
rsa-3072,pss-sign,575,18235056,984686
rsa-3072,pss-sign,576,18240981,985007
rsa-3072,pss-sign,577,18234537,984657
rsa-3072,pss-sign,578,18270149,986570
rsa-3072,pss-sign,579,18241796,985049
rsa-3072,pss-sign,580,18245889,985271
rsa-3072,pss-sign,581,18256814,985861
rsa-3072,pss-sign,582,18250333,985511
rsa-3072,pss-sign,583,18245352,985243
rsa-3072,pss-sign,584,18321223,989335
rsa-3072,pss-sign,585,18249982,985491
rsa-3072,pss-sign,586,18235166,984693
rsa-3072,pss-sign,587,18240407,984976
rsa-3072,pss-sign,588,18234463,984655
rsa-3072,pss-sign,589,18240574,984984
rsa-3072,pss-sign,590,21538648,1163081
rsa-3072,pss-sign,591,18256982,985867
rsa-3072,pss-sign,592,18251241,985559
rsa-3072,pss-sign,593,18241148,985015
rsa-3072,pss-sign,594,18244723,985207
rsa-3072,pss-sign,595,18239685,984937
rsa-3072,pss-sign,596,18245260,985236
rsa-3072,pss-sign,597,18266444,986381
rsa-3072,pss-sign,598,18247926,985380
rsa-3072,pss-sign,599,18245074,985228
rsa-3072,pss-sign,600,18250074,985496
rsa-3072,pss-sign,601,18246352,985297
rsa-3072,pss-sign,602,18235741,984723
rsa-3072,pss-sign,603,18240648,984987
rsa-3072,pss-sign,604,18234352,984648
rsa-3072,pss-sign,605,18246259,985290
rsa-3072,pss-sign,606,18234518,984656
rsa-3072,pss-sign,607,18240111,984960
rsa-3072,pss-sign,608,18243055,985119
rsa-3072,pss-sign,609,18236574,984768
rsa-3072,pss-sign,610,18240296,984969
rsa-3072,pss-sign,611,18235093,984689
rsa-3072,pss-sign,612,18246148,985283
rsa-3072,pss-sign,613,18240500,984979
rsa-3072,pss-sign,614,18240445,984977
rsa-3072,pss-sign,615,18235074,984688
rsa-3072,pss-sign,616,18240222,984964
rsa-3072,pss-sign,617,18241648,985041
rsa-3072,pss-sign,618,18239555,984928
rsa-3072,pss-sign,619,18240389,984975
rsa-3072,pss-sign,620,18234148,984637
rsa-3072,pss-sign,621,18240630,984988
rsa-3072,pss-sign,622,21636444,1168361
rsa-3072,pss-sign,623,18241963,985059
rsa-3072,pss-sign,624,18256963,985869
rsa-3072,pss-sign,625,18248722,985423
rsa-3072,pss-sign,626,18234574,984661
rsa-3072,pss-sign,627,18241722,985047
rsa-3072,pss-sign,628,18240889,985002
rsa-3072,pss-sign,629,18236000,984737
rsa-3072,pss-sign,630,18241241,985021
rsa-3072,pss-sign,631,18234445,984652
rsa-3072,pss-sign,632,18246852,985322
rsa-3072,pss-sign,633,18244592,985202
rsa-3072,pss-sign,634,18251649,985582
rsa-3072,pss-sign,635,18247111,985338
rsa-3072,pss-sign,636,18235666,984720
rsa-3072,pss-sign,637,18240445,984977
rsa-3072,pss-sign,638,18327481,989675
rsa-3072,pss-sign,639,18252796,985643
rsa-3072,pss-sign,640,18246815,985322
rsa-3072,pss-sign,641,18249462,985465
rsa-3072,pss-sign,642,18239796,984942
rsa-3072,pss-sign,643,18245500,985251
rsa-3072,pss-sign,644,18244185,985180
rsa-3072,pss-sign,645,18241759,985046
rsa-3072,pss-sign,646,18241148,985016
rsa-3072,pss-sign,647,18244241,985183
rsa-3072,pss-sign,648,18246166,985287
rsa-3072,pss-sign,649,18235019,984684
rsa-3072,pss-sign,650,18241518,985036
rsa-3072,pss-sign,651,18264685,986285
rsa-3072,pss-sign,652,18241388,985027
rsa-3072,pss-sign,653,18246592,985309
rsa-3072,pss-sign,654,21594037,1166071
rsa-3072,pss-sign,655,18243907,985165
rsa-3072,pss-sign,656,18240333,984972
rsa-3072,pss-sign,657,18241482,985034
rsa-3072,pss-sign,658,18234815,984673
rsa-3072,pss-sign,659,18246185,985285
rsa-3072,pss-sign,660,18241111,985013
rsa-3072,pss-sign,661,18245278,985232
rsa-3072,pss-sign,662,18269075,986515
rsa-3072,pss-sign,663,18244945,985220
rsa-3072,pss-sign,664,18241075,985012
rsa-3072,pss-sign,665,18234574,984661
rsa-3072,pss-sign,666,18247518,985350
rsa-3072,pss-sign,667,18244815,985213
rsa-3072,pss-sign,668,18252130,985609
rsa-3072,pss-sign,669,18234444,984654
rsa-3072,pss-sign,670,18245667,985259
rsa-3072,pss-sign,671,18258259,985939
rsa-3072,pss-sign,672,18239593,984928
rsa-3072,pss-sign,673,18241204,985018
rsa-3072,pss-sign,674,18234537,984657
rsa-3072,pss-sign,675,18240075,984958
rsa-3072,pss-sign,676,18235463,984709
rsa-3072,pss-sign,677,18240093,984958
rsa-3072,pss-sign,678,18241944,985058
rsa-3072,pss-sign,679,18244629,985202
rsa-3072,pss-sign,680,18240611,984986
rsa-3072,pss-sign,681,18234407,984651
rsa-3072,pss-sign,682,18241166,985016
rsa-3072,pss-sign,683,18235222,984696
rsa-3072,pss-sign,684,18240444,984977
rsa-3072,pss-sign,685,18235222,984696
rsa-3072,pss-sign,686,21558241,1164138
rsa-3072,pss-sign,687,18241167,985016
rsa-3072,pss-sign,688,18240500,984979
rsa-3072,pss-sign,689,18254518,985737
rsa-3072,pss-sign,690,18239592,984931
rsa-3072,pss-sign,691,18241074,985012
rsa-3072,pss-sign,692,18243407,985138
rsa-3072,pss-sign,693,18351722,990982
rsa-3072,pss-sign,694,18238926,984895
rsa-3072,pss-sign,695,18242186,985071
rsa-3072,pss-sign,696,18252759,985643
rsa-3072,pss-sign,697,18258111,985931
rsa-3072,pss-sign,698,18254389,985731
rsa-3072,pss-sign,699,18242148,985067
rsa-3072,pss-sign,700,18240722,984993
rsa-3072,pss-sign,701,18235703,984722
rsa-3072,pss-sign,702,18240259,984966
rsa-3072,pss-sign,703,18239407,984922
rsa-3072,pss-sign,704,18262555,986172
rsa-3072,pss-sign,705,18286592,987469
rsa-3072,pss-sign,706,18246815,985320
rsa-3072,pss-sign,707,18265037,986306
rsa-3072,pss-sign,708,18235611,984716
rsa-3072,pss-sign,709,18257666,985908
rsa-3072,pss-sign,710,18242315,985079
rsa-3072,pss-sign,711,18241370,985028
rsa-3072,pss-sign,712,18242908,985110
rsa-3072,pss-sign,713,18240278,984966
rsa-3072,pss-sign,714,18240129,984961
rsa-3072,pss-sign,715,18234629,984663
rsa-3072,pss-sign,716,18240241,984966
rsa-3072,pss-sign,717,18234945,984680
rsa-3072,pss-sign,718,21621556,1167558
rsa-3072,pss-sign,719,18246592,985309
rsa-3072,pss-sign,720,18247407,985352
rsa-3072,pss-sign,721,18235074,984688
rsa-3072,pss-sign,722,18246426,985301
rsa-3072,pss-sign,723,18245944,985275
rsa-3072,pss-sign,724,18238722,984885
rsa-3072,pss-sign,725,18240686,984991
rsa-3072,pss-sign,726,18239463,984922
rsa-3072,pss-sign,727,18240852,984999
rsa-3072,pss-sign,728,18234574,984659
rsa-3072,pss-sign,729,18239889,984947
rsa-3072,pss-sign,730,18234315,984647
rsa-3072,pss-sign,731,18249981,985493
rsa-3072,pss-sign,732,18242185,985071
rsa-3072,pss-sign,733,18262037,986142
rsa-3072,pss-sign,734,18263223,986207
rsa-3072,pss-sign,735,18245852,985269
rsa-3072,pss-sign,736,18242111,985068
rsa-3072,pss-sign,737,18234055,984632
rsa-3072,pss-sign,738,18241259,985021
rsa-3072,pss-sign,739,18241981,985059
rsa-3072,pss-sign,740,18241925,985056
rsa-3072,pss-sign,741,18245926,985272
rsa-3072,pss-sign,742,18235296,984699
rsa-3072,pss-sign,743,18239833,984945
rsa-3072,pss-sign,744,18233926,984624
rsa-3072,pss-sign,745,18239982,984951
rsa-3072,pss-sign,746,18234407,984652
rsa-3072,pss-sign,747,18329871,989802
rsa-3072,pss-sign,748,18245333,985242
rsa-3072,pss-sign,749,18235555,984713
rsa-3072,pss-sign,750,21592259,1165975
rsa-3072,pss-sign,751,18235574,984715
rsa-3072,pss-sign,752,18242092,985066
rsa-3072,pss-sign,753,18248704,985422
rsa-3072,pss-sign,754,18244815,985214
rsa-3072,pss-sign,755,18234629,984663
rsa-3072,pss-sign,756,18240018,984955
rsa-3072,pss-sign,757,18242630,985096
rsa-3072,pss-sign,758,18248037,985387
rsa-3072,pss-sign,759,18268889,986512
rsa-3072,pss-sign,760,18246241,985289
rsa-3072,pss-sign,761,18241815,985052
rsa-3072,pss-sign,762,18254796,985751
rsa-3072,pss-sign,763,18246241,985290
rsa-3072,pss-sign,764,18234148,984636
rsa-3072,pss-sign,765,18240481,984980
rsa-3072,pss-sign,766,18242963,985113
rsa-3072,pss-sign,767,18240259,984966
rsa-3072,pss-sign,768,18241796,985050
rsa-3072,pss-sign,769,18256852,985864
rsa-3072,pss-sign,770,18250093,985498
rsa-3072,pss-sign,771,18238926,984896
rsa-3072,pss-sign,772,18242297,985076
rsa-3072,pss-sign,773,18242611,985094
rsa-3072,pss-sign,774,18240389,984972
rsa-3072,pss-sign,775,18241722,985046
rsa-3072,pss-sign,776,18234185,984640
rsa-3072,pss-sign,777,18240018,984955
rsa-3072,pss-sign,778,18240611,984986
rsa-3072,pss-sign,779,18242000,985062
rsa-3072,pss-sign,780,18234963,984681
rsa-3072,pss-sign,781,18245556,985251
rsa-3072,pss-sign,782,21617778,1167353
rsa-3072,pss-sign,783,18241000,985006
rsa-3072,pss-sign,784,18242704,985099
rsa-3072,pss-sign,785,18234963,984682
rsa-3072,pss-sign,786,18242370,985081
rsa-3072,pss-sign,787,18240500,984978
rsa-3072,pss-sign,788,18241018,985009
rsa-3072,pss-sign,789,18243796,985159
rsa-3072,pss-sign,790,18240759,984993
rsa-3072,pss-sign,791,18235037,984684
rsa-3072,pss-sign,792,18241389,985028
rsa-3072,pss-sign,793,18254889,985758
rsa-3072,pss-sign,794,18261834,986123
rsa-3072,pss-sign,795,18242055,985065
rsa-3072,pss-sign,796,18254259,985723
rsa-3072,pss-sign,797,18245000,985223
rsa-3072,pss-sign,798,18237630,984825
rsa-3072,pss-sign,799,18240445,984978
rsa-3072,pss-sign,800,18242037,985064
rsa-3072,pss-sign,801,18245352,985241
rsa-3072,pss-sign,802,18334278,990041
rsa-3072,pss-sign,803,18238611,984879
rsa-3072,pss-sign,804,18240851,985000
rsa-3072,pss-sign,805,18234797,984672
rsa-3072,pss-sign,806,18249426,985461
rsa-3072,pss-sign,807,18253315,985673
rsa-3072,pss-sign,808,18254241,985720
rsa-3072,pss-sign,809,18245704,985261
rsa-3072,pss-sign,810,18236278,984753
rsa-3072,pss-sign,811,18240185,984962
rsa-3072,pss-sign,812,18234278,984644
rsa-3072,pss-sign,813,18241537,985036
rsa-3072,pss-sign,814,21535778,1162923
rsa-3072,pss-sign,815,18244815,985212
rsa-3072,pss-sign,816,18235019,984685
rsa-3072,pss-sign,817,18265260,986317
rsa-3072,pss-sign,818,18242203,985073
rsa-3072,pss-sign,819,18246445,985302
rsa-3072,pss-sign,820,18241092,985013
rsa-3072,pss-sign,821,18240926,985001
rsa-3072,pss-sign,822,18241777,985049
rsa-3072,pss-sign,823,18234389,984651
rsa-3072,pss-sign,824,18241297,985023
rsa-3072,pss-sign,825,18234352,984649
rsa-3072,pss-sign,826,18242241,985074
rsa-3072,pss-sign,827,18264278,986264
rsa-3072,pss-sign,828,18255334,985779
rsa-3072,pss-sign,829,18247407,985353
rsa-3072,pss-sign,830,18239222,984911
rsa-3072,pss-sign,831,18241685,985044
rsa-3072,pss-sign,832,18254519,985738
rsa-3072,pss-sign,833,18250963,985546
rsa-3072,pss-sign,834,18242259,985076
rsa-3072,pss-sign,835,18251278,985561
rsa-3072,pss-sign,836,18247259,985346
rsa-3072,pss-sign,837,18234815,984674
rsa-3072,pss-sign,838,18239926,984950
rsa-3072,pss-sign,839,18234296,984646
rsa-3072,pss-sign,840,18240351,984972
rsa-3072,pss-sign,841,18239537,984927
rsa-3072,pss-sign,842,18240463,984978
rsa-3072,pss-sign,843,18242703,985098
rsa-3072,pss-sign,844,18234389,984651
rsa-3072,pss-sign,845,18240129,984961
rsa-3072,pss-sign,846,21597797,1166273
rsa-3072,pss-sign,847,18240982,985007
rsa-3072,pss-sign,848,18253908,985702
rsa-3072,pss-sign,849,18263092,986200
rsa-3072,pss-sign,850,18242851,985107
rsa-3072,pss-sign,851,18240481,984980
rsa-3072,pss-sign,852,18242630,985096
rsa-3072,pss-sign,853,18242722,985100
rsa-3072,pss-sign,854,18242723,985100
rsa-3072,pss-sign,855,18240389,984973
rsa-3072,pss-sign,856,18329907,989805
rsa-3072,pss-sign,857,18266482,986381
rsa-3072,pss-sign,858,18254463,985735
rsa-3072,pss-sign,859,18239000,984899
rsa-3072,pss-sign,860,18244796,985212
rsa-3072,pss-sign,861,18253407,985674
rsa-3072,pss-sign,862,18239611,984933
rsa-3072,pss-sign,863,18245407,985246
rsa-3072,pss-sign,864,18235926,984734
rsa-3072,pss-sign,865,18240149,984960
rsa-3072,pss-sign,866,18234315,984645
rsa-3072,pss-sign,867,18240204,984964
rsa-3072,pss-sign,868,18249963,985489
rsa-3072,pss-sign,869,18269149,986525
rsa-3072,pss-sign,870,18246426,985301
rsa-3072,pss-sign,871,18238815,984888
rsa-3072,pss-sign,872,18244203,985181
rsa-3072,pss-sign,873,18236000,984738
rsa-3072,pss-sign,874,18240241,984967
rsa-3072,pss-sign,875,18239777,984938
rsa-3072,pss-sign,876,18239963,984951
rsa-3072,pss-sign,877,18243111,985121
rsa-3072,pss-sign,878,21657666,1169507
rsa-3072,pss-sign,879,18239704,984938
rsa-3072,pss-sign,880,18248259,985398
rsa-3072,pss-sign,881,18246019,985278
rsa-3072,pss-sign,882,18244537,985185
rsa-3072,pss-sign,883,18245074,985227
rsa-3072,pss-sign,884,18234222,984642
rsa-3072,pss-sign,885,18241092,985012
rsa-3072,pss-sign,886,18234500,984655
rsa-3072,pss-sign,887,18241019,985008
rsa-3072,pss-sign,888,18247241,985343
rsa-3072,pss-sign,889,18235815,984728
rsa-3072,pss-sign,890,18240074,984957
rsa-3072,pss-sign,891,18243926,985165
rsa-3072,pss-sign,892,18246204,985289
rsa-3072,pss-sign,893,18240593,984985
rsa-3072,pss-sign,894,18243222,985128
rsa-3072,pss-sign,895,18240204,984962
rsa-3072,pss-sign,896,18254685,985747
rsa-3072,pss-sign,897,18242945,985113
rsa-3072,pss-sign,898,18234240,984642
rsa-3072,pss-sign,899,18241129,985014
rsa-3072,pss-sign,900,18256426,985841
rsa-3072,pss-sign,901,18241296,985024
rsa-3072,pss-sign,902,18239926,984946
rsa-3072,pss-sign,903,18240482,984978
rsa-3072,pss-sign,904,18242019,985062
rsa-3072,pss-sign,905,18234648,984664
rsa-3072,pss-sign,906,18245500,985251
rsa-3072,pss-sign,907,18233981,984629
rsa-3072,pss-sign,908,18241222,985020
rsa-3072,pss-sign,909,18240037,984953
rsa-3072,pss-sign,910,21586388,1165657
rsa-3072,pss-sign,911,18330556,989840
rsa-3072,pss-sign,912,18265204,986314
rsa-3072,pss-sign,913,18244834,985214
rsa-3072,pss-sign,914,18246889,985326
rsa-3072,pss-sign,915,18248167,985393
rsa-3072,pss-sign,916,18236482,984763
rsa-3072,pss-sign,917,18240278,984968
rsa-3072,pss-sign,918,18234352,984649
rsa-3072,pss-sign,919,18239851,984945
rsa-3072,pss-sign,920,18243574,985146
rsa-3072,pss-sign,921,18260722,986073
rsa-3072,pss-sign,922,18247852,985376
rsa-3072,pss-sign,923,18235222,984695
rsa-3072,pss-sign,924,18240259,984966
rsa-3072,pss-sign,925,18258426,985947
rsa-3072,pss-sign,926,18257241,985884
rsa-3072,pss-sign,927,18242926,985111
rsa-3072,pss-sign,928,18239870,984947
rsa-3072,pss-sign,929,18239870,984945
rsa-3072,pss-sign,930,18240981,985007
rsa-3072,pss-sign,931,18242463,985086
rsa-3072,pss-sign,932,18234148,984638
rsa-3072,pss-sign,933,18239963,984951
rsa-3072,pss-sign,934,18235111,984688
rsa-3072,pss-sign,935,18240296,984969
rsa-3072,pss-sign,936,18240908,985000
rsa-3072,pss-sign,937,18240370,984973
rsa-3072,pss-sign,938,18242333,985079
rsa-3072,pss-sign,939,18234111,984634
rsa-3072,pss-sign,940,18242759,985095
rsa-3072,pss-sign,941,18258722,985951
rsa-3072,pss-sign,942,21607871,1166817
rsa-3072,pss-sign,943,18237462,984817
rsa-3072,pss-sign,944,18240944,985004
rsa-3072,pss-sign,945,18234537,984658
rsa-3072,pss-sign,946,18240426,984977
rsa-3072,pss-sign,947,18235277,984698
rsa-3072,pss-sign,948,18240833,984998
rsa-3072,pss-sign,949,18255815,985806
rsa-3072,pss-sign,950,18235704,984721
rsa-3072,pss-sign,951,18241074,985012
rsa-3072,pss-sign,952,18234352,984647
rsa-3072,pss-sign,953,18241333,985026
rsa-3072,pss-sign,954,18259240,985987
rsa-3072,pss-sign,955,18262500,986169
rsa-3072,pss-sign,956,18240519,984979
rsa-3072,pss-sign,957,18241629,985032
rsa-3072,pss-sign,958,18241963,985058
rsa-3072,pss-sign,959,18239703,984937
rsa-3072,pss-sign,960,18245259,985238
rsa-3072,pss-sign,961,18234482,984656
rsa-3072,pss-sign,962,18240740,984993
rsa-3072,pss-sign,963,18260352,986051
rsa-3072,pss-sign,964,18245611,985257
rsa-3072,pss-sign,965,18343296,990526
rsa-3072,pss-sign,966,18239630,984933
rsa-3072,pss-sign,967,18242241,985075
rsa-3072,pss-sign,968,18234537,984659
rsa-3072,pss-sign,969,18241389,985027
rsa-3072,pss-sign,970,18241352,985024
rsa-3072,pss-sign,971,18240741,984993
rsa-3072,pss-sign,972,18234444,984654
rsa-3072,pss-sign,973,18239834,984945
rsa-3072,pss-sign,974,21566111,1164563
rsa-3072,pss-sign,975,18258297,985941
rsa-3072,pss-sign,976,18255630,985796
rsa-3072,pss-sign,977,18258685,985961
rsa-3072,pss-sign,978,18261630,986121
rsa-3072,pss-sign,979,18235426,984706
rsa-3072,pss-sign,980,18241445,985031
rsa-3072,pss-sign,981,18256945,985868
rsa-3072,pss-sign,982,18245685,985260
rsa-3072,pss-sign,983,18240371,984971
rsa-3072,pss-sign,984,18244019,985170
rsa-3072,pss-sign,985,18241167,985017
rsa-3072,pss-sign,986,18239352,984918
rsa-3072,pss-sign,987,18241037,985010
rsa-3072,pss-sign,988,18234537,984659
rsa-3072,pss-sign,989,18241777,985048
rsa-3072,pss-sign,990,18240481,984977
rsa-3072,pss-sign,991,18247778,985373
rsa-3072,pss-sign,992,18259315,985997
rsa-3072,pss-sign,993,18248056,985388
rsa-3072,pss-sign,994,18245481,985249
rsa-3072,pss-sign,995,18237037,984792
rsa-3072,pss-sign,996,18239871,984947
rsa-3072,pss-sign,997,18239592,984928
rsa-3072,pss-sign,998,18240186,984963
rsa-3072,pss-sign,999,18234315,984647
rsa-3072,pss-verify,0,334389,18051
rsa-3072,pss-verify,1,334685,18068
rsa-3072,pss-verify,2,337167,18204
rsa-3072,pss-verify,3,334759,18073
rsa-3072,pss-verify,4,334574,18064
rsa-3072,pss-verify,5,334518,18061
rsa-3072,pss-verify,6,334537,18063
rsa-3072,pss-verify,7,334555,18064
rsa-3072,pss-verify,8,345130,18632
rsa-3072,pss-verify,9,335093,18091
rsa-3072,pss-verify,10,334648,18067
rsa-3072,pss-verify,11,334555,18062
rsa-3072,pss-verify,12,334574,18065
rsa-3072,pss-verify,13,334537,18062
rsa-3072,pss-verify,14,334519,18062
rsa-3072,pss-verify,15,334574,18064
rsa-3072,pss-verify,16,334500,18060
rsa-3072,pss-verify,17,334482,18059
rsa-3072,pss-verify,18,334648,18069
rsa-3072,pss-verify,19,334518,18060
rsa-3072,pss-verify,20,344056,18573
rsa-3072,pss-verify,21,335000,18085
rsa-3072,pss-verify,22,334500,18060
rsa-3072,pss-verify,23,334555,18063
rsa-3072,pss-verify,24,334593,18064
rsa-3072,pss-verify,25,334518,18062
rsa-3072,pss-verify,26,334537,18061
rsa-3072,pss-verify,27,334574,18063
rsa-3072,pss-verify,28,334537,18062
rsa-3072,pss-verify,29,334629,18066
rsa-3072,pss-verify,30,334592,18064
rsa-3072,pss-verify,31,334574,18065
rsa-3072,pss-verify,32,343945,18567
rsa-3072,pss-verify,33,334871,18078
rsa-3072,pss-verify,34,334574,18064
rsa-3072,pss-verify,35,334629,18066
rsa-3072,pss-verify,36,334481,18060
rsa-3072,pss-verify,37,334500,18061
rsa-3072,pss-verify,38,334537,18062
rsa-3072,pss-verify,39,334556,18063
rsa-3072,pss-verify,40,334574,18064
rsa-3072,pss-verify,41,334574,18064
rsa-3072,pss-verify,42,334593,18063
rsa-3072,pss-verify,43,334481,18060
rsa-3072,pss-verify,44,344037,18573
rsa-3072,pss-verify,45,334982,18085
rsa-3072,pss-verify,46,334703,18070
rsa-3072,pss-verify,47,334685,18071
rsa-3072,pss-verify,48,334555,18063
rsa-3072,pss-verify,49,334482,18059
rsa-3072,pss-verify,50,334648,18067
rsa-3072,pss-verify,51,334630,18066
rsa-3072,pss-verify,52,334556,18063
rsa-3072,pss-verify,53,334555,18063
rsa-3072,pss-verify,54,334518,18062
rsa-3072,pss-verify,55,343093,18522
rsa-3072,pss-verify,56,334962,18085
rsa-3072,pss-verify,57,334574,18063
rsa-3072,pss-verify,58,334593,18066
rsa-3072,pss-verify,59,334574,18064
rsa-3072,pss-verify,60,334500,18060
rsa-3072,pss-verify,61,334518,18059
rsa-3072,pss-verify,62,334556,18063
rsa-3072,pss-verify,63,334611,18064
rsa-3072,pss-verify,64,334667,18069
rsa-3072,pss-verify,65,334556,18063
rsa-3072,pss-verify,66,334556,18062
rsa-3072,pss-verify,67,344222,18583
rsa-3072,pss-verify,68,334981,18085
rsa-3072,pss-verify,69,334593,18063
rsa-3072,pss-verify,70,334704,18069
rsa-3072,pss-verify,71,334593,18066
rsa-3072,pss-verify,72,334537,18061
rsa-3072,pss-verify,73,334500,18060
rsa-3072,pss-verify,74,334574,18064
rsa-3072,pss-verify,75,334481,18060
rsa-3072,pss-verify,76,334592,18064
rsa-3072,pss-verify,77,334518,18060
rsa-3072,pss-verify,78,334500,18060
rsa-3072,pss-verify,79,344111,18577
rsa-3072,pss-verify,80,334908,18080
rsa-3072,pss-verify,81,334630,18065
rsa-3072,pss-verify,82,334555,18063
rsa-3072,pss-verify,83,334574,18063
rsa-3072,pss-verify,84,334518,18061
rsa-3072,pss-verify,85,334481,18060
rsa-3072,pss-verify,86,334575,18063
rsa-3072,pss-verify,87,334611,18065
rsa-3072,pss-verify,88,334500,18060
rsa-3072,pss-verify,89,334537,18061
rsa-3072,pss-verify,90,334630,18067
rsa-3072,pss-verify,91,344056,18574
rsa-3072,pss-verify,92,335000,18086
rsa-3072,pss-verify,93,334519,18060
rsa-3072,pss-verify,94,334518,18061
rsa-3072,pss-verify,95,334574,18063
rsa-3072,pss-verify,96,334555,18063
rsa-3072,pss-verify,97,334630,18066
rsa-3072,pss-verify,98,334575,18062
rsa-3072,pss-verify,99,334611,18065
rsa-3072,pss-verify,100,334537,18062
rsa-3072,pss-verify,101,334666,18068
rsa-3072,pss-verify,102,334629,18067
rsa-3072,pss-verify,103,343871,18564
rsa-3072,pss-verify,104,334889,18082
rsa-3072,pss-verify,105,334537,18062
rsa-3072,pss-verify,106,334593,18066
rsa-3072,pss-verify,107,334537,18061
rsa-3072,pss-verify,108,334556,18062
rsa-3072,pss-verify,109,334463,18059
rsa-3072,pss-verify,110,334611,18065
rsa-3072,pss-verify,111,334555,18063
rsa-3072,pss-verify,112,334593,18065
rsa-3072,pss-verify,113,334574,18064
rsa-3072,pss-verify,114,343667,18554
rsa-3072,pss-verify,115,335370,18106
rsa-3072,pss-verify,116,337111,18200
rsa-3072,pss-verify,117,334741,18071
rsa-3072,pss-verify,118,334593,18063
rsa-3072,pss-verify,119,334518,18060
rsa-3072,pss-verify,120,334537,18062
rsa-3072,pss-verify,121,334481,18059
rsa-3072,pss-verify,122,334500,18060
rsa-3072,pss-verify,123,334556,18063
rsa-3072,pss-verify,124,334519,18061
rsa-3072,pss-verify,125,334648,18068
rsa-3072,pss-verify,126,344889,18618
rsa-3072,pss-verify,127,334944,18083
rsa-3072,pss-verify,128,334574,18065
rsa-3072,pss-verify,129,334500,18061
rsa-3072,pss-verify,130,334537,18063
rsa-3072,pss-verify,131,334592,18064
rsa-3072,pss-verify,132,334556,18062
rsa-3072,pss-verify,133,334648,18067
rsa-3072,pss-verify,134,334574,18064
rsa-3072,pss-verify,135,334518,18060
rsa-3072,pss-verify,136,334592,18065
rsa-3072,pss-verify,137,334500,18061
rsa-3072,pss-verify,138,344037,18574
rsa-3072,pss-verify,139,335019,18088
rsa-3072,pss-verify,140,334648,18067
rsa-3072,pss-verify,141,334685,18070
rsa-3072,pss-verify,142,334592,18065
rsa-3072,pss-verify,143,334537,18062
rsa-3072,pss-verify,144,334555,18063
rsa-3072,pss-verify,145,334518,18061
rsa-3072,pss-verify,146,334611,18065
rsa-3072,pss-verify,147,334630,18067
rsa-3072,pss-verify,148,334611,18066
rsa-3072,pss-verify,149,334537,18061
rsa-3072,pss-verify,150,344055,18575
rsa-3072,pss-verify,151,335075,18090
rsa-3072,pss-verify,152,334593,18064
rsa-3072,pss-verify,153,334537,18062
rsa-3072,pss-verify,154,334685,18068
rsa-3072,pss-verify,155,334574,18064
rsa-3072,pss-verify,156,334630,18066
rsa-3072,pss-verify,157,334629,18067
rsa-3072,pss-verify,158,334704,18071
rsa-3072,pss-verify,159,334648,18068
rsa-3072,pss-verify,160,334629,18068
rsa-3072,pss-verify,161,334537,18062
rsa-3072,pss-verify,162,350667,18928
rsa-3072,pss-verify,163,335093,18092
rsa-3072,pss-verify,164,334685,18069
rsa-3072,pss-verify,165,334574,18064
rsa-3072,pss-verify,166,334630,18066
rsa-3072,pss-verify,167,334648,18067
rsa-3072,pss-verify,168,334574,18062
rsa-3072,pss-verify,169,334574,18065
rsa-3072,pss-verify,170,334556,18064
rsa-3072,pss-verify,171,334537,18062
rsa-3072,pss-verify,172,334612,18066
rsa-3072,pss-verify,173,344870,18617
rsa-3072,pss-verify,174,335630,18120
rsa-3072,pss-verify,175,334759,18074
rsa-3072,pss-verify,176,334629,18066
rsa-3072,pss-verify,177,334704,18069
rsa-3072,pss-verify,178,334648,18067
rsa-3072,pss-verify,179,334592,18064
rsa-3072,pss-verify,180,334574,18062
rsa-3072,pss-verify,181,334593,18065
rsa-3072,pss-verify,182,334574,18064
rsa-3072,pss-verify,183,334593,18065
rsa-3072,pss-verify,184,334556,18062
rsa-3072,pss-verify,185,344371,18590
rsa-3072,pss-verify,186,334852,18080
rsa-3072,pss-verify,187,334574,18064
rsa-3072,pss-verify,188,334537,18062
rsa-3072,pss-verify,189,334556,18063
rsa-3072,pss-verify,190,334555,18064
rsa-3072,pss-verify,191,334611,18064
rsa-3072,pss-verify,192,334629,18066
rsa-3072,pss-verify,193,334556,18063
rsa-3072,pss-verify,194,334611,18065
rsa-3072,pss-verify,195,334611,18065
rsa-3072,pss-verify,196,334555,18063
rsa-3072,pss-verify,197,344037,18574
rsa-3072,pss-verify,198,335000,18085
rsa-3072,pss-verify,199,334574,18065
rsa-3072,pss-verify,200,334611,18065
rsa-3072,pss-verify,201,334537,18063
rsa-3072,pss-verify,202,334518,18060
rsa-3072,pss-verify,203,334611,18066
rsa-3072,pss-verify,204,334574,18064
rsa-3072,pss-verify,205,334648,18067
rsa-3072,pss-verify,206,334519,18061
rsa-3072,pss-verify,207,334612,18066
rsa-3072,pss-verify,208,334629,18066
rsa-3072,pss-verify,209,344074,18575
rsa-3072,pss-verify,210,335018,18086
rsa-3072,pss-verify,211,334611,18066
rsa-3072,pss-verify,212,334574,18065
rsa-3072,pss-verify,213,334500,18060
rsa-3072,pss-verify,214,334630,18067
rsa-3072,pss-verify,215,334574,18063
rsa-3072,pss-verify,216,334556,18062
rsa-3072,pss-verify,217,334630,18066
rsa-3072,pss-verify,218,334593,18065
rsa-3072,pss-verify,219,334574,18063
rsa-3072,pss-verify,220,334593,18065
rsa-3072,pss-verify,221,344111,18576
rsa-3072,pss-verify,222,334908,18082
rsa-3072,pss-verify,223,334574,18063
rsa-3072,pss-verify,224,334593,18064
rsa-3072,pss-verify,225,334685,18068
rsa-3072,pss-verify,226,337129,18201
rsa-3072,pss-verify,227,334685,18069
rsa-3072,pss-verify,228,334592,18064
rsa-3072,pss-verify,229,334537,18061
rsa-3072,pss-verify,230,334519,18061
rsa-3072,pss-verify,231,334574,18063
rsa-3072,pss-verify,232,344074,18574
rsa-3072,pss-verify,233,336019,18141
rsa-3072,pss-verify,234,334574,18064
rsa-3072,pss-verify,235,334555,18061
rsa-3072,pss-verify,236,334519,18061
rsa-3072,pss-verify,237,334592,18064
rsa-3072,pss-verify,238,334519,18062
rsa-3072,pss-verify,239,334574,18063
rsa-3072,pss-verify,240,334667,18069
rsa-3072,pss-verify,241,334518,18061
rsa-3072,pss-verify,242,334556,18062
rsa-3072,pss-verify,243,334648,18067
rsa-3072,pss-verify,244,344889,18619
rsa-3072,pss-verify,245,335055,18089
rsa-3072,pss-verify,246,334612,18064
rsa-3072,pss-verify,247,334648,18067
rsa-3072,pss-verify,248,334648,18066
rsa-3072,pss-verify,249,334574,18063
rsa-3072,pss-verify,250,334482,18058
rsa-3072,pss-verify,251,334537,18062
rsa-3072,pss-verify,252,334518,18062
rsa-3072,pss-verify,253,334611,18065
rsa-3072,pss-verify,254,334556,18063
rsa-3072,pss-verify,255,334519,18061
rsa-3072,pss-verify,256,344093,18577
rsa-3072,pss-verify,257,334963,18085
rsa-3072,pss-verify,258,334592,18064
rsa-3072,pss-verify,259,334574,18065
rsa-3072,pss-verify,260,334592,18064
rsa-3072,pss-verify,261,334519,18062
rsa-3072,pss-verify,262,334592,18066
rsa-3072,pss-verify,263,334500,18059
rsa-3072,pss-verify,264,334593,18064
rsa-3072,pss-verify,265,334537,18062
rsa-3072,pss-verify,266,334574,18062
rsa-3072,pss-verify,267,334574,18064
rsa-3072,pss-verify,268,344852,18616
rsa-3072,pss-verify,269,334981,18085
rsa-3072,pss-verify,270,334611,18065
rsa-3072,pss-verify,271,334537,18061
rsa-3072,pss-verify,272,334481,18059
rsa-3072,pss-verify,273,334667,18069
rsa-3072,pss-verify,274,334481,18060
rsa-3072,pss-verify,275,334518,18061
rsa-3072,pss-verify,276,334630,18067
rsa-3072,pss-verify,277,334500,18059
rsa-3072,pss-verify,278,334537,18062
rsa-3072,pss-verify,279,334574,18065
rsa-3072,pss-verify,280,344111,18577
rsa-3072,pss-verify,281,335000,18085
rsa-3072,pss-verify,282,334519,18061
rsa-3072,pss-verify,283,334667,18068
rsa-3072,pss-verify,284,334611,18067
rsa-3072,pss-verify,285,334574,18065
rsa-3072,pss-verify,286,334555,18063
rsa-3072,pss-verify,287,334500,18060
rsa-3072,pss-verify,288,334500,18060
rsa-3072,pss-verify,289,334500,18060
rsa-3072,pss-verify,290,334556,18062
rsa-3072,pss-verify,291,334519,18061
rsa-3072,pss-verify,292,344037,18573
rsa-3072,pss-verify,293,334889,18080
rsa-3072,pss-verify,294,334666,18068
rsa-3072,pss-verify,295,334630,18066
rsa-3072,pss-verify,296,334612,18065
rsa-3072,pss-verify,297,334574,18063
rsa-3072,pss-verify,298,334593,18065
rsa-3072,pss-verify,299,334630,18066
rsa-3072,pss-verify,300,334537,18062
rsa-3072,pss-verify,301,334518,18060
rsa-3072,pss-verify,302,334648,18068
rsa-3072,pss-verify,303,343871,18564
rsa-3072,pss-verify,304,335111,18091
rsa-3072,pss-verify,305,334611,18065
rsa-3072,pss-verify,306,334574,18063
rsa-3072,pss-verify,307,334593,18066
rsa-3072,pss-verify,308,334519,18062
rsa-3072,pss-verify,309,334537,18061
rsa-3072,pss-verify,310,334592,18064
rsa-3072,pss-verify,311,334500,18060
rsa-3072,pss-verify,312,334574,18064
rsa-3072,pss-verify,313,334518,18061
rsa-3072,pss-verify,314,334555,18063
rsa-3072,pss-verify,315,343852,18564
rsa-3072,pss-verify,316,335037,18089
rsa-3072,pss-verify,317,334574,18064
rsa-3072,pss-verify,318,334630,18066
rsa-3072,pss-verify,319,334574,18065
rsa-3072,pss-verify,320,334519,18061
rsa-3072,pss-verify,321,334611,18065
rsa-3072,pss-verify,322,334648,18068
rsa-3072,pss-verify,323,334611,18066
rsa-3072,pss-verify,324,334593,18064
rsa-3072,pss-verify,325,334574,18063
rsa-3072,pss-verify,326,334537,18062
rsa-3072,pss-verify,327,344037,18573
rsa-3072,pss-verify,328,334870,18079
rsa-3072,pss-verify,329,334574,18063
rsa-3072,pss-verify,330,334593,18064
rsa-3072,pss-verify,331,334629,18066
rsa-3072,pss-verify,332,334611,18066
rsa-3072,pss-verify,333,334667,18068
rsa-3072,pss-verify,334,334593,18065
rsa-3072,pss-verify,335,334537,18062
rsa-3072,pss-verify,336,334574,18063
rsa-3072,pss-verify,337,337056,18197
rsa-3072,pss-verify,338,334686,18069
rsa-3072,pss-verify,339,344833,18615
rsa-3072,pss-verify,340,334963,18086
rsa-3072,pss-verify,341,334537,18061
rsa-3072,pss-verify,342,334629,18065
rsa-3072,pss-verify,343,334555,18063
rsa-3072,pss-verify,344,334537,18062
rsa-3072,pss-verify,345,334500,18060
rsa-3072,pss-verify,346,334537,18062
rsa-3072,pss-verify,347,334575,18065
rsa-3072,pss-verify,348,334463,18058
rsa-3072,pss-verify,349,334556,18064
rsa-3072,pss-verify,350,334667,18069
rsa-3072,pss-verify,351,343963,18568
rsa-3072,pss-verify,352,335000,18087
rsa-3072,pss-verify,353,334592,18064
rsa-3072,pss-verify,354,334648,18068
rsa-3072,pss-verify,355,334481,18059
rsa-3072,pss-verify,356,334537,18061
rsa-3072,pss-verify,357,334500,18061
rsa-3072,pss-verify,358,334518,18062
rsa-3072,pss-verify,359,334481,18059
rsa-3072,pss-verify,360,334556,18062
rsa-3072,pss-verify,361,334482,18059
rsa-3072,pss-verify,362,343648,18551
rsa-3072,pss-verify,363,335129,18093
rsa-3072,pss-verify,364,334556,18063
rsa-3072,pss-verify,365,334463,18058
rsa-3072,pss-verify,366,334537,18062
rsa-3072,pss-verify,367,334482,18060
rsa-3072,pss-verify,368,334537,18062
rsa-3072,pss-verify,369,334592,18065
rsa-3072,pss-verify,370,334445,18058
rsa-3072,pss-verify,371,334519,18061
rsa-3072,pss-verify,372,334426,18057
rsa-3072,pss-verify,373,334482,18060
rsa-3072,pss-verify,374,344908,18621
rsa-3072,pss-verify,375,335019,18087
rsa-3072,pss-verify,376,334666,18068
rsa-3072,pss-verify,377,334556,18062
rsa-3072,pss-verify,378,334556,18064
rsa-3072,pss-verify,379,334537,18063
rsa-3072,pss-verify,380,334592,18064
rsa-3072,pss-verify,381,334519,18061
rsa-3072,pss-verify,382,334518,18061
rsa-3072,pss-verify,383,334463,18058
rsa-3072,pss-verify,384,334556,18062
rsa-3072,pss-verify,385,334518,18061
rsa-3072,pss-verify,386,343963,18569
rsa-3072,pss-verify,387,334963,18084
rsa-3072,pss-verify,388,334482,18060
rsa-3072,pss-verify,389,334574,18065
rsa-3072,pss-verify,390,334556,18064
rsa-3072,pss-verify,391,334444,18057
rsa-3072,pss-verify,392,334518,18061
rsa-3072,pss-verify,393,334462,18058
rsa-3072,pss-verify,394,334518,18061
rsa-3072,pss-verify,395,334500,18061
rsa-3072,pss-verify,396,334519,18061
rsa-3072,pss-verify,397,334518,18061
rsa-3072,pss-verify,398,344093,18577
rsa-3072,pss-verify,399,334833,18078
rsa-3072,pss-verify,400,334556,18063
rsa-3072,pss-verify,401,334500,18060
rsa-3072,pss-verify,402,334574,18064
rsa-3072,pss-verify,403,334463,18058
rsa-3072,pss-verify,404,334519,18061
rsa-3072,pss-verify,405,334537,18063
rsa-3072,pss-verify,406,334537,18063
rsa-3072,pss-verify,407,334500,18059
rsa-3072,pss-verify,408,334555,18063
rsa-3072,pss-verify,409,334518,18061
rsa-3072,pss-verify,410,344018,18572
rsa-3072,pss-verify,411,334945,18083
rsa-3072,pss-verify,412,334519,18061
rsa-3072,pss-verify,413,334518,18061
rsa-3072,pss-verify,414,334482,18060
rsa-3072,pss-verify,415,334500,18060
rsa-3072,pss-verify,416,334519,18061
rsa-3072,pss-verify,417,334500,18060
rsa-3072,pss-verify,418,334574,18065
rsa-3072,pss-verify,419,334500,18060
rsa-3072,pss-verify,420,334500,18059
rsa-3072,pss-verify,421,334481,18059
rsa-3072,pss-verify,422,344111,18577
rsa-3072,pss-verify,423,334908,18082
rsa-3072,pss-verify,424,334537,18063
rsa-3072,pss-verify,425,334575,18064
rsa-3072,pss-verify,426,334574,18064
rsa-3072,pss-verify,427,334407,18056
rsa-3072,pss-verify,428,334500,18060
rsa-3072,pss-verify,429,334593,18066
rsa-3072,pss-verify,430,334648,18068
rsa-3072,pss-verify,431,334574,18063
rsa-3072,pss-verify,432,334482,18060
rsa-3072,pss-verify,433,344148,18579
rsa-3072,pss-verify,434,334926,18083
rsa-3072,pss-verify,435,334592,18065
rsa-3072,pss-verify,436,334518,18061
rsa-3072,pss-verify,437,334556,18064
rsa-3072,pss-verify,438,334500,18060
rsa-3072,pss-verify,439,334481,18059
rsa-3072,pss-verify,440,334500,18061
rsa-3072,pss-verify,441,334481,18060
rsa-3072,pss-verify,442,334555,18063
rsa-3072,pss-verify,443,334519,18061
rsa-3072,pss-verify,444,334537,18062
rsa-3072,pss-verify,445,344111,18577
rsa-3072,pss-verify,446,334889,18082
rsa-3072,pss-verify,447,334537,18061
rsa-3072,pss-verify,448,336925,18188
rsa-3072,pss-verify,449,334648,18068
rsa-3072,pss-verify,450,334629,18067
rsa-3072,pss-verify,451,334537,18060
rsa-3072,pss-verify,452,334574,18063
rsa-3072,pss-verify,453,334574,18064
rsa-3072,pss-verify,454,334555,18064
rsa-3072,pss-verify,455,334555,18062
rsa-3072,pss-verify,456,334519,18062
rsa-3072,pss-verify,457,344815,18615
rsa-3072,pss-verify,458,334981,18084
rsa-3072,pss-verify,459,334519,18061
rsa-3072,pss-verify,460,334556,18062
rsa-3072,pss-verify,461,334500,18061
rsa-3072,pss-verify,462,334611,18066
rsa-3072,pss-verify,463,334519,18061
rsa-3072,pss-verify,464,334482,18059
rsa-3072,pss-verify,465,334574,18065
rsa-3072,pss-verify,466,334518,18061
rsa-3072,pss-verify,467,334555,18063
rsa-3072,pss-verify,468,334481,18059
rsa-3072,pss-verify,469,344148,18579
rsa-3072,pss-verify,470,334982,18086
rsa-3072,pss-verify,471,334574,18063
rsa-3072,pss-verify,472,334518,18061
rsa-3072,pss-verify,473,334538,18062
rsa-3072,pss-verify,474,334537,18063
rsa-3072,pss-verify,475,334518,18062
rsa-3072,pss-verify,476,334519,18061
rsa-3072,pss-verify,477,334574,18063
rsa-3072,pss-verify,478,334648,18066
rsa-3072,pss-verify,479,334537,18061
rsa-3072,pss-verify,480,334518,18061
rsa-3072,pss-verify,481,344889,18619
rsa-3072,pss-verify,482,335038,18090
rsa-3072,pss-verify,483,334611,18067
rsa-3072,pss-verify,484,334537,18062
rsa-3072,pss-verify,485,334500,18060
rsa-3072,pss-verify,486,334481,18060
rsa-3072,pss-verify,487,334463,18058
rsa-3072,pss-verify,488,334685,18068
rsa-3072,pss-verify,489,334537,18063
rsa-3072,pss-verify,490,334463,18059
rsa-3072,pss-verify,491,334556,18062
rsa-3072,pss-verify,492,343926,18567
rsa-3072,pss-verify,493,335019,18086
rsa-3072,pss-verify,494,334648,18066
rsa-3072,pss-verify,495,334537,18061
rsa-3072,pss-verify,496,334500,18060
rsa-3072,pss-verify,497,334537,18063
rsa-3072,pss-verify,498,334482,18060
rsa-3072,pss-verify,499,334463,18059
rsa-3072,pss-verify,500,334519,18061
rsa-3072,pss-verify,501,334463,18059
rsa-3072,pss-verify,502,334611,18067
rsa-3072,pss-verify,503,334574,18064
rsa-3072,pss-verify,504,343982,18570
rsa-3072,pss-verify,505,334796,18076
rsa-3072,pss-verify,506,334500,18059
rsa-3072,pss-verify,507,334648,18069
rsa-3072,pss-verify,508,334500,18060
rsa-3072,pss-verify,509,334537,18063
rsa-3072,pss-verify,510,334611,18066
rsa-3072,pss-verify,511,334518,18061
rsa-3072,pss-verify,512,334556,18062
rsa-3072,pss-verify,513,334500,18061
rsa-3072,pss-verify,514,334500,18061
rsa-3072,pss-verify,515,334537,18063
rsa-3072,pss-verify,516,343926,18567
rsa-3072,pss-verify,517,334889,18081
rsa-3072,pss-verify,518,334463,18059
rsa-3072,pss-verify,519,334500,18061
rsa-3072,pss-verify,520,334556,18064
rsa-3072,pss-verify,521,334519,18061
rsa-3072,pss-verify,522,334537,18062
rsa-3072,pss-verify,523,334444,18056
rsa-3072,pss-verify,524,334481,18059
rsa-3072,pss-verify,525,334519,18061
rsa-3072,pss-verify,526,334537,18063
rsa-3072,pss-verify,527,334482,18060
rsa-3072,pss-verify,528,348982,18838
rsa-3072,pss-verify,529,335074,18091
rsa-3072,pss-verify,530,334648,18066
rsa-3072,pss-verify,531,334593,18065
rsa-3072,pss-verify,532,334537,18062
rsa-3072,pss-verify,533,334574,18063
rsa-3072,pss-verify,534,334593,18064
rsa-3072,pss-verify,535,334537,18062
rsa-3072,pss-verify,536,334593,18064
rsa-3072,pss-verify,537,334518,18061
rsa-3072,pss-verify,538,334556,18063
rsa-3072,pss-verify,539,334500,18059
rsa-3072,pss-verify,540,344667,18607
rsa-3072,pss-verify,541,334926,18083
rsa-3072,pss-verify,542,334629,18066
rsa-3072,pss-verify,543,334704,18070
rsa-3072,pss-verify,544,334666,18068
rsa-3072,pss-verify,545,334555,18062
rsa-3072,pss-verify,546,334537,18063
rsa-3072,pss-verify,547,334537,18062
rsa-3072,pss-verify,548,334537,18061
rsa-3072,pss-verify,549,334593,18064
rsa-3072,pss-verify,550,334611,18067
rsa-3072,pss-verify,551,334575,18064
rsa-3072,pss-verify,552,336481,18167
rsa-3072,pss-verify,553,334593,18065
rsa-3072,pss-verify,554,334537,18061
rsa-3072,pss-verify,555,334667,18068
rsa-3072,pss-verify,556,334741,18072
rsa-3072,pss-verify,557,334556,18063
rsa-3072,pss-verify,558,337018,18194
rsa-3072,pss-verify,559,334722,18072
rsa-3072,pss-verify,560,334630,18066
rsa-3072,pss-verify,561,334555,18063
rsa-3072,pss-verify,562,334630,18066
rsa-3072,pss-verify,563,344981,18624
rsa-3072,pss-verify,564,334870,18079
rsa-3072,pss-verify,565,334667,18067
rsa-3072,pss-verify,566,334686,18068
rsa-3072,pss-verify,567,334574,18063
rsa-3072,pss-verify,568,334574,18064
rsa-3072,pss-verify,569,334611,18066
rsa-3072,pss-verify,570,334593,18064
rsa-3072,pss-verify,571,334574,18063
rsa-3072,pss-verify,572,334648,18067
rsa-3072,pss-verify,573,334593,18065
rsa-3072,pss-verify,574,334574,18065
rsa-3072,pss-verify,575,344037,18573
rsa-3072,pss-verify,576,334889,18082
rsa-3072,pss-verify,577,334537,18062
rsa-3072,pss-verify,578,334556,18062
rsa-3072,pss-verify,579,334537,18062
rsa-3072,pss-verify,580,334685,18069
rsa-3072,pss-verify,581,334648,18067
rsa-3072,pss-verify,582,334555,18063
rsa-3072,pss-verify,583,334500,18061
rsa-3072,pss-verify,584,334593,18065
rsa-3072,pss-verify,585,334500,18060
rsa-3072,pss-verify,586,334537,18061
rsa-3072,pss-verify,587,344796,18615
rsa-3072,pss-verify,588,334982,18086
rsa-3072,pss-verify,589,334538,18061
rsa-3072,pss-verify,590,334538,18062
rsa-3072,pss-verify,591,334518,18061
rsa-3072,pss-verify,592,334556,18064
rsa-3072,pss-verify,593,334593,18064
rsa-3072,pss-verify,594,334519,18062
rsa-3072,pss-verify,595,334593,18064
rsa-3072,pss-verify,596,334574,18065
rsa-3072,pss-verify,597,334574,18064
rsa-3072,pss-verify,598,334481,18060
rsa-3072,pss-verify,599,343981,18571
rsa-3072,pss-verify,600,335074,18089
rsa-3072,pss-verify,601,334611,18066
rsa-3072,pss-verify,602,334556,18063
rsa-3072,pss-verify,603,334667,18068
rsa-3072,pss-verify,604,334611,18065
rsa-3072,pss-verify,605,334519,18060
rsa-3072,pss-verify,606,334519,18061
rsa-3072,pss-verify,607,334574,18064
rsa-3072,pss-verify,608,334519,18062
rsa-3072,pss-verify,609,334555,18063
rsa-3072,pss-verify,610,334555,18063
rsa-3072,pss-verify,611,343981,18570
rsa-3072,pss-verify,612,334926,18082
rsa-3072,pss-verify,613,334667,18067
rsa-3072,pss-verify,614,334722,18072
rsa-3072,pss-verify,615,334537,18062
rsa-3072,pss-verify,616,334741,18072
rsa-3072,pss-verify,617,334630,18066
rsa-3072,pss-verify,618,334648,18068
rsa-3072,pss-verify,619,334574,18064
rsa-3072,pss-verify,620,334574,18064
rsa-3072,pss-verify,621,334574,18063
rsa-3072,pss-verify,622,343963,18569
rsa-3072,pss-verify,623,334945,18085
rsa-3072,pss-verify,624,334630,18067
rsa-3072,pss-verify,625,334556,18064
rsa-3072,pss-verify,626,334556,18062
rsa-3072,pss-verify,627,334556,18064
rsa-3072,pss-verify,628,334519,18059
rsa-3072,pss-verify,629,334556,18062
rsa-3072,pss-verify,630,334611,18067
rsa-3072,pss-verify,631,334500,18060
rsa-3072,pss-verify,632,334556,18062
rsa-3072,pss-verify,633,334500,18060
rsa-3072,pss-verify,634,343833,18562
rsa-3072,pss-verify,635,335037,18087
rsa-3072,pss-verify,636,334574,18064
rsa-3072,pss-verify,637,334463,18059
rsa-3072,pss-verify,638,334593,18065
rsa-3072,pss-verify,639,334574,18063
rsa-3072,pss-verify,640,334611,18067
rsa-3072,pss-verify,641,334518,18060
rsa-3072,pss-verify,642,334574,18064
rsa-3072,pss-verify,643,334611,18066
rsa-3072,pss-verify,644,334537,18062
rsa-3072,pss-verify,645,334556,18062
rsa-3072,pss-verify,646,343981,18570
rsa-3072,pss-verify,647,334852,18080
rsa-3072,pss-verify,648,334574,18064
rsa-3072,pss-verify,649,334593,18065
rsa-3072,pss-verify,650,334611,18065
rsa-3072,pss-verify,651,334555,18064
rsa-3072,pss-verify,652,334555,18062
rsa-3072,pss-verify,653,334518,18060
rsa-3072,pss-verify,654,334500,18060
rsa-3072,pss-verify,655,334500,18059
rsa-3072,pss-verify,656,334500,18060
rsa-3072,pss-verify,657,334556,18064
rsa-3072,pss-verify,658,343926,18566
rsa-3072,pss-verify,659,334945,18085
rsa-3072,pss-verify,660,334537,18062
rsa-3072,pss-verify,661,334463,18057
rsa-3072,pss-verify,662,334481,18059
rsa-3072,pss-verify,663,334629,18066
rsa-3072,pss-verify,664,334537,18061
rsa-3072,pss-verify,665,334481,18059
rsa-3072,pss-verify,666,334592,18065
rsa-3072,pss-verify,667,334500,18060
rsa-3072,pss-verify,668,334500,18059
rsa-3072,pss-verify,669,336945,18191
rsa-3072,pss-verify,670,344926,18621
rsa-3072,pss-verify,671,334871,18080
rsa-3072,pss-verify,672,334629,18067
rsa-3072,pss-verify,673,334574,18063
rsa-3072,pss-verify,674,334574,18063
rsa-3072,pss-verify,675,334500,18060
rsa-3072,pss-verify,676,334556,18063
rsa-3072,pss-verify,677,334519,18061
rsa-3072,pss-verify,678,334519,18062
rsa-3072,pss-verify,679,334574,18062
rsa-3072,pss-verify,680,334555,18063
rsa-3072,pss-verify,681,343963,18570
rsa-3072,pss-verify,682,335018,18086
rsa-3072,pss-verify,683,334630,18066
rsa-3072,pss-verify,684,334611,18065
rsa-3072,pss-verify,685,334500,18059
rsa-3072,pss-verify,686,334593,18065
rsa-3072,pss-verify,687,334592,18064
rsa-3072,pss-verify,688,334556,18063
rsa-3072,pss-verify,689,334574,18064
rsa-3072,pss-verify,690,334574,18062
rsa-3072,pss-verify,691,334574,18063
rsa-3072,pss-verify,692,334592,18066
rsa-3072,pss-verify,693,344741,18611
rsa-3072,pss-verify,694,334963,18085
rsa-3072,pss-verify,695,334500,18060
rsa-3072,pss-verify,696,334630,18066
rsa-3072,pss-verify,697,334611,18065
rsa-3072,pss-verify,698,334537,18060
rsa-3072,pss-verify,699,334555,18063
rsa-3072,pss-verify,700,334537,18062
rsa-3072,pss-verify,701,334556,18062
rsa-3072,pss-verify,702,334519,18061
rsa-3072,pss-verify,703,334612,18066
rsa-3072,pss-verify,704,334611,18065
rsa-3072,pss-verify,705,344093,18576
rsa-3072,pss-verify,706,335019,18088
rsa-3072,pss-verify,707,334537,18062
rsa-3072,pss-verify,708,334722,18070
rsa-3072,pss-verify,709,334500,18059
rsa-3072,pss-verify,710,334593,18064
rsa-3072,pss-verify,711,334537,18062
rsa-3072,pss-verify,712,334648,18068
rsa-3072,pss-verify,713,334537,18062
rsa-3072,pss-verify,714,334574,18064
rsa-3072,pss-verify,715,334574,18064
rsa-3072,pss-verify,716,334556,18062
rsa-3072,pss-verify,717,343926,18568
rsa-3072,pss-verify,718,334907,18081
rsa-3072,pss-verify,719,334518,18062
rsa-3072,pss-verify,720,334667,18067
rsa-3072,pss-verify,721,334481,18059
rsa-3072,pss-verify,722,334556,18063
rsa-3072,pss-verify,723,334537,18061
rsa-3072,pss-verify,724,334592,18065
rsa-3072,pss-verify,725,334481,18060
rsa-3072,pss-verify,726,334537,18061
rsa-3072,pss-verify,727,334537,18062
rsa-3072,pss-verify,728,334593,18064
rsa-3072,pss-verify,729,343982,18571
rsa-3072,pss-verify,730,334945,18084
rsa-3072,pss-verify,731,334500,18061
rsa-3072,pss-verify,732,334574,18062
rsa-3072,pss-verify,733,334759,18073
rsa-3072,pss-verify,734,334629,18067
rsa-3072,pss-verify,735,334518,18060
rsa-3072,pss-verify,736,334575,18063
rsa-3072,pss-verify,737,334519,18062
rsa-3072,pss-verify,738,334519,18062
rsa-3072,pss-verify,739,334500,18060
rsa-3072,pss-verify,740,343037,18519
rsa-3072,pss-verify,741,335741,18126
rsa-3072,pss-verify,742,334648,18067
rsa-3072,pss-verify,743,334500,18061
rsa-3072,pss-verify,744,334537,18062
rsa-3072,pss-verify,745,334519,18062
rsa-3072,pss-verify,746,334593,18065
rsa-3072,pss-verify,747,334611,18066
rsa-3072,pss-verify,748,334519,18060
rsa-3072,pss-verify,749,334630,18067
rsa-3072,pss-verify,750,334611,18066
rsa-3072,pss-verify,751,334500,18060
rsa-3072,pss-verify,752,344074,18574
rsa-3072,pss-verify,753,334907,18082
rsa-3072,pss-verify,754,334611,18067
rsa-3072,pss-verify,755,334519,18061
rsa-3072,pss-verify,756,334630,18067
rsa-3072,pss-verify,757,334500,18060
rsa-3072,pss-verify,758,334575,18064
rsa-3072,pss-verify,759,334537,18063
rsa-3072,pss-verify,760,334630,18066
rsa-3072,pss-verify,761,334574,18064
rsa-3072,pss-verify,762,334704,18070
rsa-3072,pss-verify,763,334574,18064
rsa-3072,pss-verify,764,344019,18571
rsa-3072,pss-verify,765,335055,18088
rsa-3072,pss-verify,766,334574,18064
rsa-3072,pss-verify,767,334593,18066
rsa-3072,pss-verify,768,334556,18062
rsa-3072,pss-verify,769,334611,18065
rsa-3072,pss-verify,770,334574,18064
rsa-3072,pss-verify,771,334611,18065
rsa-3072,pss-verify,772,334574,18064
rsa-3072,pss-verify,773,334648,18067
rsa-3072,pss-verify,774,334593,18064
rsa-3072,pss-verify,775,334593,18064
rsa-3072,pss-verify,776,344093,18576
rsa-3072,pss-verify,777,334870,18079
rsa-3072,pss-verify,778,334537,18060
rsa-3072,pss-verify,779,334555,18063
rsa-3072,pss-verify,780,337075,18197
rsa-3072,pss-verify,781,334796,18074
rsa-3072,pss-verify,782,334630,18067
rsa-3072,pss-verify,783,334519,18062
rsa-3072,pss-verify,784,334537,18061
rsa-3072,pss-verify,785,334555,18063
rsa-3072,pss-verify,786,334592,18063
rsa-3072,pss-verify,787,334482,18060
rsa-3072,pss-verify,788,344814,18616
rsa-3072,pss-verify,789,334926,18084
rsa-3072,pss-verify,790,334630,18067
rsa-3072,pss-verify,791,334630,18066
rsa-3072,pss-verify,792,334629,18066
rsa-3072,pss-verify,793,334537,18063
rsa-3072,pss-verify,794,334592,18064
rsa-3072,pss-verify,795,334556,18064
rsa-3072,pss-verify,796,334574,18063
rsa-3072,pss-verify,797,334519,18062
rsa-3072,pss-verify,798,334648,18068
rsa-3072,pss-verify,799,334556,18063
rsa-3072,pss-verify,800,344926,18620
rsa-3072,pss-verify,801,334833,18079
rsa-3072,pss-verify,802,334537,18062
rsa-3072,pss-verify,803,334667,18069
rsa-3072,pss-verify,804,334574,18064
rsa-3072,pss-verify,805,334500,18059
rsa-3072,pss-verify,806,334575,18064
rsa-3072,pss-verify,807,334593,18064
rsa-3072,pss-verify,808,334519,18061
rsa-3072,pss-verify,809,334537,18061
rsa-3072,pss-verify,810,334667,18068
rsa-3072,pss-verify,811,344111,18577
rsa-3072,pss-verify,812,335037,18089
rsa-3072,pss-verify,813,334722,18071
rsa-3072,pss-verify,814,334667,18069
rsa-3072,pss-verify,815,334611,18065
rsa-3072,pss-verify,816,334575,18063
rsa-3072,pss-verify,817,334612,18065
rsa-3072,pss-verify,818,334593,18064
rsa-3072,pss-verify,819,334611,18066
rsa-3072,pss-verify,820,334537,18062
rsa-3072,pss-verify,821,334556,18062
rsa-3072,pss-verify,822,334685,18070
rsa-3072,pss-verify,823,344037,18574
rsa-3072,pss-verify,824,334907,18082
rsa-3072,pss-verify,825,334500,18061
rsa-3072,pss-verify,826,334444,18058
rsa-3072,pss-verify,827,334574,18063
rsa-3072,pss-verify,828,334519,18062
rsa-3072,pss-verify,829,334555,18064
rsa-3072,pss-verify,830,334648,18067
rsa-3072,pss-verify,831,334648,18066
rsa-3072,pss-verify,832,334667,18068
rsa-3072,pss-verify,833,334574,18064
rsa-3072,pss-verify,834,334611,18065
rsa-3072,pss-verify,835,343963,18569
rsa-3072,pss-verify,836,335056,18088
rsa-3072,pss-verify,837,334593,18065
rsa-3072,pss-verify,838,334611,18066
rsa-3072,pss-verify,839,334666,18068
rsa-3072,pss-verify,840,334574,18064
rsa-3072,pss-verify,841,334574,18064
rsa-3072,pss-verify,842,334592,18064
rsa-3072,pss-verify,843,334592,18064
rsa-3072,pss-verify,844,334574,18064
rsa-3072,pss-verify,845,334575,18063
rsa-3072,pss-verify,846,334537,18063
rsa-3072,pss-verify,847,343963,18569
rsa-3072,pss-verify,848,334963,18085
rsa-3072,pss-verify,849,334593,18065
rsa-3072,pss-verify,850,334574,18063
rsa-3072,pss-verify,851,334537,18063
rsa-3072,pss-verify,852,334519,18062
rsa-3072,pss-verify,853,334537,18061
rsa-3072,pss-verify,854,334592,18064
rsa-3072,pss-verify,855,334537,18062
rsa-3072,pss-verify,856,334537,18062
rsa-3072,pss-verify,857,334537,18061
rsa-3072,pss-verify,858,334574,18064
rsa-3072,pss-verify,859,344000,18571
rsa-3072,pss-verify,860,334963,18084
rsa-3072,pss-verify,861,334537,18062
rsa-3072,pss-verify,862,334574,18065
rsa-3072,pss-verify,863,334519,18061
rsa-3072,pss-verify,864,334537,18062
rsa-3072,pss-verify,865,334630,18067
rsa-3072,pss-verify,866,334555,18064
rsa-3072,pss-verify,867,334537,18063
rsa-3072,pss-verify,868,334537,18063
rsa-3072,pss-verify,869,334593,18065
rsa-3072,pss-verify,870,343667,18553
rsa-3072,pss-verify,871,335203,18097
rsa-3072,pss-verify,872,334592,18064
rsa-3072,pss-verify,873,334722,18072
rsa-3072,pss-verify,874,334574,18064
rsa-3072,pss-verify,875,334574,18063
rsa-3072,pss-verify,876,334574,18063
rsa-3072,pss-verify,877,334574,18062
rsa-3072,pss-verify,878,334574,18063
rsa-3072,pss-verify,879,334519,18062
rsa-3072,pss-verify,880,334574,18065
rsa-3072,pss-verify,881,334463,18059
rsa-3072,pss-verify,882,343981,18570
rsa-3072,pss-verify,883,334889,18079
rsa-3072,pss-verify,884,334555,18063
rsa-3072,pss-verify,885,334556,18064
rsa-3072,pss-verify,886,334481,18060
rsa-3072,pss-verify,887,334482,18059
rsa-3072,pss-verify,888,334574,18062
rsa-3072,pss-verify,889,334574,18063
rsa-3072,pss-verify,890,334685,18069
rsa-3072,pss-verify,891,336926,18189
rsa-3072,pss-verify,892,334796,18074
rsa-3072,pss-verify,893,334629,18066
rsa-3072,pss-verify,894,350518,18920
rsa-3072,pss-verify,895,335092,18091
rsa-3072,pss-verify,896,334537,18062
rsa-3072,pss-verify,897,334630,18067
rsa-3072,pss-verify,898,334593,18065
rsa-3072,pss-verify,899,334519,18060
rsa-3072,pss-verify,900,334556,18063
rsa-3072,pss-verify,901,334482,18060
rsa-3072,pss-verify,902,334519,18061
rsa-3072,pss-verify,903,334593,18066
rsa-3072,pss-verify,904,334612,18066
rsa-3072,pss-verify,905,334556,18063
rsa-3072,pss-verify,906,345371,18646
rsa-3072,pss-verify,907,334926,18083
rsa-3072,pss-verify,908,334500,18061
rsa-3072,pss-verify,909,334425,18057
rsa-3072,pss-verify,910,334537,18063
rsa-3072,pss-verify,911,334630,18066
rsa-3072,pss-verify,912,334556,18062
rsa-3072,pss-verify,913,334630,18066
rsa-3072,pss-verify,914,334592,18065
rsa-3072,pss-verify,915,334555,18064
rsa-3072,pss-verify,916,334592,18065
rsa-3072,pss-verify,917,334574,18064
rsa-3072,pss-verify,918,344000,18570
rsa-3072,pss-verify,919,334796,18077
rsa-3072,pss-verify,920,334556,18063
rsa-3072,pss-verify,921,334574,18063
rsa-3072,pss-verify,922,334482,18059
rsa-3072,pss-verify,923,334537,18063
rsa-3072,pss-verify,924,334537,18063
rsa-3072,pss-verify,925,334574,18064
rsa-3072,pss-verify,926,334537,18062
rsa-3072,pss-verify,927,334500,18061
rsa-3072,pss-verify,928,334518,18061
rsa-3072,pss-verify,929,343463,18542
rsa-3072,pss-verify,930,335352,18104
rsa-3072,pss-verify,931,334685,18069
rsa-3072,pss-verify,932,334629,18067
rsa-3072,pss-verify,933,334556,18062
rsa-3072,pss-verify,934,334686,18070
rsa-3072,pss-verify,935,334611,18065
rsa-3072,pss-verify,936,334592,18064
rsa-3072,pss-verify,937,334500,18061
rsa-3072,pss-verify,938,334574,18064
rsa-3072,pss-verify,939,334556,18064
rsa-3072,pss-verify,940,334592,18064
rsa-3072,pss-verify,941,344018,18572
rsa-3072,pss-verify,942,334889,18081
rsa-3072,pss-verify,943,334500,18061
rsa-3072,pss-verify,944,334592,18065
rsa-3072,pss-verify,945,334537,18061
rsa-3072,pss-verify,946,334500,18061
rsa-3072,pss-verify,947,334574,18063
rsa-3072,pss-verify,948,334630,18066
rsa-3072,pss-verify,949,334556,18062
rsa-3072,pss-verify,950,334592,18065
rsa-3072,pss-verify,951,334574,18064
rsa-3072,pss-verify,952,334630,18067
rsa-3072,pss-verify,953,343982,18569
rsa-3072,pss-verify,954,334870,18080
rsa-3072,pss-verify,955,334648,18067
rsa-3072,pss-verify,956,334537,18063
rsa-3072,pss-verify,957,334537,18062
rsa-3072,pss-verify,958,334574,18063
rsa-3072,pss-verify,959,334426,18057
rsa-3072,pss-verify,960,334537,18062
rsa-3072,pss-verify,961,334500,18061
rsa-3072,pss-verify,962,334481,18060
rsa-3072,pss-verify,963,334481,18060
rsa-3072,pss-verify,964,334574,18064
rsa-3072,pss-verify,965,344074,18575
rsa-3072,pss-verify,966,334889,18082
rsa-3072,pss-verify,967,334593,18065
rsa-3072,pss-verify,968,334630,18067
rsa-3072,pss-verify,969,334518,18061
rsa-3072,pss-verify,970,334685,18069
rsa-3072,pss-verify,971,334611,18066
rsa-3072,pss-verify,972,334574,18064
rsa-3072,pss-verify,973,334518,18062
rsa-3072,pss-verify,974,334518,18061
rsa-3072,pss-verify,975,334518,18060
rsa-3072,pss-verify,976,334574,18065
rsa-3072,pss-verify,977,344000,18571
rsa-3072,pss-verify,978,334945,18085
rsa-3072,pss-verify,979,334611,18067
rsa-3072,pss-verify,980,334648,18067
rsa-3072,pss-verify,981,334592,18064
rsa-3072,pss-verify,982,334593,18065
rsa-3072,pss-verify,983,334611,18066
rsa-3072,pss-verify,984,334556,18062
rsa-3072,pss-verify,985,334556,18064
rsa-3072,pss-verify,986,334630,18066
rsa-3072,pss-verify,987,334592,18065
rsa-3072,pss-verify,988,334592,18065
rsa-3072,pss-verify,989,343963,18570
rsa-3072,pss-verify,990,334926,18084
rsa-3072,pss-verify,991,334555,18063
rsa-3072,pss-verify,992,334611,18066
rsa-3072,pss-verify,993,334667,18068
rsa-3072,pss-verify,994,334685,18068
rsa-3072,pss-verify,995,334574,18062
rsa-3072,pss-verify,996,334574,18064
rsa-3072,pss-verify,997,334611,18066
rsa-3072,pss-verify,998,334574,18064
rsa-3072,pss-verify,999,334537,18062
rsa-3072,oaep-encrypt,0,350667,18930
rsa-3072,oaep-encrypt,1,350445,18917
rsa-3072,oaep-encrypt,2,347537,18763
rsa-3072,oaep-encrypt,3,347352,18752
rsa-3072,oaep-encrypt,4,347426,18756
rsa-3072,oaep-encrypt,5,347111,18740
rsa-3072,oaep-encrypt,6,347148,18743
rsa-3072,oaep-encrypt,7,358167,19334
rsa-3072,oaep-encrypt,8,348648,18822
rsa-3072,oaep-encrypt,9,347278,18749
rsa-3072,oaep-encrypt,10,347223,18746
rsa-3072,oaep-encrypt,11,347129,18741
rsa-3072,oaep-encrypt,12,347315,18750
rsa-3072,oaep-encrypt,13,347315,18751
rsa-3072,oaep-encrypt,14,347185,18744
rsa-3072,oaep-encrypt,15,347056,18737
rsa-3072,oaep-encrypt,16,347222,18745
rsa-3072,oaep-encrypt,17,347389,18755
rsa-3072,oaep-encrypt,18,356648,19254
rsa-3072,oaep-encrypt,19,348722,18828
rsa-3072,oaep-encrypt,20,347260,18748
rsa-3072,oaep-encrypt,21,347204,18744
rsa-3072,oaep-encrypt,22,347130,18741
rsa-3072,oaep-encrypt,23,347074,18738
rsa-3072,oaep-encrypt,24,347037,18735
rsa-3072,oaep-encrypt,25,347204,18744
rsa-3072,oaep-encrypt,26,347074,18738
rsa-3072,oaep-encrypt,27,347278,18748
rsa-3072,oaep-encrypt,28,346982,18733
rsa-3072,oaep-encrypt,29,347204,18745
rsa-3072,oaep-encrypt,30,357000,19273
rsa-3072,oaep-encrypt,31,347833,18779
rsa-3072,oaep-encrypt,32,347351,18753
rsa-3072,oaep-encrypt,33,347203,18745
rsa-3072,oaep-encrypt,34,347260,18747
rsa-3072,oaep-encrypt,35,347333,18752
rsa-3072,oaep-encrypt,36,347148,18743
rsa-3072,oaep-encrypt,37,347185,18744
rsa-3072,oaep-encrypt,38,347148,18742
rsa-3072,oaep-encrypt,39,347278,18749
rsa-3072,oaep-encrypt,40,347149,18741
rsa-3072,oaep-encrypt,41,356333,19238
rsa-3072,oaep-encrypt,42,348741,18827
rsa-3072,oaep-encrypt,43,347297,18750
rsa-3072,oaep-encrypt,44,347093,18739
rsa-3072,oaep-encrypt,45,347296,18749
rsa-3072,oaep-encrypt,46,347167,18744
rsa-3072,oaep-encrypt,47,347148,18742
rsa-3072,oaep-encrypt,48,347148,18741
rsa-3072,oaep-encrypt,49,347240,18746
rsa-3072,oaep-encrypt,50,347204,18745
rsa-3072,oaep-encrypt,51,347296,18749
rsa-3072,oaep-encrypt,52,357296,19288
rsa-3072,oaep-encrypt,53,348722,18827
rsa-3072,oaep-encrypt,54,347148,18742
rsa-3072,oaep-encrypt,55,347278,18749
rsa-3072,oaep-encrypt,56,347241,18746
rsa-3072,oaep-encrypt,57,347203,18744
rsa-3072,oaep-encrypt,58,347223,18746
rsa-3072,oaep-encrypt,59,347259,18748
rsa-3072,oaep-encrypt,60,347278,18749
rsa-3072,oaep-encrypt,61,347371,18753
rsa-3072,oaep-encrypt,62,347185,18744
rsa-3072,oaep-encrypt,63,347259,18748
rsa-3072,oaep-encrypt,64,356556,19249
rsa-3072,oaep-encrypt,65,348686,18824
rsa-3072,oaep-encrypt,66,347019,18734
rsa-3072,oaep-encrypt,67,347222,18745
rsa-3072,oaep-encrypt,68,347056,18736
rsa-3072,oaep-encrypt,69,347240,18746
rsa-3072,oaep-encrypt,70,347204,18744
rsa-3072,oaep-encrypt,71,347203,18746
rsa-3072,oaep-encrypt,72,347204,18745
rsa-3072,oaep-encrypt,73,347259,18747
rsa-3072,oaep-encrypt,74,347185,18743
rsa-3072,oaep-encrypt,75,355944,19216
rsa-3072,oaep-encrypt,76,348667,18824
rsa-3072,oaep-encrypt,77,347315,18751
rsa-3072,oaep-encrypt,78,347352,18754
rsa-3072,oaep-encrypt,79,347352,18752
rsa-3072,oaep-encrypt,80,347148,18742
rsa-3072,oaep-encrypt,81,347500,18761
rsa-3072,oaep-encrypt,82,347167,18743
rsa-3072,oaep-encrypt,83,347074,18737
rsa-3072,oaep-encrypt,84,347074,18737
rsa-3072,oaep-encrypt,85,347185,18744
rsa-3072,oaep-encrypt,86,356296,19235
rsa-3072,oaep-encrypt,87,348704,18826
rsa-3072,oaep-encrypt,88,347093,18739
rsa-3072,oaep-encrypt,89,347389,18754
rsa-3072,oaep-encrypt,90,347277,18748
rsa-3072,oaep-encrypt,91,347167,18743
rsa-3072,oaep-encrypt,92,347148,18741
rsa-3072,oaep-encrypt,93,347148,18740
rsa-3072,oaep-encrypt,94,347278,18748
rsa-3072,oaep-encrypt,95,347297,18749
rsa-3072,oaep-encrypt,96,347055,18735
rsa-3072,oaep-encrypt,97,347093,18739
rsa-3072,oaep-encrypt,98,356389,19239
rsa-3072,oaep-encrypt,99,348797,18830
rsa-3072,oaep-encrypt,100,347296,18750
rsa-3072,oaep-encrypt,101,347241,18746
rsa-3072,oaep-encrypt,102,347241,18747
rsa-3072,oaep-encrypt,103,347148,18741
rsa-3072,oaep-encrypt,104,347074,18738
rsa-3072,oaep-encrypt,105,347148,18742
rsa-3072,oaep-encrypt,106,347148,18742
rsa-3072,oaep-encrypt,107,347260,18749
rsa-3072,oaep-encrypt,108,347204,18745
rsa-3072,oaep-encrypt,109,359185,19390
rsa-3072,oaep-encrypt,110,348852,18833
rsa-3072,oaep-encrypt,111,347463,18758
rsa-3072,oaep-encrypt,112,347167,18742
rsa-3072,oaep-encrypt,113,347223,18745
rsa-3072,oaep-encrypt,114,347222,18745
rsa-3072,oaep-encrypt,115,347333,18751
rsa-3072,oaep-encrypt,116,347241,18747
rsa-3072,oaep-encrypt,117,347315,18751
rsa-3072,oaep-encrypt,118,347149,18742
rsa-3072,oaep-encrypt,119,347259,18747
rsa-3072,oaep-encrypt,120,356037,19220
rsa-3072,oaep-encrypt,121,348852,18834
rsa-3072,oaep-encrypt,122,347500,18761
rsa-3072,oaep-encrypt,123,347241,18747
rsa-3072,oaep-encrypt,124,347240,18747
rsa-3072,oaep-encrypt,125,347278,18748
rsa-3072,oaep-encrypt,126,347056,18736
rsa-3072,oaep-encrypt,127,347204,18745
rsa-3072,oaep-encrypt,128,346926,18730
rsa-3072,oaep-encrypt,129,347259,18748
rsa-3072,oaep-encrypt,130,347148,18742
rsa-3072,oaep-encrypt,131,347408,18756
rsa-3072,oaep-encrypt,132,356296,19236
rsa-3072,oaep-encrypt,133,348852,18833
rsa-3072,oaep-encrypt,134,347167,18741
rsa-3072,oaep-encrypt,135,347148,18742
rsa-3072,oaep-encrypt,136,347296,18750
rsa-3072,oaep-encrypt,137,347222,18745
rsa-3072,oaep-encrypt,138,347075,18739
rsa-3072,oaep-encrypt,139,347111,18739
rsa-3072,oaep-encrypt,140,347204,18744
rsa-3072,oaep-encrypt,141,347278,18749
rsa-3072,oaep-encrypt,142,347297,18750
rsa-3072,oaep-encrypt,143,356296,19236
rsa-3072,oaep-encrypt,144,348796,18831
rsa-3072,oaep-encrypt,145,347315,18750
rsa-3072,oaep-encrypt,146,347259,18747
rsa-3072,oaep-encrypt,147,347352,18753
rsa-3072,oaep-encrypt,148,347000,18734
rsa-3072,oaep-encrypt,149,347204,18745
rsa-3072,oaep-encrypt,150,347185,18742
rsa-3072,oaep-encrypt,151,347407,18756
rsa-3072,oaep-encrypt,152,347130,18742
rsa-3072,oaep-encrypt,153,347314,18750
rsa-3072,oaep-encrypt,154,347278,18748
rsa-3072,oaep-encrypt,155,357611,19304
rsa-3072,oaep-encrypt,156,348130,18794
rsa-3072,oaep-encrypt,157,347351,18754
rsa-3072,oaep-encrypt,158,347259,18748
rsa-3072,oaep-encrypt,159,347222,18746
rsa-3072,oaep-encrypt,160,347388,18753
rsa-3072,oaep-encrypt,161,347333,18752
rsa-3072,oaep-encrypt,162,347333,18752
rsa-3072,oaep-encrypt,163,347352,18752
rsa-3072,oaep-encrypt,164,347407,18755
rsa-3072,oaep-encrypt,165,347333,18752
rsa-3072,oaep-encrypt,166,356519,19247
rsa-3072,oaep-encrypt,167,348778,18830
rsa-3072,oaep-encrypt,168,347111,18740
rsa-3072,oaep-encrypt,169,347222,18745
rsa-3072,oaep-encrypt,170,347186,18744
rsa-3072,oaep-encrypt,171,347296,18749
rsa-3072,oaep-encrypt,172,347315,18751
rsa-3072,oaep-encrypt,173,347296,18750
rsa-3072,oaep-encrypt,174,346982,18733
rsa-3072,oaep-encrypt,175,347296,18749
rsa-3072,oaep-encrypt,176,347186,18743
rsa-3072,oaep-encrypt,177,356445,19244
rsa-3072,oaep-encrypt,178,348740,18828
rsa-3072,oaep-encrypt,179,347574,18765
rsa-3072,oaep-encrypt,180,347260,18748
rsa-3072,oaep-encrypt,181,347259,18748
rsa-3072,oaep-encrypt,182,347314,18750
rsa-3072,oaep-encrypt,183,347408,18755
rsa-3072,oaep-encrypt,184,347222,18746
rsa-3072,oaep-encrypt,185,347259,18748
rsa-3072,oaep-encrypt,186,347056,18737
rsa-3072,oaep-encrypt,187,347278,18749
rsa-3072,oaep-encrypt,188,347111,18740
rsa-3072,oaep-encrypt,189,356351,19238
rsa-3072,oaep-encrypt,190,348611,18821
rsa-3072,oaep-encrypt,191,347222,18746
rsa-3072,oaep-encrypt,192,347352,18752
rsa-3072,oaep-encrypt,193,347389,18754
rsa-3072,oaep-encrypt,194,347260,18747
rsa-3072,oaep-encrypt,195,347389,18753
rsa-3072,oaep-encrypt,196,347315,18751
rsa-3072,oaep-encrypt,197,347167,18742
rsa-3072,oaep-encrypt,198,347222,18744
rsa-3072,oaep-encrypt,199,347166,18743
rsa-3072,oaep-encrypt,200,363222,19605
rsa-3072,oaep-encrypt,201,349092,18847
rsa-3072,oaep-encrypt,202,347259,18749
rsa-3072,oaep-encrypt,203,347223,18746
rsa-3072,oaep-encrypt,204,347074,18739
rsa-3072,oaep-encrypt,205,347167,18742
rsa-3072,oaep-encrypt,206,347111,18740
rsa-3072,oaep-encrypt,207,347444,18757
rsa-3072,oaep-encrypt,208,347129,18741
rsa-3072,oaep-encrypt,209,347333,18752
rsa-3072,oaep-encrypt,210,347296,18749
rsa-3072,oaep-encrypt,211,356574,19250
rsa-3072,oaep-encrypt,212,348963,18839
rsa-3072,oaep-encrypt,213,347315,18751
rsa-3072,oaep-encrypt,214,349907,18888
rsa-3072,oaep-encrypt,215,347444,18757
rsa-3072,oaep-encrypt,216,347297,18750
rsa-3072,oaep-encrypt,217,347148,18742
rsa-3072,oaep-encrypt,218,347130,18741
rsa-3072,oaep-encrypt,219,347259,18748
rsa-3072,oaep-encrypt,220,347204,18746
rsa-3072,oaep-encrypt,221,347074,18737
rsa-3072,oaep-encrypt,222,347185,18744
rsa-3072,oaep-encrypt,223,357019,19274
rsa-3072,oaep-encrypt,224,348852,18833
rsa-3072,oaep-encrypt,225,347278,18748
rsa-3072,oaep-encrypt,226,347241,18747
rsa-3072,oaep-encrypt,227,347277,18749
rsa-3072,oaep-encrypt,228,347260,18748
rsa-3072,oaep-encrypt,229,347278,18748
rsa-3072,oaep-encrypt,230,347259,18748
rsa-3072,oaep-encrypt,231,347371,18754
rsa-3072,oaep-encrypt,232,347167,18742
rsa-3072,oaep-encrypt,233,347296,18750
rsa-3072,oaep-encrypt,234,356426,19242
rsa-3072,oaep-encrypt,235,348722,18826
rsa-3072,oaep-encrypt,236,347407,18755
rsa-3072,oaep-encrypt,237,347240,18746
rsa-3072,oaep-encrypt,238,347111,18739
rsa-3072,oaep-encrypt,239,347296,18749
rsa-3072,oaep-encrypt,240,347166,18742
rsa-3072,oaep-encrypt,241,347278,18749
rsa-3072,oaep-encrypt,242,347296,18749
rsa-3072,oaep-encrypt,243,347315,18751
rsa-3072,oaep-encrypt,244,346944,18731
rsa-3072,oaep-encrypt,245,356055,19222
rsa-3072,oaep-encrypt,246,348611,18821
rsa-3072,oaep-encrypt,247,347278,18748
rsa-3072,oaep-encrypt,248,347259,18748
rsa-3072,oaep-encrypt,249,347204,18745
rsa-3072,oaep-encrypt,250,347130,18740
rsa-3072,oaep-encrypt,251,347315,18750
rsa-3072,oaep-encrypt,252,347297,18750
rsa-3072,oaep-encrypt,253,347333,18751
rsa-3072,oaep-encrypt,254,347314,18750
rsa-3072,oaep-encrypt,255,347204,18745
rsa-3072,oaep-encrypt,256,347148,18740
rsa-3072,oaep-encrypt,257,356278,19235
rsa-3072,oaep-encrypt,258,348777,18830
rsa-3072,oaep-encrypt,259,347555,18764
rsa-3072,oaep-encrypt,260,347240,18747
rsa-3072,oaep-encrypt,261,347315,18750
rsa-3072,oaep-encrypt,262,347370,18754
rsa-3072,oaep-encrypt,263,347278,18748
rsa-3072,oaep-encrypt,264,347149,18741
rsa-3072,oaep-encrypt,265,347240,18747
rsa-3072,oaep-encrypt,266,347111,18739
rsa-3072,oaep-encrypt,267,347203,18745
rsa-3072,oaep-encrypt,268,356445,19243
rsa-3072,oaep-encrypt,269,348703,18825
rsa-3072,oaep-encrypt,270,347351,18753
rsa-3072,oaep-encrypt,271,347259,18748
rsa-3072,oaep-encrypt,272,347389,18754
rsa-3072,oaep-encrypt,273,347444,18757
rsa-3072,oaep-encrypt,274,347426,18756
rsa-3072,oaep-encrypt,275,347463,18759
rsa-3072,oaep-encrypt,276,347333,18752
rsa-3072,oaep-encrypt,277,347278,18749
rsa-3072,oaep-encrypt,278,347371,18753
rsa-3072,oaep-encrypt,279,347111,18739
rsa-3072,oaep-encrypt,280,356611,19251
rsa-3072,oaep-encrypt,281,347889,18783
rsa-3072,oaep-encrypt,282,347204,18745
rsa-3072,oaep-encrypt,283,347389,18754
rsa-3072,oaep-encrypt,284,347222,18746
rsa-3072,oaep-encrypt,285,347296,18750
rsa-3072,oaep-encrypt,286,347204,18745
rsa-3072,oaep-encrypt,287,347407,18755
rsa-3072,oaep-encrypt,288,347167,18743
rsa-3072,oaep-encrypt,289,347241,18746
rsa-3072,oaep-encrypt,290,347315,18750
rsa-3072,oaep-encrypt,291,356260,19233
rsa-3072,oaep-encrypt,292,348740,18827
rsa-3072,oaep-encrypt,293,347241,18746
rsa-3072,oaep-encrypt,294,347333,18752
rsa-3072,oaep-encrypt,295,347444,18758
rsa-3072,oaep-encrypt,296,347278,18748
rsa-3072,oaep-encrypt,297,347259,18748
rsa-3072,oaep-encrypt,298,347278,18748
rsa-3072,oaep-encrypt,299,347167,18743
rsa-3072,oaep-encrypt,300,347167,18743
rsa-3072,oaep-encrypt,301,347167,18743
rsa-3072,oaep-encrypt,302,356111,19226
rsa-3072,oaep-encrypt,303,348611,18821
rsa-3072,oaep-encrypt,304,347370,18754
rsa-3072,oaep-encrypt,305,347259,18748
rsa-3072,oaep-encrypt,306,347223,18746
rsa-3072,oaep-encrypt,307,347203,18744
rsa-3072,oaep-encrypt,308,347093,18739
rsa-3072,oaep-encrypt,309,347463,18759
rsa-3072,oaep-encrypt,310,347370,18753
rsa-3072,oaep-encrypt,311,347334,18752
rsa-3072,oaep-encrypt,312,347185,18743
rsa-3072,oaep-encrypt,313,347351,18752
rsa-3072,oaep-encrypt,314,356407,19241
rsa-3072,oaep-encrypt,315,348796,18831
rsa-3072,oaep-encrypt,316,347185,18744
rsa-3072,oaep-encrypt,317,347296,18750
rsa-3072,oaep-encrypt,318,347167,18743
rsa-3072,oaep-encrypt,319,349592,18871
rsa-3072,oaep-encrypt,320,347315,18751
rsa-3072,oaep-encrypt,321,347204,18744
rsa-3072,oaep-encrypt,322,347278,18749
rsa-3072,oaep-encrypt,323,347426,18756
rsa-3072,oaep-encrypt,324,347204,18746
rsa-3072,oaep-encrypt,325,356944,19269
rsa-3072,oaep-encrypt,326,348666,18824
rsa-3072,oaep-encrypt,327,347185,18744
rsa-3072,oaep-encrypt,328,347259,18747
rsa-3072,oaep-encrypt,329,347278,18749
rsa-3072,oaep-encrypt,330,347278,18748
rsa-3072,oaep-encrypt,331,347130,18741
rsa-3072,oaep-encrypt,332,347111,18740
rsa-3072,oaep-encrypt,333,347296,18750
rsa-3072,oaep-encrypt,334,347333,18752
rsa-3072,oaep-encrypt,335,347204,18744
rsa-3072,oaep-encrypt,336,356074,19223
rsa-3072,oaep-encrypt,337,348649,18822
rsa-3072,oaep-encrypt,338,347000,18734
rsa-3072,oaep-encrypt,339,347352,18753
rsa-3072,oaep-encrypt,340,347130,18740
rsa-3072,oaep-encrypt,341,347222,18745
rsa-3072,oaep-encrypt,342,347186,18744
rsa-3072,oaep-encrypt,343,347259,18747
rsa-3072,oaep-encrypt,344,347055,18736
rsa-3072,oaep-encrypt,345,347407,18756
rsa-3072,oaep-encrypt,346,347278,18748
rsa-3072,oaep-encrypt,347,347278,18749
rsa-3072,oaep-encrypt,348,356445,19242
rsa-3072,oaep-encrypt,349,348759,18829
rsa-3072,oaep-encrypt,350,347389,18755
rsa-3072,oaep-encrypt,351,347444,18758
rsa-3072,oaep-encrypt,352,347260,18748
rsa-3072,oaep-encrypt,353,347259,18747
rsa-3072,oaep-encrypt,354,347241,18747
rsa-3072,oaep-encrypt,355,347333,18751
rsa-3072,oaep-encrypt,356,347222,18746
rsa-3072,oaep-encrypt,357,347223,18745
rsa-3072,oaep-encrypt,358,347204,18744
rsa-3072,oaep-encrypt,359,356149,19226
rsa-3072,oaep-encrypt,360,348685,18824
rsa-3072,oaep-encrypt,361,347463,18758
rsa-3072,oaep-encrypt,362,347223,18746
rsa-3072,oaep-encrypt,363,347259,18748
rsa-3072,oaep-encrypt,364,347149,18742
rsa-3072,oaep-encrypt,365,347333,18752
rsa-3072,oaep-encrypt,366,347296,18750
rsa-3072,oaep-encrypt,367,347223,18745
rsa-3072,oaep-encrypt,368,347241,18746
rsa-3072,oaep-encrypt,369,347334,18751
rsa-3072,oaep-encrypt,370,355926,19215
rsa-3072,oaep-encrypt,371,348759,18829
rsa-3072,oaep-encrypt,372,347426,18756
rsa-3072,oaep-encrypt,373,347351,18752
rsa-3072,oaep-encrypt,374,347167,18742
rsa-3072,oaep-encrypt,375,347315,18750
rsa-3072,oaep-encrypt,376,347148,18742
rsa-3072,oaep-encrypt,377,347278,18748
rsa-3072,oaep-encrypt,378,347092,18739
rsa-3072,oaep-encrypt,379,347129,18740
rsa-3072,oaep-encrypt,380,347018,18734
rsa-3072,oaep-encrypt,381,347389,18755
rsa-3072,oaep-encrypt,382,356241,19233
rsa-3072,oaep-encrypt,383,348852,18834
rsa-3072,oaep-encrypt,384,347296,18750
rsa-3072,oaep-encrypt,385,347315,18750
rsa-3072,oaep-encrypt,386,347278,18749
rsa-3072,oaep-encrypt,387,347445,18757
rsa-3072,oaep-encrypt,388,347075,18738
rsa-3072,oaep-encrypt,389,347370,18754
rsa-3072,oaep-encrypt,390,347111,18740
rsa-3072,oaep-encrypt,391,347389,18754
rsa-3072,oaep-encrypt,392,347185,18743
rsa-3072,oaep-encrypt,393,356259,19233
rsa-3072,oaep-encrypt,394,348593,18820
rsa-3072,oaep-encrypt,395,347407,18755
rsa-3072,oaep-encrypt,396,347185,18743
rsa-3072,oaep-encrypt,397,347389,18755
rsa-3072,oaep-encrypt,398,347259,18747
rsa-3072,oaep-encrypt,399,347222,18745
rsa-3072,oaep-encrypt,400,347259,18748
rsa-3072,oaep-encrypt,401,347277,18749
rsa-3072,oaep-encrypt,402,347297,18749
rsa-3072,oaep-encrypt,403,347241,18746
rsa-3072,oaep-encrypt,404,347352,18753
rsa-3072,oaep-encrypt,405,356167,19228
rsa-3072,oaep-encrypt,406,348518,18816
rsa-3072,oaep-encrypt,407,347352,18753
rsa-3072,oaep-encrypt,408,347148,18742
rsa-3072,oaep-encrypt,409,347370,18754
rsa-3072,oaep-encrypt,410,347278,18749
rsa-3072,oaep-encrypt,411,347333,18752
rsa-3072,oaep-encrypt,412,347075,18737
rsa-3072,oaep-encrypt,413,347203,18744
rsa-3072,oaep-encrypt,414,347204,18744
rsa-3072,oaep-encrypt,415,347407,18755
rsa-3072,oaep-encrypt,416,356389,19240
rsa-3072,oaep-encrypt,417,348722,18827
rsa-3072,oaep-encrypt,418,347371,18753
rsa-3072,oaep-encrypt,419,347352,18753
rsa-3072,oaep-encrypt,420,347222,18745
rsa-3072,oaep-encrypt,421,347112,18740
rsa-3072,oaep-encrypt,422,347222,18745
rsa-3072,oaep-encrypt,423,347241,18747
rsa-3072,oaep-encrypt,424,349667,18875
rsa-3072,oaep-encrypt,425,347314,18751
rsa-3072,oaep-encrypt,426,347277,18748
rsa-3072,oaep-encrypt,427,356907,19267
rsa-3072,oaep-encrypt,428,348667,18825
rsa-3072,oaep-encrypt,429,347463,18759
rsa-3072,oaep-encrypt,430,347241,18747
rsa-3072,oaep-encrypt,431,347297,18748
rsa-3072,oaep-encrypt,432,347093,18739
rsa-3072,oaep-encrypt,433,347334,18751
rsa-3072,oaep-encrypt,434,347167,18743
rsa-3072,oaep-encrypt,435,347370,18755
rsa-3072,oaep-encrypt,436,347204,18745
rsa-3072,oaep-encrypt,437,347241,18746
rsa-3072,oaep-encrypt,438,347000,18733
rsa-3072,oaep-encrypt,439,356333,19236
rsa-3072,oaep-encrypt,440,348797,18830
rsa-3072,oaep-encrypt,441,347278,18748
rsa-3072,oaep-encrypt,442,347185,18744
rsa-3072,oaep-encrypt,443,347315,18750
rsa-3072,oaep-encrypt,444,347240,18747
rsa-3072,oaep-encrypt,445,347074,18737
rsa-3072,oaep-encrypt,446,347185,18744
rsa-3072,oaep-encrypt,447,347315,18750
rsa-3072,oaep-encrypt,448,347185,18743
rsa-3072,oaep-encrypt,449,347167,18743
rsa-3072,oaep-encrypt,450,356297,19235
rsa-3072,oaep-encrypt,451,348815,18832
rsa-3072,oaep-encrypt,452,347352,18752
rsa-3072,oaep-encrypt,453,347130,18740
rsa-3072,oaep-encrypt,454,347204,18745
rsa-3072,oaep-encrypt,455,347334,18751
rsa-3072,oaep-encrypt,456,347222,18746
rsa-3072,oaep-encrypt,457,347371,18754
rsa-3072,oaep-encrypt,458,347166,18743
rsa-3072,oaep-encrypt,459,347056,18736
rsa-3072,oaep-encrypt,460,347185,18744
rsa-3072,oaep-encrypt,461,356463,19244
rsa-3072,oaep-encrypt,462,348630,18821
rsa-3072,oaep-encrypt,463,347370,18754
rsa-3072,oaep-encrypt,464,347389,18755
rsa-3072,oaep-encrypt,465,347148,18742
rsa-3072,oaep-encrypt,466,347093,18739
rsa-3072,oaep-encrypt,467,347333,18751
rsa-3072,oaep-encrypt,468,347259,18748
rsa-3072,oaep-encrypt,469,347037,18735
rsa-3072,oaep-encrypt,470,347167,18742
rsa-3072,oaep-encrypt,471,347333,18752
rsa-3072,oaep-encrypt,472,347314,18750
rsa-3072,oaep-encrypt,473,356241,19232
rsa-3072,oaep-encrypt,474,348778,18830
rsa-3072,oaep-encrypt,475,347259,18748
rsa-3072,oaep-encrypt,476,347093,18739
rsa-3072,oaep-encrypt,477,347389,18755
rsa-3072,oaep-encrypt,478,347167,18743
rsa-3072,oaep-encrypt,479,347296,18749
rsa-3072,oaep-encrypt,480,347166,18743
rsa-3072,oaep-encrypt,481,347018,18734
rsa-3072,oaep-encrypt,482,347260,18747
rsa-3072,oaep-encrypt,483,347259,18747
rsa-3072,oaep-encrypt,484,356037,19221
rsa-3072,oaep-encrypt,485,348704,18826
rsa-3072,oaep-encrypt,486,347297,18750
rsa-3072,oaep-encrypt,487,347500,18760
rsa-3072,oaep-encrypt,488,347296,18749
rsa-3072,oaep-encrypt,489,347204,18745
rsa-3072,oaep-encrypt,490,347018,18735
rsa-3072,oaep-encrypt,491,347259,18748
rsa-3072,oaep-encrypt,492,347092,18739
rsa-3072,oaep-encrypt,493,347277,18749
rsa-3072,oaep-encrypt,494,347240,18747
rsa-3072,oaep-encrypt,495,347278,18748
rsa-3072,oaep-encrypt,496,357333,19290
rsa-3072,oaep-encrypt,497,347407,18756
rsa-3072,oaep-encrypt,498,347018,18734
rsa-3072,oaep-encrypt,499,347296,18750
rsa-3072,oaep-encrypt,500,347148,18742
rsa-3072,oaep-encrypt,501,347259,18748
rsa-3072,oaep-encrypt,502,347278,18749
rsa-3072,oaep-encrypt,503,347389,18754
rsa-3072,oaep-encrypt,504,347203,18744
rsa-3072,oaep-encrypt,505,347315,18752
rsa-3072,oaep-encrypt,506,347315,18750
rsa-3072,oaep-encrypt,507,356445,19243
rsa-3072,oaep-encrypt,508,348518,18815
rsa-3072,oaep-encrypt,509,347334,18752
rsa-3072,oaep-encrypt,510,346981,18733
rsa-3072,oaep-encrypt,511,347296,18749
rsa-3072,oaep-encrypt,512,347148,18741
rsa-3072,oaep-encrypt,513,347278,18749
rsa-3072,oaep-encrypt,514,347278,18748
rsa-3072,oaep-encrypt,515,347297,18748
rsa-3072,oaep-encrypt,516,347186,18744
rsa-3072,oaep-encrypt,517,347241,18747
rsa-3072,oaep-encrypt,518,356445,19243
rsa-3072,oaep-encrypt,519,348797,18830
rsa-3072,oaep-encrypt,520,347240,18746
rsa-3072,oaep-encrypt,521,347259,18747
rsa-3072,oaep-encrypt,522,347241,18747
rsa-3072,oaep-encrypt,523,347129,18741
rsa-3072,oaep-encrypt,524,347333,18751
rsa-3072,oaep-encrypt,525,347185,18743
rsa-3072,oaep-encrypt,526,347315,18750
rsa-3072,oaep-encrypt,527,347148,18741
rsa-3072,oaep-encrypt,528,347148,18742
rsa-3072,oaep-encrypt,529,349926,18891
rsa-3072,oaep-encrypt,530,357667,19308
rsa-3072,oaep-encrypt,531,348074,18791
rsa-3072,oaep-encrypt,532,347278,18748
rsa-3072,oaep-encrypt,533,347037,18736
rsa-3072,oaep-encrypt,534,347037,18736
rsa-3072,oaep-encrypt,535,347223,18746
rsa-3072,oaep-encrypt,536,347167,18743
rsa-3072,oaep-encrypt,537,347130,18740
rsa-3072,oaep-encrypt,538,347166,18743
rsa-3072,oaep-encrypt,539,347259,18748
rsa-3072,oaep-encrypt,540,347056,18737
rsa-3072,oaep-encrypt,541,356334,19236
rsa-3072,oaep-encrypt,542,348630,18821
rsa-3072,oaep-encrypt,543,347278,18749
rsa-3072,oaep-encrypt,544,347166,18743
rsa-3072,oaep-encrypt,545,347334,18751
rsa-3072,oaep-encrypt,546,347426,18756
rsa-3072,oaep-encrypt,547,347260,18747
rsa-3072,oaep-encrypt,548,347204,18745
rsa-3072,oaep-encrypt,549,347204,18744
rsa-3072,oaep-encrypt,550,347129,18741
rsa-3072,oaep-encrypt,551,347148,18741
rsa-3072,oaep-encrypt,552,361963,19540
rsa-3072,oaep-encrypt,553,349000,18842
rsa-3072,oaep-encrypt,554,347037,18735
rsa-3072,oaep-encrypt,555,347278,18749
rsa-3072,oaep-encrypt,556,347259,18748
rsa-3072,oaep-encrypt,557,347352,18752
rsa-3072,oaep-encrypt,558,347315,18750
rsa-3072,oaep-encrypt,559,347074,18738
rsa-3072,oaep-encrypt,560,347092,18739
rsa-3072,oaep-encrypt,561,347186,18743
rsa-3072,oaep-encrypt,562,347129,18741
rsa-3072,oaep-encrypt,563,347371,18753
rsa-3072,oaep-encrypt,564,356648,19254
rsa-3072,oaep-encrypt,565,348778,18829
rsa-3072,oaep-encrypt,566,347297,18750
rsa-3072,oaep-encrypt,567,347093,18739
rsa-3072,oaep-encrypt,568,347166,18743
rsa-3072,oaep-encrypt,569,347260,18748
rsa-3072,oaep-encrypt,570,347185,18745
rsa-3072,oaep-encrypt,571,347055,18736
rsa-3072,oaep-encrypt,572,347185,18743
rsa-3072,oaep-encrypt,573,347334,18751
rsa-3072,oaep-encrypt,574,347204,18744
rsa-3072,oaep-encrypt,575,356389,19239
rsa-3072,oaep-encrypt,576,348740,18828
rsa-3072,oaep-encrypt,577,347444,18758
rsa-3072,oaep-encrypt,578,347278,18748
rsa-3072,oaep-encrypt,579,347408,18756
rsa-3072,oaep-encrypt,580,347111,18739
rsa-3072,oaep-encrypt,581,347148,18742
rsa-3072,oaep-encrypt,582,347222,18746
rsa-3072,oaep-encrypt,583,347352,18752
rsa-3072,oaep-encrypt,584,347222,18745
rsa-3072,oaep-encrypt,585,347426,18756
rsa-3072,oaep-encrypt,586,356444,19243
rsa-3072,oaep-encrypt,587,348870,18834
rsa-3072,oaep-encrypt,588,347389,18755
rsa-3072,oaep-encrypt,589,347222,18746
rsa-3072,oaep-encrypt,590,347038,18736
rsa-3072,oaep-encrypt,591,347240,18746
rsa-3072,oaep-encrypt,592,347148,18741
rsa-3072,oaep-encrypt,593,347241,18746
rsa-3072,oaep-encrypt,594,347463,18758
rsa-3072,oaep-encrypt,595,347334,18752
rsa-3072,oaep-encrypt,596,347111,18739
rsa-3072,oaep-encrypt,597,347352,18752
rsa-3072,oaep-encrypt,598,356408,19240
rsa-3072,oaep-encrypt,599,348741,18828
rsa-3072,oaep-encrypt,600,347260,18749
rsa-3072,oaep-encrypt,601,347296,18750
rsa-3072,oaep-encrypt,602,347297,18749
rsa-3072,oaep-encrypt,603,347222,18745
rsa-3072,oaep-encrypt,604,347260,18748
rsa-3072,oaep-encrypt,605,347129,18740
rsa-3072,oaep-encrypt,606,347167,18742
rsa-3072,oaep-encrypt,607,347315,18751
rsa-3072,oaep-encrypt,608,347297,18749
rsa-3072,oaep-encrypt,609,356296,19235
rsa-3072,oaep-encrypt,610,348556,18818
rsa-3072,oaep-encrypt,611,347463,18758
rsa-3072,oaep-encrypt,612,347074,18738
rsa-3072,oaep-encrypt,613,347130,18740
rsa-3072,oaep-encrypt,614,347315,18750
rsa-3072,oaep-encrypt,615,347389,18755
rsa-3072,oaep-encrypt,616,347278,18748
rsa-3072,oaep-encrypt,617,347204,18744
rsa-3072,oaep-encrypt,618,347166,18743
rsa-3072,oaep-encrypt,619,347333,18751
rsa-3072,oaep-encrypt,620,347111,18739
rsa-3072,oaep-encrypt,621,357722,19312
rsa-3072,oaep-encrypt,622,347389,18755
rsa-3072,oaep-encrypt,623,347389,18755
rsa-3072,oaep-encrypt,624,347037,18736
rsa-3072,oaep-encrypt,625,347204,18745
rsa-3072,oaep-encrypt,626,347204,18744
rsa-3072,oaep-encrypt,627,347130,18741
rsa-3072,oaep-encrypt,628,347130,18740
rsa-3072,oaep-encrypt,629,347055,18737
rsa-3072,oaep-encrypt,630,347037,18736
rsa-3072,oaep-encrypt,631,347241,18748
rsa-3072,oaep-encrypt,632,356277,19234
rsa-3072,oaep-encrypt,633,348722,18827
rsa-3072,oaep-encrypt,634,349852,18886
rsa-3072,oaep-encrypt,635,347445,18757
rsa-3072,oaep-encrypt,636,347389,18754
rsa-3072,oaep-encrypt,637,347204,18744
rsa-3072,oaep-encrypt,638,347074,18739
rsa-3072,oaep-encrypt,639,347425,18758
rsa-3072,oaep-encrypt,640,347167,18743
rsa-3072,oaep-encrypt,641,347111,18740
rsa-3072,oaep-encrypt,642,347167,18742
rsa-3072,oaep-encrypt,643,356833,19263
rsa-3072,oaep-encrypt,644,348648,18822
rsa-3072,oaep-encrypt,645,347463,18759
rsa-3072,oaep-encrypt,646,347092,18739
rsa-3072,oaep-encrypt,647,347445,18758
rsa-3072,oaep-encrypt,648,347037,18736
rsa-3072,oaep-encrypt,649,347092,18739
rsa-3072,oaep-encrypt,650,347148,18741
rsa-3072,oaep-encrypt,651,347278,18748
rsa-3072,oaep-encrypt,652,347111,18739
rsa-3072,oaep-encrypt,653,347278,18748
rsa-3072,oaep-encrypt,654,347407,18755
rsa-3072,oaep-encrypt,655,356000,19219
rsa-3072,oaep-encrypt,656,348463,18812
rsa-3072,oaep-encrypt,657,347222,18745
rsa-3072,oaep-encrypt,658,347371,18754
rsa-3072,oaep-encrypt,659,347260,18748
rsa-3072,oaep-encrypt,660,347277,18748
rsa-3072,oaep-encrypt,661,347167,18743
rsa-3072,oaep-encrypt,662,347333,18751
rsa-3072,oaep-encrypt,663,347296,18749
rsa-3072,oaep-encrypt,664,347185,18745
rsa-3072,oaep-encrypt,665,347277,18748
rsa-3072,oaep-encrypt,666,356241,19233
rsa-3072,oaep-encrypt,667,348630,18821
rsa-3072,oaep-encrypt,668,347129,18741
rsa-3072,oaep-encrypt,669,347334,18751
rsa-3072,oaep-encrypt,670,347223,18746
rsa-3072,oaep-encrypt,671,347333,18752
rsa-3072,oaep-encrypt,672,347297,18750
rsa-3072,oaep-encrypt,673,347204,18744
rsa-3072,oaep-encrypt,674,347389,18755
rsa-3072,oaep-encrypt,675,347222,18745
rsa-3072,oaep-encrypt,676,347204,18745
rsa-3072,oaep-encrypt,677,356278,19233
rsa-3072,oaep-encrypt,678,348574,18818
rsa-3072,oaep-encrypt,679,347389,18755
rsa-3072,oaep-encrypt,680,347000,18735
rsa-3072,oaep-encrypt,681,347315,18751
rsa-3072,oaep-encrypt,682,347334,18751
rsa-3072,oaep-encrypt,683,347111,18739
rsa-3072,oaep-encrypt,684,347148,18742
rsa-3072,oaep-encrypt,685,347167,18744
rsa-3072,oaep-encrypt,686,347259,18748
rsa-3072,oaep-encrypt,687,347370,18753
rsa-3072,oaep-encrypt,688,347185,18742
rsa-3072,oaep-encrypt,689,356500,19246
rsa-3072,oaep-encrypt,690,348722,18827
rsa-3072,oaep-encrypt,691,347389,18755
rsa-3072,oaep-encrypt,692,347129,18740
rsa-3072,oaep-encrypt,693,347315,18751
rsa-3072,oaep-encrypt,694,347278,18749
rsa-3072,oaep-encrypt,695,347296,18750
rsa-3072,oaep-encrypt,696,347074,18737
rsa-3072,oaep-encrypt,697,347315,18750
rsa-3072,oaep-encrypt,698,347018,18734
rsa-3072,oaep-encrypt,699,347278,18748
rsa-3072,oaep-encrypt,700,356352,19238
rsa-3072,oaep-encrypt,701,348833,18831
rsa-3072,oaep-encrypt,702,347259,18748
rsa-3072,oaep-encrypt,703,347500,18760
rsa-3072,oaep-encrypt,704,347018,18736
rsa-3072,oaep-encrypt,705,347111,18740
rsa-3072,oaep-encrypt,706,347111,18739
rsa-3072,oaep-encrypt,707,347204,18744
rsa-3072,oaep-encrypt,708,347204,18744
rsa-3072,oaep-encrypt,709,347203,18745
rsa-3072,oaep-encrypt,710,347315,18751
rsa-3072,oaep-encrypt,711,356167,19229
rsa-3072,oaep-encrypt,712,348482,18814
rsa-3072,oaep-encrypt,713,347260,18748
rsa-3072,oaep-encrypt,714,347092,18739
rsa-3072,oaep-encrypt,715,347371,18753
rsa-3072,oaep-encrypt,716,347186,18744
rsa-3072,oaep-encrypt,717,347166,18743
rsa-3072,oaep-encrypt,718,347111,18739
rsa-3072,oaep-encrypt,719,347112,18739
rsa-3072,oaep-encrypt,720,347166,18742
rsa-3072,oaep-encrypt,721,347204,18745
rsa-3072,oaep-encrypt,722,347129,18741
rsa-3072,oaep-encrypt,723,356463,19243
rsa-3072,oaep-encrypt,724,348778,18830
rsa-3072,oaep-encrypt,725,347371,18753
rsa-3072,oaep-encrypt,726,346944,18732
rsa-3072,oaep-encrypt,727,347371,18754
rsa-3072,oaep-encrypt,728,347093,18739
rsa-3072,oaep-encrypt,729,347333,18751
rsa-3072,oaep-encrypt,730,347277,18749
rsa-3072,oaep-encrypt,731,347223,18747
rsa-3072,oaep-encrypt,732,347314,18750
rsa-3072,oaep-encrypt,733,347278,18749
rsa-3072,oaep-encrypt,734,356370,19239
rsa-3072,oaep-encrypt,735,348759,18829
rsa-3072,oaep-encrypt,736,347315,18750
rsa-3072,oaep-encrypt,737,347185,18743
rsa-3072,oaep-encrypt,738,347074,18736
rsa-3072,oaep-encrypt,739,349611,18873
rsa-3072,oaep-encrypt,740,347204,18744
rsa-3072,oaep-encrypt,741,347093,18739
rsa-3072,oaep-encrypt,742,347241,18747
rsa-3072,oaep-encrypt,743,347297,18750
rsa-3072,oaep-encrypt,744,347185,18743
rsa-3072,oaep-encrypt,745,347166,18743
rsa-3072,oaep-encrypt,746,349407,18864
rsa-3072,oaep-encrypt,747,347370,18754
rsa-3072,oaep-encrypt,748,347259,18748
rsa-3072,oaep-encrypt,749,347223,18745
rsa-3072,oaep-encrypt,750,347111,18739
rsa-3072,oaep-encrypt,751,347166,18744
rsa-3072,oaep-encrypt,752,347203,18745
rsa-3072,oaep-encrypt,753,347315,18751
rsa-3072,oaep-encrypt,754,347203,18745
rsa-3072,oaep-encrypt,755,347297,18749
rsa-3072,oaep-encrypt,756,347056,18736
rsa-3072,oaep-encrypt,757,356222,19231
rsa-3072,oaep-encrypt,758,348797,18830
rsa-3072,oaep-encrypt,759,347185,18744
rsa-3072,oaep-encrypt,760,347222,18745
rsa-3072,oaep-encrypt,761,347148,18742
rsa-3072,oaep-encrypt,762,347167,18743
rsa-3072,oaep-encrypt,763,347148,18741
rsa-3072,oaep-encrypt,764,347167,18742
rsa-3072,oaep-encrypt,765,347241,18747
rsa-3072,oaep-encrypt,766,346963,18732
rsa-3072,oaep-encrypt,767,347074,18738
rsa-3072,oaep-encrypt,768,377667,20388
rsa-3072,oaep-encrypt,769,349740,18881
rsa-3072,oaep-encrypt,770,347444,18757
rsa-3072,oaep-encrypt,771,347445,18758
rsa-3072,oaep-encrypt,772,347259,18747
rsa-3072,oaep-encrypt,773,347314,18751
rsa-3072,oaep-encrypt,774,347186,18743
rsa-3072,oaep-encrypt,775,347315,18750
rsa-3072,oaep-encrypt,776,347241,18747
rsa-3072,oaep-encrypt,777,347278,18749
rsa-3072,oaep-encrypt,778,347074,18737
rsa-3072,oaep-encrypt,779,347204,18745
rsa-3072,oaep-encrypt,780,358389,19346
rsa-3072,oaep-encrypt,781,348056,18790
rsa-3072,oaep-encrypt,782,347370,18754
rsa-3072,oaep-encrypt,783,347315,18751
rsa-3072,oaep-encrypt,784,347334,18752
rsa-3072,oaep-encrypt,785,347204,18744
rsa-3072,oaep-encrypt,786,347130,18741
rsa-3072,oaep-encrypt,787,347407,18755
rsa-3072,oaep-encrypt,788,347222,18746
rsa-3072,oaep-encrypt,789,346981,18732
rsa-3072,oaep-encrypt,790,347019,18735
rsa-3072,oaep-encrypt,791,356407,19241
rsa-3072,oaep-encrypt,792,348778,18830
rsa-3072,oaep-encrypt,793,347352,18753
rsa-3072,oaep-encrypt,794,347203,18745
rsa-3072,oaep-encrypt,795,347278,18748
rsa-3072,oaep-encrypt,796,347204,18744
rsa-3072,oaep-encrypt,797,347222,18746
rsa-3072,oaep-encrypt,798,347092,18739
rsa-3072,oaep-encrypt,799,347222,18745
rsa-3072,oaep-encrypt,800,347223,18745
rsa-3072,oaep-encrypt,801,347185,18743
rsa-3072,oaep-encrypt,802,356259,19234
rsa-3072,oaep-encrypt,803,348685,18825
rsa-3072,oaep-encrypt,804,347297,18748
rsa-3072,oaep-encrypt,805,347074,18738
rsa-3072,oaep-encrypt,806,347241,18747
rsa-3072,oaep-encrypt,807,347351,18752
rsa-3072,oaep-encrypt,808,347130,18740
rsa-3072,oaep-encrypt,809,347370,18754
rsa-3072,oaep-encrypt,810,347204,18745
rsa-3072,oaep-encrypt,811,347055,18737
rsa-3072,oaep-encrypt,812,347241,18746
rsa-3072,oaep-encrypt,813,347129,18741
rsa-3072,oaep-encrypt,814,356388,19241
rsa-3072,oaep-encrypt,815,348926,18838
rsa-3072,oaep-encrypt,816,347204,18745
rsa-3072,oaep-encrypt,817,347055,18737
rsa-3072,oaep-encrypt,818,347148,18742
rsa-3072,oaep-encrypt,819,347037,18737
rsa-3072,oaep-encrypt,820,347000,18733
rsa-3072,oaep-encrypt,821,347296,18749
rsa-3072,oaep-encrypt,822,347093,18738
rsa-3072,oaep-encrypt,823,347259,18748
rsa-3072,oaep-encrypt,824,347389,18755
rsa-3072,oaep-encrypt,825,356334,19237
rsa-3072,oaep-encrypt,826,348555,18817
rsa-3072,oaep-encrypt,827,347185,18744
rsa-3072,oaep-encrypt,828,347148,18742
rsa-3072,oaep-encrypt,829,347129,18741
rsa-3072,oaep-encrypt,830,347203,18745
rsa-3072,oaep-encrypt,831,347130,18740
rsa-3072,oaep-encrypt,832,347204,18745
rsa-3072,oaep-encrypt,833,347093,18739
rsa-3072,oaep-encrypt,834,347371,18754
rsa-3072,oaep-encrypt,835,347297,18751
rsa-3072,oaep-encrypt,836,356296,19234
rsa-3072,oaep-encrypt,837,348760,18828
rsa-3072,oaep-encrypt,838,347111,18739
rsa-3072,oaep-encrypt,839,347148,18741
rsa-3072,oaep-encrypt,840,347259,18747
rsa-3072,oaep-encrypt,841,347074,18738
rsa-3072,oaep-encrypt,842,347296,18750
rsa-3072,oaep-encrypt,843,347186,18743
rsa-3072,oaep-encrypt,844,349648,18876
rsa-3072,oaep-encrypt,845,347315,18750
rsa-3072,oaep-encrypt,846,347185,18744
rsa-3072,oaep-encrypt,847,347259,18748
rsa-3072,oaep-encrypt,848,356851,19265
rsa-3072,oaep-encrypt,849,348685,18824
rsa-3072,oaep-encrypt,850,347167,18742
rsa-3072,oaep-encrypt,851,347204,18745
rsa-3072,oaep-encrypt,852,347166,18742
rsa-3072,oaep-encrypt,853,347186,18743
rsa-3072,oaep-encrypt,854,347296,18750
rsa-3072,oaep-encrypt,855,347408,18756
rsa-3072,oaep-encrypt,856,347148,18741
rsa-3072,oaep-encrypt,857,347352,18752
rsa-3072,oaep-encrypt,858,347352,18753
rsa-3072,oaep-encrypt,859,356407,19240
rsa-3072,oaep-encrypt,860,348648,18822
rsa-3072,oaep-encrypt,861,347334,18751
rsa-3072,oaep-encrypt,862,347259,18747
rsa-3072,oaep-encrypt,863,347148,18741
rsa-3072,oaep-encrypt,864,347000,18733
rsa-3072,oaep-encrypt,865,347444,18758
rsa-3072,oaep-encrypt,866,347278,18748
rsa-3072,oaep-encrypt,867,347370,18753
rsa-3072,oaep-encrypt,868,347314,18751
rsa-3072,oaep-encrypt,869,347130,18740
rsa-3072,oaep-encrypt,870,355944,19216
rsa-3072,oaep-encrypt,871,348667,18824
rsa-3072,oaep-encrypt,872,347297,18750
rsa-3072,oaep-encrypt,873,347278,18748
rsa-3072,oaep-encrypt,874,347148,18741
rsa-3072,oaep-encrypt,875,347093,18739
rsa-3072,oaep-encrypt,876,347277,18749
rsa-3072,oaep-encrypt,877,347240,18747
rsa-3072,oaep-encrypt,878,347223,18745
rsa-3072,oaep-encrypt,879,347296,18749
rsa-3072,oaep-encrypt,880,347018,18734
rsa-3072,oaep-encrypt,881,347149,18741
rsa-3072,oaep-encrypt,882,356333,19237
rsa-3072,oaep-encrypt,883,348667,18823
rsa-3072,oaep-encrypt,884,347241,18747
rsa-3072,oaep-encrypt,885,347260,18747
rsa-3072,oaep-encrypt,886,347314,18750
rsa-3072,oaep-encrypt,887,347185,18744
rsa-3072,oaep-encrypt,888,347278,18749
rsa-3072,oaep-encrypt,889,347037,18736
rsa-3072,oaep-encrypt,890,347240,18747
rsa-3072,oaep-encrypt,891,347352,18753
rsa-3072,oaep-encrypt,892,347352,18753
rsa-3072,oaep-encrypt,893,356630,19254
rsa-3072,oaep-encrypt,894,348630,18822
rsa-3072,oaep-encrypt,895,347315,18750
rsa-3072,oaep-encrypt,896,347167,18743
rsa-3072,oaep-encrypt,897,347093,18738
rsa-3072,oaep-encrypt,898,347111,18740
rsa-3072,oaep-encrypt,899,347167,18742
rsa-3072,oaep-encrypt,900,347277,18749
rsa-3072,oaep-encrypt,901,347241,18747
rsa-3072,oaep-encrypt,902,347352,18753
rsa-3072,oaep-encrypt,903,347185,18744
rsa-3072,oaep-encrypt,904,347223,18746
rsa-3072,oaep-encrypt,905,361611,19520
rsa-3072,oaep-encrypt,906,349149,18850
rsa-3072,oaep-encrypt,907,347351,18752
rsa-3072,oaep-encrypt,908,347389,18755
rsa-3072,oaep-encrypt,909,347296,18750
rsa-3072,oaep-encrypt,910,347241,18747
rsa-3072,oaep-encrypt,911,347241,18747
rsa-3072,oaep-encrypt,912,347277,18749
rsa-3072,oaep-encrypt,913,346982,18733
rsa-3072,oaep-encrypt,914,347166,18742
rsa-3072,oaep-encrypt,915,347333,18752
rsa-3072,oaep-encrypt,916,356777,19262
rsa-3072,oaep-encrypt,917,348593,18819
rsa-3072,oaep-encrypt,918,347277,18749
rsa-3072,oaep-encrypt,919,347223,18746
rsa-3072,oaep-encrypt,920,347056,18737
rsa-3072,oaep-encrypt,921,347203,18744
rsa-3072,oaep-encrypt,922,347203,18746
rsa-3072,oaep-encrypt,923,347370,18753
rsa-3072,oaep-encrypt,924,347259,18748
rsa-3072,oaep-encrypt,925,347370,18754
rsa-3072,oaep-encrypt,926,347130,18741
rsa-3072,oaep-encrypt,927,356370,19240
rsa-3072,oaep-encrypt,928,348704,18825
rsa-3072,oaep-encrypt,929,347445,18758
rsa-3072,oaep-encrypt,930,347203,18744
rsa-3072,oaep-encrypt,931,347389,18756
rsa-3072,oaep-encrypt,932,347315,18750
rsa-3072,oaep-encrypt,933,347334,18753
rsa-3072,oaep-encrypt,934,347370,18754
rsa-3072,oaep-encrypt,935,347241,18747
rsa-3072,oaep-encrypt,936,347111,18740
rsa-3072,oaep-encrypt,937,347315,18751
rsa-3072,oaep-encrypt,938,347092,18739
rsa-3072,oaep-encrypt,939,356278,19234
rsa-3072,oaep-encrypt,940,348556,18819
rsa-3072,oaep-encrypt,941,347556,18763
rsa-3072,oaep-encrypt,942,347278,18749
rsa-3072,oaep-encrypt,943,347389,18754
rsa-3072,oaep-encrypt,944,347149,18742
rsa-3072,oaep-encrypt,945,347241,18747
rsa-3072,oaep-encrypt,946,347278,18750
rsa-3072,oaep-encrypt,947,347240,18747
rsa-3072,oaep-encrypt,948,347241,18747
rsa-3072,oaep-encrypt,949,349629,18874
rsa-3072,oaep-encrypt,950,356759,19261
rsa-3072,oaep-encrypt,951,349000,18843
rsa-3072,oaep-encrypt,952,347112,18739
rsa-3072,oaep-encrypt,953,347222,18746
rsa-3072,oaep-encrypt,954,347148,18742
rsa-3072,oaep-encrypt,955,347259,18747
rsa-3072,oaep-encrypt,956,347111,18741
rsa-3072,oaep-encrypt,957,347241,18747
rsa-3072,oaep-encrypt,958,347129,18741
rsa-3072,oaep-encrypt,959,347389,18754
rsa-3072,oaep-encrypt,960,347222,18746
rsa-3072,oaep-encrypt,961,356388,19241
rsa-3072,oaep-encrypt,962,348889,18835
rsa-3072,oaep-encrypt,963,347241,18746
rsa-3072,oaep-encrypt,964,347148,18741
rsa-3072,oaep-encrypt,965,347074,18738
rsa-3072,oaep-encrypt,966,347314,18750
rsa-3072,oaep-encrypt,967,347482,18760
rsa-3072,oaep-encrypt,968,347315,18750
rsa-3072,oaep-encrypt,969,347148,18742
rsa-3072,oaep-encrypt,970,347296,18750
rsa-3072,oaep-encrypt,971,347111,18740
rsa-3072,oaep-encrypt,972,347112,18740
rsa-3072,oaep-encrypt,973,356296,19235
rsa-3072,oaep-encrypt,974,348741,18827
rsa-3072,oaep-encrypt,975,347371,18754
rsa-3072,oaep-encrypt,976,347074,18737
rsa-3072,oaep-encrypt,977,347223,18746
rsa-3072,oaep-encrypt,978,347185,18743
rsa-3072,oaep-encrypt,979,347148,18741
rsa-3072,oaep-encrypt,980,347075,18737
rsa-3072,oaep-encrypt,981,347351,18753
rsa-3072,oaep-encrypt,982,347166,18743
rsa-3072,oaep-encrypt,983,347166,18743
rsa-3072,oaep-encrypt,984,357204,19284
rsa-3072,oaep-encrypt,985,348685,18825
rsa-3072,oaep-encrypt,986,347315,18751
rsa-3072,oaep-encrypt,987,347130,18741
rsa-3072,oaep-encrypt,988,347000,18733
rsa-3072,oaep-encrypt,989,347296,18750
rsa-3072,oaep-encrypt,990,347259,18748
rsa-3072,oaep-encrypt,991,347111,18741
rsa-3072,oaep-encrypt,992,347093,18739
rsa-3072,oaep-encrypt,993,347259,18748
rsa-3072,oaep-encrypt,994,347186,18744
rsa-3072,oaep-encrypt,995,356037,19221
rsa-3072,oaep-encrypt,996,348556,18817
rsa-3072,oaep-encrypt,997,347334,18752
rsa-3072,oaep-encrypt,998,347222,18746
rsa-3072,oaep-encrypt,999,347277,18749
rsa-3072,oaep-decrypt,0,18258963,985976
rsa-3072,oaep-decrypt,1,18247463,985357
rsa-3072,oaep-decrypt,2,18264074,986253
rsa-3072,oaep-decrypt,3,18244000,985171
rsa-3072,oaep-decrypt,4,18245704,985262
rsa-3072,oaep-decrypt,5,18244555,985202
rsa-3072,oaep-decrypt,6,18244852,985217
rsa-3072,oaep-decrypt,7,18239333,984918
rsa-3072,oaep-decrypt,8,18250111,985499
rsa-3072,oaep-decrypt,9,18239593,984933
rsa-3072,oaep-decrypt,10,18245334,985243
rsa-3072,oaep-decrypt,11,18246463,985303
rsa-3072,oaep-decrypt,12,18240203,984964
rsa-3072,oaep-decrypt,13,18244833,985216
rsa-3072,oaep-decrypt,14,18239982,984954
rsa-3072,oaep-decrypt,15,18250519,985521
rsa-3072,oaep-decrypt,16,18239056,984903
rsa-3072,oaep-decrypt,17,18244704,985209
rsa-3072,oaep-decrypt,18,18246907,985329
rsa-3072,oaep-decrypt,19,18239056,984904
rsa-3072,oaep-decrypt,20,21620889,1167520
rsa-3072,oaep-decrypt,21,18247352,985352
rsa-3072,oaep-decrypt,22,18252537,985629
rsa-3072,oaep-decrypt,23,18239055,984904
rsa-3072,oaep-decrypt,24,18261019,986091
rsa-3072,oaep-decrypt,25,18245963,985276
rsa-3072,oaep-decrypt,26,18245333,985243
rsa-3072,oaep-decrypt,27,18238797,984890
rsa-3072,oaep-decrypt,28,18252111,985610
rsa-3072,oaep-decrypt,29,18254167,985719
rsa-3072,oaep-decrypt,30,18245204,985235
rsa-3072,oaep-decrypt,31,18250333,985512
rsa-3072,oaep-decrypt,32,18243315,985133
rsa-3072,oaep-decrypt,33,18248982,985439
rsa-3072,oaep-decrypt,34,18240444,984980
rsa-3072,oaep-decrypt,35,18250000,985493
rsa-3072,oaep-decrypt,36,18244149,985180
rsa-3072,oaep-decrypt,37,18250686,985532
rsa-3072,oaep-decrypt,38,18253111,985662
rsa-3072,oaep-decrypt,39,18345203,990624
rsa-3072,oaep-decrypt,40,18250593,985527
rsa-3072,oaep-decrypt,41,18239611,984934
rsa-3072,oaep-decrypt,42,18267685,986447
rsa-3072,oaep-decrypt,43,18239630,984935
rsa-3072,oaep-decrypt,44,18246463,985303
rsa-3072,oaep-decrypt,45,18259334,985997
rsa-3072,oaep-decrypt,46,18272223,986686
rsa-3072,oaep-decrypt,47,18252482,985628
rsa-3072,oaep-decrypt,48,18240185,984965
rsa-3072,oaep-decrypt,49,18251426,985569
rsa-3072,oaep-decrypt,50,18249796,985484
rsa-3072,oaep-decrypt,51,18281537,987196
rsa-3072,oaep-decrypt,52,21661389,1169707
rsa-3072,oaep-decrypt,53,18246240,985292
rsa-3072,oaep-decrypt,54,18247685,985369
rsa-3072,oaep-decrypt,55,18239778,984943
rsa-3072,oaep-decrypt,56,18258130,985932
rsa-3072,oaep-decrypt,57,18247018,985334
rsa-3072,oaep-decrypt,58,18248093,985391
rsa-3072,oaep-decrypt,59,18243538,985145
rsa-3072,oaep-decrypt,60,18265778,986347
rsa-3072,oaep-decrypt,61,18245963,985277
rsa-3072,oaep-decrypt,62,18258741,985966
rsa-3072,oaep-decrypt,63,18251148,985558
rsa-3072,oaep-decrypt,64,18243185,985127
rsa-3072,oaep-decrypt,65,18247500,985358
rsa-3072,oaep-decrypt,66,18258666,985963
rsa-3072,oaep-decrypt,67,18246111,985284
rsa-3072,oaep-decrypt,68,18239852,984948
rsa-3072,oaep-decrypt,69,18251834,985591
rsa-3072,oaep-decrypt,70,18252796,985646
rsa-3072,oaep-decrypt,71,18262408,986166
rsa-3072,oaep-decrypt,72,18255426,985788
rsa-3072,oaep-decrypt,73,18243667,985152
rsa-3072,oaep-decrypt,74,18250111,985501
rsa-3072,oaep-decrypt,75,18245648,985261
rsa-3072,oaep-decrypt,76,18251259,985561
rsa-3072,oaep-decrypt,77,18258629,985959
rsa-3072,oaep-decrypt,78,18259481,986007
rsa-3072,oaep-decrypt,79,18251981,985601
rsa-3072,oaep-decrypt,80,18243352,985136
rsa-3072,oaep-decrypt,81,18249704,985478
rsa-3072,oaep-decrypt,82,18242962,985116
rsa-3072,oaep-decrypt,83,18251260,985562
rsa-3072,oaep-decrypt,84,21663426,1169819
rsa-3072,oaep-decrypt,85,18252426,985626
rsa-3072,oaep-decrypt,86,18245574,985257
rsa-3072,oaep-decrypt,87,18247111,985338
rsa-3072,oaep-decrypt,88,18246519,985306
rsa-3072,oaep-decrypt,89,18252574,985633
rsa-3072,oaep-decrypt,90,18250574,985526
rsa-3072,oaep-decrypt,91,18241741,985048
rsa-3072,oaep-decrypt,92,18245037,985227
rsa-3072,oaep-decrypt,93,18245593,985256
rsa-3072,oaep-decrypt,94,18340259,990365
rsa-3072,oaep-decrypt,95,18248611,985420
rsa-3072,oaep-decrypt,96,18252759,985643
rsa-3072,oaep-decrypt,97,18256037,985820
rsa-3072,oaep-decrypt,98,18243055,985119
rsa-3072,oaep-decrypt,99,18250111,985500
rsa-3072,oaep-decrypt,100,18242871,985110
rsa-3072,oaep-decrypt,101,18250259,985508
rsa-3072,oaep-decrypt,102,18243630,985150
rsa-3072,oaep-decrypt,103,18265852,986348
rsa-3072,oaep-decrypt,104,18252278,985618
rsa-3072,oaep-decrypt,105,18268704,986503
rsa-3072,oaep-decrypt,106,18250574,985526
rsa-3072,oaep-decrypt,107,18239889,984948
rsa-3072,oaep-decrypt,108,18252648,985636
rsa-3072,oaep-decrypt,109,18242555,985092
rsa-3072,oaep-decrypt,110,18251759,985588
rsa-3072,oaep-decrypt,111,18247259,985348
rsa-3072,oaep-decrypt,112,18240259,984969
rsa-3072,oaep-decrypt,113,18244944,985222
rsa-3072,oaep-decrypt,114,18239759,984941
rsa-3072,oaep-decrypt,115,18244778,985212
rsa-3072,oaep-decrypt,116,21610333,1166950
rsa-3072,oaep-decrypt,117,18246167,985289
rsa-3072,oaep-decrypt,118,18238982,984900
rsa-3072,oaep-decrypt,119,18249648,985475
rsa-3072,oaep-decrypt,120,18252166,985611
rsa-3072,oaep-decrypt,121,18246315,985296
rsa-3072,oaep-decrypt,122,18247630,985365
rsa-3072,oaep-decrypt,123,18245074,985226
rsa-3072,oaep-decrypt,124,18245889,985271
rsa-3072,oaep-decrypt,125,18239222,984913
rsa-3072,oaep-decrypt,126,18247908,985381
rsa-3072,oaep-decrypt,127,18257389,985894
rsa-3072,oaep-decrypt,128,18252167,985612
rsa-3072,oaep-decrypt,129,18268852,986513
rsa-3072,oaep-decrypt,130,18294019,987853
rsa-3072,oaep-decrypt,131,18264352,986268
rsa-3072,oaep-decrypt,132,18240815,984997
rsa-3072,oaep-decrypt,133,18245129,985232
rsa-3072,oaep-decrypt,134,18246278,985293
rsa-3072,oaep-decrypt,135,18246167,985288
rsa-3072,oaep-decrypt,136,18247815,985377
rsa-3072,oaep-decrypt,137,18257945,985921
rsa-3072,oaep-decrypt,138,18250722,985533
rsa-3072,oaep-decrypt,139,18243222,985129
rsa-3072,oaep-decrypt,140,18248018,985388
rsa-3072,oaep-decrypt,141,18239425,984924
rsa-3072,oaep-decrypt,142,18245907,985274
rsa-3072,oaep-decrypt,143,18239871,984948
rsa-3072,oaep-decrypt,144,18268759,986507
rsa-3072,oaep-decrypt,145,18270574,986605
rsa-3072,oaep-decrypt,146,18247500,985359
rsa-3072,oaep-decrypt,147,18252204,985612
rsa-3072,oaep-decrypt,148,21711518,1172414
rsa-3072,oaep-decrypt,149,18247148,985340
rsa-3072,oaep-decrypt,150,18258759,985965
rsa-3072,oaep-decrypt,151,18261241,986101
rsa-3072,oaep-decrypt,152,18241852,985054
rsa-3072,oaep-decrypt,153,18246130,985285
rsa-3072,oaep-decrypt,154,18238741,984886
rsa-3072,oaep-decrypt,155,18246574,985310
rsa-3072,oaep-decrypt,156,18244797,985215
rsa-3072,oaep-decrypt,157,18244352,985187
rsa-3072,oaep-decrypt,158,18245426,985248
rsa-3072,oaep-decrypt,159,18238741,984886
rsa-3072,oaep-decrypt,160,18245834,985269
rsa-3072,oaep-decrypt,161,18288223,987557
rsa-3072,oaep-decrypt,162,18246130,985286
rsa-3072,oaep-decrypt,163,18246777,985320
rsa-3072,oaep-decrypt,164,18245889,985270
rsa-3072,oaep-decrypt,165,18245629,985259
rsa-3072,oaep-decrypt,166,18238963,984900
rsa-3072,oaep-decrypt,167,18244963,985222
rsa-3072,oaep-decrypt,168,18239574,984930
rsa-3072,oaep-decrypt,169,18245185,985234
rsa-3072,oaep-decrypt,170,18238722,984887
rsa-3072,oaep-decrypt,171,18251982,985601
rsa-3072,oaep-decrypt,172,18251371,985568
rsa-3072,oaep-decrypt,173,18243111,985122
rsa-3072,oaep-decrypt,174,18249963,985493
rsa-3072,oaep-decrypt,175,18242871,985110
rsa-3072,oaep-decrypt,176,18246612,985312
rsa-3072,oaep-decrypt,177,18244148,985178
rsa-3072,oaep-decrypt,178,18246315,985296
rsa-3072,oaep-decrypt,179,18257871,985920
rsa-3072,oaep-decrypt,180,21556352,1164036
rsa-3072,oaep-decrypt,181,18250796,985537
rsa-3072,oaep-decrypt,182,18245426,985248
rsa-3072,oaep-decrypt,183,18249259,985454
rsa-3072,oaep-decrypt,184,18249982,985491
rsa-3072,oaep-decrypt,185,18246777,985321
rsa-3072,oaep-decrypt,186,18261333,986107
rsa-3072,oaep-decrypt,187,18253667,985692
rsa-3072,oaep-decrypt,188,18243518,985145
rsa-3072,oaep-decrypt,189,18245870,985273
rsa-3072,oaep-decrypt,190,18246944,985330
rsa-3072,oaep-decrypt,191,18245019,985224
rsa-3072,oaep-decrypt,192,18245018,985226
rsa-3072,oaep-decrypt,193,18238815,984890
rsa-3072,oaep-decrypt,194,18245056,985228
rsa-3072,oaep-decrypt,195,18248704,985425
rsa-3072,oaep-decrypt,196,18251648,985583
rsa-3072,oaep-decrypt,197,18256389,985838
rsa-3072,oaep-decrypt,198,18263018,986197
rsa-3072,oaep-decrypt,199,18254166,985719
rsa-3072,oaep-decrypt,200,18240592,984987
rsa-3072,oaep-decrypt,201,18244963,985223
rsa-3072,oaep-decrypt,202,18243537,985145
rsa-3072,oaep-decrypt,203,18330426,989834
rsa-3072,oaep-decrypt,204,18258667,985960
rsa-3072,oaep-decrypt,205,18251908,985597
rsa-3072,oaep-decrypt,206,18249519,985469
rsa-3072,oaep-decrypt,207,18243482,985144
rsa-3072,oaep-decrypt,208,18250056,985498
rsa-3072,oaep-decrypt,209,18243519,985145
rsa-3072,oaep-decrypt,210,18250056,985496
rsa-3072,oaep-decrypt,211,18249296,985455
rsa-3072,oaep-decrypt,212,21580408,1165336
rsa-3072,oaep-decrypt,213,18239703,984939
rsa-3072,oaep-decrypt,214,18246296,985295
rsa-3072,oaep-decrypt,215,18269241,986532
rsa-3072,oaep-decrypt,216,18240685,984991
rsa-3072,oaep-decrypt,217,18245093,985230
rsa-3072,oaep-decrypt,218,18259037,985980
rsa-3072,oaep-decrypt,219,18249537,985470
rsa-3072,oaep-decrypt,220,18241093,985014
rsa-3072,oaep-decrypt,221,18245074,985229
rsa-3072,oaep-decrypt,222,18238815,984891
rsa-3072,oaep-decrypt,223,18244926,985220
rsa-3072,oaep-decrypt,224,18251575,985579
rsa-3072,oaep-decrypt,225,18242463,985088
rsa-3072,oaep-decrypt,226,18267278,986428
rsa-3072,oaep-decrypt,227,18250352,985514
rsa-3072,oaep-decrypt,228,18250388,985514
rsa-3072,oaep-decrypt,229,18244037,985172
rsa-3072,oaep-decrypt,230,18250981,985548
rsa-3072,oaep-decrypt,231,18253962,985708
rsa-3072,oaep-decrypt,232,18239611,984934
rsa-3072,oaep-decrypt,233,18257222,985884
rsa-3072,oaep-decrypt,234,18240722,984994
rsa-3072,oaep-decrypt,235,18245926,985275
rsa-3072,oaep-decrypt,236,18239055,984904
rsa-3072,oaep-decrypt,237,18245741,985265
rsa-3072,oaep-decrypt,238,18244722,985209
rsa-3072,oaep-decrypt,239,18245666,985259
rsa-3072,oaep-decrypt,240,18246241,985291
rsa-3072,oaep-decrypt,241,18251759,985589
rsa-3072,oaep-decrypt,242,18246260,985293
rsa-3072,oaep-decrypt,243,18247222,985345
rsa-3072,oaep-decrypt,244,21621926,1167577
rsa-3072,oaep-decrypt,245,18245222,985236
rsa-3072,oaep-decrypt,246,18244833,985215
rsa-3072,oaep-decrypt,247,18249555,985471
rsa-3072,oaep-decrypt,248,18254389,985731
rsa-3072,oaep-decrypt,249,18251500,985575
rsa-3072,oaep-decrypt,250,18240019,984956
rsa-3072,oaep-decrypt,251,18251703,985585
rsa-3072,oaep-decrypt,252,18247778,985374
rsa-3072,oaep-decrypt,253,18246982,985332
rsa-3072,oaep-decrypt,254,18239092,984905
rsa-3072,oaep-decrypt,255,18245259,985239
rsa-3072,oaep-decrypt,256,18243704,985156
rsa-3072,oaep-decrypt,257,18343444,990530
rsa-3072,oaep-decrypt,258,18261833,986133
rsa-3072,oaep-decrypt,259,18241648,985043
rsa-3072,oaep-decrypt,260,18245333,985244
rsa-3072,oaep-decrypt,261,18239037,984903
rsa-3072,oaep-decrypt,262,18245314,985242
rsa-3072,oaep-decrypt,263,18239259,984914
rsa-3072,oaep-decrypt,264,18245815,985268
rsa-3072,oaep-decrypt,265,18252389,985620
rsa-3072,oaep-decrypt,266,18239296,984918
rsa-3072,oaep-decrypt,267,18245370,985245
rsa-3072,oaep-decrypt,268,18244482,985195
rsa-3072,oaep-decrypt,269,18246870,985325
rsa-3072,oaep-decrypt,270,18248408,985408
rsa-3072,oaep-decrypt,271,18251426,985572
rsa-3072,oaep-decrypt,272,18244592,985201
rsa-3072,oaep-decrypt,273,18244834,985216
rsa-3072,oaep-decrypt,274,18255685,985801
rsa-3072,oaep-decrypt,275,18242944,985113
rsa-3072,oaep-decrypt,276,21674537,1170419
rsa-3072,oaep-decrypt,277,18240000,984955
rsa-3072,oaep-decrypt,278,18250315,985511
rsa-3072,oaep-decrypt,279,18239351,984920
rsa-3072,oaep-decrypt,280,18250907,985544
rsa-3072,oaep-decrypt,281,18244648,985205
rsa-3072,oaep-decrypt,282,18248666,985423
rsa-3072,oaep-decrypt,283,18251592,985579
rsa-3072,oaep-decrypt,284,18242648,985098
rsa-3072,oaep-decrypt,285,18251611,985579
rsa-3072,oaep-decrypt,286,18239093,984907
rsa-3072,oaep-decrypt,287,18245889,985272
rsa-3072,oaep-decrypt,288,18238944,984897
rsa-3072,oaep-decrypt,289,18246352,985298
rsa-3072,oaep-decrypt,290,18239445,984920
rsa-3072,oaep-decrypt,291,18263593,986229
rsa-3072,oaep-decrypt,292,18259481,986005
rsa-3072,oaep-decrypt,293,18239685,984939
rsa-3072,oaep-decrypt,294,18246186,985288
rsa-3072,oaep-decrypt,295,18239148,984908
rsa-3072,oaep-decrypt,296,18246093,985283
rsa-3072,oaep-decrypt,297,18239315,984918
rsa-3072,oaep-decrypt,298,18245704,985262
rsa-3072,oaep-decrypt,299,18252481,985626
rsa-3072,oaep-decrypt,300,18240278,984970
rsa-3072,oaep-decrypt,301,18260593,986066
rsa-3072,oaep-decrypt,302,18243556,985147
rsa-3072,oaep-decrypt,303,18253241,985671
rsa-3072,oaep-decrypt,304,18243833,985161
rsa-3072,oaep-decrypt,305,18249149,985449
rsa-3072,oaep-decrypt,306,18249370,985458
rsa-3072,oaep-decrypt,307,18249037,985444
rsa-3072,oaep-decrypt,308,21700944,1171844
rsa-3072,oaep-decrypt,309,18250760,985536
rsa-3072,oaep-decrypt,310,18247278,985347
rsa-3072,oaep-decrypt,311,18325889,989589
rsa-3072,oaep-decrypt,312,18254648,985746
rsa-3072,oaep-decrypt,313,18239981,984954
rsa-3072,oaep-decrypt,314,18244944,985222
rsa-3072,oaep-decrypt,315,18239389,984921
rsa-3072,oaep-decrypt,316,18246704,985317
rsa-3072,oaep-decrypt,317,18269074,986524
rsa-3072,oaep-decrypt,318,18243759,985158
rsa-3072,oaep-decrypt,319,18250741,985533
rsa-3072,oaep-decrypt,320,18253833,985702
rsa-3072,oaep-decrypt,321,18246407,985301
rsa-3072,oaep-decrypt,322,18239741,984939
rsa-3072,oaep-decrypt,323,18245296,985240
rsa-3072,oaep-decrypt,324,18245260,985239
rsa-3072,oaep-decrypt,325,18271445,986652
rsa-3072,oaep-decrypt,326,18251204,985559
rsa-3072,oaep-decrypt,327,18239297,984917
rsa-3072,oaep-decrypt,328,18245204,985235
rsa-3072,oaep-decrypt,329,18239055,984904
rsa-3072,oaep-decrypt,330,18244926,985220
rsa-3072,oaep-decrypt,331,18238963,984900
rsa-3072,oaep-decrypt,332,18244574,985203
rsa-3072,oaep-decrypt,333,18251963,985600
rsa-3072,oaep-decrypt,334,18239334,984918
rsa-3072,oaep-decrypt,335,18245185,985235
rsa-3072,oaep-decrypt,336,18238889,984895
rsa-3072,oaep-decrypt,337,18245778,985266
rsa-3072,oaep-decrypt,338,18238833,984892
rsa-3072,oaep-decrypt,339,18256445,985840
rsa-3072,oaep-decrypt,340,21614889,1167198
rsa-3072,oaep-decrypt,341,18250778,985537
rsa-3072,oaep-decrypt,342,18242408,985085
rsa-3072,oaep-decrypt,343,18263314,986212
rsa-3072,oaep-decrypt,344,18275074,986848
rsa-3072,oaep-decrypt,345,18247334,985349
rsa-3072,oaep-decrypt,346,18266945,986408
rsa-3072,oaep-decrypt,347,18240166,984964
rsa-3072,oaep-decrypt,348,18245241,985239
rsa-3072,oaep-decrypt,349,18239555,984930
rsa-3072,oaep-decrypt,350,18245278,985240
rsa-3072,oaep-decrypt,351,18247407,985354
rsa-3072,oaep-decrypt,352,18239667,984936
rsa-3072,oaep-decrypt,353,18263426,986217
rsa-3072,oaep-decrypt,354,18261500,986116
rsa-3072,oaep-decrypt,355,18267426,986436
rsa-3072,oaep-decrypt,356,18239481,984928
rsa-3072,oaep-decrypt,357,18251426,985573
rsa-3072,oaep-decrypt,358,18240740,984994
rsa-3072,oaep-decrypt,359,18252797,985647
rsa-3072,oaep-decrypt,360,18255351,985781
rsa-3072,oaep-decrypt,361,18246889,985326
rsa-3072,oaep-decrypt,362,18267278,986426
rsa-3072,oaep-decrypt,363,18245333,985243
rsa-3072,oaep-decrypt,364,18249556,985471
rsa-3072,oaep-decrypt,365,18244815,985214
rsa-3072,oaep-decrypt,366,18336500,990154
rsa-3072,oaep-decrypt,367,18249000,985442
rsa-3072,oaep-decrypt,368,18248870,985433
rsa-3072,oaep-decrypt,369,18246500,985305
rsa-3072,oaep-decrypt,370,18239778,984943
rsa-3072,oaep-decrypt,371,18245111,985232
rsa-3072,oaep-decrypt,372,21700408,1171816
rsa-3072,oaep-decrypt,373,18252092,985605
rsa-3072,oaep-decrypt,374,18248908,985436
rsa-3072,oaep-decrypt,375,18246074,985283
rsa-3072,oaep-decrypt,376,18255797,985807
rsa-3072,oaep-decrypt,377,18240333,984973
rsa-3072,oaep-decrypt,378,18246612,985312
rsa-3072,oaep-decrypt,379,18246833,985323
rsa-3072,oaep-decrypt,380,18257778,985913
rsa-3072,oaep-decrypt,381,18257611,985907
rsa-3072,oaep-decrypt,382,18252370,985623
rsa-3072,oaep-decrypt,383,18243000,985116
rsa-3072,oaep-decrypt,384,18246370,985298
rsa-3072,oaep-decrypt,385,18258648,985962
rsa-3072,oaep-decrypt,386,18243167,985125
rsa-3072,oaep-decrypt,387,18254129,985716
rsa-3072,oaep-decrypt,388,18243204,985127
rsa-3072,oaep-decrypt,389,18249000,985441
rsa-3072,oaep-decrypt,390,18243149,985125
rsa-3072,oaep-decrypt,391,18246759,985319
rsa-3072,oaep-decrypt,392,18246963,985330
rsa-3072,oaep-decrypt,393,18247593,985363
rsa-3072,oaep-decrypt,394,18251241,985562
rsa-3072,oaep-decrypt,395,18244463,985195
rsa-3072,oaep-decrypt,396,18249111,985448
rsa-3072,oaep-decrypt,397,18242982,985116
rsa-3072,oaep-decrypt,398,18248759,985428
rsa-3072,oaep-decrypt,399,18240222,984967
rsa-3072,oaep-decrypt,400,18250574,985524
rsa-3072,oaep-decrypt,401,18261981,986142
rsa-3072,oaep-decrypt,402,18262796,986186
rsa-3072,oaep-decrypt,403,18254222,985722
rsa-3072,oaep-decrypt,404,21584370,1165550
rsa-3072,oaep-decrypt,405,18258537,985955
rsa-3072,oaep-decrypt,406,18243296,985133
rsa-3072,oaep-decrypt,407,18273592,986767
rsa-3072,oaep-decrypt,408,18245889,985272
rsa-3072,oaep-decrypt,409,18268482,986490
rsa-3072,oaep-decrypt,410,18255111,985769
rsa-3072,oaep-decrypt,411,18246074,985282
rsa-3072,oaep-decrypt,412,18246278,985295
rsa-3072,oaep-decrypt,413,18239629,984934
rsa-3072,oaep-decrypt,414,18252797,985644
rsa-3072,oaep-decrypt,415,18258018,985927
rsa-3072,oaep-decrypt,416,18250871,985542
rsa-3072,oaep-decrypt,417,18261852,986134
rsa-3072,oaep-decrypt,418,18253111,985663
rsa-3072,oaep-decrypt,419,18250907,985544
rsa-3072,oaep-decrypt,420,18344297,990583
rsa-3072,oaep-decrypt,421,18249037,985444
rsa-3072,oaep-decrypt,422,18245852,985271
rsa-3072,oaep-decrypt,423,18250889,985542
rsa-3072,oaep-decrypt,424,18241834,985053
rsa-3072,oaep-decrypt,425,18262203,986153
rsa-3072,oaep-decrypt,426,18253666,985693
rsa-3072,oaep-decrypt,427,18254796,985752
rsa-3072,oaep-decrypt,428,18262000,986142
rsa-3072,oaep-decrypt,429,18239259,984914
rsa-3072,oaep-decrypt,430,18245871,985271
rsa-3072,oaep-decrypt,431,18239241,984912
rsa-3072,oaep-decrypt,432,18259092,985986
rsa-3072,oaep-decrypt,433,18288889,987594
rsa-3072,oaep-decrypt,434,18250852,985538
rsa-3072,oaep-decrypt,435,18246278,985293
rsa-3072,oaep-decrypt,436,21616315,1167275
rsa-3072,oaep-decrypt,437,18268851,986513
rsa-3072,oaep-decrypt,438,18247426,985356
rsa-3072,oaep-decrypt,439,18262907,986192
rsa-3072,oaep-decrypt,440,18243204,985128
rsa-3072,oaep-decrypt,441,18251000,985546
rsa-3072,oaep-decrypt,442,18239185,984911
rsa-3072,oaep-decrypt,443,18248389,985407
rsa-3072,oaep-decrypt,444,18247315,985349
rsa-3072,oaep-decrypt,445,18239703,984939
rsa-3072,oaep-decrypt,446,18245055,985229
rsa-3072,oaep-decrypt,447,18244685,985207
rsa-3072,oaep-decrypt,448,18263093,986200
rsa-3072,oaep-decrypt,449,18243314,985135
rsa-3072,oaep-decrypt,450,18245704,985262
rsa-3072,oaep-decrypt,451,18248630,985421
rsa-3072,oaep-decrypt,452,18239463,984926
rsa-3072,oaep-decrypt,453,18244851,985217
rsa-3072,oaep-decrypt,454,18244315,985186
rsa-3072,oaep-decrypt,455,18261130,986096
rsa-3072,oaep-decrypt,456,18262778,986184
rsa-3072,oaep-decrypt,457,18251981,985603
rsa-3072,oaep-decrypt,458,18243334,985134
rsa-3072,oaep-decrypt,459,18244815,985215
rsa-3072,oaep-decrypt,460,18247685,985370
rsa-3072,oaep-decrypt,461,18244648,985204
rsa-3072,oaep-decrypt,462,18245037,985227
rsa-3072,oaep-decrypt,463,18239111,984906
rsa-3072,oaep-decrypt,464,18245870,985272
rsa-3072,oaep-decrypt,465,18258963,985979
rsa-3072,oaep-decrypt,466,18245463,985249
rsa-3072,oaep-decrypt,467,18247407,985353
rsa-3072,oaep-decrypt,468,21597870,1166277
rsa-3072,oaep-decrypt,469,18239352,984919
rsa-3072,oaep-decrypt,470,18244648,985205
rsa-3072,oaep-decrypt,471,18250796,985538
rsa-3072,oaep-decrypt,472,18243260,985130
rsa-3072,oaep-decrypt,473,18244722,985210
rsa-3072,oaep-decrypt,474,18243852,985161
rsa-3072,oaep-decrypt,475,18332963,989972
rsa-3072,oaep-decrypt,476,18258463,985952
rsa-3072,oaep-decrypt,477,18262852,986190
rsa-3072,oaep-decrypt,478,18252556,985633
rsa-3072,oaep-decrypt,479,18243963,985167
rsa-3072,oaep-decrypt,480,18257741,985912
rsa-3072,oaep-decrypt,481,18255074,985767
rsa-3072,oaep-decrypt,482,18267037,986415
rsa-3072,oaep-decrypt,483,18243333,985135
rsa-3072,oaep-decrypt,484,18261352,986108
rsa-3072,oaep-decrypt,485,18246296,985294
rsa-3072,oaep-decrypt,486,18239574,984931
rsa-3072,oaep-decrypt,487,18271834,986672
rsa-3072,oaep-decrypt,488,18246204,985288
rsa-3072,oaep-decrypt,489,18250852,985542
rsa-3072,oaep-decrypt,490,18243056,985120
rsa-3072,oaep-decrypt,491,18255148,985773
rsa-3072,oaep-decrypt,492,18240000,984954
rsa-3072,oaep-decrypt,493,18244778,985214
rsa-3072,oaep-decrypt,494,18246926,985329
rsa-3072,oaep-decrypt,495,18244759,985211
rsa-3072,oaep-decrypt,496,18244556,985200
rsa-3072,oaep-decrypt,497,18239000,984900
rsa-3072,oaep-decrypt,498,18255760,985806
rsa-3072,oaep-decrypt,499,18242037,985066
rsa-3072,oaep-decrypt,500,21676222,1170510
rsa-3072,oaep-decrypt,501,18245370,985243
rsa-3072,oaep-decrypt,502,18246593,985310
rsa-3072,oaep-decrypt,503,18247148,985341
rsa-3072,oaep-decrypt,504,18239111,984907
rsa-3072,oaep-decrypt,505,18245000,985225
rsa-3072,oaep-decrypt,506,18238888,984894
rsa-3072,oaep-decrypt,507,18245963,985276
rsa-3072,oaep-decrypt,508,18263222,986207
rsa-3072,oaep-decrypt,509,18251388,985570
rsa-3072,oaep-decrypt,510,18243408,985139
rsa-3072,oaep-decrypt,511,18248630,985419
rsa-3072,oaep-decrypt,512,18248315,985403
rsa-3072,oaep-decrypt,513,18246000,985279
rsa-3072,oaep-decrypt,514,18249055,985443
rsa-3072,oaep-decrypt,515,18256130,985824
rsa-3072,oaep-decrypt,516,18253907,985706
rsa-3072,oaep-decrypt,517,18244037,985172
rsa-3072,oaep-decrypt,518,18248963,985439
rsa-3072,oaep-decrypt,519,18251334,985565
rsa-3072,oaep-decrypt,520,18241315,985025
rsa-3072,oaep-decrypt,521,18254278,985725
rsa-3072,oaep-decrypt,522,18249315,985456
rsa-3072,oaep-decrypt,523,18246555,985307
rsa-3072,oaep-decrypt,524,18257426,985895
rsa-3072,oaep-decrypt,525,18244666,985207
rsa-3072,oaep-decrypt,526,18238500,984873
rsa-3072,oaep-decrypt,527,18244815,985214
rsa-3072,oaep-decrypt,528,18251537,985575
rsa-3072,oaep-decrypt,529,18329648,989794
rsa-3072,oaep-decrypt,530,18247815,985376
rsa-3072,oaep-decrypt,531,18239092,984906
rsa-3072,oaep-decrypt,532,21658297,1169541
rsa-3072,oaep-decrypt,533,18245907,985274
rsa-3072,oaep-decrypt,534,18249296,985457
rsa-3072,oaep-decrypt,535,18278352,987019
rsa-3072,oaep-decrypt,536,18267741,986450
rsa-3072,oaep-decrypt,537,18251296,985565
rsa-3072,oaep-decrypt,538,18240000,984955
rsa-3072,oaep-decrypt,539,18253297,985672
rsa-3072,oaep-decrypt,540,18246852,985323
rsa-3072,oaep-decrypt,541,18276130,986905
rsa-3072,oaep-decrypt,542,18246222,985289
rsa-3072,oaep-decrypt,543,18245593,985256
rsa-3072,oaep-decrypt,544,18239389,984922
rsa-3072,oaep-decrypt,545,18250722,985527
rsa-3072,oaep-decrypt,546,18267981,986465
rsa-3072,oaep-decrypt,547,18262223,986154
rsa-3072,oaep-decrypt,548,18254148,985718
rsa-3072,oaep-decrypt,549,18248741,985419
rsa-3072,oaep-decrypt,550,18261722,986128
rsa-3072,oaep-decrypt,551,18246000,985278
rsa-3072,oaep-decrypt,552,18247018,985335
rsa-3072,oaep-decrypt,553,18263130,986204
rsa-3072,oaep-decrypt,554,18259055,985984
rsa-3072,oaep-decrypt,555,18267277,986425
rsa-3072,oaep-decrypt,556,18261630,986122
rsa-3072,oaep-decrypt,557,18250518,985523
rsa-3072,oaep-decrypt,558,18243444,985141
rsa-3072,oaep-decrypt,559,18250241,985508
rsa-3072,oaep-decrypt,560,18250741,985535
rsa-3072,oaep-decrypt,561,18239834,984946
rsa-3072,oaep-decrypt,562,18261092,986092
rsa-3072,oaep-decrypt,563,18261222,986101
rsa-3072,oaep-decrypt,564,21662037,1169743
rsa-3072,oaep-decrypt,565,18239778,984943
rsa-3072,oaep-decrypt,566,18244796,985214
rsa-3072,oaep-decrypt,567,18239074,984905
rsa-3072,oaep-decrypt,568,18245111,985231
rsa-3072,oaep-decrypt,569,18244500,985196
rsa-3072,oaep-decrypt,570,18262574,986174
rsa-3072,oaep-decrypt,571,18264685,986289
rsa-3072,oaep-decrypt,572,18243352,985136
rsa-3072,oaep-decrypt,573,18250352,985513
rsa-3072,oaep-decrypt,574,18238778,984888
rsa-3072,oaep-decrypt,575,18245186,985235
rsa-3072,oaep-decrypt,576,18244667,985206
rsa-3072,oaep-decrypt,577,18251111,985555
rsa-3072,oaep-decrypt,578,18248667,985423
rsa-3072,oaep-decrypt,579,18241370,985027
rsa-3072,oaep-decrypt,580,18263185,986207
rsa-3072,oaep-decrypt,581,18239074,984905
rsa-3072,oaep-decrypt,582,18250074,985498
rsa-3072,oaep-decrypt,583,18258648,985962
rsa-3072,oaep-decrypt,584,18360407,991453
rsa-3072,oaep-decrypt,585,18245000,985224
rsa-3072,oaep-decrypt,586,18251185,985560
rsa-3072,oaep-decrypt,587,18245611,985257
rsa-3072,oaep-decrypt,588,18239296,984916
rsa-3072,oaep-decrypt,589,18253852,985701
rsa-3072,oaep-decrypt,590,18242611,985095
rsa-3072,oaep-decrypt,591,18254685,985747
rsa-3072,oaep-decrypt,592,18243981,985170
rsa-3072,oaep-decrypt,593,18246425,985302
rsa-3072,oaep-decrypt,594,18246834,985324
rsa-3072,oaep-decrypt,595,18240074,984958
rsa-3072,oaep-decrypt,596,21683722,1170914
rsa-3072,oaep-decrypt,597,18275203,986854
rsa-3072,oaep-decrypt,598,18246333,985297
rsa-3072,oaep-decrypt,599,18247704,985372
rsa-3072,oaep-decrypt,600,18250166,985504
rsa-3072,oaep-decrypt,601,18240389,984975
rsa-3072,oaep-decrypt,602,18245556,985254
rsa-3072,oaep-decrypt,603,18245296,985239
rsa-3072,oaep-decrypt,604,18270166,986582
rsa-3072,oaep-decrypt,605,18250870,985543
rsa-3072,oaep-decrypt,606,18244333,985189
rsa-3072,oaep-decrypt,607,18263296,986213
rsa-3072,oaep-decrypt,608,18250371,985515
rsa-3072,oaep-decrypt,609,18255000,985763
rsa-3072,oaep-decrypt,610,18241556,985037
rsa-3072,oaep-decrypt,611,18244926,985222
rsa-3072,oaep-decrypt,612,18247389,985353
rsa-3072,oaep-decrypt,613,18245426,985247
rsa-3072,oaep-decrypt,614,18246981,985330
rsa-3072,oaep-decrypt,615,18239148,984908
rsa-3072,oaep-decrypt,616,18251112,985553
rsa-3072,oaep-decrypt,617,18239129,984908
rsa-3072,oaep-decrypt,618,18245760,985265
rsa-3072,oaep-decrypt,619,18238963,984898
rsa-3072,oaep-decrypt,620,18247296,985348
rsa-3072,oaep-decrypt,621,18246722,985319
rsa-3072,oaep-decrypt,622,18239037,984903
rsa-3072,oaep-decrypt,623,18250945,985544
rsa-3072,oaep-decrypt,624,18239203,984912
rsa-3072,oaep-decrypt,625,18245778,985266
rsa-3072,oaep-decrypt,626,18256019,985820
rsa-3072,oaep-decrypt,627,18254482,985737
rsa-3072,oaep-decrypt,628,21606759,1166758
rsa-3072,oaep-decrypt,629,18250297,985511
rsa-3072,oaep-decrypt,630,18263074,986199
rsa-3072,oaep-decrypt,631,18261648,986125
rsa-3072,oaep-decrypt,632,18258389,985949
rsa-3072,oaep-decrypt,633,18243334,985136
rsa-3072,oaep-decrypt,634,18245093,985230
rsa-3072,oaep-decrypt,635,18238797,984890
rsa-3072,oaep-decrypt,636,18256167,985826
rsa-3072,oaep-decrypt,637,18248074,985392
rsa-3072,oaep-decrypt,638,18360389,991452
rsa-3072,oaep-decrypt,639,18253074,985662
rsa-3072,oaep-decrypt,640,18247296,985348
rsa-3072,oaep-decrypt,641,18246685,985316
rsa-3072,oaep-decrypt,642,18239315,984917
rsa-3072,oaep-decrypt,643,18252796,985644
rsa-3072,oaep-decrypt,644,18238685,984884
rsa-3072,oaep-decrypt,645,18245889,985272
rsa-3072,oaep-decrypt,646,18247000,985332
rsa-3072,oaep-decrypt,647,18247333,985351
rsa-3072,oaep-decrypt,648,18246593,985310
rsa-3072,oaep-decrypt,649,18261778,986131
rsa-3072,oaep-decrypt,650,18260166,986041
rsa-3072,oaep-decrypt,651,18243260,985132
rsa-3072,oaep-decrypt,652,18248111,985393
rsa-3072,oaep-decrypt,653,18246870,985326
rsa-3072,oaep-decrypt,654,18262148,986151
rsa-3072,oaep-decrypt,655,18252963,985654
rsa-3072,oaep-decrypt,656,18243018,985119
rsa-3072,oaep-decrypt,657,18260463,986058
rsa-3072,oaep-decrypt,658,18243278,985133
rsa-3072,oaep-decrypt,659,18249260,985454
rsa-3072,oaep-decrypt,660,21601129,1166455
rsa-3072,oaep-decrypt,661,18245223,985237
rsa-3072,oaep-decrypt,662,18240000,984954
rsa-3072,oaep-decrypt,663,18250389,985514
rsa-3072,oaep-decrypt,664,18248056,985388
rsa-3072,oaep-decrypt,665,18239000,984900
rsa-3072,oaep-decrypt,666,18246203,985289
rsa-3072,oaep-decrypt,667,18243833,985161
rsa-3072,oaep-decrypt,668,18245908,985274
rsa-3072,oaep-decrypt,669,18244186,985182
rsa-3072,oaep-decrypt,670,18253407,985676
rsa-3072,oaep-decrypt,671,18250296,985511
rsa-3072,oaep-decrypt,672,18247482,985360
rsa-3072,oaep-decrypt,673,18262833,986189
rsa-3072,oaep-decrypt,674,18242222,985074
rsa-3072,oaep-decrypt,675,18244796,985213
rsa-3072,oaep-decrypt,676,18239815,984944
rsa-3072,oaep-decrypt,677,18252777,985644
rsa-3072,oaep-decrypt,678,18258889,985974
rsa-3072,oaep-decrypt,679,18248093,985392
rsa-3072,oaep-decrypt,680,18252648,985637
rsa-3072,oaep-decrypt,681,18254963,985763
rsa-3072,oaep-decrypt,682,18245870,985271
rsa-3072,oaep-decrypt,683,18249259,985454
rsa-3072,oaep-decrypt,684,18251129,985553
rsa-3072,oaep-decrypt,685,18238722,984887
rsa-3072,oaep-decrypt,686,18256611,985852
rsa-3072,oaep-decrypt,687,18271018,986619
rsa-3072,oaep-decrypt,688,18273814,986768
rsa-3072,oaep-decrypt,689,18250945,985543
rsa-3072,oaep-decrypt,690,18248222,985398
rsa-3072,oaep-decrypt,691,18256296,985834
rsa-3072,oaep-decrypt,692,21639111,1168505
rsa-3072,oaep-decrypt,693,18352500,991026
rsa-3072,oaep-decrypt,694,18242574,985092
rsa-3072,oaep-decrypt,695,18257463,985898
rsa-3072,oaep-decrypt,696,18242574,985094
rsa-3072,oaep-decrypt,697,18251463,985572
rsa-3072,oaep-decrypt,698,18245852,985270
rsa-3072,oaep-decrypt,699,18239518,984929
rsa-3072,oaep-decrypt,700,18245611,985256
rsa-3072,oaep-decrypt,701,18239074,984904
rsa-3072,oaep-decrypt,702,18246167,985288
rsa-3072,oaep-decrypt,703,18256926,985868
rsa-3072,oaep-decrypt,704,18250537,985522
rsa-3072,oaep-decrypt,705,18291186,987718
rsa-3072,oaep-decrypt,706,18239722,984939
rsa-3072,oaep-decrypt,707,18245444,985249
rsa-3072,oaep-decrypt,708,18247630,985367
rsa-3072,oaep-decrypt,709,18245630,985260
rsa-3072,oaep-decrypt,710,18249593,985473
rsa-3072,oaep-decrypt,711,18273333,986753
rsa-3072,oaep-decrypt,712,18271038,986631
rsa-3072,oaep-decrypt,713,18251130,985555
rsa-3072,oaep-decrypt,714,18247333,985351
rsa-3072,oaep-decrypt,715,18238870,984895
rsa-3072,oaep-decrypt,716,18245889,985272
rsa-3072,oaep-decrypt,717,18243203,985128
rsa-3072,oaep-decrypt,718,18266982,986409
rsa-3072,oaep-decrypt,719,18239222,984914
rsa-3072,oaep-decrypt,720,18248519,985414
rsa-3072,oaep-decrypt,721,18248630,985420
rsa-3072,oaep-decrypt,722,18239297,984916
rsa-3072,oaep-decrypt,723,18252796,985645
rsa-3072,oaep-decrypt,724,21608278,1166835
rsa-3072,oaep-decrypt,725,18267833,986459
rsa-3072,oaep-decrypt,726,18250352,985513
rsa-3072,oaep-decrypt,727,18248593,985419
rsa-3072,oaep-decrypt,728,18241611,985042
rsa-3072,oaep-decrypt,729,18245185,985235
rsa-3072,oaep-decrypt,730,18250667,985531
rsa-3072,oaep-decrypt,731,18264148,986257
rsa-3072,oaep-decrypt,732,18246092,985285
rsa-3072,oaep-decrypt,733,18260963,986087
rsa-3072,oaep-decrypt,734,18254722,985750
rsa-3072,oaep-decrypt,735,18247630,985365
rsa-3072,oaep-decrypt,736,18249148,985449
rsa-3072,oaep-decrypt,737,18241074,985013
rsa-3072,oaep-decrypt,738,18258907,985974
rsa-3072,oaep-decrypt,739,18257851,985919
rsa-3072,oaep-decrypt,740,18239723,984940
rsa-3072,oaep-decrypt,741,18245519,985253
rsa-3072,oaep-decrypt,742,18238740,984887
rsa-3072,oaep-decrypt,743,18245704,985262
rsa-3072,oaep-decrypt,744,18238834,984892
rsa-3072,oaep-decrypt,745,18251351,985565
rsa-3072,oaep-decrypt,746,18260185,986044
rsa-3072,oaep-decrypt,747,18325186,989551
rsa-3072,oaep-decrypt,748,18257259,985888
rsa-3072,oaep-decrypt,749,18245018,985224
rsa-3072,oaep-decrypt,750,18245407,985247
rsa-3072,oaep-decrypt,751,18245204,985234
rsa-3072,oaep-decrypt,752,18245500,985252
rsa-3072,oaep-decrypt,753,18243797,985161
rsa-3072,oaep-decrypt,754,18245000,985226
rsa-3072,oaep-decrypt,755,18246537,985309
rsa-3072,oaep-decrypt,756,21646870,1168924
rsa-3072,oaep-decrypt,757,18252426,985625
rsa-3072,oaep-decrypt,758,18267463,986435
rsa-3072,oaep-decrypt,759,18268352,986485
rsa-3072,oaep-decrypt,760,18254408,985733
rsa-3072,oaep-decrypt,761,18249741,985482
rsa-3072,oaep-decrypt,762,18243314,985134
rsa-3072,oaep-decrypt,763,18245815,985268
rsa-3072,oaep-decrypt,764,18246111,985285
rsa-3072,oaep-decrypt,765,18245945,985273
rsa-3072,oaep-decrypt,766,18267796,986456
rsa-3072,oaep-decrypt,767,18253315,985673
rsa-3072,oaep-decrypt,768,18246797,985323
rsa-3072,oaep-decrypt,769,18252000,985603
rsa-3072,oaep-decrypt,770,18249222,985453
rsa-3072,oaep-decrypt,771,18244611,985204
rsa-3072,oaep-decrypt,772,18254093,985715
rsa-3072,oaep-decrypt,773,18247148,985340
rsa-3072,oaep-decrypt,774,18249093,985446
rsa-3072,oaep-decrypt,775,18245740,985265
rsa-3072,oaep-decrypt,776,18239000,984902
rsa-3072,oaep-decrypt,777,18245000,985226
rsa-3072,oaep-decrypt,778,18243722,985155
rsa-3072,oaep-decrypt,779,18245241,985237
rsa-3072,oaep-decrypt,780,18246167,985287
rsa-3072,oaep-decrypt,781,18239111,984907
rsa-3072,oaep-decrypt,782,18249482,985467
rsa-3072,oaep-decrypt,783,18238815,984892
rsa-3072,oaep-decrypt,784,18244630,985205
rsa-3072,oaep-decrypt,785,18256963,985869
rsa-3072,oaep-decrypt,786,18249055,985444
rsa-3072,oaep-decrypt,787,18243092,985122
rsa-3072,oaep-decrypt,788,21644241,1168782
rsa-3072,oaep-decrypt,789,18243648,985152
rsa-3072,oaep-decrypt,790,18256389,985839
rsa-3072,oaep-decrypt,791,18251296,985565
rsa-3072,oaep-decrypt,792,18253352,985674
rsa-3072,oaep-decrypt,793,18263333,986215
rsa-3072,oaep-decrypt,794,18246963,985331
rsa-3072,oaep-decrypt,795,18249722,985479
rsa-3072,oaep-decrypt,796,18243889,985165
rsa-3072,oaep-decrypt,797,18249537,985470
rsa-3072,oaep-decrypt,798,18256797,985860
rsa-3072,oaep-decrypt,799,18244815,985215
rsa-3072,oaep-decrypt,800,18249685,985477
rsa-3072,oaep-decrypt,801,18259185,985990
rsa-3072,oaep-decrypt,802,18351111,990951
rsa-3072,oaep-decrypt,803,18240796,984998
rsa-3072,oaep-decrypt,804,18252981,985655
rsa-3072,oaep-decrypt,805,18249519,985466
rsa-3072,oaep-decrypt,806,18252018,985603
rsa-3072,oaep-decrypt,807,18244963,985223
rsa-3072,oaep-decrypt,808,18240149,984962
rsa-3072,oaep-decrypt,809,18250351,985515
rsa-3072,oaep-decrypt,810,18239778,984943
rsa-3072,oaep-decrypt,811,18246463,985305
rsa-3072,oaep-decrypt,812,18262630,986174
rsa-3072,oaep-decrypt,813,18251611,985583
rsa-3072,oaep-decrypt,814,18270203,986586
rsa-3072,oaep-decrypt,815,18270371,986595
rsa-3072,oaep-decrypt,816,18249426,985462
rsa-3072,oaep-decrypt,817,18242871,985109
rsa-3072,oaep-decrypt,818,18261537,986118
rsa-3072,oaep-decrypt,819,18248759,985425
rsa-3072,oaep-decrypt,820,21561241,1164301
rsa-3072,oaep-decrypt,821,18239982,984955
rsa-3072,oaep-decrypt,822,18246500,985306
rsa-3072,oaep-decrypt,823,18239185,984911
rsa-3072,oaep-decrypt,824,18244834,985217
rsa-3072,oaep-decrypt,825,18251889,985595
rsa-3072,oaep-decrypt,826,18240037,984955
rsa-3072,oaep-decrypt,827,18245833,985270
rsa-3072,oaep-decrypt,828,18239055,984905
rsa-3072,oaep-decrypt,829,18251185,985558
rsa-3072,oaep-decrypt,830,18239093,984906
rsa-3072,oaep-decrypt,831,18244963,985222
rsa-3072,oaep-decrypt,832,18252018,985602
rsa-3072,oaep-decrypt,833,18242574,985094
rsa-3072,oaep-decrypt,834,18250666,985531
rsa-3072,oaep-decrypt,835,18261407,986110
rsa-3072,oaep-decrypt,836,18254574,985741
rsa-3072,oaep-decrypt,837,18243093,985122
rsa-3072,oaep-decrypt,838,18250130,985501
rsa-3072,oaep-decrypt,839,18248444,985410
rsa-3072,oaep-decrypt,840,18251333,985566
rsa-3072,oaep-decrypt,841,18246222,985291
rsa-3072,oaep-decrypt,842,18239408,984922
rsa-3072,oaep-decrypt,843,18244908,985220
rsa-3072,oaep-decrypt,844,18239333,984919
rsa-3072,oaep-decrypt,845,18245019,985226
rsa-3072,oaep-decrypt,846,18245223,985235
rsa-3072,oaep-decrypt,847,18245482,985251
rsa-3072,oaep-decrypt,848,18247612,985365
rsa-3072,oaep-decrypt,849,18244629,985204
rsa-3072,oaep-decrypt,850,18245945,985276
rsa-3072,oaep-decrypt,851,18239241,984914
rsa-3072,oaep-decrypt,852,21631926,1168118
rsa-3072,oaep-decrypt,853,18261871,986135
rsa-3072,oaep-decrypt,854,18270482,986601
rsa-3072,oaep-decrypt,855,18248481,985413
rsa-3072,oaep-decrypt,856,18350907,990938
rsa-3072,oaep-decrypt,857,18249092,985446
rsa-3072,oaep-decrypt,858,18251519,985576
rsa-3072,oaep-decrypt,859,18256963,985870
rsa-3072,oaep-decrypt,860,18241037,985011
rsa-3072,oaep-decrypt,861,18245500,985251
rsa-3072,oaep-decrypt,862,18240129,984960
rsa-3072,oaep-decrypt,863,18256852,985864
rsa-3072,oaep-decrypt,864,18242778,985103
rsa-3072,oaep-decrypt,865,18245204,985235
rsa-3072,oaep-decrypt,866,18258408,985946
rsa-3072,oaep-decrypt,867,18239556,984931
rsa-3072,oaep-decrypt,868,18246778,985321
rsa-3072,oaep-decrypt,869,18239019,984901
rsa-3072,oaep-decrypt,870,18245592,985255
rsa-3072,oaep-decrypt,871,18239278,984916
rsa-3072,oaep-decrypt,872,18278926,987057
rsa-3072,oaep-decrypt,873,18254981,985762
rsa-3072,oaep-decrypt,874,18247426,985356
rsa-3072,oaep-decrypt,875,18245352,985243
rsa-3072,oaep-decrypt,876,18259667,986016
rsa-3072,oaep-decrypt,877,18245240,985238
rsa-3072,oaep-decrypt,878,18240370,984975
rsa-3072,oaep-decrypt,879,18255500,985792
rsa-3072,oaep-decrypt,880,18245259,985237
rsa-3072,oaep-decrypt,881,18245444,985250
rsa-3072,oaep-decrypt,882,18247611,985366
rsa-3072,oaep-decrypt,883,18260759,986076
rsa-3072,oaep-decrypt,884,21674574,1170421
rsa-3072,oaep-decrypt,885,18240260,984969
rsa-3072,oaep-decrypt,886,18251333,985567
rsa-3072,oaep-decrypt,887,18248019,985388
rsa-3072,oaep-decrypt,888,18253815,985702
rsa-3072,oaep-decrypt,889,18243204,985128
rsa-3072,oaep-decrypt,890,18245537,985254
rsa-3072,oaep-decrypt,891,18239222,984912
rsa-3072,oaep-decrypt,892,18247982,985385
rsa-3072,oaep-decrypt,893,18250537,985523
rsa-3072,oaep-decrypt,894,18239056,984905
rsa-3072,oaep-decrypt,895,18245111,985231
rsa-3072,oaep-decrypt,896,18247815,985377
rsa-3072,oaep-decrypt,897,18255815,985809
rsa-3072,oaep-decrypt,898,18252870,985649
rsa-3072,oaep-decrypt,899,18266426,986381
rsa-3072,oaep-decrypt,900,18267463,986435
rsa-3072,oaep-decrypt,901,18258889,985974
rsa-3072,oaep-decrypt,902,18249426,985463
rsa-3072,oaep-decrypt,903,18238982,984899
rsa-3072,oaep-decrypt,904,18245907,985274
rsa-3072,oaep-decrypt,905,18239093,984906
rsa-3072,oaep-decrypt,906,18263111,986201
rsa-3072,oaep-decrypt,907,18274593,986821
rsa-3072,oaep-decrypt,908,18250574,985526
rsa-3072,oaep-decrypt,909,18245463,985250
rsa-3072,oaep-decrypt,910,18244074,985175
rsa-3072,oaep-decrypt,911,18331241,989878
rsa-3072,oaep-decrypt,912,18245037,985226
rsa-3072,oaep-decrypt,913,18252389,985621
rsa-3072,oaep-decrypt,914,18249537,985470
rsa-3072,oaep-decrypt,915,18245222,985236
rsa-3072,oaep-decrypt,916,21632018,1168123
rsa-3072,oaep-decrypt,917,18253186,985668
rsa-3072,oaep-decrypt,918,18249685,985477
rsa-3072,oaep-decrypt,919,18253945,985707
rsa-3072,oaep-decrypt,920,18268333,986482
rsa-3072,oaep-decrypt,921,18248259,985400
rsa-3072,oaep-decrypt,922,18246222,985291
rsa-3072,oaep-decrypt,923,18263074,986199
rsa-3072,oaep-decrypt,924,18251870,985595
rsa-3072,oaep-decrypt,925,18266463,986383
rsa-3072,oaep-decrypt,926,18243574,985148
rsa-3072,oaep-decrypt,927,18254944,985759
rsa-3072,oaep-decrypt,928,18239092,984906
rsa-3072,oaep-decrypt,929,18245425,985247
rsa-3072,oaep-decrypt,930,18251425,985571
rsa-3072,oaep-decrypt,931,18251500,985575
rsa-3072,oaep-decrypt,932,18239093,984907
rsa-3072,oaep-decrypt,933,18246018,985279
rsa-3072,oaep-decrypt,934,18251260,985561
rsa-3072,oaep-decrypt,935,18239277,984916
rsa-3072,oaep-decrypt,936,18244981,985223
rsa-3072,oaep-decrypt,937,18239796,984943
rsa-3072,oaep-decrypt,938,18244537,985199
rsa-3072,oaep-decrypt,939,18239648,984935
rsa-3072,oaep-decrypt,940,18251686,985585
rsa-3072,oaep-decrypt,941,18249389,985463
rsa-3072,oaep-decrypt,942,18239129,984908
rsa-3072,oaep-decrypt,943,18245185,985234
rsa-3072,oaep-decrypt,944,18238592,984880
rsa-3072,oaep-decrypt,945,18267426,986435
rsa-3072,oaep-decrypt,946,18242851,985109
rsa-3072,oaep-decrypt,947,18258630,985959
rsa-3072,oaep-decrypt,948,21634129,1168238
rsa-3072,oaep-decrypt,949,18246500,985306
rsa-3072,oaep-decrypt,950,18238981,984900
rsa-3072,oaep-decrypt,951,18252666,985639
rsa-3072,oaep-decrypt,952,18249592,985472
rsa-3072,oaep-decrypt,953,18252334,985622
rsa-3072,oaep-decrypt,954,18252612,985634
rsa-3072,oaep-decrypt,955,18238926,984897
rsa-3072,oaep-decrypt,956,18245037,985227
rsa-3072,oaep-decrypt,957,18239259,984915
rsa-3072,oaep-decrypt,958,18244277,985185
rsa-3072,oaep-decrypt,959,18247185,985342
rsa-3072,oaep-decrypt,960,18239796,984943
rsa-3072,oaep-decrypt,961,18250722,985532
rsa-3072,oaep-decrypt,962,18239148,984909
rsa-3072,oaep-decrypt,963,18245796,985267
rsa-3072,oaep-decrypt,964,18243630,985151
rsa-3072,oaep-decrypt,965,18329037,989752
rsa-3072,oaep-decrypt,966,18246278,985293
rsa-3072,oaep-decrypt,967,18268889,986506
rsa-3072,oaep-decrypt,968,18246537,985307
rsa-3072,oaep-decrypt,969,18239463,984925
rsa-3072,oaep-decrypt,970,18244797,985213
rsa-3072,oaep-decrypt,971,18239889,984948
rsa-3072,oaep-decrypt,972,18244741,985211
rsa-3072,oaep-decrypt,973,18247667,985368
rsa-3072,oaep-decrypt,974,18251370,985568
rsa-3072,oaep-decrypt,975,18257722,985911
rsa-3072,oaep-decrypt,976,18261889,986138
rsa-3072,oaep-decrypt,977,18268500,986492
rsa-3072,oaep-decrypt,978,18291574,987738
rsa-3072,oaep-decrypt,979,18256334,985837
rsa-3072,oaep-decrypt,980,21635241,1168296
rsa-3072,oaep-decrypt,981,18276314,986914
rsa-3072,oaep-decrypt,982,18262574,986174
rsa-3072,oaep-decrypt,983,18254092,985716
rsa-3072,oaep-decrypt,984,18243093,985122
rsa-3072,oaep-decrypt,985,18251000,985550
rsa-3072,oaep-decrypt,986,18250241,985507
rsa-3072,oaep-decrypt,987,18239574,984932
rsa-3072,oaep-decrypt,988,18251685,985584
rsa-3072,oaep-decrypt,989,18269519,986549
rsa-3072,oaep-decrypt,990,18246537,985308
rsa-3072,oaep-decrypt,991,18238982,984901
rsa-3072,oaep-decrypt,992,18246037,985281
rsa-3072,oaep-decrypt,993,18246629,985314
rsa-3072,oaep-decrypt,994,18251389,985568
rsa-3072,oaep-decrypt,995,18249648,985475
rsa-3072,oaep-decrypt,996,18243630,985150
rsa-3072,oaep-decrypt,997,18245055,985228
rsa-3072,oaep-decrypt,998,18239703,984939
rsa-3072,oaep-decrypt,999,18245260,985238
