algo,op,iter,wall_ns,cycles
rsa-3072,keygen,0,1364263721,73670231
rsa-3072,keygen,1,221532092,11962725
rsa-3072,keygen,2,858158481,46340549
rsa-3072,keygen,3,336430907,18167254
rsa-3072,keygen,4,1193729407,64461379
rsa-3072,keygen,5,1174070147,63399779
rsa-3072,keygen,6,1288602629,69584533
rsa-3072,keygen,7,859139592,46393530
rsa-3072,keygen,8,714360907,38575480
rsa-3072,keygen,9,2309790017,124728653
rsa-3072,keygen,10,166632592,8998152
rsa-3072,keygen,11,1652056388,89211037
rsa-3072,keygen,12,1528042740,82514300
rsa-3072,keygen,13,1026692962,55441411
rsa-3072,keygen,14,5665008201,305910433
rsa-3072,keygen,15,755691184,40807314
rsa-3072,keygen,16,969523370,52354253
rsa-3072,keygen,17,633196888,34192624
rsa-3072,keygen,18,1877974870,101410635
rsa-3072,keygen,19,1162027925,62749499
rsa-3072,keygen,20,398089296,21496813
rsa-3072,keygen,21,1998941221,107942818
rsa-3072,keygen,22,1933007388,104382392
rsa-3072,keygen,23,2663313961,143818946
rsa-3072,keygen,24,1938949036,104703240
rsa-3072,keygen,25,1771671684,95670262
rsa-3072,keygen,26,1627811369,87901799
rsa-3072,keygen,27,3783026609,204283424
rsa-3072,keygen,28,2198774592,118733814
rsa-3072,keygen,29,2205716851,119108695
rsa-3072,keygen,30,2217991406,119771527
rsa-3072,keygen,31,607632648,32812148
rsa-3072,keygen,32,2073629535,111975986
rsa-3072,keygen,33,668738185,36111854
rsa-3072,keygen,34,738077407,39856167
rsa-3072,keygen,35,510691648,27577341
rsa-3072,keygen,36,1807123814,97584677
rsa-3072,keygen,37,615631944,33244117
rsa-3072,keygen,38,4716644182,254698773
rsa-3072,keygen,39,930968573,50272289
rsa-3072,keygen,40,250500982,13527032
rsa-3072,keygen,41,1858631480,100366092
rsa-3072,keygen,42,3093256553,167035837
rsa-3072,keygen,43,745086778,40234678
rsa-3072,keygen,44,599492537,32372589
rsa-3072,keygen,45,538560111,29082237
rsa-3072,keygen,46,3239019091,174907023
rsa-3072,keygen,47,1667374722,90038227
rsa-3072,keygen,48,1301171351,70263246
rsa-3072,keygen,49,2032133962,109735216
rsa-3072,keygen,50,822460204,44412844
rsa-3072,keygen,51,1955431073,105593270
rsa-3072,keygen,52,1391053314,75116871
rsa-3072,keygen,53,2194090406,118480872
rsa-3072,keygen,54,279417685,15088545
rsa-3072,keygen,55,687966092,37150162
rsa-3072,keygen,56,2158522888,116560227
rsa-3072,keygen,57,328161722,17720725
rsa-3072,keygen,58,2387557943,128928121
rsa-3072,keygen,59,577493093,31184618
rsa-3072,keygen,60,446048000,24086584
rsa-3072,keygen,61,1669908295,90175039
rsa-3072,keygen,62,258343944,13950566
rsa-3072,keygen,63,1593342851,86040498
rsa-3072,keygen,64,3304827220,178460662
rsa-3072,keygen,65,863530147,46630617
rsa-3072,keygen,66,781719610,42212846
rsa-3072,keygen,67,1557593758,84110054
rsa-3072,keygen,68,1009211721,54497425
rsa-3072,keygen,69,761147204,41101942
rsa-3072,keygen,70,2670219461,144191843
rsa-3072,keygen,71,323926647,17492032
rsa-3072,keygen,72,1092003278,58968170
rsa-3072,keygen,73,1971629906,106468007
rsa-3072,keygen,74,1926092647,104008996
rsa-3072,keygen,75,1789796628,96649009
rsa-3072,keygen,76,855839777,46215338
rsa-3072,keygen,77,2533098572,136787314
rsa-3072,keygen,78,2250440277,121523766
rsa-3072,keygen,79,583528574,31510535
rsa-3072,keygen,80,3263318294,176219181
rsa-3072,keygen,81,810753685,43780686
rsa-3072,keygen,82,913649796,49337081
rsa-3072,keygen,83,2105961961,113721938
rsa-3072,keygen,84,1191275629,64328877
rsa-3072,keygen,85,307062277,16581354
rsa-3072,keygen,86,2331387962,125894941
rsa-3072,keygen,87,1575463906,85075043
rsa-3072,keygen,88,1115308111,60226631
rsa-3072,keygen,89,2234891999,120684158
rsa-3072,keygen,90,1498639703,80926534
rsa-3072,keygen,91,1587095573,85703153
rsa-3072,keygen,92,828892500,44760187
rsa-3072,keygen,93,1781394481,96195294
rsa-3072,keygen,94,1930882091,104267625
rsa-3072,keygen,95,1172852648,63334035
rsa-3072,keygen,96,1848663239,99827808
rsa-3072,keygen,97,1051532741,56782759
rsa-3072,keygen,98,594846259,32121690
rsa-3072,keygen,99,2073869684,111988955
rsa-3072,keygen,100,1668433647,90095409
rsa-3072,keygen,101,6086367015,328663811
rsa-3072,keygen,102,3089593795,166838057
rsa-3072,keygen,103,542060703,29271262
rsa-3072,keygen,104,3146223683,169896070
rsa-3072,keygen,105,1596113518,86190120
rsa-3072,keygen,106,389381741,21026607
rsa-3072,keygen,107,1517398425,81939508
rsa-3072,keygen,108,1617869221,87364930
rsa-3072,keygen,109,1930168072,104229067
rsa-3072,keygen,110,1510117981,81546363
rsa-3072,keygen,111,2080562555,112350370
rsa-3072,keygen,112,3463056479,187005041
rsa-3072,keygen,113,354257574,19129901
rsa-3072,keygen,114,239720185,12944882
rsa-3072,keygen,115,971433315,52457390
rsa-3072,keygen,116,1625025425,87751365
rsa-3072,keygen,117,3848562516,207822368
rsa-3072,keygen,118,755385296,40790791
rsa-3072,keygen,119,1704522722,92044219
rsa-3072,keygen,120,1081817425,58418132
rsa-3072,keygen,121,995315518,53747027
rsa-3072,keygen,122,2645085683,142834619
rsa-3072,keygen,123,4262183497,230157900
rsa-3072,keygen,124,665111629,35916020
rsa-3072,keygen,125,1352106055,73013718
rsa-3072,keygen,126,1280930795,69170252
rsa-3072,keygen,127,1239937240,66956603
rsa-3072,keygen,128,2452122814,132414624
rsa-3072,keygen,129,1315050296,71012709
rsa-3072,keygen,130,1136759185,61384987
rsa-3072,keygen,131,3667122609,198024611
rsa-3072,keygen,132,1983587110,107113697
rsa-3072,keygen,133,1556576999,84055151
rsa-3072,keygen,134,1342073647,72471965
rsa-3072,keygen,135,1144591648,61807941
rsa-3072,keygen,136,249919296,13495634
rsa-3072,keygen,137,388915389,21001423
rsa-3072,keygen,138,2080396850,112341423
rsa-3072,keygen,139,745026277,40231410
rsa-3072,keygen,140,978785370,52854401
rsa-3072,keygen,141,2338094499,126257095
rsa-3072,keygen,142,2843673776,153558376
rsa-3072,keygen,143,2433658943,131417566
rsa-3072,keygen,144,1376390258,74325067
rsa-3072,keygen,145,799362407,43165563
rsa-3072,keygen,146,5167409719,279040116
rsa-3072,keygen,147,2530942850,136670904
rsa-3072,keygen,148,3139575720,169537081
rsa-3072,keygen,149,540373685,29180171
rsa-3072,keygen,150,1118710963,60410385
rsa-3072,keygen,151,548922444,29641804
rsa-3072,keygen,152,818692555,44209390
rsa-3072,keygen,153,511323314,27611442
rsa-3072,keygen,154,1526221647,82415962
rsa-3072,keygen,155,527642741,28492701
rsa-3072,keygen,156,1424114740,76902188
rsa-3072,keygen,157,1498605296,80924677
rsa-3072,keygen,158,1728146907,93319925
rsa-3072,keygen,159,1155491795,62396547
rsa-3072,keygen,160,266897648,14412464
rsa-3072,keygen,161,2147329554,115955787
rsa-3072,keygen,162,2364664517,127691874
rsa-3072,keygen,163,2453383110,132482679
rsa-3072,keygen,164,1156407110,62445975
rsa-3072,keygen,165,512681037,27684767
rsa-3072,keygen,166,1227406684,66279953
rsa-3072,keygen,167,1045042574,56432290
rsa-3072,keygen,168,2001696333,108091592
rsa-3072,keygen,169,1790262054,96674136
rsa-3072,keygen,170,279997852,15119876
rsa-3072,keygen,171,1155438258,62393659
rsa-3072,keygen,172,567803777,30661396
rsa-3072,keygen,173,3489783146,188448281
rsa-3072,keygen,174,837484333,45224145
rsa-3072,keygen,175,612711647,33086415
rsa-3072,keygen,176,895352333,48349018
rsa-3072,keygen,177,1140098833,61565328
rsa-3072,keygen,178,1477134703,79765265
rsa-3072,keygen,179,446393463,24105239
rsa-3072,keygen,180,399128573,21552936
rsa-3072,keygen,181,447046778,24140518
rsa-3072,keygen,182,1394703110,75313958
rsa-3072,keygen,183,1332804129,71971415
rsa-3072,keygen,184,885405944,47811913
rsa-3072,keygen,185,2408038554,130034074
rsa-3072,keygen,186,1645833962,88875027
rsa-3072,keygen,187,3091232239,166926531
rsa-3072,keygen,188,1110013166,59940702
rsa-3072,keygen,189,2647082351,142942439
rsa-3072,keygen,190,1886168054,101853067
rsa-3072,keygen,191,896878832,48431449
rsa-3072,keygen,192,1219732499,65865548
rsa-3072,keygen,193,1432252147,77341609
rsa-3072,keygen,194,1985420332,107212689
rsa-3072,keygen,195,1446236036,78096739
rsa-3072,keygen,196,903446129,48786077
rsa-3072,keygen,197,4150695386,224137542
rsa-3072,keygen,198,846742351,45724078
rsa-3072,keygen,199,2754667239,148752024
rsa-3072,keygen,200,792891648,42816142
rsa-3072,keygen,201,1005746555,54310307
rsa-3072,keygen,202,1463464500,79027072
rsa-3072,keygen,203,1294804092,69919403
rsa-3072,keygen,204,1381463351,74599013
rsa-3072,keygen,205,678552314,36641818
rsa-3072,keygen,206,565487351,30536310
rsa-3072,keygen,207,1529236666,82578772
rsa-3072,keygen,208,1936798295,104587100
rsa-3072,keygen,209,1068599110,57704343
rsa-3072,keygen,210,1844084388,99580548
rsa-3072,keygen,211,1843622684,99555616
rsa-3072,keygen,212,996301851,53800292
rsa-3072,keygen,213,3648195720,197002560
rsa-3072,keygen,214,1869087944,100930741
rsa-3072,keygen,215,717232610,38730552
rsa-3072,keygen,216,627609407,33890900
rsa-3072,keygen,217,540001148,29160054
rsa-3072,keygen,218,2395616220,129363268
rsa-3072,keygen,219,242225130,13080149
rsa-3072,keygen,220,1789893499,96654241
rsa-3072,keygen,221,2454287702,132531527
rsa-3072,keygen,222,875164981,47258902
rsa-3072,keygen,223,2118192147,114382365
rsa-3072,keygen,224,730575296,39451057
rsa-3072,keygen,225,468353314,25291071
rsa-3072,keygen,226,3094112258,167082055
rsa-3072,keygen,227,1555903795,84018798
rsa-3072,keygen,228,2833853406,153028075
rsa-3072,keygen,229,3478029221,187813570
rsa-3072,keygen,230,1950225573,105312173
rsa-3072,keygen,231,3575478590,193075836
rsa-3072,keygen,232,2007960610,108429866
rsa-3072,keygen,233,1017649517,54953066
rsa-3072,keygen,234,884501370,47763066
rsa-3072,keygen,235,1671619554,90267447
rsa-3072,keygen,236,3580853220,193366066
rsa-3072,keygen,237,887039592,47900129
rsa-3072,keygen,238,1528015629,82512829
rsa-3072,keygen,239,479167000,25874996
rsa-3072,keygen,240,998004685,53892245
rsa-3072,keygen,241,798517833,43119955
rsa-3072,keygen,242,412150092,22256098
rsa-3072,keygen,243,613350536,33120920
rsa-3072,keygen,244,627519425,33886041
rsa-3072,keygen,245,839792148,45348769
rsa-3072,keygen,246,2523085795,136246624
rsa-3072,keygen,247,2203194036,118972470
rsa-3072,keygen,248,1492082703,80572458
rsa-3072,keygen,249,1130880740,61067552
rsa-3072,keygen,250,621706962,33572168
rsa-3072,keygen,251,1128939222,60962711
rsa-3072,keygen,252,1185980629,64042944
rsa-3072,keygen,253,3530798757,190663124
rsa-3072,keygen,254,2222112703,119994078
rsa-3072,keygen,255,1240687240,66997103
rsa-3072,keygen,256,571613648,30867129
rsa-3072,keygen,257,1372599092,74120342
rsa-3072,keygen,258,1895289536,102345627
rsa-3072,keygen,259,3953841183,213507417
rsa-3072,keygen,260,682800777,36871235
rsa-3072,keygen,261,2414864591,130402681
rsa-3072,keygen,262,1205169962,65079171
rsa-3072,keygen,263,2719048091,146828589
rsa-3072,keygen,264,1194258703,64489958
rsa-3072,keygen,265,1037506981,56025370
rsa-3072,keygen,266,1365471740,73735466
rsa-3072,keygen,267,2979874276,160913203
rsa-3072,keygen,268,417715666,22556639
rsa-3072,keygen,269,3131108720,169079857
rsa-3072,keygen,270,1011459018,54618778
rsa-3072,keygen,271,1077955296,58209575
rsa-3072,keygen,272,1057289629,57093632
rsa-3072,keygen,273,1572375369,84908263
rsa-3072,keygen,274,1038592259,56083968
rsa-3072,keygen,275,2864290239,154671660
rsa-3072,keygen,276,559875851,30233287
rsa-3072,keygen,277,3757765442,202919324
rsa-3072,keygen,278,1738867554,93898832
rsa-3072,keygen,279,2768647073,149506935
rsa-3072,keygen,280,2620476943,141505740
rsa-3072,keygen,281,2122663887,114623837
rsa-3072,keygen,282,942793462,50910837
rsa-3072,keygen,283,763282388,41217241
rsa-3072,keygen,284,2585775851,139631888
rsa-3072,keygen,285,2056742165,111064069
rsa-3072,keygen,286,1908942943,103082912
rsa-3072,keygen,287,1872368129,101107871
rsa-3072,keygen,288,691493833,37340659
rsa-3072,keygen,289,2024047887,109298578
rsa-3072,keygen,290,1319866073,71272759
rsa-3072,keygen,291,5060106294,273245731
rsa-3072,keygen,292,1056397407,57045452
rsa-3072,keygen,293,1654445851,89340067
rsa-3072,keygen,294,1399135851,75553328
rsa-3072,keygen,295,4643335053,250740085
rsa-3072,keygen,296,820258981,44293977
rsa-3072,keygen,297,1832559554,98958207
rsa-3072,keygen,298,1268062407,68475361
rsa-3072,keygen,299,3890301053,210076249
rsa-3072,keygen,300,660815667,35684038
rsa-3072,keygen,301,349121592,18852559
rsa-3072,keygen,302,685171833,36999271
rsa-3072,keygen,303,613405315,33123879
rsa-3072,keygen,304,2023950721,109293331
rsa-3072,keygen,305,2769605665,149558681
rsa-3072,keygen,306,1750312962,94516893
rsa-3072,keygen,307,1890588907,102091794
rsa-3072,keygen,308,1028452943,55536451
rsa-3072,keygen,309,494228722,26688344
rsa-3072,keygen,310,1605610999,86702985
rsa-3072,keygen,311,824533536,44524804
rsa-3072,keygen,312,1299114777,70152184
rsa-3072,keygen,313,413882185,22349620
rsa-3072,keygen,314,221587037,11965693
rsa-3072,keygen,315,1112566703,60078594
rsa-3072,keygen,316,2177449721,117582277
rsa-3072,keygen,317,1052317573,56825134
rsa-3072,keygen,318,3727689869,201295237
rsa-3072,keygen,319,2371470221,128059385
rsa-3072,keygen,320,671220000,36245871
rsa-3072,keygen,321,1727518295,93285980
rsa-3072,keygen,322,1865631906,100744109
rsa-3072,keygen,323,1820655147,98315370
rsa-3072,keygen,324,392899536,21216567
rsa-3072,keygen,325,468761259,25313101
rsa-3072,keygen,326,1280105870,69125708
rsa-3072,keygen,327,738570722,39882808
rsa-3072,keygen,328,176494389,9530689
rsa-3072,keygen,329,1562948462,84399208
rsa-3072,keygen,330,673441073,36365810
rsa-3072,keygen,331,1360755184,73480767
rsa-3072,keygen,332,2513679999,135738713
rsa-3072,keygen,333,1078527203,58240462
rsa-3072,keygen,334,3339781220,180348178
rsa-3072,keygen,335,1102798517,59551112
rsa-3072,keygen,336,539948611,29157217
rsa-3072,keygen,337,981860129,53020439
rsa-3072,keygen,338,1990082147,107464427
rsa-3072,keygen,339,662086037,35752638
rsa-3072,keygen,340,1579219313,85277828
rsa-3072,keygen,341,1569901629,84774680
rsa-3072,keygen,342,2446334702,132102066
rsa-3072,keygen,343,1287319536,69515247
rsa-3072,keygen,344,1598017333,86292929
rsa-3072,keygen,345,255439018,13793699
rsa-3072,keygen,346,438438073,23675649
rsa-3072,keygen,347,1503635536,81196312
rsa-3072,keygen,348,6889559515,372036205
rsa-3072,keygen,349,4087493090,220724611
rsa-3072,keygen,350,737957759,39849704
rsa-3072,keygen,351,913186443,49312059
rsa-3072,keygen,352,2754425609,148738975
rsa-3072,keygen,353,905745704,48910250
rsa-3072,keygen,354,2280496351,123146794
rsa-3072,keygen,355,1317027536,71119479
rsa-3072,keygen,356,554255055,29929763
rsa-3072,keygen,357,1675112740,90456080
rsa-3072,keygen,358,2134931869,115286313
rsa-3072,keygen,359,2795775962,150971894
rsa-3072,keygen,360,352798518,19051113
rsa-3072,keygen,361,1366668925,73800113
rsa-3072,keygen,362,1489397573,80427460
rsa-3072,keygen,363,436398611,23565516
rsa-3072,keygen,364,3096454258,167208522
rsa-3072,keygen,365,1215658999,65645577
rsa-3072,keygen,366,1763799369,95245159
rsa-3072,keygen,367,231916999,12523509
rsa-3072,keygen,368,1423876666,76889333
rsa-3072,keygen,369,523675222,28278453
rsa-3072,keygen,370,1149283758,62061307
rsa-3072,keygen,371,2458278665,132747022
rsa-3072,keygen,372,1792708555,96806255
rsa-3072,keygen,373,1793487851,96848337
rsa-3072,keygen,374,3362579572,181579289
rsa-3072,keygen,375,2911750147,157234500
rsa-3072,keygen,376,2408070277,130035778
rsa-3072,keygen,377,466862722,25210578
rsa-3072,keygen,378,686067073,37047614
rsa-3072,keygen,379,2793697461,150859654
rsa-3072,keygen,380,418405907,22593912
rsa-3072,keygen,381,1613414018,87124350
rsa-3072,keygen,382,735057889,39693118
rsa-3072,keygen,383,607539166,32807108
rsa-3072,keygen,384,1669076851,90130142
rsa-3072,keygen,385,3821051350,206336765
rsa-3072,keygen,386,751859982,40600432
rsa-3072,keygen,387,277480296,14983929
rsa-3072,keygen,388,580870259,31366985
rsa-3072,keygen,389,5761791941,311136750
rsa-3072,keygen,390,828746277,44752282
rsa-3072,keygen,391,1350370610,72920005
rsa-3072,keygen,392,1400256425,75613840
rsa-3072,keygen,393,634777240,34277961
rsa-3072,keygen,394,2589652388,139841221
rsa-3072,keygen,395,1193266258,64436361
rsa-3072,keygen,396,1558025221,84133353
rsa-3072,keygen,397,1973820999,106586326
rsa-3072,keygen,398,1403888777,75809987
rsa-3072,keygen,399,609830629,32930839
rsa-3072,keygen,400,663710925,35840382
rsa-3072,keygen,401,1663901629,89850680
rsa-3072,keygen,402,2157224758,116490119
rsa-3072,keygen,403,544788573,29418575
rsa-3072,keygen,404,3097553961,167267906
rsa-3072,keygen,405,1691731850,91353502
rsa-3072,keygen,406,2058138295,111139461
rsa-3072,keygen,407,545684259,29466943
rsa-3072,keygen,408,4261642331,230128677
rsa-3072,keygen,409,1167361722,63037525
rsa-3072,keygen,410,2890014814,156060791
rsa-3072,keygen,411,486247314,26257348
rsa-3072,keygen,412,1794127240,96882864
rsa-3072,keygen,413,2416013962,130464747
rsa-3072,keygen,414,297359926,16057421
rsa-3072,keygen,415,1168538758,63101085
rsa-3072,keygen,416,1025182463,55359845
rsa-3072,keygen,417,3169538091,171155048
rsa-3072,keygen,418,576451315,31128360
rsa-3072,keygen,419,2184254628,117949741
rsa-3072,keygen,420,338684574,18288952
rsa-3072,keygen,421,581634037,31408229
rsa-3072,keygen,422,1679174036,90675389
rsa-3072,keygen,423,3961130535,213901040
rsa-3072,keygen,424,2500134165,135007237
rsa-3072,keygen,425,2378337906,128430240
rsa-3072,keygen,426,2586963128,139696001
rsa-3072,keygen,427,2255819703,121814255
rsa-3072,keygen,428,1307439796,70601732
rsa-3072,keygen,429,944161444,50984710
rsa-3072,keygen,430,1428571685,77142862
rsa-3072,keygen,431,1791297184,96730040
rsa-3072,keygen,432,2215433499,119633400
rsa-3072,keygen,433,2049239869,110658945
rsa-3072,keygen,434,977605481,52790689
rsa-3072,keygen,435,803266685,43376392
rsa-3072,keygen,436,2802300665,151324217
rsa-3072,keygen,437,1980568610,106950690
rsa-3072,keygen,438,2245411146,121252175
rsa-3072,keygen,439,1136555166,61373971
rsa-3072,keygen,440,4933726645,266421231
rsa-3072,keygen,441,3132719720,169166857
rsa-3072,keygen,442,580920204,31369683
rsa-3072,keygen,443,1473251999,79555598
rsa-3072,keygen,444,2279588147,123097751
rsa-3072,keygen,445,1796224980,96996142
rsa-3072,keygen,446,2613947054,141153134
rsa-3072,keygen,447,3314624535,178989710
rsa-3072,keygen,448,1618541148,87401214
rsa-3072,keygen,449,683875703,36929281
rsa-3072,keygen,450,720000815,38880037
rsa-3072,keygen,451,1180687481,63757116
rsa-3072,keygen,452,681123221,36780647
rsa-3072,keygen,453,2345497572,126656861
rsa-3072,keygen,454,1813044573,97904399
rsa-3072,keygen,455,2784225887,150348190
rsa-3072,keygen,456,1666008869,89964471
rsa-3072,keygen,457,842403555,45489784
rsa-3072,keygen,458,3508516294,189459873
rsa-3072,keygen,459,2433736591,131421768
rsa-3072,keygen,460,383178500,20691631
rsa-3072,keygen,461,859796999,46429031
rsa-3072,keygen,462,1195998073,64583889
rsa-3072,keygen,463,2590221332,139871937
rsa-3072,keygen,464,1887205721,101909101
rsa-3072,keygen,465,1006246222,54337287
rsa-3072,keygen,466,587606648,31730751
rsa-3072,keygen,467,3390414017,183082349
rsa-3072,keygen,468,763503462,41229180
rsa-3072,keygen,469,1243822333,67166399
rsa-3072,keygen,470,1011482832,54620064
rsa-3072,keygen,471,368252611,19885632
rsa-3072,keygen,472,1910873980,103187186
rsa-3072,keygen,473,854706629,46154150
rsa-3072,keygen,474,383217796,20693752
rsa-3072,keygen,475,841048870,45416632
rsa-3072,keygen,476,643989333,34775410
rsa-3072,keygen,477,1427137499,77065416
rsa-3072,keygen,478,1039899203,56154543
rsa-3072,keygen,479,1756430277,94847220
rsa-3072,keygen,480,1799309388,97162699
rsa-3072,keygen,481,3177979665,171610889
rsa-3072,keygen,482,521068463,28137688
rsa-3072,keygen,483,1492741536,80608035
rsa-3072,keygen,484,1028718554,55550793
rsa-3072,keygen,485,2036397258,109965444
rsa-3072,keygen,486,711633647,38428208
rsa-3072,keygen,487,671156888,36242463
rsa-3072,keygen,488,3396794572,183426899
rsa-3072,keygen,489,1305253295,70483671
rsa-3072,keygen,490,451543388,24383336
rsa-3072,keygen,491,2664615332,143889220
rsa-3072,keygen,492,2542234850,137280673
rsa-3072,keygen,493,597591296,32269922
rsa-3072,keygen,494,709854074,38332112
rsa-3072,keygen,495,1605852258,86716015
rsa-3072,keygen,496,205315426,11087026
rsa-3072,keygen,497,1433962944,77433992
rsa-3072,keygen,498,1276437832,68927635
rsa-3072,keygen,499,1063133426,57409198
rsa-3072,keygen,500,1457471684,78703463
rsa-3072,keygen,501,561596870,30326223
rsa-3072,keygen,502,992312610,53584873
rsa-3072,keygen,503,1418665240,76607915
rsa-3072,keygen,504,2861888147,154541951
rsa-3072,keygen,505,615529981,33238611
rsa-3072,keygen,506,1794976221,96928709
rsa-3072,keygen,507,6971611421,376467010
rsa-3072,keygen,508,1632992648,88181595
rsa-3072,keygen,509,760983759,41093114
rsa-3072,keygen,510,1688581258,91183379
rsa-3072,keygen,511,1755140369,94777572
rsa-3072,keygen,512,2441901351,131862646
rsa-3072,keygen,513,1533307647,82798605
rsa-3072,keygen,514,532861796,28774529
rsa-3072,keygen,515,1670182554,90189845
rsa-3072,keygen,516,1211814388,65437968
rsa-3072,keygen,517,601721148,32492933
rsa-3072,keygen,518,929572777,50196906
rsa-3072,keygen,519,1683816276,90926070
rsa-3072,keygen,520,513258147,27715931
rsa-3072,keygen,521,3038976906,164104744
rsa-3072,keygen,522,1007105259,54383676
rsa-3072,keygen,523,1385863925,74836644
rsa-3072,keygen,524,679169166,36675127
rsa-3072,keygen,525,954229925,51528407
rsa-3072,keygen,526,1588226333,85764215
rsa-3072,keygen,527,906579721,48955298
rsa-3072,keygen,528,549060870,29649279
rsa-3072,keygen,529,674002093,36396103
rsa-3072,keygen,530,1756299166,94840148
rsa-3072,keygen,531,965346092,52128681
rsa-3072,keygen,532,3279118443,177072370
rsa-3072,keygen,533,353924759,19111929
rsa-3072,keygen,534,365497407,19736853
rsa-3072,keygen,535,1632147277,88135944
rsa-3072,keygen,536,1102313092,59524900
rsa-3072,keygen,537,972096017,52493178
rsa-3072,keygen,538,2233159480,120590605
rsa-3072,keygen,539,325391297,17571122
rsa-3072,keygen,540,3097971128,167290432
rsa-3072,keygen,541,1585739277,85629913
rsa-3072,keygen,542,766108407,41369846
rsa-3072,keygen,543,1141089722,61618836
rsa-3072,keygen,544,3820365664,206299738
rsa-3072,keygen,545,1078265110,58226307
rsa-3072,keygen,546,1607639388,86812520
rsa-3072,keygen,547,1563097666,84407266
rsa-3072,keygen,548,1793657758,96857503
rsa-3072,keygen,549,2125315314,114767018
rsa-3072,keygen,550,1648544999,89021422
rsa-3072,keygen,551,1596296684,86200013
rsa-3072,keygen,552,3431765424,185315326
rsa-3072,keygen,553,225092722,12155000
rsa-3072,keygen,554,1222088851,65992784
rsa-3072,keygen,555,2749858091,148492320
rsa-3072,keygen,556,1089422870,58828827
rsa-3072,keygen,557,1366251092,73777551
rsa-3072,keygen,558,4214886109,227603843
rsa-3072,keygen,559,2714526054,146584400
rsa-3072,keygen,560,2804900536,151464614
rsa-3072,keygen,561,488315388,26369017
rsa-3072,keygen,562,3517630461,189952029
rsa-3072,keygen,563,618026518,33373424
rsa-3072,keygen,564,3210867813,173386855
rsa-3072,keygen,565,2225029758,120151599
rsa-3072,keygen,566,587260926,31712082
rsa-3072,keygen,567,293826334,15866615
rsa-3072,keygen,568,4120578257,222511218
rsa-3072,keygen,569,663512462,35829666
rsa-3072,keygen,570,801411833,43276230
rsa-3072,keygen,571,628299777,33928181
rsa-3072,keygen,572,405498130,21896892
rsa-3072,keygen,573,840443406,45383936
rsa-3072,keygen,574,262307630,14164592
rsa-3072,keygen,575,2104139276,113623508
rsa-3072,keygen,576,2300645554,124234853
rsa-3072,keygen,577,880190888,47530299
rsa-3072,keygen,578,1687842666,91143497
rsa-3072,keygen,579,1748111017,94397986
rsa-3072,keygen,580,3773215831,203753647
rsa-3072,keygen,581,345670777,18666215
rsa-3072,keygen,582,568653462,30707280
rsa-3072,keygen,583,2548538368,137621065
rsa-3072,keygen,584,494413759,26698336
rsa-3072,keygen,585,754598537,40748314
rsa-3072,keygen,586,504045426,27218445
rsa-3072,keygen,587,1458575777,78763082
rsa-3072,keygen,588,945056981,51033068
rsa-3072,keygen,589,1167317833,63035155
rsa-3072,keygen,590,3374604406,182228629
rsa-3072,keygen,591,2754904924,148764859
rsa-3072,keygen,592,1210886647,65387871
rsa-3072,keygen,593,2069831758,111770906
rsa-3072,keygen,594,1166238203,62976856
rsa-3072,keygen,595,444326296,23993613
rsa-3072,keygen,596,1469295111,79341929
rsa-3072,keygen,597,2526576351,136435114
rsa-3072,keygen,598,1176639184,63538508
rsa-3072,keygen,599,2959897109,159834436
rsa-3072,keygen,600,2308431498,124655292
rsa-3072,keygen,601,242672148,13104288
rsa-3072,keygen,602,925374963,49970240
rsa-3072,keygen,603,1065550277,57539708
rsa-3072,keygen,604,1522670777,82224215
rsa-3072,keygen,605,1443675073,77958447
rsa-3072,keygen,606,1812016999,97848910
rsa-3072,keygen,607,544887777,29423933
rsa-3072,keygen,608,767645870,41452869
rsa-3072,keygen,609,300045463,16202447
rsa-3072,keygen,610,3045014443,164430771
rsa-3072,keygen,611,794967648,42928245
rsa-3072,keygen,612,655102370,35375519
rsa-3072,keygen,613,2761245572,149107253
rsa-3072,keygen,614,886942685,47894897
rsa-3072,keygen,615,1158021870,62533173
rsa-3072,keygen,616,905604592,48902641
rsa-3072,keygen,617,653394777,35283311
rsa-3072,keygen,618,1241810277,67057746
rsa-3072,keygen,619,2465392054,133131163
rsa-3072,keygen,620,615708315,33248241
rsa-3072,keygen,621,1232437166,66551600
rsa-3072,keygen,622,572419092,30910622
rsa-3072,keygen,623,1811038129,97796051
rsa-3072,keygen,624,420712945,22718491
rsa-3072,keygen,625,3372169424,182097140
rsa-3072,keygen,626,428637963,23146442
rsa-3072,keygen,627,1051507869,56781410
rsa-3072,keygen,628,583638425,31516466
rsa-3072,keygen,629,3222022665,173989217
rsa-3072,keygen,630,487862537,26344570
rsa-3072,keygen,631,1234192036,66646363
rsa-3072,keygen,632,1345818851,72674210
rsa-3072,keygen,633,772647333,41722949
rsa-3072,keygen,634,1148219944,62003870
rsa-3072,keygen,635,486406037,26265918
rsa-3072,keygen,636,935079129,50494266
rsa-3072,keygen,637,1628520703,87940111
rsa-3072,keygen,638,1532898629,82776519
rsa-3072,keygen,639,2073456370,111966637
rsa-3072,keygen,640,719483444,38852097
rsa-3072,keygen,641,2569557425,138756093
rsa-3072,keygen,642,535736482,28929762
rsa-3072,keygen,643,1268019147,68473025
rsa-3072,keygen,644,719070981,38829825
rsa-3072,keygen,645,1121564555,60564474
rsa-3072,keygen,646,2177189073,117568203
rsa-3072,keygen,647,1491914499,80563373
rsa-3072,keygen,648,4545053090,245432859
rsa-3072,keygen,649,1692779425,91410076
rsa-3072,keygen,650,1092647055,59002932
rsa-3072,keygen,651,1299197499,70156658
rsa-3072,keygen,652,863498647,46628919
rsa-3072,keygen,653,911731425,49233488
rsa-3072,keygen,654,971455999,52458609
rsa-3072,keygen,655,618947241,33423137
rsa-3072,keygen,656,2857817424,154322132
rsa-3072,keygen,657,2830239647,152832933
rsa-3072,keygen,658,1827382647,98678655
rsa-3072,keygen,659,718195055,38782525
rsa-3072,keygen,660,1266673259,68400348
rsa-3072,keygen,661,3396668202,183420075
rsa-3072,keygen,662,1161011018,62694587
rsa-3072,keygen,663,899319629,48563253
rsa-3072,keygen,664,1288139777,69559535
rsa-3072,keygen,665,3456982628,186677054
rsa-3072,keygen,666,1466092907,79169008
rsa-3072,keygen,667,944782518,51018248
rsa-3072,keygen,668,2314209776,124967320
rsa-3072,keygen,669,853501963,46089099
rsa-3072,keygen,670,831113315,44880110
rsa-3072,keygen,671,1798264573,97106280
rsa-3072,keygen,672,1035940055,55940755
rsa-3072,keygen,673,1727233110,93270580
rsa-3072,keygen,674,1336468536,72169293
rsa-3072,keygen,675,1322747648,71428365
rsa-3072,keygen,676,2212141684,119455644
rsa-3072,keygen,677,164570185,8886783
rsa-3072,keygen,678,1613475165,87127652
rsa-3072,keygen,679,2036884184,109991738
rsa-3072,keygen,680,1736471980,93769478
rsa-3072,keygen,681,1565468666,84535300
rsa-3072,keygen,682,1114339832,60174343
rsa-3072,keygen,683,3758865405,202978724
rsa-3072,keygen,684,599454944,32370560
rsa-3072,keygen,685,1067251055,57631548
rsa-3072,keygen,686,1104292463,59631785
rsa-3072,keygen,687,1278291166,69027716
rsa-3072,keygen,688,1043923055,56371837
rsa-3072,keygen,689,933068406,50385687
rsa-3072,keygen,690,746911129,40333194
rsa-3072,keygen,691,2008783536,108474304
rsa-3072,keygen,692,1503329703,81179796
rsa-3072,keygen,693,1255181240,67779779
rsa-3072,keygen,694,765609722,41342916
rsa-3072,keygen,695,1426947129,77055136
rsa-3072,keygen,696,2187874924,118145239
rsa-3072,keygen,697,2927473665,158083570
rsa-3072,keygen,698,2437000480,131598018
rsa-3072,keygen,699,975576296,52681113
rsa-3072,keygen,700,1327536518,71686962
rsa-3072,keygen,701,933197481,50392656
rsa-3072,keygen,702,262017815,14148954
rsa-3072,keygen,703,1089576796,58837139
rsa-3072,keygen,704,447790778,24180694
rsa-3072,keygen,705,2887381683,155918601
rsa-3072,keygen,706,3626212090,195815444
rsa-3072,keygen,707,1201034962,64855879
rsa-3072,keygen,708,2440482572,131786050
rsa-3072,keygen,709,1014003444,54756178
rsa-3072,keygen,710,821521073,44362129
rsa-3072,keygen,711,2347502591,126765131
rsa-3072,keygen,712,1012828555,54692734
rsa-3072,keygen,713,730391388,39441126
rsa-3072,keygen,714,1037107110,56003775
rsa-3072,keygen,715,1122603796,60620597
rsa-3072,keygen,716,3138636443,169486361
rsa-3072,keygen,717,543843482,29367540
rsa-3072,keygen,718,2377374739,128378221
rsa-3072,keygen,719,1942155277,104876376
rsa-3072,keygen,720,1397140240,75445564
rsa-3072,keygen,721,1817269332,98132536
rsa-3072,keygen,722,1142557221,61698082
rsa-3072,keygen,723,997906444,53886941
rsa-3072,keygen,724,2054628554,110949934
rsa-3072,keygen,725,2139251961,115519598
rsa-3072,keygen,726,3349799091,180889143
rsa-3072,keygen,727,2093379795,113042502
rsa-3072,keygen,728,1493519832,80650064
rsa-3072,keygen,729,1408649981,76067091
rsa-3072,keygen,730,1679573259,90696948
rsa-3072,keygen,731,724877148,39143359
rsa-3072,keygen,732,1609951129,86937352
rsa-3072,keygen,733,1288861611,69598520
rsa-3072,keygen,734,2239373536,120926158
rsa-3072,keygen,735,4249606812,229478760
rsa-3072,keygen,736,1548927703,83642073
rsa-3072,keygen,737,1312609573,70880910
rsa-3072,keygen,738,346480889,18709960
rsa-3072,keygen,739,1481673036,80010317
rsa-3072,keygen,740,1285626351,69423815
rsa-3072,keygen,741,3919879387,211673479
rsa-3072,keygen,742,587447352,31722136
rsa-3072,keygen,743,2773441646,149765842
rsa-3072,keygen,744,3156231184,170436475
rsa-3072,keygen,745,1465888666,79157979
rsa-3072,keygen,746,2214971943,119608477
rsa-3072,keygen,747,588041407,31754221
rsa-3072,keygen,748,1369490277,73952467
rsa-3072,keygen,749,790100000,42665391
rsa-3072,keygen,750,2167643554,117052745
rsa-3072,keygen,751,551498944,29780935
rsa-3072,keygen,752,532647074,28762933
rsa-3072,keygen,753,1211972129,65446488
rsa-3072,keygen,754,1017774925,54959831
rsa-3072,keygen,755,342246296,18481292
rsa-3072,keygen,756,3527732220,190497532
rsa-3072,keygen,757,1115269629,60224553
rsa-3072,keygen,758,2723384702,147062765
rsa-3072,keygen,759,2291910072,123763135
rsa-3072,keygen,760,678277444,36626975
rsa-3072,keygen,761,967096630,52223211
rsa-3072,keygen,762,1519047203,82028539
rsa-3072,keygen,763,168207425,9083194
rsa-3072,keygen,764,305016055,16470859
rsa-3072,keygen,765,1539502536,83133128
rsa-3072,keygen,766,354350166,19134900
rsa-3072,keygen,767,1893538573,102251066
rsa-3072,keygen,768,1681655110,90809368
rsa-3072,keygen,769,1668301462,90088272
rsa-3072,keygen,770,1285944388,69440983
rsa-3072,keygen,771,2779525090,150094346
rsa-3072,keygen,772,951836278,51399145
rsa-3072,keygen,773,2097629239,113271971
rsa-3072,keygen,774,2518397554,135993459
rsa-3072,keygen,775,755179130,40779666
rsa-3072,keygen,776,2458198184,132742694
rsa-3072,keygen,777,357218407,19289785
rsa-3072,keygen,778,204209463,11027304
rsa-3072,keygen,779,1175924147,63499897
rsa-3072,keygen,780,1540226851,83172242
rsa-3072,keygen,781,999363944,53965645
rsa-3072,keygen,782,1102653721,59543292
rsa-3072,keygen,783,577051759,31160788
rsa-3072,keygen,784,1034363592,55855626
rsa-3072,keygen,785,465295111,25125927
rsa-3072,keygen,786,1108658425,59867548
rsa-3072,keygen,787,1194885888,64523830
rsa-3072,keygen,788,1175022888,63451227
rsa-3072,keygen,789,1425727999,76989304
rsa-3072,keygen,790,1694102443,91481523
rsa-3072,keygen,791,702251000,37921546
rsa-3072,keygen,792,3662852553,197794030
rsa-3072,keygen,793,2962835868,159993130
rsa-3072,keygen,794,548687685,29629128
rsa-3072,keygen,795,4088832516,220796949
rsa-3072,keygen,796,1559596370,84218196
rsa-3072,keygen,797,3784020775,204337113
rsa-3072,keygen,798,2055007869,110970418
rsa-3072,keygen,799,319530537,17254634
rsa-3072,keygen,800,1457361758,78697528
rsa-3072,keygen,801,632371129,34148032
rsa-3072,keygen,802,862103685,46553592
rsa-3072,keygen,803,740544684,39989405
rsa-3072,keygen,804,1643200091,88732796
rsa-3072,keygen,805,404700277,21853807
rsa-3072,keygen,806,1559858406,84232346
rsa-3072,keygen,807,1149089610,62050832
rsa-3072,keygen,808,971337573,52452221
rsa-3072,keygen,809,1773439388,95765719
rsa-3072,keygen,810,543642185,29356671
rsa-3072,keygen,811,269192537,14536389
rsa-3072,keygen,812,445230482,24042439
rsa-3072,keygen,813,2706970924,146176421
rsa-3072,keygen,814,962332684,51965956
rsa-3072,keygen,815,3841393498,207435240
rsa-3072,keygen,816,1496475759,80809683
rsa-3072,keygen,817,1876029369,101305578
rsa-3072,keygen,818,1438431833,77675305
rsa-3072,keygen,819,1252647573,67642961
rsa-3072,keygen,820,1690390832,91281097
rsa-3072,keygen,821,980085611,52924609
rsa-3072,keygen,822,661731722,35733505
rsa-3072,keygen,823,683507425,36909393
rsa-3072,keygen,824,865160518,46718652
rsa-3072,keygen,825,1920730165,103719421
rsa-3072,keygen,826,1295909814,69979123
rsa-3072,keygen,827,1076280611,58119146
rsa-3072,keygen,828,231374425,12494205
rsa-3072,keygen,829,1146977536,61936779
rsa-3072,keygen,830,1196082444,64588445
rsa-3072,keygen,831,2682537072,144856994
rsa-3072,keygen,832,420109407,22685900
rsa-3072,keygen,833,1974450962,106620345
rsa-3072,keygen,834,4045889275,218478012
rsa-3072,keygen,835,1462386999,78968890
rsa-3072,keygen,836,1670151888,90188193
rsa-3072,keygen,837,3034789942,163878643
rsa-3072,keygen,838,930768944,50261516
rsa-3072,keygen,839,374125703,20202779
rsa-3072,keygen,840,1243496703,67148814
rsa-3072,keygen,841,1064541852,57485251
rsa-3072,keygen,842,1303471832,70387471
rsa-3072,keygen,843,2527694331,136495487
rsa-3072,keygen,844,1208677537,65268580
rsa-3072,keygen,845,895744351,48370186
rsa-3072,keygen,846,530761629,28661121
rsa-3072,keygen,847,1428986166,77165246
rsa-3072,keygen,848,670275499,36194869
rsa-3072,keygen,849,914886111,49403843
rsa-3072,keygen,850,6965118181,376116373
rsa-3072,keygen,851,1294942759,69926902
rsa-3072,keygen,852,833519777,45010059
rsa-3072,keygen,853,1268602148,68504508
rsa-3072,keygen,854,657567647,35508646
rsa-3072,keygen,855,2221602351,119966519
rsa-3072,keygen,856,1334553999,72065909
rsa-3072,keygen,857,380623741,20553674
rsa-3072,keygen,858,2370990684,128033489
rsa-3072,keygen,859,794785740,42918422
rsa-3072,keygen,860,981175203,52983452
rsa-3072,keygen,861,3313589665,178933833
rsa-3072,keygen,862,702379147,37928465
rsa-3072,keygen,863,2099145851,113353868
rsa-3072,keygen,864,1453965111,78514102
rsa-3072,keygen,865,654747740,35356370
rsa-3072,keygen,866,885761129,47831094
rsa-3072,keygen,867,368011814,19872629
rsa-3072,keygen,868,887913074,47947298
rsa-3072,keygen,869,893892722,48270199
rsa-3072,keygen,870,1403419740,75784658
rsa-3072,keygen,871,922532277,49816734
rsa-3072,keygen,872,1158797611,62575063
rsa-3072,keygen,873,1728703481,93349981
rsa-3072,keygen,874,438358185,23671335
rsa-3072,keygen,875,547208574,29549255
rsa-3072,keygen,876,459207926,24797219
rsa-3072,keygen,877,1604115425,86622223
rsa-3072,keygen,878,1895835850,102375128
rsa-3072,keygen,879,1783352054,96301002
rsa-3072,keygen,880,1196638426,64618467
rsa-3072,keygen,881,595916759,32179498
rsa-3072,keygen,882,2669153628,144134288
rsa-3072,keygen,883,2039601961,110138498
rsa-3072,keygen,884,1905462406,102894963
rsa-3072,keygen,885,500785018,27042382
rsa-3072,keygen,886,824643648,44530749
rsa-3072,keygen,887,1155214814,62381593
rsa-3072,keygen,888,1237885351,66845802
rsa-3072,keygen,889,277806185,15001527
rsa-3072,keygen,890,839991203,45359518
rsa-3072,keygen,891,607382074,32798623
rsa-3072,keygen,892,1048335963,56610135
rsa-3072,keygen,893,4330080793,233824354
rsa-3072,keygen,894,1543839147,83367306
rsa-3072,keygen,895,1785488369,96416357
rsa-3072,keygen,896,1002244500,54121196
rsa-3072,keygen,897,1567932055,84668322
rsa-3072,keygen,898,1725406759,93171952
rsa-3072,keygen,899,1392316351,75185069
rsa-3072,keygen,900,2392224128,129180094
rsa-3072,keygen,901,330146685,17827913
rsa-3072,keygen,902,700720833,37838917
rsa-3072,keygen,903,1785523073,96418239
rsa-3072,keygen,904,455236574,24582765
rsa-3072,keygen,905,192645333,10402841
rsa-3072,keygen,906,1310990111,70793458
rsa-3072,keygen,907,2157317499,116495137
rsa-3072,keygen,908,470746130,25420284
rsa-3072,keygen,909,980441963,52943856
rsa-3072,keygen,910,598809148,32335686
rsa-3072,keygen,911,2162498184,116774895
rsa-3072,keygen,912,709824185,38330499
rsa-3072,keygen,913,1956768536,105665493
rsa-3072,keygen,914,1516144943,81871819
rsa-3072,keygen,915,764552369,41285818
rsa-3072,keygen,916,1526925000,82453941
rsa-3072,keygen,917,1237082444,66802444
rsa-3072,keygen,918,2449971499,132298453
rsa-3072,keygen,919,1855949350,100221258
rsa-3072,keygen,920,978333610,52830007
rsa-3072,keygen,921,1140202740,61570938
rsa-3072,keygen,922,730469518,39445339
rsa-3072,keygen,923,757066610,40881589
rsa-3072,keygen,924,1177014740,63558786
rsa-3072,keygen,925,2230255739,120433802
rsa-3072,keygen,926,2800986739,151253276
rsa-3072,keygen,927,1017798704,54961123
rsa-3072,keygen,928,819201777,44236889
rsa-3072,keygen,929,1410638425,76174467
rsa-3072,keygen,930,823372370,44462099
rsa-3072,keygen,931,949786869,51288482
rsa-3072,keygen,932,1259543184,68015325
rsa-3072,keygen,933,867553629,46847889
rsa-3072,keygen,934,1738420259,93874685
rsa-3072,keygen,935,1723135314,93049299
rsa-3072,keygen,936,704900963,38064644
rsa-3072,keygen,937,1464404443,79077833
rsa-3072,keygen,938,2034357110,109855276
rsa-3072,keygen,939,716288352,38679563
rsa-3072,keygen,940,2341575869,126445089
rsa-3072,keygen,941,1451331759,78371899
rsa-3072,keygen,942,1711209962,92405331
rsa-3072,keygen,943,2175480517,117475938
rsa-3072,keygen,944,871661463,47069711
rsa-3072,keygen,945,1186668370,64080083
rsa-3072,keygen,946,287896296,15546392
rsa-3072,keygen,947,1178080054,63616315
rsa-3072,keygen,948,2862516109,154575862
rsa-3072,keygen,949,730861833,39466530
rsa-3072,keygen,950,417929722,22568196
rsa-3072,keygen,951,1039230666,56118448
rsa-3072,keygen,952,364145759,19663864
rsa-3072,keygen,953,2711797776,146437071
rsa-3072,keygen,954,1817384832,98138774
rsa-3072,keygen,955,902373518,48728160
rsa-3072,keygen,956,800143407,43207736
rsa-3072,keygen,957,1322525425,71416366
rsa-3072,keygen,958,2003206406,108173138
rsa-3072,keygen,959,2822051868,152390793
rsa-3072,keygen,960,1622208907,87599274
rsa-3072,keygen,961,890380573,48080544
rsa-3072,keygen,962,1998657814,107927515
rsa-3072,keygen,963,802993074,43361619
rsa-3072,keygen,964,1487419536,80320647
rsa-3072,keygen,965,3237005091,174798266
rsa-3072,keygen,966,354115944,19122252
rsa-3072,keygen,967,1125897814,60798474
rsa-3072,keygen,968,1462461462,78972911
rsa-3072,keygen,969,615962055,33261944
rsa-3072,keygen,970,1754826296,94760612
rsa-3072,keygen,971,1251521129,67582133
rsa-3072,keygen,972,2972593516,160520042
rsa-3072,keygen,973,2656523443,143452257
rsa-3072,keygen,974,1185210406,64001353
rsa-3072,keygen,975,3101126017,167460796
rsa-3072,keygen,976,1041047314,56216547
rsa-3072,keygen,977,1220405759,65901903
rsa-3072,keygen,978,2280676295,123156512
rsa-3072,keygen,979,1350435796,72923525
rsa-3072,keygen,980,567823148,30662442
rsa-3072,keygen,981,1468558295,79302139
rsa-3072,keygen,982,1650095740,89105163
rsa-3072,keygen,983,798044648,43094397
rsa-3072,keygen,984,974930166,52646220
rsa-3072,keygen,985,902488980,48734397
rsa-3072,keygen,986,1629408666,87988059
rsa-3072,keygen,987,700723184,37839045
rsa-3072,keygen,988,424665573,22931933
rsa-3072,keygen,989,2606140054,140731555
rsa-3072,keygen,990,623452370,33666421
rsa-3072,keygen,991,4027132276,217465133
rsa-3072,keygen,992,233519110,12610022
rsa-3072,keygen,993,764574740,41287027
rsa-3072,keygen,994,696759073,37624983
rsa-3072,keygen,995,1512747407,81688352
rsa-3072,keygen,996,774855629,41842197
rsa-3072,keygen,997,1703900424,92010615
rsa-3072,keygen,998,1591941240,85964819
rsa-3072,keygen,999,2606235628,140736716
rsa-3072,pss-sign,0,18322593,989410
rsa-3072,pss-sign,1,18304593,988442
rsa-3072,pss-sign,2,18287315,987508
rsa-3072,pss-sign,3,18287815,987535
rsa-3072,pss-sign,4,18289408,987620
rsa-3072,pss-sign,5,18313130,988902
rsa-3072,pss-sign,6,18287500,987518
rsa-3072,pss-sign,7,18292463,987787
rsa-3072,pss-sign,8,18289166,987609
rsa-3072,pss-sign,9,18283740,987316
rsa-3072,pss-sign,10,18287148,987500
rsa-3072,pss-sign,11,18287982,987543
rsa-3072,pss-sign,12,18290981,987706
rsa-3072,pss-sign,13,18282408,987243
rsa-3072,pss-sign,14,21668722,1170105
rsa-3072,pss-sign,15,18282222,987233
rsa-3072,pss-sign,16,18297704,988069
rsa-3072,pss-sign,17,18300037,988196
rsa-3072,pss-sign,18,18294518,987895
rsa-3072,pss-sign,19,18378093,992408
rsa-3072,pss-sign,20,18286537,987465
rsa-3072,pss-sign,21,18295445,987948
rsa-3072,pss-sign,22,18281778,987210
rsa-3072,pss-sign,23,18291648,987742
rsa-3072,pss-sign,24,18294815,987911
rsa-3072,pss-sign,25,18295741,987964
rsa-3072,pss-sign,26,18297500,988058
rsa-3072,pss-sign,27,18287815,987534
rsa-3072,pss-sign,28,18294630,987904
rsa-3072,pss-sign,29,18292833,987806
rsa-3072,pss-sign,30,18291055,987711
rsa-3072,pss-sign,31,18299945,988187
rsa-3072,pss-sign,32,18313296,988910
rsa-3072,pss-sign,33,18295555,987953
rsa-3072,pss-sign,34,18292629,987795
rsa-3072,pss-sign,35,18292315,987778
rsa-3072,pss-sign,36,18288574,987577
rsa-3072,pss-sign,37,18283870,987323
rsa-3072,pss-sign,38,18293889,987861
rsa-3072,pss-sign,39,18297259,988045
rsa-3072,pss-sign,40,18288074,987549
rsa-3072,pss-sign,41,18281167,987175
rsa-3072,pss-sign,42,18289740,987638
rsa-3072,pss-sign,43,18290222,987665
rsa-3072,pss-sign,44,18284093,987334
rsa-3072,pss-sign,45,18314371,988968
rsa-3072,pss-sign,46,21697203,1171641
rsa-3072,pss-sign,47,18292926,987812
rsa-3072,pss-sign,48,18285630,987417
rsa-3072,pss-sign,49,18312167,988851
rsa-3072,pss-sign,50,18283852,987321
rsa-3072,pss-sign,51,18301222,988258
rsa-3072,pss-sign,52,18292296,987777
rsa-3072,pss-sign,53,18287870,987538
rsa-3072,pss-sign,54,18291352,987725
rsa-3072,pss-sign,55,18285278,987399
rsa-3072,pss-sign,56,18312314,988858
rsa-3072,pss-sign,57,18283667,987312
rsa-3072,pss-sign,58,18294482,987893
rsa-3072,pss-sign,59,18293760,987856
rsa-3072,pss-sign,60,18289907,987649
rsa-3072,pss-sign,61,18287889,987540
rsa-3072,pss-sign,62,18300981,988247
rsa-3072,pss-sign,63,18297482,988056
rsa-3072,pss-sign,64,18281055,987171
rsa-3072,pss-sign,65,18296500,988002
rsa-3072,pss-sign,66,18288704,987583
rsa-3072,pss-sign,67,18282704,987259
rsa-3072,pss-sign,68,18287852,987538
rsa-3072,pss-sign,69,18287074,987496
rsa-3072,pss-sign,70,18296667,988013
rsa-3072,pss-sign,71,18297130,988039
rsa-3072,pss-sign,72,18308278,988638
rsa-3072,pss-sign,73,18370537,992001
rsa-3072,pss-sign,74,18289796,987642
rsa-3072,pss-sign,75,18293334,987834
rsa-3072,pss-sign,76,18287611,987524
rsa-3072,pss-sign,77,18298963,988138
rsa-3072,pss-sign,78,21645667,1168859
rsa-3072,pss-sign,79,18296666,988013
rsa-3072,pss-sign,80,18304259,988423
rsa-3072,pss-sign,81,18329648,989795
rsa-3072,pss-sign,82,18300444,988218
rsa-3072,pss-sign,83,18284797,987372
rsa-3072,pss-sign,84,18288167,987554
rsa-3072,pss-sign,85,18292722,987799
rsa-3072,pss-sign,86,18333241,989987
rsa-3072,pss-sign,87,18299593,988171
rsa-3072,pss-sign,88,18304444,988433
rsa-3072,pss-sign,89,18300093,988198
rsa-3072,pss-sign,90,18305204,988473
rsa-3072,pss-sign,91,18302111,988307
rsa-3072,pss-sign,92,18292537,987788
rsa-3072,pss-sign,93,18294834,987914
rsa-3072,pss-sign,94,18287741,987532
rsa-3072,pss-sign,95,18284129,987337
rsa-3072,pss-sign,96,18287260,987505
rsa-3072,pss-sign,97,18282185,987231
rsa-3072,pss-sign,98,18302760,988342
rsa-3072,pss-sign,99,18309074,988681
rsa-3072,pss-sign,100,18312907,988891
rsa-3072,pss-sign,101,18301611,988280
rsa-3072,pss-sign,102,18287574,987522
rsa-3072,pss-sign,103,18299760,988181
rsa-3072,pss-sign,104,18287056,987493
rsa-3072,pss-sign,105,18306463,988541
rsa-3072,pss-sign,106,18293611,987849
rsa-3072,pss-sign,107,18287462,987517
rsa-3072,pss-sign,108,18288778,987586
rsa-3072,pss-sign,109,18282704,987259
rsa-3072,pss-sign,110,21640815,1168590
rsa-3072,pss-sign,111,18306093,988518
rsa-3072,pss-sign,112,18316223,989069
rsa-3072,pss-sign,113,18284963,987380
rsa-3072,pss-sign,114,18291445,987730
rsa-3072,pss-sign,115,18288611,987578
rsa-3072,pss-sign,116,18407963,994010
rsa-3072,pss-sign,117,18301278,988263
rsa-3072,pss-sign,118,18289518,987623
rsa-3072,pss-sign,119,18301500,988272
rsa-3072,pss-sign,120,18290000,987654
rsa-3072,pss-sign,121,18295056,987926
rsa-3072,pss-sign,122,18293870,987862
rsa-3072,pss-sign,123,18287315,987509
rsa-3072,pss-sign,124,18292259,987776
rsa-3072,pss-sign,125,18284592,987362
rsa-3072,pss-sign,126,18297445,988054
rsa-3072,pss-sign,127,18392463,993183
rsa-3072,pss-sign,128,18294926,987920
rsa-3072,pss-sign,129,18288777,987588
rsa-3072,pss-sign,130,18282814,987266
rsa-3072,pss-sign,131,18288593,987578
rsa-3072,pss-sign,132,18301481,988271
rsa-3072,pss-sign,133,18291297,987723
rsa-3072,pss-sign,134,18283334,987294
rsa-3072,pss-sign,135,18289963,987652
rsa-3072,pss-sign,136,18294426,987893
rsa-3072,pss-sign,137,18286704,987475
rsa-3072,pss-sign,138,18309111,988685
rsa-3072,pss-sign,139,18310371,988752
rsa-3072,pss-sign,140,18316648,989093
rsa-3072,pss-sign,141,18332815,989963
rsa-3072,pss-sign,142,21610277,1166948
rsa-3072,pss-sign,143,18292074,987766
rsa-3072,pss-sign,144,18302833,988346
rsa-3072,pss-sign,145,18306055,988521
rsa-3072,pss-sign,146,18294445,987892
rsa-3072,pss-sign,147,18289222,987611
rsa-3072,pss-sign,148,18281667,987204
rsa-3072,pss-sign,149,18291093,987712
rsa-3072,pss-sign,150,18289611,987632
rsa-3072,pss-sign,151,18302241,988314
rsa-3072,pss-sign,152,18324389,989508
rsa-3072,pss-sign,153,18284796,987373
rsa-3072,pss-sign,154,18299334,988158
rsa-3072,pss-sign,155,18297871,988078
rsa-3072,pss-sign,156,18292741,987802
rsa-3072,pss-sign,157,18288907,987594
rsa-3072,pss-sign,158,18289260,987614
rsa-3072,pss-sign,159,18304315,988425
rsa-3072,pss-sign,160,18283314,987293
rsa-3072,pss-sign,161,18291463,987732
rsa-3072,pss-sign,162,18280981,987167
rsa-3072,pss-sign,163,18289852,987646
rsa-3072,pss-sign,164,18290074,987657
rsa-3072,pss-sign,165,18282871,987268
rsa-3072,pss-sign,166,18293611,987847
rsa-3072,pss-sign,167,18282444,987245
rsa-3072,pss-sign,168,18292240,987774
rsa-3072,pss-sign,169,18291574,987739
rsa-3072,pss-sign,170,18294018,987871
rsa-3072,pss-sign,171,18289519,987628
rsa-3072,pss-sign,172,18283074,987279
rsa-3072,pss-sign,173,18294574,987898
rsa-3072,pss-sign,174,21582796,1165464
rsa-3072,pss-sign,175,18295203,987934
rsa-3072,pss-sign,176,18291018,987709
rsa-3072,pss-sign,177,18288037,987548
rsa-3072,pss-sign,178,18283371,987295
rsa-3072,pss-sign,179,18294315,987884
rsa-3072,pss-sign,180,18290908,987701
rsa-3072,pss-sign,181,18292759,987802
rsa-3072,pss-sign,182,18379055,992460
rsa-3072,pss-sign,183,18299315,988157
rsa-3072,pss-sign,184,18290851,987699
rsa-3072,pss-sign,185,18281352,987187
rsa-3072,pss-sign,186,18296259,987990
rsa-3072,pss-sign,187,18293463,987839
rsa-3072,pss-sign,188,18286741,987476
rsa-3072,pss-sign,189,18288352,987563
rsa-3072,pss-sign,190,18283000,987275
rsa-3072,pss-sign,191,18296704,988016
rsa-3072,pss-sign,192,18296593,988009
rsa-3072,pss-sign,193,18328870,989750
rsa-3072,pss-sign,194,18294704,987907
rsa-3072,pss-sign,195,18288630,987580
rsa-3072,pss-sign,196,18303870,988403
rsa-3072,pss-sign,197,18281797,987209
rsa-3072,pss-sign,198,18301611,988281
rsa-3072,pss-sign,199,18307018,988573
rsa-3072,pss-sign,200,18293370,987834
rsa-3072,pss-sign,201,18291370,987728
rsa-3072,pss-sign,202,18286889,987485
rsa-3072,pss-sign,203,18305334,988482
rsa-3072,pss-sign,204,18293074,987819
rsa-3072,pss-sign,205,18295778,987966
rsa-3072,pss-sign,206,21687759,1171131
rsa-3072,pss-sign,207,18296630,988012
rsa-3072,pss-sign,208,18300037,988195
rsa-3072,pss-sign,209,18293796,987859
rsa-3072,pss-sign,210,18288648,987581
rsa-3072,pss-sign,211,18282593,987254
rsa-3072,pss-sign,212,18288852,987591
rsa-3072,pss-sign,213,18288463,987569
rsa-3072,pss-sign,214,18291296,987724
rsa-3072,pss-sign,215,18291593,987739
rsa-3072,pss-sign,216,18285907,987432
rsa-3072,pss-sign,217,18297759,988072
rsa-3072,pss-sign,218,18282556,987251
rsa-3072,pss-sign,219,18288389,987567
rsa-3072,pss-sign,220,18293056,987817
rsa-3072,pss-sign,221,18292519,987789
rsa-3072,pss-sign,222,18290112,987659
rsa-3072,pss-sign,223,18293166,987825
rsa-3072,pss-sign,224,18294166,987879
rsa-3072,pss-sign,225,18287426,987515
rsa-3072,pss-sign,226,18294500,987896
rsa-3072,pss-sign,227,18292686,987797
rsa-3072,pss-sign,228,18311148,988795
rsa-3072,pss-sign,229,18288797,987588
rsa-3072,pss-sign,230,18283185,987285
rsa-3072,pss-sign,231,18302815,988345
rsa-3072,pss-sign,232,18297260,988045
rsa-3072,pss-sign,233,18301370,988266
rsa-3072,pss-sign,234,18282537,987251
rsa-3072,pss-sign,235,18293426,987839
rsa-3072,pss-sign,236,18372055,992079
rsa-3072,pss-sign,237,18287574,987522
rsa-3072,pss-sign,238,21659537,1169608
rsa-3072,pss-sign,239,18298111,988092
rsa-3072,pss-sign,240,18311278,988801
rsa-3072,pss-sign,241,18287407,987514
rsa-3072,pss-sign,242,18290000,987652
rsa-3072,pss-sign,243,18281222,987180
rsa-3072,pss-sign,244,18291778,987750
rsa-3072,pss-sign,245,18288723,987584
rsa-3072,pss-sign,246,18284018,987329
rsa-3072,pss-sign,247,18296166,987983
rsa-3072,pss-sign,248,18285018,987385
rsa-3072,pss-sign,249,18290593,987685
rsa-3072,pss-sign,250,18288889,987594
rsa-3072,pss-sign,251,18307315,988587
rsa-3072,pss-sign,252,18288945,987597
rsa-3072,pss-sign,253,18283611,987308
rsa-3072,pss-sign,254,18295537,987951
rsa-3072,pss-sign,255,18285815,987426
rsa-3072,pss-sign,256,18295167,987932
rsa-3072,pss-sign,257,18289148,987608
rsa-3072,pss-sign,258,18283426,987299
rsa-3072,pss-sign,259,18287981,987544
rsa-3072,pss-sign,260,18288685,987581
rsa-3072,pss-sign,261,18290740,987693
rsa-3072,pss-sign,262,18295185,987934
rsa-3072,pss-sign,263,18291203,987718
rsa-3072,pss-sign,264,18288481,987572
rsa-3072,pss-sign,265,18286315,987454
rsa-3072,pss-sign,266,18304333,988427
rsa-3072,pss-sign,267,18288703,987580
rsa-3072,pss-sign,268,18291518,987736
rsa-3072,pss-sign,269,18283649,987311
rsa-3072,pss-sign,270,21648814,1169029
rsa-3072,pss-sign,271,18289315,987616
rsa-3072,pss-sign,272,18292333,987779
rsa-3072,pss-sign,273,18289537,987627
rsa-3072,pss-sign,274,18288907,987592
rsa-3072,pss-sign,275,18289148,987607
rsa-3072,pss-sign,276,18297259,988045
rsa-3072,pss-sign,277,18294945,987920
rsa-3072,pss-sign,278,18302723,988341
rsa-3072,pss-sign,279,18303370,988374
rsa-3072,pss-sign,280,18303186,988363
rsa-3072,pss-sign,281,18284371,987349
rsa-3072,pss-sign,282,18287648,987527
rsa-3072,pss-sign,283,18283426,987298
rsa-3072,pss-sign,284,18290574,987684
rsa-3072,pss-sign,285,18286222,987449
rsa-3072,pss-sign,286,18290629,987688
rsa-3072,pss-sign,287,18293760,987855
rsa-3072,pss-sign,288,18283055,987278
rsa-3072,pss-sign,289,18290352,987671
rsa-3072,pss-sign,290,18382389,992640
rsa-3072,pss-sign,291,18300722,988233
rsa-3072,pss-sign,292,18297778,988072
rsa-3072,pss-sign,293,18295870,987971
rsa-3072,pss-sign,294,18298907,988132
rsa-3072,pss-sign,295,18284297,987345
rsa-3072,pss-sign,296,18287666,987528
rsa-3072,pss-sign,297,18282500,987248
rsa-3072,pss-sign,298,18291481,987734
rsa-3072,pss-sign,299,18282204,987233
rsa-3072,pss-sign,300,18292092,987767
rsa-3072,pss-sign,301,18294981,987920
rsa-3072,pss-sign,302,21701056,1171850
rsa-3072,pss-sign,303,18332240,989932
rsa-3072,pss-sign,304,18283685,987312
rsa-3072,pss-sign,305,18299166,988148
rsa-3072,pss-sign,306,18292537,987790
rsa-3072,pss-sign,307,18300370,988212
rsa-3072,pss-sign,308,18291519,987736
rsa-3072,pss-sign,309,18283519,987303
rsa-3072,pss-sign,310,18293981,987868
rsa-3072,pss-sign,311,18282556,987251
rsa-3072,pss-sign,312,18288852,987590
rsa-3072,pss-sign,313,18281481,987192
rsa-3072,pss-sign,314,18297407,988051
rsa-3072,pss-sign,315,18290370,987674
rsa-3072,pss-sign,316,18302500,988328
rsa-3072,pss-sign,317,18293352,987835
rsa-3072,pss-sign,318,18284463,987354
rsa-3072,pss-sign,319,18287685,987528
rsa-3072,pss-sign,320,18294703,987907
rsa-3072,pss-sign,321,18299037,988138
rsa-3072,pss-sign,322,18293592,987848
rsa-3072,pss-sign,323,18283389,987295
rsa-3072,pss-sign,324,18287981,987545
rsa-3072,pss-sign,325,18296815,988021
rsa-3072,pss-sign,326,18291648,987742
rsa-3072,pss-sign,327,18282704,987260
rsa-3072,pss-sign,328,18296518,988004
rsa-3072,pss-sign,329,18290389,987675
rsa-3072,pss-sign,330,18284500,987357
rsa-3072,pss-sign,331,18288000,987545
rsa-3072,pss-sign,332,18283037,987277
rsa-3072,pss-sign,333,18306167,988523
rsa-3072,pss-sign,334,21631260,1168074
rsa-3072,pss-sign,335,18315074,989007
rsa-3072,pss-sign,336,18289611,987632
rsa-3072,pss-sign,337,18290500,987680
rsa-3072,pss-sign,338,18290019,987654
rsa-3072,pss-sign,339,18283926,987325
rsa-3072,pss-sign,340,18287537,987520
rsa-3072,pss-sign,341,18698852,1009711
rsa-3072,pss-sign,342,18314722,988988
rsa-3072,pss-sign,343,18311704,988822
rsa-3072,pss-sign,344,18309260,988691
rsa-3072,pss-sign,345,18420055,994673
rsa-3072,pss-sign,346,18286685,987475
rsa-3072,pss-sign,347,18291815,987752
rsa-3072,pss-sign,348,18288204,987554
rsa-3072,pss-sign,349,18290315,987671
rsa-3072,pss-sign,350,18306482,988544
rsa-3072,pss-sign,351,18294611,987903
rsa-3072,pss-sign,352,18289574,987631
rsa-3072,pss-sign,353,18325018,989543
rsa-3072,pss-sign,354,18292519,987789
rsa-3072,pss-sign,355,18287240,987502
rsa-3072,pss-sign,356,18290019,987653
rsa-3072,pss-sign,357,18300167,988202
rsa-3072,pss-sign,358,18282537,987251
rsa-3072,pss-sign,359,18310444,988757
rsa-3072,pss-sign,360,18282241,987233
rsa-3072,pss-sign,361,18296463,988000
rsa-3072,pss-sign,362,18288907,987595
rsa-3072,pss-sign,363,18283130,987283
rsa-3072,pss-sign,364,18308685,988663
rsa-3072,pss-sign,365,18292500,987788
rsa-3072,pss-sign,366,21694093,1171475
rsa-3072,pss-sign,367,18297018,988032
rsa-3072,pss-sign,368,18316574,989086
rsa-3072,pss-sign,369,18289445,987623
rsa-3072,pss-sign,370,18292741,987802
rsa-3072,pss-sign,371,18311870,988834
rsa-3072,pss-sign,372,18290704,987691
rsa-3072,pss-sign,373,18293704,987853
rsa-3072,pss-sign,374,18285463,987407
rsa-3072,pss-sign,375,18301796,988288
rsa-3072,pss-sign,376,18281222,987178
rsa-3072,pss-sign,377,18289537,987628
rsa-3072,pss-sign,378,18289666,987634
rsa-3072,pss-sign,379,18282981,987275
rsa-3072,pss-sign,380,18303055,988358
rsa-3072,pss-sign,381,18285871,987431
rsa-3072,pss-sign,382,18298870,988130
rsa-3072,pss-sign,383,18281537,987197
rsa-3072,pss-sign,384,18289629,987633
rsa-3072,pss-sign,385,18297871,988079
rsa-3072,pss-sign,386,18294166,987877
rsa-3072,pss-sign,387,18290037,987656
rsa-3072,pss-sign,388,18434056,995412
rsa-3072,pss-sign,389,18351093,990950
rsa-3072,pss-sign,390,18293796,987858
rsa-3072,pss-sign,391,18284426,987353
rsa-3072,pss-sign,392,18295407,987945
rsa-3072,pss-sign,393,18290037,987656
rsa-3072,pss-sign,394,18292574,987792
rsa-3072,pss-sign,395,18292796,987803
rsa-3072,pss-sign,396,18297074,988035
rsa-3072,pss-sign,397,18295444,987946
rsa-3072,pss-sign,398,21614555,1167178
rsa-3072,pss-sign,399,18404926,993854
rsa-3072,pss-sign,400,18288352,987564
rsa-3072,pss-sign,401,18289352,987619
rsa-3072,pss-sign,402,18289500,987624
rsa-3072,pss-sign,403,18288797,987588
rsa-3072,pss-sign,404,18286389,987459
rsa-3072,pss-sign,405,18305315,988479
rsa-3072,pss-sign,406,18292611,987794
rsa-3072,pss-sign,407,18288685,987582
rsa-3072,pss-sign,408,18297185,988040
rsa-3072,pss-sign,409,18287703,987529
rsa-3072,pss-sign,410,18292815,987805
rsa-3072,pss-sign,411,18306222,988528
rsa-3072,pss-sign,412,18292370,987781
rsa-3072,pss-sign,413,18306129,988524
rsa-3072,pss-sign,414,18296018,987979
rsa-3072,pss-sign,415,18298278,988098
rsa-3072,pss-sign,416,18282092,987226
rsa-3072,pss-sign,417,18290167,987663
rsa-3072,pss-sign,418,18298482,988110
rsa-3072,pss-sign,419,18293574,987846
rsa-3072,pss-sign,420,18290537,987682
rsa-3072,pss-sign,421,18285130,987391
rsa-3072,pss-sign,422,18315019,989003
rsa-3072,pss-sign,423,18298667,988121
rsa-3072,pss-sign,424,18292093,987765
rsa-3072,pss-sign,425,18282574,987252
rsa-3072,pss-sign,426,18290611,987686
rsa-3072,pss-sign,427,18288296,987562
rsa-3072,pss-sign,428,18300834,988238
rsa-3072,pss-sign,429,18301926,988294
rsa-3072,pss-sign,430,21629778,1168001
rsa-3072,pss-sign,431,18289018,987600
rsa-3072,pss-sign,432,18283611,987308
rsa-3072,pss-sign,433,18313148,988902
rsa-3072,pss-sign,434,18283814,987319
rsa-3072,pss-sign,435,18297407,988051
rsa-3072,pss-sign,436,18294259,987883
rsa-3072,pss-sign,437,18286796,987480
rsa-3072,pss-sign,438,18287389,987512
rsa-3072,pss-sign,439,18301167,988255
rsa-3072,pss-sign,440,18297407,988053
rsa-3072,pss-sign,441,18305482,988489
rsa-3072,pss-sign,442,18302278,988314
rsa-3072,pss-sign,443,18311871,988834
rsa-3072,pss-sign,444,18305055,988466
rsa-3072,pss-sign,445,18305018,988463
rsa-3072,pss-sign,446,18292371,987781
rsa-3072,pss-sign,447,18295111,987930
rsa-3072,pss-sign,448,18289852,987646
rsa-3072,pss-sign,449,18297038,988032
rsa-3072,pss-sign,450,18299204,988150
rsa-3072,pss-sign,451,18283018,987277
rsa-3072,pss-sign,452,18288555,987576
rsa-3072,pss-sign,453,18376741,992334
rsa-3072,pss-sign,454,18320445,989297
rsa-3072,pss-sign,455,18313018,988896
rsa-3072,pss-sign,456,18314000,988948
rsa-3072,pss-sign,457,18311518,988815
rsa-3072,pss-sign,458,18306740,988558
rsa-3072,pss-sign,459,18320167,989283
rsa-3072,pss-sign,460,18308611,988658
rsa-3072,pss-sign,461,18316463,989083
rsa-3072,pss-sign,462,21766519,1175384
rsa-3072,pss-sign,463,18308278,988641
rsa-3072,pss-sign,464,18325981,989596
rsa-3072,pss-sign,465,18315871,989051
rsa-3072,pss-sign,466,18312630,988874
rsa-3072,pss-sign,467,18304833,988454
rsa-3072,pss-sign,468,18346518,990706
rsa-3072,pss-sign,469,18323685,989470
rsa-3072,pss-sign,470,18307889,988619
rsa-3072,pss-sign,471,18317407,989133
rsa-3072,pss-sign,472,18328204,989716
rsa-3072,pss-sign,473,18319018,989220
rsa-3072,pss-sign,474,18304370,988430
rsa-3072,pss-sign,475,18315500,989031
rsa-3072,pss-sign,476,18317555,989139
rsa-3072,pss-sign,477,18328667,989742
rsa-3072,pss-sign,478,18335148,990091
rsa-3072,pss-sign,479,18313463,988921
rsa-3072,pss-sign,480,18319722,989258
rsa-3072,pss-sign,481,18334815,990072
rsa-3072,pss-sign,482,18330315,989830
rsa-3072,pss-sign,483,18338278,990258
rsa-3072,pss-sign,484,18307407,988594
rsa-3072,pss-sign,485,18318815,989210
rsa-3072,pss-sign,486,18314092,988955
rsa-3072,pss-sign,487,18313092,988901
rsa-3072,pss-sign,488,18314592,988982
rsa-3072,pss-sign,489,18318037,989166
rsa-3072,pss-sign,490,18311444,988812
rsa-3072,pss-sign,491,18312371,988862
rsa-3072,pss-sign,492,18320889,989321
rsa-3072,pss-sign,493,18315630,989038
rsa-3072,pss-sign,494,21599019,1166339
rsa-3072,pss-sign,495,18313241,988908
rsa-3072,pss-sign,496,18320000,989271
rsa-3072,pss-sign,497,18317685,989149
rsa-3072,pss-sign,498,18309204,988690
rsa-3072,pss-sign,499,18327130,989658
rsa-3072,pss-sign,500,18309000,988680
rsa-3072,pss-sign,501,18314203,988961
rsa-3072,pss-sign,502,18302907,988350
rsa-3072,pss-sign,503,18304333,988425
rsa-3072,pss-sign,504,18298444,988109
rsa-3072,pss-sign,505,18283389,987295
rsa-3072,pss-sign,506,18296537,988006
rsa-3072,pss-sign,507,18297889,988080
rsa-3072,pss-sign,508,18374870,992234
rsa-3072,pss-sign,509,18299148,988145
rsa-3072,pss-sign,510,18290260,987667
rsa-3072,pss-sign,511,18292704,987799
rsa-3072,pss-sign,512,18286926,987488
rsa-3072,pss-sign,513,18290611,987686
rsa-3072,pss-sign,514,18282185,987232
rsa-3072,pss-sign,515,18291963,987760
rsa-3072,pss-sign,516,18294167,987876
rsa-3072,pss-sign,517,18283241,987288
rsa-3072,pss-sign,518,18289685,987636
rsa-3072,pss-sign,519,18297111,988037
rsa-3072,pss-sign,520,18314240,988961
rsa-3072,pss-sign,521,18300370,988213
rsa-3072,pss-sign,522,18294852,987916
rsa-3072,pss-sign,523,18294482,987893
rsa-3072,pss-sign,524,18301185,988258
rsa-3072,pss-sign,525,18305908,988512
rsa-3072,pss-sign,526,21652741,1169240
rsa-3072,pss-sign,527,18289519,987628
rsa-3072,pss-sign,528,18282333,987239
rsa-3072,pss-sign,529,18291371,987727
rsa-3072,pss-sign,530,18295907,987969
rsa-3072,pss-sign,531,18285796,987425
rsa-3072,pss-sign,532,18287593,987524
rsa-3072,pss-sign,533,18282981,987274
rsa-3072,pss-sign,534,18287315,987508
rsa-3072,pss-sign,535,18282278,987236
rsa-3072,pss-sign,536,18295797,987964
rsa-3072,pss-sign,537,18292519,987790
rsa-3072,pss-sign,538,18283148,987283
rsa-3072,pss-sign,539,18287407,987513
rsa-3072,pss-sign,540,18281815,987211
rsa-3072,pss-sign,541,18289297,987615
rsa-3072,pss-sign,542,18281222,987180
rsa-3072,pss-sign,543,18295667,987957
rsa-3072,pss-sign,544,18303259,988370
rsa-3072,pss-sign,545,18299037,988141
rsa-3072,pss-sign,546,18291796,987751
rsa-3072,pss-sign,547,18283185,987285
rsa-3072,pss-sign,548,18288519,987574
rsa-3072,pss-sign,549,18281445,987192
rsa-3072,pss-sign,550,18295667,987957
rsa-3072,pss-sign,551,18288648,987579
rsa-3072,pss-sign,552,18283500,987303
rsa-3072,pss-sign,553,18297611,988064
rsa-3072,pss-sign,554,18281889,987215
rsa-3072,pss-sign,555,18290074,987657
rsa-3072,pss-sign,556,18300593,988226
rsa-3072,pss-sign,557,18317463,989134
rsa-3072,pss-sign,558,21651740,1169186
rsa-3072,pss-sign,559,18289963,987651
rsa-3072,pss-sign,560,18290500,987679
rsa-3072,pss-sign,561,18294815,987912
rsa-3072,pss-sign,562,18369352,991935
rsa-3072,pss-sign,563,18296222,987988
rsa-3072,pss-sign,564,18307352,988589
rsa-3072,pss-sign,565,18286018,987438
rsa-3072,pss-sign,566,18291352,987726
rsa-3072,pss-sign,567,18288574,987577
rsa-3072,pss-sign,568,18282778,987263
rsa-3072,pss-sign,569,18289851,987646
rsa-3072,pss-sign,570,18287000,987490
rsa-3072,pss-sign,571,18299778,988181
rsa-3072,pss-sign,572,18294371,987889
rsa-3072,pss-sign,573,18290759,987694
rsa-3072,pss-sign,574,18289185,987610
rsa-3072,pss-sign,575,18282870,987268
rsa-3072,pss-sign,576,18313352,988913
rsa-3072,pss-sign,577,18289185,987607
rsa-3072,pss-sign,578,18292778,987803
rsa-3072,pss-sign,579,18288537,987575
rsa-3072,pss-sign,580,18295981,987977
rsa-3072,pss-sign,581,18302111,988307
rsa-3072,pss-sign,582,18295537,987953
rsa-3072,pss-sign,583,18380370,992523
rsa-3072,pss-sign,584,18301630,988278
rsa-3072,pss-sign,585,18291648,987743
rsa-3072,pss-sign,586,18299352,988158
rsa-3072,pss-sign,587,18296945,988028
rsa-3072,pss-sign,588,18298667,988121
rsa-3072,pss-sign,589,18289611,987632
rsa-3072,pss-sign,590,21651907,1169195
rsa-3072,pss-sign,591,18290537,987683
rsa-3072,pss-sign,592,18288370,987564
rsa-3072,pss-sign,593,18282444,987245
rsa-3072,pss-sign,594,18289370,987620
rsa-3072,pss-sign,595,18288537,987575
rsa-3072,pss-sign,596,18282278,987237
rsa-3072,pss-sign,597,18293167,987822
rsa-3072,pss-sign,598,18282741,987262
rsa-3072,pss-sign,599,18290703,987691
rsa-3072,pss-sign,600,18281593,987200
rsa-3072,pss-sign,601,18297648,988067
rsa-3072,pss-sign,602,18292648,987797
rsa-3072,pss-sign,603,18301111,988254
rsa-3072,pss-sign,604,18315481,989028
rsa-3072,pss-sign,605,18304518,988437
rsa-3072,pss-sign,606,18310889,988781
rsa-3072,pss-sign,607,18280871,987161
rsa-3072,pss-sign,608,18294945,987921
rsa-3072,pss-sign,609,18287814,987535
rsa-3072,pss-sign,610,18284037,987331
rsa-3072,pss-sign,611,18298815,988127
rsa-3072,pss-sign,612,18289185,987609
rsa-3072,pss-sign,613,18292833,987806
rsa-3072,pss-sign,614,18280722,987152
rsa-3072,pss-sign,615,18289963,987651
rsa-3072,pss-sign,616,18383833,992718
rsa-3072,pss-sign,617,18292666,987797
rsa-3072,pss-sign,618,18290463,987679
rsa-3072,pss-sign,619,18280945,987164
rsa-3072,pss-sign,620,18291092,987713
rsa-3072,pss-sign,621,18313315,988912
rsa-3072,pss-sign,622,21648685,1169022
rsa-3072,pss-sign,623,18293037,987817
rsa-3072,pss-sign,624,18315722,989041
rsa-3072,pss-sign,625,18312055,988843
rsa-3072,pss-sign,626,18285388,987404
rsa-3072,pss-sign,627,18289759,987641
rsa-3072,pss-sign,628,18304351,988427
rsa-3072,pss-sign,629,18291278,987722
rsa-3072,pss-sign,630,18288759,987586
rsa-3072,pss-sign,631,18301371,988265
rsa-3072,pss-sign,632,18296519,988006
rsa-3072,pss-sign,633,18282444,987246
rsa-3072,pss-sign,634,18289371,987620
rsa-3072,pss-sign,635,18294500,987897
rsa-3072,pss-sign,636,18295833,987967
rsa-3072,pss-sign,637,18307037,988572
rsa-3072,pss-sign,638,18292871,987807
rsa-3072,pss-sign,639,18289389,987621
rsa-3072,pss-sign,640,18289278,987614
rsa-3072,pss-sign,641,18296778,988018
rsa-3072,pss-sign,642,18286574,987468
rsa-3072,pss-sign,643,18295796,987967
rsa-3072,pss-sign,644,18298852,988130
rsa-3072,pss-sign,645,18301685,988283
rsa-3072,pss-sign,646,18289444,987623
rsa-3072,pss-sign,647,18281889,987215
rsa-3072,pss-sign,648,18295815,987968
rsa-3072,pss-sign,649,18286889,987485
rsa-3072,pss-sign,650,18290537,987682
rsa-3072,pss-sign,651,18310593,988764
rsa-3072,pss-sign,652,18290185,987663
rsa-3072,pss-sign,653,18291760,987747
rsa-3072,pss-sign,654,21667074,1170015
rsa-3072,pss-sign,655,18293148,987823
rsa-3072,pss-sign,656,18285667,987419
rsa-3072,pss-sign,657,18312148,988849
rsa-3072,pss-sign,658,18289111,987603
rsa-3072,pss-sign,659,18370222,991982
rsa-3072,pss-sign,660,18343685,990549
rsa-3072,pss-sign,661,18290037,987655
rsa-3072,pss-sign,662,18301000,988248
rsa-3072,pss-sign,663,18292518,987789
rsa-3072,pss-sign,664,18303037,988355
rsa-3072,pss-sign,665,18293648,987851
rsa-3072,pss-sign,666,18293167,987823
rsa-3072,pss-sign,667,18314703,988985
rsa-3072,pss-sign,668,18283852,987322
rsa-3072,pss-sign,669,18287185,987502
rsa-3072,pss-sign,670,18291778,987750
rsa-3072,pss-sign,671,18408371,994041
rsa-3072,pss-sign,672,18295870,987970
rsa-3072,pss-sign,673,18283870,987322
rsa-3072,pss-sign,674,18288149,987554
rsa-3072,pss-sign,675,18282389,987242
rsa-3072,pss-sign,676,18292444,987785
rsa-3072,pss-sign,677,18304351,988429
rsa-3072,pss-sign,678,18317370,989129
rsa-3072,pss-sign,679,18301204,988258
rsa-3072,pss-sign,680,18292741,987800
rsa-3072,pss-sign,681,18287426,987514
rsa-3072,pss-sign,682,18282204,987231
rsa-3072,pss-sign,683,18295333,987941
rsa-3072,pss-sign,684,18285685,987420
rsa-3072,pss-sign,685,18335722,990120
rsa-3072,pss-sign,686,21676482,1170522
rsa-3072,pss-sign,687,18297000,988031
rsa-3072,pss-sign,688,18292722,987801
rsa-3072,pss-sign,689,18285130,987391
rsa-3072,pss-sign,690,18309185,988689
rsa-3072,pss-sign,691,18302185,988310
rsa-3072,pss-sign,692,18295166,987932
rsa-3072,pss-sign,693,18292760,987802
rsa-3072,pss-sign,694,18289241,987613
rsa-3072,pss-sign,695,18308166,988633
rsa-3072,pss-sign,696,18286611,987470
rsa-3072,pss-sign,697,18293908,987865
rsa-3072,pss-sign,698,18294797,987911
rsa-3072,pss-sign,699,18295481,987946
rsa-3072,pss-sign,700,18291407,987729
rsa-3072,pss-sign,701,18283315,987293
rsa-3072,pss-sign,702,18288333,987563
rsa-3072,pss-sign,703,18295889,987971
rsa-3072,pss-sign,704,18305129,988470
rsa-3072,pss-sign,705,18289611,987624
rsa-3072,pss-sign,706,18291722,987747
rsa-3072,pss-sign,707,18292500,987788
rsa-3072,pss-sign,708,18307500,988596
rsa-3072,pss-sign,709,18299648,988175
rsa-3072,pss-sign,710,18291018,987708
rsa-3072,pss-sign,711,18297426,988054
rsa-3072,pss-sign,712,18288371,987564
rsa-3072,pss-sign,713,18290667,987688
rsa-3072,pss-sign,714,18290019,987655
rsa-3072,pss-sign,715,18292074,987766
rsa-3072,pss-sign,716,18294870,987916
rsa-3072,pss-sign,717,18282778,987263
rsa-3072,pss-sign,718,21645852,1168867
rsa-3072,pss-sign,719,18295334,987941
rsa-3072,pss-sign,720,18297981,988085
rsa-3072,pss-sign,721,18281611,987201
rsa-3072,pss-sign,722,18289871,987647
rsa-3072,pss-sign,723,18290296,987669
rsa-3072,pss-sign,724,18287444,987516
rsa-3072,pss-sign,725,18384148,992736
rsa-3072,pss-sign,726,18283741,987315
rsa-3072,pss-sign,727,18290796,987697
rsa-3072,pss-sign,728,18281593,987199
rsa-3072,pss-sign,729,18289537,987628
rsa-3072,pss-sign,730,18287760,987533
rsa-3072,pss-sign,731,18304870,988457
rsa-3072,pss-sign,732,18302982,988353
rsa-3072,pss-sign,733,18283889,987324
rsa-3072,pss-sign,734,18294593,987901
rsa-3072,pss-sign,735,18286167,987445
rsa-3072,pss-sign,736,18290834,987699
rsa-3072,pss-sign,737,18329630,989792
rsa-3072,pss-sign,738,18283722,987315
rsa-3072,pss-sign,739,18310000,988732
rsa-3072,pss-sign,740,18288648,987581
rsa-3072,pss-sign,741,18293185,987826
rsa-3072,pss-sign,742,18289222,987611
rsa-3072,pss-sign,743,18284222,987342
rsa-3072,pss-sign,744,18290500,987680
rsa-3072,pss-sign,745,18294389,987887
rsa-3072,pss-sign,746,18288481,987572
rsa-3072,pss-sign,747,18294648,987905
rsa-3072,pss-sign,748,18293611,987849
rsa-3072,pss-sign,749,18294315,987886
rsa-3072,pss-sign,750,21700648,1171828
rsa-3072,pss-sign,751,18311833,988833
rsa-3072,pss-sign,752,18302092,988305
rsa-3072,pss-sign,753,18292407,987784
rsa-3072,pss-sign,754,18283204,987287
rsa-3072,pss-sign,755,18288963,987598
rsa-3072,pss-sign,756,18281778,987210
rsa-3072,pss-sign,757,18290556,987683
rsa-3072,pss-sign,758,18288630,987580
rsa-3072,pss-sign,759,18289444,987621
rsa-3072,pss-sign,760,18288092,987550
rsa-3072,pss-sign,761,18285167,987392
rsa-3072,pss-sign,762,18287389,987512
rsa-3072,pss-sign,763,18281870,987215
rsa-3072,pss-sign,764,18291222,987720
rsa-3072,pss-sign,765,18302333,988318
rsa-3072,pss-sign,766,18285204,987394
rsa-3072,pss-sign,767,18287982,987545
rsa-3072,pss-sign,768,18282278,987237
rsa-3072,pss-sign,769,18291556,987737
rsa-3072,pss-sign,770,18293593,987846
rsa-3072,pss-sign,771,18290871,987701
rsa-3072,pss-sign,772,18296481,988001
rsa-3072,pss-sign,773,18283500,987301
rsa-3072,pss-sign,774,18288148,987553
rsa-3072,pss-sign,775,18288000,987545
rsa-3072,pss-sign,776,18293537,987844
rsa-3072,pss-sign,777,18282129,987228
rsa-3072,pss-sign,778,18298315,988103
rsa-3072,pss-sign,779,18387593,992920
rsa-3072,pss-sign,780,18292371,987781
rsa-3072,pss-sign,781,18293111,987822
rsa-3072,pss-sign,782,21692223,1171373
rsa-3072,pss-sign,783,18314148,988957
rsa-3072,pss-sign,784,18289944,987650
rsa-3072,pss-sign,785,18294852,987915
rsa-3072,pss-sign,786,18287648,987525
rsa-3072,pss-sign,787,18304388,988429
rsa-3072,pss-sign,788,18293555,987845
rsa-3072,pss-sign,789,18285982,987437
rsa-3072,pss-sign,790,18308611,988658
rsa-3072,pss-sign,791,18281889,987216
rsa-3072,pss-sign,792,18317926,989160
rsa-3072,pss-sign,793,18294296,987885
rsa-3072,pss-sign,794,18289889,987648
rsa-3072,pss-sign,795,18295240,987936
rsa-3072,pss-sign,796,18290333,987672
rsa-3072,pss-sign,797,18292519,987789
rsa-3072,pss-sign,798,18284797,987372
rsa-3072,pss-sign,799,18300574,988223
rsa-3072,pss-sign,800,18293889,987863
rsa-3072,pss-sign,801,18294260,987883
rsa-3072,pss-sign,802,18289870,987646
rsa-3072,pss-sign,803,18282592,987253
rsa-3072,pss-sign,804,18289148,987608
rsa-3072,pss-sign,805,18287370,987511
rsa-3072,pss-sign,806,18295481,987948
rsa-3072,pss-sign,807,18294074,987872
rsa-3072,pss-sign,808,18283149,987283
rsa-3072,pss-sign,809,18288574,987577
rsa-3072,pss-sign,810,18282222,987233
rsa-3072,pss-sign,811,18301222,988260
rsa-3072,pss-sign,812,18291870,987755
rsa-3072,pss-sign,813,18299056,988140
rsa-3072,pss-sign,814,21620037,1167475
rsa-3072,pss-sign,815,18292777,987803
rsa-3072,pss-sign,816,18289537,987628
rsa-3072,pss-sign,817,18301314,988265
rsa-3072,pss-sign,818,18307408,988594
rsa-3072,pss-sign,819,18299834,988182
rsa-3072,pss-sign,820,18306426,988540
rsa-3072,pss-sign,821,18302593,988334
rsa-3072,pss-sign,822,18300463,988219
rsa-3072,pss-sign,823,18308444,988648
rsa-3072,pss-sign,824,18286056,987439
rsa-3072,pss-sign,825,18296463,988001
rsa-3072,pss-sign,826,18287722,987527
rsa-3072,pss-sign,827,18291482,987733
rsa-3072,pss-sign,828,18283148,987283
rsa-3072,pss-sign,829,18296296,987993
rsa-3072,pss-sign,830,18294074,987874
rsa-3072,pss-sign,831,18290112,987659
rsa-3072,pss-sign,832,18289278,987615
rsa-3072,pss-sign,833,18292334,987777
rsa-3072,pss-sign,834,18387666,992923
rsa-3072,pss-sign,835,18306426,988539
rsa-3072,pss-sign,836,18287703,987530
rsa-3072,pss-sign,837,18300333,988212
rsa-3072,pss-sign,838,18283574,987307
rsa-3072,pss-sign,839,18288463,987570
rsa-3072,pss-sign,840,18288778,987585
rsa-3072,pss-sign,841,18290241,987666
rsa-3072,pss-sign,842,18291204,987718
rsa-3072,pss-sign,843,18283334,987293
rsa-3072,pss-sign,844,18288888,987593
rsa-3072,pss-sign,845,18283093,987281
rsa-3072,pss-sign,846,21711963,1172438
rsa-3072,pss-sign,847,18296203,987988
rsa-3072,pss-sign,848,18305574,988494
rsa-3072,pss-sign,849,18292944,987813
rsa-3072,pss-sign,850,18294926,987920
rsa-3072,pss-sign,851,18291630,987742
rsa-3072,pss-sign,852,18282889,987270
rsa-3072,pss-sign,853,18293093,987819
rsa-3072,pss-sign,854,18287871,987538
rsa-3072,pss-sign,855,18287277,987507
rsa-3072,pss-sign,856,18281444,987191
rsa-3072,pss-sign,857,18289722,987639
rsa-3072,pss-sign,858,18293852,987861
rsa-3072,pss-sign,859,18299593,988171
rsa-3072,pss-sign,860,18326778,989630
rsa-3072,pss-sign,861,18291778,987747
rsa-3072,pss-sign,862,18297667,988067
rsa-3072,pss-sign,863,18284963,987382
rsa-3072,pss-sign,864,18289944,987651
rsa-3072,pss-sign,865,18293593,987845
rsa-3072,pss-sign,866,18296055,987981
rsa-3072,pss-sign,867,18311166,988794
rsa-3072,pss-sign,868,18285018,987384
rsa-3072,pss-sign,869,18291223,987719
rsa-3072,pss-sign,870,18281907,987216
rsa-3072,pss-sign,871,18293074,987820
rsa-3072,pss-sign,872,18296408,988000
rsa-3072,pss-sign,873,18290371,987671
rsa-3072,pss-sign,874,18287815,987534
rsa-3072,pss-sign,875,18285778,987426
rsa-3072,pss-sign,876,18298648,988121
rsa-3072,pss-sign,877,18285982,987436
rsa-3072,pss-sign,878,21672740,1170320
rsa-3072,pss-sign,879,18281834,987212
rsa-3072,pss-sign,880,18297648,988065
rsa-3072,pss-sign,881,18288667,987582
rsa-3072,pss-sign,882,18290000,987653
rsa-3072,pss-sign,883,18294518,987898
rsa-3072,pss-sign,884,18286963,987490
rsa-3072,pss-sign,885,18294888,987918
rsa-3072,pss-sign,886,18281888,987215
rsa-3072,pss-sign,887,18301037,988247
rsa-3072,pss-sign,888,18387241,992901
rsa-3072,pss-sign,889,18288000,987546
rsa-3072,pss-sign,890,18288834,987590
rsa-3072,pss-sign,891,18281815,987211
rsa-3072,pss-sign,892,18295981,987976
rsa-3072,pss-sign,893,18295704,987959
rsa-3072,pss-sign,894,18299759,988179
rsa-3072,pss-sign,895,18297926,988080
rsa-3072,pss-sign,896,18318185,989175
rsa-3072,pss-sign,897,18291203,987717
rsa-3072,pss-sign,898,18283315,987293
rsa-3072,pss-sign,899,18296611,988009
rsa-3072,pss-sign,900,18297259,988043
rsa-3072,pss-sign,901,18285666,987420
rsa-3072,pss-sign,902,18291278,987722
rsa-3072,pss-sign,903,18282037,987223
rsa-3072,pss-sign,904,18291704,987746
rsa-3072,pss-sign,905,18281056,987171
rsa-3072,pss-sign,906,18290333,987671
rsa-3072,pss-sign,907,18295463,987947
rsa-3072,pss-sign,908,18283611,987307
rsa-3072,pss-sign,909,18287666,987528
rsa-3072,pss-sign,910,21611315,1167003
rsa-3072,pss-sign,911,18293648,987850
rsa-3072,pss-sign,912,18286018,987439
rsa-3072,pss-sign,913,18291463,987732
rsa-3072,pss-sign,914,18286944,987485
rsa-3072,pss-sign,915,18290575,987684
rsa-3072,pss-sign,916,18303203,988365
rsa-3072,pss-sign,917,18295296,987940
rsa-3072,pss-sign,918,18309444,988703
rsa-3072,pss-sign,919,18289019,987601
rsa-3072,pss-sign,920,18295944,987972
rsa-3072,pss-sign,921,18281722,987206
rsa-3072,pss-sign,922,18289463,987624
rsa-3072,pss-sign,923,18288371,987566
rsa-3072,pss-sign,924,18291204,987718
rsa-3072,pss-sign,925,18287167,987500
rsa-3072,pss-sign,926,18282222,987234
rsa-3072,pss-sign,927,18307852,988616
rsa-3072,pss-sign,928,18283815,987319
rsa-3072,pss-sign,929,18289111,987605
rsa-3072,pss-sign,930,18287759,987532
rsa-3072,pss-sign,931,18395000,993270
rsa-3072,pss-sign,932,18622241,1005576
rsa-3072,pss-sign,933,18409148,994084
rsa-3072,pss-sign,934,18340408,990367
rsa-3072,pss-sign,935,18293278,987830
rsa-3072,pss-sign,936,18288889,987594
rsa-3072,pss-sign,937,18309648,988714
rsa-3072,pss-sign,938,18288611,987579
rsa-3072,pss-sign,939,18293204,987827
rsa-3072,pss-sign,940,18304759,988450
rsa-3072,pss-sign,941,18292686,987796
rsa-3072,pss-sign,942,21805537,1177487
rsa-3072,pss-sign,943,18292759,987803
rsa-3072,pss-sign,944,18300593,988222
rsa-3072,pss-sign,945,18311833,988830
rsa-3072,pss-sign,946,18290574,987684
rsa-3072,pss-sign,947,18308593,988655
rsa-3072,pss-sign,948,18293666,987851
rsa-3072,pss-sign,949,18290296,987669
rsa-3072,pss-sign,950,18285870,987430
rsa-3072,pss-sign,951,18288982,987599
rsa-3072,pss-sign,952,18282556,987251
rsa-3072,pss-sign,953,18313759,988936
rsa-3072,pss-sign,954,18297000,988028
rsa-3072,pss-sign,955,18322167,989388
rsa-3072,pss-sign,956,18289630,987634
rsa-3072,pss-sign,957,18283481,987302
rsa-3072,pss-sign,958,18289111,987606
rsa-3072,pss-sign,959,18296482,988002
rsa-3072,pss-sign,960,18295778,987964
rsa-3072,pss-sign,961,18287315,987507
rsa-3072,pss-sign,962,18290518,987681
rsa-3072,pss-sign,963,18288241,987559
rsa-3072,pss-sign,964,18283500,987302
rsa-3072,pss-sign,965,18287834,987536
rsa-3072,pss-sign,966,18283667,987311
rsa-3072,pss-sign,967,18291240,987720
rsa-3072,pss-sign,968,18287500,987516
rsa-3072,pss-sign,969,18292074,987766
rsa-3072,pss-sign,970,18304222,988421
rsa-3072,pss-sign,971,18286833,987483
rsa-3072,pss-sign,972,18295870,987971
rsa-3072,pss-sign,973,18288203,987557
rsa-3072,pss-sign,974,21666981,1170009
rsa-3072,pss-sign,975,18286129,987444
rsa-3072,pss-sign,976,18290500,987681
rsa-3072,pss-sign,977,18280926,987164
rsa-3072,pss-sign,978,18291037,987709
rsa-3072,pss-sign,979,18288389,987565
rsa-3072,pss-sign,980,18292981,987815
rsa-3072,pss-sign,981,18292778,987802
rsa-3072,pss-sign,982,18286037,987439
rsa-3072,pss-sign,983,18298130,988092
rsa-3072,pss-sign,984,18310425,988757
rsa-3072,pss-sign,985,18294019,987870
rsa-3072,pss-sign,986,18316333,989075
rsa-3072,pss-sign,987,18283148,987283
rsa-3072,pss-sign,988,18293612,987847
rsa-3072,pss-sign,989,18282815,987265
rsa-3072,pss-sign,990,18290334,987672
rsa-3072,pss-sign,991,18291907,987756
rsa-3072,pss-sign,992,18283222,987288
rsa-3072,pss-sign,993,18288148,987553
rsa-3072,pss-sign,994,18282371,987234
rsa-3072,pss-sign,995,18292889,987808
rsa-3072,pss-sign,996,18288241,987559
rsa-3072,pss-sign,997,18396833,993419
rsa-3072,pss-sign,998,18296481,988004
rsa-3072,pss-sign,999,18287241,987504
rsa-3072,pss-verify,0,343575,18545
rsa-3072,pss-verify,1,335185,18095
rsa-3072,pss-verify,2,337797,18226
rsa-3072,pss-verify,3,334852,18077
rsa-3072,pss-verify,4,334704,18069
rsa-3072,pss-verify,5,334815,18074
rsa-3072,pss-verify,6,334574,18063
rsa-3072,pss-verify,7,334537,18060
rsa-3072,pss-verify,8,334629,18065
rsa-3072,pss-verify,9,334630,18065
rsa-3072,pss-verify,10,334667,18068
rsa-3072,pss-verify,11,334537,18060
rsa-3072,pss-verify,12,346167,18688
rsa-3072,pss-verify,13,334963,18083
rsa-3072,pss-verify,14,334629,18065
rsa-3072,pss-verify,15,334500,18058
rsa-3072,pss-verify,16,334556,18061
rsa-3072,pss-verify,17,334611,18063
rsa-3072,pss-verify,18,334703,18069
rsa-3072,pss-verify,19,334611,18064
rsa-3072,pss-verify,20,334574,18063
rsa-3072,pss-verify,21,334592,18062
rsa-3072,pss-verify,22,334574,18062
rsa-3072,pss-verify,23,334666,18066
rsa-3072,pss-verify,24,344907,18620
rsa-3072,pss-verify,25,335111,18092
rsa-3072,pss-verify,26,334722,18071
rsa-3072,pss-verify,27,334630,18064
rsa-3072,pss-verify,28,334685,18069
rsa-3072,pss-verify,29,334592,18064
rsa-3072,pss-verify,30,334648,18065
rsa-3072,pss-verify,31,334722,18071
rsa-3072,pss-verify,32,334666,18067
rsa-3072,pss-verify,33,334686,18069
rsa-3072,pss-verify,34,334575,18061
rsa-3072,pss-verify,35,334611,18064
rsa-3072,pss-verify,36,344889,18618
rsa-3072,pss-verify,37,335000,18086
rsa-3072,pss-verify,38,334759,18073
rsa-3072,pss-verify,39,334537,18061
rsa-3072,pss-verify,40,334796,18075
rsa-3072,pss-verify,41,334593,18062
rsa-3072,pss-verify,42,334482,18057
rsa-3072,pss-verify,43,334538,18060
rsa-3072,pss-verify,44,334630,18065
rsa-3072,pss-verify,45,334741,18071
rsa-3072,pss-verify,46,334611,18064
rsa-3072,pss-verify,47,352278,19015
rsa-3072,pss-verify,48,335500,18111
rsa-3072,pss-verify,49,334741,18070
rsa-3072,pss-verify,50,334722,18070
rsa-3072,pss-verify,51,334740,18070
rsa-3072,pss-verify,52,334667,18066
rsa-3072,pss-verify,53,334685,18069
rsa-3072,pss-verify,54,334518,18059
rsa-3072,pss-verify,55,334611,18064
rsa-3072,pss-verify,56,334648,18065
rsa-3072,pss-verify,57,334686,18069
rsa-3072,pss-verify,58,334648,18065
rsa-3072,pss-verify,59,344722,18610
rsa-3072,pss-verify,60,334963,18082
rsa-3072,pss-verify,61,334685,18069
rsa-3072,pss-verify,62,334685,18070
rsa-3072,pss-verify,63,334649,18066
rsa-3072,pss-verify,64,334630,18065
rsa-3072,pss-verify,65,334648,18065
rsa-3072,pss-verify,66,334703,18068
rsa-3072,pss-verify,67,334630,18064
rsa-3072,pss-verify,68,334537,18059
rsa-3072,pss-verify,69,334518,18059
rsa-3072,pss-verify,70,334723,18070
rsa-3072,pss-verify,71,344333,18590
rsa-3072,pss-verify,72,334926,18080
rsa-3072,pss-verify,73,334666,18067
rsa-3072,pss-verify,74,334685,18067
rsa-3072,pss-verify,75,334630,18065
rsa-3072,pss-verify,76,334574,18062
rsa-3072,pss-verify,77,334592,18063
rsa-3072,pss-verify,78,334666,18067
rsa-3072,pss-verify,79,334500,18059
rsa-3072,pss-verify,80,334482,18057
rsa-3072,pss-verify,81,334648,18067
rsa-3072,pss-verify,82,334593,18063
rsa-3072,pss-verify,83,344167,18580
rsa-3072,pss-verify,84,334926,18081
rsa-3072,pss-verify,85,334611,18064
rsa-3072,pss-verify,86,334519,18060
rsa-3072,pss-verify,87,334592,18063
rsa-3072,pss-verify,88,334685,18068
rsa-3072,pss-verify,89,334538,18060
rsa-3072,pss-verify,90,334537,18061
rsa-3072,pss-verify,91,334555,18061
rsa-3072,pss-verify,92,334537,18060
rsa-3072,pss-verify,93,334555,18061
rsa-3072,pss-verify,94,334518,18059
rsa-3072,pss-verify,95,344055,18575
rsa-3072,pss-verify,96,334982,18084
rsa-3072,pss-verify,97,334704,18069
rsa-3072,pss-verify,98,334723,18069
rsa-3072,pss-verify,99,334518,18060
rsa-3072,pss-verify,100,334741,18070
rsa-3072,pss-verify,101,334518,18060
rsa-3072,pss-verify,102,334611,18063
rsa-3072,pss-verify,103,334518,18059
rsa-3072,pss-verify,104,334648,18065
rsa-3072,pss-verify,105,334686,18068
rsa-3072,pss-verify,106,343481,18543
rsa-3072,pss-verify,107,335648,18120
rsa-3072,pss-verify,108,334685,18067
rsa-3072,pss-verify,109,334704,18069
rsa-3072,pss-verify,110,334537,18059
rsa-3072,pss-verify,111,334500,18058
rsa-3072,pss-verify,112,334518,18059
rsa-3072,pss-verify,113,334778,18072
rsa-3072,pss-verify,114,334574,18062
rsa-3072,pss-verify,115,334629,18064
rsa-3072,pss-verify,116,337203,18202
rsa-3072,pss-verify,117,334722,18069
rsa-3072,pss-verify,118,345241,18637
rsa-3072,pss-verify,119,335075,18089
rsa-3072,pss-verify,120,334703,18070
rsa-3072,pss-verify,121,334648,18066
rsa-3072,pss-verify,122,334686,18068
rsa-3072,pss-verify,123,334611,18063
rsa-3072,pss-verify,124,334519,18059
rsa-3072,pss-verify,125,334630,18065
rsa-3072,pss-verify,126,334630,18064
rsa-3072,pss-verify,127,334555,18060
rsa-3072,pss-verify,128,334593,18063
rsa-3072,pss-verify,129,334592,18063
rsa-3072,pss-verify,130,344222,18583
rsa-3072,pss-verify,131,335000,18085
rsa-3072,pss-verify,132,334592,18063
rsa-3072,pss-verify,133,334704,18069
rsa-3072,pss-verify,134,334667,18068
rsa-3072,pss-verify,135,334611,18064
rsa-3072,pss-verify,136,334612,18064
rsa-3072,pss-verify,137,334630,18066
rsa-3072,pss-verify,138,334555,18060
rsa-3072,pss-verify,139,334593,18064
rsa-3072,pss-verify,140,334703,18069
rsa-3072,pss-verify,141,334574,18062
rsa-3072,pss-verify,142,344074,18574
rsa-3072,pss-verify,143,334963,18083
rsa-3072,pss-verify,144,334685,18068
rsa-3072,pss-verify,145,334574,18062
rsa-3072,pss-verify,146,334740,18070
rsa-3072,pss-verify,147,334593,18062
rsa-3072,pss-verify,148,334518,18060
rsa-3072,pss-verify,149,334574,18062
rsa-3072,pss-verify,150,334555,18060
rsa-3072,pss-verify,151,334630,18065
rsa-3072,pss-verify,152,334537,18061
rsa-3072,pss-verify,153,334537,18060
rsa-3072,pss-verify,154,344129,18578
rsa-3072,pss-verify,155,334981,18084
rsa-3072,pss-verify,156,334629,18064
rsa-3072,pss-verify,157,334685,18067
rsa-3072,pss-verify,158,334741,18070
rsa-3072,pss-verify,159,334629,18065
rsa-3072,pss-verify,160,334481,18057
rsa-3072,pss-verify,161,334574,18063
rsa-3072,pss-verify,162,334667,18067
rsa-3072,pss-verify,163,334611,18063
rsa-3072,pss-verify,164,334648,18066
rsa-3072,pss-verify,165,334686,18068
rsa-3072,pss-verify,166,336648,18175
rsa-3072,pss-verify,167,334685,18068
rsa-3072,pss-verify,168,334778,18073
rsa-3072,pss-verify,169,334667,18066
rsa-3072,pss-verify,170,334556,18062
rsa-3072,pss-verify,171,334648,18067
rsa-3072,pss-verify,172,334611,18064
rsa-3072,pss-verify,173,334611,18064
rsa-3072,pss-verify,174,334649,18066
rsa-3072,pss-verify,175,334593,18063
rsa-3072,pss-verify,176,334704,18068
rsa-3072,pss-verify,177,344297,18587
rsa-3072,pss-verify,178,335000,18084
rsa-3072,pss-verify,179,334574,18061
rsa-3072,pss-verify,180,334593,18062
rsa-3072,pss-verify,181,334611,18064
rsa-3072,pss-verify,182,334740,18071
rsa-3072,pss-verify,183,334703,18070
rsa-3072,pss-verify,184,334666,18067
rsa-3072,pss-verify,185,334574,18062
rsa-3072,pss-verify,186,334667,18066
rsa-3072,pss-verify,187,334555,18061
rsa-3072,pss-verify,188,334649,18065
rsa-3072,pss-verify,189,344149,18579
rsa-3072,pss-verify,190,334926,18081
rsa-3072,pss-verify,191,334556,18062
rsa-3072,pss-verify,192,334611,18064
rsa-3072,pss-verify,193,334648,18065
rsa-3072,pss-verify,194,334796,18073
rsa-3072,pss-verify,195,334500,18059
rsa-3072,pss-verify,196,334592,18063
rsa-3072,pss-verify,197,334574,18061
rsa-3072,pss-verify,198,334592,18064
rsa-3072,pss-verify,199,334481,18057
rsa-3072,pss-verify,200,334593,18062
rsa-3072,pss-verify,201,344129,18578
rsa-3072,pss-verify,202,334963,18084
rsa-3072,pss-verify,203,334593,18063
rsa-3072,pss-verify,204,334593,18064
rsa-3072,pss-verify,205,334611,18064
rsa-3072,pss-verify,206,334741,18071
rsa-3072,pss-verify,207,334574,18062
rsa-3072,pss-verify,208,334851,18077
rsa-3072,pss-verify,209,334555,18060
rsa-3072,pss-verify,210,334722,18070
rsa-3072,pss-verify,211,334482,18058
rsa-3072,pss-verify,212,334629,18064
rsa-3072,pss-verify,213,344111,18577
rsa-3072,pss-verify,214,335055,18089
rsa-3072,pss-verify,215,334592,18063
rsa-3072,pss-verify,216,334648,18066
rsa-3072,pss-verify,217,334685,18068
rsa-3072,pss-verify,218,334648,18066
rsa-3072,pss-verify,219,334667,18067
rsa-3072,pss-verify,220,334685,18067
rsa-3072,pss-verify,221,334555,18061
rsa-3072,pss-verify,222,334704,18068
rsa-3072,pss-verify,223,334555,18061
rsa-3072,pss-verify,224,334611,18063
rsa-3072,pss-verify,225,344093,18577
rsa-3072,pss-verify,226,337408,18213
rsa-3072,pss-verify,227,334740,18071
rsa-3072,pss-verify,228,334723,18071
rsa-3072,pss-verify,229,334740,18070
rsa-3072,pss-verify,230,334648,18066
rsa-3072,pss-verify,231,334556,18061
rsa-3072,pss-verify,232,334611,18065
rsa-3072,pss-verify,233,334611,18064
rsa-3072,pss-verify,234,334519,18059
rsa-3072,pss-verify,235,334518,18061
rsa-3072,pss-verify,236,345426,18649
rsa-3072,pss-verify,237,335074,18088
rsa-3072,pss-verify,238,334796,18073
rsa-3072,pss-verify,239,334685,18067
rsa-3072,pss-verify,240,334703,18068
rsa-3072,pss-verify,241,334630,18065
rsa-3072,pss-verify,242,334685,18067
rsa-3072,pss-verify,243,334593,18063
rsa-3072,pss-verify,244,334685,18068
rsa-3072,pss-verify,245,334593,18063
rsa-3072,pss-verify,246,334574,18061
rsa-3072,pss-verify,247,334611,18063
rsa-3072,pss-verify,248,344723,18610
rsa-3072,pss-verify,249,335092,18090
rsa-3072,pss-verify,250,334797,18073
rsa-3072,pss-verify,251,334574,18063
rsa-3072,pss-verify,252,334592,18064
rsa-3072,pss-verify,253,334575,18063
rsa-3072,pss-verify,254,334556,18062
rsa-3072,pss-verify,255,334537,18059
rsa-3072,pss-verify,256,334629,18065
rsa-3072,pss-verify,257,334611,18064
rsa-3072,pss-verify,258,334519,18059
rsa-3072,pss-verify,259,334518,18060
rsa-3072,pss-verify,260,344612,18604
rsa-3072,pss-verify,261,334945,18082
rsa-3072,pss-verify,262,334667,18067
rsa-3072,pss-verify,263,334685,18067
rsa-3072,pss-verify,264,334666,18066
rsa-3072,pss-verify,265,334648,18065
rsa-3072,pss-verify,266,334649,18066
rsa-3072,pss-verify,267,334481,18057
rsa-3072,pss-verify,268,334592,18062
rsa-3072,pss-verify,269,334666,18066
rsa-3072,pss-verify,270,334760,18073
rsa-3072,pss-verify,271,334556,18061
rsa-3072,pss-verify,272,344426,18594
rsa-3072,pss-verify,273,335093,18089
rsa-3072,pss-verify,274,334648,18067
rsa-3072,pss-verify,275,334593,18063
rsa-3072,pss-verify,276,334574,18063
rsa-3072,pss-verify,277,334685,18069
rsa-3072,pss-verify,278,334685,18068
rsa-3072,pss-verify,279,334667,18067
rsa-3072,pss-verify,280,334593,18064
rsa-3072,pss-verify,281,334611,18064
rsa-3072,pss-verify,282,334648,18066
rsa-3072,pss-verify,283,334648,18067
rsa-3072,pss-verify,284,344759,18613
rsa-3072,pss-verify,285,335166,18093
rsa-3072,pss-verify,286,334555,18061
rsa-3072,pss-verify,287,334611,18063
rsa-3072,pss-verify,288,334574,18062
rsa-3072,pss-verify,289,334722,18070
rsa-3072,pss-verify,290,334611,18063
rsa-3072,pss-verify,291,334704,18069
rsa-3072,pss-verify,292,334648,18067
rsa-3072,pss-verify,293,334629,18065
rsa-3072,pss-verify,294,334612,18064
rsa-3072,pss-verify,295,343981,18569
rsa-3072,pss-verify,296,335148,18093
rsa-3072,pss-verify,297,334667,18066
rsa-3072,pss-verify,298,334759,18072
rsa-3072,pss-verify,299,334629,18066
rsa-3072,pss-verify,300,334648,18066
rsa-3072,pss-verify,301,334760,18072
rsa-3072,pss-verify,302,334629,18064
rsa-3072,pss-verify,303,334555,18060
rsa-3072,pss-verify,304,334537,18060
rsa-3072,pss-verify,305,334574,18061
rsa-3072,pss-verify,306,334518,18059
rsa-3072,pss-verify,307,343945,18567
rsa-3072,pss-verify,308,335111,18091
rsa-3072,pss-verify,309,334667,18066
rsa-3072,pss-verify,310,334704,18069
rsa-3072,pss-verify,311,334574,18062
rsa-3072,pss-verify,312,334611,18064
rsa-3072,pss-verify,313,334593,18062
rsa-3072,pss-verify,314,334519,18058
rsa-3072,pss-verify,315,334537,18060
rsa-3072,pss-verify,316,334759,18072
rsa-3072,pss-verify,317,334704,18069
rsa-3072,pss-verify,318,334703,18069
rsa-3072,pss-verify,319,344167,18579
rsa-3072,pss-verify,320,335129,18091
rsa-3072,pss-verify,321,334815,18074
rsa-3072,pss-verify,322,334537,18060
rsa-3072,pss-verify,323,334593,18063
rsa-3072,pss-verify,324,334685,18067
rsa-3072,pss-verify,325,334630,18065
rsa-3072,pss-verify,326,334722,18070
rsa-3072,pss-verify,327,334629,18064
rsa-3072,pss-verify,328,334649,18066
rsa-3072,pss-verify,329,334648,18066
rsa-3072,pss-verify,330,334704,18069
rsa-3072,pss-verify,331,344167,18579
rsa-3072,pss-verify,332,334963,18083
rsa-3072,pss-verify,333,334667,18068
rsa-3072,pss-verify,334,334666,18068
rsa-3072,pss-verify,335,334629,18064
rsa-3072,pss-verify,336,334611,18064
rsa-3072,pss-verify,337,337148,18199
rsa-3072,pss-verify,338,334760,18073
rsa-3072,pss-verify,339,334685,18068
rsa-3072,pss-verify,340,334778,18073
rsa-3072,pss-verify,341,334704,18068
rsa-3072,pss-verify,342,334667,18066
rsa-3072,pss-verify,343,345111,18631
rsa-3072,pss-verify,344,335056,18088
rsa-3072,pss-verify,345,334796,18074
rsa-3072,pss-verify,346,334685,18067
rsa-3072,pss-verify,347,334759,18071
rsa-3072,pss-verify,348,334556,18060
rsa-3072,pss-verify,349,334611,18063
rsa-3072,pss-verify,350,334685,18069
rsa-3072,pss-verify,351,334481,18058
rsa-3072,pss-verify,352,334500,18059
rsa-3072,pss-verify,353,334537,18060
rsa-3072,pss-verify,354,343963,18568
rsa-3072,pss-verify,355,335296,18100
rsa-3072,pss-verify,356,334648,18067
rsa-3072,pss-verify,357,334815,18075
rsa-3072,pss-verify,358,334593,18063
rsa-3072,pss-verify,359,334518,18058
rsa-3072,pss-verify,360,334574,18063
rsa-3072,pss-verify,361,334537,18060
rsa-3072,pss-verify,362,334556,18060
rsa-3072,pss-verify,363,334481,18057
rsa-3072,pss-verify,364,334630,18065
rsa-3072,pss-verify,365,334555,18061
rsa-3072,pss-verify,366,344167,18580
rsa-3072,pss-verify,367,335018,18087
rsa-3072,pss-verify,368,334741,18071
rsa-3072,pss-verify,369,334574,18062
rsa-3072,pss-verify,370,334704,18068
rsa-3072,pss-verify,371,334612,18064
rsa-3072,pss-verify,372,334574,18061
rsa-3072,pss-verify,373,334593,18063
rsa-3072,pss-verify,374,334537,18060
rsa-3072,pss-verify,375,334611,18065
rsa-3072,pss-verify,376,334574,18061
rsa-3072,pss-verify,377,334555,18061
rsa-3072,pss-verify,378,344093,18575
rsa-3072,pss-verify,379,335000,18085
rsa-3072,pss-verify,380,334722,18069
rsa-3072,pss-verify,381,334611,18064
rsa-3072,pss-verify,382,334556,18060
rsa-3072,pss-verify,383,334537,18059
rsa-3072,pss-verify,384,334686,18067
rsa-3072,pss-verify,385,334740,18071
rsa-3072,pss-verify,386,334574,18062
rsa-3072,pss-verify,387,334519,18060
rsa-3072,pss-verify,388,334555,18062
rsa-3072,pss-verify,389,334574,18062
rsa-3072,pss-verify,390,344204,18582
rsa-3072,pss-verify,391,334963,18083
rsa-3072,pss-verify,392,334778,18073
rsa-3072,pss-verify,393,334648,18065
rsa-3072,pss-verify,394,334519,18059
rsa-3072,pss-verify,395,334518,18059
rsa-3072,pss-verify,396,334593,18062
rsa-3072,pss-verify,397,334537,18059
rsa-3072,pss-verify,398,334629,18064
rsa-3072,pss-verify,399,334500,18058
rsa-3072,pss-verify,400,334592,18063
rsa-3072,pss-verify,401,334556,18061
rsa-3072,pss-verify,402,344000,18571
rsa-3072,pss-verify,403,334889,18079
rsa-3072,pss-verify,404,334556,18061
rsa-3072,pss-verify,405,334629,18066
rsa-3072,pss-verify,406,334611,18064
rsa-3072,pss-verify,407,334519,18059
rsa-3072,pss-verify,408,334611,18064
rsa-3072,pss-verify,409,334556,18061
rsa-3072,pss-verify,410,334629,18065
rsa-3072,pss-verify,411,334519,18059
rsa-3072,pss-verify,412,334556,18061
rsa-3072,pss-verify,413,334574,18061
rsa-3072,pss-verify,414,349777,18880
rsa-3072,pss-verify,415,334871,18078
rsa-3072,pss-verify,416,334574,18061
rsa-3072,pss-verify,417,334649,18066
rsa-3072,pss-verify,418,334667,18066
rsa-3072,pss-verify,419,334537,18060
rsa-3072,pss-verify,420,334611,18064
rsa-3072,pss-verify,421,334704,18068
rsa-3072,pss-verify,422,334574,18063
rsa-3072,pss-verify,423,334537,18060
rsa-3072,pss-verify,424,334593,18062
rsa-3072,pss-verify,425,345277,18639
rsa-3072,pss-verify,426,335055,18088
rsa-3072,pss-verify,427,334667,18066
rsa-3072,pss-verify,428,334797,18073
rsa-3072,pss-verify,429,334592,18062
rsa-3072,pss-verify,430,334759,18072
rsa-3072,pss-verify,431,334574,18063
rsa-3072,pss-verify,432,334666,18066
rsa-3072,pss-verify,433,334723,18069
rsa-3072,pss-verify,434,334593,18062
rsa-3072,pss-verify,435,334555,18060
rsa-3072,pss-verify,436,334629,18065
rsa-3072,pss-verify,437,344185,18582
rsa-3072,pss-verify,438,334982,18084
rsa-3072,pss-verify,439,334648,18065
rsa-3072,pss-verify,440,334611,18064
rsa-3072,pss-verify,441,334593,18064
rsa-3072,pss-verify,442,334648,18066
rsa-3072,pss-verify,443,334555,18061
rsa-3072,pss-verify,444,334593,18063
rsa-3072,pss-verify,445,334630,18066
rsa-3072,pss-verify,446,334685,18067
rsa-3072,pss-verify,447,334537,18060
rsa-3072,pss-verify,448,337240,18204
rsa-3072,pss-verify,449,372778,20124
rsa-3072,pss-verify,450,335204,18095
rsa-3072,pss-verify,451,334518,18059
rsa-3072,pss-verify,452,334611,18063
rsa-3072,pss-verify,453,334593,18062
rsa-3072,pss-verify,454,334685,18068
rsa-3072,pss-verify,455,334482,18056
rsa-3072,pss-verify,456,334593,18064
rsa-3072,pss-verify,457,334537,18060
rsa-3072,pss-verify,458,334704,18069
rsa-3072,pss-verify,459,334518,18059
rsa-3072,pss-verify,460,334630,18065
rsa-3072,pss-verify,461,345352,18643
rsa-3072,pss-verify,462,334871,18079
rsa-3072,pss-verify,463,334537,18060
rsa-3072,pss-verify,464,334722,18070
rsa-3072,pss-verify,465,334612,18064
rsa-3072,pss-verify,466,334537,18060
rsa-3072,pss-verify,467,334703,18068
rsa-3072,pss-verify,468,334574,18062
rsa-3072,pss-verify,469,334666,18067
rsa-3072,pss-verify,470,334574,18061
rsa-3072,pss-verify,471,334666,18067
rsa-3072,pss-verify,472,344167,18581
rsa-3072,pss-verify,473,335129,18091
rsa-3072,pss-verify,474,334611,18064
rsa-3072,pss-verify,475,334593,18063
rsa-3072,pss-verify,476,334556,18061
rsa-3072,pss-verify,477,334797,18074
rsa-3072,pss-verify,478,334574,18062
rsa-3072,pss-verify,479,334648,18067
rsa-3072,pss-verify,480,334722,18071
rsa-3072,pss-verify,481,334685,18068
rsa-3072,pss-verify,482,334555,18061
rsa-3072,pss-verify,483,334481,18056
rsa-3072,pss-verify,484,344704,18610
rsa-3072,pss-verify,485,335037,18088
rsa-3072,pss-verify,486,334796,18074
rsa-3072,pss-verify,487,334556,18062
rsa-3072,pss-verify,488,334629,18064
rsa-3072,pss-verify,489,334519,18058
rsa-3072,pss-verify,490,334500,18059
rsa-3072,pss-verify,491,334463,18055
rsa-3072,pss-verify,492,334500,18057
rsa-3072,pss-verify,493,334482,18057
rsa-3072,pss-verify,494,334704,18070
rsa-3072,pss-verify,495,334500,18059
rsa-3072,pss-verify,496,344537,18600
rsa-3072,pss-verify,497,334945,18081
rsa-3072,pss-verify,498,334759,18072
rsa-3072,pss-verify,499,334592,18062
rsa-3072,pss-verify,500,334556,18060
rsa-3072,pss-verify,501,334500,18059
rsa-3072,pss-verify,502,334666,18067
rsa-3072,pss-verify,503,334500,18058
rsa-3072,pss-verify,504,334463,18057
rsa-3072,pss-verify,505,334537,18059
rsa-3072,pss-verify,506,334666,18066
rsa-3072,pss-verify,507,334463,18057
rsa-3072,pss-verify,508,344704,18609
rsa-3072,pss-verify,509,334944,18083
rsa-3072,pss-verify,510,334556,18062
rsa-3072,pss-verify,511,334463,18056
rsa-3072,pss-verify,512,334704,18069
rsa-3072,pss-verify,513,334611,18063
rsa-3072,pss-verify,514,334648,18065
rsa-3072,pss-verify,515,334481,18057
rsa-3072,pss-verify,516,334611,18065
rsa-3072,pss-verify,517,334519,18059
rsa-3072,pss-verify,518,334500,18058
rsa-3072,pss-verify,519,334593,18064
rsa-3072,pss-verify,520,344389,18592
rsa-3072,pss-verify,521,335129,18093
rsa-3072,pss-verify,522,334574,18061
rsa-3072,pss-verify,523,334630,18066
rsa-3072,pss-verify,524,334463,18056
rsa-3072,pss-verify,525,334556,18061
rsa-3072,pss-verify,526,334686,18067
rsa-3072,pss-verify,527,334518,18059
rsa-3072,pss-verify,528,334519,18059
rsa-3072,pss-verify,529,334537,18061
rsa-3072,pss-verify,530,334537,18060
rsa-3072,pss-verify,531,334445,18056
rsa-3072,pss-verify,532,344426,18594
rsa-3072,pss-verify,533,334703,18069
rsa-3072,pss-verify,534,334667,18067
rsa-3072,pss-verify,535,334462,18057
rsa-3072,pss-verify,536,334482,18056
rsa-3072,pss-verify,537,334556,18061
rsa-3072,pss-verify,538,334500,18057
rsa-3072,pss-verify,539,334629,18064
rsa-3072,pss-verify,540,334574,18062
rsa-3072,pss-verify,541,334556,18061
rsa-3072,pss-verify,542,334722,18070
rsa-3072,pss-verify,543,343240,18530
rsa-3072,pss-verify,544,334963,18082
rsa-3072,pss-verify,545,334556,18061
rsa-3072,pss-verify,546,334685,18067
rsa-3072,pss-verify,547,334648,18065
rsa-3072,pss-verify,548,334518,18058
rsa-3072,pss-verify,549,334555,18062
rsa-3072,pss-verify,550,334629,18065
rsa-3072,pss-verify,551,334500,18059
rsa-3072,pss-verify,552,334519,18058
rsa-3072,pss-verify,553,334704,18069
rsa-3072,pss-verify,554,334704,18069
rsa-3072,pss-verify,555,345204,18635
rsa-3072,pss-verify,556,335167,18093
rsa-3072,pss-verify,557,334574,18061
rsa-3072,pss-verify,558,334778,18074
rsa-3072,pss-verify,559,337111,18197
rsa-3072,pss-verify,560,334815,18075
rsa-3072,pss-verify,561,334686,18069
rsa-3072,pss-verify,562,334481,18058
rsa-3072,pss-verify,563,334518,18058
rsa-3072,pss-verify,564,334519,18059
rsa-3072,pss-verify,565,334500,18058
rsa-3072,pss-verify,566,334666,18067
rsa-3072,pss-verify,567,345056,18628
rsa-3072,pss-verify,568,334926,18082
rsa-3072,pss-verify,569,334760,18073
rsa-3072,pss-verify,570,334481,18057
rsa-3072,pss-verify,571,334555,18060
rsa-3072,pss-verify,572,334630,18064
rsa-3072,pss-verify,573,334685,18067
rsa-3072,pss-verify,574,334556,18061
rsa-3072,pss-verify,575,334648,18066
rsa-3072,pss-verify,576,334500,18059
rsa-3072,pss-verify,577,334537,18060
rsa-3072,pss-verify,578,334722,18069
rsa-3072,pss-verify,579,344241,18585
rsa-3072,pss-verify,580,334908,18080
rsa-3072,pss-verify,581,334611,18065
rsa-3072,pss-verify,582,334574,18062
rsa-3072,pss-verify,583,334537,18060
rsa-3072,pss-verify,584,334685,18068
rsa-3072,pss-verify,585,334574,18062
rsa-3072,pss-verify,586,334555,18061
rsa-3072,pss-verify,587,334630,18064
rsa-3072,pss-verify,588,334741,18071
rsa-3072,pss-verify,589,334723,18069
rsa-3072,pss-verify,590,334574,18061
rsa-3072,pss-verify,591,344055,18575
rsa-3072,pss-verify,592,334852,18078
rsa-3072,pss-verify,593,334537,18060
rsa-3072,pss-verify,594,334667,18066
rsa-3072,pss-verify,595,334463,18056
rsa-3072,pss-verify,596,334648,18065
rsa-3072,pss-verify,597,334574,18062
rsa-3072,pss-verify,598,334537,18060
rsa-3072,pss-verify,599,334592,18064
rsa-3072,pss-verify,600,334556,18061
rsa-3072,pss-verify,601,334555,18061
rsa-3072,pss-verify,602,343982,18570
rsa-3072,pss-verify,603,334963,18084
rsa-3072,pss-verify,604,334759,18072
rsa-3072,pss-verify,605,334611,18064
rsa-3072,pss-verify,606,334722,18071
rsa-3072,pss-verify,607,334556,18062
rsa-3072,pss-verify,608,334574,18062
rsa-3072,pss-verify,609,334592,18063
rsa-3072,pss-verify,610,334686,18068
rsa-3072,pss-verify,611,334500,18058
rsa-3072,pss-verify,612,334519,18059
rsa-3072,pss-verify,613,334593,18062
rsa-3072,pss-verify,614,344018,18572
rsa-3072,pss-verify,615,334926,18082
rsa-3072,pss-verify,616,334778,18074
rsa-3072,pss-verify,617,334648,18065
rsa-3072,pss-verify,618,334555,18061
rsa-3072,pss-verify,619,334686,18068
rsa-3072,pss-verify,620,334593,18062
rsa-3072,pss-verify,621,334537,18060
rsa-3072,pss-verify,622,334555,18061
rsa-3072,pss-verify,623,334519,18059
rsa-3072,pss-verify,624,334648,18065
rsa-3072,pss-verify,625,334593,18063
rsa-3072,pss-verify,626,344093,18576
rsa-3072,pss-verify,627,335000,18085
rsa-3072,pss-verify,628,334611,18063
rsa-3072,pss-verify,629,334593,18062
rsa-3072,pss-verify,630,334722,18071
rsa-3072,pss-verify,631,334741,18071
rsa-3072,pss-verify,632,334630,18065
rsa-3072,pss-verify,633,334648,18066
rsa-3072,pss-verify,634,334519,18059
rsa-3072,pss-verify,635,334482,18057
rsa-3072,pss-verify,636,334537,18059
rsa-3072,pss-verify,637,334574,18062
rsa-3072,pss-verify,638,344148,18579
rsa-3072,pss-verify,639,335093,18089
rsa-3072,pss-verify,640,334630,18065
rsa-3072,pss-verify,641,334574,18062
rsa-3072,pss-verify,642,334537,18061
rsa-3072,pss-verify,643,334648,18065
rsa-3072,pss-verify,644,334574,18061
rsa-3072,pss-verify,645,334704,18068
rsa-3072,pss-verify,646,334556,18062
rsa-3072,pss-verify,647,334630,18065
rsa-3072,pss-verify,648,334537,18060
rsa-3072,pss-verify,649,334556,18061
rsa-3072,pss-verify,650,344093,18576
rsa-3072,pss-verify,651,335167,18093
rsa-3072,pss-verify,652,334666,18067
rsa-3072,pss-verify,653,334833,18075
rsa-3072,pss-verify,654,334648,18066
rsa-3072,pss-verify,655,334592,18064
rsa-3072,pss-verify,656,334518,18059
rsa-3072,pss-verify,657,334574,18061
rsa-3072,pss-verify,658,334537,18060
rsa-3072,pss-verify,659,334482,18058
rsa-3072,pss-verify,660,334574,18062
rsa-3072,pss-verify,661,343759,18558
rsa-3072,pss-verify,662,335389,18105
rsa-3072,pss-verify,663,334740,18071
rsa-3072,pss-verify,664,334686,18068
rsa-3072,pss-verify,665,334722,18071
rsa-3072,pss-verify,666,334555,18061
rsa-3072,pss-verify,667,334630,18065
rsa-3072,pss-verify,668,334556,18060
rsa-3072,pss-verify,669,336963,18189
rsa-3072,pss-verify,670,334666,18067
rsa-3072,pss-verify,671,334574,18061
rsa-3072,pss-verify,672,334648,18065
rsa-3072,pss-verify,673,345037,18627
rsa-3072,pss-verify,674,334908,18081
rsa-3072,pss-verify,675,334574,18061
rsa-3072,pss-verify,676,334704,18070
rsa-3072,pss-verify,677,334740,18072
rsa-3072,pss-verify,678,334611,18065
rsa-3072,pss-verify,679,334630,18065
rsa-3072,pss-verify,680,334556,18061
rsa-3072,pss-verify,681,334500,18058
rsa-3072,pss-verify,682,334463,18057
rsa-3072,pss-verify,683,334648,18066
rsa-3072,pss-verify,684,334500,18058
rsa-3072,pss-verify,685,344037,18574
rsa-3072,pss-verify,686,334870,18077
rsa-3072,pss-verify,687,334518,18059
rsa-3072,pss-verify,688,334574,18062
rsa-3072,pss-verify,689,334778,18073
rsa-3072,pss-verify,690,334500,18057
rsa-3072,pss-verify,691,334759,18073
rsa-3072,pss-verify,692,334537,18060
rsa-3072,pss-verify,693,334537,18060
rsa-3072,pss-verify,694,334500,18058
rsa-3072,pss-verify,695,334574,18061
rsa-3072,pss-verify,696,334519,18059
rsa-3072,pss-verify,697,344148,18579
rsa-3072,pss-verify,698,335018,18086
rsa-3072,pss-verify,699,334537,18061
rsa-3072,pss-verify,700,334574,18063
rsa-3072,pss-verify,701,334592,18063
rsa-3072,pss-verify,702,334519,18059
rsa-3072,pss-verify,703,334519,18058
rsa-3072,pss-verify,704,334574,18062
rsa-3072,pss-verify,705,334741,18070
rsa-3072,pss-verify,706,334555,18061
rsa-3072,pss-verify,707,334555,18061
rsa-3072,pss-verify,708,334592,18063
rsa-3072,pss-verify,709,344112,18577
rsa-3072,pss-verify,710,334908,18081
rsa-3072,pss-verify,711,334666,18067
rsa-3072,pss-verify,712,334741,18072
rsa-3072,pss-verify,713,334648,18066
rsa-3072,pss-verify,714,334759,18072
rsa-3072,pss-verify,715,334704,18070
rsa-3072,pss-verify,716,334723,18070
rsa-3072,pss-verify,717,334593,18062
rsa-3072,pss-verify,718,334648,18067
rsa-3072,pss-verify,719,334481,18057
rsa-3072,pss-verify,720,343445,18541
rsa-3072,pss-verify,721,335537,18114
rsa-3072,pss-verify,722,334574,18062
rsa-3072,pss-verify,723,334555,18061
rsa-3072,pss-verify,724,334629,18064
rsa-3072,pss-verify,725,334463,18057
rsa-3072,pss-verify,726,334685,18068
rsa-3072,pss-verify,727,334537,18060
rsa-3072,pss-verify,728,334537,18059
rsa-3072,pss-verify,729,334518,18059
rsa-3072,pss-verify,730,334519,18059
rsa-3072,pss-verify,731,334408,18053
rsa-3072,pss-verify,732,344741,18611
rsa-3072,pss-verify,733,334963,18084
rsa-3072,pss-verify,734,334630,18065
rsa-3072,pss-verify,735,334555,18061
rsa-3072,pss-verify,736,334611,18063
rsa-3072,pss-verify,737,334555,18061
rsa-3072,pss-verify,738,334666,18068
rsa-3072,pss-verify,739,334611,18065
rsa-3072,pss-verify,740,334537,18061
rsa-3072,pss-verify,741,334575,18062
rsa-3072,pss-verify,742,334630,18064
rsa-3072,pss-verify,743,334463,18056
rsa-3072,pss-verify,744,344574,18601
rsa-3072,pss-verify,745,334982,18084
rsa-3072,pss-verify,746,334556,18061
rsa-3072,pss-verify,747,334593,18063
rsa-3072,pss-verify,748,334592,18064
rsa-3072,pss-verify,749,334482,18056
rsa-3072,pss-verify,750,334463,18056
rsa-3072,pss-verify,751,334611,18064
rsa-3072,pss-verify,752,334537,18061
rsa-3072,pss-verify,753,334666,18067
rsa-3072,pss-verify,754,334537,18059
rsa-3072,pss-verify,755,334611,18063
rsa-3072,pss-verify,756,345278,18639
rsa-3072,pss-verify,757,335019,18086
rsa-3072,pss-verify,758,334815,18074
rsa-3072,pss-verify,759,334704,18069
rsa-3072,pss-verify,760,334759,18071
rsa-3072,pss-verify,761,334574,18062
rsa-3072,pss-verify,762,334667,18067
rsa-3072,pss-verify,763,334704,18070
rsa-3072,pss-verify,764,334704,18069
rsa-3072,pss-verify,765,334537,18059
rsa-3072,pss-verify,766,334667,18066
rsa-3072,pss-verify,767,334648,18067
rsa-3072,pss-verify,768,344796,18614
rsa-3072,pss-verify,769,335019,18085
rsa-3072,pss-verify,770,334740,18072
rsa-3072,pss-verify,771,334556,18061
rsa-3072,pss-verify,772,334575,18061
rsa-3072,pss-verify,773,334555,18060
rsa-3072,pss-verify,774,334500,18057
rsa-3072,pss-verify,775,334500,18059
rsa-3072,pss-verify,776,334741,18071
rsa-3072,pss-verify,777,334537,18061
rsa-3072,pss-verify,778,334519,18059
rsa-3072,pss-verify,779,334519,18059
rsa-3072,pss-verify,780,337963,18242
rsa-3072,pss-verify,781,334648,18067
rsa-3072,pss-verify,782,334778,18073
rsa-3072,pss-verify,783,334555,18061
rsa-3072,pss-verify,784,334445,18055
rsa-3072,pss-verify,785,334574,18062
rsa-3072,pss-verify,786,334518,18059
rsa-3072,pss-verify,787,334537,18060
rsa-3072,pss-verify,788,334481,18056
rsa-3072,pss-verify,789,334574,18062
rsa-3072,pss-verify,790,334592,18064
rsa-3072,pss-verify,791,344741,18611
rsa-3072,pss-verify,792,334889,18079
rsa-3072,pss-verify,793,334704,18069
rsa-3072,pss-verify,794,334537,18060
rsa-3072,pss-verify,795,334592,18063
rsa-3072,pss-verify,796,334519,18059
rsa-3072,pss-verify,797,334556,18061
rsa-3072,pss-verify,798,334648,18066
rsa-3072,pss-verify,799,334445,18055
rsa-3072,pss-verify,800,334723,18070
rsa-3072,pss-verify,801,334556,18061
rsa-3072,pss-verify,802,334685,18067
rsa-3072,pss-verify,803,344277,18586
rsa-3072,pss-verify,804,334908,18081
rsa-3072,pss-verify,805,334648,18065
rsa-3072,pss-verify,806,334704,18069
rsa-3072,pss-verify,807,334500,18057
rsa-3072,pss-verify,808,334667,18066
rsa-3072,pss-verify,809,334500,18059
rsa-3072,pss-verify,810,334537,18060
rsa-3072,pss-verify,811,334481,18058
rsa-3072,pss-verify,812,334556,18061
rsa-3072,pss-verify,813,334500,18058
rsa-3072,pss-verify,814,334759,18071
rsa-3072,pss-verify,815,344148,18580
rsa-3072,pss-verify,816,334814,18076
rsa-3072,pss-verify,817,334630,18065
rsa-3072,pss-verify,818,334649,18065
rsa-3072,pss-verify,819,334629,18066
rsa-3072,pss-verify,820,334556,18061
rsa-3072,pss-verify,821,334648,18067
rsa-3072,pss-verify,822,334537,18060
rsa-3072,pss-verify,823,334611,18065
rsa-3072,pss-verify,824,334519,18058
rsa-3072,pss-verify,825,334685,18068
rsa-3072,pss-verify,826,334482,18057
rsa-3072,pss-verify,827,344111,18578
rsa-3072,pss-verify,828,334945,18082
rsa-3072,pss-verify,829,334630,18065
rsa-3072,pss-verify,830,334630,18065
rsa-3072,pss-verify,831,334667,18067
rsa-3072,pss-verify,832,334685,18067
rsa-3072,pss-verify,833,334648,18067
rsa-3072,pss-verify,834,334518,18059
rsa-3072,pss-verify,835,334667,18067
rsa-3072,pss-verify,836,334685,18069
rsa-3072,pss-verify,837,334574,18062
rsa-3072,pss-verify,838,334500,18057
rsa-3072,pss-verify,839,344130,18577
rsa-3072,pss-verify,840,334945,18083
rsa-3072,pss-verify,841,334629,18066
rsa-3072,pss-verify,842,334574,18063
rsa-3072,pss-verify,843,334575,18061
rsa-3072,pss-verify,844,334537,18060
rsa-3072,pss-verify,845,334537,18060
rsa-3072,pss-verify,846,334537,18060
rsa-3072,pss-verify,847,334611,18064
rsa-3072,pss-verify,848,334500,18058
rsa-3072,pss-verify,849,334519,18060
rsa-3072,pss-verify,850,344963,18623
rsa-3072,pss-verify,851,335241,18099
rsa-3072,pss-verify,852,334555,18061
rsa-3072,pss-verify,853,334740,18071
rsa-3072,pss-verify,854,334556,18061
rsa-3072,pss-verify,855,334593,18062
rsa-3072,pss-verify,856,334519,18059
rsa-3072,pss-verify,857,334611,18064
rsa-3072,pss-verify,858,334556,18061
rsa-3072,pss-verify,859,334574,18061
rsa-3072,pss-verify,860,334519,18059
rsa-3072,pss-verify,861,334482,18057
rsa-3072,pss-verify,862,344259,18584
rsa-3072,pss-verify,863,334982,18086
rsa-3072,pss-verify,864,334648,18067
rsa-3072,pss-verify,865,334629,18066
rsa-3072,pss-verify,866,334593,18063
rsa-3072,pss-verify,867,334500,18058
rsa-3072,pss-verify,868,334574,18061
rsa-3072,pss-verify,869,334593,18062
rsa-3072,pss-verify,870,334537,18060
rsa-3072,pss-verify,871,334519,18058
rsa-3072,pss-verify,872,334612,18064
rsa-3072,pss-verify,873,334630,18066
rsa-3072,pss-verify,874,344111,18577
rsa-3072,pss-verify,875,335074,18089
rsa-3072,pss-verify,876,334666,18067
rsa-3072,pss-verify,877,334704,18069
rsa-3072,pss-verify,878,334555,18061
rsa-3072,pss-verify,879,334686,18069
rsa-3072,pss-verify,880,334555,18061
rsa-3072,pss-verify,881,334611,18064
rsa-3072,pss-verify,882,334667,18067
rsa-3072,pss-verify,883,334481,18058
rsa-3072,pss-verify,884,334445,18055
rsa-3072,pss-verify,885,334704,18069
rsa-3072,pss-verify,886,344167,18579
rsa-3072,pss-verify,887,335056,18089
rsa-3072,pss-verify,888,334555,18061
rsa-3072,pss-verify,889,334704,18068
rsa-3072,pss-verify,890,334481,18057
rsa-3072,pss-verify,891,337166,18200
rsa-3072,pss-verify,892,334889,18078
rsa-3072,pss-verify,893,334575,18061
rsa-3072,pss-verify,894,334685,18067
rsa-3072,pss-verify,895,334500,18059
rsa-3072,pss-verify,896,334611,18064
rsa-3072,pss-verify,897,334685,18068
rsa-3072,pss-verify,898,345092,18630
rsa-3072,pss-verify,899,334982,18084
rsa-3072,pss-verify,900,334574,18061
rsa-3072,pss-verify,901,334667,18068
rsa-3072,pss-verify,902,334574,18062
rsa-3072,pss-verify,903,334445,18055
rsa-3072,pss-verify,904,334593,18063
rsa-3072,pss-verify,905,334556,18061
rsa-3072,pss-verify,906,334593,18064
rsa-3072,pss-verify,907,334481,18056
rsa-3072,pss-verify,908,334593,18064
rsa-3072,pss-verify,909,344111,18578
rsa-3072,pss-verify,910,334925,18082
rsa-3072,pss-verify,911,334555,18061
rsa-3072,pss-verify,912,334612,18063
rsa-3072,pss-verify,913,334759,18071
rsa-3072,pss-verify,914,334482,18058
rsa-3072,pss-verify,915,334703,18069
rsa-3072,pss-verify,916,334537,18060
rsa-3072,pss-verify,917,334666,18067
rsa-3072,pss-verify,918,334648,18066
rsa-3072,pss-verify,919,334482,18057
rsa-3072,pss-verify,920,334537,18059
rsa-3072,pss-verify,921,343944,18569
rsa-3072,pss-verify,922,335018,18086
rsa-3072,pss-verify,923,334537,18060
rsa-3072,pss-verify,924,334612,18065
rsa-3072,pss-verify,925,334593,18062
rsa-3072,pss-verify,926,334740,18072
rsa-3072,pss-verify,927,334444,18055
rsa-3072,pss-verify,928,334593,18062
rsa-3072,pss-verify,929,334574,18063
rsa-3072,pss-verify,930,334556,18060
rsa-3072,pss-verify,931,334630,18064
rsa-3072,pss-verify,932,334537,18060
rsa-3072,pss-verify,933,343982,18570
rsa-3072,pss-verify,934,334907,18081
rsa-3072,pss-verify,935,334685,18067
rsa-3072,pss-verify,936,334630,18065
rsa-3072,pss-verify,937,334555,18060
rsa-3072,pss-verify,938,334722,18070
rsa-3072,pss-verify,939,334500,18058
rsa-3072,pss-verify,940,334519,18058
rsa-3072,pss-verify,941,334537,18059
rsa-3072,pss-verify,942,334519,18058
rsa-3072,pss-verify,943,334500,18059
rsa-3072,pss-verify,944,334556,18060
rsa-3072,pss-verify,945,344111,18576
rsa-3072,pss-verify,946,334926,18081
rsa-3072,pss-verify,947,334685,18068
rsa-3072,pss-verify,948,334703,18069
rsa-3072,pss-verify,949,334686,18068
rsa-3072,pss-verify,950,334592,18063
rsa-3072,pss-verify,951,334648,18065
rsa-3072,pss-verify,952,334555,18061
rsa-3072,pss-verify,953,334685,18067
rsa-3072,pss-verify,954,334555,18061
rsa-3072,pss-verify,955,334537,18059
rsa-3072,pss-verify,956,334537,18060
rsa-3072,pss-verify,957,344871,18617
rsa-3072,pss-verify,958,335074,18090
rsa-3072,pss-verify,959,334666,18066
rsa-3072,pss-verify,960,334518,18060
rsa-3072,pss-verify,961,334574,18063
rsa-3072,pss-verify,962,334741,18071
rsa-3072,pss-verify,963,334537,18060
rsa-3072,pss-verify,964,334574,18062
rsa-3072,pss-verify,965,334574,18062
rsa-3072,pss-verify,966,334556,18061
rsa-3072,pss-verify,967,334574,18062
rsa-3072,pss-verify,968,343093,18522
rsa-3072,pss-verify,969,336222,18151
rsa-3072,pss-verify,970,334740,18071
rsa-3072,pss-verify,971,334574,18062
rsa-3072,pss-verify,972,334611,18063
rsa-3072,pss-verify,973,334741,18071
rsa-3072,pss-verify,974,334648,18066
rsa-3072,pss-verify,975,334556,18060
rsa-3072,pss-verify,976,334630,18064
rsa-3072,pss-verify,977,334592,18063
rsa-3072,pss-verify,978,334574,18062
rsa-3072,pss-verify,979,334797,18074
rsa-3072,pss-verify,980,344685,18608
rsa-3072,pss-verify,981,334963,18084
rsa-3072,pss-verify,982,334685,18068
rsa-3072,pss-verify,983,334592,18062
rsa-3072,pss-verify,984,334685,18067
rsa-3072,pss-verify,985,334611,18064
rsa-3072,pss-verify,986,334593,18062
rsa-3072,pss-verify,987,334648,18066
rsa-3072,pss-verify,988,334593,18063
rsa-3072,pss-verify,989,334611,18064
rsa-3072,pss-verify,990,334574,18063
rsa-3072,pss-verify,991,334593,18063
rsa-3072,pss-verify,992,344889,18619
rsa-3072,pss-verify,993,335000,18084
rsa-3072,pss-verify,994,334704,18070
rsa-3072,pss-verify,995,334574,18062
rsa-3072,pss-verify,996,334704,18069
rsa-3072,pss-verify,997,334592,18064
rsa-3072,pss-verify,998,334518,18058
rsa-3072,pss-verify,999,334686,18069
rsa-3072,oaep-encrypt,0,348240,18798
rsa-3072,oaep-encrypt,1,350167,18903
rsa-3072,oaep-encrypt,2,347667,18769
rsa-3072,oaep-encrypt,3,347185,18743
rsa-3072,oaep-encrypt,4,347167,18741
rsa-3072,oaep-encrypt,5,347186,18743
rsa-3072,oaep-encrypt,6,347185,18742
rsa-3072,oaep-encrypt,7,347222,18745
rsa-3072,oaep-encrypt,8,347074,18738
rsa-3072,oaep-encrypt,9,347112,18738
rsa-3072,oaep-encrypt,10,357240,19286
rsa-3072,oaep-encrypt,11,349222,18852
rsa-3072,oaep-encrypt,12,347556,18763
rsa-3072,oaep-encrypt,13,347315,18749
rsa-3072,oaep-encrypt,14,347019,18734
rsa-3072,oaep-encrypt,15,347074,18738
rsa-3072,oaep-encrypt,16,347260,18746
rsa-3072,oaep-encrypt,17,347166,18741
rsa-3072,oaep-encrypt,18,347297,18749
rsa-3072,oaep-encrypt,19,347260,18747
rsa-3072,oaep-encrypt,20,347129,18740
rsa-3072,oaep-encrypt,21,347426,18757
rsa-3072,oaep-encrypt,22,356759,19261
rsa-3072,oaep-encrypt,23,348926,18836
rsa-3072,oaep-encrypt,24,347333,18752
rsa-3072,oaep-encrypt,25,347167,18742
rsa-3072,oaep-encrypt,26,347037,18735
rsa-3072,oaep-encrypt,27,347093,18737
rsa-3072,oaep-encrypt,28,347074,18737
rsa-3072,oaep-encrypt,29,347278,18747
rsa-3072,oaep-encrypt,30,347000,18733
rsa-3072,oaep-encrypt,31,347260,18746
rsa-3072,oaep-encrypt,32,346982,18732
rsa-3072,oaep-encrypt,33,356259,19234
rsa-3072,oaep-encrypt,34,348722,18826
rsa-3072,oaep-encrypt,35,347334,18751
rsa-3072,oaep-encrypt,36,347315,18751
rsa-3072,oaep-encrypt,37,347241,18746
rsa-3072,oaep-encrypt,38,347000,18733
rsa-3072,oaep-encrypt,39,347204,18744
rsa-3072,oaep-encrypt,40,347111,18739
rsa-3072,oaep-encrypt,41,347167,18742
rsa-3072,oaep-encrypt,42,347204,18744
rsa-3072,oaep-encrypt,43,346945,18730
rsa-3072,oaep-encrypt,44,347166,18741
rsa-3072,oaep-encrypt,45,356222,19231
rsa-3072,oaep-encrypt,46,348648,18823
rsa-3072,oaep-encrypt,47,347185,18743
rsa-3072,oaep-encrypt,48,347111,18739
rsa-3072,oaep-encrypt,49,347278,18748
rsa-3072,oaep-encrypt,50,347203,18744
rsa-3072,oaep-encrypt,51,347352,18752
rsa-3072,oaep-encrypt,52,347204,18744
rsa-3072,oaep-encrypt,53,347167,18741
rsa-3072,oaep-encrypt,54,347203,18744
rsa-3072,oaep-encrypt,55,347092,18739
rsa-3072,oaep-encrypt,56,356222,19232
rsa-3072,oaep-encrypt,57,348741,18826
rsa-3072,oaep-encrypt,58,347167,18743
rsa-3072,oaep-encrypt,59,347112,18740
rsa-3072,oaep-encrypt,60,347222,18745
rsa-3072,oaep-encrypt,61,347130,18741
rsa-3072,oaep-encrypt,62,347037,18735
rsa-3072,oaep-encrypt,63,347167,18742
rsa-3072,oaep-encrypt,64,347148,18741
rsa-3072,oaep-encrypt,65,347315,18750
rsa-3072,oaep-encrypt,66,347130,18741
rsa-3072,oaep-encrypt,67,356167,19228
rsa-3072,oaep-encrypt,68,348611,18819
rsa-3072,oaep-encrypt,69,347352,18752
rsa-3072,oaep-encrypt,70,346944,18730
rsa-3072,oaep-encrypt,71,347222,18744
rsa-3072,oaep-encrypt,72,347093,18738
rsa-3072,oaep-encrypt,73,347074,18737
rsa-3072,oaep-encrypt,74,346870,18726
rsa-3072,oaep-encrypt,75,346963,18731
rsa-3072,oaep-encrypt,76,347149,18741
rsa-3072,oaep-encrypt,77,347259,18747
rsa-3072,oaep-encrypt,78,347018,18734
rsa-3072,oaep-encrypt,79,356018,19220
rsa-3072,oaep-encrypt,80,348777,18828
rsa-3072,oaep-encrypt,81,347630,18767
rsa-3072,oaep-encrypt,82,347111,18740
rsa-3072,oaep-encrypt,83,347056,18735
rsa-3072,oaep-encrypt,84,347074,18737
rsa-3072,oaep-encrypt,85,347241,18746
rsa-3072,oaep-encrypt,86,347222,18746
rsa-3072,oaep-encrypt,87,347112,18739
rsa-3072,oaep-encrypt,88,346963,18731
rsa-3072,oaep-encrypt,89,347296,18749
rsa-3072,oaep-encrypt,90,362259,19553
rsa-3072,oaep-encrypt,91,349297,18857
rsa-3072,oaep-encrypt,92,347260,18746
rsa-3072,oaep-encrypt,93,347315,18750
rsa-3072,oaep-encrypt,94,347037,18735
rsa-3072,oaep-encrypt,95,347093,18737
rsa-3072,oaep-encrypt,96,347111,18739
rsa-3072,oaep-encrypt,97,346963,18730
rsa-3072,oaep-encrypt,98,347185,18744
rsa-3072,oaep-encrypt,99,347111,18739
rsa-3072,oaep-encrypt,100,347000,18733
rsa-3072,oaep-encrypt,101,356315,19236
rsa-3072,oaep-encrypt,102,348852,18832
rsa-3072,oaep-encrypt,103,347167,18742
rsa-3072,oaep-encrypt,104,347241,18746
rsa-3072,oaep-encrypt,105,347296,18749
rsa-3072,oaep-encrypt,106,347111,18738
rsa-3072,oaep-encrypt,107,347166,18743
rsa-3072,oaep-encrypt,108,347093,18738
rsa-3072,oaep-encrypt,109,349778,18882
rsa-3072,oaep-encrypt,110,347315,18750
rsa-3072,oaep-encrypt,111,347056,18736
rsa-3072,oaep-encrypt,112,346925,18728
rsa-3072,oaep-encrypt,113,358018,19328
rsa-3072,oaep-encrypt,114,348685,18823
rsa-3072,oaep-encrypt,115,347241,18747
rsa-3072,oaep-encrypt,116,347130,18739
rsa-3072,oaep-encrypt,117,347148,18741
rsa-3072,oaep-encrypt,118,347241,18745
rsa-3072,oaep-encrypt,119,347223,18746
rsa-3072,oaep-encrypt,120,347111,18740
rsa-3072,oaep-encrypt,121,347241,18746
rsa-3072,oaep-encrypt,122,347130,18739
rsa-3072,oaep-encrypt,123,347260,18746
rsa-3072,oaep-encrypt,124,356537,19248
rsa-3072,oaep-encrypt,125,348834,18833
rsa-3072,oaep-encrypt,126,347167,18742
rsa-3072,oaep-encrypt,127,347241,18747
rsa-3072,oaep-encrypt,128,347148,18741
rsa-3072,oaep-encrypt,129,347148,18742
rsa-3072,oaep-encrypt,130,346982,18732
rsa-3072,oaep-encrypt,131,347074,18737
rsa-3072,oaep-encrypt,132,347296,18748
rsa-3072,oaep-encrypt,133,347148,18742
rsa-3072,oaep-encrypt,134,347074,18737
rsa-3072,oaep-encrypt,135,355741,19206
rsa-3072,oaep-encrypt,136,348871,18834
rsa-3072,oaep-encrypt,137,347315,18751
rsa-3072,oaep-encrypt,138,346908,18728
rsa-3072,oaep-encrypt,139,347297,18749
rsa-3072,oaep-encrypt,140,347241,18745
rsa-3072,oaep-encrypt,141,347056,18737
rsa-3072,oaep-encrypt,142,347222,18744
rsa-3072,oaep-encrypt,143,347222,18744
rsa-3072,oaep-encrypt,144,347241,18747
rsa-3072,oaep-encrypt,145,347296,18749
rsa-3072,oaep-encrypt,146,347055,18736
rsa-3072,oaep-encrypt,147,356241,19232
rsa-3072,oaep-encrypt,148,348593,18819
rsa-3072,oaep-encrypt,149,347259,18747
rsa-3072,oaep-encrypt,150,347241,18746
rsa-3072,oaep-encrypt,151,347074,18736
rsa-3072,oaep-encrypt,152,346982,18732
rsa-3072,oaep-encrypt,153,347019,18734
rsa-3072,oaep-encrypt,154,347019,18734
rsa-3072,oaep-encrypt,155,347333,18750
rsa-3072,oaep-encrypt,156,346963,18732
rsa-3072,oaep-encrypt,157,347204,18744
rsa-3072,oaep-encrypt,158,356074,19224
rsa-3072,oaep-encrypt,159,348685,18824
rsa-3072,oaep-encrypt,160,347167,18741
rsa-3072,oaep-encrypt,161,347259,18747
rsa-3072,oaep-encrypt,162,346926,18729
rsa-3072,oaep-encrypt,163,347149,18741
rsa-3072,oaep-encrypt,164,347111,18738
rsa-3072,oaep-encrypt,165,347185,18742
rsa-3072,oaep-encrypt,166,346982,18732
rsa-3072,oaep-encrypt,167,347037,18735
rsa-3072,oaep-encrypt,168,347389,18754
rsa-3072,oaep-encrypt,169,347241,18747
rsa-3072,oaep-encrypt,170,356037,19221
rsa-3072,oaep-encrypt,171,348723,18825
rsa-3072,oaep-encrypt,172,347296,18749
rsa-3072,oaep-encrypt,173,347222,18745
rsa-3072,oaep-encrypt,174,347055,18736
rsa-3072,oaep-encrypt,175,346981,18732
rsa-3072,oaep-encrypt,176,347185,18743
rsa-3072,oaep-encrypt,177,347278,18748
rsa-3072,oaep-encrypt,178,347185,18742
rsa-3072,oaep-encrypt,179,346981,18733
rsa-3072,oaep-encrypt,180,347334,18750
rsa-3072,oaep-encrypt,181,356315,19237
rsa-3072,oaep-encrypt,182,348593,18819
rsa-3072,oaep-encrypt,183,347223,18746
rsa-3072,oaep-encrypt,184,347129,18739
rsa-3072,oaep-encrypt,185,347111,18740
rsa-3072,oaep-encrypt,186,347129,18740
rsa-3072,oaep-encrypt,187,347223,18744
rsa-3072,oaep-encrypt,188,346963,18731
rsa-3072,oaep-encrypt,189,347167,18742
rsa-3072,oaep-encrypt,190,347074,18737
rsa-3072,oaep-encrypt,191,347222,18745
rsa-3072,oaep-encrypt,192,356222,19232
rsa-3072,oaep-encrypt,193,348556,18817
rsa-3072,oaep-encrypt,194,347130,18739
rsa-3072,oaep-encrypt,195,347296,18749
rsa-3072,oaep-encrypt,196,347241,18746
rsa-3072,oaep-encrypt,197,347222,18745
rsa-3072,oaep-encrypt,198,347092,18738
rsa-3072,oaep-encrypt,199,347074,18738
rsa-3072,oaep-encrypt,200,347296,18748
rsa-3072,oaep-encrypt,201,347185,18743
rsa-3072,oaep-encrypt,202,347129,18740
rsa-3072,oaep-encrypt,203,347223,18744
rsa-3072,oaep-encrypt,204,356333,19237
rsa-3072,oaep-encrypt,205,348759,18827
rsa-3072,oaep-encrypt,206,347204,18744
rsa-3072,oaep-encrypt,207,347277,18748
rsa-3072,oaep-encrypt,208,347204,18745
rsa-3072,oaep-encrypt,209,347055,18736
rsa-3072,oaep-encrypt,210,347111,18738
rsa-3072,oaep-encrypt,211,347093,18739
rsa-3072,oaep-encrypt,212,346963,18731
rsa-3072,oaep-encrypt,213,347092,18738
rsa-3072,oaep-encrypt,214,350000,18892
rsa-3072,oaep-encrypt,215,358056,19329
rsa-3072,oaep-encrypt,216,348685,18824
rsa-3072,oaep-encrypt,217,347204,18743
rsa-3072,oaep-encrypt,218,346981,18732
rsa-3072,oaep-encrypt,219,347204,18743
rsa-3072,oaep-encrypt,220,347185,18743
rsa-3072,oaep-encrypt,221,347112,18739
rsa-3072,oaep-encrypt,222,347167,18743
rsa-3072,oaep-encrypt,223,347297,18750
rsa-3072,oaep-encrypt,224,347129,18739
rsa-3072,oaep-encrypt,225,347019,18734
rsa-3072,oaep-encrypt,226,356166,19229
rsa-3072,oaep-encrypt,227,348574,18818
rsa-3072,oaep-encrypt,228,347148,18741
rsa-3072,oaep-encrypt,229,347278,18749
rsa-3072,oaep-encrypt,230,346889,18726
rsa-3072,oaep-encrypt,231,347148,18741
rsa-3072,oaep-encrypt,232,347186,18743
rsa-3072,oaep-encrypt,233,347166,18742
rsa-3072,oaep-encrypt,234,347167,18742
rsa-3072,oaep-encrypt,235,347166,18743
rsa-3072,oaep-encrypt,236,347333,18750
rsa-3072,oaep-encrypt,237,347111,18738
rsa-3072,oaep-encrypt,238,356148,19227
rsa-3072,oaep-encrypt,239,348722,18826
rsa-3072,oaep-encrypt,240,347148,18740
rsa-3072,oaep-encrypt,241,347185,18743
rsa-3072,oaep-encrypt,242,347167,18742
rsa-3072,oaep-encrypt,243,347185,18742
rsa-3072,oaep-encrypt,244,347018,18735
rsa-3072,oaep-encrypt,245,347315,18749
rsa-3072,oaep-encrypt,246,346963,18731
rsa-3072,oaep-encrypt,247,347148,18742
rsa-3072,oaep-encrypt,248,347111,18738
rsa-3072,oaep-encrypt,249,356407,19242
rsa-3072,oaep-encrypt,250,348592,18819
rsa-3072,oaep-encrypt,251,347203,18744
rsa-3072,oaep-encrypt,252,346982,18732
rsa-3072,oaep-encrypt,253,347074,18738
rsa-3072,oaep-encrypt,254,346926,18729
rsa-3072,oaep-encrypt,255,347074,18736
rsa-3072,oaep-encrypt,256,347019,18735
rsa-3072,oaep-encrypt,257,347074,18736
rsa-3072,oaep-encrypt,258,347093,18739
rsa-3072,oaep-encrypt,259,347204,18743
rsa-3072,oaep-encrypt,260,347018,18733
rsa-3072,oaep-encrypt,261,349333,18860
rsa-3072,oaep-encrypt,262,347204,18744
rsa-3072,oaep-encrypt,263,347167,18742
rsa-3072,oaep-encrypt,264,347019,18735
rsa-3072,oaep-encrypt,265,347351,18751
rsa-3072,oaep-encrypt,266,347148,18742
rsa-3072,oaep-encrypt,267,347241,18746
rsa-3072,oaep-encrypt,268,347093,18737
rsa-3072,oaep-encrypt,269,347297,18748
rsa-3072,oaep-encrypt,270,347019,18734
rsa-3072,oaep-encrypt,271,346889,18728
rsa-3072,oaep-encrypt,272,356037,19222
rsa-3072,oaep-encrypt,273,348686,18824
rsa-3072,oaep-encrypt,274,347259,18747
rsa-3072,oaep-encrypt,275,347056,18736
rsa-3072,oaep-encrypt,276,347056,18735
rsa-3072,oaep-encrypt,277,347204,18745
rsa-3072,oaep-encrypt,278,347148,18740
rsa-3072,oaep-encrypt,279,347056,18736
rsa-3072,oaep-encrypt,280,347037,18735
rsa-3072,oaep-encrypt,281,347204,18743
rsa-3072,oaep-encrypt,282,347148,18741
rsa-3072,oaep-encrypt,283,356315,19236
rsa-3072,oaep-encrypt,284,348630,18821
rsa-3072,oaep-encrypt,285,347166,18742
rsa-3072,oaep-encrypt,286,347019,18735
rsa-3072,oaep-encrypt,287,347056,18736
rsa-3072,oaep-encrypt,288,347240,18746
rsa-3072,oaep-encrypt,289,347000,18732
rsa-3072,oaep-encrypt,290,346981,18731
rsa-3072,oaep-encrypt,291,347037,18735
rsa-3072,oaep-encrypt,292,347185,18742
rsa-3072,oaep-encrypt,293,347185,18742
rsa-3072,oaep-encrypt,294,347130,18740
rsa-3072,oaep-encrypt,295,356112,19226
rsa-3072,oaep-encrypt,296,348722,18826
rsa-3072,oaep-encrypt,297,347370,18753
rsa-3072,oaep-encrypt,298,347037,18736
rsa-3072,oaep-encrypt,299,347148,18741
rsa-3072,oaep-encrypt,300,347111,18739
rsa-3072,oaep-encrypt,301,347296,18750
rsa-3072,oaep-encrypt,302,347315,18751
rsa-3072,oaep-encrypt,303,347111,18739
rsa-3072,oaep-encrypt,304,347111,18740
rsa-3072,oaep-encrypt,305,347222,18746
rsa-3072,oaep-encrypt,306,356000,19219
rsa-3072,oaep-encrypt,307,348592,18819
rsa-3072,oaep-encrypt,308,347111,18740
rsa-3072,oaep-encrypt,309,347129,18740
rsa-3072,oaep-encrypt,310,347148,18740
rsa-3072,oaep-encrypt,311,347204,18744
rsa-3072,oaep-encrypt,312,347148,18742
rsa-3072,oaep-encrypt,313,347111,18740
rsa-3072,oaep-encrypt,314,347037,18736
rsa-3072,oaep-encrypt,315,347074,18737
rsa-3072,oaep-encrypt,316,347222,18745
rsa-3072,oaep-encrypt,317,356649,19253
rsa-3072,oaep-encrypt,318,348519,18815
rsa-3072,oaep-encrypt,319,349612,18871
rsa-3072,oaep-encrypt,320,347148,18741
rsa-3072,oaep-encrypt,321,347148,18741
rsa-3072,oaep-encrypt,322,347185,18743
rsa-3072,oaep-encrypt,323,346982,18733
rsa-3072,oaep-encrypt,324,347315,18750
rsa-3072,oaep-encrypt,325,347240,18746
rsa-3072,oaep-encrypt,326,347074,18737
rsa-3072,oaep-encrypt,327,347037,18734
rsa-3072,oaep-encrypt,328,347241,18746
rsa-3072,oaep-encrypt,329,356833,19264
rsa-3072,oaep-encrypt,330,348778,18829
rsa-3072,oaep-encrypt,331,347241,18746
rsa-3072,oaep-encrypt,332,347093,18738
rsa-3072,oaep-encrypt,333,347111,18740
rsa-3072,oaep-encrypt,334,347093,18738
rsa-3072,oaep-encrypt,335,347315,18751
rsa-3072,oaep-encrypt,336,347000,18732
rsa-3072,oaep-encrypt,337,347129,18740
rsa-3072,oaep-encrypt,338,347092,18739
rsa-3072,oaep-encrypt,339,347056,18735
rsa-3072,oaep-encrypt,340,356185,19229
rsa-3072,oaep-encrypt,341,348944,18838
rsa-3072,oaep-encrypt,342,347371,18754
rsa-3072,oaep-encrypt,343,347241,18747
rsa-3072,oaep-encrypt,344,347315,18750
rsa-3072,oaep-encrypt,345,347111,18739
rsa-3072,oaep-encrypt,346,347185,18742
rsa-3072,oaep-encrypt,347,347185,18744
rsa-3072,oaep-encrypt,348,347148,18740
rsa-3072,oaep-encrypt,349,347241,18746
rsa-3072,oaep-encrypt,350,347037,18735
rsa-3072,oaep-encrypt,351,356000,19220
rsa-3072,oaep-encrypt,352,348574,18818
rsa-3072,oaep-encrypt,353,347185,18743
rsa-3072,oaep-encrypt,354,347111,18740
rsa-3072,oaep-encrypt,355,347166,18742
rsa-3072,oaep-encrypt,356,347055,18736
rsa-3072,oaep-encrypt,357,347092,18738
rsa-3072,oaep-encrypt,358,347129,18739
rsa-3072,oaep-encrypt,359,347185,18742
rsa-3072,oaep-encrypt,360,347074,18738
rsa-3072,oaep-encrypt,361,347241,18747
rsa-3072,oaep-encrypt,362,347111,18738
rsa-3072,oaep-encrypt,363,356130,19226
rsa-3072,oaep-encrypt,364,348518,18814
rsa-3072,oaep-encrypt,365,347260,18746
rsa-3072,oaep-encrypt,366,347074,18736
rsa-3072,oaep-encrypt,367,347260,18748
rsa-3072,oaep-encrypt,368,347092,18737
rsa-3072,oaep-encrypt,369,347278,18748
rsa-3072,oaep-encrypt,370,347204,18743
rsa-3072,oaep-encrypt,371,346982,18731
rsa-3072,oaep-encrypt,372,346963,18731
rsa-3072,oaep-encrypt,373,347333,18750
rsa-3072,oaep-encrypt,374,356037,19221
rsa-3072,oaep-encrypt,375,348666,18822
rsa-3072,oaep-encrypt,376,347260,18748
rsa-3072,oaep-encrypt,377,347260,18748
rsa-3072,oaep-encrypt,378,347092,18738
rsa-3072,oaep-encrypt,379,347148,18742
rsa-3072,oaep-encrypt,380,347389,18753
rsa-3072,oaep-encrypt,381,347166,18743
rsa-3072,oaep-encrypt,382,347018,18733
rsa-3072,oaep-encrypt,383,347000,18733
rsa-3072,oaep-encrypt,384,347130,18739
rsa-3072,oaep-encrypt,385,347148,18741
rsa-3072,oaep-encrypt,386,356648,19253
rsa-3072,oaep-encrypt,387,347852,18779
rsa-3072,oaep-encrypt,388,347037,18734
rsa-3072,oaep-encrypt,389,347222,18746
rsa-3072,oaep-encrypt,390,347259,18748
rsa-3072,oaep-encrypt,391,347352,18751
rsa-3072,oaep-encrypt,392,347204,18743
rsa-3072,oaep-encrypt,393,347222,18744
rsa-3072,oaep-encrypt,394,347149,18742
rsa-3072,oaep-encrypt,395,347129,18739
rsa-3072,oaep-encrypt,396,347018,18733
rsa-3072,oaep-encrypt,397,356296,19236
rsa-3072,oaep-encrypt,398,348574,18819
rsa-3072,oaep-encrypt,399,347241,18746
rsa-3072,oaep-encrypt,400,347018,18735
rsa-3072,oaep-encrypt,401,347019,18733
rsa-3072,oaep-encrypt,402,347111,18739
rsa-3072,oaep-encrypt,403,347186,18743
rsa-3072,oaep-encrypt,404,347241,18746
rsa-3072,oaep-encrypt,405,347241,18745
rsa-3072,oaep-encrypt,406,347241,18747
rsa-3072,oaep-encrypt,407,346926,18729
rsa-3072,oaep-encrypt,408,356222,19232
rsa-3072,oaep-encrypt,409,348796,18830
rsa-3072,oaep-encrypt,410,347315,18750
rsa-3072,oaep-encrypt,411,347167,18742
rsa-3072,oaep-encrypt,412,347056,18735
rsa-3072,oaep-encrypt,413,346889,18728
rsa-3072,oaep-encrypt,414,347074,18738
rsa-3072,oaep-encrypt,415,347130,18740
rsa-3072,oaep-encrypt,416,347148,18741
rsa-3072,oaep-encrypt,417,347297,18749
rsa-3072,oaep-encrypt,418,347111,18739
rsa-3072,oaep-encrypt,419,347112,18739
rsa-3072,oaep-encrypt,420,357037,19274
rsa-3072,oaep-encrypt,421,348815,18831
rsa-3072,oaep-encrypt,422,347074,18738
rsa-3072,oaep-encrypt,423,347204,18744
rsa-3072,oaep-encrypt,424,349500,18866
rsa-3072,oaep-encrypt,425,347259,18746
rsa-3072,oaep-encrypt,426,347148,18741
rsa-3072,oaep-encrypt,427,347074,18736
rsa-3072,oaep-encrypt,428,347130,18740
rsa-3072,oaep-encrypt,429,347241,18745
rsa-3072,oaep-encrypt,430,347259,18747
rsa-3072,oaep-encrypt,431,356889,19268
rsa-3072,oaep-encrypt,432,348778,18828
rsa-3072,oaep-encrypt,433,347278,18749
rsa-3072,oaep-encrypt,434,347111,18740
rsa-3072,oaep-encrypt,435,347204,18744
rsa-3072,oaep-encrypt,436,347222,18745
rsa-3072,oaep-encrypt,437,347056,18735
rsa-3072,oaep-encrypt,438,347037,18735
rsa-3072,oaep-encrypt,439,346982,18732
rsa-3072,oaep-encrypt,440,347074,18737
rsa-3072,oaep-encrypt,441,347055,18736
rsa-3072,oaep-encrypt,442,361389,19507
rsa-3072,oaep-encrypt,443,349037,18843
rsa-3072,oaep-encrypt,444,347204,18744
rsa-3072,oaep-encrypt,445,347129,18741
rsa-3072,oaep-encrypt,446,347038,18735
rsa-3072,oaep-encrypt,447,347092,18738
rsa-3072,oaep-encrypt,448,346926,18730
rsa-3072,oaep-encrypt,449,347130,18740
rsa-3072,oaep-encrypt,450,347130,18741
rsa-3072,oaep-encrypt,451,347185,18742
rsa-3072,oaep-encrypt,452,346907,18728
rsa-3072,oaep-encrypt,453,347130,18740
rsa-3072,oaep-encrypt,454,356297,19236
rsa-3072,oaep-encrypt,455,348537,18815
rsa-3072,oaep-encrypt,456,347389,18754
rsa-3072,oaep-encrypt,457,347130,18739
rsa-3072,oaep-encrypt,458,347092,18739
rsa-3072,oaep-encrypt,459,346815,18722
rsa-3072,oaep-encrypt,460,347037,18735
rsa-3072,oaep-encrypt,461,347111,18739
rsa-3072,oaep-encrypt,462,347093,18738
rsa-3072,oaep-encrypt,463,347018,18734
rsa-3072,oaep-encrypt,464,347204,18743
rsa-3072,oaep-encrypt,465,356222,19232
rsa-3072,oaep-encrypt,466,348537,18816
rsa-3072,oaep-encrypt,467,347204,18744
rsa-3072,oaep-encrypt,468,347074,18736
rsa-3072,oaep-encrypt,469,347389,18754
rsa-3072,oaep-encrypt,470,347019,18733
rsa-3072,oaep-encrypt,471,347166,18741
rsa-3072,oaep-encrypt,472,347074,18737
rsa-3072,oaep-encrypt,473,347259,18747
rsa-3072,oaep-encrypt,474,347204,18743
rsa-3072,oaep-encrypt,475,347185,18743
rsa-3072,oaep-encrypt,476,356000,19220
rsa-3072,oaep-encrypt,477,348981,18840
rsa-3072,oaep-encrypt,478,347111,18739
rsa-3072,oaep-encrypt,479,347112,18738
rsa-3072,oaep-encrypt,480,347352,18751
rsa-3072,oaep-encrypt,481,347129,18739
rsa-3072,oaep-encrypt,482,347167,18742
rsa-3072,oaep-encrypt,483,347352,18751
rsa-3072,oaep-encrypt,484,347407,18755
rsa-3072,oaep-encrypt,485,347148,18741
rsa-3072,oaep-encrypt,486,347241,18746
rsa-3072,oaep-encrypt,487,347241,18746
rsa-3072,oaep-encrypt,488,356241,19232
rsa-3072,oaep-encrypt,489,348852,18833
rsa-3072,oaep-encrypt,490,347259,18747
rsa-3072,oaep-encrypt,491,347222,18744
rsa-3072,oaep-encrypt,492,347185,18742
rsa-3072,oaep-encrypt,493,347055,18737
rsa-3072,oaep-encrypt,494,347167,18742
rsa-3072,oaep-encrypt,495,347148,18741
rsa-3072,oaep-encrypt,496,347055,18737
rsa-3072,oaep-encrypt,497,347333,18750
rsa-3072,oaep-encrypt,498,347056,18737
rsa-3072,oaep-encrypt,499,356203,19230
rsa-3072,oaep-encrypt,500,348537,18817
rsa-3072,oaep-encrypt,501,347371,18754
rsa-3072,oaep-encrypt,502,347203,18744
rsa-3072,oaep-encrypt,503,347056,18736
rsa-3072,oaep-encrypt,504,347204,18743
rsa-3072,oaep-encrypt,505,347019,18734
rsa-3072,oaep-encrypt,506,346981,18732
rsa-3072,oaep-encrypt,507,347185,18743
rsa-3072,oaep-encrypt,508,347334,18750
rsa-3072,oaep-encrypt,509,347185,18743
rsa-3072,oaep-encrypt,510,347185,18742
rsa-3072,oaep-encrypt,511,355908,19214
rsa-3072,oaep-encrypt,512,348704,18825
rsa-3072,oaep-encrypt,513,347389,18754
rsa-3072,oaep-encrypt,514,347352,18751
rsa-3072,oaep-encrypt,515,347111,18740
rsa-3072,oaep-encrypt,516,346963,18732
rsa-3072,oaep-encrypt,517,347166,18742
rsa-3072,oaep-encrypt,518,347093,18737
rsa-3072,oaep-encrypt,519,347148,18741
rsa-3072,oaep-encrypt,520,347111,18738
rsa-3072,oaep-encrypt,521,347222,18745
rsa-3072,oaep-encrypt,522,357056,19275
rsa-3072,oaep-encrypt,523,348703,18825
rsa-3072,oaep-encrypt,524,347185,18742
rsa-3072,oaep-encrypt,525,347222,18746
rsa-3072,oaep-encrypt,526,347149,18741
rsa-3072,oaep-encrypt,527,347222,18745
rsa-3072,oaep-encrypt,528,347222,18746
rsa-3072,oaep-encrypt,529,349926,18891
rsa-3072,oaep-encrypt,530,347241,18746
rsa-3072,oaep-encrypt,531,347241,18746
rsa-3072,oaep-encrypt,532,347130,18740
rsa-3072,oaep-encrypt,533,357019,19275
rsa-3072,oaep-encrypt,534,348519,18815
rsa-3072,oaep-encrypt,535,347333,18750
rsa-3072,oaep-encrypt,536,347111,18739
rsa-3072,oaep-encrypt,537,347315,18750
rsa-3072,oaep-encrypt,538,347074,18737
rsa-3072,oaep-encrypt,539,347056,18737
rsa-3072,oaep-encrypt,540,347166,18743
rsa-3072,oaep-encrypt,541,347259,18747
rsa-3072,oaep-encrypt,542,347037,18735
rsa-3072,oaep-encrypt,543,347167,18743
rsa-3072,oaep-encrypt,544,347148,18740
rsa-3072,oaep-encrypt,545,356167,19229
rsa-3072,oaep-encrypt,546,348463,18811
rsa-3072,oaep-encrypt,547,347315,18751
rsa-3072,oaep-encrypt,548,347055,18737
rsa-3072,oaep-encrypt,549,347222,18744
rsa-3072,oaep-encrypt,550,347037,18736
rsa-3072,oaep-encrypt,551,347166,18742
rsa-3072,oaep-encrypt,552,347259,18746
rsa-3072,oaep-encrypt,553,347185,18743
rsa-3072,oaep-encrypt,554,347259,18747
rsa-3072,oaep-encrypt,555,347278,18748
rsa-3072,oaep-encrypt,556,356186,19229
rsa-3072,oaep-encrypt,557,348629,18821
rsa-3072,oaep-encrypt,558,347000,18733
rsa-3072,oaep-encrypt,559,347222,18744
rsa-3072,oaep-encrypt,560,347203,18745
rsa-3072,oaep-encrypt,561,347223,18745
rsa-3072,oaep-encrypt,562,347148,18742
rsa-3072,oaep-encrypt,563,347000,18733
rsa-3072,oaep-encrypt,564,347111,18740
rsa-3072,oaep-encrypt,565,347371,18754
rsa-3072,oaep-encrypt,566,347074,18736
rsa-3072,oaep-encrypt,567,356111,19226
rsa-3072,oaep-encrypt,568,348518,18816
rsa-3072,oaep-encrypt,569,347370,18754
rsa-3072,oaep-encrypt,570,347333,18750
rsa-3072,oaep-encrypt,571,347241,18747
rsa-3072,oaep-encrypt,572,347129,18741
rsa-3072,oaep-encrypt,573,347296,18750
rsa-3072,oaep-encrypt,574,347074,18737
rsa-3072,oaep-encrypt,575,347352,18752
rsa-3072,oaep-encrypt,576,347241,18745
rsa-3072,oaep-encrypt,577,347129,18740
rsa-3072,oaep-encrypt,578,347130,18739
rsa-3072,oaep-encrypt,579,356259,19234
rsa-3072,oaep-encrypt,580,348574,18817
rsa-3072,oaep-encrypt,581,347166,18742
rsa-3072,oaep-encrypt,582,346963,18731
rsa-3072,oaep-encrypt,583,346981,18731
rsa-3072,oaep-encrypt,584,347315,18751
rsa-3072,oaep-encrypt,585,347241,18747
rsa-3072,oaep-encrypt,586,347333,18750
rsa-3072,oaep-encrypt,587,347129,18741
rsa-3072,oaep-encrypt,588,347278,18748
rsa-3072,oaep-encrypt,589,347333,18751
rsa-3072,oaep-encrypt,590,356166,19228
rsa-3072,oaep-encrypt,591,348630,18821
rsa-3072,oaep-encrypt,592,347167,18743
rsa-3072,oaep-encrypt,593,347259,18746
rsa-3072,oaep-encrypt,594,347111,18738
rsa-3072,oaep-encrypt,595,347018,18733
rsa-3072,oaep-encrypt,596,347074,18738
rsa-3072,oaep-encrypt,597,347296,18749
rsa-3072,oaep-encrypt,598,347075,18736
rsa-3072,oaep-encrypt,599,347185,18743
rsa-3072,oaep-encrypt,600,347037,18734
rsa-3072,oaep-encrypt,601,355870,19213
rsa-3072,oaep-encrypt,602,348611,18820
rsa-3072,oaep-encrypt,603,347166,18742
rsa-3072,oaep-encrypt,604,347278,18748
rsa-3072,oaep-encrypt,605,347371,18754
rsa-3072,oaep-encrypt,606,347315,18750
rsa-3072,oaep-encrypt,607,347352,18751
rsa-3072,oaep-encrypt,608,347222,18745
rsa-3072,oaep-encrypt,609,347093,18738
rsa-3072,oaep-encrypt,610,347241,18745
rsa-3072,oaep-encrypt,611,347222,18746
rsa-3072,oaep-encrypt,612,347149,18741
rsa-3072,oaep-encrypt,613,356166,19229
rsa-3072,oaep-encrypt,614,348555,18818
rsa-3072,oaep-encrypt,615,347222,18744
rsa-3072,oaep-encrypt,616,347166,18741
rsa-3072,oaep-encrypt,617,347241,18746
rsa-3072,oaep-encrypt,618,347186,18744
rsa-3072,oaep-encrypt,619,347351,18752
rsa-3072,oaep-encrypt,620,347278,18747
rsa-3072,oaep-encrypt,621,347241,18746
rsa-3072,oaep-encrypt,622,346963,18730
rsa-3072,oaep-encrypt,623,347111,18739
rsa-3072,oaep-encrypt,624,356167,19228
rsa-3072,oaep-encrypt,625,348537,18815
rsa-3072,oaep-encrypt,626,347167,18741
rsa-3072,oaep-encrypt,627,347222,18744
rsa-3072,oaep-encrypt,628,347074,18738
rsa-3072,oaep-encrypt,629,347278,18748
rsa-3072,oaep-encrypt,630,347093,18737
rsa-3072,oaep-encrypt,631,347203,18743
rsa-3072,oaep-encrypt,632,346945,18731
rsa-3072,oaep-encrypt,633,347148,18742
rsa-3072,oaep-encrypt,634,349629,18873
rsa-3072,oaep-encrypt,635,347351,18751
rsa-3072,oaep-encrypt,636,357260,19286
rsa-3072,oaep-encrypt,637,347981,18785
rsa-3072,oaep-encrypt,638,347148,18741
rsa-3072,oaep-encrypt,639,347129,18739
rsa-3072,oaep-encrypt,640,347055,18737
rsa-3072,oaep-encrypt,641,347204,18745
rsa-3072,oaep-encrypt,642,347223,18744
rsa-3072,oaep-encrypt,643,347019,18734
rsa-3072,oaep-encrypt,644,347148,18741
rsa-3072,oaep-encrypt,645,347075,18737
rsa-3072,oaep-encrypt,646,347185,18742
rsa-3072,oaep-encrypt,647,356278,19234
rsa-3072,oaep-encrypt,648,348834,18831
rsa-3072,oaep-encrypt,649,347130,18740
rsa-3072,oaep-encrypt,650,347277,18748
rsa-3072,oaep-encrypt,651,347167,18742
rsa-3072,oaep-encrypt,652,347222,18744
rsa-3072,oaep-encrypt,653,347000,18733
rsa-3072,oaep-encrypt,654,346963,18731
rsa-3072,oaep-encrypt,655,347092,18739
rsa-3072,oaep-encrypt,656,347185,18744
rsa-3072,oaep-encrypt,657,347204,18744
rsa-3072,oaep-encrypt,658,356111,19226
rsa-3072,oaep-encrypt,659,348796,18830
rsa-3072,oaep-encrypt,660,347296,18749
rsa-3072,oaep-encrypt,661,347074,18737
rsa-3072,oaep-encrypt,662,347037,18734
rsa-3072,oaep-encrypt,663,347240,18747
rsa-3072,oaep-encrypt,664,347074,18737
rsa-3072,oaep-encrypt,665,347203,18744
rsa-3072,oaep-encrypt,666,347240,18745
rsa-3072,oaep-encrypt,667,347037,18736
rsa-3072,oaep-encrypt,668,347056,18735
rsa-3072,oaep-encrypt,669,347111,18739
rsa-3072,oaep-encrypt,670,356074,19224
rsa-3072,oaep-encrypt,671,348371,18807
rsa-3072,oaep-encrypt,672,347129,18739
rsa-3072,oaep-encrypt,673,347092,18737
rsa-3072,oaep-encrypt,674,347222,18744
rsa-3072,oaep-encrypt,675,347111,18738
rsa-3072,oaep-encrypt,676,347260,18747
rsa-3072,oaep-encrypt,677,347241,18747
rsa-3072,oaep-encrypt,678,347074,18737
rsa-3072,oaep-encrypt,679,347315,18750
rsa-3072,oaep-encrypt,680,347260,18746
rsa-3072,oaep-encrypt,681,356185,19229
rsa-3072,oaep-encrypt,682,348667,18824
rsa-3072,oaep-encrypt,683,347241,18746
rsa-3072,oaep-encrypt,684,347149,18741
rsa-3072,oaep-encrypt,685,347130,18740
rsa-3072,oaep-encrypt,686,347074,18738
rsa-3072,oaep-encrypt,687,347037,18734
rsa-3072,oaep-encrypt,688,347315,18750
rsa-3072,oaep-encrypt,689,347167,18743
rsa-3072,oaep-encrypt,690,347037,18735
rsa-3072,oaep-encrypt,691,347000,18732
rsa-3072,oaep-encrypt,692,355593,19196
rsa-3072,oaep-encrypt,693,348630,18821
rsa-3072,oaep-encrypt,694,347204,18743
rsa-3072,oaep-encrypt,695,347112,18739
rsa-3072,oaep-encrypt,696,347055,18736
rsa-3072,oaep-encrypt,697,347130,18739
rsa-3072,oaep-encrypt,698,347278,18747
rsa-3072,oaep-encrypt,699,347259,18747
rsa-3072,oaep-encrypt,700,347148,18742
rsa-3072,oaep-encrypt,701,347092,18739
rsa-3072,oaep-encrypt,702,347167,18742
rsa-3072,oaep-encrypt,703,347018,18734
rsa-3072,oaep-encrypt,704,356222,19232
rsa-3072,oaep-encrypt,705,348648,18822
rsa-3072,oaep-encrypt,706,347185,18743
rsa-3072,oaep-encrypt,707,347000,18732
rsa-3072,oaep-encrypt,708,347074,18737
rsa-3072,oaep-encrypt,709,347148,18742
rsa-3072,oaep-encrypt,710,347130,18740
rsa-3072,oaep-encrypt,711,347018,18733
rsa-3072,oaep-encrypt,712,346944,18730
rsa-3072,oaep-encrypt,713,347241,18745
rsa-3072,oaep-encrypt,714,347241,18747
rsa-3072,oaep-encrypt,715,356203,19231
rsa-3072,oaep-encrypt,716,348685,18824
rsa-3072,oaep-encrypt,717,347111,18738
rsa-3072,oaep-encrypt,718,346926,18728
rsa-3072,oaep-encrypt,719,347296,18749
rsa-3072,oaep-encrypt,720,347130,18740
rsa-3072,oaep-encrypt,721,347185,18744
rsa-3072,oaep-encrypt,722,347018,18734
rsa-3072,oaep-encrypt,723,347185,18742
rsa-3072,oaep-encrypt,724,347000,18734
rsa-3072,oaep-encrypt,725,347278,18748
rsa-3072,oaep-encrypt,726,347129,18739
rsa-3072,oaep-encrypt,727,356593,19250
rsa-3072,oaep-encrypt,728,347833,18778
rsa-3072,oaep-encrypt,729,347260,18746
rsa-3072,oaep-encrypt,730,347111,18738
rsa-3072,oaep-encrypt,731,347203,18744
rsa-3072,oaep-encrypt,732,347222,18744
rsa-3072,oaep-encrypt,733,347185,18743
rsa-3072,oaep-encrypt,734,346981,18733
rsa-3072,oaep-encrypt,735,347130,18740
rsa-3072,oaep-encrypt,736,347167,18741
rsa-3072,oaep-encrypt,737,347111,18739
rsa-3072,oaep-encrypt,738,356130,19228
rsa-3072,oaep-encrypt,739,349944,18890
rsa-3072,oaep-encrypt,740,347241,18745
rsa-3072,oaep-encrypt,741,347277,18749
rsa-3072,oaep-encrypt,742,347260,18746
rsa-3072,oaep-encrypt,743,347019,18733
rsa-3072,oaep-encrypt,744,347000,18733
rsa-3072,oaep-encrypt,745,347111,18739
rsa-3072,oaep-encrypt,746,347111,18738
rsa-3072,oaep-encrypt,747,347037,18735
rsa-3072,oaep-encrypt,748,347093,18739
rsa-3072,oaep-encrypt,749,356648,19255
rsa-3072,oaep-encrypt,750,348722,18826
rsa-3072,oaep-encrypt,751,347371,18754
rsa-3072,oaep-encrypt,752,347352,18751
rsa-3072,oaep-encrypt,753,347055,18736
rsa-3072,oaep-encrypt,754,347167,18742
rsa-3072,oaep-encrypt,755,347093,18738
rsa-3072,oaep-encrypt,756,347037,18735
rsa-3072,oaep-encrypt,757,346962,18730
rsa-3072,oaep-encrypt,758,347148,18741
rsa-3072,oaep-encrypt,759,347296,18749
rsa-3072,oaep-encrypt,760,347204,18745
rsa-3072,oaep-encrypt,761,356334,19238
rsa-3072,oaep-encrypt,762,348519,18815
rsa-3072,oaep-encrypt,763,347352,18752
rsa-3072,oaep-encrypt,764,347260,18748
rsa-3072,oaep-encrypt,765,346981,18733
rsa-3072,oaep-encrypt,766,347111,18738
rsa-3072,oaep-encrypt,767,347111,18739
rsa-3072,oaep-encrypt,768,347111,18738
rsa-3072,oaep-encrypt,769,347018,18735
rsa-3072,oaep-encrypt,770,347204,18744
rsa-3072,oaep-encrypt,771,347093,18737
rsa-3072,oaep-encrypt,772,355944,19217
rsa-3072,oaep-encrypt,773,348777,18828
rsa-3072,oaep-encrypt,774,347092,18737
rsa-3072,oaep-encrypt,775,346963,18732
rsa-3072,oaep-encrypt,776,347130,18740
rsa-3072,oaep-encrypt,777,347185,18742
rsa-3072,oaep-encrypt,778,347037,18735
rsa-3072,oaep-encrypt,779,347130,18740
rsa-3072,oaep-encrypt,780,347148,18742
rsa-3072,oaep-encrypt,781,347037,18735
rsa-3072,oaep-encrypt,782,347055,18736
rsa-3072,oaep-encrypt,783,356055,19223
rsa-3072,oaep-encrypt,784,348482,18813
rsa-3072,oaep-encrypt,785,347241,18747
rsa-3072,oaep-encrypt,786,347018,18735
rsa-3072,oaep-encrypt,787,347019,18734
rsa-3072,oaep-encrypt,788,347111,18738
rsa-3072,oaep-encrypt,789,347222,18745
rsa-3072,oaep-encrypt,790,347185,18744
rsa-3072,oaep-encrypt,791,347315,18749
rsa-3072,oaep-encrypt,792,347074,18737
rsa-3072,oaep-encrypt,793,347203,18745
rsa-3072,oaep-encrypt,794,347167,18743
rsa-3072,oaep-encrypt,795,362555,19571
rsa-3072,oaep-encrypt,796,349166,18850
rsa-3072,oaep-encrypt,797,347240,18746
rsa-3072,oaep-encrypt,798,347371,18752
rsa-3072,oaep-encrypt,799,347166,18742
rsa-3072,oaep-encrypt,800,347074,18736
rsa-3072,oaep-encrypt,801,346945,18730
rsa-3072,oaep-encrypt,802,347129,18739
rsa-3072,oaep-encrypt,803,347148,18741
rsa-3072,oaep-encrypt,804,347185,18743
rsa-3072,oaep-encrypt,805,347259,18748
rsa-3072,oaep-encrypt,806,356407,19242
rsa-3072,oaep-encrypt,807,348722,18826
rsa-3072,oaep-encrypt,808,347278,18748
rsa-3072,oaep-encrypt,809,346981,18731
rsa-3072,oaep-encrypt,810,347019,18733
rsa-3072,oaep-encrypt,811,347018,18734
rsa-3072,oaep-encrypt,812,347019,18733
rsa-3072,oaep-encrypt,813,347074,18736
rsa-3072,oaep-encrypt,814,347148,18740
rsa-3072,oaep-encrypt,815,347166,18742
rsa-3072,oaep-encrypt,816,346982,18731
rsa-3072,oaep-encrypt,817,356018,19220
rsa-3072,oaep-encrypt,818,349018,18842
rsa-3072,oaep-encrypt,819,347389,18754
rsa-3072,oaep-encrypt,820,347222,18745
rsa-3072,oaep-encrypt,821,347204,18744
rsa-3072,oaep-encrypt,822,347167,18742
rsa-3072,oaep-encrypt,823,347185,18744
rsa-3072,oaep-encrypt,824,347130,18740
rsa-3072,oaep-encrypt,825,347186,18742
rsa-3072,oaep-encrypt,826,347092,18738
rsa-3072,oaep-encrypt,827,347185,18744
rsa-3072,oaep-encrypt,828,347037,18735
rsa-3072,oaep-encrypt,829,356223,19231
rsa-3072,oaep-encrypt,830,348574,18818
rsa-3072,oaep-encrypt,831,346945,18729
rsa-3072,oaep-encrypt,832,347260,18747
rsa-3072,oaep-encrypt,833,347259,18746
rsa-3072,oaep-encrypt,834,347111,18739
rsa-3072,oaep-encrypt,835,347148,18742
rsa-3072,oaep-encrypt,836,346981,18732
rsa-3072,oaep-encrypt,837,347166,18741
rsa-3072,oaep-encrypt,838,347055,18737
rsa-3072,oaep-encrypt,839,346907,18729
rsa-3072,oaep-encrypt,840,356296,19235
rsa-3072,oaep-encrypt,841,348796,18829
rsa-3072,oaep-encrypt,842,347037,18735
rsa-3072,oaep-encrypt,843,346982,18731
rsa-3072,oaep-encrypt,844,349796,18882
rsa-3072,oaep-encrypt,845,347352,18751
rsa-3072,oaep-encrypt,846,347241,18745
rsa-3072,oaep-encrypt,847,347260,18748
rsa-3072,oaep-encrypt,848,347426,18756
rsa-3072,oaep-encrypt,849,347315,18749
rsa-3072,oaep-encrypt,850,347315,18750
rsa-3072,oaep-encrypt,851,347019,18733
rsa-3072,oaep-encrypt,852,357185,19282
rsa-3072,oaep-encrypt,853,347649,18768
rsa-3072,oaep-encrypt,854,347074,18737
rsa-3072,oaep-encrypt,855,347037,18734
rsa-3072,oaep-encrypt,856,347019,18735
rsa-3072,oaep-encrypt,857,347019,18735
rsa-3072,oaep-encrypt,858,347056,18736
rsa-3072,oaep-encrypt,859,347055,18737
rsa-3072,oaep-encrypt,860,347204,18743
rsa-3072,oaep-encrypt,861,347260,18747
rsa-3072,oaep-encrypt,862,347277,18747
rsa-3072,oaep-encrypt,863,356000,19219
rsa-3072,oaep-encrypt,864,348703,18824
rsa-3072,oaep-encrypt,865,347426,18756
rsa-3072,oaep-encrypt,866,347018,18734
rsa-3072,oaep-encrypt,867,347111,18738
rsa-3072,oaep-encrypt,868,347166,18742
rsa-3072,oaep-encrypt,869,347259,18747
rsa-3072,oaep-encrypt,870,347241,18745
rsa-3072,oaep-encrypt,871,347129,18740
rsa-3072,oaep-encrypt,872,347222,18744
rsa-3072,oaep-encrypt,873,347204,18743
rsa-3072,oaep-encrypt,874,355722,19204
rsa-3072,oaep-encrypt,875,348518,18816
rsa-3072,oaep-encrypt,876,347389,18754
rsa-3072,oaep-encrypt,877,347259,18747
rsa-3072,oaep-encrypt,878,347204,18743
rsa-3072,oaep-encrypt,879,347204,18743
rsa-3072,oaep-encrypt,880,347166,18742
rsa-3072,oaep-encrypt,881,347074,18737
rsa-3072,oaep-encrypt,882,346907,18728
rsa-3072,oaep-encrypt,883,347037,18736
rsa-3072,oaep-encrypt,884,347222,18745
rsa-3072,oaep-encrypt,885,347111,18739
rsa-3072,oaep-encrypt,886,356371,19239
rsa-3072,oaep-encrypt,887,348556,18817
rsa-3072,oaep-encrypt,888,347000,18733
rsa-3072,oaep-encrypt,889,347185,18743
rsa-3072,oaep-encrypt,890,347111,18739
rsa-3072,oaep-encrypt,891,347222,18745
rsa-3072,oaep-encrypt,892,346926,18730
rsa-3072,oaep-encrypt,893,347112,18739
rsa-3072,oaep-encrypt,894,347111,18738
rsa-3072,oaep-encrypt,895,347019,18733
rsa-3072,oaep-encrypt,896,347166,18743
rsa-3072,oaep-encrypt,897,356852,19264
rsa-3072,oaep-encrypt,898,348741,18827
rsa-3072,oaep-encrypt,899,347333,18751
rsa-3072,oaep-encrypt,900,347240,18746
rsa-3072,oaep-encrypt,901,347130,18740
rsa-3072,oaep-encrypt,902,347074,18736
rsa-3072,oaep-encrypt,903,347093,18739
rsa-3072,oaep-encrypt,904,347259,18748
rsa-3072,oaep-encrypt,905,347111,18740
rsa-3072,oaep-encrypt,906,347019,18735
rsa-3072,oaep-encrypt,907,347148,18741
rsa-3072,oaep-encrypt,908,356166,19229
rsa-3072,oaep-encrypt,909,348685,18823
rsa-3072,oaep-encrypt,910,347389,18754
rsa-3072,oaep-encrypt,911,347148,18740
rsa-3072,oaep-encrypt,912,347148,18741
rsa-3072,oaep-encrypt,913,347167,18743
rsa-3072,oaep-encrypt,914,346889,18727
rsa-3072,oaep-encrypt,915,347055,18737
rsa-3072,oaep-encrypt,916,347222,18746
rsa-3072,oaep-encrypt,917,346926,18728
rsa-3072,oaep-encrypt,918,347148,18741
rsa-3072,oaep-encrypt,919,347389,18754
rsa-3072,oaep-encrypt,920,356111,19226
rsa-3072,oaep-encrypt,921,348759,18828
rsa-3072,oaep-encrypt,922,347186,18743
rsa-3072,oaep-encrypt,923,347148,18740
rsa-3072,oaep-encrypt,924,347019,18733
rsa-3072,oaep-encrypt,925,347038,18735
rsa-3072,oaep-encrypt,926,347277,18748
rsa-3072,oaep-encrypt,927,347222,18744
rsa-3072,oaep-encrypt,928,347111,18740
rsa-3072,oaep-encrypt,929,347333,18751
rsa-3072,oaep-encrypt,930,347019,18735
rsa-3072,oaep-encrypt,931,356278,19234
rsa-3072,oaep-encrypt,932,348630,18822
rsa-3072,oaep-encrypt,933,347370,18753
rsa-3072,oaep-encrypt,934,347056,18736
rsa-3072,oaep-encrypt,935,347093,18737
rsa-3072,oaep-encrypt,936,347204,18743
rsa-3072,oaep-encrypt,937,347130,18740
rsa-3072,oaep-encrypt,938,347074,18737
rsa-3072,oaep-encrypt,939,347166,18742
rsa-3072,oaep-encrypt,940,347074,18737
rsa-3072,oaep-encrypt,941,347333,18751
rsa-3072,oaep-encrypt,942,347130,18740
rsa-3072,oaep-encrypt,943,349148,18850
rsa-3072,oaep-encrypt,944,347111,18739
rsa-3072,oaep-encrypt,945,347333,18750
rsa-3072,oaep-encrypt,946,346834,18725
rsa-3072,oaep-encrypt,947,346945,18730
rsa-3072,oaep-encrypt,948,347222,18744
rsa-3072,oaep-encrypt,949,349389,18860
rsa-3072,oaep-encrypt,950,347222,18745
rsa-3072,oaep-encrypt,951,347166,18741
rsa-3072,oaep-encrypt,952,347000,18733
rsa-3072,oaep-encrypt,953,347241,18746
rsa-3072,oaep-encrypt,954,356630,19254
rsa-3072,oaep-encrypt,955,348723,18826
rsa-3072,oaep-encrypt,956,347259,18747
rsa-3072,oaep-encrypt,957,347370,18752
rsa-3072,oaep-encrypt,958,347000,18733
rsa-3072,oaep-encrypt,959,347148,18741
rsa-3072,oaep-encrypt,960,347241,18746
rsa-3072,oaep-encrypt,961,346926,18729
rsa-3072,oaep-encrypt,962,347185,18744
rsa-3072,oaep-encrypt,963,347037,18736
rsa-3072,oaep-encrypt,964,347185,18744
rsa-3072,oaep-encrypt,965,356223,19232
rsa-3072,oaep-encrypt,966,348648,18822
rsa-3072,oaep-encrypt,967,347148,18740
rsa-3072,oaep-encrypt,968,346944,18731
rsa-3072,oaep-encrypt,969,347204,18744
rsa-3072,oaep-encrypt,970,347203,18744
rsa-3072,oaep-encrypt,971,347259,18748
rsa-3072,oaep-encrypt,972,347000,18733
rsa-3072,oaep-encrypt,973,347278,18749
rsa-3072,oaep-encrypt,974,347222,18744
rsa-3072,oaep-encrypt,975,346907,18728
rsa-3072,oaep-encrypt,976,346907,18728
rsa-3072,oaep-encrypt,977,355870,19212
rsa-3072,oaep-encrypt,978,348519,18815
rsa-3072,oaep-encrypt,979,347296,18750
rsa-3072,oaep-encrypt,980,347204,18744
rsa-3072,oaep-encrypt,981,347297,18748
rsa-3072,oaep-encrypt,982,347111,18740
rsa-3072,oaep-encrypt,983,347111,18739
rsa-3072,oaep-encrypt,984,347241,18746
rsa-3072,oaep-encrypt,985,347111,18738
rsa-3072,oaep-encrypt,986,347056,18736
rsa-3072,oaep-encrypt,987,347130,18741
rsa-3072,oaep-encrypt,988,356186,19229
rsa-3072,oaep-encrypt,989,348667,18822
rsa-3072,oaep-encrypt,990,347185,18742
rsa-3072,oaep-encrypt,991,347241,18747
rsa-3072,oaep-encrypt,992,347166,18742
rsa-3072,oaep-encrypt,993,347278,18749
rsa-3072,oaep-encrypt,994,347074,18736
rsa-3072,oaep-encrypt,995,347204,18745
rsa-3072,oaep-encrypt,996,346759,18719
rsa-3072,oaep-encrypt,997,347296,18750
rsa-3072,oaep-encrypt,998,347056,18736
rsa-3072,oaep-encrypt,999,356111,19225
rsa-3072,oaep-decrypt,0,18281667,987202
rsa-3072,oaep-decrypt,1,18265482,986329
rsa-3072,oaep-decrypt,2,18259407,986001
rsa-3072,oaep-decrypt,3,18264444,986274
rsa-3072,oaep-decrypt,4,18259259,985994
rsa-3072,oaep-decrypt,5,18264519,986278
rsa-3072,oaep-decrypt,6,18277963,987003
rsa-3072,oaep-decrypt,7,18259445,986005
rsa-3072,oaep-decrypt,8,18265667,986341
rsa-3072,oaep-decrypt,9,18258556,985957
rsa-3072,oaep-decrypt,10,18265074,986308
rsa-3072,oaep-decrypt,11,18258796,985969
rsa-3072,oaep-decrypt,12,18265463,986330
rsa-3072,oaep-decrypt,13,18281611,987200
rsa-3072,oaep-decrypt,14,18266888,986407
rsa-3072,oaep-decrypt,15,18283037,987278
rsa-3072,oaep-decrypt,16,18356944,991266
rsa-3072,oaep-decrypt,17,18269611,986553
rsa-3072,oaep-decrypt,18,18262704,986180
rsa-3072,oaep-decrypt,19,18268463,986491
rsa-3072,oaep-decrypt,20,21680833,1170757
rsa-3072,oaep-decrypt,21,18269055,986523
rsa-3072,oaep-decrypt,22,18270334,986592
rsa-3072,oaep-decrypt,23,18260722,986074
rsa-3072,oaep-decrypt,24,18276260,986912
rsa-3072,oaep-decrypt,25,18274371,986811
rsa-3072,oaep-decrypt,26,18275240,986856
rsa-3072,oaep-decrypt,27,18260704,986071
rsa-3072,oaep-decrypt,28,18266481,986383
rsa-3072,oaep-decrypt,29,18292129,987769
rsa-3072,oaep-decrypt,30,18267093,986417
rsa-3072,oaep-decrypt,31,18268686,986504
rsa-3072,oaep-decrypt,32,18259130,985987
rsa-3072,oaep-decrypt,33,18276574,986928
rsa-3072,oaep-decrypt,34,18276981,986950
rsa-3072,oaep-decrypt,35,18264426,986273
rsa-3072,oaep-decrypt,36,18266908,986408
rsa-3072,oaep-decrypt,37,18258556,985956
rsa-3072,oaep-decrypt,38,18264129,986258
rsa-3072,oaep-decrypt,39,18258797,985970
rsa-3072,oaep-decrypt,40,18282111,987227
rsa-3072,oaep-decrypt,41,18263704,986235
rsa-3072,oaep-decrypt,42,18280407,987137
rsa-3072,oaep-decrypt,43,18259278,985995
rsa-3072,oaep-decrypt,44,18277685,986990
rsa-3072,oaep-decrypt,45,18276797,986942
rsa-3072,oaep-decrypt,46,18266833,986403
rsa-3072,oaep-decrypt,47,18278519,987032
rsa-3072,oaep-decrypt,48,18263722,986236
rsa-3072,oaep-decrypt,49,18272055,986686
rsa-3072,oaep-decrypt,50,18338445,990265
rsa-3072,oaep-decrypt,51,18281352,987185
rsa-3072,oaep-decrypt,52,21636074,1168341
rsa-3072,oaep-decrypt,53,18287611,987524
rsa-3072,oaep-decrypt,54,18271407,986650
rsa-3072,oaep-decrypt,55,18266111,986363
rsa-3072,oaep-decrypt,56,18268018,986466
rsa-3072,oaep-decrypt,57,18259519,986008
rsa-3072,oaep-decrypt,58,18272037,986685
rsa-3072,oaep-decrypt,59,18270130,986580
rsa-3072,oaep-decrypt,60,18275833,986888
rsa-3072,oaep-decrypt,61,18272797,986726
rsa-3072,oaep-decrypt,62,18264129,986257
rsa-3072,oaep-decrypt,63,18265555,986335
rsa-3072,oaep-decrypt,64,18258500,985954
rsa-3072,oaep-decrypt,65,18270760,986615
rsa-3072,oaep-decrypt,66,18258685,985964
rsa-3072,oaep-decrypt,67,18675018,1008443
rsa-3072,oaep-decrypt,68,18269148,986528
rsa-3072,oaep-decrypt,69,18259204,985991
rsa-3072,oaep-decrypt,70,18372500,992106
rsa-3072,oaep-decrypt,71,18261629,986123
rsa-3072,oaep-decrypt,72,18277296,986968
rsa-3072,oaep-decrypt,73,18276315,986915
rsa-3072,oaep-decrypt,74,18267593,986443
rsa-3072,oaep-decrypt,75,18265130,986311
rsa-3072,oaep-decrypt,76,18258574,985958
rsa-3072,oaep-decrypt,77,18265092,986308
rsa-3072,oaep-decrypt,78,18258741,985966
rsa-3072,oaep-decrypt,79,18293481,987843
rsa-3072,oaep-decrypt,80,18272408,986702
rsa-3072,oaep-decrypt,81,18260352,986054
rsa-3072,oaep-decrypt,82,18265556,986334
rsa-3072,oaep-decrypt,83,18284723,987367
rsa-3072,oaep-decrypt,84,21657204,1169483
rsa-3072,oaep-decrypt,85,18259852,986027
rsa-3072,oaep-decrypt,86,18265241,986316
rsa-3072,oaep-decrypt,87,18264852,986293
rsa-3072,oaep-decrypt,88,18272407,986704
rsa-3072,oaep-decrypt,89,18262574,986174
rsa-3072,oaep-decrypt,90,18264611,986284
rsa-3072,oaep-decrypt,91,18271518,986657
rsa-3072,oaep-decrypt,92,18263111,986201
rsa-3072,oaep-decrypt,93,18268962,986518
rsa-3072,oaep-decrypt,94,18269037,986520
rsa-3072,oaep-decrypt,95,18269278,986536
rsa-3072,oaep-decrypt,96,18263260,986209
rsa-3072,oaep-decrypt,97,18269814,986563
rsa-3072,oaep-decrypt,98,18276944,986948
rsa-3072,oaep-decrypt,99,18279759,987102
rsa-3072,oaep-decrypt,100,18264944,986301
rsa-3072,oaep-decrypt,101,18263796,986237
rsa-3072,oaep-decrypt,102,18264926,986299
rsa-3072,oaep-decrypt,103,18258593,985958
rsa-3072,oaep-decrypt,104,18264963,986302
rsa-3072,oaep-decrypt,105,18284222,987341
rsa-3072,oaep-decrypt,106,18282019,987224
rsa-3072,oaep-decrypt,107,18282556,987250
rsa-3072,oaep-decrypt,108,18259426,986004
rsa-3072,oaep-decrypt,109,18272167,986692
rsa-3072,oaep-decrypt,110,18262203,986152
rsa-3072,oaep-decrypt,111,18272371,986703
rsa-3072,oaep-decrypt,112,18270815,986619
rsa-3072,oaep-decrypt,113,18262648,986177
rsa-3072,oaep-decrypt,114,18394037,993248
rsa-3072,oaep-decrypt,115,18266555,986387
rsa-3072,oaep-decrypt,116,21636537,1168367
rsa-3072,oaep-decrypt,117,18273426,986758
rsa-3072,oaep-decrypt,118,18288574,987577
rsa-3072,oaep-decrypt,119,18277944,987004
rsa-3072,oaep-decrypt,120,18278130,987013
rsa-3072,oaep-decrypt,121,18296314,987993
rsa-3072,oaep-decrypt,122,18264500,986276
rsa-3072,oaep-decrypt,123,18264648,986284
rsa-3072,oaep-decrypt,124,18264537,986279
rsa-3072,oaep-decrypt,125,18366167,991758
rsa-3072,oaep-decrypt,126,18271315,986644
rsa-3072,oaep-decrypt,127,18286278,987453
rsa-3072,oaep-decrypt,128,18275777,986884
rsa-3072,oaep-decrypt,129,18267592,986444
rsa-3072,oaep-decrypt,130,18268445,986491
rsa-3072,oaep-decrypt,131,18259592,986012
rsa-3072,oaep-decrypt,132,18265926,986353
rsa-3072,oaep-decrypt,133,18276426,986905
rsa-3072,oaep-decrypt,134,18308111,988598
rsa-3072,oaep-decrypt,135,18271593,986660
rsa-3072,oaep-decrypt,136,18279537,987090
rsa-3072,oaep-decrypt,137,18304574,988440
rsa-3072,oaep-decrypt,138,18261333,986107
rsa-3072,oaep-decrypt,139,18264537,986278
rsa-3072,oaep-decrypt,140,18259815,986024
rsa-3072,oaep-decrypt,141,18276593,986929
rsa-3072,oaep-decrypt,142,18278296,987022
rsa-3072,oaep-decrypt,143,18265463,986330
rsa-3072,oaep-decrypt,144,18280352,987131
rsa-3072,oaep-decrypt,145,18270556,986603
rsa-3072,oaep-decrypt,146,18269667,986557
rsa-3072,oaep-decrypt,147,18259130,985988
rsa-3072,oaep-decrypt,148,21707241,1172184
rsa-3072,oaep-decrypt,149,18262019,986143
rsa-3072,oaep-decrypt,150,18266741,986399
rsa-3072,oaep-decrypt,151,18272371,986700
rsa-3072,oaep-decrypt,152,18260352,986054
rsa-3072,oaep-decrypt,153,18275296,986860
rsa-3072,oaep-decrypt,154,18262908,986192
rsa-3072,oaep-decrypt,155,18271592,986659
rsa-3072,oaep-decrypt,156,18281204,987180
rsa-3072,oaep-decrypt,157,18287111,987499
rsa-3072,oaep-decrypt,158,18282352,987242
rsa-3072,oaep-decrypt,159,18263037,986198
rsa-3072,oaep-decrypt,160,18268611,986500
rsa-3072,oaep-decrypt,161,18267333,986428
rsa-3072,oaep-decrypt,162,18268445,986490
rsa-3072,oaep-decrypt,163,18258889,985975
rsa-3072,oaep-decrypt,164,18271167,986637
rsa-3072,oaep-decrypt,165,18262796,986185
rsa-3072,oaep-decrypt,166,18268630,986498
rsa-3072,oaep-decrypt,167,18269685,986557
rsa-3072,oaep-decrypt,168,18269704,986556
rsa-3072,oaep-decrypt,169,18268315,986483
rsa-3072,oaep-decrypt,170,18259889,986028
rsa-3072,oaep-decrypt,171,18271166,986636
rsa-3072,oaep-decrypt,172,18262981,986194
rsa-3072,oaep-decrypt,173,18268908,986514
rsa-3072,oaep-decrypt,174,18271333,986647
rsa-3072,oaep-decrypt,175,18289167,987606
rsa-3072,oaep-decrypt,176,18276333,986917
rsa-3072,oaep-decrypt,177,18263871,986243
rsa-3072,oaep-decrypt,178,18273186,986747
rsa-3072,oaep-decrypt,179,18364944,991699
rsa-3072,oaep-decrypt,180,21617333,1167330
rsa-3072,oaep-decrypt,181,18260055,986037
rsa-3072,oaep-decrypt,182,18271148,986635
rsa-3072,oaep-decrypt,183,18267815,986457
rsa-3072,oaep-decrypt,184,18277334,986970
rsa-3072,oaep-decrypt,185,18289037,987601
rsa-3072,oaep-decrypt,186,18273092,986741
rsa-3072,oaep-decrypt,187,18265296,986320
rsa-3072,oaep-decrypt,188,18272889,986727
rsa-3072,oaep-decrypt,189,18269334,986537
rsa-3072,oaep-decrypt,190,18271204,986639
rsa-3072,oaep-decrypt,191,18261870,986135
rsa-3072,oaep-decrypt,192,18265574,986336
rsa-3072,oaep-decrypt,193,18258519,985955
rsa-3072,oaep-decrypt,194,18265556,986333
rsa-3072,oaep-decrypt,195,18264222,986260
rsa-3072,oaep-decrypt,196,18271722,986667
rsa-3072,oaep-decrypt,197,18273852,986781
rsa-3072,oaep-decrypt,198,18258852,985972
rsa-3072,oaep-decrypt,199,18264371,986270
rsa-3072,oaep-decrypt,200,18258555,985957
rsa-3072,oaep-decrypt,201,18264370,986271
rsa-3072,oaep-decrypt,202,18264222,986261
rsa-3072,oaep-decrypt,203,18264907,986298
rsa-3072,oaep-decrypt,204,18266814,985960
rsa-3072,oaep-decrypt,205,18260130,986042
rsa-3072,oaep-decrypt,206,18265037,986307
rsa-3072,oaep-decrypt,207,18270351,986593
rsa-3072,oaep-decrypt,208,18264537,986279
rsa-3072,oaep-decrypt,209,18270575,986603
rsa-3072,oaep-decrypt,210,18268796,986509
rsa-3072,oaep-decrypt,211,18258685,985964
rsa-3072,oaep-decrypt,212,21619945,1167470
rsa-3072,oaep-decrypt,213,18262167,986152
rsa-3072,oaep-decrypt,214,18264723,986289
rsa-3072,oaep-decrypt,215,18272519,986708
rsa-3072,oaep-decrypt,216,18259055,985982
rsa-3072,oaep-decrypt,217,18271333,986646
rsa-3072,oaep-decrypt,218,18262371,986162
rsa-3072,oaep-decrypt,219,18277592,986985
rsa-3072,oaep-decrypt,220,18263333,986214
rsa-3072,oaep-decrypt,221,18277389,986973
rsa-3072,oaep-decrypt,222,18306593,988542
rsa-3072,oaep-decrypt,223,18268037,986469
rsa-3072,oaep-decrypt,224,18268759,986506
rsa-3072,oaep-decrypt,225,18259574,986012
rsa-3072,oaep-decrypt,226,18276259,986911
rsa-3072,oaep-decrypt,227,18274074,986795
rsa-3072,oaep-decrypt,228,18268723,986505
rsa-3072,oaep-decrypt,229,18276685,986934
rsa-3072,oaep-decrypt,230,18262833,986187
rsa-3072,oaep-decrypt,231,18269574,986551
rsa-3072,oaep-decrypt,232,18262703,986180
rsa-3072,oaep-decrypt,233,18376871,992342
rsa-3072,oaep-decrypt,234,18270445,986598
rsa-3072,oaep-decrypt,235,18270611,986608
rsa-3072,oaep-decrypt,236,18274389,986809
rsa-3072,oaep-decrypt,237,18259815,986024
rsa-3072,oaep-decrypt,238,18265500,986331
rsa-3072,oaep-decrypt,239,18259185,985991
rsa-3072,oaep-decrypt,240,18266593,986390
rsa-3072,oaep-decrypt,241,18258648,985961
rsa-3072,oaep-decrypt,242,18270371,986591
rsa-3072,oaep-decrypt,243,18268278,986481
rsa-3072,oaep-decrypt,244,21676463,1170523
rsa-3072,oaep-decrypt,245,18268667,986501
rsa-3072,oaep-decrypt,246,18267056,986416
rsa-3072,oaep-decrypt,247,18273185,986745
rsa-3072,oaep-decrypt,248,18268666,986502
rsa-3072,oaep-decrypt,249,18272444,986705
rsa-3072,oaep-decrypt,250,18259407,986003
rsa-3072,oaep-decrypt,251,18276704,986935
rsa-3072,oaep-decrypt,252,18267445,986437
rsa-3072,oaep-decrypt,253,18267963,986464
rsa-3072,oaep-decrypt,254,18274648,986824
rsa-3072,oaep-decrypt,255,18263685,986233
rsa-3072,oaep-decrypt,256,18270666,986609
rsa-3072,oaep-decrypt,257,18261092,986094
rsa-3072,oaep-decrypt,258,18264685,986288
rsa-3072,oaep-decrypt,259,18259500,986007
rsa-3072,oaep-decrypt,260,18264723,986289
rsa-3072,oaep-decrypt,261,18265685,986341
rsa-3072,oaep-decrypt,262,18258926,985977
rsa-3072,oaep-decrypt,263,18270814,986617
rsa-3072,oaep-decrypt,264,18259167,985988
rsa-3072,oaep-decrypt,265,18265389,986324
rsa-3072,oaep-decrypt,266,18268629,986500
rsa-3072,oaep-decrypt,267,18272611,986715
rsa-3072,oaep-decrypt,268,18288593,987579
rsa-3072,oaep-decrypt,269,18285945,987433
rsa-3072,oaep-decrypt,270,18266167,986368
rsa-3072,oaep-decrypt,271,18258982,985979
rsa-3072,oaep-decrypt,272,18265019,986305
rsa-3072,oaep-decrypt,273,18259888,986028
rsa-3072,oaep-decrypt,274,18272444,986707
rsa-3072,oaep-decrypt,275,18275055,986848
rsa-3072,oaep-decrypt,276,21612629,1167075
rsa-3072,oaep-decrypt,277,18281093,987174
rsa-3072,oaep-decrypt,278,18262852,986187
rsa-3072,oaep-decrypt,279,18268593,986499
rsa-3072,oaep-decrypt,280,18261407,986110
rsa-3072,oaep-decrypt,281,18270185,986585
rsa-3072,oaep-decrypt,282,18278704,987044
rsa-3072,oaep-decrypt,283,18269871,986566
rsa-3072,oaep-decrypt,284,18266278,986373
rsa-3072,oaep-decrypt,285,18264685,986286
rsa-3072,oaep-decrypt,286,18268408,986487
rsa-3072,oaep-decrypt,287,18271778,986670
rsa-3072,oaep-decrypt,288,18369056,991920
rsa-3072,oaep-decrypt,289,18264149,986257
rsa-3072,oaep-decrypt,290,18275963,986894
rsa-3072,oaep-decrypt,291,18284259,987345
rsa-3072,oaep-decrypt,292,18260426,986058
rsa-3072,oaep-decrypt,293,18264704,986289
rsa-3072,oaep-decrypt,294,18258722,985966
rsa-3072,oaep-decrypt,295,18271111,986634
rsa-3072,oaep-decrypt,296,18272871,986728
rsa-3072,oaep-decrypt,297,18265777,986346
rsa-3072,oaep-decrypt,298,18263833,986241
rsa-3072,oaep-decrypt,299,18276759,986939
rsa-3072,oaep-decrypt,300,18291945,987758
rsa-3072,oaep-decrypt,301,18268259,986480
rsa-3072,oaep-decrypt,302,18281833,987212
rsa-3072,oaep-decrypt,303,18265500,986330
rsa-3072,oaep-decrypt,304,18265074,986308
rsa-3072,oaep-decrypt,305,18258685,985962
rsa-3072,oaep-decrypt,306,18267111,986418
rsa-3072,oaep-decrypt,307,18264889,986298
rsa-3072,oaep-decrypt,308,21667667,1170048
rsa-3072,oaep-decrypt,309,18265352,986322
rsa-3072,oaep-decrypt,310,18279371,987079
rsa-3072,oaep-decrypt,311,18264852,986295
rsa-3072,oaep-decrypt,312,18259685,986018
rsa-3072,oaep-decrypt,313,18264389,986271
rsa-3072,oaep-decrypt,314,18259500,986007
rsa-3072,oaep-decrypt,315,18264148,986258
rsa-3072,oaep-decrypt,316,18272297,986696
rsa-3072,oaep-decrypt,317,18259370,985999
rsa-3072,oaep-decrypt,318,18277111,986958
rsa-3072,oaep-decrypt,319,18273648,986771
rsa-3072,oaep-decrypt,320,18268555,986497
rsa-3072,oaep-decrypt,321,18258593,985958
rsa-3072,oaep-decrypt,322,18264481,986277
rsa-3072,oaep-decrypt,323,18272019,986681
rsa-3072,oaep-decrypt,324,18258592,985959
rsa-3072,oaep-decrypt,325,18264796,986292
rsa-3072,oaep-decrypt,326,18258759,985967
rsa-3072,oaep-decrypt,327,18265722,986344
rsa-3072,oaep-decrypt,328,18277092,986957
rsa-3072,oaep-decrypt,329,18265000,986304
rsa-3072,oaep-decrypt,330,18272926,986731
rsa-3072,oaep-decrypt,331,18271630,986662
rsa-3072,oaep-decrypt,332,18265981,986358
rsa-3072,oaep-decrypt,333,18258704,985965
rsa-3072,oaep-decrypt,334,18266000,986358
rsa-3072,oaep-decrypt,335,18269574,986552
rsa-3072,oaep-decrypt,336,18269481,986545
rsa-3072,oaep-decrypt,337,18275352,986862
rsa-3072,oaep-decrypt,338,18271907,986677
rsa-3072,oaep-decrypt,339,18287685,987530
rsa-3072,oaep-decrypt,340,21629944,1168011
rsa-3072,oaep-decrypt,341,18275630,986877
rsa-3072,oaep-decrypt,342,18352944,991049
rsa-3072,oaep-decrypt,343,18285426,987406
rsa-3072,oaep-decrypt,344,18278371,987026
rsa-3072,oaep-decrypt,345,18270278,986588
rsa-3072,oaep-decrypt,346,18268778,986508
rsa-3072,oaep-decrypt,347,18260203,986045
rsa-3072,oaep-decrypt,348,18265352,986323
rsa-3072,oaep-decrypt,349,18258926,985975
rsa-3072,oaep-decrypt,350,18276111,986902
rsa-3072,oaep-decrypt,351,18283500,987303
rsa-3072,oaep-decrypt,352,18265426,986328
rsa-3072,oaep-decrypt,353,18259129,985987
rsa-3072,oaep-decrypt,354,18288056,987548
rsa-3072,oaep-decrypt,355,18265759,986345
rsa-3072,oaep-decrypt,356,18286611,987470
rsa-3072,oaep-decrypt,357,18275000,986842
rsa-3072,oaep-decrypt,358,18260334,986052
rsa-3072,oaep-decrypt,359,18264666,986287
rsa-3072,oaep-decrypt,360,18259092,985985
rsa-3072,oaep-decrypt,361,18277074,986955
rsa-3072,oaep-decrypt,362,18279037,987063
rsa-3072,oaep-decrypt,363,18258851,985973
rsa-3072,oaep-decrypt,364,18272722,986719
rsa-3072,oaep-decrypt,365,18272797,986725
rsa-3072,oaep-decrypt,366,18272537,986711
rsa-3072,oaep-decrypt,367,18279204,987070
rsa-3072,oaep-decrypt,368,18265982,986357
rsa-3072,oaep-decrypt,369,18272722,986721
rsa-3072,oaep-decrypt,370,18270833,986619
rsa-3072,oaep-decrypt,371,18275574,986873
rsa-3072,oaep-decrypt,372,21627537,1167880
rsa-3072,oaep-decrypt,373,18269148,986529
rsa-3072,oaep-decrypt,374,18259149,985987
rsa-3072,oaep-decrypt,375,18266092,986364
rsa-3072,oaep-decrypt,376,18278278,987022
rsa-3072,oaep-decrypt,377,18276722,986934
rsa-3072,oaep-decrypt,378,18267870,986459
rsa-3072,oaep-decrypt,379,18267259,986425
rsa-3072,oaep-decrypt,380,18269389,986541
rsa-3072,oaep-decrypt,381,18278796,987050
rsa-3072,oaep-decrypt,382,18269722,986560
rsa-3072,oaep-decrypt,383,18262777,986184
rsa-3072,oaep-decrypt,384,18271333,986643
rsa-3072,oaep-decrypt,385,18266667,986395
rsa-3072,oaep-decrypt,386,18341667,990442
rsa-3072,oaep-decrypt,387,18302333,988310
rsa-3072,oaep-decrypt,388,18260611,986067
rsa-3072,oaep-decrypt,389,18265111,986311
rsa-3072,oaep-decrypt,390,18260056,986038
rsa-3072,oaep-decrypt,391,18271815,986669
rsa-3072,oaep-decrypt,392,18266149,986365
rsa-3072,oaep-decrypt,393,18259685,986018
rsa-3072,oaep-decrypt,394,18280889,987163
rsa-3072,oaep-decrypt,395,18261056,986091
rsa-3072,oaep-decrypt,396,18284852,987376
rsa-3072,oaep-decrypt,397,18361204,991490
rsa-3072,oaep-decrypt,398,18278297,987021
rsa-3072,oaep-decrypt,399,18290667,987690
rsa-3072,oaep-decrypt,400,18281778,987211
rsa-3072,oaep-decrypt,401,18274815,986835
rsa-3072,oaep-decrypt,402,18262778,986184
rsa-3072,oaep-decrypt,403,18268574,986498
rsa-3072,oaep-decrypt,404,21661185,1169696
rsa-3072,oaep-decrypt,405,18265648,986339
rsa-3072,oaep-decrypt,406,18264111,986257
rsa-3072,oaep-decrypt,407,18264944,986301
rsa-3072,oaep-decrypt,408,18301871,988293
rsa-3072,oaep-decrypt,409,18263334,986214
rsa-3072,oaep-decrypt,410,18275630,986878
rsa-3072,oaep-decrypt,411,18269186,986528
rsa-3072,oaep-decrypt,412,18275500,986870
rsa-3072,oaep-decrypt,413,18265092,986309
rsa-3072,oaep-decrypt,414,18264629,986284
rsa-3072,oaep-decrypt,415,18270296,986590
rsa-3072,oaep-decrypt,416,18283370,987297
rsa-3072,oaep-decrypt,417,18287556,987523
rsa-3072,oaep-decrypt,418,18268611,986498
rsa-3072,oaep-decrypt,419,18270000,986574
rsa-3072,oaep-decrypt,420,18263000,986196
rsa-3072,oaep-decrypt,421,18269352,986539
rsa-3072,oaep-decrypt,422,18259111,985986
rsa-3072,oaep-decrypt,423,18265463,986328
rsa-3072,oaep-decrypt,424,18271278,986641
rsa-3072,oaep-decrypt,425,18259241,985994
rsa-3072,oaep-decrypt,426,18264815,986294
rsa-3072,oaep-decrypt,427,18267760,986453
rsa-3072,oaep-decrypt,428,18287926,987542
rsa-3072,oaep-decrypt,429,18276555,986929
rsa-3072,oaep-decrypt,430,18265704,986343
rsa-3072,oaep-decrypt,431,18279352,987077
rsa-3072,oaep-decrypt,432,18264093,986255
rsa-3072,oaep-decrypt,433,18268833,986511
rsa-3072,oaep-decrypt,434,18263518,986225
rsa-3072,oaep-decrypt,435,18265482,986330
rsa-3072,oaep-decrypt,436,21607870,1166819
rsa-3072,oaep-decrypt,437,18265648,986339
rsa-3072,oaep-decrypt,438,18277037,986953
rsa-3072,oaep-decrypt,439,18264759,986290
rsa-3072,oaep-decrypt,440,18277111,986958
rsa-3072,oaep-decrypt,441,18280740,987153
rsa-3072,oaep-decrypt,442,18287074,987496
rsa-3072,oaep-decrypt,443,18266426,986380
rsa-3072,oaep-decrypt,444,18266037,986360
rsa-3072,oaep-decrypt,445,18304871,988456
rsa-3072,oaep-decrypt,446,18287000,987492
rsa-3072,oaep-decrypt,447,18271241,986641
rsa-3072,oaep-decrypt,448,18263038,986198
rsa-3072,oaep-decrypt,449,18268556,986497
rsa-3072,oaep-decrypt,450,18263463,986222
rsa-3072,oaep-decrypt,451,18367519,991837
rsa-3072,oaep-decrypt,452,18260074,986038
rsa-3072,oaep-decrypt,453,18265444,986329
rsa-3072,oaep-decrypt,454,18300166,988202
rsa-3072,oaep-decrypt,455,18273685,986772
rsa-3072,oaep-decrypt,456,18280074,987118
rsa-3072,oaep-decrypt,457,18258556,985956
rsa-3072,oaep-decrypt,458,18270723,986610
rsa-3072,oaep-decrypt,459,18258722,985966
rsa-3072,oaep-decrypt,460,18264778,986291
rsa-3072,oaep-decrypt,461,18271518,986655
rsa-3072,oaep-decrypt,462,18258796,985970
rsa-3072,oaep-decrypt,463,18265315,986321
rsa-3072,oaep-decrypt,464,18258592,985959
rsa-3072,oaep-decrypt,465,18270074,986577
rsa-3072,oaep-decrypt,466,18262944,986194
rsa-3072,oaep-decrypt,467,18285204,987396
rsa-3072,oaep-decrypt,468,21688537,1171175
rsa-3072,oaep-decrypt,469,18288167,987555
rsa-3072,oaep-decrypt,470,18262778,986185
rsa-3072,oaep-decrypt,471,18281722,987207
rsa-3072,oaep-decrypt,472,18285963,987434
rsa-3072,oaep-decrypt,473,18265093,986309
rsa-3072,oaep-decrypt,474,18268963,986519
rsa-3072,oaep-decrypt,475,18263630,986230
rsa-3072,oaep-decrypt,476,18268962,986519
rsa-3072,oaep-decrypt,477,18259222,985992
rsa-3072,oaep-decrypt,478,18270556,986602
rsa-3072,oaep-decrypt,479,18265519,986332
rsa-3072,oaep-decrypt,480,18278278,987021
rsa-3072,oaep-decrypt,481,18281019,987169
rsa-3072,oaep-decrypt,482,18267315,986430
rsa-3072,oaep-decrypt,483,18265148,986312
rsa-3072,oaep-decrypt,484,18268704,986504
rsa-3072,oaep-decrypt,485,18274593,986820
rsa-3072,oaep-decrypt,486,18272130,986688
rsa-3072,oaep-decrypt,487,18262296,986157
rsa-3072,oaep-decrypt,488,18277037,986953
rsa-3072,oaep-decrypt,489,18278500,987033
rsa-3072,oaep-decrypt,490,18266277,986373
rsa-3072,oaep-decrypt,491,18259000,985979
rsa-3072,oaep-decrypt,492,18270629,986606
rsa-3072,oaep-decrypt,493,18267000,986412
rsa-3072,oaep-decrypt,494,18259148,985989
rsa-3072,oaep-decrypt,495,18266315,986374
rsa-3072,oaep-decrypt,496,18281093,987173
rsa-3072,oaep-decrypt,497,18278963,987058
rsa-3072,oaep-decrypt,498,18263037,986197
rsa-3072,oaep-decrypt,499,18274666,986824
rsa-3072,oaep-decrypt,500,21652463,1169227
rsa-3072,oaep-decrypt,501,18269408,986543
rsa-3072,oaep-decrypt,502,18267981,986465
rsa-3072,oaep-decrypt,503,18266092,986364
rsa-3072,oaep-decrypt,504,18270500,986602
rsa-3072,oaep-decrypt,505,18347723,990768
rsa-3072,oaep-decrypt,506,18273704,986774
rsa-3072,oaep-decrypt,507,18265444,986329
rsa-3072,oaep-decrypt,508,18285852,987429
rsa-3072,oaep-decrypt,509,18267037,986414
rsa-3072,oaep-decrypt,510,18258797,985969
rsa-3072,oaep-decrypt,511,18265129,986311
rsa-3072,oaep-decrypt,512,18270260,986586
rsa-3072,oaep-decrypt,513,18271685,986664
rsa-3072,oaep-decrypt,514,18263648,986231
rsa-3072,oaep-decrypt,515,18264852,986296
rsa-3072,oaep-decrypt,516,18270963,986627
rsa-3072,oaep-decrypt,517,18269555,986551
rsa-3072,oaep-decrypt,518,18291963,987760
rsa-3072,oaep-decrypt,519,18276000,986897
rsa-3072,oaep-decrypt,520,18265537,986332
rsa-3072,oaep-decrypt,521,18258407,985948
rsa-3072,oaep-decrypt,522,18273426,986760
rsa-3072,oaep-decrypt,523,18264148,986258
rsa-3072,oaep-decrypt,524,18268278,986481
rsa-3072,oaep-decrypt,525,18265074,986309
rsa-3072,oaep-decrypt,526,18264148,986257
rsa-3072,oaep-decrypt,527,18265315,986320
rsa-3072,oaep-decrypt,528,18259166,985989
rsa-3072,oaep-decrypt,529,18265371,986324
rsa-3072,oaep-decrypt,530,18259445,986005
rsa-3072,oaep-decrypt,531,18265982,986357
rsa-3072,oaep-decrypt,532,21614370,1167168
rsa-3072,oaep-decrypt,533,18266481,986384
rsa-3072,oaep-decrypt,534,18271648,986663
rsa-3072,oaep-decrypt,535,18258889,985974
rsa-3072,oaep-decrypt,536,18281000,987168
rsa-3072,oaep-decrypt,537,18260630,986069
rsa-3072,oaep-decrypt,538,18265056,986307
rsa-3072,oaep-decrypt,539,18264297,986263
rsa-3072,oaep-decrypt,540,18283796,987320
rsa-3072,oaep-decrypt,541,18278092,987012
rsa-3072,oaep-decrypt,542,18263167,986206
rsa-3072,oaep-decrypt,543,18285778,987426
rsa-3072,oaep-decrypt,544,18267703,986451
rsa-3072,oaep-decrypt,545,18286074,987443
rsa-3072,oaep-decrypt,546,18268296,986480
rsa-3072,oaep-decrypt,547,18265611,986337
rsa-3072,oaep-decrypt,548,18272130,986690
rsa-3072,oaep-decrypt,549,18263426,986218
rsa-3072,oaep-decrypt,550,18265444,986329
rsa-3072,oaep-decrypt,551,18269611,986553
rsa-3072,oaep-decrypt,552,18280926,987164
rsa-3072,oaep-decrypt,553,18264982,986302
rsa-3072,oaep-decrypt,554,18289018,987602
rsa-3072,oaep-decrypt,555,18266667,986394
rsa-3072,oaep-decrypt,556,18258981,985979
rsa-3072,oaep-decrypt,557,18270593,986607
rsa-3072,oaep-decrypt,558,18262685,986179
rsa-3072,oaep-decrypt,559,18280797,987156
rsa-3072,oaep-decrypt,560,18343760,990553
rsa-3072,oaep-decrypt,561,18266908,986407
rsa-3072,oaep-decrypt,562,18267056,986416
rsa-3072,oaep-decrypt,563,18259945,986032
rsa-3072,oaep-decrypt,564,21686518,1171065
rsa-3072,oaep-decrypt,565,18259889,986028
rsa-3072,oaep-decrypt,566,18271870,986673
rsa-3072,oaep-decrypt,567,18259204,985991
rsa-3072,oaep-decrypt,568,18266019,986360
rsa-3072,oaep-decrypt,569,18259129,985988
rsa-3072,oaep-decrypt,570,18265055,986307
rsa-3072,oaep-decrypt,571,18258945,985976
rsa-3072,oaep-decrypt,572,18265481,986331
rsa-3072,oaep-decrypt,573,18275371,986863
rsa-3072,oaep-decrypt,574,18258777,985969
rsa-3072,oaep-decrypt,575,18271537,986657
rsa-3072,oaep-decrypt,576,18263018,986197
rsa-3072,oaep-decrypt,577,18264963,986302
rsa-3072,oaep-decrypt,578,18259444,986005
rsa-3072,oaep-decrypt,579,18290926,987705
rsa-3072,oaep-decrypt,580,18289834,987643
rsa-3072,oaep-decrypt,581,18262926,986192
rsa-3072,oaep-decrypt,582,18288611,987579
rsa-3072,oaep-decrypt,583,18276074,986902
rsa-3072,oaep-decrypt,584,18286482,987464
rsa-3072,oaep-decrypt,585,18263241,986209
rsa-3072,oaep-decrypt,586,18271926,986677
rsa-3072,oaep-decrypt,587,18267408,986435
rsa-3072,oaep-decrypt,588,18268296,986482
rsa-3072,oaep-decrypt,589,18271037,986630
rsa-3072,oaep-decrypt,590,18260000,986033
rsa-3072,oaep-decrypt,591,18265148,986312
rsa-3072,oaep-decrypt,592,18259167,985989
rsa-3072,oaep-decrypt,593,18270519,986600
rsa-3072,oaep-decrypt,594,18267556,986442
rsa-3072,oaep-decrypt,595,18259204,985992
rsa-3072,oaep-decrypt,596,21628259,1167920
rsa-3072,oaep-decrypt,597,18259481,986005
rsa-3072,oaep-decrypt,598,18264963,986301
rsa-3072,oaep-decrypt,599,18259259,985994
rsa-3072,oaep-decrypt,600,18270778,986614
rsa-3072,oaep-decrypt,601,18259241,985993
rsa-3072,oaep-decrypt,602,18264926,986301
rsa-3072,oaep-decrypt,603,18267333,986429
rsa-3072,oaep-decrypt,604,18277074,986955
rsa-3072,oaep-decrypt,605,18277166,986961
rsa-3072,oaep-decrypt,606,18262963,986195
rsa-3072,oaep-decrypt,607,18274111,986794
rsa-3072,oaep-decrypt,608,18260519,986062
rsa-3072,oaep-decrypt,609,18264982,986303
rsa-3072,oaep-decrypt,610,18259389,986002
rsa-3072,oaep-decrypt,611,18265203,986315
rsa-3072,oaep-decrypt,612,18266055,986362
rsa-3072,oaep-decrypt,613,18264537,986278
rsa-3072,oaep-decrypt,614,18367352,991829
rsa-3072,oaep-decrypt,615,18261851,986134
rsa-3072,oaep-decrypt,616,18274130,986797
rsa-3072,oaep-decrypt,617,18260185,986045
rsa-3072,oaep-decrypt,618,18265500,986331
rsa-3072,oaep-decrypt,619,18264889,986298
rsa-3072,oaep-decrypt,620,18270500,986599
rsa-3072,oaep-decrypt,621,18266278,986372
rsa-3072,oaep-decrypt,622,18259297,985997
rsa-3072,oaep-decrypt,623,18291908,987758
rsa-3072,oaep-decrypt,624,18259333,985998
rsa-3072,oaep-decrypt,625,18275759,986885
rsa-3072,oaep-decrypt,626,18287555,987520
rsa-3072,oaep-decrypt,627,18268556,986495
rsa-3072,oaep-decrypt,628,21626833,1167843
rsa-3072,oaep-decrypt,629,18267722,986450
rsa-3072,oaep-decrypt,630,18269037,986521
rsa-3072,oaep-decrypt,631,18262833,986187
rsa-3072,oaep-decrypt,632,18271797,986672
rsa-3072,oaep-decrypt,633,18262759,986183
rsa-3072,oaep-decrypt,634,18274908,986831
rsa-3072,oaep-decrypt,635,18277000,986953
rsa-3072,oaep-decrypt,636,18263408,986218
rsa-3072,oaep-decrypt,637,18264389,986271
rsa-3072,oaep-decrypt,638,18271259,986640
rsa-3072,oaep-decrypt,639,18285833,987430
rsa-3072,oaep-decrypt,640,18271649,986661
rsa-3072,oaep-decrypt,641,18268611,986499
rsa-3072,oaep-decrypt,642,18271482,986654
rsa-3072,oaep-decrypt,643,18262166,986151
rsa-3072,oaep-decrypt,644,18265352,986322
rsa-3072,oaep-decrypt,645,18258463,985950
rsa-3072,oaep-decrypt,646,18266111,986365
rsa-3072,oaep-decrypt,647,18282037,987223
rsa-3072,oaep-decrypt,648,18265759,986345
rsa-3072,oaep-decrypt,649,18266241,986372
rsa-3072,oaep-decrypt,650,18258723,985965
rsa-3072,oaep-decrypt,651,18270222,986586
rsa-3072,oaep-decrypt,652,18277278,986968
rsa-3072,oaep-decrypt,653,18264241,986263
rsa-3072,oaep-decrypt,654,18264278,986263
rsa-3072,oaep-decrypt,655,18264371,986271
rsa-3072,oaep-decrypt,656,18268704,986504
rsa-3072,oaep-decrypt,657,18274148,986798
rsa-3072,oaep-decrypt,658,18345037,990622
rsa-3072,oaep-decrypt,659,18296018,987980
rsa-3072,oaep-decrypt,660,21668759,1170105
rsa-3072,oaep-decrypt,661,18268463,986491
rsa-3072,oaep-decrypt,662,18269463,986546
rsa-3072,oaep-decrypt,663,18260037,986036
rsa-3072,oaep-decrypt,664,18278352,987025
rsa-3072,oaep-decrypt,665,18272092,986687
rsa-3072,oaep-decrypt,666,18266611,986390
rsa-3072,oaep-decrypt,667,18271833,986671
rsa-3072,oaep-decrypt,668,18295667,987960
rsa-3072,oaep-decrypt,669,18367204,991820
rsa-3072,oaep-decrypt,670,18263759,986236
rsa-3072,oaep-decrypt,671,18268019,986467
rsa-3072,oaep-decrypt,672,18258926,985976
rsa-3072,oaep-decrypt,673,18267704,986450
rsa-3072,oaep-decrypt,674,18271074,986631
rsa-3072,oaep-decrypt,675,18259574,986010
rsa-3072,oaep-decrypt,676,18276167,986906
rsa-3072,oaep-decrypt,677,18271963,986679
rsa-3072,oaep-decrypt,678,18280685,987151
rsa-3072,oaep-decrypt,679,18263555,986227
rsa-3072,oaep-decrypt,680,18277260,986966
rsa-3072,oaep-decrypt,681,18290315,987669
rsa-3072,oaep-decrypt,682,18262000,986143
rsa-3072,oaep-decrypt,683,18263648,986231
rsa-3072,oaep-decrypt,684,18259759,986022
rsa-3072,oaep-decrypt,685,18269686,986558
rsa-3072,oaep-decrypt,686,18263944,986246
rsa-3072,oaep-decrypt,687,18285297,987401
rsa-3072,oaep-decrypt,688,18276797,986939
rsa-3072,oaep-decrypt,689,18259889,986027
rsa-3072,oaep-decrypt,690,18264462,986275
rsa-3072,oaep-decrypt,691,18258704,985964
rsa-3072,oaep-decrypt,692,21628851,1167951
rsa-3072,oaep-decrypt,693,18260704,986072
rsa-3072,oaep-decrypt,694,18271833,986672
rsa-3072,oaep-decrypt,695,18259703,986019
rsa-3072,oaep-decrypt,696,18266130,986365
rsa-3072,oaep-decrypt,697,18267074,986416
rsa-3072,oaep-decrypt,698,18259055,985983
rsa-3072,oaep-decrypt,699,18266389,986379
rsa-3072,oaep-decrypt,700,18281908,987217
rsa-3072,oaep-decrypt,701,18279685,987095
rsa-3072,oaep-decrypt,702,18265519,986332
rsa-3072,oaep-decrypt,703,18282870,987270
rsa-3072,oaep-decrypt,704,18284167,987339
rsa-3072,oaep-decrypt,705,18259333,985998
rsa-3072,oaep-decrypt,706,18265018,986305
rsa-3072,oaep-decrypt,707,18258963,985977
rsa-3072,oaep-decrypt,708,18270055,986575
rsa-3072,oaep-decrypt,709,18273260,986751
rsa-3072,oaep-decrypt,710,18277315,986969
rsa-3072,oaep-decrypt,711,18258629,985961
rsa-3072,oaep-decrypt,712,18258778,985966
rsa-3072,oaep-decrypt,713,18264870,986298
rsa-3072,oaep-decrypt,714,18258815,985970
rsa-3072,oaep-decrypt,715,18276037,986899
rsa-3072,oaep-decrypt,716,18262334,986160
rsa-3072,oaep-decrypt,717,18265370,986324
rsa-3072,oaep-decrypt,718,18258945,985977
rsa-3072,oaep-decrypt,719,18273315,986754
rsa-3072,oaep-decrypt,720,18267481,986439
rsa-3072,oaep-decrypt,721,18263704,986232
rsa-3072,oaep-decrypt,722,18269926,986570
rsa-3072,oaep-decrypt,723,18348426,990805
rsa-3072,oaep-decrypt,724,21611574,1167020
rsa-3072,oaep-decrypt,725,18271000,986628
rsa-3072,oaep-decrypt,726,18277334,986970
rsa-3072,oaep-decrypt,727,18282185,987233
rsa-3072,oaep-decrypt,728,18287389,987512
rsa-3072,oaep-decrypt,729,18270666,986611
rsa-3072,oaep-decrypt,730,18260130,986040
rsa-3072,oaep-decrypt,731,18265240,986318
rsa-3072,oaep-decrypt,732,18282093,987226
rsa-3072,oaep-decrypt,733,18265518,986331
rsa-3072,oaep-decrypt,734,18258870,985973
rsa-3072,oaep-decrypt,735,18275093,986848
rsa-3072,oaep-decrypt,736,18291555,987737
rsa-3072,oaep-decrypt,737,18259000,985978
rsa-3072,oaep-decrypt,738,18266222,986370
rsa-3072,oaep-decrypt,739,18265482,986329
rsa-3072,oaep-decrypt,740,18270629,986608
rsa-3072,oaep-decrypt,741,18262278,986157
rsa-3072,oaep-decrypt,742,18271815,986669
rsa-3072,oaep-decrypt,743,18273444,986761
rsa-3072,oaep-decrypt,744,18259889,986028
rsa-3072,oaep-decrypt,745,18265278,986320
rsa-3072,oaep-decrypt,746,18259445,986004
rsa-3072,oaep-decrypt,747,18265833,986349
rsa-3072,oaep-decrypt,748,18264945,986300
rsa-3072,oaep-decrypt,749,18265352,986324
rsa-3072,oaep-decrypt,750,18267851,986458
rsa-3072,oaep-decrypt,751,18259241,985994
rsa-3072,oaep-decrypt,752,18266315,986375
rsa-3072,oaep-decrypt,753,18258537,985955
rsa-3072,oaep-decrypt,754,18271926,986679
rsa-3072,oaep-decrypt,755,18266352,986375
rsa-3072,oaep-decrypt,756,21646019,1168879
rsa-3072,oaep-decrypt,757,18264296,986265
rsa-3072,oaep-decrypt,758,18265186,986315
rsa-3072,oaep-decrypt,759,18258666,985961
rsa-3072,oaep-decrypt,760,18264852,986296
rsa-3072,oaep-decrypt,761,18264148,986259
rsa-3072,oaep-decrypt,762,18264093,986253
rsa-3072,oaep-decrypt,763,18270556,986605
rsa-3072,oaep-decrypt,764,18270944,986626
rsa-3072,oaep-decrypt,765,18276611,986931
rsa-3072,oaep-decrypt,766,18281092,987172
rsa-3072,oaep-decrypt,767,18278259,987020
rsa-3072,oaep-decrypt,768,18274241,986801
rsa-3072,oaep-decrypt,769,18265278,986320
rsa-3072,oaep-decrypt,770,18270056,986576
rsa-3072,oaep-decrypt,771,18268278,986480
rsa-3072,oaep-decrypt,772,18275704,986882
rsa-3072,oaep-decrypt,773,18264908,986298
rsa-3072,oaep-decrypt,774,18285166,987394
rsa-3072,oaep-decrypt,775,18275093,986846
rsa-3072,oaep-decrypt,776,18260037,986035
rsa-3072,oaep-decrypt,777,18270185,986583
rsa-3072,oaep-decrypt,778,18345759,990662
rsa-3072,oaep-decrypt,779,18273333,986753
rsa-3072,oaep-decrypt,780,18264093,986256
rsa-3072,oaep-decrypt,781,18268352,986485
rsa-3072,oaep-decrypt,782,18277537,986980
rsa-3072,oaep-decrypt,783,18263611,986228
rsa-3072,oaep-decrypt,784,18269666,986556
rsa-3072,oaep-decrypt,785,18258667,985963
rsa-3072,oaep-decrypt,786,18264667,986287
rsa-3072,oaep-decrypt,787,18258722,985965
rsa-3072,oaep-decrypt,788,21646426,1168900
rsa-3072,oaep-decrypt,789,18266277,986370
rsa-3072,oaep-decrypt,790,18288945,987597
rsa-3072,oaep-decrypt,791,18267574,986443
rsa-3072,oaep-decrypt,792,18265593,986337
rsa-3072,oaep-decrypt,793,18266611,986391
rsa-3072,oaep-decrypt,794,18267537,986440
rsa-3072,oaep-decrypt,795,18271519,986655
rsa-3072,oaep-decrypt,796,18259055,985983
rsa-3072,oaep-decrypt,797,18265296,986320
rsa-3072,oaep-decrypt,798,18286889,987486
rsa-3072,oaep-decrypt,799,18279130,987067
rsa-3072,oaep-decrypt,800,18265722,986344
rsa-3072,oaep-decrypt,801,18268574,986496
rsa-3072,oaep-decrypt,802,18294093,987873
rsa-3072,oaep-decrypt,803,18270130,986581
rsa-3072,oaep-decrypt,804,18270481,986599
rsa-3072,oaep-decrypt,805,18263314,986213
rsa-3072,oaep-decrypt,806,18271260,986641
rsa-3072,oaep-decrypt,807,18277148,986960
rsa-3072,oaep-decrypt,808,18279463,987086
rsa-3072,oaep-decrypt,809,18271222,986639
rsa-3072,oaep-decrypt,810,18264148,986258
rsa-3072,oaep-decrypt,811,18266408,986381
rsa-3072,oaep-decrypt,812,18259222,985992
rsa-3072,oaep-decrypt,813,18265389,986325
rsa-3072,oaep-decrypt,814,18265407,986326
rsa-3072,oaep-decrypt,815,18260000,986035
rsa-3072,oaep-decrypt,816,18285518,987410
rsa-3072,oaep-decrypt,817,18264370,986271
rsa-3072,oaep-decrypt,818,18270408,986597
rsa-3072,oaep-decrypt,819,18258870,985972
rsa-3072,oaep-decrypt,820,21619296,1167435
rsa-3072,oaep-decrypt,821,18258852,985972
rsa-3072,oaep-decrypt,822,18270186,986582
rsa-3072,oaep-decrypt,823,18266722,986397
rsa-3072,oaep-decrypt,824,18258722,985964
rsa-3072,oaep-decrypt,825,18266037,986360
rsa-3072,oaep-decrypt,826,18267593,986445
rsa-3072,oaep-decrypt,827,18270426,986597
rsa-3072,oaep-decrypt,828,18258518,985953
rsa-3072,oaep-decrypt,829,18277074,986954
rsa-3072,oaep-decrypt,830,18266666,986393
rsa-3072,oaep-decrypt,831,18263704,986235
rsa-3072,oaep-decrypt,832,18360334,991449
rsa-3072,oaep-decrypt,833,18285722,987422
rsa-3072,oaep-decrypt,834,18276426,986922
rsa-3072,oaep-decrypt,835,18268778,986508
rsa-3072,oaep-decrypt,836,18279704,987096
rsa-3072,oaep-decrypt,837,18269222,986533
rsa-3072,oaep-decrypt,838,18258741,985966
rsa-3072,oaep-decrypt,839,18266000,986357
rsa-3072,oaep-decrypt,840,18265130,986311
rsa-3072,oaep-decrypt,841,18270167,986584
rsa-3072,oaep-decrypt,842,18261778,986130
rsa-3072,oaep-decrypt,843,18286926,987486
rsa-3072,oaep-decrypt,844,18267463,986436
rsa-3072,oaep-decrypt,845,18259333,985998
rsa-3072,oaep-decrypt,846,18264574,986281
rsa-3072,oaep-decrypt,847,18267722,986450
rsa-3072,oaep-decrypt,848,18273648,986772
rsa-3072,oaep-decrypt,849,18262796,986186
rsa-3072,oaep-decrypt,850,18273778,986776
rsa-3072,oaep-decrypt,851,18261667,986124
rsa-3072,oaep-decrypt,852,21592333,1165980
rsa-3072,oaep-decrypt,853,18259870,986027
rsa-3072,oaep-decrypt,854,18264574,986282
rsa-3072,oaep-decrypt,855,18270334,986591
rsa-3072,oaep-decrypt,856,18264963,986300
rsa-3072,oaep-decrypt,857,18265722,986343
rsa-3072,oaep-decrypt,858,18258463,985951
rsa-3072,oaep-decrypt,859,18280963,987166
rsa-3072,oaep-decrypt,860,18258371,985946
rsa-3072,oaep-decrypt,861,18272166,986692
rsa-3072,oaep-decrypt,862,18266018,986358
rsa-3072,oaep-decrypt,863,18265037,986303
rsa-3072,oaep-decrypt,864,18265018,986305
rsa-3072,oaep-decrypt,865,18259556,986009
rsa-3072,oaep-decrypt,866,18265555,986335
rsa-3072,oaep-decrypt,867,18269222,986532
rsa-3072,oaep-decrypt,868,18350166,990899
rsa-3072,oaep-decrypt,869,18303019,988356
rsa-3072,oaep-decrypt,870,18266981,986411
rsa-3072,oaep-decrypt,871,18281463,987193
rsa-3072,oaep-decrypt,872,18258778,985967
rsa-3072,oaep-decrypt,873,18277074,986957
rsa-3072,oaep-decrypt,874,18271574,986659
rsa-3072,oaep-decrypt,875,18269129,986523
rsa-3072,oaep-decrypt,876,18284833,987372
rsa-3072,oaep-decrypt,877,18274167,986799
rsa-3072,oaep-decrypt,878,18270944,986625
rsa-3072,oaep-decrypt,879,18258815,985970
rsa-3072,oaep-decrypt,880,18276889,986947
rsa-3072,oaep-decrypt,881,18273278,986750
rsa-3072,oaep-decrypt,882,18269296,986536
rsa-3072,oaep-decrypt,883,18277241,986963
rsa-3072,oaep-decrypt,884,22095407,1193134
rsa-3072,oaep-decrypt,885,18307667,988606
rsa-3072,oaep-decrypt,886,18370463,991989
rsa-3072,oaep-decrypt,887,18275166,986852
rsa-3072,oaep-decrypt,888,18264278,986266
rsa-3072,oaep-decrypt,889,18265889,986352
rsa-3072,oaep-decrypt,890,18300204,988204
rsa-3072,oaep-decrypt,891,18261926,986139
rsa-3072,oaep-decrypt,892,18265926,986353
rsa-3072,oaep-decrypt,893,18258667,985963
rsa-3072,oaep-decrypt,894,18265797,986346
rsa-3072,oaep-decrypt,895,18281648,987203
rsa-3072,oaep-decrypt,896,18266296,986374
rsa-3072,oaep-decrypt,897,18265500,986330
rsa-3072,oaep-decrypt,898,18268445,986489
rsa-3072,oaep-decrypt,899,18271093,986634
rsa-3072,oaep-decrypt,900,18262148,986151
rsa-3072,oaep-decrypt,901,18268926,986516
rsa-3072,oaep-decrypt,902,18262408,986165
rsa-3072,oaep-decrypt,903,18274426,986812
rsa-3072,oaep-decrypt,904,18259815,986024
rsa-3072,oaep-decrypt,905,18264740,986291
rsa-3072,oaep-decrypt,906,18269852,986567
rsa-3072,oaep-decrypt,907,18258519,985954
rsa-3072,oaep-decrypt,908,18265426,986326
rsa-3072,oaep-decrypt,909,18280871,987161
rsa-3072,oaep-decrypt,910,18277260,986964
rsa-3072,oaep-decrypt,911,18258908,985976
rsa-3072,oaep-decrypt,912,18268278,986481
rsa-3072,oaep-decrypt,913,18283556,987305
rsa-3072,oaep-decrypt,914,18260389,986055
rsa-3072,oaep-decrypt,915,18264722,986288
rsa-3072,oaep-decrypt,916,21670074,1170178
rsa-3072,oaep-decrypt,917,18271667,986662
rsa-3072,oaep-decrypt,918,18258982,985979
rsa-3072,oaep-decrypt,919,18335481,990109
rsa-3072,oaep-decrypt,920,18260426,986056
rsa-3072,oaep-decrypt,921,18265741,986345
rsa-3072,oaep-decrypt,922,18266426,986381
rsa-3072,oaep-decrypt,923,18268055,986469
rsa-3072,oaep-decrypt,924,18276333,986914
rsa-3072,oaep-decrypt,925,18263186,986207
rsa-3072,oaep-decrypt,926,18276500,986925
rsa-3072,oaep-decrypt,927,18273352,986756
rsa-3072,oaep-decrypt,928,18269315,986537
rsa-3072,oaep-decrypt,929,18267129,986419
rsa-3072,oaep-decrypt,930,18271408,986647
rsa-3072,oaep-decrypt,931,18367093,991815
rsa-3072,oaep-decrypt,932,18274574,986822
rsa-3072,oaep-decrypt,933,18288112,987551
rsa-3072,oaep-decrypt,934,18276240,986911
rsa-3072,oaep-decrypt,935,18265667,986341
rsa-3072,oaep-decrypt,936,18273018,986737
rsa-3072,oaep-decrypt,937,18270833,986617
rsa-3072,oaep-decrypt,938,18269074,986523
rsa-3072,oaep-decrypt,939,18260278,986049
rsa-3072,oaep-decrypt,940,18269185,986530
rsa-3072,oaep-decrypt,941,18360612,991461
rsa-3072,oaep-decrypt,942,18265834,986349
rsa-3072,oaep-decrypt,943,18277778,986994
rsa-3072,oaep-decrypt,944,18269537,986548
rsa-3072,oaep-decrypt,945,18271833,986673
rsa-3072,oaep-decrypt,946,18258463,985951
rsa-3072,oaep-decrypt,947,18265000,986304
rsa-3072,oaep-decrypt,948,21672760,1170321
rsa-3072,oaep-decrypt,949,18269963,986573
rsa-3072,oaep-decrypt,950,18263019,986196
rsa-3072,oaep-decrypt,951,18274963,986840
rsa-3072,oaep-decrypt,952,18278871,987052
rsa-3072,oaep-decrypt,953,18292112,987768
rsa-3072,oaep-decrypt,954,18265482,986329
rsa-3072,oaep-decrypt,955,18259259,985994
rsa-3072,oaep-decrypt,956,18271370,986649
rsa-3072,oaep-decrypt,957,18268908,986513
rsa-3072,oaep-decrypt,958,18265055,986307
rsa-3072,oaep-decrypt,959,18266426,986382
rsa-3072,oaep-decrypt,960,18259037,985983
rsa-3072,oaep-decrypt,961,18275759,986885
rsa-3072,oaep-decrypt,962,18270982,986628
rsa-3072,oaep-decrypt,963,18285926,987433
rsa-3072,oaep-decrypt,964,18264648,986282
rsa-3072,oaep-decrypt,965,18265648,986338
rsa-3072,oaep-decrypt,966,18258852,985972
rsa-3072,oaep-decrypt,967,18266796,986402
rsa-3072,oaep-decrypt,968,18266074,986362
rsa-3072,oaep-decrypt,969,18259148,985989
rsa-3072,oaep-decrypt,970,18265963,986356
rsa-3072,oaep-decrypt,971,18263722,986233
rsa-3072,oaep-decrypt,972,18265111,986311
rsa-3072,oaep-decrypt,973,18258611,985959
rsa-3072,oaep-decrypt,974,18272074,986686
rsa-3072,oaep-decrypt,975,18269093,986525
rsa-3072,oaep-decrypt,976,18263185,986205
rsa-3072,oaep-decrypt,977,18268870,986512
rsa-3072,oaep-decrypt,978,18264981,986302
rsa-3072,oaep-decrypt,979,18264611,986282
rsa-3072,oaep-decrypt,980,21600148,1166401
rsa-3072,oaep-decrypt,981,18270185,986585
rsa-3072,oaep-decrypt,982,18262982,986194
rsa-3072,oaep-decrypt,983,18285685,987420
rsa-3072,oaep-decrypt,984,18275852,986888
rsa-3072,oaep-decrypt,985,18259982,986034
rsa-3072,oaep-decrypt,986,18264685,986287
rsa-3072,oaep-decrypt,987,18259704,986019
rsa-3072,oaep-decrypt,988,18264425,986274
rsa-3072,oaep-decrypt,989,18264297,986266
rsa-3072,oaep-decrypt,990,18265111,986310
rsa-3072,oaep-decrypt,991,18273500,986762
rsa-3072,oaep-decrypt,992,18259926,986030
rsa-3072,oaep-decrypt,993,18265018,986305
rsa-3072,oaep-decrypt,994,18266537,986386
rsa-3072,oaep-decrypt,995,18368945,991911
rsa-3072,oaep-decrypt,996,18261704,986127
rsa-3072,oaep-decrypt,997,18271815,986673
rsa-3072,oaep-decrypt,998,18277315,986967
rsa-3072,oaep-decrypt,999,18262796,986185
