algo,op,iter,wall_ns,cycles
ML-KEM-1024,keygen,0,93898,252082
ML-KEM-1024,keygen,1,73967,198578
ML-KEM-1024,keygen,2,72815,195484
ML-KEM-1024,keygen,3,76987,206670
ML-KEM-1024,keygen,4,73032,196022
ML-KEM-1024,keygen,5,72708,195196
ML-KEM-1024,keygen,6,73934,198490
ML-KEM-1024,keygen,7,73287,196744
ML-KEM-1024,keygen,8,72797,195432
ML-KEM-1024,keygen,9,73255,196662
ML-KEM-1024,keygen,10,72452,194504
ML-KEM-1024,keygen,11,72693,195152
ML-KEM-1024,keygen,12,72515,194674
ML-KEM-1024,keygen,13,72669,195090
ML-KEM-1024,keygen,14,72369,194282
ML-KEM-1024,keygen,15,71863,192922
ML-KEM-1024,keygen,16,72158,193718
ML-KEM-1024,keygen,17,89564,240152
ML-KEM-1024,keygen,18,73241,196618
ML-KEM-1024,keygen,19,72535,194728
ML-KEM-1024,keygen,20,72059,193448
ML-KEM-1024,keygen,21,72402,194372
ML-KEM-1024,keygen,22,73010,196006
ML-KEM-1024,keygen,23,72327,194170
ML-KEM-1024,keygen,24,72477,194574
ML-KEM-1024,keygen,25,72974,195904
ML-KEM-1024,keygen,26,72758,195330
ML-KEM-1024,keygen,27,72311,194124
ML-KEM-1024,keygen,28,72321,194154
ML-KEM-1024,keygen,29,72421,194422
ML-KEM-1024,keygen,30,76184,204512
ML-KEM-1024,keygen,31,73304,196752
ML-KEM-1024,keygen,32,72301,194098
ML-KEM-1024,keygen,33,72504,194644
ML-KEM-1024,keygen,34,72855,195590
ML-KEM-1024,keygen,35,72506,194650
ML-KEM-1024,keygen,36,73035,196072
ML-KEM-1024,keygen,37,71696,192474
ML-KEM-1024,keygen,38,72595,194892
ML-KEM-1024,keygen,39,71932,193106
ML-KEM-1024,keygen,40,73164,196422
ML-KEM-1024,keygen,41,72006,193306
ML-KEM-1024,keygen,42,72290,194072
ML-KEM-1024,keygen,43,71757,192642
ML-KEM-1024,keygen,44,76341,204696
ML-KEM-1024,keygen,45,72149,193688
ML-KEM-1024,keygen,46,72571,194826
ML-KEM-1024,keygen,47,71808,192774
ML-KEM-1024,keygen,48,71658,192370
ML-KEM-1024,keygen,49,71822,192816
ML-KEM-1024,keygen,50,71525,192012
ML-KEM-1024,keygen,51,72751,195318
ML-KEM-1024,keygen,52,72828,195518
ML-KEM-1024,keygen,53,72867,195618
ML-KEM-1024,keygen,54,72078,193496
ML-KEM-1024,keygen,55,73396,197038
ML-KEM-1024,keygen,56,72328,194170
ML-KEM-1024,keygen,57,75416,202468
ML-KEM-1024,keygen,58,72319,194108
ML-KEM-1024,keygen,59,71996,193276
ML-KEM-1024,keygen,60,72713,195210
ML-KEM-1024,keygen,61,73531,197406
ML-KEM-1024,keygen,62,72603,194912
ML-KEM-1024,keygen,63,72267,194006
ML-KEM-1024,keygen,64,72547,194760
ML-KEM-1024,keygen,65,72548,194764
ML-KEM-1024,keygen,66,72293,194078
ML-KEM-1024,keygen,67,72100,193566
ML-KEM-1024,keygen,68,72789,195412
ML-KEM-1024,keygen,69,71790,192732
ML-KEM-1024,keygen,70,72518,194682
ML-KEM-1024,keygen,71,77949,209276
ML-KEM-1024,keygen,72,73296,196776
ML-KEM-1024,keygen,73,72337,194196
ML-KEM-1024,keygen,74,72212,193860
ML-KEM-1024,keygen,75,72349,194230
ML-KEM-1024,keygen,76,72082,193510
ML-KEM-1024,keygen,77,71946,193144
ML-KEM-1024,keygen,78,72157,193712
ML-KEM-1024,keygen,79,72116,193604
ML-KEM-1024,keygen,80,72694,195166
ML-KEM-1024,keygen,81,72094,193544
ML-KEM-1024,keygen,82,72049,193274
ML-KEM-1024,keygen,83,72165,193732
ML-KEM-1024,keygen,84,77396,207788
ML-KEM-1024,keygen,85,73493,197294
ML-KEM-1024,keygen,86,72820,195494
ML-KEM-1024,keygen,87,73173,196446
ML-KEM-1024,keygen,88,72239,193932
ML-KEM-1024,keygen,89,71931,193106
ML-KEM-1024,keygen,90,71986,193250
ML-KEM-1024,keygen,91,71830,192832
ML-KEM-1024,keygen,92,71685,192442
ML-KEM-1024,keygen,93,72256,193982
ML-KEM-1024,keygen,94,72442,194480
ML-KEM-1024,keygen,95,72032,193376
ML-KEM-1024,keygen,96,72344,194218
ML-KEM-1024,keygen,97,72255,193976
ML-KEM-1024,keygen,98,75608,202984
ML-KEM-1024,keygen,99,72723,195234
ML-KEM-1024,keygen,100,73268,196700
ML-KEM-1024,keygen,101,72490,194608
ML-KEM-1024,keygen,102,72063,193458
ML-KEM-1024,keygen,103,72282,194056
ML-KEM-1024,keygen,104,71786,192718
ML-KEM-1024,keygen,105,71693,192462
ML-KEM-1024,keygen,106,72142,193670
ML-KEM-1024,keygen,107,71974,193218
ML-KEM-1024,keygen,108,73805,198144
ML-KEM-1024,keygen,109,71487,191912
ML-KEM-1024,keygen,110,71767,192670
ML-KEM-1024,keygen,111,76342,204970
ML-KEM-1024,keygen,112,73074,196178
ML-KEM-1024,keygen,113,72209,193852
ML-KEM-1024,keygen,114,72337,194198
ML-KEM-1024,keygen,115,72079,193504
ML-KEM-1024,keygen,116,71724,192548
ML-KEM-1024,keygen,117,74400,199744
ML-KEM-1024,keygen,118,72608,194924
ML-KEM-1024,keygen,119,72353,194244
ML-KEM-1024,keygen,120,72358,194248
ML-KEM-1024,keygen,121,72707,195188
ML-KEM-1024,keygen,122,73290,196758
ML-KEM-1024,keygen,123,72852,195580
ML-KEM-1024,keygen,124,72350,194232
ML-KEM-1024,keygen,125,77268,207446
ML-KEM-1024,keygen,126,72718,195220
ML-KEM-1024,keygen,127,72028,193366
ML-KEM-1024,keygen,128,72438,194468
ML-KEM-1024,keygen,129,72166,193736
ML-KEM-1024,keygen,130,72526,194706
ML-KEM-1024,keygen,131,72189,193796
ML-KEM-1024,keygen,132,72360,194256
ML-KEM-1024,keygen,133,72201,193828
ML-KEM-1024,keygen,134,72698,195166
ML-KEM-1024,keygen,135,71668,192396
ML-KEM-1024,keygen,136,71697,192470
ML-KEM-1024,keygen,137,72246,193954
ML-KEM-1024,keygen,138,75632,203046
ML-KEM-1024,keygen,139,72545,194758
ML-KEM-1024,keygen,140,71701,192488
ML-KEM-1024,keygen,141,72424,194432
ML-KEM-1024,keygen,142,72796,195430
ML-KEM-1024,keygen,143,72112,193590
ML-KEM-1024,keygen,144,71724,192546
ML-KEM-1024,keygen,145,71623,192276
ML-KEM-1024,keygen,146,72148,193688
ML-KEM-1024,keygen,147,72214,193866
ML-KEM-1024,keygen,148,71814,192794
ML-KEM-1024,keygen,149,72318,194144
ML-KEM-1024,keygen,150,72376,194306
ML-KEM-1024,keygen,151,71429,191754
ML-KEM-1024,keygen,152,76802,206190
ML-KEM-1024,keygen,153,72588,194872
ML-KEM-1024,keygen,154,72773,195368
ML-KEM-1024,keygen,155,72122,193620
ML-KEM-1024,keygen,156,72555,194784
ML-KEM-1024,keygen,157,71156,191022
ML-KEM-1024,keygen,158,73279,196730
ML-KEM-1024,keygen,159,71765,192660
ML-KEM-1024,keygen,160,71953,193164
ML-KEM-1024,keygen,161,72792,195422
ML-KEM-1024,keygen,162,72041,193402
ML-KEM-1024,keygen,163,72573,194832
ML-KEM-1024,keygen,164,72042,193406
ML-KEM-1024,keygen,165,75795,203502
ML-KEM-1024,keygen,166,72660,195064
ML-KEM-1024,keygen,167,72642,195016
ML-KEM-1024,keygen,168,71515,191988
ML-KEM-1024,keygen,169,72265,194004
ML-KEM-1024,keygen,170,72041,193400
ML-KEM-1024,keygen,171,71971,193212
ML-KEM-1024,keygen,172,72170,193748
ML-KEM-1024,keygen,173,72329,194176
ML-KEM-1024,keygen,174,72094,193540
ML-KEM-1024,keygen,175,73004,195982
ML-KEM-1024,keygen,176,71984,193252
ML-KEM-1024,keygen,177,71892,193002
ML-KEM-1024,keygen,178,71639,192320
ML-KEM-1024,keygen,179,77569,208250
ML-KEM-1024,keygen,180,72732,195256
ML-KEM-1024,keygen,181,72067,193470
ML-KEM-1024,keygen,182,72101,193562
ML-KEM-1024,keygen,183,72418,194414
ML-KEM-1024,keygen,184,72104,193572
ML-KEM-1024,keygen,185,72401,194368
ML-KEM-1024,keygen,186,71955,193172
ML-KEM-1024,keygen,187,71840,192862
ML-KEM-1024,keygen,188,72402,194368
ML-KEM-1024,keygen,189,71945,193144
ML-KEM-1024,keygen,190,72406,194378
ML-KEM-1024,keygen,191,72163,193732
ML-KEM-1024,keygen,192,72055,193438
ML-KEM-1024,keygen,193,75895,203754
ML-KEM-1024,keygen,194,239034,642065
ML-KEM-1024,keygen,195,53010,142410
ML-KEM-1024,keygen,196,41520,111552
ML-KEM-1024,keygen,197,41396,111214
ML-KEM-1024,keygen,198,41247,110818
ML-KEM-1024,keygen,199,39838,107024
ML-KEM-1024,keygen,200,39838,107026
ML-KEM-1024,keygen,201,40783,109572
ML-KEM-1024,keygen,202,39850,107064
ML-KEM-1024,keygen,203,40241,108112
ML-KEM-1024,keygen,204,39613,106422
ML-KEM-1024,keygen,205,39769,106844
ML-KEM-1024,keygen,206,40382,108496
ML-KEM-1024,keygen,207,39822,106980
ML-KEM-1024,keygen,208,39815,106966
ML-KEM-1024,keygen,209,40345,108388
ML-KEM-1024,keygen,210,40292,108252
ML-KEM-1024,keygen,211,48917,131434
ML-KEM-1024,keygen,212,40321,108326
ML-KEM-1024,keygen,213,39650,106524
ML-KEM-1024,keygen,214,40098,107728
ML-KEM-1024,keygen,215,39676,106596
ML-KEM-1024,keygen,216,39058,104934
ML-KEM-1024,keygen,217,39870,107116
ML-KEM-1024,keygen,218,39545,106246
ML-KEM-1024,keygen,219,40320,108326
ML-KEM-1024,keygen,220,39683,106612
ML-KEM-1024,keygen,221,39887,107162
ML-KEM-1024,keygen,222,40377,108482
ML-KEM-1024,keygen,223,39623,106454
ML-KEM-1024,keygen,224,40048,107594
ML-KEM-1024,keygen,225,39849,107058
ML-KEM-1024,keygen,226,39715,106698
ML-KEM-1024,keygen,227,39702,106666
ML-KEM-1024,keygen,228,40169,107920
ML-KEM-1024,keygen,229,39595,106376
ML-KEM-1024,keygen,230,39960,107360
ML-KEM-1024,keygen,231,39879,107138
ML-KEM-1024,keygen,232,39696,106646
ML-KEM-1024,keygen,233,39875,107132
ML-KEM-1024,keygen,234,39851,106984
ML-KEM-1024,keygen,235,42866,115168
ML-KEM-1024,keygen,236,39780,106876
ML-KEM-1024,keygen,237,40358,108430
ML-KEM-1024,keygen,238,40577,109018
ML-KEM-1024,keygen,239,40004,107476
ML-KEM-1024,keygen,240,39471,106042
ML-KEM-1024,keygen,241,39971,107392
ML-KEM-1024,keygen,242,39815,106968
ML-KEM-1024,keygen,243,40109,107760
ML-KEM-1024,keygen,244,39624,106458
ML-KEM-1024,keygen,245,39925,107262
ML-KEM-1024,keygen,246,39751,106794
ML-KEM-1024,keygen,247,40089,107704
ML-KEM-1024,keygen,248,40013,107502
ML-KEM-1024,keygen,249,39583,106348
ML-KEM-1024,keygen,250,40119,107784
ML-KEM-1024,keygen,251,39325,105652
ML-KEM-1024,keygen,252,40380,108486
ML-KEM-1024,keygen,253,39459,106012
ML-KEM-1024,keygen,254,39506,106134
ML-KEM-1024,keygen,255,39974,107396
ML-KEM-1024,keygen,256,39450,105962
ML-KEM-1024,keygen,257,39782,106878
ML-KEM-1024,keygen,258,40138,107836
ML-KEM-1024,keygen,259,39443,105966
ML-KEM-1024,keygen,260,41926,112636
ML-KEM-1024,keygen,261,40550,108942
ML-KEM-1024,keygen,262,39898,107180
ML-KEM-1024,keygen,263,40593,109060
ML-KEM-1024,keygen,264,39891,107172
ML-KEM-1024,keygen,265,40122,107792
ML-KEM-1024,keygen,266,39996,107450
ML-KEM-1024,keygen,267,39958,107346
ML-KEM-1024,keygen,268,39902,107196
ML-KEM-1024,keygen,269,39727,106724
ML-KEM-1024,keygen,270,39849,107060
ML-KEM-1024,keygen,271,39443,105960
ML-KEM-1024,keygen,272,39964,107366
ML-KEM-1024,keygen,273,39228,105388
ML-KEM-1024,keygen,274,39572,106312
ML-KEM-1024,keygen,275,39605,106398
ML-KEM-1024,keygen,276,39702,106654
ML-KEM-1024,keygen,277,39929,107268
ML-KEM-1024,keygen,278,39285,105540
ML-KEM-1024,keygen,279,39974,107382
ML-KEM-1024,keygen,280,39938,107300
ML-KEM-1024,keygen,281,39057,104926
ML-KEM-1024,keygen,282,39762,106822
ML-KEM-1024,keygen,283,40809,109636
ML-KEM-1024,keygen,284,39616,106432
ML-KEM-1024,keygen,285,42808,115006
ML-KEM-1024,keygen,286,40510,108830
ML-KEM-1024,keygen,287,40234,108096
ML-KEM-1024,keygen,288,40375,108466
ML-KEM-1024,keygen,289,39672,106582
ML-KEM-1024,keygen,290,39723,106716
ML-KEM-1024,keygen,291,40014,107506
ML-KEM-1024,keygen,292,39791,106900
ML-KEM-1024,keygen,293,39996,107452
ML-KEM-1024,keygen,294,39797,106918
ML-KEM-1024,keygen,295,39800,106926
ML-KEM-1024,keygen,296,40092,107706
ML-KEM-1024,keygen,297,39763,106830
ML-KEM-1024,keygen,298,40185,107960
ML-KEM-1024,keygen,299,39652,106530
ML-KEM-1024,keygen,300,40383,108494
ML-KEM-1024,keygen,301,40410,108568
ML-KEM-1024,keygen,302,40401,108542
ML-KEM-1024,keygen,303,39901,107198
ML-KEM-1024,keygen,304,40546,108934
ML-KEM-1024,keygen,305,39523,106184
ML-KEM-1024,keygen,306,40113,107766
ML-KEM-1024,keygen,307,39792,106904
ML-KEM-1024,keygen,308,38989,104748
ML-KEM-1024,keygen,309,39735,106752
ML-KEM-1024,keygen,310,39900,107188
ML-KEM-1024,keygen,311,40317,108310
ML-KEM-1024,keygen,312,39694,106634
ML-KEM-1024,keygen,313,40071,107650
ML-KEM-1024,keygen,314,39970,107372
ML-KEM-1024,keygen,315,39547,106244
ML-KEM-1024,keygen,316,40451,108666
ML-KEM-1024,keygen,317,39377,105782
ML-KEM-1024,keygen,318,40118,107772
ML-KEM-1024,keygen,319,40416,108582
ML-KEM-1024,keygen,320,39748,106784
ML-KEM-1024,keygen,321,40030,107540
ML-KEM-1024,keygen,322,39502,106118
ML-KEM-1024,keygen,323,39995,107440
ML-KEM-1024,keygen,324,39451,105980
ML-KEM-1024,keygen,325,40677,109284
ML-KEM-1024,keygen,326,40040,107564
ML-KEM-1024,keygen,327,39744,106768
ML-KEM-1024,keygen,328,39959,107352
ML-KEM-1024,keygen,329,40037,107560
ML-KEM-1024,keygen,330,39839,107020
ML-KEM-1024,keygen,331,39738,106756
ML-KEM-1024,keygen,332,40347,108396
ML-KEM-1024,keygen,333,39863,107094
ML-KEM-1024,keygen,334,41430,111296
ML-KEM-1024,keygen,335,39497,106106
ML-KEM-1024,keygen,336,40206,108012
ML-KEM-1024,keygen,337,39362,105750
ML-KEM-1024,keygen,338,39933,107282
ML-KEM-1024,keygen,339,39884,107148
ML-KEM-1024,keygen,340,40534,108890
ML-KEM-1024,keygen,341,40277,108210
ML-KEM-1024,keygen,342,39573,106312
ML-KEM-1024,keygen,343,39664,106554
ML-KEM-1024,keygen,344,39852,107064
ML-KEM-1024,keygen,345,39608,106400
ML-KEM-1024,keygen,346,39710,106678
ML-KEM-1024,keygen,347,39615,106422
ML-KEM-1024,keygen,348,40265,108176
ML-KEM-1024,keygen,349,39966,107366
ML-KEM-1024,keygen,350,39968,107378
ML-KEM-1024,keygen,351,39912,107224
ML-KEM-1024,keygen,352,40178,107940
ML-KEM-1024,keygen,353,39900,107194
ML-KEM-1024,keygen,354,40384,108496
ML-KEM-1024,keygen,355,40232,108082
ML-KEM-1024,keygen,356,39924,107252
ML-KEM-1024,keygen,357,39993,107444
ML-KEM-1024,keygen,358,40152,107870
ML-KEM-1024,keygen,359,42697,114710
ML-KEM-1024,keygen,360,39609,106410
ML-KEM-1024,keygen,361,43876,117858
ML-KEM-1024,keygen,362,39974,107392
ML-KEM-1024,keygen,363,40136,107826
ML-KEM-1024,keygen,364,39522,106176
ML-KEM-1024,keygen,365,39728,106728
ML-KEM-1024,keygen,366,39986,107422
ML-KEM-1024,keygen,367,39563,106286
ML-KEM-1024,keygen,368,40147,107856
ML-KEM-1024,keygen,369,39985,107418
ML-KEM-1024,keygen,370,39800,106926
ML-KEM-1024,keygen,371,39476,106050
ML-KEM-1024,keygen,372,39920,107246
ML-KEM-1024,keygen,373,39683,106602
ML-KEM-1024,keygen,374,39558,106272
ML-KEM-1024,keygen,375,39662,106550
ML-KEM-1024,keygen,376,40336,108366
ML-KEM-1024,keygen,377,40219,108046
ML-KEM-1024,keygen,378,39872,107110
ML-KEM-1024,keygen,379,39847,107044
ML-KEM-1024,keygen,380,40108,107744
ML-KEM-1024,keygen,381,39537,106212
ML-KEM-1024,keygen,382,39420,105894
ML-KEM-1024,keygen,383,39477,106056
ML-KEM-1024,keygen,384,41649,111896
ML-KEM-1024,keygen,385,40054,107600
ML-KEM-1024,keygen,386,39586,106340
ML-KEM-1024,keygen,387,39888,107152
ML-KEM-1024,keygen,388,39242,105420
ML-KEM-1024,keygen,389,39743,106764
ML-KEM-1024,keygen,390,39624,106444
ML-KEM-1024,keygen,391,39906,107192
ML-KEM-1024,keygen,392,40331,108346
ML-KEM-1024,keygen,393,39865,107090
ML-KEM-1024,keygen,394,39866,107094
ML-KEM-1024,keygen,395,40423,108588
ML-KEM-1024,keygen,396,40025,107518
ML-KEM-1024,keygen,397,39605,106388
ML-KEM-1024,keygen,398,39864,107082
ML-KEM-1024,keygen,399,39434,105926
ML-KEM-1024,keygen,400,39934,107274
ML-KEM-1024,keygen,401,39949,107314
ML-KEM-1024,keygen,402,39404,105848
ML-KEM-1024,keygen,403,39878,107124
ML-KEM-1024,keygen,404,40125,107790
ML-KEM-1024,keygen,405,39628,106450
ML-KEM-1024,keygen,406,39765,106828
ML-KEM-1024,keygen,407,39778,106864
ML-KEM-1024,keygen,408,41540,111604
ML-KEM-1024,keygen,409,40135,107824
ML-KEM-1024,keygen,410,39713,106694
ML-KEM-1024,keygen,411,39884,107150
ML-KEM-1024,keygen,412,39579,106334
ML-KEM-1024,keygen,413,39517,106168
ML-KEM-1024,keygen,414,39800,106930
ML-KEM-1024,keygen,415,39839,107032
ML-KEM-1024,keygen,416,39673,106584
ML-KEM-1024,keygen,417,39627,106466
ML-KEM-1024,keygen,418,39182,105270
ML-KEM-1024,keygen,419,39779,106870
ML-KEM-1024,keygen,420,40932,109970
ML-KEM-1024,keygen,421,39919,107248
ML-KEM-1024,keygen,422,39916,107236
ML-KEM-1024,keygen,423,39908,107212
ML-KEM-1024,keygen,424,40095,107720
ML-KEM-1024,keygen,425,39613,106422
ML-KEM-1024,keygen,426,39819,106972
ML-KEM-1024,keygen,427,39597,106374
ML-KEM-1024,keygen,428,39616,106436
ML-KEM-1024,keygen,429,39447,105976
ML-KEM-1024,keygen,430,39854,107074
ML-KEM-1024,keygen,431,39520,106176
ML-KEM-1024,keygen,432,39375,105782
ML-KEM-1024,keygen,433,40916,109924
ML-KEM-1024,keygen,434,40293,108246
ML-KEM-1024,keygen,435,39997,107458
ML-KEM-1024,keygen,436,40034,107560
ML-KEM-1024,keygen,437,39844,107046
ML-KEM-1024,keygen,438,39597,106384
ML-KEM-1024,keygen,439,39663,106560
ML-KEM-1024,keygen,440,39508,106146
ML-KEM-1024,keygen,441,40168,107914
ML-KEM-1024,keygen,442,39885,107156
ML-KEM-1024,keygen,443,39455,105996
ML-KEM-1024,keygen,444,39814,106964
ML-KEM-1024,keygen,445,39800,106928
ML-KEM-1024,keygen,446,39564,106292
ML-KEM-1024,keygen,447,39893,107178
ML-KEM-1024,keygen,448,39994,107446
ML-KEM-1024,keygen,449,39505,106136
ML-KEM-1024,keygen,450,40519,108856
ML-KEM-1024,keygen,451,39886,107164
ML-KEM-1024,keygen,452,39851,107070
ML-KEM-1024,keygen,453,39907,107216
ML-KEM-1024,keygen,454,39567,106296
ML-KEM-1024,keygen,455,40091,107704
ML-KEM-1024,keygen,456,39921,107252
ML-KEM-1024,keygen,457,40160,107894
ML-KEM-1024,keygen,458,41166,110598
ML-KEM-1024,keygen,459,40248,108130
ML-KEM-1024,keygen,460,39508,106142
ML-KEM-1024,keygen,461,39442,105962
ML-KEM-1024,keygen,462,39902,107200
ML-KEM-1024,keygen,463,39826,106996
ML-KEM-1024,keygen,464,40686,109306
ML-KEM-1024,keygen,465,39572,106318
ML-KEM-1024,keygen,466,39465,106024
ML-KEM-1024,keygen,467,39494,106098
ML-KEM-1024,keygen,468,39599,106382
ML-KEM-1024,keygen,469,39490,106086
ML-KEM-1024,keygen,470,39840,107028
ML-KEM-1024,keygen,471,39652,106524
ML-KEM-1024,keygen,472,39582,106336
ML-KEM-1024,keygen,473,39626,106454
ML-KEM-1024,keygen,474,41218,110736
ML-KEM-1024,keygen,475,40103,107736
ML-KEM-1024,keygen,476,40115,107760
ML-KEM-1024,keygen,477,39852,107062
ML-KEM-1024,keygen,478,39770,106842
ML-KEM-1024,keygen,479,39578,106326
ML-KEM-1024,keygen,480,39592,106360
ML-KEM-1024,keygen,481,39890,107158
ML-KEM-1024,keygen,482,39861,107084
ML-KEM-1024,keygen,483,42042,112954
ML-KEM-1024,keygen,484,39641,106488
ML-KEM-1024,keygen,485,39294,105558
ML-KEM-1024,keygen,486,39729,106724
ML-KEM-1024,keygen,487,40352,108404
ML-KEM-1024,keygen,488,39400,105848
ML-KEM-1024,keygen,489,40005,107476
ML-KEM-1024,keygen,490,39739,106758
ML-KEM-1024,keygen,491,39834,107014
ML-KEM-1024,keygen,492,40144,107850
ML-KEM-1024,keygen,493,39887,107158
ML-KEM-1024,keygen,494,39671,106576
ML-KEM-1024,keygen,495,39597,106374
ML-KEM-1024,keygen,496,40174,107926
ML-KEM-1024,keygen,497,40230,108076
ML-KEM-1024,keygen,498,39679,106600
ML-KEM-1024,keygen,499,39797,106916
ML-KEM-1024,keygen,500,39793,106900
ML-KEM-1024,keygen,501,39659,106538
ML-KEM-1024,keygen,502,39619,106438
ML-KEM-1024,keygen,503,40086,107690
ML-KEM-1024,keygen,504,40541,108918
ML-KEM-1024,keygen,505,40216,108042
ML-KEM-1024,keygen,506,39926,107264
ML-KEM-1024,keygen,507,39602,106394
ML-KEM-1024,keygen,508,42019,112886
ML-KEM-1024,keygen,509,39761,106822
ML-KEM-1024,keygen,510,40160,107890
ML-KEM-1024,keygen,511,40513,108844
ML-KEM-1024,keygen,512,39599,106388
ML-KEM-1024,keygen,513,40342,108386
ML-KEM-1024,keygen,514,40032,107550
ML-KEM-1024,keygen,515,39783,106882
ML-KEM-1024,keygen,516,39694,106642
ML-KEM-1024,keygen,517,40098,107732
ML-KEM-1024,keygen,518,40134,107828
ML-KEM-1024,keygen,519,40128,107808
ML-KEM-1024,keygen,520,39767,106838
ML-KEM-1024,keygen,521,40455,108686
ML-KEM-1024,keygen,522,39668,106576
ML-KEM-1024,keygen,523,40204,108014
ML-KEM-1024,keygen,524,40993,110136
ML-KEM-1024,keygen,525,39770,106846
ML-KEM-1024,keygen,526,39882,107150
ML-KEM-1024,keygen,527,39754,106804
ML-KEM-1024,keygen,528,39839,107034
ML-KEM-1024,keygen,529,39541,106226
ML-KEM-1024,keygen,530,39789,106896
ML-KEM-1024,keygen,531,40775,109548
ML-KEM-1024,keygen,532,41796,112290
ML-KEM-1024,keygen,533,40576,109008
ML-KEM-1024,keygen,534,39997,107448
ML-KEM-1024,keygen,535,39748,106782
ML-KEM-1024,keygen,536,40750,109478
ML-KEM-1024,keygen,537,40061,107630
ML-KEM-1024,keygen,538,40211,108030
ML-KEM-1024,keygen,539,40200,108002
ML-KEM-1024,keygen,540,40360,108432
ML-KEM-1024,keygen,541,40368,108450
ML-KEM-1024,keygen,542,40221,108058
ML-KEM-1024,keygen,543,39799,106924
ML-KEM-1024,keygen,544,40199,107996
ML-KEM-1024,keygen,545,39941,107308
ML-KEM-1024,keygen,546,39454,105996
ML-KEM-1024,keygen,547,39939,107300
ML-KEM-1024,keygen,548,39665,106568
ML-KEM-1024,keygen,549,40495,108796
ML-KEM-1024,keygen,550,40055,107614
ML-KEM-1024,keygen,551,39695,106644
ML-KEM-1024,keygen,552,40250,108132
ML-KEM-1024,keygen,553,40400,108542
ML-KEM-1024,keygen,554,40891,109862
ML-KEM-1024,keygen,555,40253,108144
ML-KEM-1024,keygen,556,39498,106116
ML-KEM-1024,keygen,557,41664,111938
ML-KEM-1024,keygen,558,40113,107768
ML-KEM-1024,keygen,559,40188,107966
ML-KEM-1024,keygen,560,39817,106976
ML-KEM-1024,keygen,561,39728,106734
ML-KEM-1024,keygen,562,40450,108678
ML-KEM-1024,keygen,563,39633,106478
ML-KEM-1024,keygen,564,40257,108158
ML-KEM-1024,keygen,565,39241,105424
ML-KEM-1024,keygen,566,39809,106950
ML-KEM-1024,keygen,567,39514,106160
ML-KEM-1024,keygen,568,39962,107364
ML-KEM-1024,keygen,569,39325,105652
ML-KEM-1024,keygen,570,39875,107130
ML-KEM-1024,keygen,571,40079,107676
ML-KEM-1024,keygen,572,40647,109192
ML-KEM-1024,keygen,573,39462,106000
ML-KEM-1024,keygen,574,39998,107450
ML-KEM-1024,keygen,575,39946,107302
ML-KEM-1024,keygen,576,40241,108098
ML-KEM-1024,keygen,577,39263,105474
ML-KEM-1024,keygen,578,39671,106576
ML-KEM-1024,keygen,579,39614,106424
ML-KEM-1024,keygen,580,40317,108304
ML-KEM-1024,keygen,581,42346,113768
ML-KEM-1024,keygen,582,39317,105618
ML-KEM-1024,keygen,583,39817,106966
ML-KEM-1024,keygen,584,39297,105568
ML-KEM-1024,keygen,585,39898,107194
ML-KEM-1024,keygen,586,39965,107362
ML-KEM-1024,keygen,587,40455,108686
ML-KEM-1024,keygen,588,40244,108120
ML-KEM-1024,keygen,589,39645,106506
ML-KEM-1024,keygen,590,40419,108590
ML-KEM-1024,keygen,591,40506,108816
ML-KEM-1024,keygen,592,39759,106808
ML-KEM-1024,keygen,593,39721,106704
ML-KEM-1024,keygen,594,39903,107196
ML-KEM-1024,keygen,595,39590,106358
ML-KEM-1024,keygen,596,40687,109308
ML-KEM-1024,keygen,597,39936,107292
ML-KEM-1024,keygen,598,39967,107372
ML-KEM-1024,keygen,599,40126,107804
ML-KEM-1024,keygen,600,39493,106100
ML-KEM-1024,keygen,601,40034,107560
ML-KEM-1024,keygen,602,39625,106460
ML-KEM-1024,keygen,603,39652,106532
ML-KEM-1024,keygen,604,40088,107702
ML-KEM-1024,keygen,605,39602,106398
ML-KEM-1024,keygen,606,42186,113342
ML-KEM-1024,keygen,607,40613,109110
ML-KEM-1024,keygen,608,40639,109178
ML-KEM-1024,keygen,609,39914,107238
ML-KEM-1024,keygen,610,39851,107066
ML-KEM-1024,keygen,611,39474,106054
ML-KEM-1024,keygen,612,40166,107912
ML-KEM-1024,keygen,613,39726,106728
ML-KEM-1024,keygen,614,39431,105934
ML-KEM-1024,keygen,615,39974,107398
ML-KEM-1024,keygen,616,40127,107806
ML-KEM-1024,keygen,617,40124,107802
ML-KEM-1024,keygen,618,39941,107308
ML-KEM-1024,keygen,619,39910,107224
ML-KEM-1024,keygen,620,39545,106238
ML-KEM-1024,keygen,621,39759,106820
ML-KEM-1024,keygen,622,39531,106202
ML-KEM-1024,keygen,623,39570,106304
ML-KEM-1024,keygen,624,40176,107938
ML-KEM-1024,keygen,625,39841,107042
ML-KEM-1024,keygen,626,39558,106276
ML-KEM-1024,keygen,627,40169,107922
ML-KEM-1024,keygen,628,39322,105642
ML-KEM-1024,keygen,629,39174,105242
ML-KEM-1024,keygen,630,39921,107256
ML-KEM-1024,keygen,631,41151,110558
ML-KEM-1024,keygen,632,40459,108690
ML-KEM-1024,keygen,633,40079,107672
ML-KEM-1024,keygen,634,39428,105924
ML-KEM-1024,keygen,635,39621,106444
ML-KEM-1024,keygen,636,39698,106652
ML-KEM-1024,keygen,637,39531,106200
ML-KEM-1024,keygen,638,39849,107052
ML-KEM-1024,keygen,639,39464,106018
ML-KEM-1024,keygen,640,40648,109198
ML-KEM-1024,keygen,641,40269,108182
ML-KEM-1024,keygen,642,39615,106420
ML-KEM-1024,keygen,643,39877,107124
ML-KEM-1024,keygen,644,39767,106836
ML-KEM-1024,keygen,645,39670,106574
ML-KEM-1024,keygen,646,39971,107380
ML-KEM-1024,keygen,647,39882,107140
ML-KEM-1024,keygen,648,39700,106652
ML-KEM-1024,keygen,649,39194,105288
ML-KEM-1024,keygen,650,40446,108656
ML-KEM-1024,keygen,651,40035,107552
ML-KEM-1024,keygen,652,39980,107406
ML-KEM-1024,keygen,653,39592,106360
ML-KEM-1024,keygen,654,40254,108136
ML-KEM-1024,keygen,655,40410,108562
ML-KEM-1024,keygen,656,41288,110924
ML-KEM-1024,keygen,657,39537,106220
ML-KEM-1024,keygen,658,39826,106992
ML-KEM-1024,keygen,659,40023,107526
ML-KEM-1024,keygen,660,39740,106768
ML-KEM-1024,keygen,661,39364,105758
ML-KEM-1024,keygen,662,39899,107190
ML-KEM-1024,keygen,663,39528,106196
ML-KEM-1024,keygen,664,40340,108380
ML-KEM-1024,keygen,665,39659,106546
ML-KEM-1024,keygen,666,40159,107892
ML-KEM-1024,keygen,667,39482,106074
ML-KEM-1024,keygen,668,39178,105260
ML-KEM-1024,keygen,669,40162,107902
ML-KEM-1024,keygen,670,39675,106590
ML-KEM-1024,keygen,671,40069,107652
ML-KEM-1024,keygen,672,39263,105486
ML-KEM-1024,keygen,673,40338,108378
ML-KEM-1024,keygen,674,39340,105692
ML-KEM-1024,keygen,675,39966,107374
ML-KEM-1024,keygen,676,40139,107842
ML-KEM-1024,keygen,677,40206,108012
ML-KEM-1024,keygen,678,40075,107666
ML-KEM-1024,keygen,679,40101,107734
ML-KEM-1024,keygen,680,40113,107768
ML-KEM-1024,keygen,681,41296,110946
ML-KEM-1024,keygen,682,39315,105624
ML-KEM-1024,keygen,683,39624,106458
ML-KEM-1024,keygen,684,39157,105198
ML-KEM-1024,keygen,685,40151,107872
ML-KEM-1024,keygen,686,39426,105922
ML-KEM-1024,keygen,687,39859,107086
ML-KEM-1024,keygen,688,40296,108258
ML-KEM-1024,keygen,689,40026,107530
ML-KEM-1024,keygen,690,39985,107422
ML-KEM-1024,keygen,691,40109,107760
ML-KEM-1024,keygen,692,39942,107306
ML-KEM-1024,keygen,693,40278,108212
ML-KEM-1024,keygen,694,40332,108354
ML-KEM-1024,keygen,695,39764,106832
ML-KEM-1024,keygen,696,39358,105736
ML-KEM-1024,keygen,697,39677,106596
ML-KEM-1024,keygen,698,40037,107558
ML-KEM-1024,keygen,699,39304,105590
ML-KEM-1024,keygen,700,40488,108778
ML-KEM-1024,keygen,701,39247,105440
ML-KEM-1024,keygen,702,39608,106412
ML-KEM-1024,keygen,703,39981,107416
ML-KEM-1024,keygen,704,39794,106912
ML-KEM-1024,keygen,705,41408,111244
ML-KEM-1024,keygen,706,39857,107080
ML-KEM-1024,keygen,707,40357,108422
ML-KEM-1024,keygen,708,40446,108658
ML-KEM-1024,keygen,709,40036,107566
ML-KEM-1024,keygen,710,39685,106614
ML-KEM-1024,keygen,711,40030,107540
ML-KEM-1024,keygen,712,40496,108792
ML-KEM-1024,keygen,713,39391,105824
ML-KEM-1024,keygen,714,39923,107256
ML-KEM-1024,keygen,715,39972,107378
ML-KEM-1024,keygen,716,39299,105570
ML-KEM-1024,keygen,717,40283,108220
ML-KEM-1024,keygen,718,39659,106544
ML-KEM-1024,keygen,719,40515,108838
ML-KEM-1024,keygen,720,40716,109378
ML-KEM-1024,keygen,721,41045,110272
ML-KEM-1024,keygen,722,40143,107838
ML-KEM-1024,keygen,723,40202,108002
ML-KEM-1024,keygen,724,40391,108506
ML-KEM-1024,keygen,725,39794,106898
ML-KEM-1024,keygen,726,40312,108288
ML-KEM-1024,keygen,727,40230,108074
ML-KEM-1024,keygen,728,39639,106482
ML-KEM-1024,keygen,729,40332,108344
ML-KEM-1024,keygen,730,43726,117474
ML-KEM-1024,keygen,731,39852,107062
ML-KEM-1024,keygen,732,40387,108500
ML-KEM-1024,keygen,733,40288,108228
ML-KEM-1024,keygen,734,40306,108276
ML-KEM-1024,keygen,735,39960,107360
ML-KEM-1024,keygen,736,40078,107674
ML-KEM-1024,keygen,737,39896,107188
ML-KEM-1024,keygen,738,39726,106730
ML-KEM-1024,keygen,739,39759,106820
ML-KEM-1024,keygen,740,40162,107902
ML-KEM-1024,keygen,741,40822,109676
ML-KEM-1024,keygen,742,39933,107286
ML-KEM-1024,keygen,743,39870,107116
ML-KEM-1024,keygen,744,40386,108502
ML-KEM-1024,keygen,745,40600,109076
ML-KEM-1024,keygen,746,40218,108050
ML-KEM-1024,keygen,747,40024,107534
ML-KEM-1024,keygen,748,40162,107900
ML-KEM-1024,keygen,749,40135,107826
ML-KEM-1024,keygen,750,40118,107782
ML-KEM-1024,keygen,751,40490,108780
ML-KEM-1024,keygen,752,39827,107000
ML-KEM-1024,keygen,753,40302,108278
ML-KEM-1024,keygen,754,39724,106722
ML-KEM-1024,keygen,755,41346,111078
ML-KEM-1024,keygen,756,39764,106824
ML-KEM-1024,keygen,757,40362,108434
ML-KEM-1024,keygen,758,39656,106538
ML-KEM-1024,keygen,759,40281,108216
ML-KEM-1024,keygen,760,39708,106674
ML-KEM-1024,keygen,761,39930,107274
ML-KEM-1024,keygen,762,40088,107696
ML-KEM-1024,keygen,763,39988,107430
ML-KEM-1024,keygen,764,40752,109482
ML-KEM-1024,keygen,765,40052,107596
ML-KEM-1024,keygen,766,40257,108150
ML-KEM-1024,keygen,767,40542,108920
ML-KEM-1024,keygen,768,40233,108086
ML-KEM-1024,keygen,769,39569,106312
ML-KEM-1024,keygen,770,40318,108318
ML-KEM-1024,keygen,771,39901,107194
ML-KEM-1024,keygen,772,40293,108244
ML-KEM-1024,keygen,773,40442,108642
ML-KEM-1024,keygen,774,39767,106836
ML-KEM-1024,keygen,775,40392,108516
ML-KEM-1024,keygen,776,39739,106762
ML-KEM-1024,keygen,777,39971,107380
ML-KEM-1024,keygen,778,40288,108234
ML-KEM-1024,keygen,779,41822,112356
ML-KEM-1024,keygen,780,40343,108382
ML-KEM-1024,keygen,781,39834,107016
ML-KEM-1024,keygen,782,39686,106620
ML-KEM-1024,keygen,783,40000,107462
ML-KEM-1024,keygen,784,40273,108190
ML-KEM-1024,keygen,785,40185,107958
ML-KEM-1024,keygen,786,40066,107638
ML-KEM-1024,keygen,787,40306,108280
ML-KEM-1024,keygen,788,39721,106710
ML-KEM-1024,keygen,789,40593,109056
ML-KEM-1024,keygen,790,40128,107808
ML-KEM-1024,keygen,791,39804,106932
ML-KEM-1024,keygen,792,39945,107312
ML-KEM-1024,keygen,793,39873,107116
ML-KEM-1024,keygen,794,39902,107196
ML-KEM-1024,keygen,795,39809,106944
ML-KEM-1024,keygen,796,39431,105930
ML-KEM-1024,keygen,797,40244,108108
ML-KEM-1024,keygen,798,40022,107520
ML-KEM-1024,keygen,799,39492,106084
ML-KEM-1024,keygen,800,39990,107424
ML-KEM-1024,keygen,801,40049,107592
ML-KEM-1024,keygen,802,39784,106864
ML-KEM-1024,keygen,803,40146,107854
ML-KEM-1024,keygen,804,42580,114394
ML-KEM-1024,keygen,805,40194,107974
ML-KEM-1024,keygen,806,40055,107604
ML-KEM-1024,keygen,807,39822,106982
ML-KEM-1024,keygen,808,40056,107606
ML-KEM-1024,keygen,809,39967,107370
ML-KEM-1024,keygen,810,39783,106872
ML-KEM-1024,keygen,811,39826,106994
ML-KEM-1024,keygen,812,40187,107964
ML-KEM-1024,keygen,813,39970,107376
ML-KEM-1024,keygen,814,39653,106528
ML-KEM-1024,keygen,815,40526,108874
ML-KEM-1024,keygen,816,39835,107016
ML-KEM-1024,keygen,817,39566,106290
ML-KEM-1024,keygen,818,40015,107504
ML-KEM-1024,keygen,819,40474,108736
ML-KEM-1024,keygen,820,39788,106890
ML-KEM-1024,keygen,821,40364,108436
ML-KEM-1024,keygen,822,40301,108268
ML-KEM-1024,keygen,823,40188,107958
ML-KEM-1024,keygen,824,40148,107858
ML-KEM-1024,keygen,825,40719,109394
ML-KEM-1024,keygen,826,39998,107456
ML-KEM-1024,keygen,827,40154,107874
ML-KEM-1024,keygen,828,40385,108498
ML-KEM-1024,keygen,829,42293,113620
ML-KEM-1024,keygen,830,40308,108290
ML-KEM-1024,keygen,831,40119,107788
ML-KEM-1024,keygen,832,40281,108218
ML-KEM-1024,keygen,833,39963,107362
ML-KEM-1024,keygen,834,39823,106986
ML-KEM-1024,keygen,835,40427,108608
ML-KEM-1024,keygen,836,39858,107080
ML-KEM-1024,keygen,837,40745,109464
ML-KEM-1024,keygen,838,40273,108194
ML-KEM-1024,keygen,839,40175,107932
ML-KEM-1024,keygen,840,40192,107976
ML-KEM-1024,keygen,841,40291,108242
ML-KEM-1024,keygen,842,40478,108744
ML-KEM-1024,keygen,843,39797,106912
ML-KEM-1024,keygen,844,40629,109148
ML-KEM-1024,keygen,845,39617,106430
ML-KEM-1024,keygen,846,39816,106964
ML-KEM-1024,keygen,847,40464,108708
ML-KEM-1024,keygen,848,41179,110630
ML-KEM-1024,keygen,849,40365,108442
ML-KEM-1024,keygen,850,40909,109904
ML-KEM-1024,keygen,851,40038,107562
ML-KEM-1024,keygen,852,39810,106948
ML-KEM-1024,keygen,853,40931,109964
ML-KEM-1024,keygen,854,40245,108124
ML-KEM-1024,keygen,855,39970,107380
ML-KEM-1024,keygen,856,39778,106864
ML-KEM-1024,keygen,857,40133,107816
ML-KEM-1024,keygen,858,41270,110876
ML-KEM-1024,keygen,859,39614,106418
ML-KEM-1024,keygen,860,39953,107336
ML-KEM-1024,keygen,861,40410,108562
ML-KEM-1024,keygen,862,39706,106666
ML-KEM-1024,keygen,863,39544,106232
ML-KEM-1024,keygen,864,39532,106200
ML-KEM-1024,keygen,865,40900,109880
ML-KEM-1024,keygen,866,39938,107296
ML-KEM-1024,keygen,867,39827,106994
ML-KEM-1024,keygen,868,40281,108216
ML-KEM-1024,keygen,869,39533,106206
ML-KEM-1024,keygen,870,39526,106190
ML-KEM-1024,keygen,871,40195,107984
ML-KEM-1024,keygen,872,39319,105626
ML-KEM-1024,keygen,873,39971,107380
ML-KEM-1024,keygen,874,40218,108048
ML-KEM-1024,keygen,875,40321,108318
ML-KEM-1024,keygen,876,39646,106510
ML-KEM-1024,keygen,877,39602,106392
ML-KEM-1024,keygen,878,41491,111468
ML-KEM-1024,keygen,879,40340,108374
ML-KEM-1024,keygen,880,40360,108432
ML-KEM-1024,keygen,881,40136,107832
ML-KEM-1024,keygen,882,39614,106428
ML-KEM-1024,keygen,883,40108,107756
ML-KEM-1024,keygen,884,40266,108184
ML-KEM-1024,keygen,885,40229,108078
ML-KEM-1024,keygen,886,40490,108786
ML-KEM-1024,keygen,887,39649,106518
ML-KEM-1024,keygen,888,39474,106052
ML-KEM-1024,keygen,889,40077,107674
ML-KEM-1024,keygen,890,39804,106934
ML-KEM-1024,keygen,891,39942,107310
ML-KEM-1024,keygen,892,39769,106846
ML-KEM-1024,keygen,893,40175,107932
ML-KEM-1024,keygen,894,39913,107234
ML-KEM-1024,keygen,895,39910,107224
ML-KEM-1024,keygen,896,39682,106614
ML-KEM-1024,keygen,897,39632,106478
ML-KEM-1024,keygen,898,39980,107410
ML-KEM-1024,keygen,899,39690,106630
ML-KEM-1024,keygen,900,40261,108166
ML-KEM-1024,keygen,901,39739,106762
ML-KEM-1024,keygen,902,40826,109688
ML-KEM-1024,keygen,903,41976,112770
ML-KEM-1024,keygen,904,40297,108266
ML-KEM-1024,keygen,905,39873,107120
ML-KEM-1024,keygen,906,39750,106788
ML-KEM-1024,keygen,907,40096,107720
ML-KEM-1024,keygen,908,39762,106820
ML-KEM-1024,keygen,909,40120,107782
ML-KEM-1024,keygen,910,39997,107456
ML-KEM-1024,keygen,911,39502,106120
ML-KEM-1024,keygen,912,39457,106000
ML-KEM-1024,keygen,913,40409,108550
ML-KEM-1024,keygen,914,39630,106456
ML-KEM-1024,keygen,915,39886,107146
ML-KEM-1024,keygen,916,39754,106790
ML-KEM-1024,keygen,917,40254,108134
ML-KEM-1024,keygen,918,39373,105762
ML-KEM-1024,keygen,919,39938,107284
ML-KEM-1024,keygen,920,40296,108252
ML-KEM-1024,keygen,921,39985,107416
ML-KEM-1024,keygen,922,40149,107856
ML-KEM-1024,keygen,923,39913,107228
ML-KEM-1024,keygen,924,40241,108104
ML-KEM-1024,keygen,925,40035,107544
ML-KEM-1024,keygen,926,39680,106596
ML-KEM-1024,keygen,927,41760,112194
ML-KEM-1024,keygen,928,40268,108174
ML-KEM-1024,keygen,929,39802,106926
ML-KEM-1024,keygen,930,39947,107312
ML-KEM-1024,keygen,931,39750,106790
ML-KEM-1024,keygen,932,40190,107968
ML-KEM-1024,keygen,933,39949,107326
ML-KEM-1024,keygen,934,40141,107836
ML-KEM-1024,keygen,935,40100,107728
ML-KEM-1024,keygen,936,40210,108020
ML-KEM-1024,keygen,937,39606,106400
ML-KEM-1024,keygen,938,39961,107356
ML-KEM-1024,keygen,939,40086,107692
ML-KEM-1024,keygen,940,40523,108866
ML-KEM-1024,keygen,941,39994,107446
ML-KEM-1024,keygen,942,39774,106852
ML-KEM-1024,keygen,943,39854,107064
ML-KEM-1024,keygen,944,40056,107618
ML-KEM-1024,keygen,945,39790,106902
ML-KEM-1024,keygen,946,39638,106490
ML-KEM-1024,keygen,947,40246,108130
ML-KEM-1024,keygen,948,39759,106818
ML-KEM-1024,keygen,949,39316,105626
ML-KEM-1024,keygen,950,40429,108618
ML-KEM-1024,keygen,951,39851,107062
ML-KEM-1024,keygen,952,41550,111630
ML-KEM-1024,keygen,953,39680,106604
ML-KEM-1024,keygen,954,40277,108208
ML-KEM-1024,keygen,955,39711,106688
ML-KEM-1024,keygen,956,40163,107904
ML-KEM-1024,keygen,957,39943,107312
ML-KEM-1024,keygen,958,39952,107334
ML-KEM-1024,keygen,959,39988,107422
ML-KEM-1024,keygen,960,40470,108724
ML-KEM-1024,keygen,961,39322,105638
ML-KEM-1024,keygen,962,40045,107582
ML-KEM-1024,keygen,963,39781,106874
ML-KEM-1024,keygen,964,40054,107604
ML-KEM-1024,keygen,965,40309,108288
ML-KEM-1024,keygen,966,39779,106868
ML-KEM-1024,keygen,967,39673,106580
ML-KEM-1024,keygen,968,39921,107248
ML-KEM-1024,keygen,969,40336,108364
ML-KEM-1024,keygen,970,39751,106792
ML-KEM-1024,keygen,971,40197,107990
ML-KEM-1024,keygen,972,39607,106402
ML-KEM-1024,keygen,973,40371,108458
ML-KEM-1024,keygen,974,39697,106646
ML-KEM-1024,keygen,975,39812,106954
ML-KEM-1024,keygen,976,39499,106110
ML-KEM-1024,keygen,977,41032,110234
ML-KEM-1024,keygen,978,39871,107112
ML-KEM-1024,keygen,979,39391,105830
ML-KEM-1024,keygen,980,39639,106490
ML-KEM-1024,keygen,981,39650,106518
ML-KEM-1024,keygen,982,40336,108362
ML-KEM-1024,keygen,983,39921,107250
ML-KEM-1024,keygen,984,40093,107712
ML-KEM-1024,keygen,985,39569,106302
ML-KEM-1024,keygen,986,39998,107456
ML-KEM-1024,keygen,987,39474,106046
ML-KEM-1024,keygen,988,39592,106362
ML-KEM-1024,keygen,989,40704,109354
ML-KEM-1024,keygen,990,40443,108650
ML-KEM-1024,keygen,991,40013,107490
ML-KEM-1024,keygen,992,40587,109038
ML-KEM-1024,keygen,993,40471,108728
ML-KEM-1024,keygen,994,39762,106824
ML-KEM-1024,keygen,995,40354,108412
ML-KEM-1024,keygen,996,39632,106472
ML-KEM-1024,keygen,997,39826,106992
ML-KEM-1024,keygen,998,40076,107668
ML-KEM-1024,keygen,999,40148,107858
ML-KEM-1024,encap,0,19564,52502
ML-KEM-1024,encap,1,19377,51998
ML-KEM-1024,encap,2,19541,52452
ML-KEM-1024,encap,3,19363,51978
ML-KEM-1024,encap,4,19416,52118
ML-KEM-1024,encap,5,19653,52756
ML-KEM-1024,encap,6,19414,52112
ML-KEM-1024,encap,7,19578,52558
ML-KEM-1024,encap,8,19374,52004
ML-KEM-1024,encap,9,19459,52234
ML-KEM-1024,encap,10,19302,51814
ML-KEM-1024,encap,11,19409,52096
ML-KEM-1024,encap,12,19454,52226
ML-KEM-1024,encap,13,19564,52520
ML-KEM-1024,encap,14,19454,52224
ML-KEM-1024,encap,15,19333,51898
ML-KEM-1024,encap,16,19510,52378
ML-KEM-1024,encap,17,19439,52186
ML-KEM-1024,encap,18,19817,53196
ML-KEM-1024,encap,19,19306,51820
ML-KEM-1024,encap,20,19524,52410
ML-KEM-1024,encap,21,19473,52272
ML-KEM-1024,encap,22,19684,52836
ML-KEM-1024,encap,23,19565,52520
ML-KEM-1024,encap,24,19732,52968
ML-KEM-1024,encap,25,19422,52132
ML-KEM-1024,encap,26,19514,52384
ML-KEM-1024,encap,27,19455,52220
ML-KEM-1024,encap,28,19386,52034
ML-KEM-1024,encap,29,19581,52570
ML-KEM-1024,encap,30,19642,52726
ML-KEM-1024,encap,31,19317,51852
ML-KEM-1024,encap,32,19410,52106
ML-KEM-1024,encap,33,19530,52430
ML-KEM-1024,encap,34,19311,51844
ML-KEM-1024,encap,35,19332,51896
ML-KEM-1024,encap,36,19499,52342
ML-KEM-1024,encap,37,19407,52096
ML-KEM-1024,encap,38,19374,52004
ML-KEM-1024,encap,39,19455,52222
ML-KEM-1024,encap,40,19361,51976
ML-KEM-1024,encap,41,19471,52262
ML-KEM-1024,encap,42,19643,52732
ML-KEM-1024,encap,43,19691,52860
ML-KEM-1024,encap,44,19496,52336
ML-KEM-1024,encap,45,19346,51928
ML-KEM-1024,encap,46,19214,51580
ML-KEM-1024,encap,47,19489,52320
ML-KEM-1024,encap,48,19328,51876
ML-KEM-1024,encap,49,19497,52336
ML-KEM-1024,encap,50,19441,52182
ML-KEM-1024,encap,51,19323,51868
ML-KEM-1024,encap,52,19262,51702
ML-KEM-1024,encap,53,19314,51844
ML-KEM-1024,encap,54,19441,52188
ML-KEM-1024,encap,55,19409,52100
ML-KEM-1024,encap,56,19346,51928
ML-KEM-1024,encap,57,19490,52314
ML-KEM-1024,encap,58,19280,51748
ML-KEM-1024,encap,59,19294,51786
ML-KEM-1024,encap,60,19410,52100
ML-KEM-1024,encap,61,19414,52114
ML-KEM-1024,encap,62,19303,51810
ML-KEM-1024,encap,63,19549,52476
ML-KEM-1024,encap,64,19466,52256
ML-KEM-1024,encap,65,19591,52590
ML-KEM-1024,encap,66,19265,51716
ML-KEM-1024,encap,67,19549,52476
ML-KEM-1024,encap,68,19309,51834
ML-KEM-1024,encap,69,19669,52794
ML-KEM-1024,encap,70,19294,51796
ML-KEM-1024,encap,71,19527,52418
ML-KEM-1024,encap,72,19283,51762
ML-KEM-1024,encap,73,19326,51874
ML-KEM-1024,encap,74,19296,51796
ML-KEM-1024,encap,75,19286,51770
ML-KEM-1024,encap,76,19400,52076
ML-KEM-1024,encap,77,19331,51890
ML-KEM-1024,encap,78,19446,52196
ML-KEM-1024,encap,79,19307,51820
ML-KEM-1024,encap,80,19510,52368
ML-KEM-1024,encap,81,19282,51758
ML-KEM-1024,encap,82,19302,51808
ML-KEM-1024,encap,83,19437,52180
ML-KEM-1024,encap,84,19588,52578
ML-KEM-1024,encap,85,19359,51962
ML-KEM-1024,encap,86,19480,52290
ML-KEM-1024,encap,87,19389,52050
ML-KEM-1024,encap,88,19344,51932
ML-KEM-1024,encap,89,19756,53032
ML-KEM-1024,encap,90,19619,52668
ML-KEM-1024,encap,91,19458,52232
ML-KEM-1024,encap,92,19630,52698
ML-KEM-1024,encap,93,19585,52568
ML-KEM-1024,encap,94,19439,52184
ML-KEM-1024,encap,95,19477,52282
ML-KEM-1024,encap,96,19575,52546
ML-KEM-1024,encap,97,20877,56030
ML-KEM-1024,encap,98,19594,52592
ML-KEM-1024,encap,99,19490,52318
ML-KEM-1024,encap,100,19541,52452
ML-KEM-1024,encap,101,19418,52124
ML-KEM-1024,encap,102,19512,52382
ML-KEM-1024,encap,103,19535,52440
ML-KEM-1024,encap,104,19507,52366
ML-KEM-1024,encap,105,19396,52074
ML-KEM-1024,encap,106,19410,52104
ML-KEM-1024,encap,107,19500,52344
ML-KEM-1024,encap,108,19380,52018
ML-KEM-1024,encap,109,19462,52242
ML-KEM-1024,encap,110,19304,51818
ML-KEM-1024,encap,111,19351,51944
ML-KEM-1024,encap,112,19312,51838
ML-KEM-1024,encap,113,19419,52128
ML-KEM-1024,encap,114,19429,52150
ML-KEM-1024,encap,115,19458,52240
ML-KEM-1024,encap,116,19448,52200
ML-KEM-1024,encap,117,19428,52148
ML-KEM-1024,encap,118,19616,52658
ML-KEM-1024,encap,119,19286,51772
ML-KEM-1024,encap,120,19443,52192
ML-KEM-1024,encap,121,19416,52118
ML-KEM-1024,encap,122,19308,51824
ML-KEM-1024,encap,123,19306,51822
ML-KEM-1024,encap,124,19471,52258
ML-KEM-1024,encap,125,19503,52350
ML-KEM-1024,encap,126,19434,52168
ML-KEM-1024,encap,127,19438,52178
ML-KEM-1024,encap,128,19408,52100
ML-KEM-1024,encap,129,19422,52132
ML-KEM-1024,encap,130,19325,51872
ML-KEM-1024,encap,131,19375,52006
ML-KEM-1024,encap,132,19480,52290
ML-KEM-1024,encap,133,19373,52000
ML-KEM-1024,encap,134,19459,52238
ML-KEM-1024,encap,135,19435,52170
ML-KEM-1024,encap,136,19490,52316
ML-KEM-1024,encap,137,19501,52350
ML-KEM-1024,encap,138,19377,52010
ML-KEM-1024,encap,139,19404,52086
ML-KEM-1024,encap,140,19500,52346
ML-KEM-1024,encap,141,19390,52046
ML-KEM-1024,encap,142,19428,52148
ML-KEM-1024,encap,143,19348,51938
ML-KEM-1024,encap,144,19500,52346
ML-KEM-1024,encap,145,19441,52186
ML-KEM-1024,encap,146,19419,52124
ML-KEM-1024,encap,147,20769,55746
ML-KEM-1024,encap,148,19674,52816
ML-KEM-1024,encap,149,19677,52820
ML-KEM-1024,encap,150,19359,51968
ML-KEM-1024,encap,151,19377,52008
ML-KEM-1024,encap,152,19539,52448
ML-KEM-1024,encap,153,19275,51742
ML-KEM-1024,encap,154,19381,52032
ML-KEM-1024,encap,155,19311,51838
ML-KEM-1024,encap,156,19437,52180
ML-KEM-1024,encap,157,19259,51700
ML-KEM-1024,encap,158,19505,52360
ML-KEM-1024,encap,159,19541,52462
ML-KEM-1024,encap,160,19401,52088
ML-KEM-1024,encap,161,19599,52612
ML-KEM-1024,encap,162,19402,52084
ML-KEM-1024,encap,163,19650,52754
ML-KEM-1024,encap,164,19318,51856
ML-KEM-1024,encap,165,19452,52218
ML-KEM-1024,encap,166,19402,52082
ML-KEM-1024,encap,167,19378,52028
ML-KEM-1024,encap,168,19499,52340
ML-KEM-1024,encap,169,19691,52862
ML-KEM-1024,encap,170,19260,51698
ML-KEM-1024,encap,171,19390,52054
ML-KEM-1024,encap,172,19471,52266
ML-KEM-1024,encap,173,19341,51912
ML-KEM-1024,encap,174,19445,52200
ML-KEM-1024,encap,175,19638,52720
ML-KEM-1024,encap,176,19338,51906
ML-KEM-1024,encap,177,19514,52382
ML-KEM-1024,encap,178,19286,51772
ML-KEM-1024,encap,179,19460,52234
ML-KEM-1024,encap,180,19275,51744
ML-KEM-1024,encap,181,19417,52122
ML-KEM-1024,encap,182,19297,51800
ML-KEM-1024,encap,183,19327,51882
ML-KEM-1024,encap,184,19338,51914
ML-KEM-1024,encap,185,19341,51914
ML-KEM-1024,encap,186,19572,52540
ML-KEM-1024,encap,187,19566,52526
ML-KEM-1024,encap,188,19304,51814
ML-KEM-1024,encap,189,19502,52356
ML-KEM-1024,encap,190,19465,52256
ML-KEM-1024,encap,191,19367,51986
ML-KEM-1024,encap,192,19317,51856
ML-KEM-1024,encap,193,19453,52218
ML-KEM-1024,encap,194,19585,52572
ML-KEM-1024,encap,195,19324,51870
ML-KEM-1024,encap,196,19525,52408
ML-KEM-1024,encap,197,19502,52348
ML-KEM-1024,encap,198,21392,57416
ML-KEM-1024,encap,199,19445,52198
ML-KEM-1024,encap,200,19551,52480
ML-KEM-1024,encap,201,19500,52340
ML-KEM-1024,encap,202,19385,52036
ML-KEM-1024,encap,203,19561,52506
ML-KEM-1024,encap,204,19524,52412
ML-KEM-1024,encap,205,19591,52592
ML-KEM-1024,encap,206,19417,52120
ML-KEM-1024,encap,207,19510,52370
ML-KEM-1024,encap,208,19457,52230
ML-KEM-1024,encap,209,19472,52266
ML-KEM-1024,encap,210,19380,52020
ML-KEM-1024,encap,211,19411,52108
ML-KEM-1024,encap,212,19549,52480
ML-KEM-1024,encap,213,19465,52248
ML-KEM-1024,encap,214,19459,52230
ML-KEM-1024,encap,215,19377,52012
ML-KEM-1024,encap,216,19489,52314
ML-KEM-1024,encap,217,19559,52504
ML-KEM-1024,encap,218,19704,52892
ML-KEM-1024,encap,219,19485,52304
ML-KEM-1024,encap,220,19450,52208
ML-KEM-1024,encap,221,19572,52538
ML-KEM-1024,encap,222,19381,52024
ML-KEM-1024,encap,223,19416,52120
ML-KEM-1024,encap,224,19467,52258
ML-KEM-1024,encap,225,19323,51866
ML-KEM-1024,encap,226,19485,52302
ML-KEM-1024,encap,227,19389,52044
ML-KEM-1024,encap,228,19526,52414
ML-KEM-1024,encap,229,19516,52386
ML-KEM-1024,encap,230,19683,52836
ML-KEM-1024,encap,231,19507,52362
ML-KEM-1024,encap,232,19445,52198
ML-KEM-1024,encap,233,19634,52702
ML-KEM-1024,encap,234,19401,52076
ML-KEM-1024,encap,235,19459,52234
ML-KEM-1024,encap,236,19268,51722
ML-KEM-1024,encap,237,19227,51610
ML-KEM-1024,encap,238,19474,52268
ML-KEM-1024,encap,239,19623,52676
ML-KEM-1024,encap,240,19600,52616
ML-KEM-1024,encap,241,19506,52360
ML-KEM-1024,encap,242,19350,51942
ML-KEM-1024,encap,243,19354,51954
ML-KEM-1024,encap,244,19373,52006
ML-KEM-1024,encap,245,19264,51712
ML-KEM-1024,encap,246,19315,51846
ML-KEM-1024,encap,247,19432,52158
ML-KEM-1024,encap,248,1289826,3466984
ML-KEM-1024,encap,249,298060,800476
ML-KEM-1024,encap,250,24296,65252
ML-KEM-1024,encap,251,19700,52898
ML-KEM-1024,encap,252,19476,52300
ML-KEM-1024,encap,253,19379,52038
ML-KEM-1024,encap,254,19425,52134
ML-KEM-1024,encap,255,19323,51888
ML-KEM-1024,encap,256,19347,51952
ML-KEM-1024,encap,257,19543,52472
ML-KEM-1024,encap,258,19320,51878
ML-KEM-1024,encap,259,19387,52056
ML-KEM-1024,encap,260,19304,51832
ML-KEM-1024,encap,261,19442,52204
ML-KEM-1024,encap,262,19260,51716
ML-KEM-1024,encap,263,19279,51770
ML-KEM-1024,encap,264,19387,52054
ML-KEM-1024,encap,265,19344,51942
ML-KEM-1024,encap,266,19270,51744
ML-KEM-1024,encap,267,19229,51630
ML-KEM-1024,encap,268,19478,52298
ML-KEM-1024,encap,269,19293,51806
ML-KEM-1024,encap,270,23228,62374
ML-KEM-1024,encap,271,19555,52506
ML-KEM-1024,encap,272,20521,55104
ML-KEM-1024,encap,273,20298,54504
ML-KEM-1024,encap,274,20249,54376
ML-KEM-1024,encap,275,20189,54208
ML-KEM-1024,encap,276,20433,54864
ML-KEM-1024,encap,277,19375,52026
ML-KEM-1024,encap,278,19420,52144
ML-KEM-1024,encap,279,19295,51812
ML-KEM-1024,encap,280,19266,51728
ML-KEM-1024,encap,281,19364,51998
ML-KEM-1024,encap,282,19341,51936
ML-KEM-1024,encap,283,19454,52238
ML-KEM-1024,encap,284,19570,52550
ML-KEM-1024,encap,285,19468,52272
ML-KEM-1024,encap,286,19519,52414
ML-KEM-1024,encap,287,19190,51524
ML-KEM-1024,encap,288,19416,52132
ML-KEM-1024,encap,289,19413,52126
ML-KEM-1024,encap,290,19343,51938
ML-KEM-1024,encap,291,19434,52178
ML-KEM-1024,encap,292,19391,52068
ML-KEM-1024,encap,293,19371,52012
ML-KEM-1024,encap,294,19400,52092
ML-KEM-1024,encap,295,19273,51752
ML-KEM-1024,encap,296,19250,51690
ML-KEM-1024,encap,297,19322,51884
ML-KEM-1024,encap,298,19388,52062
ML-KEM-1024,encap,299,19289,51792
ML-KEM-1024,encap,300,19408,52114
ML-KEM-1024,encap,301,19329,51904
ML-KEM-1024,encap,302,19332,51912
ML-KEM-1024,encap,303,19538,52464
ML-KEM-1024,encap,304,19392,52066
ML-KEM-1024,encap,305,19328,51898
ML-KEM-1024,encap,306,19266,51734
ML-KEM-1024,encap,307,19209,51576
ML-KEM-1024,encap,308,19331,51910
ML-KEM-1024,encap,309,19266,51730
ML-KEM-1024,encap,310,19449,52226
ML-KEM-1024,encap,311,19501,52366
ML-KEM-1024,encap,312,19374,52022
ML-KEM-1024,encap,313,19436,52188
ML-KEM-1024,encap,314,19271,51740
ML-KEM-1024,encap,315,19235,51646
ML-KEM-1024,encap,316,19316,51872
ML-KEM-1024,encap,317,19329,51902
ML-KEM-1024,encap,318,19340,51936
ML-KEM-1024,encap,319,19284,51782
ML-KEM-1024,encap,320,21360,57356
ML-KEM-1024,encap,321,19263,51726
ML-KEM-1024,encap,322,19366,52002
ML-KEM-1024,encap,323,19412,52124
ML-KEM-1024,encap,324,19262,51722
ML-KEM-1024,encap,325,19151,51416
ML-KEM-1024,encap,326,19218,51600
ML-KEM-1024,encap,327,19326,51894
ML-KEM-1024,encap,328,19192,51536
ML-KEM-1024,encap,329,19298,51816
ML-KEM-1024,encap,330,19309,51848
ML-KEM-1024,encap,331,19221,51610
ML-KEM-1024,encap,332,19396,52082
ML-KEM-1024,encap,333,19396,52082
ML-KEM-1024,encap,334,19398,52090
ML-KEM-1024,encap,335,19623,52690
ML-KEM-1024,encap,336,19658,52784
ML-KEM-1024,encap,337,19446,52214
ML-KEM-1024,encap,338,19489,52332
ML-KEM-1024,encap,339,19382,52044
ML-KEM-1024,encap,340,19333,51914
ML-KEM-1024,encap,341,19302,51828
ML-KEM-1024,encap,342,19321,51878
ML-KEM-1024,encap,343,19413,52128
ML-KEM-1024,encap,344,19340,51932
ML-KEM-1024,encap,345,19465,52268
ML-KEM-1024,encap,346,19398,52088
ML-KEM-1024,encap,347,19261,51718
ML-KEM-1024,encap,348,19326,51894
ML-KEM-1024,encap,349,19300,51824
ML-KEM-1024,encap,350,19446,52218
ML-KEM-1024,encap,351,19410,52122
ML-KEM-1024,encap,352,19272,51750
ML-KEM-1024,encap,353,19375,52026
ML-KEM-1024,encap,354,19363,51994
ML-KEM-1024,encap,355,19500,52362
ML-KEM-1024,encap,356,19227,51624
ML-KEM-1024,encap,357,19213,51588
ML-KEM-1024,encap,358,19203,51562
ML-KEM-1024,encap,359,19498,52354
ML-KEM-1024,encap,360,19529,52440
ML-KEM-1024,encap,361,19522,52416
ML-KEM-1024,encap,362,19583,52584
ML-KEM-1024,encap,363,19506,52372
ML-KEM-1024,encap,364,19381,52042
ML-KEM-1024,encap,365,19569,52544
ML-KEM-1024,encap,366,19461,52258
ML-KEM-1024,encap,367,19499,52354
ML-KEM-1024,encap,368,19444,52210
ML-KEM-1024,encap,369,19451,52228
ML-KEM-1024,encap,370,21376,57398
ML-KEM-1024,encap,371,20141,54082
ML-KEM-1024,encap,372,20356,54660
ML-KEM-1024,encap,373,20301,54512
ML-KEM-1024,encap,374,20281,54452
ML-KEM-1024,encap,375,20356,54658
ML-KEM-1024,encap,376,21307,57216
ML-KEM-1024,encap,377,19377,52032
ML-KEM-1024,encap,378,19419,52146
ML-KEM-1024,encap,379,19449,52224
ML-KEM-1024,encap,380,19368,52004
ML-KEM-1024,encap,381,19557,52514
ML-KEM-1024,encap,382,19561,52526
ML-KEM-1024,encap,383,19309,51852
ML-KEM-1024,encap,384,19451,52230
ML-KEM-1024,encap,385,19401,52096
ML-KEM-1024,encap,386,19203,51562
ML-KEM-1024,encap,387,19370,52010
ML-KEM-1024,encap,388,19422,52152
ML-KEM-1024,encap,389,19332,51912
ML-KEM-1024,encap,390,19500,52360
ML-KEM-1024,encap,391,19432,52178
ML-KEM-1024,encap,392,19391,52062
ML-KEM-1024,encap,393,19622,52666
ML-KEM-1024,encap,394,19724,52964
ML-KEM-1024,encap,395,20129,54052
ML-KEM-1024,encap,396,20135,54072
ML-KEM-1024,encap,397,20218,54284
ML-KEM-1024,encap,398,20215,54278
ML-KEM-1024,encap,399,20493,55028
ML-KEM-1024,encap,400,21233,57018
ML-KEM-1024,encap,401,19284,51782
ML-KEM-1024,encap,402,19349,51956
ML-KEM-1024,encap,403,19310,51852
ML-KEM-1024,encap,404,19223,51616
ML-KEM-1024,encap,405,19285,51784
ML-KEM-1024,encap,406,19238,51656
ML-KEM-1024,encap,407,19281,51776
ML-KEM-1024,encap,408,19328,51898
ML-KEM-1024,encap,409,19310,51852
ML-KEM-1024,encap,410,19145,51410
ML-KEM-1024,encap,411,19232,51642
ML-KEM-1024,encap,412,19250,51688
ML-KEM-1024,encap,413,19368,52008
ML-KEM-1024,encap,414,19517,52402
ML-KEM-1024,encap,415,19265,51734
ML-KEM-1024,encap,416,19260,51716
ML-KEM-1024,encap,417,19319,51874
ML-KEM-1024,encap,418,19280,51770
ML-KEM-1024,encap,419,19276,51760
ML-KEM-1024,encap,420,21981,59016
ML-KEM-1024,encap,421,20018,53754
ML-KEM-1024,encap,422,20362,54676
ML-KEM-1024,encap,423,20156,54122
ML-KEM-1024,encap,424,20224,54304
ML-KEM-1024,encap,425,20137,54072
ML-KEM-1024,encap,426,20211,54270
ML-KEM-1024,encap,427,20854,56000
ML-KEM-1024,encap,428,19250,51688
ML-KEM-1024,encap,429,19398,52088
ML-KEM-1024,encap,430,19366,52002
ML-KEM-1024,encap,431,19243,51674
ML-KEM-1024,encap,432,19328,51902
ML-KEM-1024,encap,433,19225,51622
ML-KEM-1024,encap,434,19269,51738
ML-KEM-1024,encap,435,19311,51850
ML-KEM-1024,encap,436,19323,51884
ML-KEM-1024,encap,437,19420,52142
ML-KEM-1024,encap,438,19288,51790
ML-KEM-1024,encap,439,19221,51610
ML-KEM-1024,encap,440,19206,51570
ML-KEM-1024,encap,441,19542,52474
ML-KEM-1024,encap,442,19322,51884
ML-KEM-1024,encap,443,19380,52036
ML-KEM-1024,encap,444,19334,51916
ML-KEM-1024,encap,445,19398,52084
ML-KEM-1024,encap,446,19251,51690
ML-KEM-1024,encap,447,19212,51590
ML-KEM-1024,encap,448,19271,51748
ML-KEM-1024,encap,449,19404,52108
ML-KEM-1024,encap,450,19264,51726
ML-KEM-1024,encap,451,19279,51764
ML-KEM-1024,encap,452,19415,52130
ML-KEM-1024,encap,453,19680,52842
ML-KEM-1024,encap,454,20420,54830
ML-KEM-1024,encap,455,20395,54764
ML-KEM-1024,encap,456,20329,54586
ML-KEM-1024,encap,457,20229,54316
ML-KEM-1024,encap,458,20252,54382
ML-KEM-1024,encap,459,21254,57076
ML-KEM-1024,encap,460,19305,51832
ML-KEM-1024,encap,461,20216,54286
ML-KEM-1024,encap,462,20303,54516
ML-KEM-1024,encap,463,20368,54690
ML-KEM-1024,encap,464,20322,54566
ML-KEM-1024,encap,465,21013,56426
ML-KEM-1024,encap,466,19414,52132
ML-KEM-1024,encap,467,19488,52328
ML-KEM-1024,encap,468,19196,51544
ML-KEM-1024,encap,469,19370,52012
ML-KEM-1024,encap,470,20731,55352
ML-KEM-1024,encap,471,19354,51968
ML-KEM-1024,encap,472,19259,51714
ML-KEM-1024,encap,473,19265,51726
ML-KEM-1024,encap,474,19372,52018
ML-KEM-1024,encap,475,19314,51858
ML-KEM-1024,encap,476,19399,52090
ML-KEM-1024,encap,477,19474,52290
ML-KEM-1024,encap,478,19495,52348
ML-KEM-1024,encap,479,19402,52098
ML-KEM-1024,encap,480,19528,52434
ML-KEM-1024,encap,481,19322,51882
ML-KEM-1024,encap,482,19380,52038
ML-KEM-1024,encap,483,19491,52338
ML-KEM-1024,encap,484,19383,52048
ML-KEM-1024,encap,485,19368,52008
ML-KEM-1024,encap,486,19234,51646
ML-KEM-1024,encap,487,19315,51866
ML-KEM-1024,encap,488,19218,51602
ML-KEM-1024,encap,489,19281,51774
ML-KEM-1024,encap,490,19257,51710
ML-KEM-1024,encap,491,19398,52084
ML-KEM-1024,encap,492,19124,51348
ML-KEM-1024,encap,493,19253,51704
ML-KEM-1024,encap,494,19263,51724
ML-KEM-1024,encap,495,19293,51808
ML-KEM-1024,encap,496,19274,51750
ML-KEM-1024,encap,497,19227,51624
ML-KEM-1024,encap,498,19227,51626
ML-KEM-1024,encap,499,19494,52340
ML-KEM-1024,encap,500,19372,52016
ML-KEM-1024,encap,501,19359,51978
ML-KEM-1024,encap,502,19283,51776
ML-KEM-1024,encap,503,19384,52046
ML-KEM-1024,encap,504,19418,52140
ML-KEM-1024,encap,505,19575,52558
ML-KEM-1024,encap,506,19418,52142
ML-KEM-1024,encap,507,19484,52318
ML-KEM-1024,encap,508,19398,52086
ML-KEM-1024,encap,509,19425,52160
ML-KEM-1024,encap,510,19349,51956
ML-KEM-1024,encap,511,19277,51760
ML-KEM-1024,encap,512,19400,52094
ML-KEM-1024,encap,513,19432,52180
ML-KEM-1024,encap,514,19266,51732
ML-KEM-1024,encap,515,19263,51692
ML-KEM-1024,encap,516,19321,51878
ML-KEM-1024,encap,517,19417,52140
ML-KEM-1024,encap,518,19351,51960
ML-KEM-1024,encap,519,19357,51976
ML-KEM-1024,encap,520,20447,54906
ML-KEM-1024,encap,521,19339,51930
ML-KEM-1024,encap,522,19493,52342
ML-KEM-1024,encap,523,19510,52388
ML-KEM-1024,encap,524,19383,52046
ML-KEM-1024,encap,525,19658,52786
ML-KEM-1024,encap,526,19408,52114
ML-KEM-1024,encap,527,19510,52382
ML-KEM-1024,encap,528,19489,52332
ML-KEM-1024,encap,529,19438,52196
ML-KEM-1024,encap,530,19381,52038
ML-KEM-1024,encap,531,19423,52154
ML-KEM-1024,encap,532,19361,51988
ML-KEM-1024,encap,533,19385,52050
ML-KEM-1024,encap,534,19375,52024
ML-KEM-1024,encap,535,19477,52304
ML-KEM-1024,encap,536,19216,51598
ML-KEM-1024,encap,537,19440,52204
ML-KEM-1024,encap,538,19364,51994
ML-KEM-1024,encap,539,19297,51818
ML-KEM-1024,encap,540,19281,51772
ML-KEM-1024,encap,541,19466,52272
ML-KEM-1024,encap,542,19268,51740
ML-KEM-1024,encap,543,19207,51574
ML-KEM-1024,encap,544,19377,52032
ML-KEM-1024,encap,545,19296,51812
ML-KEM-1024,encap,546,19352,51966
ML-KEM-1024,encap,547,19299,51814
ML-KEM-1024,encap,548,19321,51880
ML-KEM-1024,encap,549,19257,51706
ML-KEM-1024,encap,550,19223,51614
ML-KEM-1024,encap,551,19267,51736
ML-KEM-1024,encap,552,19140,51394
ML-KEM-1024,encap,553,19289,51794
ML-KEM-1024,encap,554,19160,51450
ML-KEM-1024,encap,555,19306,51838
ML-KEM-1024,encap,556,19362,51992
ML-KEM-1024,encap,557,19192,51532
ML-KEM-1024,encap,558,19297,51814
ML-KEM-1024,encap,559,19372,52020
ML-KEM-1024,encap,560,19437,52192
ML-KEM-1024,encap,561,19394,52074
ML-KEM-1024,encap,562,19371,52014
ML-KEM-1024,encap,563,19340,51932
ML-KEM-1024,encap,564,19411,52120
ML-KEM-1024,encap,565,19472,52284
ML-KEM-1024,encap,566,19539,52464
ML-KEM-1024,encap,567,19438,52190
ML-KEM-1024,encap,568,19452,52236
ML-KEM-1024,encap,569,19405,52102
ML-KEM-1024,encap,570,19449,52224
ML-KEM-1024,encap,571,20952,56260
ML-KEM-1024,encap,572,19997,53698
ML-KEM-1024,encap,573,20340,54614
ML-KEM-1024,encap,574,20217,54282
ML-KEM-1024,encap,575,20123,54036
ML-KEM-1024,encap,576,20199,54240
ML-KEM-1024,encap,577,20376,54716
ML-KEM-1024,encap,578,20736,55680
ML-KEM-1024,encap,579,19255,51702
ML-KEM-1024,encap,580,19460,52254
ML-KEM-1024,encap,581,19276,51756
ML-KEM-1024,encap,582,19642,52742
ML-KEM-1024,encap,583,19316,51870
ML-KEM-1024,encap,584,19446,52218
ML-KEM-1024,encap,585,19505,52376
ML-KEM-1024,encap,586,19445,52214
ML-KEM-1024,encap,587,19284,51778
ML-KEM-1024,encap,588,19347,51950
ML-KEM-1024,encap,589,19391,52070
ML-KEM-1024,encap,590,19244,51668
ML-KEM-1024,encap,591,19361,51988
ML-KEM-1024,encap,592,19362,51990
ML-KEM-1024,encap,593,19291,51796
ML-KEM-1024,encap,594,19268,51738
ML-KEM-1024,encap,595,19429,52170
ML-KEM-1024,encap,596,19476,52292
ML-KEM-1024,encap,597,19298,51816
ML-KEM-1024,encap,598,19228,51626
ML-KEM-1024,encap,599,19255,51698
ML-KEM-1024,encap,600,19285,51780
ML-KEM-1024,encap,601,19300,51824
ML-KEM-1024,encap,602,19235,51650
ML-KEM-1024,encap,603,19387,52060
ML-KEM-1024,encap,604,19283,51778
ML-KEM-1024,encap,605,19431,52178
ML-KEM-1024,encap,606,19308,51808
ML-KEM-1024,encap,607,19197,51550
ML-KEM-1024,encap,608,19259,51712
ML-KEM-1024,encap,609,19323,51880
ML-KEM-1024,encap,610,19276,51756
ML-KEM-1024,encap,611,19369,52010
ML-KEM-1024,encap,612,19429,52168
ML-KEM-1024,encap,613,19357,51978
ML-KEM-1024,encap,614,19286,51788
ML-KEM-1024,encap,615,19369,52006
ML-KEM-1024,encap,616,19215,51598
ML-KEM-1024,encap,617,19363,51992
ML-KEM-1024,encap,618,19256,51706
ML-KEM-1024,encap,619,19504,52372
ML-KEM-1024,encap,620,19275,51756
ML-KEM-1024,encap,621,28240,75816
ML-KEM-1024,encap,622,32792,88064
ML-KEM-1024,encap,623,19420,52148
ML-KEM-1024,encap,624,19221,51610
ML-KEM-1024,encap,625,19280,51770
ML-KEM-1024,encap,626,19337,51926
ML-KEM-1024,encap,627,19270,51740
ML-KEM-1024,encap,628,19182,51506
ML-KEM-1024,encap,629,19332,51908
ML-KEM-1024,encap,630,19274,51756
ML-KEM-1024,encap,631,19235,51644
ML-KEM-1024,encap,632,19383,52044
ML-KEM-1024,encap,633,19201,51556
ML-KEM-1024,encap,634,19267,51738
ML-KEM-1024,encap,635,19350,51960
ML-KEM-1024,encap,636,19234,51648
ML-KEM-1024,encap,637,19325,51890
ML-KEM-1024,encap,638,19171,51474
ML-KEM-1024,encap,639,19308,51846
ML-KEM-1024,encap,640,19271,51744
ML-KEM-1024,encap,641,19359,51978
ML-KEM-1024,encap,642,19200,51556
ML-KEM-1024,encap,643,19194,51536
ML-KEM-1024,encap,644,19233,51648
ML-KEM-1024,encap,645,19285,51782
ML-KEM-1024,encap,646,19287,51784
ML-KEM-1024,encap,647,19235,51648
ML-KEM-1024,encap,648,19261,51718
ML-KEM-1024,encap,649,19199,51556
ML-KEM-1024,encap,650,19311,51854
ML-KEM-1024,encap,651,19257,51708
ML-KEM-1024,encap,652,19335,51916
ML-KEM-1024,encap,653,19246,51678
ML-KEM-1024,encap,654,19263,51726
ML-KEM-1024,encap,655,19545,52484
ML-KEM-1024,encap,656,19413,52128
ML-KEM-1024,encap,657,19427,52166
ML-KEM-1024,encap,658,19212,51588
ML-KEM-1024,encap,659,19270,51744
ML-KEM-1024,encap,660,19212,51586
ML-KEM-1024,encap,661,19263,51724
ML-KEM-1024,encap,662,19315,51864
ML-KEM-1024,encap,663,19279,51768
ML-KEM-1024,encap,664,19301,51828
ML-KEM-1024,encap,665,19232,51638
ML-KEM-1024,encap,666,19229,51634
ML-KEM-1024,encap,667,19272,51748
ML-KEM-1024,encap,668,19297,51814
ML-KEM-1024,encap,669,19384,52052
ML-KEM-1024,encap,670,19259,51714
ML-KEM-1024,encap,671,20973,56316
ML-KEM-1024,encap,672,19317,51872
ML-KEM-1024,encap,673,19381,52040
ML-KEM-1024,encap,674,19343,51940
ML-KEM-1024,encap,675,19319,51870
ML-KEM-1024,encap,676,19256,51702
ML-KEM-1024,encap,677,19215,51592
ML-KEM-1024,encap,678,19356,51972
ML-KEM-1024,encap,679,19304,51832
ML-KEM-1024,encap,680,19302,51828
ML-KEM-1024,encap,681,19235,51648
ML-KEM-1024,encap,682,19286,51782
ML-KEM-1024,encap,683,19435,52186
ML-KEM-1024,encap,684,19279,51766
ML-KEM-1024,encap,685,19285,51782
ML-KEM-1024,encap,686,19273,51750
ML-KEM-1024,encap,687,19195,51540
ML-KEM-1024,encap,688,19283,51776
ML-KEM-1024,encap,689,19276,51760
ML-KEM-1024,encap,690,19240,51662
ML-KEM-1024,encap,691,19254,51700
ML-KEM-1024,encap,692,19324,51884
ML-KEM-1024,encap,693,19290,51794
ML-KEM-1024,encap,694,19318,51872
ML-KEM-1024,encap,695,19360,51980
ML-KEM-1024,encap,696,19309,51850
ML-KEM-1024,encap,697,19410,52122
ML-KEM-1024,encap,698,19213,51592
ML-KEM-1024,encap,699,19293,51804
ML-KEM-1024,encap,700,19283,51778
ML-KEM-1024,encap,701,19242,51670
ML-KEM-1024,encap,702,19392,52072
ML-KEM-1024,encap,703,19321,51878
ML-KEM-1024,encap,704,19203,51564
ML-KEM-1024,encap,705,19407,52114
ML-KEM-1024,encap,706,19353,51966
ML-KEM-1024,encap,707,19382,52046
ML-KEM-1024,encap,708,19378,52034
ML-KEM-1024,encap,709,19477,52300
ML-KEM-1024,encap,710,19561,52526
ML-KEM-1024,encap,711,19441,52200
ML-KEM-1024,encap,712,19313,51858
ML-KEM-1024,encap,713,19445,52216
ML-KEM-1024,encap,714,19354,51968
ML-KEM-1024,encap,715,19222,51614
ML-KEM-1024,encap,716,19279,51766
ML-KEM-1024,encap,717,19286,51784
ML-KEM-1024,encap,718,19493,52346
ML-KEM-1024,encap,719,19284,51784
ML-KEM-1024,encap,720,19334,51918
ML-KEM-1024,encap,721,20821,55904
ML-KEM-1024,encap,722,19456,52242
ML-KEM-1024,encap,723,19464,52262
ML-KEM-1024,encap,724,19313,51856
ML-KEM-1024,encap,725,19217,51596
ML-KEM-1024,encap,726,19434,52184
ML-KEM-1024,encap,727,19271,51740
ML-KEM-1024,encap,728,19210,51580
ML-KEM-1024,encap,729,19405,52106
ML-KEM-1024,encap,730,19248,51684
ML-KEM-1024,encap,731,19234,51648
ML-KEM-1024,encap,732,19331,51908
ML-KEM-1024,encap,733,19192,51530
ML-KEM-1024,encap,734,19346,51952
ML-KEM-1024,encap,735,19378,52028
ML-KEM-1024,encap,736,19291,51800
ML-KEM-1024,encap,737,19425,52160
ML-KEM-1024,encap,738,19155,51432
ML-KEM-1024,encap,739,19401,52092
ML-KEM-1024,encap,740,19367,52006
ML-KEM-1024,encap,741,19353,51940
ML-KEM-1024,encap,742,19286,51788
ML-KEM-1024,encap,743,19304,51834
ML-KEM-1024,encap,744,19253,51700
ML-KEM-1024,encap,745,19271,51744
ML-KEM-1024,encap,746,19380,52038
ML-KEM-1024,encap,747,19519,52386
ML-KEM-1024,encap,748,19440,52172
ML-KEM-1024,encap,749,19463,52260
ML-KEM-1024,encap,750,19504,52374
ML-KEM-1024,encap,751,19382,52048
ML-KEM-1024,encap,752,19595,52616
ML-KEM-1024,encap,753,19231,51640
ML-KEM-1024,encap,754,19488,52326
ML-KEM-1024,encap,755,19288,51792
ML-KEM-1024,encap,756,19357,51982
ML-KEM-1024,encap,757,19280,51772
ML-KEM-1024,encap,758,19279,51768
ML-KEM-1024,encap,759,19266,51734
ML-KEM-1024,encap,760,19228,51630
ML-KEM-1024,encap,761,19276,51724
ML-KEM-1024,encap,762,19491,52338
ML-KEM-1024,encap,763,19405,52102
ML-KEM-1024,encap,764,19598,52626
ML-KEM-1024,encap,765,19454,52236
ML-KEM-1024,encap,766,19320,51880
ML-KEM-1024,encap,767,19320,51874
ML-KEM-1024,encap,768,19239,51662
ML-KEM-1024,encap,769,19331,51906
ML-KEM-1024,encap,770,19322,51880
ML-KEM-1024,encap,771,19171,51478
ML-KEM-1024,encap,772,26839,72082
ML-KEM-1024,encap,773,19277,51764
ML-KEM-1024,encap,774,19258,51708
ML-KEM-1024,encap,775,19475,52294
ML-KEM-1024,encap,776,19361,51984
ML-KEM-1024,encap,777,19218,51606
ML-KEM-1024,encap,778,19238,51654
ML-KEM-1024,encap,779,19240,51666
ML-KEM-1024,encap,780,19311,51850
ML-KEM-1024,encap,781,19402,52100
ML-KEM-1024,encap,782,19458,52246
ML-KEM-1024,encap,783,19346,51948
ML-KEM-1024,encap,784,19454,52232
ML-KEM-1024,encap,785,19340,51930
ML-KEM-1024,encap,786,19294,51804
ML-KEM-1024,encap,787,19256,51706
ML-KEM-1024,encap,788,19223,51614
ML-KEM-1024,encap,789,19316,51868
ML-KEM-1024,encap,790,19225,51622
ML-KEM-1024,encap,791,19176,51490
ML-KEM-1024,encap,792,19544,52476
ML-KEM-1024,encap,793,19314,51860
ML-KEM-1024,encap,794,19256,51710
ML-KEM-1024,encap,795,19272,51746
ML-KEM-1024,encap,796,19332,51914
ML-KEM-1024,encap,797,19177,51492
ML-KEM-1024,encap,798,19343,51942
ML-KEM-1024,encap,799,19354,51968
ML-KEM-1024,encap,800,19306,51838
ML-KEM-1024,encap,801,19289,51796
ML-KEM-1024,encap,802,19290,51798
ML-KEM-1024,encap,803,19503,52370
ML-KEM-1024,encap,804,19352,51964
ML-KEM-1024,encap,805,19326,51898
ML-KEM-1024,encap,806,19408,52108
ML-KEM-1024,encap,807,19348,51948
ML-KEM-1024,encap,808,19420,52144
ML-KEM-1024,encap,809,19319,51870
ML-KEM-1024,encap,810,19439,52196
ML-KEM-1024,encap,811,19234,51640
ML-KEM-1024,encap,812,19313,51856
ML-KEM-1024,encap,813,19516,52402
ML-KEM-1024,encap,814,19279,51768
ML-KEM-1024,encap,815,19300,51824
ML-KEM-1024,encap,816,19161,51450
ML-KEM-1024,encap,817,19286,51786
ML-KEM-1024,encap,818,19221,51612
ML-KEM-1024,encap,819,19239,51660
ML-KEM-1024,encap,820,19344,51940
ML-KEM-1024,encap,821,19262,51726
ML-KEM-1024,encap,822,20441,54882
ML-KEM-1024,encap,823,19286,51784
ML-KEM-1024,encap,824,19306,51840
ML-KEM-1024,encap,825,19299,51822
ML-KEM-1024,encap,826,19365,51998
ML-KEM-1024,encap,827,19299,51820
ML-KEM-1024,encap,828,19414,52132
ML-KEM-1024,encap,829,19238,51658
ML-KEM-1024,encap,830,19472,52286
ML-KEM-1024,encap,831,19320,51878
ML-KEM-1024,encap,832,19285,51780
ML-KEM-1024,encap,833,19302,51826
ML-KEM-1024,encap,834,19310,51854
ML-KEM-1024,encap,835,19287,51786
ML-KEM-1024,encap,836,19514,52398
ML-KEM-1024,encap,837,19178,51498
ML-KEM-1024,encap,838,19218,51600
ML-KEM-1024,encap,839,19398,52090
ML-KEM-1024,encap,840,19414,52130
ML-KEM-1024,encap,841,19271,51746
ML-KEM-1024,encap,842,19274,51754
ML-KEM-1024,encap,843,19228,51628
ML-KEM-1024,encap,844,19342,51938
ML-KEM-1024,encap,845,19328,51900
ML-KEM-1024,encap,846,19234,51648
ML-KEM-1024,encap,847,19378,52036
ML-KEM-1024,encap,848,19411,52126
ML-KEM-1024,encap,849,19527,52430
ML-KEM-1024,encap,850,19432,52178
ML-KEM-1024,encap,851,19445,52208
ML-KEM-1024,encap,852,19473,52288
ML-KEM-1024,encap,853,19468,52272
ML-KEM-1024,encap,854,19334,51916
ML-KEM-1024,encap,855,19351,51964
ML-KEM-1024,encap,856,19363,51994
ML-KEM-1024,encap,857,19426,52166
ML-KEM-1024,encap,858,19488,52332
ML-KEM-1024,encap,859,19529,52442
ML-KEM-1024,encap,860,19436,52190
ML-KEM-1024,encap,861,19428,52168
ML-KEM-1024,encap,862,19365,51996
ML-KEM-1024,encap,863,19379,52036
ML-KEM-1024,encap,864,19255,51704
ML-KEM-1024,encap,865,19395,52082
ML-KEM-1024,encap,866,19260,51716
ML-KEM-1024,encap,867,19168,51472
ML-KEM-1024,encap,868,19330,51904
ML-KEM-1024,encap,869,19385,52050
ML-KEM-1024,encap,870,19453,52236
ML-KEM-1024,encap,871,19324,51892
ML-KEM-1024,encap,872,19299,51826
ML-KEM-1024,encap,873,20401,54780
ML-KEM-1024,encap,874,19340,51934
ML-KEM-1024,encap,875,19441,52194
ML-KEM-1024,encap,876,19214,51594
ML-KEM-1024,encap,877,19252,51696
ML-KEM-1024,encap,878,19222,51614
ML-KEM-1024,encap,879,19317,51868
ML-KEM-1024,encap,880,19308,51840
ML-KEM-1024,encap,881,19310,51848
ML-KEM-1024,encap,882,19209,51582
ML-KEM-1024,encap,883,19242,51666
ML-KEM-1024,encap,884,19276,51760
ML-KEM-1024,encap,885,19304,51836
ML-KEM-1024,encap,886,19376,52022
ML-KEM-1024,encap,887,19223,51620
ML-KEM-1024,encap,888,19293,51798
ML-KEM-1024,encap,889,19360,51988
ML-KEM-1024,encap,890,19410,52114
ML-KEM-1024,encap,891,19300,51820
ML-KEM-1024,encap,892,19306,51842
ML-KEM-1024,encap,893,19449,52222
ML-KEM-1024,encap,894,19259,51714
ML-KEM-1024,encap,895,19426,52158
ML-KEM-1024,encap,896,19241,51664
ML-KEM-1024,encap,897,19240,51660
ML-KEM-1024,encap,898,19362,51990
ML-KEM-1024,encap,899,19192,51532
ML-KEM-1024,encap,900,19389,52062
ML-KEM-1024,encap,901,19311,51824
ML-KEM-1024,encap,902,19166,51464
ML-KEM-1024,encap,903,19235,51650
ML-KEM-1024,encap,904,19447,52220
ML-KEM-1024,encap,905,19207,51574
ML-KEM-1024,encap,906,19479,52304
ML-KEM-1024,encap,907,19410,52122
ML-KEM-1024,encap,908,19174,51488
ML-KEM-1024,encap,909,19338,51926
ML-KEM-1024,encap,910,19276,51760
ML-KEM-1024,encap,911,19433,52182
ML-KEM-1024,encap,912,19413,52126
ML-KEM-1024,encap,913,19330,51902
ML-KEM-1024,encap,914,19275,51754
ML-KEM-1024,encap,915,19445,52214
ML-KEM-1024,encap,916,19223,51616
ML-KEM-1024,encap,917,19459,52216
ML-KEM-1024,encap,918,19340,51930
ML-KEM-1024,encap,919,19129,51366
ML-KEM-1024,encap,920,19256,51704
ML-KEM-1024,encap,921,19285,51782
ML-KEM-1024,encap,922,19209,51578
ML-KEM-1024,encap,923,19372,52016
ML-KEM-1024,encap,924,20557,55202
ML-KEM-1024,encap,925,19376,52028
ML-KEM-1024,encap,926,19377,52030
ML-KEM-1024,encap,927,19287,51786
ML-KEM-1024,encap,928,19446,52218
ML-KEM-1024,encap,929,19340,51932
ML-KEM-1024,encap,930,19279,51764
ML-KEM-1024,encap,931,19228,51630
ML-KEM-1024,encap,932,19267,51734
ML-KEM-1024,encap,933,19298,51820
ML-KEM-1024,encap,934,19313,51858
ML-KEM-1024,encap,935,19236,51652
ML-KEM-1024,encap,936,19275,51752
ML-KEM-1024,encap,937,19245,51676
ML-KEM-1024,encap,938,19230,51638
ML-KEM-1024,encap,939,19301,51826
ML-KEM-1024,encap,940,19242,51666
ML-KEM-1024,encap,941,19342,51938
ML-KEM-1024,encap,942,19308,51846
ML-KEM-1024,encap,943,19162,51454
ML-KEM-1024,encap,944,19264,51698
ML-KEM-1024,encap,945,19254,51704
ML-KEM-1024,encap,946,19343,51910
ML-KEM-1024,encap,947,19316,51870
ML-KEM-1024,encap,948,19478,52274
ML-KEM-1024,encap,949,19729,52978
ML-KEM-1024,encap,950,20230,54322
ML-KEM-1024,encap,951,20756,55738
ML-KEM-1024,encap,952,19375,52024
ML-KEM-1024,encap,953,19466,52244
ML-KEM-1024,encap,954,19378,52034
ML-KEM-1024,encap,955,19385,52048
ML-KEM-1024,encap,956,19309,51850
ML-KEM-1024,encap,957,19256,51702
ML-KEM-1024,encap,958,19382,52046
ML-KEM-1024,encap,959,19297,51810
ML-KEM-1024,encap,960,19497,52326
ML-KEM-1024,encap,961,19456,52244
ML-KEM-1024,encap,962,19652,52772
ML-KEM-1024,encap,963,19500,52324
ML-KEM-1024,encap,964,19410,52120
ML-KEM-1024,encap,965,19426,52164
ML-KEM-1024,encap,966,19385,52052
ML-KEM-1024,encap,967,19303,51834
ML-KEM-1024,encap,968,19242,51668
ML-KEM-1024,encap,969,19314,51858
ML-KEM-1024,encap,970,19366,51998
ML-KEM-1024,encap,971,19299,51820
ML-KEM-1024,encap,972,19246,51674
ML-KEM-1024,encap,973,19331,51904
ML-KEM-1024,encap,974,22314,59914
ML-KEM-1024,encap,975,19379,52038
ML-KEM-1024,encap,976,19328,51898
ML-KEM-1024,encap,977,19535,52456
ML-KEM-1024,encap,978,19323,51886
ML-KEM-1024,encap,979,19271,51748
ML-KEM-1024,encap,980,19519,52382
ML-KEM-1024,encap,981,19318,51868
ML-KEM-1024,encap,982,19239,51660
ML-KEM-1024,encap,983,19503,52364
ML-KEM-1024,encap,984,19292,51798
ML-KEM-1024,encap,985,19305,51834
ML-KEM-1024,encap,986,19284,51782
ML-KEM-1024,encap,987,19348,51954
ML-KEM-1024,encap,988,19307,51844
ML-KEM-1024,encap,989,19515,52400
ML-KEM-1024,encap,990,19152,51424
ML-KEM-1024,encap,991,19313,51860
ML-KEM-1024,encap,992,19279,51762
ML-KEM-1024,encap,993,19335,51918
ML-KEM-1024,encap,994,19293,51804
ML-KEM-1024,encap,995,19473,52286
ML-KEM-1024,encap,996,19241,51662
ML-KEM-1024,encap,997,19236,51654
ML-KEM-1024,encap,998,19176,51492
ML-KEM-1024,encap,999,19299,51818
ML-KEM-1024,decap,0,30083,80784
ML-KEM-1024,decap,1,30114,80864
ML-KEM-1024,decap,2,30182,81052
ML-KEM-1024,decap,3,30084,80810
ML-KEM-1024,decap,4,30240,81230
ML-KEM-1024,decap,5,30277,81330
ML-KEM-1024,decap,6,30002,80590
ML-KEM-1024,decap,7,30259,81282
ML-KEM-1024,decap,8,30379,81606
ML-KEM-1024,decap,9,30328,81468
ML-KEM-1024,decap,10,30117,80900
ML-KEM-1024,decap,11,30269,81304
ML-KEM-1024,decap,12,30184,81080
ML-KEM-1024,decap,13,30223,81152
ML-KEM-1024,decap,14,30180,81066
ML-KEM-1024,decap,15,30044,80704
ML-KEM-1024,decap,16,30355,81538
ML-KEM-1024,decap,17,30259,81282
ML-KEM-1024,decap,18,30276,81324
ML-KEM-1024,decap,19,30171,81042
ML-KEM-1024,decap,20,30176,81060
ML-KEM-1024,decap,21,30191,81100
ML-KEM-1024,decap,22,30224,81182
ML-KEM-1024,decap,23,30273,81318
ML-KEM-1024,decap,24,30253,81238
ML-KEM-1024,decap,25,30155,81002
ML-KEM-1024,decap,26,30168,81036
ML-KEM-1024,decap,27,30316,81432
ML-KEM-1024,decap,28,30111,80880
ML-KEM-1024,decap,29,31362,84242
ML-KEM-1024,decap,30,30316,81430
ML-KEM-1024,decap,31,30121,80910
ML-KEM-1024,decap,32,30225,81186
ML-KEM-1024,decap,33,30270,81304
ML-KEM-1024,decap,34,30073,80776
ML-KEM-1024,decap,35,30471,81844
ML-KEM-1024,decap,36,30455,81804
ML-KEM-1024,decap,37,30485,81886
ML-KEM-1024,decap,38,30407,81674
ML-KEM-1024,decap,39,30549,82058
ML-KEM-1024,decap,40,30176,81052
ML-KEM-1024,decap,41,30388,81626
ML-KEM-1024,decap,42,30555,82072
ML-KEM-1024,decap,43,30284,81344
ML-KEM-1024,decap,44,30402,81660
ML-KEM-1024,decap,45,30372,81580
ML-KEM-1024,decap,46,30427,81728
ML-KEM-1024,decap,47,30557,82070
ML-KEM-1024,decap,48,30317,81432
ML-KEM-1024,decap,49,30168,81030
ML-KEM-1024,decap,50,30317,81430
ML-KEM-1024,decap,51,30370,81576
ML-KEM-1024,decap,52,30214,81154
ML-KEM-1024,decap,53,30221,81174
ML-KEM-1024,decap,54,30392,81634
ML-KEM-1024,decap,55,30368,81566
ML-KEM-1024,decap,56,30396,81644
ML-KEM-1024,decap,57,30405,81666
ML-KEM-1024,decap,58,30383,81610
ML-KEM-1024,decap,59,30341,81498
ML-KEM-1024,decap,60,30259,81272
ML-KEM-1024,decap,61,30301,81388
ML-KEM-1024,decap,62,31497,84572
ML-KEM-1024,decap,63,30120,80906
ML-KEM-1024,decap,64,30070,80774
ML-KEM-1024,decap,65,30126,80914
ML-KEM-1024,decap,66,30305,81404
ML-KEM-1024,decap,67,30398,81650
ML-KEM-1024,decap,68,30084,80808
ML-KEM-1024,decap,69,30169,81036
ML-KEM-1024,decap,70,30281,81336
ML-KEM-1024,decap,71,30303,81390
ML-KEM-1024,decap,72,30189,81088
ML-KEM-1024,decap,73,30239,81224
ML-KEM-1024,decap,74,30173,81042
ML-KEM-1024,decap,75,30276,81318
ML-KEM-1024,decap,76,30283,81340
ML-KEM-1024,decap,77,30203,81126
ML-KEM-1024,decap,78,30312,81418
ML-KEM-1024,decap,79,30004,80590
ML-KEM-1024,decap,80,30464,81828
ML-KEM-1024,decap,81,30429,81730
ML-KEM-1024,decap,82,30316,81428
ML-KEM-1024,decap,83,30037,80678
ML-KEM-1024,decap,84,30245,81238
ML-KEM-1024,decap,85,30362,81552
ML-KEM-1024,decap,86,30394,81616
ML-KEM-1024,decap,87,30171,81040
ML-KEM-1024,decap,88,30293,81370
ML-KEM-1024,decap,89,30142,80962
ML-KEM-1024,decap,90,30263,81284
ML-KEM-1024,decap,91,30383,81610
ML-KEM-1024,decap,92,30108,80870
ML-KEM-1024,decap,93,30337,81480
ML-KEM-1024,decap,94,31433,84436
ML-KEM-1024,decap,95,30439,81762
ML-KEM-1024,decap,96,30372,81580
ML-KEM-1024,decap,97,30128,80926
ML-KEM-1024,decap,98,29994,80562
ML-KEM-1024,decap,99,30476,81858
ML-KEM-1024,decap,100,30184,81074
ML-KEM-1024,decap,101,30089,80818
ML-KEM-1024,decap,102,30077,80784
ML-KEM-1024,decap,103,29950,80446
ML-KEM-1024,decap,104,30173,81046
ML-KEM-1024,decap,105,30358,81542
ML-KEM-1024,decap,106,30319,81436
ML-KEM-1024,decap,107,30146,80972
ML-KEM-1024,decap,108,30084,80804
ML-KEM-1024,decap,109,30208,81136
ML-KEM-1024,decap,110,30295,81370
ML-KEM-1024,decap,111,30297,81376
ML-KEM-1024,decap,112,30458,81812
ML-KEM-1024,decap,113,30222,81172
ML-KEM-1024,decap,114,30277,81324
ML-KEM-1024,decap,115,30274,81318
ML-KEM-1024,decap,116,30262,81280
ML-KEM-1024,decap,117,30300,81388
ML-KEM-1024,decap,118,30037,80678
ML-KEM-1024,decap,119,30570,82118
ML-KEM-1024,decap,120,30471,81846
ML-KEM-1024,decap,121,30233,81206
ML-KEM-1024,decap,122,30191,81094
ML-KEM-1024,decap,123,30282,81336
ML-KEM-1024,decap,124,30296,81374
ML-KEM-1024,decap,125,30208,81138
ML-KEM-1024,decap,126,30125,80916
ML-KEM-1024,decap,127,31516,84650
ML-KEM-1024,decap,128,30187,81082
ML-KEM-1024,decap,129,30252,81254
ML-KEM-1024,decap,130,30176,81056
ML-KEM-1024,decap,131,30187,81080
ML-KEM-1024,decap,132,30156,80992
ML-KEM-1024,decap,133,29914,80348
ML-KEM-1024,decap,134,30240,81224
ML-KEM-1024,decap,135,30365,81560
ML-KEM-1024,decap,136,29972,80504
ML-KEM-1024,decap,137,30468,81838
ML-KEM-1024,decap,138,30329,81460
ML-KEM-1024,decap,139,30189,81082
ML-KEM-1024,decap,140,30430,81736
ML-KEM-1024,decap,141,30134,80942
ML-KEM-1024,decap,142,30207,81134
ML-KEM-1024,decap,143,30247,81244
ML-KEM-1024,decap,144,30163,81016
ML-KEM-1024,decap,145,30103,80856
ML-KEM-1024,decap,146,30411,81684
ML-KEM-1024,decap,147,30363,81558
ML-KEM-1024,decap,148,30171,81040
ML-KEM-1024,decap,149,30272,81312
ML-KEM-1024,decap,150,30312,81416
ML-KEM-1024,decap,151,29874,80240
ML-KEM-1024,decap,152,29927,80380
ML-KEM-1024,decap,153,30234,81210
ML-KEM-1024,decap,154,30252,81258
ML-KEM-1024,decap,155,30192,81094
ML-KEM-1024,decap,156,30100,80852
ML-KEM-1024,decap,157,30166,81028
ML-KEM-1024,decap,158,30560,82086
ML-KEM-1024,decap,159,30097,80840
ML-KEM-1024,decap,160,30745,82584
ML-KEM-1024,decap,161,30315,81426
ML-KEM-1024,decap,162,30197,81110
ML-KEM-1024,decap,163,30267,81302
ML-KEM-1024,decap,164,30182,81070
ML-KEM-1024,decap,165,30176,81058
ML-KEM-1024,decap,166,30334,81480
ML-KEM-1024,decap,167,30329,81464
ML-KEM-1024,decap,168,30523,81986
ML-KEM-1024,decap,169,30060,80738
ML-KEM-1024,decap,170,30191,81094
ML-KEM-1024,decap,171,30517,81970
ML-KEM-1024,decap,172,30101,80852
ML-KEM-1024,decap,173,30251,81222
ML-KEM-1024,decap,174,30328,81440
ML-KEM-1024,decap,175,30382,81588
ML-KEM-1024,decap,176,30241,81226
ML-KEM-1024,decap,177,30195,81104
ML-KEM-1024,decap,178,30213,81154
ML-KEM-1024,decap,179,30125,80914
ML-KEM-1024,decap,180,30176,81056
ML-KEM-1024,decap,181,30123,80906
ML-KEM-1024,decap,182,30024,80644
ML-KEM-1024,decap,183,30022,80640
ML-KEM-1024,decap,184,30176,81056
ML-KEM-1024,decap,185,30270,81308
ML-KEM-1024,decap,186,30334,81480
ML-KEM-1024,decap,187,30372,81580
ML-KEM-1024,decap,188,30326,81456
ML-KEM-1024,decap,189,30242,81228
ML-KEM-1024,decap,190,30245,81236
ML-KEM-1024,decap,191,30203,81126
ML-KEM-1024,decap,192,31497,84608
ML-KEM-1024,decap,193,30447,81774
ML-KEM-1024,decap,194,30161,81014
ML-KEM-1024,decap,195,30499,81918
ML-KEM-1024,decap,196,30572,82118
ML-KEM-1024,decap,197,30428,81728
ML-KEM-1024,decap,198,30582,82146
ML-KEM-1024,decap,199,30308,81410
ML-KEM-1024,decap,200,30448,81786
ML-KEM-1024,decap,201,30258,81274
ML-KEM-1024,decap,202,30260,81278
ML-KEM-1024,decap,203,30353,81530
ML-KEM-1024,decap,204,30311,81416
ML-KEM-1024,decap,205,30240,81226
ML-KEM-1024,decap,206,30336,81482
ML-KEM-1024,decap,207,30298,81378
ML-KEM-1024,decap,208,30424,81718
ML-KEM-1024,decap,209,30353,81530
ML-KEM-1024,decap,210,30314,81424
ML-KEM-1024,decap,211,30299,81380
ML-KEM-1024,decap,212,30062,80746
ML-KEM-1024,decap,213,30165,81024
ML-KEM-1024,decap,214,30225,81180
ML-KEM-1024,decap,215,30235,81186
ML-KEM-1024,decap,216,30218,81146
ML-KEM-1024,decap,217,30146,80972
ML-KEM-1024,decap,218,30289,81358
ML-KEM-1024,decap,219,30198,81112
ML-KEM-1024,decap,220,30276,81324
ML-KEM-1024,decap,221,30494,81906
ML-KEM-1024,decap,222,30206,81134
ML-KEM-1024,decap,223,30455,81778
ML-KEM-1024,decap,224,30338,81488
ML-KEM-1024,decap,225,31433,84436
ML-KEM-1024,decap,226,30238,81222
ML-KEM-1024,decap,227,30410,81688
ML-KEM-1024,decap,228,30206,81138
ML-KEM-1024,decap,229,30294,81374
ML-KEM-1024,decap,230,30282,81342
ML-KEM-1024,decap,231,30271,81314
ML-KEM-1024,decap,232,30369,81574
ML-KEM-1024,decap,233,30460,81822
ML-KEM-1024,decap,234,30691,82442
ML-KEM-1024,decap,235,30312,81422
ML-KEM-1024,decap,236,30293,81372
ML-KEM-1024,decap,237,30612,82232
ML-KEM-1024,decap,238,30526,82002
ML-KEM-1024,decap,239,30229,81198
ML-KEM-1024,decap,240,30216,81160
ML-KEM-1024,decap,241,30389,81626
ML-KEM-1024,decap,242,30375,81582
ML-KEM-1024,decap,243,30302,81392
ML-KEM-1024,decap,244,30382,81610
ML-KEM-1024,decap,245,30464,81826
ML-KEM-1024,decap,246,29924,80374
ML-KEM-1024,decap,247,30017,80624
ML-KEM-1024,decap,248,30451,81790
ML-KEM-1024,decap,249,30139,80954
ML-KEM-1024,decap,250,30158,81002
ML-KEM-1024,decap,251,30179,81062
ML-KEM-1024,decap,252,30219,81166
ML-KEM-1024,decap,253,30432,81740
ML-KEM-1024,decap,254,30289,81354
ML-KEM-1024,decap,255,30143,80960
ML-KEM-1024,decap,256,30402,81662
ML-KEM-1024,decap,257,31440,84452
ML-KEM-1024,decap,258,30210,81148
ML-KEM-1024,decap,259,30246,81240
ML-KEM-1024,decap,260,30219,81168
ML-KEM-1024,decap,261,30407,81676
ML-KEM-1024,decap,262,30391,81630
ML-KEM-1024,decap,263,30566,82102
ML-KEM-1024,decap,264,30629,82270
ML-KEM-1024,decap,265,30380,81604
ML-KEM-1024,decap,266,30180,81064
ML-KEM-1024,decap,267,30251,81252
ML-KEM-1024,decap,268,30067,80758
ML-KEM-1024,decap,269,30174,81046
ML-KEM-1024,decap,270,30111,80878
ML-KEM-1024,decap,271,30359,81542
ML-KEM-1024,decap,272,30083,80802
ML-KEM-1024,decap,273,30384,81608
ML-KEM-1024,decap,274,30433,81742
ML-KEM-1024,decap,275,30337,81484
ML-KEM-1024,decap,276,30184,81072
ML-KEM-1024,decap,277,30292,81366
ML-KEM-1024,decap,278,30387,81616
ML-KEM-1024,decap,279,30420,81702
ML-KEM-1024,decap,280,30615,82234
ML-KEM-1024,decap,281,30518,81970
ML-KEM-1024,decap,282,30375,81588
ML-KEM-1024,decap,283,30330,81462
ML-KEM-1024,decap,284,30481,81874
ML-KEM-1024,decap,285,30241,81226
ML-KEM-1024,decap,286,30400,81656
ML-KEM-1024,decap,287,30351,81522
ML-KEM-1024,decap,288,30352,81528
ML-KEM-1024,decap,289,30146,80976
ML-KEM-1024,decap,290,31516,84654
ML-KEM-1024,decap,291,30347,81512
ML-KEM-1024,decap,292,30188,81084
ML-KEM-1024,decap,293,30172,81040
ML-KEM-1024,decap,294,30269,81306
ML-KEM-1024,decap,295,30204,81132
ML-KEM-1024,decap,296,30126,80916
ML-KEM-1024,decap,297,30264,81294
ML-KEM-1024,decap,298,30159,81008
ML-KEM-1024,decap,299,30222,81176
ML-KEM-1024,decap,300,30133,80936
ML-KEM-1024,decap,301,30218,81162
ML-KEM-1024,decap,302,30444,81774
ML-KEM-1024,decap,303,30535,82020
ML-KEM-1024,decap,304,30155,80996
ML-KEM-1024,decap,305,30131,80936
ML-KEM-1024,decap,306,30280,81334
ML-KEM-1024,decap,307,30455,81804
ML-KEM-1024,decap,308,30205,81132
ML-KEM-1024,decap,309,30386,81612
ML-KEM-1024,decap,310,30394,81638
ML-KEM-1024,decap,311,30614,82226
ML-KEM-1024,decap,312,30464,81826
ML-KEM-1024,decap,313,30308,81408
ML-KEM-1024,decap,314,30273,81312
ML-KEM-1024,decap,315,30602,82196
ML-KEM-1024,decap,316,30770,82648
ML-KEM-1024,decap,317,30258,81270
ML-KEM-1024,decap,318,30245,81234
ML-KEM-1024,decap,319,30149,80978
ML-KEM-1024,decap,320,30006,80596
ML-KEM-1024,decap,321,30241,81224
ML-KEM-1024,decap,322,31420,84396
ML-KEM-1024,decap,323,30329,81470
ML-KEM-1024,decap,324,30230,81206
ML-KEM-1024,decap,325,30321,81450
ML-KEM-1024,decap,326,30559,82088
ML-KEM-1024,decap,327,30403,81670
ML-KEM-1024,decap,328,30508,81954
ML-KEM-1024,decap,329,30485,81888
ML-KEM-1024,decap,330,30306,81406
ML-KEM-1024,decap,331,30448,81786
ML-KEM-1024,decap,332,30298,81384
ML-KEM-1024,decap,333,30481,81878
ML-KEM-1024,decap,334,30374,81588
ML-KEM-1024,decap,335,30256,81272
ML-KEM-1024,decap,336,30472,81854
ML-KEM-1024,decap,337,30557,82078
ML-KEM-1024,decap,338,30367,81570
ML-KEM-1024,decap,339,30260,81284
ML-KEM-1024,decap,340,30405,81672
ML-KEM-1024,decap,341,30425,81726
ML-KEM-1024,decap,342,30279,81336
ML-KEM-1024,decap,343,30321,81444
ML-KEM-1024,decap,344,30232,81208
ML-KEM-1024,decap,345,30320,81446
ML-KEM-1024,decap,346,30064,80760
ML-KEM-1024,decap,347,30330,81446
ML-KEM-1024,decap,348,30482,81882
ML-KEM-1024,decap,349,30327,81464
ML-KEM-1024,decap,350,30433,81748
ML-KEM-1024,decap,351,30331,81476
ML-KEM-1024,decap,352,30270,81312
ML-KEM-1024,decap,353,30317,81438
ML-KEM-1024,decap,354,30108,80876
ML-KEM-1024,decap,355,31484,84568
ML-KEM-1024,decap,356,30308,81408
ML-KEM-1024,decap,357,30278,81328
ML-KEM-1024,decap,358,30297,81378
ML-KEM-1024,decap,359,30384,81614
ML-KEM-1024,decap,360,30476,81862
ML-KEM-1024,decap,361,30032,80666
ML-KEM-1024,decap,362,30323,81448
ML-KEM-1024,decap,363,30152,80988
ML-KEM-1024,decap,364,30159,81008
ML-KEM-1024,decap,365,30182,81066
ML-KEM-1024,decap,366,30274,81316
ML-KEM-1024,decap,367,30465,81832
ML-KEM-1024,decap,368,29975,80514
ML-KEM-1024,decap,369,30347,81508
ML-KEM-1024,decap,370,30389,81626
ML-KEM-1024,decap,371,30240,81222
ML-KEM-1024,decap,372,30123,80912
ML-KEM-1024,decap,373,30000,80578
ML-KEM-1024,decap,374,30170,81036
ML-KEM-1024,decap,375,30069,80768
ML-KEM-1024,decap,376,30335,81482
ML-KEM-1024,decap,377,30241,81226
ML-KEM-1024,decap,378,30227,81190
ML-KEM-1024,decap,379,30055,80728
ML-KEM-1024,decap,380,29940,80418
ML-KEM-1024,decap,381,30230,81200
ML-KEM-1024,decap,382,30239,81222
ML-KEM-1024,decap,383,30035,80678
ML-KEM-1024,decap,384,29992,80556
ML-KEM-1024,decap,385,30254,81262
ML-KEM-1024,decap,386,30303,81396
ML-KEM-1024,decap,387,31439,84452
ML-KEM-1024,decap,388,30201,81128
ML-KEM-1024,decap,389,30243,81232
ML-KEM-1024,decap,390,30231,81202
ML-KEM-1024,decap,391,30367,81570
ML-KEM-1024,decap,392,30332,81474
ML-KEM-1024,decap,393,30254,81266
ML-KEM-1024,decap,394,30323,81450
ML-KEM-1024,decap,395,30210,81142
ML-KEM-1024,decap,396,30479,81870
ML-KEM-1024,decap,397,30215,81152
ML-KEM-1024,decap,398,30190,81090
ML-KEM-1024,decap,399,30352,81530
ML-KEM-1024,decap,400,30332,81450
ML-KEM-1024,decap,401,30384,81612
ML-KEM-1024,decap,402,30346,81512
ML-KEM-1024,decap,403,30221,81172
ML-KEM-1024,decap,404,30347,81514
ML-KEM-1024,decap,405,30329,81462
ML-KEM-1024,decap,406,30499,81924
ML-KEM-1024,decap,407,30283,81340
ML-KEM-1024,decap,408,30161,81010
ML-KEM-1024,decap,409,30205,81132
ML-KEM-1024,decap,410,30297,81378
ML-KEM-1024,decap,411,30289,81358
ML-KEM-1024,decap,412,30452,81794
ML-KEM-1024,decap,413,30441,81762
ML-KEM-1024,decap,414,30661,82356
ML-KEM-1024,decap,415,30317,81432
ML-KEM-1024,decap,416,30531,82004
ML-KEM-1024,decap,417,30239,81222
ML-KEM-1024,decap,418,30365,81560
ML-KEM-1024,decap,419,30045,80700
ML-KEM-1024,decap,420,31270,83998
ML-KEM-1024,decap,421,30158,81008
ML-KEM-1024,decap,422,30090,80824
ML-KEM-1024,decap,423,29938,80414
ML-KEM-1024,decap,424,30430,81734
ML-KEM-1024,decap,425,30274,81318
ML-KEM-1024,decap,426,30187,81078
ML-KEM-1024,decap,427,30280,81334
ML-KEM-1024,decap,428,30164,81016
ML-KEM-1024,decap,429,30186,81080
ML-KEM-1024,decap,430,30128,80916
ML-KEM-1024,decap,431,30375,81588
ML-KEM-1024,decap,432,30329,81466
ML-KEM-1024,decap,433,30419,81708
ML-KEM-1024,decap,434,30420,81712
ML-KEM-1024,decap,435,30112,80882
ML-KEM-1024,decap,436,30454,81798
ML-KEM-1024,decap,437,30371,81574
ML-KEM-1024,decap,438,30305,81400
ML-KEM-1024,decap,439,30167,81022
ML-KEM-1024,decap,440,30177,81056
ML-KEM-1024,decap,441,30159,81002
ML-KEM-1024,decap,442,30236,81216
ML-KEM-1024,decap,443,30373,81584
ML-KEM-1024,decap,444,30143,80966
ML-KEM-1024,decap,445,30070,80768
ML-KEM-1024,decap,446,30124,80910
ML-KEM-1024,decap,447,30229,81190
ML-KEM-1024,decap,448,30153,80992
ML-KEM-1024,decap,449,30388,81624
ML-KEM-1024,decap,450,30088,80818
ML-KEM-1024,decap,451,30278,81326
ML-KEM-1024,decap,452,31418,84394
ML-KEM-1024,decap,453,30220,81178
ML-KEM-1024,decap,454,30542,82042
ML-KEM-1024,decap,455,30077,80796
ML-KEM-1024,decap,456,30358,81544
ML-KEM-1024,decap,457,30184,81082
ML-KEM-1024,decap,458,30307,81414
ML-KEM-1024,decap,459,30320,81446
ML-KEM-1024,decap,460,30198,81114
ML-KEM-1024,decap,461,30575,82130
ML-KEM-1024,decap,462,30360,81550
ML-KEM-1024,decap,463,30367,81572
ML-KEM-1024,decap,464,29906,80330
ML-KEM-1024,decap,465,30374,81590
ML-KEM-1024,decap,466,30291,81368
ML-KEM-1024,decap,467,30325,81462
ML-KEM-1024,decap,468,30362,81558
ML-KEM-1024,decap,469,30265,81296
ML-KEM-1024,decap,470,30385,81618
ML-KEM-1024,decap,471,30138,80956
ML-KEM-1024,decap,472,30358,81550
ML-KEM-1024,decap,473,30345,81514
ML-KEM-1024,decap,474,30295,81378
ML-KEM-1024,decap,475,30167,81036
ML-KEM-1024,decap,476,30227,81190
ML-KEM-1024,decap,477,30179,81068
ML-KEM-1024,decap,478,30146,80978
ML-KEM-1024,decap,479,30311,81416
ML-KEM-1024,decap,480,30212,81148
ML-KEM-1024,decap,481,30069,80764
ML-KEM-1024,decap,482,30342,81498
ML-KEM-1024,decap,483,30041,80692
ML-KEM-1024,decap,484,30250,81248
ML-KEM-1024,decap,485,31704,85162
ML-KEM-1024,decap,486,30335,81484
ML-KEM-1024,decap,487,30296,81380
ML-KEM-1024,decap,488,30226,81192
ML-KEM-1024,decap,489,30154,81002
ML-KEM-1024,decap,490,30345,81512
ML-KEM-1024,decap,491,30152,80992
ML-KEM-1024,decap,492,30256,81272
ML-KEM-1024,decap,493,30340,81496
ML-KEM-1024,decap,494,30392,81644
ML-KEM-1024,decap,495,30241,81232
ML-KEM-1024,decap,496,30499,81926
ML-KEM-1024,decap,497,30464,81830
ML-KEM-1024,decap,498,30215,81160
ML-KEM-1024,decap,499,30391,81636
ML-KEM-1024,decap,500,30098,80850
ML-KEM-1024,decap,501,30068,80766
ML-KEM-1024,decap,502,30267,81302
ML-KEM-1024,decap,503,30310,81418
ML-KEM-1024,decap,504,30260,81284
ML-KEM-1024,decap,505,30286,81354
ML-KEM-1024,decap,506,30772,82660
ML-KEM-1024,decap,507,30717,82512
ML-KEM-1024,decap,508,30120,80910
ML-KEM-1024,decap,509,30386,81622
ML-KEM-1024,decap,510,30358,81548
ML-KEM-1024,decap,511,30398,81654
ML-KEM-1024,decap,512,30485,81888
ML-KEM-1024,decap,513,30146,80978
ML-KEM-1024,decap,514,30544,82046
ML-KEM-1024,decap,515,30207,81142
ML-KEM-1024,decap,516,30417,81706
ML-KEM-1024,decap,517,30245,81244
ML-KEM-1024,decap,518,31591,84856
ML-KEM-1024,decap,519,30317,81430
ML-KEM-1024,decap,520,30355,81534
ML-KEM-1024,decap,521,30308,81406
ML-KEM-1024,decap,522,30543,82040
ML-KEM-1024,decap,523,30311,81416
ML-KEM-1024,decap,524,30417,81678
ML-KEM-1024,decap,525,30460,81816
ML-KEM-1024,decap,526,30235,81210
ML-KEM-1024,decap,527,30166,81026
ML-KEM-1024,decap,528,30276,81324
ML-KEM-1024,decap,529,30174,81048
ML-KEM-1024,decap,530,30390,81630
ML-KEM-1024,decap,531,30458,81810
ML-KEM-1024,decap,532,30279,81326
ML-KEM-1024,decap,533,30599,82190
ML-KEM-1024,decap,534,30544,82044
ML-KEM-1024,decap,535,30671,82382
ML-KEM-1024,decap,536,30170,81038
ML-KEM-1024,decap,537,30299,81382
ML-KEM-1024,decap,538,30462,81820
ML-KEM-1024,decap,539,30386,81616
ML-KEM-1024,decap,540,30720,82516
ML-KEM-1024,decap,541,30241,81228
ML-KEM-1024,decap,542,30197,81110
ML-KEM-1024,decap,543,30132,80938
ML-KEM-1024,decap,544,30208,81142
ML-KEM-1024,decap,545,30529,82000
ML-KEM-1024,decap,546,30368,81572
ML-KEM-1024,decap,547,30232,81202
ML-KEM-1024,decap,548,30303,81394
ML-KEM-1024,decap,549,30231,81198
ML-KEM-1024,decap,550,31540,84726
ML-KEM-1024,decap,551,30470,81842
ML-KEM-1024,decap,552,30232,81200
ML-KEM-1024,decap,553,30297,81376
ML-KEM-1024,decap,554,30642,82304
ML-KEM-1024,decap,555,30361,81552
ML-KEM-1024,decap,556,30191,81094
ML-KEM-1024,decap,557,30356,81536
ML-KEM-1024,decap,558,30395,81642
ML-KEM-1024,decap,559,30322,81446
ML-KEM-1024,decap,560,30271,81310
ML-KEM-1024,decap,561,30372,81580
ML-KEM-1024,decap,562,30299,81380
ML-KEM-1024,decap,563,30177,81056
ML-KEM-1024,decap,564,30547,82046
ML-KEM-1024,decap,565,30322,81444
ML-KEM-1024,decap,566,30285,81344
ML-KEM-1024,decap,567,30308,81408
ML-KEM-1024,decap,568,30279,81326
ML-KEM-1024,decap,569,30300,81388
ML-KEM-1024,decap,570,30069,80766
ML-KEM-1024,decap,571,30156,80998
ML-KEM-1024,decap,572,30418,81700
ML-KEM-1024,decap,573,30339,81494
ML-KEM-1024,decap,574,30268,81304
ML-KEM-1024,decap,575,30276,81318
ML-KEM-1024,decap,576,30269,81302
ML-KEM-1024,decap,577,30512,81962
ML-KEM-1024,decap,578,30289,81356
ML-KEM-1024,decap,579,30392,81636
ML-KEM-1024,decap,580,30247,81242
ML-KEM-1024,decap,581,30409,81680
ML-KEM-1024,decap,582,30170,81036
ML-KEM-1024,decap,583,31433,84436
ML-KEM-1024,decap,584,30288,81360
ML-KEM-1024,decap,585,30317,81436
ML-KEM-1024,decap,586,30295,81378
ML-KEM-1024,decap,587,30601,82204
ML-KEM-1024,decap,588,30230,81204
ML-KEM-1024,decap,589,30273,81318
ML-KEM-1024,decap,590,30287,81356
ML-KEM-1024,decap,591,30295,81382
ML-KEM-1024,decap,592,30194,81106
ML-KEM-1024,decap,593,30200,81124
ML-KEM-1024,decap,594,30250,81256
ML-KEM-1024,decap,595,30338,81492
ML-KEM-1024,decap,596,30530,82006
ML-KEM-1024,decap,597,30259,81280
ML-KEM-1024,decap,598,30517,81976
ML-KEM-1024,decap,599,30409,81686
ML-KEM-1024,decap,600,30324,81456
ML-KEM-1024,decap,601,30433,81746
ML-KEM-1024,decap,602,30511,81960
ML-KEM-1024,decap,603,30442,81774
ML-KEM-1024,decap,604,30076,80788
ML-KEM-1024,decap,605,30190,81096
ML-KEM-1024,decap,606,30216,81168
ML-KEM-1024,decap,607,30141,80964
ML-KEM-1024,decap,608,30217,81170
ML-KEM-1024,decap,609,30235,81218
ML-KEM-1024,decap,610,30194,81110
ML-KEM-1024,decap,611,30448,81792
ML-KEM-1024,decap,612,30127,80924
ML-KEM-1024,decap,613,30294,81378
ML-KEM-1024,decap,614,30146,80976
ML-KEM-1024,decap,615,31529,84690
ML-KEM-1024,decap,616,30366,81570
ML-KEM-1024,decap,617,30381,81610
ML-KEM-1024,decap,618,30054,80730
ML-KEM-1024,decap,619,30346,81516
ML-KEM-1024,decap,620,30259,81284
ML-KEM-1024,decap,621,30377,81598
ML-KEM-1024,decap,622,30364,81564
ML-KEM-1024,decap,623,30124,80920
ML-KEM-1024,decap,624,30278,81332
ML-KEM-1024,decap,625,30433,81748
ML-KEM-1024,decap,626,30161,81018
ML-KEM-1024,decap,627,30192,81098
ML-KEM-1024,decap,628,30095,80842
ML-KEM-1024,decap,629,30334,81484
ML-KEM-1024,decap,630,30286,81352
ML-KEM-1024,decap,631,30339,81494
ML-KEM-1024,decap,632,30068,80768
ML-KEM-1024,decap,633,29959,80476
ML-KEM-1024,decap,634,30298,81386
ML-KEM-1024,decap,635,30341,81496
ML-KEM-1024,decap,636,30291,81364
ML-KEM-1024,decap,637,30310,81416
ML-KEM-1024,decap,638,30242,81234
ML-KEM-1024,decap,639,30212,81156
ML-KEM-1024,decap,640,30098,80848
ML-KEM-1024,decap,641,30364,81530
ML-KEM-1024,decap,642,30308,81412
ML-KEM-1024,decap,643,29930,80396
ML-KEM-1024,decap,644,30215,81164
ML-KEM-1024,decap,645,30195,81108
ML-KEM-1024,decap,646,30474,81860
ML-KEM-1024,decap,647,30005,80598
ML-KEM-1024,decap,648,31625,84952
ML-KEM-1024,decap,649,30407,81682
ML-KEM-1024,decap,650,30306,81408
ML-KEM-1024,decap,651,30265,81296
ML-KEM-1024,decap,652,30165,81028
ML-KEM-1024,decap,653,30322,81448
ML-KEM-1024,decap,654,30252,81260
ML-KEM-1024,decap,655,30208,81146
ML-KEM-1024,decap,656,30419,81712
ML-KEM-1024,decap,657,30461,81822
ML-KEM-1024,decap,658,30234,81214
ML-KEM-1024,decap,659,30231,81208
ML-KEM-1024,decap,660,30094,80838
ML-KEM-1024,decap,661,30104,80864
ML-KEM-1024,decap,662,30218,81170
ML-KEM-1024,decap,663,30537,82026
ML-KEM-1024,decap,664,30202,81126
ML-KEM-1024,decap,665,30274,81322
ML-KEM-1024,decap,666,30274,81320
ML-KEM-1024,decap,667,30255,81272
ML-KEM-1024,decap,668,30174,81054
ML-KEM-1024,decap,669,30337,81494
ML-KEM-1024,decap,670,30230,81202
ML-KEM-1024,decap,671,30269,81306
ML-KEM-1024,decap,672,30152,80996
ML-KEM-1024,decap,673,30192,81102
ML-KEM-1024,decap,674,30084,80808
ML-KEM-1024,decap,675,30231,81206
ML-KEM-1024,decap,676,30169,81040
ML-KEM-1024,decap,677,30022,80644
ML-KEM-1024,decap,678,30277,81326
ML-KEM-1024,decap,679,30245,81244
ML-KEM-1024,decap,680,31349,84212
ML-KEM-1024,decap,681,30669,82386
ML-KEM-1024,decap,682,30212,81154
ML-KEM-1024,decap,683,30267,81302
ML-KEM-1024,decap,684,30310,81418
ML-KEM-1024,decap,685,30380,81608
ML-KEM-1024,decap,686,30166,81032
ML-KEM-1024,decap,687,30126,80922
ML-KEM-1024,decap,688,30111,80884
ML-KEM-1024,decap,689,30399,81656
ML-KEM-1024,decap,690,30218,81170
ML-KEM-1024,decap,691,29984,80542
ML-KEM-1024,decap,692,30030,80666
ML-KEM-1024,decap,693,30307,81408
ML-KEM-1024,decap,694,30447,81786
ML-KEM-1024,decap,695,30337,81490
ML-KEM-1024,decap,696,30045,80704
ML-KEM-1024,decap,697,29979,80526
ML-KEM-1024,decap,698,30382,81608
ML-KEM-1024,decap,699,30141,80964
ML-KEM-1024,decap,700,30270,81310
ML-KEM-1024,decap,701,30005,80596
ML-KEM-1024,decap,702,30308,81382
ML-KEM-1024,decap,703,30258,81278
ML-KEM-1024,decap,704,30341,81500
ML-KEM-1024,decap,705,30166,81030
ML-KEM-1024,decap,706,30467,81840
ML-KEM-1024,decap,707,30146,80974
ML-KEM-1024,decap,708,30140,80962
ML-KEM-1024,decap,709,30077,80790
ML-KEM-1024,decap,710,30241,81232
ML-KEM-1024,decap,711,30070,80776
ML-KEM-1024,decap,712,30391,81638
ML-KEM-1024,decap,713,32236,86596
ML-KEM-1024,decap,714,30398,81658
ML-KEM-1024,decap,715,30348,81488
ML-KEM-1024,decap,716,30234,81212
ML-KEM-1024,decap,717,30118,80906
ML-KEM-1024,decap,718,30406,81674
ML-KEM-1024,decap,719,30364,81562
ML-KEM-1024,decap,720,30546,82026
ML-KEM-1024,decap,721,30490,81902
ML-KEM-1024,decap,722,30291,81334
ML-KEM-1024,decap,723,30443,81772
ML-KEM-1024,decap,724,30355,81536
ML-KEM-1024,decap,725,30299,81382
ML-KEM-1024,decap,726,30330,81468
ML-KEM-1024,decap,727,30386,81616
ML-KEM-1024,decap,728,30276,81322
ML-KEM-1024,decap,729,30429,81728
ML-KEM-1024,decap,730,30314,81426
ML-KEM-1024,decap,731,30219,81162
ML-KEM-1024,decap,732,30506,81940
ML-KEM-1024,decap,733,30264,81290
ML-KEM-1024,decap,734,30323,81450
ML-KEM-1024,decap,735,30285,81344
ML-KEM-1024,decap,736,30246,81240
ML-KEM-1024,decap,737,30043,80698
ML-KEM-1024,decap,738,30404,81644
ML-KEM-1024,decap,739,29976,80512
ML-KEM-1024,decap,740,30186,81078
ML-KEM-1024,decap,741,30230,81196
ML-KEM-1024,decap,742,30131,80930
ML-KEM-1024,decap,743,30157,81002
ML-KEM-1024,decap,744,30432,81742
ML-KEM-1024,decap,745,30128,80924
ML-KEM-1024,decap,746,31405,84362
ML-KEM-1024,decap,747,30326,81458
ML-KEM-1024,decap,748,30175,81054
ML-KEM-1024,decap,749,30605,82208
ML-KEM-1024,decap,750,30215,81164
ML-KEM-1024,decap,751,30004,80594
ML-KEM-1024,decap,752,30271,81314
ML-KEM-1024,decap,753,30207,81142
ML-KEM-1024,decap,754,30237,81218
ML-KEM-1024,decap,755,30183,81078
ML-KEM-1024,decap,756,30295,81378
ML-KEM-1024,decap,757,30428,81734
ML-KEM-1024,decap,758,30292,81368
ML-KEM-1024,decap,759,30229,81194
ML-KEM-1024,decap,760,30324,81454
ML-KEM-1024,decap,761,30272,81310
ML-KEM-1024,decap,762,30377,81570
ML-KEM-1024,decap,763,30555,82078
ML-KEM-1024,decap,764,30224,81188
ML-KEM-1024,decap,765,30265,81294
ML-KEM-1024,decap,766,30018,80632
ML-KEM-1024,decap,767,30256,81274
ML-KEM-1024,decap,768,30367,81570
ML-KEM-1024,decap,769,30142,80968
ML-KEM-1024,decap,770,30270,81312
ML-KEM-1024,decap,771,30022,80644
ML-KEM-1024,decap,772,30257,81276
ML-KEM-1024,decap,773,30298,81390
ML-KEM-1024,decap,774,30137,80956
ML-KEM-1024,decap,775,30198,81114
ML-KEM-1024,decap,776,30251,81256
ML-KEM-1024,decap,777,30534,82014
ML-KEM-1024,decap,778,31771,85346
ML-KEM-1024,decap,779,30447,81786
ML-KEM-1024,decap,780,30601,82196
ML-KEM-1024,decap,781,30382,81614
ML-KEM-1024,decap,782,30236,81222
ML-KEM-1024,decap,783,30112,80890
ML-KEM-1024,decap,784,30458,81816
ML-KEM-1024,decap,785,30389,81598
ML-KEM-1024,decap,786,30515,81972
ML-KEM-1024,decap,787,30137,80952
ML-KEM-1024,decap,788,30329,81466
ML-KEM-1024,decap,789,30210,81152
ML-KEM-1024,decap,790,30274,81324
ML-KEM-1024,decap,791,30573,82122
ML-KEM-1024,decap,792,30455,81806
ML-KEM-1024,decap,793,30476,81862
ML-KEM-1024,decap,794,30222,81182
ML-KEM-1024,decap,795,30214,81160
ML-KEM-1024,decap,796,30369,81578
ML-KEM-1024,decap,797,30333,81476
ML-KEM-1024,decap,798,30283,81348
ML-KEM-1024,decap,799,30220,81176
ML-KEM-1024,decap,800,30125,80920
ML-KEM-1024,decap,801,30041,80694
ML-KEM-1024,decap,802,30251,81264
ML-KEM-1024,decap,803,30311,81422
ML-KEM-1024,decap,804,30250,81260
ML-KEM-1024,decap,805,30247,81250
ML-KEM-1024,decap,806,30188,81092
ML-KEM-1024,decap,807,30328,81468
ML-KEM-1024,decap,808,30318,81442
ML-KEM-1024,decap,809,30548,82056
ML-KEM-1024,decap,810,30450,81794
ML-KEM-1024,decap,811,31260,83974
ML-KEM-1024,decap,812,30214,81158
ML-KEM-1024,decap,813,30356,81542
ML-KEM-1024,decap,814,30332,81478
ML-KEM-1024,decap,815,30262,81290
ML-KEM-1024,decap,816,30306,81408
ML-KEM-1024,decap,817,30282,81346
ML-KEM-1024,decap,818,30469,81848
ML-KEM-1024,decap,819,30563,82068
ML-KEM-1024,decap,820,30456,81808
ML-KEM-1024,decap,821,30389,81632
ML-KEM-1024,decap,822,30451,81802
ML-KEM-1024,decap,823,30217,81164
ML-KEM-1024,decap,824,30130,80930
ML-KEM-1024,decap,825,30146,80974
ML-KEM-1024,decap,826,30143,80970
ML-KEM-1024,decap,827,30282,81344
ML-KEM-1024,decap,828,30444,81776
ML-KEM-1024,decap,829,30511,81960
ML-KEM-1024,decap,830,30215,81162
ML-KEM-1024,decap,831,30504,81940
ML-KEM-1024,decap,832,30302,81392
ML-KEM-1024,decap,833,30183,81076
ML-KEM-1024,decap,834,30209,81144
ML-KEM-1024,decap,835,30469,81846
ML-KEM-1024,decap,836,30266,81302
ML-KEM-1024,decap,837,30260,81282
ML-KEM-1024,decap,838,30334,81482
ML-KEM-1024,decap,839,30283,81346
ML-KEM-1024,decap,840,30382,81610
ML-KEM-1024,decap,841,30186,81086
ML-KEM-1024,decap,842,30297,81382
ML-KEM-1024,decap,843,31560,84782
ML-KEM-1024,decap,844,30545,82048
ML-KEM-1024,decap,845,30182,81076
ML-KEM-1024,decap,846,30422,81714
ML-KEM-1024,decap,847,30143,80970
ML-KEM-1024,decap,848,30143,80972
ML-KEM-1024,decap,849,30291,81372
ML-KEM-1024,decap,850,30495,81914
ML-KEM-1024,decap,851,30259,81282
ML-KEM-1024,decap,852,30435,81752
ML-KEM-1024,decap,853,30061,80748
ML-KEM-1024,decap,854,30134,80948
ML-KEM-1024,decap,855,30445,81778
ML-KEM-1024,decap,856,30175,81054
ML-KEM-1024,decap,857,30451,81796
ML-KEM-1024,decap,858,30413,81698
ML-KEM-1024,decap,859,30414,81700
ML-KEM-1024,decap,860,30324,81458
ML-KEM-1024,decap,861,30482,81880
ML-KEM-1024,decap,862,30276,81326
ML-KEM-1024,decap,863,30267,81306
ML-KEM-1024,decap,864,30315,81432
ML-KEM-1024,decap,865,30526,82000
ML-KEM-1024,decap,866,30184,81078
ML-KEM-1024,decap,867,30130,80938
ML-KEM-1024,decap,868,30210,81150
ML-KEM-1024,decap,869,30294,81378
ML-KEM-1024,decap,870,30336,81492
ML-KEM-1024,decap,871,30259,81282
ML-KEM-1024,decap,872,30056,80734
ML-KEM-1024,decap,873,30322,81454
ML-KEM-1024,decap,874,30458,81814
ML-KEM-1024,decap,875,30564,82104
ML-KEM-1024,decap,876,31727,85226
ML-KEM-1024,decap,877,30281,81340
ML-KEM-1024,decap,878,30036,80684
ML-KEM-1024,decap,879,30071,80776
ML-KEM-1024,decap,880,30117,80900
ML-KEM-1024,decap,881,30242,81238
ML-KEM-1024,decap,882,30298,81388
ML-KEM-1024,decap,883,30161,81018
ML-KEM-1024,decap,884,30357,81546
ML-KEM-1024,decap,885,30202,81132
ML-KEM-1024,decap,886,30375,81590
ML-KEM-1024,decap,887,30286,81354
ML-KEM-1024,decap,888,30258,81278
ML-KEM-1024,decap,889,30346,81514
ML-KEM-1024,decap,890,30271,81314
ML-KEM-1024,decap,891,30102,80862
ML-KEM-1024,decap,892,30224,81186
ML-KEM-1024,decap,893,30151,80988
ML-KEM-1024,decap,894,30250,81256
ML-KEM-1024,decap,895,30299,81390
ML-KEM-1024,decap,896,30317,81436
ML-KEM-1024,decap,897,30154,81000
ML-KEM-1024,decap,898,30162,81020
ML-KEM-1024,decap,899,30253,81264
ML-KEM-1024,decap,900,30170,81040
ML-KEM-1024,decap,901,30255,81272
ML-KEM-1024,decap,902,30444,81780
ML-KEM-1024,decap,903,30415,81704
ML-KEM-1024,decap,904,30337,81490
ML-KEM-1024,decap,905,30334,81482
ML-KEM-1024,decap,906,30482,81880
ML-KEM-1024,decap,907,30284,81346
ML-KEM-1024,decap,908,31422,84406
ML-KEM-1024,decap,909,30405,81672
ML-KEM-1024,decap,910,30392,81638
ML-KEM-1024,decap,911,30319,81444
ML-KEM-1024,decap,912,30458,81814
ML-KEM-1024,decap,913,30267,81304
ML-KEM-1024,decap,914,30434,81754
ML-KEM-1024,decap,915,30458,81818
ML-KEM-1024,decap,916,30307,81414
ML-KEM-1024,decap,917,30333,81482
ML-KEM-1024,decap,918,30248,81250
ML-KEM-1024,decap,919,30147,80980
ML-KEM-1024,decap,920,30417,81706
ML-KEM-1024,decap,921,30426,81732
ML-KEM-1024,decap,922,30430,81742
ML-KEM-1024,decap,923,30143,80968
ML-KEM-1024,decap,924,30336,81492
ML-KEM-1024,decap,925,30330,81472
ML-KEM-1024,decap,926,30253,81268
ML-KEM-1024,decap,927,30250,81258
ML-KEM-1024,decap,928,30282,81342
ML-KEM-1024,decap,929,30402,81666
ML-KEM-1024,decap,930,30466,81840
ML-KEM-1024,decap,931,30521,81986
ML-KEM-1024,decap,932,30385,81620
ML-KEM-1024,decap,933,30385,81622
ML-KEM-1024,decap,934,30241,81232
ML-KEM-1024,decap,935,30362,81558
ML-KEM-1024,decap,936,30364,81558
ML-KEM-1024,decap,937,30280,81338
ML-KEM-1024,decap,938,30363,81562
ML-KEM-1024,decap,939,30453,81804
ML-KEM-1024,decap,940,30239,81228
ML-KEM-1024,decap,941,31583,84840
ML-KEM-1024,decap,942,30633,82286
ML-KEM-1024,decap,943,30195,81108
ML-KEM-1024,decap,944,30242,81236
ML-KEM-1024,decap,945,30353,81536
ML-KEM-1024,decap,946,30267,81302
ML-KEM-1024,decap,947,30235,81216
ML-KEM-1024,decap,948,30299,81388
ML-KEM-1024,decap,949,30247,81248
ML-KEM-1024,decap,950,30308,81414
ML-KEM-1024,decap,951,30211,81152
ML-KEM-1024,decap,952,30195,81108
ML-KEM-1024,decap,953,30398,81654
ML-KEM-1024,decap,954,30235,81216
ML-KEM-1024,decap,955,30245,81244
ML-KEM-1024,decap,956,30197,81112
ML-KEM-1024,decap,957,30531,82012
ML-KEM-1024,decap,958,30176,81060
ML-KEM-1024,decap,959,30254,81268
ML-KEM-1024,decap,960,30175,81054
ML-KEM-1024,decap,961,30457,81810
ML-KEM-1024,decap,962,30251,81256
ML-KEM-1024,decap,963,30268,81300
ML-KEM-1024,decap,964,30158,81004
ML-KEM-1024,decap,965,30453,81798
ML-KEM-1024,decap,966,30260,81280
ML-KEM-1024,decap,967,30203,81122
ML-KEM-1024,decap,968,30268,81296
ML-KEM-1024,decap,969,30148,80978
ML-KEM-1024,decap,970,30364,81562
ML-KEM-1024,decap,971,30438,81756
ML-KEM-1024,decap,972,30254,81262
ML-KEM-1024,decap,973,31446,84466
ML-KEM-1024,decap,974,30211,81146
ML-KEM-1024,decap,975,30526,81992
ML-KEM-1024,decap,976,30198,81114
ML-KEM-1024,decap,977,30270,81306
ML-KEM-1024,decap,978,30105,80862
ML-KEM-1024,decap,979,30181,81066
ML-KEM-1024,decap,980,30296,81378
ML-KEM-1024,decap,981,30055,80726
ML-KEM-1024,decap,982,30219,81166
ML-KEM-1024,decap,983,30302,81392
ML-KEM-1024,decap,984,31735,85244
ML-KEM-1024,decap,985,30156,80998
ML-KEM-1024,decap,986,30116,80830
ML-KEM-1024,decap,987,30448,81788
ML-KEM-1024,decap,988,30538,82028
ML-KEM-1024,decap,989,30322,81448
ML-KEM-1024,decap,990,30295,81370
ML-KEM-1024,decap,991,30431,81740
ML-KEM-1024,decap,992,30062,80750
ML-KEM-1024,decap,993,30421,81712
ML-KEM-1024,decap,994,30243,81232
ML-KEM-1024,decap,995,30121,80906
ML-KEM-1024,decap,996,29888,80276
ML-KEM-1024,decap,997,30394,81638
ML-KEM-1024,decap,998,30137,80948
ML-KEM-1024,decap,999,30263,81286
