algo,op,iter,wall_ns,cycles
ML-KEM-1024,keygen,0,317574,17140
ML-KEM-1024,keygen,1,227648,12286
ML-KEM-1024,keygen,2,222463,12006
ML-KEM-1024,keygen,3,220907,11923
ML-KEM-1024,keygen,4,220537,11902
ML-KEM-1024,keygen,5,220944,11925
ML-KEM-1024,keygen,6,219667,11856
ML-KEM-1024,keygen,7,220166,11883
ML-KEM-1024,keygen,8,220370,11894
ML-KEM-1024,keygen,9,220130,11881
ML-KEM-1024,keygen,10,219445,11844
ML-KEM-1024,keygen,11,220204,11884
ML-KEM-1024,keygen,12,236963,12787
ML-KEM-1024,keygen,13,222519,12009
ML-KEM-1024,keygen,14,220444,11898
ML-KEM-1024,keygen,15,220926,11924
ML-KEM-1024,keygen,16,220371,11893
ML-KEM-1024,keygen,17,220518,11902
ML-KEM-1024,keygen,18,221611,11961
ML-KEM-1024,keygen,19,220852,11916
ML-KEM-1024,keygen,20,222426,12004
ML-KEM-1024,keygen,21,221278,11942
ML-KEM-1024,keygen,22,221685,11964
ML-KEM-1024,keygen,23,220685,11910
ML-KEM-1024,keygen,24,220130,11880
ML-KEM-1024,keygen,25,220518,11901
ML-KEM-1024,keygen,26,220667,11909
ML-KEM-1024,keygen,27,219778,11861
ML-KEM-1024,keygen,28,222796,12025
ML-KEM-1024,keygen,29,218630,11799
ML-KEM-1024,keygen,30,244611,13200
ML-KEM-1024,keygen,31,221777,11970
ML-KEM-1024,keygen,32,220649,11909
ML-KEM-1024,keygen,33,222129,11989
ML-KEM-1024,keygen,34,220148,11881
ML-KEM-1024,keygen,35,220722,11912
ML-KEM-1024,keygen,36,221204,11939
ML-KEM-1024,keygen,37,220629,11908
ML-KEM-1024,keygen,38,220223,11887
ML-KEM-1024,keygen,39,222277,11996
ML-KEM-1024,keygen,40,220444,11897
ML-KEM-1024,keygen,41,221278,11942
ML-KEM-1024,keygen,42,220759,11915
ML-KEM-1024,keygen,43,220815,11917
ML-KEM-1024,keygen,44,220444,11898
ML-KEM-1024,keygen,45,220574,11904
ML-KEM-1024,keygen,46,220112,11879
ML-KEM-1024,keygen,47,237166,12798
ML-KEM-1024,keygen,48,222352,12001
ML-KEM-1024,keygen,49,223167,12044
ML-KEM-1024,keygen,50,221982,11981
ML-KEM-1024,keygen,51,219685,11856
ML-KEM-1024,keygen,52,220611,11906
ML-KEM-1024,keygen,53,219908,11868
ML-KEM-1024,keygen,54,222018,11982
ML-KEM-1024,keygen,55,220870,11921
ML-KEM-1024,keygen,56,222408,12003
ML-KEM-1024,keygen,57,220037,11877
ML-KEM-1024,keygen,58,220426,11897
ML-KEM-1024,keygen,59,220611,11906
ML-KEM-1024,keygen,60,220389,11894
ML-KEM-1024,keygen,61,220166,11882
ML-KEM-1024,keygen,62,219556,11850
ML-KEM-1024,keygen,63,221425,11951
ML-KEM-1024,keygen,64,220130,11881
ML-KEM-1024,keygen,65,235092,12686
ML-KEM-1024,keygen,66,222426,12005
ML-KEM-1024,keygen,67,220241,11886
ML-KEM-1024,keygen,68,221407,11950
ML-KEM-1024,keygen,69,220370,11893
ML-KEM-1024,keygen,70,219759,11861
ML-KEM-1024,keygen,71,221611,11962
ML-KEM-1024,keygen,72,221296,11944
ML-KEM-1024,keygen,73,220074,11877
ML-KEM-1024,keygen,74,219759,11860
ML-KEM-1024,keygen,75,221241,11941
ML-KEM-1024,keygen,76,219352,11838
ML-KEM-1024,keygen,77,220407,11895
ML-KEM-1024,keygen,78,220352,11893
ML-KEM-1024,keygen,79,219426,11843
ML-KEM-1024,keygen,80,220241,11888
ML-KEM-1024,keygen,81,219796,11862
ML-KEM-1024,keygen,82,220315,11891
ML-KEM-1024,keygen,83,233760,12616
ML-KEM-1024,keygen,84,222982,12035
ML-KEM-1024,keygen,85,221426,11950
ML-KEM-1024,keygen,86,221296,11944
ML-KEM-1024,keygen,87,220741,11914
ML-KEM-1024,keygen,88,220333,11892
ML-KEM-1024,keygen,89,221129,11934
ML-KEM-1024,keygen,90,220908,11922
ML-KEM-1024,keygen,91,219463,11845
ML-KEM-1024,keygen,92,220241,11887
ML-KEM-1024,keygen,93,221556,11957
ML-KEM-1024,keygen,94,220389,11894
ML-KEM-1024,keygen,95,220593,11905
ML-KEM-1024,keygen,96,222037,11983
ML-KEM-1024,keygen,97,218815,11809
ML-KEM-1024,keygen,98,219278,11834
ML-KEM-1024,keygen,99,219963,11872
ML-KEM-1024,keygen,100,219685,11857
ML-KEM-1024,keygen,101,230944,12465
ML-KEM-1024,keygen,102,221963,11980
ML-KEM-1024,keygen,103,221982,11980
ML-KEM-1024,keygen,104,221018,11928
ML-KEM-1024,keygen,105,220797,11916
ML-KEM-1024,keygen,106,221815,11971
ML-KEM-1024,keygen,107,220333,11891
ML-KEM-1024,keygen,108,220870,11920
ML-KEM-1024,keygen,109,220333,11892
ML-KEM-1024,keygen,110,220963,11926
ML-KEM-1024,keygen,111,220574,11904
ML-KEM-1024,keygen,112,220019,11875
ML-KEM-1024,keygen,113,220482,11899
ML-KEM-1024,keygen,114,219852,11866
ML-KEM-1024,keygen,115,221759,11968
ML-KEM-1024,keygen,116,221408,11949
ML-KEM-1024,keygen,117,223019,12036
ML-KEM-1024,keygen,118,284852,15374
ML-KEM-1024,keygen,119,223444,12059
ML-KEM-1024,keygen,120,221074,11932
ML-KEM-1024,keygen,121,219463,11845
ML-KEM-1024,keygen,122,220741,11915
ML-KEM-1024,keygen,123,220500,11901
ML-KEM-1024,keygen,124,222296,11998
ML-KEM-1024,keygen,125,221111,11934
ML-KEM-1024,keygen,126,220870,11922
ML-KEM-1024,keygen,127,220241,11888
ML-KEM-1024,keygen,128,218796,11808
ML-KEM-1024,keygen,129,219926,11870
ML-KEM-1024,keygen,130,220148,11883
ML-KEM-1024,keygen,131,219518,11848
ML-KEM-1024,keygen,132,219148,11828
ML-KEM-1024,keygen,133,220315,11891
ML-KEM-1024,keygen,134,220593,11907
ML-KEM-1024,keygen,135,220926,11925
ML-KEM-1024,keygen,136,232759,12562
ML-KEM-1024,keygen,137,221130,11935
ML-KEM-1024,keygen,138,221204,11939
ML-KEM-1024,keygen,139,220166,11882
ML-KEM-1024,keygen,140,219185,11831
ML-KEM-1024,keygen,141,219666,11857
ML-KEM-1024,keygen,142,221500,11955
ML-KEM-1024,keygen,143,220815,11919
ML-KEM-1024,keygen,144,220000,11875
ML-KEM-1024,keygen,145,219777,11862
ML-KEM-1024,keygen,146,220834,11919
ML-KEM-1024,keygen,147,220963,11926
ML-KEM-1024,keygen,148,220463,11899
ML-KEM-1024,keygen,149,218703,11804
ML-KEM-1024,keygen,150,219926,11871
ML-KEM-1024,keygen,151,219686,11857
ML-KEM-1024,keygen,152,219741,11859
ML-KEM-1024,keygen,153,229704,12399
ML-KEM-1024,keygen,154,222778,12025
ML-KEM-1024,keygen,155,221388,11948
ML-KEM-1024,keygen,156,223945,12088
ML-KEM-1024,keygen,157,220315,11891
ML-KEM-1024,keygen,158,223222,12049
ML-KEM-1024,keygen,159,220648,11909
ML-KEM-1024,keygen,160,219500,11847
ML-KEM-1024,keygen,161,219871,11868
ML-KEM-1024,keygen,162,220370,11894
ML-KEM-1024,keygen,163,219445,11843
ML-KEM-1024,keygen,164,220426,11896
ML-KEM-1024,keygen,165,220445,11898
ML-KEM-1024,keygen,166,219871,11866
ML-KEM-1024,keygen,167,219611,11852
ML-KEM-1024,keygen,168,220129,11880
ML-KEM-1024,keygen,169,219259,11834
ML-KEM-1024,keygen,170,221815,11972
ML-KEM-1024,keygen,171,232352,12541
ML-KEM-1024,keygen,172,221278,11943
ML-KEM-1024,keygen,173,219778,11863
ML-KEM-1024,keygen,174,220556,11905
ML-KEM-1024,keygen,175,219055,11822
ML-KEM-1024,keygen,176,219185,11829
ML-KEM-1024,keygen,177,219740,11861
ML-KEM-1024,keygen,178,218629,11800
ML-KEM-1024,keygen,179,220352,11893
ML-KEM-1024,keygen,180,220204,11886
ML-KEM-1024,keygen,181,220833,11919
ML-KEM-1024,keygen,182,220149,11883
ML-KEM-1024,keygen,183,220851,11921
ML-KEM-1024,keygen,184,221407,11950
ML-KEM-1024,keygen,185,219296,11836
ML-KEM-1024,keygen,186,220630,11908
ML-KEM-1024,keygen,187,221574,11960
ML-KEM-1024,keygen,188,220000,11873
ML-KEM-1024,keygen,189,233371,12596
ML-KEM-1024,keygen,190,220630,11908
ML-KEM-1024,keygen,191,220537,11903
ML-KEM-1024,keygen,192,220444,11897
ML-KEM-1024,keygen,193,222556,12011
ML-KEM-1024,keygen,194,221703,11966
ML-KEM-1024,keygen,195,219555,11850
ML-KEM-1024,keygen,196,219871,11868
ML-KEM-1024,keygen,197,219982,11874
ML-KEM-1024,keygen,198,220963,11926
ML-KEM-1024,keygen,199,219722,11859
ML-KEM-1024,keygen,200,219778,11861
ML-KEM-1024,keygen,201,220092,11880
ML-KEM-1024,keygen,202,221352,11947
ML-KEM-1024,keygen,203,221000,11927
ML-KEM-1024,keygen,204,219278,11834
ML-KEM-1024,keygen,205,221445,11952
ML-KEM-1024,keygen,206,220296,11889
ML-KEM-1024,keygen,207,232167,12531
ML-KEM-1024,keygen,208,222167,11990
ML-KEM-1024,keygen,209,220519,11903
ML-KEM-1024,keygen,210,222111,11988
ML-KEM-1024,keygen,211,221648,11963
ML-KEM-1024,keygen,212,219815,11864
ML-KEM-1024,keygen,213,222148,11989
ML-KEM-1024,keygen,214,219723,11860
ML-KEM-1024,keygen,215,219851,11865
ML-KEM-1024,keygen,216,222667,12018
ML-KEM-1024,keygen,217,220871,11921
ML-KEM-1024,keygen,218,220759,11915
ML-KEM-1024,keygen,219,220278,11890
ML-KEM-1024,keygen,220,222518,12010
ML-KEM-1024,keygen,221,220685,11911
ML-KEM-1024,keygen,222,221112,11934
ML-KEM-1024,keygen,223,218408,11788
ML-KEM-1024,keygen,224,230500,12441
ML-KEM-1024,keygen,225,221260,11942
ML-KEM-1024,keygen,226,219926,11871
ML-KEM-1024,keygen,227,221444,11953
ML-KEM-1024,keygen,228,219648,11856
ML-KEM-1024,keygen,229,220018,11876
ML-KEM-1024,keygen,230,222222,11994
ML-KEM-1024,keygen,231,220260,11887
ML-KEM-1024,keygen,232,220148,11882
ML-KEM-1024,keygen,233,221463,11953
ML-KEM-1024,keygen,234,221796,11971
ML-KEM-1024,keygen,235,220556,11905
ML-KEM-1024,keygen,236,221093,11933
ML-KEM-1024,keygen,237,220370,11894
ML-KEM-1024,keygen,238,221814,11972
ML-KEM-1024,keygen,239,220130,11881
ML-KEM-1024,keygen,240,221740,11968
ML-KEM-1024,keygen,241,221444,11952
ML-KEM-1024,keygen,242,232167,12531
ML-KEM-1024,keygen,243,220167,11883
ML-KEM-1024,keygen,244,220556,11904
ML-KEM-1024,keygen,245,220074,11879
ML-KEM-1024,keygen,246,219870,11868
ML-KEM-1024,keygen,247,222260,11996
ML-KEM-1024,keygen,248,218555,11796
ML-KEM-1024,keygen,249,218963,11819
ML-KEM-1024,keygen,250,220760,11916
ML-KEM-1024,keygen,251,220407,11897
ML-KEM-1024,keygen,252,219889,11868
ML-KEM-1024,keygen,253,220112,11880
ML-KEM-1024,keygen,254,220111,11879
ML-KEM-1024,keygen,255,220648,11909
ML-KEM-1024,keygen,256,219426,11843
ML-KEM-1024,keygen,257,220741,11914
ML-KEM-1024,keygen,258,221389,11949
ML-KEM-1024,keygen,259,221296,11945
ML-KEM-1024,keygen,260,230315,12431
ML-KEM-1024,keygen,261,220426,11897
ML-KEM-1024,keygen,262,222611,12014
ML-KEM-1024,keygen,263,220278,11890
ML-KEM-1024,keygen,264,221685,11966
ML-KEM-1024,keygen,265,219740,11860
ML-KEM-1024,keygen,266,218222,11778
ML-KEM-1024,keygen,267,220519,11903
ML-KEM-1024,keygen,268,220297,11891
ML-KEM-1024,keygen,269,220407,11897
ML-KEM-1024,keygen,270,220703,11913
ML-KEM-1024,keygen,271,220500,11900
ML-KEM-1024,keygen,272,219833,11865
ML-KEM-1024,keygen,273,220204,11885
ML-KEM-1024,keygen,274,219203,11831
ML-KEM-1024,keygen,275,220612,11906
ML-KEM-1024,keygen,276,220130,11881
ML-KEM-1024,keygen,277,220055,11877
ML-KEM-1024,keygen,278,230630,12447
ML-KEM-1024,keygen,279,222277,11998
ML-KEM-1024,keygen,280,220055,11877
ML-KEM-1024,keygen,281,220630,11908
ML-KEM-1024,keygen,282,220945,11925
ML-KEM-1024,keygen,283,220129,11881
ML-KEM-1024,keygen,284,219222,11831
ML-KEM-1024,keygen,285,221815,11972
ML-KEM-1024,keygen,286,218815,11809
ML-KEM-1024,keygen,287,220426,11897
ML-KEM-1024,keygen,288,219907,11869
ML-KEM-1024,keygen,289,220130,11881
ML-KEM-1024,keygen,290,221167,11937
ML-KEM-1024,keygen,291,219945,11871
ML-KEM-1024,keygen,292,221445,11953
ML-KEM-1024,keygen,293,219908,11869
ML-KEM-1024,keygen,294,221296,11943
ML-KEM-1024,keygen,295,230870,12462
ML-KEM-1024,keygen,296,221148,11937
ML-KEM-1024,keygen,297,220111,11880
ML-KEM-1024,keygen,298,219796,11863
ML-KEM-1024,keygen,299,220223,11887
ML-KEM-1024,keygen,300,219425,11844
ML-KEM-1024,keygen,301,221482,11954
ML-KEM-1024,keygen,302,220648,11909
ML-KEM-1024,keygen,303,220851,11921
ML-KEM-1024,keygen,304,221611,11962
ML-KEM-1024,keygen,305,219834,11865
ML-KEM-1024,keygen,306,221259,11942
ML-KEM-1024,keygen,307,221222,11941
ML-KEM-1024,keygen,308,220000,11873
ML-KEM-1024,keygen,309,220833,11919
ML-KEM-1024,keygen,310,221074,11932
ML-KEM-1024,keygen,311,219814,11864
ML-KEM-1024,keygen,312,220797,11917
ML-KEM-1024,keygen,313,231185,12479
ML-KEM-1024,keygen,314,221222,11941
ML-KEM-1024,keygen,315,220148,11882
ML-KEM-1024,keygen,316,221371,11947
ML-KEM-1024,keygen,317,219259,11835
ML-KEM-1024,keygen,318,220204,11885
ML-KEM-1024,keygen,319,219741,11861
ML-KEM-1024,keygen,320,219241,11834
ML-KEM-1024,keygen,321,219926,11871
ML-KEM-1024,keygen,322,220074,11877
ML-KEM-1024,keygen,323,220982,11927
ML-KEM-1024,keygen,324,219463,11845
ML-KEM-1024,keygen,325,219574,11851
ML-KEM-1024,keygen,326,220426,11897
ML-KEM-1024,keygen,327,222092,11986
ML-KEM-1024,keygen,328,220556,11903
ML-KEM-1024,keygen,329,221055,11930
ML-KEM-1024,keygen,330,222037,11984
ML-KEM-1024,keygen,331,228833,12351
ML-KEM-1024,keygen,332,220796,11916
ML-KEM-1024,keygen,333,219945,11871
ML-KEM-1024,keygen,334,223074,12041
ML-KEM-1024,keygen,335,220278,11890
ML-KEM-1024,keygen,336,219703,11858
ML-KEM-1024,keygen,337,220260,11888
ML-KEM-1024,keygen,338,220926,11923
ML-KEM-1024,keygen,339,220629,11908
ML-KEM-1024,keygen,340,221852,11973
ML-KEM-1024,keygen,341,221185,11938
ML-KEM-1024,keygen,342,221148,11937
ML-KEM-1024,keygen,343,220130,11882
ML-KEM-1024,keygen,344,222629,12014
ML-KEM-1024,keygen,345,220055,11877
ML-KEM-1024,keygen,346,220852,11920
ML-KEM-1024,keygen,347,219963,11871
ML-KEM-1024,keygen,348,220223,11886
ML-KEM-1024,keygen,349,231537,12496
ML-KEM-1024,keygen,350,223907,12084
ML-KEM-1024,keygen,351,220296,11889
ML-KEM-1024,keygen,352,222204,11994
ML-KEM-1024,keygen,353,220241,11886
ML-KEM-1024,keygen,354,222166,11992
ML-KEM-1024,keygen,355,222222,11995
ML-KEM-1024,keygen,356,220537,11904
ML-KEM-1024,keygen,357,222259,11996
ML-KEM-1024,keygen,358,220055,11877
ML-KEM-1024,keygen,359,221333,11946
ML-KEM-1024,keygen,360,220574,11906
ML-KEM-1024,keygen,361,219592,11853
ML-KEM-1024,keygen,362,219815,11865
ML-KEM-1024,keygen,363,219703,11858
ML-KEM-1024,keygen,364,219371,11839
ML-KEM-1024,keygen,365,220834,11919
ML-KEM-1024,keygen,366,232222,12534
ML-KEM-1024,keygen,367,221685,11966
ML-KEM-1024,keygen,368,220074,11878
ML-KEM-1024,keygen,369,220111,11881
ML-KEM-1024,keygen,370,220370,11893
ML-KEM-1024,keygen,371,219796,11863
ML-KEM-1024,keygen,372,220260,11888
ML-KEM-1024,keygen,373,222667,12019
ML-KEM-1024,keygen,374,219815,11864
ML-KEM-1024,keygen,375,220407,11897
ML-KEM-1024,keygen,376,222352,12001
ML-KEM-1024,keygen,377,219611,11853
ML-KEM-1024,keygen,378,220592,11907
ML-KEM-1024,keygen,379,219296,11836
ML-KEM-1024,keygen,380,219759,11862
ML-KEM-1024,keygen,381,222019,11982
ML-KEM-1024,keygen,382,220018,11875
ML-KEM-1024,keygen,383,218611,11800
ML-KEM-1024,keygen,384,230667,12450
ML-KEM-1024,keygen,385,222629,12015
ML-KEM-1024,keygen,386,219574,11851
ML-KEM-1024,keygen,387,219926,11869
ML-KEM-1024,keygen,388,219722,11860
ML-KEM-1024,keygen,389,221204,11940
ML-KEM-1024,keygen,390,219426,11842
ML-KEM-1024,keygen,391,219944,11871
ML-KEM-1024,keygen,392,220241,11888
ML-KEM-1024,keygen,393,220407,11897
ML-KEM-1024,keygen,394,220444,11898
ML-KEM-1024,keygen,395,220259,11888
ML-KEM-1024,keygen,396,219296,11837
ML-KEM-1024,keygen,397,219278,11834
ML-KEM-1024,keygen,398,219389,11841
ML-KEM-1024,keygen,399,220074,11878
ML-KEM-1024,keygen,400,221777,11970
ML-KEM-1024,keygen,401,220963,11927
ML-KEM-1024,keygen,402,231038,12470
ML-KEM-1024,keygen,403,222629,12017
ML-KEM-1024,keygen,404,220019,11874
ML-KEM-1024,keygen,405,219611,11853
ML-KEM-1024,keygen,406,219445,11843
ML-KEM-1024,keygen,407,219278,11835
ML-KEM-1024,keygen,408,220389,11895
ML-KEM-1024,keygen,409,221167,11937
ML-KEM-1024,keygen,410,221074,11932
ML-KEM-1024,keygen,411,219944,11870
ML-KEM-1024,keygen,412,219944,11871
ML-KEM-1024,keygen,413,219833,11865
ML-KEM-1024,keygen,414,219463,11845
ML-KEM-1024,keygen,415,219223,11832
ML-KEM-1024,keygen,416,220981,11927
ML-KEM-1024,keygen,417,220241,11887
ML-KEM-1024,keygen,418,220129,11882
ML-KEM-1024,keygen,419,220166,11882
ML-KEM-1024,keygen,420,231389,12489
ML-KEM-1024,keygen,421,220314,11890
ML-KEM-1024,keygen,422,219334,11838
ML-KEM-1024,keygen,423,219945,11870
ML-KEM-1024,keygen,424,219815,11863
ML-KEM-1024,keygen,425,221815,11972
ML-KEM-1024,keygen,426,218630,11801
ML-KEM-1024,keygen,427,218740,11807
ML-KEM-1024,keygen,428,219370,11841
ML-KEM-1024,keygen,429,219537,11849
ML-KEM-1024,keygen,430,221889,11977
ML-KEM-1024,keygen,431,222500,12010
ML-KEM-1024,keygen,432,219074,11823
ML-KEM-1024,keygen,433,221852,11973
ML-KEM-1024,keygen,434,220740,11914
ML-KEM-1024,keygen,435,220093,11878
ML-KEM-1024,keygen,436,219666,11856
ML-KEM-1024,keygen,437,230240,12428
ML-KEM-1024,keygen,438,221112,11933
ML-KEM-1024,keygen,439,219907,11869
ML-KEM-1024,keygen,440,219740,11859
ML-KEM-1024,keygen,441,220130,11881
ML-KEM-1024,keygen,442,220925,11924
ML-KEM-1024,keygen,443,221149,11937
ML-KEM-1024,keygen,444,221296,11943
ML-KEM-1024,keygen,445,220037,11877
ML-KEM-1024,keygen,446,220185,11884
ML-KEM-1024,keygen,447,220666,11910
ML-KEM-1024,keygen,448,220611,11907
ML-KEM-1024,keygen,449,221074,11931
ML-KEM-1024,keygen,450,220981,11928
ML-KEM-1024,keygen,451,220482,11900
ML-KEM-1024,keygen,452,219685,11856
ML-KEM-1024,keygen,453,220426,11896
ML-KEM-1024,keygen,454,220130,11881
ML-KEM-1024,keygen,455,241056,13009
ML-KEM-1024,keygen,456,223444,12060
ML-KEM-1024,keygen,457,220592,11907
ML-KEM-1024,keygen,458,222981,12035
ML-KEM-1024,keygen,459,221741,11969
ML-KEM-1024,keygen,460,220537,11903
ML-KEM-1024,keygen,461,219426,11844
ML-KEM-1024,keygen,462,219574,11852
ML-KEM-1024,keygen,463,220334,11892
ML-KEM-1024,keygen,464,221018,11929
ML-KEM-1024,keygen,465,222371,12003
ML-KEM-1024,keygen,466,220371,11893
ML-KEM-1024,keygen,467,219685,11858
ML-KEM-1024,keygen,468,220611,11907
ML-KEM-1024,keygen,469,220241,11887
ML-KEM-1024,keygen,470,220111,11880
ML-KEM-1024,keygen,471,221593,11960
ML-KEM-1024,keygen,472,219852,11866
ML-KEM-1024,keygen,473,231370,12488
ML-KEM-1024,keygen,474,221870,11975
ML-KEM-1024,keygen,475,220500,11902
ML-KEM-1024,keygen,476,220740,11915
ML-KEM-1024,keygen,477,220148,11881
ML-KEM-1024,keygen,478,220537,11904
ML-KEM-1024,keygen,479,221389,11948
ML-KEM-1024,keygen,480,222833,12028
ML-KEM-1024,keygen,481,221370,11948
ML-KEM-1024,keygen,482,220222,11886
ML-KEM-1024,keygen,483,220426,11898
ML-KEM-1024,keygen,484,222408,12005
ML-KEM-1024,keygen,485,220204,11886
ML-KEM-1024,keygen,486,221518,11955
ML-KEM-1024,keygen,487,218426,11790
ML-KEM-1024,keygen,488,219241,11832
ML-KEM-1024,keygen,489,220741,11912
ML-KEM-1024,keygen,490,219241,11832
ML-KEM-1024,keygen,491,230629,12447
ML-KEM-1024,keygen,492,221648,11962
ML-KEM-1024,keygen,493,220315,11891
ML-KEM-1024,keygen,494,220111,11879
ML-KEM-1024,keygen,495,219703,11858
ML-KEM-1024,keygen,496,219814,11864
ML-KEM-1024,keygen,497,219815,11864
ML-KEM-1024,keygen,498,220574,11905
ML-KEM-1024,keygen,499,219574,11851
ML-KEM-1024,keygen,500,220352,11893
ML-KEM-1024,keygen,501,219445,11844
ML-KEM-1024,keygen,502,220592,11907
ML-KEM-1024,keygen,503,219463,11846
ML-KEM-1024,keygen,504,219222,11833
ML-KEM-1024,keygen,505,220222,11887
ML-KEM-1024,keygen,506,220778,11917
ML-KEM-1024,keygen,507,219334,11839
ML-KEM-1024,keygen,508,229907,12410
ML-KEM-1024,keygen,509,221000,11928
ML-KEM-1024,keygen,510,220111,11879
ML-KEM-1024,keygen,511,219186,11830
ML-KEM-1024,keygen,512,220556,11904
ML-KEM-1024,keygen,513,220056,11878
ML-KEM-1024,keygen,514,221092,11933
ML-KEM-1024,keygen,515,220556,11904
ML-KEM-1024,keygen,516,220833,11918
ML-KEM-1024,keygen,517,219704,11858
ML-KEM-1024,keygen,518,220352,11894
ML-KEM-1024,keygen,519,220277,11889
ML-KEM-1024,keygen,520,220482,11900
ML-KEM-1024,keygen,521,220352,11894
ML-KEM-1024,keygen,522,219796,11863
ML-KEM-1024,keygen,523,220537,11904
ML-KEM-1024,keygen,524,220445,11899
ML-KEM-1024,keygen,525,221166,11938
ML-KEM-1024,keygen,526,233074,12580
ML-KEM-1024,keygen,527,219852,11867
ML-KEM-1024,keygen,528,220667,11911
ML-KEM-1024,keygen,529,219519,11848
ML-KEM-1024,keygen,530,220518,11902
ML-KEM-1024,keygen,531,222240,11995
ML-KEM-1024,keygen,532,219722,11859
ML-KEM-1024,keygen,533,221056,11931
ML-KEM-1024,keygen,534,220092,11879
ML-KEM-1024,keygen,535,220056,11878
ML-KEM-1024,keygen,536,220056,11878
ML-KEM-1024,keygen,537,220037,11876
ML-KEM-1024,keygen,538,219574,11852
ML-KEM-1024,keygen,539,220851,11921
ML-KEM-1024,keygen,540,221333,11947
ML-KEM-1024,keygen,541,220093,11880
ML-KEM-1024,keygen,542,220944,11925
ML-KEM-1024,keygen,543,220019,11876
ML-KEM-1024,keygen,544,230593,12446
ML-KEM-1024,keygen,545,223074,12040
ML-KEM-1024,keygen,546,219537,11849
ML-KEM-1024,keygen,547,219630,11855
ML-KEM-1024,keygen,548,219203,11831
ML-KEM-1024,keygen,549,222648,12017
ML-KEM-1024,keygen,550,219870,11867
ML-KEM-1024,keygen,551,220834,11919
ML-KEM-1024,keygen,552,220074,11877
ML-KEM-1024,keygen,553,220389,11896
ML-KEM-1024,keygen,554,220463,11899
ML-KEM-1024,keygen,555,220574,11905
ML-KEM-1024,keygen,556,221686,11965
ML-KEM-1024,keygen,557,220667,11911
ML-KEM-1024,keygen,558,221093,11933
ML-KEM-1024,keygen,559,220241,11886
ML-KEM-1024,keygen,560,220592,11907
ML-KEM-1024,keygen,561,220148,11881
ML-KEM-1024,keygen,562,231000,12469
ML-KEM-1024,keygen,563,222019,11984
ML-KEM-1024,keygen,564,220148,11882
ML-KEM-1024,keygen,565,220148,11881
ML-KEM-1024,keygen,566,220241,11888
ML-KEM-1024,keygen,567,221185,11938
ML-KEM-1024,keygen,568,218907,11816
ML-KEM-1024,keygen,569,221408,11951
ML-KEM-1024,keygen,570,220629,11909
ML-KEM-1024,keygen,571,220185,11884
ML-KEM-1024,keygen,572,222630,12016
ML-KEM-1024,keygen,573,220945,11926
ML-KEM-1024,keygen,574,219426,11842
ML-KEM-1024,keygen,575,219944,11870
ML-KEM-1024,keygen,576,220130,11882
ML-KEM-1024,keygen,577,220740,11915
ML-KEM-1024,keygen,578,220074,11877
ML-KEM-1024,keygen,579,230741,12455
ML-KEM-1024,keygen,580,220963,11927
ML-KEM-1024,keygen,581,221333,11945
ML-KEM-1024,keygen,582,220056,11877
ML-KEM-1024,keygen,583,219981,11874
ML-KEM-1024,keygen,584,220315,11890
ML-KEM-1024,keygen,585,219741,11859
ML-KEM-1024,keygen,586,218611,11799
ML-KEM-1024,keygen,587,219111,11826
ML-KEM-1024,keygen,588,219167,11828
ML-KEM-1024,keygen,589,220149,11883
ML-KEM-1024,keygen,590,219778,11863
ML-KEM-1024,keygen,591,223019,12036
ML-KEM-1024,keygen,592,220296,11890
ML-KEM-1024,keygen,593,220000,11874
ML-KEM-1024,keygen,594,218389,11787
ML-KEM-1024,keygen,595,220129,11881
ML-KEM-1024,keygen,596,219297,11836
ML-KEM-1024,keygen,597,230333,12431
ML-KEM-1024,keygen,598,220833,11919
ML-KEM-1024,keygen,599,220519,11903
ML-KEM-1024,keygen,600,220352,11894
ML-KEM-1024,keygen,601,220148,11882
ML-KEM-1024,keygen,602,219648,11855
ML-KEM-1024,keygen,603,221426,11952
ML-KEM-1024,keygen,604,220611,11906
ML-KEM-1024,keygen,605,221037,11930
ML-KEM-1024,keygen,606,220130,11881
ML-KEM-1024,keygen,607,221297,11945
ML-KEM-1024,keygen,608,220129,11881
ML-KEM-1024,keygen,609,219685,11857
ML-KEM-1024,keygen,610,220333,11892
ML-KEM-1024,keygen,611,219519,11847
ML-KEM-1024,keygen,612,219555,11850
ML-KEM-1024,keygen,613,220019,11875
ML-KEM-1024,keygen,614,219889,11867
ML-KEM-1024,keygen,615,229685,12396
ML-KEM-1024,keygen,616,220426,11896
ML-KEM-1024,keygen,617,221037,11930
ML-KEM-1024,keygen,618,219482,11846
ML-KEM-1024,keygen,619,219315,11837
ML-KEM-1024,keygen,620,221259,11942
ML-KEM-1024,keygen,621,219630,11853
ML-KEM-1024,keygen,622,221148,11937
ML-KEM-1024,keygen,623,220314,11892
ML-KEM-1024,keygen,624,218907,11815
ML-KEM-1024,keygen,625,220778,11916
ML-KEM-1024,keygen,626,220629,11908
ML-KEM-1024,keygen,627,219389,11841
ML-KEM-1024,keygen,628,219296,11836
ML-KEM-1024,keygen,629,219519,11848
ML-KEM-1024,keygen,630,222722,12021
ML-KEM-1024,keygen,631,218926,11816
ML-KEM-1024,keygen,632,221092,11933
ML-KEM-1024,keygen,633,230425,12437
ML-KEM-1024,keygen,634,221056,11930
ML-KEM-1024,keygen,635,220686,11911
ML-KEM-1024,keygen,636,219500,11847
ML-KEM-1024,keygen,637,222166,11992
ML-KEM-1024,keygen,638,220186,11884
ML-KEM-1024,keygen,639,220018,11875
ML-KEM-1024,keygen,640,220000,11873
ML-KEM-1024,keygen,641,219778,11863
ML-KEM-1024,keygen,642,220871,11920
ML-KEM-1024,keygen,643,220074,11878
ML-KEM-1024,keygen,644,221241,11941
ML-KEM-1024,keygen,645,220537,11904
ML-KEM-1024,keygen,646,222148,11990
ML-KEM-1024,keygen,647,219944,11870
ML-KEM-1024,keygen,648,220148,11881
ML-KEM-1024,keygen,649,219889,11869
ML-KEM-1024,keygen,650,219778,11863
ML-KEM-1024,keygen,651,231166,12477
ML-KEM-1024,keygen,652,221296,11945
ML-KEM-1024,keygen,653,222130,11989
ML-KEM-1024,keygen,654,219297,11836
ML-KEM-1024,keygen,655,221111,11934
ML-KEM-1024,keygen,656,219315,11837
ML-KEM-1024,keygen,657,220000,11874
ML-KEM-1024,keygen,658,220333,11892
ML-KEM-1024,keygen,659,218926,11817
ML-KEM-1024,keygen,660,221185,11939
ML-KEM-1024,keygen,661,220741,11915
ML-KEM-1024,keygen,662,222204,11994
ML-KEM-1024,keygen,663,220500,11901
ML-KEM-1024,keygen,664,220148,11882
ML-KEM-1024,keygen,665,219130,11827
ML-KEM-1024,keygen,666,220148,11882
ML-KEM-1024,keygen,667,219686,11857
ML-KEM-1024,keygen,668,230981,12468
ML-KEM-1024,keygen,669,222074,11987
ML-KEM-1024,keygen,670,220149,11882
ML-KEM-1024,keygen,671,220222,11887
ML-KEM-1024,keygen,672,220000,11875
ML-KEM-1024,keygen,673,220611,11907
ML-KEM-1024,keygen,674,220370,11894
ML-KEM-1024,keygen,675,219926,11869
ML-KEM-1024,keygen,676,220889,11923
ML-KEM-1024,keygen,677,220926,11924
ML-KEM-1024,keygen,678,221500,11955
ML-KEM-1024,keygen,679,220407,11896
ML-KEM-1024,keygen,680,220592,11906
ML-KEM-1024,keygen,681,221741,11968
ML-KEM-1024,keygen,682,221704,11966
ML-KEM-1024,keygen,683,219297,11835
ML-KEM-1024,keygen,684,219407,11843
ML-KEM-1024,keygen,685,223685,12072
ML-KEM-1024,keygen,686,260148,14041
ML-KEM-1024,keygen,687,224278,12106
ML-KEM-1024,keygen,688,220445,11897
ML-KEM-1024,keygen,689,220074,11878
ML-KEM-1024,keygen,690,220055,11878
ML-KEM-1024,keygen,691,220371,11894
ML-KEM-1024,keygen,692,219611,11853
ML-KEM-1024,keygen,693,224537,12120
ML-KEM-1024,keygen,694,220352,11892
ML-KEM-1024,keygen,695,219352,11839
ML-KEM-1024,keygen,696,221777,11970
ML-KEM-1024,keygen,697,220000,11873
ML-KEM-1024,keygen,698,220352,11893
ML-KEM-1024,keygen,699,220537,11903
ML-KEM-1024,keygen,700,220148,11882
ML-KEM-1024,keygen,701,221204,11939
ML-KEM-1024,keygen,702,220148,11882
ML-KEM-1024,keygen,703,219945,11871
ML-KEM-1024,keygen,704,230815,12458
ML-KEM-1024,keygen,705,222075,11985
ML-KEM-1024,keygen,706,219833,11865
ML-KEM-1024,keygen,707,221074,11933
ML-KEM-1024,keygen,708,220796,11917
ML-KEM-1024,keygen,709,220130,11881
ML-KEM-1024,keygen,710,220555,11904
ML-KEM-1024,keygen,711,219833,11866
ML-KEM-1024,keygen,712,221426,11952
ML-KEM-1024,keygen,713,220944,11926
ML-KEM-1024,keygen,714,221556,11959
ML-KEM-1024,keygen,715,220704,11913
ML-KEM-1024,keygen,716,220297,11890
ML-KEM-1024,keygen,717,221222,11939
ML-KEM-1024,keygen,718,221556,11957
ML-KEM-1024,keygen,719,220111,11880
ML-KEM-1024,keygen,720,219574,11852
ML-KEM-1024,keygen,721,231426,12490
ML-KEM-1024,keygen,722,222186,11992
ML-KEM-1024,keygen,723,219389,11842
ML-KEM-1024,keygen,724,219685,11858
ML-KEM-1024,keygen,725,219537,11850
ML-KEM-1024,keygen,726,219333,11839
ML-KEM-1024,keygen,727,219796,11863
ML-KEM-1024,keygen,728,219926,11871
ML-KEM-1024,keygen,729,220537,11903
ML-KEM-1024,keygen,730,220777,11916
ML-KEM-1024,keygen,731,219963,11872
ML-KEM-1024,keygen,732,220223,11885
ML-KEM-1024,keygen,733,220296,11890
ML-KEM-1024,keygen,734,220463,11900
ML-KEM-1024,keygen,735,220370,11894
ML-KEM-1024,keygen,736,221629,11961
ML-KEM-1024,keygen,737,221055,11930
ML-KEM-1024,keygen,738,219593,11853
ML-KEM-1024,keygen,739,231259,12482
ML-KEM-1024,keygen,740,222055,11984
ML-KEM-1024,keygen,741,222944,12034
ML-KEM-1024,keygen,742,220463,11899
ML-KEM-1024,keygen,743,220185,11885
ML-KEM-1024,keygen,744,219871,11867
ML-KEM-1024,keygen,745,220204,11885
ML-KEM-1024,keygen,746,219907,11868
ML-KEM-1024,keygen,747,219870,11866
ML-KEM-1024,keygen,748,220167,11883
ML-KEM-1024,keygen,749,220907,11923
ML-KEM-1024,keygen,750,219130,11826
ML-KEM-1024,keygen,751,221352,11947
ML-KEM-1024,keygen,752,219981,11874
ML-KEM-1024,keygen,753,220037,11875
ML-KEM-1024,keygen,754,224000,12091
ML-KEM-1024,keygen,755,221592,11959
ML-KEM-1024,keygen,756,222760,12023
ML-KEM-1024,keygen,757,229926,12410
ML-KEM-1024,keygen,758,223296,12051
ML-KEM-1024,keygen,759,218648,11801
ML-KEM-1024,keygen,760,218760,11808
ML-KEM-1024,keygen,761,222241,11996
ML-KEM-1024,keygen,762,220222,11886
ML-KEM-1024,keygen,763,220111,11880
ML-KEM-1024,keygen,764,221759,11969
ML-KEM-1024,keygen,765,219797,11864
ML-KEM-1024,keygen,766,219815,11864
ML-KEM-1024,keygen,767,220537,11903
ML-KEM-1024,keygen,768,220852,11920
ML-KEM-1024,keygen,769,220518,11902
ML-KEM-1024,keygen,770,219778,11863
ML-KEM-1024,keygen,771,221555,11958
ML-KEM-1024,keygen,772,220648,11910
ML-KEM-1024,keygen,773,220222,11886
ML-KEM-1024,keygen,774,220314,11891
ML-KEM-1024,keygen,775,230630,12448
ML-KEM-1024,keygen,776,221185,11937
ML-KEM-1024,keygen,777,218907,11815
ML-KEM-1024,keygen,778,221519,11956
ML-KEM-1024,keygen,779,220685,11910
ML-KEM-1024,keygen,780,220870,11921
ML-KEM-1024,keygen,781,219666,11857
ML-KEM-1024,keygen,782,220185,11885
ML-KEM-1024,keygen,783,220352,11894
ML-KEM-1024,keygen,784,221037,11930
ML-KEM-1024,keygen,785,220388,11896
ML-KEM-1024,keygen,786,220833,11919
ML-KEM-1024,keygen,787,221426,11952
ML-KEM-1024,keygen,788,219389,11840
ML-KEM-1024,keygen,789,220778,11917
ML-KEM-1024,keygen,790,220722,11914
ML-KEM-1024,keygen,791,220667,11911
ML-KEM-1024,keygen,792,230518,12442
ML-KEM-1024,keygen,793,223000,12036
ML-KEM-1024,keygen,794,220018,11876
ML-KEM-1024,keygen,795,220278,11889
ML-KEM-1024,keygen,796,219777,11862
ML-KEM-1024,keygen,797,219871,11867
ML-KEM-1024,keygen,798,221611,11960
ML-KEM-1024,keygen,799,221519,11956
ML-KEM-1024,keygen,800,219945,11871
ML-KEM-1024,keygen,801,219371,11841
ML-KEM-1024,keygen,802,221703,11966
ML-KEM-1024,keygen,803,220259,11889
ML-KEM-1024,keygen,804,221667,11963
ML-KEM-1024,keygen,805,220445,11899
ML-KEM-1024,keygen,806,219019,11821
ML-KEM-1024,keygen,807,220315,11891
ML-KEM-1024,keygen,808,219852,11866
ML-KEM-1024,keygen,809,220074,11878
ML-KEM-1024,keygen,810,231500,12495
ML-KEM-1024,keygen,811,221278,11943
ML-KEM-1024,keygen,812,219648,11855
ML-KEM-1024,keygen,813,221648,11963
ML-KEM-1024,keygen,814,220592,11907
ML-KEM-1024,keygen,815,219871,11868
ML-KEM-1024,keygen,816,220148,11882
ML-KEM-1024,keygen,817,219741,11860
ML-KEM-1024,keygen,818,219722,11860
ML-KEM-1024,keygen,819,221111,11935
ML-KEM-1024,keygen,820,220648,11910
ML-KEM-1024,keygen,821,220055,11876
ML-KEM-1024,keygen,822,221185,11939
ML-KEM-1024,keygen,823,220500,11900
ML-KEM-1024,keygen,824,219278,11834
ML-KEM-1024,keygen,825,219907,11869
ML-KEM-1024,keygen,826,219611,11852
ML-KEM-1024,keygen,827,220352,11893
ML-KEM-1024,keygen,828,230740,12454
ML-KEM-1024,keygen,829,220925,11925
ML-KEM-1024,keygen,830,219593,11853
ML-KEM-1024,keygen,831,220130,11882
ML-KEM-1024,keygen,832,220556,11903
ML-KEM-1024,keygen,833,219704,11858
ML-KEM-1024,keygen,834,220759,11914
ML-KEM-1024,keygen,835,219537,11850
ML-KEM-1024,keygen,836,220592,11907
ML-KEM-1024,keygen,837,221370,11948
ML-KEM-1024,keygen,838,219463,11844
ML-KEM-1024,keygen,839,220277,11889
ML-KEM-1024,keygen,840,219889,11867
ML-KEM-1024,keygen,841,220666,11911
ML-KEM-1024,keygen,842,220889,11922
ML-KEM-1024,keygen,843,220649,11909
ML-KEM-1024,keygen,844,220815,11918
ML-KEM-1024,keygen,845,220852,11920
ML-KEM-1024,keygen,846,236759,12778
ML-KEM-1024,keygen,847,221166,11937
ML-KEM-1024,keygen,848,220555,11904
ML-KEM-1024,keygen,849,219444,11845
ML-KEM-1024,keygen,850,221685,11966
ML-KEM-1024,keygen,851,221537,11957
ML-KEM-1024,keygen,852,219907,11868
ML-KEM-1024,keygen,853,222408,12005
ML-KEM-1024,keygen,854,218648,11801
ML-KEM-1024,keygen,855,219945,11872
ML-KEM-1024,keygen,856,221463,11954
ML-KEM-1024,keygen,857,220093,11879
ML-KEM-1024,keygen,858,220092,11879
ML-KEM-1024,keygen,859,220222,11885
ML-KEM-1024,keygen,860,220130,11881
ML-KEM-1024,keygen,861,220055,11876
ML-KEM-1024,keygen,862,220371,11895
ML-KEM-1024,keygen,863,229889,12408
ML-KEM-1024,keygen,864,221315,11946
ML-KEM-1024,keygen,865,219685,11857
ML-KEM-1024,keygen,866,218685,11804
ML-KEM-1024,keygen,867,220315,11890
ML-KEM-1024,keygen,868,221815,11972
ML-KEM-1024,keygen,869,220741,11915
ML-KEM-1024,keygen,870,220296,11889
ML-KEM-1024,keygen,871,219055,11823
ML-KEM-1024,keygen,872,219445,11844
ML-KEM-1024,keygen,873,220463,11900
ML-KEM-1024,keygen,874,221019,11929
ML-KEM-1024,keygen,875,220555,11904
ML-KEM-1024,keygen,876,219186,11829
ML-KEM-1024,keygen,877,220167,11884
ML-KEM-1024,keygen,878,220297,11890
ML-KEM-1024,keygen,879,220592,11907
ML-KEM-1024,keygen,880,220519,11903
ML-KEM-1024,keygen,881,230556,12444
ML-KEM-1024,keygen,882,219981,11874
ML-KEM-1024,keygen,883,218981,11818
ML-KEM-1024,keygen,884,219908,11869
ML-KEM-1024,keygen,885,220945,11926
ML-KEM-1024,keygen,886,220148,11881
ML-KEM-1024,keygen,887,220389,11894
ML-KEM-1024,keygen,888,220722,11913
ML-KEM-1024,keygen,889,221018,11930
ML-KEM-1024,keygen,890,219907,11869
ML-KEM-1024,keygen,891,220370,11894
ML-KEM-1024,keygen,892,220666,11910
ML-KEM-1024,keygen,893,220111,11880
ML-KEM-1024,keygen,894,220148,11882
ML-KEM-1024,keygen,895,219166,11828
ML-KEM-1024,keygen,896,220981,11927
ML-KEM-1024,keygen,897,220704,11912
ML-KEM-1024,keygen,898,220555,11905
ML-KEM-1024,keygen,899,231871,12515
ML-KEM-1024,keygen,900,220241,11886
ML-KEM-1024,keygen,901,220963,11925
ML-KEM-1024,keygen,902,221056,11932
ML-KEM-1024,keygen,903,220722,11914
ML-KEM-1024,keygen,904,220074,11878
ML-KEM-1024,keygen,905,220426,11897
ML-KEM-1024,keygen,906,220352,11894
ML-KEM-1024,keygen,907,220722,11913
ML-KEM-1024,keygen,908,219907,11870
ML-KEM-1024,keygen,909,220815,11919
ML-KEM-1024,keygen,910,220019,11874
ML-KEM-1024,keygen,911,219611,11853
ML-KEM-1024,keygen,912,220611,11908
ML-KEM-1024,keygen,913,223204,12045
ML-KEM-1024,keygen,914,220000,11874
ML-KEM-1024,keygen,915,219741,11860
ML-KEM-1024,keygen,916,219130,11828
ML-KEM-1024,keygen,917,231500,12495
ML-KEM-1024,keygen,918,222204,11994
ML-KEM-1024,keygen,919,220370,11894
ML-KEM-1024,keygen,920,219315,11837
ML-KEM-1024,keygen,921,219408,11843
ML-KEM-1024,keygen,922,220518,11901
ML-KEM-1024,keygen,923,220408,11895
ML-KEM-1024,keygen,924,219056,11823
ML-KEM-1024,keygen,925,221278,11942
ML-KEM-1024,keygen,926,220388,11894
ML-KEM-1024,keygen,927,219889,11869
ML-KEM-1024,keygen,928,219463,11844
ML-KEM-1024,keygen,929,222352,12000
ML-KEM-1024,keygen,930,219833,11866
ML-KEM-1024,keygen,931,219648,11855
ML-KEM-1024,keygen,932,219148,11828
ML-KEM-1024,keygen,933,220426,11897
ML-KEM-1024,keygen,934,229037,12362
ML-KEM-1024,keygen,935,221703,11966
ML-KEM-1024,keygen,936,220111,11881
ML-KEM-1024,keygen,937,220574,11905
ML-KEM-1024,keygen,938,219908,11869
ML-KEM-1024,keygen,939,219759,11862
ML-KEM-1024,keygen,940,221277,11943
ML-KEM-1024,keygen,941,220556,11904
ML-KEM-1024,keygen,942,220611,11907
ML-KEM-1024,keygen,943,219482,11846
ML-KEM-1024,keygen,944,221203,11940
ML-KEM-1024,keygen,945,219889,11869
ML-KEM-1024,keygen,946,218760,11806
ML-KEM-1024,keygen,947,220778,11916
ML-KEM-1024,keygen,948,219815,11865
ML-KEM-1024,keygen,949,219222,11831
ML-KEM-1024,keygen,950,219630,11853
ML-KEM-1024,keygen,951,219351,11839
ML-KEM-1024,keygen,952,231944,12518
ML-KEM-1024,keygen,953,221463,11954
ML-KEM-1024,keygen,954,219703,11858
ML-KEM-1024,keygen,955,220038,11876
ML-KEM-1024,keygen,956,221130,11936
ML-KEM-1024,keygen,957,219871,11867
ML-KEM-1024,keygen,958,220371,11895
ML-KEM-1024,keygen,959,221482,11953
ML-KEM-1024,keygen,960,219777,11862
ML-KEM-1024,keygen,961,220463,11899
ML-KEM-1024,keygen,962,220889,11922
ML-KEM-1024,keygen,963,219759,11861
ML-KEM-1024,keygen,964,220222,11886
ML-KEM-1024,keygen,965,219852,11866
ML-KEM-1024,keygen,966,219982,11872
ML-KEM-1024,keygen,967,222240,11996
ML-KEM-1024,keygen,968,219796,11863
ML-KEM-1024,keygen,969,219740,11859
ML-KEM-1024,keygen,970,229648,12395
ML-KEM-1024,keygen,971,221704,11967
ML-KEM-1024,keygen,972,220852,11920
ML-KEM-1024,keygen,973,220278,11890
ML-KEM-1024,keygen,974,221426,11951
ML-KEM-1024,keygen,975,220852,11919
ML-KEM-1024,keygen,976,219778,11862
ML-KEM-1024,keygen,977,220222,11886
ML-KEM-1024,keygen,978,220851,11921
ML-KEM-1024,keygen,979,221574,11959
ML-KEM-1024,keygen,980,220277,11890
ML-KEM-1024,keygen,981,219926,11869
ML-KEM-1024,keygen,982,221278,11944
ML-KEM-1024,keygen,983,308592,16646
ML-KEM-1024,keygen,984,224555,12120
ML-KEM-1024,keygen,985,220704,11912
ML-KEM-1024,keygen,986,221833,11974
ML-KEM-1024,keygen,987,283833,15318
ML-KEM-1024,keygen,988,223519,12063
ML-KEM-1024,keygen,989,220222,11886
ML-KEM-1024,keygen,990,219574,11851
ML-KEM-1024,keygen,991,221889,11977
ML-KEM-1024,keygen,992,463148,25002
ML-KEM-1024,keygen,993,228686,12342
ML-KEM-1024,keygen,994,220574,11905
ML-KEM-1024,keygen,995,220000,11874
ML-KEM-1024,keygen,996,220426,11897
ML-KEM-1024,keygen,997,221389,11949
ML-KEM-1024,keygen,998,219815,11864
ML-KEM-1024,keygen,999,219944,11872
ML-KEM-1024,encap,0,109296,5898
ML-KEM-1024,encap,1,109426,5907
ML-KEM-1024,encap,2,109371,5903
ML-KEM-1024,encap,3,109334,5900
ML-KEM-1024,encap,4,109278,5899
ML-KEM-1024,encap,5,109185,5893
ML-KEM-1024,encap,6,109185,5893
ML-KEM-1024,encap,7,109166,5893
ML-KEM-1024,encap,8,109315,5900
ML-KEM-1024,encap,9,109315,5900
ML-KEM-1024,encap,10,109222,5895
ML-KEM-1024,encap,11,109166,5892
ML-KEM-1024,encap,12,109130,5891
ML-KEM-1024,encap,13,109185,5893
ML-KEM-1024,encap,14,109222,5895
ML-KEM-1024,encap,15,109129,5891
ML-KEM-1024,encap,16,109148,5891
ML-KEM-1024,encap,17,109222,5896
ML-KEM-1024,encap,18,109149,5892
ML-KEM-1024,encap,19,109185,5893
ML-KEM-1024,encap,20,109074,5887
ML-KEM-1024,encap,21,109222,5895
ML-KEM-1024,encap,22,109222,5894
ML-KEM-1024,encap,23,109277,5898
ML-KEM-1024,encap,24,111093,5996
ML-KEM-1024,encap,25,109259,5896
ML-KEM-1024,encap,26,109297,5900
ML-KEM-1024,encap,27,109296,5898
ML-KEM-1024,encap,28,109260,5896
ML-KEM-1024,encap,29,111333,6007
ML-KEM-1024,encap,30,109425,5906
ML-KEM-1024,encap,31,109370,5904
ML-KEM-1024,encap,32,109333,5901
ML-KEM-1024,encap,33,109278,5899
ML-KEM-1024,encap,34,109315,5900
ML-KEM-1024,encap,35,109259,5896
ML-KEM-1024,encap,36,109222,5895
ML-KEM-1024,encap,37,109278,5897
ML-KEM-1024,encap,38,109204,5894
ML-KEM-1024,encap,39,109260,5897
ML-KEM-1024,encap,40,109222,5896
ML-KEM-1024,encap,41,109166,5893
ML-KEM-1024,encap,42,109259,5896
ML-KEM-1024,encap,43,109240,5896
ML-KEM-1024,encap,44,109277,5898
ML-KEM-1024,encap,45,109259,5897
ML-KEM-1024,encap,46,109185,5894
ML-KEM-1024,encap,47,109259,5896
ML-KEM-1024,encap,48,109204,5895
ML-KEM-1024,encap,49,109278,5898
ML-KEM-1024,encap,50,109278,5897
ML-KEM-1024,encap,51,109297,5898
ML-KEM-1024,encap,52,109296,5899
ML-KEM-1024,encap,53,109185,5894
ML-KEM-1024,encap,54,109111,5890
ML-KEM-1024,encap,55,109259,5897
ML-KEM-1024,encap,56,109259,5897
ML-KEM-1024,encap,57,109240,5896
ML-KEM-1024,encap,58,109241,5896
ML-KEM-1024,encap,59,127111,6856
ML-KEM-1024,encap,60,110370,5956
ML-KEM-1024,encap,61,109315,5900
ML-KEM-1024,encap,62,109204,5894
ML-KEM-1024,encap,63,109240,5897
ML-KEM-1024,encap,64,109222,5895
ML-KEM-1024,encap,65,109222,5895
ML-KEM-1024,encap,66,109240,5896
ML-KEM-1024,encap,67,109260,5897
ML-KEM-1024,encap,68,109315,5900
ML-KEM-1024,encap,69,109186,5893
ML-KEM-1024,encap,70,109204,5893
ML-KEM-1024,encap,71,109204,5894
ML-KEM-1024,encap,72,109148,5891
ML-KEM-1024,encap,73,109222,5896
ML-KEM-1024,encap,74,109241,5896
ML-KEM-1024,encap,75,109186,5893
ML-KEM-1024,encap,76,109185,5894
ML-KEM-1024,encap,77,109203,5894
ML-KEM-1024,encap,78,109203,5893
ML-KEM-1024,encap,79,109333,5901
ML-KEM-1024,encap,80,109130,5890
ML-KEM-1024,encap,81,109185,5892
ML-KEM-1024,encap,82,109204,5894
ML-KEM-1024,encap,83,109260,5898
ML-KEM-1024,encap,84,109259,5897
ML-KEM-1024,encap,85,109222,5896
ML-KEM-1024,encap,86,109296,5898
ML-KEM-1024,encap,87,109148,5890
ML-KEM-1024,encap,88,109185,5894
ML-KEM-1024,encap,89,109222,5896
ML-KEM-1024,encap,90,109129,5889
ML-KEM-1024,encap,91,109240,5896
ML-KEM-1024,encap,92,109222,5896
ML-KEM-1024,encap,93,109241,5897
ML-KEM-1024,encap,94,119259,6435
ML-KEM-1024,encap,95,110222,5948
ML-KEM-1024,encap,96,109352,5901
ML-KEM-1024,encap,97,109297,5899
ML-KEM-1024,encap,98,109167,5893
ML-KEM-1024,encap,99,109223,5895
ML-KEM-1024,encap,100,109129,5890
ML-KEM-1024,encap,101,109129,5890
ML-KEM-1024,encap,102,109074,5887
ML-KEM-1024,encap,103,109149,5892
ML-KEM-1024,encap,104,109148,5892
ML-KEM-1024,encap,105,109093,5889
ML-KEM-1024,encap,106,109129,5890
ML-KEM-1024,encap,107,109149,5891
ML-KEM-1024,encap,108,109130,5891
ML-KEM-1024,encap,109,109222,5895
ML-KEM-1024,encap,110,109278,5899
ML-KEM-1024,encap,111,109185,5893
ML-KEM-1024,encap,112,109240,5897
ML-KEM-1024,encap,113,109074,5887
ML-KEM-1024,encap,114,109167,5892
ML-KEM-1024,encap,115,109204,5894
ML-KEM-1024,encap,116,109148,5891
ML-KEM-1024,encap,117,109222,5895
ML-KEM-1024,encap,118,109185,5894
ML-KEM-1024,encap,119,109130,5890
ML-KEM-1024,encap,120,109241,5896
ML-KEM-1024,encap,121,109148,5892
ML-KEM-1024,encap,122,109240,5895
ML-KEM-1024,encap,123,109166,5893
ML-KEM-1024,encap,124,109315,5900
ML-KEM-1024,encap,125,109148,5891
ML-KEM-1024,encap,126,109167,5891
ML-KEM-1024,encap,127,109222,5894
ML-KEM-1024,encap,128,109204,5894
ML-KEM-1024,encap,129,109204,5894
ML-KEM-1024,encap,130,118537,6396
ML-KEM-1024,encap,131,110129,5944
ML-KEM-1024,encap,132,109296,5899
ML-KEM-1024,encap,133,109222,5895
ML-KEM-1024,encap,134,109092,5888
ML-KEM-1024,encap,135,109222,5896
ML-KEM-1024,encap,136,109241,5897
ML-KEM-1024,encap,137,109111,5888
ML-KEM-1024,encap,138,109167,5893
ML-KEM-1024,encap,139,109222,5895
ML-KEM-1024,encap,140,109241,5896
ML-KEM-1024,encap,141,109148,5892
ML-KEM-1024,encap,142,109259,5897
ML-KEM-1024,encap,143,109222,5895
ML-KEM-1024,encap,144,109204,5893
ML-KEM-1024,encap,145,109185,5893
ML-KEM-1024,encap,146,109203,5895
ML-KEM-1024,encap,147,109204,5893
ML-KEM-1024,encap,148,109203,5894
ML-KEM-1024,encap,149,109093,5888
ML-KEM-1024,encap,150,109130,5889
ML-KEM-1024,encap,151,109259,5897
ML-KEM-1024,encap,152,110981,5988
ML-KEM-1024,encap,153,109241,5896
ML-KEM-1024,encap,154,109130,5890
ML-KEM-1024,encap,155,109296,5898
ML-KEM-1024,encap,156,109296,5899
ML-KEM-1024,encap,157,109278,5898
ML-KEM-1024,encap,158,109222,5896
ML-KEM-1024,encap,159,109259,5898
ML-KEM-1024,encap,160,109129,5890
ML-KEM-1024,encap,161,109111,5889
ML-KEM-1024,encap,162,109149,5891
ML-KEM-1024,encap,163,109241,5896
ML-KEM-1024,encap,164,109297,5900
ML-KEM-1024,encap,165,119148,6430
ML-KEM-1024,encap,166,110166,5946
ML-KEM-1024,encap,167,109222,5896
ML-KEM-1024,encap,168,109111,5889
ML-KEM-1024,encap,169,109241,5897
ML-KEM-1024,encap,170,109259,5896
ML-KEM-1024,encap,171,109111,5889
ML-KEM-1024,encap,172,109148,5891
ML-KEM-1024,encap,173,109111,5889
ML-KEM-1024,encap,174,109148,5892
ML-KEM-1024,encap,175,109185,5894
ML-KEM-1024,encap,176,109130,5890
ML-KEM-1024,encap,177,109240,5897
ML-KEM-1024,encap,178,109260,5898
ML-KEM-1024,encap,179,109241,5897
ML-KEM-1024,encap,180,109222,5895
ML-KEM-1024,encap,181,109241,5895
ML-KEM-1024,encap,182,109204,5894
ML-KEM-1024,encap,183,109223,5895
ML-KEM-1024,encap,184,109185,5892
ML-KEM-1024,encap,185,109203,5893
ML-KEM-1024,encap,186,109444,5907
ML-KEM-1024,encap,187,109148,5892
ML-KEM-1024,encap,188,109278,5899
ML-KEM-1024,encap,189,109186,5892
ML-KEM-1024,encap,190,109204,5895
ML-KEM-1024,encap,191,109166,5893
ML-KEM-1024,encap,192,109222,5896
ML-KEM-1024,encap,193,109130,5890
ML-KEM-1024,encap,194,109185,5893
ML-KEM-1024,encap,195,109185,5893
ML-KEM-1024,encap,196,109334,5902
ML-KEM-1024,encap,197,109277,5898
ML-KEM-1024,encap,198,109129,5889
ML-KEM-1024,encap,199,109278,5899
ML-KEM-1024,encap,200,119537,6450
ML-KEM-1024,encap,201,110445,5960
ML-KEM-1024,encap,202,109222,5895
ML-KEM-1024,encap,203,109204,5893
ML-KEM-1024,encap,204,109315,5901
ML-KEM-1024,encap,205,109167,5892
ML-KEM-1024,encap,206,109240,5896
ML-KEM-1024,encap,207,109222,5895
ML-KEM-1024,encap,208,109148,5890
ML-KEM-1024,encap,209,109111,5889
ML-KEM-1024,encap,210,109222,5896
ML-KEM-1024,encap,211,109166,5892
ML-KEM-1024,encap,212,109260,5898
ML-KEM-1024,encap,213,109185,5893
ML-KEM-1024,encap,214,109240,5897
ML-KEM-1024,encap,215,109314,5900
ML-KEM-1024,encap,216,109222,5895
ML-KEM-1024,encap,217,109185,5892
ML-KEM-1024,encap,218,109149,5892
ML-KEM-1024,encap,219,109166,5892
ML-KEM-1024,encap,220,109222,5895
ML-KEM-1024,encap,221,109167,5892
ML-KEM-1024,encap,222,109259,5898
ML-KEM-1024,encap,223,109260,5898
ML-KEM-1024,encap,224,109259,5897
ML-KEM-1024,encap,225,109166,5893
ML-KEM-1024,encap,226,109166,5893
ML-KEM-1024,encap,227,109241,5897
ML-KEM-1024,encap,228,109241,5896
ML-KEM-1024,encap,229,109278,5897
ML-KEM-1024,encap,230,109167,5893
ML-KEM-1024,encap,231,109241,5897
ML-KEM-1024,encap,232,109185,5893
ML-KEM-1024,encap,233,109333,5901
ML-KEM-1024,encap,234,109222,5896
ML-KEM-1024,encap,235,109185,5893
ML-KEM-1024,encap,236,118389,6388
ML-KEM-1024,encap,237,110241,5949
ML-KEM-1024,encap,238,109334,5901
ML-KEM-1024,encap,239,109352,5901
ML-KEM-1024,encap,240,109296,5900
ML-KEM-1024,encap,241,109222,5894
ML-KEM-1024,encap,242,109241,5896
ML-KEM-1024,encap,243,109185,5893
ML-KEM-1024,encap,244,109185,5894
ML-KEM-1024,encap,245,109222,5896
ML-KEM-1024,encap,246,109240,5896
ML-KEM-1024,encap,247,109259,5897
ML-KEM-1024,encap,248,109240,5897
ML-KEM-1024,encap,249,109186,5893
ML-KEM-1024,encap,250,109222,5896
ML-KEM-1024,encap,251,109334,5900
ML-KEM-1024,encap,252,109241,5896
ML-KEM-1024,encap,253,109259,5897
ML-KEM-1024,encap,254,109334,5901
ML-KEM-1024,encap,255,109148,5892
ML-KEM-1024,encap,256,109408,5905
ML-KEM-1024,encap,257,109185,5893
ML-KEM-1024,encap,258,109185,5894
ML-KEM-1024,encap,259,109166,5893
ML-KEM-1024,encap,260,109315,5899
ML-KEM-1024,encap,261,109241,5896
ML-KEM-1024,encap,262,109352,5902
ML-KEM-1024,encap,263,109222,5896
ML-KEM-1024,encap,264,109259,5897
ML-KEM-1024,encap,265,109259,5897
ML-KEM-1024,encap,266,109129,5891
ML-KEM-1024,encap,267,109315,5900
ML-KEM-1024,encap,268,109166,5893
ML-KEM-1024,encap,269,109296,5900
ML-KEM-1024,encap,270,109185,5893
ML-KEM-1024,encap,271,119000,6421
ML-KEM-1024,encap,272,110296,5952
ML-KEM-1024,encap,273,111037,5992
ML-KEM-1024,encap,274,109241,5896
ML-KEM-1024,encap,275,109186,5893
ML-KEM-1024,encap,276,109223,5894
ML-KEM-1024,encap,277,109167,5892
ML-KEM-1024,encap,278,109260,5898
ML-KEM-1024,encap,279,109222,5895
ML-KEM-1024,encap,280,109259,5898
ML-KEM-1024,encap,281,109186,5894
ML-KEM-1024,encap,282,109167,5892
ML-KEM-1024,encap,283,109222,5896
ML-KEM-1024,encap,284,109111,5890
ML-KEM-1024,encap,285,109241,5897
ML-KEM-1024,encap,286,109222,5895
ML-KEM-1024,encap,287,109222,5895
ML-KEM-1024,encap,288,109129,5891
ML-KEM-1024,encap,289,109185,5892
ML-KEM-1024,encap,290,109148,5892
ML-KEM-1024,encap,291,109185,5894
ML-KEM-1024,encap,292,109093,5889
ML-KEM-1024,encap,293,109296,5898
ML-KEM-1024,encap,294,109166,5891
ML-KEM-1024,encap,295,109277,5899
ML-KEM-1024,encap,296,109148,5891
ML-KEM-1024,encap,297,109111,5890
ML-KEM-1024,encap,298,109185,5893
ML-KEM-1024,encap,299,109055,5886
ML-KEM-1024,encap,300,109185,5893
ML-KEM-1024,encap,301,109093,5888
ML-KEM-1024,encap,302,109241,5895
ML-KEM-1024,encap,303,109129,5890
ML-KEM-1024,encap,304,109166,5893
ML-KEM-1024,encap,305,109259,5897
ML-KEM-1024,encap,306,109259,5897
ML-KEM-1024,encap,307,119259,6436
ML-KEM-1024,encap,308,110111,5943
ML-KEM-1024,encap,309,109259,5898
ML-KEM-1024,encap,310,109185,5893
ML-KEM-1024,encap,311,109185,5893
ML-KEM-1024,encap,312,109092,5887
ML-KEM-1024,encap,313,109185,5894
ML-KEM-1024,encap,314,109111,5889
ML-KEM-1024,encap,315,109204,5893
ML-KEM-1024,encap,316,109241,5894
ML-KEM-1024,encap,317,109222,5894
ML-KEM-1024,encap,318,109149,5890
ML-KEM-1024,encap,319,109185,5892
ML-KEM-1024,encap,320,109185,5892
ML-KEM-1024,encap,321,109130,5890
ML-KEM-1024,encap,322,109241,5896
ML-KEM-1024,encap,323,109222,5895
ML-KEM-1024,encap,324,109203,5893
ML-KEM-1024,encap,325,109222,5894
ML-KEM-1024,encap,326,109222,5896
ML-KEM-1024,encap,327,109167,5891
ML-KEM-1024,encap,328,109204,5894
ML-KEM-1024,encap,329,109167,5893
ML-KEM-1024,encap,330,109204,5894
ML-KEM-1024,encap,331,109204,5895
ML-KEM-1024,encap,332,109185,5893
ML-KEM-1024,encap,333,109185,5893
ML-KEM-1024,encap,334,109204,5895
ML-KEM-1024,encap,335,109148,5892
ML-KEM-1024,encap,336,109148,5891
ML-KEM-1024,encap,337,109148,5891
ML-KEM-1024,encap,338,109297,5899
ML-KEM-1024,encap,339,109148,5892
ML-KEM-1024,encap,340,109166,5892
ML-KEM-1024,encap,341,109204,5895
ML-KEM-1024,encap,342,118685,6405
ML-KEM-1024,encap,343,110240,5949
ML-KEM-1024,encap,344,109278,5897
ML-KEM-1024,encap,345,109185,5894
ML-KEM-1024,encap,346,109130,5890
ML-KEM-1024,encap,347,109037,5885
ML-KEM-1024,encap,348,109241,5896
ML-KEM-1024,encap,349,109129,5890
ML-KEM-1024,encap,350,109259,5898
ML-KEM-1024,encap,351,109185,5892
ML-KEM-1024,encap,352,109296,5899
ML-KEM-1024,encap,353,109166,5892
ML-KEM-1024,encap,354,109166,5893
ML-KEM-1024,encap,355,109204,5893
ML-KEM-1024,encap,356,109204,5894
ML-KEM-1024,encap,357,109241,5895
ML-KEM-1024,encap,358,109185,5894
ML-KEM-1024,encap,359,109278,5898
ML-KEM-1024,encap,360,109092,5889
ML-KEM-1024,encap,361,109222,5896
ML-KEM-1024,encap,362,109167,5893
ML-KEM-1024,encap,363,109240,5895
ML-KEM-1024,encap,364,109111,5890
ML-KEM-1024,encap,365,109333,5901
ML-KEM-1024,encap,366,109111,5890
ML-KEM-1024,encap,367,109130,5889
ML-KEM-1024,encap,368,109204,5894
ML-KEM-1024,encap,369,109222,5895
ML-KEM-1024,encap,370,109185,5893
ML-KEM-1024,encap,371,109259,5897
ML-KEM-1024,encap,372,109130,5890
ML-KEM-1024,encap,373,109223,5896
ML-KEM-1024,encap,374,109241,5896
ML-KEM-1024,encap,375,109278,5898
ML-KEM-1024,encap,376,109259,5898
ML-KEM-1024,encap,377,109167,5892
ML-KEM-1024,encap,378,118611,6400
ML-KEM-1024,encap,379,109648,5917
ML-KEM-1024,encap,380,109333,5901
ML-KEM-1024,encap,381,109259,5896
ML-KEM-1024,encap,382,109074,5888
ML-KEM-1024,encap,383,109167,5892
ML-KEM-1024,encap,384,109111,5888
ML-KEM-1024,encap,385,109222,5895
ML-KEM-1024,encap,386,109185,5894
ML-KEM-1024,encap,387,109186,5893
ML-KEM-1024,encap,388,109223,5894
ML-KEM-1024,encap,389,109240,5896
ML-KEM-1024,encap,390,109222,5895
ML-KEM-1024,encap,391,109241,5895
ML-KEM-1024,encap,392,109333,5902
ML-KEM-1024,encap,393,110926,5986
ML-KEM-1024,encap,394,109370,5904
ML-KEM-1024,encap,395,109259,5898
ML-KEM-1024,encap,396,109315,5901
ML-KEM-1024,encap,397,109240,5896
ML-KEM-1024,encap,398,109222,5896
ML-KEM-1024,encap,399,109222,5894
ML-KEM-1024,encap,400,109166,5893
ML-KEM-1024,encap,401,109186,5892
ML-KEM-1024,encap,402,109241,5896
ML-KEM-1024,encap,403,109185,5894
ML-KEM-1024,encap,404,109240,5896
ML-KEM-1024,encap,405,109259,5897
ML-KEM-1024,encap,406,109222,5895
ML-KEM-1024,encap,407,109130,5890
ML-KEM-1024,encap,408,109259,5897
ML-KEM-1024,encap,409,109204,5895
ML-KEM-1024,encap,410,109092,5889
ML-KEM-1024,encap,411,109259,5896
ML-KEM-1024,encap,412,109259,5897
ML-KEM-1024,encap,413,118982,6421
ML-KEM-1024,encap,414,110166,5946
ML-KEM-1024,encap,415,109352,5902
ML-KEM-1024,encap,416,109260,5897
ML-KEM-1024,encap,417,109204,5895
ML-KEM-1024,encap,418,109166,5892
ML-KEM-1024,encap,419,109333,5901
ML-KEM-1024,encap,420,109315,5900
ML-KEM-1024,encap,421,109204,5894
ML-KEM-1024,encap,422,109148,5891
ML-KEM-1024,encap,423,109277,5898
ML-KEM-1024,encap,424,109240,5895
ML-KEM-1024,encap,425,109259,5898
ML-KEM-1024,encap,426,109222,5894
ML-KEM-1024,encap,427,109185,5894
ML-KEM-1024,encap,428,109148,5892
ML-KEM-1024,encap,429,109092,5888
ML-KEM-1024,encap,430,109148,5892
ML-KEM-1024,encap,431,109222,5895
ML-KEM-1024,encap,432,109074,5886
ML-KEM-1024,encap,433,109129,5890
ML-KEM-1024,encap,434,109019,5884
ML-KEM-1024,encap,435,109074,5887
ML-KEM-1024,encap,436,109166,5892
ML-KEM-1024,encap,437,109129,5891
ML-KEM-1024,encap,438,109167,5891
ML-KEM-1024,encap,439,109315,5901
ML-KEM-1024,encap,440,109167,5892
ML-KEM-1024,encap,441,109204,5894
ML-KEM-1024,encap,442,109296,5899
ML-KEM-1024,encap,443,109241,5896
ML-KEM-1024,encap,444,109204,5895
ML-KEM-1024,encap,445,109092,5888
ML-KEM-1024,encap,446,109037,5885
ML-KEM-1024,encap,447,109074,5887
ML-KEM-1024,encap,448,118797,6411
ML-KEM-1024,encap,449,110166,5946
ML-KEM-1024,encap,450,109111,5890
ML-KEM-1024,encap,451,109185,5892
ML-KEM-1024,encap,452,109130,5890
ML-KEM-1024,encap,453,109352,5902
ML-KEM-1024,encap,454,109166,5893
ML-KEM-1024,encap,455,109222,5895
ML-KEM-1024,encap,456,109167,5892
ML-KEM-1024,encap,457,109241,5896
ML-KEM-1024,encap,458,109222,5895
ML-KEM-1024,encap,459,109204,5894
ML-KEM-1024,encap,460,109204,5894
ML-KEM-1024,encap,461,109297,5900
ML-KEM-1024,encap,462,109240,5897
ML-KEM-1024,encap,463,109166,5893
ML-KEM-1024,encap,464,109222,5896
ML-KEM-1024,encap,465,109204,5895
ML-KEM-1024,encap,466,109241,5896
ML-KEM-1024,encap,467,109222,5895
ML-KEM-1024,encap,468,109223,5896
ML-KEM-1024,encap,469,109241,5896
ML-KEM-1024,encap,470,109240,5897
ML-KEM-1024,encap,471,109129,5890
ML-KEM-1024,encap,472,109129,5890
ML-KEM-1024,encap,473,109204,5894
ML-KEM-1024,encap,474,109166,5891
ML-KEM-1024,encap,475,109148,5891
ML-KEM-1024,encap,476,109277,5897
ML-KEM-1024,encap,477,109185,5893
ML-KEM-1024,encap,478,109241,5896
ML-KEM-1024,encap,479,109241,5895
ML-KEM-1024,encap,480,109186,5894
ML-KEM-1024,encap,481,109260,5897
ML-KEM-1024,encap,482,109315,5901
ML-KEM-1024,encap,483,109130,5890
ML-KEM-1024,encap,484,118241,6381
ML-KEM-1024,encap,485,110167,5946
ML-KEM-1024,encap,486,109166,5893
ML-KEM-1024,encap,487,109223,5896
ML-KEM-1024,encap,488,109166,5891
ML-KEM-1024,encap,489,109241,5897
ML-KEM-1024,encap,490,109167,5892
ML-KEM-1024,encap,491,109259,5898
ML-KEM-1024,encap,492,109259,5897
ML-KEM-1024,encap,493,109222,5894
ML-KEM-1024,encap,494,109315,5901
ML-KEM-1024,encap,495,109296,5899
ML-KEM-1024,encap,496,109185,5893
ML-KEM-1024,encap,497,109278,5898
ML-KEM-1024,encap,498,109315,5901
ML-KEM-1024,encap,499,109222,5896
ML-KEM-1024,encap,500,109334,5902
ML-KEM-1024,encap,501,109259,5898
ML-KEM-1024,encap,502,109278,5897
ML-KEM-1024,encap,503,109277,5899
ML-KEM-1024,encap,504,109222,5895
ML-KEM-1024,encap,505,109241,5896
ML-KEM-1024,encap,506,109203,5893
ML-KEM-1024,encap,507,109296,5900
ML-KEM-1024,encap,508,109149,5891
ML-KEM-1024,encap,509,109278,5899
ML-KEM-1024,encap,510,109278,5899
ML-KEM-1024,encap,511,109278,5897
ML-KEM-1024,encap,512,109186,5893
ML-KEM-1024,encap,513,110870,5983
ML-KEM-1024,encap,514,109425,5905
ML-KEM-1024,encap,515,109204,5895
ML-KEM-1024,encap,516,109241,5896
ML-KEM-1024,encap,517,109111,5889
ML-KEM-1024,encap,518,109092,5889
ML-KEM-1024,encap,519,119111,6428
ML-KEM-1024,encap,520,110037,5939
ML-KEM-1024,encap,521,109297,5898
ML-KEM-1024,encap,522,109186,5893
ML-KEM-1024,encap,523,109185,5893
ML-KEM-1024,encap,524,109167,5892
ML-KEM-1024,encap,525,109296,5899
ML-KEM-1024,encap,526,109185,5893
ML-KEM-1024,encap,527,109074,5886
ML-KEM-1024,encap,528,109222,5895
ML-KEM-1024,encap,529,109222,5895
ML-KEM-1024,encap,530,109148,5892
ML-KEM-1024,encap,531,109167,5891
ML-KEM-1024,encap,532,109222,5895
ML-KEM-1024,encap,533,109241,5895
ML-KEM-1024,encap,534,109260,5897
ML-KEM-1024,encap,535,109130,5891
ML-KEM-1024,encap,536,109203,5895
ML-KEM-1024,encap,537,109222,5894
ML-KEM-1024,encap,538,109315,5900
ML-KEM-1024,encap,539,109204,5894
ML-KEM-1024,encap,540,109185,5893
ML-KEM-1024,encap,541,109277,5899
ML-KEM-1024,encap,542,109241,5896
ML-KEM-1024,encap,543,109240,5896
ML-KEM-1024,encap,544,109185,5893
ML-KEM-1024,encap,545,109222,5895
ML-KEM-1024,encap,546,109203,5895
ML-KEM-1024,encap,547,109203,5895
ML-KEM-1024,encap,548,109093,5889
ML-KEM-1024,encap,549,109186,5892
ML-KEM-1024,encap,550,109130,5891
ML-KEM-1024,encap,551,109222,5895
ML-KEM-1024,encap,552,109222,5895
ML-KEM-1024,encap,553,109203,5894
ML-KEM-1024,encap,554,109167,5891
ML-KEM-1024,encap,555,118519,6395
ML-KEM-1024,encap,556,110204,5948
ML-KEM-1024,encap,557,109148,5890
ML-KEM-1024,encap,558,109241,5896
ML-KEM-1024,encap,559,109093,5887
ML-KEM-1024,encap,560,109259,5897
ML-KEM-1024,encap,561,109241,5897
ML-KEM-1024,encap,562,109167,5892
ML-KEM-1024,encap,563,109074,5888
ML-KEM-1024,encap,564,109204,5895
ML-KEM-1024,encap,565,109241,5896
ML-KEM-1024,encap,566,109278,5899
ML-KEM-1024,encap,567,109185,5894
ML-KEM-1024,encap,568,109259,5897
ML-KEM-1024,encap,569,109223,5895
ML-KEM-1024,encap,570,109204,5894
ML-KEM-1024,encap,571,109223,5896
ML-KEM-1024,encap,572,109296,5899
ML-KEM-1024,encap,573,109167,5892
ML-KEM-1024,encap,574,109185,5894
ML-KEM-1024,encap,575,109278,5898
ML-KEM-1024,encap,576,109223,5895
ML-KEM-1024,encap,577,109111,5889
ML-KEM-1024,encap,578,109166,5893
ML-KEM-1024,encap,579,109222,5895
ML-KEM-1024,encap,580,109093,5888
ML-KEM-1024,encap,581,109204,5894
ML-KEM-1024,encap,582,109185,5893
ML-KEM-1024,encap,583,109260,5897
ML-KEM-1024,encap,584,109148,5892
ML-KEM-1024,encap,585,109204,5895
ML-KEM-1024,encap,586,109185,5894
ML-KEM-1024,encap,587,109223,5895
ML-KEM-1024,encap,588,109167,5892
ML-KEM-1024,encap,589,109203,5894
ML-KEM-1024,encap,590,119908,6471
ML-KEM-1024,encap,591,110278,5952
ML-KEM-1024,encap,592,109148,5891
ML-KEM-1024,encap,593,109352,5902
ML-KEM-1024,encap,594,109222,5895
ML-KEM-1024,encap,595,109241,5897
ML-KEM-1024,encap,596,109185,5893
ML-KEM-1024,encap,597,109277,5898
ML-KEM-1024,encap,598,109241,5896
ML-KEM-1024,encap,599,109167,5892
ML-KEM-1024,encap,600,109203,5895
ML-KEM-1024,encap,601,109204,5895
ML-KEM-1024,encap,602,109167,5892
ML-KEM-1024,encap,603,109223,5896
ML-KEM-1024,encap,604,109223,5895
ML-KEM-1024,encap,605,109223,5896
ML-KEM-1024,encap,606,109129,5891
ML-KEM-1024,encap,607,109148,5891
ML-KEM-1024,encap,608,109185,5893
ML-KEM-1024,encap,609,109240,5895
ML-KEM-1024,encap,610,109130,5891
ML-KEM-1024,encap,611,109111,5889
ML-KEM-1024,encap,612,109240,5896
ML-KEM-1024,encap,613,109204,5893
ML-KEM-1024,encap,614,109296,5898
ML-KEM-1024,encap,615,109204,5894
ML-KEM-1024,encap,616,109240,5896
ML-KEM-1024,encap,617,109148,5892
ML-KEM-1024,encap,618,109148,5891
ML-KEM-1024,encap,619,109222,5896
ML-KEM-1024,encap,620,109223,5896
ML-KEM-1024,encap,621,109204,5895
ML-KEM-1024,encap,622,109185,5893
ML-KEM-1024,encap,623,109222,5895
ML-KEM-1024,encap,624,109111,5890
ML-KEM-1024,encap,625,109185,5893
ML-KEM-1024,encap,626,119426,6445
ML-KEM-1024,encap,627,109574,5913
ML-KEM-1024,encap,628,109240,5895
ML-KEM-1024,encap,629,109259,5897
ML-KEM-1024,encap,630,109277,5898
ML-KEM-1024,encap,631,109074,5886
ML-KEM-1024,encap,632,109333,5901
ML-KEM-1024,encap,633,109056,5886
ML-KEM-1024,encap,634,110796,5980
ML-KEM-1024,encap,635,109241,5896
ML-KEM-1024,encap,636,109222,5895
ML-KEM-1024,encap,637,109185,5893
ML-KEM-1024,encap,638,109203,5893
ML-KEM-1024,encap,639,109185,5894
ML-KEM-1024,encap,640,109186,5894
ML-KEM-1024,encap,641,109149,5890
ML-KEM-1024,encap,642,109241,5895
ML-KEM-1024,encap,643,109148,5891
ML-KEM-1024,encap,644,109186,5893
ML-KEM-1024,encap,645,109222,5896
ML-KEM-1024,encap,646,109204,5895
ML-KEM-1024,encap,647,109222,5895
ML-KEM-1024,encap,648,109129,5890
ML-KEM-1024,encap,649,109185,5894
ML-KEM-1024,encap,650,109222,5896
ML-KEM-1024,encap,651,109204,5895
ML-KEM-1024,encap,652,109111,5889
ML-KEM-1024,encap,653,109129,5890
ML-KEM-1024,encap,654,109278,5898
ML-KEM-1024,encap,655,109148,5891
ML-KEM-1024,encap,656,109130,5891
ML-KEM-1024,encap,657,109111,5889
ML-KEM-1024,encap,658,109074,5888
ML-KEM-1024,encap,659,109185,5892
ML-KEM-1024,encap,660,109167,5892
ML-KEM-1024,encap,661,119407,6443
ML-KEM-1024,encap,662,110129,5944
ML-KEM-1024,encap,663,109278,5898
ML-KEM-1024,encap,664,109185,5894
ML-KEM-1024,encap,665,109186,5893
ML-KEM-1024,encap,666,109148,5891
ML-KEM-1024,encap,667,109074,5887
ML-KEM-1024,encap,668,109167,5892
ML-KEM-1024,encap,669,109166,5892
ML-KEM-1024,encap,670,109056,5887
ML-KEM-1024,encap,671,109167,5892
ML-KEM-1024,encap,672,109185,5893
ML-KEM-1024,encap,673,109240,5896
ML-KEM-1024,encap,674,109166,5893
ML-KEM-1024,encap,675,109092,5889
ML-KEM-1024,encap,676,109185,5894
ML-KEM-1024,encap,677,109148,5892
ML-KEM-1024,encap,678,109129,5890
ML-KEM-1024,encap,679,109074,5888
ML-KEM-1024,encap,680,109148,5891
ML-KEM-1024,encap,681,109185,5893
ML-KEM-1024,encap,682,109185,5893
ML-KEM-1024,encap,683,109241,5895
ML-KEM-1024,encap,684,109149,5891
ML-KEM-1024,encap,685,109111,5889
ML-KEM-1024,encap,686,109092,5887
ML-KEM-1024,encap,687,109185,5894
ML-KEM-1024,encap,688,109130,5890
ML-KEM-1024,encap,689,109074,5888
ML-KEM-1024,encap,690,109166,5892
ML-KEM-1024,encap,691,109241,5895
ML-KEM-1024,encap,692,109203,5895
ML-KEM-1024,encap,693,109185,5894
ML-KEM-1024,encap,694,109186,5894
ML-KEM-1024,encap,695,109148,5892
ML-KEM-1024,encap,696,119074,6425
ML-KEM-1024,encap,697,110111,5944
ML-KEM-1024,encap,698,109241,5897
ML-KEM-1024,encap,699,109223,5894
ML-KEM-1024,encap,700,109278,5898
ML-KEM-1024,encap,701,109111,5889
ML-KEM-1024,encap,702,109240,5896
ML-KEM-1024,encap,703,109148,5892
ML-KEM-1024,encap,704,109185,5893
ML-KEM-1024,encap,705,109241,5895
ML-KEM-1024,encap,706,109278,5898
ML-KEM-1024,encap,707,109278,5898
ML-KEM-1024,encap,708,109167,5892
ML-KEM-1024,encap,709,109185,5893
ML-KEM-1024,encap,710,109092,5889
ML-KEM-1024,encap,711,109149,5892
ML-KEM-1024,encap,712,109111,5890
ML-KEM-1024,encap,713,109241,5896
ML-KEM-1024,encap,714,109093,5889
ML-KEM-1024,encap,715,109223,5895
ML-KEM-1024,encap,716,109241,5896
ML-KEM-1024,encap,717,109074,5888
ML-KEM-1024,encap,718,109185,5892
ML-KEM-1024,encap,719,109148,5891
ML-KEM-1024,encap,720,109166,5892
ML-KEM-1024,encap,721,109148,5890
ML-KEM-1024,encap,722,109240,5896
ML-KEM-1024,encap,723,109166,5893
ML-KEM-1024,encap,724,109204,5894
ML-KEM-1024,encap,725,109129,5891
ML-KEM-1024,encap,726,109222,5896
ML-KEM-1024,encap,727,109185,5894
ML-KEM-1024,encap,728,109296,5899
ML-KEM-1024,encap,729,109167,5893
ML-KEM-1024,encap,730,109167,5893
ML-KEM-1024,encap,731,109241,5896
ML-KEM-1024,encap,732,118260,6382
ML-KEM-1024,encap,733,110148,5945
ML-KEM-1024,encap,734,109204,5895
ML-KEM-1024,encap,735,109204,5895
ML-KEM-1024,encap,736,109167,5892
ML-KEM-1024,encap,737,109167,5893
ML-KEM-1024,encap,738,109092,5889
ML-KEM-1024,encap,739,109112,5890
ML-KEM-1024,encap,740,109166,5891
ML-KEM-1024,encap,741,109093,5889
ML-KEM-1024,encap,742,109167,5893
ML-KEM-1024,encap,743,109278,5899
ML-KEM-1024,encap,744,109186,5893
ML-KEM-1024,encap,745,109204,5894
ML-KEM-1024,encap,746,109166,5893
ML-KEM-1024,encap,747,109259,5897
ML-KEM-1024,encap,748,109222,5896
ML-KEM-1024,encap,749,109278,5898
ML-KEM-1024,encap,750,109204,5894
ML-KEM-1024,encap,751,109259,5897
ML-KEM-1024,encap,752,109222,5895
ML-KEM-1024,encap,753,109222,5895
ML-KEM-1024,encap,754,110889,5983
ML-KEM-1024,encap,755,109204,5894
ML-KEM-1024,encap,756,109278,5899
ML-KEM-1024,encap,757,109149,5892
ML-KEM-1024,encap,758,109222,5894
ML-KEM-1024,encap,759,109204,5895
ML-KEM-1024,encap,760,109223,5895
ML-KEM-1024,encap,761,109074,5886
ML-KEM-1024,encap,762,109185,5892
ML-KEM-1024,encap,763,109222,5895
ML-KEM-1024,encap,764,109092,5889
ML-KEM-1024,encap,765,109223,5894
ML-KEM-1024,encap,766,109185,5893
ML-KEM-1024,encap,767,119111,6428
ML-KEM-1024,encap,768,110000,5936
ML-KEM-1024,encap,769,109351,5901
ML-KEM-1024,encap,770,109129,5890
ML-KEM-1024,encap,771,109204,5895
ML-KEM-1024,encap,772,109111,5889
ML-KEM-1024,encap,773,109148,5891
ML-KEM-1024,encap,774,109241,5895
ML-KEM-1024,encap,775,109222,5895
ML-KEM-1024,encap,776,109148,5891
ML-KEM-1024,encap,777,109314,5899
ML-KEM-1024,encap,778,109185,5893
ML-KEM-1024,encap,779,109185,5893
ML-KEM-1024,encap,780,109074,5887
ML-KEM-1024,encap,781,109093,5887
ML-KEM-1024,encap,782,109093,5887
ML-KEM-1024,encap,783,109203,5894
ML-KEM-1024,encap,784,109203,5893
ML-KEM-1024,encap,785,109241,5895
ML-KEM-1024,encap,786,109204,5895
ML-KEM-1024,encap,787,109297,5899
ML-KEM-1024,encap,788,109204,5894
ML-KEM-1024,encap,789,109185,5894
ML-KEM-1024,encap,790,109148,5891
ML-KEM-1024,encap,791,109130,5891
ML-KEM-1024,encap,792,109148,5892
ML-KEM-1024,encap,793,109204,5894
ML-KEM-1024,encap,794,109203,5893
ML-KEM-1024,encap,795,109185,5893
ML-KEM-1024,encap,796,109129,5891
ML-KEM-1024,encap,797,109093,5888
ML-KEM-1024,encap,798,109204,5894
ML-KEM-1024,encap,799,109074,5886
ML-KEM-1024,encap,800,109167,5893
ML-KEM-1024,encap,801,109074,5887
ML-KEM-1024,encap,802,109186,5894
ML-KEM-1024,encap,803,118333,6386
ML-KEM-1024,encap,804,110129,5944
ML-KEM-1024,encap,805,109204,5894
ML-KEM-1024,encap,806,109167,5892
ML-KEM-1024,encap,807,109167,5891
ML-KEM-1024,encap,808,109278,5897
ML-KEM-1024,encap,809,109278,5897
ML-KEM-1024,encap,810,109260,5898
ML-KEM-1024,encap,811,109185,5894
ML-KEM-1024,encap,812,109315,5900
ML-KEM-1024,encap,813,109259,5898
ML-KEM-1024,encap,814,109315,5900
ML-KEM-1024,encap,815,109148,5892
ML-KEM-1024,encap,816,109111,5890
ML-KEM-1024,encap,817,109148,5892
ML-KEM-1024,encap,818,109296,5899
ML-KEM-1024,encap,819,109278,5899
ML-KEM-1024,encap,820,109111,5889
ML-KEM-1024,encap,821,109148,5892
ML-KEM-1024,encap,822,109129,5891
ML-KEM-1024,encap,823,109185,5893
ML-KEM-1024,encap,824,109167,5893
ML-KEM-1024,encap,825,109166,5892
ML-KEM-1024,encap,826,109148,5891
ML-KEM-1024,encap,827,109130,5891
ML-KEM-1024,encap,828,109241,5897
ML-KEM-1024,encap,829,109185,5893
ML-KEM-1024,encap,830,109241,5895
ML-KEM-1024,encap,831,109166,5893
ML-KEM-1024,encap,832,109222,5896
ML-KEM-1024,encap,833,109222,5895
ML-KEM-1024,encap,834,109167,5891
ML-KEM-1024,encap,835,109166,5893
ML-KEM-1024,encap,836,109185,5893
ML-KEM-1024,encap,837,109167,5893
ML-KEM-1024,encap,838,118500,6395
ML-KEM-1024,encap,839,110129,5944
ML-KEM-1024,encap,840,109111,5890
ML-KEM-1024,encap,841,109130,5890
ML-KEM-1024,encap,842,109166,5891
ML-KEM-1024,encap,843,109203,5893
ML-KEM-1024,encap,844,109056,5887
ML-KEM-1024,encap,845,109241,5896
ML-KEM-1024,encap,846,109186,5892
ML-KEM-1024,encap,847,109056,5886
ML-KEM-1024,encap,848,109129,5890
ML-KEM-1024,encap,849,109130,5890
ML-KEM-1024,encap,850,109260,5896
ML-KEM-1024,encap,851,109111,5888
ML-KEM-1024,encap,852,109185,5894
ML-KEM-1024,encap,853,109129,5889
ML-KEM-1024,encap,854,109186,5892
ML-KEM-1024,encap,855,109204,5894
ML-KEM-1024,encap,856,109185,5893
ML-KEM-1024,encap,857,109093,5889
ML-KEM-1024,encap,858,109148,5890
ML-KEM-1024,encap,859,109111,5888
ML-KEM-1024,encap,860,109203,5893
ML-KEM-1024,encap,861,109148,5892
ML-KEM-1024,encap,862,109074,5888
ML-KEM-1024,encap,863,109111,5890
ML-KEM-1024,encap,864,109185,5892
ML-KEM-1024,encap,865,109204,5894
ML-KEM-1024,encap,866,109130,5889
ML-KEM-1024,encap,867,109166,5892
ML-KEM-1024,encap,868,109148,5891
ML-KEM-1024,encap,869,109037,5886
ML-KEM-1024,encap,870,109297,5900
ML-KEM-1024,encap,871,109186,5892
ML-KEM-1024,encap,872,109167,5892
ML-KEM-1024,encap,873,109166,5893
ML-KEM-1024,encap,874,118222,6380
ML-KEM-1024,encap,875,111129,5997
ML-KEM-1024,encap,876,109278,5898
ML-KEM-1024,encap,877,109167,5893
ML-KEM-1024,encap,878,109093,5889
ML-KEM-1024,encap,879,109148,5891
ML-KEM-1024,encap,880,109148,5892
ML-KEM-1024,encap,881,109148,5892
ML-KEM-1024,encap,882,109186,5893
ML-KEM-1024,encap,883,109149,5890
ML-KEM-1024,encap,884,109111,5889
ML-KEM-1024,encap,885,109111,5889
ML-KEM-1024,encap,886,109092,5888
ML-KEM-1024,encap,887,109074,5886
ML-KEM-1024,encap,888,109185,5894
ML-KEM-1024,encap,889,109148,5891
ML-KEM-1024,encap,890,109204,5894
ML-KEM-1024,encap,891,109240,5897
ML-KEM-1024,encap,892,109111,5889
ML-KEM-1024,encap,893,109203,5895
ML-KEM-1024,encap,894,109148,5890
ML-KEM-1024,encap,895,109056,5887
ML-KEM-1024,encap,896,109093,5888
ML-KEM-1024,encap,897,109148,5891
ML-KEM-1024,encap,898,109148,5892
ML-KEM-1024,encap,899,109149,5892
ML-KEM-1024,encap,900,109259,5897
ML-KEM-1024,encap,901,109148,5891
ML-KEM-1024,encap,902,109093,5888
ML-KEM-1024,encap,903,109166,5892
ML-KEM-1024,encap,904,109112,5889
ML-KEM-1024,encap,905,109203,5894
ML-KEM-1024,encap,906,109204,5895
ML-KEM-1024,encap,907,109148,5890
ML-KEM-1024,encap,908,109185,5893
ML-KEM-1024,encap,909,119686,6459
ML-KEM-1024,encap,910,110148,5945
ML-KEM-1024,encap,911,109241,5897
ML-KEM-1024,encap,912,109241,5895
ML-KEM-1024,encap,913,109204,5893
ML-KEM-1024,encap,914,109129,5890
ML-KEM-1024,encap,915,109185,5893
ML-KEM-1024,encap,916,109074,5888
ML-KEM-1024,encap,917,109092,5889
ML-KEM-1024,encap,918,109241,5895
ML-KEM-1024,encap,919,109167,5892
ML-KEM-1024,encap,920,109148,5892
ML-KEM-1024,encap,921,109222,5895
ML-KEM-1024,encap,922,109297,5900
ML-KEM-1024,encap,923,109166,5891
ML-KEM-1024,encap,924,109203,5895
ML-KEM-1024,encap,925,109185,5894
ML-KEM-1024,encap,926,109166,5891
ML-KEM-1024,encap,927,109222,5896
ML-KEM-1024,encap,928,109148,5892
ML-KEM-1024,encap,929,109186,5893
ML-KEM-1024,encap,930,109204,5894
ML-KEM-1024,encap,931,109222,5894
ML-KEM-1024,encap,932,109167,5893
ML-KEM-1024,encap,933,109167,5892
ML-KEM-1024,encap,934,109223,5895
ML-KEM-1024,encap,935,109074,5887
ML-KEM-1024,encap,936,109129,5890
ML-KEM-1024,encap,937,109203,5894
ML-KEM-1024,encap,938,109111,5889
ML-KEM-1024,encap,939,109167,5891
ML-KEM-1024,encap,940,109223,5896
ML-KEM-1024,encap,941,109092,5889
ML-KEM-1024,encap,942,109185,5893
ML-KEM-1024,encap,943,109074,5886
ML-KEM-1024,encap,944,118444,6392
ML-KEM-1024,encap,945,110185,5946
ML-KEM-1024,encap,946,109389,5905
ML-KEM-1024,encap,947,109296,5899
ML-KEM-1024,encap,948,109203,5895
ML-KEM-1024,encap,949,109203,5895
ML-KEM-1024,encap,950,109166,5893
ML-KEM-1024,encap,951,109204,5893
ML-KEM-1024,encap,952,109129,5890
ML-KEM-1024,encap,953,109130,5890
ML-KEM-1024,encap,954,109222,5895
ML-KEM-1024,encap,955,109111,5888
ML-KEM-1024,encap,956,109148,5891
ML-KEM-1024,encap,957,109037,5886
ML-KEM-1024,encap,958,109111,5888
ML-KEM-1024,encap,959,109148,5892
ML-KEM-1024,encap,960,109222,5895
ML-KEM-1024,encap,961,109129,5890
ML-KEM-1024,encap,962,109112,5890
ML-KEM-1024,encap,963,109167,5893
ML-KEM-1024,encap,964,109241,5896
ML-KEM-1024,encap,965,109149,5891
ML-KEM-1024,encap,966,109148,5891
ML-KEM-1024,encap,967,109111,5889
ML-KEM-1024,encap,968,109019,5884
ML-KEM-1024,encap,969,109241,5896
ML-KEM-1024,encap,970,109185,5892
ML-KEM-1024,encap,971,109222,5895
ML-KEM-1024,encap,972,109185,5893
ML-KEM-1024,encap,973,109056,5887
ML-KEM-1024,encap,974,109130,5890
ML-KEM-1024,encap,975,109186,5893
ML-KEM-1024,encap,976,109241,5896
ML-KEM-1024,encap,977,109112,5890
ML-KEM-1024,encap,978,109166,5892
ML-KEM-1024,encap,979,109167,5893
ML-KEM-1024,encap,980,118334,6386
ML-KEM-1024,encap,981,110111,5941
ML-KEM-1024,encap,982,109315,5900
ML-KEM-1024,encap,983,109278,5899
ML-KEM-1024,encap,984,109277,5898
ML-KEM-1024,encap,985,109185,5893
ML-KEM-1024,encap,986,109148,5890
ML-KEM-1024,encap,987,109130,5890
ML-KEM-1024,encap,988,109148,5892
ML-KEM-1024,encap,989,109185,5893
ML-KEM-1024,encap,990,109167,5892
ML-KEM-1024,encap,991,109111,5889
ML-KEM-1024,encap,992,109130,5891
ML-KEM-1024,encap,993,109167,5893
ML-KEM-1024,encap,994,109111,5889
ML-KEM-1024,encap,995,110963,5988
ML-KEM-1024,encap,996,109186,5892
ML-KEM-1024,encap,997,109259,5898
ML-KEM-1024,encap,998,109241,5896
ML-KEM-1024,encap,999,109037,5885
ML-KEM-1024,decap,0,165222,8918
ML-KEM-1024,decap,1,165519,8936
ML-KEM-1024,decap,2,165666,8943
ML-KEM-1024,decap,3,165389,8928
ML-KEM-1024,decap,4,165463,8932
ML-KEM-1024,decap,5,165445,8932
ML-KEM-1024,decap,6,165500,8934
ML-KEM-1024,decap,7,175148,9455
ML-KEM-1024,decap,8,165556,8936
ML-KEM-1024,decap,9,165445,8930
ML-KEM-1024,decap,10,165334,8924
ML-KEM-1024,decap,11,165463,8932
ML-KEM-1024,decap,12,165444,8931
ML-KEM-1024,decap,13,165408,8929
ML-KEM-1024,decap,14,165482,8932
ML-KEM-1024,decap,15,165370,8928
ML-KEM-1024,decap,16,165538,8935
ML-KEM-1024,decap,17,165445,8931
ML-KEM-1024,decap,18,165482,8933
ML-KEM-1024,decap,19,165389,8928
ML-KEM-1024,decap,20,165500,8934
ML-KEM-1024,decap,21,165445,8931
ML-KEM-1024,decap,22,165407,8930
ML-KEM-1024,decap,23,165333,8924
ML-KEM-1024,decap,24,165408,8929
ML-KEM-1024,decap,25,165426,8931
ML-KEM-1024,decap,26,165426,8930
ML-KEM-1024,decap,27,165463,8932
ML-KEM-1024,decap,28,165445,8931
ML-KEM-1024,decap,29,165518,8934
ML-KEM-1024,decap,30,165444,8931
ML-KEM-1024,decap,31,173833,9382
ML-KEM-1024,decap,32,165649,8942
ML-KEM-1024,decap,33,165500,8933
ML-KEM-1024,decap,34,165482,8932
ML-KEM-1024,decap,35,165481,8934
ML-KEM-1024,decap,36,165500,8933
ML-KEM-1024,decap,37,165389,8928
ML-KEM-1024,decap,38,165445,8931
ML-KEM-1024,decap,39,165463,8931
ML-KEM-1024,decap,40,165407,8929
ML-KEM-1024,decap,41,165555,8938
ML-KEM-1024,decap,42,165518,8935
ML-KEM-1024,decap,43,165518,8935
ML-KEM-1024,decap,44,165593,8938
ML-KEM-1024,decap,45,165463,8932
ML-KEM-1024,decap,46,165463,8932
ML-KEM-1024,decap,47,165352,8926
ML-KEM-1024,decap,48,165481,8933
ML-KEM-1024,decap,49,165537,8936
ML-KEM-1024,decap,50,165482,8934
ML-KEM-1024,decap,51,165482,8933
ML-KEM-1024,decap,52,165426,8930
ML-KEM-1024,decap,53,165407,8929
ML-KEM-1024,decap,54,173834,9384
ML-KEM-1024,decap,55,166334,8979
ML-KEM-1024,decap,56,165426,8930
ML-KEM-1024,decap,57,165389,8927
ML-KEM-1024,decap,58,165444,8930
ML-KEM-1024,decap,59,165407,8928
ML-KEM-1024,decap,60,165370,8926
ML-KEM-1024,decap,61,165426,8930
ML-KEM-1024,decap,62,165389,8928
ML-KEM-1024,decap,63,165389,8929
ML-KEM-1024,decap,64,165519,8935
ML-KEM-1024,decap,65,165426,8929
ML-KEM-1024,decap,66,165426,8931
ML-KEM-1024,decap,67,165481,8934
ML-KEM-1024,decap,68,165407,8928
ML-KEM-1024,decap,69,165537,8936
ML-KEM-1024,decap,70,165482,8934
ML-KEM-1024,decap,71,165426,8931
ML-KEM-1024,decap,72,165482,8933
ML-KEM-1024,decap,73,165445,8931
ML-KEM-1024,decap,74,165445,8930
ML-KEM-1024,decap,75,165574,8939
ML-KEM-1024,decap,76,165518,8936
ML-KEM-1024,decap,77,165370,8928
ML-KEM-1024,decap,78,174778,9434
ML-KEM-1024,decap,79,165685,8943
ML-KEM-1024,decap,80,165445,8932
ML-KEM-1024,decap,81,165481,8932
ML-KEM-1024,decap,82,165444,8932
ML-KEM-1024,decap,83,165408,8928
ML-KEM-1024,decap,84,165426,8929
ML-KEM-1024,decap,85,165426,8931
ML-KEM-1024,decap,86,165408,8930
ML-KEM-1024,decap,87,165482,8933
ML-KEM-1024,decap,88,165481,8934
ML-KEM-1024,decap,89,165426,8931
ML-KEM-1024,decap,90,165556,8937
ML-KEM-1024,decap,91,165482,8932
ML-KEM-1024,decap,92,165518,8935
ML-KEM-1024,decap,93,165574,8937
ML-KEM-1024,decap,94,165537,8935
ML-KEM-1024,decap,95,165519,8935
ML-KEM-1024,decap,96,165537,8936
ML-KEM-1024,decap,97,165444,8930
ML-KEM-1024,decap,98,165426,8930
ML-KEM-1024,decap,99,165519,8934
ML-KEM-1024,decap,100,165426,8930
ML-KEM-1024,decap,101,165518,8935
ML-KEM-1024,decap,102,175778,9487
ML-KEM-1024,decap,103,165852,8952
ML-KEM-1024,decap,104,165463,8932
ML-KEM-1024,decap,105,165500,8934
ML-KEM-1024,decap,106,165408,8929
ML-KEM-1024,decap,107,165426,8930
ML-KEM-1024,decap,108,165389,8928
ML-KEM-1024,decap,109,165352,8927
ML-KEM-1024,decap,110,165500,8934
ML-KEM-1024,decap,111,165482,8933
ML-KEM-1024,decap,112,165444,8931
ML-KEM-1024,decap,113,165482,8932
ML-KEM-1024,decap,114,165481,8933
ML-KEM-1024,decap,115,165389,8928
ML-KEM-1024,decap,116,165481,8932
ML-KEM-1024,decap,117,165518,8935
ML-KEM-1024,decap,118,165389,8929
ML-KEM-1024,decap,119,167352,9034
ML-KEM-1024,decap,120,165685,8944
ML-KEM-1024,decap,121,165685,8943
ML-KEM-1024,decap,122,165556,8937
ML-KEM-1024,decap,123,165518,8934
ML-KEM-1024,decap,124,165519,8936
ML-KEM-1024,decap,125,175074,9451
ML-KEM-1024,decap,126,165814,8951
ML-KEM-1024,decap,127,165500,8934
ML-KEM-1024,decap,128,165426,8930
ML-KEM-1024,decap,129,165463,8932
ML-KEM-1024,decap,130,165519,8934
ML-KEM-1024,decap,131,165463,8933
ML-KEM-1024,decap,132,165445,8931
ML-KEM-1024,decap,133,165463,8931
ML-KEM-1024,decap,134,165444,8931
ML-KEM-1024,decap,135,165519,8934
ML-KEM-1024,decap,136,165500,8935
ML-KEM-1024,decap,137,165482,8932
ML-KEM-1024,decap,138,165556,8936
ML-KEM-1024,decap,139,165426,8930
ML-KEM-1024,decap,140,165407,8930
ML-KEM-1024,decap,141,165407,8928
ML-KEM-1024,decap,142,165518,8935
ML-KEM-1024,decap,143,165463,8933
ML-KEM-1024,decap,144,165500,8934
ML-KEM-1024,decap,145,165426,8931
ML-KEM-1024,decap,146,165463,8933
ML-KEM-1024,decap,147,165407,8928
ML-KEM-1024,decap,148,165352,8926
ML-KEM-1024,decap,149,174611,9427
ML-KEM-1024,decap,150,165703,8944
ML-KEM-1024,decap,151,165426,8931
ML-KEM-1024,decap,152,165444,8930
ML-KEM-1024,decap,153,165445,8930
ML-KEM-1024,decap,154,165537,8937
ML-KEM-1024,decap,155,165518,8935
ML-KEM-1024,decap,156,165463,8933
ML-KEM-1024,decap,157,165463,8933
ML-KEM-1024,decap,158,165352,8926
ML-KEM-1024,decap,159,165426,8931
ML-KEM-1024,decap,160,165389,8927
ML-KEM-1024,decap,161,165463,8932
ML-KEM-1024,decap,162,165445,8930
ML-KEM-1024,decap,163,165462,8931
ML-KEM-1024,decap,164,165500,8933
ML-KEM-1024,decap,165,165371,8926
ML-KEM-1024,decap,166,165519,8934
ML-KEM-1024,decap,167,165445,8930
ML-KEM-1024,decap,168,165445,8931
ML-KEM-1024,decap,169,165519,8934
ML-KEM-1024,decap,170,165426,8931
ML-KEM-1024,decap,171,165445,8932
ML-KEM-1024,decap,172,165519,8934
ML-KEM-1024,decap,173,174648,9428
ML-KEM-1024,decap,174,165260,8920
ML-KEM-1024,decap,175,165407,8930
ML-KEM-1024,decap,176,165500,8934
ML-KEM-1024,decap,177,165537,8935
ML-KEM-1024,decap,178,165408,8928
ML-KEM-1024,decap,179,165463,8933
ML-KEM-1024,decap,180,165574,8938
ML-KEM-1024,decap,181,165500,8934
ML-KEM-1024,decap,182,165500,8934
ML-KEM-1024,decap,183,165444,8932
ML-KEM-1024,decap,184,165500,8934
ML-KEM-1024,decap,185,165518,8934
ML-KEM-1024,decap,186,165463,8933
ML-KEM-1024,decap,187,165481,8934
ML-KEM-1024,decap,188,165500,8934
ML-KEM-1024,decap,189,165537,8936
ML-KEM-1024,decap,190,165481,8934
ML-KEM-1024,decap,191,165518,8934
ML-KEM-1024,decap,192,165574,8939
ML-KEM-1024,decap,193,165334,8926
ML-KEM-1024,decap,194,165519,8936
ML-KEM-1024,decap,195,165500,8933
ML-KEM-1024,decap,196,165481,8934
ML-KEM-1024,decap,197,174574,9423
ML-KEM-1024,decap,198,165500,8933
ML-KEM-1024,decap,199,165426,8929
ML-KEM-1024,decap,200,165500,8934
ML-KEM-1024,decap,201,165389,8928
ML-KEM-1024,decap,202,165407,8930
ML-KEM-1024,decap,203,165426,8931
ML-KEM-1024,decap,204,165500,8934
ML-KEM-1024,decap,205,165482,8934
ML-KEM-1024,decap,206,165481,8933
ML-KEM-1024,decap,207,165445,8931
ML-KEM-1024,decap,208,165463,8932
ML-KEM-1024,decap,209,165463,8931
ML-KEM-1024,decap,210,165556,8937
ML-KEM-1024,decap,211,165593,8940
ML-KEM-1024,decap,212,165425,8930
ML-KEM-1024,decap,213,165445,8932
ML-KEM-1024,decap,214,165500,8934
ML-KEM-1024,decap,215,165537,8935
ML-KEM-1024,decap,216,165426,8930
ML-KEM-1024,decap,217,165463,8931
ML-KEM-1024,decap,218,165408,8930
ML-KEM-1024,decap,219,165370,8927
ML-KEM-1024,decap,220,174759,9434
ML-KEM-1024,decap,221,165759,8947
ML-KEM-1024,decap,222,165481,8934
ML-KEM-1024,decap,223,165482,8934
ML-KEM-1024,decap,224,165408,8929
ML-KEM-1024,decap,225,165389,8928
ML-KEM-1024,decap,226,165334,8926
ML-KEM-1024,decap,227,165463,8932
ML-KEM-1024,decap,228,165426,8931
ML-KEM-1024,decap,229,165463,8932
ML-KEM-1024,decap,230,165389,8928
ML-KEM-1024,decap,231,165574,8938
ML-KEM-1024,decap,232,165445,8931
ML-KEM-1024,decap,233,165500,8933
ML-KEM-1024,decap,234,165537,8937
ML-KEM-1024,decap,235,165482,8933
ML-KEM-1024,decap,236,165537,8936
ML-KEM-1024,decap,237,165592,8939
ML-KEM-1024,decap,238,165426,8930
ML-KEM-1024,decap,239,165482,8933
ML-KEM-1024,decap,240,167130,9022
ML-KEM-1024,decap,241,165704,8944
ML-KEM-1024,decap,242,165630,8941
ML-KEM-1024,decap,243,165481,8934
ML-KEM-1024,decap,244,175334,9464
ML-KEM-1024,decap,245,165704,8944
ML-KEM-1024,decap,246,165518,8935
ML-KEM-1024,decap,247,165371,8927
ML-KEM-1024,decap,248,165482,8933
ML-KEM-1024,decap,249,165500,8934
ML-KEM-1024,decap,250,165481,8933
ML-KEM-1024,decap,251,165389,8929
ML-KEM-1024,decap,252,165315,8925
ML-KEM-1024,decap,253,165260,8921
ML-KEM-1024,decap,254,165482,8933
ML-KEM-1024,decap,255,165240,8920
ML-KEM-1024,decap,256,165352,8927
ML-KEM-1024,decap,257,165278,8921
ML-KEM-1024,decap,258,165352,8926
ML-KEM-1024,decap,259,165296,8923
ML-KEM-1024,decap,260,165333,8924
ML-KEM-1024,decap,261,165371,8926
ML-KEM-1024,decap,262,165296,8923
ML-KEM-1024,decap,263,165481,8933
ML-KEM-1024,decap,264,165482,8934
ML-KEM-1024,decap,265,165407,8929
ML-KEM-1024,decap,266,165371,8927
ML-KEM-1024,decap,267,165556,8937
ML-KEM-1024,decap,268,174463,9417
ML-KEM-1024,decap,269,165407,8930
ML-KEM-1024,decap,270,165333,8925
ML-KEM-1024,decap,271,165611,8940
ML-KEM-1024,decap,272,165500,8934
ML-KEM-1024,decap,273,165445,8931
ML-KEM-1024,decap,274,165519,8934
ML-KEM-1024,decap,275,165482,8933
ML-KEM-1024,decap,276,165407,8930
ML-KEM-1024,decap,277,165519,8935
ML-KEM-1024,decap,278,165445,8930
ML-KEM-1024,decap,279,165481,8933
ML-KEM-1024,decap,280,165444,8931
ML-KEM-1024,decap,281,165389,8928
ML-KEM-1024,decap,282,165537,8936
ML-KEM-1024,decap,283,165537,8935
ML-KEM-1024,decap,284,165370,8927
ML-KEM-1024,decap,285,165426,8931
ML-KEM-1024,decap,286,165371,8927
ML-KEM-1024,decap,287,165500,8934
ML-KEM-1024,decap,288,165500,8933
ML-KEM-1024,decap,289,165555,8937
ML-KEM-1024,decap,290,165407,8929
ML-KEM-1024,decap,291,174667,9429
ML-KEM-1024,decap,292,165704,8944
ML-KEM-1024,decap,293,165426,8930
ML-KEM-1024,decap,294,165426,8929
ML-KEM-1024,decap,295,165370,8926
ML-KEM-1024,decap,296,165482,8932
ML-KEM-1024,decap,297,165537,8936
ML-KEM-1024,decap,298,165370,8928
ML-KEM-1024,decap,299,165500,8934
ML-KEM-1024,decap,300,165500,8934
ML-KEM-1024,decap,301,165463,8932
ML-KEM-1024,decap,302,165482,8933
ML-KEM-1024,decap,303,165556,8936
ML-KEM-1024,decap,304,165518,8934
ML-KEM-1024,decap,305,165482,8933
ML-KEM-1024,decap,306,165556,8937
ML-KEM-1024,decap,307,165426,8929
ML-KEM-1024,decap,308,165482,8934
ML-KEM-1024,decap,309,165482,8934
ML-KEM-1024,decap,310,165463,8933
ML-KEM-1024,decap,311,165445,8931
ML-KEM-1024,decap,312,165463,8933
ML-KEM-1024,decap,313,165407,8929
ML-KEM-1024,decap,314,165370,8927
ML-KEM-1024,decap,315,174500,9419
ML-KEM-1024,decap,316,165611,8939
ML-KEM-1024,decap,317,165555,8938
ML-KEM-1024,decap,318,165426,8930
ML-KEM-1024,decap,319,165518,8935
ML-KEM-1024,decap,320,165426,8930
ML-KEM-1024,decap,321,165444,8930
ML-KEM-1024,decap,322,165445,8930
ML-KEM-1024,decap,323,165482,8933
ML-KEM-1024,decap,324,165389,8929
ML-KEM-1024,decap,325,165481,8933
ML-KEM-1024,decap,326,165407,8929
ML-KEM-1024,decap,327,165463,8933
ML-KEM-1024,decap,328,165518,8934
ML-KEM-1024,decap,329,165463,8933
ML-KEM-1024,decap,330,165555,8937
ML-KEM-1024,decap,331,165574,8938
ML-KEM-1024,decap,332,165500,8933
ML-KEM-1024,decap,333,165630,8942
ML-KEM-1024,decap,334,165537,8936
ML-KEM-1024,decap,335,165519,8935
ML-KEM-1024,decap,336,165388,8928
ML-KEM-1024,decap,337,165426,8931
ML-KEM-1024,decap,338,165519,8934
ML-KEM-1024,decap,339,174518,9420
ML-KEM-1024,decap,340,165389,8927
ML-KEM-1024,decap,341,165259,8920
ML-KEM-1024,decap,342,165371,8927
ML-KEM-1024,decap,343,165426,8931
ML-KEM-1024,decap,344,165481,8933
ML-KEM-1024,decap,345,165519,8936
ML-KEM-1024,decap,346,165426,8930
ML-KEM-1024,decap,347,165463,8933
ML-KEM-1024,decap,348,165500,8935
ML-KEM-1024,decap,349,165500,8935
ML-KEM-1024,decap,350,165388,8927
ML-KEM-1024,decap,351,165481,8934
ML-KEM-1024,decap,352,165407,8928
ML-KEM-1024,decap,353,165463,8932
ML-KEM-1024,decap,354,165518,8934
ML-KEM-1024,decap,355,165352,8927
ML-KEM-1024,decap,356,165556,8937
ML-KEM-1024,decap,357,165555,8937
ML-KEM-1024,decap,358,165407,8929
ML-KEM-1024,decap,359,165444,8932
ML-KEM-1024,decap,360,167204,9025
ML-KEM-1024,decap,361,165685,8945
ML-KEM-1024,decap,362,175648,9482
ML-KEM-1024,decap,363,165963,8959
ML-KEM-1024,decap,364,165388,8928
ML-KEM-1024,decap,365,165500,8934
ML-KEM-1024,decap,366,165370,8927
ML-KEM-1024,decap,367,165574,8938
ML-KEM-1024,decap,368,165444,8931
ML-KEM-1024,decap,369,165481,8933
ML-KEM-1024,decap,370,165519,8935
ML-KEM-1024,decap,371,165537,8937
ML-KEM-1024,decap,372,165407,8929
ML-KEM-1024,decap,373,165500,8935
ML-KEM-1024,decap,374,165518,8935
ML-KEM-1024,decap,375,165407,8929
ML-KEM-1024,decap,376,165537,8936
ML-KEM-1024,decap,377,165519,8936
ML-KEM-1024,decap,378,165519,8934
ML-KEM-1024,decap,379,165444,8931
ML-KEM-1024,decap,380,165388,8928
ML-KEM-1024,decap,381,165556,8937
ML-KEM-1024,decap,382,165445,8931
ML-KEM-1024,decap,383,165481,8933
ML-KEM-1024,decap,384,165370,8927
ML-KEM-1024,decap,385,165500,8933
ML-KEM-1024,decap,386,174593,9424
ML-KEM-1024,decap,387,165685,8943
ML-KEM-1024,decap,388,165519,8935
ML-KEM-1024,decap,389,165426,8931
ML-KEM-1024,decap,390,165463,8932
ML-KEM-1024,decap,391,165555,8937
ML-KEM-1024,decap,392,165352,8926
ML-KEM-1024,decap,393,165482,8933
ML-KEM-1024,decap,394,165445,8931
ML-KEM-1024,decap,395,165463,8933
ML-KEM-1024,decap,396,165445,8931
ML-KEM-1024,decap,397,165500,8934
ML-KEM-1024,decap,398,165370,8927
ML-KEM-1024,decap,399,165481,8934
ML-KEM-1024,decap,400,165370,8927
ML-KEM-1024,decap,401,165482,8932
ML-KEM-1024,decap,402,165407,8928
ML-KEM-1024,decap,403,165444,8930
ML-KEM-1024,decap,404,165352,8927
ML-KEM-1024,decap,405,165482,8933
ML-KEM-1024,decap,406,165426,8930
ML-KEM-1024,decap,407,165445,8931
ML-KEM-1024,decap,408,165500,8934
ML-KEM-1024,decap,409,165445,8931
ML-KEM-1024,decap,410,174889,9441
ML-KEM-1024,decap,411,165351,8926
ML-KEM-1024,decap,412,165426,8930
ML-KEM-1024,decap,413,165574,8938
ML-KEM-1024,decap,414,165518,8935
ML-KEM-1024,decap,415,165426,8930
ML-KEM-1024,decap,416,165556,8937
ML-KEM-1024,decap,417,165444,8931
ML-KEM-1024,decap,418,165426,8929
ML-KEM-1024,decap,419,165481,8934
ML-KEM-1024,decap,420,165407,8929
ML-KEM-1024,decap,421,165463,8932
ML-KEM-1024,decap,422,165500,8933
ML-KEM-1024,decap,423,165426,8929
ML-KEM-1024,decap,424,165481,8933
ML-KEM-1024,decap,425,165518,8936
ML-KEM-1024,decap,426,165426,8930
ML-KEM-1024,decap,427,165648,8942
ML-KEM-1024,decap,428,165519,8935
ML-KEM-1024,decap,429,165445,8931
ML-KEM-1024,decap,430,165463,8932
ML-KEM-1024,decap,431,165574,8937
ML-KEM-1024,decap,432,165426,8929
ML-KEM-1024,decap,433,175648,9480
ML-KEM-1024,decap,434,165574,8937
ML-KEM-1024,decap,435,165408,8928
ML-KEM-1024,decap,436,165445,8932
ML-KEM-1024,decap,437,165500,8935
ML-KEM-1024,decap,438,165389,8927
ML-KEM-1024,decap,439,165463,8931
ML-KEM-1024,decap,440,165445,8932
ML-KEM-1024,decap,441,165407,8929
ML-KEM-1024,decap,442,165482,8934
ML-KEM-1024,decap,443,165444,8930
ML-KEM-1024,decap,444,165426,8930
ML-KEM-1024,decap,445,165463,8933
ML-KEM-1024,decap,446,165371,8928
ML-KEM-1024,decap,447,165426,8930
ML-KEM-1024,decap,448,165370,8927
ML-KEM-1024,decap,449,165426,8930
ML-KEM-1024,decap,450,165556,8937
ML-KEM-1024,decap,451,165519,8935
ML-KEM-1024,decap,452,165445,8931
ML-KEM-1024,decap,453,165500,8933
ML-KEM-1024,decap,454,165482,8934
ML-KEM-1024,decap,455,165445,8931
ML-KEM-1024,decap,456,165426,8931
ML-KEM-1024,decap,457,174519,9420
ML-KEM-1024,decap,458,165852,8952
ML-KEM-1024,decap,459,165500,8935
ML-KEM-1024,decap,460,165445,8931
ML-KEM-1024,decap,461,165370,8927
ML-KEM-1024,decap,462,165500,8934
ML-KEM-1024,decap,463,165482,8934
ML-KEM-1024,decap,464,165370,8927
ML-KEM-1024,decap,465,165463,8932
ML-KEM-1024,decap,466,165389,8928
ML-KEM-1024,decap,467,165500,8935
ML-KEM-1024,decap,468,165445,8932
ML-KEM-1024,decap,469,165500,8934
ML-KEM-1024,decap,470,165519,8936
ML-KEM-1024,decap,471,165518,8935
ML-KEM-1024,decap,472,165407,8929
ML-KEM-1024,decap,473,165463,8931
ML-KEM-1024,decap,474,165444,8931
ML-KEM-1024,decap,475,165556,8936
ML-KEM-1024,decap,476,165500,8933
ML-KEM-1024,decap,477,165482,8933
ML-KEM-1024,decap,478,165445,8931
ML-KEM-1024,decap,479,165482,8933
ML-KEM-1024,decap,480,167260,9028
ML-KEM-1024,decap,481,175407,9468
ML-KEM-1024,decap,482,165611,8940
ML-KEM-1024,decap,483,165519,8935
ML-KEM-1024,decap,484,165481,8933
ML-KEM-1024,decap,485,165500,8934
ML-KEM-1024,decap,486,165463,8933
ML-KEM-1024,decap,487,165407,8930
ML-KEM-1024,decap,488,165444,8932
ML-KEM-1024,decap,489,165389,8928
ML-KEM-1024,decap,490,165500,8933
ML-KEM-1024,decap,491,165463,8931
ML-KEM-1024,decap,492,165574,8937
ML-KEM-1024,decap,493,165445,8932
ML-KEM-1024,decap,494,165556,8936
ML-KEM-1024,decap,495,165482,8933
ML-KEM-1024,decap,496,165500,8934
ML-KEM-1024,decap,497,165426,8930
ML-KEM-1024,decap,498,165500,8934
ML-KEM-1024,decap,499,165481,8933
ML-KEM-1024,decap,500,165426,8930
ML-KEM-1024,decap,501,165574,8938
ML-KEM-1024,decap,502,165518,8936
ML-KEM-1024,decap,503,165482,8933
ML-KEM-1024,decap,504,174851,9438
ML-KEM-1024,decap,505,165593,8939
ML-KEM-1024,decap,506,165611,8940
ML-KEM-1024,decap,507,165500,8934
ML-KEM-1024,decap,508,165444,8931
ML-KEM-1024,decap,509,165500,8935
ML-KEM-1024,decap,510,165482,8933
ML-KEM-1024,decap,511,165426,8930
ML-KEM-1024,decap,512,165574,8937
ML-KEM-1024,decap,513,165463,8933
ML-KEM-1024,decap,514,165426,8929
ML-KEM-1024,decap,515,165444,8931
ML-KEM-1024,decap,516,165463,8932
ML-KEM-1024,decap,517,165407,8930
ML-KEM-1024,decap,518,165482,8934
ML-KEM-1024,decap,519,165444,8930
ML-KEM-1024,decap,520,165445,8932
ML-KEM-1024,decap,521,165371,8927
ML-KEM-1024,decap,522,165389,8927
ML-KEM-1024,decap,523,165445,8931
ML-KEM-1024,decap,524,165463,8931
ML-KEM-1024,decap,525,165481,8933
ML-KEM-1024,decap,526,165482,8933
ML-KEM-1024,decap,527,165500,8933
ML-KEM-1024,decap,528,174241,9405
ML-KEM-1024,decap,529,165759,8948
ML-KEM-1024,decap,530,165389,8929
ML-KEM-1024,decap,531,165463,8932
ML-KEM-1024,decap,532,165389,8927
ML-KEM-1024,decap,533,165407,8929
ML-KEM-1024,decap,534,165537,8937
ML-KEM-1024,decap,535,165500,8934
ML-KEM-1024,decap,536,165463,8933
ML-KEM-1024,decap,537,165574,8939
ML-KEM-1024,decap,538,165445,8931
ML-KEM-1024,decap,539,165444,8931
ML-KEM-1024,decap,540,165260,8922
ML-KEM-1024,decap,541,165371,8927
ML-KEM-1024,decap,542,165648,8942
ML-KEM-1024,decap,543,165426,8929
ML-KEM-1024,decap,544,165482,8933
ML-KEM-1024,decap,545,165519,8936
ML-KEM-1024,decap,546,165556,8936
ML-KEM-1024,decap,547,165463,8933
ML-KEM-1024,decap,548,165389,8927
ML-KEM-1024,decap,549,165518,8934
ML-KEM-1024,decap,550,165463,8932
ML-KEM-1024,decap,551,165426,8930
ML-KEM-1024,decap,552,174740,9432
ML-KEM-1024,decap,553,165445,8931
ML-KEM-1024,decap,554,165500,8934
ML-KEM-1024,decap,555,165481,8933
ML-KEM-1024,decap,556,165444,8932
ML-KEM-1024,decap,557,165463,8931
ML-KEM-1024,decap,558,165482,8934
ML-KEM-1024,decap,559,165500,8935
ML-KEM-1024,decap,560,165519,8935
ML-KEM-1024,decap,561,165518,8934
ML-KEM-1024,decap,562,165482,8933
ML-KEM-1024,decap,563,165611,8939
ML-KEM-1024,decap,564,165537,8936
ML-KEM-1024,decap,565,165407,8929
ML-KEM-1024,decap,566,165444,8930
ML-KEM-1024,decap,567,165408,8929
ML-KEM-1024,decap,568,165463,8933
ML-KEM-1024,decap,569,165463,8931
ML-KEM-1024,decap,570,165445,8932
ML-KEM-1024,decap,571,165426,8929
ML-KEM-1024,decap,572,165445,8930
ML-KEM-1024,decap,573,165481,8934
ML-KEM-1024,decap,574,165500,8934
ML-KEM-1024,decap,575,174537,9421
ML-KEM-1024,decap,576,166056,8964
ML-KEM-1024,decap,577,165556,8937
ML-KEM-1024,decap,578,165481,8934
ML-KEM-1024,decap,579,165500,8935
ML-KEM-1024,decap,580,165556,8936
ML-KEM-1024,decap,581,165481,8933
ML-KEM-1024,decap,582,165444,8932
ML-KEM-1024,decap,583,165519,8935
ML-KEM-1024,decap,584,165445,8931
ML-KEM-1024,decap,585,165518,8935
ML-KEM-1024,decap,586,165519,8934
ML-KEM-1024,decap,587,165500,8934
ML-KEM-1024,decap,588,165445,8931
ML-KEM-1024,decap,589,165481,8933
ML-KEM-1024,decap,590,165426,8930
ML-KEM-1024,decap,591,165519,8935
ML-KEM-1024,decap,592,165482,8934
ML-KEM-1024,decap,593,165463,8932
ML-KEM-1024,decap,594,165407,8929
ML-KEM-1024,decap,595,165389,8928
ML-KEM-1024,decap,596,165389,8927
ML-KEM-1024,decap,597,165352,8927
ML-KEM-1024,decap,598,165481,8934
ML-KEM-1024,decap,599,174352,9411
ML-KEM-1024,decap,600,165445,8931
ML-KEM-1024,decap,601,167351,9033
ML-KEM-1024,decap,602,165667,8943
ML-KEM-1024,decap,603,165444,8931
ML-KEM-1024,decap,604,165370,8928
ML-KEM-1024,decap,605,165389,8928
ML-KEM-1024,decap,606,165518,8935
ML-KEM-1024,decap,607,165371,8927
ML-KEM-1024,decap,608,165444,8930
ML-KEM-1024,decap,609,165481,8933
ML-KEM-1024,decap,610,165463,8933
ML-KEM-1024,decap,611,165389,8928
ML-KEM-1024,decap,612,165444,8932
ML-KEM-1024,decap,613,165426,8930
ML-KEM-1024,decap,614,165537,8935
ML-KEM-1024,decap,615,165463,8933
ML-KEM-1024,decap,616,165519,8934
ML-KEM-1024,decap,617,165500,8935
ML-KEM-1024,decap,618,165463,8932
ML-KEM-1024,decap,619,165482,8933
ML-KEM-1024,decap,620,165537,8935
ML-KEM-1024,decap,621,165537,8935
ML-KEM-1024,decap,622,165481,8932
ML-KEM-1024,decap,623,175593,9479
ML-KEM-1024,decap,624,165222,8920
ML-KEM-1024,decap,625,165296,8923
ML-KEM-1024,decap,626,165444,8931
ML-KEM-1024,decap,627,165388,8928
ML-KEM-1024,decap,628,165519,8936
ML-KEM-1024,decap,629,165389,8928
ML-KEM-1024,decap,630,165426,8931
ML-KEM-1024,decap,631,165463,8932
ML-KEM-1024,decap,632,165500,8934
ML-KEM-1024,decap,633,165426,8931
ML-KEM-1024,decap,634,165500,8934
ML-KEM-1024,decap,635,165518,8935
ML-KEM-1024,decap,636,165426,8930
ML-KEM-1024,decap,637,165556,8936
ML-KEM-1024,decap,638,165408,8930
ML-KEM-1024,decap,639,165445,8931
ML-KEM-1024,decap,640,165555,8938
ML-KEM-1024,decap,641,165574,8939
ML-KEM-1024,decap,642,165482,8933
ML-KEM-1024,decap,643,165388,8927
ML-KEM-1024,decap,644,165555,8938
ML-KEM-1024,decap,645,165481,8933
ML-KEM-1024,decap,646,174630,9427
ML-KEM-1024,decap,647,165722,8946
ML-KEM-1024,decap,648,165519,8934
ML-KEM-1024,decap,649,165574,8937
ML-KEM-1024,decap,650,165481,8933
ML-KEM-1024,decap,651,165445,8932
ML-KEM-1024,decap,652,165593,8939
ML-KEM-1024,decap,653,165408,8929
ML-KEM-1024,decap,654,165463,8932
ML-KEM-1024,decap,655,165463,8932
ML-KEM-1024,decap,656,165444,8930
ML-KEM-1024,decap,657,165482,8933
ML-KEM-1024,decap,658,165463,8933
ML-KEM-1024,decap,659,165445,8931
ML-KEM-1024,decap,660,165481,8932
ML-KEM-1024,decap,661,165444,8930
ML-KEM-1024,decap,662,165408,8930
ML-KEM-1024,decap,663,165463,8932
ML-KEM-1024,decap,664,165519,8934
ML-KEM-1024,decap,665,165426,8930
ML-KEM-1024,decap,666,165593,8939
ML-KEM-1024,decap,667,165575,8937
ML-KEM-1024,decap,668,165445,8932
ML-KEM-1024,decap,669,165444,8931
ML-KEM-1024,decap,670,174555,9422
ML-KEM-1024,decap,671,165704,8945
ML-KEM-1024,decap,672,165519,8936
ML-KEM-1024,decap,673,165407,8930
ML-KEM-1024,decap,674,165425,8930
ML-KEM-1024,decap,675,165352,8925
ML-KEM-1024,decap,676,165445,8932
ML-KEM-1024,decap,677,165426,8930
ML-KEM-1024,decap,678,165537,8936
ML-KEM-1024,decap,679,165444,8930
ML-KEM-1024,decap,680,165370,8927
ML-KEM-1024,decap,681,165519,8934
ML-KEM-1024,decap,682,165463,8932
ML-KEM-1024,decap,683,165482,8932
ML-KEM-1024,decap,684,165537,8936
ML-KEM-1024,decap,685,165500,8933
ML-KEM-1024,decap,686,165426,8931
ML-KEM-1024,decap,687,165537,8935
ML-KEM-1024,decap,688,165407,8929
ML-KEM-1024,decap,689,165537,8936
ML-KEM-1024,decap,690,165629,8940
ML-KEM-1024,decap,691,165482,8934
ML-KEM-1024,decap,692,165519,8934
ML-KEM-1024,decap,693,165518,8936
ML-KEM-1024,decap,694,174759,9434
ML-KEM-1024,decap,695,165537,8935
ML-KEM-1024,decap,696,165482,8934
ML-KEM-1024,decap,697,165371,8928
ML-KEM-1024,decap,698,165538,8936
ML-KEM-1024,decap,699,165426,8931
ML-KEM-1024,decap,700,165481,8934
ML-KEM-1024,decap,701,165556,8937
ML-KEM-1024,decap,702,165500,8934
ML-KEM-1024,decap,703,165370,8927
ML-KEM-1024,decap,704,165574,8938
ML-KEM-1024,decap,705,165555,8937
ML-KEM-1024,decap,706,165444,8932
ML-KEM-1024,decap,707,165445,8931
ML-KEM-1024,decap,708,165481,8934
ML-KEM-1024,decap,709,165351,8926
ML-KEM-1024,decap,710,165481,8933
ML-KEM-1024,decap,711,165445,8931
ML-KEM-1024,decap,712,165444,8931
ML-KEM-1024,decap,713,165500,8934
ML-KEM-1024,decap,714,165389,8928
ML-KEM-1024,decap,715,165500,8933
ML-KEM-1024,decap,716,165537,8935
ML-KEM-1024,decap,717,179704,9697
ML-KEM-1024,decap,718,165796,8949
ML-KEM-1024,decap,719,165203,8918
ML-KEM-1024,decap,720,165519,8934
ML-KEM-1024,decap,721,167241,9026
ML-KEM-1024,decap,722,165611,8940
ML-KEM-1024,decap,723,165481,8932
ML-KEM-1024,decap,724,165370,8928
ML-KEM-1024,decap,725,165555,8936
ML-KEM-1024,decap,726,165426,8930
ML-KEM-1024,decap,727,165444,8931
ML-KEM-1024,decap,728,165537,8935
ML-KEM-1024,decap,729,165408,8928
ML-KEM-1024,decap,730,165407,8930
ML-KEM-1024,decap,731,165518,8935
ML-KEM-1024,decap,732,165407,8930
ML-KEM-1024,decap,733,165481,8934
ML-KEM-1024,decap,734,165370,8926
ML-KEM-1024,decap,735,165426,8930
ML-KEM-1024,decap,736,165518,8935
ML-KEM-1024,decap,737,165500,8934
ML-KEM-1024,decap,738,165445,8932
ML-KEM-1024,decap,739,165481,8933
ML-KEM-1024,decap,740,165500,8934
ML-KEM-1024,decap,741,175555,9476
ML-KEM-1024,decap,742,165556,8936
ML-KEM-1024,decap,743,165519,8935
ML-KEM-1024,decap,744,165370,8927
ML-KEM-1024,decap,745,165537,8936
ML-KEM-1024,decap,746,165444,8932
ML-KEM-1024,decap,747,165389,8927
ML-KEM-1024,decap,748,165370,8927
ML-KEM-1024,decap,749,165463,8932
ML-KEM-1024,decap,750,165389,8927
ML-KEM-1024,decap,751,165408,8929
ML-KEM-1024,decap,752,165389,8928
ML-KEM-1024,decap,753,165426,8930
ML-KEM-1024,decap,754,165445,8931
ML-KEM-1024,decap,755,165408,8929
ML-KEM-1024,decap,756,165555,8937
ML-KEM-1024,decap,757,165519,8934
ML-KEM-1024,decap,758,165463,8933
ML-KEM-1024,decap,759,165463,8931
ML-KEM-1024,decap,760,165481,8933
ML-KEM-1024,decap,761,165334,8924
ML-KEM-1024,decap,762,165444,8930
ML-KEM-1024,decap,763,165407,8930
ML-KEM-1024,decap,764,165408,8930
ML-KEM-1024,decap,765,174574,9423
ML-KEM-1024,decap,766,165593,8940
ML-KEM-1024,decap,767,165389,8927
ML-KEM-1024,decap,768,165445,8931
ML-KEM-1024,decap,769,165481,8932
ML-KEM-1024,decap,770,165482,8932
ML-KEM-1024,decap,771,165445,8931
ML-KEM-1024,decap,772,165389,8927
ML-KEM-1024,decap,773,165537,8936
ML-KEM-1024,decap,774,165408,8929
ML-KEM-1024,decap,775,165518,8936
ML-KEM-1024,decap,776,165389,8929
ML-KEM-1024,decap,777,165537,8937
ML-KEM-1024,decap,778,165371,8928
ML-KEM-1024,decap,779,165574,8937
ML-KEM-1024,decap,780,165555,8937
ML-KEM-1024,decap,781,165444,8931
ML-KEM-1024,decap,782,165388,8929
ML-KEM-1024,decap,783,165463,8932
ML-KEM-1024,decap,784,165389,8928
ML-KEM-1024,decap,785,165445,8931
ML-KEM-1024,decap,786,165463,8933
ML-KEM-1024,decap,787,165426,8931
ML-KEM-1024,decap,788,174370,9413
ML-KEM-1024,decap,789,165759,8948
ML-KEM-1024,decap,790,165445,8931
ML-KEM-1024,decap,791,165426,8930
ML-KEM-1024,decap,792,165500,8934
ML-KEM-1024,decap,793,165481,8933
ML-KEM-1024,decap,794,165445,8931
ML-KEM-1024,decap,795,165407,8930
ML-KEM-1024,decap,796,165463,8931
ML-KEM-1024,decap,797,165426,8930
ML-KEM-1024,decap,798,165389,8928
ML-KEM-1024,decap,799,165463,8932
ML-KEM-1024,decap,800,165315,8924
ML-KEM-1024,decap,801,165519,8935
ML-KEM-1024,decap,802,165389,8928
ML-KEM-1024,decap,803,165388,8928
ML-KEM-1024,decap,804,165481,8933
ML-KEM-1024,decap,805,165519,8935
ML-KEM-1024,decap,806,165407,8929
ML-KEM-1024,decap,807,165445,8931
ML-KEM-1024,decap,808,165408,8928
ML-KEM-1024,decap,809,165482,8932
ML-KEM-1024,decap,810,165407,8928
ML-KEM-1024,decap,811,165388,8928
ML-KEM-1024,decap,812,174518,9420
ML-KEM-1024,decap,813,165592,8939
ML-KEM-1024,decap,814,165370,8928
ML-KEM-1024,decap,815,165537,8935
ML-KEM-1024,decap,816,165444,8931
ML-KEM-1024,decap,817,165463,8932
ML-KEM-1024,decap,818,165407,8929
ML-KEM-1024,decap,819,165389,8928
ML-KEM-1024,decap,820,165352,8926
ML-KEM-1024,decap,821,165575,8937
ML-KEM-1024,decap,822,165481,8933
ML-KEM-1024,decap,823,165463,8932
ML-KEM-1024,decap,824,165518,8934
ML-KEM-1024,decap,825,165389,8928
ML-KEM-1024,decap,826,165445,8931
ML-KEM-1024,decap,827,165537,8936
ML-KEM-1024,decap,828,165463,8932
ML-KEM-1024,decap,829,165482,8933
ML-KEM-1024,decap,830,165426,8931
ML-KEM-1024,decap,831,165370,8927
ML-KEM-1024,decap,832,165297,8923
ML-KEM-1024,decap,833,165481,8933
ML-KEM-1024,decap,834,165408,8929
ML-KEM-1024,decap,835,165611,8940
ML-KEM-1024,decap,836,174741,9432
ML-KEM-1024,decap,837,165407,8928
ML-KEM-1024,decap,838,165278,8922
ML-KEM-1024,decap,839,165518,8935
ML-KEM-1024,decap,840,165555,8936
ML-KEM-1024,decap,841,165519,8936
ML-KEM-1024,decap,842,167166,9024
ML-KEM-1024,decap,843,165593,8939
ML-KEM-1024,decap,844,165463,8933
ML-KEM-1024,decap,845,165426,8930
ML-KEM-1024,decap,846,165408,8929
ML-KEM-1024,decap,847,165593,8938
ML-KEM-1024,decap,848,165537,8936
ML-KEM-1024,decap,849,165352,8926
ML-KEM-1024,decap,850,165407,8928
ML-KEM-1024,decap,851,165500,8935
ML-KEM-1024,decap,852,165389,8929
ML-KEM-1024,decap,853,165481,8932
ML-KEM-1024,decap,854,165574,8938
ML-KEM-1024,decap,855,165518,8936
ML-KEM-1024,decap,856,165463,8931
ML-KEM-1024,decap,857,165370,8927
ML-KEM-1024,decap,858,165407,8928
ML-KEM-1024,decap,859,175297,9462
ML-KEM-1024,decap,860,165889,8955
ML-KEM-1024,decap,861,165370,8928
ML-KEM-1024,decap,862,165519,8935
ML-KEM-1024,decap,863,165408,8930
ML-KEM-1024,decap,864,165537,8936
ML-KEM-1024,decap,865,165537,8935
ML-KEM-1024,decap,866,165444,8931
ML-KEM-1024,decap,867,165482,8933
ML-KEM-1024,decap,868,165555,8937
ML-KEM-1024,decap,869,165426,8930
ML-KEM-1024,decap,870,165426,8931
ML-KEM-1024,decap,871,165444,8932
ML-KEM-1024,decap,872,165408,8929
ML-KEM-1024,decap,873,165500,8935
ML-KEM-1024,decap,874,165370,8928
ML-KEM-1024,decap,875,165407,8929
ML-KEM-1024,decap,876,165537,8937
ML-KEM-1024,decap,877,165537,8937
ML-KEM-1024,decap,878,165426,8929
ML-KEM-1024,decap,879,165426,8929
ML-KEM-1024,decap,880,165537,8935
ML-KEM-1024,decap,881,165407,8929
ML-KEM-1024,decap,882,165444,8932
ML-KEM-1024,decap,883,174740,9431
ML-KEM-1024,decap,884,165981,8959
ML-KEM-1024,decap,885,165537,8936
ML-KEM-1024,decap,886,165481,8932
ML-KEM-1024,decap,887,165500,8934
ML-KEM-1024,decap,888,165500,8933
ML-KEM-1024,decap,889,165370,8928
ML-KEM-1024,decap,890,165445,8930
ML-KEM-1024,decap,891,165407,8930
ML-KEM-1024,decap,892,165426,8929
ML-KEM-1024,decap,893,165445,8931
ML-KEM-1024,decap,894,165574,8938
ML-KEM-1024,decap,895,165426,8930
ML-KEM-1024,decap,896,165407,8929
ML-KEM-1024,decap,897,165500,8934
ML-KEM-1024,decap,898,165425,8931
ML-KEM-1024,decap,899,165426,8930
ML-KEM-1024,decap,900,165500,8935
ML-KEM-1024,decap,901,172167,9293
ML-KEM-1024,decap,902,165463,8932
ML-KEM-1024,decap,903,165407,8930
ML-KEM-1024,decap,904,165481,8932
ML-KEM-1024,decap,905,165445,8931
ML-KEM-1024,decap,906,165463,8933
ML-KEM-1024,decap,907,174593,9425
ML-KEM-1024,decap,908,165593,8939
ML-KEM-1024,decap,909,165592,8938
ML-KEM-1024,decap,910,165519,8935
ML-KEM-1024,decap,911,165407,8929
ML-KEM-1024,decap,912,165371,8926
ML-KEM-1024,decap,913,165537,8936
ML-KEM-1024,decap,914,165370,8926
ML-KEM-1024,decap,915,165481,8932
ML-KEM-1024,decap,916,165445,8930
ML-KEM-1024,decap,917,165407,8928
ML-KEM-1024,decap,918,165463,8932
ML-KEM-1024,decap,919,165425,8930
ML-KEM-1024,decap,920,165389,8927
ML-KEM-1024,decap,921,165426,8931
ML-KEM-1024,decap,922,165481,8933
ML-KEM-1024,decap,923,165500,8933
ML-KEM-1024,decap,924,165519,8936
ML-KEM-1024,decap,925,165519,8934
ML-KEM-1024,decap,926,165481,8934
ML-KEM-1024,decap,927,165463,8932
ML-KEM-1024,decap,928,165370,8928
ML-KEM-1024,decap,929,165518,8936
ML-KEM-1024,decap,930,174315,9408
ML-KEM-1024,decap,931,165648,8942
ML-KEM-1024,decap,932,165407,8929
ML-KEM-1024,decap,933,165370,8927
ML-KEM-1024,decap,934,165463,8932
ML-KEM-1024,decap,935,165408,8930
ML-KEM-1024,decap,936,165445,8932
ML-KEM-1024,decap,937,165444,8931
ML-KEM-1024,decap,938,165426,8931
ML-KEM-1024,decap,939,165444,8931
ML-KEM-1024,decap,940,165537,8937
ML-KEM-1024,decap,941,165555,8936
ML-KEM-1024,decap,942,165444,8931
ML-KEM-1024,decap,943,165463,8933
ML-KEM-1024,decap,944,165371,8927
ML-KEM-1024,decap,945,165518,8934
ML-KEM-1024,decap,946,165500,8933
ML-KEM-1024,decap,947,165537,8935
ML-KEM-1024,decap,948,165352,8925
ML-KEM-1024,decap,949,165463,8930
ML-KEM-1024,decap,950,165370,8928
ML-KEM-1024,decap,951,165389,8928
ML-KEM-1024,decap,952,165463,8931
ML-KEM-1024,decap,953,165315,8924
ML-KEM-1024,decap,954,174592,9424
ML-KEM-1024,decap,955,165649,8942
ML-KEM-1024,decap,956,165518,8934
ML-KEM-1024,decap,957,165388,8927
ML-KEM-1024,decap,958,165408,8930
ML-KEM-1024,decap,959,165537,8935
ML-KEM-1024,decap,960,165463,8931
ML-KEM-1024,decap,961,165444,8931
ML-KEM-1024,decap,962,167222,9026
ML-KEM-1024,decap,963,165592,8938
ML-KEM-1024,decap,964,165518,8935
ML-KEM-1024,decap,965,165500,8933
ML-KEM-1024,decap,966,165389,8929
ML-KEM-1024,decap,967,165574,8937
ML-KEM-1024,decap,968,165482,8933
ML-KEM-1024,decap,969,165482,8933
ML-KEM-1024,decap,970,165500,8935
ML-KEM-1024,decap,971,165445,8931
ML-KEM-1024,decap,972,165463,8932
ML-KEM-1024,decap,973,165426,8929
ML-KEM-1024,decap,974,165370,8926
ML-KEM-1024,decap,975,165463,8932
ML-KEM-1024,decap,976,165351,8927
ML-KEM-1024,decap,977,165389,8928
ML-KEM-1024,decap,978,175500,9474
ML-KEM-1024,decap,979,165500,8932
ML-KEM-1024,decap,980,165370,8926
ML-KEM-1024,decap,981,165482,8933
ML-KEM-1024,decap,982,165537,8936
ML-KEM-1024,decap,983,165593,8938
ML-KEM-1024,decap,984,165500,8933
ML-KEM-1024,decap,985,287981,15536
ML-KEM-1024,decap,986,166611,8993
ML-KEM-1024,decap,987,165667,8943
ML-KEM-1024,decap,988,165481,8934
ML-KEM-1024,decap,989,165408,8928
ML-KEM-1024,decap,990,165592,8938
ML-KEM-1024,decap,991,165388,8928
ML-KEM-1024,decap,992,165426,8930
ML-KEM-1024,decap,993,165482,8932
ML-KEM-1024,decap,994,165518,8934
ML-KEM-1024,decap,995,165481,8932
ML-KEM-1024,decap,996,165463,8932
ML-KEM-1024,decap,997,165407,8930
ML-KEM-1024,decap,998,165426,8930
ML-KEM-1024,decap,999,165426,8929
