algo,op,iter,wall_ns,cycles
ML-KEM-1024,keygen,0,310592,16763
ML-KEM-1024,keygen,1,225167,12153
ML-KEM-1024,keygen,2,222352,12001
ML-KEM-1024,keygen,3,220926,11923
ML-KEM-1024,keygen,4,220445,11898
ML-KEM-1024,keygen,5,219408,11842
ML-KEM-1024,keygen,6,220556,11904
ML-KEM-1024,keygen,7,260870,14078
ML-KEM-1024,keygen,8,221444,11950
ML-KEM-1024,keygen,9,220185,11884
ML-KEM-1024,keygen,10,221056,11930
ML-KEM-1024,keygen,11,220611,11905
ML-KEM-1024,keygen,12,219204,11831
ML-KEM-1024,keygen,13,219315,11835
ML-KEM-1024,keygen,14,219481,11846
ML-KEM-1024,keygen,15,223278,12051
ML-KEM-1024,keygen,16,219704,11857
ML-KEM-1024,keygen,17,220185,11884
ML-KEM-1024,keygen,18,219703,11857
ML-KEM-1024,keygen,19,221333,11944
ML-KEM-1024,keygen,20,219315,11836
ML-KEM-1024,keygen,21,221222,11939
ML-KEM-1024,keygen,22,220463,11899
ML-KEM-1024,keygen,23,220945,11924
ML-KEM-1024,keygen,24,219407,11841
ML-KEM-1024,keygen,25,235204,12693
ML-KEM-1024,keygen,26,222130,11988
ML-KEM-1024,keygen,27,221166,11937
ML-KEM-1024,keygen,28,219963,11872
ML-KEM-1024,keygen,29,219314,11837
ML-KEM-1024,keygen,30,219481,11845
ML-KEM-1024,keygen,31,219722,11859
ML-KEM-1024,keygen,32,220851,11920
ML-KEM-1024,keygen,33,219926,11870
ML-KEM-1024,keygen,34,219629,11852
ML-KEM-1024,keygen,35,219371,11838
ML-KEM-1024,keygen,36,219408,11841
ML-KEM-1024,keygen,37,220574,11905
ML-KEM-1024,keygen,38,220685,11910
ML-KEM-1024,keygen,39,219796,11862
ML-KEM-1024,keygen,40,218963,11818
ML-KEM-1024,keygen,41,219630,11854
ML-KEM-1024,keygen,42,219649,11854
ML-KEM-1024,keygen,43,237074,12795
ML-KEM-1024,keygen,44,222426,12005
ML-KEM-1024,keygen,45,220685,11910
ML-KEM-1024,keygen,46,220685,11910
ML-KEM-1024,keygen,47,219445,11843
ML-KEM-1024,keygen,48,220260,11887
ML-KEM-1024,keygen,49,221408,11949
ML-KEM-1024,keygen,50,221092,11932
ML-KEM-1024,keygen,51,221241,11941
ML-KEM-1024,keygen,52,220037,11876
ML-KEM-1024,keygen,53,220574,11904
ML-KEM-1024,keygen,54,220815,11917
ML-KEM-1024,keygen,55,221759,11968
ML-KEM-1024,keygen,56,219759,11860
ML-KEM-1024,keygen,57,220555,11903
ML-KEM-1024,keygen,58,219500,11846
ML-KEM-1024,keygen,59,219889,11868
ML-KEM-1024,keygen,60,233593,12607
ML-KEM-1024,keygen,61,223204,12047
ML-KEM-1024,keygen,62,220389,11893
ML-KEM-1024,keygen,63,220111,11879
ML-KEM-1024,keygen,64,220630,11908
ML-KEM-1024,keygen,65,220760,11915
ML-KEM-1024,keygen,66,219778,11862
ML-KEM-1024,keygen,67,221740,11966
ML-KEM-1024,keygen,68,220389,11895
ML-KEM-1024,keygen,69,219519,11847
ML-KEM-1024,keygen,70,222407,12004
ML-KEM-1024,keygen,71,219648,11854
ML-KEM-1024,keygen,72,220685,11910
ML-KEM-1024,keygen,73,219796,11863
ML-KEM-1024,keygen,74,220797,11916
ML-KEM-1024,keygen,75,220148,11881
ML-KEM-1024,keygen,76,219574,11851
ML-KEM-1024,keygen,77,219740,11859
ML-KEM-1024,keygen,78,231797,12509
ML-KEM-1024,keygen,79,220759,11915
ML-KEM-1024,keygen,80,219815,11863
ML-KEM-1024,keygen,81,219852,11865
ML-KEM-1024,keygen,82,221074,11932
ML-KEM-1024,keygen,83,220408,11896
ML-KEM-1024,keygen,84,220556,11904
ML-KEM-1024,keygen,85,219723,11858
ML-KEM-1024,keygen,86,221148,11934
ML-KEM-1024,keygen,87,219944,11870
ML-KEM-1024,keygen,88,219852,11866
ML-KEM-1024,keygen,89,221833,11971
ML-KEM-1024,keygen,90,219815,11864
ML-KEM-1024,keygen,91,220111,11880
ML-KEM-1024,keygen,92,221223,11939
ML-KEM-1024,keygen,93,220277,11889
ML-KEM-1024,keygen,94,222630,12016
ML-KEM-1024,keygen,95,219629,11853
ML-KEM-1024,keygen,96,232074,12524
ML-KEM-1024,keygen,97,219926,11868
ML-KEM-1024,keygen,98,219981,11872
ML-KEM-1024,keygen,99,220241,11887
ML-KEM-1024,keygen,100,220945,11924
ML-KEM-1024,keygen,101,220148,11882
ML-KEM-1024,keygen,102,221037,11930
ML-KEM-1024,keygen,103,219926,11869
ML-KEM-1024,keygen,104,219704,11857
ML-KEM-1024,keygen,105,220333,11891
ML-KEM-1024,keygen,106,220130,11881
ML-KEM-1024,keygen,107,220500,11900
ML-KEM-1024,keygen,108,220630,11908
ML-KEM-1024,keygen,109,220074,11877
ML-KEM-1024,keygen,110,220537,11902
ML-KEM-1024,keygen,111,220667,11910
ML-KEM-1024,keygen,112,219685,11857
ML-KEM-1024,keygen,113,222019,11983
ML-KEM-1024,keygen,114,299426,16156
ML-KEM-1024,keygen,115,221204,11939
ML-KEM-1024,keygen,116,220463,11898
ML-KEM-1024,keygen,117,223130,12043
ML-KEM-1024,keygen,118,219963,11871
ML-KEM-1024,keygen,119,220019,11875
ML-KEM-1024,keygen,120,220926,11923
ML-KEM-1024,keygen,121,220518,11901
ML-KEM-1024,keygen,122,219296,11835
ML-KEM-1024,keygen,123,218445,11790
ML-KEM-1024,keygen,124,220777,11915
ML-KEM-1024,keygen,125,221037,11928
ML-KEM-1024,keygen,126,219686,11857
ML-KEM-1024,keygen,127,218703,11803
ML-KEM-1024,keygen,128,220000,11874
ML-KEM-1024,keygen,129,219500,11846
ML-KEM-1024,keygen,130,218907,11813
ML-KEM-1024,keygen,131,233759,12615
ML-KEM-1024,keygen,132,221463,11953
ML-KEM-1024,keygen,133,221297,11943
ML-KEM-1024,keygen,134,220852,11920
ML-KEM-1024,keygen,135,220130,11881
ML-KEM-1024,keygen,136,219277,11835
ML-KEM-1024,keygen,137,220018,11874
ML-KEM-1024,keygen,138,220704,11911
ML-KEM-1024,keygen,139,219796,11863
ML-KEM-1024,keygen,140,221611,11961
ML-KEM-1024,keygen,141,219926,11870
ML-KEM-1024,keygen,142,220167,11882
ML-KEM-1024,keygen,143,220278,11889
ML-KEM-1024,keygen,144,219037,11821
ML-KEM-1024,keygen,145,219796,11861
ML-KEM-1024,keygen,146,220833,11919
ML-KEM-1024,keygen,147,219777,11862
ML-KEM-1024,keygen,148,222167,11990
ML-KEM-1024,keygen,149,230204,12424
ML-KEM-1024,keygen,150,221204,11938
ML-KEM-1024,keygen,151,220240,11886
ML-KEM-1024,keygen,152,222296,11998
ML-KEM-1024,keygen,153,220166,11882
ML-KEM-1024,keygen,154,221204,11939
ML-KEM-1024,keygen,155,219444,11843
ML-KEM-1024,keygen,156,220426,11897
ML-KEM-1024,keygen,157,220315,11891
ML-KEM-1024,keygen,158,219778,11861
ML-KEM-1024,keygen,159,219592,11852
ML-KEM-1024,keygen,160,219463,11845
ML-KEM-1024,keygen,161,219629,11853
ML-KEM-1024,keygen,162,222129,11988
ML-KEM-1024,keygen,163,220852,11920
ML-KEM-1024,keygen,164,221370,11946
ML-KEM-1024,keygen,165,220908,11923
ML-KEM-1024,keygen,166,230018,12414
ML-KEM-1024,keygen,167,220519,11902
ML-KEM-1024,keygen,168,220241,11886
ML-KEM-1024,keygen,169,220945,11924
ML-KEM-1024,keygen,170,220981,11927
ML-KEM-1024,keygen,171,220018,11874
ML-KEM-1024,keygen,172,220648,11908
ML-KEM-1024,keygen,173,220685,11910
ML-KEM-1024,keygen,174,220537,11903
ML-KEM-1024,keygen,175,219648,11855
ML-KEM-1024,keygen,176,220760,11914
ML-KEM-1024,keygen,177,219629,11853
ML-KEM-1024,keygen,178,220370,11892
ML-KEM-1024,keygen,179,219222,11831
ML-KEM-1024,keygen,180,220240,11886
ML-KEM-1024,keygen,181,220371,11893
ML-KEM-1024,keygen,182,220704,11912
ML-KEM-1024,keygen,183,219814,11864
ML-KEM-1024,keygen,184,230000,12413
ML-KEM-1024,keygen,185,220611,11907
ML-KEM-1024,keygen,186,218778,11808
ML-KEM-1024,keygen,187,219666,11856
ML-KEM-1024,keygen,188,220463,11899
ML-KEM-1024,keygen,189,219222,11832
ML-KEM-1024,keygen,190,219740,11859
ML-KEM-1024,keygen,191,221556,11958
ML-KEM-1024,keygen,192,220907,11922
ML-KEM-1024,keygen,193,219093,11825
ML-KEM-1024,keygen,194,220000,11874
ML-KEM-1024,keygen,195,219482,11846
ML-KEM-1024,keygen,196,219870,11865
ML-KEM-1024,keygen,197,220352,11893
ML-KEM-1024,keygen,198,219981,11872
ML-KEM-1024,keygen,199,220500,11900
ML-KEM-1024,keygen,200,224370,12109
ML-KEM-1024,keygen,201,219889,11868
ML-KEM-1024,keygen,202,229889,12406
ML-KEM-1024,keygen,203,221074,11932
ML-KEM-1024,keygen,204,219796,11862
ML-KEM-1024,keygen,205,219611,11852
ML-KEM-1024,keygen,206,221723,11967
ML-KEM-1024,keygen,207,223592,12067
ML-KEM-1024,keygen,208,219444,11844
ML-KEM-1024,keygen,209,219648,11855
ML-KEM-1024,keygen,210,220241,11886
ML-KEM-1024,keygen,211,222315,11998
ML-KEM-1024,keygen,212,219797,11863
ML-KEM-1024,keygen,213,219019,11821
ML-KEM-1024,keygen,214,220815,11918
ML-KEM-1024,keygen,215,221408,11950
ML-KEM-1024,keygen,216,219926,11870
ML-KEM-1024,keygen,217,221185,11938
ML-KEM-1024,keygen,218,219500,11847
ML-KEM-1024,keygen,219,220537,11902
ML-KEM-1024,keygen,220,232074,12525
ML-KEM-1024,keygen,221,224037,12091
ML-KEM-1024,keygen,222,219778,11861
ML-KEM-1024,keygen,223,220592,11906
ML-KEM-1024,keygen,224,220167,11882
ML-KEM-1024,keygen,225,220518,11900
ML-KEM-1024,keygen,226,221740,11968
ML-KEM-1024,keygen,227,220444,11897
ML-KEM-1024,keygen,228,220797,11917
ML-KEM-1024,keygen,229,220333,11890
ML-KEM-1024,keygen,230,223555,12066
ML-KEM-1024,keygen,231,220796,11917
ML-KEM-1024,keygen,232,219593,11851
ML-KEM-1024,keygen,233,219962,11871
ML-KEM-1024,keygen,234,219685,11856
ML-KEM-1024,keygen,235,220130,11880
ML-KEM-1024,keygen,236,221074,11931
ML-KEM-1024,keygen,237,231019,12467
ML-KEM-1024,keygen,238,222000,11980
ML-KEM-1024,keygen,239,219204,11831
ML-KEM-1024,keygen,240,219092,11824
ML-KEM-1024,keygen,241,219852,11865
ML-KEM-1024,keygen,242,219592,11852
ML-KEM-1024,keygen,243,218630,11800
ML-KEM-1024,keygen,244,219278,11835
ML-KEM-1024,keygen,245,220444,11898
ML-KEM-1024,keygen,246,219425,11842
ML-KEM-1024,keygen,247,218815,11809
ML-KEM-1024,keygen,248,220111,11878
ML-KEM-1024,keygen,249,220000,11872
ML-KEM-1024,keygen,250,220352,11891
ML-KEM-1024,keygen,251,220351,11893
ML-KEM-1024,keygen,252,220463,11899
ML-KEM-1024,keygen,253,219908,11868
ML-KEM-1024,keygen,254,219519,11848
ML-KEM-1024,keygen,255,231871,12514
ML-KEM-1024,keygen,256,222612,12013
ML-KEM-1024,keygen,257,220259,11887
ML-KEM-1024,keygen,258,219908,11868
ML-KEM-1024,keygen,259,222852,12028
ML-KEM-1024,keygen,260,221055,11931
ML-KEM-1024,keygen,261,218703,11803
ML-KEM-1024,keygen,262,221481,11953
ML-KEM-1024,keygen,263,220278,11889
ML-KEM-1024,keygen,264,220796,11916
ML-KEM-1024,keygen,265,219870,11866
ML-KEM-1024,keygen,266,220686,11910
ML-KEM-1024,keygen,267,218537,11794
ML-KEM-1024,keygen,268,221130,11934
ML-KEM-1024,keygen,269,220130,11880
ML-KEM-1024,keygen,270,220593,11905
ML-KEM-1024,keygen,271,219129,11827
ML-KEM-1024,keygen,272,220204,11884
ML-KEM-1024,keygen,273,231815,12510
ML-KEM-1024,keygen,274,220611,11905
ML-KEM-1024,keygen,275,221241,11940
ML-KEM-1024,keygen,276,222648,12016
ML-KEM-1024,keygen,277,221611,11959
ML-KEM-1024,keygen,278,219852,11866
ML-KEM-1024,keygen,279,219833,11864
ML-KEM-1024,keygen,280,219241,11832
ML-KEM-1024,keygen,281,220462,11898
ML-KEM-1024,keygen,282,219945,11871
ML-KEM-1024,keygen,283,219926,11869
ML-KEM-1024,keygen,284,219130,11826
ML-KEM-1024,keygen,285,219518,11846
ML-KEM-1024,keygen,286,219963,11871
ML-KEM-1024,keygen,287,219056,11821
ML-KEM-1024,keygen,288,219630,11854
ML-KEM-1024,keygen,289,221111,11934
ML-KEM-1024,keygen,290,223519,12064
ML-KEM-1024,keygen,291,231111,12471
ML-KEM-1024,keygen,292,220889,11921
ML-KEM-1024,keygen,293,219574,11851
ML-KEM-1024,keygen,294,220352,11892
ML-KEM-1024,keygen,295,219926,11870
ML-KEM-1024,keygen,296,219981,11872
ML-KEM-1024,keygen,297,219963,11871
ML-KEM-1024,keygen,298,221149,11936
ML-KEM-1024,keygen,299,220000,11873
ML-KEM-1024,keygen,300,219777,11861
ML-KEM-1024,keygen,301,219222,11831
ML-KEM-1024,keygen,302,219962,11871
ML-KEM-1024,keygen,303,222093,11986
ML-KEM-1024,keygen,304,219259,11834
ML-KEM-1024,keygen,305,220055,11875
ML-KEM-1024,keygen,306,219167,11828
ML-KEM-1024,keygen,307,223055,12039
ML-KEM-1024,keygen,308,220833,11918
ML-KEM-1024,keygen,309,230204,12423
ML-KEM-1024,keygen,310,222667,12016
ML-KEM-1024,keygen,311,222555,12012
ML-KEM-1024,keygen,312,220278,11888
ML-KEM-1024,keygen,313,218722,11804
ML-KEM-1024,keygen,314,219889,11867
ML-KEM-1024,keygen,315,223629,12070
ML-KEM-1024,keygen,316,219667,11854
ML-KEM-1024,keygen,317,219888,11867
ML-KEM-1024,keygen,318,218889,11813
ML-KEM-1024,keygen,319,221259,11941
ML-KEM-1024,keygen,320,220204,11883
ML-KEM-1024,keygen,321,219482,11845
ML-KEM-1024,keygen,322,219611,11853
ML-KEM-1024,keygen,323,221222,11939
ML-KEM-1024,keygen,324,219111,11825
ML-KEM-1024,keygen,325,220852,11919
ML-KEM-1024,keygen,326,230426,12435
ML-KEM-1024,keygen,327,220870,11921
ML-KEM-1024,keygen,328,221074,11932
ML-KEM-1024,keygen,329,219240,11832
ML-KEM-1024,keygen,330,220167,11883
ML-KEM-1024,keygen,331,219648,11855
ML-KEM-1024,keygen,332,221463,11953
ML-KEM-1024,keygen,333,221055,11930
ML-KEM-1024,keygen,334,219834,11864
ML-KEM-1024,keygen,335,220500,11900
ML-KEM-1024,keygen,336,219519,11848
ML-KEM-1024,keygen,337,218963,11817
ML-KEM-1024,keygen,338,220315,11891
ML-KEM-1024,keygen,339,219630,11853
ML-KEM-1024,keygen,340,221056,11931
ML-KEM-1024,keygen,341,220777,11914
ML-KEM-1024,keygen,342,221592,11959
ML-KEM-1024,keygen,343,218833,11810
ML-KEM-1024,keygen,344,233037,12576
ML-KEM-1024,keygen,345,220037,11875
ML-KEM-1024,keygen,346,219815,11863
ML-KEM-1024,keygen,347,219574,11851
ML-KEM-1024,keygen,348,219519,11848
ML-KEM-1024,keygen,349,220648,11908
ML-KEM-1024,keygen,350,220241,11886
ML-KEM-1024,keygen,351,221111,11934
ML-KEM-1024,keygen,352,220759,11913
ML-KEM-1024,keygen,353,218629,11799
ML-KEM-1024,keygen,354,221648,11962
ML-KEM-1024,keygen,355,220240,11886
ML-KEM-1024,keygen,356,222167,11991
ML-KEM-1024,keygen,357,219648,11854
ML-KEM-1024,keygen,358,219167,11828
ML-KEM-1024,keygen,359,218833,11811
ML-KEM-1024,keygen,360,218945,11815
ML-KEM-1024,keygen,361,220593,11905
ML-KEM-1024,keygen,362,232722,12559
ML-KEM-1024,keygen,363,220037,11876
ML-KEM-1024,keygen,364,220611,11907
ML-KEM-1024,keygen,365,220685,11911
ML-KEM-1024,keygen,366,218574,11796
ML-KEM-1024,keygen,367,219296,11835
ML-KEM-1024,keygen,368,219722,11858
ML-KEM-1024,keygen,369,220500,11901
ML-KEM-1024,keygen,370,220667,11910
ML-KEM-1024,keygen,371,220444,11897
ML-KEM-1024,keygen,372,220834,11919
ML-KEM-1024,keygen,373,222241,11993
ML-KEM-1024,keygen,374,219130,11826
ML-KEM-1024,keygen,375,219518,11848
ML-KEM-1024,keygen,376,219296,11836
ML-KEM-1024,keygen,377,219241,11832
ML-KEM-1024,keygen,378,219907,11869
ML-KEM-1024,keygen,379,220296,11888
ML-KEM-1024,keygen,380,231407,12488
ML-KEM-1024,keygen,381,220796,11917
ML-KEM-1024,keygen,382,221167,11936
ML-KEM-1024,keygen,383,221148,11935
ML-KEM-1024,keygen,384,220982,11926
ML-KEM-1024,keygen,385,221167,11936
ML-KEM-1024,keygen,386,220908,11923
ML-KEM-1024,keygen,387,223704,12073
ML-KEM-1024,keygen,388,221889,11976
ML-KEM-1024,keygen,389,220815,11916
ML-KEM-1024,keygen,390,218759,11807
ML-KEM-1024,keygen,391,221870,11975
ML-KEM-1024,keygen,392,220296,11890
ML-KEM-1024,keygen,393,220315,11890
ML-KEM-1024,keygen,394,220185,11883
ML-KEM-1024,keygen,395,219444,11844
ML-KEM-1024,keygen,396,219537,11849
ML-KEM-1024,keygen,397,230833,12458
ML-KEM-1024,keygen,398,221296,11944
ML-KEM-1024,keygen,399,220000,11873
ML-KEM-1024,keygen,400,220648,11909
ML-KEM-1024,keygen,401,219833,11864
ML-KEM-1024,keygen,402,220352,11893
ML-KEM-1024,keygen,403,219537,11848
ML-KEM-1024,keygen,404,219185,11830
ML-KEM-1024,keygen,405,219204,11831
ML-KEM-1024,keygen,406,221240,11940
ML-KEM-1024,keygen,407,219889,11868
ML-KEM-1024,keygen,408,220074,11877
ML-KEM-1024,keygen,409,219463,11845
ML-KEM-1024,keygen,410,220148,11881
ML-KEM-1024,keygen,411,222556,12010
ML-KEM-1024,keygen,412,220351,11893
ML-KEM-1024,keygen,413,220352,11892
ML-KEM-1024,keygen,414,219333,11837
ML-KEM-1024,keygen,415,238556,12874
ML-KEM-1024,keygen,416,221037,11928
ML-KEM-1024,keygen,417,220740,11915
ML-KEM-1024,keygen,418,220296,11889
ML-KEM-1024,keygen,419,222185,11991
ML-KEM-1024,keygen,420,219333,11838
ML-KEM-1024,keygen,421,221056,11930
ML-KEM-1024,keygen,422,220500,11901
ML-KEM-1024,keygen,423,221204,11939
ML-KEM-1024,keygen,424,219648,11854
ML-KEM-1024,keygen,425,219963,11872
ML-KEM-1024,keygen,426,219778,11861
ML-KEM-1024,keygen,427,220814,11917
ML-KEM-1024,keygen,428,219723,11858
ML-KEM-1024,keygen,429,219185,11829
ML-KEM-1024,keygen,430,219908,11869
ML-KEM-1024,keygen,431,220740,11913
ML-KEM-1024,keygen,432,219796,11861
ML-KEM-1024,keygen,433,231426,12489
ML-KEM-1024,keygen,434,221241,11939
ML-KEM-1024,keygen,435,221944,11979
ML-KEM-1024,keygen,436,221130,11934
ML-KEM-1024,keygen,437,221888,11975
ML-KEM-1024,keygen,438,220167,11881
ML-KEM-1024,keygen,439,221777,11970
ML-KEM-1024,keygen,440,221611,11960
ML-KEM-1024,keygen,441,220315,11891
ML-KEM-1024,keygen,442,220481,11900
ML-KEM-1024,keygen,443,219315,11836
ML-KEM-1024,keygen,444,220149,11882
ML-KEM-1024,keygen,445,219593,11852
ML-KEM-1024,keygen,446,220278,11888
ML-KEM-1024,keygen,447,219500,11846
ML-KEM-1024,keygen,448,218981,11818
ML-KEM-1024,keygen,449,219482,11846
ML-KEM-1024,keygen,450,223223,12047
ML-KEM-1024,keygen,451,231537,12495
ML-KEM-1024,keygen,452,220445,11897
ML-KEM-1024,keygen,453,220556,11902
ML-KEM-1024,keygen,454,219111,11825
ML-KEM-1024,keygen,455,219797,11862
ML-KEM-1024,keygen,456,222815,12026
ML-KEM-1024,keygen,457,218759,11806
ML-KEM-1024,keygen,458,223963,12088
ML-KEM-1024,keygen,459,221556,11958
ML-KEM-1024,keygen,460,220018,11875
ML-KEM-1024,keygen,461,220185,11883
ML-KEM-1024,keygen,462,223019,12036
ML-KEM-1024,keygen,463,219648,11854
ML-KEM-1024,keygen,464,219629,11853
ML-KEM-1024,keygen,465,219074,11824
ML-KEM-1024,keygen,466,221296,11944
ML-KEM-1024,keygen,467,220796,11917
ML-KEM-1024,keygen,468,230926,12463
ML-KEM-1024,keygen,469,221130,11935
ML-KEM-1024,keygen,470,219944,11869
ML-KEM-1024,keygen,471,219407,11842
ML-KEM-1024,keygen,472,220370,11893
ML-KEM-1024,keygen,473,219945,11870
ML-KEM-1024,keygen,474,219574,11850
ML-KEM-1024,keygen,475,220018,11874
ML-KEM-1024,keygen,476,220574,11904
ML-KEM-1024,keygen,477,224167,12099
ML-KEM-1024,keygen,478,222296,11997
ML-KEM-1024,keygen,479,220166,11883
ML-KEM-1024,keygen,480,220296,11889
ML-KEM-1024,keygen,481,219944,11870
ML-KEM-1024,keygen,482,221056,11929
ML-KEM-1024,keygen,483,221760,11968
ML-KEM-1024,keygen,484,220203,11884
ML-KEM-1024,keygen,485,220371,11893
ML-KEM-1024,keygen,486,230185,12422
ML-KEM-1024,keygen,487,221277,11942
ML-KEM-1024,keygen,488,221500,11954
ML-KEM-1024,keygen,489,221241,11940
ML-KEM-1024,keygen,490,222148,11990
ML-KEM-1024,keygen,491,217963,11764
ML-KEM-1024,keygen,492,220945,11925
ML-KEM-1024,keygen,493,219945,11870
ML-KEM-1024,keygen,494,220815,11917
ML-KEM-1024,keygen,495,222259,11994
ML-KEM-1024,keygen,496,220111,11879
ML-KEM-1024,keygen,497,219037,11822
ML-KEM-1024,keygen,498,219389,11840
ML-KEM-1024,keygen,499,219666,11855
ML-KEM-1024,keygen,500,220019,11874
ML-KEM-1024,keygen,501,220574,11904
ML-KEM-1024,keygen,502,220796,11916
ML-KEM-1024,keygen,503,219889,11868
ML-KEM-1024,keygen,504,231889,12514
ML-KEM-1024,keygen,505,221167,11936
ML-KEM-1024,keygen,506,220092,11878
ML-KEM-1024,keygen,507,219426,11842
ML-KEM-1024,keygen,508,220296,11890
ML-KEM-1024,keygen,509,220037,11876
ML-KEM-1024,keygen,510,219777,11862
ML-KEM-1024,keygen,511,220278,11888
ML-KEM-1024,keygen,512,219426,11842
ML-KEM-1024,keygen,513,219907,11868
ML-KEM-1024,keygen,514,218833,11811
ML-KEM-1024,keygen,515,219148,11828
ML-KEM-1024,keygen,516,219204,11830
ML-KEM-1024,keygen,517,220870,11921
ML-KEM-1024,keygen,518,219296,11836
ML-KEM-1024,keygen,519,220444,11897
ML-KEM-1024,keygen,520,220204,11885
ML-KEM-1024,keygen,521,219649,11855
ML-KEM-1024,keygen,522,230518,12440
ML-KEM-1024,keygen,523,220648,11909
ML-KEM-1024,keygen,524,220481,11900
ML-KEM-1024,keygen,525,222741,12021
ML-KEM-1024,keygen,526,221111,11933
ML-KEM-1024,keygen,527,220167,11883
ML-KEM-1024,keygen,528,221759,11969
ML-KEM-1024,keygen,529,220815,11918
ML-KEM-1024,keygen,530,220945,11923
ML-KEM-1024,keygen,531,219759,11859
ML-KEM-1024,keygen,532,220278,11888
ML-KEM-1024,keygen,533,218630,11800
ML-KEM-1024,keygen,534,220000,11872
ML-KEM-1024,keygen,535,220834,11919
ML-KEM-1024,keygen,536,220204,11884
ML-KEM-1024,keygen,537,219019,11820
ML-KEM-1024,keygen,538,220018,11875
ML-KEM-1024,keygen,539,231574,12497
ML-KEM-1024,keygen,540,221315,11944
ML-KEM-1024,keygen,541,221167,11936
ML-KEM-1024,keygen,542,220852,11919
ML-KEM-1024,keygen,543,220148,11882
ML-KEM-1024,keygen,544,219426,11843
ML-KEM-1024,keygen,545,220389,11893
ML-KEM-1024,keygen,546,219704,11858
ML-KEM-1024,keygen,547,220186,11883
ML-KEM-1024,keygen,548,220277,11889
ML-KEM-1024,keygen,549,220778,11916
ML-KEM-1024,keygen,550,220000,11873
ML-KEM-1024,keygen,551,218945,11816
ML-KEM-1024,keygen,552,220074,11877
ML-KEM-1024,keygen,553,221203,11938
ML-KEM-1024,keygen,554,218963,11817
ML-KEM-1024,keygen,555,221130,11935
ML-KEM-1024,keygen,556,219889,11868
ML-KEM-1024,keygen,557,229760,12400
ML-KEM-1024,keygen,558,221555,11957
ML-KEM-1024,keygen,559,221092,11932
ML-KEM-1024,keygen,560,219704,11857
ML-KEM-1024,keygen,561,221000,11927
ML-KEM-1024,keygen,562,220129,11880
ML-KEM-1024,keygen,563,220315,11890
ML-KEM-1024,keygen,564,220388,11894
ML-KEM-1024,keygen,565,220704,11910
ML-KEM-1024,keygen,566,219889,11867
ML-KEM-1024,keygen,567,220037,11875
ML-KEM-1024,keygen,568,220055,11877
ML-KEM-1024,keygen,569,219722,11858
ML-KEM-1024,keygen,570,220537,11901
ML-KEM-1024,keygen,571,221148,11936
ML-KEM-1024,keygen,572,223352,12054
ML-KEM-1024,keygen,573,220185,11882
ML-KEM-1024,keygen,574,219870,11866
ML-KEM-1024,keygen,575,231889,12514
ML-KEM-1024,keygen,576,221278,11943
ML-KEM-1024,keygen,577,219907,11868
ML-KEM-1024,keygen,578,219148,11827
ML-KEM-1024,keygen,579,218889,11814
ML-KEM-1024,keygen,580,219074,11824
ML-KEM-1024,keygen,581,220537,11902
ML-KEM-1024,keygen,582,220500,11899
ML-KEM-1024,keygen,583,219945,11871
ML-KEM-1024,keygen,584,220296,11890
ML-KEM-1024,keygen,585,219685,11857
ML-KEM-1024,keygen,586,219648,11855
ML-KEM-1024,keygen,587,218241,11779
ML-KEM-1024,keygen,588,219296,11834
ML-KEM-1024,keygen,589,219370,11838
ML-KEM-1024,keygen,590,218740,11804
ML-KEM-1024,keygen,591,220074,11876
ML-KEM-1024,keygen,592,220019,11875
ML-KEM-1024,keygen,593,230278,12427
ML-KEM-1024,keygen,594,220666,11909
ML-KEM-1024,keygen,595,220759,11915
ML-KEM-1024,keygen,596,221648,11961
ML-KEM-1024,keygen,597,220444,11897
ML-KEM-1024,keygen,598,220408,11895
ML-KEM-1024,keygen,599,220074,11877
ML-KEM-1024,keygen,600,220462,11897
ML-KEM-1024,keygen,601,219463,11844
ML-KEM-1024,keygen,602,220704,11911
ML-KEM-1024,keygen,603,220370,11893
ML-KEM-1024,keygen,604,220426,11897
ML-KEM-1024,keygen,605,218870,11812
ML-KEM-1024,keygen,606,220297,11890
ML-KEM-1024,keygen,607,220518,11902
ML-KEM-1024,keygen,608,220055,11877
ML-KEM-1024,keygen,609,220445,11896
ML-KEM-1024,keygen,610,219259,11833
ML-KEM-1024,keygen,611,230093,12418
ML-KEM-1024,keygen,612,221315,11945
ML-KEM-1024,keygen,613,220666,11910
ML-KEM-1024,keygen,614,220296,11890
ML-KEM-1024,keygen,615,220093,11878
ML-KEM-1024,keygen,616,221037,11929
ML-KEM-1024,keygen,617,220185,11883
ML-KEM-1024,keygen,618,219685,11857
ML-KEM-1024,keygen,619,219592,11850
ML-KEM-1024,keygen,620,219648,11855
ML-KEM-1024,keygen,621,219130,11827
ML-KEM-1024,keygen,622,219222,11831
ML-KEM-1024,keygen,623,218759,11807
ML-KEM-1024,keygen,624,221889,11976
ML-KEM-1024,keygen,625,218481,11792
ML-KEM-1024,keygen,626,219833,11865
ML-KEM-1024,keygen,627,220315,11890
ML-KEM-1024,keygen,628,230185,12422
ML-KEM-1024,keygen,629,221334,11946
ML-KEM-1024,keygen,630,220111,11880
ML-KEM-1024,keygen,631,219203,11830
ML-KEM-1024,keygen,632,220426,11896
ML-KEM-1024,keygen,633,219537,11848
ML-KEM-1024,keygen,634,220482,11899
ML-KEM-1024,keygen,635,220648,11909
ML-KEM-1024,keygen,636,219796,11862
ML-KEM-1024,keygen,637,220704,11912
ML-KEM-1024,keygen,638,219185,11829
ML-KEM-1024,keygen,639,219148,11828
ML-KEM-1024,keygen,640,220149,11882
ML-KEM-1024,keygen,641,219852,11866
ML-KEM-1024,keygen,642,219667,11855
ML-KEM-1024,keygen,643,218796,11808
ML-KEM-1024,keygen,644,220093,11878
ML-KEM-1024,keygen,645,222037,11983
ML-KEM-1024,keygen,646,231704,12505
ML-KEM-1024,keygen,647,220685,11911
ML-KEM-1024,keygen,648,219685,11857
ML-KEM-1024,keygen,649,219444,11842
ML-KEM-1024,keygen,650,219907,11869
ML-KEM-1024,keygen,651,220092,11878
ML-KEM-1024,keygen,652,219463,11844
ML-KEM-1024,keygen,653,220148,11882
ML-KEM-1024,keygen,654,219778,11861
ML-KEM-1024,keygen,655,220203,11884
ML-KEM-1024,keygen,656,220481,11899
ML-KEM-1024,keygen,657,219167,11828
ML-KEM-1024,keygen,658,220259,11887
ML-KEM-1024,keygen,659,220093,11877
ML-KEM-1024,keygen,660,220056,11876
ML-KEM-1024,keygen,661,221166,11936
ML-KEM-1024,keygen,662,221093,11932
ML-KEM-1024,keygen,663,219148,11828
ML-KEM-1024,keygen,664,229833,12404
ML-KEM-1024,keygen,665,221074,11932
ML-KEM-1024,keygen,666,220296,11890
ML-KEM-1024,keygen,667,220371,11894
ML-KEM-1024,keygen,668,220722,11911
ML-KEM-1024,keygen,669,219389,11841
ML-KEM-1024,keygen,670,219907,11868
ML-KEM-1024,keygen,671,220037,11875
ML-KEM-1024,keygen,672,220648,11908
ML-KEM-1024,keygen,673,219389,11840
ML-KEM-1024,keygen,674,221944,11977
ML-KEM-1024,keygen,675,219703,11856
ML-KEM-1024,keygen,676,220111,11880
ML-KEM-1024,keygen,677,219463,11844
ML-KEM-1024,keygen,678,219815,11863
ML-KEM-1024,keygen,679,220537,11902
ML-KEM-1024,keygen,680,221500,11953
ML-KEM-1024,keygen,681,220111,11880
ML-KEM-1024,keygen,682,230445,12436
ML-KEM-1024,keygen,683,222629,12015
ML-KEM-1024,keygen,684,221797,11971
ML-KEM-1024,keygen,685,222556,12011
ML-KEM-1024,keygen,686,221426,11951
ML-KEM-1024,keygen,687,220371,11893
ML-KEM-1024,keygen,688,221333,11946
ML-KEM-1024,keygen,689,220351,11892
ML-KEM-1024,keygen,690,219741,11860
ML-KEM-1024,keygen,691,220630,11907
ML-KEM-1024,keygen,692,220074,11878
ML-KEM-1024,keygen,693,220482,11899
ML-KEM-1024,keygen,694,220056,11877
ML-KEM-1024,keygen,695,220611,11907
ML-KEM-1024,keygen,696,220352,11893
ML-KEM-1024,keygen,697,219166,11829
ML-KEM-1024,keygen,698,220686,11911
ML-KEM-1024,keygen,699,232130,12527
ML-KEM-1024,keygen,700,221445,11951
ML-KEM-1024,keygen,701,219148,11827
ML-KEM-1024,keygen,702,219204,11831
ML-KEM-1024,keygen,703,222037,11983
ML-KEM-1024,keygen,704,219278,11834
ML-KEM-1024,keygen,705,220241,11886
ML-KEM-1024,keygen,706,220519,11902
ML-KEM-1024,keygen,707,221982,11980
ML-KEM-1024,keygen,708,220685,11911
ML-KEM-1024,keygen,709,219630,11854
ML-KEM-1024,keygen,710,219740,11860
ML-KEM-1024,keygen,711,220371,11893
ML-KEM-1024,keygen,712,221092,11932
ML-KEM-1024,keygen,713,219926,11869
ML-KEM-1024,keygen,714,219889,11866
ML-KEM-1024,keygen,715,222778,12024
ML-KEM-1024,keygen,716,219963,11871
ML-KEM-1024,keygen,717,258759,13966
ML-KEM-1024,keygen,718,223907,12084
ML-KEM-1024,keygen,719,219778,11861
ML-KEM-1024,keygen,720,219908,11868
ML-KEM-1024,keygen,721,219963,11871
ML-KEM-1024,keygen,722,219463,11845
ML-KEM-1024,keygen,723,219296,11836
ML-KEM-1024,keygen,724,219130,11826
ML-KEM-1024,keygen,725,219815,11864
ML-KEM-1024,keygen,726,220092,11879
ML-KEM-1024,keygen,727,221722,11966
ML-KEM-1024,keygen,728,220815,11918
ML-KEM-1024,keygen,729,220481,11899
ML-KEM-1024,keygen,730,219185,11829
ML-KEM-1024,keygen,731,219185,11830
ML-KEM-1024,keygen,732,219500,11846
ML-KEM-1024,keygen,733,220426,11897
ML-KEM-1024,keygen,734,219093,11825
ML-KEM-1024,keygen,735,231796,12510
ML-KEM-1024,keygen,736,219926,11869
ML-KEM-1024,keygen,737,218852,11811
ML-KEM-1024,keygen,738,221130,11934
ML-KEM-1024,keygen,739,222019,11983
ML-KEM-1024,keygen,740,220519,11901
ML-KEM-1024,keygen,741,220630,11908
ML-KEM-1024,keygen,742,223481,12062
ML-KEM-1024,keygen,743,220908,11922
ML-KEM-1024,keygen,744,220444,11897
ML-KEM-1024,keygen,745,222500,12007
ML-KEM-1024,keygen,746,219185,11829
ML-KEM-1024,keygen,747,221889,11976
ML-KEM-1024,keygen,748,220555,11904
ML-KEM-1024,keygen,749,219426,11842
ML-KEM-1024,keygen,750,221500,11955
ML-KEM-1024,keygen,751,219130,11826
ML-KEM-1024,keygen,752,219760,11860
ML-KEM-1024,keygen,753,232111,12527
ML-KEM-1024,keygen,754,221167,11935
ML-KEM-1024,keygen,755,220426,11896
ML-KEM-1024,keygen,756,220277,11888
ML-KEM-1024,keygen,757,220481,11899
ML-KEM-1024,keygen,758,220148,11881
ML-KEM-1024,keygen,759,220019,11874
ML-KEM-1024,keygen,760,219759,11860
ML-KEM-1024,keygen,761,219426,11843
ML-KEM-1024,keygen,762,218704,11804
ML-KEM-1024,keygen,763,218759,11807
ML-KEM-1024,keygen,764,219704,11858
ML-KEM-1024,keygen,765,219907,11869
ML-KEM-1024,keygen,766,221444,11951
ML-KEM-1024,keygen,767,219815,11862
ML-KEM-1024,keygen,768,219648,11853
ML-KEM-1024,keygen,769,219815,11863
ML-KEM-1024,keygen,770,231425,12490
ML-KEM-1024,keygen,771,220426,11897
ML-KEM-1024,keygen,772,219889,11868
ML-KEM-1024,keygen,773,220926,11924
ML-KEM-1024,keygen,774,220222,11885
ML-KEM-1024,keygen,775,218852,11811
ML-KEM-1024,keygen,776,219241,11833
ML-KEM-1024,keygen,777,220833,11919
ML-KEM-1024,keygen,778,220537,11903
ML-KEM-1024,keygen,779,219056,11822
ML-KEM-1024,keygen,780,220555,11903
ML-KEM-1024,keygen,781,220704,11911
ML-KEM-1024,keygen,782,219482,11846
ML-KEM-1024,keygen,783,220259,11888
ML-KEM-1024,keygen,784,220722,11913
ML-KEM-1024,keygen,785,221259,11942
ML-KEM-1024,keygen,786,219981,11872
ML-KEM-1024,keygen,787,220889,11922
ML-KEM-1024,keygen,788,229481,12384
ML-KEM-1024,keygen,789,220537,11902
ML-KEM-1024,keygen,790,219796,11862
ML-KEM-1024,keygen,791,220241,11886
ML-KEM-1024,keygen,792,219704,11857
ML-KEM-1024,keygen,793,220741,11913
ML-KEM-1024,keygen,794,219538,11849
ML-KEM-1024,keygen,795,220481,11898
ML-KEM-1024,keygen,796,219315,11836
ML-KEM-1024,keygen,797,219815,11863
ML-KEM-1024,keygen,798,219815,11864
ML-KEM-1024,keygen,799,223185,12045
ML-KEM-1024,keygen,800,222130,11989
ML-KEM-1024,keygen,801,220167,11882
ML-KEM-1024,keygen,802,220352,11893
ML-KEM-1024,keygen,803,219833,11865
ML-KEM-1024,keygen,804,220408,11896
ML-KEM-1024,keygen,805,221666,11964
ML-KEM-1024,keygen,806,230204,12422
ML-KEM-1024,keygen,807,220407,11896
ML-KEM-1024,keygen,808,221000,11927
ML-KEM-1024,keygen,809,221518,11955
ML-KEM-1024,keygen,810,219352,11838
ML-KEM-1024,keygen,811,221556,11958
ML-KEM-1024,keygen,812,219908,11868
ML-KEM-1024,keygen,813,221018,11927
ML-KEM-1024,keygen,814,221167,11937
ML-KEM-1024,keygen,815,219296,11835
ML-KEM-1024,keygen,816,221593,11959
ML-KEM-1024,keygen,817,220445,11897
ML-KEM-1024,keygen,818,219704,11857
ML-KEM-1024,keygen,819,219648,11855
ML-KEM-1024,keygen,820,221703,11965
ML-KEM-1024,keygen,821,221852,11972
ML-KEM-1024,keygen,822,219629,11854
ML-KEM-1024,keygen,823,220834,11918
ML-KEM-1024,keygen,824,230259,12426
ML-KEM-1024,keygen,825,223129,12042
ML-KEM-1024,keygen,826,220500,11900
ML-KEM-1024,keygen,827,221611,11960
ML-KEM-1024,keygen,828,220148,11881
ML-KEM-1024,keygen,829,221019,11929
ML-KEM-1024,keygen,830,219408,11841
ML-KEM-1024,keygen,831,221833,11973
ML-KEM-1024,keygen,832,220333,11892
ML-KEM-1024,keygen,833,219000,11820
ML-KEM-1024,keygen,834,219834,11864
ML-KEM-1024,keygen,835,221426,11949
ML-KEM-1024,keygen,836,219111,11825
ML-KEM-1024,keygen,837,221537,11956
ML-KEM-1024,keygen,838,221667,11962
ML-KEM-1024,keygen,839,219777,11861
ML-KEM-1024,keygen,840,219981,11873
ML-KEM-1024,keygen,841,233593,12607
ML-KEM-1024,keygen,842,222945,12032
ML-KEM-1024,keygen,843,220203,11884
ML-KEM-1024,keygen,844,220667,11910
ML-KEM-1024,keygen,845,219575,11851
ML-KEM-1024,keygen,846,220222,11885
ML-KEM-1024,keygen,847,219093,11824
ML-KEM-1024,keygen,848,219796,11861
ML-KEM-1024,keygen,849,219000,11819
ML-KEM-1024,keygen,850,220686,11911
ML-KEM-1024,keygen,851,220111,11880
ML-KEM-1024,keygen,852,219203,11831
ML-KEM-1024,keygen,853,220852,11920
ML-KEM-1024,keygen,854,220315,11891
ML-KEM-1024,keygen,855,220315,11890
ML-KEM-1024,keygen,856,220185,11883
ML-KEM-1024,keygen,857,219555,11849
ML-KEM-1024,keygen,858,220074,11877
ML-KEM-1024,keygen,859,231093,12472
ML-KEM-1024,keygen,860,221926,11977
ML-KEM-1024,keygen,861,220074,11877
ML-KEM-1024,keygen,862,219814,11864
ML-KEM-1024,keygen,863,219889,11867
ML-KEM-1024,keygen,864,221870,11974
ML-KEM-1024,keygen,865,219796,11862
ML-KEM-1024,keygen,866,220056,11876
ML-KEM-1024,keygen,867,219611,11853
ML-KEM-1024,keygen,868,219982,11873
ML-KEM-1024,keygen,869,220593,11905
ML-KEM-1024,keygen,870,219648,11855
ML-KEM-1024,keygen,871,220981,11926
ML-KEM-1024,keygen,872,219056,11822
ML-KEM-1024,keygen,873,221778,11969
ML-KEM-1024,keygen,874,218815,11809
ML-KEM-1024,keygen,875,220370,11892
ML-KEM-1024,keygen,876,220167,11881
ML-KEM-1024,keygen,877,289352,15618
ML-KEM-1024,keygen,878,223259,12049
ML-KEM-1024,keygen,879,222888,12030
ML-KEM-1024,keygen,880,221185,11937
ML-KEM-1024,keygen,881,219852,11865
ML-KEM-1024,keygen,882,219518,11847
ML-KEM-1024,keygen,883,220500,11900
ML-KEM-1024,keygen,884,219426,11843
ML-KEM-1024,keygen,885,220111,11880
ML-KEM-1024,keygen,886,219666,11855
ML-KEM-1024,keygen,887,219149,11827
ML-KEM-1024,keygen,888,220425,11897
ML-KEM-1024,keygen,889,221074,11931
ML-KEM-1024,keygen,890,219889,11866
ML-KEM-1024,keygen,891,220333,11891
ML-KEM-1024,keygen,892,220667,11908
ML-KEM-1024,keygen,893,220186,11884
ML-KEM-1024,keygen,894,222351,12000
ML-KEM-1024,keygen,895,231889,12516
ML-KEM-1024,keygen,896,220778,11915
ML-KEM-1024,keygen,897,221667,11963
ML-KEM-1024,keygen,898,219815,11863
ML-KEM-1024,keygen,899,222241,11995
ML-KEM-1024,keygen,900,220129,11880
ML-KEM-1024,keygen,901,219926,11870
ML-KEM-1024,keygen,902,219666,11855
ML-KEM-1024,keygen,903,220296,11889
ML-KEM-1024,keygen,904,220537,11902
ML-KEM-1024,keygen,905,220055,11877
ML-KEM-1024,keygen,906,219963,11871
ML-KEM-1024,keygen,907,219963,11871
ML-KEM-1024,keygen,908,219852,11865
ML-KEM-1024,keygen,909,219944,11870
ML-KEM-1024,keygen,910,221315,11943
ML-KEM-1024,keygen,911,220908,11922
ML-KEM-1024,keygen,912,231111,12473
ML-KEM-1024,keygen,913,223222,12048
ML-KEM-1024,keygen,914,220389,11894
ML-KEM-1024,keygen,915,219667,11855
ML-KEM-1024,keygen,916,220056,11876
ML-KEM-1024,keygen,917,219537,11848
ML-KEM-1024,keygen,918,220500,11901
ML-KEM-1024,keygen,919,219037,11822
ML-KEM-1024,keygen,920,220982,11926
ML-KEM-1024,keygen,921,221426,11950
ML-KEM-1024,keygen,922,220148,11880
ML-KEM-1024,keygen,923,220166,11881
ML-KEM-1024,keygen,924,220112,11879
ML-KEM-1024,keygen,925,220241,11886
ML-KEM-1024,keygen,926,221926,11978
ML-KEM-1024,keygen,927,220630,11907
ML-KEM-1024,keygen,928,221555,11958
ML-KEM-1024,keygen,929,219981,11873
ML-KEM-1024,keygen,930,231204,12478
ML-KEM-1024,keygen,931,221185,11937
ML-KEM-1024,keygen,932,219704,11857
ML-KEM-1024,keygen,933,220259,11888
ML-KEM-1024,keygen,934,219592,11852
ML-KEM-1024,keygen,935,220186,11884
ML-KEM-1024,keygen,936,221833,11973
ML-KEM-1024,keygen,937,219760,11860
ML-KEM-1024,keygen,938,220518,11902
ML-KEM-1024,keygen,939,221018,11928
ML-KEM-1024,keygen,940,220408,11895
ML-KEM-1024,keygen,941,219352,11838
ML-KEM-1024,keygen,942,219778,11862
ML-KEM-1024,keygen,943,220000,11874
ML-KEM-1024,keygen,944,219759,11861
ML-KEM-1024,keygen,945,219426,11841
ML-KEM-1024,keygen,946,220278,11888
ML-KEM-1024,keygen,947,220278,11887
ML-KEM-1024,keygen,948,229704,12397
ML-KEM-1024,keygen,949,220389,11895
ML-KEM-1024,keygen,950,220037,11876
ML-KEM-1024,keygen,951,219537,11849
ML-KEM-1024,keygen,952,219722,11859
ML-KEM-1024,keygen,953,219722,11859
ML-KEM-1024,keygen,954,220426,11896
ML-KEM-1024,keygen,955,220833,11918
ML-KEM-1024,keygen,956,219277,11835
ML-KEM-1024,keygen,957,218722,11804
ML-KEM-1024,keygen,958,219704,11858
ML-KEM-1024,keygen,959,219685,11856
ML-KEM-1024,keygen,960,219760,11860
ML-KEM-1024,keygen,961,220296,11889
ML-KEM-1024,keygen,962,221037,11929
ML-KEM-1024,keygen,963,218778,11807
ML-KEM-1024,keygen,964,219093,11824
ML-KEM-1024,keygen,965,220223,11885
ML-KEM-1024,keygen,966,239519,12925
ML-KEM-1024,keygen,967,220871,11921
ML-KEM-1024,keygen,968,220704,11912
ML-KEM-1024,keygen,969,220908,11922
ML-KEM-1024,keygen,970,283315,15289
ML-KEM-1024,keygen,971,223722,12074
ML-KEM-1024,keygen,972,222296,11997
ML-KEM-1024,keygen,973,218741,11805
ML-KEM-1024,keygen,974,219833,11865
ML-KEM-1024,keygen,975,220444,11896
ML-KEM-1024,keygen,976,220167,11883
ML-KEM-1024,keygen,977,219260,11833
ML-KEM-1024,keygen,978,220500,11899
ML-KEM-1024,keygen,979,220777,11916
ML-KEM-1024,keygen,980,220481,11900
ML-KEM-1024,keygen,981,220908,11921
ML-KEM-1024,keygen,982,219055,11821
ML-KEM-1024,keygen,983,232630,12553
ML-KEM-1024,keygen,984,219278,11834
ML-KEM-1024,keygen,985,219666,11856
ML-KEM-1024,keygen,986,219352,11838
ML-KEM-1024,keygen,987,220000,11873
ML-KEM-1024,keygen,988,221926,11977
ML-KEM-1024,keygen,989,219426,11842
ML-KEM-1024,keygen,990,218556,11795
ML-KEM-1024,keygen,991,221611,11960
ML-KEM-1024,keygen,992,219870,11866
ML-KEM-1024,keygen,993,219130,11827
ML-KEM-1024,keygen,994,221111,11933
ML-KEM-1024,keygen,995,219555,11850
ML-KEM-1024,keygen,996,220185,11882
ML-KEM-1024,keygen,997,220685,11910
ML-KEM-1024,keygen,998,220167,11882
ML-KEM-1024,keygen,999,219592,11852
ML-KEM-1024,encap,0,109389,5903
ML-KEM-1024,encap,1,109574,5914
ML-KEM-1024,encap,2,109111,5888
ML-KEM-1024,encap,3,109148,5891
ML-KEM-1024,encap,4,109055,5886
ML-KEM-1024,encap,5,109074,5888
ML-KEM-1024,encap,6,109149,5891
ML-KEM-1024,encap,7,109129,5891
ML-KEM-1024,encap,8,108963,5882
ML-KEM-1024,encap,9,109148,5890
ML-KEM-1024,encap,10,109074,5887
ML-KEM-1024,encap,11,109111,5888
ML-KEM-1024,encap,12,109056,5886
ML-KEM-1024,encap,13,109037,5884
ML-KEM-1024,encap,14,109129,5891
ML-KEM-1024,encap,15,109074,5887
ML-KEM-1024,encap,16,109111,5888
ML-KEM-1024,encap,17,109111,5889
ML-KEM-1024,encap,18,123537,6662
ML-KEM-1024,encap,19,110481,5962
ML-KEM-1024,encap,20,109314,5900
ML-KEM-1024,encap,21,109148,5890
ML-KEM-1024,encap,22,109130,5890
ML-KEM-1024,encap,23,109129,5891
ML-KEM-1024,encap,24,109093,5888
ML-KEM-1024,encap,25,109148,5890
ML-KEM-1024,encap,26,109130,5889
ML-KEM-1024,encap,27,109148,5890
ML-KEM-1024,encap,28,109093,5888
ML-KEM-1024,encap,29,111297,6006
ML-KEM-1024,encap,30,109370,5902
ML-KEM-1024,encap,31,109334,5902
ML-KEM-1024,encap,32,109222,5894
ML-KEM-1024,encap,33,109222,5895
ML-KEM-1024,encap,34,109055,5885
ML-KEM-1024,encap,35,109148,5890
ML-KEM-1024,encap,36,109222,5896
ML-KEM-1024,encap,37,109111,5888
ML-KEM-1024,encap,38,109148,5890
ML-KEM-1024,encap,39,109074,5887
ML-KEM-1024,encap,40,109204,5893
ML-KEM-1024,encap,41,109130,5890
ML-KEM-1024,encap,42,109074,5887
ML-KEM-1024,encap,43,109204,5894
ML-KEM-1024,encap,44,109148,5891
ML-KEM-1024,encap,45,109111,5889
ML-KEM-1024,encap,46,109130,5889
ML-KEM-1024,encap,47,109185,5893
ML-KEM-1024,encap,48,109278,5898
ML-KEM-1024,encap,49,109037,5885
ML-KEM-1024,encap,50,109203,5894
ML-KEM-1024,encap,51,109149,5891
ML-KEM-1024,encap,52,109167,5892
ML-KEM-1024,encap,53,123426,6657
ML-KEM-1024,encap,54,110407,5958
ML-KEM-1024,encap,55,109167,5892
ML-KEM-1024,encap,56,109148,5891
ML-KEM-1024,encap,57,109129,5889
ML-KEM-1024,encap,58,109074,5887
ML-KEM-1024,encap,59,109166,5891
ML-KEM-1024,encap,60,109148,5890
ML-KEM-1024,encap,61,109148,5891
ML-KEM-1024,encap,62,109074,5887
ML-KEM-1024,encap,63,109037,5884
ML-KEM-1024,encap,64,109130,5889
ML-KEM-1024,encap,65,109055,5885
ML-KEM-1024,encap,66,109000,5883
ML-KEM-1024,encap,67,109018,5883
ML-KEM-1024,encap,68,109055,5885
ML-KEM-1024,encap,69,109074,5886
ML-KEM-1024,encap,70,109111,5889
ML-KEM-1024,encap,71,109204,5893
ML-KEM-1024,encap,72,109056,5885
ML-KEM-1024,encap,73,109185,5892
ML-KEM-1024,encap,74,109223,5895
ML-KEM-1024,encap,75,109148,5891
ML-KEM-1024,encap,76,108907,5878
ML-KEM-1024,encap,77,109148,5890
ML-KEM-1024,encap,78,109130,5889
ML-KEM-1024,encap,79,109167,5892
ML-KEM-1024,encap,80,109074,5887
ML-KEM-1024,encap,81,109074,5888
ML-KEM-1024,encap,82,109149,5891
ML-KEM-1024,encap,83,109148,5892
ML-KEM-1024,encap,84,109111,5888
ML-KEM-1024,encap,85,109129,5890
ML-KEM-1024,encap,86,109167,5892
ML-KEM-1024,encap,87,109166,5892
ML-KEM-1024,encap,88,109074,5887
ML-KEM-1024,encap,89,118870,6413
ML-KEM-1024,encap,90,109963,5935
ML-KEM-1024,encap,91,109129,5890
ML-KEM-1024,encap,92,109074,5887
ML-KEM-1024,encap,93,109056,5886
ML-KEM-1024,encap,94,108963,5882
ML-KEM-1024,encap,95,109037,5884
ML-KEM-1024,encap,96,109018,5883
ML-KEM-1024,encap,97,109018,5884
ML-KEM-1024,encap,98,109111,5888
ML-KEM-1024,encap,99,109019,5884
ML-KEM-1024,encap,100,109111,5889
ML-KEM-1024,encap,101,109037,5884
ML-KEM-1024,encap,102,109019,5884
ML-KEM-1024,encap,103,109111,5889
ML-KEM-1024,encap,104,109037,5885
ML-KEM-1024,encap,105,109019,5883
ML-KEM-1024,encap,106,108945,5881
ML-KEM-1024,encap,107,109056,5887
ML-KEM-1024,encap,108,109055,5886
ML-KEM-1024,encap,109,108889,5878
ML-KEM-1024,encap,110,108870,5876
ML-KEM-1024,encap,111,109074,5886
ML-KEM-1024,encap,112,109112,5889
ML-KEM-1024,encap,113,109037,5884
ML-KEM-1024,encap,114,109112,5888
ML-KEM-1024,encap,115,109019,5883
ML-KEM-1024,encap,116,109037,5885
ML-KEM-1024,encap,117,108981,5882
ML-KEM-1024,encap,118,109037,5885
ML-KEM-1024,encap,119,108981,5882
ML-KEM-1024,encap,120,109000,5883
ML-KEM-1024,encap,121,109000,5883
ML-KEM-1024,encap,122,109111,5889
ML-KEM-1024,encap,123,109037,5885
ML-KEM-1024,encap,124,122704,6618
ML-KEM-1024,encap,125,110222,5949
ML-KEM-1024,encap,126,109056,5886
ML-KEM-1024,encap,127,108889,5877
ML-KEM-1024,encap,128,109000,5884
ML-KEM-1024,encap,129,109056,5885
ML-KEM-1024,encap,130,109019,5884
ML-KEM-1024,encap,131,109092,5888
ML-KEM-1024,encap,132,108981,5882
ML-KEM-1024,encap,133,108925,5880
ML-KEM-1024,encap,134,109055,5886
ML-KEM-1024,encap,135,108962,5881
ML-KEM-1024,encap,136,108907,5879
ML-KEM-1024,encap,137,108982,5881
ML-KEM-1024,encap,138,109055,5885
ML-KEM-1024,encap,139,109000,5882
ML-KEM-1024,encap,140,109000,5882
ML-KEM-1024,encap,141,108982,5881
ML-KEM-1024,encap,142,108963,5880
ML-KEM-1024,encap,143,108982,5882
ML-KEM-1024,encap,144,109055,5886
ML-KEM-1024,encap,145,108963,5881
ML-KEM-1024,encap,146,108814,5873
ML-KEM-1024,encap,147,109111,5888
ML-KEM-1024,encap,148,109019,5884
ML-KEM-1024,encap,149,109037,5884
ML-KEM-1024,encap,150,109000,5883
ML-KEM-1024,encap,151,109075,5886
ML-KEM-1024,encap,152,110722,5974
ML-KEM-1024,encap,153,109074,5886
ML-KEM-1024,encap,154,109167,5891
ML-KEM-1024,encap,155,109074,5886
ML-KEM-1024,encap,156,109038,5884
ML-KEM-1024,encap,157,108981,5881
ML-KEM-1024,encap,158,109055,5885
ML-KEM-1024,encap,159,109000,5882
ML-KEM-1024,encap,160,121222,6540
ML-KEM-1024,encap,161,110296,5952
ML-KEM-1024,encap,162,108982,5881
ML-KEM-1024,encap,163,109093,5887
ML-KEM-1024,encap,164,109167,5892
ML-KEM-1024,encap,165,108982,5881
ML-KEM-1024,encap,166,109055,5887
ML-KEM-1024,encap,167,108870,5875
ML-KEM-1024,encap,168,108982,5881
ML-KEM-1024,encap,169,109000,5883
ML-KEM-1024,encap,170,109074,5887
ML-KEM-1024,encap,171,109056,5885
ML-KEM-1024,encap,172,109000,5883
ML-KEM-1024,encap,173,108963,5882
ML-KEM-1024,encap,174,109038,5884
ML-KEM-1024,encap,175,108908,5877
ML-KEM-1024,encap,176,109037,5885
ML-KEM-1024,encap,177,109019,5884
ML-KEM-1024,encap,178,109019,5884
ML-KEM-1024,encap,179,108963,5880
ML-KEM-1024,encap,180,108963,5881
ML-KEM-1024,encap,181,108908,5878
ML-KEM-1024,encap,182,108963,5881
ML-KEM-1024,encap,183,109018,5884
ML-KEM-1024,encap,184,108963,5881
ML-KEM-1024,encap,185,108963,5881
ML-KEM-1024,encap,186,109000,5883
ML-KEM-1024,encap,187,108852,5875
ML-KEM-1024,encap,188,108982,5881
ML-KEM-1024,encap,189,108945,5880
ML-KEM-1024,encap,190,108871,5877
ML-KEM-1024,encap,191,108944,5880
ML-KEM-1024,encap,192,108963,5880
ML-KEM-1024,encap,193,108945,5880
ML-KEM-1024,encap,194,108963,5880
ML-KEM-1024,encap,195,118759,6407
ML-KEM-1024,encap,196,109963,5935
ML-KEM-1024,encap,197,109056,5886
ML-KEM-1024,encap,198,109000,5883
ML-KEM-1024,encap,199,109037,5885
ML-KEM-1024,encap,200,109055,5885
ML-KEM-1024,encap,201,108982,5882
ML-KEM-1024,encap,202,108981,5881
ML-KEM-1024,encap,203,108982,5882
ML-KEM-1024,encap,204,109037,5885
ML-KEM-1024,encap,205,109037,5884
ML-KEM-1024,encap,206,109037,5885
ML-KEM-1024,encap,207,109000,5883
ML-KEM-1024,encap,208,108963,5880
ML-KEM-1024,encap,209,108963,5881
ML-KEM-1024,encap,210,108963,5881
ML-KEM-1024,encap,211,109092,5887
ML-KEM-1024,encap,212,109056,5885
ML-KEM-1024,encap,213,109037,5884
ML-KEM-1024,encap,214,109055,5885
ML-KEM-1024,encap,215,108963,5880
ML-KEM-1024,encap,216,109074,5887
ML-KEM-1024,encap,217,108908,5877
ML-KEM-1024,encap,218,108926,5878
ML-KEM-1024,encap,219,109000,5882
ML-KEM-1024,encap,220,108944,5880
ML-KEM-1024,encap,221,108963,5881
ML-KEM-1024,encap,222,109092,5887
ML-KEM-1024,encap,223,109000,5883
ML-KEM-1024,encap,224,109037,5884
ML-KEM-1024,encap,225,108907,5879
ML-KEM-1024,encap,226,108944,5880
ML-KEM-1024,encap,227,108944,5879
ML-KEM-1024,encap,228,109074,5886
ML-KEM-1024,encap,229,108945,5880
ML-KEM-1024,encap,230,108981,5881
ML-KEM-1024,encap,231,118334,6384
ML-KEM-1024,encap,232,109907,5932
ML-KEM-1024,encap,233,109111,5889
ML-KEM-1024,encap,234,109000,5883
ML-KEM-1024,encap,235,109019,5884
ML-KEM-1024,encap,236,108981,5882
ML-KEM-1024,encap,237,109000,5882
ML-KEM-1024,encap,238,109074,5886
ML-KEM-1024,encap,239,108945,5879
ML-KEM-1024,encap,240,108981,5883
ML-KEM-1024,encap,241,108944,5880
ML-KEM-1024,encap,242,108982,5882
ML-KEM-1024,encap,243,109000,5883
ML-KEM-1024,encap,244,108963,5880
ML-KEM-1024,encap,245,108944,5880
ML-KEM-1024,encap,246,109130,5890
ML-KEM-1024,encap,247,109019,5883
ML-KEM-1024,encap,248,109074,5886
ML-KEM-1024,encap,249,109074,5886
ML-KEM-1024,encap,250,109018,5884
ML-KEM-1024,encap,251,109000,5882
ML-KEM-1024,encap,252,108944,5881
ML-KEM-1024,encap,253,108982,5882
ML-KEM-1024,encap,254,108796,5872
ML-KEM-1024,encap,255,108907,5877
ML-KEM-1024,encap,256,108945,5880
ML-KEM-1024,encap,257,109000,5883
ML-KEM-1024,encap,258,109019,5884
ML-KEM-1024,encap,259,109000,5883
ML-KEM-1024,encap,260,108981,5882
ML-KEM-1024,encap,261,109000,5882
ML-KEM-1024,encap,262,108926,5879
ML-KEM-1024,encap,263,109019,5884
ML-KEM-1024,encap,264,109092,5887
ML-KEM-1024,encap,265,108926,5879
ML-KEM-1024,encap,266,118407,6388
ML-KEM-1024,encap,267,109945,5933
ML-KEM-1024,encap,268,109074,5887
ML-KEM-1024,encap,269,108981,5881
ML-KEM-1024,encap,270,108963,5881
ML-KEM-1024,encap,271,108982,5882
ML-KEM-1024,encap,272,109074,5887
ML-KEM-1024,encap,273,110537,5965
ML-KEM-1024,encap,274,108926,5879
ML-KEM-1024,encap,275,109037,5885
ML-KEM-1024,encap,276,109074,5887
ML-KEM-1024,encap,277,108963,5881
ML-KEM-1024,encap,278,109093,5887
ML-KEM-1024,encap,279,108982,5881
ML-KEM-1024,encap,280,108963,5882
ML-KEM-1024,encap,281,108944,5880
ML-KEM-1024,encap,282,108926,5880
ML-KEM-1024,encap,283,108945,5880
ML-KEM-1024,encap,284,108981,5881
ML-KEM-1024,encap,285,109000,5884
ML-KEM-1024,encap,286,109037,5885
ML-KEM-1024,encap,287,108908,5877
ML-KEM-1024,encap,288,109000,5883
ML-KEM-1024,encap,289,109037,5885
ML-KEM-1024,encap,290,108945,5880
ML-KEM-1024,encap,291,108963,5882
ML-KEM-1024,encap,292,108963,5881
ML-KEM-1024,encap,293,109056,5886
ML-KEM-1024,encap,294,108962,5881
ML-KEM-1024,encap,295,109000,5883
ML-KEM-1024,encap,296,109074,5886
ML-KEM-1024,encap,297,109019,5883
ML-KEM-1024,encap,298,108981,5882
ML-KEM-1024,encap,299,108963,5880
ML-KEM-1024,encap,300,109037,5885
ML-KEM-1024,encap,301,108982,5882
ML-KEM-1024,encap,302,118815,6410
ML-KEM-1024,encap,303,109870,5930
ML-KEM-1024,encap,304,109093,5888
ML-KEM-1024,encap,305,108889,5876
ML-KEM-1024,encap,306,109037,5884
ML-KEM-1024,encap,307,108833,5873
ML-KEM-1024,encap,308,108889,5876
ML-KEM-1024,encap,309,108907,5877
ML-KEM-1024,encap,310,108981,5882
ML-KEM-1024,encap,311,108926,5878
ML-KEM-1024,encap,312,108981,5883
ML-KEM-1024,encap,313,108963,5881
ML-KEM-1024,encap,314,108981,5882
ML-KEM-1024,encap,315,109074,5887
ML-KEM-1024,encap,316,109000,5883
ML-KEM-1024,encap,317,109056,5886
ML-KEM-1024,encap,318,109074,5887
ML-KEM-1024,encap,319,109130,5889
ML-KEM-1024,encap,320,109037,5884
ML-KEM-1024,encap,321,109111,5889
ML-KEM-1024,encap,322,109074,5888
ML-KEM-1024,encap,323,108963,5880
ML-KEM-1024,encap,324,108981,5881
ML-KEM-1024,encap,325,109092,5888
ML-KEM-1024,encap,326,109019,5883
ML-KEM-1024,encap,327,108963,5882
ML-KEM-1024,encap,328,109018,5884
ML-KEM-1024,encap,329,109019,5883
ML-KEM-1024,encap,330,109037,5885
ML-KEM-1024,encap,331,108944,5880
ML-KEM-1024,encap,332,109037,5885
ML-KEM-1024,encap,333,109000,5883
ML-KEM-1024,encap,334,109019,5885
ML-KEM-1024,encap,335,108926,5879
ML-KEM-1024,encap,336,109037,5885
ML-KEM-1024,encap,337,118611,6398
ML-KEM-1024,encap,338,110037,5939
ML-KEM-1024,encap,339,109075,5887
ML-KEM-1024,encap,340,108833,5873
ML-KEM-1024,encap,341,108982,5882
ML-KEM-1024,encap,342,108982,5881
ML-KEM-1024,encap,343,109037,5885
ML-KEM-1024,encap,344,109019,5884
ML-KEM-1024,encap,345,109000,5883
ML-KEM-1024,encap,346,109000,5883
ML-KEM-1024,encap,347,108981,5882
ML-KEM-1024,encap,348,109037,5884
ML-KEM-1024,encap,349,108981,5883
ML-KEM-1024,encap,350,108982,5882
ML-KEM-1024,encap,351,109018,5883
ML-KEM-1024,encap,352,108945,5880
ML-KEM-1024,encap,353,109111,5889
ML-KEM-1024,encap,354,109093,5888
ML-KEM-1024,encap,355,109019,5884
ML-KEM-1024,encap,356,109018,5884
ML-KEM-1024,encap,357,108963,5880
ML-KEM-1024,encap,358,109055,5886
ML-KEM-1024,encap,359,108963,5881
ML-KEM-1024,encap,360,109000,5883
ML-KEM-1024,encap,361,109000,5882
ML-KEM-1024,encap,362,109037,5885
ML-KEM-1024,encap,363,109000,5883
ML-KEM-1024,encap,364,108982,5882
ML-KEM-1024,encap,365,108908,5879
ML-KEM-1024,encap,366,109074,5887
ML-KEM-1024,encap,367,109093,5887
ML-KEM-1024,encap,368,109037,5885
ML-KEM-1024,encap,369,109000,5883
ML-KEM-1024,encap,370,109018,5884
ML-KEM-1024,encap,371,108944,5880
ML-KEM-1024,encap,372,108981,5881
ML-KEM-1024,encap,373,118463,6389
ML-KEM-1024,encap,374,109963,5935
ML-KEM-1024,encap,375,109074,5887
ML-KEM-1024,encap,376,109037,5885
ML-KEM-1024,encap,377,109037,5885
ML-KEM-1024,encap,378,109111,5889
ML-KEM-1024,encap,379,108945,5880
ML-KEM-1024,encap,380,109037,5884
ML-KEM-1024,encap,381,108851,5874
ML-KEM-1024,encap,382,108945,5880
ML-KEM-1024,encap,383,109019,5885
ML-KEM-1024,encap,384,108944,5881
ML-KEM-1024,encap,385,108963,5881
ML-KEM-1024,encap,386,108963,5880
ML-KEM-1024,encap,387,109000,5883
ML-KEM-1024,encap,388,109074,5886
ML-KEM-1024,encap,389,109093,5888
ML-KEM-1024,encap,390,109074,5886
ML-KEM-1024,encap,391,108981,5882
ML-KEM-1024,encap,392,109037,5885
ML-KEM-1024,encap,393,110593,5967
ML-KEM-1024,encap,394,109093,5888
ML-KEM-1024,encap,395,108981,5882
ML-KEM-1024,encap,396,108981,5881
ML-KEM-1024,encap,397,109111,5888
ML-KEM-1024,encap,398,109074,5886
ML-KEM-1024,encap,399,108981,5882
ML-KEM-1024,encap,400,109093,5887
ML-KEM-1024,encap,401,109000,5883
ML-KEM-1024,encap,402,109093,5889
ML-KEM-1024,encap,403,108982,5882
ML-KEM-1024,encap,404,109111,5889
ML-KEM-1024,encap,405,109000,5882
ML-KEM-1024,encap,406,108926,5878
ML-KEM-1024,encap,407,108982,5883
ML-KEM-1024,encap,408,119037,6422
ML-KEM-1024,encap,409,109944,5934
ML-KEM-1024,encap,410,109075,5887
ML-KEM-1024,encap,411,108889,5877
ML-KEM-1024,encap,412,108963,5881
ML-KEM-1024,encap,413,108963,5880
ML-KEM-1024,encap,414,109000,5882
ML-KEM-1024,encap,415,108963,5881
ML-KEM-1024,encap,416,109000,5882
ML-KEM-1024,encap,417,109037,5885
ML-KEM-1024,encap,418,108944,5881
ML-KEM-1024,encap,419,108945,5880
ML-KEM-1024,encap,420,108963,5880
ML-KEM-1024,encap,421,108907,5878
ML-KEM-1024,encap,422,109055,5886
ML-KEM-1024,encap,423,109037,5884
ML-KEM-1024,encap,424,108889,5877
ML-KEM-1024,encap,425,109019,5883
ML-KEM-1024,encap,426,109018,5883
ML-KEM-1024,encap,427,108926,5879
ML-KEM-1024,encap,428,108963,5881
ML-KEM-1024,encap,429,108926,5879
ML-KEM-1024,encap,430,108926,5879
ML-KEM-1024,encap,431,108963,5881
ML-KEM-1024,encap,432,109148,5890
ML-KEM-1024,encap,433,108852,5875
ML-KEM-1024,encap,434,109019,5884
ML-KEM-1024,encap,435,108944,5880
ML-KEM-1024,encap,436,109037,5884
ML-KEM-1024,encap,437,108981,5881
ML-KEM-1024,encap,438,109055,5886
ML-KEM-1024,encap,439,109092,5887
ML-KEM-1024,encap,440,109055,5886
ML-KEM-1024,encap,441,109019,5885
ML-KEM-1024,encap,442,109000,5882
ML-KEM-1024,encap,443,108982,5882
ML-KEM-1024,encap,444,118241,6379
ML-KEM-1024,encap,445,109926,5932
ML-KEM-1024,encap,446,109074,5886
ML-KEM-1024,encap,447,109000,5882
ML-KEM-1024,encap,448,109000,5882
ML-KEM-1024,encap,449,109019,5885
ML-KEM-1024,encap,450,108926,5880
ML-KEM-1024,encap,451,108981,5881
ML-KEM-1024,encap,452,109037,5884
ML-KEM-1024,encap,453,109037,5885
ML-KEM-1024,encap,454,108963,5882
ML-KEM-1024,encap,455,108944,5880
ML-KEM-1024,encap,456,109018,5883
ML-KEM-1024,encap,457,108926,5880
ML-KEM-1024,encap,458,108852,5875
ML-KEM-1024,encap,459,109055,5886
ML-KEM-1024,encap,460,109093,5887
ML-KEM-1024,encap,461,108926,5878
ML-KEM-1024,encap,462,109055,5886
ML-KEM-1024,encap,463,109056,5887
ML-KEM-1024,encap,464,108981,5882
ML-KEM-1024,encap,465,109056,5886
ML-KEM-1024,encap,466,109019,5883
ML-KEM-1024,encap,467,109000,5883
ML-KEM-1024,encap,468,109019,5883
ML-KEM-1024,encap,469,108963,5882
ML-KEM-1024,encap,470,108945,5879
ML-KEM-1024,encap,471,109000,5883
ML-KEM-1024,encap,472,109074,5886
ML-KEM-1024,encap,473,108982,5881
ML-KEM-1024,encap,474,109074,5887
ML-KEM-1024,encap,475,108926,5879
ML-KEM-1024,encap,476,109019,5884
ML-KEM-1024,encap,477,109019,5884
ML-KEM-1024,encap,478,109056,5886
ML-KEM-1024,encap,479,119371,6439
ML-KEM-1024,encap,480,110167,5945
ML-KEM-1024,encap,481,109074,5887
ML-KEM-1024,encap,482,109037,5884
ML-KEM-1024,encap,483,108889,5876
ML-KEM-1024,encap,484,109018,5884
ML-KEM-1024,encap,485,108981,5882
ML-KEM-1024,encap,486,108981,5881
ML-KEM-1024,encap,487,108889,5877
ML-KEM-1024,encap,488,108981,5882
ML-KEM-1024,encap,489,108945,5879
ML-KEM-1024,encap,490,109018,5883
ML-KEM-1024,encap,491,109037,5884
ML-KEM-1024,encap,492,109037,5885
ML-KEM-1024,encap,493,108982,5882
ML-KEM-1024,encap,494,109130,5889
ML-KEM-1024,encap,495,109055,5885
ML-KEM-1024,encap,496,108982,5882
ML-KEM-1024,encap,497,108962,5881
ML-KEM-1024,encap,498,109018,5884
ML-KEM-1024,encap,499,109019,5883
ML-KEM-1024,encap,500,108926,5878
ML-KEM-1024,encap,501,108963,5880
ML-KEM-1024,encap,502,109000,5882
ML-KEM-1024,encap,503,109000,5883
ML-KEM-1024,encap,504,108963,5880
ML-KEM-1024,encap,505,108908,5878
ML-KEM-1024,encap,506,109037,5884
ML-KEM-1024,encap,507,108944,5880
ML-KEM-1024,encap,508,109019,5884
ML-KEM-1024,encap,509,109056,5885
ML-KEM-1024,encap,510,109075,5886
ML-KEM-1024,encap,511,109056,5886
ML-KEM-1024,encap,512,109000,5884
ML-KEM-1024,encap,513,110500,5962
ML-KEM-1024,encap,514,109037,5885
ML-KEM-1024,encap,515,119056,6423
ML-KEM-1024,encap,516,110000,5936
ML-KEM-1024,encap,517,109130,5889
ML-KEM-1024,encap,518,109018,5883
ML-KEM-1024,encap,519,108981,5883
ML-KEM-1024,encap,520,109037,5885
ML-KEM-1024,encap,521,108963,5881
ML-KEM-1024,encap,522,109037,5884
ML-KEM-1024,encap,523,109037,5885
ML-KEM-1024,encap,524,109074,5887
ML-KEM-1024,encap,525,108963,5881
ML-KEM-1024,encap,526,109019,5884
ML-KEM-1024,encap,527,109018,5885
ML-KEM-1024,encap,528,108981,5881
ML-KEM-1024,encap,529,108926,5879
ML-KEM-1024,encap,530,109019,5883
ML-KEM-1024,encap,531,108926,5878
ML-KEM-1024,encap,532,109000,5884
ML-KEM-1024,encap,533,108981,5881
ML-KEM-1024,encap,534,109037,5885
ML-KEM-1024,encap,535,108963,5881
ML-KEM-1024,encap,536,109019,5884
ML-KEM-1024,encap,537,109018,5884
ML-KEM-1024,encap,538,108982,5883
ML-KEM-1024,encap,539,108963,5880
ML-KEM-1024,encap,540,108981,5881
ML-KEM-1024,encap,541,108963,5880
ML-KEM-1024,encap,542,109000,5882
ML-KEM-1024,encap,543,108871,5876
ML-KEM-1024,encap,544,108963,5880
ML-KEM-1024,encap,545,109055,5886
ML-KEM-1024,encap,546,108926,5879
ML-KEM-1024,encap,547,108963,5880
ML-KEM-1024,encap,548,108889,5876
ML-KEM-1024,encap,549,108926,5879
ML-KEM-1024,encap,550,119111,6425
ML-KEM-1024,encap,551,110056,5939
ML-KEM-1024,encap,552,108889,5877
ML-KEM-1024,encap,553,109037,5885
ML-KEM-1024,encap,554,109055,5886
ML-KEM-1024,encap,555,108981,5881
ML-KEM-1024,encap,556,108981,5883
ML-KEM-1024,encap,557,108926,5878
ML-KEM-1024,encap,558,108982,5882
ML-KEM-1024,encap,559,108944,5880
ML-KEM-1024,encap,560,109037,5885
ML-KEM-1024,encap,561,108926,5879
ML-KEM-1024,encap,562,108963,5880
ML-KEM-1024,encap,563,109037,5884
ML-KEM-1024,encap,564,109038,5885
ML-KEM-1024,encap,565,108945,5879
ML-KEM-1024,encap,566,108982,5882
ML-KEM-1024,encap,567,109037,5885
ML-KEM-1024,encap,568,109074,5886
ML-KEM-1024,encap,569,109018,5883
ML-KEM-1024,encap,570,109000,5884
ML-KEM-1024,encap,571,109037,5885
ML-KEM-1024,encap,572,108963,5880
ML-KEM-1024,encap,573,109074,5886
ML-KEM-1024,encap,574,109037,5885
ML-KEM-1024,encap,575,108963,5880
ML-KEM-1024,encap,576,109000,5884
ML-KEM-1024,encap,577,109055,5886
ML-KEM-1024,encap,578,109037,5886
ML-KEM-1024,encap,579,108945,5879
ML-KEM-1024,encap,580,108888,5876
ML-KEM-1024,encap,581,108963,5881
ML-KEM-1024,encap,582,108908,5877
ML-KEM-1024,encap,583,108962,5881
ML-KEM-1024,encap,584,109000,5883
ML-KEM-1024,encap,585,109000,5883
ML-KEM-1024,encap,586,118426,6388
ML-KEM-1024,encap,587,109796,5925
ML-KEM-1024,encap,588,108963,5880
ML-KEM-1024,encap,589,108963,5880
ML-KEM-1024,encap,590,108981,5882
ML-KEM-1024,encap,591,109148,5891
ML-KEM-1024,encap,592,109019,5883
ML-KEM-1024,encap,593,109000,5882
ML-KEM-1024,encap,594,109000,5883
ML-KEM-1024,encap,595,109037,5885
ML-KEM-1024,encap,596,108963,5881
ML-KEM-1024,encap,597,108981,5882
ML-KEM-1024,encap,598,108926,5879
ML-KEM-1024,encap,599,109056,5886
ML-KEM-1024,encap,600,109018,5883
ML-KEM-1024,encap,601,108945,5879
ML-KEM-1024,encap,602,108982,5882
ML-KEM-1024,encap,603,108963,5881
ML-KEM-1024,encap,604,109055,5886
ML-KEM-1024,encap,605,108981,5882
ML-KEM-1024,encap,606,108982,5881
ML-KEM-1024,encap,607,108981,5881
ML-KEM-1024,encap,608,109019,5883
ML-KEM-1024,encap,609,109037,5884
ML-KEM-1024,encap,610,109037,5884
ML-KEM-1024,encap,611,109037,5884
ML-KEM-1024,encap,612,109018,5883
ML-KEM-1024,encap,613,108981,5881
ML-KEM-1024,encap,614,108945,5880
ML-KEM-1024,encap,615,108963,5881
ML-KEM-1024,encap,616,109018,5883
ML-KEM-1024,encap,617,108963,5880
ML-KEM-1024,encap,618,108963,5881
ML-KEM-1024,encap,619,108963,5881
ML-KEM-1024,encap,620,109000,5884
ML-KEM-1024,encap,621,118463,6390
ML-KEM-1024,encap,622,110297,5952
ML-KEM-1024,encap,623,109166,5891
ML-KEM-1024,encap,624,109222,5894
ML-KEM-1024,encap,625,109203,5893
ML-KEM-1024,encap,626,109278,5898
ML-KEM-1024,encap,627,109167,5892
ML-KEM-1024,encap,628,109129,5890
ML-KEM-1024,encap,629,109204,5893
ML-KEM-1024,encap,630,109222,5894
ML-KEM-1024,encap,631,109166,5892
ML-KEM-1024,encap,632,109167,5891
ML-KEM-1024,encap,633,109167,5891
ML-KEM-1024,encap,634,110685,5973
ML-KEM-1024,encap,635,109185,5894
ML-KEM-1024,encap,636,109148,5890
ML-KEM-1024,encap,637,109148,5891
ML-KEM-1024,encap,638,109260,5897
ML-KEM-1024,encap,639,109167,5892
ML-KEM-1024,encap,640,109259,5896
ML-KEM-1024,encap,641,109148,5891
ML-KEM-1024,encap,642,109148,5892
ML-KEM-1024,encap,643,109092,5889
ML-KEM-1024,encap,644,109130,5890
ML-KEM-1024,encap,645,109167,5892
ML-KEM-1024,encap,646,109203,5893
ML-KEM-1024,encap,647,109111,5889
ML-KEM-1024,encap,648,109130,5889
ML-KEM-1024,encap,649,109055,5886
ML-KEM-1024,encap,650,109112,5889
ML-KEM-1024,encap,651,109148,5891
ML-KEM-1024,encap,652,109185,5894
ML-KEM-1024,encap,653,109167,5892
ML-KEM-1024,encap,654,109167,5892
ML-KEM-1024,encap,655,109130,5890
ML-KEM-1024,encap,656,109222,5894
ML-KEM-1024,encap,657,118815,6409
ML-KEM-1024,encap,658,110148,5945
ML-KEM-1024,encap,659,109074,5887
ML-KEM-1024,encap,660,109241,5896
ML-KEM-1024,encap,661,109148,5890
ML-KEM-1024,encap,662,109166,5890
ML-KEM-1024,encap,663,109092,5888
ML-KEM-1024,encap,664,109167,5892
ML-KEM-1024,encap,665,109185,5892
ML-KEM-1024,encap,666,109130,5890
ML-KEM-1024,encap,667,109203,5893
ML-KEM-1024,encap,668,109148,5891
ML-KEM-1024,encap,669,109075,5887
ML-KEM-1024,encap,670,109074,5886
ML-KEM-1024,encap,671,109037,5886
ML-KEM-1024,encap,672,109148,5891
ML-KEM-1024,encap,673,109111,5890
ML-KEM-1024,encap,674,109149,5891
ML-KEM-1024,encap,675,109278,5898
ML-KEM-1024,encap,676,109167,5892
ML-KEM-1024,encap,677,109185,5893
ML-KEM-1024,encap,678,109204,5895
ML-KEM-1024,encap,679,109222,5895
ML-KEM-1024,encap,680,109167,5891
ML-KEM-1024,encap,681,109093,5888
ML-KEM-1024,encap,682,109111,5889
ML-KEM-1024,encap,683,109111,5888
ML-KEM-1024,encap,684,109074,5886
ML-KEM-1024,encap,685,109203,5894
ML-KEM-1024,encap,686,109222,5896
ML-KEM-1024,encap,687,109259,5897
ML-KEM-1024,encap,688,109166,5892
ML-KEM-1024,encap,689,109240,5895
ML-KEM-1024,encap,690,109167,5891
ML-KEM-1024,encap,691,109185,5892
ML-KEM-1024,encap,692,118722,6405
ML-KEM-1024,encap,693,110222,5948
ML-KEM-1024,encap,694,109166,5891
ML-KEM-1024,encap,695,109186,5892
ML-KEM-1024,encap,696,109093,5888
ML-KEM-1024,encap,697,109166,5891
ML-KEM-1024,encap,698,109111,5889
ML-KEM-1024,encap,699,109130,5889
ML-KEM-1024,encap,700,109222,5895
ML-KEM-1024,encap,701,109185,5893
ML-KEM-1024,encap,702,109148,5890
ML-KEM-1024,encap,703,109093,5887
ML-KEM-1024,encap,704,109222,5895
ML-KEM-1024,encap,705,109130,5889
ML-KEM-1024,encap,706,109148,5892
ML-KEM-1024,encap,707,109222,5895
ML-KEM-1024,encap,708,109222,5895
ML-KEM-1024,encap,709,109223,5896
ML-KEM-1024,encap,710,109167,5891
ML-KEM-1024,encap,711,109093,5888
ML-KEM-1024,encap,712,109204,5893
ML-KEM-1024,encap,713,109185,5893
ML-KEM-1024,encap,714,109223,5894
ML-KEM-1024,encap,715,109167,5891
ML-KEM-1024,encap,716,109166,5892
ML-KEM-1024,encap,717,109166,5892
ML-KEM-1024,encap,718,109297,5899
ML-KEM-1024,encap,719,109148,5891
ML-KEM-1024,encap,720,109203,5894
ML-KEM-1024,encap,721,109204,5895
ML-KEM-1024,encap,722,109185,5892
ML-KEM-1024,encap,723,109167,5891
ML-KEM-1024,encap,724,109148,5890
ML-KEM-1024,encap,725,109203,5895
ML-KEM-1024,encap,726,109185,5893
ML-KEM-1024,encap,727,109130,5890
ML-KEM-1024,encap,728,118519,6392
ML-KEM-1024,encap,729,110038,5939
ML-KEM-1024,encap,730,109259,5897
ML-KEM-1024,encap,731,109222,5896
ML-KEM-1024,encap,732,109166,5892
ML-KEM-1024,encap,733,109111,5889
ML-KEM-1024,encap,734,109092,5887
ML-KEM-1024,encap,735,109167,5892
ML-KEM-1024,encap,736,109203,5894
ML-KEM-1024,encap,737,109148,5891
ML-KEM-1024,encap,738,109149,5891
ML-KEM-1024,encap,739,109130,5891
ML-KEM-1024,encap,740,109259,5896
ML-KEM-1024,encap,741,109149,5890
ML-KEM-1024,encap,742,109167,5892
ML-KEM-1024,encap,743,109092,5888
ML-KEM-1024,encap,744,109167,5892
ML-KEM-1024,encap,745,109185,5892
ML-KEM-1024,encap,746,109185,5894
ML-KEM-1024,encap,747,109129,5890
ML-KEM-1024,encap,748,109222,5894
ML-KEM-1024,encap,749,109111,5889
ML-KEM-1024,encap,750,109149,5890
ML-KEM-1024,encap,751,109148,5892
ML-KEM-1024,encap,752,109185,5893
ML-KEM-1024,encap,753,109240,5897
ML-KEM-1024,encap,754,110685,5973
ML-KEM-1024,encap,755,109352,5901
ML-KEM-1024,encap,756,109186,5893
ML-KEM-1024,encap,757,109130,5889
ML-KEM-1024,encap,758,109056,5887
ML-KEM-1024,encap,759,109074,5888
ML-KEM-1024,encap,760,109056,5886
ML-KEM-1024,encap,761,109130,5890
ML-KEM-1024,encap,762,109111,5888
ML-KEM-1024,encap,763,119148,6427
ML-KEM-1024,encap,764,110185,5947
ML-KEM-1024,encap,765,109240,5895
ML-KEM-1024,encap,766,109223,5895
ML-KEM-1024,encap,767,109204,5893
ML-KEM-1024,encap,768,109166,5891
ML-KEM-1024,encap,769,109074,5887
ML-KEM-1024,encap,770,109186,5893
ML-KEM-1024,encap,771,109259,5897
ML-KEM-1024,encap,772,109130,5889
ML-KEM-1024,encap,773,109204,5894
ML-KEM-1024,encap,774,109223,5894
ML-KEM-1024,encap,775,109148,5891
ML-KEM-1024,encap,776,109167,5892
ML-KEM-1024,encap,777,109092,5889
ML-KEM-1024,encap,778,109166,5892
ML-KEM-1024,encap,779,109204,5894
ML-KEM-1024,encap,780,109111,5888
ML-KEM-1024,encap,781,109149,5890
ML-KEM-1024,encap,782,109130,5890
ML-KEM-1024,encap,783,109130,5890
ML-KEM-1024,encap,784,108982,5883
ML-KEM-1024,encap,785,109186,5892
ML-KEM-1024,encap,786,109148,5891
ML-KEM-1024,encap,787,109074,5887
ML-KEM-1024,encap,788,109148,5891
ML-KEM-1024,encap,789,109074,5886
ML-KEM-1024,encap,790,109130,5890
ML-KEM-1024,encap,791,109037,5885
ML-KEM-1024,encap,792,109111,5889
ML-KEM-1024,encap,793,109167,5892
ML-KEM-1024,encap,794,109222,5895
ML-KEM-1024,encap,795,109333,5901
ML-KEM-1024,encap,796,109148,5890
ML-KEM-1024,encap,797,109185,5892
ML-KEM-1024,encap,798,109222,5895
ML-KEM-1024,encap,799,119518,6447
ML-KEM-1024,encap,800,110222,5948
ML-KEM-1024,encap,801,109185,5893
ML-KEM-1024,encap,802,109260,5897
ML-KEM-1024,encap,803,109167,5892
ML-KEM-1024,encap,804,109111,5889
ML-KEM-1024,encap,805,109056,5886
ML-KEM-1024,encap,806,109037,5885
ML-KEM-1024,encap,807,109093,5888
ML-KEM-1024,encap,808,109037,5885
ML-KEM-1024,encap,809,109019,5883
ML-KEM-1024,encap,810,109074,5886
ML-KEM-1024,encap,811,109129,5890
ML-KEM-1024,encap,812,109167,5891
ML-KEM-1024,encap,813,109111,5890
ML-KEM-1024,encap,814,109259,5896
ML-KEM-1024,encap,815,109166,5891
ML-KEM-1024,encap,816,109130,5890
ML-KEM-1024,encap,817,109222,5895
ML-KEM-1024,encap,818,109315,5899
ML-KEM-1024,encap,819,109241,5897
ML-KEM-1024,encap,820,109204,5894
ML-KEM-1024,encap,821,109204,5893
ML-KEM-1024,encap,822,109148,5890
ML-KEM-1024,encap,823,109222,5896
ML-KEM-1024,encap,824,109148,5890
ML-KEM-1024,encap,825,109296,5898
ML-KEM-1024,encap,826,109186,5892
ML-KEM-1024,encap,827,109111,5888
ML-KEM-1024,encap,828,109185,5893
ML-KEM-1024,encap,829,109167,5892
ML-KEM-1024,encap,830,109241,5895
ML-KEM-1024,encap,831,109166,5892
ML-KEM-1024,encap,832,109259,5896
ML-KEM-1024,encap,833,109166,5891
ML-KEM-1024,encap,834,118740,6406
ML-KEM-1024,encap,835,110222,5948
ML-KEM-1024,encap,836,109370,5902
ML-KEM-1024,encap,837,109260,5896
ML-KEM-1024,encap,838,109148,5891
ML-KEM-1024,encap,839,109148,5890
ML-KEM-1024,encap,840,109111,5888
ML-KEM-1024,encap,841,109204,5893
ML-KEM-1024,encap,842,109241,5896
ML-KEM-1024,encap,843,109260,5897
ML-KEM-1024,encap,844,109203,5894
ML-KEM-1024,encap,845,109056,5886
ML-KEM-1024,encap,846,109260,5896
ML-KEM-1024,encap,847,109092,5887
ML-KEM-1024,encap,848,109185,5892
ML-KEM-1024,encap,849,109149,5891
ML-KEM-1024,encap,850,109111,5889
ML-KEM-1024,encap,851,109241,5895
ML-KEM-1024,encap,852,109296,5898
ML-KEM-1024,encap,853,109240,5896
ML-KEM-1024,encap,854,109129,5890
ML-KEM-1024,encap,855,109111,5890
ML-KEM-1024,encap,856,109111,5888
ML-KEM-1024,encap,857,109222,5895
ML-KEM-1024,encap,858,109148,5890
ML-KEM-1024,encap,859,109129,5889
ML-KEM-1024,encap,860,109240,5895
ML-KEM-1024,encap,861,109075,5886
ML-KEM-1024,encap,862,109204,5893
ML-KEM-1024,encap,863,109092,5887
ML-KEM-1024,encap,864,109130,5890
ML-KEM-1024,encap,865,109093,5889
ML-KEM-1024,encap,866,109055,5885
ML-KEM-1024,encap,867,109130,5889
ML-KEM-1024,encap,868,109111,5889
ML-KEM-1024,encap,869,109092,5888
ML-KEM-1024,encap,870,118518,6393
ML-KEM-1024,encap,871,110018,5937
ML-KEM-1024,encap,872,109297,5899
ML-KEM-1024,encap,873,109149,5892
ML-KEM-1024,encap,874,109111,5888
ML-KEM-1024,encap,875,110833,5980
ML-KEM-1024,encap,876,109222,5894
ML-KEM-1024,encap,877,109204,5893
ML-KEM-1024,encap,878,109204,5894
ML-KEM-1024,encap,879,109203,5893
ML-KEM-1024,encap,880,109186,5893
ML-KEM-1024,encap,881,109093,5889
ML-KEM-1024,encap,882,109148,5890
ML-KEM-1024,encap,883,109185,5893
ML-KEM-1024,encap,884,109185,5893
ML-KEM-1024,encap,885,109037,5885
ML-KEM-1024,encap,886,109222,5894
ML-KEM-1024,encap,887,109129,5891
ML-KEM-1024,encap,888,109240,5895
ML-KEM-1024,encap,889,109149,5890
ML-KEM-1024,encap,890,109037,5884
ML-KEM-1024,encap,891,109204,5893
ML-KEM-1024,encap,892,109167,5892
ML-KEM-1024,encap,893,109148,5891
ML-KEM-1024,encap,894,109204,5894
ML-KEM-1024,encap,895,109130,5889
ML-KEM-1024,encap,896,109222,5895
ML-KEM-1024,encap,897,109130,5890
ML-KEM-1024,encap,898,109203,5895
ML-KEM-1024,encap,899,109055,5887
ML-KEM-1024,encap,900,109148,5890
ML-KEM-1024,encap,901,109130,5890
ML-KEM-1024,encap,902,109130,5889
ML-KEM-1024,encap,903,109148,5891
ML-KEM-1024,encap,904,109222,5895
ML-KEM-1024,encap,905,119148,6428
ML-KEM-1024,encap,906,110037,5938
ML-KEM-1024,encap,907,109241,5896
ML-KEM-1024,encap,908,109037,5884
ML-KEM-1024,encap,909,109093,5889
ML-KEM-1024,encap,910,109055,5886
ML-KEM-1024,encap,911,109018,5883
ML-KEM-1024,encap,912,109037,5884
ML-KEM-1024,encap,913,109093,5887
ML-KEM-1024,encap,914,109185,5892
ML-KEM-1024,encap,915,109185,5893
ML-KEM-1024,encap,916,109111,5889
ML-KEM-1024,encap,917,109223,5894
ML-KEM-1024,encap,918,109166,5893
ML-KEM-1024,encap,919,109204,5893
ML-KEM-1024,encap,920,109111,5890
ML-KEM-1024,encap,921,109148,5892
ML-KEM-1024,encap,922,109111,5889
ML-KEM-1024,encap,923,109186,5893
ML-KEM-1024,encap,924,109259,5896
ML-KEM-1024,encap,925,109167,5891
ML-KEM-1024,encap,926,109241,5895
ML-KEM-1024,encap,927,109259,5897
ML-KEM-1024,encap,928,109222,5894
ML-KEM-1024,encap,929,109204,5894
ML-KEM-1024,encap,930,109241,5895
ML-KEM-1024,encap,931,109148,5890
ML-KEM-1024,encap,932,109148,5891
ML-KEM-1024,encap,933,109222,5895
ML-KEM-1024,encap,934,109111,5889
ML-KEM-1024,encap,935,109203,5895
ML-KEM-1024,encap,936,109204,5894
ML-KEM-1024,encap,937,109204,5893
ML-KEM-1024,encap,938,109241,5896
ML-KEM-1024,encap,939,109148,5891
ML-KEM-1024,encap,940,117796,6355
ML-KEM-1024,encap,941,110463,5961
ML-KEM-1024,encap,942,109315,5900
ML-KEM-1024,encap,943,109167,5891
ML-KEM-1024,encap,944,109148,5891
ML-KEM-1024,encap,945,109056,5885
ML-KEM-1024,encap,946,109222,5895
ML-KEM-1024,encap,947,109148,5891
ML-KEM-1024,encap,948,109204,5894
ML-KEM-1024,encap,949,109130,5890
ML-KEM-1024,encap,950,109167,5891
ML-KEM-1024,encap,951,109074,5887
ML-KEM-1024,encap,952,109222,5895
ML-KEM-1024,encap,953,109167,5892
ML-KEM-1024,encap,954,109111,5890
ML-KEM-1024,encap,955,109130,5890
ML-KEM-1024,encap,956,109278,5898
ML-KEM-1024,encap,957,109204,5893
ML-KEM-1024,encap,958,109093,5888
ML-KEM-1024,encap,959,109093,5887
ML-KEM-1024,encap,960,109223,5894
ML-KEM-1024,encap,961,109167,5892
ML-KEM-1024,encap,962,109186,5893
ML-KEM-1024,encap,963,109167,5892
ML-KEM-1024,encap,964,109148,5890
ML-KEM-1024,encap,965,109111,5889
ML-KEM-1024,encap,966,109223,5894
ML-KEM-1024,encap,967,109129,5889
ML-KEM-1024,encap,968,109203,5895
ML-KEM-1024,encap,969,109222,5894
ML-KEM-1024,encap,970,109204,5893
ML-KEM-1024,encap,971,109148,5890
ML-KEM-1024,encap,972,109129,5890
ML-KEM-1024,encap,973,109055,5887
ML-KEM-1024,encap,974,109185,5894
ML-KEM-1024,encap,975,109111,5888
ML-KEM-1024,encap,976,125112,6748
ML-KEM-1024,encap,977,110796,5979
ML-KEM-1024,encap,978,109351,5901
ML-KEM-1024,encap,979,109259,5897
ML-KEM-1024,encap,980,109259,5898
ML-KEM-1024,encap,981,109240,5896
ML-KEM-1024,encap,982,109111,5888
ML-KEM-1024,encap,983,109204,5893
ML-KEM-1024,encap,984,109167,5892
ML-KEM-1024,encap,985,109259,5896
ML-KEM-1024,encap,986,109259,5896
ML-KEM-1024,encap,987,109074,5886
ML-KEM-1024,encap,988,109148,5892
ML-KEM-1024,encap,989,109148,5891
ML-KEM-1024,encap,990,109259,5897
ML-KEM-1024,encap,991,109334,5902
ML-KEM-1024,encap,992,109241,5896
ML-KEM-1024,encap,993,109130,5891
ML-KEM-1024,encap,994,109259,5897
ML-KEM-1024,encap,995,110796,5979
ML-KEM-1024,encap,996,109351,5901
ML-KEM-1024,encap,997,109167,5893
ML-KEM-1024,encap,998,109333,5901
ML-KEM-1024,encap,999,109166,5892
ML-KEM-1024,decap,0,165425,8929
ML-KEM-1024,decap,1,165444,8931
ML-KEM-1024,decap,2,165315,8924
ML-KEM-1024,decap,3,165444,8930
ML-KEM-1024,decap,4,174315,9408
ML-KEM-1024,decap,5,165833,8952
ML-KEM-1024,decap,6,165426,8929
ML-KEM-1024,decap,7,165296,8923
ML-KEM-1024,decap,8,165278,8921
ML-KEM-1024,decap,9,165314,8924
ML-KEM-1024,decap,10,165408,8929
ML-KEM-1024,decap,11,165370,8926
ML-KEM-1024,decap,12,165352,8926
ML-KEM-1024,decap,13,165389,8928
ML-KEM-1024,decap,14,165389,8928
ML-KEM-1024,decap,15,165500,8934
ML-KEM-1024,decap,16,165408,8929
ML-KEM-1024,decap,17,165352,8926
ML-KEM-1024,decap,18,165426,8929
ML-KEM-1024,decap,19,165426,8930
ML-KEM-1024,decap,20,165370,8927
ML-KEM-1024,decap,21,165408,8929
ML-KEM-1024,decap,22,165333,8925
ML-KEM-1024,decap,23,165388,8928
ML-KEM-1024,decap,24,165389,8928
ML-KEM-1024,decap,25,165352,8927
ML-KEM-1024,decap,26,165500,8933
ML-KEM-1024,decap,27,165333,8926
ML-KEM-1024,decap,28,228852,12349
ML-KEM-1024,decap,29,166519,8987
ML-KEM-1024,decap,30,165463,8931
ML-KEM-1024,decap,31,165426,8930
ML-KEM-1024,decap,32,165463,8932
ML-KEM-1024,decap,33,165537,8936
ML-KEM-1024,decap,34,165407,8930
ML-KEM-1024,decap,35,165537,8935
ML-KEM-1024,decap,36,165519,8934
ML-KEM-1024,decap,37,165463,8931
ML-KEM-1024,decap,38,165463,8932
ML-KEM-1024,decap,39,165389,8928
ML-KEM-1024,decap,40,165426,8929
ML-KEM-1024,decap,41,165445,8931
ML-KEM-1024,decap,42,165445,8930
ML-KEM-1024,decap,43,165463,8931
ML-KEM-1024,decap,44,165481,8932
ML-KEM-1024,decap,45,165426,8930
ML-KEM-1024,decap,46,165389,8928
ML-KEM-1024,decap,47,165445,8931
ML-KEM-1024,decap,48,165370,8927
ML-KEM-1024,decap,49,165408,8929
ML-KEM-1024,decap,50,165425,8930
ML-KEM-1024,decap,51,174833,9436
ML-KEM-1024,decap,52,166500,8987
ML-KEM-1024,decap,53,165389,8927
ML-KEM-1024,decap,54,165370,8927
ML-KEM-1024,decap,55,165500,8933
ML-KEM-1024,decap,56,165407,8928
ML-KEM-1024,decap,57,165351,8926
ML-KEM-1024,decap,58,165426,8930
ML-KEM-1024,decap,59,165407,8929
ML-KEM-1024,decap,60,165408,8929
ML-KEM-1024,decap,61,165482,8934
ML-KEM-1024,decap,62,165482,8932
ML-KEM-1024,decap,63,165463,8931
ML-KEM-1024,decap,64,165519,8935
ML-KEM-1024,decap,65,165408,8929
ML-KEM-1024,decap,66,165463,8932
ML-KEM-1024,decap,67,165463,8933
ML-KEM-1024,decap,68,165408,8928
ML-KEM-1024,decap,69,165481,8933
ML-KEM-1024,decap,70,165389,8927
ML-KEM-1024,decap,71,165388,8928
ML-KEM-1024,decap,72,165407,8928
ML-KEM-1024,decap,73,165388,8927
ML-KEM-1024,decap,74,165407,8929
ML-KEM-1024,decap,75,174926,9440
ML-KEM-1024,decap,76,165889,8955
ML-KEM-1024,decap,77,165445,8932
ML-KEM-1024,decap,78,165352,8927
ML-KEM-1024,decap,79,165426,8930
ML-KEM-1024,decap,80,165463,8933
ML-KEM-1024,decap,81,165481,8934
ML-KEM-1024,decap,82,165407,8928
ML-KEM-1024,decap,83,165463,8932
ML-KEM-1024,decap,84,165444,8930
ML-KEM-1024,decap,85,165537,8937
ML-KEM-1024,decap,86,165481,8933
ML-KEM-1024,decap,87,165463,8931
ML-KEM-1024,decap,88,165482,8932
ML-KEM-1024,decap,89,165463,8932
ML-KEM-1024,decap,90,165370,8928
ML-KEM-1024,decap,91,165500,8935
ML-KEM-1024,decap,92,165482,8932
ML-KEM-1024,decap,93,165370,8926
ML-KEM-1024,decap,94,165408,8928
ML-KEM-1024,decap,95,165408,8928
ML-KEM-1024,decap,96,165371,8927
ML-KEM-1024,decap,97,165463,8932
ML-KEM-1024,decap,98,165351,8926
ML-KEM-1024,decap,99,174426,9415
ML-KEM-1024,decap,100,165574,8937
ML-KEM-1024,decap,101,165482,8932
ML-KEM-1024,decap,102,165500,8933
ML-KEM-1024,decap,103,165351,8926
ML-KEM-1024,decap,104,165426,8930
ML-KEM-1024,decap,105,165426,8929
ML-KEM-1024,decap,106,165445,8931
ML-KEM-1024,decap,107,165445,8930
ML-KEM-1024,decap,108,165371,8928
ML-KEM-1024,decap,109,165407,8929
ML-KEM-1024,decap,110,165370,8928
ML-KEM-1024,decap,111,165371,8927
ML-KEM-1024,decap,112,165370,8927
ML-KEM-1024,decap,113,165352,8925
ML-KEM-1024,decap,114,165351,8925
ML-KEM-1024,decap,115,165426,8930
ML-KEM-1024,decap,116,165351,8926
ML-KEM-1024,decap,117,165426,8930
ML-KEM-1024,decap,118,165389,8927
ML-KEM-1024,decap,119,167334,9033
ML-KEM-1024,decap,120,165556,8936
ML-KEM-1024,decap,121,165463,8932
ML-KEM-1024,decap,122,174371,9411
ML-KEM-1024,decap,123,166278,8975
ML-KEM-1024,decap,124,165426,8929
ML-KEM-1024,decap,125,165371,8926
ML-KEM-1024,decap,126,165389,8929
ML-KEM-1024,decap,127,165426,8930
ML-KEM-1024,decap,128,165407,8930
ML-KEM-1024,decap,129,165500,8934
ML-KEM-1024,decap,130,165315,8925
ML-KEM-1024,decap,131,165408,8928
ML-KEM-1024,decap,132,165370,8926
ML-KEM-1024,decap,133,165371,8927
ML-KEM-1024,decap,134,165445,8931
ML-KEM-1024,decap,135,165407,8929
ML-KEM-1024,decap,136,165370,8927
ML-KEM-1024,decap,137,165462,8933
ML-KEM-1024,decap,138,165352,8927
ML-KEM-1024,decap,139,165463,8931
ML-KEM-1024,decap,140,165463,8932
ML-KEM-1024,decap,141,165444,8931
ML-KEM-1024,decap,142,165445,8931
ML-KEM-1024,decap,143,165407,8930
ML-KEM-1024,decap,144,165519,8935
ML-KEM-1024,decap,145,165500,8934
ML-KEM-1024,decap,146,174722,9431
ML-KEM-1024,decap,147,165537,8935
ML-KEM-1024,decap,148,165407,8928
ML-KEM-1024,decap,149,165482,8933
ML-KEM-1024,decap,150,165463,8932
ML-KEM-1024,decap,151,165445,8931
ML-KEM-1024,decap,152,165519,8934
ML-KEM-1024,decap,153,165556,8936
ML-KEM-1024,decap,154,165426,8930
ML-KEM-1024,decap,155,165463,8931
ML-KEM-1024,decap,156,165500,8933
ML-KEM-1024,decap,157,165426,8930
ML-KEM-1024,decap,158,165426,8930
ML-KEM-1024,decap,159,165519,8935
ML-KEM-1024,decap,160,165444,8930
ML-KEM-1024,decap,161,165537,8936
ML-KEM-1024,decap,162,165481,8932
ML-KEM-1024,decap,163,165426,8929
ML-KEM-1024,decap,164,165482,8933
ML-KEM-1024,decap,165,165426,8930
ML-KEM-1024,decap,166,165389,8929
ML-KEM-1024,decap,167,165500,8933
ML-KEM-1024,decap,168,165426,8929
ML-KEM-1024,decap,169,165370,8926
ML-KEM-1024,decap,170,174334,9408
ML-KEM-1024,decap,171,165722,8946
ML-KEM-1024,decap,172,165408,8927
ML-KEM-1024,decap,173,165370,8926
ML-KEM-1024,decap,174,165352,8925
ML-KEM-1024,decap,175,165371,8926
ML-KEM-1024,decap,176,165407,8928
ML-KEM-1024,decap,177,165445,8930
ML-KEM-1024,decap,178,165408,8928
ML-KEM-1024,decap,179,165463,8931
ML-KEM-1024,decap,180,165463,8932
ML-KEM-1024,decap,181,165445,8931
ML-KEM-1024,decap,182,165444,8930
ML-KEM-1024,decap,183,165518,8934
ML-KEM-1024,decap,184,165371,8927
ML-KEM-1024,decap,185,165352,8926
ML-KEM-1024,decap,186,165482,8932
ML-KEM-1024,decap,187,165445,8930
ML-KEM-1024,decap,188,165463,8933
ML-KEM-1024,decap,189,165463,8931
ML-KEM-1024,decap,190,165370,8927
ML-KEM-1024,decap,191,165555,8937
ML-KEM-1024,decap,192,165426,8929
ML-KEM-1024,decap,193,165407,8930
ML-KEM-1024,decap,194,174741,9432
ML-KEM-1024,decap,195,165574,8938
ML-KEM-1024,decap,196,165444,8931
ML-KEM-1024,decap,197,165389,8927
ML-KEM-1024,decap,198,165555,8936
ML-KEM-1024,decap,199,165518,8936
ML-KEM-1024,decap,200,165426,8930
ML-KEM-1024,decap,201,165426,8930
ML-KEM-1024,decap,202,165500,8934
ML-KEM-1024,decap,203,165426,8929
ML-KEM-1024,decap,204,165389,8928
ML-KEM-1024,decap,205,165426,8931
ML-KEM-1024,decap,206,165370,8927
ML-KEM-1024,decap,207,165481,8933
ML-KEM-1024,decap,208,165463,8931
ML-KEM-1024,decap,209,165444,8930
ML-KEM-1024,decap,210,165389,8929
ML-KEM-1024,decap,211,165426,8929
ML-KEM-1024,decap,212,165444,8932
ML-KEM-1024,decap,213,165574,8937
ML-KEM-1024,decap,214,165463,8931
ML-KEM-1024,decap,215,165481,8933
ML-KEM-1024,decap,216,165463,8933
ML-KEM-1024,decap,217,174537,9420
ML-KEM-1024,decap,218,165426,8930
ML-KEM-1024,decap,219,165389,8928
ML-KEM-1024,decap,220,165555,8935
ML-KEM-1024,decap,221,165518,8935
ML-KEM-1024,decap,222,165481,8932
ML-KEM-1024,decap,223,165500,8934
ML-KEM-1024,decap,224,165444,8931
ML-KEM-1024,decap,225,165426,8930
ML-KEM-1024,decap,226,165500,8934
ML-KEM-1024,decap,227,165444,8931
ML-KEM-1024,decap,228,165370,8928
ML-KEM-1024,decap,229,165500,8934
ML-KEM-1024,decap,230,165500,8934
ML-KEM-1024,decap,231,165463,8932
ML-KEM-1024,decap,232,165500,8934
ML-KEM-1024,decap,233,165482,8932
ML-KEM-1024,decap,234,165426,8930
ML-KEM-1024,decap,235,165482,8933
ML-KEM-1024,decap,236,165463,8931
ML-KEM-1024,decap,237,165463,8931
ML-KEM-1024,decap,238,165463,8931
ML-KEM-1024,decap,239,167130,9020
ML-KEM-1024,decap,240,165444,8931
ML-KEM-1024,decap,241,175370,9465
ML-KEM-1024,decap,242,165519,8935
ML-KEM-1024,decap,243,165352,8925
ML-KEM-1024,decap,244,165389,8928
ML-KEM-1024,decap,245,165370,8927
ML-KEM-1024,decap,246,165278,8922
ML-KEM-1024,decap,247,165462,8932
ML-KEM-1024,decap,248,165352,8925
ML-KEM-1024,decap,249,165370,8927
ML-KEM-1024,decap,250,165389,8928
ML-KEM-1024,decap,251,165370,8926
ML-KEM-1024,decap,252,165426,8930
ML-KEM-1024,decap,253,165389,8928
ML-KEM-1024,decap,254,165463,8931
ML-KEM-1024,decap,255,165426,8930
ML-KEM-1024,decap,256,165407,8928
ML-KEM-1024,decap,257,165481,8933
ML-KEM-1024,decap,258,165444,8931
ML-KEM-1024,decap,259,165334,8925
ML-KEM-1024,decap,260,165426,8929
ML-KEM-1024,decap,261,165370,8926
ML-KEM-1024,decap,262,165370,8926
ML-KEM-1024,decap,263,165444,8930
ML-KEM-1024,decap,264,165408,8929
ML-KEM-1024,decap,265,174407,9414
ML-KEM-1024,decap,266,165259,8921
ML-KEM-1024,decap,267,165463,8932
ML-KEM-1024,decap,268,165408,8929
ML-KEM-1024,decap,269,165370,8927
ML-KEM-1024,decap,270,165463,8931
ML-KEM-1024,decap,271,165444,8931
ML-KEM-1024,decap,272,165371,8927
ML-KEM-1024,decap,273,165444,8930
ML-KEM-1024,decap,274,165388,8928
ML-KEM-1024,decap,275,165519,8936
ML-KEM-1024,decap,276,165352,8927
ML-KEM-1024,decap,277,165408,8929
ML-KEM-1024,decap,278,165463,8932
ML-KEM-1024,decap,279,165408,8929
ML-KEM-1024,decap,280,165426,8930
ML-KEM-1024,decap,281,165482,8933
ML-KEM-1024,decap,282,165408,8928
ML-KEM-1024,decap,283,165408,8929
ML-KEM-1024,decap,284,165445,8930
ML-KEM-1024,decap,285,165297,8923
ML-KEM-1024,decap,286,165463,8931
ML-KEM-1024,decap,287,165444,8931
ML-KEM-1024,decap,288,174574,9421
ML-KEM-1024,decap,289,165481,8932
ML-KEM-1024,decap,290,165500,8933
ML-KEM-1024,decap,291,165500,8934
ML-KEM-1024,decap,292,165333,8925
ML-KEM-1024,decap,293,165352,8925
ML-KEM-1024,decap,294,165407,8929
ML-KEM-1024,decap,295,165445,8930
ML-KEM-1024,decap,296,165519,8934
ML-KEM-1024,decap,297,165445,8932
ML-KEM-1024,decap,298,165426,8930
ML-KEM-1024,decap,299,165444,8930
ML-KEM-1024,decap,300,165389,8927
ML-KEM-1024,decap,301,165389,8928
ML-KEM-1024,decap,302,165500,8934
ML-KEM-1024,decap,303,165408,8928
ML-KEM-1024,decap,304,165334,8926
ML-KEM-1024,decap,305,165518,8935
ML-KEM-1024,decap,306,165408,8929
ML-KEM-1024,decap,307,165408,8929
ML-KEM-1024,decap,308,165481,8933
ML-KEM-1024,decap,309,165370,8927
ML-KEM-1024,decap,310,165537,8935
ML-KEM-1024,decap,311,165426,8930
ML-KEM-1024,decap,312,174370,9411
ML-KEM-1024,decap,313,165518,8935
ML-KEM-1024,decap,314,165426,8930
ML-KEM-1024,decap,315,165500,8933
ML-KEM-1024,decap,316,165352,8926
ML-KEM-1024,decap,317,165408,8928
ML-KEM-1024,decap,318,165518,8934
ML-KEM-1024,decap,319,165408,8929
ML-KEM-1024,decap,320,165445,8931
ML-KEM-1024,decap,321,165426,8930
ML-KEM-1024,decap,322,165407,8929
ML-KEM-1024,decap,323,165481,8933
ML-KEM-1024,decap,324,165370,8927
ML-KEM-1024,decap,325,165444,8930
ML-KEM-1024,decap,326,165444,8932
ML-KEM-1024,decap,327,165352,8925
ML-KEM-1024,decap,328,165334,8924
ML-KEM-1024,decap,329,165482,8933
ML-KEM-1024,decap,330,165426,8930
ML-KEM-1024,decap,331,165518,8935
ML-KEM-1024,decap,332,165463,8932
ML-KEM-1024,decap,333,165444,8930
ML-KEM-1024,decap,334,165407,8928
ML-KEM-1024,decap,335,165352,8926
ML-KEM-1024,decap,336,174481,9417
ML-KEM-1024,decap,337,165259,8921
ML-KEM-1024,decap,338,165407,8928
ML-KEM-1024,decap,339,165481,8932
ML-KEM-1024,decap,340,165389,8928
ML-KEM-1024,decap,341,165482,8933
ML-KEM-1024,decap,342,165426,8929
ML-KEM-1024,decap,343,165481,8932
ML-KEM-1024,decap,344,165500,8933
ML-KEM-1024,decap,345,165445,8931
ML-KEM-1024,decap,346,165408,8929
ML-KEM-1024,decap,347,165444,8931
ML-KEM-1024,decap,348,165425,8930
ML-KEM-1024,decap,349,165407,8928
ML-KEM-1024,decap,350,165518,8934
ML-KEM-1024,decap,351,165444,8932
ML-KEM-1024,decap,352,165426,8930
ML-KEM-1024,decap,353,165574,8937
ML-KEM-1024,decap,354,165389,8928
ML-KEM-1024,decap,355,165519,8933
ML-KEM-1024,decap,356,165519,8934
ML-KEM-1024,decap,357,165444,8931
ML-KEM-1024,decap,358,165481,8932
ML-KEM-1024,decap,359,174388,9411
ML-KEM-1024,decap,360,167204,9024
ML-KEM-1024,decap,361,165463,8931
ML-KEM-1024,decap,362,165315,8924
ML-KEM-1024,decap,363,165389,8928
ML-KEM-1024,decap,364,165315,8924
ML-KEM-1024,decap,365,165426,8930
ML-KEM-1024,decap,366,165463,8931
ML-KEM-1024,decap,367,165407,8928
ML-KEM-1024,decap,368,165426,8930
ML-KEM-1024,decap,369,165408,8929
ML-KEM-1024,decap,370,165444,8932
ML-KEM-1024,decap,371,165463,8931
ML-KEM-1024,decap,372,165462,8933
ML-KEM-1024,decap,373,165463,8932
ML-KEM-1024,decap,374,165463,8932
ML-KEM-1024,decap,375,165389,8927
ML-KEM-1024,decap,376,165371,8926
ML-KEM-1024,decap,377,165389,8928
ML-KEM-1024,decap,378,165352,8925
ML-KEM-1024,decap,379,165370,8928
ML-KEM-1024,decap,380,165463,8931
ML-KEM-1024,decap,381,165426,8929
ML-KEM-1024,decap,382,165407,8929
ML-KEM-1024,decap,383,175352,9464
ML-KEM-1024,decap,384,165797,8949
ML-KEM-1024,decap,385,165500,8933
ML-KEM-1024,decap,386,165445,8931
ML-KEM-1024,decap,387,165389,8927
ML-KEM-1024,decap,388,165445,8932
ML-KEM-1024,decap,389,165444,8930
ML-KEM-1024,decap,390,165389,8928
ML-KEM-1024,decap,391,165426,8930
ML-KEM-1024,decap,392,165407,8928
ML-KEM-1024,decap,393,165463,8932
ML-KEM-1024,decap,394,165408,8929
ML-KEM-1024,decap,395,165426,8930
ML-KEM-1024,decap,396,165463,8931
ML-KEM-1024,decap,397,165389,8927
ML-KEM-1024,decap,398,165333,8924
ML-KEM-1024,decap,399,165463,8931
ML-KEM-1024,decap,400,165426,8929
ML-KEM-1024,decap,401,165333,8925
ML-KEM-1024,decap,402,165463,8931
ML-KEM-1024,decap,403,165370,8927
ML-KEM-1024,decap,404,165334,8924
ML-KEM-1024,decap,405,165389,8928
ML-KEM-1024,decap,406,165500,8934
ML-KEM-1024,decap,407,174778,9434
ML-KEM-1024,decap,408,165556,8937
ML-KEM-1024,decap,409,165481,8934
ML-KEM-1024,decap,410,165352,8926
ML-KEM-1024,decap,411,165426,8929
ML-KEM-1024,decap,412,165407,8929
ML-KEM-1024,decap,413,165445,8931
ML-KEM-1024,decap,414,165389,8928
ML-KEM-1024,decap,415,165463,8931
ML-KEM-1024,decap,416,165407,8929
ML-KEM-1024,decap,417,165370,8927
ML-KEM-1024,decap,418,165463,8932
ML-KEM-1024,decap,419,165389,8927
ML-KEM-1024,decap,420,165463,8931
ML-KEM-1024,decap,421,165445,8931
ML-KEM-1024,decap,422,165371,8926
ML-KEM-1024,decap,423,165408,8929
ML-KEM-1024,decap,424,165370,8926
ML-KEM-1024,decap,425,165370,8928
ML-KEM-1024,decap,426,165463,8931
ML-KEM-1024,decap,427,165408,8929
ML-KEM-1024,decap,428,165352,8926
ML-KEM-1024,decap,429,165445,8931
ML-KEM-1024,decap,430,174055,9394
ML-KEM-1024,decap,431,165630,8940
ML-KEM-1024,decap,432,165408,8929
ML-KEM-1024,decap,433,165445,8931
ML-KEM-1024,decap,434,165463,8932
ML-KEM-1024,decap,435,165389,8928
ML-KEM-1024,decap,436,165389,8928
ML-KEM-1024,decap,437,165445,8931
ML-KEM-1024,decap,438,165463,8932
ML-KEM-1024,decap,439,165463,8931
ML-KEM-1024,decap,440,165444,8931
ML-KEM-1024,decap,441,165519,8934
ML-KEM-1024,decap,442,165463,8931
ML-KEM-1024,decap,443,165481,8933
ML-KEM-1024,decap,444,165463,8933
ML-KEM-1024,decap,445,165481,8934
ML-KEM-1024,decap,446,165370,8927
ML-KEM-1024,decap,447,165426,8929
ML-KEM-1024,decap,448,165389,8927
ML-KEM-1024,decap,449,165426,8931
ML-KEM-1024,decap,450,165426,8930
ML-KEM-1024,decap,451,165389,8927
ML-KEM-1024,decap,452,165444,8931
ML-KEM-1024,decap,453,165444,8930
ML-KEM-1024,decap,454,174593,9424
ML-KEM-1024,decap,455,165463,8932
ML-KEM-1024,decap,456,165444,8930
ML-KEM-1024,decap,457,165556,8936
ML-KEM-1024,decap,458,165389,8928
ML-KEM-1024,decap,459,165389,8927
ML-KEM-1024,decap,460,165481,8933
ML-KEM-1024,decap,461,165408,8930
ML-KEM-1024,decap,462,165425,8930
ML-KEM-1024,decap,463,165518,8936
ML-KEM-1024,decap,464,165426,8931
ML-KEM-1024,decap,465,165481,8932
ML-KEM-1024,decap,466,165482,8933
ML-KEM-1024,decap,467,165445,8932
ML-KEM-1024,decap,468,165463,8932
ML-KEM-1024,decap,469,165463,8932
ML-KEM-1024,decap,470,165334,8925
ML-KEM-1024,decap,471,165556,8936
ML-KEM-1024,decap,472,165408,8929
ML-KEM-1024,decap,473,165407,8928
ML-KEM-1024,decap,474,165463,8932
ML-KEM-1024,decap,475,165389,8928
ML-KEM-1024,decap,476,165352,8925
ML-KEM-1024,decap,477,165426,8930
ML-KEM-1024,decap,478,174389,9413
ML-KEM-1024,decap,479,165315,8924
ML-KEM-1024,decap,480,167351,9033
ML-KEM-1024,decap,481,165556,8936
ML-KEM-1024,decap,482,165463,8933
ML-KEM-1024,decap,483,165574,8938
ML-KEM-1024,decap,484,165408,8929
ML-KEM-1024,decap,485,165519,8935
ML-KEM-1024,decap,486,165425,8929
ML-KEM-1024,decap,487,165371,8927
ML-KEM-1024,decap,488,165481,8933
ML-KEM-1024,decap,489,165333,8924
ML-KEM-1024,decap,490,165408,8929
ML-KEM-1024,decap,491,165500,8934
ML-KEM-1024,decap,492,165444,8930
ML-KEM-1024,decap,493,165389,8928
ML-KEM-1024,decap,494,165463,8932
ML-KEM-1024,decap,495,165408,8928
ML-KEM-1024,decap,496,165445,8932
ML-KEM-1024,decap,497,165426,8930
ML-KEM-1024,decap,498,165352,8926
ML-KEM-1024,decap,499,165426,8931
ML-KEM-1024,decap,500,165389,8927
ML-KEM-1024,decap,501,174629,9424
ML-KEM-1024,decap,502,166149,8969
ML-KEM-1024,decap,503,165037,8910
ML-KEM-1024,decap,504,165223,8920
ML-KEM-1024,decap,505,165444,8930
ML-KEM-1024,decap,506,165407,8929
ML-KEM-1024,decap,507,165482,8933
ML-KEM-1024,decap,508,165462,8931
ML-KEM-1024,decap,509,165389,8928
ML-KEM-1024,decap,510,165407,8929
ML-KEM-1024,decap,511,165352,8926
ML-KEM-1024,decap,512,165463,8932
ML-KEM-1024,decap,513,165407,8928
ML-KEM-1024,decap,514,165352,8927
ML-KEM-1024,decap,515,165482,8933
ML-KEM-1024,decap,516,165407,8928
ML-KEM-1024,decap,517,165463,8932
ML-KEM-1024,decap,518,165518,8935
ML-KEM-1024,decap,519,165389,8928
ML-KEM-1024,decap,520,165444,8931
ML-KEM-1024,decap,521,165463,8932
ML-KEM-1024,decap,522,165352,8926
ML-KEM-1024,decap,523,165426,8931
ML-KEM-1024,decap,524,165333,8926
ML-KEM-1024,decap,525,174593,9423
ML-KEM-1024,decap,526,165630,8940
ML-KEM-1024,decap,527,165407,8929
ML-KEM-1024,decap,528,165519,8935
ML-KEM-1024,decap,529,165463,8931
ML-KEM-1024,decap,530,165370,8927
ML-KEM-1024,decap,531,165389,8928
ML-KEM-1024,decap,532,165370,8928
ML-KEM-1024,decap,533,165445,8930
ML-KEM-1024,decap,534,165315,8925
ML-KEM-1024,decap,535,165352,8926
ML-KEM-1024,decap,536,165426,8929
ML-KEM-1024,decap,537,165370,8928
ML-KEM-1024,decap,538,165463,8932
ML-KEM-1024,decap,539,165482,8932
ML-KEM-1024,decap,540,165351,8926
ML-KEM-1024,decap,541,165352,8926
ML-KEM-1024,decap,542,165444,8931
ML-KEM-1024,decap,543,165389,8928
ML-KEM-1024,decap,544,165426,8930
ML-KEM-1024,decap,545,165388,8927
ML-KEM-1024,decap,546,165426,8930
ML-KEM-1024,decap,547,165537,8935
ML-KEM-1024,decap,548,165407,8930
ML-KEM-1024,decap,549,174519,9418
ML-KEM-1024,decap,550,165426,8930
ML-KEM-1024,decap,551,165407,8929
ML-KEM-1024,decap,552,165463,8932
ML-KEM-1024,decap,553,165519,8934
ML-KEM-1024,decap,554,165463,8932
ML-KEM-1024,decap,555,165519,8935
ML-KEM-1024,decap,556,165444,8931
ML-KEM-1024,decap,557,165482,8932
ML-KEM-1024,decap,558,165333,8925
ML-KEM-1024,decap,559,165352,8925
ML-KEM-1024,decap,560,165426,8930
ML-KEM-1024,decap,561,165333,8925
ML-KEM-1024,decap,562,165370,8926
ML-KEM-1024,decap,563,165408,8928
ML-KEM-1024,decap,564,165389,8927
ML-KEM-1024,decap,565,165426,8930
ML-KEM-1024,decap,566,165389,8927
ML-KEM-1024,decap,567,165388,8928
ML-KEM-1024,decap,568,165463,8932
ML-KEM-1024,decap,569,165407,8929
ML-KEM-1024,decap,570,165426,8931
ML-KEM-1024,decap,571,165611,8940
ML-KEM-1024,decap,572,165500,8934
ML-KEM-1024,decap,573,174277,9406
ML-KEM-1024,decap,574,165333,8925
ML-KEM-1024,decap,575,165500,8933
ML-KEM-1024,decap,576,165426,8931
ML-KEM-1024,decap,577,165426,8930
ML-KEM-1024,decap,578,165481,8933
ML-KEM-1024,decap,579,165371,8927
ML-KEM-1024,decap,580,165445,8930
ML-KEM-1024,decap,581,165500,8934
ML-KEM-1024,decap,582,165389,8927
ML-KEM-1024,decap,583,165463,8932
ML-KEM-1024,decap,584,165518,8935
ML-KEM-1024,decap,585,165426,8930
ML-KEM-1024,decap,586,165426,8930
ML-KEM-1024,decap,587,165407,8928
ML-KEM-1024,decap,588,165408,8929
ML-KEM-1024,decap,589,165444,8932
ML-KEM-1024,decap,590,165371,8926
ML-KEM-1024,decap,591,165352,8927
ML-KEM-1024,decap,592,165537,8936
ML-KEM-1024,decap,593,165352,8927
ML-KEM-1024,decap,594,165370,8926
ML-KEM-1024,decap,595,165426,8930
ML-KEM-1024,decap,596,174019,9391
ML-KEM-1024,decap,597,165463,8932
ML-KEM-1024,decap,598,165185,8918
ML-KEM-1024,decap,599,165463,8931
ML-KEM-1024,decap,600,165370,8926
ML-KEM-1024,decap,601,167352,9033
ML-KEM-1024,decap,602,165593,8939
ML-KEM-1024,decap,603,165426,8930
ML-KEM-1024,decap,604,165481,8933
ML-KEM-1024,decap,605,165444,8930
ML-KEM-1024,decap,606,165389,8928
ML-KEM-1024,decap,607,165426,8929
ML-KEM-1024,decap,608,165426,8930
ML-KEM-1024,decap,609,165408,8928
ML-KEM-1024,decap,610,165445,8932
ML-KEM-1024,decap,611,165481,8932
ML-KEM-1024,decap,612,165371,8927
ML-KEM-1024,decap,613,165463,8933
ML-KEM-1024,decap,614,165352,8926
ML-KEM-1024,decap,615,165371,8928
ML-KEM-1024,decap,616,165463,8931
ML-KEM-1024,decap,617,165370,8926
ML-KEM-1024,decap,618,165371,8926
ML-KEM-1024,decap,619,165481,8933
ML-KEM-1024,decap,620,175703,9483
ML-KEM-1024,decap,621,165463,8932
ML-KEM-1024,decap,622,165204,8917
ML-KEM-1024,decap,623,165426,8930
ML-KEM-1024,decap,624,165518,8936
ML-KEM-1024,decap,625,165407,8928
ML-KEM-1024,decap,626,165388,8927
ML-KEM-1024,decap,627,165463,8933
ML-KEM-1024,decap,628,165371,8927
ML-KEM-1024,decap,629,165371,8926
ML-KEM-1024,decap,630,165481,8933
ML-KEM-1024,decap,631,165426,8929
ML-KEM-1024,decap,632,165371,8927
ML-KEM-1024,decap,633,165482,8933
ML-KEM-1024,decap,634,165389,8927
ML-KEM-1024,decap,635,165482,8933
ML-KEM-1024,decap,636,165371,8928
ML-KEM-1024,decap,637,165408,8929
ML-KEM-1024,decap,638,165500,8934
ML-KEM-1024,decap,639,165389,8929
ML-KEM-1024,decap,640,165426,8930
ML-KEM-1024,decap,641,165482,8934
ML-KEM-1024,decap,642,165352,8925
ML-KEM-1024,decap,643,165389,8928
ML-KEM-1024,decap,644,175593,9477
ML-KEM-1024,decap,645,165796,8949
ML-KEM-1024,decap,646,165444,8931
ML-KEM-1024,decap,647,165482,8933
ML-KEM-1024,decap,648,165334,8925
ML-KEM-1024,decap,649,165407,8929
ML-KEM-1024,decap,650,165481,8932
ML-KEM-1024,decap,651,165481,8932
ML-KEM-1024,decap,652,165444,8931
ML-KEM-1024,decap,653,165444,8932
ML-KEM-1024,decap,654,165408,8928
ML-KEM-1024,decap,655,165408,8930
ML-KEM-1024,decap,656,165333,8924
ML-KEM-1024,decap,657,165389,8927
ML-KEM-1024,decap,658,165482,8933
ML-KEM-1024,decap,659,165408,8930
ML-KEM-1024,decap,660,165333,8926
ML-KEM-1024,decap,661,165481,8933
ML-KEM-1024,decap,662,165371,8926
ML-KEM-1024,decap,663,165500,8934
ML-KEM-1024,decap,664,165408,8930
ML-KEM-1024,decap,665,165370,8926
ML-KEM-1024,decap,666,165426,8929
ML-KEM-1024,decap,667,180593,9746
ML-KEM-1024,decap,668,165963,8959
ML-KEM-1024,decap,669,165130,8913
ML-KEM-1024,decap,670,165111,8913
ML-KEM-1024,decap,671,165315,8924
ML-KEM-1024,decap,672,165500,8933
ML-KEM-1024,decap,673,165389,8927
ML-KEM-1024,decap,674,165463,8931
ML-KEM-1024,decap,675,165408,8930
ML-KEM-1024,decap,676,165370,8928
ML-KEM-1024,decap,677,165519,8935
ML-KEM-1024,decap,678,165445,8930
ML-KEM-1024,decap,679,165388,8929
ML-KEM-1024,decap,680,165426,8930
ML-KEM-1024,decap,681,165500,8934
ML-KEM-1024,decap,682,165463,8931
ML-KEM-1024,decap,683,165407,8929
ML-KEM-1024,decap,684,165334,8925
ML-KEM-1024,decap,685,165407,8929
ML-KEM-1024,decap,686,165426,8929
ML-KEM-1024,decap,687,165370,8926
ML-KEM-1024,decap,688,165481,8933
ML-KEM-1024,decap,689,165426,8930
ML-KEM-1024,decap,690,165370,8927
ML-KEM-1024,decap,691,174796,9435
ML-KEM-1024,decap,692,165667,8942
ML-KEM-1024,decap,693,165444,8931
ML-KEM-1024,decap,694,165389,8928
ML-KEM-1024,decap,695,165333,8925
ML-KEM-1024,decap,696,165370,8928
ML-KEM-1024,decap,697,165370,8927
ML-KEM-1024,decap,698,165315,8924
ML-KEM-1024,decap,699,165426,8930
ML-KEM-1024,decap,700,165407,8928
ML-KEM-1024,decap,701,165426,8930
ML-KEM-1024,decap,702,165426,8930
ML-KEM-1024,decap,703,165463,8932
ML-KEM-1024,decap,704,165445,8930
ML-KEM-1024,decap,705,165407,8929
ML-KEM-1024,decap,706,165333,8925
ML-KEM-1024,decap,707,165426,8931
ML-KEM-1024,decap,708,165370,8926
ML-KEM-1024,decap,709,165389,8927
ML-KEM-1024,decap,710,165444,8931
ML-KEM-1024,decap,711,165481,8933
ML-KEM-1024,decap,712,165370,8927
ML-KEM-1024,decap,713,165371,8927
ML-KEM-1024,decap,714,165352,8925
ML-KEM-1024,decap,715,174352,9411
ML-KEM-1024,decap,716,165537,8935
ML-KEM-1024,decap,717,165463,8931
ML-KEM-1024,decap,718,165296,8922
ML-KEM-1024,decap,719,165352,8926
ML-KEM-1024,decap,720,165334,8925
ML-KEM-1024,decap,721,167148,9022
ML-KEM-1024,decap,722,165686,8944
ML-KEM-1024,decap,723,165389,8929
ML-KEM-1024,decap,724,165426,8931
ML-KEM-1024,decap,725,165518,8934
ML-KEM-1024,decap,726,165408,8928
ML-KEM-1024,decap,727,165334,8925
ML-KEM-1024,decap,728,165371,8927
ML-KEM-1024,decap,729,165426,8929
ML-KEM-1024,decap,730,165389,8927
ML-KEM-1024,decap,731,165315,8923
ML-KEM-1024,decap,732,165371,8926
ML-KEM-1024,decap,733,165315,8924
ML-KEM-1024,decap,734,165370,8927
ML-KEM-1024,decap,735,165334,8925
ML-KEM-1024,decap,736,165296,8923
ML-KEM-1024,decap,737,165371,8926
ML-KEM-1024,decap,738,175426,9468
ML-KEM-1024,decap,739,165463,8932
ML-KEM-1024,decap,740,165333,8925
ML-KEM-1024,decap,741,165389,8927
ML-KEM-1024,decap,742,165463,8931
ML-KEM-1024,decap,743,165426,8930
ML-KEM-1024,decap,744,165352,8926
ML-KEM-1024,decap,745,165407,8929
ML-KEM-1024,decap,746,165389,8928
ML-KEM-1024,decap,747,165444,8931
ML-KEM-1024,decap,748,165370,8927
ML-KEM-1024,decap,749,165389,8928
ML-KEM-1024,decap,750,165482,8932
ML-KEM-1024,decap,751,165389,8928
ML-KEM-1024,decap,752,165370,8927
ML-KEM-1024,decap,753,165537,8936
ML-KEM-1024,decap,754,165407,8929
ML-KEM-1024,decap,755,165389,8927
ML-KEM-1024,decap,756,165333,8924
ML-KEM-1024,decap,757,165371,8926
ML-KEM-1024,decap,758,165351,8926
ML-KEM-1024,decap,759,165260,8921
ML-KEM-1024,decap,760,165371,8926
ML-KEM-1024,decap,761,165445,8931
ML-KEM-1024,decap,762,174296,9407
ML-KEM-1024,decap,763,165500,8934
ML-KEM-1024,decap,764,165407,8930
ML-KEM-1024,decap,765,165426,8930
ML-KEM-1024,decap,766,165370,8926
ML-KEM-1024,decap,767,165334,8924
ML-KEM-1024,decap,768,165370,8927
ML-KEM-1024,decap,769,165352,8926
ML-KEM-1024,decap,770,165444,8930
ML-KEM-1024,decap,771,165371,8927
ML-KEM-1024,decap,772,165352,8926
ML-KEM-1024,decap,773,165463,8931
ML-KEM-1024,decap,774,165389,8928
ML-KEM-1024,decap,775,165370,8927
ML-KEM-1024,decap,776,165445,8931
ML-KEM-1024,decap,777,165315,8924
ML-KEM-1024,decap,778,165426,8930
ML-KEM-1024,decap,779,165463,8932
ML-KEM-1024,decap,780,165351,8925
ML-KEM-1024,decap,781,165463,8932
ML-KEM-1024,decap,782,165352,8926
ML-KEM-1024,decap,783,165408,8928
ML-KEM-1024,decap,784,165407,8928
ML-KEM-1024,decap,785,165333,8925
ML-KEM-1024,decap,786,182018,9823
ML-KEM-1024,decap,787,165518,8934
ML-KEM-1024,decap,788,165518,8935
ML-KEM-1024,decap,789,165296,8922
ML-KEM-1024,decap,790,165481,8932
ML-KEM-1024,decap,791,165426,8930
ML-KEM-1024,decap,792,165296,8924
ML-KEM-1024,decap,793,165444,8931
ML-KEM-1024,decap,794,165297,8923
ML-KEM-1024,decap,795,165389,8928
ML-KEM-1024,decap,796,165537,8937
ML-KEM-1024,decap,797,165297,8923
ML-KEM-1024,decap,798,165296,8923
ML-KEM-1024,decap,799,165389,8928
ML-KEM-1024,decap,800,165370,8926
ML-KEM-1024,decap,801,165518,8936
ML-KEM-1024,decap,802,165370,8927
ML-KEM-1024,decap,803,165389,8928
ML-KEM-1024,decap,804,165426,8930
ML-KEM-1024,decap,805,165426,8930
ML-KEM-1024,decap,806,165370,8927
ML-KEM-1024,decap,807,165445,8930
ML-KEM-1024,decap,808,165426,8930
ML-KEM-1024,decap,809,174908,9441
ML-KEM-1024,decap,810,165463,8931
ML-KEM-1024,decap,811,165037,8909
ML-KEM-1024,decap,812,165333,8925
ML-KEM-1024,decap,813,165352,8926
ML-KEM-1024,decap,814,165463,8933
ML-KEM-1024,decap,815,165444,8932
ML-KEM-1024,decap,816,165334,8926
ML-KEM-1024,decap,817,165389,8927
ML-KEM-1024,decap,818,165408,8928
ML-KEM-1024,decap,819,165482,8933
ML-KEM-1024,decap,820,165314,8923
ML-KEM-1024,decap,821,165463,8932
ML-KEM-1024,decap,822,165555,8936
ML-KEM-1024,decap,823,165407,8928
ML-KEM-1024,decap,824,165389,8928
ML-KEM-1024,decap,825,165500,8933
ML-KEM-1024,decap,826,165352,8925
ML-KEM-1024,decap,827,165389,8927
ML-KEM-1024,decap,828,165518,8935
ML-KEM-1024,decap,829,165444,8931
ML-KEM-1024,decap,830,165463,8932
ML-KEM-1024,decap,831,165426,8930
ML-KEM-1024,decap,832,165426,8930
ML-KEM-1024,decap,833,174519,9418
ML-KEM-1024,decap,834,165852,8952
ML-KEM-1024,decap,835,165482,8934
ML-KEM-1024,decap,836,165445,8931
ML-KEM-1024,decap,837,165334,8924
ML-KEM-1024,decap,838,165388,8927
ML-KEM-1024,decap,839,165408,8929
ML-KEM-1024,decap,840,165426,8931
ML-KEM-1024,decap,841,165407,8929
ML-KEM-1024,decap,842,167093,9018
ML-KEM-1024,decap,843,165518,8935
ML-KEM-1024,decap,844,165426,8930
ML-KEM-1024,decap,845,165500,8934
ML-KEM-1024,decap,846,165370,8926
ML-KEM-1024,decap,847,165444,8931
ML-KEM-1024,decap,848,165407,8929
ML-KEM-1024,decap,849,165426,8931
ML-KEM-1024,decap,850,165408,8928
ML-KEM-1024,decap,851,165388,8928
ML-KEM-1024,decap,852,165389,8928
ML-KEM-1024,decap,853,165445,8931
ML-KEM-1024,decap,854,165389,8927
ML-KEM-1024,decap,855,165389,8927
ML-KEM-1024,decap,856,165463,8931
ML-KEM-1024,decap,857,176352,9518
ML-KEM-1024,decap,858,165315,8925
ML-KEM-1024,decap,859,165445,8931
ML-KEM-1024,decap,860,165333,8926
ML-KEM-1024,decap,861,165277,8923
ML-KEM-1024,decap,862,165426,8929
ML-KEM-1024,decap,863,165370,8927
ML-KEM-1024,decap,864,165426,8929
ML-KEM-1024,decap,865,165370,8926
ML-KEM-1024,decap,866,165389,8927
ML-KEM-1024,decap,867,165426,8930
ML-KEM-1024,decap,868,165426,8930
ML-KEM-1024,decap,869,165408,8930
ML-KEM-1024,decap,870,165426,8930
ML-KEM-1024,decap,871,165389,8927
ML-KEM-1024,decap,872,165481,8933
ML-KEM-1024,decap,873,165519,8935
ML-KEM-1024,decap,874,165370,8926
ML-KEM-1024,decap,875,165426,8929
ML-KEM-1024,decap,876,165351,8925
ML-KEM-1024,decap,877,165444,8931
ML-KEM-1024,decap,878,165426,8930
ML-KEM-1024,decap,879,165407,8928
ML-KEM-1024,decap,880,174592,9423
ML-KEM-1024,decap,881,165500,8934
ML-KEM-1024,decap,882,165314,8924
ML-KEM-1024,decap,883,165408,8929
ML-KEM-1024,decap,884,165407,8928
ML-KEM-1024,decap,885,165426,8929
ML-KEM-1024,decap,886,165370,8926
ML-KEM-1024,decap,887,165389,8927
ML-KEM-1024,decap,888,165463,8931
ML-KEM-1024,decap,889,165334,8926
ML-KEM-1024,decap,890,165444,8930
ML-KEM-1024,decap,891,165519,8935
ML-KEM-1024,decap,892,165389,8926
ML-KEM-1024,decap,893,165555,8937
ML-KEM-1024,decap,894,165426,8930
ML-KEM-1024,decap,895,165352,8926
ML-KEM-1024,decap,896,165407,8929
ML-KEM-1024,decap,897,165315,8923
ML-KEM-1024,decap,898,165352,8926
ML-KEM-1024,decap,899,165481,8933
ML-KEM-1024,decap,900,165315,8923
ML-KEM-1024,decap,901,165389,8929
ML-KEM-1024,decap,902,165463,8932
ML-KEM-1024,decap,903,165352,8926
ML-KEM-1024,decap,904,174352,9409
ML-KEM-1024,decap,905,165537,8936
ML-KEM-1024,decap,906,165407,8928
ML-KEM-1024,decap,907,165314,8925
ML-KEM-1024,decap,908,165315,8923
ML-KEM-1024,decap,909,165352,8927
ML-KEM-1024,decap,910,165370,8928
ML-KEM-1024,decap,911,165463,8932
ML-KEM-1024,decap,912,165334,8924
ML-KEM-1024,decap,913,165389,8928
ML-KEM-1024,decap,914,165500,8934
ML-KEM-1024,decap,915,165500,8933
ML-KEM-1024,decap,916,165389,8928
ML-KEM-1024,decap,917,165445,8931
ML-KEM-1024,decap,918,165371,8926
ML-KEM-1024,decap,919,165500,8934
ML-KEM-1024,decap,920,165500,8934
ML-KEM-1024,decap,921,165370,8927
ML-KEM-1024,decap,922,165556,8936
ML-KEM-1024,decap,923,165388,8928
ML-KEM-1024,decap,924,165408,8928
ML-KEM-1024,decap,925,165481,8933
ML-KEM-1024,decap,926,165444,8931
ML-KEM-1024,decap,927,165389,8928
ML-KEM-1024,decap,928,174482,9416
ML-KEM-1024,decap,929,165333,8924
ML-KEM-1024,decap,930,165574,8938
ML-KEM-1024,decap,931,165426,8929
ML-KEM-1024,decap,932,165481,8933
ML-KEM-1024,decap,933,165351,8926
ML-KEM-1024,decap,934,165352,8926
ML-KEM-1024,decap,935,165444,8930
ML-KEM-1024,decap,936,165426,8930
ML-KEM-1024,decap,937,165408,8929
ML-KEM-1024,decap,938,165426,8930
ML-KEM-1024,decap,939,165333,8925
ML-KEM-1024,decap,940,165463,8932
ML-KEM-1024,decap,941,165408,8929
ML-KEM-1024,decap,942,165408,8928
ML-KEM-1024,decap,943,165445,8931
ML-KEM-1024,decap,944,165408,8929
ML-KEM-1024,decap,945,165370,8926
ML-KEM-1024,decap,946,165463,8932
ML-KEM-1024,decap,947,165407,8928
ML-KEM-1024,decap,948,165334,8924
ML-KEM-1024,decap,949,165389,8929
ML-KEM-1024,decap,950,165389,8928
ML-KEM-1024,decap,951,173777,9379
ML-KEM-1024,decap,952,166259,8975
ML-KEM-1024,decap,953,165389,8929
ML-KEM-1024,decap,954,165352,8925
ML-KEM-1024,decap,955,165297,8923
ML-KEM-1024,decap,956,165500,8935
ML-KEM-1024,decap,957,165389,8927
ML-KEM-1024,decap,958,165334,8924
ML-KEM-1024,decap,959,165518,8935
ML-KEM-1024,decap,960,165334,8925
ML-KEM-1024,decap,961,165500,8934
ML-KEM-1024,decap,962,167223,9027
ML-KEM-1024,decap,963,165574,8937
ML-KEM-1024,decap,964,165408,8929
ML-KEM-1024,decap,965,165444,8931
ML-KEM-1024,decap,966,165519,8935
ML-KEM-1024,decap,967,165426,8931
ML-KEM-1024,decap,968,165426,8929
ML-KEM-1024,decap,969,165444,8930
ML-KEM-1024,decap,970,165388,8928
ML-KEM-1024,decap,971,165426,8930
ML-KEM-1024,decap,972,165500,8933
ML-KEM-1024,decap,973,165407,8929
ML-KEM-1024,decap,974,165463,8932
ML-KEM-1024,decap,975,175463,9469
ML-KEM-1024,decap,976,165593,8938
ML-KEM-1024,decap,977,165574,8937
ML-KEM-1024,decap,978,165334,8925
ML-KEM-1024,decap,979,165370,8927
ML-KEM-1024,decap,980,165408,8929
ML-KEM-1024,decap,981,165388,8929
ML-KEM-1024,decap,982,165445,8930
ML-KEM-1024,decap,983,165352,8926
ML-KEM-1024,decap,984,165444,8932
ML-KEM-1024,decap,985,165445,8931
ML-KEM-1024,decap,986,165426,8930
ML-KEM-1024,decap,987,165407,8929
ML-KEM-1024,decap,988,165370,8927
ML-KEM-1024,decap,989,165352,8926
ML-KEM-1024,decap,990,165444,8930
ML-KEM-1024,decap,991,165463,8932
ML-KEM-1024,decap,992,165370,8928
ML-KEM-1024,decap,993,165481,8932
ML-KEM-1024,decap,994,165389,8927
ML-KEM-1024,decap,995,165426,8930
ML-KEM-1024,decap,996,165407,8929
ML-KEM-1024,decap,997,165389,8928
ML-KEM-1024,decap,998,165426,8930
ML-KEM-1024,decap,999,174796,9435
