algo,op,iter,wall_ns,cycles
ecdsa-P-521,keygen,0,1106965,2975354
ecdsa-P-521,keygen,1,1103928,2967296
ecdsa-P-521,keygen,2,1103097,2965058
ecdsa-P-521,keygen,3,1102441,2963302
ecdsa-P-521,keygen,4,1103368,2965784
ecdsa-P-521,keygen,5,1106581,2974422
ecdsa-P-521,keygen,6,1103884,2967174
ecdsa-P-521,keygen,7,1101761,2961470
ecdsa-P-521,keygen,8,1106249,2973536
ecdsa-P-521,keygen,9,1107485,2976856
ecdsa-P-521,keygen,10,1102792,2964240
ecdsa-P-521,keygen,11,1104675,2969306
ecdsa-P-521,keygen,12,1102840,2964376
ecdsa-P-521,keygen,13,1105239,2970814
ecdsa-P-521,keygen,14,1101975,2962044
ecdsa-P-521,keygen,15,1119310,3008638
ecdsa-P-521,keygen,16,1102858,2964422
ecdsa-P-521,keygen,17,1103142,2965182
ecdsa-P-521,keygen,18,1105900,2972596
ecdsa-P-521,keygen,19,1104329,2968370
ecdsa-P-521,keygen,20,1103248,2965466
ecdsa-P-521,keygen,21,1103053,2964944
ecdsa-P-521,keygen,22,1101448,2960628
ecdsa-P-521,keygen,23,1108235,2978866
ecdsa-P-521,keygen,24,1100878,2959094
ecdsa-P-521,keygen,25,1107728,2977508
ecdsa-P-521,keygen,26,1105569,2971706
ecdsa-P-521,keygen,27,1105397,2971248
ecdsa-P-521,keygen,28,1109058,2981078
ecdsa-P-521,keygen,29,1110181,2984100
ecdsa-P-521,keygen,30,1105630,2971872
ecdsa-P-521,keygen,31,1104334,2968386
ecdsa-P-521,keygen,32,1106081,2973080
ecdsa-P-521,keygen,33,1104940,2970010
ecdsa-P-521,keygen,34,1110338,2984526
ecdsa-P-521,keygen,35,1102118,2962426
ecdsa-P-521,keygen,36,1107647,2977286
ecdsa-P-521,keygen,37,1106360,2973832
ecdsa-P-521,keygen,38,1104279,2968234
ecdsa-P-521,keygen,39,1103812,2966986
ecdsa-P-521,keygen,40,1101250,2960094
ecdsa-P-521,keygen,41,1105728,2972132
ecdsa-P-521,keygen,42,1107348,2976486
ecdsa-P-521,keygen,43,1107906,2977986
ecdsa-P-521,keygen,44,1104019,2967540
ecdsa-P-521,keygen,45,1105226,2970786
ecdsa-P-521,keygen,46,1107099,2975822
ecdsa-P-521,keygen,47,1103518,2966198
ecdsa-P-521,keygen,48,1102246,2962776
ecdsa-P-521,keygen,49,1102491,2963436
ecdsa-P-521,keygen,50,1104197,2968020
ecdsa-P-521,keygen,51,1104272,2968216
ecdsa-P-521,keygen,52,1103981,2967434
ecdsa-P-521,keygen,53,1124667,3023036
ecdsa-P-521,keygen,54,1107536,2976982
ecdsa-P-521,keygen,55,1105066,2970356
ecdsa-P-521,keygen,56,1106906,2975300
ecdsa-P-521,keygen,57,1101663,2961202
ecdsa-P-521,keygen,58,1108606,2979868
ecdsa-P-521,keygen,59,1101690,2961284
ecdsa-P-521,keygen,60,1099863,2956364
ecdsa-P-521,keygen,61,1103043,2964910
ecdsa-P-521,keygen,62,1102616,2963766
ecdsa-P-521,keygen,63,1103835,2967042
ecdsa-P-521,keygen,64,1102159,2962544
ecdsa-P-521,keygen,65,1104948,2970036
ecdsa-P-521,keygen,66,1103027,2964870
ecdsa-P-521,keygen,67,1102084,2962338
ecdsa-P-521,keygen,68,1101058,2959586
ecdsa-P-521,keygen,69,1101133,2959784
ecdsa-P-521,keygen,70,1101009,2959444
ecdsa-P-521,keygen,71,1103038,2964902
ecdsa-P-521,keygen,72,1106692,2974728
ecdsa-P-521,keygen,73,1102272,2962848
ecdsa-P-521,keygen,74,1102055,2962266
ecdsa-P-521,keygen,75,1107030,2975632
ecdsa-P-521,keygen,76,1101468,2960682
ecdsa-P-521,keygen,77,1114531,2995772
ecdsa-P-521,keygen,78,1105929,2972666
ecdsa-P-521,keygen,79,1107514,2976928
ecdsa-P-521,keygen,80,1102769,2964182
ecdsa-P-521,keygen,81,1106915,2975324
ecdsa-P-521,keygen,82,1103162,2965238
ecdsa-P-521,keygen,83,1108318,2979098
ecdsa-P-521,keygen,84,1107568,2977076
ecdsa-P-521,keygen,85,1106195,2973392
ecdsa-P-521,keygen,86,1106610,2974506
ecdsa-P-521,keygen,87,1101563,2960938
ecdsa-P-521,keygen,88,1102704,2964010
ecdsa-P-521,keygen,89,1114424,2995510
ecdsa-P-521,keygen,90,1103968,2967402
ecdsa-P-521,keygen,91,1104718,2969420
ecdsa-P-521,keygen,92,1110913,2986066
ecdsa-P-521,keygen,93,1104080,2967702
ecdsa-P-521,keygen,94,1104452,2968704
ecdsa-P-521,keygen,95,1104313,2968324
ecdsa-P-521,keygen,96,1107138,2975916
ecdsa-P-521,keygen,97,1103870,2967140
ecdsa-P-521,keygen,98,1105610,2971818
ecdsa-P-521,keygen,99,1105242,2970830
ecdsa-P-521,keygen,100,1104245,2968150
ecdsa-P-521,keygen,101,1109560,2982430
ecdsa-P-521,keygen,102,1104749,2969446
ecdsa-P-521,keygen,103,1133747,3047442
ecdsa-P-521,keygen,104,1101538,2960862
ecdsa-P-521,keygen,105,1106704,2974756
ecdsa-P-521,keygen,106,1101394,2960482
ecdsa-P-521,keygen,107,1103699,2966678
ecdsa-P-521,keygen,108,1104241,2968140
ecdsa-P-521,keygen,109,1106204,2973412
ecdsa-P-521,keygen,110,1105509,2971542
ecdsa-P-521,keygen,111,1127847,3031586
ecdsa-P-521,keygen,112,1111053,2986446
ecdsa-P-521,keygen,113,1100471,2958000
ecdsa-P-521,keygen,114,1102293,2962906
ecdsa-P-521,keygen,115,1107602,2977170
ecdsa-P-521,keygen,116,1102811,2964290
ecdsa-P-521,keygen,117,1103070,2964986
ecdsa-P-521,keygen,118,1104769,2969558
ecdsa-P-521,keygen,119,1104372,2968492
ecdsa-P-521,keygen,120,1112705,2990890
ecdsa-P-521,keygen,121,1105032,2970262
ecdsa-P-521,keygen,122,1107998,2978236
ecdsa-P-521,keygen,123,1102308,2962942
ecdsa-P-521,keygen,124,1104913,2969950
ecdsa-P-521,keygen,125,1102219,2962702
ecdsa-P-521,keygen,126,1105274,2970838
ecdsa-P-521,keygen,127,1103318,2965658
ecdsa-P-521,keygen,128,1103579,2966356
ecdsa-P-521,keygen,129,1104995,2970166
ecdsa-P-521,keygen,130,1103026,2964872
ecdsa-P-521,keygen,131,1105639,2971894
ecdsa-P-521,keygen,132,1105054,2970296
ecdsa-P-521,keygen,133,1110958,2986190
ecdsa-P-521,keygen,134,1102398,2963180
ecdsa-P-521,keygen,135,1102030,2962192
ecdsa-P-521,keygen,136,1104559,2968988
ecdsa-P-521,keygen,137,1103580,2966364
ecdsa-P-521,keygen,138,1103404,2965892
ecdsa-P-521,keygen,139,1101524,2960836
ecdsa-P-521,keygen,140,1101425,2960564
ecdsa-P-521,keygen,141,1105697,2972046
ecdsa-P-521,keygen,142,1104793,2969620
ecdsa-P-521,keygen,143,1102433,2963276
ecdsa-P-521,keygen,144,1106706,2974760
ecdsa-P-521,keygen,145,1101986,2962078
ecdsa-P-521,keygen,146,1105194,2970694
ecdsa-P-521,keygen,147,1105570,2971708
ecdsa-P-521,keygen,148,1103260,2965500
ecdsa-P-521,keygen,149,1108131,2978592
ecdsa-P-521,keygen,150,1103360,2965766
ecdsa-P-521,keygen,151,1101711,2961332
ecdsa-P-521,keygen,152,1103871,2967140
ecdsa-P-521,keygen,153,1101390,2960470
ecdsa-P-521,keygen,154,1104673,2969296
ecdsa-P-521,keygen,155,1102486,2963416
ecdsa-P-521,keygen,156,1100684,2958578
ecdsa-P-521,keygen,157,1104110,2967790
ecdsa-P-521,keygen,158,1106771,2974940
ecdsa-P-521,keygen,159,1103031,2964888
ecdsa-P-521,keygen,160,1102183,2962606
ecdsa-P-521,keygen,161,1100187,2957238
ecdsa-P-521,keygen,162,1104296,2968282
ecdsa-P-521,keygen,163,1108360,2979206
ecdsa-P-521,keygen,164,1106457,2974088
ecdsa-P-521,keygen,165,1105157,2970594
ecdsa-P-521,keygen,166,1101807,2961592
ecdsa-P-521,keygen,167,1104184,2967978
ecdsa-P-521,keygen,168,1103656,2966564
ecdsa-P-521,keygen,169,1119906,3010248
ecdsa-P-521,keygen,170,1111863,2988608
ecdsa-P-521,keygen,171,1102010,2962136
ecdsa-P-521,keygen,172,1105674,2971986
ecdsa-P-521,keygen,173,1101577,2960978
ecdsa-P-521,keygen,174,1104561,2968996
ecdsa-P-521,keygen,175,1103364,2965752
ecdsa-P-521,keygen,176,1103778,2966890
ecdsa-P-521,keygen,177,1101782,2961528
ecdsa-P-521,keygen,178,1104419,2968616
ecdsa-P-521,keygen,179,1103342,2965722
ecdsa-P-521,keygen,180,1104224,2968092
ecdsa-P-521,keygen,181,1103451,2966012
ecdsa-P-521,keygen,182,1105631,2971872
ecdsa-P-521,keygen,183,1102010,2962134
ecdsa-P-521,keygen,184,1107092,2975796
ecdsa-P-521,keygen,185,1105604,2971796
ecdsa-P-521,keygen,186,1105301,2970984
ecdsa-P-521,keygen,187,1107549,2977030
ecdsa-P-521,keygen,188,1104692,2969356
ecdsa-P-521,keygen,189,1104092,2967732
ecdsa-P-521,keygen,190,1101369,2960340
ecdsa-P-521,keygen,191,1110439,2984796
ecdsa-P-521,keygen,192,1103004,2964762
ecdsa-P-521,keygen,193,1119016,3007796
ecdsa-P-521,keygen,194,1107550,2977028
ecdsa-P-521,keygen,195,1106885,2975174
ecdsa-P-521,keygen,196,1103400,2965872
ecdsa-P-521,keygen,197,1104758,2969528
ecdsa-P-521,keygen,198,1105000,2970178
ecdsa-P-521,keygen,199,1111291,2987092
ecdsa-P-521,keygen,200,1104166,2967936
ecdsa-P-521,keygen,201,1104025,2967558
ecdsa-P-521,keygen,202,1106201,2973356
ecdsa-P-521,keygen,203,1102353,2963064
ecdsa-P-521,keygen,204,1109775,2983014
ecdsa-P-521,keygen,205,1105811,2972354
ecdsa-P-521,keygen,206,1111416,2987426
ecdsa-P-521,keygen,207,1102969,2964718
ecdsa-P-521,keygen,208,1104683,2969330
ecdsa-P-521,keygen,209,1104947,2970032
ecdsa-P-521,keygen,210,1102085,2962342
ecdsa-P-521,keygen,211,1102219,2962698
ecdsa-P-521,keygen,212,1103656,2966560
ecdsa-P-521,keygen,213,1105046,2970304
ecdsa-P-521,keygen,214,1107180,2976040
ecdsa-P-521,keygen,215,1110593,2985212
ecdsa-P-521,keygen,216,1102800,2964266
ecdsa-P-521,keygen,217,1103585,2966376
ecdsa-P-521,keygen,218,1102563,2963626
ecdsa-P-521,keygen,219,1100759,2958778
ecdsa-P-521,keygen,220,1101689,2961278
ecdsa-P-521,keygen,221,1103360,2965770
ecdsa-P-521,keygen,222,1100994,2959410
ecdsa-P-521,keygen,223,1105848,2972454
ecdsa-P-521,keygen,224,1103179,2965278
ecdsa-P-521,keygen,225,1105438,2971356
ecdsa-P-521,keygen,226,1114427,2995510
ecdsa-P-521,keygen,227,1104695,2969354
ecdsa-P-521,keygen,228,1104640,2969204
ecdsa-P-521,keygen,229,1103255,2965488
ecdsa-P-521,keygen,230,1103507,2966164
ecdsa-P-521,keygen,231,1105008,2970194
ecdsa-P-521,keygen,232,1102574,2963652
ecdsa-P-521,keygen,233,1108048,2978372
ecdsa-P-521,keygen,234,1102321,2962976
ecdsa-P-521,keygen,235,1103835,2967044
ecdsa-P-521,keygen,236,1105445,2971368
ecdsa-P-521,keygen,237,1105502,2971522
ecdsa-P-521,keygen,238,1103392,2965852
ecdsa-P-521,keygen,239,1103020,2964850
ecdsa-P-521,keygen,240,1106792,2974988
ecdsa-P-521,keygen,241,1103384,2965828
ecdsa-P-521,keygen,242,1105356,2971132
ecdsa-P-521,keygen,243,1104008,2967508
ecdsa-P-521,keygen,244,1103745,2966800
ecdsa-P-521,keygen,245,1100074,2956932
ecdsa-P-521,keygen,246,1101330,2960316
ecdsa-P-521,keygen,247,1106642,2974594
ecdsa-P-521,keygen,248,1102042,2962226
ecdsa-P-521,keygen,249,1101306,2960248
ecdsa-P-521,keygen,250,1105994,2972846
ecdsa-P-521,keygen,251,1103515,2966182
ecdsa-P-521,keygen,252,1103821,2967006
ecdsa-P-521,keygen,253,1101332,2960316
ecdsa-P-521,keygen,254,1101656,2961186
ecdsa-P-521,keygen,255,1112825,2991208
ecdsa-P-521,keygen,256,1104055,2967640
ecdsa-P-521,keygen,257,1109902,2983354
ecdsa-P-521,keygen,258,1106048,2972998
ecdsa-P-521,keygen,259,1104121,2967814
ecdsa-P-521,keygen,260,1102962,2964700
ecdsa-P-521,keygen,261,1104685,2969326
ecdsa-P-521,keygen,262,1102404,2963198
ecdsa-P-521,keygen,263,1114531,2995732
ecdsa-P-521,keygen,264,1102710,2964006
ecdsa-P-521,keygen,265,1103417,2965918
ecdsa-P-521,keygen,266,1103634,2966502
ecdsa-P-521,keygen,267,1103908,2967240
ecdsa-P-521,keygen,268,1102891,2964506
ecdsa-P-521,keygen,269,1105305,2970996
ecdsa-P-521,keygen,270,1104253,2968166
ecdsa-P-521,keygen,271,1106280,2973620
ecdsa-P-521,keygen,272,1108999,2980930
ecdsa-P-521,keygen,273,1107544,2977020
ecdsa-P-521,keygen,274,1108331,2979138
ecdsa-P-521,keygen,275,1102846,2964388
ecdsa-P-521,keygen,276,1107053,2975698
ecdsa-P-521,keygen,277,1103920,2967274
ecdsa-P-521,keygen,278,1106795,2974998
ecdsa-P-521,keygen,279,1104315,2968336
ecdsa-P-521,keygen,280,1105535,2971612
ecdsa-P-521,keygen,281,1102356,2963068
ecdsa-P-521,keygen,282,1102236,2962744
ecdsa-P-521,keygen,283,1103244,2965462
ecdsa-P-521,keygen,284,1120182,3010986
ecdsa-P-521,keygen,285,1106937,2975388
ecdsa-P-521,keygen,286,1103973,2967420
ecdsa-P-521,keygen,287,1103448,2966006
ecdsa-P-521,keygen,288,1104098,2967752
ecdsa-P-521,keygen,289,1102294,2962906
ecdsa-P-521,keygen,290,1103960,2967384
ecdsa-P-521,keygen,291,1102963,2964700
ecdsa-P-521,keygen,292,1106229,2973484
ecdsa-P-521,keygen,293,1108401,2979322
ecdsa-P-521,keygen,294,1104822,2969702
ecdsa-P-521,keygen,295,1103841,2967066
ecdsa-P-521,keygen,296,1105727,2972132
ecdsa-P-521,keygen,297,1104642,2969216
ecdsa-P-521,keygen,298,1105847,2972456
ecdsa-P-521,keygen,299,1105805,2972344
ecdsa-P-521,keygen,300,1107651,2977302
ecdsa-P-521,keygen,301,1106997,2975546
ecdsa-P-521,keygen,302,1104101,2967764
ecdsa-P-521,keygen,303,1104349,2968428
ecdsa-P-521,keygen,304,1103393,2965854
ecdsa-P-521,keygen,305,1101902,2961850
ecdsa-P-521,keygen,306,1102890,2964504
ecdsa-P-521,keygen,307,1108692,2980102
ecdsa-P-521,keygen,308,1103225,2965400
ecdsa-P-521,keygen,309,1104011,2967516
ecdsa-P-521,keygen,310,1104119,2967804
ecdsa-P-521,keygen,311,1104041,2967596
ecdsa-P-521,keygen,312,1104770,2969558
ecdsa-P-521,keygen,313,1102323,2962976
ecdsa-P-521,keygen,314,1104557,2968986
ecdsa-P-521,keygen,315,1103333,2965698
ecdsa-P-521,keygen,316,1102857,2964420
ecdsa-P-521,keygen,317,1106491,2974190
ecdsa-P-521,keygen,318,1106863,2975186
ecdsa-P-521,keygen,319,1103812,2966986
ecdsa-P-521,keygen,320,1105091,2970420
ecdsa-P-521,keygen,321,1102021,2962168
ecdsa-P-521,keygen,322,1101890,2961820
ecdsa-P-521,keygen,323,1104372,2968494
ecdsa-P-521,keygen,324,1102877,2964470
ecdsa-P-521,keygen,325,1110504,2984940
ecdsa-P-521,keygen,326,1103831,2967036
ecdsa-P-521,keygen,327,1106021,2972924
ecdsa-P-521,keygen,328,1105518,2971574
ecdsa-P-521,keygen,329,1102534,2963550
ecdsa-P-521,keygen,330,1113127,2992026
ecdsa-P-521,keygen,331,1104908,2969930
ecdsa-P-521,keygen,332,1102098,2962382
ecdsa-P-521,keygen,333,1108971,2980848
ecdsa-P-521,keygen,334,1105518,2971566
ecdsa-P-521,keygen,335,1103856,2967102
ecdsa-P-521,keygen,336,1102523,2963518
ecdsa-P-521,keygen,337,1102589,2963694
ecdsa-P-521,keygen,338,1101546,2960886
ecdsa-P-521,keygen,339,1104663,2969274
ecdsa-P-521,keygen,340,1107520,2976950
ecdsa-P-521,keygen,341,1104025,2967560
ecdsa-P-521,keygen,342,1120417,3011616
ecdsa-P-521,keygen,343,1104434,2968652
ecdsa-P-521,keygen,344,1104386,2968526
ecdsa-P-521,keygen,345,1104391,2968540
ecdsa-P-521,keygen,346,1100601,2958348
ecdsa-P-521,keygen,347,1105893,2972574
ecdsa-P-521,keygen,348,1104474,2968762
ecdsa-P-521,keygen,349,1103864,2967124
ecdsa-P-521,keygen,350,1104021,2967550
ecdsa-P-521,keygen,351,1102263,2962826
ecdsa-P-521,keygen,352,1111408,2987406
ecdsa-P-521,keygen,353,1105500,2971526
ecdsa-P-521,keygen,354,1106092,2973116
ecdsa-P-521,keygen,355,1113367,2992614
ecdsa-P-521,keygen,356,1106948,2975410
ecdsa-P-521,keygen,357,1104194,2968010
ecdsa-P-521,keygen,358,1109041,2981034
ecdsa-P-521,keygen,359,1104440,2968668
ecdsa-P-521,keygen,360,1103161,2965236
ecdsa-P-521,keygen,361,1103230,2965416
ecdsa-P-521,keygen,362,1103279,2965548
ecdsa-P-521,keygen,363,1103586,2966378
ecdsa-P-521,keygen,364,1101851,2961706
ecdsa-P-521,keygen,365,1100509,2958110
ecdsa-P-521,keygen,366,1104525,2968906
ecdsa-P-521,keygen,367,1102831,2964352
ecdsa-P-521,keygen,368,1103739,2966784
ecdsa-P-521,keygen,369,1101953,2961988
ecdsa-P-521,keygen,370,1102444,2963308
ecdsa-P-521,keygen,371,1104781,2969584
ecdsa-P-521,keygen,372,1100434,2957894
ecdsa-P-521,keygen,373,1107713,2977468
ecdsa-P-521,keygen,374,1109261,2981628
ecdsa-P-521,keygen,375,1101860,2961740
ecdsa-P-521,keygen,376,1106768,2974928
ecdsa-P-521,keygen,377,1101621,2961098
ecdsa-P-521,keygen,378,1104213,2968066
ecdsa-P-521,keygen,379,1104922,2969968
ecdsa-P-521,keygen,380,1102549,2963588
ecdsa-P-521,keygen,381,1102632,2963816
ecdsa-P-521,keygen,382,1104238,2968130
ecdsa-P-521,keygen,383,1104511,2968866
ecdsa-P-521,keygen,384,1103247,2965466
ecdsa-P-521,keygen,385,1103586,2966378
ecdsa-P-521,keygen,386,1102287,2962890
ecdsa-P-521,keygen,387,1101176,2959896
ecdsa-P-521,keygen,388,1106232,2973486
ecdsa-P-521,keygen,389,1100599,2958346
ecdsa-P-521,keygen,390,1102992,2964780
ecdsa-P-521,keygen,391,1101064,2959596
ecdsa-P-521,keygen,392,1102421,2963248
ecdsa-P-521,keygen,393,1105041,2970282
ecdsa-P-521,keygen,394,1108238,2978884
ecdsa-P-521,keygen,395,1109903,2983350
ecdsa-P-521,keygen,396,1106102,2973138
ecdsa-P-521,keygen,397,1108135,2978602
ecdsa-P-521,keygen,398,1102773,2964192
ecdsa-P-521,keygen,399,1102591,2963706
ecdsa-P-521,keygen,400,1109607,2982562
ecdsa-P-521,keygen,401,1100718,2958664
ecdsa-P-521,keygen,402,1103219,2965384
ecdsa-P-521,keygen,403,1101821,2961628
ecdsa-P-521,keygen,404,1107141,2975934
ecdsa-P-521,keygen,405,1108337,2979144
ecdsa-P-521,keygen,406,1105056,2970324
ecdsa-P-521,keygen,407,1104177,2967968
ecdsa-P-521,keygen,408,1099535,2955486
ecdsa-P-521,keygen,409,1101956,2961990
ecdsa-P-521,keygen,410,1103106,2965084
ecdsa-P-521,keygen,411,1102101,2962380
ecdsa-P-521,keygen,412,1105480,2971462
ecdsa-P-521,keygen,413,1104942,2970024
ecdsa-P-521,keygen,414,1103133,2965088
ecdsa-P-521,keygen,415,1107134,2975866
ecdsa-P-521,keygen,416,1105431,2971334
ecdsa-P-521,keygen,417,1110492,2984936
ecdsa-P-521,keygen,418,1101918,2961894
ecdsa-P-521,keygen,419,1103974,2967416
ecdsa-P-521,keygen,420,1101437,2960596
ecdsa-P-521,keygen,421,1105827,2972398
ecdsa-P-521,keygen,422,1101351,2960364
ecdsa-P-521,keygen,423,1105786,2972288
ecdsa-P-521,keygen,424,1103065,2964920
ecdsa-P-521,keygen,425,1104142,2967868
ecdsa-P-521,keygen,426,1101563,2960942
ecdsa-P-521,keygen,427,1101087,2959654
ecdsa-P-521,keygen,428,1108516,2979630
ecdsa-P-521,keygen,429,1104580,2969052
ecdsa-P-521,keygen,430,1101226,2960036
ecdsa-P-521,keygen,431,1103689,2966654
ecdsa-P-521,keygen,432,1106090,2973112
ecdsa-P-521,keygen,433,1104364,2968472
ecdsa-P-521,keygen,434,1110081,2983836
ecdsa-P-521,keygen,435,1105825,2972392
ecdsa-P-521,keygen,436,1109191,2981440
ecdsa-P-521,keygen,437,1103387,2965836
ecdsa-P-521,keygen,438,1104352,2968436
ecdsa-P-521,keygen,439,1102007,2962126
ecdsa-P-521,keygen,440,1103536,2966246
ecdsa-P-521,keygen,441,1102478,2963398
ecdsa-P-521,keygen,442,1104747,2969498
ecdsa-P-521,keygen,443,1104138,2967860
ecdsa-P-521,keygen,444,1102969,2964718
ecdsa-P-521,keygen,445,1107430,2976704
ecdsa-P-521,keygen,446,1104767,2969554
ecdsa-P-521,keygen,447,1103680,2966630
ecdsa-P-521,keygen,448,1112605,2990600
ecdsa-P-521,keygen,449,1104902,2969910
ecdsa-P-521,keygen,450,1105854,2972472
ecdsa-P-521,keygen,451,1106464,2974108
ecdsa-P-521,keygen,452,1104113,2967792
ecdsa-P-521,keygen,453,1104619,2969150
ecdsa-P-521,keygen,454,1104896,2969902
ecdsa-P-521,keygen,455,1102350,2963058
ecdsa-P-521,keygen,456,1104497,2968826
ecdsa-P-521,keygen,457,1103577,2966356
ecdsa-P-521,keygen,458,1112549,2990468
ecdsa-P-521,keygen,459,1104975,2970116
ecdsa-P-521,keygen,460,1106564,2974380
ecdsa-P-521,keygen,461,1104986,2970140
ecdsa-P-521,keygen,462,1104151,2967890
ecdsa-P-521,keygen,463,1105659,2971948
ecdsa-P-521,keygen,464,1106250,2973540
ecdsa-P-521,keygen,465,1101448,2960632
ecdsa-P-521,keygen,466,1102072,2962310
ecdsa-P-521,keygen,467,1106183,2973358
ecdsa-P-521,keygen,468,1102481,2963412
ecdsa-P-521,keygen,469,1104328,2968370
ecdsa-P-521,keygen,470,1103823,2967016
ecdsa-P-521,keygen,471,1105909,2972622
ecdsa-P-521,keygen,472,1106791,2974994
ecdsa-P-521,keygen,473,1103606,2966426
ecdsa-P-521,keygen,474,1104381,2968512
ecdsa-P-521,keygen,475,1101504,2960778
ecdsa-P-521,keygen,476,1103268,2965522
ecdsa-P-521,keygen,477,1105824,2972394
ecdsa-P-521,keygen,478,1101613,2961076
ecdsa-P-521,keygen,479,1104961,2970074
ecdsa-P-521,keygen,480,1104945,2970034
ecdsa-P-521,keygen,481,1105686,2972024
ecdsa-P-521,keygen,482,1105405,2971270
ecdsa-P-521,keygen,483,1106031,2972950
ecdsa-P-521,keygen,484,1104484,2968792
ecdsa-P-521,keygen,485,1104348,2968428
ecdsa-P-521,keygen,486,1102980,2964748
ecdsa-P-521,keygen,487,1102446,2963314
ecdsa-P-521,keygen,488,1107229,2976166
ecdsa-P-521,keygen,489,1102768,2964176
ecdsa-P-521,keygen,490,1105568,2971706
ecdsa-P-521,keygen,491,1104054,2967636
ecdsa-P-521,keygen,492,1104334,2968382
ecdsa-P-521,keygen,493,1102650,2963856
ecdsa-P-521,keygen,494,1109054,2981074
ecdsa-P-521,keygen,495,1103940,2967326
ecdsa-P-521,keygen,496,1109028,2981004
ecdsa-P-521,keygen,497,1105893,2972574
ecdsa-P-521,keygen,498,1103406,2965888
ecdsa-P-521,keygen,499,1102467,2963370
ecdsa-P-521,keygen,500,1103233,2965428
ecdsa-P-521,keygen,501,1101067,2959608
ecdsa-P-521,keygen,502,1103829,2967034
ecdsa-P-521,keygen,503,1104174,2967960
ecdsa-P-521,keygen,504,1101054,2959566
ecdsa-P-521,keygen,505,1104738,2969478
ecdsa-P-521,keygen,506,1103033,2964884
ecdsa-P-521,keygen,507,1102094,2962362
ecdsa-P-521,keygen,508,1102004,2962122
ecdsa-P-521,keygen,509,1126270,3027354
ecdsa-P-521,keygen,510,1103071,2964990
ecdsa-P-521,keygen,511,1108399,2979312
ecdsa-P-521,keygen,512,1103569,2966326
ecdsa-P-521,keygen,513,1105241,2970820
ecdsa-P-521,keygen,514,1101944,2961966
ecdsa-P-521,keygen,515,1110090,2983862
ecdsa-P-521,keygen,516,1101969,2962034
ecdsa-P-521,keygen,517,1105642,2971900
ecdsa-P-521,keygen,518,1104978,2970114
ecdsa-P-521,keygen,519,1103564,2966310
ecdsa-P-521,keygen,520,1107604,2977176
ecdsa-P-521,keygen,521,1104683,2969324
ecdsa-P-521,keygen,522,1103185,2965302
ecdsa-P-521,keygen,523,1105843,2972438
ecdsa-P-521,keygen,524,1107178,2976036
ecdsa-P-521,keygen,525,1105158,2970606
ecdsa-P-521,keygen,526,1102710,2964024
ecdsa-P-521,keygen,527,1105374,2971186
ecdsa-P-521,keygen,528,1104948,2970040
ecdsa-P-521,keygen,529,1112462,2990238
ecdsa-P-521,keygen,530,1106098,2973122
ecdsa-P-521,keygen,531,1103503,2966152
ecdsa-P-521,keygen,532,1102516,2963504
ecdsa-P-521,keygen,533,1105734,2972150
ecdsa-P-521,keygen,534,1109860,2983244
ecdsa-P-521,keygen,535,1103158,2965220
ecdsa-P-521,keygen,536,1105674,2971986
ecdsa-P-521,keygen,537,1106937,2975380
ecdsa-P-521,keygen,538,1105337,2971084
ecdsa-P-521,keygen,539,1105914,2972636
ecdsa-P-521,keygen,540,1110193,2984106
ecdsa-P-521,keygen,541,1104169,2967942
ecdsa-P-521,keygen,542,1103180,2965280
ecdsa-P-521,keygen,543,1102276,2962850
ecdsa-P-521,keygen,544,1103793,2966930
ecdsa-P-521,keygen,545,1103064,2964972
ecdsa-P-521,keygen,546,1103661,2966572
ecdsa-P-521,keygen,547,1108842,2980500
ecdsa-P-521,keygen,548,1102663,2963850
ecdsa-P-521,keygen,549,1106300,2973674
ecdsa-P-521,keygen,550,1113204,2992224
ecdsa-P-521,keygen,551,1105249,2970848
ecdsa-P-521,keygen,552,1103242,2965454
ecdsa-P-521,keygen,553,1111182,2986772
ecdsa-P-521,keygen,554,1107134,2975916
ecdsa-P-521,keygen,555,1105995,2972848
ecdsa-P-521,keygen,556,1103435,2965966
ecdsa-P-521,keygen,557,1104781,2969588
ecdsa-P-521,keygen,558,1111554,2987794
ecdsa-P-521,keygen,559,1102366,2963094
ecdsa-P-521,keygen,560,1109424,2982064
ecdsa-P-521,keygen,561,1103245,2965456
ecdsa-P-521,keygen,562,1101681,2961252
ecdsa-P-521,keygen,563,1102537,2963562
ecdsa-P-521,keygen,564,1105160,2970604
ecdsa-P-521,keygen,565,1112010,2989016
ecdsa-P-521,keygen,566,1105174,2970644
ecdsa-P-521,keygen,567,1110600,2985226
ecdsa-P-521,keygen,568,1108148,2978644
ecdsa-P-521,keygen,569,1106608,2974494
ecdsa-P-521,keygen,570,1103293,2965590
ecdsa-P-521,keygen,571,1105112,2970476
ecdsa-P-521,keygen,572,1106997,2975540
ecdsa-P-521,keygen,573,1103688,2966652
ecdsa-P-521,keygen,574,1105492,2971500
ecdsa-P-521,keygen,575,1102546,2963576
ecdsa-P-521,keygen,576,1102770,2964182
ecdsa-P-521,keygen,577,1103160,2965226
ecdsa-P-521,keygen,578,1103977,2967428
ecdsa-P-521,keygen,579,1102046,2962230
ecdsa-P-521,keygen,580,1107202,2976090
ecdsa-P-521,keygen,581,1103814,2966988
ecdsa-P-521,keygen,582,1109024,2980994
ecdsa-P-521,keygen,583,1104399,2968560
ecdsa-P-521,keygen,584,1101491,2960736
ecdsa-P-521,keygen,585,1104337,2968400
ecdsa-P-521,keygen,586,1101999,2962114
ecdsa-P-521,keygen,587,1103966,2967398
ecdsa-P-521,keygen,588,1107693,2977412
ecdsa-P-521,keygen,589,1100047,2956862
ecdsa-P-521,keygen,590,1104925,2969972
ecdsa-P-521,keygen,591,1103212,2965368
ecdsa-P-521,keygen,592,1101847,2961700
ecdsa-P-521,keygen,593,1102490,2963426
ecdsa-P-521,keygen,594,1102740,2964100
ecdsa-P-521,keygen,595,1105968,2972774
ecdsa-P-521,keygen,596,1112566,2990510
ecdsa-P-521,keygen,597,1101018,2959470
ecdsa-P-521,keygen,598,1105268,2970898
ecdsa-P-521,keygen,599,1108258,2978924
ecdsa-P-521,keygen,600,1106456,2974088
ecdsa-P-521,keygen,601,1105872,2972522
ecdsa-P-521,keygen,602,1100671,2958538
ecdsa-P-521,keygen,603,1106035,2972958
ecdsa-P-521,keygen,604,1102847,2964390
ecdsa-P-521,keygen,605,1107114,2975860
ecdsa-P-521,keygen,606,1107477,2976836
ecdsa-P-521,keygen,607,1104508,2968780
ecdsa-P-521,keygen,608,1103953,2967360
ecdsa-P-521,keygen,609,1101162,2959852
ecdsa-P-521,keygen,610,1105089,2970418
ecdsa-P-521,keygen,611,1100270,2957458
ecdsa-P-521,keygen,612,1105573,2971714
ecdsa-P-521,keygen,613,1106903,2975288
ecdsa-P-521,keygen,614,1105873,2972528
ecdsa-P-521,keygen,615,1104047,2967614
ecdsa-P-521,keygen,616,1102806,2964282
ecdsa-P-521,keygen,617,1102827,2964332
ecdsa-P-521,keygen,618,1107190,2976060
ecdsa-P-521,keygen,619,1101018,2959468
ecdsa-P-521,keygen,620,1108351,2979186
ecdsa-P-521,keygen,621,1104407,2968586
ecdsa-P-521,keygen,622,1101189,2959938
ecdsa-P-521,keygen,623,1104204,2968038
ecdsa-P-521,keygen,624,1101724,2961370
ecdsa-P-521,keygen,625,1102855,2964408
ecdsa-P-521,keygen,626,1104227,2968094
ecdsa-P-521,keygen,627,1104162,2967922
ecdsa-P-521,keygen,628,1105121,2970504
ecdsa-P-521,keygen,629,1104230,2968108
ecdsa-P-521,keygen,630,1102561,2963622
ecdsa-P-521,keygen,631,1102490,2963434
ecdsa-P-521,keygen,632,1108326,2979116
ecdsa-P-521,keygen,633,1108313,2979052
ecdsa-P-521,keygen,634,1105924,2972656
ecdsa-P-521,keygen,635,1101283,2960186
ecdsa-P-521,keygen,636,1100924,2959216
ecdsa-P-521,keygen,637,1105727,2972132
ecdsa-P-521,keygen,638,1104222,2968086
ecdsa-P-521,keygen,639,1110977,2986244
ecdsa-P-521,keygen,640,1102976,2964736
ecdsa-P-521,keygen,641,1105534,2971610
ecdsa-P-521,keygen,642,1104764,2969534
ecdsa-P-521,keygen,643,1108935,2980756
ecdsa-P-521,keygen,644,1108256,2978934
ecdsa-P-521,keygen,645,1102299,2962920
ecdsa-P-521,keygen,646,1101113,2959736
ecdsa-P-521,keygen,647,1102288,2962890
ecdsa-P-521,keygen,648,1107482,2976854
ecdsa-P-521,keygen,649,1105121,2970502
ecdsa-P-521,keygen,650,1106077,2973076
ecdsa-P-521,keygen,651,1104859,2969802
ecdsa-P-521,keygen,652,1101971,2962036
ecdsa-P-521,keygen,653,1101577,2960976
ecdsa-P-521,keygen,654,1104466,2968734
ecdsa-P-521,keygen,655,1104752,2969514
ecdsa-P-521,keygen,656,1103968,2967404
ecdsa-P-521,keygen,657,1101604,2961046
ecdsa-P-521,keygen,658,1104326,2968364
ecdsa-P-521,keygen,659,1103474,2966076
ecdsa-P-521,keygen,660,1104267,2968208
ecdsa-P-521,keygen,661,1104706,2969390
ecdsa-P-521,keygen,662,1101196,2959948
ecdsa-P-521,keygen,663,1107563,2977060
ecdsa-P-521,keygen,664,1105541,2971634
ecdsa-P-521,keygen,665,1110131,2983964
ecdsa-P-521,keygen,666,1101856,2961732
ecdsa-P-521,keygen,667,1103254,2965490
ecdsa-P-521,keygen,668,1104384,2968526
ecdsa-P-521,keygen,669,1100534,2958170
ecdsa-P-521,keygen,670,1102745,2964116
ecdsa-P-521,keygen,671,1104987,2970146
ecdsa-P-521,keygen,672,1104024,2967560
ecdsa-P-521,keygen,673,1104698,2969368
ecdsa-P-521,keygen,674,1103601,2966420
ecdsa-P-521,keygen,675,1103593,2966398
ecdsa-P-521,keygen,676,1104486,2968798
ecdsa-P-521,keygen,677,1102552,2963598
ecdsa-P-521,keygen,678,1103536,2966242
ecdsa-P-521,keygen,679,1105488,2971490
ecdsa-P-521,keygen,680,1105019,2970232
ecdsa-P-521,keygen,681,1102563,2963622
ecdsa-P-521,keygen,682,1106818,2975058
ecdsa-P-521,keygen,683,1103495,2966126
ecdsa-P-521,keygen,684,1108863,2980556
ecdsa-P-521,keygen,685,1103781,2966906
ecdsa-P-521,keygen,686,1104738,2969476
ecdsa-P-521,keygen,687,1102426,2963262
ecdsa-P-521,keygen,688,1105772,2972252
ecdsa-P-521,keygen,689,1103948,2967348
ecdsa-P-521,keygen,690,1105491,2971498
ecdsa-P-521,keygen,691,1104431,2968650
ecdsa-P-521,keygen,692,1103738,2966788
ecdsa-P-521,keygen,693,1106033,2972956
ecdsa-P-521,keygen,694,1104264,2968202
ecdsa-P-521,keygen,695,1102456,2963334
ecdsa-P-521,keygen,696,1103780,2966898
ecdsa-P-521,keygen,697,1105623,2971846
ecdsa-P-521,keygen,698,1103964,2967390
ecdsa-P-521,keygen,699,1102190,2962626
ecdsa-P-521,keygen,700,1102980,2964754
ecdsa-P-521,keygen,701,1107447,2976752
ecdsa-P-521,keygen,702,1103855,2967102
ecdsa-P-521,keygen,703,1101843,2961694
ecdsa-P-521,keygen,704,1108012,2978270
ecdsa-P-521,keygen,705,1102432,2963268
ecdsa-P-521,keygen,706,1104066,2967668
ecdsa-P-521,keygen,707,1104640,2969210
ecdsa-P-521,keygen,708,1110090,2983862
ecdsa-P-521,keygen,709,1102609,2963752
ecdsa-P-521,keygen,710,1104919,2969956
ecdsa-P-521,keygen,711,1106033,2972954
ecdsa-P-521,keygen,712,1104602,2969110
ecdsa-P-521,keygen,713,1101455,2960642
ecdsa-P-521,keygen,714,1101734,2961396
ecdsa-P-521,keygen,715,1104215,2968064
ecdsa-P-521,keygen,716,1102388,2963158
ecdsa-P-521,keygen,717,1102385,2963150
ecdsa-P-521,keygen,718,1103090,2965046
ecdsa-P-521,keygen,719,1104341,2968408
ecdsa-P-521,keygen,720,1102827,2964342
ecdsa-P-521,keygen,721,1102759,2964154
ecdsa-P-521,keygen,722,1103544,2966260
ecdsa-P-521,keygen,723,1103217,2965380
ecdsa-P-521,keygen,724,1103347,2965732
ecdsa-P-521,keygen,725,1104369,2968478
ecdsa-P-521,keygen,726,1111450,2987492
ecdsa-P-521,keygen,727,1109262,2981632
ecdsa-P-521,keygen,728,1102498,2963448
ecdsa-P-521,keygen,729,1106032,2972954
ecdsa-P-521,keygen,730,1107432,2976712
ecdsa-P-521,keygen,731,1103745,2966808
ecdsa-P-521,keygen,732,1101972,2962038
ecdsa-P-521,keygen,733,1104537,2968856
ecdsa-P-521,keygen,734,1116812,3001902
ecdsa-P-521,keygen,735,1126233,3027250
ecdsa-P-521,keygen,736,1109876,2983286
ecdsa-P-521,keygen,737,1126869,3028934
ecdsa-P-521,keygen,738,1106523,2974272
ecdsa-P-521,keygen,739,1107691,2977410
ecdsa-P-521,keygen,740,1105183,2970668
ecdsa-P-521,keygen,741,1102956,2964680
ecdsa-P-521,keygen,742,1101687,2961270
ecdsa-P-521,keygen,743,1101944,2961962
ecdsa-P-521,keygen,744,1103018,2964848
ecdsa-P-521,keygen,745,1101498,2960766
ecdsa-P-521,keygen,746,1106255,2973550
ecdsa-P-521,keygen,747,1105010,2970200
ecdsa-P-521,keygen,748,1110527,2985028
ecdsa-P-521,keygen,749,1104348,2968424
ecdsa-P-521,keygen,750,1101084,2959650
ecdsa-P-521,keygen,751,1103270,2965522
ecdsa-P-521,keygen,752,1103896,2967208
ecdsa-P-521,keygen,753,1103131,2965146
ecdsa-P-521,keygen,754,1103126,2965140
ecdsa-P-521,keygen,755,1101938,2961948
ecdsa-P-521,keygen,756,1102637,2963820
ecdsa-P-521,keygen,757,1106779,2974956
ecdsa-P-521,keygen,758,1102169,2962564
ecdsa-P-521,keygen,759,1102873,2964456
ecdsa-P-521,keygen,760,1102720,2964048
ecdsa-P-521,keygen,761,1103717,2966726
ecdsa-P-521,keygen,762,1098730,2953320
ecdsa-P-521,keygen,763,1105952,2972734
ecdsa-P-521,keygen,764,1104721,2969422
ecdsa-P-521,keygen,765,1104108,2967748
ecdsa-P-521,keygen,766,1104470,2968758
ecdsa-P-521,keygen,767,1105800,2972328
ecdsa-P-521,keygen,768,1104889,2969882
ecdsa-P-521,keygen,769,1103697,2966670
ecdsa-P-521,keygen,770,1114900,2996786
ecdsa-P-521,keygen,771,1102621,2963780
ecdsa-P-521,keygen,772,1106052,2973000
ecdsa-P-521,keygen,773,1104260,2968182
ecdsa-P-521,keygen,774,1102506,2963470
ecdsa-P-521,keygen,775,1103354,2965758
ecdsa-P-521,keygen,776,1105086,2970414
ecdsa-P-521,keygen,777,1106597,2974468
ecdsa-P-521,keygen,778,1103252,2965480
ecdsa-P-521,keygen,779,1106626,2974550
ecdsa-P-521,keygen,780,1101213,2959998
ecdsa-P-521,keygen,781,1103749,2966814
ecdsa-P-521,keygen,782,1102188,2962618
ecdsa-P-521,keygen,783,1104241,2968140
ecdsa-P-521,keygen,784,1102426,2963254
ecdsa-P-521,keygen,785,1103172,2965264
ecdsa-P-521,keygen,786,1105278,2970926
ecdsa-P-521,keygen,787,1100739,2958720
ecdsa-P-521,keygen,788,1101541,2960876
ecdsa-P-521,keygen,789,1102088,2962346
ecdsa-P-521,keygen,790,1103212,2965368
ecdsa-P-521,keygen,791,1105454,2971396
ecdsa-P-521,keygen,792,1102355,2963066
ecdsa-P-521,keygen,793,1101688,2961270
ecdsa-P-521,keygen,794,1100784,2958842
ecdsa-P-521,keygen,795,1104314,2968332
ecdsa-P-521,keygen,796,1105627,2971860
ecdsa-P-521,keygen,797,1100973,2959354
ecdsa-P-521,keygen,798,1103994,2967472
ecdsa-P-521,keygen,799,1101989,2962080
ecdsa-P-521,keygen,800,1105706,2972074
ecdsa-P-521,keygen,801,1103124,2965132
ecdsa-P-521,keygen,802,1106439,2974040
ecdsa-P-521,keygen,803,1103329,2965682
ecdsa-P-521,keygen,804,1107334,2976450
ecdsa-P-521,keygen,805,1102911,2964562
ecdsa-P-521,keygen,806,1109733,2982902
ecdsa-P-521,keygen,807,1103089,2965040
ecdsa-P-521,keygen,808,1101195,2959950
ecdsa-P-521,keygen,809,1101836,2961668
ecdsa-P-521,keygen,810,1104555,2968974
ecdsa-P-521,keygen,811,1102799,2964258
ecdsa-P-521,keygen,812,1102194,2962632
ecdsa-P-521,keygen,813,1103527,2966212
ecdsa-P-521,keygen,814,1104396,2968556
ecdsa-P-521,keygen,815,1104485,2968798
ecdsa-P-521,keygen,816,1105669,2971976
ecdsa-P-521,keygen,817,1104109,2967786
ecdsa-P-521,keygen,818,1114510,2995722
ecdsa-P-521,keygen,819,1105668,2971946
ecdsa-P-521,keygen,820,1103951,2967354
ecdsa-P-521,keygen,821,1104588,2969074
ecdsa-P-521,keygen,822,1105033,2970266
ecdsa-P-521,keygen,823,1108140,2978618
ecdsa-P-521,keygen,824,1102604,2963738
ecdsa-P-521,keygen,825,1108032,2978330
ecdsa-P-521,keygen,826,1107050,2975690
ecdsa-P-521,keygen,827,1103992,2967464
ecdsa-P-521,keygen,828,1101519,2960818
ecdsa-P-521,keygen,829,1101715,2961344
ecdsa-P-521,keygen,830,1106160,2973294
ecdsa-P-521,keygen,831,1104202,2968034
ecdsa-P-521,keygen,832,1104182,2967976
ecdsa-P-521,keygen,833,1103325,2965680
ecdsa-P-521,keygen,834,1102349,2963040
ecdsa-P-521,keygen,835,1102038,2962216
ecdsa-P-521,keygen,836,1103803,2966962
ecdsa-P-521,keygen,837,1103741,2966786
ecdsa-P-521,keygen,838,1103846,2967068
ecdsa-P-521,keygen,839,1103011,2964826
ecdsa-P-521,keygen,840,1108342,2979156
ecdsa-P-521,keygen,841,1102977,2964734
ecdsa-P-521,keygen,842,1104139,2967862
ecdsa-P-521,keygen,843,1106399,2973938
ecdsa-P-521,keygen,844,1105372,2971180
ecdsa-P-521,keygen,845,1106118,2973180
ecdsa-P-521,keygen,846,1104697,2969366
ecdsa-P-521,keygen,847,1112301,2989804
ecdsa-P-521,keygen,848,1107639,2977276
ecdsa-P-521,keygen,849,1106465,2974110
ecdsa-P-521,keygen,850,1104532,2968918
ecdsa-P-521,keygen,851,1102302,2962922
ecdsa-P-521,keygen,852,1102014,2962152
ecdsa-P-521,keygen,853,1106094,2973112
ecdsa-P-521,keygen,854,1101899,2961838
ecdsa-P-521,keygen,855,1099659,2955818
ecdsa-P-521,keygen,856,1106327,2973740
ecdsa-P-521,keygen,857,1106089,2973104
ecdsa-P-521,keygen,858,1101424,2960568
ecdsa-P-521,keygen,859,1103919,2967150
ecdsa-P-521,keygen,860,1101646,2961110
ecdsa-P-521,keygen,861,1106009,2972890
ecdsa-P-521,keygen,862,1102620,2963782
ecdsa-P-521,keygen,863,1107520,2976950
ecdsa-P-521,keygen,864,1108280,2978988
ecdsa-P-521,keygen,865,1103185,2965296
ecdsa-P-521,keygen,866,1111463,2987546
ecdsa-P-521,keygen,867,1102358,2963072
ecdsa-P-521,keygen,868,1104578,2969036
ecdsa-P-521,keygen,869,1102217,2962698
ecdsa-P-521,keygen,870,1104381,2968516
ecdsa-P-521,keygen,871,1103414,2965918
ecdsa-P-521,keygen,872,1105852,2972468
ecdsa-P-521,keygen,873,1106469,2974128
ecdsa-P-521,keygen,874,1104696,2969362
ecdsa-P-521,keygen,875,1108265,2978956
ecdsa-P-521,keygen,876,1103572,2966336
ecdsa-P-521,keygen,877,1103358,2965762
ecdsa-P-521,keygen,878,1102556,2963604
ecdsa-P-521,keygen,879,1103164,2965238
ecdsa-P-521,keygen,880,1101960,2962004
ecdsa-P-521,keygen,881,1105990,2972834
ecdsa-P-521,keygen,882,1103457,2966026
ecdsa-P-521,keygen,883,1101208,2959980
ecdsa-P-521,keygen,884,1102087,2962346
ecdsa-P-521,keygen,885,1100899,2959152
ecdsa-P-521,keygen,886,1101421,2960552
ecdsa-P-521,keygen,887,1102352,2963058
ecdsa-P-521,keygen,888,1107246,2976210
ecdsa-P-521,keygen,889,1102123,2962448
ecdsa-P-521,keygen,890,1108117,2978556
ecdsa-P-521,keygen,891,1103940,2967328
ecdsa-P-521,keygen,892,1101644,2961156
ecdsa-P-521,keygen,893,1100797,2958884
ecdsa-P-521,keygen,894,1104370,2968488
ecdsa-P-521,keygen,895,1101328,2960310
ecdsa-P-521,keygen,896,1099982,2956688
ecdsa-P-521,keygen,897,1102552,2963600
ecdsa-P-521,keygen,898,1104892,2969886
ecdsa-P-521,keygen,899,1105061,2970336
ecdsa-P-521,keygen,900,1104922,2969960
ecdsa-P-521,keygen,901,1106146,2973254
ecdsa-P-521,keygen,902,1098199,2951894
ecdsa-P-521,keygen,903,1105825,2972392
ecdsa-P-521,keygen,904,1102540,2963564
ecdsa-P-521,keygen,905,1102720,2964046
ecdsa-P-521,keygen,906,1105691,2972038
ecdsa-P-521,keygen,907,1104638,2969204
ecdsa-P-521,keygen,908,1102967,2964714
ecdsa-P-521,keygen,909,1105674,2971990
ecdsa-P-521,keygen,910,1102586,2963688
ecdsa-P-521,keygen,911,1120095,3010734
ecdsa-P-521,keygen,912,1104974,2970106
ecdsa-P-521,keygen,913,1103694,2966670
ecdsa-P-521,keygen,914,1104309,2968318
ecdsa-P-521,keygen,915,1104528,2968912
ecdsa-P-521,keygen,916,1104839,2969746
ecdsa-P-521,keygen,917,1102443,2963304
ecdsa-P-521,keygen,918,1106863,2975186
ecdsa-P-521,keygen,919,1106160,2973296
ecdsa-P-521,keygen,920,1102383,2963144
ecdsa-P-521,keygen,921,1103878,2967162
ecdsa-P-521,keygen,922,1101556,2960920
ecdsa-P-521,keygen,923,1104457,2968692
ecdsa-P-521,keygen,924,1104011,2967516
ecdsa-P-521,keygen,925,1103530,2966222
ecdsa-P-521,keygen,926,1103700,2966682
ecdsa-P-521,keygen,927,1104135,2967856
ecdsa-P-521,keygen,928,1103409,2965904
ecdsa-P-521,keygen,929,1104357,2968448
ecdsa-P-521,keygen,930,1105576,2971728
ecdsa-P-521,keygen,931,1101923,2961908
ecdsa-P-521,keygen,932,1099419,2955172
ecdsa-P-521,keygen,933,1111096,2986558
ecdsa-P-521,keygen,934,1102040,2962220
ecdsa-P-521,keygen,935,1102609,2963748
ecdsa-P-521,keygen,936,1106021,2972924
ecdsa-P-521,keygen,937,1103554,2966294
ecdsa-P-521,keygen,938,1106112,2973162
ecdsa-P-521,keygen,939,1103968,2967400
ecdsa-P-521,keygen,940,1102120,2962432
ecdsa-P-521,keygen,941,1101249,2960084
ecdsa-P-521,keygen,942,1106122,2973194
ecdsa-P-521,keygen,943,1112975,2991610
ecdsa-P-521,keygen,944,1102341,2963024
ecdsa-P-521,keygen,945,1102607,2963740
ecdsa-P-521,keygen,946,1103584,2966368
ecdsa-P-521,keygen,947,1107936,2978066
ecdsa-P-521,keygen,948,1106344,2973794
ecdsa-P-521,keygen,949,1105436,2971350
ecdsa-P-521,keygen,950,1102763,2964164
ecdsa-P-521,keygen,951,1102846,2964388
ecdsa-P-521,keygen,952,1109186,2981432
ecdsa-P-521,keygen,953,1105661,2971954
ecdsa-P-521,keygen,954,1102527,2963528
ecdsa-P-521,keygen,955,1104650,2969238
ecdsa-P-521,keygen,956,1102600,2963728
ecdsa-P-521,keygen,957,1102569,2963646
ecdsa-P-521,keygen,958,1124821,3023450
ecdsa-P-521,keygen,959,1104359,2968446
ecdsa-P-521,keygen,960,1101834,2961668
ecdsa-P-521,keygen,961,1107611,2977198
ecdsa-P-521,keygen,962,1101675,2961236
ecdsa-P-521,keygen,963,1102096,2962372
ecdsa-P-521,keygen,964,1103114,2965102
ecdsa-P-521,keygen,965,1103837,2967054
ecdsa-P-521,keygen,966,1104681,2969324
ecdsa-P-521,keygen,967,1104264,2968202
ecdsa-P-521,keygen,968,1105779,2972274
ecdsa-P-521,keygen,969,1102610,2963752
ecdsa-P-521,keygen,970,1100975,2959358
ecdsa-P-521,keygen,971,1103148,2965196
ecdsa-P-521,keygen,972,1101765,2961480
ecdsa-P-521,keygen,973,1104694,2969352
ecdsa-P-521,keygen,974,1105952,2972732
ecdsa-P-521,keygen,975,1101409,2960530
ecdsa-P-521,keygen,976,1108733,2980208
ecdsa-P-521,keygen,977,1102359,2963080
ecdsa-P-521,keygen,978,1100129,2957078
ecdsa-P-521,keygen,979,1115927,2999544
ecdsa-P-521,keygen,980,1099557,2955544
ecdsa-P-521,keygen,981,1101991,2962090
ecdsa-P-521,keygen,982,1115645,2998794
ecdsa-P-521,keygen,983,1103033,2964890
ecdsa-P-521,keygen,984,1100924,2959218
ecdsa-P-521,keygen,985,1106158,2973286
ecdsa-P-521,keygen,986,1100657,2958502
ecdsa-P-521,keygen,987,1104601,2969102
ecdsa-P-521,keygen,988,1103311,2965634
ecdsa-P-521,keygen,989,1101957,2961994
ecdsa-P-521,keygen,990,1104241,2968138
ecdsa-P-521,keygen,991,1101886,2961804
ecdsa-P-521,keygen,992,1105167,2970596
ecdsa-P-521,keygen,993,1104393,2968542
ecdsa-P-521,keygen,994,1103590,2966386
ecdsa-P-521,keygen,995,1108477,2979524
ecdsa-P-521,keygen,996,1103740,2966792
ecdsa-P-521,keygen,997,1105439,2971358
ecdsa-P-521,keygen,998,1103612,2966440
ecdsa-P-521,keygen,999,1104988,2970142
ecdsa-P-521,sign,0,1169626,3143836
ecdsa-P-521,sign,1,1162314,3124238
ecdsa-P-521,sign,2,1158529,3114058
ecdsa-P-521,sign,3,1161259,3121376
ecdsa-P-521,sign,4,1162462,3124634
ecdsa-P-521,sign,5,1159063,3115500
ecdsa-P-521,sign,6,1159858,3117638
ecdsa-P-521,sign,7,1163132,3126430
ecdsa-P-521,sign,8,1165401,3132544
ecdsa-P-521,sign,9,1163149,3126492
ecdsa-P-521,sign,10,1160920,3120496
ecdsa-P-521,sign,11,1161584,3122278
ecdsa-P-521,sign,12,1162491,3124722
ecdsa-P-521,sign,13,1161301,3121518
ecdsa-P-521,sign,14,1157387,3110992
ecdsa-P-521,sign,15,1158661,3114422
ecdsa-P-521,sign,16,1158582,3114202
ecdsa-P-521,sign,17,1162300,3124202
ecdsa-P-521,sign,18,1159847,3117578
ecdsa-P-521,sign,19,1165712,3133372
ecdsa-P-521,sign,20,1156321,3108132
ecdsa-P-521,sign,21,1157161,3110392
ecdsa-P-521,sign,22,1164543,3130224
ecdsa-P-521,sign,23,1162092,3123644
ecdsa-P-521,sign,24,1163424,3127120
ecdsa-P-521,sign,25,1169231,3142806
ecdsa-P-521,sign,26,1159965,3117920
ecdsa-P-521,sign,27,1160448,3119224
ecdsa-P-521,sign,28,1159777,3117412
ecdsa-P-521,sign,29,1158858,3114944
ecdsa-P-521,sign,30,1162657,3125156
ecdsa-P-521,sign,31,1160973,3120636
ecdsa-P-521,sign,32,1162317,3124244
ecdsa-P-521,sign,33,1159860,3117638
ecdsa-P-521,sign,34,1159746,3117330
ecdsa-P-521,sign,35,1159559,3116776
ecdsa-P-521,sign,36,1162133,3123750
ecdsa-P-521,sign,37,1161166,3121158
ecdsa-P-521,sign,38,1158529,3114062
ecdsa-P-521,sign,39,1159608,3116960
ecdsa-P-521,sign,40,1156689,3109122
ecdsa-P-521,sign,41,1166887,3136508
ecdsa-P-521,sign,42,1162250,3124064
ecdsa-P-521,sign,43,1158309,3113470
ecdsa-P-521,sign,44,1160993,3120688
ecdsa-P-521,sign,45,1161391,3121754
ecdsa-P-521,sign,46,1159965,3117922
ecdsa-P-521,sign,47,1158873,3114992
ecdsa-P-521,sign,48,1161706,3122608
ecdsa-P-521,sign,49,1161925,3123188
ecdsa-P-521,sign,50,1162454,3124610
ecdsa-P-521,sign,51,1162069,3123576
ecdsa-P-521,sign,52,1164370,3129768
ecdsa-P-521,sign,53,1159753,3117350
ecdsa-P-521,sign,54,1159331,3116216
ecdsa-P-521,sign,55,1158921,3115112
ecdsa-P-521,sign,56,1161951,3123250
ecdsa-P-521,sign,57,1158968,3115236
ecdsa-P-521,sign,58,1162150,3123790
ecdsa-P-521,sign,59,1159836,3117574
ecdsa-P-521,sign,60,1159729,3117286
ecdsa-P-521,sign,61,1163164,3126518
ecdsa-P-521,sign,62,1159590,3116918
ecdsa-P-521,sign,63,1165389,3132502
ecdsa-P-521,sign,64,1157950,3112510
ecdsa-P-521,sign,65,1159379,3116352
ecdsa-P-521,sign,66,1160631,3119708
ecdsa-P-521,sign,67,1163777,3128174
ecdsa-P-521,sign,68,1159937,3117846
ecdsa-P-521,sign,69,1158235,3113280
ecdsa-P-521,sign,70,1158067,3112820
ecdsa-P-521,sign,71,1158922,3115122
ecdsa-P-521,sign,72,1158929,3115140
ecdsa-P-521,sign,73,1166136,3134512
ecdsa-P-521,sign,74,1167673,3138640
ecdsa-P-521,sign,75,1167477,3138114
ecdsa-P-521,sign,76,1158526,3114058
ecdsa-P-521,sign,77,1164368,3129756
ecdsa-P-521,sign,78,1163347,3127000
ecdsa-P-521,sign,79,1162535,3124836
ecdsa-P-521,sign,80,1163044,3126204
ecdsa-P-521,sign,81,1160965,3120610
ecdsa-P-521,sign,82,1165223,3132056
ecdsa-P-521,sign,83,1161402,3121788
ecdsa-P-521,sign,84,1161780,3122800
ecdsa-P-521,sign,85,1163969,3128686
ecdsa-P-521,sign,86,1162528,3124814
ecdsa-P-521,sign,87,1159186,3115834
ecdsa-P-521,sign,88,1163920,3128552
ecdsa-P-521,sign,89,1159012,3115366
ecdsa-P-521,sign,90,1157392,3111006
ecdsa-P-521,sign,91,1161693,3122564
ecdsa-P-521,sign,92,1160075,3118220
ecdsa-P-521,sign,93,1160109,3118314
ecdsa-P-521,sign,94,1165404,3132538
ecdsa-P-521,sign,95,1162870,3125738
ecdsa-P-521,sign,96,1162759,3125434
ecdsa-P-521,sign,97,1161413,3121808
ecdsa-P-521,sign,98,1163383,3127110
ecdsa-P-521,sign,99,1158323,3113514
ecdsa-P-521,sign,100,1165510,3132830
ecdsa-P-521,sign,101,1161921,3123176
ecdsa-P-521,sign,102,1163112,3126380
ecdsa-P-521,sign,103,1158053,3112792
ecdsa-P-521,sign,104,1160390,3119068
ecdsa-P-521,sign,105,1162355,3124352
ecdsa-P-521,sign,106,1160534,3119450
ecdsa-P-521,sign,107,1163475,3127364
ecdsa-P-521,sign,108,1159977,3117958
ecdsa-P-521,sign,109,1156832,3109504
ecdsa-P-521,sign,110,1161917,3123172
ecdsa-P-521,sign,111,1160805,3120178
ecdsa-P-521,sign,112,1159611,3116976
ecdsa-P-521,sign,113,1161515,3122096
ecdsa-P-521,sign,114,1159425,3116474
ecdsa-P-521,sign,115,1162956,3125970
ecdsa-P-521,sign,116,1168080,3139748
ecdsa-P-521,sign,117,1165627,3133154
ecdsa-P-521,sign,118,1166457,3135374
ecdsa-P-521,sign,119,1158633,3114352
ecdsa-P-521,sign,120,1154535,3103328
ecdsa-P-521,sign,121,1161795,3122846
ecdsa-P-521,sign,122,1156526,3108674
ecdsa-P-521,sign,123,1163692,3127948
ecdsa-P-521,sign,124,1157987,3112606
ecdsa-P-521,sign,125,1160345,3118940
ecdsa-P-521,sign,126,1156350,3108202
ecdsa-P-521,sign,127,1168874,3141848
ecdsa-P-521,sign,128,1160254,3118696
ecdsa-P-521,sign,129,1195756,3214120
ecdsa-P-521,sign,130,1162569,3124924
ecdsa-P-521,sign,131,1157052,3110086
ecdsa-P-521,sign,132,1162142,3123770
ecdsa-P-521,sign,133,1161913,3123166
ecdsa-P-521,sign,134,1159518,3116730
ecdsa-P-521,sign,135,1161877,3123062
ecdsa-P-521,sign,136,1161528,3122124
ecdsa-P-521,sign,137,1160884,3120390
ecdsa-P-521,sign,138,1160818,3120220
ecdsa-P-521,sign,139,1158146,3113028
ecdsa-P-521,sign,140,1160586,3119592
ecdsa-P-521,sign,141,1161186,3121206
ecdsa-P-521,sign,142,1159860,3117642
ecdsa-P-521,sign,143,1159255,3116018
ecdsa-P-521,sign,144,1154969,3104500
ecdsa-P-521,sign,145,1157307,3110788
ecdsa-P-521,sign,146,1157058,3110116
ecdsa-P-521,sign,147,1161107,3121002
ecdsa-P-521,sign,148,1161888,3123100
ecdsa-P-521,sign,149,1163068,3126264
ecdsa-P-521,sign,150,1160764,3120072
ecdsa-P-521,sign,151,1173745,3154962
ecdsa-P-521,sign,152,1176399,3162050
ecdsa-P-521,sign,153,1166618,3135760
ecdsa-P-521,sign,154,1183429,3180974
ecdsa-P-521,sign,155,1184569,3184038
ecdsa-P-521,sign,156,1162288,3124148
ecdsa-P-521,sign,157,1169293,3142976
ecdsa-P-521,sign,158,1161116,3121028
ecdsa-P-521,sign,159,1167928,3139324
ecdsa-P-521,sign,160,1161803,3122858
ecdsa-P-521,sign,161,1159615,3116988
ecdsa-P-521,sign,162,1170071,3145068
ecdsa-P-521,sign,163,1174727,3157588
ecdsa-P-521,sign,164,1162661,3125174
ecdsa-P-521,sign,165,1157878,3112308
ecdsa-P-521,sign,166,1160672,3119820
ecdsa-P-521,sign,167,1161751,3122722
ecdsa-P-521,sign,168,1157560,3111454
ecdsa-P-521,sign,169,1160273,3118748
ecdsa-P-521,sign,170,1159889,3117722
ecdsa-P-521,sign,171,1163274,3126798
ecdsa-P-521,sign,172,1162122,3123722
ecdsa-P-521,sign,173,1170739,3146860
ecdsa-P-521,sign,174,1164010,3128778
ecdsa-P-521,sign,175,1157392,3111010
ecdsa-P-521,sign,176,1155701,3106460
ecdsa-P-521,sign,177,1161160,3121132
ecdsa-P-521,sign,178,1162388,3124432
ecdsa-P-521,sign,179,1163610,3127724
ecdsa-P-521,sign,180,1158203,3113184
ecdsa-P-521,sign,181,1158936,3115160
ecdsa-P-521,sign,182,1158059,3112798
ecdsa-P-521,sign,183,1157745,3111958
ecdsa-P-521,sign,184,1173431,3154102
ecdsa-P-521,sign,185,1157989,3112608
ecdsa-P-521,sign,186,1163105,3126368
ecdsa-P-521,sign,187,1157183,3110446
ecdsa-P-521,sign,188,1157336,3110864
ecdsa-P-521,sign,189,1156320,3108134
ecdsa-P-521,sign,190,1158065,3112820
ecdsa-P-521,sign,191,1166452,3135362
ecdsa-P-521,sign,192,1161041,3120818
ecdsa-P-521,sign,193,1164712,3130686
ecdsa-P-521,sign,194,1161950,3123256
ecdsa-P-521,sign,195,1165871,3133798
ecdsa-P-521,sign,196,1162795,3125528
ecdsa-P-521,sign,197,1160499,3119362
ecdsa-P-521,sign,198,1164263,3129476
ecdsa-P-521,sign,199,1157262,3110658
ecdsa-P-521,sign,200,1161338,3121622
ecdsa-P-521,sign,201,1158329,3113536
ecdsa-P-521,sign,202,1162460,3124628
ecdsa-P-521,sign,203,1164120,3129088
ecdsa-P-521,sign,204,1169540,3143652
ecdsa-P-521,sign,205,1159879,3117696
ecdsa-P-521,sign,206,1164729,3130734
ecdsa-P-521,sign,207,1163771,3128158
ecdsa-P-521,sign,208,1160222,3118620
ecdsa-P-521,sign,209,1161825,3122922
ecdsa-P-521,sign,210,1163935,3128596
ecdsa-P-521,sign,211,1158508,3114016
ecdsa-P-521,sign,212,1159527,3116752
ecdsa-P-521,sign,213,1184144,3182896
ecdsa-P-521,sign,214,1201388,3229220
ecdsa-P-521,sign,215,1169573,3143748
ecdsa-P-521,sign,216,1170145,3145284
ecdsa-P-521,sign,217,1170123,3145210
ecdsa-P-521,sign,218,1157767,3112014
ecdsa-P-521,sign,219,1164056,3128842
ecdsa-P-521,sign,220,1168290,3140302
ecdsa-P-521,sign,221,1159519,3116726
ecdsa-P-521,sign,222,1160575,3119560
ecdsa-P-521,sign,223,1161027,3120772
ecdsa-P-521,sign,224,1162942,3125922
ecdsa-P-521,sign,225,1159316,3116182
ecdsa-P-521,sign,226,1165527,3132872
ecdsa-P-521,sign,227,1166945,3136684
ecdsa-P-521,sign,228,1163087,3126310
ecdsa-P-521,sign,229,1155735,3106554
ecdsa-P-521,sign,230,1163693,3127944
ecdsa-P-521,sign,231,1159111,3115628
ecdsa-P-521,sign,232,1166711,3136058
ecdsa-P-521,sign,233,1158788,3114770
ecdsa-P-521,sign,234,1167781,3138934
ecdsa-P-521,sign,235,1163376,3127100
ecdsa-P-521,sign,236,1159194,3115852
ecdsa-P-521,sign,237,1161384,3121734
ecdsa-P-521,sign,238,1167437,3137960
ecdsa-P-521,sign,239,1172863,3152592
ecdsa-P-521,sign,240,1165092,3131702
ecdsa-P-521,sign,241,1159500,3116682
ecdsa-P-521,sign,242,1158260,3113346
ecdsa-P-521,sign,243,1157321,3110824
ecdsa-P-521,sign,244,1161296,3121508
ecdsa-P-521,sign,245,1158421,3113776
ecdsa-P-521,sign,246,1162994,3126016
ecdsa-P-521,sign,247,1164260,3129470
ecdsa-P-521,sign,248,1158846,3114920
ecdsa-P-521,sign,249,1162223,3123988
ecdsa-P-521,sign,250,1171332,3148478
ecdsa-P-521,sign,251,1158558,3114140
ecdsa-P-521,sign,252,1161489,3121998
ecdsa-P-521,sign,253,1165474,3132726
ecdsa-P-521,sign,254,1163403,3127170
ecdsa-P-521,sign,255,1158968,3115238
ecdsa-P-521,sign,256,1162858,3125702
ecdsa-P-521,sign,257,1161787,3122820
ecdsa-P-521,sign,258,1165704,3133344
ecdsa-P-521,sign,259,1164425,3129910
ecdsa-P-521,sign,260,1159168,3115772
ecdsa-P-521,sign,261,1163488,3127390
ecdsa-P-521,sign,262,1164378,3129780
ecdsa-P-521,sign,263,1162909,3125832
ecdsa-P-521,sign,264,1162588,3124978
ecdsa-P-521,sign,265,1165735,3133436
ecdsa-P-521,sign,266,1165619,3133124
ecdsa-P-521,sign,267,1158076,3112848
ecdsa-P-521,sign,268,1164200,3129310
ecdsa-P-521,sign,269,1164542,3130232
ecdsa-P-521,sign,270,1160195,3118544
ecdsa-P-521,sign,271,1162079,3123612
ecdsa-P-521,sign,272,1167585,3138408
ecdsa-P-521,sign,273,1161238,3121348
ecdsa-P-521,sign,274,1161962,3123292
ecdsa-P-521,sign,275,1159167,3115786
ecdsa-P-521,sign,276,1163176,3126548
ecdsa-P-521,sign,277,1165609,3133090
ecdsa-P-521,sign,278,1161591,3122298
ecdsa-P-521,sign,279,1162751,3125416
ecdsa-P-521,sign,280,1165550,3132930
ecdsa-P-521,sign,281,1162643,3125132
ecdsa-P-521,sign,282,1159431,3116490
ecdsa-P-521,sign,283,1162071,3123590
ecdsa-P-521,sign,284,1161302,3121526
ecdsa-P-521,sign,285,1162292,3124188
ecdsa-P-521,sign,286,1160082,3118244
ecdsa-P-521,sign,287,1157323,3110824
ecdsa-P-521,sign,288,1159248,3116002
ecdsa-P-521,sign,289,1161102,3120984
ecdsa-P-521,sign,290,1159830,3117560
ecdsa-P-521,sign,291,1168452,3140738
ecdsa-P-521,sign,292,1158497,3113980
ecdsa-P-521,sign,293,1160003,3118028
ecdsa-P-521,sign,294,1160755,3120048
ecdsa-P-521,sign,295,1165649,3133204
ecdsa-P-521,sign,296,1165006,3131476
ecdsa-P-521,sign,297,1163696,3127948
ecdsa-P-521,sign,298,1164363,3129742
ecdsa-P-521,sign,299,1163643,3127806
ecdsa-P-521,sign,300,1160412,3119122
ecdsa-P-521,sign,301,1162925,3125886
ecdsa-P-521,sign,302,1180364,3172688
ecdsa-P-521,sign,303,1173596,3154556
ecdsa-P-521,sign,304,1167804,3138974
ecdsa-P-521,sign,305,1165348,3132374
ecdsa-P-521,sign,306,1159525,3116748
ecdsa-P-521,sign,307,1171422,3148722
ecdsa-P-521,sign,308,1171696,3149450
ecdsa-P-521,sign,309,1167281,3137586
ecdsa-P-521,sign,310,1171082,3147802
ecdsa-P-521,sign,311,1159828,3117552
ecdsa-P-521,sign,312,1159092,3115574
ecdsa-P-521,sign,313,1166313,3134996
ecdsa-P-521,sign,314,1167674,3138646
ecdsa-P-521,sign,315,1163247,3126746
ecdsa-P-521,sign,316,1162280,3124144
ecdsa-P-521,sign,317,1159310,3116164
ecdsa-P-521,sign,318,1162350,3124338
ecdsa-P-521,sign,319,1160995,3120690
ecdsa-P-521,sign,320,1161290,3121490
ecdsa-P-521,sign,321,1164443,3129962
ecdsa-P-521,sign,322,1160245,3118674
ecdsa-P-521,sign,323,1160249,3118688
ecdsa-P-521,sign,324,1169203,3142756
ecdsa-P-521,sign,325,1158712,3114562
ecdsa-P-521,sign,326,1160808,3120188
ecdsa-P-521,sign,327,1155968,3107176
ecdsa-P-521,sign,328,1163845,3128360
ecdsa-P-521,sign,329,1164282,3129530
ecdsa-P-521,sign,330,1156836,3109508
ecdsa-P-521,sign,331,1165712,3133376
ecdsa-P-521,sign,332,1166845,3136416
ecdsa-P-521,sign,333,1164333,3129660
ecdsa-P-521,sign,334,1161470,3121976
ecdsa-P-521,sign,335,1164659,3130524
ecdsa-P-521,sign,336,1160322,3118886
ecdsa-P-521,sign,337,1164083,3128988
ecdsa-P-521,sign,338,1164027,3128840
ecdsa-P-521,sign,339,1165208,3132014
ecdsa-P-521,sign,340,1163190,3126596
ecdsa-P-521,sign,341,1158570,3114168
ecdsa-P-521,sign,342,1182462,3178388
ecdsa-P-521,sign,343,1165258,3132152
ecdsa-P-521,sign,344,1161791,3122842
ecdsa-P-521,sign,345,1162495,3124732
ecdsa-P-521,sign,346,1168796,3141664
ecdsa-P-521,sign,347,1162551,3124874
ecdsa-P-521,sign,348,1159822,3117536
ecdsa-P-521,sign,349,1156897,3109676
ecdsa-P-521,sign,350,1164539,3130216
ecdsa-P-521,sign,351,1163578,3127632
ecdsa-P-521,sign,352,1159084,3115552
ecdsa-P-521,sign,353,1160690,3119872
ecdsa-P-521,sign,354,1159137,3115692
ecdsa-P-521,sign,355,1161474,3121982
ecdsa-P-521,sign,356,1161197,3121238
ecdsa-P-521,sign,357,1167397,3137904
ecdsa-P-521,sign,358,1159594,3116924
ecdsa-P-521,sign,359,1161486,3122016
ecdsa-P-521,sign,360,1157285,3110718
ecdsa-P-521,sign,361,1161755,3122732
ecdsa-P-521,sign,362,1161417,3121830
ecdsa-P-521,sign,363,1160357,3118972
ecdsa-P-521,sign,364,1165969,3134066
ecdsa-P-521,sign,365,1160281,3118778
ecdsa-P-521,sign,366,1161205,3121254
ecdsa-P-521,sign,367,1163931,3128590
ecdsa-P-521,sign,368,1166289,3134918
ecdsa-P-521,sign,369,1167871,3139174
ecdsa-P-521,sign,370,1158407,3113742
ecdsa-P-521,sign,371,1158016,3112686
ecdsa-P-521,sign,372,1157844,3112230
ecdsa-P-521,sign,373,1159569,3116808
ecdsa-P-521,sign,374,1162734,3125366
ecdsa-P-521,sign,375,1163324,3126958
ecdsa-P-521,sign,376,1161748,3122712
ecdsa-P-521,sign,377,1162495,3124724
ecdsa-P-521,sign,378,1160450,3119224
ecdsa-P-521,sign,379,1166286,3134906
ecdsa-P-521,sign,380,1158779,3114730
ecdsa-P-521,sign,381,1158213,3113206
ecdsa-P-521,sign,382,1159865,3117648
ecdsa-P-521,sign,383,1157132,3110304
ecdsa-P-521,sign,384,1163340,3126992
ecdsa-P-521,sign,385,1159504,3116690
ecdsa-P-521,sign,386,1160733,3119988
ecdsa-P-521,sign,387,1163443,3127270
ecdsa-P-521,sign,388,1158256,3113324
ecdsa-P-521,sign,389,1159193,3115850
ecdsa-P-521,sign,390,1165980,3134094
ecdsa-P-521,sign,391,1159319,3116184
ecdsa-P-521,sign,392,1161677,3122528
ecdsa-P-521,sign,393,1165359,3132404
ecdsa-P-521,sign,394,1163057,3126236
ecdsa-P-521,sign,395,1164296,3129574
ecdsa-P-521,sign,396,1162235,3124022
ecdsa-P-521,sign,397,1163177,3126554
ecdsa-P-521,sign,398,1162834,3125636
ecdsa-P-521,sign,399,1161649,3122446
ecdsa-P-521,sign,400,1164115,3129074
ecdsa-P-521,sign,401,1167289,3137610
ecdsa-P-521,sign,402,1163713,3127996
ecdsa-P-521,sign,403,1160123,3118344
ecdsa-P-521,sign,404,1158748,3114654
ecdsa-P-521,sign,405,1165019,3131510
ecdsa-P-521,sign,406,1164635,3130478
ecdsa-P-521,sign,407,1155305,3105402
ecdsa-P-521,sign,408,1160947,3120566
ecdsa-P-521,sign,409,1160457,3119244
ecdsa-P-521,sign,410,1163444,3127264
ecdsa-P-521,sign,411,1160569,3119544
ecdsa-P-521,sign,412,1169393,3143262
ecdsa-P-521,sign,413,1158314,3113490
ecdsa-P-521,sign,414,1159561,3116834
ecdsa-P-521,sign,415,1166103,3134426
ecdsa-P-521,sign,416,1160544,3119482
ecdsa-P-521,sign,417,1161880,3123078
ecdsa-P-521,sign,418,1161439,3121882
ecdsa-P-521,sign,419,1158135,3113008
ecdsa-P-521,sign,420,1161674,3122520
ecdsa-P-521,sign,421,1159565,3116850
ecdsa-P-521,sign,422,1157631,3111648
ecdsa-P-521,sign,423,1167138,3137200
ecdsa-P-521,sign,424,1159683,3117166
ecdsa-P-521,sign,425,1159179,3115814
ecdsa-P-521,sign,426,1160488,3119328
ecdsa-P-521,sign,427,1160745,3119908
ecdsa-P-521,sign,428,1163290,3126868
ecdsa-P-521,sign,429,1167242,3137490
ecdsa-P-521,sign,430,1163582,3127654
ecdsa-P-521,sign,431,1165059,3131618
ecdsa-P-521,sign,432,1159261,3116026
ecdsa-P-521,sign,433,1160615,3119678
ecdsa-P-521,sign,434,1165650,3133208
ecdsa-P-521,sign,435,1160174,3118492
ecdsa-P-521,sign,436,1160793,3120098
ecdsa-P-521,sign,437,1160900,3120436
ecdsa-P-521,sign,438,1157801,3112112
ecdsa-P-521,sign,439,1163868,3128410
ecdsa-P-521,sign,440,1159873,3117678
ecdsa-P-521,sign,441,1159914,3117788
ecdsa-P-521,sign,442,1161963,3123296
ecdsa-P-521,sign,443,1157993,3112618
ecdsa-P-521,sign,444,1160410,3119122
ecdsa-P-521,sign,445,1164599,3130384
ecdsa-P-521,sign,446,1159340,3116246
ecdsa-P-521,sign,447,1161720,3122642
ecdsa-P-521,sign,448,1160355,3118902
ecdsa-P-521,sign,449,1163510,3127384
ecdsa-P-521,sign,450,1162430,3124544
ecdsa-P-521,sign,451,1159886,3117714
ecdsa-P-521,sign,452,1161298,3121510
ecdsa-P-521,sign,453,1159044,3115444
ecdsa-P-521,sign,454,1160173,3118482
ecdsa-P-521,sign,455,1161511,3122088
ecdsa-P-521,sign,456,1163664,3127870
ecdsa-P-521,sign,457,1157472,3111152
ecdsa-P-521,sign,458,1159350,3116262
ecdsa-P-521,sign,459,1161267,3121420
ecdsa-P-521,sign,460,1159936,3117850
ecdsa-P-521,sign,461,1163285,3126846
ecdsa-P-521,sign,462,1161558,3122204
ecdsa-P-521,sign,463,1162620,3125060
ecdsa-P-521,sign,464,1159149,3115726
ecdsa-P-521,sign,465,1161391,3121758
ecdsa-P-521,sign,466,1161962,3123288
ecdsa-P-521,sign,467,1169612,3143850
ecdsa-P-521,sign,468,1163042,3126192
ecdsa-P-521,sign,469,1160648,3119758
ecdsa-P-521,sign,470,1160253,3118692
ecdsa-P-521,sign,471,1162863,3125708
ecdsa-P-521,sign,472,1164778,3130864
ecdsa-P-521,sign,473,1158491,3113968
ecdsa-P-521,sign,474,1164558,3130278
ecdsa-P-521,sign,475,1162829,3125630
ecdsa-P-521,sign,476,1156905,3109708
ecdsa-P-521,sign,477,1160361,3118992
ecdsa-P-521,sign,478,1165339,3132368
ecdsa-P-521,sign,479,1161966,3123304
ecdsa-P-521,sign,480,1161509,3122080
ecdsa-P-521,sign,481,1166090,3134364
ecdsa-P-521,sign,482,1159382,3116358
ecdsa-P-521,sign,483,1160986,3120668
ecdsa-P-521,sign,484,1158163,3113074
ecdsa-P-521,sign,485,1162425,3124538
ecdsa-P-521,sign,486,1165476,3132740
ecdsa-P-521,sign,487,1160382,3119042
ecdsa-P-521,sign,488,1157920,3112428
ecdsa-P-521,sign,489,1165656,3133218
ecdsa-P-521,sign,490,1163272,3126806
ecdsa-P-521,sign,491,1160640,3119736
ecdsa-P-521,sign,492,1162894,3125794
ecdsa-P-521,sign,493,1162367,3124382
ecdsa-P-521,sign,494,1160847,3120300
ecdsa-P-521,sign,495,1159594,3116924
ecdsa-P-521,sign,496,1161376,3121728
ecdsa-P-521,sign,497,1163105,3126368
ecdsa-P-521,sign,498,1160336,3118918
ecdsa-P-521,sign,499,1157167,3110404
ecdsa-P-521,sign,500,1165764,3133510
ecdsa-P-521,sign,501,1160770,3120080
ecdsa-P-521,sign,502,1158334,3113546
ecdsa-P-521,sign,503,1159672,3117134
ecdsa-P-521,sign,504,1164183,3129260
ecdsa-P-521,sign,505,1163823,3128296
ecdsa-P-521,sign,506,1161987,3123362
ecdsa-P-521,sign,507,1160274,3118752
ecdsa-P-521,sign,508,1161808,3122876
ecdsa-P-521,sign,509,1159971,3117942
ecdsa-P-521,sign,510,1157446,3111150
ecdsa-P-521,sign,511,1170174,3145362
ecdsa-P-521,sign,512,1157106,3110234
ecdsa-P-521,sign,513,1161957,3123278
ecdsa-P-521,sign,514,1162031,3123472
ecdsa-P-521,sign,515,1159382,3116360
ecdsa-P-521,sign,516,1161894,3123114
ecdsa-P-521,sign,517,1160020,3118070
ecdsa-P-521,sign,518,1155471,3105840
ecdsa-P-521,sign,519,1161633,3122408
ecdsa-P-521,sign,520,1161802,3122858
ecdsa-P-521,sign,521,1161029,3120784
ecdsa-P-521,sign,522,1168398,3140588
ecdsa-P-521,sign,523,1161410,3121810
ecdsa-P-521,sign,524,1157716,3111872
ecdsa-P-521,sign,525,1163739,3128064
ecdsa-P-521,sign,526,1157890,3112342
ecdsa-P-521,sign,527,1162626,3125074
ecdsa-P-521,sign,528,1159829,3117558
ecdsa-P-521,sign,529,1169149,3142606
ecdsa-P-521,sign,530,1157349,3110894
ecdsa-P-521,sign,531,1156954,3109824
ecdsa-P-521,sign,532,1161098,3120966
ecdsa-P-521,sign,533,1166515,3135532
ecdsa-P-521,sign,534,1160187,3118520
ecdsa-P-521,sign,535,1160468,3119272
ecdsa-P-521,sign,536,1159570,3116858
ecdsa-P-521,sign,537,1157578,3111504
ecdsa-P-521,sign,538,1158948,3115184
ecdsa-P-521,sign,539,1163163,3126518
ecdsa-P-521,sign,540,1159405,3116414
ecdsa-P-521,sign,541,1161872,3123044
ecdsa-P-521,sign,542,1165222,3132058
ecdsa-P-521,sign,543,1157124,3110282
ecdsa-P-521,sign,544,1159535,3116768
ecdsa-P-521,sign,545,1165258,3132148
ecdsa-P-521,sign,546,1159278,3116080
ecdsa-P-521,sign,547,1157307,3110782
ecdsa-P-521,sign,548,1165331,3132344
ecdsa-P-521,sign,549,1159713,3117250
ecdsa-P-521,sign,550,1160083,3118236
ecdsa-P-521,sign,551,1158267,3113354
ecdsa-P-521,sign,552,1163270,3126800
ecdsa-P-521,sign,553,1160701,3119896
ecdsa-P-521,sign,554,1163675,3127896
ecdsa-P-521,sign,555,1178779,3168502
ecdsa-P-521,sign,556,1166282,3134906
ecdsa-P-521,sign,557,1157821,3112162
ecdsa-P-521,sign,558,1160566,3119534
ecdsa-P-521,sign,559,1158414,3113754
ecdsa-P-521,sign,560,1161042,3120816
ecdsa-P-521,sign,561,1157708,3111860
ecdsa-P-521,sign,562,1158449,3113844
ecdsa-P-521,sign,563,1158384,3113678
ecdsa-P-521,sign,564,1159387,3116368
ecdsa-P-521,sign,565,1162368,3124386
ecdsa-P-521,sign,566,1159107,3115616
ecdsa-P-521,sign,567,1165705,3133350
ecdsa-P-521,sign,568,1160221,3118612
ecdsa-P-521,sign,569,1164454,3128968
ecdsa-P-521,sign,570,1164593,3130360
ecdsa-P-521,sign,571,1159966,3117922
ecdsa-P-521,sign,572,1159944,3117864
ecdsa-P-521,sign,573,1164484,3130066
ecdsa-P-521,sign,574,1162386,3124428
ecdsa-P-521,sign,575,1160865,3120288
ecdsa-P-521,sign,576,1161321,3121570
ecdsa-P-521,sign,577,1162021,3123456
ecdsa-P-521,sign,578,1165221,3132052
ecdsa-P-521,sign,579,1161684,3122538
ecdsa-P-521,sign,580,1158430,3113794
ecdsa-P-521,sign,581,1160447,3119214
ecdsa-P-521,sign,582,1159527,3116748
ecdsa-P-521,sign,583,1160964,3120606
ecdsa-P-521,sign,584,1159864,3117648
ecdsa-P-521,sign,585,1160824,3120234
ecdsa-P-521,sign,586,1161441,3121894
ecdsa-P-521,sign,587,1158237,3113276
ecdsa-P-521,sign,588,1160202,3118564
ecdsa-P-521,sign,589,1165668,3133254
ecdsa-P-521,sign,590,1160465,3119260
ecdsa-P-521,sign,591,1160963,3120610
ecdsa-P-521,sign,592,1158978,3115270
ecdsa-P-521,sign,593,1161232,3121326
ecdsa-P-521,sign,594,1160692,3119874
ecdsa-P-521,sign,595,1160651,3119776
ecdsa-P-521,sign,596,1160096,3118272
ecdsa-P-521,sign,597,1161130,3121060
ecdsa-P-521,sign,598,1159578,3116886
ecdsa-P-521,sign,599,1158994,3115312
ecdsa-P-521,sign,600,1170205,3145444
ecdsa-P-521,sign,601,1160552,3119506
ecdsa-P-521,sign,602,1163049,3126210
ecdsa-P-521,sign,603,1163656,3127840
ecdsa-P-521,sign,604,1163276,3126826
ecdsa-P-521,sign,605,1162228,3124012
ecdsa-P-521,sign,606,1160955,3120590
ecdsa-P-521,sign,607,1158913,3115094
ecdsa-P-521,sign,608,1161753,3122734
ecdsa-P-521,sign,609,1157543,3111412
ecdsa-P-521,sign,610,1161355,3121656
ecdsa-P-521,sign,611,1166683,3135952
ecdsa-P-521,sign,612,1161199,3121208
ecdsa-P-521,sign,613,1161672,3122514
ecdsa-P-521,sign,614,1158091,3112852
ecdsa-P-521,sign,615,1161333,3121600
ecdsa-P-521,sign,616,1162929,3125888
ecdsa-P-521,sign,617,1160371,3119014
ecdsa-P-521,sign,618,1160473,3119270
ecdsa-P-521,sign,619,1159847,3117588
ecdsa-P-521,sign,620,1159768,3117388
ecdsa-P-521,sign,621,1160155,3118428
ecdsa-P-521,sign,622,1167809,3139010
ecdsa-P-521,sign,623,1158086,3112874
ecdsa-P-521,sign,624,1157321,3110812
ecdsa-P-521,sign,625,1159531,3116758
ecdsa-P-521,sign,626,1161499,3122042
ecdsa-P-521,sign,627,1165553,3132948
ecdsa-P-521,sign,628,1163540,3127536
ecdsa-P-521,sign,629,1157293,3110742
ecdsa-P-521,sign,630,1158960,3115218
ecdsa-P-521,sign,631,1157066,3110128
ecdsa-P-521,sign,632,1160789,3120136
ecdsa-P-521,sign,633,1164220,3129356
ecdsa-P-521,sign,634,1162866,3125718
ecdsa-P-521,sign,635,1160489,3119336
ecdsa-P-521,sign,636,1160175,3118486
ecdsa-P-521,sign,637,1160037,3118114
ecdsa-P-521,sign,638,1159379,3116348
ecdsa-P-521,sign,639,1160635,3119720
ecdsa-P-521,sign,640,1161103,3120986
ecdsa-P-521,sign,641,1161812,3122884
ecdsa-P-521,sign,642,1157760,3111994
ecdsa-P-521,sign,643,1157952,3112514
ecdsa-P-521,sign,644,1166120,3134466
ecdsa-P-521,sign,645,1167044,3136944
ecdsa-P-521,sign,646,1160066,3118192
ecdsa-P-521,sign,647,1165829,3133692
ecdsa-P-521,sign,648,1161783,3122812
ecdsa-P-521,sign,649,1164086,3129010
ecdsa-P-521,sign,650,1160034,3118114
ecdsa-P-521,sign,651,1158792,3114764
ecdsa-P-521,sign,652,1162407,3124488
ecdsa-P-521,sign,653,1162516,3124776
ecdsa-P-521,sign,654,1159269,3116056
ecdsa-P-521,sign,655,1162285,3124152
ecdsa-P-521,sign,656,1159481,3116620
ecdsa-P-521,sign,657,1167394,3137868
ecdsa-P-521,sign,658,1158982,3115274
ecdsa-P-521,sign,659,1167384,3137866
ecdsa-P-521,sign,660,1160420,3119074
ecdsa-P-521,sign,661,1157883,3112330
ecdsa-P-521,sign,662,1157625,3111632
ecdsa-P-521,sign,663,1159821,3117532
ecdsa-P-521,sign,664,1158925,3115130
ecdsa-P-521,sign,665,1160401,3119092
ecdsa-P-521,sign,666,1164092,3129012
ecdsa-P-521,sign,667,1158352,3113590
ecdsa-P-521,sign,668,1157805,3112118
ecdsa-P-521,sign,669,1160253,3118650
ecdsa-P-521,sign,670,1160187,3118522
ecdsa-P-521,sign,671,1166350,3135088
ecdsa-P-521,sign,672,1161106,3120998
ecdsa-P-521,sign,673,1161021,3120764
ecdsa-P-521,sign,674,1158566,3114164
ecdsa-P-521,sign,675,1159592,3116924
ecdsa-P-521,sign,676,1159860,3117636
ecdsa-P-521,sign,677,1166578,3135694
ecdsa-P-521,sign,678,1159803,3117484
ecdsa-P-521,sign,679,1158096,3112894
ecdsa-P-521,sign,680,1158498,3113986
ecdsa-P-521,sign,681,1163737,3128066
ecdsa-P-521,sign,682,1161518,3122106
ecdsa-P-521,sign,683,1159675,3117142
ecdsa-P-521,sign,684,1160480,3119304
ecdsa-P-521,sign,685,1162599,3125004
ecdsa-P-521,sign,686,1160724,3119954
ecdsa-P-521,sign,687,1157936,3112464
ecdsa-P-521,sign,688,1167766,3138896
ecdsa-P-521,sign,689,1158851,3114922
ecdsa-P-521,sign,690,1163252,3126756
ecdsa-P-521,sign,691,1158045,3112766
ecdsa-P-521,sign,692,1157443,3111140
ecdsa-P-521,sign,693,1166679,3135964
ecdsa-P-521,sign,694,1159312,3116168
ecdsa-P-521,sign,695,1163308,3126912
ecdsa-P-521,sign,696,1161506,3122060
ecdsa-P-521,sign,697,1161674,3122514
ecdsa-P-521,sign,698,1156992,3109926
ecdsa-P-521,sign,699,1167551,3138320
ecdsa-P-521,sign,700,1161198,3121244
ecdsa-P-521,sign,701,1158550,3114120
ecdsa-P-521,sign,702,1163983,3128726
ecdsa-P-521,sign,703,1158976,3115270
ecdsa-P-521,sign,704,1161775,3122790
ecdsa-P-521,sign,705,1155016,3104624
ecdsa-P-521,sign,706,1156682,3109100
ecdsa-P-521,sign,707,1162602,3125010
ecdsa-P-521,sign,708,1157718,3111892
ecdsa-P-521,sign,709,1163560,3127598
ecdsa-P-521,sign,710,1168020,3139576
ecdsa-P-521,sign,711,1157923,3112436
ecdsa-P-521,sign,712,1157230,3110566
ecdsa-P-521,sign,713,1159663,3117112
ecdsa-P-521,sign,714,1161972,3123314
ecdsa-P-521,sign,715,1168096,3139774
ecdsa-P-521,sign,716,1161776,3122798
ecdsa-P-521,sign,717,1160287,3118788
ecdsa-P-521,sign,718,1159475,3116602
ecdsa-P-521,sign,719,1158643,3114372
ecdsa-P-521,sign,720,1160988,3120670
ecdsa-P-521,sign,721,1169679,3144036
ecdsa-P-521,sign,722,1162335,3124298
ecdsa-P-521,sign,723,1163125,3126412
ecdsa-P-521,sign,724,1158889,3115030
ecdsa-P-521,sign,725,1159099,3115594
ecdsa-P-521,sign,726,1164296,3129560
ecdsa-P-521,sign,727,1161086,3120932
ecdsa-P-521,sign,728,1156926,3109754
ecdsa-P-521,sign,729,1164349,3129708
ecdsa-P-521,sign,730,1162314,3124158
ecdsa-P-521,sign,731,1200489,3226834
ecdsa-P-521,sign,732,1184650,3184280
ecdsa-P-521,sign,733,1168453,3140716
ecdsa-P-521,sign,734,1169245,3142838
ecdsa-P-521,sign,735,1165640,3133174
ecdsa-P-521,sign,736,1158931,3115142
ecdsa-P-521,sign,737,1163947,3128616
ecdsa-P-521,sign,738,1161088,3120946
ecdsa-P-521,sign,739,1164349,3129702
ecdsa-P-521,sign,740,1160785,3120124
ecdsa-P-521,sign,741,1164454,3129984
ecdsa-P-521,sign,742,1163377,3127086
ecdsa-P-521,sign,743,1167445,3138030
ecdsa-P-521,sign,744,1162569,3124920
ecdsa-P-521,sign,745,1171827,3149746
ecdsa-P-521,sign,746,1158277,3113386
ecdsa-P-521,sign,747,1158396,3113704
ecdsa-P-521,sign,748,1161917,3123168
ecdsa-P-521,sign,749,1162581,3124956
ecdsa-P-521,sign,750,1161055,3120850
ecdsa-P-521,sign,751,1167752,3138848
ecdsa-P-521,sign,752,1161792,3122830
ecdsa-P-521,sign,753,1161346,3121632
ecdsa-P-521,sign,754,1165838,3133714
ecdsa-P-521,sign,755,1160692,3119880
ecdsa-P-521,sign,756,1159923,3117810
ecdsa-P-521,sign,757,1164179,3129250
ecdsa-P-521,sign,758,1163104,3126356
ecdsa-P-521,sign,759,1162712,3125310
ecdsa-P-521,sign,760,1159614,3116976
ecdsa-P-521,sign,761,1164039,3128878
ecdsa-P-521,sign,762,1159570,3116864
ecdsa-P-521,sign,763,1158591,3114232
ecdsa-P-521,sign,764,1164080,3128982
ecdsa-P-521,sign,765,1166122,3134472
ecdsa-P-521,sign,766,1160898,3120428
ecdsa-P-521,sign,767,1158009,3112668
ecdsa-P-521,sign,768,1160149,3118412
ecdsa-P-521,sign,769,1182649,3178894
ecdsa-P-521,sign,770,1162221,3123990
ecdsa-P-521,sign,771,1156560,3108772
ecdsa-P-521,sign,772,1161114,3121006
ecdsa-P-521,sign,773,1161224,3121306
ecdsa-P-521,sign,774,1160201,3118556
ecdsa-P-521,sign,775,1157806,3112120
ecdsa-P-521,sign,776,1166658,3135910
ecdsa-P-521,sign,777,1161523,3122110
ecdsa-P-521,sign,778,1157415,3111070
ecdsa-P-521,sign,779,1158737,3114624
ecdsa-P-521,sign,780,1162146,3123780
ecdsa-P-521,sign,781,1161740,3122696
ecdsa-P-521,sign,782,1160858,3120322
ecdsa-P-521,sign,783,1159387,3116376
ecdsa-P-521,sign,784,1159362,3116296
ecdsa-P-521,sign,785,1158008,3112662
ecdsa-P-521,sign,786,1169050,3142198
ecdsa-P-521,sign,787,1167981,3139466
ecdsa-P-521,sign,788,1160386,3119054
ecdsa-P-521,sign,789,1160263,3118726
ecdsa-P-521,sign,790,1158365,3113626
ecdsa-P-521,sign,791,1162592,3124986
ecdsa-P-521,sign,792,1161257,3121392
ecdsa-P-521,sign,793,1163770,3128150
ecdsa-P-521,sign,794,1162487,3124700
ecdsa-P-521,sign,795,1158262,3113342
ecdsa-P-521,sign,796,1157195,3110478
ecdsa-P-521,sign,797,1160514,3119400
ecdsa-P-521,sign,798,1161730,3122668
ecdsa-P-521,sign,799,1160707,3119922
ecdsa-P-521,sign,800,1160272,3118742
ecdsa-P-521,sign,801,1160941,3120548
ecdsa-P-521,sign,802,1159560,3116838
ecdsa-P-521,sign,803,1160205,3118566
ecdsa-P-521,sign,804,1157675,3111764
ecdsa-P-521,sign,805,1160304,3118822
ecdsa-P-521,sign,806,1162328,3124270
ecdsa-P-521,sign,807,1162226,3123996
ecdsa-P-521,sign,808,1158219,3113224
ecdsa-P-521,sign,809,1165804,3133616
ecdsa-P-521,sign,810,1157447,3111154
ecdsa-P-521,sign,811,1157975,3112572
ecdsa-P-521,sign,812,1159471,3116590
ecdsa-P-521,sign,813,1163482,3127372
ecdsa-P-521,sign,814,1159753,3117354
ecdsa-P-521,sign,815,1157875,3112308
ecdsa-P-521,sign,816,1162562,3124914
ecdsa-P-521,sign,817,1162567,3124922
ecdsa-P-521,sign,818,1160642,3119750
ecdsa-P-521,sign,819,1165513,3132844
ecdsa-P-521,sign,820,1170261,3145596
ecdsa-P-521,sign,821,1157861,3112264
ecdsa-P-521,sign,822,1158774,3114730
ecdsa-P-521,sign,823,1159754,3117358
ecdsa-P-521,sign,824,1166745,3136148
ecdsa-P-521,sign,825,1162962,3125980
ecdsa-P-521,sign,826,1160850,3120298
ecdsa-P-521,sign,827,1162065,3123566
ecdsa-P-521,sign,828,1161042,3120814
ecdsa-P-521,sign,829,1161744,3122700
ecdsa-P-521,sign,830,1159454,3116546
ecdsa-P-521,sign,831,1168733,3141496
ecdsa-P-521,sign,832,1159351,3116272
ecdsa-P-521,sign,833,1166128,3134466
ecdsa-P-521,sign,834,1159610,3116964
ecdsa-P-521,sign,835,1161198,3121246
ecdsa-P-521,sign,836,1161460,3121946
ecdsa-P-521,sign,837,1161735,3122684
ecdsa-P-521,sign,838,1158618,3114300
ecdsa-P-521,sign,839,1161401,3121780
ecdsa-P-521,sign,840,1160787,3120142
ecdsa-P-521,sign,841,1166402,3135222
ecdsa-P-521,sign,842,1168513,3140900
ecdsa-P-521,sign,843,1158970,3115250
ecdsa-P-521,sign,844,1159797,3117466
ecdsa-P-521,sign,845,1159779,3117420
ecdsa-P-521,sign,846,1163314,3126870
ecdsa-P-521,sign,847,1165663,3133234
ecdsa-P-521,sign,848,1163551,3127558
ecdsa-P-521,sign,849,1166782,3136248
ecdsa-P-521,sign,850,1162964,3125980
ecdsa-P-521,sign,851,1161105,3120986
ecdsa-P-521,sign,852,1160591,3119606
ecdsa-P-521,sign,853,1165376,3132470
ecdsa-P-521,sign,854,1158899,3115054
ecdsa-P-521,sign,855,1163466,3127330
ecdsa-P-521,sign,856,1160821,3120228
ecdsa-P-521,sign,857,1162021,3123446
ecdsa-P-521,sign,858,1166018,3134192
ecdsa-P-521,sign,859,1158877,3114996
ecdsa-P-521,sign,860,1166919,3136610
ecdsa-P-521,sign,861,1161708,3122604
ecdsa-P-521,sign,862,1165970,3134062
ecdsa-P-521,sign,863,1160147,3118412
ecdsa-P-521,sign,864,1167831,3139070
ecdsa-P-521,sign,865,1182756,3179182
ecdsa-P-521,sign,866,1163828,3128302
ecdsa-P-521,sign,867,1162821,3125596
ecdsa-P-521,sign,868,1161740,3122692
ecdsa-P-521,sign,869,1164176,3129240
ecdsa-P-521,sign,870,1162782,3125490
ecdsa-P-521,sign,871,1157074,3110144
ecdsa-P-521,sign,872,1166474,3135368
ecdsa-P-521,sign,873,1157657,3111710
ecdsa-P-521,sign,874,1165527,3132872
ecdsa-P-521,sign,875,1169192,3142724
ecdsa-P-521,sign,876,1155413,3105686
ecdsa-P-521,sign,877,1163763,3128130
ecdsa-P-521,sign,878,1159385,3116362
ecdsa-P-521,sign,879,1165928,3133948
ecdsa-P-521,sign,880,1164014,3128800
ecdsa-P-521,sign,881,1164503,3130126
ecdsa-P-521,sign,882,1160079,3118222
ecdsa-P-521,sign,883,1164846,3131040
ecdsa-P-521,sign,884,1163072,3126276
ecdsa-P-521,sign,885,1162133,3123722
ecdsa-P-521,sign,886,1167672,3138632
ecdsa-P-521,sign,887,1157649,3111702
ecdsa-P-521,sign,888,1161452,3121926
ecdsa-P-521,sign,889,1163882,3128452
ecdsa-P-521,sign,890,1165635,3133166
ecdsa-P-521,sign,891,1163861,3128402
ecdsa-P-521,sign,892,1160293,3118804
ecdsa-P-521,sign,893,1164113,3129066
ecdsa-P-521,sign,894,1161226,3121314
ecdsa-P-521,sign,895,1163303,3126894
ecdsa-P-521,sign,896,1159398,3116400
ecdsa-P-521,sign,897,1169067,3142388
ecdsa-P-521,sign,898,1163840,3128338
ecdsa-P-521,sign,899,1163163,3126526
ecdsa-P-521,sign,900,1161015,3120746
ecdsa-P-521,sign,901,1164715,3130694
ecdsa-P-521,sign,902,1167493,3138164
ecdsa-P-521,sign,903,1158143,3113020
ecdsa-P-521,sign,904,1162825,3125614
ecdsa-P-521,sign,905,1164374,3129776
ecdsa-P-521,sign,906,1161689,3122566
ecdsa-P-521,sign,907,1161410,3121804
ecdsa-P-521,sign,908,1164163,3129210
ecdsa-P-521,sign,909,1158871,3114986
ecdsa-P-521,sign,910,1161529,3122134
ecdsa-P-521,sign,911,1165429,3132614
ecdsa-P-521,sign,912,1162628,3125080
ecdsa-P-521,sign,913,1168301,3140330
ecdsa-P-521,sign,914,1161658,3122478
ecdsa-P-521,sign,915,1161931,3123202
ecdsa-P-521,sign,916,1161866,3123028
ecdsa-P-521,sign,917,1160877,3120370
ecdsa-P-521,sign,918,1160751,3120038
ecdsa-P-521,sign,919,1167432,3137992
ecdsa-P-521,sign,920,1168994,3142186
ecdsa-P-521,sign,921,1170039,3144980
ecdsa-P-521,sign,922,1158372,3113638
ecdsa-P-521,sign,923,1162367,3124384
ecdsa-P-521,sign,924,1163651,3127830
ecdsa-P-521,sign,925,1163443,3127270
ecdsa-P-521,sign,926,1160176,3118490
ecdsa-P-521,sign,927,1164406,3129854
ecdsa-P-521,sign,928,1161536,3122146
ecdsa-P-521,sign,929,1163540,3127530
ecdsa-P-521,sign,930,1168196,3140050
ecdsa-P-521,sign,931,1159925,3117810
ecdsa-P-521,sign,932,1158808,3114810
ecdsa-P-521,sign,933,1161786,3122814
ecdsa-P-521,sign,934,1163350,3127022
ecdsa-P-521,sign,935,1167833,3139068
ecdsa-P-521,sign,936,1159524,3116742
ecdsa-P-521,sign,937,1159749,3117340
ecdsa-P-521,sign,938,1161375,3121714
ecdsa-P-521,sign,939,1163547,3127544
ecdsa-P-521,sign,940,1157564,3111470
ecdsa-P-521,sign,941,1169986,3144854
ecdsa-P-521,sign,942,1164492,3130088
ecdsa-P-521,sign,943,1158748,3114656
ecdsa-P-521,sign,944,1158944,3115176
ecdsa-P-521,sign,945,1159647,3117070
ecdsa-P-521,sign,946,1159642,3117058
ecdsa-P-521,sign,947,1158253,3113328
ecdsa-P-521,sign,948,1163265,3126790
ecdsa-P-521,sign,949,1164477,3130058
ecdsa-P-521,sign,950,1159197,3115868
ecdsa-P-521,sign,951,1159132,3115684
ecdsa-P-521,sign,952,1168091,3139762
ecdsa-P-521,sign,953,1163728,3128046
ecdsa-P-521,sign,954,1161063,3120876
ecdsa-P-521,sign,955,1160963,3120602
ecdsa-P-521,sign,956,1163224,3126680
ecdsa-P-521,sign,957,1163151,3126482
ecdsa-P-521,sign,958,1161994,3123380
ecdsa-P-521,sign,959,1160244,3118670
ecdsa-P-521,sign,960,1160426,3119166
ecdsa-P-521,sign,961,1162895,3125802
ecdsa-P-521,sign,962,1161553,3122192
ecdsa-P-521,sign,963,1165955,3134026
ecdsa-P-521,sign,964,1158938,3115166
ecdsa-P-521,sign,965,1157962,3112536
ecdsa-P-521,sign,966,1160918,3120482
ecdsa-P-521,sign,967,1161684,3122548
ecdsa-P-521,sign,968,1160729,3119978
ecdsa-P-521,sign,969,1156992,3109928
ecdsa-P-521,sign,970,1159294,3116124
ecdsa-P-521,sign,971,1160586,3119588
ecdsa-P-521,sign,972,1162413,3124508
ecdsa-P-521,sign,973,1161531,3122134
ecdsa-P-521,sign,974,1162186,3123896
ecdsa-P-521,sign,975,1166379,3135160
ecdsa-P-521,sign,976,1161603,3122326
ecdsa-P-521,sign,977,1160278,3118762
ecdsa-P-521,sign,978,1161918,3123166
ecdsa-P-521,sign,979,1157861,3112268
ecdsa-P-521,sign,980,1160878,3120378
ecdsa-P-521,sign,981,1160259,3118714
ecdsa-P-521,sign,982,1159611,3116976
ecdsa-P-521,sign,983,1161045,3120828
ecdsa-P-521,sign,984,1157793,3112082
ecdsa-P-521,sign,985,1160690,3119866
ecdsa-P-521,sign,986,1165854,3133754
ecdsa-P-521,sign,987,1157833,3112194
ecdsa-P-521,sign,988,1162287,3124160
ecdsa-P-521,sign,989,1180344,3172696
ecdsa-P-521,sign,990,1157338,3110860
ecdsa-P-521,sign,991,1165205,3132002
ecdsa-P-521,sign,992,1158596,3114242
ecdsa-P-521,sign,993,1160566,3119532
ecdsa-P-521,sign,994,1161320,3121560
ecdsa-P-521,sign,995,1158820,3114842
ecdsa-P-521,sign,996,1161076,3120906
ecdsa-P-521,sign,997,1177836,3165962
ecdsa-P-521,sign,998,1162540,3124842
ecdsa-P-521,sign,999,1162144,3123778
ecdsa-P-521,verify,0,927985,2494332
ecdsa-P-521,verify,1,921850,2477874
ecdsa-P-521,verify,2,924107,2483940
ecdsa-P-521,verify,3,922872,2480622
ecdsa-P-521,verify,4,924439,2484832
ecdsa-P-521,verify,5,921142,2475976
ecdsa-P-521,verify,6,928377,2495416
ecdsa-P-521,verify,7,922679,2480102
ecdsa-P-521,verify,8,920464,2474146
ecdsa-P-521,verify,9,919560,2471722
ecdsa-P-521,verify,10,921694,2477462
ecdsa-P-521,verify,11,920055,2473014
ecdsa-P-521,verify,12,925606,2487970
ecdsa-P-521,verify,13,921797,2477732
ecdsa-P-521,verify,14,923998,2483642
ecdsa-P-521,verify,15,922950,2480818
ecdsa-P-521,verify,16,927677,2493536
ecdsa-P-521,verify,17,922993,2480944
ecdsa-P-521,verify,18,923003,2480972
ecdsa-P-521,verify,19,922788,2480394
ecdsa-P-521,verify,20,920588,2474480
ecdsa-P-521,verify,21,921628,2477276
ecdsa-P-521,verify,22,921287,2476366
ecdsa-P-521,verify,23,923203,2481508
ecdsa-P-521,verify,24,923861,2483282
ecdsa-P-521,verify,25,923126,2481304
ecdsa-P-521,verify,26,923477,2482242
ecdsa-P-521,verify,27,922223,2478880
ecdsa-P-521,verify,28,923011,2480988
ecdsa-P-521,verify,29,924456,2484882
ecdsa-P-521,verify,30,921720,2477522
ecdsa-P-521,verify,31,924801,2485806
ecdsa-P-521,verify,32,926888,2491414
ecdsa-P-521,verify,33,922204,2478824
ecdsa-P-521,verify,34,925535,2487768
ecdsa-P-521,verify,35,921908,2478024
ecdsa-P-521,verify,36,923628,2482648
ecdsa-P-521,verify,37,925923,2488822
ecdsa-P-521,verify,38,922026,2478340
ecdsa-P-521,verify,39,921286,2476348
ecdsa-P-521,verify,40,922932,2480774
ecdsa-P-521,verify,41,922674,2480084
ecdsa-P-521,verify,42,918471,2468780
ecdsa-P-521,verify,43,923168,2481422
ecdsa-P-521,verify,44,922014,2478304
ecdsa-P-521,verify,45,925317,2487192
ecdsa-P-521,verify,46,921584,2477156
ecdsa-P-521,verify,47,922071,2478466
ecdsa-P-521,verify,48,918114,2467834
ecdsa-P-521,verify,49,922701,2480164
ecdsa-P-521,verify,50,925503,2487688
ecdsa-P-521,verify,51,920869,2475234
ecdsa-P-521,verify,52,922606,2479902
ecdsa-P-521,verify,53,923573,2482436
ecdsa-P-521,verify,54,923035,2480942
ecdsa-P-521,verify,55,921643,2477312
ecdsa-P-521,verify,56,922595,2479882
ecdsa-P-521,verify,57,925303,2487154
ecdsa-P-521,verify,58,926040,2489134
ecdsa-P-521,verify,59,923415,2482084
ecdsa-P-521,verify,60,921548,2477060
ecdsa-P-521,verify,61,922516,2479672
ecdsa-P-521,verify,62,923119,2481288
ecdsa-P-521,verify,63,921637,2477296
ecdsa-P-521,verify,64,920308,2473724
ecdsa-P-521,verify,65,923347,2481842
ecdsa-P-521,verify,66,921690,2477446
ecdsa-P-521,verify,67,927095,2491974
ecdsa-P-521,verify,68,920210,2473468
ecdsa-P-521,verify,69,924829,2485886
ecdsa-P-521,verify,70,921481,2476884
ecdsa-P-521,verify,71,928398,2495478
ecdsa-P-521,verify,72,925972,2488944
ecdsa-P-521,verify,73,928954,2496958
ecdsa-P-521,verify,74,921541,2477046
ecdsa-P-521,verify,75,921672,2477398
ecdsa-P-521,verify,76,923248,2481628
ecdsa-P-521,verify,77,925242,2486988
ecdsa-P-521,verify,78,922843,2480540
ecdsa-P-521,verify,79,926720,2490956
ecdsa-P-521,verify,80,925239,2486984
ecdsa-P-521,verify,81,922270,2479010
ecdsa-P-521,verify,82,924779,2485750
ecdsa-P-521,verify,83,923032,2481046
ecdsa-P-521,verify,84,925111,2486634
ecdsa-P-521,verify,85,929984,2499734
ecdsa-P-521,verify,86,923193,2481478
ecdsa-P-521,verify,87,923903,2483396
ecdsa-P-521,verify,88,921303,2476404
ecdsa-P-521,verify,89,922221,2478872
ecdsa-P-521,verify,90,923444,2482152
ecdsa-P-521,verify,91,924839,2485888
ecdsa-P-521,verify,92,923028,2481034
ecdsa-P-521,verify,93,925190,2486848
ecdsa-P-521,verify,94,921389,2476634
ecdsa-P-521,verify,95,921191,2476100
ecdsa-P-521,verify,96,925084,2486556
ecdsa-P-521,verify,97,923753,2482982
ecdsa-P-521,verify,98,923901,2483378
ecdsa-P-521,verify,99,922301,2479076
ecdsa-P-521,verify,100,919373,2471218
ecdsa-P-521,verify,101,931163,2502898
ecdsa-P-521,verify,102,925495,2487674
ecdsa-P-521,verify,103,922729,2480234
ecdsa-P-521,verify,104,919778,2472306
ecdsa-P-521,verify,105,922529,2479698
ecdsa-P-521,verify,106,924523,2485058
ecdsa-P-521,verify,107,922868,2480602
ecdsa-P-521,verify,108,920449,2474114
ecdsa-P-521,verify,109,923147,2481354
ecdsa-P-521,verify,110,924708,2485552
ecdsa-P-521,verify,111,923311,2481802
ecdsa-P-521,verify,112,921731,2477558
ecdsa-P-521,verify,113,922567,2479804
ecdsa-P-521,verify,114,920595,2474506
ecdsa-P-521,verify,115,923817,2483164
ecdsa-P-521,verify,116,920295,2473694
ecdsa-P-521,verify,117,920429,2474054
ecdsa-P-521,verify,118,921987,2478242
ecdsa-P-521,verify,119,924207,2484212
ecdsa-P-521,verify,120,923701,2482848
ecdsa-P-521,verify,121,924875,2486002
ecdsa-P-521,verify,122,922306,2479102
ecdsa-P-521,verify,123,919195,2470732
ecdsa-P-521,verify,124,922411,2479374
ecdsa-P-521,verify,125,922121,2478594
ecdsa-P-521,verify,126,920501,2474254
ecdsa-P-521,verify,127,920159,2473326
ecdsa-P-521,verify,128,923308,2481792
ecdsa-P-521,verify,129,924217,2484242
ecdsa-P-521,verify,130,925352,2487284
ecdsa-P-521,verify,131,924588,2485236
ecdsa-P-521,verify,132,920544,2474362
ecdsa-P-521,verify,133,922350,2479218
ecdsa-P-521,verify,134,926177,2489502
ecdsa-P-521,verify,135,920848,2475168
ecdsa-P-521,verify,136,922489,2479582
ecdsa-P-521,verify,137,926241,2489674
ecdsa-P-521,verify,138,922889,2480670
ecdsa-P-521,verify,139,921225,2476196
ecdsa-P-521,verify,140,922571,2479808
ecdsa-P-521,verify,141,919113,2470516
ecdsa-P-521,verify,142,922658,2480040
ecdsa-P-521,verify,143,921413,2476690
ecdsa-P-521,verify,144,924273,2484382
ecdsa-P-521,verify,145,922965,2480872
ecdsa-P-521,verify,146,920996,2475568
ecdsa-P-521,verify,147,926961,2491604
ecdsa-P-521,verify,148,923313,2481800
ecdsa-P-521,verify,149,920564,2474408
ecdsa-P-521,verify,150,922926,2480762
ecdsa-P-521,verify,151,922093,2478524
ecdsa-P-521,verify,152,923685,2482798
ecdsa-P-521,verify,153,920718,2474830
ecdsa-P-521,verify,154,921862,2477912
ecdsa-P-521,verify,155,920881,2475262
ecdsa-P-521,verify,156,921992,2478256
ecdsa-P-521,verify,157,924937,2486062
ecdsa-P-521,verify,158,956498,2570984
ecdsa-P-521,verify,159,922320,2479136
ecdsa-P-521,verify,160,922385,2479306
ecdsa-P-521,verify,161,922295,2479064
ecdsa-P-521,verify,162,928339,2495308
ecdsa-P-521,verify,163,922280,2479032
ecdsa-P-521,verify,164,923287,2481726
ecdsa-P-521,verify,165,923966,2483554
ecdsa-P-521,verify,166,921504,2476948
ecdsa-P-521,verify,167,925270,2487064
ecdsa-P-521,verify,168,922557,2479772
ecdsa-P-521,verify,169,923390,2482014
ecdsa-P-521,verify,170,921949,2478132
ecdsa-P-521,verify,171,926561,2490536
ecdsa-P-521,verify,172,919524,2471618
ecdsa-P-521,verify,173,924806,2485822
ecdsa-P-521,verify,174,924196,2484172
ecdsa-P-521,verify,175,921200,2476126
ecdsa-P-521,verify,176,923724,2482912
ecdsa-P-521,verify,177,920658,2474670
ecdsa-P-521,verify,178,925061,2486502
ecdsa-P-521,verify,179,922636,2479986
ecdsa-P-521,verify,180,922327,2479162
ecdsa-P-521,verify,181,922235,2478906
ecdsa-P-521,verify,182,927231,2492330
ecdsa-P-521,verify,183,940671,2528432
ecdsa-P-521,verify,184,922838,2480532
ecdsa-P-521,verify,185,921767,2477650
ecdsa-P-521,verify,186,921475,2476858
ecdsa-P-521,verify,187,923539,2482412
ecdsa-P-521,verify,188,922325,2479150
ecdsa-P-521,verify,189,921076,2475788
ecdsa-P-521,verify,190,921681,2477424
ecdsa-P-521,verify,191,923155,2481384
ecdsa-P-521,verify,192,922579,2479832
ecdsa-P-521,verify,193,921790,2477710
ecdsa-P-521,verify,194,930074,2499980
ecdsa-P-521,verify,195,923900,2483382
ecdsa-P-521,verify,196,920373,2473906
ecdsa-P-521,verify,197,922088,2478512
ecdsa-P-521,verify,198,921547,2477062
ecdsa-P-521,verify,199,922347,2479196
ecdsa-P-521,verify,200,920245,2473550
ecdsa-P-521,verify,201,924289,2484430
ecdsa-P-521,verify,202,922334,2479174
ecdsa-P-521,verify,203,921905,2478022
ecdsa-P-521,verify,204,939847,2526246
ecdsa-P-521,verify,205,919817,2472408
ecdsa-P-521,verify,206,918977,2470158
ecdsa-P-521,verify,207,920303,2473724
ecdsa-P-521,verify,208,920341,2473816
ecdsa-P-521,verify,209,920536,2474344
ecdsa-P-521,verify,210,922925,2480756
ecdsa-P-521,verify,211,922296,2479070
ecdsa-P-521,verify,212,923082,2481186
ecdsa-P-521,verify,213,921620,2477232
ecdsa-P-521,verify,214,925962,2488922
ecdsa-P-521,verify,215,920934,2475412
ecdsa-P-521,verify,216,920550,2474386
ecdsa-P-521,verify,217,922916,2480734
ecdsa-P-521,verify,218,922627,2479962
ecdsa-P-521,verify,219,923057,2481120
ecdsa-P-521,verify,220,922676,2480098
ecdsa-P-521,verify,221,924730,2485614
ecdsa-P-521,verify,222,923131,2481316
ecdsa-P-521,verify,223,921814,2477778
ecdsa-P-521,verify,224,923578,2482514
ecdsa-P-521,verify,225,922840,2480534
ecdsa-P-521,verify,226,924623,2485330
ecdsa-P-521,verify,227,925345,2487268
ecdsa-P-521,verify,228,922935,2480794
ecdsa-P-521,verify,229,921960,2478174
ecdsa-P-521,verify,230,920706,2474800
ecdsa-P-521,verify,231,919157,2470640
ecdsa-P-521,verify,232,926847,2491308
ecdsa-P-521,verify,233,923602,2482588
ecdsa-P-521,verify,234,921740,2477572
ecdsa-P-521,verify,235,924472,2484920
ecdsa-P-521,verify,236,924634,2485356
ecdsa-P-521,verify,237,923008,2480986
ecdsa-P-521,verify,238,922845,2480538
ecdsa-P-521,verify,239,922481,2479570
ecdsa-P-521,verify,240,924883,2486026
ecdsa-P-521,verify,241,923859,2483266
ecdsa-P-521,verify,242,921590,2477174
ecdsa-P-521,verify,243,920919,2475364
ecdsa-P-521,verify,244,923729,2482924
ecdsa-P-521,verify,245,922805,2480412
ecdsa-P-521,verify,246,923064,2481134
ecdsa-P-521,verify,247,921599,2477194
ecdsa-P-521,verify,248,925744,2488332
ecdsa-P-521,verify,249,924984,2486300
ecdsa-P-521,verify,250,923125,2481298
ecdsa-P-521,verify,251,923320,2481818
ecdsa-P-521,verify,252,924316,2484496
ecdsa-P-521,verify,253,919958,2472782
ecdsa-P-521,verify,254,921531,2477006
ecdsa-P-521,verify,255,920218,2473484
ecdsa-P-521,verify,256,922897,2480684
ecdsa-P-521,verify,257,920493,2474220
ecdsa-P-521,verify,258,923322,2481830
ecdsa-P-521,verify,259,923023,2481026
ecdsa-P-521,verify,260,926036,2489124
ecdsa-P-521,verify,261,922821,2480476
ecdsa-P-521,verify,262,948836,2550390
ecdsa-P-521,verify,263,938960,2523704
ecdsa-P-521,verify,264,941514,2530730
ecdsa-P-521,verify,265,924369,2484640
ecdsa-P-521,verify,266,921718,2477508
ecdsa-P-521,verify,267,922572,2479814
ecdsa-P-521,verify,268,931381,2503492
ecdsa-P-521,verify,269,930629,2501466
ecdsa-P-521,verify,270,924587,2485224
ecdsa-P-521,verify,271,922363,2479244
ecdsa-P-521,verify,272,919971,2472822
ecdsa-P-521,verify,273,928629,2496096
ecdsa-P-521,verify,274,925404,2487422
ecdsa-P-521,verify,275,922046,2478392
ecdsa-P-521,verify,276,920779,2474996
ecdsa-P-521,verify,277,932241,2505806
ecdsa-P-521,verify,278,923750,2482990
ecdsa-P-521,verify,279,923049,2481096
ecdsa-P-521,verify,280,921423,2476726
ecdsa-P-521,verify,281,930093,2500026
ecdsa-P-521,verify,282,927317,2492566
ecdsa-P-521,verify,283,919785,2472320
ecdsa-P-521,verify,284,922974,2480888
ecdsa-P-521,verify,285,920542,2474362
ecdsa-P-521,verify,286,927993,2494392
ecdsa-P-521,verify,287,924098,2483914
ecdsa-P-521,verify,288,923239,2481554
ecdsa-P-521,verify,289,923299,2481762
ecdsa-P-521,verify,290,923370,2481958
ecdsa-P-521,verify,291,922115,2478584
ecdsa-P-521,verify,292,924551,2485136
ecdsa-P-521,verify,293,924256,2484340
ecdsa-P-521,verify,294,934587,2512088
ecdsa-P-521,verify,295,922167,2478722
ecdsa-P-521,verify,296,924125,2483990
ecdsa-P-521,verify,297,923358,2481922
ecdsa-P-521,verify,298,925284,2487106
ecdsa-P-521,verify,299,921822,2477790
ecdsa-P-521,verify,300,921658,2477350
ecdsa-P-521,verify,301,924135,2484018
ecdsa-P-521,verify,302,922102,2478542
ecdsa-P-521,verify,303,923712,2482882
ecdsa-P-521,verify,304,923381,2481992
ecdsa-P-521,verify,305,922097,2478538
ecdsa-P-521,verify,306,922502,2479624
ecdsa-P-521,verify,307,925818,2488534
ecdsa-P-521,verify,308,922334,2479172
ecdsa-P-521,verify,309,922548,2479748
ecdsa-P-521,verify,310,920402,2473976
ecdsa-P-521,verify,311,920282,2473536
ecdsa-P-521,verify,312,923119,2481260
ecdsa-P-521,verify,313,924036,2483746
ecdsa-P-521,verify,314,923502,2482314
ecdsa-P-521,verify,315,929136,2497458
ecdsa-P-521,verify,316,925724,2488288
ecdsa-P-521,verify,317,924174,2484120
ecdsa-P-521,verify,318,926582,2490594
ecdsa-P-521,verify,319,918686,2469368
ecdsa-P-521,verify,320,923684,2482806
ecdsa-P-521,verify,321,927427,2492856
ecdsa-P-521,verify,322,926369,2490014
ecdsa-P-521,verify,323,924950,2486204
ecdsa-P-521,verify,324,924043,2483760
ecdsa-P-521,verify,325,920721,2474838
ecdsa-P-521,verify,326,922222,2478878
ecdsa-P-521,verify,327,920564,2474418
ecdsa-P-521,verify,328,925763,2488384
ecdsa-P-521,verify,329,923455,2482190
ecdsa-P-521,verify,330,923486,2482266
ecdsa-P-521,verify,331,925391,2487384
ecdsa-P-521,verify,332,922256,2478966
ecdsa-P-521,verify,333,925731,2488300
ecdsa-P-521,verify,334,928448,2495604
ecdsa-P-521,verify,335,923633,2482668
ecdsa-P-521,verify,336,923373,2481968
ecdsa-P-521,verify,337,921126,2475924
ecdsa-P-521,verify,338,921724,2477544
ecdsa-P-521,verify,339,924598,2485260
ecdsa-P-521,verify,340,920907,2475334
ecdsa-P-521,verify,341,924800,2485802
ecdsa-P-521,verify,342,925597,2487942
ecdsa-P-521,verify,343,923381,2481982
ecdsa-P-521,verify,344,924361,2484622
ecdsa-P-521,verify,345,924561,2485164
ecdsa-P-521,verify,346,924837,2485898
ecdsa-P-521,verify,347,924246,2484314
ecdsa-P-521,verify,348,922614,2479930
ecdsa-P-521,verify,349,921405,2476666
ecdsa-P-521,verify,350,926245,2489678
ecdsa-P-521,verify,351,919661,2471996
ecdsa-P-521,verify,352,923232,2481588
ecdsa-P-521,verify,353,922024,2478342
ecdsa-P-521,verify,354,922631,2479966
ecdsa-P-521,verify,355,924150,2484052
ecdsa-P-521,verify,356,924260,2484352
ecdsa-P-521,verify,357,923919,2483430
ecdsa-P-521,verify,358,925376,2487354
ecdsa-P-521,verify,359,926022,2489096
ecdsa-P-521,verify,360,920879,2475264
ecdsa-P-521,verify,361,922788,2480392
ecdsa-P-521,verify,362,923391,2482020
ecdsa-P-521,verify,363,922685,2480082
ecdsa-P-521,verify,364,920608,2474530
ecdsa-P-521,verify,365,922002,2478284
ecdsa-P-521,verify,366,925083,2486560
ecdsa-P-521,verify,367,923822,2483166
ecdsa-P-521,verify,368,924468,2484908
ecdsa-P-521,verify,369,926915,2491490
ecdsa-P-521,verify,370,924110,2483942
ecdsa-P-521,verify,371,922174,2478736
ecdsa-P-521,verify,372,923812,2483142
ecdsa-P-521,verify,373,923223,2481560
ecdsa-P-521,verify,374,924396,2484712
ecdsa-P-521,verify,375,922092,2478514
ecdsa-P-521,verify,376,925609,2487970
ecdsa-P-521,verify,377,919305,2471032
ecdsa-P-521,verify,378,925898,2488744
ecdsa-P-521,verify,379,923336,2481872
ecdsa-P-521,verify,380,921830,2477818
ecdsa-P-521,verify,381,923889,2483354
ecdsa-P-521,verify,382,924355,2484612
ecdsa-P-521,verify,383,924065,2483824
ecdsa-P-521,verify,384,922245,2478934
ecdsa-P-521,verify,385,922401,2479352
ecdsa-P-521,verify,386,923663,2482748
ecdsa-P-521,verify,387,921891,2477982
ecdsa-P-521,verify,388,922247,2478940
ecdsa-P-521,verify,389,924456,2484876
ecdsa-P-521,verify,390,922537,2479720
ecdsa-P-521,verify,391,926792,2491164
ecdsa-P-521,verify,392,922651,2480026
ecdsa-P-521,verify,393,922250,2478954
ecdsa-P-521,verify,394,921001,2475590
ecdsa-P-521,verify,395,924057,2483808
ecdsa-P-521,verify,396,922288,2479046
ecdsa-P-521,verify,397,925139,2486714
ecdsa-P-521,verify,398,924670,2485452
ecdsa-P-521,verify,399,922035,2478366
ecdsa-P-521,verify,400,922395,2479340
ecdsa-P-521,verify,401,925368,2487334
ecdsa-P-521,verify,402,921943,2478116
ecdsa-P-521,verify,403,922798,2480420
ecdsa-P-521,verify,404,920429,2474060
ecdsa-P-521,verify,405,931038,2502548
ecdsa-P-521,verify,406,924092,2483896
ecdsa-P-521,verify,407,924730,2485610
ecdsa-P-521,verify,408,921729,2477540
ecdsa-P-521,verify,409,925091,2486576
ecdsa-P-521,verify,410,923847,2483236
ecdsa-P-521,verify,411,925513,2487716
ecdsa-P-521,verify,412,919876,2472568
ecdsa-P-521,verify,413,924232,2484276
ecdsa-P-521,verify,414,922137,2478650
ecdsa-P-521,verify,415,919976,2472836
ecdsa-P-521,verify,416,920331,2473792
ecdsa-P-521,verify,417,921674,2477400
ecdsa-P-521,verify,418,925795,2488484
ecdsa-P-521,verify,419,924345,2484584
ecdsa-P-521,verify,420,924409,2484748
ecdsa-P-521,verify,421,924288,2484430
ecdsa-P-521,verify,422,924000,2483644
ecdsa-P-521,verify,423,922164,2478710
ecdsa-P-521,verify,424,920684,2474734
ecdsa-P-521,verify,425,925928,2488834
ecdsa-P-521,verify,426,921587,2477162
ecdsa-P-521,verify,427,923496,2482300
ecdsa-P-521,verify,428,921565,2477106
ecdsa-P-521,verify,429,923204,2481510
ecdsa-P-521,verify,430,922731,2480242
ecdsa-P-521,verify,431,921310,2476428
ecdsa-P-521,verify,432,926299,2489836
ecdsa-P-521,verify,433,925383,2487374
ecdsa-P-521,verify,434,923413,2482074
ecdsa-P-521,verify,435,924076,2483858
ecdsa-P-521,verify,436,922426,2479414
ecdsa-P-521,verify,437,924833,2485852
ecdsa-P-521,verify,438,925865,2488656
ecdsa-P-521,verify,439,921267,2476312
ecdsa-P-521,verify,440,921999,2478274
ecdsa-P-521,verify,441,923896,2483372
ecdsa-P-521,verify,442,926402,2490112
ecdsa-P-521,verify,443,917212,2465412
ecdsa-P-521,verify,444,922340,2479186
ecdsa-P-521,verify,445,921202,2476128
ecdsa-P-521,verify,446,924138,2484018
ecdsa-P-521,verify,447,923967,2483558
ecdsa-P-521,verify,448,924161,2484082
ecdsa-P-521,verify,449,924433,2484812
ecdsa-P-521,verify,450,920224,2473494
ecdsa-P-521,verify,451,922380,2479290
ecdsa-P-521,verify,452,924752,2485668
ecdsa-P-521,verify,453,924706,2485554
ecdsa-P-521,verify,454,923395,2482028
ecdsa-P-521,verify,455,921431,2476748
ecdsa-P-521,verify,456,918432,2468686
ecdsa-P-521,verify,457,923934,2483478
ecdsa-P-521,verify,458,924867,2485976
ecdsa-P-521,verify,459,925045,2486456
ecdsa-P-521,verify,460,926708,2490934
ecdsa-P-521,verify,461,923500,2482306
ecdsa-P-521,verify,462,924720,2485588
ecdsa-P-521,verify,463,927421,2492848
ecdsa-P-521,verify,464,924804,2485818
ecdsa-P-521,verify,465,922083,2478500
ecdsa-P-521,verify,466,923487,2482278
ecdsa-P-521,verify,467,922951,2480828
ecdsa-P-521,verify,468,920586,2474474
ecdsa-P-521,verify,469,921054,2475738
ecdsa-P-521,verify,470,925671,2488148
ecdsa-P-521,verify,471,922057,2478430
ecdsa-P-521,verify,472,922795,2480414
ecdsa-P-521,verify,473,945021,2540156
ecdsa-P-521,verify,474,923292,2481748
ecdsa-P-521,verify,475,922653,2480026
ecdsa-P-521,verify,476,923695,2482832
ecdsa-P-521,verify,477,924477,2484936
ecdsa-P-521,verify,478,932986,2507780
ecdsa-P-521,verify,479,924303,2484458
ecdsa-P-521,verify,480,923003,2480966
ecdsa-P-521,verify,481,917842,2467096
ecdsa-P-521,verify,482,922085,2478506
ecdsa-P-521,verify,483,922604,2479898
ecdsa-P-521,verify,484,926158,2489452
ecdsa-P-521,verify,485,924933,2486162
ecdsa-P-521,verify,486,922659,2480050
ecdsa-P-521,verify,487,923294,2481742
ecdsa-P-521,verify,488,923011,2480986
ecdsa-P-521,verify,489,922749,2480290
ecdsa-P-521,verify,490,920823,2475114
ecdsa-P-521,verify,491,921225,2476192
ecdsa-P-521,verify,492,924128,2483998
ecdsa-P-521,verify,493,920606,2474528
ecdsa-P-521,verify,494,924535,2485088
ecdsa-P-521,verify,495,921349,2476528
ecdsa-P-521,verify,496,919388,2471252
ecdsa-P-521,verify,497,923204,2481516
ecdsa-P-521,verify,498,922811,2480462
ecdsa-P-521,verify,499,925120,2486666
ecdsa-P-521,verify,500,921645,2477328
ecdsa-P-521,verify,501,923905,2483392
ecdsa-P-521,verify,502,926361,2490000
ecdsa-P-521,verify,503,922005,2478286
ecdsa-P-521,verify,504,922609,2479914
ecdsa-P-521,verify,505,926273,2489760
ecdsa-P-521,verify,506,926401,2490100
ecdsa-P-521,verify,507,925632,2488034
ecdsa-P-521,verify,508,921670,2477392
ecdsa-P-521,verify,509,921621,2477266
ecdsa-P-521,verify,510,924590,2485240
ecdsa-P-521,verify,511,922730,2480204
ecdsa-P-521,verify,512,923395,2482004
ecdsa-P-521,verify,513,919574,2471748
ecdsa-P-521,verify,514,923440,2482144
ecdsa-P-521,verify,515,921919,2478050
ecdsa-P-521,verify,516,929577,2498622
ecdsa-P-521,verify,517,924737,2485636
ecdsa-P-521,verify,518,921878,2477944
ecdsa-P-521,verify,519,922849,2480556
ecdsa-P-521,verify,520,927704,2493608
ecdsa-P-521,verify,521,920904,2475330
ecdsa-P-521,verify,522,923291,2481748
ecdsa-P-521,verify,523,922822,2480492
ecdsa-P-521,verify,524,920057,2473058
ecdsa-P-521,verify,525,925082,2486562
ecdsa-P-521,verify,526,924023,2483710
ecdsa-P-521,verify,527,922561,2479782
ecdsa-P-521,verify,528,923229,2481570
ecdsa-P-521,verify,529,919553,2471692
ecdsa-P-521,verify,530,922359,2479242
ecdsa-P-521,verify,531,921217,2476162
ecdsa-P-521,verify,532,923113,2481270
ecdsa-P-521,verify,533,921456,2476810
ecdsa-P-521,verify,534,920350,2473840
ecdsa-P-521,verify,535,925967,2488944
ecdsa-P-521,verify,536,922873,2480618
ecdsa-P-521,verify,537,921477,2476870
ecdsa-P-521,verify,538,926534,2490456
ecdsa-P-521,verify,539,923358,2481928
ecdsa-P-521,verify,540,922663,2480058
ecdsa-P-521,verify,541,919415,2471326
ecdsa-P-521,verify,542,923344,2481886
ecdsa-P-521,verify,543,922395,2479336
ecdsa-P-521,verify,544,924247,2484312
ecdsa-P-521,verify,545,923086,2481188
ecdsa-P-521,verify,546,922946,2480810
ecdsa-P-521,verify,547,923424,2482098
ecdsa-P-521,verify,548,919460,2471454
ecdsa-P-521,verify,549,923864,2483288
ecdsa-P-521,verify,550,923576,2482506
ecdsa-P-521,verify,551,922940,2480806
ecdsa-P-521,verify,552,920266,2473608
ecdsa-P-521,verify,553,921167,2476038
ecdsa-P-521,verify,554,927555,2493208
ecdsa-P-521,verify,555,923551,2482444
ecdsa-P-521,verify,556,921006,2475604
ecdsa-P-521,verify,557,919303,2471026
ecdsa-P-521,verify,558,921943,2478128
ecdsa-P-521,verify,559,926179,2489502
ecdsa-P-521,verify,560,924149,2484050
ecdsa-P-521,verify,561,922503,2479630
ecdsa-P-521,verify,562,924658,2485420
ecdsa-P-521,verify,563,923152,2481374
ecdsa-P-521,verify,564,924009,2483676
ecdsa-P-521,verify,565,925056,2486496
ecdsa-P-521,verify,566,922402,2479358
ecdsa-P-521,verify,567,922287,2479048
ecdsa-P-521,verify,568,927058,2491866
ecdsa-P-521,verify,569,925367,2487324
ecdsa-P-521,verify,570,925355,2487300
ecdsa-P-521,verify,571,924533,2485078
ecdsa-P-521,verify,572,925183,2486824
ecdsa-P-521,verify,573,921738,2477572
ecdsa-P-521,verify,574,918624,2469200
ecdsa-P-521,verify,575,922694,2480138
ecdsa-P-521,verify,576,923323,2481832
ecdsa-P-521,verify,577,922026,2478348
ecdsa-P-521,verify,578,924117,2483972
ecdsa-P-521,verify,579,925829,2488574
ecdsa-P-521,verify,580,926642,2490752
ecdsa-P-521,verify,581,923264,2481672
ecdsa-P-521,verify,582,922349,2479214
ecdsa-P-521,verify,583,923161,2481402
ecdsa-P-521,verify,584,920640,2474620
ecdsa-P-521,verify,585,923463,2482136
ecdsa-P-521,verify,586,927992,2494384
ecdsa-P-521,verify,587,921912,2478038
ecdsa-P-521,verify,588,922019,2478332
ecdsa-P-521,verify,589,925051,2486480
ecdsa-P-521,verify,590,922586,2479854
ecdsa-P-521,verify,591,922792,2480410
ecdsa-P-521,verify,592,920978,2475530
ecdsa-P-521,verify,593,922010,2478304
ecdsa-P-521,verify,594,920350,2473842
ecdsa-P-521,verify,595,927826,2493934
ecdsa-P-521,verify,596,922660,2480004
ecdsa-P-521,verify,597,922738,2480256
ecdsa-P-521,verify,598,925512,2487720
ecdsa-P-521,verify,599,921594,2477194
ecdsa-P-521,verify,600,926139,2489398
ecdsa-P-521,verify,601,925630,2488040
ecdsa-P-521,verify,602,921887,2477980
ecdsa-P-521,verify,603,919414,2471330
ecdsa-P-521,verify,604,925184,2486834
ecdsa-P-521,verify,605,924384,2484684
ecdsa-P-521,verify,606,926233,2489656
ecdsa-P-521,verify,607,922093,2478522
ecdsa-P-521,verify,608,924198,2484186
ecdsa-P-521,verify,609,921996,2478258
ecdsa-P-521,verify,610,924702,2485514
ecdsa-P-521,verify,611,923561,2482462
ecdsa-P-521,verify,612,925119,2486656
ecdsa-P-521,verify,613,922344,2479194
ecdsa-P-521,verify,614,917660,2466614
ecdsa-P-521,verify,615,922801,2480430
ecdsa-P-521,verify,616,922240,2478922
ecdsa-P-521,verify,617,919079,2470428
ecdsa-P-521,verify,618,922400,2479344
ecdsa-P-521,verify,619,924743,2485652
ecdsa-P-521,verify,620,919675,2472024
ecdsa-P-521,verify,621,922099,2478534
ecdsa-P-521,verify,622,922056,2478418
ecdsa-P-521,verify,623,922544,2479730
ecdsa-P-521,verify,624,919762,2472262
ecdsa-P-521,verify,625,923923,2483442
ecdsa-P-521,verify,626,921674,2477368
ecdsa-P-521,verify,627,925968,2488910
ecdsa-P-521,verify,628,926403,2490104
ecdsa-P-521,verify,629,924080,2483864
ecdsa-P-521,verify,630,924698,2485534
ecdsa-P-521,verify,631,921612,2477240
ecdsa-P-521,verify,632,922847,2480558
ecdsa-P-521,verify,633,921851,2477872
ecdsa-P-521,verify,634,921157,2476012
ecdsa-P-521,verify,635,922782,2480378
ecdsa-P-521,verify,636,922566,2479804
ecdsa-P-521,verify,637,920727,2474852
ecdsa-P-521,verify,638,922919,2480750
ecdsa-P-521,verify,639,924238,2484298
ecdsa-P-521,verify,640,919955,2472782
ecdsa-P-521,verify,641,924278,2484404
ecdsa-P-521,verify,642,922237,2478906
ecdsa-P-521,verify,643,925555,2487832
ecdsa-P-521,verify,644,924981,2486290
ecdsa-P-521,verify,645,922715,2480196
ecdsa-P-521,verify,646,925674,2488150
ecdsa-P-521,verify,647,925887,2488724
ecdsa-P-521,verify,648,921788,2477708
ecdsa-P-521,verify,649,923266,2481672
ecdsa-P-521,verify,650,920641,2474624
ecdsa-P-521,verify,651,920305,2473722
ecdsa-P-521,verify,652,922513,2479654
ecdsa-P-521,verify,653,922133,2478634
ecdsa-P-521,verify,654,924651,2485410
ecdsa-P-521,verify,655,924039,2483756
ecdsa-P-521,verify,656,922670,2480076
ecdsa-P-521,verify,657,923112,2481268
ecdsa-P-521,verify,658,926376,2490040
ecdsa-P-521,verify,659,922853,2480568
ecdsa-P-521,verify,660,921644,2477322
ecdsa-P-521,verify,661,920902,2475326
ecdsa-P-521,verify,662,921572,2477132
ecdsa-P-521,verify,663,926232,2489644
ecdsa-P-521,verify,664,921446,2476780
ecdsa-P-521,verify,665,920385,2473932
ecdsa-P-521,verify,666,917043,2464952
ecdsa-P-521,verify,667,921189,2476100
ecdsa-P-521,verify,668,920469,2474166
ecdsa-P-521,verify,669,922255,2478962
ecdsa-P-521,verify,670,922207,2478832
ecdsa-P-521,verify,671,920647,2474640
ecdsa-P-521,verify,672,922932,2480774
ecdsa-P-521,verify,673,921162,2476018
ecdsa-P-521,verify,674,928717,2496324
ecdsa-P-521,verify,675,923730,2482924
ecdsa-P-521,verify,676,922958,2480842
ecdsa-P-521,verify,677,922653,2480028
ecdsa-P-521,verify,678,920706,2474804
ecdsa-P-521,verify,679,924805,2485820
ecdsa-P-521,verify,680,921748,2477606
ecdsa-P-521,verify,681,923985,2483606
ecdsa-P-521,verify,682,922949,2480824
ecdsa-P-521,verify,683,929306,2497912
ecdsa-P-521,verify,684,924535,2485084
ecdsa-P-521,verify,685,920531,2474326
ecdsa-P-521,verify,686,925022,2486398
ecdsa-P-521,verify,687,922642,2480008
ecdsa-P-521,verify,688,927432,2492880
ecdsa-P-521,verify,689,920805,2475070
ecdsa-P-521,verify,690,921427,2476726
ecdsa-P-521,verify,691,922864,2480600
ecdsa-P-521,verify,692,923847,2483244
ecdsa-P-521,verify,693,920583,2474474
ecdsa-P-521,verify,694,922698,2480150
ecdsa-P-521,verify,695,924543,2485106
ecdsa-P-521,verify,696,921343,2476512
ecdsa-P-521,verify,697,925506,2487702
ecdsa-P-521,verify,698,922734,2480250
ecdsa-P-521,verify,699,927611,2493358
ecdsa-P-521,verify,700,923829,2483188
ecdsa-P-521,verify,701,921504,2476944
ecdsa-P-521,verify,702,922011,2478300
ecdsa-P-521,verify,703,922373,2479278
ecdsa-P-521,verify,704,923432,2482118
ecdsa-P-521,verify,705,923383,2481994
ecdsa-P-521,verify,706,920737,2474886
ecdsa-P-521,verify,707,924818,2485848
ecdsa-P-521,verify,708,924787,2485764
ecdsa-P-521,verify,709,925394,2487400
ecdsa-P-521,verify,710,924058,2483810
ecdsa-P-521,verify,711,924676,2485464
ecdsa-P-521,verify,712,922087,2478512
ecdsa-P-521,verify,713,920770,2474974
ecdsa-P-521,verify,714,924078,2483854
ecdsa-P-521,verify,715,920717,2474830
ecdsa-P-521,verify,716,924207,2484212
ecdsa-P-521,verify,717,922309,2479112
ecdsa-P-521,verify,718,919352,2471164
ecdsa-P-521,verify,719,921637,2477306
ecdsa-P-521,verify,720,919741,2472210
ecdsa-P-521,verify,721,923157,2481390
ecdsa-P-521,verify,722,925102,2486616
ecdsa-P-521,verify,723,923537,2482398
ecdsa-P-521,verify,724,920963,2475480
ecdsa-P-521,verify,725,921541,2477034
ecdsa-P-521,verify,726,921720,2477518
ecdsa-P-521,verify,727,921801,2477734
ecdsa-P-521,verify,728,925724,2488286
ecdsa-P-521,verify,729,923845,2483228
ecdsa-P-521,verify,730,923442,2482148
ecdsa-P-521,verify,731,924816,2485846
ecdsa-P-521,verify,732,920754,2474930
ecdsa-P-521,verify,733,922584,2479852
ecdsa-P-521,verify,734,922569,2479808
ecdsa-P-521,verify,735,922832,2480514
ecdsa-P-521,verify,736,921607,2477222
ecdsa-P-521,verify,737,926043,2489148
ecdsa-P-521,verify,738,930075,2499974
ecdsa-P-521,verify,739,922095,2478526
ecdsa-P-521,verify,740,923044,2481080
ecdsa-P-521,verify,741,939777,2526052
ecdsa-P-521,verify,742,927443,2492904
ecdsa-P-521,verify,743,919402,2471284
ecdsa-P-521,verify,744,923565,2482458
ecdsa-P-521,verify,745,928020,2494434
ecdsa-P-521,verify,746,922105,2478560
ecdsa-P-521,verify,747,924984,2486298
ecdsa-P-521,verify,748,924276,2484386
ecdsa-P-521,verify,749,922540,2479722
ecdsa-P-521,verify,750,922980,2480902
ecdsa-P-521,verify,751,922592,2479860
ecdsa-P-521,verify,752,922497,2479610
ecdsa-P-521,verify,753,924226,2484252
ecdsa-P-521,verify,754,922869,2480606
ecdsa-P-521,verify,755,926246,2489696
ecdsa-P-521,verify,756,921454,2476810
ecdsa-P-521,verify,757,925410,2487448
ecdsa-P-521,verify,758,921942,2478126
ecdsa-P-521,verify,759,923946,2483512
ecdsa-P-521,verify,760,925627,2488028
ecdsa-P-521,verify,761,923810,2483140
ecdsa-P-521,verify,762,924421,2484784
ecdsa-P-521,verify,763,922525,2479686
ecdsa-P-521,verify,764,922378,2479290
ecdsa-P-521,verify,765,922507,2479644
ecdsa-P-521,verify,766,923795,2483100
ecdsa-P-521,verify,767,922009,2478300
ecdsa-P-521,verify,768,923988,2483620
ecdsa-P-521,verify,769,922723,2480218
ecdsa-P-521,verify,770,919662,2471988
ecdsa-P-521,verify,771,919829,2472448
ecdsa-P-521,verify,772,922858,2480588
ecdsa-P-521,verify,773,923760,2483006
ecdsa-P-521,verify,774,923947,2483516
ecdsa-P-521,verify,775,922604,2479896
ecdsa-P-521,verify,776,922814,2480464
ecdsa-P-521,verify,777,922761,2480320
ecdsa-P-521,verify,778,921926,2478076
ecdsa-P-521,verify,779,925106,2486622
ecdsa-P-521,verify,780,920537,2474342
ecdsa-P-521,verify,781,921621,2477254
ecdsa-P-521,verify,782,930479,2501068
ecdsa-P-521,verify,783,925024,2486404
ecdsa-P-521,verify,784,922723,2480222
ecdsa-P-521,verify,785,922355,2479226
ecdsa-P-521,verify,786,928581,2495964
ecdsa-P-521,verify,787,923587,2482544
ecdsa-P-521,verify,788,922294,2479064
ecdsa-P-521,verify,789,925396,2487404
ecdsa-P-521,verify,790,924445,2484848
ecdsa-P-521,verify,791,922681,2480102
ecdsa-P-521,verify,792,923198,2481502
ecdsa-P-521,verify,793,924516,2485042
ecdsa-P-521,verify,794,921042,2475698
ecdsa-P-521,verify,795,923213,2481542
ecdsa-P-521,verify,796,921851,2477882
ecdsa-P-521,verify,797,924704,2485550
ecdsa-P-521,verify,798,923754,2482996
ecdsa-P-521,verify,799,921463,2476830
ecdsa-P-521,verify,800,921533,2477028
ecdsa-P-521,verify,801,922636,2479982
ecdsa-P-521,verify,802,924763,2485702
ecdsa-P-521,verify,803,922599,2479894
ecdsa-P-521,verify,804,924254,2484332
ecdsa-P-521,verify,805,920362,2473872
ecdsa-P-521,verify,806,923974,2483582
ecdsa-P-521,verify,807,925248,2487004
ecdsa-P-521,verify,808,923393,2482028
ecdsa-P-521,verify,809,922838,2480534
ecdsa-P-521,verify,810,921304,2476412
ecdsa-P-521,verify,811,923312,2481802
ecdsa-P-521,verify,812,922741,2480264
ecdsa-P-521,verify,813,922454,2479498
ecdsa-P-521,verify,814,922443,2479474
ecdsa-P-521,verify,815,922854,2480580
ecdsa-P-521,verify,816,925171,2486804
ecdsa-P-521,verify,817,925048,2486470
ecdsa-P-521,verify,818,921971,2478206
ecdsa-P-521,verify,819,935778,2515308
ecdsa-P-521,verify,820,921638,2477306
ecdsa-P-521,verify,821,924309,2484482
ecdsa-P-521,verify,822,920182,2473394
ecdsa-P-521,verify,823,920982,2475548
ecdsa-P-521,verify,824,923545,2482434
ecdsa-P-521,verify,825,922048,2478412
ecdsa-P-521,verify,826,925939,2488870
ecdsa-P-521,verify,827,921592,2477152
ecdsa-P-521,verify,828,922520,2479680
ecdsa-P-521,verify,829,922807,2480440
ecdsa-P-521,verify,830,921758,2477618
ecdsa-P-521,verify,831,921512,2476958
ecdsa-P-521,verify,832,927711,2493622
ecdsa-P-521,verify,833,921800,2477732
ecdsa-P-521,verify,834,920112,2473192
ecdsa-P-521,verify,835,924607,2485286
ecdsa-P-521,verify,836,924943,2486158
ecdsa-P-521,verify,837,923772,2483042
ecdsa-P-521,verify,838,919427,2471334
ecdsa-P-521,verify,839,925053,2486458
ecdsa-P-521,verify,840,924317,2484486
ecdsa-P-521,verify,841,923247,2481618
ecdsa-P-521,verify,842,925540,2487792
ecdsa-P-521,verify,843,920774,2474980
ecdsa-P-521,verify,844,923512,2482336
ecdsa-P-521,verify,845,921275,2476332
ecdsa-P-521,verify,846,925515,2487716
ecdsa-P-521,verify,847,928105,2494668
ecdsa-P-521,verify,848,930533,2501200
ecdsa-P-521,verify,849,918309,2468354
ecdsa-P-521,verify,850,921147,2475846
ecdsa-P-521,verify,851,923926,2483388
ecdsa-P-521,verify,852,924241,2484298
ecdsa-P-521,verify,853,925882,2488716
ecdsa-P-521,verify,854,924910,2486100
ecdsa-P-521,verify,855,922225,2478882
ecdsa-P-521,verify,856,924002,2483658
ecdsa-P-521,verify,857,922533,2479700
ecdsa-P-521,verify,858,925433,2487502
ecdsa-P-521,verify,859,922042,2478380
ecdsa-P-521,verify,860,921264,2476290
ecdsa-P-521,verify,861,921629,2477284
ecdsa-P-521,verify,862,919907,2472648
ecdsa-P-521,verify,863,925438,2487520
ecdsa-P-521,verify,864,922782,2480378
ecdsa-P-521,verify,865,920676,2474714
ecdsa-P-521,verify,866,924972,2486262
ecdsa-P-521,verify,867,922493,2479604
ecdsa-P-521,verify,868,920963,2475488
ecdsa-P-521,verify,869,923405,2482050
ecdsa-P-521,verify,870,922454,2479488
ecdsa-P-521,verify,871,923726,2482908
ecdsa-P-521,verify,872,920227,2473504
ecdsa-P-521,verify,873,922235,2478908
ecdsa-P-521,verify,874,920916,2475366
ecdsa-P-521,verify,875,924128,2483992
ecdsa-P-521,verify,876,923381,2481992
ecdsa-P-521,verify,877,920468,2474158
ecdsa-P-521,verify,878,921460,2476816
ecdsa-P-521,verify,879,921019,2475642
ecdsa-P-521,verify,880,921035,2475678
ecdsa-P-521,verify,881,921011,2475620
ecdsa-P-521,verify,882,924518,2485050
ecdsa-P-521,verify,883,921708,2477498
ecdsa-P-521,verify,884,924482,2484948
ecdsa-P-521,verify,885,923863,2483290
ecdsa-P-521,verify,886,921121,2475912
ecdsa-P-521,verify,887,946509,2544158
ecdsa-P-521,verify,888,940686,2528498
ecdsa-P-521,verify,889,918946,2470062
ecdsa-P-521,verify,890,921420,2476720
ecdsa-P-521,verify,891,921389,2476626
ecdsa-P-521,verify,892,922246,2478930
ecdsa-P-521,verify,893,922904,2480698
ecdsa-P-521,verify,894,923297,2481762
ecdsa-P-521,verify,895,925108,2486630
ecdsa-P-521,verify,896,923547,2482432
ecdsa-P-521,verify,897,920890,2475282
ecdsa-P-521,verify,898,923773,2483038
ecdsa-P-521,verify,899,921897,2477992
ecdsa-P-521,verify,900,923767,2483022
ecdsa-P-521,verify,901,920927,2475392
ecdsa-P-521,verify,902,922817,2480468
ecdsa-P-521,verify,903,926803,2491184
ecdsa-P-521,verify,904,920844,2475168
ecdsa-P-521,verify,905,923862,2483274
ecdsa-P-521,verify,906,921869,2477930
ecdsa-P-521,verify,907,922996,2480952
ecdsa-P-521,verify,908,923490,2482274
ecdsa-P-521,verify,909,924842,2485916
ecdsa-P-521,verify,910,919042,2470324
ecdsa-P-521,verify,911,922305,2479102
ecdsa-P-521,verify,912,925160,2486762
ecdsa-P-521,verify,913,924986,2486278
ecdsa-P-521,verify,914,948423,2549298
ecdsa-P-521,verify,915,925441,2487530
ecdsa-P-521,verify,916,926010,2489054
ecdsa-P-521,verify,917,928936,2496914
ecdsa-P-521,verify,918,921830,2477812
ecdsa-P-521,verify,919,933094,2508060
ecdsa-P-521,verify,920,928511,2495760
ecdsa-P-521,verify,921,928873,2496756
ecdsa-P-521,verify,922,926108,2489326
ecdsa-P-521,verify,923,921659,2477362
ecdsa-P-521,verify,924,926959,2491600
ecdsa-P-521,verify,925,922105,2478552
ecdsa-P-521,verify,926,922107,2478554
ecdsa-P-521,verify,927,922785,2480380
ecdsa-P-521,verify,928,922907,2480706
ecdsa-P-521,verify,929,923844,2483234
ecdsa-P-521,verify,930,923597,2482568
ecdsa-P-521,verify,931,922875,2480632
ecdsa-P-521,verify,932,922959,2480854
ecdsa-P-521,verify,933,922777,2480358
ecdsa-P-521,verify,934,922373,2479278
ecdsa-P-521,verify,935,924233,2484268
ecdsa-P-521,verify,936,920069,2473094
ecdsa-P-521,verify,937,920879,2475268
ecdsa-P-521,verify,938,925409,2487444
ecdsa-P-521,verify,939,920173,2473368
ecdsa-P-521,verify,940,926129,2489376
ecdsa-P-521,verify,941,921365,2476572
ecdsa-P-521,verify,942,922309,2479110
ecdsa-P-521,verify,943,924007,2483670
ecdsa-P-521,verify,944,921766,2477648
ecdsa-P-521,verify,945,923224,2481566
ecdsa-P-521,verify,946,921550,2477064
ecdsa-P-521,verify,947,923859,2483272
ecdsa-P-521,verify,948,922836,2480524
ecdsa-P-521,verify,949,921262,2476294
ecdsa-P-521,verify,950,923630,2482654
ecdsa-P-521,verify,951,923928,2483450
ecdsa-P-521,verify,952,922718,2480204
ecdsa-P-521,verify,953,920586,2474476
ecdsa-P-521,verify,954,923155,2481382
ecdsa-P-521,verify,955,921990,2478254
ecdsa-P-521,verify,956,921557,2477082
ecdsa-P-521,verify,957,928705,2496276
ecdsa-P-521,verify,958,929341,2497988
ecdsa-P-521,verify,959,932441,2506314
ecdsa-P-521,verify,960,922294,2479062
ecdsa-P-521,verify,961,928134,2494756
ecdsa-P-521,verify,962,920501,2474246
ecdsa-P-521,verify,963,923791,2483088
ecdsa-P-521,verify,964,920565,2474410
ecdsa-P-521,verify,965,922236,2478904
ecdsa-P-521,verify,966,922678,2480094
ecdsa-P-521,verify,967,921735,2477562
ecdsa-P-521,verify,968,920301,2473706
ecdsa-P-521,verify,969,923031,2481052
ecdsa-P-521,verify,970,923670,2482772
ecdsa-P-521,verify,971,921155,2476002
ecdsa-P-521,verify,972,924752,2485676
ecdsa-P-521,verify,973,919970,2472818
ecdsa-P-521,verify,974,922363,2479254
ecdsa-P-521,verify,975,921764,2477642
ecdsa-P-521,verify,976,923128,2481302
ecdsa-P-521,verify,977,924496,2484978
ecdsa-P-521,verify,978,922829,2480498
ecdsa-P-521,verify,979,921344,2476510
ecdsa-P-521,verify,980,923092,2481204
ecdsa-P-521,verify,981,922332,2479164
ecdsa-P-521,verify,982,921094,2475836
ecdsa-P-521,verify,983,921931,2478084
ecdsa-P-521,verify,984,921458,2476812
ecdsa-P-521,verify,985,922035,2478366
ecdsa-P-521,verify,986,922690,2480126
ecdsa-P-521,verify,987,923282,2481714
ecdsa-P-521,verify,988,922563,2479794
ecdsa-P-521,verify,989,923177,2481442
ecdsa-P-521,verify,990,924480,2484940
ecdsa-P-521,verify,991,923653,2482714
ecdsa-P-521,verify,992,920766,2474956
ecdsa-P-521,verify,993,923633,2482658
ecdsa-P-521,verify,994,925370,2487340
ecdsa-P-521,verify,995,921126,2475922
ecdsa-P-521,verify,996,925185,2486838
ecdsa-P-521,verify,997,924671,2485454
ecdsa-P-521,verify,998,923642,2482696
ecdsa-P-521,verify,999,923047,2481092
