algo,op,iter,wall_ns,cycles
rsa-3072,keygen,0,110113377,295984600
rsa-3072,keygen,1,104560783,281059300
rsa-3072,keygen,2,153885689,413644654
rsa-3072,keygen,3,117995172,317170926
rsa-3072,keygen,4,62565502,168175996
rsa-3072,keygen,5,73132948,196581296
rsa-3072,keygen,6,115149265,309521102
rsa-3072,keygen,7,63614353,170995278
rsa-3072,keygen,8,23829545,64053742
rsa-3072,keygen,9,113216870,304326876
rsa-3072,keygen,10,83362961,224079570
rsa-3072,keygen,11,255359685,686406742
rsa-3072,keygen,12,113955769,306313032
rsa-3072,keygen,13,33502554,90054790
rsa-3072,keygen,14,62319820,167515600
rsa-3072,keygen,15,112478612,302342438
rsa-3072,keygen,16,91339996,245521842
rsa-3072,keygen,17,47743650,128334868
rsa-3072,keygen,18,193062670,518952272
rsa-3072,keygen,19,50093846,134652186
rsa-3072,keygen,20,82173387,220881988
rsa-3072,keygen,21,101998171,274171006
rsa-3072,keygen,22,125472575,337270198
rsa-3072,keygen,23,82929549,222914560
rsa-3072,keygen,24,83645034,224837748
rsa-3072,keygen,25,149063522,400682660
rsa-3072,keygen,26,42476382,114176452
rsa-3072,keygen,27,116454262,313028982
rsa-3072,keygen,28,209883170,564165812
rsa-3072,keygen,29,92645839,249031942
rsa-3072,keygen,30,158906298,427140048
rsa-3072,keygen,31,152359007,409540922
rsa-3072,keygen,32,89865751,241559062
rsa-3072,keygen,33,100345730,269729252
rsa-3072,keygen,34,159444469,428586638
rsa-3072,keygen,35,182260960,489917364
rsa-3072,keygen,36,227818068,612374880
rsa-3072,keygen,37,37871365,101798128
rsa-3072,keygen,38,35236735,94716276
rsa-3072,keygen,39,65730855,176684472
rsa-3072,keygen,40,310228428,833893914
rsa-3072,keygen,41,25648226,68942360
rsa-3072,keygen,42,340002202,913925826
rsa-3072,keygen,43,96184150,258542910
rsa-3072,keygen,44,116038466,311911322
rsa-3072,keygen,45,56716242,152453186
rsa-3072,keygen,46,260552379,700364694
rsa-3072,keygen,47,117794084,316630422
rsa-3072,keygen,48,32888647,88404610
rsa-3072,keygen,49,115714882,311041522
rsa-3072,keygen,50,114176178,306905490
rsa-3072,keygen,51,221793785,596181612
rsa-3072,keygen,52,143229074,384999680
rsa-3072,keygen,53,74569135,200441758
rsa-3072,keygen,54,173236070,465658478
rsa-3072,keygen,55,73596051,197826112
rsa-3072,keygen,56,176776248,475174470
rsa-3072,keygen,57,153858941,413572764
rsa-3072,keygen,58,135618658,364542874
rsa-3072,keygen,59,186322761,500835498
rsa-3072,keygen,60,83351829,224049638
rsa-3072,keygen,61,65281368,175476244
rsa-3072,keygen,62,142593253,383290586
rsa-3072,keygen,63,88046037,236667678
rsa-3072,keygen,64,27233743,73204236
rsa-3072,keygen,65,43747679,117593700
rsa-3072,keygen,66,153158305,411689442
rsa-3072,keygen,67,192784303,518204118
rsa-3072,keygen,68,114436241,307604530
rsa-3072,keygen,69,184943522,497128106
rsa-3072,keygen,70,180266937,484557430
rsa-3072,keygen,71,70901241,190582460
rsa-3072,keygen,72,221375688,595057760
rsa-3072,keygen,73,33773151,90782160
rsa-3072,keygen,74,59021777,158650466
rsa-3072,keygen,75,150236085,403834520
rsa-3072,keygen,76,91038370,244711064
rsa-3072,keygen,77,32939395,88541022
rsa-3072,keygen,78,188797608,507487884
rsa-3072,keygen,79,102778001,276267186
rsa-3072,keygen,80,145740439,391750226
rsa-3072,keygen,81,72726248,195488084
rsa-3072,keygen,82,105804275,284401822
rsa-3072,keygen,83,68056942,182936992
rsa-3072,keygen,84,41782141,112310326
rsa-3072,keygen,85,94219428,253261752
rsa-3072,keygen,86,103575756,278411554
rsa-3072,keygen,87,166294420,446999324
rsa-3072,keygen,88,173733184,466994686
rsa-3072,keygen,89,87898275,236270486
rsa-3072,keygen,90,64928104,174526680
rsa-3072,keygen,91,49225565,132318250
rsa-3072,keygen,92,192434938,517265030
rsa-3072,keygen,93,136964551,368160642
rsa-3072,keygen,94,30617931,82300930
rsa-3072,keygen,95,65319550,175578884
rsa-3072,keygen,96,187908335,505097516
rsa-3072,keygen,97,218983873,588628572
rsa-3072,keygen,98,223148202,599822276
rsa-3072,keygen,99,111221574,298963524
rsa-3072,keygen,100,66850933,179695242
rsa-3072,keygen,101,120114244,322867016
rsa-3072,keygen,102,133162631,357941078
rsa-3072,keygen,103,50753081,136424210
rsa-3072,keygen,104,77481953,208271422
rsa-3072,keygen,105,354352939,952500596
rsa-3072,keygen,106,86303332,231983276
rsa-3072,keygen,107,264698021,711508186
rsa-3072,keygen,108,78306185,210486958
rsa-3072,keygen,109,200286348,538369596
rsa-3072,keygen,110,164185200,441329736
rsa-3072,keygen,111,56629588,152220268
rsa-3072,keygen,112,88414924,237659244
rsa-3072,keygen,113,120085821,322790604
rsa-3072,keygen,114,174062465,467879822
rsa-3072,keygen,115,70314108,189004242
rsa-3072,keygen,116,54592453,146744442
rsa-3072,keygen,117,177643608,477505940
rsa-3072,keygen,118,48573579,130565708
rsa-3072,keygen,119,205006852,551058336
rsa-3072,keygen,120,178127294,478806088
rsa-3072,keygen,121,105288527,283015492
rsa-3072,keygen,122,84901408,228214912
rsa-3072,keygen,123,250191725,672515192
rsa-3072,keygen,124,89810448,241410414
rsa-3072,keygen,125,197724626,531483712
rsa-3072,keygen,126,76714788,206209278
rsa-3072,keygen,127,87942736,236390000
rsa-3072,keygen,128,124873686,335660392
rsa-3072,keygen,129,73664778,198010850
rsa-3072,keygen,130,120923480,325042234
rsa-3072,keygen,131,116987794,314463110
rsa-3072,keygen,132,62456143,167882006
rsa-3072,keygen,133,182165103,489659714
rsa-3072,keygen,134,86782966,233272542
rsa-3072,keygen,135,85901608,230903448
rsa-3072,keygen,136,101738235,273472308
rsa-3072,keygen,137,49930601,134213370
rsa-3072,keygen,138,275504680,740556492
rsa-3072,keygen,139,79359130,213317278
rsa-3072,keygen,140,175656682,472165078
rsa-3072,keygen,141,132128540,355161440
rsa-3072,keygen,142,58017237,155950266
rsa-3072,keygen,143,41940333,112735544
rsa-3072,keygen,144,89661056,241008846
rsa-3072,keygen,145,128321149,344927174
rsa-3072,keygen,146,31085558,83557920
rsa-3072,keygen,147,88500366,237888916
rsa-3072,keygen,148,40536052,108960840
rsa-3072,keygen,149,193065132,518959000
rsa-3072,keygen,150,381639200,1025846080
rsa-3072,keygen,151,31204651,83878038
rsa-3072,keygen,152,77489087,208290592
rsa-3072,keygen,153,154104139,414231844
rsa-3072,keygen,154,134315088,361038874
rsa-3072,keygen,155,52349810,140716218
rsa-3072,keygen,156,21823230,58660766
rsa-3072,keygen,157,40362507,108494348
rsa-3072,keygen,158,101171606,271949210
rsa-3072,keygen,159,76388662,205332648
rsa-3072,keygen,160,46024196,123712968
rsa-3072,keygen,161,44774236,120353082
rsa-3072,keygen,162,191231293,514029632
rsa-3072,keygen,163,161292572,433554360
rsa-3072,keygen,164,269967174,725671680
rsa-3072,keygen,165,47648025,128077820
rsa-3072,keygen,166,70045200,188281422
rsa-3072,keygen,167,278173735,747730916
rsa-3072,keygen,168,148288019,398598110
rsa-3072,keygen,169,59126409,158931722
rsa-3072,keygen,170,44659754,120045348
rsa-3072,keygen,171,61759842,166010390
rsa-3072,keygen,172,249909070,671755470
rsa-3072,keygen,173,85792687,230610672
rsa-3072,keygen,174,34778938,93485720
rsa-3072,keygen,175,224937164,604631014
rsa-3072,keygen,176,91211579,245176652
rsa-3072,keygen,177,129779342,348846796
rsa-3072,keygen,178,218456550,587211124
rsa-3072,keygen,179,110248370,296347544
rsa-3072,keygen,180,77767422,209038766
rsa-3072,keygen,181,110936260,298196592
rsa-3072,keygen,182,141931571,381511980
rsa-3072,keygen,183,90716920,243847014
rsa-3072,keygen,184,40091643,107766272
rsa-3072,keygen,185,63402595,170426106
rsa-3072,keygen,186,138198486,371477446
rsa-3072,keygen,187,106292378,285713834
rsa-3072,keygen,188,78797557,211807766
rsa-3072,keygen,189,181646980,488267004
rsa-3072,keygen,190,27343965,73500504
rsa-3072,keygen,191,237562486,638567870
rsa-3072,keygen,192,58507470,157268008
rsa-3072,keygen,193,132795199,356953420
rsa-3072,keygen,194,22711456,61048330
rsa-3072,keygen,195,40611193,109162804
rsa-3072,keygen,196,20847947,56039210
rsa-3072,keygen,197,245328945,659444116
rsa-3072,keygen,198,127419243,342502846
rsa-3072,keygen,199,47453251,127554278
rsa-3072,keygen,200,99168536,266564946
rsa-3072,keygen,201,48656502,130788604
rsa-3072,keygen,202,41774184,112288946
rsa-3072,keygen,203,113690867,305600970
rsa-3072,keygen,204,180209649,484403456
rsa-3072,keygen,205,156721172,421266430
rsa-3072,keygen,206,109501105,294338904
rsa-3072,keygen,207,40580573,109080516
rsa-3072,keygen,208,300789248,808521400
rsa-3072,keygen,209,68054052,182929216
rsa-3072,keygen,210,175950809,472955690
rsa-3072,keygen,211,63652065,171096628
rsa-3072,keygen,212,67910478,182543304
rsa-3072,keygen,213,172744695,464337662
rsa-3072,keygen,214,123255383,331310392
rsa-3072,keygen,215,69286905,186243124
rsa-3072,keygen,216,119236568,320507820
rsa-3072,keygen,217,81899275,220145152
rsa-3072,keygen,218,115353041,310068906
rsa-3072,keygen,219,47582003,127900352
rsa-3072,keygen,220,198963150,534812864
rsa-3072,keygen,221,102245340,274835398
rsa-3072,keygen,222,99232495,266736844
rsa-3072,keygen,223,58560197,157409742
rsa-3072,keygen,224,88260993,237245474
rsa-3072,keygen,225,66911747,179858710
rsa-3072,keygen,226,226238681,608129484
rsa-3072,keygen,227,127841340,343637454
rsa-3072,keygen,228,195634180,525864598
rsa-3072,keygen,229,77722982,208919292
rsa-3072,keygen,230,29364354,78931320
rsa-3072,keygen,231,139698748,375510128
rsa-3072,keygen,232,252984654,680022662
rsa-3072,keygen,233,87254148,234539078
rsa-3072,keygen,234,71078307,191058418
rsa-3072,keygen,235,225548998,606275630
rsa-3072,keygen,236,34547540,92863720
rsa-3072,keygen,237,137569147,369785782
rsa-3072,keygen,238,75353254,202549474
rsa-3072,keygen,239,104139155,279925972
rsa-3072,keygen,240,149326958,401390776
rsa-3072,keygen,241,113135285,304107572
rsa-3072,keygen,242,35428820,95232604
rsa-3072,keygen,243,351186468,943989118
rsa-3072,keygen,244,31064108,83500248
rsa-3072,keygen,245,85654431,230239046
rsa-3072,keygen,246,88328889,237427976
rsa-3072,keygen,247,183402117,492984816
rsa-3072,keygen,248,74376227,199923228
rsa-3072,keygen,249,131721164,354066412
rsa-3072,keygen,250,117817391,316693080
rsa-3072,keygen,251,196883672,529223230
rsa-3072,keygen,252,39572751,106371484
rsa-3072,keygen,253,50863035,136719768
rsa-3072,keygen,254,250101362,672272380
rsa-3072,keygen,255,80515491,216425514
rsa-3072,keygen,256,126964516,341280536
rsa-3072,keygen,257,176006042,473104152
rsa-3072,keygen,258,150206846,403755926
rsa-3072,keygen,259,62188154,167161684
rsa-3072,keygen,260,88394634,237604698
rsa-3072,keygen,261,150005303,403214176
rsa-3072,keygen,262,115531223,310547856
rsa-3072,keygen,263,121756747,327282060
rsa-3072,keygen,264,203852427,547955236
rsa-3072,keygen,265,81300415,218535444
rsa-3072,keygen,266,119430908,321030198
rsa-3072,keygen,267,59479569,159881008
rsa-3072,keygen,268,80342865,215961554
rsa-3072,keygen,269,96304901,258867506
rsa-3072,keygen,270,56240215,151173636
rsa-3072,keygen,271,194302664,522285484
rsa-3072,keygen,272,110482045,296975662
rsa-3072,keygen,273,108094886,290558970
rsa-3072,keygen,274,221250903,594722340
rsa-3072,keygen,275,169746255,456277840
rsa-3072,keygen,276,147016442,395180116
rsa-3072,keygen,277,235924133,634163968
rsa-3072,keygen,278,124377168,334325756
rsa-3072,keygen,279,228449023,614070838
rsa-3072,keygen,280,345658713,929130508
rsa-3072,keygen,281,84505095,227149614
rsa-3072,keygen,282,182181534,489703838
rsa-3072,keygen,283,141193233,379527334
rsa-3072,keygen,284,119481098,321165092
rsa-3072,keygen,285,228972177,615477112
rsa-3072,keygen,286,45441428,122146484
rsa-3072,keygen,287,44581516,119835046
rsa-3072,keygen,288,65204904,175270716
rsa-3072,keygen,289,22684392,60975568
rsa-3072,keygen,290,172195108,462860370
rsa-3072,keygen,291,52752444,141798504
rsa-3072,keygen,292,54898830,147567976
rsa-3072,keygen,293,149624420,402190358
rsa-3072,keygen,294,73470629,197488980
rsa-3072,keygen,295,25463067,68444656
rsa-3072,keygen,296,21283202,57209180
rsa-3072,keygen,297,107787293,289732172
rsa-3072,keygen,298,455466963,1224295090
rsa-3072,keygen,299,116204175,312356748
rsa-3072,keygen,300,140663169,378102524
rsa-3072,keygen,301,30262692,81346052
rsa-3072,keygen,302,154434906,415120954
rsa-3072,keygen,303,238747933,641754368
rsa-3072,keygen,304,145029571,389839416
rsa-3072,keygen,305,155042737,416754792
rsa-3072,keygen,306,171526428,461062956
rsa-3072,keygen,307,150583594,404768626
rsa-3072,keygen,308,55347327,148773544
rsa-3072,keygen,309,45179064,121441252
rsa-3072,keygen,310,64850237,174317368
rsa-3072,keygen,311,79175960,212824916
rsa-3072,keygen,312,46137231,124016806
rsa-3072,keygen,313,194679239,523297666
rsa-3072,keygen,314,90154624,242335548
rsa-3072,keygen,315,178421351,479596516
rsa-3072,keygen,316,36842665,99033024
rsa-3072,keygen,317,40973647,110137094
rsa-3072,keygen,318,35731970,96047472
rsa-3072,keygen,319,201434074,541454710
rsa-3072,keygen,320,125343271,336922634
rsa-3072,keygen,321,143873519,386731936
rsa-3072,keygen,322,117447483,315698748
rsa-3072,keygen,323,312997939,841338368
rsa-3072,keygen,324,61873138,166314928
rsa-3072,keygen,325,72963660,196126246
rsa-3072,keygen,326,65701673,176606038
rsa-3072,keygen,327,90906817,244357438
rsa-3072,keygen,328,250084478,672226990
rsa-3072,keygen,329,195801596,526314612
rsa-3072,keygen,330,17524303,47105260
rsa-3072,keygen,331,47575848,127883808
rsa-3072,keygen,332,83180778,223589864
rsa-3072,keygen,333,118517514,318575004
rsa-3072,keygen,334,56870214,152867064
rsa-3072,keygen,335,271959525,731027114
rsa-3072,keygen,336,73666362,198015110
rsa-3072,keygen,337,118272924,317917544
rsa-3072,keygen,338,97313131,261577616
rsa-3072,keygen,339,193692460,520645236
rsa-3072,keygen,340,47273433,127070912
rsa-3072,keygen,341,131466092,353380772
rsa-3072,keygen,342,96508609,259415070
rsa-3072,keygen,343,162302038,436267786
rsa-3072,keygen,344,69564455,186989186
rsa-3072,keygen,345,40719450,109453820
rsa-3072,keygen,346,140183553,376813316
rsa-3072,keygen,347,138486025,372250352
rsa-3072,keygen,348,179790868,483277768
rsa-3072,keygen,349,126379721,339708612
rsa-3072,keygen,350,49542708,133170730
rsa-3072,keygen,351,100694771,270667476
rsa-3072,keygen,352,89306798,240056604
rsa-3072,keygen,353,101044207,271606752
rsa-3072,keygen,354,24926491,67002344
rsa-3072,keygen,355,35042767,94194888
rsa-3072,keygen,356,183772946,493981608
rsa-3072,keygen,357,51304186,137905584
rsa-3072,keygen,358,281944035,757865480
rsa-3072,keygen,359,109789810,295114888
rsa-3072,keygen,360,108384443,291337304
rsa-3072,keygen,361,73912988,198678044
rsa-3072,keygen,362,52467058,141031376
rsa-3072,keygen,363,192929159,518593498
rsa-3072,keygen,364,28909112,77707626
rsa-3072,keygen,365,106498236,286267180
rsa-3072,keygen,366,76169308,204743022
rsa-3072,keygen,367,178147850,478861334
rsa-3072,keygen,368,67684370,181935514
rsa-3072,keygen,369,64243170,172685566
rsa-3072,keygen,370,19307636,51898852
rsa-3072,keygen,371,91412434,245716550
rsa-3072,keygen,372,59492629,159916120
rsa-3072,keygen,373,105029092,282318126
rsa-3072,keygen,374,135102895,363156508
rsa-3072,keygen,375,27756922,74610542
rsa-3072,keygen,376,110380034,296701106
rsa-3072,keygen,377,73380646,197247098
rsa-3072,keygen,378,147460909,396374842
rsa-3072,keygen,379,102163456,274615286
rsa-3072,keygen,380,88947144,239089850
rsa-3072,keygen,381,150611939,404844804
rsa-3072,keygen,382,182641219,490939514
rsa-3072,keygen,383,134096013,360450004
rsa-3072,keygen,384,58544839,157368456
rsa-3072,keygen,385,301921533,811564988
rsa-3072,keygen,386,155825163,418857956
rsa-3072,keygen,387,60333834,162177280
rsa-3072,keygen,388,130650743,351189126
rsa-3072,keygen,389,142653045,383451312
rsa-3072,keygen,390,67473608,181368982
rsa-3072,keygen,391,229393243,616608954
rsa-3072,keygen,392,64489037,173346460
rsa-3072,keygen,393,20756233,55792686
rsa-3072,keygen,394,137762331,370305074
rsa-3072,keygen,395,42639561,114615070
rsa-3072,keygen,396,107151273,288022546
rsa-3072,keygen,397,70878105,190520272
rsa-3072,keygen,398,32079154,86228698
rsa-3072,keygen,399,128311630,344901588
rsa-3072,keygen,400,46709915,125556176
rsa-3072,keygen,401,64636408,173742588
rsa-3072,keygen,402,362965171,975650294
rsa-3072,keygen,403,54236750,145788308
rsa-3072,keygen,404,19744741,53073750
rsa-3072,keygen,405,58793702,158037396
rsa-3072,keygen,406,69638545,187188340
rsa-3072,keygen,407,65541910,176176578
rsa-3072,keygen,408,127934558,343888018
rsa-3072,keygen,409,265718094,714250156
rsa-3072,keygen,410,55731975,149807478
rsa-3072,keygen,411,45575278,122506280
rsa-3072,keygen,412,38232432,102768712
rsa-3072,keygen,413,225026789,604871930
rsa-3072,keygen,414,93141950,250365164
rsa-3072,keygen,415,144744679,389073574
rsa-3072,keygen,416,153815631,413456340
rsa-3072,keygen,417,104010625,279580480
rsa-3072,keygen,418,119394935,320933506
rsa-3072,keygen,419,279681108,751782724
rsa-3072,keygen,420,76591487,205877844
rsa-3072,keygen,421,140685014,378161246
rsa-3072,keygen,422,53299194,143268168
rsa-3072,keygen,423,49803110,133870662
rsa-3072,keygen,424,128409380,345164340
rsa-3072,keygen,425,151231916,406511314
rsa-3072,keygen,426,104955956,282121540
rsa-3072,keygen,427,47138356,126707828
rsa-3072,keygen,428,77744053,208975946
rsa-3072,keygen,429,306578102,824081850
rsa-3072,keygen,430,77590440,208563030
rsa-3072,keygen,431,457996587,1231094722
rsa-3072,keygen,432,131396736,353194352
rsa-3072,keygen,433,160724955,432028590
rsa-3072,keygen,434,204009436,548377284
rsa-3072,keygen,435,132759849,356858388
rsa-3072,keygen,436,153092921,411513688
rsa-3072,keygen,437,15461404,41560184
rsa-3072,keygen,438,91333281,245503788
rsa-3072,keygen,439,191010221,513435388
rsa-3072,keygen,440,60798780,163427052
rsa-3072,keygen,441,32187365,86519568
rsa-3072,keygen,442,166789548,448330224
rsa-3072,keygen,443,88248843,237212810
rsa-3072,keygen,444,170708756,458865032
rsa-3072,keygen,445,105997467,284921082
rsa-3072,keygen,446,58173472,156370220
rsa-3072,keygen,447,113895861,306152002
rsa-3072,keygen,448,17197706,46227356
rsa-3072,keygen,449,150130970,403551962
rsa-3072,keygen,450,67362338,181069896
rsa-3072,keygen,451,219380233,589693988
rsa-3072,keygen,452,110867290,298011180
rsa-3072,keygen,453,211150397,567572174
rsa-3072,keygen,454,89400673,240308934
rsa-3072,keygen,455,29587087,79530024
rsa-3072,keygen,456,156558574,420829368
rsa-3072,keygen,457,235065203,631855174
rsa-3072,keygen,458,63839008,171599186
rsa-3072,keygen,459,37677074,101275904
rsa-3072,keygen,460,55163510,148279444
rsa-3072,keygen,461,224986320,604762788
rsa-3072,keygen,462,190280211,511473122
rsa-3072,keygen,463,68715466,184707098
rsa-3072,keygen,464,92458901,248529454
rsa-3072,keygen,465,38593213,103738492
rsa-3072,keygen,466,73625012,197903956
rsa-3072,keygen,467,102752893,276199672
rsa-3072,keygen,468,108657518,292071336
rsa-3072,keygen,469,124862345,335629910
rsa-3072,keygen,470,121579093,326804526
rsa-3072,keygen,471,92412862,248405696
rsa-3072,keygen,472,54992847,147820706
rsa-3072,keygen,473,181640522,488249644
rsa-3072,keygen,474,63448920,170550632
rsa-3072,keygen,475,110933522,298189238
rsa-3072,keygen,476,33743645,90702846
rsa-3072,keygen,477,147415278,396252170
rsa-3072,keygen,478,81479194,219016006
rsa-3072,keygen,479,160679158,431905490
rsa-3072,keygen,480,86968517,233771304
rsa-3072,keygen,481,176320968,473950674
rsa-3072,keygen,482,118653273,318939920
rsa-3072,keygen,483,185260116,497979118
rsa-3072,keygen,484,253817454,682261232
rsa-3072,keygen,485,71784159,192955752
rsa-3072,keygen,486,127539864,342827078
rsa-3072,keygen,487,63922043,171822384
rsa-3072,keygen,488,47758055,128373578
rsa-3072,keygen,489,127554203,342865616
rsa-3072,keygen,490,64589566,173616678
rsa-3072,keygen,491,459035284,1233886744
rsa-3072,keygen,492,72039835,193643004
rsa-3072,keygen,493,173249614,465694882
rsa-3072,keygen,494,67381707,181121960
rsa-3072,keygen,495,82299145,221220030
rsa-3072,keygen,496,56436560,151701406
rsa-3072,keygen,497,325599667,875211808
rsa-3072,keygen,498,117718900,316428330
rsa-3072,keygen,499,229548637,617026660
rsa-3072,keygen,500,70890889,190554636
rsa-3072,keygen,501,47558495,127837170
rsa-3072,keygen,502,77757640,209012470
rsa-3072,keygen,503,95870636,257700198
rsa-3072,keygen,504,68597971,184391278
rsa-3072,keygen,505,158573414,426245258
rsa-3072,keygen,506,158073097,424900408
rsa-3072,keygen,507,166488828,447521892
rsa-3072,keygen,508,77334332,207874618
rsa-3072,keygen,509,137374780,369263336
rsa-3072,keygen,510,58665173,157691918
rsa-3072,keygen,511,35017839,94127878
rsa-3072,keygen,512,68957054,185356468
rsa-3072,keygen,513,205212816,551611952
rsa-3072,keygen,514,178068796,478648846
rsa-3072,keygen,515,39114476,105139646
rsa-3072,keygen,516,177832176,478012802
rsa-3072,keygen,517,65191926,175235822
rsa-3072,keygen,518,145197034,390289556
rsa-3072,keygen,519,85591447,230069732
rsa-3072,keygen,520,77548633,208450646
rsa-3072,keygen,521,150577548,404752368
rsa-3072,keygen,522,135776194,364966296
rsa-3072,keygen,523,102650459,275924354
rsa-3072,keygen,524,271903444,730876364
rsa-3072,keygen,525,26653576,71644748
rsa-3072,keygen,526,57749553,155230728
rsa-3072,keygen,527,76794955,206424756
rsa-3072,keygen,528,59155165,159009008
rsa-3072,keygen,529,80223260,215640042
rsa-3072,keygen,530,257412116,691923676
rsa-3072,keygen,531,103189389,277373010
rsa-3072,keygen,532,56225680,151134552
rsa-3072,keygen,533,161610694,434409466
rsa-3072,keygen,534,47966672,128934350
rsa-3072,keygen,535,126621328,340358052
rsa-3072,keygen,536,58548155,157377362
rsa-3072,keygen,537,134000489,360193230
rsa-3072,keygen,538,223243373,600078108
rsa-3072,keygen,539,90009718,241946044
rsa-3072,keygen,540,314437110,845206864
rsa-3072,keygen,541,117459357,315730678
rsa-3072,keygen,542,176304063,473905246
rsa-3072,keygen,543,143608911,386020630
rsa-3072,keygen,544,13319069,35801592
rsa-3072,keygen,545,208880177,561469828
rsa-3072,keygen,546,20833484,56000344
rsa-3072,keygen,547,44433937,119438354
rsa-3072,keygen,548,360771699,969754232
rsa-3072,keygen,549,22328822,60019808
rsa-3072,keygen,550,64562208,173543154
rsa-3072,keygen,551,149426938,401659542
rsa-3072,keygen,552,35648346,95822678
rsa-3072,keygen,553,151764835,407943798
rsa-3072,keygen,554,62279001,167405888
rsa-3072,keygen,555,81499248,219069918
rsa-3072,keygen,556,113091688,303990384
rsa-3072,keygen,557,20309413,54591626
rsa-3072,keygen,558,140194660,376843176
rsa-3072,keygen,559,34912302,93844206
rsa-3072,keygen,560,51219254,137677282
rsa-3072,keygen,561,98427637,264573416
rsa-3072,keygen,562,93485594,251289204
rsa-3072,keygen,563,89585210,240804974
rsa-3072,keygen,564,54013739,145188858
rsa-3072,keygen,565,106465228,286178452
rsa-3072,keygen,566,199624734,536591204
rsa-3072,keygen,567,255210512,686005774
rsa-3072,keygen,568,267603377,719317796
rsa-3072,keygen,569,147875541,397489378
rsa-3072,keygen,570,70253413,188841104
rsa-3072,keygen,571,65468800,175980068
rsa-3072,keygen,572,158493232,426029724
rsa-3072,keygen,573,38094849,102398884
rsa-3072,keygen,574,60421159,162412002
rsa-3072,keygen,575,38404928,103232370
rsa-3072,keygen,576,89056494,239383784
rsa-3072,keygen,577,244868707,658207004
rsa-3072,keygen,578,143395258,385446386
rsa-3072,keygen,579,185289373,498057754
rsa-3072,keygen,580,63267929,170064126
rsa-3072,keygen,581,115576516,310669584
rsa-3072,keygen,582,78184737,210160504
rsa-3072,keygen,583,231242782,621580512
rsa-3072,keygen,584,122417128,329057160
rsa-3072,keygen,585,47700234,128218164
rsa-3072,keygen,586,106321936,285793288
rsa-3072,keygen,587,240099966,645388626
rsa-3072,keygen,588,90778706,244013096
rsa-3072,keygen,589,202944201,545513936
rsa-3072,keygen,590,98595038,265023316
rsa-3072,keygen,591,29468521,79211316
rsa-3072,keygen,592,127501755,342724636
rsa-3072,keygen,593,310721297,835218760
rsa-3072,keygen,594,111159132,298795664
rsa-3072,keygen,595,105880918,284607836
rsa-3072,keygen,596,205259094,551736356
rsa-3072,keygen,597,279705014,751846988
rsa-3072,keygen,598,171204938,460198800
rsa-3072,keygen,599,68193847,183304998
rsa-3072,keygen,600,103448090,278068384
rsa-3072,keygen,601,202381298,544000848
rsa-3072,keygen,602,343736724,923964228
rsa-3072,keygen,603,124220800,333905432
rsa-3072,keygen,604,79599666,213963828
rsa-3072,keygen,605,154615267,415605758
rsa-3072,keygen,606,120778455,324652418
rsa-3072,keygen,607,229836570,617800610
rsa-3072,keygen,608,156156181,419747728
rsa-3072,keygen,609,142056335,381847350
rsa-3072,keygen,610,159572242,428930110
rsa-3072,keygen,611,72713495,195453804
rsa-3072,keygen,612,90057121,242073472
rsa-3072,keygen,613,93080422,250200044
rsa-3072,keygen,614,93508875,251351784
rsa-3072,keygen,615,58031887,155989640
rsa-3072,keygen,616,123909286,333068076
rsa-3072,keygen,617,129535317,348190854
rsa-3072,keygen,618,228070125,613052412
rsa-3072,keygen,619,175806606,472568076
rsa-3072,keygen,620,144401838,388152068
rsa-3072,keygen,621,90749198,243933768
rsa-3072,keygen,622,61903717,166397124
rsa-3072,keygen,623,20947333,56306356
rsa-3072,keygen,624,125785074,338110196
rsa-3072,keygen,625,82406279,221508008
rsa-3072,keygen,626,147416714,396256052
rsa-3072,keygen,627,88296334,237340468
rsa-3072,keygen,628,95855701,257660044
rsa-3072,keygen,629,54291916,145936598
rsa-3072,keygen,630,64515779,173418346
rsa-3072,keygen,631,157108251,422306896
rsa-3072,keygen,632,83458877,224337388
rsa-3072,keygen,633,21449786,57656960
rsa-3072,keygen,634,118564920,318702350
rsa-3072,keygen,635,108934646,292816260
rsa-3072,keygen,636,131708196,354031510
rsa-3072,keygen,637,281614915,756980796
rsa-3072,keygen,638,102312382,275015608
rsa-3072,keygen,639,122575076,329481726
rsa-3072,keygen,640,167897089,451307294
rsa-3072,keygen,641,213116855,572858000
rsa-3072,keygen,642,168487084,452893206
rsa-3072,keygen,643,32407672,87111752
rsa-3072,keygen,644,142129290,382043448
rsa-3072,keygen,645,112176255,301529694
rsa-3072,keygen,646,305558618,821341476
rsa-3072,keygen,647,88796952,238686138
rsa-3072,keygen,648,216708485,582512328
rsa-3072,keygen,649,26174898,70358062
rsa-3072,keygen,650,208660217,560878582
rsa-3072,keygen,651,82093862,220668228
rsa-3072,keygen,652,245903913,660989628
rsa-3072,keygen,653,81591911,219318986
rsa-3072,keygen,654,356351938,957873914
rsa-3072,keygen,655,56440091,151710892
rsa-3072,keygen,656,58469134,157164962
rsa-3072,keygen,657,129167638,347202508
rsa-3072,keygen,658,105578194,283794114
rsa-3072,keygen,659,32534125,87451664
rsa-3072,keygen,660,399284542,1073276740
rsa-3072,keygen,661,56475990,151807396
rsa-3072,keygen,662,28013889,75301268
rsa-3072,keygen,663,309725715,832542622
rsa-3072,keygen,664,67309933,180929034
rsa-3072,keygen,665,100339243,269711816
rsa-3072,keygen,666,75127835,201943540
rsa-3072,keygen,667,516455309,1388231756
rsa-3072,keygen,668,268689123,722236280
rsa-3072,keygen,669,74612655,200558746
rsa-3072,keygen,670,131511583,353503052
rsa-3072,keygen,671,188725718,507294650
rsa-3072,keygen,672,96703294,259938384
rsa-3072,keygen,673,137856432,370558014
rsa-3072,keygen,674,68283794,183546770
rsa-3072,keygen,675,182382248,490243404
rsa-3072,keygen,676,171454096,460868526
rsa-3072,keygen,677,30330376,81527980
rsa-3072,keygen,678,70752478,190182594
rsa-3072,keygen,679,115366464,310104980
rsa-3072,keygen,680,15136116,40685812
rsa-3072,keygen,681,226518174,608880766
rsa-3072,keygen,682,165073802,443718306
rsa-3072,keygen,683,189091758,508278558
rsa-3072,keygen,684,112046496,301180908
rsa-3072,keygen,685,111498612,299708202
rsa-3072,keygen,686,71986426,193499444
rsa-3072,keygen,687,97977450,263363316
rsa-3072,keygen,688,75573935,203142668
rsa-3072,keygen,689,324826727,873134156
rsa-3072,keygen,690,165628005,445207998
rsa-3072,keygen,691,163872811,440490044
rsa-3072,keygen,692,218071406,586175856
rsa-3072,keygen,693,147361395,396107346
rsa-3072,keygen,694,133136723,357871426
rsa-3072,keygen,695,121254080,325930896
rsa-3072,keygen,696,173856741,467326810
rsa-3072,keygen,697,133627321,359190168
rsa-3072,keygen,698,147506186,396496556
rsa-3072,keygen,699,55974901,150460468
rsa-3072,keygen,700,125566590,337522916
rsa-3072,keygen,701,68629746,184476682
rsa-3072,keygen,702,235413534,632791496
rsa-3072,keygen,703,238746607,641750786
rsa-3072,keygen,704,30617143,82298814
rsa-3072,keygen,705,43237441,116222174
rsa-3072,keygen,706,81350473,218670000
rsa-3072,keygen,707,48984163,131669362
rsa-3072,keygen,708,393135218,1056747360
rsa-3072,keygen,709,91330311,245495812
rsa-3072,keygen,710,76401174,205366280
rsa-3072,keygen,711,93379198,251003206
rsa-3072,keygen,712,144775399,389156194
rsa-3072,keygen,713,81656443,219492448
rsa-3072,keygen,714,95974158,257978464
rsa-3072,keygen,715,108228200,290917328
rsa-3072,keygen,716,256133591,688487000
rsa-3072,keygen,717,351540837,944941666
rsa-3072,keygen,718,33375034,89712016
rsa-3072,keygen,719,49138608,132084512
rsa-3072,keygen,720,111321472,299232040
rsa-3072,keygen,721,93743324,251981990
rsa-3072,keygen,722,185173075,497745142
rsa-3072,keygen,723,132224373,355419040
rsa-3072,keygen,724,81567368,219253008
rsa-3072,keygen,725,99102919,266388578
rsa-3072,keygen,726,91410482,245711308
rsa-3072,keygen,727,214572666,576771228
rsa-3072,keygen,728,153312064,412102752
rsa-3072,keygen,729,59283939,159355158
rsa-3072,keygen,730,175549016,471875680
rsa-3072,keygen,731,114000418,306433022
rsa-3072,keygen,732,81829959,219958862
rsa-3072,keygen,733,170438442,458138452
rsa-3072,keygen,734,193062177,518951038
rsa-3072,keygen,735,89897960,241645644
rsa-3072,keygen,736,74971326,201522852
rsa-3072,keygen,737,156464207,420575708
rsa-3072,keygen,738,141898015,381421784
rsa-3072,keygen,739,151499293,407230022
rsa-3072,keygen,740,130660776,351216084
rsa-3072,keygen,741,33682439,90538322
rsa-3072,keygen,742,66654477,179167164
rsa-3072,keygen,743,28040409,75372542
rsa-3072,keygen,744,181987100,489181250
rsa-3072,keygen,745,166947383,448754494
rsa-3072,keygen,746,53586578,144040646
rsa-3072,keygen,747,89675230,241046946
rsa-3072,keygen,748,175292900,471187236
rsa-3072,keygen,749,234623335,630667446
rsa-3072,keygen,750,81641935,219453448
rsa-3072,keygen,751,19471368,52338974
rsa-3072,keygen,752,83266793,223821072
rsa-3072,keygen,753,82941524,222946748
rsa-3072,keygen,754,126648307,340430580
rsa-3072,keygen,755,175829179,472628754
rsa-3072,keygen,756,46215718,124227784
rsa-3072,keygen,757,122431864,329096782
rsa-3072,keygen,758,106679759,286755120
rsa-3072,keygen,759,248537458,668068606
rsa-3072,keygen,760,228339315,613775976
rsa-3072,keygen,761,140266998,377037614
rsa-3072,keygen,762,165995896,446196890
rsa-3072,keygen,763,45883356,123334400
rsa-3072,keygen,764,61593355,165562868
rsa-3072,keygen,765,94322342,253538378
rsa-3072,keygen,766,120561302,324068706
rsa-3072,keygen,767,43580804,117145130
rsa-3072,keygen,768,68454770,184006354
rsa-3072,keygen,769,53616422,144120880
rsa-3072,keygen,770,196681633,528680076
rsa-3072,keygen,771,247977536,666563524
rsa-3072,keygen,772,117459236,315730356
rsa-3072,keygen,773,146202870,392993244
rsa-3072,keygen,774,169528136,455691548
rsa-3072,keygen,775,16090550,43251328
rsa-3072,keygen,776,145424740,390901622
rsa-3072,keygen,777,106888326,287315738
rsa-3072,keygen,778,72422106,194670548
rsa-3072,keygen,779,89420116,240361194
rsa-3072,keygen,780,62731781,168622954
rsa-3072,keygen,781,137047211,368382826
rsa-3072,keygen,782,120475000,323836732
rsa-3072,keygen,783,119076899,320078634
rsa-3072,keygen,784,37111880,99756660
rsa-3072,keygen,785,137316594,369106928
rsa-3072,keygen,786,98028657,263500960
rsa-3072,keygen,787,87549064,235331810
rsa-3072,keygen,788,125550666,337480112
rsa-3072,keygen,789,70941637,190691052
rsa-3072,keygen,790,220072145,591553844
rsa-3072,keygen,791,48841168,131284998
rsa-3072,keygen,792,84638137,227507236
rsa-3072,keygen,793,70659330,189932206
rsa-3072,keygen,794,61911812,166418882
rsa-3072,keygen,795,23586450,63400310
rsa-3072,keygen,796,197409815,530637494
rsa-3072,keygen,797,47858753,128644254
rsa-3072,keygen,798,147121339,395462072
rsa-3072,keygen,799,137770178,370326156
rsa-3072,keygen,800,71044427,190967342
rsa-3072,keygen,801,49644855,133445306
rsa-3072,keygen,802,125722588,337942238
rsa-3072,keygen,803,222154740,597151860
rsa-3072,keygen,804,62195567,167181612
rsa-3072,keygen,805,30038864,80744386
rsa-3072,keygen,806,136995841,368244742
rsa-3072,keygen,807,74107894,199201952
rsa-3072,keygen,808,83677627,224925396
rsa-3072,keygen,809,194532244,522902584
rsa-3072,keygen,810,172725387,464285762
rsa-3072,keygen,811,215596427,579523106
rsa-3072,keygen,812,32063229,86185892
rsa-3072,keygen,813,125490803,337319210
rsa-3072,keygen,814,68204181,183332774
rsa-3072,keygen,815,88230888,237164556
rsa-3072,keygen,816,69433284,186636594
rsa-3072,keygen,817,85134633,228841820
rsa-3072,keygen,818,180780741,485938550
rsa-3072,keygen,819,87756048,235888184
rsa-3072,keygen,820,38939499,104669298
rsa-3072,keygen,821,157921598,424493180
rsa-3072,keygen,822,65295080,175513096
rsa-3072,keygen,823,74379432,199931846
rsa-3072,keygen,824,58603435,157525968
rsa-3072,keygen,825,39191287,105346100
rsa-3072,keygen,826,106365283,285909814
rsa-3072,keygen,827,272393520,732193688
rsa-3072,keygen,828,102319721,275035328
rsa-3072,keygen,829,214525482,576644416
rsa-3072,keygen,830,286777501,770857836
rsa-3072,keygen,831,44894490,120676322
rsa-3072,keygen,832,69628661,187161772
rsa-3072,keygen,833,147467977,396393826
rsa-3072,keygen,834,331176503,890202350
rsa-3072,keygen,835,286113046,769071778
rsa-3072,keygen,836,91781392,246708314
rsa-3072,keygen,837,166357840,447169796
rsa-3072,keygen,838,197318010,530390686
rsa-3072,keygen,839,102145585,274567260
rsa-3072,keygen,840,377492859,1014700690
rsa-3072,keygen,841,29000623,77953578
rsa-3072,keygen,842,94962722,255259724
rsa-3072,keygen,843,94889327,255062434
rsa-3072,keygen,844,230727013,620194126
rsa-3072,keygen,845,81516527,219116276
rsa-3072,keygen,846,49925068,134198518
rsa-3072,keygen,847,45866501,123289086
rsa-3072,keygen,848,80009087,215064314
rsa-3072,keygen,849,176426460,474234230
rsa-3072,keygen,850,60631332,162976958
rsa-3072,keygen,851,59641678,160316752
rsa-3072,keygen,852,130750738,351457908
rsa-3072,keygen,853,219579815,590230454
rsa-3072,keygen,854,196721674,528787770
rsa-3072,keygen,855,149812363,402695546
rsa-3072,keygen,856,20053952,53904952
rsa-3072,keygen,857,137391870,369309276
rsa-3072,keygen,858,54757912,147189204
rsa-3072,keygen,859,43701195,117468740
rsa-3072,keygen,860,169798161,456417388
rsa-3072,keygen,861,112573631,302597850
rsa-3072,keygen,862,58239378,156547376
rsa-3072,keygen,863,105422608,283375876
rsa-3072,keygen,864,129229696,347369350
rsa-3072,keygen,865,18422046,49518396
rsa-3072,keygen,866,258602389,695123130
rsa-3072,keygen,867,96283178,258809112
rsa-3072,keygen,868,50347836,135334912
rsa-3072,keygen,869,106432978,286091768
rsa-3072,keygen,870,42227979,113508722
rsa-3072,keygen,871,13214740,35521156
rsa-3072,keygen,872,153199110,411798774
rsa-3072,keygen,873,78535305,211102822
rsa-3072,keygen,874,126583736,340256998
rsa-3072,keygen,875,113013968,303781472
rsa-3072,keygen,876,104004112,279562976
rsa-3072,keygen,877,204695897,550222486
rsa-3072,keygen,878,97409536,261836756
rsa-3072,keygen,879,113976659,306369184
rsa-3072,keygen,880,246341222,662165120
rsa-3072,keygen,881,226210161,608052828
rsa-3072,keygen,882,116816819,314003528
rsa-3072,keygen,883,133488870,358818006
rsa-3072,keygen,884,81505033,219085458
rsa-3072,keygen,885,152723000,410519342
rsa-3072,keygen,886,329698231,886228748
rsa-3072,keygen,887,49224374,132315008
rsa-3072,keygen,888,176664466,474874004
rsa-3072,keygen,889,205092202,551287756
rsa-3072,keygen,890,92594464,248893848
rsa-3072,keygen,891,154279513,414703244
rsa-3072,keygen,892,139679037,375457174
rsa-3072,keygen,893,76077706,204496798
rsa-3072,keygen,894,105793016,284371546
rsa-3072,keygen,895,205483612,552339864
rsa-3072,keygen,896,63471397,170611046
rsa-3072,keygen,897,148621415,399494286
rsa-3072,keygen,898,73198528,196757562
rsa-3072,keygen,899,199786796,537026816
rsa-3072,keygen,900,342184749,919792510
rsa-3072,keygen,901,36082079,96988560
rsa-3072,keygen,902,112315249,301903316
rsa-3072,keygen,903,149365969,401495644
rsa-3072,keygen,904,221850778,596334814
rsa-3072,keygen,905,125075315,336202372
rsa-3072,keygen,906,81114432,218035518
rsa-3072,keygen,907,37907400,101895026
rsa-3072,keygen,908,161749863,434783548
rsa-3072,keygen,909,103996747,279543184
rsa-3072,keygen,910,191064237,513580596
rsa-3072,keygen,911,272207354,731693280
rsa-3072,keygen,912,52302388,140588752
rsa-3072,keygen,913,74238991,199554332
rsa-3072,keygen,914,120659122,324331638
rsa-3072,keygen,915,283390205,761752788
rsa-3072,keygen,916,78861365,211979278
rsa-3072,keygen,917,205986696,553692156
rsa-3072,keygen,918,77217968,207561824
rsa-3072,keygen,919,77442022,208164084
rsa-3072,keygen,920,31402000,84408484
rsa-3072,keygen,921,74783052,201016774
rsa-3072,keygen,922,215710681,579830168
rsa-3072,keygen,923,84718644,227723646
rsa-3072,keygen,924,130613830,351089892
rsa-3072,keygen,925,121848307,327528158
rsa-3072,keygen,926,87244492,234513118
rsa-3072,keygen,927,90732397,243888614
rsa-3072,keygen,928,130944555,351978890
rsa-3072,keygen,929,186571713,501504672
rsa-3072,keygen,930,147903138,397563562
rsa-3072,keygen,931,82873963,222765146
rsa-3072,keygen,932,236628018,636056030
rsa-3072,keygen,933,346917759,932514838
rsa-3072,keygen,934,116698929,313686650
rsa-3072,keygen,935,102101060,274447576
rsa-3072,keygen,936,218175832,586456546
rsa-3072,keygen,937,50161401,134833782
rsa-3072,keygen,938,124436805,334486056
rsa-3072,keygen,939,71722389,192789710
rsa-3072,keygen,940,70027521,188233908
rsa-3072,keygen,941,56846500,152803326
rsa-3072,keygen,942,81271908,218458822
rsa-3072,keygen,943,83533649,224538372
rsa-3072,keygen,944,68089543,183024622
rsa-3072,keygen,945,118157615,317607594
rsa-3072,keygen,946,175023227,470462352
rsa-3072,keygen,947,110167003,296128830
rsa-3072,keygen,948,242233937,651124740
rsa-3072,keygen,949,96569603,259579014
rsa-3072,keygen,950,61275732,164709094
rsa-3072,keygen,951,103289729,277642724
rsa-3072,keygen,952,195842523,526424592
rsa-3072,keygen,953,79545289,213817658
rsa-3072,keygen,954,88379175,237563156
rsa-3072,keygen,955,81810779,219907312
rsa-3072,keygen,956,84808415,227964890
rsa-3072,keygen,957,109242899,293644840
rsa-3072,keygen,958,171000986,459650570
rsa-3072,keygen,959,58525885,157317522
rsa-3072,keygen,960,38018387,102193350
rsa-3072,keygen,961,90080395,242136030
rsa-3072,keygen,962,134427361,361340664
rsa-3072,keygen,963,38587129,103722134
rsa-3072,keygen,964,138936886,373462276
rsa-3072,keygen,965,119620239,321539126
rsa-3072,keygen,966,97368504,261726458
rsa-3072,keygen,967,29133539,78310878
rsa-3072,keygen,968,88505471,237902638
rsa-3072,keygen,969,18645328,50118568
rsa-3072,keygen,970,128205827,344617186
rsa-3072,keygen,971,36764549,98823046
rsa-3072,keygen,972,51441771,138275416
rsa-3072,keygen,973,281746004,757333142
rsa-3072,keygen,974,38300921,102952808
rsa-3072,keygen,975,45175067,121430508
rsa-3072,keygen,976,133873269,359851272
rsa-3072,keygen,977,62453919,167876058
rsa-3072,keygen,978,59445877,159790452
rsa-3072,keygen,979,169718854,456204202
rsa-3072,keygen,980,199348176,535847806
rsa-3072,keygen,981,120994684,325233638
rsa-3072,keygen,982,157863796,424337796
rsa-3072,keygen,983,96201846,258590472
rsa-3072,keygen,984,26563915,71403728
rsa-3072,keygen,985,56873533,152875988
rsa-3072,keygen,986,138343530,371867334
rsa-3072,keygen,987,64977465,174659356
rsa-3072,keygen,988,113021630,303802062
rsa-3072,keygen,989,87004507,233868040
rsa-3072,keygen,990,286166192,769214636
rsa-3072,keygen,991,73342343,197144152
rsa-3072,keygen,992,71506363,192209026
rsa-3072,keygen,993,37912092,101907638
rsa-3072,keygen,994,104606131,281181208
rsa-3072,keygen,995,130509185,350808610
rsa-3072,keygen,996,84410706,226895912
rsa-3072,keygen,997,75560809,203106890
rsa-3072,keygen,998,119231794,320494986
rsa-3072,keygen,999,78063628,209834960
rsa-3072,pss-sign,0,1329082,3572456
rsa-3072,pss-sign,1,1327954,3569448
rsa-3072,pss-sign,2,1326054,3564368
rsa-3072,pss-sign,3,1326561,3565698
rsa-3072,pss-sign,4,1328236,3570228
rsa-3072,pss-sign,5,1324084,3559080
rsa-3072,pss-sign,6,1327689,3568766
rsa-3072,pss-sign,7,1330282,3575732
rsa-3072,pss-sign,8,1326908,3566670
rsa-3072,pss-sign,9,1345504,3616660
rsa-3072,pss-sign,10,1325933,3564054
rsa-3072,pss-sign,11,1325556,3563036
rsa-3072,pss-sign,12,1326109,3564492
rsa-3072,pss-sign,13,1327925,3569402
rsa-3072,pss-sign,14,1708292,4591832
rsa-3072,pss-sign,15,1327202,3567458
rsa-3072,pss-sign,16,1327049,3567048
rsa-3072,pss-sign,17,1325150,3561944
rsa-3072,pss-sign,18,1326483,3565532
rsa-3072,pss-sign,19,1326913,3566686
rsa-3072,pss-sign,20,1326141,3564610
rsa-3072,pss-sign,21,1328038,3569700
rsa-3072,pss-sign,22,1325199,3562076
rsa-3072,pss-sign,23,1326764,3566276
rsa-3072,pss-sign,24,1328123,3569934
rsa-3072,pss-sign,25,1327220,3567496
rsa-3072,pss-sign,26,1327529,3568334
rsa-3072,pss-sign,27,1327697,3568782
rsa-3072,pss-sign,28,1326214,3564800
rsa-3072,pss-sign,29,1325561,3563038
rsa-3072,pss-sign,30,1326099,3564494
rsa-3072,pss-sign,31,1325909,3563970
rsa-3072,pss-sign,32,1325227,3562148
rsa-3072,pss-sign,33,1327514,3568288
rsa-3072,pss-sign,34,1325002,3561546
rsa-3072,pss-sign,35,1326179,3564706
rsa-3072,pss-sign,36,1326244,3564874
rsa-3072,pss-sign,37,1326453,3565432
rsa-3072,pss-sign,38,1326776,3566310
rsa-3072,pss-sign,39,1327618,3568580
rsa-3072,pss-sign,40,1325128,3561870
rsa-3072,pss-sign,41,1325591,3563108
rsa-3072,pss-sign,42,1327575,3568462
rsa-3072,pss-sign,43,1326074,3564426
rsa-3072,pss-sign,44,1325663,3563322
rsa-3072,pss-sign,45,1327700,3568792
rsa-3072,pss-sign,46,1700386,4570572
rsa-3072,pss-sign,47,1327249,3567586
rsa-3072,pss-sign,48,1326402,3565308
rsa-3072,pss-sign,49,1324874,3561194
rsa-3072,pss-sign,50,1335196,3588942
rsa-3072,pss-sign,51,1326365,3565202
rsa-3072,pss-sign,52,1326345,3565154
rsa-3072,pss-sign,53,1327338,3567824
rsa-3072,pss-sign,54,1325309,3562378
rsa-3072,pss-sign,55,1324916,3561320
rsa-3072,pss-sign,56,1326489,3565516
rsa-3072,pss-sign,57,1326921,3566702
rsa-3072,pss-sign,58,1326823,3566444
rsa-3072,pss-sign,59,1326305,3565048
rsa-3072,pss-sign,60,1328584,3571172
rsa-3072,pss-sign,61,1325212,3562112
rsa-3072,pss-sign,62,1326646,3565968
rsa-3072,pss-sign,63,1325527,3562960
rsa-3072,pss-sign,64,1326625,3565914
rsa-3072,pss-sign,65,1326657,3565994
rsa-3072,pss-sign,66,1328112,3569908
rsa-3072,pss-sign,67,1326386,3565270
rsa-3072,pss-sign,68,1325764,3563598
rsa-3072,pss-sign,69,1325904,3563964
rsa-3072,pss-sign,70,1326308,3565058
rsa-3072,pss-sign,71,1326088,3564468
rsa-3072,pss-sign,72,1324757,3560884
rsa-3072,pss-sign,73,1324460,3560090
rsa-3072,pss-sign,74,1324943,3561384
rsa-3072,pss-sign,75,1328524,3571020
rsa-3072,pss-sign,76,1327176,3567388
rsa-3072,pss-sign,77,1327351,3567858
rsa-3072,pss-sign,78,1698588,4565744
rsa-3072,pss-sign,79,1325672,3563352
rsa-3072,pss-sign,80,1328344,3570534
rsa-3072,pss-sign,81,1324250,3559528
rsa-3072,pss-sign,82,1327348,3567854
rsa-3072,pss-sign,83,1326002,3564236
rsa-3072,pss-sign,84,1325956,3564108
rsa-3072,pss-sign,85,1326105,3564512
rsa-3072,pss-sign,86,1329266,3573012
rsa-3072,pss-sign,87,1325998,3564224
rsa-3072,pss-sign,88,1327264,3567626
rsa-3072,pss-sign,89,1329287,3573062
rsa-3072,pss-sign,90,1327120,3567238
rsa-3072,pss-sign,91,1326483,3565530
rsa-3072,pss-sign,92,1325770,3563610
rsa-3072,pss-sign,93,1328145,3569994
rsa-3072,pss-sign,94,1327423,3568052
rsa-3072,pss-sign,95,1326898,3566646
rsa-3072,pss-sign,96,1324815,3561042
rsa-3072,pss-sign,97,1326153,3564638
rsa-3072,pss-sign,98,1347552,3622148
rsa-3072,pss-sign,99,1326956,3566798
rsa-3072,pss-sign,100,1326114,3564534
rsa-3072,pss-sign,101,1327889,3569296
rsa-3072,pss-sign,102,1328894,3572008
rsa-3072,pss-sign,103,1326364,3565212
rsa-3072,pss-sign,104,1329642,3574014
rsa-3072,pss-sign,105,1327175,3567388
rsa-3072,pss-sign,106,1327002,3566928
rsa-3072,pss-sign,107,1326983,3566872
rsa-3072,pss-sign,108,1325973,3564158
rsa-3072,pss-sign,109,1325534,3562974
rsa-3072,pss-sign,110,1725835,4638982
rsa-3072,pss-sign,111,1326713,3566136
rsa-3072,pss-sign,112,1326144,3564610
rsa-3072,pss-sign,113,1326778,3566318
rsa-3072,pss-sign,114,1326773,3566308
rsa-3072,pss-sign,115,1328876,3571960
rsa-3072,pss-sign,116,1327235,3567542
rsa-3072,pss-sign,117,1325796,3563682
rsa-3072,pss-sign,118,1328342,3570520
rsa-3072,pss-sign,119,1327727,3568862
rsa-3072,pss-sign,120,1326087,3564444
rsa-3072,pss-sign,121,1326522,3565620
rsa-3072,pss-sign,122,1325721,3563478
rsa-3072,pss-sign,123,1327510,3568288
rsa-3072,pss-sign,124,1328835,3571836
rsa-3072,pss-sign,125,1326652,3565982
rsa-3072,pss-sign,126,1327902,3569338
rsa-3072,pss-sign,127,1329986,3574942
rsa-3072,pss-sign,128,1326618,3565886
rsa-3072,pss-sign,129,1327918,3569382
rsa-3072,pss-sign,130,1327464,3568166
rsa-3072,pss-sign,131,1327645,3568650
rsa-3072,pss-sign,132,1326354,3565174
rsa-3072,pss-sign,133,1327505,3568270
rsa-3072,pss-sign,134,1328493,3570928
rsa-3072,pss-sign,135,1327530,3568286
rsa-3072,pss-sign,136,1325692,3563394
rsa-3072,pss-sign,137,1326138,3564594
rsa-3072,pss-sign,138,1326314,3565042
rsa-3072,pss-sign,139,1326702,3566116
rsa-3072,pss-sign,140,1325641,3563254
rsa-3072,pss-sign,141,1327315,3567766
rsa-3072,pss-sign,142,1704507,4581656
rsa-3072,pss-sign,143,1326931,3566728
rsa-3072,pss-sign,144,1325685,3563384
rsa-3072,pss-sign,145,1325598,3563152
rsa-3072,pss-sign,146,1323513,3557544
rsa-3072,pss-sign,147,1327302,3567730
rsa-3072,pss-sign,148,1328587,3571170
rsa-3072,pss-sign,149,1327572,3568456
rsa-3072,pss-sign,150,1324816,3561052
rsa-3072,pss-sign,151,1325495,3562872
rsa-3072,pss-sign,152,1324085,3559084
rsa-3072,pss-sign,153,1326972,3566824
rsa-3072,pss-sign,154,1327608,3568548
rsa-3072,pss-sign,155,1327096,3567172
rsa-3072,pss-sign,156,1326798,3566366
rsa-3072,pss-sign,157,1328528,3571014
rsa-3072,pss-sign,158,1326230,3564842
rsa-3072,pss-sign,159,1327946,3569456
rsa-3072,pss-sign,160,1329126,3572626
rsa-3072,pss-sign,161,1325584,3563108
rsa-3072,pss-sign,162,1324529,3560274
rsa-3072,pss-sign,163,1328125,3569936
rsa-3072,pss-sign,164,1326167,3564674
rsa-3072,pss-sign,165,1326912,3566682
rsa-3072,pss-sign,166,1327337,3567822
rsa-3072,pss-sign,167,1324876,3561202
rsa-3072,pss-sign,168,1325524,3562946
rsa-3072,pss-sign,169,1327346,3567838
rsa-3072,pss-sign,170,1327098,3567182
rsa-3072,pss-sign,171,1325468,3562794
rsa-3072,pss-sign,172,1326455,3565450
rsa-3072,pss-sign,173,1327042,3567014
rsa-3072,pss-sign,174,1701597,4573836
rsa-3072,pss-sign,175,1324092,3559102
rsa-3072,pss-sign,176,1325268,3562250
rsa-3072,pss-sign,177,1325649,3563286
rsa-3072,pss-sign,178,1327128,3567262
rsa-3072,pss-sign,179,1326736,3566206
rsa-3072,pss-sign,180,1327864,3569232
rsa-3072,pss-sign,181,1327107,3567206
rsa-3072,pss-sign,182,1325471,3562802
rsa-3072,pss-sign,183,1327901,3569334
rsa-3072,pss-sign,184,1326504,3565574
rsa-3072,pss-sign,185,1327686,3568764
rsa-3072,pss-sign,186,1325050,3561674
rsa-3072,pss-sign,187,1327134,3567278
rsa-3072,pss-sign,188,1326948,3566770
rsa-3072,pss-sign,189,1328187,3570102
rsa-3072,pss-sign,190,1327999,3569596
rsa-3072,pss-sign,191,1326125,3564560
rsa-3072,pss-sign,192,1329599,3573898
rsa-3072,pss-sign,193,1326534,3565662
rsa-3072,pss-sign,194,1327980,3569554
rsa-3072,pss-sign,195,1334142,3586100
rsa-3072,pss-sign,196,1327155,3567340
rsa-3072,pss-sign,197,1324910,3561300
rsa-3072,pss-sign,198,1334207,3586294
rsa-3072,pss-sign,199,1325540,3562994
rsa-3072,pss-sign,200,1347728,3622632
rsa-3072,pss-sign,201,1330379,3575998
rsa-3072,pss-sign,202,1324326,3559732
rsa-3072,pss-sign,203,1329909,3574734
rsa-3072,pss-sign,204,1327228,3567528
rsa-3072,pss-sign,205,1328353,3570560
rsa-3072,pss-sign,206,1695599,4557710
rsa-3072,pss-sign,207,1328263,3570314
rsa-3072,pss-sign,208,1328912,3572058
rsa-3072,pss-sign,209,1327041,3567020
rsa-3072,pss-sign,210,1327597,3568522
rsa-3072,pss-sign,211,1326754,3566258
rsa-3072,pss-sign,212,1328094,3569860
rsa-3072,pss-sign,213,1325879,3563904
rsa-3072,pss-sign,214,1327231,3567542
rsa-3072,pss-sign,215,1326590,3565812
rsa-3072,pss-sign,216,1327820,3569126
rsa-3072,pss-sign,217,1327554,3568406
rsa-3072,pss-sign,218,1325524,3562948
rsa-3072,pss-sign,219,1328379,3570624
rsa-3072,pss-sign,220,1325514,3562924
rsa-3072,pss-sign,221,1326815,3566418
rsa-3072,pss-sign,222,1327699,3568798
rsa-3072,pss-sign,223,1327088,3567158
rsa-3072,pss-sign,224,1328220,3570200
rsa-3072,pss-sign,225,1327356,3567874
rsa-3072,pss-sign,226,1325705,3563438
rsa-3072,pss-sign,227,1327762,3568966
rsa-3072,pss-sign,228,1331049,3577802
rsa-3072,pss-sign,229,1326854,3566524
rsa-3072,pss-sign,230,1327776,3569010
rsa-3072,pss-sign,231,1326902,3566658
rsa-3072,pss-sign,232,1325234,3562176
rsa-3072,pss-sign,233,1328435,3570776
rsa-3072,pss-sign,234,1328472,3570874
rsa-3072,pss-sign,235,1328486,3570912
rsa-3072,pss-sign,236,1326650,3565978
rsa-3072,pss-sign,237,1326773,3566304
rsa-3072,pss-sign,238,1702229,4575532
rsa-3072,pss-sign,239,1328631,3571298
rsa-3072,pss-sign,240,1327869,3569244
rsa-3072,pss-sign,241,1327822,3569130
rsa-3072,pss-sign,242,1332902,3582782
rsa-3072,pss-sign,243,1326790,3566356
rsa-3072,pss-sign,244,1327372,3567922
rsa-3072,pss-sign,245,1325552,3563028
rsa-3072,pss-sign,246,1327258,3567614
rsa-3072,pss-sign,247,1327060,3567082
rsa-3072,pss-sign,248,1327668,3568712
rsa-3072,pss-sign,249,1325878,3563906
rsa-3072,pss-sign,250,1326913,3566682
rsa-3072,pss-sign,251,1325756,3563572
rsa-3072,pss-sign,252,1326287,3564998
rsa-3072,pss-sign,253,1333606,3584678
rsa-3072,pss-sign,254,1326966,3566826
rsa-3072,pss-sign,255,1327517,3568310
rsa-3072,pss-sign,256,1326940,3566698
rsa-3072,pss-sign,257,1328108,3569898
rsa-3072,pss-sign,258,1327442,3568110
rsa-3072,pss-sign,259,1326472,3565502
rsa-3072,pss-sign,260,1326694,3566096
rsa-3072,pss-sign,261,1327614,3568564
rsa-3072,pss-sign,262,1324533,3560282
rsa-3072,pss-sign,263,1325437,3562704
rsa-3072,pss-sign,264,1329134,3572654
rsa-3072,pss-sign,265,1326767,3566290
rsa-3072,pss-sign,266,1327973,3569526
rsa-3072,pss-sign,267,1326105,3564514
rsa-3072,pss-sign,268,1324145,3559232
rsa-3072,pss-sign,269,1327803,3569076
rsa-3072,pss-sign,270,1707603,4589974
rsa-3072,pss-sign,271,1327958,3569484
rsa-3072,pss-sign,272,1326703,3566104
rsa-3072,pss-sign,273,1326800,3566372
rsa-3072,pss-sign,274,1325958,3564116
rsa-3072,pss-sign,275,1327452,3568130
rsa-3072,pss-sign,276,1324584,3560422
rsa-3072,pss-sign,277,1325349,3562466
rsa-3072,pss-sign,278,1324789,3560970
rsa-3072,pss-sign,279,1324533,3560284
rsa-3072,pss-sign,280,1328242,3570250
rsa-3072,pss-sign,281,1326837,3566474
rsa-3072,pss-sign,282,1324680,3560676
rsa-3072,pss-sign,283,1328572,3571140
rsa-3072,pss-sign,284,1327790,3569042
rsa-3072,pss-sign,285,1328260,3570296
rsa-3072,pss-sign,286,1327592,3568506
rsa-3072,pss-sign,287,1327867,3569232
rsa-3072,pss-sign,288,1329354,3573122
rsa-3072,pss-sign,289,1334071,3585924
rsa-3072,pss-sign,290,1327629,3568606
rsa-3072,pss-sign,291,1325676,3563362
rsa-3072,pss-sign,292,1327155,3567334
rsa-3072,pss-sign,293,1327313,3567764
rsa-3072,pss-sign,294,1327499,3568256
rsa-3072,pss-sign,295,1325259,3562238
rsa-3072,pss-sign,296,1327448,3568120
rsa-3072,pss-sign,297,1326945,3566768
rsa-3072,pss-sign,298,1325918,3564006
rsa-3072,pss-sign,299,1329537,3573726
rsa-3072,pss-sign,300,1325787,3563660
rsa-3072,pss-sign,301,1325912,3563990
rsa-3072,pss-sign,302,1701691,4574092
rsa-3072,pss-sign,303,1328025,3569676
rsa-3072,pss-sign,304,1327865,3569242
rsa-3072,pss-sign,305,1325062,3561706
rsa-3072,pss-sign,306,1327345,3567816
rsa-3072,pss-sign,307,1325787,3563660
rsa-3072,pss-sign,308,1326221,3564824
rsa-3072,pss-sign,309,1325524,3562950
rsa-3072,pss-sign,310,1328862,3571918
rsa-3072,pss-sign,311,1347514,3622030
rsa-3072,pss-sign,312,1328688,3571452
rsa-3072,pss-sign,313,1325998,3564224
rsa-3072,pss-sign,314,1325489,3562850
rsa-3072,pss-sign,315,1327178,3567402
rsa-3072,pss-sign,316,1326394,3565290
rsa-3072,pss-sign,317,1325747,3563550
rsa-3072,pss-sign,318,1324851,3561066
rsa-3072,pss-sign,319,1327237,3567552
rsa-3072,pss-sign,320,1327036,3567018
rsa-3072,pss-sign,321,1325563,3563062
rsa-3072,pss-sign,322,1328805,3571764
rsa-3072,pss-sign,323,1324997,3561536
rsa-3072,pss-sign,324,1325927,3564038
rsa-3072,pss-sign,325,1326978,3566850
rsa-3072,pss-sign,326,1326587,3565806
rsa-3072,pss-sign,327,1327206,3567472
rsa-3072,pss-sign,328,1327336,3567824
rsa-3072,pss-sign,329,1327163,3567360
rsa-3072,pss-sign,330,1326598,3565834
rsa-3072,pss-sign,331,1327829,3569148
rsa-3072,pss-sign,332,1327602,3568532
rsa-3072,pss-sign,333,1328530,3571026
rsa-3072,pss-sign,334,1701112,4572528
rsa-3072,pss-sign,335,1326259,3564930
rsa-3072,pss-sign,336,1327541,3568368
rsa-3072,pss-sign,337,1327355,3567870
rsa-3072,pss-sign,338,1327891,3569314
rsa-3072,pss-sign,339,1328887,3571994
rsa-3072,pss-sign,340,1326180,3564716
rsa-3072,pss-sign,341,1326828,3566452
rsa-3072,pss-sign,342,1326910,3566678
rsa-3072,pss-sign,343,1325121,3561870
rsa-3072,pss-sign,344,1325483,3562844
rsa-3072,pss-sign,345,1328625,3571284
rsa-3072,pss-sign,346,1328814,3571800
rsa-3072,pss-sign,347,1328128,3569950
rsa-3072,pss-sign,348,1327605,3568544
rsa-3072,pss-sign,349,1329650,3574038
rsa-3072,pss-sign,350,1327288,3567696
rsa-3072,pss-sign,351,1337809,3595970
rsa-3072,pss-sign,352,1326646,3565972
rsa-3072,pss-sign,353,1324771,3560926
rsa-3072,pss-sign,354,1328083,3569830
rsa-3072,pss-sign,355,1327164,3567358
rsa-3072,pss-sign,356,1325942,3564076
rsa-3072,pss-sign,357,1327405,3568006
rsa-3072,pss-sign,358,1325285,3562306
rsa-3072,pss-sign,359,1326515,3565614
rsa-3072,pss-sign,360,1328262,3570312
rsa-3072,pss-sign,361,1324944,3561384
rsa-3072,pss-sign,362,1326652,3565982
rsa-3072,pss-sign,363,1329175,3572762
rsa-3072,pss-sign,364,1325830,3563772
rsa-3072,pss-sign,365,1328331,3570496
rsa-3072,pss-sign,366,1712333,4602692
rsa-3072,pss-sign,367,1328373,3570614
rsa-3072,pss-sign,368,1327994,3569590
rsa-3072,pss-sign,369,1326934,3566738
rsa-3072,pss-sign,370,1325023,3561602
rsa-3072,pss-sign,371,1328004,3569618
rsa-3072,pss-sign,372,1325909,3563982
rsa-3072,pss-sign,373,1326395,3565290
rsa-3072,pss-sign,374,1326586,3565804
rsa-3072,pss-sign,375,1327427,3568060
rsa-3072,pss-sign,376,1325737,3563520
rsa-3072,pss-sign,377,1327151,3567320
rsa-3072,pss-sign,378,1328040,3569710
rsa-3072,pss-sign,379,1326074,3564426
rsa-3072,pss-sign,380,1325725,3563490
rsa-3072,pss-sign,381,1327919,3569386
rsa-3072,pss-sign,382,1327174,3567382
rsa-3072,pss-sign,383,1327689,3568758
rsa-3072,pss-sign,384,1325336,3562448
rsa-3072,pss-sign,385,1346859,3620286
rsa-3072,pss-sign,386,1326015,3564268
rsa-3072,pss-sign,387,1328934,3572118
rsa-3072,pss-sign,388,1328442,3570792
rsa-3072,pss-sign,389,1325026,3561616
rsa-3072,pss-sign,390,1327356,3567872
rsa-3072,pss-sign,391,1325473,3562818
rsa-3072,pss-sign,392,1327666,3568714
rsa-3072,pss-sign,393,1326160,3564654
rsa-3072,pss-sign,394,1324801,3561006
rsa-3072,pss-sign,395,1326396,3565298
rsa-3072,pss-sign,396,1328050,3569732
rsa-3072,pss-sign,397,1324759,3560890
rsa-3072,pss-sign,398,1707074,4588556
rsa-3072,pss-sign,399,1327174,3567386
rsa-3072,pss-sign,400,1326557,3565726
rsa-3072,pss-sign,401,1326808,3566400
rsa-3072,pss-sign,402,1327231,3567536
rsa-3072,pss-sign,403,1325211,3562110
rsa-3072,pss-sign,404,1328163,3570044
rsa-3072,pss-sign,405,1325730,3563504
rsa-3072,pss-sign,406,1326260,3564930
rsa-3072,pss-sign,407,1328134,3569970
rsa-3072,pss-sign,408,1325886,3563922
rsa-3072,pss-sign,409,1326219,3564810
rsa-3072,pss-sign,410,1326925,3566716
rsa-3072,pss-sign,411,1327143,3567224
rsa-3072,pss-sign,412,1327372,3567890
rsa-3072,pss-sign,413,1325777,3563628
rsa-3072,pss-sign,414,1326771,3566302
rsa-3072,pss-sign,415,1326923,3566710
rsa-3072,pss-sign,416,1328190,3570118
rsa-3072,pss-sign,417,1326257,3564920
rsa-3072,pss-sign,418,1323938,3558686
rsa-3072,pss-sign,419,1328428,3570750
rsa-3072,pss-sign,420,1326039,3564334
rsa-3072,pss-sign,421,1325927,3564032
rsa-3072,pss-sign,422,1327776,3569002
rsa-3072,pss-sign,423,1333147,3583410
rsa-3072,pss-sign,424,1327597,3568522
rsa-3072,pss-sign,425,1326834,3566472
rsa-3072,pss-sign,426,1327600,3568534
rsa-3072,pss-sign,427,1326433,3565392
rsa-3072,pss-sign,428,1326456,3565456
rsa-3072,pss-sign,429,1328631,3571182
rsa-3072,pss-sign,430,1719604,4622234
rsa-3072,pss-sign,431,1326978,3566862
rsa-3072,pss-sign,432,1327340,3567832
rsa-3072,pss-sign,433,1331458,3578900
rsa-3072,pss-sign,434,1327829,3569142
rsa-3072,pss-sign,435,1326290,3565012
rsa-3072,pss-sign,436,1326750,3566250
rsa-3072,pss-sign,437,1326885,3566612
rsa-3072,pss-sign,438,1326841,3566494
rsa-3072,pss-sign,439,1326689,3566080
rsa-3072,pss-sign,440,1327831,3569158
rsa-3072,pss-sign,441,1329432,3573422
rsa-3072,pss-sign,442,1325641,3563266
rsa-3072,pss-sign,443,1327208,3567478
rsa-3072,pss-sign,444,1325423,3562682
rsa-3072,pss-sign,445,1328242,3570258
rsa-3072,pss-sign,446,1329777,3574384
rsa-3072,pss-sign,447,1325947,3564090
rsa-3072,pss-sign,448,1329674,3574108
rsa-3072,pss-sign,449,1327436,3568090
rsa-3072,pss-sign,450,1327147,3567312
rsa-3072,pss-sign,451,1325412,3562648
rsa-3072,pss-sign,452,1327281,3567672
rsa-3072,pss-sign,453,1327541,3568372
rsa-3072,pss-sign,454,1328752,3571628
rsa-3072,pss-sign,455,1326826,3566454
rsa-3072,pss-sign,456,1328067,3569790
rsa-3072,pss-sign,457,1328946,3572152
rsa-3072,pss-sign,458,1328012,3569642
rsa-3072,pss-sign,459,1326863,3566550
rsa-3072,pss-sign,460,1328764,3571660
rsa-3072,pss-sign,461,1326748,3566242
rsa-3072,pss-sign,462,1704779,4582390
rsa-3072,pss-sign,463,1325215,3562120
rsa-3072,pss-sign,464,1327468,3568178
rsa-3072,pss-sign,465,1327606,3568550
rsa-3072,pss-sign,466,1327054,3567008
rsa-3072,pss-sign,467,1325623,3563212
rsa-3072,pss-sign,468,1327291,3567704
rsa-3072,pss-sign,469,1325273,3562274
rsa-3072,pss-sign,470,1327061,3567086
rsa-3072,pss-sign,471,1328029,3569660
rsa-3072,pss-sign,472,1328748,3571616
rsa-3072,pss-sign,473,1326668,3566028
rsa-3072,pss-sign,474,1326272,3564956
rsa-3072,pss-sign,475,1328897,3572016
rsa-3072,pss-sign,476,1324513,3560232
rsa-3072,pss-sign,477,1326125,3564562
rsa-3072,pss-sign,478,1327613,3568570
rsa-3072,pss-sign,479,1324820,3561056
rsa-3072,pss-sign,480,1325909,3563986
rsa-3072,pss-sign,481,1326900,3566652
rsa-3072,pss-sign,482,1326572,3565768
rsa-3072,pss-sign,483,1326553,3565718
rsa-3072,pss-sign,484,1327550,3568396
rsa-3072,pss-sign,485,1327237,3567556
rsa-3072,pss-sign,486,1327801,3569072
rsa-3072,pss-sign,487,1329325,3573164
rsa-3072,pss-sign,488,1333410,3584148
rsa-3072,pss-sign,489,1327723,3568864
rsa-3072,pss-sign,490,1327947,3569462
rsa-3072,pss-sign,491,1327795,3569050
rsa-3072,pss-sign,492,1327154,3567334
rsa-3072,pss-sign,493,1328826,3571830
rsa-3072,pss-sign,494,1702653,4576644
rsa-3072,pss-sign,495,1329841,3574548
rsa-3072,pss-sign,496,1328135,3569972
rsa-3072,pss-sign,497,1326367,3565222
rsa-3072,pss-sign,498,1327337,3567820
rsa-3072,pss-sign,499,1327647,3568660
rsa-3072,pss-sign,500,1325179,3562022
rsa-3072,pss-sign,501,1327947,3569464
rsa-3072,pss-sign,502,1326261,3564930
rsa-3072,pss-sign,503,1326408,3565330
rsa-3072,pss-sign,504,1328627,3571264
rsa-3072,pss-sign,505,1334018,3585780
rsa-3072,pss-sign,506,1335342,3589340
rsa-3072,pss-sign,507,1328870,3571946
rsa-3072,pss-sign,508,1328125,3569946
rsa-3072,pss-sign,509,1325544,3563002
rsa-3072,pss-sign,510,1326330,3565116
rsa-3072,pss-sign,511,1328021,3569666
rsa-3072,pss-sign,512,1327349,3567858
rsa-3072,pss-sign,513,1329434,3573458
rsa-3072,pss-sign,514,1326814,3566418
rsa-3072,pss-sign,515,1327197,3567448
rsa-3072,pss-sign,516,1328035,3569704
rsa-3072,pss-sign,517,1325144,3561930
rsa-3072,pss-sign,518,1327150,3567322
rsa-3072,pss-sign,519,1326204,3564780
rsa-3072,pss-sign,520,1326439,3565412
rsa-3072,pss-sign,521,1326542,3565682
rsa-3072,pss-sign,522,1327918,3569386
rsa-3072,pss-sign,523,1324569,3560386
rsa-3072,pss-sign,524,1328115,3569902
rsa-3072,pss-sign,525,1327955,3569482
rsa-3072,pss-sign,526,1706406,4586760
rsa-3072,pss-sign,527,1328063,3569776
rsa-3072,pss-sign,528,1328303,3570418
rsa-3072,pss-sign,529,1326606,3565856
rsa-3072,pss-sign,530,1328086,3569840
rsa-3072,pss-sign,531,1325310,3562376
rsa-3072,pss-sign,532,1326397,3565302
rsa-3072,pss-sign,533,1329830,3574526
rsa-3072,pss-sign,534,1327261,3567614
rsa-3072,pss-sign,535,1326488,3565544
rsa-3072,pss-sign,536,1328358,3570568
rsa-3072,pss-sign,537,1325789,3563660
rsa-3072,pss-sign,538,1325800,3563698
rsa-3072,pss-sign,539,1326945,3566774
rsa-3072,pss-sign,540,1327193,3567436
rsa-3072,pss-sign,541,1325128,3561894
rsa-3072,pss-sign,542,1328474,3570884
rsa-3072,pss-sign,543,1327344,3567846
rsa-3072,pss-sign,544,1325395,3562608
rsa-3072,pss-sign,545,1325430,3562692
rsa-3072,pss-sign,546,1326571,3565770
rsa-3072,pss-sign,547,1323904,3558600
rsa-3072,pss-sign,548,1324796,3560994
rsa-3072,pss-sign,549,1327676,3568734
rsa-3072,pss-sign,550,1328576,3571156
rsa-3072,pss-sign,551,1325875,3563896
rsa-3072,pss-sign,552,1324690,3560708
rsa-3072,pss-sign,553,1327965,3569506
rsa-3072,pss-sign,554,1323922,3558648
rsa-3072,pss-sign,555,1326814,3566422
rsa-3072,pss-sign,556,1327424,3568058
rsa-3072,pss-sign,557,1327233,3567544
rsa-3072,pss-sign,558,1703127,4577946
rsa-3072,pss-sign,559,1326249,3564900
rsa-3072,pss-sign,560,1325668,3563342
rsa-3072,pss-sign,561,1325910,3563988
rsa-3072,pss-sign,562,1326326,3565104
rsa-3072,pss-sign,563,1324789,3560972
rsa-3072,pss-sign,564,1324178,3559332
rsa-3072,pss-sign,565,1327801,3569066
rsa-3072,pss-sign,566,1329335,3573192
rsa-3072,pss-sign,567,1327875,3569268
rsa-3072,pss-sign,568,1327249,3567584
rsa-3072,pss-sign,569,1328597,3571210
rsa-3072,pss-sign,570,1344526,3614020
rsa-3072,pss-sign,571,1325739,3563524
rsa-3072,pss-sign,572,1324611,3560498
rsa-3072,pss-sign,573,1329182,3572780
rsa-3072,pss-sign,574,1325927,3564034
rsa-3072,pss-sign,575,1328415,3570726
rsa-3072,pss-sign,576,1325889,3563928
rsa-3072,pss-sign,577,1327183,3567408
rsa-3072,pss-sign,578,1328485,3570908
rsa-3072,pss-sign,579,1325922,3564020
rsa-3072,pss-sign,580,1326006,3564250
rsa-3072,pss-sign,581,1327848,3569192
rsa-3072,pss-sign,582,1326448,3565432
rsa-3072,pss-sign,583,1325169,3561996
rsa-3072,pss-sign,584,1327612,3568566
rsa-3072,pss-sign,585,1326984,3566870
rsa-3072,pss-sign,586,1324928,3561344
rsa-3072,pss-sign,587,1326127,3564574
rsa-3072,pss-sign,588,1325265,3562254
rsa-3072,pss-sign,589,1327961,3569496
rsa-3072,pss-sign,590,1707425,4589502
rsa-3072,pss-sign,591,1329447,3573490
rsa-3072,pss-sign,592,1326311,3565068
rsa-3072,pss-sign,593,1324577,3560406
rsa-3072,pss-sign,594,1325954,3564108
rsa-3072,pss-sign,595,1327179,3567398
rsa-3072,pss-sign,596,1327486,3568224
rsa-3072,pss-sign,597,1327662,3568696
rsa-3072,pss-sign,598,1326635,3565942
rsa-3072,pss-sign,599,1327558,3568420
rsa-3072,pss-sign,600,1327578,3568472
rsa-3072,pss-sign,601,1325363,3562514
rsa-3072,pss-sign,602,1328060,3569768
rsa-3072,pss-sign,603,1325987,3564196
rsa-3072,pss-sign,604,1329112,3572592
rsa-3072,pss-sign,605,1325383,3562574
rsa-3072,pss-sign,606,1326678,3566046
rsa-3072,pss-sign,607,1329431,3573450
rsa-3072,pss-sign,608,1327460,3568156
rsa-3072,pss-sign,609,1327252,3567594
rsa-3072,pss-sign,610,1329090,3572538
rsa-3072,pss-sign,611,1326104,3564516
rsa-3072,pss-sign,612,1325102,3561818
rsa-3072,pss-sign,613,1328211,3570176
rsa-3072,pss-sign,614,1326614,3565876
rsa-3072,pss-sign,615,1328457,3570832
rsa-3072,pss-sign,616,1327573,3568456
rsa-3072,pss-sign,617,1328312,3570442
rsa-3072,pss-sign,618,1325677,3563364
rsa-3072,pss-sign,619,1327037,3567014
rsa-3072,pss-sign,620,1326108,3564524
rsa-3072,pss-sign,621,1326374,3565236
rsa-3072,pss-sign,622,1706100,4585938
rsa-3072,pss-sign,623,1324982,3561494
rsa-3072,pss-sign,624,1327660,3568694
rsa-3072,pss-sign,625,1327493,3568246
rsa-3072,pss-sign,626,1326055,3564378
rsa-3072,pss-sign,627,1325332,3562438
rsa-3072,pss-sign,628,1327587,3568500
rsa-3072,pss-sign,629,1326520,3565630
rsa-3072,pss-sign,630,1327835,3569164
rsa-3072,pss-sign,631,1326338,3565138
rsa-3072,pss-sign,632,1326772,3566304
rsa-3072,pss-sign,633,1326044,3564346
rsa-3072,pss-sign,634,1328503,3570932
rsa-3072,pss-sign,635,1325233,3562172
rsa-3072,pss-sign,636,1327486,3568220
rsa-3072,pss-sign,637,1329371,3573288
rsa-3072,pss-sign,638,1327850,3569204
rsa-3072,pss-sign,639,1325410,3562648
rsa-3072,pss-sign,640,1327403,3568000
rsa-3072,pss-sign,641,1325708,3563446
rsa-3072,pss-sign,642,1326971,3566840
rsa-3072,pss-sign,643,1327789,3569040
rsa-3072,pss-sign,644,1324166,3559300
rsa-3072,pss-sign,645,1326841,3566490
rsa-3072,pss-sign,646,1326983,3566868
rsa-3072,pss-sign,647,1326443,3565422
rsa-3072,pss-sign,648,1327278,3567666
rsa-3072,pss-sign,649,1324968,3561454
rsa-3072,pss-sign,650,1325342,3562458
rsa-3072,pss-sign,651,1327157,3567338
rsa-3072,pss-sign,652,1327508,3568282
rsa-3072,pss-sign,653,1325791,3563666
rsa-3072,pss-sign,654,1709566,4595258
rsa-3072,pss-sign,655,1328280,3570358
rsa-3072,pss-sign,656,1326248,3564902
rsa-3072,pss-sign,657,1326039,3564334
rsa-3072,pss-sign,658,1327489,3568234
rsa-3072,pss-sign,659,1327453,3568132
rsa-3072,pss-sign,660,1328517,3570998
rsa-3072,pss-sign,661,1328108,3569894
rsa-3072,pss-sign,662,1326968,3566806
rsa-3072,pss-sign,663,1329629,3573986
rsa-3072,pss-sign,664,1325491,3562860
rsa-3072,pss-sign,665,1325872,3563882
rsa-3072,pss-sign,666,1327342,3567836
rsa-3072,pss-sign,667,1324730,3560814
rsa-3072,pss-sign,668,1327473,3568186
rsa-3072,pss-sign,669,1327957,3569488
rsa-3072,pss-sign,670,1326288,3565006
rsa-3072,pss-sign,671,1326438,3565406
rsa-3072,pss-sign,672,1333309,3583858
rsa-3072,pss-sign,673,1326523,3565634
rsa-3072,pss-sign,674,1326381,3565252
rsa-3072,pss-sign,675,1327187,3567418
rsa-3072,pss-sign,676,1325107,3561828
rsa-3072,pss-sign,677,1325581,3563024
rsa-3072,pss-sign,678,1327484,3568220
rsa-3072,pss-sign,679,1324305,3559672
rsa-3072,pss-sign,680,1325877,3563900
rsa-3072,pss-sign,681,1327191,3567432
rsa-3072,pss-sign,682,1326796,3566372
rsa-3072,pss-sign,683,1324383,3559884
rsa-3072,pss-sign,684,1328277,3570352
rsa-3072,pss-sign,685,1326422,3565368
rsa-3072,pss-sign,686,1704322,4581164
rsa-3072,pss-sign,687,1325446,3562740
rsa-3072,pss-sign,688,1327391,3567970
rsa-3072,pss-sign,689,1327783,3569020
rsa-3072,pss-sign,690,1324975,3561474
rsa-3072,pss-sign,691,1327909,3569360
rsa-3072,pss-sign,692,1328517,3570992
rsa-3072,pss-sign,693,1325400,3562618
rsa-3072,pss-sign,694,1326371,3565218
rsa-3072,pss-sign,695,1324694,3560714
rsa-3072,pss-sign,696,1326483,3565514
rsa-3072,pss-sign,697,1327236,3567550
rsa-3072,pss-sign,698,1326344,3565146
rsa-3072,pss-sign,699,1327228,3567530
rsa-3072,pss-sign,700,1326646,3565960
rsa-3072,pss-sign,701,1325584,3563106
rsa-3072,pss-sign,702,1329306,3573108
rsa-3072,pss-sign,703,1327346,3567840
rsa-3072,pss-sign,704,1329829,3574520
rsa-3072,pss-sign,705,1328303,3570422
rsa-3072,pss-sign,706,1327427,3568056
rsa-3072,pss-sign,707,1327251,3567592
rsa-3072,pss-sign,708,1327216,3567490
rsa-3072,pss-sign,709,1325245,3562188
rsa-3072,pss-sign,710,1325202,3562078
rsa-3072,pss-sign,711,1326426,3565374
rsa-3072,pss-sign,712,1327117,3567226
rsa-3072,pss-sign,713,1326849,3566512
rsa-3072,pss-sign,714,1328912,3572056
rsa-3072,pss-sign,715,1327075,3567122
rsa-3072,pss-sign,716,1326919,3566704
rsa-3072,pss-sign,717,1326818,3566426
rsa-3072,pss-sign,718,1696633,4560492
rsa-3072,pss-sign,719,1327065,3567088
rsa-3072,pss-sign,720,1325308,3562372
rsa-3072,pss-sign,721,1327695,3568782
rsa-3072,pss-sign,722,1328245,3570262
rsa-3072,pss-sign,723,1326469,3565490
rsa-3072,pss-sign,724,1326572,3565772
rsa-3072,pss-sign,725,1328099,3569876
rsa-3072,pss-sign,726,1325725,3563488
rsa-3072,pss-sign,727,1326171,3564692
rsa-3072,pss-sign,728,1327710,3568826
rsa-3072,pss-sign,729,1326830,3566462
rsa-3072,pss-sign,730,1326473,3565502
rsa-3072,pss-sign,731,1327187,3567420
rsa-3072,pss-sign,732,1325816,3563734
rsa-3072,pss-sign,733,1324927,3561344
rsa-3072,pss-sign,734,1326564,3565742
rsa-3072,pss-sign,735,1327000,3566914
rsa-3072,pss-sign,736,1327285,3567684
rsa-3072,pss-sign,737,1327846,3569188
rsa-3072,pss-sign,738,1326189,3564738
rsa-3072,pss-sign,739,1328290,3570388
rsa-3072,pss-sign,740,1327269,3567644
rsa-3072,pss-sign,741,1323532,3557600
rsa-3072,pss-sign,742,1326569,3565758
rsa-3072,pss-sign,743,1328752,3571628
rsa-3072,pss-sign,744,1324736,3560832
rsa-3072,pss-sign,745,1325351,3562488
rsa-3072,pss-sign,746,1326047,3564356
rsa-3072,pss-sign,747,1326380,3565256
rsa-3072,pss-sign,748,1326512,3565604
rsa-3072,pss-sign,749,1326770,3566302
rsa-3072,pss-sign,750,1715475,4611142
rsa-3072,pss-sign,751,1329946,3574840
rsa-3072,pss-sign,752,1325908,3563976
rsa-3072,pss-sign,753,1326069,3564418
rsa-3072,pss-sign,754,1329288,3573066
rsa-3072,pss-sign,755,1344929,3615110
rsa-3072,pss-sign,756,1328420,3570734
rsa-3072,pss-sign,757,1329588,3573880
rsa-3072,pss-sign,758,1327186,3567424
rsa-3072,pss-sign,759,1327752,3568934
rsa-3072,pss-sign,760,1326856,3566530
rsa-3072,pss-sign,761,1342316,3608010
rsa-3072,pss-sign,762,1334731,3587700
rsa-3072,pss-sign,763,1328183,3570100
rsa-3072,pss-sign,764,1327017,3566962
rsa-3072,pss-sign,765,1326354,3565186
rsa-3072,pss-sign,766,1330175,3575452
rsa-3072,pss-sign,767,1325919,3564012
rsa-3072,pss-sign,768,1326324,3565098
rsa-3072,pss-sign,769,1326458,3565462
rsa-3072,pss-sign,770,1327947,3569466
rsa-3072,pss-sign,771,1324335,3559758
rsa-3072,pss-sign,772,1325660,3563312
rsa-3072,pss-sign,773,1328144,3569994
rsa-3072,pss-sign,774,1328594,3571206
rsa-3072,pss-sign,775,1326699,3566104
rsa-3072,pss-sign,776,1328881,3571970
rsa-3072,pss-sign,777,1327413,3568026
rsa-3072,pss-sign,778,1327674,3568730
rsa-3072,pss-sign,779,1327245,3567580
rsa-3072,pss-sign,780,1326876,3566584
rsa-3072,pss-sign,781,1325012,3561570
rsa-3072,pss-sign,782,1698153,4564574
rsa-3072,pss-sign,783,1327526,3568330
rsa-3072,pss-sign,784,1323834,3558406
rsa-3072,pss-sign,785,1327437,3568098
rsa-3072,pss-sign,786,1326492,3565552
rsa-3072,pss-sign,787,1326252,3564912
rsa-3072,pss-sign,788,1326682,3566064
rsa-3072,pss-sign,789,1326510,3565604
rsa-3072,pss-sign,790,1327033,3567002
rsa-3072,pss-sign,791,1327540,3568372
rsa-3072,pss-sign,792,1327580,3568476
rsa-3072,pss-sign,793,1325826,3563762
rsa-3072,pss-sign,794,1327269,3567640
rsa-3072,pss-sign,795,1324940,3561376
rsa-3072,pss-sign,796,1328344,3570532
rsa-3072,pss-sign,797,1324839,3561108
rsa-3072,pss-sign,798,1324496,3560186
rsa-3072,pss-sign,799,1325994,3564214
rsa-3072,pss-sign,800,1326252,3564908
rsa-3072,pss-sign,801,1326605,3565852
rsa-3072,pss-sign,802,1325708,3563448
rsa-3072,pss-sign,803,1326916,3566694
rsa-3072,pss-sign,804,1325656,3563304
rsa-3072,pss-sign,805,1328647,3571350
rsa-3072,pss-sign,806,1327174,3567384
rsa-3072,pss-sign,807,1325574,3563086
rsa-3072,pss-sign,808,1327726,3568868
rsa-3072,pss-sign,809,1324885,3561230
rsa-3072,pss-sign,810,1326769,3566298
rsa-3072,pss-sign,811,1327511,3568296
rsa-3072,pss-sign,812,1326904,3566664
rsa-3072,pss-sign,813,1324284,3559618
rsa-3072,pss-sign,814,1697675,4563290
rsa-3072,pss-sign,815,1330602,3576600
rsa-3072,pss-sign,816,1327752,3568938
rsa-3072,pss-sign,817,1325741,3563528
rsa-3072,pss-sign,818,1327662,3568698
rsa-3072,pss-sign,819,1329052,3572424
rsa-3072,pss-sign,820,1326338,3565140
rsa-3072,pss-sign,821,1330161,3575418
rsa-3072,pss-sign,822,1326834,3566468
rsa-3072,pss-sign,823,1325391,3562592
rsa-3072,pss-sign,824,1326576,3565778
rsa-3072,pss-sign,825,1327282,3567668
rsa-3072,pss-sign,826,1326725,3566182
rsa-3072,pss-sign,827,1326131,3564580
rsa-3072,pss-sign,828,1325750,3563556
rsa-3072,pss-sign,829,1326827,3566452
rsa-3072,pss-sign,830,1327507,3568270
rsa-3072,pss-sign,831,1326176,3564696
rsa-3072,pss-sign,832,1327007,3566938
rsa-3072,pss-sign,833,1327491,3568230
rsa-3072,pss-sign,834,1328053,3569748
rsa-3072,pss-sign,835,1326784,3566336
rsa-3072,pss-sign,836,1325293,3562328
rsa-3072,pss-sign,837,1329015,3572338
rsa-3072,pss-sign,838,1333187,3583516
rsa-3072,pss-sign,839,1332404,3581442
rsa-3072,pss-sign,840,1326361,3565202
rsa-3072,pss-sign,841,1324701,3560738
rsa-3072,pss-sign,842,1326823,3566444
rsa-3072,pss-sign,843,1323877,3558524
rsa-3072,pss-sign,844,1326264,3564942
rsa-3072,pss-sign,845,1327520,3568314
rsa-3072,pss-sign,846,1711063,4599284
rsa-3072,pss-sign,847,1326469,3565492
rsa-3072,pss-sign,848,1328226,3570214
rsa-3072,pss-sign,849,1326155,3564648
rsa-3072,pss-sign,850,1325996,3564220
rsa-3072,pss-sign,851,1326874,3566582
rsa-3072,pss-sign,852,1327600,3568534
rsa-3072,pss-sign,853,1328950,3572158
rsa-3072,pss-sign,854,1326351,3565158
rsa-3072,pss-sign,855,1328090,3569770
rsa-3072,pss-sign,856,1327569,3568408
rsa-3072,pss-sign,857,1325143,3561924
rsa-3072,pss-sign,858,1327057,3567074
rsa-3072,pss-sign,859,1326108,3564520
rsa-3072,pss-sign,860,1325076,3561666
rsa-3072,pss-sign,861,1327884,3569260
rsa-3072,pss-sign,862,1329161,3572730
rsa-3072,pss-sign,863,1346676,3619798
rsa-3072,pss-sign,864,1326434,3565400
rsa-3072,pss-sign,865,1324981,3561492
rsa-3072,pss-sign,866,1327264,3567628
rsa-3072,pss-sign,867,1328963,3572196
rsa-3072,pss-sign,868,1326985,3566880
rsa-3072,pss-sign,869,1325851,3563830
rsa-3072,pss-sign,870,1328140,3569976
rsa-3072,pss-sign,871,1329923,3574770
rsa-3072,pss-sign,872,1326180,3564712
rsa-3072,pss-sign,873,1326395,3565294
rsa-3072,pss-sign,874,1326324,3565098
rsa-3072,pss-sign,875,1325932,3564046
rsa-3072,pss-sign,876,1329063,3572462
rsa-3072,pss-sign,877,1327394,3567978
rsa-3072,pss-sign,878,1707009,4588380
rsa-3072,pss-sign,879,1324148,3559252
rsa-3072,pss-sign,880,1327915,3569324
rsa-3072,pss-sign,881,1325975,3564162
rsa-3072,pss-sign,882,1324539,3560304
rsa-3072,pss-sign,883,1326721,3566136
rsa-3072,pss-sign,884,1329504,3573650
rsa-3072,pss-sign,885,1326899,3566650
rsa-3072,pss-sign,886,1328367,3570590
rsa-3072,pss-sign,887,1327317,3567772
rsa-3072,pss-sign,888,1327172,3567384
rsa-3072,pss-sign,889,1324954,3561420
rsa-3072,pss-sign,890,1325439,3562722
rsa-3072,pss-sign,891,1325242,3562190
rsa-3072,pss-sign,892,1327244,3567570
rsa-3072,pss-sign,893,1326620,3565898
rsa-3072,pss-sign,894,1326082,3564452
rsa-3072,pss-sign,895,1326076,3564434
rsa-3072,pss-sign,896,1328127,3569950
rsa-3072,pss-sign,897,1326129,3564580
rsa-3072,pss-sign,898,1325984,3564186
rsa-3072,pss-sign,899,1325252,3562220
rsa-3072,pss-sign,900,1328706,3571500
rsa-3072,pss-sign,901,1328097,3569868
rsa-3072,pss-sign,902,1327996,3569596
rsa-3072,pss-sign,903,1327513,3568300
rsa-3072,pss-sign,904,1327095,3567174
rsa-3072,pss-sign,905,1326649,3565972
rsa-3072,pss-sign,906,1326479,3565518
rsa-3072,pss-sign,907,1326654,3565984
rsa-3072,pss-sign,908,1326485,3565534
rsa-3072,pss-sign,909,1327862,3569234
rsa-3072,pss-sign,910,1701837,4574476
rsa-3072,pss-sign,911,1326156,3564650
rsa-3072,pss-sign,912,1328509,3570964
rsa-3072,pss-sign,913,1325752,3563560
rsa-3072,pss-sign,914,1326369,3565220
rsa-3072,pss-sign,915,1325462,3562784
rsa-3072,pss-sign,916,1328299,3570402
rsa-3072,pss-sign,917,1327098,3567180
rsa-3072,pss-sign,918,1326368,3565214
rsa-3072,pss-sign,919,1329463,3573538
rsa-3072,pss-sign,920,1326737,3566204
rsa-3072,pss-sign,921,1328474,3570878
rsa-3072,pss-sign,922,1327028,3566996
rsa-3072,pss-sign,923,1327127,3567252
rsa-3072,pss-sign,924,1327279,3567656
rsa-3072,pss-sign,925,1327069,3567092
rsa-3072,pss-sign,926,1326660,3566006
rsa-3072,pss-sign,927,1328328,3570480
rsa-3072,pss-sign,928,1325872,3563882
rsa-3072,pss-sign,929,1327581,3568472
rsa-3072,pss-sign,930,1327127,3567256
rsa-3072,pss-sign,931,1326186,3564732
rsa-3072,pss-sign,932,1326146,3564620
rsa-3072,pss-sign,933,1326250,3564904
rsa-3072,pss-sign,934,1324834,3561092
rsa-3072,pss-sign,935,1328948,3572146
rsa-3072,pss-sign,936,1326476,3565506
rsa-3072,pss-sign,937,1325483,3562836
rsa-3072,pss-sign,938,1325911,3563988
rsa-3072,pss-sign,939,1325193,3562054
rsa-3072,pss-sign,940,1325161,3561974
rsa-3072,pss-sign,941,1329469,3573548
rsa-3072,pss-sign,942,1709554,4595220
rsa-3072,pss-sign,943,1325642,3563270
rsa-3072,pss-sign,944,1327405,3568012
rsa-3072,pss-sign,945,1325668,3563330
rsa-3072,pss-sign,946,1345603,3616916
rsa-3072,pss-sign,947,1326653,3565978
rsa-3072,pss-sign,948,1327559,3568416
rsa-3072,pss-sign,949,1328942,3572124
rsa-3072,pss-sign,950,1326644,3565956
rsa-3072,pss-sign,951,1327287,3567692
rsa-3072,pss-sign,952,1328013,3569642
rsa-3072,pss-sign,953,1327161,3567356
rsa-3072,pss-sign,954,1327721,3568856
rsa-3072,pss-sign,955,1330557,3576478
rsa-3072,pss-sign,956,1326898,3566642
rsa-3072,pss-sign,957,1325586,3563112
rsa-3072,pss-sign,958,1331013,3577698
rsa-3072,pss-sign,959,1326695,3566100
rsa-3072,pss-sign,960,1325364,3562518
rsa-3072,pss-sign,961,1325619,3563206
rsa-3072,pss-sign,962,1326425,3565360
rsa-3072,pss-sign,963,1327147,3567314
rsa-3072,pss-sign,964,1328373,3570600
rsa-3072,pss-sign,965,1326429,3565384
rsa-3072,pss-sign,966,1324877,3561210
rsa-3072,pss-sign,967,1328451,3570816
rsa-3072,pss-sign,968,1327511,3568280
rsa-3072,pss-sign,969,1325539,3562990
rsa-3072,pss-sign,970,1325890,3563926
rsa-3072,pss-sign,971,1325945,3564076
rsa-3072,pss-sign,972,1328825,3571828
rsa-3072,pss-sign,973,1326306,3565054
rsa-3072,pss-sign,974,1702046,4575042
rsa-3072,pss-sign,975,1327926,3569410
rsa-3072,pss-sign,976,1325639,3563262
rsa-3072,pss-sign,977,1325921,3564012
rsa-3072,pss-sign,978,1327700,3568798
rsa-3072,pss-sign,979,1326955,3566796
rsa-3072,pss-sign,980,1326421,3565364
rsa-3072,pss-sign,981,1328430,3570762
rsa-3072,pss-sign,982,1325681,3563372
rsa-3072,pss-sign,983,1326378,3565244
rsa-3072,pss-sign,984,1325691,3563400
rsa-3072,pss-sign,985,1327975,3569536
rsa-3072,pss-sign,986,1327360,3567882
rsa-3072,pss-sign,987,1325199,3562074
rsa-3072,pss-sign,988,1324766,3560912
rsa-3072,pss-sign,989,1325818,3563740
rsa-3072,pss-sign,990,1326652,3565980
rsa-3072,pss-sign,991,1327352,3567860
rsa-3072,pss-sign,992,1325866,3563870
rsa-3072,pss-sign,993,1327923,3569400
rsa-3072,pss-sign,994,1328356,3570548
rsa-3072,pss-sign,995,1326693,3566078
rsa-3072,pss-sign,996,1326461,3565466
rsa-3072,pss-sign,997,1327401,3567996
rsa-3072,pss-sign,998,1325090,3561780
rsa-3072,pss-sign,999,1326062,3564396
rsa-3072,pss-verify,0,29225,78474
rsa-3072,pss-verify,1,29272,78598
rsa-3072,pss-verify,2,29221,78492
rsa-3072,pss-verify,3,29346,78830
rsa-3072,pss-verify,4,29120,78224
rsa-3072,pss-verify,5,29276,78638
rsa-3072,pss-verify,6,29156,78320
rsa-3072,pss-verify,7,29212,78468
rsa-3072,pss-verify,8,29190,78406
rsa-3072,pss-verify,9,29319,78756
rsa-3072,pss-verify,10,29276,78638
rsa-3072,pss-verify,11,29284,78660
rsa-3072,pss-verify,12,29123,78230
rsa-3072,pss-verify,13,29186,78396
rsa-3072,pss-verify,14,29294,78686
rsa-3072,pss-verify,15,30619,82250
rsa-3072,pss-verify,16,29309,78728
rsa-3072,pss-verify,17,29181,78380
rsa-3072,pss-verify,18,29153,78304
rsa-3072,pss-verify,19,29191,78408
rsa-3072,pss-verify,20,29252,78578
rsa-3072,pss-verify,21,29303,78706
rsa-3072,pss-verify,22,29261,78592
rsa-3072,pss-verify,23,29206,78448
rsa-3072,pss-verify,24,29192,78412
rsa-3072,pss-verify,25,29175,78358
rsa-3072,pss-verify,26,29251,78566
rsa-3072,pss-verify,27,29268,78616
rsa-3072,pss-verify,28,29250,78572
rsa-3072,pss-verify,29,29187,78398
rsa-3072,pss-verify,30,29203,78438
rsa-3072,pss-verify,31,29179,78376
rsa-3072,pss-verify,32,29214,78472
rsa-3072,pss-verify,33,29281,78646
rsa-3072,pss-verify,34,29175,78370
rsa-3072,pss-verify,35,29334,78790
rsa-3072,pss-verify,36,29248,78562
rsa-3072,pss-verify,37,29257,78588
rsa-3072,pss-verify,38,29164,78336
rsa-3072,pss-verify,39,29067,78072
rsa-3072,pss-verify,40,29101,78164
rsa-3072,pss-verify,41,29211,78464
rsa-3072,pss-verify,42,29208,78460
rsa-3072,pss-verify,43,29094,78152
rsa-3072,pss-verify,44,29157,78322
rsa-3072,pss-verify,45,29272,78628
rsa-3072,pss-verify,46,29250,78568
rsa-3072,pss-verify,47,29216,78472
rsa-3072,pss-verify,48,30501,81930
rsa-3072,pss-verify,49,29379,78922
rsa-3072,pss-verify,50,29167,78342
rsa-3072,pss-verify,51,29293,78690
rsa-3072,pss-verify,52,29242,78548
rsa-3072,pss-verify,53,29274,78634
rsa-3072,pss-verify,54,29296,78694
rsa-3072,pss-verify,55,29252,78572
rsa-3072,pss-verify,56,29216,78476
rsa-3072,pss-verify,57,29270,78618
rsa-3072,pss-verify,58,29236,78536
rsa-3072,pss-verify,59,29200,78440
rsa-3072,pss-verify,60,29145,78290
rsa-3072,pss-verify,61,29293,78682
rsa-3072,pss-verify,62,29205,78452
rsa-3072,pss-verify,63,29288,78668
rsa-3072,pss-verify,64,29117,78208
rsa-3072,pss-verify,65,29309,78726
rsa-3072,pss-verify,66,29205,78446
rsa-3072,pss-verify,67,29126,78230
rsa-3072,pss-verify,68,29172,78358
rsa-3072,pss-verify,69,29154,78308
rsa-3072,pss-verify,70,29204,78442
rsa-3072,pss-verify,71,29112,78192
rsa-3072,pss-verify,72,29153,78310
rsa-3072,pss-verify,73,29235,78526
rsa-3072,pss-verify,74,29157,78318
rsa-3072,pss-verify,75,29197,78428
rsa-3072,pss-verify,76,29238,78538
rsa-3072,pss-verify,77,29279,78646
rsa-3072,pss-verify,78,29136,78262
rsa-3072,pss-verify,79,29480,79184
rsa-3072,pss-verify,80,29356,78852
rsa-3072,pss-verify,81,29161,78332
rsa-3072,pss-verify,82,30337,81486
rsa-3072,pss-verify,83,29225,78502
rsa-3072,pss-verify,84,29198,78422
rsa-3072,pss-verify,85,29266,78614
rsa-3072,pss-verify,86,29346,78824
rsa-3072,pss-verify,87,29107,78188
rsa-3072,pss-verify,88,29332,78792
rsa-3072,pss-verify,89,29101,78172
rsa-3072,pss-verify,90,29186,78396
rsa-3072,pss-verify,91,29199,78432
rsa-3072,pss-verify,92,29130,78246
rsa-3072,pss-verify,93,29204,78444
rsa-3072,pss-verify,94,29337,78800
rsa-3072,pss-verify,95,29285,78660
rsa-3072,pss-verify,96,29207,78454
rsa-3072,pss-verify,97,29065,78068
rsa-3072,pss-verify,98,29226,78500
rsa-3072,pss-verify,99,29249,78558
rsa-3072,pss-verify,100,29252,78576
rsa-3072,pss-verify,101,29283,78656
rsa-3072,pss-verify,102,29298,78694
rsa-3072,pss-verify,103,29377,78912
rsa-3072,pss-verify,104,29163,78332
rsa-3072,pss-verify,105,29096,78152
rsa-3072,pss-verify,106,29240,78536
rsa-3072,pss-verify,107,29262,78604
rsa-3072,pss-verify,108,29233,78524
rsa-3072,pss-verify,109,29148,78298
rsa-3072,pss-verify,110,29032,77982
rsa-3072,pss-verify,111,29235,78526
rsa-3072,pss-verify,112,29301,78704
rsa-3072,pss-verify,113,29195,78418
rsa-3072,pss-verify,114,29115,78208
rsa-3072,pss-verify,115,29143,78280
rsa-3072,pss-verify,116,31087,83500
rsa-3072,pss-verify,117,29090,78138
rsa-3072,pss-verify,118,29048,78026
rsa-3072,pss-verify,119,29315,78740
rsa-3072,pss-verify,120,29108,78190
rsa-3072,pss-verify,121,29271,78624
rsa-3072,pss-verify,122,29217,78480
rsa-3072,pss-verify,123,29295,78696
rsa-3072,pss-verify,124,29147,78294
rsa-3072,pss-verify,125,29271,78624
rsa-3072,pss-verify,126,29242,78542
rsa-3072,pss-verify,127,29158,78324
rsa-3072,pss-verify,128,29340,78812
rsa-3072,pss-verify,129,29303,78714
rsa-3072,pss-verify,130,29123,78224
rsa-3072,pss-verify,131,29312,78736
rsa-3072,pss-verify,132,29150,78298
rsa-3072,pss-verify,133,29259,78592
rsa-3072,pss-verify,134,29195,78416
rsa-3072,pss-verify,135,29383,78928
rsa-3072,pss-verify,136,29313,78732
rsa-3072,pss-verify,137,29273,78628
rsa-3072,pss-verify,138,29140,78272
rsa-3072,pss-verify,139,29063,78064
rsa-3072,pss-verify,140,29303,78710
rsa-3072,pss-verify,141,29165,78336
rsa-3072,pss-verify,142,29289,78668
rsa-3072,pss-verify,143,29168,78350
rsa-3072,pss-verify,144,29172,78362
rsa-3072,pss-verify,145,29314,78736
rsa-3072,pss-verify,146,29149,78298
rsa-3072,pss-verify,147,29389,78940
rsa-3072,pss-verify,148,29246,78556
rsa-3072,pss-verify,149,30324,81458
rsa-3072,pss-verify,150,29222,78496
rsa-3072,pss-verify,151,29382,78920
rsa-3072,pss-verify,152,29106,78182
rsa-3072,pss-verify,153,29199,78432
rsa-3072,pss-verify,154,29273,78632
rsa-3072,pss-verify,155,29230,78514
rsa-3072,pss-verify,156,29263,78602
rsa-3072,pss-verify,157,29315,78740
rsa-3072,pss-verify,158,29120,78214
rsa-3072,pss-verify,159,29468,79150
rsa-3072,pss-verify,160,29314,78734
rsa-3072,pss-verify,161,29178,78372
rsa-3072,pss-verify,162,29103,78172
rsa-3072,pss-verify,163,29211,78464
rsa-3072,pss-verify,164,29298,78698
rsa-3072,pss-verify,165,29113,78198
rsa-3072,pss-verify,166,29051,78032
rsa-3072,pss-verify,167,29207,78452
rsa-3072,pss-verify,168,29211,78464
rsa-3072,pss-verify,169,29184,78392
rsa-3072,pss-verify,170,29190,78406
rsa-3072,pss-verify,171,29128,78240
rsa-3072,pss-verify,172,29340,78810
rsa-3072,pss-verify,173,29150,78298
rsa-3072,pss-verify,174,29375,78900
rsa-3072,pss-verify,175,29175,78364
rsa-3072,pss-verify,176,29267,78608
rsa-3072,pss-verify,177,29104,78176
rsa-3072,pss-verify,178,29282,78650
rsa-3072,pss-verify,179,29047,78020
rsa-3072,pss-verify,180,29266,78612
rsa-3072,pss-verify,181,29349,78832
rsa-3072,pss-verify,182,29280,78648
rsa-3072,pss-verify,183,30153,80996
rsa-3072,pss-verify,184,29165,78342
rsa-3072,pss-verify,185,29301,78704
rsa-3072,pss-verify,186,29230,78510
rsa-3072,pss-verify,187,29262,78594
rsa-3072,pss-verify,188,29412,79008
rsa-3072,pss-verify,189,29265,78606
rsa-3072,pss-verify,190,29060,78058
rsa-3072,pss-verify,191,29152,78302
rsa-3072,pss-verify,192,29151,78304
rsa-3072,pss-verify,193,29115,78208
rsa-3072,pss-verify,194,29159,78326
rsa-3072,pss-verify,195,29258,78594
rsa-3072,pss-verify,196,29248,78558
rsa-3072,pss-verify,197,29239,78536
rsa-3072,pss-verify,198,29160,78322
rsa-3072,pss-verify,199,29262,78600
rsa-3072,pss-verify,200,29170,78350
rsa-3072,pss-verify,201,29203,78436
rsa-3072,pss-verify,202,29175,78366
rsa-3072,pss-verify,203,29176,78368
rsa-3072,pss-verify,204,29041,78004
rsa-3072,pss-verify,205,29179,78372
rsa-3072,pss-verify,206,29070,78082
rsa-3072,pss-verify,207,29115,78208
rsa-3072,pss-verify,208,29081,78116
rsa-3072,pss-verify,209,29135,78260
rsa-3072,pss-verify,210,29190,78406
rsa-3072,pss-verify,211,29286,78658
rsa-3072,pss-verify,212,29009,77916
rsa-3072,pss-verify,213,29172,78358
rsa-3072,pss-verify,214,29311,78730
rsa-3072,pss-verify,215,29163,78334
rsa-3072,pss-verify,216,29175,78368
rsa-3072,pss-verify,217,30351,81522
rsa-3072,pss-verify,218,29134,78256
rsa-3072,pss-verify,219,29242,78552
rsa-3072,pss-verify,220,29195,78418
rsa-3072,pss-verify,221,29113,78198
rsa-3072,pss-verify,222,29269,78620
rsa-3072,pss-verify,223,29287,78670
rsa-3072,pss-verify,224,29143,78280
rsa-3072,pss-verify,225,29204,78446
rsa-3072,pss-verify,226,29179,78380
rsa-3072,pss-verify,227,29196,78424
rsa-3072,pss-verify,228,29270,78622
rsa-3072,pss-verify,229,29232,78524
rsa-3072,pss-verify,230,29287,78668
rsa-3072,pss-verify,231,29212,78466
rsa-3072,pss-verify,232,29185,78394
rsa-3072,pss-verify,233,29339,78810
rsa-3072,pss-verify,234,29151,78306
rsa-3072,pss-verify,235,29335,78796
rsa-3072,pss-verify,236,29138,78270
rsa-3072,pss-verify,237,29139,78272
rsa-3072,pss-verify,238,29071,78088
rsa-3072,pss-verify,239,29069,78080
rsa-3072,pss-verify,240,29270,78620
rsa-3072,pss-verify,241,29235,78526
rsa-3072,pss-verify,242,29327,78778
rsa-3072,pss-verify,243,29339,78804
rsa-3072,pss-verify,244,29122,78226
rsa-3072,pss-verify,245,29360,78860
rsa-3072,pss-verify,246,29310,78732
rsa-3072,pss-verify,247,29211,78460
rsa-3072,pss-verify,248,29265,78606
rsa-3072,pss-verify,249,29399,78972
rsa-3072,pss-verify,250,29105,78184
rsa-3072,pss-verify,251,36068,96884
rsa-3072,pss-verify,252,30462,81826
rsa-3072,pss-verify,253,30671,82388
rsa-3072,pss-verify,254,30686,82424
rsa-3072,pss-verify,255,30543,82044
rsa-3072,pss-verify,256,31079,83484
rsa-3072,pss-verify,257,29196,78424
rsa-3072,pss-verify,258,29190,78412
rsa-3072,pss-verify,259,29133,78254
rsa-3072,pss-verify,260,29083,78120
rsa-3072,pss-verify,261,29118,78212
rsa-3072,pss-verify,262,29050,78036
rsa-3072,pss-verify,263,29179,78382
rsa-3072,pss-verify,264,29343,78820
rsa-3072,pss-verify,265,29090,78132
rsa-3072,pss-verify,266,29159,78324
rsa-3072,pss-verify,267,30387,81622
rsa-3072,pss-verify,268,30482,81872
rsa-3072,pss-verify,269,30497,81914
rsa-3072,pss-verify,270,30615,82236
rsa-3072,pss-verify,271,30674,82390
rsa-3072,pss-verify,272,29185,78390
rsa-3072,pss-verify,273,29245,78560
rsa-3072,pss-verify,274,29181,78384
rsa-3072,pss-verify,275,29038,77996
rsa-3072,pss-verify,276,29326,78774
rsa-3072,pss-verify,277,29200,78430
rsa-3072,pss-verify,278,29057,78046
rsa-3072,pss-verify,279,29024,77960
rsa-3072,pss-verify,280,29194,78418
rsa-3072,pss-verify,281,29281,78652
rsa-3072,pss-verify,282,29067,78078
rsa-3072,pss-verify,283,29071,78086
rsa-3072,pss-verify,284,31347,84202
rsa-3072,pss-verify,285,29349,78836
rsa-3072,pss-verify,286,29191,78408
rsa-3072,pss-verify,287,29157,78318
rsa-3072,pss-verify,288,29038,78000
rsa-3072,pss-verify,289,29302,78704
rsa-3072,pss-verify,290,29119,78218
rsa-3072,pss-verify,291,29218,78482
rsa-3072,pss-verify,292,29136,78260
rsa-3072,pss-verify,293,29148,78294
rsa-3072,pss-verify,294,29359,78860
rsa-3072,pss-verify,295,29109,78188
rsa-3072,pss-verify,296,29019,77948
rsa-3072,pss-verify,297,29137,78262
rsa-3072,pss-verify,298,29001,77900
rsa-3072,pss-verify,299,29176,78370
rsa-3072,pss-verify,300,29103,78170
rsa-3072,pss-verify,301,29153,78310
rsa-3072,pss-verify,302,29059,78054
rsa-3072,pss-verify,303,29159,78326
rsa-3072,pss-verify,304,29228,78504
rsa-3072,pss-verify,305,29259,78594
rsa-3072,pss-verify,306,29147,78294
rsa-3072,pss-verify,307,29094,78152
rsa-3072,pss-verify,308,29101,78166
rsa-3072,pss-verify,309,29189,78410
rsa-3072,pss-verify,310,29224,78494
rsa-3072,pss-verify,311,29328,78782
rsa-3072,pss-verify,312,29150,78302
rsa-3072,pss-verify,313,29242,78548
rsa-3072,pss-verify,314,29150,78300
rsa-3072,pss-verify,315,29265,78610
rsa-3072,pss-verify,316,29188,78400
rsa-3072,pss-verify,317,29164,78342
rsa-3072,pss-verify,318,30358,81546
rsa-3072,pss-verify,319,29190,78408
rsa-3072,pss-verify,320,29190,78410
rsa-3072,pss-verify,321,29173,78364
rsa-3072,pss-verify,322,29140,78270
rsa-3072,pss-verify,323,29176,78368
rsa-3072,pss-verify,324,29141,78276
rsa-3072,pss-verify,325,29093,78146
rsa-3072,pss-verify,326,29139,78272
rsa-3072,pss-verify,327,29281,78652
rsa-3072,pss-verify,328,29283,78660
rsa-3072,pss-verify,329,29114,78208
rsa-3072,pss-verify,330,29112,78198
rsa-3072,pss-verify,331,29293,78684
rsa-3072,pss-verify,332,29267,78614
rsa-3072,pss-verify,333,29260,78596
rsa-3072,pss-verify,334,29230,78514
rsa-3072,pss-verify,335,29150,78302
rsa-3072,pss-verify,336,28998,77888
rsa-3072,pss-verify,337,29278,78644
rsa-3072,pss-verify,338,29138,78266
rsa-3072,pss-verify,339,29090,78142
rsa-3072,pss-verify,340,29271,78628
rsa-3072,pss-verify,341,29129,78246
rsa-3072,pss-verify,342,29267,78616
rsa-3072,pss-verify,343,29225,78502
rsa-3072,pss-verify,344,29083,78116
rsa-3072,pss-verify,345,29168,78346
rsa-3072,pss-verify,346,29142,78276
rsa-3072,pss-verify,347,29254,78580
rsa-3072,pss-verify,348,29161,78328
rsa-3072,pss-verify,349,29338,78806
rsa-3072,pss-verify,350,29223,78498
rsa-3072,pss-verify,351,30230,81198
rsa-3072,pss-verify,352,29071,78090
rsa-3072,pss-verify,353,29305,78716
rsa-3072,pss-verify,354,29172,78356
rsa-3072,pss-verify,355,29168,78346
rsa-3072,pss-verify,356,29015,77934
rsa-3072,pss-verify,357,29189,78406
rsa-3072,pss-verify,358,29220,78484
rsa-3072,pss-verify,359,29188,78398
rsa-3072,pss-verify,360,29294,78688
rsa-3072,pss-verify,361,29264,78606
rsa-3072,pss-verify,362,29174,78362
rsa-3072,pss-verify,363,29111,78192
rsa-3072,pss-verify,364,29337,78802
rsa-3072,pss-verify,365,29247,78562
rsa-3072,pss-verify,366,29283,78660
rsa-3072,pss-verify,367,29241,78546
rsa-3072,pss-verify,368,29208,78458
rsa-3072,pss-verify,369,28992,77876
rsa-3072,pss-verify,370,29292,78684
rsa-3072,pss-verify,371,29231,78516
rsa-3072,pss-verify,372,29038,78004
rsa-3072,pss-verify,373,29309,78724
rsa-3072,pss-verify,374,29193,78420
rsa-3072,pss-verify,375,29237,78534
rsa-3072,pss-verify,376,29134,78256
rsa-3072,pss-verify,377,29148,78296
rsa-3072,pss-verify,378,29184,78396
rsa-3072,pss-verify,379,29221,78492
rsa-3072,pss-verify,380,29281,78654
rsa-3072,pss-verify,381,29398,78966
rsa-3072,pss-verify,382,29207,78452
rsa-3072,pss-verify,383,29190,78410
rsa-3072,pss-verify,384,29132,78256
rsa-3072,pss-verify,385,30338,81490
rsa-3072,pss-verify,386,29089,78136
rsa-3072,pss-verify,387,29267,78616
rsa-3072,pss-verify,388,29130,78242
rsa-3072,pss-verify,389,29186,78396
rsa-3072,pss-verify,390,29235,78532
rsa-3072,pss-verify,391,29068,78078
rsa-3072,pss-verify,392,29167,78344
rsa-3072,pss-verify,393,29109,78190
rsa-3072,pss-verify,394,29179,78374
rsa-3072,pss-verify,395,29204,78444
rsa-3072,pss-verify,396,29428,79052
rsa-3072,pss-verify,397,29131,78250
rsa-3072,pss-verify,398,29176,78370
rsa-3072,pss-verify,399,29142,78278
rsa-3072,pss-verify,400,29174,78362
rsa-3072,pss-verify,401,29182,78386
rsa-3072,pss-verify,402,29183,78386
rsa-3072,pss-verify,403,29264,78606
rsa-3072,pss-verify,404,29076,78100
rsa-3072,pss-verify,405,29136,78264
rsa-3072,pss-verify,406,29264,78604
rsa-3072,pss-verify,407,29362,78872
rsa-3072,pss-verify,408,29357,78858
rsa-3072,pss-verify,409,29117,78214
rsa-3072,pss-verify,410,29146,78286
rsa-3072,pss-verify,411,29127,78240
rsa-3072,pss-verify,412,29315,78742
rsa-3072,pss-verify,413,29161,78328
rsa-3072,pss-verify,414,29347,78826
rsa-3072,pss-verify,415,29166,78342
rsa-3072,pss-verify,416,29325,78766
rsa-3072,pss-verify,417,29230,78510
rsa-3072,pss-verify,418,29197,78426
rsa-3072,pss-verify,419,30283,81346
rsa-3072,pss-verify,420,29160,78326
rsa-3072,pss-verify,421,29313,78734
rsa-3072,pss-verify,422,29161,78330
rsa-3072,pss-verify,423,29096,78156
rsa-3072,pss-verify,424,29047,78024
rsa-3072,pss-verify,425,29021,77954
rsa-3072,pss-verify,426,29174,78364
rsa-3072,pss-verify,427,29126,78234
rsa-3072,pss-verify,428,29081,78116
rsa-3072,pss-verify,429,29103,78172
rsa-3072,pss-verify,430,29146,78286
rsa-3072,pss-verify,431,29378,78908
rsa-3072,pss-verify,432,29004,77910
rsa-3072,pss-verify,433,29132,78248
rsa-3072,pss-verify,434,29114,78196
rsa-3072,pss-verify,435,29101,78166
rsa-3072,pss-verify,436,29086,78122
rsa-3072,pss-verify,437,29097,78154
rsa-3072,pss-verify,438,29136,78258
rsa-3072,pss-verify,439,29118,78212
rsa-3072,pss-verify,440,29088,78132
rsa-3072,pss-verify,441,29120,78214
rsa-3072,pss-verify,442,29038,77998
rsa-3072,pss-verify,443,29201,78438
rsa-3072,pss-verify,444,29147,78286
rsa-3072,pss-verify,445,29245,78550
rsa-3072,pss-verify,446,29322,78758
rsa-3072,pss-verify,447,29270,78620
rsa-3072,pss-verify,448,29190,78408
rsa-3072,pss-verify,449,29147,78284
rsa-3072,pss-verify,450,29088,78128
rsa-3072,pss-verify,451,29172,78356
rsa-3072,pss-verify,452,29234,78526
rsa-3072,pss-verify,453,30316,81436
rsa-3072,pss-verify,454,29252,78570
rsa-3072,pss-verify,455,29178,78376
rsa-3072,pss-verify,456,28969,77810
rsa-3072,pss-verify,457,29211,78464
rsa-3072,pss-verify,458,29127,78238
rsa-3072,pss-verify,459,29120,78222
rsa-3072,pss-verify,460,29128,78234
rsa-3072,pss-verify,461,29267,78614
rsa-3072,pss-verify,462,29098,78156
rsa-3072,pss-verify,463,29196,78426
rsa-3072,pss-verify,464,29063,78066
rsa-3072,pss-verify,465,29210,78462
rsa-3072,pss-verify,466,29190,78406
rsa-3072,pss-verify,467,29036,77994
rsa-3072,pss-verify,468,29176,78368
rsa-3072,pss-verify,469,29212,78468
rsa-3072,pss-verify,470,29192,78412
rsa-3072,pss-verify,471,29235,78528
rsa-3072,pss-verify,472,29155,78314
rsa-3072,pss-verify,473,29336,78798
rsa-3072,pss-verify,474,29291,78678
rsa-3072,pss-verify,475,29316,78744
rsa-3072,pss-verify,476,29043,78014
rsa-3072,pss-verify,477,29190,78412
rsa-3072,pss-verify,478,29051,78034
rsa-3072,pss-verify,479,29247,78554
rsa-3072,pss-verify,480,29162,78334
rsa-3072,pss-verify,481,29325,78770
rsa-3072,pss-verify,482,29018,77948
rsa-3072,pss-verify,483,29201,78434
rsa-3072,pss-verify,484,28972,77826
rsa-3072,pss-verify,485,29091,78140
rsa-3072,pss-verify,486,29057,78048
rsa-3072,pss-verify,487,30320,81440
rsa-3072,pss-verify,488,29337,78802
rsa-3072,pss-verify,489,29240,78538
rsa-3072,pss-verify,490,29166,78344
rsa-3072,pss-verify,491,29024,77960
rsa-3072,pss-verify,492,29122,78222
rsa-3072,pss-verify,493,29383,78926
rsa-3072,pss-verify,494,29129,78240
rsa-3072,pss-verify,495,29101,78164
rsa-3072,pss-verify,496,29064,78068
rsa-3072,pss-verify,497,29207,78452
rsa-3072,pss-verify,498,29112,78194
rsa-3072,pss-verify,499,29103,78172
rsa-3072,pss-verify,500,29134,78252
rsa-3072,pss-verify,501,29147,78292
rsa-3072,pss-verify,502,29158,78322
rsa-3072,pss-verify,503,29080,78110
rsa-3072,pss-verify,504,29003,77900
rsa-3072,pss-verify,505,29260,78590
rsa-3072,pss-verify,506,29071,78090
rsa-3072,pss-verify,507,29105,78174
rsa-3072,pss-verify,508,29231,78514
rsa-3072,pss-verify,509,29144,78278
rsa-3072,pss-verify,510,29242,78546
rsa-3072,pss-verify,511,29077,78102
rsa-3072,pss-verify,512,29056,78046
rsa-3072,pss-verify,513,29180,78378
rsa-3072,pss-verify,514,29122,78228
rsa-3072,pss-verify,515,29173,78362
rsa-3072,pss-verify,516,29335,78794
rsa-3072,pss-verify,517,29161,78326
rsa-3072,pss-verify,518,29022,77958
rsa-3072,pss-verify,519,29195,78422
rsa-3072,pss-verify,520,30300,81392
rsa-3072,pss-verify,521,29131,78252
rsa-3072,pss-verify,522,29174,78364
rsa-3072,pss-verify,523,29219,78486
rsa-3072,pss-verify,524,29125,78234
rsa-3072,pss-verify,525,29367,78882
rsa-3072,pss-verify,526,29171,78358
rsa-3072,pss-verify,527,29201,78434
rsa-3072,pss-verify,528,29085,78124
rsa-3072,pss-verify,529,29193,78418
rsa-3072,pss-verify,530,29096,78156
rsa-3072,pss-verify,531,29330,78782
rsa-3072,pss-verify,532,29295,78690
rsa-3072,pss-verify,533,29189,78406
rsa-3072,pss-verify,534,29027,77968
rsa-3072,pss-verify,535,29132,78248
rsa-3072,pss-verify,536,29224,78498
rsa-3072,pss-verify,537,29166,78346
rsa-3072,pss-verify,538,29072,78090
rsa-3072,pss-verify,539,29211,78466
rsa-3072,pss-verify,540,29193,78414
rsa-3072,pss-verify,541,29305,78720
rsa-3072,pss-verify,542,29299,78700
rsa-3072,pss-verify,543,29451,79110
rsa-3072,pss-verify,544,29095,78152
rsa-3072,pss-verify,545,29122,78220
rsa-3072,pss-verify,546,29334,78794
rsa-3072,pss-verify,547,29321,78756
rsa-3072,pss-verify,548,29025,77968
rsa-3072,pss-verify,549,29048,78028
rsa-3072,pss-verify,550,29255,78580
rsa-3072,pss-verify,551,29357,78854
rsa-3072,pss-verify,552,29356,78852
rsa-3072,pss-verify,553,29197,78422
rsa-3072,pss-verify,554,30424,81720
rsa-3072,pss-verify,555,29186,78400
rsa-3072,pss-verify,556,29295,78692
rsa-3072,pss-verify,557,29064,78068
rsa-3072,pss-verify,558,29163,78338
rsa-3072,pss-verify,559,29264,78608
rsa-3072,pss-verify,560,29247,78556
rsa-3072,pss-verify,561,29199,78434
rsa-3072,pss-verify,562,29283,78656
rsa-3072,pss-verify,563,29350,78838
rsa-3072,pss-verify,564,29131,78248
rsa-3072,pss-verify,565,29113,78204
rsa-3072,pss-verify,566,29088,78130
rsa-3072,pss-verify,567,29117,78210
rsa-3072,pss-verify,568,29350,78838
rsa-3072,pss-verify,569,29312,78738
rsa-3072,pss-verify,570,29204,78442
rsa-3072,pss-verify,571,29218,78482
rsa-3072,pss-verify,572,29238,78538
rsa-3072,pss-verify,573,29304,78714
rsa-3072,pss-verify,574,29299,78702
rsa-3072,pss-verify,575,29262,78602
rsa-3072,pss-verify,576,29046,78016
rsa-3072,pss-verify,577,29166,78342
rsa-3072,pss-verify,578,29116,78208
rsa-3072,pss-verify,579,29182,78386
rsa-3072,pss-verify,580,29204,78448
rsa-3072,pss-verify,581,29156,78320
rsa-3072,pss-verify,582,29303,78708
rsa-3072,pss-verify,583,29069,78082
rsa-3072,pss-verify,584,29118,78216
rsa-3072,pss-verify,585,29111,78198
rsa-3072,pss-verify,586,29136,78264
rsa-3072,pss-verify,587,29174,78368
rsa-3072,pss-verify,588,30401,81658
rsa-3072,pss-verify,589,29380,78918
rsa-3072,pss-verify,590,29147,78290
rsa-3072,pss-verify,591,29364,78874
rsa-3072,pss-verify,592,29177,78370
rsa-3072,pss-verify,593,29197,78426
rsa-3072,pss-verify,594,29090,78138
rsa-3072,pss-verify,595,29161,78330
rsa-3072,pss-verify,596,29195,78420
rsa-3072,pss-verify,597,29188,78400
rsa-3072,pss-verify,598,28998,77892
rsa-3072,pss-verify,599,29416,79014
rsa-3072,pss-verify,600,29287,78666
rsa-3072,pss-verify,601,29330,78782
rsa-3072,pss-verify,602,29208,78458
rsa-3072,pss-verify,603,28985,77856
rsa-3072,pss-verify,604,29029,77978
rsa-3072,pss-verify,605,29070,78086
rsa-3072,pss-verify,606,29199,78432
rsa-3072,pss-verify,607,29195,78416
rsa-3072,pss-verify,608,29193,78414
rsa-3072,pss-verify,609,29096,78152
rsa-3072,pss-verify,610,29228,78512
rsa-3072,pss-verify,611,29060,78056
rsa-3072,pss-verify,612,29326,78770
rsa-3072,pss-verify,613,29131,78250
rsa-3072,pss-verify,614,29158,78320
rsa-3072,pss-verify,615,29267,78616
rsa-3072,pss-verify,616,29041,78006
rsa-3072,pss-verify,617,29275,78636
rsa-3072,pss-verify,618,29143,78276
rsa-3072,pss-verify,619,29099,78164
rsa-3072,pss-verify,620,28938,77728
rsa-3072,pss-verify,621,29045,78018
rsa-3072,pss-verify,622,30191,81098
rsa-3072,pss-verify,623,29069,78078
rsa-3072,pss-verify,624,29201,78438
rsa-3072,pss-verify,625,29044,78012
rsa-3072,pss-verify,626,29118,78206
rsa-3072,pss-verify,627,29160,78328
rsa-3072,pss-verify,628,29113,78196
rsa-3072,pss-verify,629,29306,78720
rsa-3072,pss-verify,630,29063,78068
rsa-3072,pss-verify,631,29334,78796
rsa-3072,pss-verify,632,29197,78424
rsa-3072,pss-verify,633,29163,78336
rsa-3072,pss-verify,634,29196,78420
rsa-3072,pss-verify,635,29250,78570
rsa-3072,pss-verify,636,28977,77834
rsa-3072,pss-verify,637,29235,78528
rsa-3072,pss-verify,638,29086,78124
rsa-3072,pss-verify,639,29195,78422
rsa-3072,pss-verify,640,29127,78234
rsa-3072,pss-verify,641,29096,78154
rsa-3072,pss-verify,642,29211,78464
rsa-3072,pss-verify,643,28974,77826
rsa-3072,pss-verify,644,29212,78468
rsa-3072,pss-verify,645,29139,78266
rsa-3072,pss-verify,646,29298,78696
rsa-3072,pss-verify,647,29023,77956
rsa-3072,pss-verify,648,29098,78156
rsa-3072,pss-verify,649,29212,78462
rsa-3072,pss-verify,650,29137,78262
rsa-3072,pss-verify,651,29082,78110
rsa-3072,pss-verify,652,29269,78620
rsa-3072,pss-verify,653,29046,78016
rsa-3072,pss-verify,654,28945,77750
rsa-3072,pss-verify,655,29052,78032
rsa-3072,pss-verify,656,30213,81160
rsa-3072,pss-verify,657,29187,78400
rsa-3072,pss-verify,658,29027,77966
rsa-3072,pss-verify,659,29169,78348
rsa-3072,pss-verify,660,29007,77912
rsa-3072,pss-verify,661,29113,78200
rsa-3072,pss-verify,662,29139,78266
rsa-3072,pss-verify,663,29214,78472
rsa-3072,pss-verify,664,29196,78422
rsa-3072,pss-verify,665,29160,78322
rsa-3072,pss-verify,666,29011,77924
rsa-3072,pss-verify,667,29107,78184
rsa-3072,pss-verify,668,29190,78406
rsa-3072,pss-verify,669,29108,78184
rsa-3072,pss-verify,670,29254,78576
rsa-3072,pss-verify,671,29145,78284
rsa-3072,pss-verify,672,29136,78260
rsa-3072,pss-verify,673,29265,78606
rsa-3072,pss-verify,674,29152,78306
rsa-3072,pss-verify,675,29206,78446
rsa-3072,pss-verify,676,29016,77942
rsa-3072,pss-verify,677,29374,78904
rsa-3072,pss-verify,678,29026,77966
rsa-3072,pss-verify,679,29296,78690
rsa-3072,pss-verify,680,29165,78336
rsa-3072,pss-verify,681,29221,78486
rsa-3072,pss-verify,682,29109,78190
rsa-3072,pss-verify,683,29221,78492
rsa-3072,pss-verify,684,29087,78130
rsa-3072,pss-verify,685,29136,78262
rsa-3072,pss-verify,686,29201,78436
rsa-3072,pss-verify,687,29237,78530
rsa-3072,pss-verify,688,29346,78824
rsa-3072,pss-verify,689,30250,81254
rsa-3072,pss-verify,690,29145,78284
rsa-3072,pss-verify,691,29209,78454
rsa-3072,pss-verify,692,29189,78404
rsa-3072,pss-verify,693,29182,78384
rsa-3072,pss-verify,694,29102,78172
rsa-3072,pss-verify,695,29194,78416
rsa-3072,pss-verify,696,29228,78510
rsa-3072,pss-verify,697,29166,78340
rsa-3072,pss-verify,698,29107,78186
rsa-3072,pss-verify,699,29238,78536
rsa-3072,pss-verify,700,29177,78374
rsa-3072,pss-verify,701,29106,78182
rsa-3072,pss-verify,702,28991,77872
rsa-3072,pss-verify,703,29423,79030
rsa-3072,pss-verify,704,29327,78772
rsa-3072,pss-verify,705,29115,78202
rsa-3072,pss-verify,706,29276,78636
rsa-3072,pss-verify,707,29250,78570
rsa-3072,pss-verify,708,29242,78542
rsa-3072,pss-verify,709,29129,78240
rsa-3072,pss-verify,710,29213,78466
rsa-3072,pss-verify,711,29353,78844
rsa-3072,pss-verify,712,29177,78368
rsa-3072,pss-verify,713,29215,78472
rsa-3072,pss-verify,714,29116,78206
rsa-3072,pss-verify,715,29216,78476
rsa-3072,pss-verify,716,29114,78200
rsa-3072,pss-verify,717,29190,78402
rsa-3072,pss-verify,718,29312,78732
rsa-3072,pss-verify,719,29235,78526
rsa-3072,pss-verify,720,29134,78252
rsa-3072,pss-verify,721,29174,78360
rsa-3072,pss-verify,722,29003,77902
rsa-3072,pss-verify,723,30379,81598
rsa-3072,pss-verify,724,29140,78274
rsa-3072,pss-verify,725,29075,78100
rsa-3072,pss-verify,726,28959,77786
rsa-3072,pss-verify,727,29099,78158
rsa-3072,pss-verify,728,29032,77978
rsa-3072,pss-verify,729,29153,78308
rsa-3072,pss-verify,730,29286,78668
rsa-3072,pss-verify,731,29192,78414
rsa-3072,pss-verify,732,29065,78068
rsa-3072,pss-verify,733,29299,78702
rsa-3072,pss-verify,734,29232,78516
rsa-3072,pss-verify,735,29051,78038
rsa-3072,pss-verify,736,29247,78564
rsa-3072,pss-verify,737,29262,78596
rsa-3072,pss-verify,738,29326,78774
rsa-3072,pss-verify,739,29067,78074
rsa-3072,pss-verify,740,29257,78590
rsa-3072,pss-verify,741,29275,78634
rsa-3072,pss-verify,742,29139,78266
rsa-3072,pss-verify,743,29176,78370
rsa-3072,pss-verify,744,29265,78604
rsa-3072,pss-verify,745,29320,78758
rsa-3072,pss-verify,746,29025,77962
rsa-3072,pss-verify,747,29271,78626
rsa-3072,pss-verify,748,29180,78384
rsa-3072,pss-verify,749,29159,78328
rsa-3072,pss-verify,750,29184,78390
rsa-3072,pss-verify,751,29117,78214
rsa-3072,pss-verify,752,29060,78054
rsa-3072,pss-verify,753,29143,78282
rsa-3072,pss-verify,754,29243,78552
rsa-3072,pss-verify,755,29132,78252
rsa-3072,pss-verify,756,29137,78270
rsa-3072,pss-verify,757,30282,81342
rsa-3072,pss-verify,758,29293,78684
rsa-3072,pss-verify,759,29242,78544
rsa-3072,pss-verify,760,29351,78840
rsa-3072,pss-verify,761,29142,78280
rsa-3072,pss-verify,762,29398,78962
rsa-3072,pss-verify,763,29454,79114
rsa-3072,pss-verify,764,29116,78204
rsa-3072,pss-verify,765,29235,78530
rsa-3072,pss-verify,766,29086,78124
rsa-3072,pss-verify,767,29255,78586
rsa-3072,pss-verify,768,29115,78204
rsa-3072,pss-verify,769,29338,78808
rsa-3072,pss-verify,770,29179,78372
rsa-3072,pss-verify,771,29070,78088
rsa-3072,pss-verify,772,29155,78312
rsa-3072,pss-verify,773,29352,78844
rsa-3072,pss-verify,774,29142,78276
rsa-3072,pss-verify,775,29116,78206
rsa-3072,pss-verify,776,29113,78198
rsa-3072,pss-verify,777,29139,78264
rsa-3072,pss-verify,778,29191,78404
rsa-3072,pss-verify,779,29169,78346
rsa-3072,pss-verify,780,29236,78528
rsa-3072,pss-verify,781,29196,78420
rsa-3072,pss-verify,782,29215,78468
rsa-3072,pss-verify,783,28993,77878
rsa-3072,pss-verify,784,29060,78054
rsa-3072,pss-verify,785,29183,78390
rsa-3072,pss-verify,786,29073,78092
rsa-3072,pss-verify,787,29192,78408
rsa-3072,pss-verify,788,29466,79144
rsa-3072,pss-verify,789,29149,78294
rsa-3072,pss-verify,790,29109,78188
rsa-3072,pss-verify,791,30233,81212
rsa-3072,pss-verify,792,29132,78252
rsa-3072,pss-verify,793,29329,78778
rsa-3072,pss-verify,794,29286,78664
rsa-3072,pss-verify,795,29341,78810
rsa-3072,pss-verify,796,29281,78654
rsa-3072,pss-verify,797,29330,78784
rsa-3072,pss-verify,798,29040,78002
rsa-3072,pss-verify,799,29407,78992
rsa-3072,pss-verify,800,29357,78856
rsa-3072,pss-verify,801,29305,78718
rsa-3072,pss-verify,802,29055,78046
rsa-3072,pss-verify,803,29215,78476
rsa-3072,pss-verify,804,29283,78658
rsa-3072,pss-verify,805,29185,78396
rsa-3072,pss-verify,806,29025,77964
rsa-3072,pss-verify,807,29250,78572
rsa-3072,pss-verify,808,29132,78254
rsa-3072,pss-verify,809,29148,78296
rsa-3072,pss-verify,810,29144,78286
rsa-3072,pss-verify,811,28965,77806
rsa-3072,pss-verify,812,29213,78464
rsa-3072,pss-verify,813,29383,78928
rsa-3072,pss-verify,814,29347,78826
rsa-3072,pss-verify,815,29184,78394
rsa-3072,pss-verify,816,29208,78452
rsa-3072,pss-verify,817,29127,78236
rsa-3072,pss-verify,818,29159,78326
rsa-3072,pss-verify,819,29148,78298
rsa-3072,pss-verify,820,29215,78476
rsa-3072,pss-verify,821,29174,78366
rsa-3072,pss-verify,822,29201,78438
rsa-3072,pss-verify,823,29097,78160
rsa-3072,pss-verify,824,30252,81258
rsa-3072,pss-verify,825,29251,78572
rsa-3072,pss-verify,826,29113,78200
rsa-3072,pss-verify,827,29139,78266
rsa-3072,pss-verify,828,29005,77910
rsa-3072,pss-verify,829,29165,78340
rsa-3072,pss-verify,830,29177,78370
rsa-3072,pss-verify,831,29133,78256
rsa-3072,pss-verify,832,29150,78298
rsa-3072,pss-verify,833,29082,78114
rsa-3072,pss-verify,834,29216,78474
rsa-3072,pss-verify,835,29020,77948
rsa-3072,pss-verify,836,29146,78288
rsa-3072,pss-verify,837,29226,78502
rsa-3072,pss-verify,838,29032,77978
rsa-3072,pss-verify,839,29192,78410
rsa-3072,pss-verify,840,29289,78672
rsa-3072,pss-verify,841,29229,78514
rsa-3072,pss-verify,842,29160,78322
rsa-3072,pss-verify,843,29179,78378
rsa-3072,pss-verify,844,29002,77904
rsa-3072,pss-verify,845,29286,78662
rsa-3072,pss-verify,846,29245,78548
rsa-3072,pss-verify,847,29266,78606
rsa-3072,pss-verify,848,29165,78340
rsa-3072,pss-verify,849,29114,78208
rsa-3072,pss-verify,850,29179,78380
rsa-3072,pss-verify,851,29132,78250
rsa-3072,pss-verify,852,29231,78520
rsa-3072,pss-verify,853,29192,78410
rsa-3072,pss-verify,854,29096,78154
rsa-3072,pss-verify,855,29225,78498
rsa-3072,pss-verify,856,29197,78428
rsa-3072,pss-verify,857,29099,78160
rsa-3072,pss-verify,858,30241,81236
rsa-3072,pss-verify,859,29185,78396
rsa-3072,pss-verify,860,29226,78506
rsa-3072,pss-verify,861,29313,78740
rsa-3072,pss-verify,862,29133,78258
rsa-3072,pss-verify,863,29301,78706
rsa-3072,pss-verify,864,29298,78700
rsa-3072,pss-verify,865,29074,78096
rsa-3072,pss-verify,866,29166,78344
rsa-3072,pss-verify,867,29137,78266
rsa-3072,pss-verify,868,29113,78200
rsa-3072,pss-verify,869,29219,78488
rsa-3072,pss-verify,870,29045,78018
rsa-3072,pss-verify,871,29262,78606
rsa-3072,pss-verify,872,29253,78576
rsa-3072,pss-verify,873,29047,78024
rsa-3072,pss-verify,874,29189,78408
rsa-3072,pss-verify,875,29298,78700
rsa-3072,pss-verify,876,29141,78278
rsa-3072,pss-verify,877,29065,78072
rsa-3072,pss-verify,878,29268,78618
rsa-3072,pss-verify,879,29289,78672
rsa-3072,pss-verify,880,29177,78372
rsa-3072,pss-verify,881,29260,78596
rsa-3072,pss-verify,882,29274,78636
rsa-3072,pss-verify,883,29276,78638
rsa-3072,pss-verify,884,29172,78358
rsa-3072,pss-verify,885,29141,78280
rsa-3072,pss-verify,886,29175,78368
rsa-3072,pss-verify,887,29413,79008
rsa-3072,pss-verify,888,29227,78508
rsa-3072,pss-verify,889,29316,78744
rsa-3072,pss-verify,890,29189,78404
rsa-3072,pss-verify,891,29318,78750
rsa-3072,pss-verify,892,30089,80826
rsa-3072,pss-verify,893,29078,78110
rsa-3072,pss-verify,894,29017,77940
rsa-3072,pss-verify,895,29082,78120
rsa-3072,pss-verify,896,29080,78110
rsa-3072,pss-verify,897,29172,78358
rsa-3072,pss-verify,898,28946,77750
rsa-3072,pss-verify,899,29112,78194
rsa-3072,pss-verify,900,29276,78638
rsa-3072,pss-verify,901,29336,78800
rsa-3072,pss-verify,902,29227,78508
rsa-3072,pss-verify,903,29177,78376
rsa-3072,pss-verify,904,29131,78246
rsa-3072,pss-verify,905,29314,78740
rsa-3072,pss-verify,906,29322,78764
rsa-3072,pss-verify,907,29080,78112
rsa-3072,pss-verify,908,29078,78104
rsa-3072,pss-verify,909,29207,78456
rsa-3072,pss-verify,910,29035,77994
rsa-3072,pss-verify,911,29266,78608
rsa-3072,pss-verify,912,29194,78416
rsa-3072,pss-verify,913,29159,78324
rsa-3072,pss-verify,914,29133,78250
rsa-3072,pss-verify,915,29122,78222
rsa-3072,pss-verify,916,29231,78512
rsa-3072,pss-verify,917,29121,78220
rsa-3072,pss-verify,918,29181,78384
rsa-3072,pss-verify,919,29338,78808
rsa-3072,pss-verify,920,29253,78576
rsa-3072,pss-verify,921,29283,78572
rsa-3072,pss-verify,922,29127,78238
rsa-3072,pss-verify,923,29314,78736
rsa-3072,pss-verify,924,29216,78476
rsa-3072,pss-verify,925,29361,78864
rsa-3072,pss-verify,926,30450,81792
rsa-3072,pss-verify,927,29236,78528
rsa-3072,pss-verify,928,29313,78734
rsa-3072,pss-verify,929,29180,78380
rsa-3072,pss-verify,930,29171,78356
rsa-3072,pss-verify,931,29108,78186
rsa-3072,pss-verify,932,29097,78158
rsa-3072,pss-verify,933,29226,78498
rsa-3072,pss-verify,934,29215,78470
rsa-3072,pss-verify,935,29216,78370
rsa-3072,pss-verify,936,29153,78310
rsa-3072,pss-verify,937,29141,78272
rsa-3072,pss-verify,938,29094,78144
rsa-3072,pss-verify,939,29132,78254
rsa-3072,pss-verify,940,29174,78358
rsa-3072,pss-verify,941,29311,78726
rsa-3072,pss-verify,942,29094,78148
rsa-3072,pss-verify,943,29200,78432
rsa-3072,pss-verify,944,29185,78390
rsa-3072,pss-verify,945,29063,78062
rsa-3072,pss-verify,946,29225,78500
rsa-3072,pss-verify,947,29032,77982
rsa-3072,pss-verify,948,29034,77984
rsa-3072,pss-verify,949,29313,78734
rsa-3072,pss-verify,950,28966,77804
rsa-3072,pss-verify,951,29296,78696
rsa-3072,pss-verify,952,29139,78268
rsa-3072,pss-verify,953,29280,78652
rsa-3072,pss-verify,954,29123,78226
rsa-3072,pss-verify,955,29191,78410
rsa-3072,pss-verify,956,28951,77762
rsa-3072,pss-verify,957,29277,78636
rsa-3072,pss-verify,958,29110,78190
rsa-3072,pss-verify,959,30439,81766
rsa-3072,pss-verify,960,29361,78786
rsa-3072,pss-verify,961,29671,79702
rsa-3072,pss-verify,962,30549,82054
rsa-3072,pss-verify,963,30537,82024
rsa-3072,pss-verify,964,31596,84870
rsa-3072,pss-verify,965,29290,78678
rsa-3072,pss-verify,966,28995,77882
rsa-3072,pss-verify,967,29105,78178
rsa-3072,pss-verify,968,29162,78328
rsa-3072,pss-verify,969,29152,78302
rsa-3072,pss-verify,970,29151,78300
rsa-3072,pss-verify,971,29150,78300
rsa-3072,pss-verify,972,29331,78788
rsa-3072,pss-verify,973,29282,78652
rsa-3072,pss-verify,974,29078,78104
rsa-3072,pss-verify,975,29205,78446
rsa-3072,pss-verify,976,29225,78498
rsa-3072,pss-verify,977,29176,78372
rsa-3072,pss-verify,978,29250,78566
rsa-3072,pss-verify,979,29228,78508
rsa-3072,pss-verify,980,29359,78860
rsa-3072,pss-verify,981,29381,78918
rsa-3072,pss-verify,982,29320,78754
rsa-3072,pss-verify,983,29014,77930
rsa-3072,pss-verify,984,29132,78252
rsa-3072,pss-verify,985,29349,78836
rsa-3072,pss-verify,986,29245,78556
rsa-3072,pss-verify,987,29294,78688
rsa-3072,pss-verify,988,29129,78246
rsa-3072,pss-verify,989,29207,78452
rsa-3072,pss-verify,990,29079,78106
rsa-3072,pss-verify,991,29201,78434
rsa-3072,pss-verify,992,29101,78166
rsa-3072,pss-verify,993,30512,81952
rsa-3072,pss-verify,994,28987,77864
rsa-3072,pss-verify,995,29293,78684
rsa-3072,pss-verify,996,29167,78346
rsa-3072,pss-verify,997,29091,78144
rsa-3072,pss-verify,998,29234,78524
rsa-3072,pss-verify,999,29291,78684
rsa-3072,oaep-encrypt,0,29718,79794
rsa-3072,oaep-encrypt,1,29632,79596
rsa-3072,oaep-encrypt,2,29601,79514
rsa-3072,oaep-encrypt,3,29859,80200
rsa-3072,oaep-encrypt,4,29918,80364
rsa-3072,oaep-encrypt,5,29648,79638
rsa-3072,oaep-encrypt,6,29806,80058
rsa-3072,oaep-encrypt,7,30702,82436
rsa-3072,oaep-encrypt,8,29732,79868
rsa-3072,oaep-encrypt,9,29527,79314
rsa-3072,oaep-encrypt,10,29874,80250
rsa-3072,oaep-encrypt,11,29737,79878
rsa-3072,oaep-encrypt,12,29884,80276
rsa-3072,oaep-encrypt,13,29644,79632
rsa-3072,oaep-encrypt,14,29801,80050
rsa-3072,oaep-encrypt,15,29710,79804
rsa-3072,oaep-encrypt,16,29771,79972
rsa-3072,oaep-encrypt,17,29775,79984
rsa-3072,oaep-encrypt,18,29678,79722
rsa-3072,oaep-encrypt,19,29840,80156
rsa-3072,oaep-encrypt,20,29654,79658
rsa-3072,oaep-encrypt,21,29719,79832
rsa-3072,oaep-encrypt,22,29800,80050
rsa-3072,oaep-encrypt,23,29788,80014
rsa-3072,oaep-encrypt,24,29555,79390
rsa-3072,oaep-encrypt,25,29747,79908
rsa-3072,oaep-encrypt,26,29852,80186
rsa-3072,oaep-encrypt,27,29938,80420
rsa-3072,oaep-encrypt,28,29581,79460
rsa-3072,oaep-encrypt,29,29852,80186
rsa-3072,oaep-encrypt,30,29732,79864
rsa-3072,oaep-encrypt,31,29739,79886
rsa-3072,oaep-encrypt,32,29564,79414
rsa-3072,oaep-encrypt,33,29716,79826
rsa-3072,oaep-encrypt,34,29715,79818
rsa-3072,oaep-encrypt,35,29717,79828
rsa-3072,oaep-encrypt,36,29871,80240
rsa-3072,oaep-encrypt,37,29588,79478
rsa-3072,oaep-encrypt,38,29616,79552
rsa-3072,oaep-encrypt,39,29783,80004
rsa-3072,oaep-encrypt,40,29823,80110
rsa-3072,oaep-encrypt,41,30936,83102
rsa-3072,oaep-encrypt,42,30116,80898
rsa-3072,oaep-encrypt,43,29870,80236
rsa-3072,oaep-encrypt,44,29645,79632
rsa-3072,oaep-encrypt,45,29722,79834
rsa-3072,oaep-encrypt,46,29730,79860
rsa-3072,oaep-encrypt,47,29745,79902
rsa-3072,oaep-encrypt,48,29819,80100
rsa-3072,oaep-encrypt,49,29798,80040
rsa-3072,oaep-encrypt,50,29853,80190
rsa-3072,oaep-encrypt,51,29705,79794
rsa-3072,oaep-encrypt,52,29798,80046
rsa-3072,oaep-encrypt,53,29826,80118
rsa-3072,oaep-encrypt,54,29667,79688
rsa-3072,oaep-encrypt,55,29805,80064
rsa-3072,oaep-encrypt,56,29778,79992
rsa-3072,oaep-encrypt,57,29660,79670
rsa-3072,oaep-encrypt,58,29840,80156
rsa-3072,oaep-encrypt,59,29832,80134
rsa-3072,oaep-encrypt,60,29754,79924
rsa-3072,oaep-encrypt,61,29943,80436
rsa-3072,oaep-encrypt,62,29730,79860
rsa-3072,oaep-encrypt,63,29742,79890
rsa-3072,oaep-encrypt,64,29538,79346
rsa-3072,oaep-encrypt,65,29792,80028
rsa-3072,oaep-encrypt,66,29811,80080
rsa-3072,oaep-encrypt,67,29593,79490
rsa-3072,oaep-encrypt,68,29782,79998
rsa-3072,oaep-encrypt,69,29752,79920
rsa-3072,oaep-encrypt,70,29835,80142
rsa-3072,oaep-encrypt,71,29850,80184
rsa-3072,oaep-encrypt,72,29798,80046
rsa-3072,oaep-encrypt,73,29709,79804
rsa-3072,oaep-encrypt,74,30922,83066
rsa-3072,oaep-encrypt,75,29884,80274
rsa-3072,oaep-encrypt,76,29753,79924
rsa-3072,oaep-encrypt,77,29841,80160
rsa-3072,oaep-encrypt,78,29820,80102
rsa-3072,oaep-encrypt,79,29678,79720
rsa-3072,oaep-encrypt,80,29825,80118
rsa-3072,oaep-encrypt,81,29704,79790
rsa-3072,oaep-encrypt,82,29856,80198
rsa-3072,oaep-encrypt,83,29803,80058
rsa-3072,oaep-encrypt,84,29598,79504
rsa-3072,oaep-encrypt,85,29694,79762
rsa-3072,oaep-encrypt,86,29729,79860
rsa-3072,oaep-encrypt,87,29815,80092
rsa-3072,oaep-encrypt,88,29650,79646
rsa-3072,oaep-encrypt,89,29717,79824
rsa-3072,oaep-encrypt,90,29789,80018
rsa-3072,oaep-encrypt,91,29898,80312
rsa-3072,oaep-encrypt,92,29846,80174
rsa-3072,oaep-encrypt,93,29802,80050
rsa-3072,oaep-encrypt,94,29746,79904
rsa-3072,oaep-encrypt,95,29654,79654
rsa-3072,oaep-encrypt,96,29674,79710
rsa-3072,oaep-encrypt,97,29802,80056
rsa-3072,oaep-encrypt,98,30011,80616
rsa-3072,oaep-encrypt,99,29776,79986
rsa-3072,oaep-encrypt,100,29756,79930
rsa-3072,oaep-encrypt,101,29734,79874
rsa-3072,oaep-encrypt,102,29834,80142
rsa-3072,oaep-encrypt,103,29598,79506
rsa-3072,oaep-encrypt,104,29676,79718
rsa-3072,oaep-encrypt,105,29692,79760
rsa-3072,oaep-encrypt,106,29791,80028
rsa-3072,oaep-encrypt,107,30797,82724
rsa-3072,oaep-encrypt,108,29812,80080
rsa-3072,oaep-encrypt,109,29838,80152
rsa-3072,oaep-encrypt,110,29768,79962
rsa-3072,oaep-encrypt,111,29796,80038
rsa-3072,oaep-encrypt,112,29721,79832
rsa-3072,oaep-encrypt,113,29756,79930
rsa-3072,oaep-encrypt,114,29758,79936
rsa-3072,oaep-encrypt,115,29732,79868
rsa-3072,oaep-encrypt,116,29719,79828
rsa-3072,oaep-encrypt,117,29810,80076
rsa-3072,oaep-encrypt,118,29697,79772
rsa-3072,oaep-encrypt,119,29806,80064
rsa-3072,oaep-encrypt,120,29723,79838
rsa-3072,oaep-encrypt,121,29956,80466
rsa-3072,oaep-encrypt,122,29718,79824
rsa-3072,oaep-encrypt,123,29823,80112
rsa-3072,oaep-encrypt,124,29712,79814
rsa-3072,oaep-encrypt,125,29658,79668
rsa-3072,oaep-encrypt,126,29826,80118
rsa-3072,oaep-encrypt,127,29782,80000
rsa-3072,oaep-encrypt,128,29772,79974
rsa-3072,oaep-encrypt,129,29708,79800
rsa-3072,oaep-encrypt,130,29711,79810
rsa-3072,oaep-encrypt,131,29719,79828
rsa-3072,oaep-encrypt,132,29738,79878
rsa-3072,oaep-encrypt,133,29682,79734
rsa-3072,oaep-encrypt,134,29764,79950
rsa-3072,oaep-encrypt,135,29771,79968
rsa-3072,oaep-encrypt,136,29847,80178
rsa-3072,oaep-encrypt,137,29714,79820
rsa-3072,oaep-encrypt,138,29834,80142
rsa-3072,oaep-encrypt,139,29750,79910
rsa-3072,oaep-encrypt,140,30798,82732
rsa-3072,oaep-encrypt,141,29832,80136
rsa-3072,oaep-encrypt,142,29743,79898
rsa-3072,oaep-encrypt,143,29829,80124
rsa-3072,oaep-encrypt,144,29678,79718
rsa-3072,oaep-encrypt,145,29779,79992
rsa-3072,oaep-encrypt,146,29723,79838
rsa-3072,oaep-encrypt,147,29723,79842
rsa-3072,oaep-encrypt,148,29825,80112
rsa-3072,oaep-encrypt,149,29902,80322
rsa-3072,oaep-encrypt,150,29668,79694
rsa-3072,oaep-encrypt,151,29805,80060
rsa-3072,oaep-encrypt,152,29922,80376
rsa-3072,oaep-encrypt,153,29667,79688
rsa-3072,oaep-encrypt,154,29875,80250
rsa-3072,oaep-encrypt,155,29829,80126
rsa-3072,oaep-encrypt,156,29803,80058
rsa-3072,oaep-encrypt,157,29623,79570
rsa-3072,oaep-encrypt,158,29815,80090
rsa-3072,oaep-encrypt,159,29789,80020
rsa-3072,oaep-encrypt,160,29892,80296
rsa-3072,oaep-encrypt,161,29916,80360
rsa-3072,oaep-encrypt,162,29699,79778
rsa-3072,oaep-encrypt,163,29684,79732
rsa-3072,oaep-encrypt,164,29611,79540
rsa-3072,oaep-encrypt,165,29909,80344
rsa-3072,oaep-encrypt,166,29812,80078
rsa-3072,oaep-encrypt,167,29717,79828
rsa-3072,oaep-encrypt,168,29698,79770
rsa-3072,oaep-encrypt,169,29856,80202
rsa-3072,oaep-encrypt,170,29724,79844
rsa-3072,oaep-encrypt,171,29839,80154
rsa-3072,oaep-encrypt,172,29941,80426
rsa-3072,oaep-encrypt,173,30857,82888
rsa-3072,oaep-encrypt,174,29688,79748
rsa-3072,oaep-encrypt,175,30037,80684
rsa-3072,oaep-encrypt,176,29671,79700
rsa-3072,oaep-encrypt,177,29851,80184
rsa-3072,oaep-encrypt,178,29531,79322
rsa-3072,oaep-encrypt,179,29770,79964
rsa-3072,oaep-encrypt,180,29633,79596
rsa-3072,oaep-encrypt,181,29711,79812
rsa-3072,oaep-encrypt,182,29713,79812
rsa-3072,oaep-encrypt,183,29563,79412
rsa-3072,oaep-encrypt,184,29918,80366
rsa-3072,oaep-encrypt,185,29653,79652
rsa-3072,oaep-encrypt,186,29755,79930
rsa-3072,oaep-encrypt,187,29717,79824
rsa-3072,oaep-encrypt,188,29938,80416
rsa-3072,oaep-encrypt,189,29591,79484
rsa-3072,oaep-encrypt,190,29695,79764
rsa-3072,oaep-encrypt,191,29755,79924
rsa-3072,oaep-encrypt,192,29867,80228
rsa-3072,oaep-encrypt,193,29734,79868
rsa-3072,oaep-encrypt,194,29832,80134
rsa-3072,oaep-encrypt,195,29796,80034
rsa-3072,oaep-encrypt,196,29797,80042
rsa-3072,oaep-encrypt,197,29822,80108
rsa-3072,oaep-encrypt,198,29734,79870
rsa-3072,oaep-encrypt,199,29627,79584
rsa-3072,oaep-encrypt,200,29723,79842
rsa-3072,oaep-encrypt,201,29750,79914
rsa-3072,oaep-encrypt,202,29898,80310
rsa-3072,oaep-encrypt,203,29693,79762
rsa-3072,oaep-encrypt,204,29819,80102
rsa-3072,oaep-encrypt,205,29753,79924
rsa-3072,oaep-encrypt,206,31108,83562
rsa-3072,oaep-encrypt,207,29812,80056
rsa-3072,oaep-encrypt,208,29882,80270
rsa-3072,oaep-encrypt,209,29816,80094
rsa-3072,oaep-encrypt,210,29836,80144
rsa-3072,oaep-encrypt,211,29801,80050
rsa-3072,oaep-encrypt,212,29877,80256
rsa-3072,oaep-encrypt,213,29549,79372
rsa-3072,oaep-encrypt,214,29845,80168
rsa-3072,oaep-encrypt,215,29860,80210
rsa-3072,oaep-encrypt,216,29795,80036
rsa-3072,oaep-encrypt,217,29939,80420
rsa-3072,oaep-encrypt,218,29762,79946
rsa-3072,oaep-encrypt,219,29789,79796
rsa-3072,oaep-encrypt,220,29784,80006
rsa-3072,oaep-encrypt,221,29687,79746
rsa-3072,oaep-encrypt,222,29581,79458
rsa-3072,oaep-encrypt,223,29753,79920
rsa-3072,oaep-encrypt,224,29574,79444
rsa-3072,oaep-encrypt,225,29765,79956
rsa-3072,oaep-encrypt,226,29763,79950
rsa-3072,oaep-encrypt,227,29801,80052
rsa-3072,oaep-encrypt,228,29685,79740
rsa-3072,oaep-encrypt,229,29800,80048
rsa-3072,oaep-encrypt,230,29705,79794
rsa-3072,oaep-encrypt,231,29975,80516
rsa-3072,oaep-encrypt,232,29736,79878
rsa-3072,oaep-encrypt,233,29808,80068
rsa-3072,oaep-encrypt,234,29681,79700
rsa-3072,oaep-encrypt,235,29846,80174
rsa-3072,oaep-encrypt,236,29784,80002
rsa-3072,oaep-encrypt,237,29810,80076
rsa-3072,oaep-encrypt,238,29859,80208
rsa-3072,oaep-encrypt,239,30893,82984
rsa-3072,oaep-encrypt,240,29873,80246
rsa-3072,oaep-encrypt,241,29731,79860
rsa-3072,oaep-encrypt,242,29814,80086
rsa-3072,oaep-encrypt,243,29827,80122
rsa-3072,oaep-encrypt,244,29582,79464
rsa-3072,oaep-encrypt,245,29717,79824
rsa-3072,oaep-encrypt,246,29827,80120
rsa-3072,oaep-encrypt,247,29741,79890
rsa-3072,oaep-encrypt,248,29822,80108
rsa-3072,oaep-encrypt,249,29612,79542
rsa-3072,oaep-encrypt,250,29772,79976
rsa-3072,oaep-encrypt,251,29850,80184
rsa-3072,oaep-encrypt,252,29896,80306
rsa-3072,oaep-encrypt,253,29688,79746
rsa-3072,oaep-encrypt,254,29706,79794
rsa-3072,oaep-encrypt,255,29705,79792
rsa-3072,oaep-encrypt,256,29762,79944
rsa-3072,oaep-encrypt,257,29719,79832
rsa-3072,oaep-encrypt,258,29781,79996
rsa-3072,oaep-encrypt,259,29852,80188
rsa-3072,oaep-encrypt,260,29904,80324
rsa-3072,oaep-encrypt,261,29629,79590
rsa-3072,oaep-encrypt,262,29840,80154
rsa-3072,oaep-encrypt,263,29580,79456
rsa-3072,oaep-encrypt,264,29681,79732
rsa-3072,oaep-encrypt,265,29512,79276
rsa-3072,oaep-encrypt,266,29858,80204
rsa-3072,oaep-encrypt,267,29901,80320
rsa-3072,oaep-encrypt,268,29675,79710
rsa-3072,oaep-encrypt,269,29748,79908
rsa-3072,oaep-encrypt,270,29952,80462
rsa-3072,oaep-encrypt,271,29854,80196
rsa-3072,oaep-encrypt,272,30827,82804
rsa-3072,oaep-encrypt,273,29717,79822
rsa-3072,oaep-encrypt,274,29693,79758
rsa-3072,oaep-encrypt,275,29951,80452
rsa-3072,oaep-encrypt,276,29808,80070
rsa-3072,oaep-encrypt,277,29631,79594
rsa-3072,oaep-encrypt,278,29629,79590
rsa-3072,oaep-encrypt,279,29689,79750
rsa-3072,oaep-encrypt,280,29895,80302
rsa-3072,oaep-encrypt,281,29838,80150
rsa-3072,oaep-encrypt,282,29815,80084
rsa-3072,oaep-encrypt,283,29745,79898
rsa-3072,oaep-encrypt,284,29714,79816
rsa-3072,oaep-encrypt,285,29692,79760
rsa-3072,oaep-encrypt,286,29822,80108
rsa-3072,oaep-encrypt,287,29778,79988
rsa-3072,oaep-encrypt,288,29770,79970
rsa-3072,oaep-encrypt,289,29599,79508
rsa-3072,oaep-encrypt,290,29714,79818
rsa-3072,oaep-encrypt,291,29809,80076
rsa-3072,oaep-encrypt,292,29687,79744
rsa-3072,oaep-encrypt,293,29666,79684
rsa-3072,oaep-encrypt,294,29797,80042
rsa-3072,oaep-encrypt,295,29737,79878
rsa-3072,oaep-encrypt,296,29912,80350
rsa-3072,oaep-encrypt,297,29772,79970
rsa-3072,oaep-encrypt,298,29693,79764
rsa-3072,oaep-encrypt,299,29833,80136
rsa-3072,oaep-encrypt,300,29619,79564
rsa-3072,oaep-encrypt,301,29560,79402
rsa-3072,oaep-encrypt,302,29728,79854
rsa-3072,oaep-encrypt,303,29789,80020
rsa-3072,oaep-encrypt,304,29707,79798
rsa-3072,oaep-encrypt,305,30699,82460
rsa-3072,oaep-encrypt,306,29619,79560
rsa-3072,oaep-encrypt,307,29817,80092
rsa-3072,oaep-encrypt,308,29755,79930
rsa-3072,oaep-encrypt,309,29824,80086
rsa-3072,oaep-encrypt,310,29763,79946
rsa-3072,oaep-encrypt,311,29611,79544
rsa-3072,oaep-encrypt,312,29805,80064
rsa-3072,oaep-encrypt,313,29576,79446
rsa-3072,oaep-encrypt,314,29753,79924
rsa-3072,oaep-encrypt,315,29866,80228
rsa-3072,oaep-encrypt,316,29847,80174
rsa-3072,oaep-encrypt,317,29695,79766
rsa-3072,oaep-encrypt,318,29730,79858
rsa-3072,oaep-encrypt,319,29741,79892
rsa-3072,oaep-encrypt,320,29706,79796
rsa-3072,oaep-encrypt,321,29597,79504
rsa-3072,oaep-encrypt,322,29716,79822
rsa-3072,oaep-encrypt,323,29765,79956
rsa-3072,oaep-encrypt,324,29876,80252
rsa-3072,oaep-encrypt,325,29624,79578
rsa-3072,oaep-encrypt,326,29790,80024
rsa-3072,oaep-encrypt,327,29694,79762
rsa-3072,oaep-encrypt,328,29729,79858
rsa-3072,oaep-encrypt,329,29667,79692
rsa-3072,oaep-encrypt,330,29858,80204
rsa-3072,oaep-encrypt,331,29759,79936
rsa-3072,oaep-encrypt,332,29720,79834
rsa-3072,oaep-encrypt,333,29625,79582
rsa-3072,oaep-encrypt,334,29710,79806
rsa-3072,oaep-encrypt,335,29537,79340
rsa-3072,oaep-encrypt,336,29747,79904
rsa-3072,oaep-encrypt,337,29880,80266
rsa-3072,oaep-encrypt,338,29754,79924
rsa-3072,oaep-encrypt,339,30826,82804
rsa-3072,oaep-encrypt,340,29735,79874
rsa-3072,oaep-encrypt,341,29689,79754
rsa-3072,oaep-encrypt,342,29749,79910
rsa-3072,oaep-encrypt,343,29574,79442
rsa-3072,oaep-encrypt,344,29866,80226
rsa-3072,oaep-encrypt,345,29684,79740
rsa-3072,oaep-encrypt,346,29960,80480
rsa-3072,oaep-encrypt,347,29780,79996
rsa-3072,oaep-encrypt,348,29739,79880
rsa-3072,oaep-encrypt,349,29823,80110
rsa-3072,oaep-encrypt,350,29857,80204
rsa-3072,oaep-encrypt,351,29910,80344
rsa-3072,oaep-encrypt,352,29691,79754
rsa-3072,oaep-encrypt,353,29514,79280
rsa-3072,oaep-encrypt,354,29754,79926
rsa-3072,oaep-encrypt,355,29775,79978
rsa-3072,oaep-encrypt,356,29619,79564
rsa-3072,oaep-encrypt,357,29758,79936
rsa-3072,oaep-encrypt,358,29754,79924
rsa-3072,oaep-encrypt,359,29799,80048
rsa-3072,oaep-encrypt,360,29630,79592
rsa-3072,oaep-encrypt,361,29733,79866
rsa-3072,oaep-encrypt,362,29752,79920
rsa-3072,oaep-encrypt,363,29899,80312
rsa-3072,oaep-encrypt,364,29707,79798
rsa-3072,oaep-encrypt,365,29853,80190
rsa-3072,oaep-encrypt,366,29857,80202
rsa-3072,oaep-encrypt,367,29965,80492
rsa-3072,oaep-encrypt,368,29923,80378
rsa-3072,oaep-encrypt,369,29628,79554
rsa-3072,oaep-encrypt,370,29681,79728
rsa-3072,oaep-encrypt,371,29855,80166
rsa-3072,oaep-encrypt,372,30797,82730
rsa-3072,oaep-encrypt,373,29839,80154
rsa-3072,oaep-encrypt,374,29921,80376
rsa-3072,oaep-encrypt,375,29604,79524
rsa-3072,oaep-encrypt,376,29786,80010
rsa-3072,oaep-encrypt,377,29738,79880
rsa-3072,oaep-encrypt,378,29737,79880
rsa-3072,oaep-encrypt,379,29777,79990
rsa-3072,oaep-encrypt,380,29681,79728
rsa-3072,oaep-encrypt,381,29730,79858
rsa-3072,oaep-encrypt,382,29804,80060
rsa-3072,oaep-encrypt,383,29798,80040
rsa-3072,oaep-encrypt,384,29735,79874
rsa-3072,oaep-encrypt,385,29709,79806
rsa-3072,oaep-encrypt,386,29915,80358
rsa-3072,oaep-encrypt,387,29830,80130
rsa-3072,oaep-encrypt,388,29816,80090
rsa-3072,oaep-encrypt,389,29757,79934
rsa-3072,oaep-encrypt,390,29580,79458
rsa-3072,oaep-encrypt,391,29559,79404
rsa-3072,oaep-encrypt,392,29595,79496
rsa-3072,oaep-encrypt,393,29726,79852
rsa-3072,oaep-encrypt,394,29753,79924
rsa-3072,oaep-encrypt,395,29602,79514
rsa-3072,oaep-encrypt,396,29736,79876
rsa-3072,oaep-encrypt,397,29834,80138
rsa-3072,oaep-encrypt,398,29830,80128
rsa-3072,oaep-encrypt,399,29691,79758
rsa-3072,oaep-encrypt,400,29706,79794
rsa-3072,oaep-encrypt,401,29595,79496
rsa-3072,oaep-encrypt,402,29844,80164
rsa-3072,oaep-encrypt,403,29801,80050
rsa-3072,oaep-encrypt,404,29803,80056
rsa-3072,oaep-encrypt,405,31027,83346
rsa-3072,oaep-encrypt,406,29812,80080
rsa-3072,oaep-encrypt,407,29896,80306
rsa-3072,oaep-encrypt,408,29770,79964
rsa-3072,oaep-encrypt,409,29721,79836
rsa-3072,oaep-encrypt,410,29834,80138
rsa-3072,oaep-encrypt,411,29777,79988
rsa-3072,oaep-encrypt,412,29777,79988
rsa-3072,oaep-encrypt,413,29789,80020
rsa-3072,oaep-encrypt,414,29860,80210
rsa-3072,oaep-encrypt,415,29900,80314
rsa-3072,oaep-encrypt,416,29952,80458
rsa-3072,oaep-encrypt,417,29625,79580
rsa-3072,oaep-encrypt,418,29832,80134
rsa-3072,oaep-encrypt,419,29760,79940
rsa-3072,oaep-encrypt,420,29706,79796
rsa-3072,oaep-encrypt,421,29598,79506
rsa-3072,oaep-encrypt,422,29699,79774
rsa-3072,oaep-encrypt,423,29976,80518
rsa-3072,oaep-encrypt,424,29810,80076
rsa-3072,oaep-encrypt,425,29790,80022
rsa-3072,oaep-encrypt,426,29706,79794
rsa-3072,oaep-encrypt,427,29607,79528
rsa-3072,oaep-encrypt,428,29736,79876
rsa-3072,oaep-encrypt,429,29644,79628
rsa-3072,oaep-encrypt,430,29715,79818
rsa-3072,oaep-encrypt,431,29690,79754
rsa-3072,oaep-encrypt,432,29884,80274
rsa-3072,oaep-encrypt,433,29576,79446
rsa-3072,oaep-encrypt,434,29759,79936
rsa-3072,oaep-encrypt,435,29966,80494
rsa-3072,oaep-encrypt,436,29867,80230
rsa-3072,oaep-encrypt,437,29860,80212
rsa-3072,oaep-encrypt,438,30847,82860
rsa-3072,oaep-encrypt,439,29925,80384
rsa-3072,oaep-encrypt,440,29646,79634
rsa-3072,oaep-encrypt,441,29680,79698
rsa-3072,oaep-encrypt,442,29869,80234
rsa-3072,oaep-encrypt,443,29809,80074
rsa-3072,oaep-encrypt,444,29755,79926
rsa-3072,oaep-encrypt,445,29779,79990
rsa-3072,oaep-encrypt,446,29980,80536
rsa-3072,oaep-encrypt,447,29763,79952
rsa-3072,oaep-encrypt,448,29845,80168
rsa-3072,oaep-encrypt,449,29558,79400
rsa-3072,oaep-encrypt,450,29850,80180
rsa-3072,oaep-encrypt,451,29698,79768
rsa-3072,oaep-encrypt,452,29640,79622
rsa-3072,oaep-encrypt,453,29611,79538
rsa-3072,oaep-encrypt,454,29748,79912
rsa-3072,oaep-encrypt,455,29839,80152
rsa-3072,oaep-encrypt,456,29703,79786
rsa-3072,oaep-encrypt,457,29788,80016
rsa-3072,oaep-encrypt,458,29751,79916
rsa-3072,oaep-encrypt,459,29799,80044
rsa-3072,oaep-encrypt,460,29724,79844
rsa-3072,oaep-encrypt,461,29671,79704
rsa-3072,oaep-encrypt,462,29719,79832
rsa-3072,oaep-encrypt,463,29804,80062
rsa-3072,oaep-encrypt,464,29675,79708
rsa-3072,oaep-encrypt,465,29716,79820
rsa-3072,oaep-encrypt,466,29852,80188
rsa-3072,oaep-encrypt,467,29756,79928
rsa-3072,oaep-encrypt,468,29922,80376
rsa-3072,oaep-encrypt,469,29719,79830
rsa-3072,oaep-encrypt,470,29671,79702
rsa-3072,oaep-encrypt,471,30801,82738
rsa-3072,oaep-encrypt,472,29658,79666
rsa-3072,oaep-encrypt,473,29581,79458
rsa-3072,oaep-encrypt,474,29753,79922
rsa-3072,oaep-encrypt,475,29876,80254
rsa-3072,oaep-encrypt,476,29790,80024
rsa-3072,oaep-encrypt,477,29742,79894
rsa-3072,oaep-encrypt,478,29951,80456
rsa-3072,oaep-encrypt,479,29904,80328
rsa-3072,oaep-encrypt,480,29710,79806
rsa-3072,oaep-encrypt,481,29846,80170
rsa-3072,oaep-encrypt,482,29779,79992
rsa-3072,oaep-encrypt,483,29764,79952
rsa-3072,oaep-encrypt,484,29650,79644
rsa-3072,oaep-encrypt,485,29788,80018
rsa-3072,oaep-encrypt,486,29815,80090
rsa-3072,oaep-encrypt,487,29786,80012
rsa-3072,oaep-encrypt,488,29571,79434
rsa-3072,oaep-encrypt,489,29603,79516
rsa-3072,oaep-encrypt,490,29809,80070
rsa-3072,oaep-encrypt,491,29765,79954
rsa-3072,oaep-encrypt,492,29778,79992
rsa-3072,oaep-encrypt,493,29729,79858
rsa-3072,oaep-encrypt,494,29684,79736
rsa-3072,oaep-encrypt,495,29632,79598
rsa-3072,oaep-encrypt,496,29859,80208
rsa-3072,oaep-encrypt,497,29714,79816
rsa-3072,oaep-encrypt,498,29846,80172
rsa-3072,oaep-encrypt,499,29670,79698
rsa-3072,oaep-encrypt,500,29825,80118
rsa-3072,oaep-encrypt,501,29761,79942
rsa-3072,oaep-encrypt,502,29794,80030
rsa-3072,oaep-encrypt,503,29978,80528
rsa-3072,oaep-encrypt,504,30951,83140
rsa-3072,oaep-encrypt,505,29962,80480
rsa-3072,oaep-encrypt,506,29874,80246
rsa-3072,oaep-encrypt,507,29678,79718
rsa-3072,oaep-encrypt,508,29735,79870
rsa-3072,oaep-encrypt,509,29931,80400
rsa-3072,oaep-encrypt,510,29825,80116
rsa-3072,oaep-encrypt,511,29677,79720
rsa-3072,oaep-encrypt,512,29818,80096
rsa-3072,oaep-encrypt,513,29862,80214
rsa-3072,oaep-encrypt,514,29758,79932
rsa-3072,oaep-encrypt,515,29687,79746
rsa-3072,oaep-encrypt,516,29778,79988
rsa-3072,oaep-encrypt,517,29794,80034
rsa-3072,oaep-encrypt,518,29782,79998
rsa-3072,oaep-encrypt,519,29839,80156
rsa-3072,oaep-encrypt,520,29680,79726
rsa-3072,oaep-encrypt,521,29677,79718
rsa-3072,oaep-encrypt,522,29668,79696
rsa-3072,oaep-encrypt,523,29729,79856
rsa-3072,oaep-encrypt,524,29747,79906
rsa-3072,oaep-encrypt,525,29674,79710
rsa-3072,oaep-encrypt,526,29781,79998
rsa-3072,oaep-encrypt,527,29816,80090
rsa-3072,oaep-encrypt,528,29716,79826
rsa-3072,oaep-encrypt,529,29745,79898
rsa-3072,oaep-encrypt,530,29586,79472
rsa-3072,oaep-encrypt,531,29827,80122
rsa-3072,oaep-encrypt,532,29614,79552
rsa-3072,oaep-encrypt,533,29594,79496
rsa-3072,oaep-encrypt,534,29761,79948
rsa-3072,oaep-encrypt,535,29687,79746
rsa-3072,oaep-encrypt,536,29806,80066
rsa-3072,oaep-encrypt,537,30937,83106
rsa-3072,oaep-encrypt,538,30025,80654
rsa-3072,oaep-encrypt,539,29735,79874
rsa-3072,oaep-encrypt,540,29827,80120
rsa-3072,oaep-encrypt,541,29688,79748
rsa-3072,oaep-encrypt,542,29847,80176
rsa-3072,oaep-encrypt,543,29766,79958
rsa-3072,oaep-encrypt,544,29703,79790
rsa-3072,oaep-encrypt,545,29609,79536
rsa-3072,oaep-encrypt,546,29857,80202
rsa-3072,oaep-encrypt,547,29753,79924
rsa-3072,oaep-encrypt,548,29945,80440
rsa-3072,oaep-encrypt,549,29689,79752
rsa-3072,oaep-encrypt,550,29833,80138
rsa-3072,oaep-encrypt,551,29689,79748
rsa-3072,oaep-encrypt,552,29694,79762
rsa-3072,oaep-encrypt,553,29724,79846
rsa-3072,oaep-encrypt,554,29872,80242
rsa-3072,oaep-encrypt,555,29818,80098
rsa-3072,oaep-encrypt,556,29682,79734
rsa-3072,oaep-encrypt,557,29773,79976
rsa-3072,oaep-encrypt,558,29668,79692
rsa-3072,oaep-encrypt,559,29683,79734
rsa-3072,oaep-encrypt,560,29719,79830
rsa-3072,oaep-encrypt,561,29747,79908
rsa-3072,oaep-encrypt,562,29687,79748
rsa-3072,oaep-encrypt,563,29793,80032
rsa-3072,oaep-encrypt,564,29887,80282
rsa-3072,oaep-encrypt,565,29708,79802
rsa-3072,oaep-encrypt,566,29807,80070
rsa-3072,oaep-encrypt,567,29844,80164
rsa-3072,oaep-encrypt,568,29660,79670
rsa-3072,oaep-encrypt,569,29791,80024
rsa-3072,oaep-encrypt,570,30718,82520
rsa-3072,oaep-encrypt,571,29832,80132
rsa-3072,oaep-encrypt,572,29889,80288
rsa-3072,oaep-encrypt,573,29851,80186
rsa-3072,oaep-encrypt,574,29639,79618
rsa-3072,oaep-encrypt,575,29743,79898
rsa-3072,oaep-encrypt,576,29881,80266
rsa-3072,oaep-encrypt,577,29758,79936
rsa-3072,oaep-encrypt,578,29748,79912
rsa-3072,oaep-encrypt,579,29890,80290
rsa-3072,oaep-encrypt,580,29628,79586
rsa-3072,oaep-encrypt,581,29715,79822
rsa-3072,oaep-encrypt,582,29899,80314
rsa-3072,oaep-encrypt,583,29783,80000
rsa-3072,oaep-encrypt,584,29636,79604
rsa-3072,oaep-encrypt,585,29545,79362
rsa-3072,oaep-encrypt,586,29826,80116
rsa-3072,oaep-encrypt,587,29807,80066
rsa-3072,oaep-encrypt,588,29705,79794
rsa-3072,oaep-encrypt,589,29588,79478
rsa-3072,oaep-encrypt,590,29741,79880
rsa-3072,oaep-encrypt,591,29701,79780
rsa-3072,oaep-encrypt,592,29790,80024
rsa-3072,oaep-encrypt,593,29649,79642
rsa-3072,oaep-encrypt,594,29737,79878
rsa-3072,oaep-encrypt,595,29704,79792
rsa-3072,oaep-encrypt,596,29556,79392
rsa-3072,oaep-encrypt,597,29576,79446
rsa-3072,oaep-encrypt,598,29660,79672
rsa-3072,oaep-encrypt,599,29536,79308
rsa-3072,oaep-encrypt,600,29681,79728
rsa-3072,oaep-encrypt,601,29612,79542
rsa-3072,oaep-encrypt,602,29724,79846
rsa-3072,oaep-encrypt,603,29667,79690
rsa-3072,oaep-encrypt,604,30781,82686
rsa-3072,oaep-encrypt,605,29805,80062
rsa-3072,oaep-encrypt,606,29680,79728
rsa-3072,oaep-encrypt,607,29659,79668
rsa-3072,oaep-encrypt,608,29606,79528
rsa-3072,oaep-encrypt,609,29722,79838
rsa-3072,oaep-encrypt,610,29767,79958
rsa-3072,oaep-encrypt,611,29799,80046
rsa-3072,oaep-encrypt,612,29808,80068
rsa-3072,oaep-encrypt,613,29862,80212
rsa-3072,oaep-encrypt,614,29838,80150
rsa-3072,oaep-encrypt,615,29788,79984
rsa-3072,oaep-encrypt,616,29717,79826
rsa-3072,oaep-encrypt,617,29782,80004
rsa-3072,oaep-encrypt,618,29886,80282
rsa-3072,oaep-encrypt,619,29819,80100
rsa-3072,oaep-encrypt,620,29883,80268
rsa-3072,oaep-encrypt,621,29824,80114
rsa-3072,oaep-encrypt,622,29864,80222
rsa-3072,oaep-encrypt,623,29796,80034
rsa-3072,oaep-encrypt,624,29535,79338
rsa-3072,oaep-encrypt,625,29777,79988
rsa-3072,oaep-encrypt,626,29707,79798
rsa-3072,oaep-encrypt,627,29700,79778
rsa-3072,oaep-encrypt,628,29763,79952
rsa-3072,oaep-encrypt,629,29521,79302
rsa-3072,oaep-encrypt,630,29651,79650
rsa-3072,oaep-encrypt,631,29735,79872
rsa-3072,oaep-encrypt,632,29701,79784
rsa-3072,oaep-encrypt,633,29875,80250
rsa-3072,oaep-encrypt,634,29970,80502
rsa-3072,oaep-encrypt,635,29728,79858
rsa-3072,oaep-encrypt,636,29712,79812
rsa-3072,oaep-encrypt,637,30686,82430
rsa-3072,oaep-encrypt,638,29921,80374
rsa-3072,oaep-encrypt,639,29766,79956
rsa-3072,oaep-encrypt,640,29840,80156
rsa-3072,oaep-encrypt,641,29732,79864
rsa-3072,oaep-encrypt,642,29811,80078
rsa-3072,oaep-encrypt,643,29603,79520
rsa-3072,oaep-encrypt,644,29732,79866
rsa-3072,oaep-encrypt,645,29718,79828
rsa-3072,oaep-encrypt,646,29824,80114
rsa-3072,oaep-encrypt,647,29883,80270
rsa-3072,oaep-encrypt,648,29819,80098
rsa-3072,oaep-encrypt,649,29796,80036
rsa-3072,oaep-encrypt,650,29840,80156
rsa-3072,oaep-encrypt,651,29798,80042
rsa-3072,oaep-encrypt,652,29712,79810
rsa-3072,oaep-encrypt,653,29695,79764
rsa-3072,oaep-encrypt,654,29701,79782
rsa-3072,oaep-encrypt,655,29845,80168
rsa-3072,oaep-encrypt,656,29679,79722
rsa-3072,oaep-encrypt,657,29815,80090
rsa-3072,oaep-encrypt,658,29656,79660
rsa-3072,oaep-encrypt,659,29816,80094
rsa-3072,oaep-encrypt,660,29775,79982
rsa-3072,oaep-encrypt,661,29592,79490
rsa-3072,oaep-encrypt,662,29898,80310
rsa-3072,oaep-encrypt,663,29683,79732
rsa-3072,oaep-encrypt,664,29725,79848
rsa-3072,oaep-encrypt,665,29788,80014
rsa-3072,oaep-encrypt,666,29695,79768
rsa-3072,oaep-encrypt,667,29991,80562
rsa-3072,oaep-encrypt,668,29807,80070
rsa-3072,oaep-encrypt,669,29673,79706
rsa-3072,oaep-encrypt,670,30722,82524
rsa-3072,oaep-encrypt,671,29946,80446
rsa-3072,oaep-encrypt,672,29776,79986
rsa-3072,oaep-encrypt,673,29646,79634
rsa-3072,oaep-encrypt,674,29685,79742
rsa-3072,oaep-encrypt,675,29727,79854
rsa-3072,oaep-encrypt,676,29822,80104
rsa-3072,oaep-encrypt,677,29812,80080
rsa-3072,oaep-encrypt,678,29875,80248
rsa-3072,oaep-encrypt,679,29776,79984
rsa-3072,oaep-encrypt,680,29729,79858
rsa-3072,oaep-encrypt,681,29688,79748
rsa-3072,oaep-encrypt,682,29729,79858
rsa-3072,oaep-encrypt,683,29851,80188
rsa-3072,oaep-encrypt,684,29940,80426
rsa-3072,oaep-encrypt,685,29856,80196
rsa-3072,oaep-encrypt,686,29783,80006
rsa-3072,oaep-encrypt,687,29691,79754
rsa-3072,oaep-encrypt,688,29663,79678
rsa-3072,oaep-encrypt,689,29658,79666
rsa-3072,oaep-encrypt,690,29799,80048
rsa-3072,oaep-encrypt,691,29705,79792
rsa-3072,oaep-encrypt,692,29759,79930
rsa-3072,oaep-encrypt,693,29642,79622
rsa-3072,oaep-encrypt,694,29847,80176
rsa-3072,oaep-encrypt,695,29752,79922
rsa-3072,oaep-encrypt,696,29748,79910
rsa-3072,oaep-encrypt,697,29718,79828
rsa-3072,oaep-encrypt,698,29704,79792
rsa-3072,oaep-encrypt,699,29678,79722
rsa-3072,oaep-encrypt,700,29705,79790
rsa-3072,oaep-encrypt,701,29731,79860
rsa-3072,oaep-encrypt,702,29874,80248
rsa-3072,oaep-encrypt,703,31023,83332
rsa-3072,oaep-encrypt,704,29747,79908
rsa-3072,oaep-encrypt,705,29808,80070
rsa-3072,oaep-encrypt,706,29730,79860
rsa-3072,oaep-encrypt,707,29707,79796
rsa-3072,oaep-encrypt,708,29985,80546
rsa-3072,oaep-encrypt,709,29724,79846
rsa-3072,oaep-encrypt,710,29714,79820
rsa-3072,oaep-encrypt,711,29819,80102
rsa-3072,oaep-encrypt,712,29799,80046
rsa-3072,oaep-encrypt,713,30000,80554
rsa-3072,oaep-encrypt,714,29870,80236
rsa-3072,oaep-encrypt,715,29769,79968
rsa-3072,oaep-encrypt,716,29809,80068
rsa-3072,oaep-encrypt,717,29857,80202
rsa-3072,oaep-encrypt,718,29763,79950
rsa-3072,oaep-encrypt,719,29679,79722
rsa-3072,oaep-encrypt,720,29874,80246
rsa-3072,oaep-encrypt,721,29882,80270
rsa-3072,oaep-encrypt,722,29664,79682
rsa-3072,oaep-encrypt,723,29729,79858
rsa-3072,oaep-encrypt,724,29578,79452
rsa-3072,oaep-encrypt,725,29818,80096
rsa-3072,oaep-encrypt,726,29794,80034
rsa-3072,oaep-encrypt,727,29892,80296
rsa-3072,oaep-encrypt,728,29704,79792
rsa-3072,oaep-encrypt,729,29598,79506
rsa-3072,oaep-encrypt,730,29848,80178
rsa-3072,oaep-encrypt,731,29796,80036
rsa-3072,oaep-encrypt,732,29956,80468
rsa-3072,oaep-encrypt,733,29772,79974
rsa-3072,oaep-encrypt,734,29885,80278
rsa-3072,oaep-encrypt,735,29945,80438
rsa-3072,oaep-encrypt,736,30899,83002
rsa-3072,oaep-encrypt,737,29751,79918
rsa-3072,oaep-encrypt,738,29808,80068
rsa-3072,oaep-encrypt,739,29673,79710
rsa-3072,oaep-encrypt,740,29749,79908
rsa-3072,oaep-encrypt,741,29794,80030
rsa-3072,oaep-encrypt,742,29736,79880
rsa-3072,oaep-encrypt,743,29785,80012
rsa-3072,oaep-encrypt,744,29942,80428
rsa-3072,oaep-encrypt,745,29405,78988
rsa-3072,oaep-encrypt,746,29969,80504
rsa-3072,oaep-encrypt,747,29632,79596
rsa-3072,oaep-encrypt,748,29798,80044
rsa-3072,oaep-encrypt,749,29699,79776
rsa-3072,oaep-encrypt,750,29759,79936
rsa-3072,oaep-encrypt,751,29853,80188
rsa-3072,oaep-encrypt,752,29593,79492
rsa-3072,oaep-encrypt,753,29523,79302
rsa-3072,oaep-encrypt,754,29563,79412
rsa-3072,oaep-encrypt,755,29891,80294
rsa-3072,oaep-encrypt,756,29851,80186
rsa-3072,oaep-encrypt,757,29707,79800
rsa-3072,oaep-encrypt,758,29863,80220
rsa-3072,oaep-encrypt,759,29844,80170
rsa-3072,oaep-encrypt,760,29779,79992
rsa-3072,oaep-encrypt,761,29520,79298
rsa-3072,oaep-encrypt,762,29748,79914
rsa-3072,oaep-encrypt,763,29817,80094
rsa-3072,oaep-encrypt,764,29871,80238
rsa-3072,oaep-encrypt,765,29693,79760
rsa-3072,oaep-encrypt,766,29813,80084
rsa-3072,oaep-encrypt,767,29694,79764
rsa-3072,oaep-encrypt,768,29781,80000
rsa-3072,oaep-encrypt,769,31524,84676
rsa-3072,oaep-encrypt,770,29954,80464
rsa-3072,oaep-encrypt,771,29861,80216
rsa-3072,oaep-encrypt,772,29853,80192
rsa-3072,oaep-encrypt,773,29818,80096
rsa-3072,oaep-encrypt,774,29871,80236
rsa-3072,oaep-encrypt,775,29790,80014
rsa-3072,oaep-encrypt,776,29737,79880
rsa-3072,oaep-encrypt,777,29613,79544
rsa-3072,oaep-encrypt,778,29802,80050
rsa-3072,oaep-encrypt,779,29811,80078
rsa-3072,oaep-encrypt,780,29610,79540
rsa-3072,oaep-encrypt,781,29603,79520
rsa-3072,oaep-encrypt,782,29823,80110
rsa-3072,oaep-encrypt,783,29868,80232
rsa-3072,oaep-encrypt,784,29816,80090
rsa-3072,oaep-encrypt,785,29538,79340
rsa-3072,oaep-encrypt,786,29738,79882
rsa-3072,oaep-encrypt,787,29645,79634
rsa-3072,oaep-encrypt,788,29712,79812
rsa-3072,oaep-encrypt,789,29798,80038
rsa-3072,oaep-encrypt,790,29858,80202
rsa-3072,oaep-encrypt,791,29790,80020
rsa-3072,oaep-encrypt,792,29568,79424
rsa-3072,oaep-encrypt,793,29859,80208
rsa-3072,oaep-encrypt,794,29706,79796
rsa-3072,oaep-encrypt,795,29612,79546
rsa-3072,oaep-encrypt,796,29901,80318
rsa-3072,oaep-encrypt,797,29723,79842
rsa-3072,oaep-encrypt,798,29847,80176
rsa-3072,oaep-encrypt,799,29788,80012
rsa-3072,oaep-encrypt,800,29914,80354
rsa-3072,oaep-encrypt,801,29887,80282
rsa-3072,oaep-encrypt,802,30977,83170
rsa-3072,oaep-encrypt,803,29977,80526
rsa-3072,oaep-encrypt,804,29687,79748
rsa-3072,oaep-encrypt,805,29687,79744
rsa-3072,oaep-encrypt,806,29918,80366
rsa-3072,oaep-encrypt,807,29737,79880
rsa-3072,oaep-encrypt,808,29569,79428
rsa-3072,oaep-encrypt,809,29573,79436
rsa-3072,oaep-encrypt,810,29684,79736
rsa-3072,oaep-encrypt,811,29826,80118
rsa-3072,oaep-encrypt,812,29756,79928
rsa-3072,oaep-encrypt,813,29734,79874
rsa-3072,oaep-encrypt,814,29635,79604
rsa-3072,oaep-encrypt,815,29733,79868
rsa-3072,oaep-encrypt,816,29745,79902
rsa-3072,oaep-encrypt,817,29732,79870
rsa-3072,oaep-encrypt,818,29724,79846
rsa-3072,oaep-encrypt,819,29673,79708
rsa-3072,oaep-encrypt,820,29691,79756
rsa-3072,oaep-encrypt,821,29774,79978
rsa-3072,oaep-encrypt,822,29698,79774
rsa-3072,oaep-encrypt,823,29828,80122
rsa-3072,oaep-encrypt,824,29721,79834
rsa-3072,oaep-encrypt,825,29675,79712
rsa-3072,oaep-encrypt,826,29717,79826
rsa-3072,oaep-encrypt,827,29687,79748
rsa-3072,oaep-encrypt,828,29822,80108
rsa-3072,oaep-encrypt,829,29925,80380
rsa-3072,oaep-encrypt,830,29790,80018
rsa-3072,oaep-encrypt,831,29700,79778
rsa-3072,oaep-encrypt,832,29580,79456
rsa-3072,oaep-encrypt,833,29470,79158
rsa-3072,oaep-encrypt,834,29792,80026
rsa-3072,oaep-encrypt,835,29912,80348
rsa-3072,oaep-encrypt,836,30938,83100
rsa-3072,oaep-encrypt,837,29814,80086
rsa-3072,oaep-encrypt,838,29922,80376
rsa-3072,oaep-encrypt,839,29871,80240
rsa-3072,oaep-encrypt,840,29652,79648
rsa-3072,oaep-encrypt,841,29731,79860
rsa-3072,oaep-encrypt,842,29755,79926
rsa-3072,oaep-encrypt,843,29987,80550
rsa-3072,oaep-encrypt,844,29922,80376
rsa-3072,oaep-encrypt,845,29620,79564
rsa-3072,oaep-encrypt,846,29705,79794
rsa-3072,oaep-encrypt,847,29623,79570
rsa-3072,oaep-encrypt,848,29682,79730
rsa-3072,oaep-encrypt,849,29711,79810
rsa-3072,oaep-encrypt,850,29740,79890
rsa-3072,oaep-encrypt,851,29774,79976
rsa-3072,oaep-encrypt,852,29817,80096
rsa-3072,oaep-encrypt,853,29723,79840
rsa-3072,oaep-encrypt,854,29800,80050
rsa-3072,oaep-encrypt,855,29879,80262
rsa-3072,oaep-encrypt,856,29841,80158
rsa-3072,oaep-encrypt,857,29700,79776
rsa-3072,oaep-encrypt,858,29715,79820
rsa-3072,oaep-encrypt,859,29663,79678
rsa-3072,oaep-encrypt,860,29638,79612
rsa-3072,oaep-encrypt,861,29789,80020
rsa-3072,oaep-encrypt,862,29788,80018
rsa-3072,oaep-encrypt,863,29813,80082
rsa-3072,oaep-encrypt,864,29678,79720
rsa-3072,oaep-encrypt,865,29788,80018
rsa-3072,oaep-encrypt,866,29694,79764
rsa-3072,oaep-encrypt,867,29596,79500
rsa-3072,oaep-encrypt,868,29932,80400
rsa-3072,oaep-encrypt,869,30651,82334
rsa-3072,oaep-encrypt,870,29896,80308
rsa-3072,oaep-encrypt,871,29801,80048
rsa-3072,oaep-encrypt,872,29619,79562
rsa-3072,oaep-encrypt,873,29832,80134
rsa-3072,oaep-encrypt,874,29784,80006
rsa-3072,oaep-encrypt,875,29812,80078
rsa-3072,oaep-encrypt,876,29668,79696
rsa-3072,oaep-encrypt,877,29780,79994
rsa-3072,oaep-encrypt,878,29981,80534
rsa-3072,oaep-encrypt,879,29782,79998
rsa-3072,oaep-encrypt,880,29734,79870
rsa-3072,oaep-encrypt,881,29641,79620
rsa-3072,oaep-encrypt,882,29890,80292
rsa-3072,oaep-encrypt,883,29807,80068
rsa-3072,oaep-encrypt,884,29647,79556
rsa-3072,oaep-encrypt,885,30004,80598
rsa-3072,oaep-encrypt,886,29880,80262
rsa-3072,oaep-encrypt,887,29888,80284
rsa-3072,oaep-encrypt,888,29709,79798
rsa-3072,oaep-encrypt,889,29659,79668
rsa-3072,oaep-encrypt,890,29863,80216
rsa-3072,oaep-encrypt,891,29598,79504
rsa-3072,oaep-encrypt,892,29784,80000
rsa-3072,oaep-encrypt,893,29695,79766
rsa-3072,oaep-encrypt,894,29728,79854
rsa-3072,oaep-encrypt,895,29904,80330
rsa-3072,oaep-encrypt,896,29794,80030
rsa-3072,oaep-encrypt,897,29775,79980
rsa-3072,oaep-encrypt,898,29737,79876
rsa-3072,oaep-encrypt,899,29594,79496
rsa-3072,oaep-encrypt,900,29674,79712
rsa-3072,oaep-encrypt,901,29716,79822
rsa-3072,oaep-encrypt,902,31092,83516
rsa-3072,oaep-encrypt,903,29841,80156
rsa-3072,oaep-encrypt,904,29827,80120
rsa-3072,oaep-encrypt,905,29778,79990
rsa-3072,oaep-encrypt,906,29947,80446
rsa-3072,oaep-encrypt,907,29882,80270
rsa-3072,oaep-encrypt,908,29703,79708
rsa-3072,oaep-encrypt,909,29678,79720
rsa-3072,oaep-encrypt,910,29759,79940
rsa-3072,oaep-encrypt,911,29866,80228
rsa-3072,oaep-encrypt,912,29601,79516
rsa-3072,oaep-encrypt,913,29773,79976
rsa-3072,oaep-encrypt,914,29653,79654
rsa-3072,oaep-encrypt,915,29925,80390
rsa-3072,oaep-encrypt,916,29790,80020
rsa-3072,oaep-encrypt,917,29724,79844
rsa-3072,oaep-encrypt,918,29786,80012
rsa-3072,oaep-encrypt,919,29809,80072
rsa-3072,oaep-encrypt,920,29734,79872
rsa-3072,oaep-encrypt,921,29689,79752
rsa-3072,oaep-encrypt,922,30000,80586
rsa-3072,oaep-encrypt,923,29758,79938
rsa-3072,oaep-encrypt,924,29840,80154
rsa-3072,oaep-encrypt,925,29662,79680
rsa-3072,oaep-encrypt,926,29790,80016
rsa-3072,oaep-encrypt,927,29695,79768
rsa-3072,oaep-encrypt,928,29648,79640
rsa-3072,oaep-encrypt,929,29913,80352
rsa-3072,oaep-encrypt,930,29949,80416
rsa-3072,oaep-encrypt,931,29844,80166
rsa-3072,oaep-encrypt,932,29595,79498
rsa-3072,oaep-encrypt,933,29836,80144
rsa-3072,oaep-encrypt,934,29885,80280
rsa-3072,oaep-encrypt,935,31121,83598
rsa-3072,oaep-encrypt,936,29740,79890
rsa-3072,oaep-encrypt,937,29673,79704
rsa-3072,oaep-encrypt,938,29817,80090
rsa-3072,oaep-encrypt,939,29747,79906
rsa-3072,oaep-encrypt,940,29836,80142
rsa-3072,oaep-encrypt,941,29806,80064
rsa-3072,oaep-encrypt,942,29761,79944
rsa-3072,oaep-encrypt,943,29797,80040
rsa-3072,oaep-encrypt,944,29552,79384
rsa-3072,oaep-encrypt,945,29641,79616
rsa-3072,oaep-encrypt,946,29727,79854
rsa-3072,oaep-encrypt,947,29710,79808
rsa-3072,oaep-encrypt,948,29760,79908
rsa-3072,oaep-encrypt,949,29813,80084
rsa-3072,oaep-encrypt,950,29712,79812
rsa-3072,oaep-encrypt,951,29736,79876
rsa-3072,oaep-encrypt,952,29761,79940
rsa-3072,oaep-encrypt,953,29884,80272
rsa-3072,oaep-encrypt,954,29839,80152
rsa-3072,oaep-encrypt,955,29707,79800
rsa-3072,oaep-encrypt,956,29767,79960
rsa-3072,oaep-encrypt,957,29527,79316
rsa-3072,oaep-encrypt,958,29846,80174
rsa-3072,oaep-encrypt,959,29722,79838
rsa-3072,oaep-encrypt,960,29523,79302
rsa-3072,oaep-encrypt,961,29653,79656
rsa-3072,oaep-encrypt,962,29793,80030
rsa-3072,oaep-encrypt,963,29712,79812
rsa-3072,oaep-encrypt,964,29898,80312
rsa-3072,oaep-encrypt,965,29672,79704
rsa-3072,oaep-encrypt,966,29707,79798
rsa-3072,oaep-encrypt,967,29726,79850
rsa-3072,oaep-encrypt,968,31017,83318
rsa-3072,oaep-encrypt,969,29813,80082
rsa-3072,oaep-encrypt,970,29665,79684
rsa-3072,oaep-encrypt,971,29815,80090
rsa-3072,oaep-encrypt,972,29717,79826
rsa-3072,oaep-encrypt,973,29735,79876
rsa-3072,oaep-encrypt,974,29868,80232
rsa-3072,oaep-encrypt,975,29788,80016
rsa-3072,oaep-encrypt,976,29818,80100
rsa-3072,oaep-encrypt,977,29948,80444
rsa-3072,oaep-encrypt,978,29861,80214
rsa-3072,oaep-encrypt,979,29871,80238
rsa-3072,oaep-encrypt,980,29804,80062
rsa-3072,oaep-encrypt,981,29820,80102
rsa-3072,oaep-encrypt,982,29830,80128
rsa-3072,oaep-encrypt,983,29847,80172
rsa-3072,oaep-encrypt,984,29651,79646
rsa-3072,oaep-encrypt,985,29630,79592
rsa-3072,oaep-encrypt,986,29811,80078
rsa-3072,oaep-encrypt,987,29660,79666
rsa-3072,oaep-encrypt,988,29700,79748
rsa-3072,oaep-encrypt,989,29635,79604
rsa-3072,oaep-encrypt,990,29846,80172
rsa-3072,oaep-encrypt,991,29817,80094
rsa-3072,oaep-encrypt,992,29788,80016
rsa-3072,oaep-encrypt,993,29840,80128
rsa-3072,oaep-encrypt,994,29752,79922
rsa-3072,oaep-encrypt,995,29864,80192
rsa-3072,oaep-encrypt,996,29663,79684
rsa-3072,oaep-encrypt,997,29751,79916
rsa-3072,oaep-encrypt,998,29866,80226
rsa-3072,oaep-encrypt,999,29793,80030
rsa-3072,oaep-decrypt,0,1328524,3570976
rsa-3072,oaep-decrypt,1,1326133,3564546
rsa-3072,oaep-decrypt,2,1329998,3574958
rsa-3072,oaep-decrypt,3,1329643,3574010
rsa-3072,oaep-decrypt,4,1326701,3566108
rsa-3072,oaep-decrypt,5,1331448,3578832
rsa-3072,oaep-decrypt,6,1328643,3571326
rsa-3072,oaep-decrypt,7,1329769,3574352
rsa-3072,oaep-decrypt,8,1329435,3573454
rsa-3072,oaep-decrypt,9,1328350,3570536
rsa-3072,oaep-decrypt,10,1329654,3574042
rsa-3072,oaep-decrypt,11,1328827,3571822
rsa-3072,oaep-decrypt,12,1327166,3567350
rsa-3072,oaep-decrypt,13,1329017,3572310
rsa-3072,oaep-decrypt,14,1329705,3574188
rsa-3072,oaep-decrypt,15,1328058,3569754
rsa-3072,oaep-decrypt,16,1328563,3571112
rsa-3072,oaep-decrypt,17,1329711,3574196
rsa-3072,oaep-decrypt,18,1330024,3575044
rsa-3072,oaep-decrypt,19,1326207,3564780
rsa-3072,oaep-decrypt,20,1713628,4606162
rsa-3072,oaep-decrypt,21,1329532,3573710
rsa-3072,oaep-decrypt,22,1330703,3576860
rsa-3072,oaep-decrypt,23,1325973,3564146
rsa-3072,oaep-decrypt,24,1327840,3569172
rsa-3072,oaep-decrypt,25,1328494,3570928
rsa-3072,oaep-decrypt,26,1329594,3573882
rsa-3072,oaep-decrypt,27,1326404,3565310
rsa-3072,oaep-decrypt,28,1329653,3574038
rsa-3072,oaep-decrypt,29,1330647,3576708
rsa-3072,oaep-decrypt,30,1328745,3571602
rsa-3072,oaep-decrypt,31,1329091,3572530
rsa-3072,oaep-decrypt,32,1329058,3572440
rsa-3072,oaep-decrypt,33,1327135,3567274
rsa-3072,oaep-decrypt,34,1349656,3627806
rsa-3072,oaep-decrypt,35,1328909,3572046
rsa-3072,oaep-decrypt,36,1328580,3571162
rsa-3072,oaep-decrypt,37,1330805,3577136
rsa-3072,oaep-decrypt,38,1328920,3572072
rsa-3072,oaep-decrypt,39,1329626,3573968
rsa-3072,oaep-decrypt,40,1327059,3567070
rsa-3072,oaep-decrypt,41,1326172,3564682
rsa-3072,oaep-decrypt,42,1328574,3571142
rsa-3072,oaep-decrypt,43,1330405,3576070
rsa-3072,oaep-decrypt,44,1329157,3572714
rsa-3072,oaep-decrypt,45,1328854,3571900
rsa-3072,oaep-decrypt,46,1329027,3572356
rsa-3072,oaep-decrypt,47,1325988,3564186
rsa-3072,oaep-decrypt,48,1327093,3567158
rsa-3072,oaep-decrypt,49,1328684,3571440
rsa-3072,oaep-decrypt,50,1327736,3568890
rsa-3072,oaep-decrypt,51,1329105,3572574
rsa-3072,oaep-decrypt,52,1715041,4609918
rsa-3072,oaep-decrypt,53,1328429,3570750
rsa-3072,oaep-decrypt,54,1329153,3572690
rsa-3072,oaep-decrypt,55,1326317,3565068
rsa-3072,oaep-decrypt,56,1326447,3565426
rsa-3072,oaep-decrypt,57,1328544,3571064
rsa-3072,oaep-decrypt,58,1328894,3572004
rsa-3072,oaep-decrypt,59,1326358,3565186
rsa-3072,oaep-decrypt,60,1327590,3568498
rsa-3072,oaep-decrypt,61,1326055,3564338
rsa-3072,oaep-decrypt,62,1327559,3568360
rsa-3072,oaep-decrypt,63,1328599,3571214
rsa-3072,oaep-decrypt,64,1326791,3566342
rsa-3072,oaep-decrypt,65,1326510,3565590
rsa-3072,oaep-decrypt,66,1328326,3570476
rsa-3072,oaep-decrypt,67,1327819,3569116
rsa-3072,oaep-decrypt,68,1329492,3573560
rsa-3072,oaep-decrypt,69,1329995,3574960
rsa-3072,oaep-decrypt,70,1326416,3565346
rsa-3072,oaep-decrypt,71,1328391,3570650
rsa-3072,oaep-decrypt,72,1330401,3576050
rsa-3072,oaep-decrypt,73,1330244,3575628
rsa-3072,oaep-decrypt,74,1328497,3570928
rsa-3072,oaep-decrypt,75,1327916,3569376
rsa-3072,oaep-decrypt,76,1325788,3563652
rsa-3072,oaep-decrypt,77,1325592,3563124
rsa-3072,oaep-decrypt,78,1328277,3570348
rsa-3072,oaep-decrypt,79,1330475,3576260
rsa-3072,oaep-decrypt,80,1328389,3570648
rsa-3072,oaep-decrypt,81,1329832,3574526
rsa-3072,oaep-decrypt,82,1329848,3574572
rsa-3072,oaep-decrypt,83,1327448,3568124
rsa-3072,oaep-decrypt,84,1719751,4622622
rsa-3072,oaep-decrypt,85,1330441,3576156
rsa-3072,oaep-decrypt,86,1329047,3572412
rsa-3072,oaep-decrypt,87,1328966,3572192
rsa-3072,oaep-decrypt,88,1328559,3571098
rsa-3072,oaep-decrypt,89,1329985,3574938
rsa-3072,oaep-decrypt,90,1326308,3565048
rsa-3072,oaep-decrypt,91,1326297,3565020
rsa-3072,oaep-decrypt,92,1328939,3572124
rsa-3072,oaep-decrypt,93,1326728,3566172
rsa-3072,oaep-decrypt,94,1327934,3569412
rsa-3072,oaep-decrypt,95,1329809,3574454
rsa-3072,oaep-decrypt,96,1329224,3572894
rsa-3072,oaep-decrypt,97,1327441,3568098
rsa-3072,oaep-decrypt,98,1329070,3572478
rsa-3072,oaep-decrypt,99,1330084,3575196
rsa-3072,oaep-decrypt,100,1334515,3587108
rsa-3072,oaep-decrypt,101,1328685,3571436
rsa-3072,oaep-decrypt,102,1328134,3569962
rsa-3072,oaep-decrypt,103,1329074,3572486
rsa-3072,oaep-decrypt,104,1330448,3576176
rsa-3072,oaep-decrypt,105,1329399,3573358
rsa-3072,oaep-decrypt,106,1329779,3574376
rsa-3072,oaep-decrypt,107,1327141,3567296
rsa-3072,oaep-decrypt,108,1330781,3577064
rsa-3072,oaep-decrypt,109,1328669,3571384
rsa-3072,oaep-decrypt,110,1328567,3571122
rsa-3072,oaep-decrypt,111,1325464,3562784
rsa-3072,oaep-decrypt,112,1328221,3570196
rsa-3072,oaep-decrypt,113,1328209,3570162
rsa-3072,oaep-decrypt,114,1329681,3574124
rsa-3072,oaep-decrypt,115,1328624,3571280
rsa-3072,oaep-decrypt,116,1702689,4576766
rsa-3072,oaep-decrypt,117,1328445,3570798
rsa-3072,oaep-decrypt,118,1328713,3571526
rsa-3072,oaep-decrypt,119,1328212,3570176
rsa-3072,oaep-decrypt,120,1327011,3566942
rsa-3072,oaep-decrypt,121,1331351,3578618
rsa-3072,oaep-decrypt,122,1328285,3570372
rsa-3072,oaep-decrypt,123,1328032,3569694
rsa-3072,oaep-decrypt,124,1325960,3564120
rsa-3072,oaep-decrypt,125,1329894,3574698
rsa-3072,oaep-decrypt,126,1329770,3574358
rsa-3072,oaep-decrypt,127,1329326,3573164
rsa-3072,oaep-decrypt,128,1328008,3569622
rsa-3072,oaep-decrypt,129,1327893,3569316
rsa-3072,oaep-decrypt,130,1328325,3570448
rsa-3072,oaep-decrypt,131,1327342,3567836
rsa-3072,oaep-decrypt,132,1327951,3569464
rsa-3072,oaep-decrypt,133,1328250,3570270
rsa-3072,oaep-decrypt,134,1328751,3571618
rsa-3072,oaep-decrypt,135,1328964,3572192
rsa-3072,oaep-decrypt,136,1328644,3571336
rsa-3072,oaep-decrypt,137,1328288,3570376
rsa-3072,oaep-decrypt,138,1327848,3569200
rsa-3072,oaep-decrypt,139,1327971,3569526
rsa-3072,oaep-decrypt,140,1328850,3571888
rsa-3072,oaep-decrypt,141,1327757,3568950
rsa-3072,oaep-decrypt,142,1327047,3567044
rsa-3072,oaep-decrypt,143,1328946,3572144
rsa-3072,oaep-decrypt,144,1329196,3572820
rsa-3072,oaep-decrypt,145,1326652,3565986
rsa-3072,oaep-decrypt,146,1327630,3568602
rsa-3072,oaep-decrypt,147,1329360,3573260
rsa-3072,oaep-decrypt,148,1700302,4570342
rsa-3072,oaep-decrypt,149,1329378,3573308
rsa-3072,oaep-decrypt,150,1328841,3571872
rsa-3072,oaep-decrypt,151,1329619,3573964
rsa-3072,oaep-decrypt,152,1329485,3573594
rsa-3072,oaep-decrypt,153,1328756,3571638
rsa-3072,oaep-decrypt,154,1329632,3573994
rsa-3072,oaep-decrypt,155,1332370,3581348
rsa-3072,oaep-decrypt,156,1328050,3569736
rsa-3072,oaep-decrypt,157,1328495,3570930
rsa-3072,oaep-decrypt,158,1326779,3566328
rsa-3072,oaep-decrypt,159,1327380,3567936
rsa-3072,oaep-decrypt,160,1329198,3572826
rsa-3072,oaep-decrypt,161,1327978,3569550
rsa-3072,oaep-decrypt,162,1327856,3569224
rsa-3072,oaep-decrypt,163,1329694,3574162
rsa-3072,oaep-decrypt,164,1328034,3569692
rsa-3072,oaep-decrypt,165,1328227,3570212
rsa-3072,oaep-decrypt,166,1330095,3575236
rsa-3072,oaep-decrypt,167,1327459,3568148
rsa-3072,oaep-decrypt,168,1325850,3563826
rsa-3072,oaep-decrypt,169,1328072,3569794
rsa-3072,oaep-decrypt,170,1326463,3565474
rsa-3072,oaep-decrypt,171,1327991,3569580
rsa-3072,oaep-decrypt,172,1329202,3572832
rsa-3072,oaep-decrypt,173,1327973,3569536
rsa-3072,oaep-decrypt,174,1327851,3569196
rsa-3072,oaep-decrypt,175,1328331,3570500
rsa-3072,oaep-decrypt,176,1326793,3566362
rsa-3072,oaep-decrypt,177,1328502,3570958
rsa-3072,oaep-decrypt,178,1330533,3576412
rsa-3072,oaep-decrypt,179,1328985,3572252
rsa-3072,oaep-decrypt,180,1699469,4568112
rsa-3072,oaep-decrypt,181,1327212,3567486
rsa-3072,oaep-decrypt,182,1326435,3565406
rsa-3072,oaep-decrypt,183,1328309,3570440
rsa-3072,oaep-decrypt,184,1327699,3568800
rsa-3072,oaep-decrypt,185,1328980,3572244
rsa-3072,oaep-decrypt,186,1329973,3574910
rsa-3072,oaep-decrypt,187,1326057,3564384
rsa-3072,oaep-decrypt,188,1326749,3566242
rsa-3072,oaep-decrypt,189,1328876,3571964
rsa-3072,oaep-decrypt,190,1326375,3565236
rsa-3072,oaep-decrypt,191,1326954,3566794
rsa-3072,oaep-decrypt,192,1330260,3575678
rsa-3072,oaep-decrypt,193,1325041,3561650
rsa-3072,oaep-decrypt,194,1328958,3572178
rsa-3072,oaep-decrypt,195,1330981,3577620
rsa-3072,oaep-decrypt,196,1329241,3572936
rsa-3072,oaep-decrypt,197,1328160,3570034
rsa-3072,oaep-decrypt,198,1328080,3569818
rsa-3072,oaep-decrypt,199,1326273,3564964
rsa-3072,oaep-decrypt,200,1327646,3568652
rsa-3072,oaep-decrypt,201,1328663,3571384
rsa-3072,oaep-decrypt,202,1329233,3572918
rsa-3072,oaep-decrypt,203,1329588,3573866
rsa-3072,oaep-decrypt,204,1330490,3576292
rsa-3072,oaep-decrypt,205,1329182,3572780
rsa-3072,oaep-decrypt,206,1329488,3573602
rsa-3072,oaep-decrypt,207,1330319,3575834
rsa-3072,oaep-decrypt,208,1330856,3577284
rsa-3072,oaep-decrypt,209,1328767,3571666
rsa-3072,oaep-decrypt,210,1330040,3575086
rsa-3072,oaep-decrypt,211,1326304,3565038
rsa-3072,oaep-decrypt,212,1714665,4608954
rsa-3072,oaep-decrypt,213,1329464,3573534
rsa-3072,oaep-decrypt,214,1327916,3569378
rsa-3072,oaep-decrypt,215,1329999,3574962
rsa-3072,oaep-decrypt,216,1328464,3570858
rsa-3072,oaep-decrypt,217,1327592,3568514
rsa-3072,oaep-decrypt,218,1329239,3572936
rsa-3072,oaep-decrypt,219,1346985,3620630
rsa-3072,oaep-decrypt,220,1326155,3564642
rsa-3072,oaep-decrypt,221,1326941,3566756
rsa-3072,oaep-decrypt,222,1328007,3569628
rsa-3072,oaep-decrypt,223,1328422,3570736
rsa-3072,oaep-decrypt,224,1327015,3566956
rsa-3072,oaep-decrypt,225,1328982,3572242
rsa-3072,oaep-decrypt,226,1328281,3570354
rsa-3072,oaep-decrypt,227,1327235,3567548
rsa-3072,oaep-decrypt,228,1328781,3571702
rsa-3072,oaep-decrypt,229,1327723,3568856
rsa-3072,oaep-decrypt,230,1326104,3564510
rsa-3072,oaep-decrypt,231,1329760,3574334
rsa-3072,oaep-decrypt,232,1329358,3573252
rsa-3072,oaep-decrypt,233,1327485,3568220
rsa-3072,oaep-decrypt,234,1330619,3576644
rsa-3072,oaep-decrypt,235,1328545,3571066
rsa-3072,oaep-decrypt,236,1327526,3568330
rsa-3072,oaep-decrypt,237,1329567,3573816
rsa-3072,oaep-decrypt,238,1329744,3574290
rsa-3072,oaep-decrypt,239,1328842,3571872
rsa-3072,oaep-decrypt,240,1329841,3574546
rsa-3072,oaep-decrypt,241,1327549,3568390
rsa-3072,oaep-decrypt,242,1328856,3571904
rsa-3072,oaep-decrypt,243,1332908,3582800
rsa-3072,oaep-decrypt,244,1710686,4598264
rsa-3072,oaep-decrypt,245,1330389,3576024
rsa-3072,oaep-decrypt,246,1325983,3564190
rsa-3072,oaep-decrypt,247,1328613,3571256
rsa-3072,oaep-decrypt,248,1328834,3571852
rsa-3072,oaep-decrypt,249,1327582,3568484
rsa-3072,oaep-decrypt,250,1328440,3570792
rsa-3072,oaep-decrypt,251,1327605,3568550
rsa-3072,oaep-decrypt,252,1328611,3571246
rsa-3072,oaep-decrypt,253,1329891,3574688
rsa-3072,oaep-decrypt,254,1328592,3571200
rsa-3072,oaep-decrypt,255,1326778,3566320
rsa-3072,oaep-decrypt,256,1329143,3572680
rsa-3072,oaep-decrypt,257,1328436,3570782
rsa-3072,oaep-decrypt,258,1327439,3568096
rsa-3072,oaep-decrypt,259,1325369,3562538
rsa-3072,oaep-decrypt,260,1329153,3572702
rsa-3072,oaep-decrypt,261,1328266,3570320
rsa-3072,oaep-decrypt,262,1324598,3560458
rsa-3072,oaep-decrypt,263,1329812,3574478
rsa-3072,oaep-decrypt,264,1326603,3565856
rsa-3072,oaep-decrypt,265,1327570,3568446
rsa-3072,oaep-decrypt,266,1330590,3576570
rsa-3072,oaep-decrypt,267,1327657,3568686
rsa-3072,oaep-decrypt,268,1327429,3568062
rsa-3072,oaep-decrypt,269,1330323,3575848
rsa-3072,oaep-decrypt,270,1327021,3566974
rsa-3072,oaep-decrypt,271,1327418,3568038
rsa-3072,oaep-decrypt,272,1327855,3569210
rsa-3072,oaep-decrypt,273,1329789,3574400
rsa-3072,oaep-decrypt,274,1328154,3570020
rsa-3072,oaep-decrypt,275,1329461,3573528
rsa-3072,oaep-decrypt,276,1710892,4598822
rsa-3072,oaep-decrypt,277,1327182,3567402
rsa-3072,oaep-decrypt,278,1330132,3575340
rsa-3072,oaep-decrypt,279,1327140,3567298
rsa-3072,oaep-decrypt,280,1328311,3570444
rsa-3072,oaep-decrypt,281,1329214,3572870
rsa-3072,oaep-decrypt,282,1326449,3565442
rsa-3072,oaep-decrypt,283,1326938,3566732
rsa-3072,oaep-decrypt,284,1329734,3574244
rsa-3072,oaep-decrypt,285,1327959,3569488
rsa-3072,oaep-decrypt,286,1326302,3565036
rsa-3072,oaep-decrypt,287,1326057,3564352
rsa-3072,oaep-decrypt,288,1328954,3572168
rsa-3072,oaep-decrypt,289,1327333,3567814
rsa-3072,oaep-decrypt,290,1327337,3567826
rsa-3072,oaep-decrypt,291,1328549,3571052
rsa-3072,oaep-decrypt,292,1329519,3573692
rsa-3072,oaep-decrypt,293,1328673,3571418
rsa-3072,oaep-decrypt,294,1328243,3570262
rsa-3072,oaep-decrypt,295,1327590,3568508
rsa-3072,oaep-decrypt,296,1328897,3572018
rsa-3072,oaep-decrypt,297,1328877,3571962
rsa-3072,oaep-decrypt,298,1327368,3567902
rsa-3072,oaep-decrypt,299,1328905,3572034
rsa-3072,oaep-decrypt,300,1327860,3569222
rsa-3072,oaep-decrypt,301,1327180,3567404
rsa-3072,oaep-decrypt,302,1326415,3565342
rsa-3072,oaep-decrypt,303,1328744,3571606
rsa-3072,oaep-decrypt,304,1329390,3573344
rsa-3072,oaep-decrypt,305,1328940,3572134
rsa-3072,oaep-decrypt,306,1326990,3566894
rsa-3072,oaep-decrypt,307,1327630,3568614
rsa-3072,oaep-decrypt,308,1705249,4583650
rsa-3072,oaep-decrypt,309,1330192,3575494
rsa-3072,oaep-decrypt,310,1329858,3574602
rsa-3072,oaep-decrypt,311,1327379,3567938
rsa-3072,oaep-decrypt,312,1329345,3573220
rsa-3072,oaep-decrypt,313,1331344,3578534
rsa-3072,oaep-decrypt,314,1327506,3568280
rsa-3072,oaep-decrypt,315,1327994,3569584
rsa-3072,oaep-decrypt,316,1328124,3569936
rsa-3072,oaep-decrypt,317,1327843,3569174
rsa-3072,oaep-decrypt,318,1328479,3570896
rsa-3072,oaep-decrypt,319,1328414,3570710
rsa-3072,oaep-decrypt,320,1327342,3567826
rsa-3072,oaep-decrypt,321,1328609,3571236
rsa-3072,oaep-decrypt,322,1329540,3573746
rsa-3072,oaep-decrypt,323,1327879,3569284
rsa-3072,oaep-decrypt,324,1328583,3571172
rsa-3072,oaep-decrypt,325,1327630,3568612
rsa-3072,oaep-decrypt,326,1327849,3569206
rsa-3072,oaep-decrypt,327,1331145,3578056
rsa-3072,oaep-decrypt,328,1329094,3572544
rsa-3072,oaep-decrypt,329,1329207,3572850
rsa-3072,oaep-decrypt,330,1329632,3573996
rsa-3072,oaep-decrypt,331,1327646,3568654
rsa-3072,oaep-decrypt,332,1327022,3566982
rsa-3072,oaep-decrypt,333,1327700,3568802
rsa-3072,oaep-decrypt,334,1329323,3573162
rsa-3072,oaep-decrypt,335,1328277,3570356
rsa-3072,oaep-decrypt,336,1330874,3577334
rsa-3072,oaep-decrypt,337,1328872,3571954
rsa-3072,oaep-decrypt,338,1326165,3564678
rsa-3072,oaep-decrypt,339,1327149,3567322
rsa-3072,oaep-decrypt,340,1704532,4581716
rsa-3072,oaep-decrypt,341,1327751,3568936
rsa-3072,oaep-decrypt,342,1330087,3575210
rsa-3072,oaep-decrypt,343,1328830,3571842
rsa-3072,oaep-decrypt,344,1328436,3570778
rsa-3072,oaep-decrypt,345,1328335,3570510
rsa-3072,oaep-decrypt,346,1329032,3572384
rsa-3072,oaep-decrypt,347,1326621,3565902
rsa-3072,oaep-decrypt,348,1327150,3567318
rsa-3072,oaep-decrypt,349,1327220,3567502
rsa-3072,oaep-decrypt,350,1329409,3573396
rsa-3072,oaep-decrypt,351,1329912,3574748
rsa-3072,oaep-decrypt,352,1327710,3568830
rsa-3072,oaep-decrypt,353,1327535,3568358
rsa-3072,oaep-decrypt,354,1328270,3570332
rsa-3072,oaep-decrypt,355,1327860,3569236
rsa-3072,oaep-decrypt,356,1326972,3566840
rsa-3072,oaep-decrypt,357,1329449,3573498
rsa-3072,oaep-decrypt,358,1328017,3569648
rsa-3072,oaep-decrypt,359,1329738,3574278
rsa-3072,oaep-decrypt,360,1330785,3577096
rsa-3072,oaep-decrypt,361,1326803,3566392
rsa-3072,oaep-decrypt,362,1328826,3571828
rsa-3072,oaep-decrypt,363,1336647,3592842
rsa-3072,oaep-decrypt,364,1328520,3571002
rsa-3072,oaep-decrypt,365,1328235,3570236
rsa-3072,oaep-decrypt,366,1330710,3576886
rsa-3072,oaep-decrypt,367,1327705,3568810
rsa-3072,oaep-decrypt,368,1327630,3568604
rsa-3072,oaep-decrypt,369,1329599,3573900
rsa-3072,oaep-decrypt,370,1329904,3574722
rsa-3072,oaep-decrypt,371,1328003,3569616
rsa-3072,oaep-decrypt,372,1701754,4574252
rsa-3072,oaep-decrypt,373,1328605,3571198
rsa-3072,oaep-decrypt,374,1330335,3575882
rsa-3072,oaep-decrypt,375,1328247,3570262
rsa-3072,oaep-decrypt,376,1327106,3567200
rsa-3072,oaep-decrypt,377,1328590,3571182
rsa-3072,oaep-decrypt,378,1328302,3570414
rsa-3072,oaep-decrypt,379,1327105,3567204
rsa-3072,oaep-decrypt,380,1331032,3577754
rsa-3072,oaep-decrypt,381,1328136,3569936
rsa-3072,oaep-decrypt,382,1327006,3566926
rsa-3072,oaep-decrypt,383,1329329,3573176
rsa-3072,oaep-decrypt,384,1329475,3573568
rsa-3072,oaep-decrypt,385,1327283,3567678
rsa-3072,oaep-decrypt,386,1329755,3574324
rsa-3072,oaep-decrypt,387,1329026,3572360
rsa-3072,oaep-decrypt,388,1327848,3569188
rsa-3072,oaep-decrypt,389,1328345,3570532
rsa-3072,oaep-decrypt,390,1329148,3572688
rsa-3072,oaep-decrypt,391,1327558,3568416
rsa-3072,oaep-decrypt,392,1330148,3575376
rsa-3072,oaep-decrypt,393,1328143,3569982
rsa-3072,oaep-decrypt,394,1327998,3569600
rsa-3072,oaep-decrypt,395,1329995,3574970
rsa-3072,oaep-decrypt,396,1329622,3573966
rsa-3072,oaep-decrypt,397,1326441,3565406
rsa-3072,oaep-decrypt,398,1327617,3568582
rsa-3072,oaep-decrypt,399,1328937,3572120
rsa-3072,oaep-decrypt,400,1326384,3565268
rsa-3072,oaep-decrypt,401,1330504,3576332
rsa-3072,oaep-decrypt,402,1328663,3571392
rsa-3072,oaep-decrypt,403,1330253,3575668
rsa-3072,oaep-decrypt,404,1729118,4647806
rsa-3072,oaep-decrypt,405,1326860,3566532
rsa-3072,oaep-decrypt,406,1329651,3574040
rsa-3072,oaep-decrypt,407,1329599,3573894
rsa-3072,oaep-decrypt,408,1326520,3565626
rsa-3072,oaep-decrypt,409,1329935,3574806
rsa-3072,oaep-decrypt,410,1329080,3572510
rsa-3072,oaep-decrypt,411,1327433,3568072
rsa-3072,oaep-decrypt,412,1330272,3575708
rsa-3072,oaep-decrypt,413,1328221,3570190
rsa-3072,oaep-decrypt,414,1329599,3573898
rsa-3072,oaep-decrypt,415,1328480,3570886
rsa-3072,oaep-decrypt,416,1328134,3569958
rsa-3072,oaep-decrypt,417,1326713,3566132
rsa-3072,oaep-decrypt,418,1327239,3567558
rsa-3072,oaep-decrypt,419,1326159,3564646
rsa-3072,oaep-decrypt,420,1325907,3563966
rsa-3072,oaep-decrypt,421,1328657,3571356
rsa-3072,oaep-decrypt,422,1328024,3569664
rsa-3072,oaep-decrypt,423,1326878,3566578
rsa-3072,oaep-decrypt,424,1329229,3572900
rsa-3072,oaep-decrypt,425,1327798,3569048
rsa-3072,oaep-decrypt,426,1327533,3568340
rsa-3072,oaep-decrypt,427,1329137,3572652
rsa-3072,oaep-decrypt,428,1328146,3569990
rsa-3072,oaep-decrypt,429,1326456,3565448
rsa-3072,oaep-decrypt,430,1330522,3576376
rsa-3072,oaep-decrypt,431,1328842,3571862
rsa-3072,oaep-decrypt,432,1325556,3563028
rsa-3072,oaep-decrypt,433,1328850,3571880
rsa-3072,oaep-decrypt,434,1334323,3586590
rsa-3072,oaep-decrypt,435,1327074,3567114
rsa-3072,oaep-decrypt,436,1700508,4570902
rsa-3072,oaep-decrypt,437,1329436,3573454
rsa-3072,oaep-decrypt,438,1328827,3571818
rsa-3072,oaep-decrypt,439,1328443,3570792
rsa-3072,oaep-decrypt,440,1329956,3574864
rsa-3072,oaep-decrypt,441,1326406,3565302
rsa-3072,oaep-decrypt,442,1327870,3569248
rsa-3072,oaep-decrypt,443,1328294,3570386
rsa-3072,oaep-decrypt,444,1329330,3573176
rsa-3072,oaep-decrypt,445,1327089,3567156
rsa-3072,oaep-decrypt,446,1328791,3571724
rsa-3072,oaep-decrypt,447,1328130,3569948
rsa-3072,oaep-decrypt,448,1327471,3568174
rsa-3072,oaep-decrypt,449,1328570,3571120
rsa-3072,oaep-decrypt,450,1327836,3569164
rsa-3072,oaep-decrypt,451,1327374,3567914
rsa-3072,oaep-decrypt,452,1330460,3576210
rsa-3072,oaep-decrypt,453,1328594,3571200
rsa-3072,oaep-decrypt,454,1328643,3571324
rsa-3072,oaep-decrypt,455,1327598,3568514
rsa-3072,oaep-decrypt,456,1326231,3564848
rsa-3072,oaep-decrypt,457,1329230,3572904
rsa-3072,oaep-decrypt,458,1329576,3573832
rsa-3072,oaep-decrypt,459,1325908,3563976
rsa-3072,oaep-decrypt,460,1327045,3567026
rsa-3072,oaep-decrypt,461,1329850,3574570
rsa-3072,oaep-decrypt,462,1328470,3570858
rsa-3072,oaep-decrypt,463,1330162,3575406
rsa-3072,oaep-decrypt,464,1329962,3574866
rsa-3072,oaep-decrypt,465,1329267,3573002
rsa-3072,oaep-decrypt,466,1328440,3570790
rsa-3072,oaep-decrypt,467,1327707,3568816
rsa-3072,oaep-decrypt,468,1717411,4616332
rsa-3072,oaep-decrypt,469,1329997,3574968
rsa-3072,oaep-decrypt,470,1328180,3570086
rsa-3072,oaep-decrypt,471,1329612,3573934
rsa-3072,oaep-decrypt,472,1325401,3562614
rsa-3072,oaep-decrypt,473,1327826,3569088
rsa-3072,oaep-decrypt,474,1329134,3572654
rsa-3072,oaep-decrypt,475,1327930,3569410
rsa-3072,oaep-decrypt,476,1328288,3570382
rsa-3072,oaep-decrypt,477,1329044,3572412
rsa-3072,oaep-decrypt,478,1329301,3573098
rsa-3072,oaep-decrypt,479,1329651,3574050
rsa-3072,oaep-decrypt,480,1330045,3575100
rsa-3072,oaep-decrypt,481,1326355,3565182
rsa-3072,oaep-decrypt,482,1332040,3580454
rsa-3072,oaep-decrypt,483,1329404,3573368
rsa-3072,oaep-decrypt,484,1327777,3568988
rsa-3072,oaep-decrypt,485,1327708,3568810
rsa-3072,oaep-decrypt,486,1328551,3571086
rsa-3072,oaep-decrypt,487,1329685,3574138
rsa-3072,oaep-decrypt,488,1328654,3571354
rsa-3072,oaep-decrypt,489,1329040,3572390
rsa-3072,oaep-decrypt,490,1328305,3570418
rsa-3072,oaep-decrypt,491,1326443,3565414
rsa-3072,oaep-decrypt,492,1329392,3573348
rsa-3072,oaep-decrypt,493,1328531,3571024
rsa-3072,oaep-decrypt,494,1328569,3571122
rsa-3072,oaep-decrypt,495,1329826,3574504
rsa-3072,oaep-decrypt,496,1329952,3574798
rsa-3072,oaep-decrypt,497,1326931,3566718
rsa-3072,oaep-decrypt,498,1328315,3570442
rsa-3072,oaep-decrypt,499,1329503,3573636
rsa-3072,oaep-decrypt,500,1715520,4611252
rsa-3072,oaep-decrypt,501,1328793,3571728
rsa-3072,oaep-decrypt,502,1327470,3568180
rsa-3072,oaep-decrypt,503,1330222,3575576
rsa-3072,oaep-decrypt,504,1328536,3571038
rsa-3072,oaep-decrypt,505,1329815,3574404
rsa-3072,oaep-decrypt,506,1331072,3577858
rsa-3072,oaep-decrypt,507,1327987,3569568
rsa-3072,oaep-decrypt,508,1328956,3572170
rsa-3072,oaep-decrypt,509,1331162,3578100
rsa-3072,oaep-decrypt,510,1329221,3572888
rsa-3072,oaep-decrypt,511,1329751,3574310
rsa-3072,oaep-decrypt,512,1326904,3566656
rsa-3072,oaep-decrypt,513,1327149,3567320
rsa-3072,oaep-decrypt,514,1327478,3568204
rsa-3072,oaep-decrypt,515,1329301,3573100
rsa-3072,oaep-decrypt,516,1328441,3570780
rsa-3072,oaep-decrypt,517,1328426,3570748
rsa-3072,oaep-decrypt,518,1329633,3573998
rsa-3072,oaep-decrypt,519,1327323,3567784
rsa-3072,oaep-decrypt,520,1326617,3565888
rsa-3072,oaep-decrypt,521,1328075,3569806
rsa-3072,oaep-decrypt,522,1328084,3569826
rsa-3072,oaep-decrypt,523,1329514,3573670
rsa-3072,oaep-decrypt,524,1329412,3573402
rsa-3072,oaep-decrypt,525,1328183,3570100
rsa-3072,oaep-decrypt,526,1329094,3572548
rsa-3072,oaep-decrypt,527,1329671,3574094
rsa-3072,oaep-decrypt,528,1327888,3569308
rsa-3072,oaep-decrypt,529,1326039,3564334
rsa-3072,oaep-decrypt,530,1343334,3610816
rsa-3072,oaep-decrypt,531,1330187,3575478
rsa-3072,oaep-decrypt,532,1713919,4606948
rsa-3072,oaep-decrypt,533,1325789,3563660
rsa-3072,oaep-decrypt,534,1327656,3568674
rsa-3072,oaep-decrypt,535,1329715,3574214
rsa-3072,oaep-decrypt,536,1326284,3564992
rsa-3072,oaep-decrypt,537,1333858,3585344
rsa-3072,oaep-decrypt,538,1326561,3565734
rsa-3072,oaep-decrypt,539,1327035,3567008
rsa-3072,oaep-decrypt,540,1329611,3573934
rsa-3072,oaep-decrypt,541,1329730,3574250
rsa-3072,oaep-decrypt,542,1329024,3572344
rsa-3072,oaep-decrypt,543,1327090,3567150
rsa-3072,oaep-decrypt,544,1328049,3569730
rsa-3072,oaep-decrypt,545,1328755,3571624
rsa-3072,oaep-decrypt,546,1327983,3569554
rsa-3072,oaep-decrypt,547,1328980,3572226
rsa-3072,oaep-decrypt,548,1327784,3569020
rsa-3072,oaep-decrypt,549,1328266,3570316
rsa-3072,oaep-decrypt,550,1328465,3570850
rsa-3072,oaep-decrypt,551,1327881,3569282
rsa-3072,oaep-decrypt,552,1329238,3572934
rsa-3072,oaep-decrypt,553,1326702,3566114
rsa-3072,oaep-decrypt,554,1328160,3570034
rsa-3072,oaep-decrypt,555,1326513,3565592
rsa-3072,oaep-decrypt,556,1329865,3574610
rsa-3072,oaep-decrypt,557,1325832,3563772
rsa-3072,oaep-decrypt,558,1325383,3562560
rsa-3072,oaep-decrypt,559,1327681,3568748
rsa-3072,oaep-decrypt,560,1329078,3572502
rsa-3072,oaep-decrypt,561,1328990,3572264
rsa-3072,oaep-decrypt,562,1328523,3571008
rsa-3072,oaep-decrypt,563,1327185,3567412
rsa-3072,oaep-decrypt,564,1711184,4599602
rsa-3072,oaep-decrypt,565,1327908,3569350
rsa-3072,oaep-decrypt,566,1327049,3567044
rsa-3072,oaep-decrypt,567,1328599,3571210
rsa-3072,oaep-decrypt,568,1327891,3569298
rsa-3072,oaep-decrypt,569,1328601,3571212
rsa-3072,oaep-decrypt,570,1326068,3564404
rsa-3072,oaep-decrypt,571,1326607,3565856
rsa-3072,oaep-decrypt,572,1329058,3572450
rsa-3072,oaep-decrypt,573,1328901,3572024
rsa-3072,oaep-decrypt,574,1329137,3572654
rsa-3072,oaep-decrypt,575,1328031,3569686
rsa-3072,oaep-decrypt,576,1327599,3568528
rsa-3072,oaep-decrypt,577,1327519,3568298
rsa-3072,oaep-decrypt,578,1328434,3570762
rsa-3072,oaep-decrypt,579,1327090,3567156
rsa-3072,oaep-decrypt,580,1328771,3571674
rsa-3072,oaep-decrypt,581,1328763,3571648
rsa-3072,oaep-decrypt,582,1329933,3574792
rsa-3072,oaep-decrypt,583,1326998,3566912
rsa-3072,oaep-decrypt,584,1329195,3572818
rsa-3072,oaep-decrypt,585,1328300,3570410
rsa-3072,oaep-decrypt,586,1328394,3570662
rsa-3072,oaep-decrypt,587,1328486,3570908
rsa-3072,oaep-decrypt,588,1328814,3571792
rsa-3072,oaep-decrypt,589,1327989,3569576
rsa-3072,oaep-decrypt,590,1327745,3568914
rsa-3072,oaep-decrypt,591,1326039,3564328
rsa-3072,oaep-decrypt,592,1329832,3574524
rsa-3072,oaep-decrypt,593,1328079,3569816
rsa-3072,oaep-decrypt,594,1327280,3567662
rsa-3072,oaep-decrypt,595,1328571,3571142
rsa-3072,oaep-decrypt,596,1702877,4577274
rsa-3072,oaep-decrypt,597,1329288,3573062
rsa-3072,oaep-decrypt,598,1327495,3568248
rsa-3072,oaep-decrypt,599,1329108,3572578
rsa-3072,oaep-decrypt,600,1330211,3575540
rsa-3072,oaep-decrypt,601,1328644,3571332
rsa-3072,oaep-decrypt,602,1329602,3573910
rsa-3072,oaep-decrypt,603,1329083,3572518
rsa-3072,oaep-decrypt,604,1329591,3573878
rsa-3072,oaep-decrypt,605,1326197,3564756
rsa-3072,oaep-decrypt,606,1328283,3570366
rsa-3072,oaep-decrypt,607,1329227,3572906
rsa-3072,oaep-decrypt,608,1328259,3570296
rsa-3072,oaep-decrypt,609,1328481,3570898
rsa-3072,oaep-decrypt,610,1329046,3572416
rsa-3072,oaep-decrypt,611,1335811,3590596
rsa-3072,oaep-decrypt,612,1330295,3575768
rsa-3072,oaep-decrypt,613,1329206,3572842
rsa-3072,oaep-decrypt,614,1328319,3570456
rsa-3072,oaep-decrypt,615,1327771,3568988
rsa-3072,oaep-decrypt,616,1329389,3573340
rsa-3072,oaep-decrypt,617,1327055,3567072
rsa-3072,oaep-decrypt,618,1329359,3573262
rsa-3072,oaep-decrypt,619,1326507,3565594
rsa-3072,oaep-decrypt,620,1328647,3571338
rsa-3072,oaep-decrypt,621,1327829,3569140
rsa-3072,oaep-decrypt,622,1329550,3573760
rsa-3072,oaep-decrypt,623,1328111,3569904
rsa-3072,oaep-decrypt,624,1330306,3575802
rsa-3072,oaep-decrypt,625,1331084,3577888
rsa-3072,oaep-decrypt,626,1335029,3588490
rsa-3072,oaep-decrypt,627,1329611,3573928
rsa-3072,oaep-decrypt,628,1704151,4580690
rsa-3072,oaep-decrypt,629,1333451,3584254
rsa-3072,oaep-decrypt,630,1335921,3590898
rsa-3072,oaep-decrypt,631,1326881,3566604
rsa-3072,oaep-decrypt,632,1330266,3575702
rsa-3072,oaep-decrypt,633,1333715,3584968
rsa-3072,oaep-decrypt,634,1325021,3561600
rsa-3072,oaep-decrypt,635,1329805,3574456
rsa-3072,oaep-decrypt,636,1326742,3566220
rsa-3072,oaep-decrypt,637,1326688,3566080
rsa-3072,oaep-decrypt,638,1329416,3573414
rsa-3072,oaep-decrypt,639,1329347,3573224
rsa-3072,oaep-decrypt,640,1329169,3572744
rsa-3072,oaep-decrypt,641,1329595,3573896
rsa-3072,oaep-decrypt,642,1331447,3578876
rsa-3072,oaep-decrypt,643,1327046,3567044
rsa-3072,oaep-decrypt,644,1329648,3574030
rsa-3072,oaep-decrypt,645,1327976,3569536
rsa-3072,oaep-decrypt,646,1329478,3573580
rsa-3072,oaep-decrypt,647,1330056,3575130
rsa-3072,oaep-decrypt,648,1328258,3570304
rsa-3072,oaep-decrypt,649,1327536,3568350
rsa-3072,oaep-decrypt,650,1330126,3575320
rsa-3072,oaep-decrypt,651,1329781,3574386
rsa-3072,oaep-decrypt,652,1329063,3572456
rsa-3072,oaep-decrypt,653,1328481,3570896
rsa-3072,oaep-decrypt,654,1327207,3567468
rsa-3072,oaep-decrypt,655,1326483,3565528
rsa-3072,oaep-decrypt,656,1327642,3568642
rsa-3072,oaep-decrypt,657,1328090,3569768
rsa-3072,oaep-decrypt,658,1326664,3566008
rsa-3072,oaep-decrypt,659,1326591,3565806
rsa-3072,oaep-decrypt,660,1704606,4581914
rsa-3072,oaep-decrypt,661,1328489,3570912
rsa-3072,oaep-decrypt,662,1327738,3568898
rsa-3072,oaep-decrypt,663,1328718,3571530
rsa-3072,oaep-decrypt,664,1330053,3575124
rsa-3072,oaep-decrypt,665,1329352,3573238
rsa-3072,oaep-decrypt,666,1328073,3569800
rsa-3072,oaep-decrypt,667,1329930,3574792
rsa-3072,oaep-decrypt,668,1328409,3570688
rsa-3072,oaep-decrypt,669,1329123,3572620
rsa-3072,oaep-decrypt,670,1328410,3570704
rsa-3072,oaep-decrypt,671,1328457,3570832
rsa-3072,oaep-decrypt,672,1328805,3571766
rsa-3072,oaep-decrypt,673,1333344,3583962
rsa-3072,oaep-decrypt,674,1327878,3569268
rsa-3072,oaep-decrypt,675,1329579,3573844
rsa-3072,oaep-decrypt,676,1330207,3575540
rsa-3072,oaep-decrypt,677,1328326,3570466
rsa-3072,oaep-decrypt,678,1327276,3567648
rsa-3072,oaep-decrypt,679,1330249,3575650
rsa-3072,oaep-decrypt,680,1326313,3565066
rsa-3072,oaep-decrypt,681,1329857,3574588
rsa-3072,oaep-decrypt,682,1329303,3573100
rsa-3072,oaep-decrypt,683,1329013,3572322
rsa-3072,oaep-decrypt,684,1327880,3569278
rsa-3072,oaep-decrypt,685,1331671,3579468
rsa-3072,oaep-decrypt,686,1327889,3569306
rsa-3072,oaep-decrypt,687,1328691,3571404
rsa-3072,oaep-decrypt,688,1330673,3576782
rsa-3072,oaep-decrypt,689,1328063,3569768
rsa-3072,oaep-decrypt,690,1327541,3568364
rsa-3072,oaep-decrypt,691,1329871,3574636
rsa-3072,oaep-decrypt,692,1708484,4592332
rsa-3072,oaep-decrypt,693,1331502,3579004
rsa-3072,oaep-decrypt,694,1327247,3567576
rsa-3072,oaep-decrypt,695,1326673,3566032
rsa-3072,oaep-decrypt,696,1328687,3571440
rsa-3072,oaep-decrypt,697,1328110,3569892
rsa-3072,oaep-decrypt,698,1329471,3573556
rsa-3072,oaep-decrypt,699,1331207,3578230
rsa-3072,oaep-decrypt,700,1327495,3568252
rsa-3072,oaep-decrypt,701,1327454,3568134
rsa-3072,oaep-decrypt,702,1329324,3573166
rsa-3072,oaep-decrypt,703,1325990,3564206
rsa-3072,oaep-decrypt,704,1328616,3571264
rsa-3072,oaep-decrypt,705,1329835,3574540
rsa-3072,oaep-decrypt,706,1328073,3569794
rsa-3072,oaep-decrypt,707,1329405,3573384
rsa-3072,oaep-decrypt,708,1328130,3569958
rsa-3072,oaep-decrypt,709,1328523,3571010
rsa-3072,oaep-decrypt,710,1328205,3570154
rsa-3072,oaep-decrypt,711,1328718,3571534
rsa-3072,oaep-decrypt,712,1328834,3571848
rsa-3072,oaep-decrypt,713,1328852,3571896
rsa-3072,oaep-decrypt,714,1328674,3571416
rsa-3072,oaep-decrypt,715,1330609,3576618
rsa-3072,oaep-decrypt,716,1328020,3569660
rsa-3072,oaep-decrypt,717,1327239,3567558
rsa-3072,oaep-decrypt,718,1328342,3570522
rsa-3072,oaep-decrypt,719,1326146,3564620
rsa-3072,oaep-decrypt,720,1329440,3573476
rsa-3072,oaep-decrypt,721,1334655,3587474
rsa-3072,oaep-decrypt,722,1326218,3564806
rsa-3072,oaep-decrypt,723,1331211,3578226
rsa-3072,oaep-decrypt,724,1708643,4592762
rsa-3072,oaep-decrypt,725,1328260,3570302
rsa-3072,oaep-decrypt,726,1329640,3574012
rsa-3072,oaep-decrypt,727,1326635,3565934
rsa-3072,oaep-decrypt,728,1327634,3568620
rsa-3072,oaep-decrypt,729,1328031,3569684
rsa-3072,oaep-decrypt,730,1330002,3574978
rsa-3072,oaep-decrypt,731,1325916,3563998
rsa-3072,oaep-decrypt,732,1327015,3566948
rsa-3072,oaep-decrypt,733,1327054,3567062
rsa-3072,oaep-decrypt,734,1328410,3570700
rsa-3072,oaep-decrypt,735,1329340,3573192
rsa-3072,oaep-decrypt,736,1329308,3573112
rsa-3072,oaep-decrypt,737,1328005,3569608
rsa-3072,oaep-decrypt,738,1327133,3567264
rsa-3072,oaep-decrypt,739,1327238,3567544
rsa-3072,oaep-decrypt,740,1328432,3570764
rsa-3072,oaep-decrypt,741,1330122,3575304
rsa-3072,oaep-decrypt,742,1329595,3573884
rsa-3072,oaep-decrypt,743,1329116,3572596
rsa-3072,oaep-decrypt,744,1327659,3568682
rsa-3072,oaep-decrypt,745,1327489,3568226
rsa-3072,oaep-decrypt,746,1330134,3575332
rsa-3072,oaep-decrypt,747,1328513,3570982
rsa-3072,oaep-decrypt,748,1328145,3569986
rsa-3072,oaep-decrypt,749,1328665,3571388
rsa-3072,oaep-decrypt,750,1328607,3571238
rsa-3072,oaep-decrypt,751,1327597,3568514
rsa-3072,oaep-decrypt,752,1328133,3569956
rsa-3072,oaep-decrypt,753,1326524,3565626
rsa-3072,oaep-decrypt,754,1328299,3570404
rsa-3072,oaep-decrypt,755,1328596,3571198
rsa-3072,oaep-decrypt,756,1701915,4574682
rsa-3072,oaep-decrypt,757,1327789,3569024
rsa-3072,oaep-decrypt,758,1328710,3571512
rsa-3072,oaep-decrypt,759,1329275,3573020
rsa-3072,oaep-decrypt,760,1329662,3574066
rsa-3072,oaep-decrypt,761,1330470,3576244
rsa-3072,oaep-decrypt,762,1325604,3563166
rsa-3072,oaep-decrypt,763,1326560,3565726
rsa-3072,oaep-decrypt,764,1326741,3566218
rsa-3072,oaep-decrypt,765,1327578,3568470
rsa-3072,oaep-decrypt,766,1327992,3569580
rsa-3072,oaep-decrypt,767,1329714,3574212
rsa-3072,oaep-decrypt,768,1336145,3591492
rsa-3072,oaep-decrypt,769,1329245,3572948
rsa-3072,oaep-decrypt,770,1330165,3575418
rsa-3072,oaep-decrypt,771,1327288,3567678
rsa-3072,oaep-decrypt,772,1327826,3569130
rsa-3072,oaep-decrypt,773,1330281,3575730
rsa-3072,oaep-decrypt,774,1328351,3570540
rsa-3072,oaep-decrypt,775,1328413,3570710
rsa-3072,oaep-decrypt,776,1328605,3571214
rsa-3072,oaep-decrypt,777,1329378,3573306
rsa-3072,oaep-decrypt,778,1328648,3571340
rsa-3072,oaep-decrypt,779,1329034,3572374
rsa-3072,oaep-decrypt,780,1346448,3619184
rsa-3072,oaep-decrypt,781,1328453,3570820
rsa-3072,oaep-decrypt,782,1329755,3574320
rsa-3072,oaep-decrypt,783,1328153,3570014
rsa-3072,oaep-decrypt,784,1328142,3569986
rsa-3072,oaep-decrypt,785,1328668,3571398
rsa-3072,oaep-decrypt,786,1327415,3568028
rsa-3072,oaep-decrypt,787,1325211,3562098
rsa-3072,oaep-decrypt,788,1702221,4575504
rsa-3072,oaep-decrypt,789,1329325,3573156
rsa-3072,oaep-decrypt,790,1328642,3571320
rsa-3072,oaep-decrypt,791,1329588,3573868
rsa-3072,oaep-decrypt,792,1329314,3573128
rsa-3072,oaep-decrypt,793,1329977,3574910
rsa-3072,oaep-decrypt,794,1327411,3568020
rsa-3072,oaep-decrypt,795,1328010,3569626
rsa-3072,oaep-decrypt,796,1329521,3573686
rsa-3072,oaep-decrypt,797,1328987,3572256
rsa-3072,oaep-decrypt,798,1327192,3567428
rsa-3072,oaep-decrypt,799,1329521,3573690
rsa-3072,oaep-decrypt,800,1329297,3573084
rsa-3072,oaep-decrypt,801,1329404,3573374
rsa-3072,oaep-decrypt,802,1329636,3573990
rsa-3072,oaep-decrypt,803,1326990,3566884
rsa-3072,oaep-decrypt,804,1326260,3564924
rsa-3072,oaep-decrypt,805,1329125,3572622
rsa-3072,oaep-decrypt,806,1327411,3568018
rsa-3072,oaep-decrypt,807,1328073,3569718
rsa-3072,oaep-decrypt,808,1326590,3565802
rsa-3072,oaep-decrypt,809,1326926,3566708
rsa-3072,oaep-decrypt,810,1327879,3569278
rsa-3072,oaep-decrypt,811,1329545,3573744
rsa-3072,oaep-decrypt,812,1327645,3568644
rsa-3072,oaep-decrypt,813,1328614,3571246
rsa-3072,oaep-decrypt,814,1328148,3569996
rsa-3072,oaep-decrypt,815,1330259,3575670
rsa-3072,oaep-decrypt,816,1327805,3569074
rsa-3072,oaep-decrypt,817,1327598,3568516
rsa-3072,oaep-decrypt,818,1329054,3572430
rsa-3072,oaep-decrypt,819,1327855,3569204
rsa-3072,oaep-decrypt,820,1715446,4611050
rsa-3072,oaep-decrypt,821,1327478,3568204
rsa-3072,oaep-decrypt,822,1328771,3571672
rsa-3072,oaep-decrypt,823,1328256,3570284
rsa-3072,oaep-decrypt,824,1328402,3570684
rsa-3072,oaep-decrypt,825,1329944,3574826
rsa-3072,oaep-decrypt,826,1328559,3571104
rsa-3072,oaep-decrypt,827,1328443,3570790
rsa-3072,oaep-decrypt,828,1326676,3566044
rsa-3072,oaep-decrypt,829,1328963,3572186
rsa-3072,oaep-decrypt,830,1328033,3569684
rsa-3072,oaep-decrypt,831,1328271,3570330
rsa-3072,oaep-decrypt,832,1327483,3568208
rsa-3072,oaep-decrypt,833,1329747,3574292
rsa-3072,oaep-decrypt,834,1328197,3570128
rsa-3072,oaep-decrypt,835,1329564,3573804
rsa-3072,oaep-decrypt,836,1325828,3563756
rsa-3072,oaep-decrypt,837,1327671,3568714
rsa-3072,oaep-decrypt,838,1327149,3567310
rsa-3072,oaep-decrypt,839,1328838,3571860
rsa-3072,oaep-decrypt,840,1328425,3570654
rsa-3072,oaep-decrypt,841,1329340,3573204
rsa-3072,oaep-decrypt,842,1327320,3567778
rsa-3072,oaep-decrypt,843,1329378,3573314
rsa-3072,oaep-decrypt,844,1329503,3573650
rsa-3072,oaep-decrypt,845,1329147,3572684
rsa-3072,oaep-decrypt,846,1327630,3568610
rsa-3072,oaep-decrypt,847,1329220,3572876
rsa-3072,oaep-decrypt,848,1326296,3565022
rsa-3072,oaep-decrypt,849,1325783,3563644
rsa-3072,oaep-decrypt,850,1331582,3579228
rsa-3072,oaep-decrypt,851,1326577,3565778
rsa-3072,oaep-decrypt,852,1708410,4592142
rsa-3072,oaep-decrypt,853,1327145,3567300
rsa-3072,oaep-decrypt,854,1326776,3566316
rsa-3072,oaep-decrypt,855,1328723,3571546
rsa-3072,oaep-decrypt,856,1330024,3575036
rsa-3072,oaep-decrypt,857,1328038,3569704
rsa-3072,oaep-decrypt,858,1329303,3573108
rsa-3072,oaep-decrypt,859,1328149,3570000
rsa-3072,oaep-decrypt,860,1327006,3566934
rsa-3072,oaep-decrypt,861,1328133,3569910
rsa-3072,oaep-decrypt,862,1327973,3569478
rsa-3072,oaep-decrypt,863,1326187,3564680
rsa-3072,oaep-decrypt,864,1339980,3601794
rsa-3072,oaep-decrypt,865,1327555,3568398
rsa-3072,oaep-decrypt,866,1327614,3568558
rsa-3072,oaep-decrypt,867,1328143,3569980
rsa-3072,oaep-decrypt,868,1326768,3566280
rsa-3072,oaep-decrypt,869,1329188,3572784
rsa-3072,oaep-decrypt,870,1327478,3568186
rsa-3072,oaep-decrypt,871,1329459,3573508
rsa-3072,oaep-decrypt,872,1328674,3571404
rsa-3072,oaep-decrypt,873,1329926,3574768
rsa-3072,oaep-decrypt,874,1327411,3568010
rsa-3072,oaep-decrypt,875,1329022,3572340
rsa-3072,oaep-decrypt,876,1328328,3570474
rsa-3072,oaep-decrypt,877,1329711,3574196
rsa-3072,oaep-decrypt,878,1328794,3571728
rsa-3072,oaep-decrypt,879,1329484,3573582
rsa-3072,oaep-decrypt,880,1329930,3574788
rsa-3072,oaep-decrypt,881,1330172,3575428
rsa-3072,oaep-decrypt,882,1328774,3571680
rsa-3072,oaep-decrypt,883,1329058,3572366
rsa-3072,oaep-decrypt,884,1709820,4595930
rsa-3072,oaep-decrypt,885,1329074,3572478
rsa-3072,oaep-decrypt,886,1327891,3569300
rsa-3072,oaep-decrypt,887,1328935,3572108
rsa-3072,oaep-decrypt,888,1328914,3572058
rsa-3072,oaep-decrypt,889,1326596,3565828
rsa-3072,oaep-decrypt,890,1331488,3578920
rsa-3072,oaep-decrypt,891,1326014,3564256
rsa-3072,oaep-decrypt,892,1328596,3571202
rsa-3072,oaep-decrypt,893,1328891,3571994
rsa-3072,oaep-decrypt,894,1326644,3565954
rsa-3072,oaep-decrypt,895,1328347,3570540
rsa-3072,oaep-decrypt,896,1330262,3575684
rsa-3072,oaep-decrypt,897,1329735,3574264
rsa-3072,oaep-decrypt,898,1328288,3570378
rsa-3072,oaep-decrypt,899,1329541,3573746
rsa-3072,oaep-decrypt,900,1328076,3569798
rsa-3072,oaep-decrypt,901,1328408,3570702
rsa-3072,oaep-decrypt,902,1330595,3576578
rsa-3072,oaep-decrypt,903,1326518,3565620
rsa-3072,oaep-decrypt,904,1327387,3567958
rsa-3072,oaep-decrypt,905,1328462,3570846
rsa-3072,oaep-decrypt,906,1327131,3567262
rsa-3072,oaep-decrypt,907,1329474,3573556
rsa-3072,oaep-decrypt,908,1328451,3570812
rsa-3072,oaep-decrypt,909,1327150,3567304
rsa-3072,oaep-decrypt,910,1327187,3567420
rsa-3072,oaep-decrypt,911,1333737,3585022
rsa-3072,oaep-decrypt,912,1327899,3569334
rsa-3072,oaep-decrypt,913,1329983,3574932
rsa-3072,oaep-decrypt,914,1330543,3576436
rsa-3072,oaep-decrypt,915,1329792,3574424
rsa-3072,oaep-decrypt,916,1705534,4584410
rsa-3072,oaep-decrypt,917,1329216,3572866
rsa-3072,oaep-decrypt,918,1327881,3569282
rsa-3072,oaep-decrypt,919,1332769,3582418
rsa-3072,oaep-decrypt,920,1328806,3571770
rsa-3072,oaep-decrypt,921,1326735,3566204
rsa-3072,oaep-decrypt,922,1330168,3575428
rsa-3072,oaep-decrypt,923,1330198,3575510
rsa-3072,oaep-decrypt,924,1327989,3569568
rsa-3072,oaep-decrypt,925,1327800,3569070
rsa-3072,oaep-decrypt,926,1326764,3566278
rsa-3072,oaep-decrypt,927,1328578,3571158
rsa-3072,oaep-decrypt,928,1330742,3576970
rsa-3072,oaep-decrypt,929,1328447,3570804
rsa-3072,oaep-decrypt,930,1328773,3571682
rsa-3072,oaep-decrypt,931,1331030,3577748
rsa-3072,oaep-decrypt,932,1328235,3570230
rsa-3072,oaep-decrypt,933,1328172,3570058
rsa-3072,oaep-decrypt,934,1328989,3572258
rsa-3072,oaep-decrypt,935,1329178,3572754
rsa-3072,oaep-decrypt,936,1327135,3567276
rsa-3072,oaep-decrypt,937,1329210,3572846
rsa-3072,oaep-decrypt,938,1326617,3565886
rsa-3072,oaep-decrypt,939,1328899,3572008
rsa-3072,oaep-decrypt,940,1329568,3573818
rsa-3072,oaep-decrypt,941,1329098,3572552
rsa-3072,oaep-decrypt,942,1329823,3574496
rsa-3072,oaep-decrypt,943,1329818,3574490
rsa-3072,oaep-decrypt,944,1328563,3571110
rsa-3072,oaep-decrypt,945,1329210,3572848
rsa-3072,oaep-decrypt,946,1328917,3572066
rsa-3072,oaep-decrypt,947,1329816,3574486
rsa-3072,oaep-decrypt,948,1705306,4583792
rsa-3072,oaep-decrypt,949,1327129,3567262
rsa-3072,oaep-decrypt,950,1328985,3572252
rsa-3072,oaep-decrypt,951,1329794,3574428
rsa-3072,oaep-decrypt,952,1328768,3571664
rsa-3072,oaep-decrypt,953,1329499,3573628
rsa-3072,oaep-decrypt,954,1331556,3579162
rsa-3072,oaep-decrypt,955,1326976,3566840
rsa-3072,oaep-decrypt,956,1327212,3567482
rsa-3072,oaep-decrypt,957,1328963,3572178
rsa-3072,oaep-decrypt,958,1329961,3574862
rsa-3072,oaep-decrypt,959,1327414,3568024
rsa-3072,oaep-decrypt,960,1326460,3565454
rsa-3072,oaep-decrypt,961,1328169,3570044
rsa-3072,oaep-decrypt,962,1329611,3573932
rsa-3072,oaep-decrypt,963,1329513,3573664
rsa-3072,oaep-decrypt,964,1331050,3577796
rsa-3072,oaep-decrypt,965,1346755,3620010
rsa-3072,oaep-decrypt,966,1326418,3565356
rsa-3072,oaep-decrypt,967,1329035,3572384
rsa-3072,oaep-decrypt,968,1325718,3563458
rsa-3072,oaep-decrypt,969,1329518,3573674
rsa-3072,oaep-decrypt,970,1328050,3569732
rsa-3072,oaep-decrypt,971,1326853,3566516
rsa-3072,oaep-decrypt,972,1329217,3572866
rsa-3072,oaep-decrypt,973,1328358,3570556
rsa-3072,oaep-decrypt,974,1327604,3568534
rsa-3072,oaep-decrypt,975,1329385,3573326
rsa-3072,oaep-decrypt,976,1327783,3569024
rsa-3072,oaep-decrypt,977,1329368,3573284
rsa-3072,oaep-decrypt,978,1329213,3572860
rsa-3072,oaep-decrypt,979,1328414,3570716
rsa-3072,oaep-decrypt,980,1698144,4564546
rsa-3072,oaep-decrypt,981,1329577,3573840
rsa-3072,oaep-decrypt,982,1327754,3568942
rsa-3072,oaep-decrypt,983,1329349,3573228
rsa-3072,oaep-decrypt,984,1330872,3577324
rsa-3072,oaep-decrypt,985,1329671,3574092
rsa-3072,oaep-decrypt,986,1328043,3569722
rsa-3072,oaep-decrypt,987,1328025,3569668
rsa-3072,oaep-decrypt,988,1328748,3571614
rsa-3072,oaep-decrypt,989,1328579,3571158
rsa-3072,oaep-decrypt,990,1329887,3574668
rsa-3072,oaep-decrypt,991,1329030,3572364
rsa-3072,oaep-decrypt,992,1327744,3568918
rsa-3072,oaep-decrypt,993,1336993,3593774
rsa-3072,oaep-decrypt,994,1328239,3570242
rsa-3072,oaep-decrypt,995,1328596,3571200
rsa-3072,oaep-decrypt,996,1328389,3570648
rsa-3072,oaep-decrypt,997,1328130,3569950
rsa-3072,oaep-decrypt,998,1327332,3567806
rsa-3072,oaep-decrypt,999,1328434,3570766
