algo,op,iter,wall_ns,cycles
rsa-3072,keygen,0,123653168,332379518
rsa-3072,keygen,1,129516490,348140160
rsa-3072,keygen,2,39480167,106122588
rsa-3072,keygen,3,186315383,500815626
rsa-3072,keygen,4,161012493,432801484
rsa-3072,keygen,5,119694972,321739962
rsa-3072,keygen,6,63202789,169889020
rsa-3072,keygen,7,242751214,652515076
rsa-3072,keygen,8,105740515,284230386
rsa-3072,keygen,9,53819521,144666784
rsa-3072,keygen,10,350048350,940929832
rsa-3072,keygen,11,66667363,179201798
rsa-3072,keygen,12,85639666,230199344
rsa-3072,keygen,13,145955086,392327194
rsa-3072,keygen,14,56389121,151573896
rsa-3072,keygen,15,42137329,113265076
rsa-3072,keygen,16,64414430,173145896
rsa-3072,keygen,17,108856320,292605706
rsa-3072,keygen,18,99999205,268797788
rsa-3072,keygen,19,190205006,511270966
rsa-3072,keygen,20,61289691,164746588
rsa-3072,keygen,21,152537063,410019508
rsa-3072,keygen,22,244675284,657687052
rsa-3072,keygen,23,25232141,67823916
rsa-3072,keygen,24,186953837,502531826
rsa-3072,keygen,25,106750645,286945644
rsa-3072,keygen,26,91468735,245867828
rsa-3072,keygen,27,94237452,253310192
rsa-3072,keygen,28,78668333,211460388
rsa-3072,keygen,29,141471878,380276322
rsa-3072,keygen,30,77681317,208807296
rsa-3072,keygen,31,128682714,345898774
rsa-3072,keygen,32,79048140,212481326
rsa-3072,keygen,33,93813745,252171272
rsa-3072,keygen,34,27398096,73646018
rsa-3072,keygen,35,92386642,248335214
rsa-3072,keygen,36,139721694,375571820
rsa-3072,keygen,37,63786212,171457244
rsa-3072,keygen,38,84691850,227651606
rsa-3072,keygen,39,86835789,233414524
rsa-3072,keygen,40,146798845,394595204
rsa-3072,keygen,41,43221947,116180476
rsa-3072,keygen,42,151637317,407601016
rsa-3072,keygen,43,110377531,296694728
rsa-3072,keygen,44,59407235,159686570
rsa-3072,keygen,45,113902285,306169264
rsa-3072,keygen,46,63478156,170629216
rsa-3072,keygen,47,71173885,191315320
rsa-3072,keygen,48,131028043,352203232
rsa-3072,keygen,49,84772113,227867362
rsa-3072,keygen,50,111089324,298608026
rsa-3072,keygen,51,135399777,363954510
rsa-3072,keygen,52,177728825,477734986
rsa-3072,keygen,53,76326431,205165366
rsa-3072,keygen,54,77999553,209662722
rsa-3072,keygen,55,412189136,1107964170
rsa-3072,keygen,56,247662581,665716920
rsa-3072,keygen,57,112724433,303003202
rsa-3072,keygen,58,197096425,529795100
rsa-3072,keygen,59,62027082,166728720
rsa-3072,keygen,60,64336812,172937274
rsa-3072,keygen,61,80576029,216588292
rsa-3072,keygen,62,230614037,619890426
rsa-3072,keygen,63,39529650,106255630
rsa-3072,keygen,64,34729834,93353734
rsa-3072,keygen,65,42393734,113954282
rsa-3072,keygen,66,189204403,508581338
rsa-3072,keygen,67,116861899,314124706
rsa-3072,keygen,68,97805228,262900376
rsa-3072,keygen,69,33115102,89013284
rsa-3072,keygen,70,33704612,90597934
rsa-3072,keygen,71,121316035,326097410
rsa-3072,keygen,72,112998509,303739910
rsa-3072,keygen,73,117781546,316596716
rsa-3072,keygen,74,110231490,296302166
rsa-3072,keygen,75,88057406,236698226
rsa-3072,keygen,76,132129855,355164928
rsa-3072,keygen,77,77261626,207679178
rsa-3072,keygen,78,84445258,226988764
rsa-3072,keygen,79,105116489,282553036
rsa-3072,keygen,80,111778650,300460908
rsa-3072,keygen,81,88011948,236576050
rsa-3072,keygen,82,47027301,126409302
rsa-3072,keygen,83,16492654,44332182
rsa-3072,keygen,84,68568786,184312826
rsa-3072,keygen,85,278488577,748577204
rsa-3072,keygen,86,33966518,91301926
rsa-3072,keygen,87,186407895,501064328
rsa-3072,keygen,88,164861986,443148938
rsa-3072,keygen,89,124102931,333588600
rsa-3072,keygen,90,138213046,371516568
rsa-3072,keygen,91,140336116,377223382
rsa-3072,keygen,92,218837773,588235802
rsa-3072,keygen,93,47922676,128816076
rsa-3072,keygen,94,34281384,92148266
rsa-3072,keygen,95,58977183,158530596
rsa-3072,keygen,96,215962276,580506506
rsa-3072,keygen,97,77585101,208548662
rsa-3072,keygen,98,62601011,168271442
rsa-3072,keygen,99,157473043,423287458
rsa-3072,keygen,100,114370583,307428044
rsa-3072,keygen,101,146007308,392467564
rsa-3072,keygen,102,68344031,183708684
rsa-3072,keygen,103,66533075,178840806
rsa-3072,keygen,104,50177097,134875968
rsa-3072,keygen,105,255468766,686699932
rsa-3072,keygen,106,83513969,224485474
rsa-3072,keygen,107,80904804,217472002
rsa-3072,keygen,108,89301296,240041808
rsa-3072,keygen,109,102869121,276512100
rsa-3072,keygen,110,266143414,715393398
rsa-3072,keygen,111,119203182,320418064
rsa-3072,keygen,112,46962073,126233994
rsa-3072,keygen,113,31266909,84045376
rsa-3072,keygen,114,41634599,111913736
rsa-3072,keygen,115,39900701,107253026
rsa-3072,keygen,116,37947225,102002072
rsa-3072,keygen,117,41889246,112598230
rsa-3072,keygen,118,79447142,213553830
rsa-3072,keygen,119,151366489,406873044
rsa-3072,keygen,120,91808355,246780752
rsa-3072,keygen,121,114720034,308367376
rsa-3072,keygen,122,164543538,442292944
rsa-3072,keygen,123,13837720,37195734
rsa-3072,keygen,124,29368781,78943224
rsa-3072,keygen,125,202062659,543144340
rsa-3072,keygen,126,71895593,193255280
rsa-3072,keygen,127,88089496,236784474
rsa-3072,keygen,128,117797468,316639474
rsa-3072,keygen,129,120209145,323122102
rsa-3072,keygen,130,124002708,333319188
rsa-3072,keygen,131,40450221,108730078
rsa-3072,keygen,132,188640559,507065734
rsa-3072,keygen,133,138727459,372899326
rsa-3072,keygen,134,182032129,489302280
rsa-3072,keygen,135,157848414,424296454
rsa-3072,keygen,136,114316854,307283610
rsa-3072,keygen,137,91729918,246569940
rsa-3072,keygen,138,16459666,44243506
rsa-3072,keygen,139,181851422,488816538
rsa-3072,keygen,140,58483025,157202294
rsa-3072,keygen,141,82120260,220739178
rsa-3072,keygen,142,154656635,415716952
rsa-3072,keygen,143,67152023,180504542
rsa-3072,keygen,144,79064752,212525976
rsa-3072,keygen,145,235600932,633295222
rsa-3072,keygen,146,23423893,62963362
rsa-3072,keygen,147,132183897,355310226
rsa-3072,keygen,148,210130125,564829684
rsa-3072,keygen,149,68378248,183800668
rsa-3072,keygen,150,42092968,113145816
rsa-3072,keygen,151,58081283,156122426
rsa-3072,keygen,152,75550296,203079122
rsa-3072,keygen,153,109499488,294334524
rsa-3072,keygen,154,105666636,284031832
rsa-3072,keygen,155,255156321,685860082
rsa-3072,keygen,156,118312382,318023586
rsa-3072,keygen,157,70392397,189214698
rsa-3072,keygen,158,65091392,174965586
rsa-3072,keygen,159,243665736,654973402
rsa-3072,keygen,160,169942891,456806400
rsa-3072,keygen,161,193477220,520066672
rsa-3072,keygen,162,231142055,621309684
rsa-3072,keygen,163,68796994,184926236
rsa-3072,keygen,164,57981511,155854234
rsa-3072,keygen,165,162635464,437164020
rsa-3072,keygen,166,167059624,449056184
rsa-3072,keygen,167,86254476,231851936
rsa-3072,keygen,168,205903338,553468078
rsa-3072,keygen,169,49410672,132815764
rsa-3072,keygen,170,106620932,286596988
rsa-3072,keygen,171,77035797,207072144
rsa-3072,keygen,172,112598399,302664422
rsa-3072,keygen,173,165223348,444120260
rsa-3072,keygen,174,23408084,62920864
rsa-3072,keygen,175,112725778,303006768
rsa-3072,keygen,176,139511537,375006928
rsa-3072,keygen,177,85908123,230920954
rsa-3072,keygen,178,366405014,984896556
rsa-3072,keygen,179,54465866,146404172
rsa-3072,keygen,180,162309492,436287830
rsa-3072,keygen,181,112215595,301635438
rsa-3072,keygen,182,154052273,414092428
rsa-3072,keygen,183,176391788,474141044
rsa-3072,keygen,184,52568416,141303824
rsa-3072,keygen,185,85489903,229796776
rsa-3072,keygen,186,116853892,314103122
rsa-3072,keygen,187,49287254,132484048
rsa-3072,keygen,188,137449488,369464148
rsa-3072,keygen,189,63923586,171826526
rsa-3072,keygen,190,105526542,283655264
rsa-3072,keygen,191,170811437,459141034
rsa-3072,keygen,192,194514966,522856116
rsa-3072,keygen,193,49059488,131871832
rsa-3072,keygen,194,32425995,87161008
rsa-3072,keygen,195,99297594,266911858
rsa-3072,keygen,196,42666190,114686618
rsa-3072,keygen,197,120540223,324012020
rsa-3072,keygen,198,98703624,265315238
rsa-3072,keygen,199,194083933,521697524
rsa-3072,keygen,200,317483675,853396016
rsa-3072,keygen,201,112802981,303214316
rsa-3072,keygen,202,136164848,366011020
rsa-3072,keygen,203,101861155,273802696
rsa-3072,keygen,204,39598522,106440754
rsa-3072,keygen,205,60028251,161355874
rsa-3072,keygen,206,117996909,317175610
rsa-3072,keygen,207,154371929,414951664
rsa-3072,keygen,208,54031170,145235692
rsa-3072,keygen,209,226540611,608941064
rsa-3072,keygen,210,48064884,129198332
rsa-3072,keygen,211,67443025,181286766
rsa-3072,keygen,212,18567060,49908196
rsa-3072,keygen,213,97268424,261457442
rsa-3072,keygen,214,97619753,262401760
rsa-3072,keygen,215,191324547,514280132
rsa-3072,keygen,216,168072075,451777654
rsa-3072,keygen,217,28197921,75795940
rsa-3072,keygen,218,28962100,77850058
rsa-3072,keygen,219,302461435,813016224
rsa-3072,keygen,220,129081156,346970068
rsa-3072,keygen,221,101580692,273048822
rsa-3072,keygen,222,125329553,336885734
rsa-3072,keygen,223,407094780,1094270650
rsa-3072,keygen,224,194057893,521627508
rsa-3072,keygen,225,119988569,322529174
rsa-3072,keygen,226,60406064,162371384
rsa-3072,keygen,227,54516501,146540278
rsa-3072,keygen,228,158967080,427303430
rsa-3072,keygen,229,125318954,336857260
rsa-3072,keygen,230,189897534,510444482
rsa-3072,keygen,231,18642824,50111800
rsa-3072,keygen,232,135097329,363141536
rsa-3072,keygen,233,225823270,607012818
rsa-3072,keygen,234,49908201,134153148
rsa-3072,keygen,235,25641905,68925364
rsa-3072,keygen,236,55262325,148545066
rsa-3072,keygen,237,84054158,225937466
rsa-3072,keygen,238,94940958,255201216
rsa-3072,keygen,239,36494673,98097618
rsa-3072,keygen,240,27275820,73317324
rsa-3072,keygen,241,78555556,211157268
rsa-3072,keygen,242,55909353,150284254
rsa-3072,keygen,243,183275586,492644668
rsa-3072,keygen,244,103918970,279334112
rsa-3072,keygen,245,52143613,140161964
rsa-3072,keygen,246,73076907,196430650
rsa-3072,keygen,247,128273809,344799906
rsa-3072,keygen,248,145868459,392094310
rsa-3072,keygen,249,61388828,165013098
rsa-3072,keygen,250,80411065,216144862
rsa-3072,keygen,251,50611392,136043340
rsa-3072,keygen,252,152641211,410299490
rsa-3072,keygen,253,229661062,617328828
rsa-3072,keygen,254,73141163,196603360
rsa-3072,keygen,255,84842159,228055626
rsa-3072,keygen,256,41206376,110762666
rsa-3072,keygen,257,80230840,215660420
rsa-3072,keygen,258,292962887,787484128
rsa-3072,keygen,259,112910553,303503486
rsa-3072,keygen,260,38646084,103880614
rsa-3072,keygen,261,113119399,304064820
rsa-3072,keygen,262,228595992,614465936
rsa-3072,keygen,263,243143100,653568514
rsa-3072,keygen,264,195456881,525387974
rsa-3072,keygen,265,163609270,439781634
rsa-3072,keygen,266,368130689,989535176
rsa-3072,keygen,267,111060536,298530640
rsa-3072,keygen,268,66154817,177824070
rsa-3072,keygen,269,226545536,608954312
rsa-3072,keygen,270,91140928,244986724
rsa-3072,keygen,271,68652166,184536940
rsa-3072,keygen,272,66681879,179240828
rsa-3072,keygen,273,35934763,96592568
rsa-3072,keygen,274,31882036,85698842
rsa-3072,keygen,275,39392260,105886328
rsa-3072,keygen,276,143342743,385305146
rsa-3072,keygen,277,141497075,380344054
rsa-3072,keygen,278,121594201,326845136
rsa-3072,keygen,279,234386743,630031410
rsa-3072,keygen,280,72430523,194693172
rsa-3072,keygen,281,150479018,404487514
rsa-3072,keygen,282,281797752,757472260
rsa-3072,keygen,283,145000683,389761746
rsa-3072,keygen,284,118695688,319053922
rsa-3072,keygen,285,84792029,227920890
rsa-3072,keygen,286,51640061,138808408
rsa-3072,keygen,287,88847216,238821238
rsa-3072,keygen,288,214829739,577462230
rsa-3072,keygen,289,87736097,235834566
rsa-3072,keygen,290,33700917,90587960
rsa-3072,keygen,291,126983776,341332262
rsa-3072,keygen,292,144349238,388010670
rsa-3072,keygen,293,65633253,176422110
rsa-3072,keygen,294,240355815,646076328
rsa-3072,keygen,295,171550013,461126290
rsa-3072,keygen,296,138180676,371429576
rsa-3072,keygen,297,77369170,207968256
rsa-3072,keygen,298,139118896,373951514
rsa-3072,keygen,299,21813941,58635794
rsa-3072,keygen,300,50511737,135775450
rsa-3072,keygen,301,267587057,719273918
rsa-3072,keygen,302,73737834,198207236
rsa-3072,keygen,303,414026355,1112902712
rsa-3072,keygen,304,129776705,348839706
rsa-3072,keygen,305,33082574,88925898
rsa-3072,keygen,306,40767028,109581710
rsa-3072,keygen,307,33736785,90684396
rsa-3072,keygen,308,69705520,187368378
rsa-3072,keygen,309,51631392,138785100
rsa-3072,keygen,310,110801950,297835560
rsa-3072,keygen,311,48516606,130412576
rsa-3072,keygen,312,48878016,131384024
rsa-3072,keygen,313,35008435,94102612
rsa-3072,keygen,314,145315124,390606972
rsa-3072,keygen,315,164931187,443334936
rsa-3072,keygen,316,179257950,481845282
rsa-3072,keygen,317,129638670,348468660
rsa-3072,keygen,318,201831617,542523300
rsa-3072,keygen,319,412054020,1107601076
rsa-3072,keygen,320,235861930,633996746
rsa-3072,keygen,321,225414488,605914036
rsa-3072,keygen,322,131810941,354307730
rsa-3072,keygen,323,98161860,263858994
rsa-3072,keygen,324,89493743,240559098
rsa-3072,keygen,325,70394569,189220512
rsa-3072,keygen,326,73048973,196355574
rsa-3072,keygen,327,228004583,612876212
rsa-3072,keygen,328,79868411,214686222
rsa-3072,keygen,329,205128389,551385022
rsa-3072,keygen,330,150203141,403745966
rsa-3072,keygen,331,37255221,100141970
rsa-3072,keygen,332,245421914,659693994
rsa-3072,keygen,333,82309210,221247078
rsa-3072,keygen,334,259065319,696367484
rsa-3072,keygen,335,115465682,310371674
rsa-3072,keygen,336,143679483,386210366
rsa-3072,keygen,337,97840459,262995038
rsa-3072,keygen,338,22971078,61746184
rsa-3072,keygen,339,147865970,397463646
rsa-3072,keygen,340,144697519,388946848
rsa-3072,keygen,341,93954070,252548450
rsa-3072,keygen,342,110896179,298088820
rsa-3072,keygen,343,35847228,96357284
rsa-3072,keygen,344,120852856,324852390
rsa-3072,keygen,345,355236516,954875650
rsa-3072,keygen,346,98516896,264813336
rsa-3072,keygen,347,94477444,253955296
rsa-3072,keygen,348,129014850,346791848
rsa-3072,keygen,349,114141427,306812054
rsa-3072,keygen,350,69897030,187883150
rsa-3072,keygen,351,78415443,210780632
rsa-3072,keygen,352,115471206,310386524
rsa-3072,keygen,353,71040840,190957702
rsa-3072,keygen,354,170874413,459310340
rsa-3072,keygen,355,92547778,248768336
rsa-3072,keygen,356,151367776,406876496
rsa-3072,keygen,357,108749792,292319366
rsa-3072,keygen,358,110997193,298360360
rsa-3072,keygen,359,186503099,501320224
rsa-3072,keygen,360,85206537,229035098
rsa-3072,keygen,361,112170177,301513318
rsa-3072,keygen,362,76294176,205078664
rsa-3072,keygen,363,177323377,476645154
rsa-3072,keygen,364,152152193,408985004
rsa-3072,keygen,365,126082327,338909208
rsa-3072,keygen,366,58398338,156974652
rsa-3072,keygen,367,222800518,598887706
rsa-3072,keygen,368,109647274,294731794
rsa-3072,keygen,369,49905234,134145204
rsa-3072,keygen,370,39387451,105873400
rsa-3072,keygen,371,66664744,179194766
rsa-3072,keygen,372,37043298,99572314
rsa-3072,keygen,373,51308570,137917350
rsa-3072,keygen,374,92792592,249426408
rsa-3072,keygen,375,63946033,171886856
rsa-3072,keygen,376,66121304,177733968
rsa-3072,keygen,377,167256129,449584344
rsa-3072,keygen,378,197468402,530794952
rsa-3072,keygen,379,176045075,473209074
rsa-3072,keygen,380,191252538,514086740
rsa-3072,keygen,381,84353497,226742072
rsa-3072,keygen,382,61133744,164327442
rsa-3072,keygen,383,167377836,449911532
rsa-3072,keygen,384,77634444,208681324
rsa-3072,keygen,385,73924673,198709406
rsa-3072,keygen,386,215004445,577931840
rsa-3072,keygen,387,96935670,260563004
rsa-3072,keygen,388,103558245,278364478
rsa-3072,keygen,389,94689301,254524690
rsa-3072,keygen,390,59496977,159927758
rsa-3072,keygen,391,65934816,177232714
rsa-3072,keygen,392,64159831,172461540
rsa-3072,keygen,393,60452572,162496426
rsa-3072,keygen,394,157083511,422240396
rsa-3072,keygen,395,91926810,247099172
rsa-3072,keygen,396,160184213,430575080
rsa-3072,keygen,397,120411104,323664958
rsa-3072,keygen,398,93949138,252535206
rsa-3072,keygen,399,81077288,217935656
rsa-3072,keygen,400,134150331,360596006
rsa-3072,keygen,401,111392303,299422408
rsa-3072,keygen,402,131997675,354809668
rsa-3072,keygen,403,130298300,350241750
rsa-3072,keygen,404,32982999,88658230
rsa-3072,keygen,405,99159642,266541036
rsa-3072,keygen,406,204647237,550091656
rsa-3072,keygen,407,257948277,693364858
rsa-3072,keygen,408,89380874,240255656
rsa-3072,keygen,409,188320653,506205804
rsa-3072,keygen,410,125406499,337092592
rsa-3072,keygen,411,107596255,289218652
rsa-3072,keygen,412,109960156,295572820
rsa-3072,keygen,413,69942556,188005514
rsa-3072,keygen,414,117194998,315020052
rsa-3072,keygen,415,137409054,369355444
rsa-3072,keygen,416,47163534,126775476
rsa-3072,keygen,417,25953383,69762632
rsa-3072,keygen,418,97347292,261669448
rsa-3072,keygen,419,165800396,445671370
rsa-3072,keygen,420,158254852,425388948
rsa-3072,keygen,421,64133767,172391486
rsa-3072,keygen,422,195468244,525418548
rsa-3072,keygen,423,223242408,600075506
rsa-3072,keygen,424,161765802,434826392
rsa-3072,keygen,425,39423540,105970406
rsa-3072,keygen,426,115492650,310444158
rsa-3072,keygen,427,86635361,232875774
rsa-3072,keygen,428,204830614,550584574
rsa-3072,keygen,429,39225870,105439080
rsa-3072,keygen,430,280421289,753772298
rsa-3072,keygen,431,317468767,853355930
rsa-3072,keygen,432,46084089,123873964
rsa-3072,keygen,433,71000498,190849258
rsa-3072,keygen,434,405413669,1089751832
rsa-3072,keygen,435,82577774,221968984
rsa-3072,keygen,436,116372636,312809522
rsa-3072,keygen,437,188418728,506469416
rsa-3072,keygen,438,186787902,502085794
rsa-3072,keygen,439,49666896,133504546
rsa-3072,keygen,440,99324653,266984582
rsa-3072,keygen,441,164223938,441433850
rsa-3072,keygen,442,182214917,489793576
rsa-3072,keygen,443,122593896,329532286
rsa-3072,keygen,444,197004206,529547202
rsa-3072,keygen,445,198222727,532822594
rsa-3072,keygen,446,63818924,171545196
rsa-3072,keygen,447,175207898,470958722
rsa-3072,keygen,448,41364938,111188878
rsa-3072,keygen,449,88447729,237747382
rsa-3072,keygen,450,260627403,700566370
rsa-3072,keygen,451,112874349,303406168
rsa-3072,keygen,452,88562962,238057166
rsa-3072,keygen,453,46776085,125734054
rsa-3072,keygen,454,33448615,89909806
rsa-3072,keygen,455,201695229,542156664
rsa-3072,keygen,456,153308472,412093058
rsa-3072,keygen,457,102043060,274291656
rsa-3072,keygen,458,63742576,171339968
rsa-3072,keygen,459,147018190,395184808
rsa-3072,keygen,460,68668351,184580452
rsa-3072,keygen,461,41155314,110625420
rsa-3072,keygen,462,128068890,344249092
rsa-3072,keygen,463,22320849,59998382
rsa-3072,keygen,464,96905227,260481162
rsa-3072,keygen,465,57031136,153299626
rsa-3072,keygen,466,98335799,264326548
rsa-3072,keygen,467,52537174,141219848
rsa-3072,keygen,468,155332389,417533378
rsa-3072,keygen,469,60953730,163843548
rsa-3072,keygen,470,38031874,102229612
rsa-3072,keygen,471,142351406,382640496
rsa-3072,keygen,472,88505518,237902738
rsa-3072,keygen,473,179222336,481749556
rsa-3072,keygen,474,57273849,153952026
rsa-3072,keygen,475,55698949,149718656
rsa-3072,keygen,476,123135169,330987254
rsa-3072,keygen,477,42183348,113388766
rsa-3072,keygen,478,391869746,1053345412
rsa-3072,keygen,479,190503307,512072796
rsa-3072,keygen,480,60280978,162035172
rsa-3072,keygen,481,220995870,594036810
rsa-3072,keygen,482,186627726,501655214
rsa-3072,keygen,483,110950952,298236082
rsa-3072,keygen,484,218550981,587464940
rsa-3072,keygen,485,188658128,507112958
rsa-3072,keygen,486,189677069,509851830
rsa-3072,keygen,487,101545370,272953868
rsa-3072,keygen,488,123866019,332951760
rsa-3072,keygen,489,257286747,691586676
rsa-3072,keygen,490,216725356,582557662
rsa-3072,keygen,491,59900249,161011780
rsa-3072,keygen,492,73911811,198674880
rsa-3072,keygen,493,156206417,419882760
rsa-3072,keygen,494,111482354,299664492
rsa-3072,keygen,495,158251290,425379380
rsa-3072,keygen,496,33607252,90336210
rsa-3072,keygen,497,72948653,196085912
rsa-3072,keygen,498,83138873,223477212
rsa-3072,keygen,499,53518264,143857024
rsa-3072,keygen,500,72390891,194586632
rsa-3072,keygen,501,36174647,97237384
rsa-3072,keygen,502,28634059,76968288
rsa-3072,keygen,503,51365307,138069828
rsa-3072,keygen,504,130931544,351943904
rsa-3072,keygen,505,90908397,244361676
rsa-3072,keygen,506,72183740,194029798
rsa-3072,keygen,507,207382591,557444308
rsa-3072,keygen,508,202897681,545388878
rsa-3072,keygen,509,286063981,768939884
rsa-3072,keygen,510,79157932,212776438
rsa-3072,keygen,511,20898321,56174618
rsa-3072,keygen,512,95815971,257553246
rsa-3072,keygen,513,105726861,284193714
rsa-3072,keygen,514,211001037,567170658
rsa-3072,keygen,515,70255533,188846800
rsa-3072,keygen,516,78705626,211560642
rsa-3072,keygen,517,160510735,431452776
rsa-3072,keygen,518,209109446,562086088
rsa-3072,keygen,519,84779812,227887480
rsa-3072,keygen,520,48246995,129687852
rsa-3072,keygen,521,83069948,223291934
rsa-3072,keygen,522,244727160,657826500
rsa-3072,keygen,523,54325769,146027604
rsa-3072,keygen,524,162328211,436338148
rsa-3072,keygen,525,67432872,181259476
rsa-3072,keygen,526,103733005,278834242
rsa-3072,keygen,527,82079569,220629816
rsa-3072,keygen,528,187014980,502696168
rsa-3072,keygen,529,70162958,188597948
rsa-3072,keygen,530,98235995,264058276
rsa-3072,keygen,531,92896286,249705090
rsa-3072,keygen,532,80576761,216590230
rsa-3072,keygen,533,74461074,200151280
rsa-3072,keygen,534,101886523,273870892
rsa-3072,keygen,535,44942648,120805764
rsa-3072,keygen,536,110101400,295952482
rsa-3072,keygen,537,142585037,383268498
rsa-3072,keygen,538,129948401,349301162
rsa-3072,keygen,539,49919100,134182476
rsa-3072,keygen,540,124723381,335256312
rsa-3072,keygen,541,230064408,618413022
rsa-3072,keygen,542,213638392,574259908
rsa-3072,keygen,543,204093954,548604454
rsa-3072,keygen,544,66418046,178531644
rsa-3072,keygen,545,90367960,242908980
rsa-3072,keygen,546,83986512,225755664
rsa-3072,keygen,547,160601046,431695520
rsa-3072,keygen,548,45219627,121550276
rsa-3072,keygen,549,73785558,198335494
rsa-3072,keygen,550,105504411,283595772
rsa-3072,keygen,551,47449552,127544330
rsa-3072,keygen,552,189082539,508253770
rsa-3072,keygen,553,107401078,288694012
rsa-3072,keygen,554,162438537,436634688
rsa-3072,keygen,555,173719921,466959064
rsa-3072,keygen,556,47507628,127700420
rsa-3072,keygen,557,108963115,292892768
rsa-3072,keygen,558,197579730,531094228
rsa-3072,keygen,559,59715642,160515582
rsa-3072,keygen,560,116793182,313939972
rsa-3072,keygen,561,164337616,441739430
rsa-3072,keygen,562,97244853,261394090
rsa-3072,keygen,563,80565607,216560272
rsa-3072,keygen,564,34553754,92880424
rsa-3072,keygen,565,118100949,317455272
rsa-3072,keygen,566,24865722,66838958
rsa-3072,keygen,567,184211278,495159812
rsa-3072,keygen,568,66667166,179201266
rsa-3072,keygen,569,130100378,349709734
rsa-3072,keygen,570,188181237,505831078
rsa-3072,keygen,571,103208774,277425108
rsa-3072,keygen,572,47815733,128528606
rsa-3072,keygen,573,130885659,351820564
rsa-3072,keygen,574,91227830,245220326
rsa-3072,keygen,575,167558393,450396838
rsa-3072,keygen,576,57483920,154516696
rsa-3072,keygen,577,369572007,993409458
rsa-3072,keygen,578,109214875,293569464
rsa-3072,keygen,579,236013979,634405484
rsa-3072,keygen,580,144690911,388929084
rsa-3072,keygen,581,33093206,88954462
rsa-3072,keygen,582,155014881,416679908
rsa-3072,keygen,583,44425796,119416456
rsa-3072,keygen,584,348016403,935467994
rsa-3072,keygen,585,128807433,346234288
rsa-3072,keygen,586,37609060,101093078
rsa-3072,keygen,587,62515085,168040470
rsa-3072,keygen,588,135909811,365325494
rsa-3072,keygen,589,72806669,195704236
rsa-3072,keygen,590,130697011,351313480
rsa-3072,keygen,591,185872002,499623860
rsa-3072,keygen,592,93964996,252577830
rsa-3072,keygen,593,57014619,153255198
rsa-3072,keygen,594,189952792,510593022
rsa-3072,keygen,595,47667471,128130098
rsa-3072,keygen,596,119798904,322019366
rsa-3072,keygen,597,58213085,156476692
rsa-3072,keygen,598,62713512,168573834
rsa-3072,keygen,599,94931930,255176934
rsa-3072,keygen,600,137601761,369873402
rsa-3072,keygen,601,29742194,79946588
rsa-3072,keygen,602,149102996,400788718
rsa-3072,keygen,603,54252560,145830814
rsa-3072,keygen,604,69279617,186223528
rsa-3072,keygen,605,198921430,534700716
rsa-3072,keygen,606,208135455,559467974
rsa-3072,keygen,607,131878819,354490176
rsa-3072,keygen,608,48989452,131683560
rsa-3072,keygen,609,110681524,297511854
rsa-3072,keygen,610,94509889,254042520
rsa-3072,keygen,611,200978381,540229790
rsa-3072,keygen,612,145642486,391486916
rsa-3072,keygen,613,191633169,515109858
rsa-3072,keygen,614,159775346,429476010
rsa-3072,keygen,615,129770960,348824252
rsa-3072,keygen,616,132795026,356952936
rsa-3072,keygen,617,69734965,187447512
rsa-3072,keygen,618,88422034,237678360
rsa-3072,keygen,619,105725662,284190510
rsa-3072,keygen,620,193832305,521021162
rsa-3072,keygen,621,236695837,636238322
rsa-3072,keygen,622,72112814,193839140
rsa-3072,keygen,623,62508364,168022418
rsa-3072,keygen,624,95308094,256188076
rsa-3072,keygen,625,47303898,127152804
rsa-3072,keygen,626,215209964,578484302
rsa-3072,keygen,627,203578787,547219698
rsa-3072,keygen,628,265807684,714490966
rsa-3072,keygen,629,43435086,116753450
rsa-3072,keygen,630,93051790,250123142
rsa-3072,keygen,631,84363590,226769250
rsa-3072,keygen,632,97203958,261284174
rsa-3072,keygen,633,52302344,140588632
rsa-3072,keygen,634,153721471,413203234
rsa-3072,keygen,635,159561904,428902318
rsa-3072,keygen,636,90953977,244484216
rsa-3072,keygen,637,305348683,820777172
rsa-3072,keygen,638,88760858,238589112
rsa-3072,keygen,639,55440258,149023334
rsa-3072,keygen,640,172814788,464526070
rsa-3072,keygen,641,218822082,588193670
rsa-3072,keygen,642,135657497,364647274
rsa-3072,keygen,643,60690026,163134726
rsa-3072,keygen,644,41537889,111653780
rsa-3072,keygen,645,218728928,587943278
rsa-3072,keygen,646,247499891,665279624
rsa-3072,keygen,647,218406035,587075340
rsa-3072,keygen,648,90045308,242041720
rsa-3072,keygen,649,56567720,152053966
rsa-3072,keygen,650,59580889,160153366
rsa-3072,keygen,651,127713886,343294850
rsa-3072,keygen,652,142709933,383604228
rsa-3072,keygen,653,186826848,502190488
rsa-3072,keygen,654,148996885,400503552
rsa-3072,keygen,655,99559788,267616628
rsa-3072,keygen,656,48492399,130347466
rsa-3072,keygen,657,162769792,437525122
rsa-3072,keygen,658,131198087,352660386
rsa-3072,keygen,659,154470639,415217004
rsa-3072,keygen,660,148349982,398764682
rsa-3072,keygen,661,423716074,1138948702
rsa-3072,keygen,662,241343049,648730030
rsa-3072,keygen,663,61397712,165036950
rsa-3072,keygen,664,54328275,146034328
rsa-3072,keygen,665,270967317,728360054
rsa-3072,keygen,666,104165098,279995714
rsa-3072,keygen,667,89091368,239477522
rsa-3072,keygen,668,40338105,108428762
rsa-3072,keygen,669,112933936,303566340
rsa-3072,keygen,670,91512101,245984438
rsa-3072,keygen,671,90299954,242726208
rsa-3072,keygen,672,271855420,730747274
rsa-3072,keygen,673,178541986,479920734
rsa-3072,keygen,674,106554129,286417420
rsa-3072,keygen,675,55477665,149123894
rsa-3072,keygen,676,182376822,490228814
rsa-3072,keygen,677,159792535,429522256
rsa-3072,keygen,678,242611718,652140208
rsa-3072,keygen,679,74646659,200650150
rsa-3072,keygen,680,197806041,531702516
rsa-3072,keygen,681,56242120,151178744
rsa-3072,keygen,682,48549290,130500426
rsa-3072,keygen,683,126796966,340830168
rsa-3072,keygen,684,142459916,382932176
rsa-3072,keygen,685,84228120,226405116
rsa-3072,keygen,686,409105826,1099676364
rsa-3072,keygen,687,44509982,119642764
rsa-3072,keygen,688,96251293,258723400
rsa-3072,keygen,689,109192150,293508426
rsa-3072,keygen,690,103471883,278132348
rsa-3072,keygen,691,39319222,105690002
rsa-3072,keygen,692,51678963,138912982
rsa-3072,keygen,693,189282285,508790696
rsa-3072,keygen,694,162324889,436329220
rsa-3072,keygen,695,174235146,468343994
rsa-3072,keygen,696,175629354,472091620
rsa-3072,keygen,697,113638364,305459850
rsa-3072,keygen,698,35110025,94375678
rsa-3072,keygen,699,91291813,245392282
rsa-3072,keygen,700,733530427,1971729646
rsa-3072,keygen,701,40115467,107830312
rsa-3072,keygen,702,185865150,499605448
rsa-3072,keygen,703,63142150,169726034
rsa-3072,keygen,704,97853151,263029198
rsa-3072,keygen,705,121548814,326723142
rsa-3072,keygen,706,41614267,111859086
rsa-3072,keygen,707,335200446,901018704
rsa-3072,keygen,708,40249567,108190768
rsa-3072,keygen,709,95961528,257944518
rsa-3072,keygen,710,53383705,143495332
rsa-3072,keygen,711,25267297,67918424
rsa-3072,keygen,712,83302061,223915840
rsa-3072,keygen,713,26644757,71621040
rsa-3072,keygen,714,90358417,242883356
rsa-3072,keygen,715,42685868,114739544
rsa-3072,keygen,716,122528470,329356456
rsa-3072,keygen,717,157495380,423347506
rsa-3072,keygen,718,90862820,244239192
rsa-3072,keygen,719,71752888,192871700
rsa-3072,keygen,720,39696080,106702998
rsa-3072,keygen,721,74869244,201248452
rsa-3072,keygen,722,110286887,296451074
rsa-3072,keygen,723,57896767,155626444
rsa-3072,keygen,724,150330666,404088750
rsa-3072,keygen,725,186317237,500820652
rsa-3072,keygen,726,77025772,207045204
rsa-3072,keygen,727,187099032,502922114
rsa-3072,keygen,728,188229398,505960546
rsa-3072,keygen,729,86483443,232467420
rsa-3072,keygen,730,79814668,214541748
rsa-3072,keygen,731,69236130,186106652
rsa-3072,keygen,732,145625856,391442218
rsa-3072,keygen,733,133682461,359338378
rsa-3072,keygen,734,149385821,401548958
rsa-3072,keygen,735,275049732,739333598
rsa-3072,keygen,736,78048223,209793554
rsa-3072,keygen,737,102328086,275057818
rsa-3072,keygen,738,110014473,295718798
rsa-3072,keygen,739,32627894,87703706
rsa-3072,keygen,740,74650513,200660514
rsa-3072,keygen,741,52388202,140819410
rsa-3072,keygen,742,107886070,289997680
rsa-3072,keygen,743,33387556,89745686
rsa-3072,keygen,744,84837066,228041964
rsa-3072,keygen,745,133367508,358491782
rsa-3072,keygen,746,92641724,249020888
rsa-3072,keygen,747,98949684,265976672
rsa-3072,keygen,748,227825675,612395336
rsa-3072,keygen,749,84785931,227904506
rsa-3072,keygen,750,52527601,141194126
rsa-3072,keygen,751,247529122,665358170
rsa-3072,keygen,752,118689145,319036350
rsa-3072,keygen,753,44829178,120500758
rsa-3072,keygen,754,166538648,447655798
rsa-3072,keygen,755,297813612,800522900
rsa-3072,keygen,756,65095973,174977880
rsa-3072,keygen,757,174110518,468008996
rsa-3072,keygen,758,160206981,430636294
rsa-3072,keygen,759,314204514,844581636
rsa-3072,keygen,760,249006464,669329288
rsa-3072,keygen,761,101538625,272935746
rsa-3072,keygen,762,101569918,273019840
rsa-3072,keygen,763,34948834,93942392
rsa-3072,keygen,764,90496187,243253670
rsa-3072,keygen,765,79275762,213093164
rsa-3072,keygen,766,230265349,618953174
rsa-3072,keygen,767,64110795,172329748
rsa-3072,keygen,768,99103564,266390308
rsa-3072,keygen,769,25287363,67972368
rsa-3072,keygen,770,144606102,388701124
rsa-3072,keygen,771,97895375,263142664
rsa-3072,keygen,772,128217780,344649324
rsa-3072,keygen,773,233349021,627242088
rsa-3072,keygen,774,108958467,292880286
rsa-3072,keygen,775,93966395,252581594
rsa-3072,keygen,776,86243405,231822194
rsa-3072,keygen,777,75533299,203033388
rsa-3072,keygen,778,73065095,196398910
rsa-3072,keygen,779,253824169,682279276
rsa-3072,keygen,780,34003782,91402098
rsa-3072,keygen,781,110369008,296671822
rsa-3072,keygen,782,91307100,245433420
rsa-3072,keygen,783,257647398,692556118
rsa-3072,keygen,784,67407810,181192120
rsa-3072,keygen,785,232874361,625966194
rsa-3072,keygen,786,211303972,567984958
rsa-3072,keygen,787,291485934,783514104
rsa-3072,keygen,788,224169865,602568520
rsa-3072,keygen,789,139752624,375654980
rsa-3072,keygen,790,328937039,884182656
rsa-3072,keygen,791,84603416,227413908
rsa-3072,keygen,792,108927549,292797184
rsa-3072,keygen,793,145489551,391075822
rsa-3072,keygen,794,72517947,194928168
rsa-3072,keygen,795,56234929,151159418
rsa-3072,keygen,796,41065434,110383820
rsa-3072,keygen,797,245269931,659285488
rsa-3072,keygen,798,110687622,297528262
rsa-3072,keygen,799,72006708,193553956
rsa-3072,keygen,800,225374625,605806900
rsa-3072,keygen,801,306719615,824462236
rsa-3072,keygen,802,220460795,592598534
rsa-3072,keygen,803,66917400,179873772
rsa-3072,keygen,804,305335561,820741900
rsa-3072,keygen,805,54646868,146890706
rsa-3072,keygen,806,173310386,465858238
rsa-3072,keygen,807,97781550,262836738
rsa-3072,keygen,808,86827780,233392926
rsa-3072,keygen,809,77694003,208841404
rsa-3072,keygen,810,66762044,179456262
rsa-3072,keygen,811,50053084,134542624
rsa-3072,keygen,812,96286364,258817676
rsa-3072,keygen,813,56064460,150701206
rsa-3072,keygen,814,150368538,404190560
rsa-3072,keygen,815,150949003,405750848
rsa-3072,keygen,816,98681949,265256976
rsa-3072,keygen,817,162504079,436810894
rsa-3072,keygen,818,48444068,130217580
rsa-3072,keygen,819,152886383,410958524
rsa-3072,keygen,820,80803322,217199258
rsa-3072,keygen,821,87845982,236129932
rsa-3072,keygen,822,102839294,276431942
rsa-3072,keygen,823,86545378,232633908
rsa-3072,keygen,824,170138056,457331014
rsa-3072,keygen,825,117732811,316465720
rsa-3072,keygen,826,21225234,57053366
rsa-3072,keygen,827,57051766,153355060
rsa-3072,keygen,828,150524729,404610396
rsa-3072,keygen,829,335680182,902308242
rsa-3072,keygen,830,88502745,237895310
rsa-3072,keygen,831,49615119,133365368
rsa-3072,keygen,832,123303206,331438938
rsa-3072,keygen,833,107420490,288746202
rsa-3072,keygen,834,45543797,122421664
rsa-3072,keygen,835,145298878,390563304
rsa-3072,keygen,836,54135045,145514930
rsa-3072,keygen,837,75317025,202452084
rsa-3072,keygen,838,181961573,489112550
rsa-3072,keygen,839,183847037,494180760
rsa-3072,keygen,840,85361785,229452402
rsa-3072,keygen,841,39385268,105867532
rsa-3072,keygen,842,94730143,254634556
rsa-3072,keygen,843,133169107,357958480
rsa-3072,keygen,844,117839022,316751178
rsa-3072,keygen,845,67859084,182405144
rsa-3072,keygen,846,295486843,794268544
rsa-3072,keygen,847,86140615,231545908
rsa-3072,keygen,848,111170729,298826848
rsa-3072,keygen,849,78324810,210537022
rsa-3072,keygen,850,53061768,142629966
rsa-3072,keygen,851,115706067,311017838
rsa-3072,keygen,852,96102011,258322138
rsa-3072,keygen,853,163357259,439104230
rsa-3072,keygen,854,67063769,180267334
rsa-3072,keygen,855,114682931,308267640
rsa-3072,keygen,856,43314783,116430068
rsa-3072,keygen,857,148102715,398100028
rsa-3072,keygen,858,86482084,232463774
rsa-3072,keygen,859,23001106,61826904
rsa-3072,keygen,860,16414299,44121570
rsa-3072,keygen,861,99361360,267083270
rsa-3072,keygen,862,98843184,265690408
rsa-3072,keygen,863,147359882,396103284
rsa-3072,keygen,864,112489511,302371682
rsa-3072,keygen,865,117114847,314804628
rsa-3072,keygen,866,117914732,316954720
rsa-3072,keygen,867,30154257,81054574
rsa-3072,keygen,868,108529112,291726176
rsa-3072,keygen,869,302924545,814261084
rsa-3072,keygen,870,32494431,87344968
rsa-3072,keygen,871,119568835,321400956
rsa-3072,keygen,872,311382719,836996634
rsa-3072,keygen,873,83700831,224987764
rsa-3072,keygen,874,244909798,658317436
rsa-3072,keygen,875,235232462,632304778
rsa-3072,keygen,876,172988208,464992220
rsa-3072,keygen,877,77677655,208797470
rsa-3072,keygen,878,190087609,510955418
rsa-3072,keygen,879,110194868,296203732
rsa-3072,keygen,880,27436054,73748044
rsa-3072,keygen,881,72059531,193695946
rsa-3072,keygen,882,54099345,145418968
rsa-3072,keygen,883,99337556,267019276
rsa-3072,keygen,884,101475971,272767328
rsa-3072,keygen,885,210643966,566210880
rsa-3072,keygen,886,46642106,125373910
rsa-3072,keygen,887,251994515,677361172
rsa-3072,keygen,888,101219664,272078390
rsa-3072,keygen,889,48297323,129823094
rsa-3072,keygen,890,77839420,209232290
rsa-3072,keygen,891,79824457,214568066
rsa-3072,keygen,892,190032815,510808112
rsa-3072,keygen,893,124976143,335935794
rsa-3072,keygen,894,44410333,119374912
rsa-3072,keygen,895,51235994,137721312
rsa-3072,keygen,896,45480390,122251222
rsa-3072,keygen,897,110516418,297068030
rsa-3072,keygen,898,288456177,775370066
rsa-3072,keygen,899,51635209,138795380
rsa-3072,keygen,900,72216176,194116970
rsa-3072,keygen,901,23688782,63675382
rsa-3072,keygen,902,287638743,773172792
rsa-3072,keygen,903,204114789,548660466
rsa-3072,keygen,904,65432155,175881532
rsa-3072,keygen,905,101310480,272322482
rsa-3072,keygen,906,44643870,120002654
rsa-3072,keygen,907,60171755,161741596
rsa-3072,keygen,908,48345527,129952704
rsa-3072,keygen,909,186583627,501536682
rsa-3072,keygen,910,38649130,103888792
rsa-3072,keygen,911,225302982,605614326
rsa-3072,keygen,912,152058604,408733446
rsa-3072,keygen,913,91427751,245757720
rsa-3072,keygen,914,106243266,285581824
rsa-3072,keygen,915,47905499,128769896
rsa-3072,keygen,916,153984848,413911180
rsa-3072,keygen,917,82038250,220518742
rsa-3072,keygen,918,73334976,197124320
rsa-3072,keygen,919,54014469,145190834
rsa-3072,keygen,920,88185408,237042302
rsa-3072,keygen,921,125301256,336809692
rsa-3072,keygen,922,117456347,315722584
rsa-3072,keygen,923,23911526,64274100
rsa-3072,keygen,924,353992024,951530424
rsa-3072,keygen,925,170435283,458129954
rsa-3072,keygen,926,31175163,83798776
rsa-3072,keygen,927,51171812,137549768
rsa-3072,keygen,928,95094308,255613420
rsa-3072,keygen,929,293488806,788897818
rsa-3072,keygen,930,45700611,122843172
rsa-3072,keygen,931,173386663,466063228
rsa-3072,keygen,932,83246236,223765808
rsa-3072,keygen,933,108954291,292869054
rsa-3072,keygen,934,44059571,118432044
rsa-3072,keygen,935,113416152,304862528
rsa-3072,keygen,936,94247248,253336474
rsa-3072,keygen,937,67692606,181957660
rsa-3072,keygen,938,207829571,558645788
rsa-3072,keygen,939,77709842,208883972
rsa-3072,keygen,940,178626192,480147124
rsa-3072,keygen,941,59467218,159847800
rsa-3072,keygen,942,225896446,607209562
rsa-3072,keygen,943,46972664,126262458
rsa-3072,keygen,944,59945391,161133132
rsa-3072,keygen,945,131902209,354553056
rsa-3072,keygen,946,54579502,146709620
rsa-3072,keygen,947,216196132,581134878
rsa-3072,keygen,948,231279937,621680370
rsa-3072,keygen,949,265626866,714004912
rsa-3072,keygen,950,58643630,157634010
rsa-3072,keygen,951,140990882,378983410
rsa-3072,keygen,952,303580602,816024556
rsa-3072,keygen,953,87560032,235361290
rsa-3072,keygen,954,402695155,1082444466
rsa-3072,keygen,955,26931745,72392446
rsa-3072,keygen,956,126515122,340072568
rsa-3072,keygen,957,88648427,238286882
rsa-3072,keygen,958,43112436,115886160
rsa-3072,keygen,959,401909279,1080332036
rsa-3072,keygen,960,104100369,279821708
rsa-3072,keygen,961,34460113,92628722
rsa-3072,keygen,962,98905385,265857550
rsa-3072,keygen,963,96051953,258187578
rsa-3072,keygen,964,183335676,492806212
rsa-3072,keygen,965,322514860,866919844
rsa-3072,keygen,966,148083848,398049284
rsa-3072,keygen,967,193219284,519373352
rsa-3072,keygen,968,101759998,273530804
rsa-3072,keygen,969,306296050,823323678
rsa-3072,keygen,970,104186876,280054216
rsa-3072,keygen,971,49540401,133164522
rsa-3072,keygen,972,90578574,243475134
rsa-3072,keygen,973,132698124,356692476
rsa-3072,keygen,974,68004191,182795192
rsa-3072,keygen,975,64946043,174574898
rsa-3072,keygen,976,105125964,282578512
rsa-3072,keygen,977,104930847,282054034
rsa-3072,keygen,978,48465687,130275682
rsa-3072,keygen,979,62772045,168731184
rsa-3072,keygen,980,20029448,53839098
rsa-3072,keygen,981,458347725,1232038556
rsa-3072,keygen,982,242504784,651852766
rsa-3072,keygen,983,113391222,304795482
rsa-3072,keygen,984,265322876,713187802
rsa-3072,keygen,985,156435271,420497906
rsa-3072,keygen,986,115423332,310257838
rsa-3072,keygen,987,33001151,88707032
rsa-3072,keygen,988,162621202,437125712
rsa-3072,keygen,989,117944193,317033910
rsa-3072,keygen,990,128968862,346668226
rsa-3072,keygen,991,38798676,104290770
rsa-3072,keygen,992,80729049,216999622
rsa-3072,keygen,993,40793728,109653468
rsa-3072,keygen,994,39368529,105822542
rsa-3072,keygen,995,219096559,588931460
rsa-3072,keygen,996,114271489,307161664
rsa-3072,keygen,997,189808407,510204912
rsa-3072,keygen,998,102894493,276580316
rsa-3072,keygen,999,160186940,430582402
rsa-3072,pss-sign,0,1329130,3572580
rsa-3072,pss-sign,1,1326074,3564388
rsa-3072,pss-sign,2,1326895,3566608
rsa-3072,pss-sign,3,1327992,3569552
rsa-3072,pss-sign,4,1326199,3564724
rsa-3072,pss-sign,5,1333853,3585332
rsa-3072,pss-sign,6,1324307,3559672
rsa-3072,pss-sign,7,1328079,3569816
rsa-3072,pss-sign,8,1326339,3565140
rsa-3072,pss-sign,9,1326226,3564836
rsa-3072,pss-sign,10,1326873,3566574
rsa-3072,pss-sign,11,1327325,3567792
rsa-3072,pss-sign,12,1325491,3562864
rsa-3072,pss-sign,13,1326542,3565684
rsa-3072,pss-sign,14,1711482,4600372
rsa-3072,pss-sign,15,1326391,3565270
rsa-3072,pss-sign,16,1329531,3573720
rsa-3072,pss-sign,17,1344889,3614994
rsa-3072,pss-sign,18,1325566,3563062
rsa-3072,pss-sign,19,1327120,3567238
rsa-3072,pss-sign,20,1327067,3567098
rsa-3072,pss-sign,21,1327335,3567814
rsa-3072,pss-sign,22,1327185,3567416
rsa-3072,pss-sign,23,1327770,3568988
rsa-3072,pss-sign,24,1327691,3568780
rsa-3072,pss-sign,25,1328811,3571784
rsa-3072,pss-sign,26,1327285,3567684
rsa-3072,pss-sign,27,1326742,3566220
rsa-3072,pss-sign,28,1326268,3564950
rsa-3072,pss-sign,29,1324358,3559816
rsa-3072,pss-sign,30,1326621,3565898
rsa-3072,pss-sign,31,1327411,3568022
rsa-3072,pss-sign,32,1327721,3568856
rsa-3072,pss-sign,33,1325593,3563124
rsa-3072,pss-sign,34,1327232,3567542
rsa-3072,pss-sign,35,1324047,3558978
rsa-3072,pss-sign,36,1327057,3567072
rsa-3072,pss-sign,37,1326428,3565378
rsa-3072,pss-sign,38,1326298,3565028
rsa-3072,pss-sign,39,1327388,3567960
rsa-3072,pss-sign,40,1328272,3570340
rsa-3072,pss-sign,41,1328995,3572274
rsa-3072,pss-sign,42,1325471,3562808
rsa-3072,pss-sign,43,1325558,3563040
rsa-3072,pss-sign,44,1325717,3563468
rsa-3072,pss-sign,45,1328098,3569874
rsa-3072,pss-sign,46,1704350,4581234
rsa-3072,pss-sign,47,1326086,3564458
rsa-3072,pss-sign,48,1326446,3565426
rsa-3072,pss-sign,49,1328781,3571694
rsa-3072,pss-sign,50,1326432,3565392
rsa-3072,pss-sign,51,1326288,3564998
rsa-3072,pss-sign,52,1328486,3570912
rsa-3072,pss-sign,53,1328029,3569682
rsa-3072,pss-sign,54,1327349,3567848
rsa-3072,pss-sign,55,1327688,3568760
rsa-3072,pss-sign,56,1327766,3568976
rsa-3072,pss-sign,57,1326999,3566912
rsa-3072,pss-sign,58,1326486,3565522
rsa-3072,pss-sign,59,1327957,3569486
rsa-3072,pss-sign,60,1326787,3566350
rsa-3072,pss-sign,61,1328271,3570336
rsa-3072,pss-sign,62,1324592,3560450
rsa-3072,pss-sign,63,1327362,3567882
rsa-3072,pss-sign,64,1328494,3570936
rsa-3072,pss-sign,65,1324251,3559526
rsa-3072,pss-sign,66,1327246,3567572
rsa-3072,pss-sign,67,1328593,3571194
rsa-3072,pss-sign,68,1326738,3566218
rsa-3072,pss-sign,69,1328518,3570996
rsa-3072,pss-sign,70,1328715,3571522
rsa-3072,pss-sign,71,1331293,3578428
rsa-3072,pss-sign,72,1326657,3565994
rsa-3072,pss-sign,73,1327640,3568634
rsa-3072,pss-sign,74,1338727,3598428
rsa-3072,pss-sign,75,1328210,3570164
rsa-3072,pss-sign,76,1326962,3566814
rsa-3072,pss-sign,77,1324843,3561118
rsa-3072,pss-sign,78,1697661,4563254
rsa-3072,pss-sign,79,1328306,3570420
rsa-3072,pss-sign,80,1324822,3561066
rsa-3072,pss-sign,81,1327537,3568356
rsa-3072,pss-sign,82,1327016,3566936
rsa-3072,pss-sign,83,1326584,3565790
rsa-3072,pss-sign,84,1326894,3566630
rsa-3072,pss-sign,85,1327909,3569360
rsa-3072,pss-sign,86,1327088,3567154
rsa-3072,pss-sign,87,1327071,3567104
rsa-3072,pss-sign,88,1325260,3562242
rsa-3072,pss-sign,89,1325916,3563996
rsa-3072,pss-sign,90,1328878,3571968
rsa-3072,pss-sign,91,1328737,3571578
rsa-3072,pss-sign,92,1325355,3562492
rsa-3072,pss-sign,93,1328149,3570004
rsa-3072,pss-sign,94,1325535,3562984
rsa-3072,pss-sign,95,1328061,3569768
rsa-3072,pss-sign,96,1327274,3567656
rsa-3072,pss-sign,97,1325455,3562766
rsa-3072,pss-sign,98,1326892,3566628
rsa-3072,pss-sign,99,1327526,3568328
rsa-3072,pss-sign,100,1326702,3566120
rsa-3072,pss-sign,101,1322547,3554948
rsa-3072,pss-sign,102,1327653,3568672
rsa-3072,pss-sign,103,1328945,3572138
rsa-3072,pss-sign,104,1325932,3564046
rsa-3072,pss-sign,105,1324203,3559398
rsa-3072,pss-sign,106,1328268,3570326
rsa-3072,pss-sign,107,1326643,3565956
rsa-3072,pss-sign,108,1327905,3569354
rsa-3072,pss-sign,109,1326988,3566882
rsa-3072,pss-sign,110,1700332,4570426
rsa-3072,pss-sign,111,1327370,3567910
rsa-3072,pss-sign,112,1325762,3563588
rsa-3072,pss-sign,113,1324457,3560082
rsa-3072,pss-sign,114,1326095,3564490
rsa-3072,pss-sign,115,1326121,3564544
rsa-3072,pss-sign,116,1327127,3567260
rsa-3072,pss-sign,117,1324523,3560256
rsa-3072,pss-sign,118,1334161,3586168
rsa-3072,pss-sign,119,1327280,3567662
rsa-3072,pss-sign,120,1323447,3557360
rsa-3072,pss-sign,121,1323469,3557424
rsa-3072,pss-sign,122,1325457,3562768
rsa-3072,pss-sign,123,1326092,3564466
rsa-3072,pss-sign,124,1327491,3568232
rsa-3072,pss-sign,125,1326945,3566778
rsa-3072,pss-sign,126,1328316,3570452
rsa-3072,pss-sign,127,1328056,3569754
rsa-3072,pss-sign,128,1326019,3564276
rsa-3072,pss-sign,129,1327892,3569312
rsa-3072,pss-sign,130,1327670,3568720
rsa-3072,pss-sign,131,1324761,3560894
rsa-3072,pss-sign,132,1327368,3567898
rsa-3072,pss-sign,133,1326443,3565422
rsa-3072,pss-sign,134,1326150,3564636
rsa-3072,pss-sign,135,1327466,3568160
rsa-3072,pss-sign,136,1324408,3559944
rsa-3072,pss-sign,137,1326934,3566744
rsa-3072,pss-sign,138,1329430,3573456
rsa-3072,pss-sign,139,1325107,3561826
rsa-3072,pss-sign,140,1326061,3564382
rsa-3072,pss-sign,141,1327323,3567780
rsa-3072,pss-sign,142,1707522,4589756
rsa-3072,pss-sign,143,1328217,3570178
rsa-3072,pss-sign,144,1327179,3567400
rsa-3072,pss-sign,145,1326568,3565758
rsa-3072,pss-sign,146,1327209,3567480
rsa-3072,pss-sign,147,1325644,3563274
rsa-3072,pss-sign,148,1331066,3577826
rsa-3072,pss-sign,149,1328231,3570218
rsa-3072,pss-sign,150,1327282,3567676
rsa-3072,pss-sign,151,1325020,3561596
rsa-3072,pss-sign,152,1326282,3564992
rsa-3072,pss-sign,153,1327303,3567730
rsa-3072,pss-sign,154,1325431,3562702
rsa-3072,pss-sign,155,1328773,3571684
rsa-3072,pss-sign,156,1327145,3567312
rsa-3072,pss-sign,157,1326663,3566010
rsa-3072,pss-sign,158,1327766,3568974
rsa-3072,pss-sign,159,1324407,3559944
rsa-3072,pss-sign,160,1323486,3557472
rsa-3072,pss-sign,161,1327889,3569308
rsa-3072,pss-sign,162,1326802,3566384
rsa-3072,pss-sign,163,1325885,3563918
rsa-3072,pss-sign,164,1327113,3567222
rsa-3072,pss-sign,165,1326450,3565440
rsa-3072,pss-sign,166,1326888,3566616
rsa-3072,pss-sign,167,1327986,3569570
rsa-3072,pss-sign,168,1325433,3562708
rsa-3072,pss-sign,169,1327013,3566952
rsa-3072,pss-sign,170,1325522,3562898
rsa-3072,pss-sign,171,1327380,3567942
rsa-3072,pss-sign,172,1325452,3562760
rsa-3072,pss-sign,173,1324079,3559066
rsa-3072,pss-sign,174,1712858,4604102
rsa-3072,pss-sign,175,1328245,3570262
rsa-3072,pss-sign,176,1327634,3568620
rsa-3072,pss-sign,177,1327570,3568450
rsa-3072,pss-sign,178,1327712,3568820
rsa-3072,pss-sign,179,1329781,3574390
rsa-3072,pss-sign,180,1326269,3564952
rsa-3072,pss-sign,181,1327416,3568032
rsa-3072,pss-sign,182,1327046,3567042
rsa-3072,pss-sign,183,1326539,3565678
rsa-3072,pss-sign,184,1325631,3563228
rsa-3072,pss-sign,185,1326504,3565572
rsa-3072,pss-sign,186,1324996,3561530
rsa-3072,pss-sign,187,1324845,3561120
rsa-3072,pss-sign,188,1325834,3563774
rsa-3072,pss-sign,189,1327226,3567522
rsa-3072,pss-sign,190,1325669,3563338
rsa-3072,pss-sign,191,1327642,3568644
rsa-3072,pss-sign,192,1326784,3566326
rsa-3072,pss-sign,193,1325352,3562478
rsa-3072,pss-sign,194,1329391,3573344
rsa-3072,pss-sign,195,1325883,3563912
rsa-3072,pss-sign,196,1326287,3564996
rsa-3072,pss-sign,197,1326896,3566630
rsa-3072,pss-sign,198,1326011,3564260
rsa-3072,pss-sign,199,1325291,3562314
rsa-3072,pss-sign,200,1327001,3566912
rsa-3072,pss-sign,201,1327343,3567838
rsa-3072,pss-sign,202,1327056,3567066
rsa-3072,pss-sign,203,1326604,3565850
rsa-3072,pss-sign,204,1326740,3566210
rsa-3072,pss-sign,205,1326223,3564828
rsa-3072,pss-sign,206,1705179,4583460
rsa-3072,pss-sign,207,1327298,3567710
rsa-3072,pss-sign,208,1348653,3625124
rsa-3072,pss-sign,209,1327608,3568540
rsa-3072,pss-sign,210,1326168,3564666
rsa-3072,pss-sign,211,1327602,3568522
rsa-3072,pss-sign,212,1326773,3566296
rsa-3072,pss-sign,213,1325480,3562828
rsa-3072,pss-sign,214,1328586,3571172
rsa-3072,pss-sign,215,1327086,3567146
rsa-3072,pss-sign,216,1327398,3567986
rsa-3072,pss-sign,217,1328801,3571752
rsa-3072,pss-sign,218,1324983,3561496
rsa-3072,pss-sign,219,1327326,3567792
rsa-3072,pss-sign,220,1328159,3570028
rsa-3072,pss-sign,221,1327830,3569142
rsa-3072,pss-sign,222,1326701,3566116
rsa-3072,pss-sign,223,1327500,3568254
rsa-3072,pss-sign,224,1330681,3576790
rsa-3072,pss-sign,225,1329091,3572508
rsa-3072,pss-sign,226,1328245,3570262
rsa-3072,pss-sign,227,1327493,3568240
rsa-3072,pss-sign,228,1327663,3568700
rsa-3072,pss-sign,229,1327018,3566966
rsa-3072,pss-sign,230,1326955,3566792
rsa-3072,pss-sign,231,1325140,3561918
rsa-3072,pss-sign,232,1325779,3563638
rsa-3072,pss-sign,233,1326415,3565346
rsa-3072,pss-sign,234,1327545,3568382
rsa-3072,pss-sign,235,1326456,3565450
rsa-3072,pss-sign,236,1327393,3567964
rsa-3072,pss-sign,237,1325351,3562478
rsa-3072,pss-sign,238,1700570,4571074
rsa-3072,pss-sign,239,1326903,3566652
rsa-3072,pss-sign,240,1327858,3569222
rsa-3072,pss-sign,241,1326085,3564448
rsa-3072,pss-sign,242,1326416,3565346
rsa-3072,pss-sign,243,1326977,3566848
rsa-3072,pss-sign,244,1327150,3567320
rsa-3072,pss-sign,245,1326916,3566688
rsa-3072,pss-sign,246,1327341,3567828
rsa-3072,pss-sign,247,1326566,3565740
rsa-3072,pss-sign,248,1325937,3564052
rsa-3072,pss-sign,249,1324811,3561034
rsa-3072,pss-sign,250,1327104,3567194
rsa-3072,pss-sign,251,1327953,3569476
rsa-3072,pss-sign,252,1326369,3565216
rsa-3072,pss-sign,253,1329429,3573446
rsa-3072,pss-sign,254,1327065,3567090
rsa-3072,pss-sign,255,1326732,3566196
rsa-3072,pss-sign,256,1327189,3567394
rsa-3072,pss-sign,257,1328920,3572052
rsa-3072,pss-sign,258,1327325,3567792
rsa-3072,pss-sign,259,1327733,3568888
rsa-3072,pss-sign,260,1328104,3569882
rsa-3072,pss-sign,261,1326985,3566872
rsa-3072,pss-sign,262,1328537,3571038
rsa-3072,pss-sign,263,1327637,3568622
rsa-3072,pss-sign,264,1324298,3559624
rsa-3072,pss-sign,265,1329117,3572498
rsa-3072,pss-sign,266,1328952,3572162
rsa-3072,pss-sign,267,1324890,3561244
rsa-3072,pss-sign,268,1329156,3572710
rsa-3072,pss-sign,269,1327346,3567844
rsa-3072,pss-sign,270,1699239,4567498
rsa-3072,pss-sign,271,1329009,3572310
rsa-3072,pss-sign,272,1327547,3568386
rsa-3072,pss-sign,273,1326685,3566072
rsa-3072,pss-sign,274,1324902,3561282
rsa-3072,pss-sign,275,1327229,3567518
rsa-3072,pss-sign,276,1326398,3565304
rsa-3072,pss-sign,277,1326169,3564684
rsa-3072,pss-sign,278,1325825,3563754
rsa-3072,pss-sign,279,1328259,3570296
rsa-3072,pss-sign,280,1324433,3560016
rsa-3072,pss-sign,281,1325436,3562718
rsa-3072,pss-sign,282,1326303,3565044
rsa-3072,pss-sign,283,1325697,3563414
rsa-3072,pss-sign,284,1326832,3566470
rsa-3072,pss-sign,285,1335305,3589244
rsa-3072,pss-sign,286,1326785,3566342
rsa-3072,pss-sign,287,1325498,3562880
rsa-3072,pss-sign,288,1328208,3570168
rsa-3072,pss-sign,289,1327342,3567836
rsa-3072,pss-sign,290,1327211,3567486
rsa-3072,pss-sign,291,1326868,3566560
rsa-3072,pss-sign,292,1331198,3578200
rsa-3072,pss-sign,293,1325858,3563842
rsa-3072,pss-sign,294,1328121,3569930
rsa-3072,pss-sign,295,1324837,3561102
rsa-3072,pss-sign,296,1327412,3568028
rsa-3072,pss-sign,297,1328222,3570208
rsa-3072,pss-sign,298,1327056,3567028
rsa-3072,pss-sign,299,1326539,3565668
rsa-3072,pss-sign,300,1326562,3565740
rsa-3072,pss-sign,301,1331511,3579020
rsa-3072,pss-sign,302,1707702,4590234
rsa-3072,pss-sign,303,1324939,3561378
rsa-3072,pss-sign,304,1326355,3565182
rsa-3072,pss-sign,305,1325854,3563840
rsa-3072,pss-sign,306,1326308,3565054
rsa-3072,pss-sign,307,1327336,3567816
rsa-3072,pss-sign,308,1328231,3570226
rsa-3072,pss-sign,309,1326445,3565426
rsa-3072,pss-sign,310,1327724,3568864
rsa-3072,pss-sign,311,1328349,3570544
rsa-3072,pss-sign,312,1327953,3569476
rsa-3072,pss-sign,313,1325179,3562026
rsa-3072,pss-sign,314,1326839,3566484
rsa-3072,pss-sign,315,1324070,3559040
rsa-3072,pss-sign,316,1326696,3566100
rsa-3072,pss-sign,317,1329549,3573768
rsa-3072,pss-sign,318,1326460,3565464
rsa-3072,pss-sign,319,1326938,3566748
rsa-3072,pss-sign,320,1329165,3572736
rsa-3072,pss-sign,321,1326585,3565800
rsa-3072,pss-sign,322,1326297,3565026
rsa-3072,pss-sign,323,1328595,3571206
rsa-3072,pss-sign,324,1325998,3564222
rsa-3072,pss-sign,325,1325616,3563198
rsa-3072,pss-sign,326,1328601,3571226
rsa-3072,pss-sign,327,1327022,3566974
rsa-3072,pss-sign,328,1324920,3561326
rsa-3072,pss-sign,329,1326387,3565268
rsa-3072,pss-sign,330,1328373,3570608
rsa-3072,pss-sign,331,1324906,3561290
rsa-3072,pss-sign,332,1327036,3567016
rsa-3072,pss-sign,333,1327134,3567282
rsa-3072,pss-sign,334,1696104,4559064
rsa-3072,pss-sign,335,1327474,3568188
rsa-3072,pss-sign,336,1324130,3559204
rsa-3072,pss-sign,337,1328405,3570700
rsa-3072,pss-sign,338,1328117,3569924
rsa-3072,pss-sign,339,1327433,3568082
rsa-3072,pss-sign,340,1329458,3573512
rsa-3072,pss-sign,341,1326474,3565502
rsa-3072,pss-sign,342,1326935,3566748
rsa-3072,pss-sign,343,1327350,3567858
rsa-3072,pss-sign,344,1330180,3575464
rsa-3072,pss-sign,345,1327923,3569354
rsa-3072,pss-sign,346,1326991,3566892
rsa-3072,pss-sign,347,1326079,3564440
rsa-3072,pss-sign,348,1326712,3566140
rsa-3072,pss-sign,349,1325897,3563956
rsa-3072,pss-sign,350,1330203,3575524
rsa-3072,pss-sign,351,1328435,3570766
rsa-3072,pss-sign,352,1327465,3568164
rsa-3072,pss-sign,353,1327631,3568616
rsa-3072,pss-sign,354,1327319,3567772
rsa-3072,pss-sign,355,1326998,3566906
rsa-3072,pss-sign,356,1326257,3564910
rsa-3072,pss-sign,357,1326123,3564464
rsa-3072,pss-sign,358,1346284,3618726
rsa-3072,pss-sign,359,1329635,3573990
rsa-3072,pss-sign,360,1325935,3564052
rsa-3072,pss-sign,361,1333657,3584808
rsa-3072,pss-sign,362,1328416,3570726
rsa-3072,pss-sign,363,1324547,3560312
rsa-3072,pss-sign,364,1333540,3584496
rsa-3072,pss-sign,365,1325421,3562672
rsa-3072,pss-sign,366,1700597,4571142
rsa-3072,pss-sign,367,1335097,3588682
rsa-3072,pss-sign,368,1329063,3572466
rsa-3072,pss-sign,369,1326910,3566680
rsa-3072,pss-sign,370,1337142,3594182
rsa-3072,pss-sign,371,1326579,3565786
rsa-3072,pss-sign,372,1326231,3564854
rsa-3072,pss-sign,373,1332694,3582228
rsa-3072,pss-sign,374,1326849,3566508
rsa-3072,pss-sign,375,1326275,3564920
rsa-3072,pss-sign,376,1325297,3562340
rsa-3072,pss-sign,377,1330323,3575822
rsa-3072,pss-sign,378,1328798,3571746
rsa-3072,pss-sign,379,1328134,3569968
rsa-3072,pss-sign,380,1326385,3565266
rsa-3072,pss-sign,381,1328150,3570008
rsa-3072,pss-sign,382,1327595,3568518
rsa-3072,pss-sign,383,1326851,3566516
rsa-3072,pss-sign,384,1327501,3568262
rsa-3072,pss-sign,385,1328387,3570642
rsa-3072,pss-sign,386,1327506,3568270
rsa-3072,pss-sign,387,1325902,3563960
rsa-3072,pss-sign,388,1331708,3579570
rsa-3072,pss-sign,389,1326050,3564366
rsa-3072,pss-sign,390,1326801,3566372
rsa-3072,pss-sign,391,1328188,3570104
rsa-3072,pss-sign,392,1326703,3566124
rsa-3072,pss-sign,393,1325356,3562498
rsa-3072,pss-sign,394,1346161,3618428
rsa-3072,pss-sign,395,1324680,3560676
rsa-3072,pss-sign,396,1329165,3572742
rsa-3072,pss-sign,397,1327867,3569252
rsa-3072,pss-sign,398,1703036,4577692
rsa-3072,pss-sign,399,1329123,3572614
rsa-3072,pss-sign,400,1325956,3564108
rsa-3072,pss-sign,401,1326175,3564698
rsa-3072,pss-sign,402,1328415,3570722
rsa-3072,pss-sign,403,1327046,3567034
rsa-3072,pss-sign,404,1324781,3560950
rsa-3072,pss-sign,405,1328522,3571000
rsa-3072,pss-sign,406,1323807,3558288
rsa-3072,pss-sign,407,1326717,3566148
rsa-3072,pss-sign,408,1328656,3571372
rsa-3072,pss-sign,409,1327179,3567398
rsa-3072,pss-sign,410,1327215,3567492
rsa-3072,pss-sign,411,1326236,3564854
rsa-3072,pss-sign,412,1326453,3565452
rsa-3072,pss-sign,413,1326155,3564644
rsa-3072,pss-sign,414,1325775,3563618
rsa-3072,pss-sign,415,1326841,3566488
rsa-3072,pss-sign,416,1326384,3565256
rsa-3072,pss-sign,417,1327539,3568324
rsa-3072,pss-sign,418,1327715,3568838
rsa-3072,pss-sign,419,1326400,3565298
rsa-3072,pss-sign,420,1326878,3566578
rsa-3072,pss-sign,421,1327750,3568840
rsa-3072,pss-sign,422,1327183,3567400
rsa-3072,pss-sign,423,1325144,3561926
rsa-3072,pss-sign,424,1328738,3571590
rsa-3072,pss-sign,425,1327491,3568224
rsa-3072,pss-sign,426,1326037,3564328
rsa-3072,pss-sign,427,1326749,3566240
rsa-3072,pss-sign,428,1326130,3564554
rsa-3072,pss-sign,429,1325473,3562802
rsa-3072,pss-sign,430,1703374,4578610
rsa-3072,pss-sign,431,1326527,3565642
rsa-3072,pss-sign,432,1324951,3561400
rsa-3072,pss-sign,433,1327050,3567054
rsa-3072,pss-sign,434,1328082,3569824
rsa-3072,pss-sign,435,1327846,3569190
rsa-3072,pss-sign,436,1325141,3561918
rsa-3072,pss-sign,437,1326940,3566750
rsa-3072,pss-sign,438,1325938,3564064
rsa-3072,pss-sign,439,1327211,3567424
rsa-3072,pss-sign,440,1334760,3587754
rsa-3072,pss-sign,441,1326759,3566268
rsa-3072,pss-sign,442,1325680,3563370
rsa-3072,pss-sign,443,1325576,3563084
rsa-3072,pss-sign,444,1327295,3567710
rsa-3072,pss-sign,445,1323788,3558280
rsa-3072,pss-sign,446,1325379,3562562
rsa-3072,pss-sign,447,1329052,3572428
rsa-3072,pss-sign,448,1327606,3568468
rsa-3072,pss-sign,449,1326153,3564618
rsa-3072,pss-sign,450,1328029,3569680
rsa-3072,pss-sign,451,1327067,3567094
rsa-3072,pss-sign,452,1325975,3564160
rsa-3072,pss-sign,453,1327667,3568712
rsa-3072,pss-sign,454,1328622,3571246
rsa-3072,pss-sign,455,1325691,3563390
rsa-3072,pss-sign,456,1327517,3568300
rsa-3072,pss-sign,457,1326075,3564434
rsa-3072,pss-sign,458,1324498,3560194
rsa-3072,pss-sign,459,1326282,3564986
rsa-3072,pss-sign,460,1327326,3567792
rsa-3072,pss-sign,461,1327136,3567288
rsa-3072,pss-sign,462,1703928,4580104
rsa-3072,pss-sign,463,1325557,3563036
rsa-3072,pss-sign,464,1325571,3563078
rsa-3072,pss-sign,465,1326127,3564572
rsa-3072,pss-sign,466,1326888,3566572
rsa-3072,pss-sign,467,1328618,3571246
rsa-3072,pss-sign,468,1328553,3571066
rsa-3072,pss-sign,469,1324953,3561412
rsa-3072,pss-sign,470,1326999,3566910
rsa-3072,pss-sign,471,1326394,3565290
rsa-3072,pss-sign,472,1325159,3561970
rsa-3072,pss-sign,473,1329406,3573382
rsa-3072,pss-sign,474,1327592,3568512
rsa-3072,pss-sign,475,1326927,3566698
rsa-3072,pss-sign,476,1328754,3571636
rsa-3072,pss-sign,477,1325589,3563120
rsa-3072,pss-sign,478,1325868,3563874
rsa-3072,pss-sign,479,1328786,3571720
rsa-3072,pss-sign,480,1326364,3565210
rsa-3072,pss-sign,481,1325937,3564060
rsa-3072,pss-sign,482,1329445,3573492
rsa-3072,pss-sign,483,1327229,3567530
rsa-3072,pss-sign,484,1325646,3563274
rsa-3072,pss-sign,485,1326390,3565276
rsa-3072,pss-sign,486,1325620,3563210
rsa-3072,pss-sign,487,1325836,3563780
rsa-3072,pss-sign,488,1328153,3570024
rsa-3072,pss-sign,489,1326171,3564690
rsa-3072,pss-sign,490,1328673,3571416
rsa-3072,pss-sign,491,1326832,3566466
rsa-3072,pss-sign,492,1327072,3567110
rsa-3072,pss-sign,493,1327254,3567588
rsa-3072,pss-sign,494,1703857,4579906
rsa-3072,pss-sign,495,1324883,3561220
rsa-3072,pss-sign,496,1327110,3567212
rsa-3072,pss-sign,497,1327551,3568398
rsa-3072,pss-sign,498,1326981,3566872
rsa-3072,pss-sign,499,1324474,3560126
rsa-3072,pss-sign,500,1328592,3571198
rsa-3072,pss-sign,501,1326037,3564332
rsa-3072,pss-sign,502,1326535,3565658
rsa-3072,pss-sign,503,1328230,3570224
rsa-3072,pss-sign,504,1328591,3571194
rsa-3072,pss-sign,505,1326440,3565410
rsa-3072,pss-sign,506,1327741,3568914
rsa-3072,pss-sign,507,1326051,3564362
rsa-3072,pss-sign,508,1325588,3563128
rsa-3072,pss-sign,509,1328999,3572290
rsa-3072,pss-sign,510,1328487,3570906
rsa-3072,pss-sign,511,1324959,3561428
rsa-3072,pss-sign,512,1328276,3570348
rsa-3072,pss-sign,513,1328171,3570064
rsa-3072,pss-sign,514,1324694,3560716
rsa-3072,pss-sign,515,1328254,3570288
rsa-3072,pss-sign,516,1326031,3564312
rsa-3072,pss-sign,517,1327208,3567476
rsa-3072,pss-sign,518,1327666,3568698
rsa-3072,pss-sign,519,1325911,3563988
rsa-3072,pss-sign,520,1326383,3565266
rsa-3072,pss-sign,521,1327857,3569226
rsa-3072,pss-sign,522,1327419,3568040
rsa-3072,pss-sign,523,1326197,3564748
rsa-3072,pss-sign,524,1328103,3569884
rsa-3072,pss-sign,525,1325874,3563898
rsa-3072,pss-sign,526,1704878,4582646
rsa-3072,pss-sign,527,1327354,3567858
rsa-3072,pss-sign,528,1328662,3571384
rsa-3072,pss-sign,529,1327737,3568898
rsa-3072,pss-sign,530,1331191,3578162
rsa-3072,pss-sign,531,1342109,3607522
rsa-3072,pss-sign,532,1327974,3569536
rsa-3072,pss-sign,533,1325954,3564110
rsa-3072,pss-sign,534,1325435,3562712
rsa-3072,pss-sign,535,1327348,3567852
rsa-3072,pss-sign,536,1327083,3567138
rsa-3072,pss-sign,537,1325169,3561996
rsa-3072,pss-sign,538,1328742,3571604
rsa-3072,pss-sign,539,1324968,3561454
rsa-3072,pss-sign,540,1327124,3567252
rsa-3072,pss-sign,541,1327672,3568724
rsa-3072,pss-sign,542,1327218,3567498
rsa-3072,pss-sign,543,1326715,3566146
rsa-3072,pss-sign,544,1329047,3572422
rsa-3072,pss-sign,545,1327253,3567602
rsa-3072,pss-sign,546,1326600,3565842
rsa-3072,pss-sign,547,1328144,3569996
rsa-3072,pss-sign,548,1326935,3566744
rsa-3072,pss-sign,549,1325348,3562476
rsa-3072,pss-sign,550,1325763,3563592
rsa-3072,pss-sign,551,1327431,3568076
rsa-3072,pss-sign,552,1326838,3566484
rsa-3072,pss-sign,553,1328960,3572190
rsa-3072,pss-sign,554,1325813,3563724
rsa-3072,pss-sign,555,1327124,3567202
rsa-3072,pss-sign,556,1326902,3566656
rsa-3072,pss-sign,557,1326568,3565756
rsa-3072,pss-sign,558,1701508,4573586
rsa-3072,pss-sign,559,1327744,3568916
rsa-3072,pss-sign,560,1326706,3566118
rsa-3072,pss-sign,561,1327317,3567762
rsa-3072,pss-sign,562,1327045,3567036
rsa-3072,pss-sign,563,1326978,3566848
rsa-3072,pss-sign,564,1327452,3568122
rsa-3072,pss-sign,565,1326680,3566060
rsa-3072,pss-sign,566,1325911,3563984
rsa-3072,pss-sign,567,1328133,3569962
rsa-3072,pss-sign,568,1324951,3561396
rsa-3072,pss-sign,569,1327029,3566990
rsa-3072,pss-sign,570,1327437,3568096
rsa-3072,pss-sign,571,1324116,3559164
rsa-3072,pss-sign,572,1326603,3565844
rsa-3072,pss-sign,573,1326274,3564972
rsa-3072,pss-sign,574,1328424,3570740
rsa-3072,pss-sign,575,1327905,3569342
rsa-3072,pss-sign,576,1325127,3561880
rsa-3072,pss-sign,577,1326739,3566210
rsa-3072,pss-sign,578,1326762,3566276
rsa-3072,pss-sign,579,1352356,3635060
rsa-3072,pss-sign,580,1329468,3573538
rsa-3072,pss-sign,581,1326356,3565186
rsa-3072,pss-sign,582,1326407,3565326
rsa-3072,pss-sign,583,1327047,3567032
rsa-3072,pss-sign,584,1326399,3565296
rsa-3072,pss-sign,585,1324948,3561402
rsa-3072,pss-sign,586,1329210,3572856
rsa-3072,pss-sign,587,1326789,3566344
rsa-3072,pss-sign,588,1325921,3564018
rsa-3072,pss-sign,589,1327561,3568418
rsa-3072,pss-sign,590,1709314,4594576
rsa-3072,pss-sign,591,1329552,3573774
rsa-3072,pss-sign,592,1325827,3563764
rsa-3072,pss-sign,593,1328374,3570610
rsa-3072,pss-sign,594,1329209,3572856
rsa-3072,pss-sign,595,1327223,3567518
rsa-3072,pss-sign,596,1327453,3568138
rsa-3072,pss-sign,597,1328585,3571166
rsa-3072,pss-sign,598,1326322,3565092
rsa-3072,pss-sign,599,1326608,3565852
rsa-3072,pss-sign,600,1328911,3572054
rsa-3072,pss-sign,601,1326934,3566732
rsa-3072,pss-sign,602,1326001,3564234
rsa-3072,pss-sign,603,1328985,3572250
rsa-3072,pss-sign,604,1324163,3559294
rsa-3072,pss-sign,605,1328125,3569936
rsa-3072,pss-sign,606,1331904,3580080
rsa-3072,pss-sign,607,1326039,3564324
rsa-3072,pss-sign,608,1327726,3568862
rsa-3072,pss-sign,609,1328117,3569922
rsa-3072,pss-sign,610,1326616,3565888
rsa-3072,pss-sign,611,1326906,3566662
rsa-3072,pss-sign,612,1325737,3563524
rsa-3072,pss-sign,613,1327884,3569292
rsa-3072,pss-sign,614,1325398,3562610
rsa-3072,pss-sign,615,1327472,3568184
rsa-3072,pss-sign,616,1326566,3565756
rsa-3072,pss-sign,617,1326305,3565046
rsa-3072,pss-sign,618,1327910,3569364
rsa-3072,pss-sign,619,1326229,3564842
rsa-3072,pss-sign,620,1324825,3561066
rsa-3072,pss-sign,621,1327459,3568146
rsa-3072,pss-sign,622,1705018,4583034
rsa-3072,pss-sign,623,1333071,3583210
rsa-3072,pss-sign,624,1325135,3561908
rsa-3072,pss-sign,625,1326407,3565330
rsa-3072,pss-sign,626,1332743,3582346
rsa-3072,pss-sign,627,1328616,3571252
rsa-3072,pss-sign,628,1327065,3567090
rsa-3072,pss-sign,629,1327337,3567828
rsa-3072,pss-sign,630,1325886,3563912
rsa-3072,pss-sign,631,1326140,3564604
rsa-3072,pss-sign,632,1328626,3571290
rsa-3072,pss-sign,633,1325114,3561848
rsa-3072,pss-sign,634,1325626,3563222
rsa-3072,pss-sign,635,1328010,3569630
rsa-3072,pss-sign,636,1326957,3566804
rsa-3072,pss-sign,637,1326414,3565334
rsa-3072,pss-sign,638,1327154,3567332
rsa-3072,pss-sign,639,1326930,3566730
rsa-3072,pss-sign,640,1327231,3567536
rsa-3072,pss-sign,641,1328792,3571736
rsa-3072,pss-sign,642,1327027,3566994
rsa-3072,pss-sign,643,1326889,3566608
rsa-3072,pss-sign,644,1325553,3563028
rsa-3072,pss-sign,645,1326461,3565470
rsa-3072,pss-sign,646,1326938,3566742
rsa-3072,pss-sign,647,1327829,3569134
rsa-3072,pss-sign,648,1324843,3561118
rsa-3072,pss-sign,649,1327447,3568126
rsa-3072,pss-sign,650,1326497,3565568
rsa-3072,pss-sign,651,1326308,3565054
rsa-3072,pss-sign,652,1326877,3566584
rsa-3072,pss-sign,653,1326599,3565838
rsa-3072,pss-sign,654,1697799,4563624
rsa-3072,pss-sign,655,1327610,3568554
rsa-3072,pss-sign,656,1325867,3563872
rsa-3072,pss-sign,657,1327964,3569506
rsa-3072,pss-sign,658,1327894,3569322
rsa-3072,pss-sign,659,1326841,3566488
rsa-3072,pss-sign,660,1326760,3566276
rsa-3072,pss-sign,661,1324898,3561274
rsa-3072,pss-sign,662,1327160,3567342
rsa-3072,pss-sign,663,1327933,3569424
rsa-3072,pss-sign,664,1324693,3560716
rsa-3072,pss-sign,665,1328972,3572218
rsa-3072,pss-sign,666,1324642,3560576
rsa-3072,pss-sign,667,1328272,3570332
rsa-3072,pss-sign,668,1328432,3570762
rsa-3072,pss-sign,669,1324835,3561096
rsa-3072,pss-sign,670,1325954,3564112
rsa-3072,pss-sign,671,1326627,3565914
rsa-3072,pss-sign,672,1327887,3569302
rsa-3072,pss-sign,673,1324765,3560908
rsa-3072,pss-sign,674,1327598,3568526
rsa-3072,pss-sign,675,1327645,3568650
rsa-3072,pss-sign,676,1326802,3566384
rsa-3072,pss-sign,677,1327573,3568460
rsa-3072,pss-sign,678,1326491,3565552
rsa-3072,pss-sign,679,1326734,3566202
rsa-3072,pss-sign,680,1326827,3566456
rsa-3072,pss-sign,681,1327013,3566950
rsa-3072,pss-sign,682,1327696,3568788
rsa-3072,pss-sign,683,1332565,3581852
rsa-3072,pss-sign,684,1325819,3563744
rsa-3072,pss-sign,685,1327267,3567636
rsa-3072,pss-sign,686,1706532,4587090
rsa-3072,pss-sign,687,1326500,3565570
rsa-3072,pss-sign,688,1328243,3570252
rsa-3072,pss-sign,689,1327003,3566926
rsa-3072,pss-sign,690,1326581,3565790
rsa-3072,pss-sign,691,1328389,3570648
rsa-3072,pss-sign,692,1327362,3567890
rsa-3072,pss-sign,693,1327425,3568058
rsa-3072,pss-sign,694,1326287,3565004
rsa-3072,pss-sign,695,1326228,3564840
rsa-3072,pss-sign,696,1324013,3558888
rsa-3072,pss-sign,697,1328481,3570900
rsa-3072,pss-sign,698,1325528,3562960
rsa-3072,pss-sign,699,1326681,3566054
rsa-3072,pss-sign,700,1327642,3568642
rsa-3072,pss-sign,701,1326664,3566012
rsa-3072,pss-sign,702,1326606,3565858
rsa-3072,pss-sign,703,1326389,3565274
rsa-3072,pss-sign,704,1326761,3566264
rsa-3072,pss-sign,705,1326874,3566570
rsa-3072,pss-sign,706,1328003,3569606
rsa-3072,pss-sign,707,1325832,3563778
rsa-3072,pss-sign,708,1325903,3563966
rsa-3072,pss-sign,709,1328544,3571068
rsa-3072,pss-sign,710,1325091,3561788
rsa-3072,pss-sign,711,1326301,3565028
rsa-3072,pss-sign,712,1327853,3569210
rsa-3072,pss-sign,713,1325229,3562154
rsa-3072,pss-sign,714,1326949,3566778
rsa-3072,pss-sign,715,1327743,3568908
rsa-3072,pss-sign,716,1326932,3566728
rsa-3072,pss-sign,717,1326550,3565712
rsa-3072,pss-sign,718,1703067,4577780
rsa-3072,pss-sign,719,1327983,3569552
rsa-3072,pss-sign,720,1326887,3566612
rsa-3072,pss-sign,721,1328793,3571734
rsa-3072,pss-sign,722,1330946,3577526
rsa-3072,pss-sign,723,1327988,3569574
rsa-3072,pss-sign,724,1327614,3568572
rsa-3072,pss-sign,725,1328446,3570802
rsa-3072,pss-sign,726,1327623,3568596
rsa-3072,pss-sign,727,1327814,3569106
rsa-3072,pss-sign,728,1326631,3565932
rsa-3072,pss-sign,729,1330296,3575780
rsa-3072,pss-sign,730,1326893,3566632
rsa-3072,pss-sign,731,1326230,3564838
rsa-3072,pss-sign,732,1328486,3570914
rsa-3072,pss-sign,733,1326928,3566722
rsa-3072,pss-sign,734,1325712,3563454
rsa-3072,pss-sign,735,1326408,3565328
rsa-3072,pss-sign,736,1326248,3564894
rsa-3072,pss-sign,737,1325614,3563194
rsa-3072,pss-sign,738,1325405,3562630
rsa-3072,pss-sign,739,1328438,3570780
rsa-3072,pss-sign,740,1326943,3566764
rsa-3072,pss-sign,741,1325771,3563606
rsa-3072,pss-sign,742,1327773,3568998
rsa-3072,pss-sign,743,1326778,3566318
rsa-3072,pss-sign,744,1328147,3569998
rsa-3072,pss-sign,745,1327134,3567278
rsa-3072,pss-sign,746,1328148,3570006
rsa-3072,pss-sign,747,1327752,3568932
rsa-3072,pss-sign,748,1326384,3565268
rsa-3072,pss-sign,749,1327271,3567644
rsa-3072,pss-sign,750,1695178,4556576
rsa-3072,pss-sign,751,1326847,3566514
rsa-3072,pss-sign,752,1327404,3568004
rsa-3072,pss-sign,753,1329456,3573522
rsa-3072,pss-sign,754,1325163,3561978
rsa-3072,pss-sign,755,1327075,3567118
rsa-3072,pss-sign,756,1327467,3568180
rsa-3072,pss-sign,757,1326108,3564524
rsa-3072,pss-sign,758,1327673,3568724
rsa-3072,pss-sign,759,1334288,3586474
rsa-3072,pss-sign,760,1326888,3566618
rsa-3072,pss-sign,761,1325625,3563214
rsa-3072,pss-sign,762,1329322,3573150
rsa-3072,pss-sign,763,1334327,3586610
rsa-3072,pss-sign,764,1344076,3612812
rsa-3072,pss-sign,765,1325938,3564058
rsa-3072,pss-sign,766,1326482,3565514
rsa-3072,pss-sign,767,1325756,3563566
rsa-3072,pss-sign,768,1327259,3567604
rsa-3072,pss-sign,769,1326265,3564946
rsa-3072,pss-sign,770,1332376,3581360
rsa-3072,pss-sign,771,1325220,3562124
rsa-3072,pss-sign,772,1325935,3564060
rsa-3072,pss-sign,773,1327144,3567306
rsa-3072,pss-sign,774,1328577,3571158
rsa-3072,pss-sign,775,1324178,3559332
rsa-3072,pss-sign,776,1325910,3563986
rsa-3072,pss-sign,777,1325474,3562816
rsa-3072,pss-sign,778,1326066,3564404
rsa-3072,pss-sign,779,1326983,3566838
rsa-3072,pss-sign,780,1325828,3563742
rsa-3072,pss-sign,781,1323759,3558202
rsa-3072,pss-sign,782,1712999,4604450
rsa-3072,pss-sign,783,1326295,3565012
rsa-3072,pss-sign,784,1328322,3570470
rsa-3072,pss-sign,785,1325992,3564196
rsa-3072,pss-sign,786,1328357,3570570
rsa-3072,pss-sign,787,1327030,3566990
rsa-3072,pss-sign,788,1328343,3570532
rsa-3072,pss-sign,789,1325118,3561852
rsa-3072,pss-sign,790,1325226,3562148
rsa-3072,pss-sign,791,1326364,3565212
rsa-3072,pss-sign,792,1327037,3567020
rsa-3072,pss-sign,793,1328753,3571628
rsa-3072,pss-sign,794,1325654,3563302
rsa-3072,pss-sign,795,1328064,3569772
rsa-3072,pss-sign,796,1326834,3566470
rsa-3072,pss-sign,797,1326385,3565264
rsa-3072,pss-sign,798,1326780,3566330
rsa-3072,pss-sign,799,1327215,3567496
rsa-3072,pss-sign,800,1329669,3574090
rsa-3072,pss-sign,801,1327412,3568024
rsa-3072,pss-sign,802,1324569,3560380
rsa-3072,pss-sign,803,1328676,3571418
rsa-3072,pss-sign,804,1326193,3564752
rsa-3072,pss-sign,805,1327400,3567990
rsa-3072,pss-sign,806,1327739,3568906
rsa-3072,pss-sign,807,1333981,3585680
rsa-3072,pss-sign,808,1326221,3564826
rsa-3072,pss-sign,809,1328499,3570948
rsa-3072,pss-sign,810,1327482,3568214
rsa-3072,pss-sign,811,1326304,3565040
rsa-3072,pss-sign,812,1326915,3566694
rsa-3072,pss-sign,813,1325895,3563950
rsa-3072,pss-sign,814,1721151,4626390
rsa-3072,pss-sign,815,1328811,3571776
rsa-3072,pss-sign,816,1326556,3565692
rsa-3072,pss-sign,817,1327154,3567334
rsa-3072,pss-sign,818,1327990,3569584
rsa-3072,pss-sign,819,1327077,3567122
rsa-3072,pss-sign,820,1328152,3570016
rsa-3072,pss-sign,821,1328379,3570612
rsa-3072,pss-sign,822,1327653,3568674
rsa-3072,pss-sign,823,1326610,3565848
rsa-3072,pss-sign,824,1327886,3569288
rsa-3072,pss-sign,825,1326777,3566320
rsa-3072,pss-sign,826,1324867,3561186
rsa-3072,pss-sign,827,1327988,3569576
rsa-3072,pss-sign,828,1325104,3561822
rsa-3072,pss-sign,829,1327373,3567920
rsa-3072,pss-sign,830,1328504,3570960
rsa-3072,pss-sign,831,1326631,3565928
rsa-3072,pss-sign,832,1327404,3567996
rsa-3072,pss-sign,833,1328994,3572276
rsa-3072,pss-sign,834,1327422,3568046
rsa-3072,pss-sign,835,1325450,3562742
rsa-3072,pss-sign,836,1332565,3581854
rsa-3072,pss-sign,837,1328505,3570942
rsa-3072,pss-sign,838,1327175,3567384
rsa-3072,pss-sign,839,1328109,3569898
rsa-3072,pss-sign,840,1324979,3561486
rsa-3072,pss-sign,841,1325739,3563524
rsa-3072,pss-sign,842,1327628,3568604
rsa-3072,pss-sign,843,1324781,3560944
rsa-3072,pss-sign,844,1327387,3567950
rsa-3072,pss-sign,845,1327738,3568898
rsa-3072,pss-sign,846,1706378,4586676
rsa-3072,pss-sign,847,1329856,3574596
rsa-3072,pss-sign,848,1325964,3564128
rsa-3072,pss-sign,849,1326129,3564572
rsa-3072,pss-sign,850,1326376,3565238
rsa-3072,pss-sign,851,1326688,3566070
rsa-3072,pss-sign,852,1327930,3569414
rsa-3072,pss-sign,853,1326947,3566768
rsa-3072,pss-sign,854,1327010,3566948
rsa-3072,pss-sign,855,1324774,3560930
rsa-3072,pss-sign,856,1326986,3566878
rsa-3072,pss-sign,857,1327830,3569148
rsa-3072,pss-sign,858,1326669,3566016
rsa-3072,pss-sign,859,1329762,3574344
rsa-3072,pss-sign,860,1325129,3561890
rsa-3072,pss-sign,861,1324563,3560366
rsa-3072,pss-sign,862,1328051,3569734
rsa-3072,pss-sign,863,1326248,3564894
rsa-3072,pss-sign,864,1332172,3580728
rsa-3072,pss-sign,865,1333452,3584260
rsa-3072,pss-sign,866,1326362,3565204
rsa-3072,pss-sign,867,1325906,3563978
rsa-3072,pss-sign,868,1327909,3569360
rsa-3072,pss-sign,869,1326181,3564716
rsa-3072,pss-sign,870,1327028,3566996
rsa-3072,pss-sign,871,1328887,3571980
rsa-3072,pss-sign,872,1328257,3570286
rsa-3072,pss-sign,873,1328364,3570578
rsa-3072,pss-sign,874,1329889,3574682
rsa-3072,pss-sign,875,1328353,3570548
rsa-3072,pss-sign,876,1327552,3568404
rsa-3072,pss-sign,877,1327433,3568078
rsa-3072,pss-sign,878,1702096,4575164
rsa-3072,pss-sign,879,1328992,3572266
rsa-3072,pss-sign,880,1327352,3567854
rsa-3072,pss-sign,881,1326938,3566744
rsa-3072,pss-sign,882,1325413,3562642
rsa-3072,pss-sign,883,1326762,3566268
rsa-3072,pss-sign,884,1327448,3568112
rsa-3072,pss-sign,885,1327234,3567542
rsa-3072,pss-sign,886,1327810,3569086
rsa-3072,pss-sign,887,1324041,3558956
rsa-3072,pss-sign,888,1330092,3575220
rsa-3072,pss-sign,889,1326605,3565844
rsa-3072,pss-sign,890,1326744,3566222
rsa-3072,pss-sign,891,1327866,3569236
rsa-3072,pss-sign,892,1325659,3563304
rsa-3072,pss-sign,893,1326184,3564676
rsa-3072,pss-sign,894,1328262,3570306
rsa-3072,pss-sign,895,1326874,3566572
rsa-3072,pss-sign,896,1327005,3566918
rsa-3072,pss-sign,897,1330559,3576484
rsa-3072,pss-sign,898,1326491,3565538
rsa-3072,pss-sign,899,1324356,3559802
rsa-3072,pss-sign,900,1325880,3563900
rsa-3072,pss-sign,901,1326919,3566688
rsa-3072,pss-sign,902,1326224,3564822
rsa-3072,pss-sign,903,1326479,3565510
rsa-3072,pss-sign,904,1327676,3568728
rsa-3072,pss-sign,905,1324925,3561334
rsa-3072,pss-sign,906,1327792,3569042
rsa-3072,pss-sign,907,1326540,3565678
rsa-3072,pss-sign,908,1323928,3558660
rsa-3072,pss-sign,909,1328144,3569994
rsa-3072,pss-sign,910,1706683,4587492
rsa-3072,pss-sign,911,1327251,3567582
rsa-3072,pss-sign,912,1332795,3582476
rsa-3072,pss-sign,913,1329506,3573654
rsa-3072,pss-sign,914,1327137,3567272
rsa-3072,pss-sign,915,1326933,3566738
rsa-3072,pss-sign,916,1325705,3563442
rsa-3072,pss-sign,917,1324581,3560418
rsa-3072,pss-sign,918,1327157,3567340
rsa-3072,pss-sign,919,1328214,3570182
rsa-3072,pss-sign,920,1325687,3563388
rsa-3072,pss-sign,921,1326088,3564470
rsa-3072,pss-sign,922,1324838,3561110
rsa-3072,pss-sign,923,1327215,3567500
rsa-3072,pss-sign,924,1329448,3573502
rsa-3072,pss-sign,925,1324984,3561504
rsa-3072,pss-sign,926,1325492,3562870
rsa-3072,pss-sign,927,1329008,3572312
rsa-3072,pss-sign,928,1327032,3567006
rsa-3072,pss-sign,929,1326818,3566434
rsa-3072,pss-sign,930,1326312,3565074
rsa-3072,pss-sign,931,1327137,3567286
rsa-3072,pss-sign,932,1328157,3570030
rsa-3072,pss-sign,933,1326125,3564570
rsa-3072,pss-sign,934,1323965,3558758
rsa-3072,pss-sign,935,1326809,3566402
rsa-3072,pss-sign,936,1328198,3570142
rsa-3072,pss-sign,937,1324948,3561406
rsa-3072,pss-sign,938,1327469,3568180
rsa-3072,pss-sign,939,1327717,3568844
rsa-3072,pss-sign,940,1323330,3557052
rsa-3072,pss-sign,941,1325785,3563656
rsa-3072,pss-sign,942,1706948,4588222
rsa-3072,pss-sign,943,1325427,3562688
rsa-3072,pss-sign,944,1327843,3569180
rsa-3072,pss-sign,945,1327518,3568310
rsa-3072,pss-sign,946,1327867,3569252
rsa-3072,pss-sign,947,1328125,3569938
rsa-3072,pss-sign,948,1324892,3561250
rsa-3072,pss-sign,949,1326038,3564332
rsa-3072,pss-sign,950,1329339,3573206
rsa-3072,pss-sign,951,1326901,3566642
rsa-3072,pss-sign,952,1327841,3569174
rsa-3072,pss-sign,953,1327961,3569498
rsa-3072,pss-sign,954,1327639,3568632
rsa-3072,pss-sign,955,1346583,3619558
rsa-3072,pss-sign,956,1328686,3571446
rsa-3072,pss-sign,957,1327779,3569004
rsa-3072,pss-sign,958,1327262,3567616
rsa-3072,pss-sign,959,1327587,3568488
rsa-3072,pss-sign,960,1325012,3561572
rsa-3072,pss-sign,961,1329835,3574530
rsa-3072,pss-sign,962,1335628,3590098
rsa-3072,pss-sign,963,1326589,3565802
rsa-3072,pss-sign,964,1341309,3605360
rsa-3072,pss-sign,965,1340550,3603308
rsa-3072,pss-sign,966,1335635,3590104
rsa-3072,pss-sign,967,1336058,3591234
rsa-3072,pss-sign,968,1335325,3589264
rsa-3072,pss-sign,969,1327724,3568858
rsa-3072,pss-sign,970,1330081,3575192
rsa-3072,pss-sign,971,1327061,3567070
rsa-3072,pss-sign,972,1326003,3564234
rsa-3072,pss-sign,973,1324870,3561184
rsa-3072,pss-sign,974,1717171,4615658
rsa-3072,pss-sign,975,1327750,3568876
rsa-3072,pss-sign,976,1326163,3564666
rsa-3072,pss-sign,977,1324411,3559952
rsa-3072,pss-sign,978,1327130,3567254
rsa-3072,pss-sign,979,1326180,3564712
rsa-3072,pss-sign,980,1334665,3587492
rsa-3072,pss-sign,981,1328012,3569630
rsa-3072,pss-sign,982,1326572,3565764
rsa-3072,pss-sign,983,1328306,3570420
rsa-3072,pss-sign,984,1327247,3567576
rsa-3072,pss-sign,985,1326727,3566178
rsa-3072,pss-sign,986,1326356,3565180
rsa-3072,pss-sign,987,1326291,3565008
rsa-3072,pss-sign,988,1326347,3565164
rsa-3072,pss-sign,989,1336167,3591508
rsa-3072,pss-sign,990,1329604,3573872
rsa-3072,pss-sign,991,1328605,3571222
rsa-3072,pss-sign,992,1327267,3567632
rsa-3072,pss-sign,993,1327567,3568434
rsa-3072,pss-sign,994,1325984,3564184
rsa-3072,pss-sign,995,1327658,3568686
rsa-3072,pss-sign,996,1326717,3566150
rsa-3072,pss-sign,997,1328308,3570434
rsa-3072,pss-sign,998,1324698,3560720
rsa-3072,pss-sign,999,1328468,3570732
rsa-3072,pss-verify,0,29331,78730
rsa-3072,pss-verify,1,29222,78468
rsa-3072,pss-verify,2,29175,78368
rsa-3072,pss-verify,3,29348,78832
rsa-3072,pss-verify,4,29128,78236
rsa-3072,pss-verify,5,29340,78812
rsa-3072,pss-verify,6,29058,78050
rsa-3072,pss-verify,7,29209,78456
rsa-3072,pss-verify,8,29087,78128
rsa-3072,pss-verify,9,29108,78186
rsa-3072,pss-verify,10,29349,78836
rsa-3072,pss-verify,11,29313,78738
rsa-3072,pss-verify,12,29356,78850
rsa-3072,pss-verify,13,29104,78178
rsa-3072,pss-verify,14,29078,78106
rsa-3072,pss-verify,15,29138,78266
rsa-3072,pss-verify,16,29237,78528
rsa-3072,pss-verify,17,29297,78694
rsa-3072,pss-verify,18,29282,78656
rsa-3072,pss-verify,19,29223,78492
rsa-3072,pss-verify,20,29110,78192
rsa-3072,pss-verify,21,29315,78740
rsa-3072,pss-verify,22,29196,78424
rsa-3072,pss-verify,23,29232,78518
rsa-3072,pss-verify,24,29114,78206
rsa-3072,pss-verify,25,30630,82272
rsa-3072,pss-verify,26,29240,78538
rsa-3072,pss-verify,27,29151,78302
rsa-3072,pss-verify,28,29273,78630
rsa-3072,pss-verify,29,29143,78280
rsa-3072,pss-verify,30,29230,78512
rsa-3072,pss-verify,31,29297,78694
rsa-3072,pss-verify,32,29232,78516
rsa-3072,pss-verify,33,29089,78138
rsa-3072,pss-verify,34,29058,78048
rsa-3072,pss-verify,35,29069,78078
rsa-3072,pss-verify,36,29176,78368
rsa-3072,pss-verify,37,29149,78294
rsa-3072,pss-verify,38,29052,78036
rsa-3072,pss-verify,39,29463,79140
rsa-3072,pss-verify,40,29150,78300
rsa-3072,pss-verify,41,29176,78372
rsa-3072,pss-verify,42,29215,78474
rsa-3072,pss-verify,43,29262,78604
rsa-3072,pss-verify,44,29149,78298
rsa-3072,pss-verify,45,29349,78838
rsa-3072,pss-verify,46,29304,78718
rsa-3072,pss-verify,47,29417,79016
rsa-3072,pss-verify,48,29168,78342
rsa-3072,pss-verify,49,29171,78354
rsa-3072,pss-verify,50,29034,77990
rsa-3072,pss-verify,51,29303,78716
rsa-3072,pss-verify,52,29278,78642
rsa-3072,pss-verify,53,29201,78440
rsa-3072,pss-verify,54,29233,78522
rsa-3072,pss-verify,55,29303,78710
rsa-3072,pss-verify,56,29207,78450
rsa-3072,pss-verify,57,29208,78452
rsa-3072,pss-verify,58,29207,78454
rsa-3072,pss-verify,59,30558,82086
rsa-3072,pss-verify,60,29165,78338
rsa-3072,pss-verify,61,29449,79104
rsa-3072,pss-verify,62,29204,78444
rsa-3072,pss-verify,63,29274,78632
rsa-3072,pss-verify,64,29318,78752
rsa-3072,pss-verify,65,29192,78408
rsa-3072,pss-verify,66,29304,78716
rsa-3072,pss-verify,67,29376,78906
rsa-3072,pss-verify,68,29164,78342
rsa-3072,pss-verify,69,29265,78606
rsa-3072,pss-verify,70,29317,78746
rsa-3072,pss-verify,71,29080,78112
rsa-3072,pss-verify,72,29204,78448
rsa-3072,pss-verify,73,29174,78364
rsa-3072,pss-verify,74,29191,78412
rsa-3072,pss-verify,75,29154,78312
rsa-3072,pss-verify,76,29270,78622
rsa-3072,pss-verify,77,29192,78416
rsa-3072,pss-verify,78,29221,78490
rsa-3072,pss-verify,79,29169,78352
rsa-3072,pss-verify,80,29243,78554
rsa-3072,pss-verify,81,29223,78500
rsa-3072,pss-verify,82,29193,78416
rsa-3072,pss-verify,83,29363,78874
rsa-3072,pss-verify,84,29214,78472
rsa-3072,pss-verify,85,29169,78356
rsa-3072,pss-verify,86,29283,78658
rsa-3072,pss-verify,87,29316,78744
rsa-3072,pss-verify,88,29239,78540
rsa-3072,pss-verify,89,29191,78408
rsa-3072,pss-verify,90,29140,78274
rsa-3072,pss-verify,91,29182,78386
rsa-3072,pss-verify,92,29208,78456
rsa-3072,pss-verify,93,31167,83722
rsa-3072,pss-verify,94,29343,78814
rsa-3072,pss-verify,95,29370,78890
rsa-3072,pss-verify,96,29169,78346
rsa-3072,pss-verify,97,29216,78480
rsa-3072,pss-verify,98,29306,78720
rsa-3072,pss-verify,99,29298,78700
rsa-3072,pss-verify,100,29376,78908
rsa-3072,pss-verify,101,29235,78528
rsa-3072,pss-verify,102,29143,78284
rsa-3072,pss-verify,103,29483,79194
rsa-3072,pss-verify,104,29269,78614
rsa-3072,pss-verify,105,29396,78966
rsa-3072,pss-verify,106,29198,78424
rsa-3072,pss-verify,107,29062,78066
rsa-3072,pss-verify,108,29353,78848
rsa-3072,pss-verify,109,29295,78690
rsa-3072,pss-verify,110,29108,78188
rsa-3072,pss-verify,111,29190,78408
rsa-3072,pss-verify,112,29254,78578
rsa-3072,pss-verify,113,29122,78224
rsa-3072,pss-verify,114,29136,78264
rsa-3072,pss-verify,115,29316,78750
rsa-3072,pss-verify,116,29395,78960
rsa-3072,pss-verify,117,29218,78480
rsa-3072,pss-verify,118,29183,78388
rsa-3072,pss-verify,119,29299,78700
rsa-3072,pss-verify,120,29121,78222
rsa-3072,pss-verify,121,29093,78148
rsa-3072,pss-verify,122,29213,78472
rsa-3072,pss-verify,123,29323,78766
rsa-3072,pss-verify,124,29179,78382
rsa-3072,pss-verify,125,29386,78938
rsa-3072,pss-verify,126,30892,82980
rsa-3072,pss-verify,127,29237,78532
rsa-3072,pss-verify,128,29101,78168
rsa-3072,pss-verify,129,29332,78788
rsa-3072,pss-verify,130,29049,78024
rsa-3072,pss-verify,131,29210,78458
rsa-3072,pss-verify,132,28988,77862
rsa-3072,pss-verify,133,29366,78876
rsa-3072,pss-verify,134,29118,78216
rsa-3072,pss-verify,135,29235,78526
rsa-3072,pss-verify,136,29274,78632
rsa-3072,pss-verify,137,29234,78522
rsa-3072,pss-verify,138,29184,78390
rsa-3072,pss-verify,139,29167,78340
rsa-3072,pss-verify,140,29089,78134
rsa-3072,pss-verify,141,29349,78836
rsa-3072,pss-verify,142,29079,78104
rsa-3072,pss-verify,143,29185,78392
rsa-3072,pss-verify,144,29243,78550
rsa-3072,pss-verify,145,29218,78480
rsa-3072,pss-verify,146,29065,78072
rsa-3072,pss-verify,147,29141,78276
rsa-3072,pss-verify,148,29118,78212
rsa-3072,pss-verify,149,29187,78396
rsa-3072,pss-verify,150,29129,78248
rsa-3072,pss-verify,151,29204,78446
rsa-3072,pss-verify,152,29282,78660
rsa-3072,pss-verify,153,29177,78370
rsa-3072,pss-verify,154,29200,78434
rsa-3072,pss-verify,155,29228,78504
rsa-3072,pss-verify,156,29136,78264
rsa-3072,pss-verify,157,29149,78296
rsa-3072,pss-verify,158,29224,78496
rsa-3072,pss-verify,159,29217,78480
rsa-3072,pss-verify,160,30459,81820
rsa-3072,pss-verify,161,29220,78486
rsa-3072,pss-verify,162,29327,78772
rsa-3072,pss-verify,163,29364,78876
rsa-3072,pss-verify,164,29214,78470
rsa-3072,pss-verify,165,29149,78302
rsa-3072,pss-verify,166,29265,78608
rsa-3072,pss-verify,167,29195,78420
rsa-3072,pss-verify,168,29064,78068
rsa-3072,pss-verify,169,29165,78336
rsa-3072,pss-verify,170,29042,78010
rsa-3072,pss-verify,171,29168,78346
rsa-3072,pss-verify,172,29054,78036
rsa-3072,pss-verify,173,29115,78202
rsa-3072,pss-verify,174,29197,78424
rsa-3072,pss-verify,175,29301,78702
rsa-3072,pss-verify,176,29075,78100
rsa-3072,pss-verify,177,29247,78556
rsa-3072,pss-verify,178,29234,78520
rsa-3072,pss-verify,179,29147,78288
rsa-3072,pss-verify,180,29136,78258
rsa-3072,pss-verify,181,29224,78494
rsa-3072,pss-verify,182,29157,78316
rsa-3072,pss-verify,183,29277,78636
rsa-3072,pss-verify,184,29141,78272
rsa-3072,pss-verify,185,29238,78536
rsa-3072,pss-verify,186,29309,78724
rsa-3072,pss-verify,187,29208,78456
rsa-3072,pss-verify,188,29156,78320
rsa-3072,pss-verify,189,29299,78698
rsa-3072,pss-verify,190,29125,78230
rsa-3072,pss-verify,191,29321,78756
rsa-3072,pss-verify,192,29258,78594
rsa-3072,pss-verify,193,29196,78420
rsa-3072,pss-verify,194,30125,80920
rsa-3072,pss-verify,195,29388,78938
rsa-3072,pss-verify,196,29087,78128
rsa-3072,pss-verify,197,29210,78464
rsa-3072,pss-verify,198,29193,78418
rsa-3072,pss-verify,199,29243,78548
rsa-3072,pss-verify,200,29055,78040
rsa-3072,pss-verify,201,29263,78602
rsa-3072,pss-verify,202,29334,78792
rsa-3072,pss-verify,203,29240,78538
rsa-3072,pss-verify,204,29101,78166
rsa-3072,pss-verify,205,29289,78672
rsa-3072,pss-verify,206,29191,78410
rsa-3072,pss-verify,207,29290,78678
rsa-3072,pss-verify,208,29290,78670
rsa-3072,pss-verify,209,29094,78148
rsa-3072,pss-verify,210,29271,78626
rsa-3072,pss-verify,211,29475,79172
rsa-3072,pss-verify,212,29187,78398
rsa-3072,pss-verify,213,29187,78398
rsa-3072,pss-verify,214,29297,78690
rsa-3072,pss-verify,215,29246,78554
rsa-3072,pss-verify,216,29248,78560
rsa-3072,pss-verify,217,29074,78098
rsa-3072,pss-verify,218,29242,78546
rsa-3072,pss-verify,219,29229,78512
rsa-3072,pss-verify,220,29324,78760
rsa-3072,pss-verify,221,29340,78810
rsa-3072,pss-verify,222,29068,78082
rsa-3072,pss-verify,223,29207,78454
rsa-3072,pss-verify,224,29096,78152
rsa-3072,pss-verify,225,29450,79102
rsa-3072,pss-verify,226,29083,78118
rsa-3072,pss-verify,227,29326,78778
rsa-3072,pss-verify,228,30945,83126
rsa-3072,pss-verify,229,29184,78388
rsa-3072,pss-verify,230,29254,78580
rsa-3072,pss-verify,231,29139,78266
rsa-3072,pss-verify,232,29035,77990
rsa-3072,pss-verify,233,29353,78848
rsa-3072,pss-verify,234,29281,78652
rsa-3072,pss-verify,235,29357,78854
rsa-3072,pss-verify,236,29120,78224
rsa-3072,pss-verify,237,29054,78040
rsa-3072,pss-verify,238,29128,78244
rsa-3072,pss-verify,239,29106,78178
rsa-3072,pss-verify,240,29087,78128
rsa-3072,pss-verify,241,29229,78508
rsa-3072,pss-verify,242,29133,78256
rsa-3072,pss-verify,243,29100,78164
rsa-3072,pss-verify,244,29094,78152
rsa-3072,pss-verify,245,29213,78470
rsa-3072,pss-verify,246,29049,78028
rsa-3072,pss-verify,247,29253,78578
rsa-3072,pss-verify,248,29250,78568
rsa-3072,pss-verify,249,29218,78480
rsa-3072,pss-verify,250,29323,78764
rsa-3072,pss-verify,251,29268,78618
rsa-3072,pss-verify,252,29360,78864
rsa-3072,pss-verify,253,29197,78422
rsa-3072,pss-verify,254,29250,78570
rsa-3072,pss-verify,255,29236,78532
rsa-3072,pss-verify,256,29374,78900
rsa-3072,pss-verify,257,29303,78714
rsa-3072,pss-verify,258,29159,78320
rsa-3072,pss-verify,259,29257,78586
rsa-3072,pss-verify,260,29259,78590
rsa-3072,pss-verify,261,31135,83632
rsa-3072,pss-verify,262,29264,78606
rsa-3072,pss-verify,263,29220,78490
rsa-3072,pss-verify,264,29217,78482
rsa-3072,pss-verify,265,29222,78492
rsa-3072,pss-verify,266,29379,78914
rsa-3072,pss-verify,267,29225,78502
rsa-3072,pss-verify,268,29114,78206
rsa-3072,pss-verify,269,29116,78206
rsa-3072,pss-verify,270,29235,78526
rsa-3072,pss-verify,271,29200,78436
rsa-3072,pss-verify,272,29154,78310
rsa-3072,pss-verify,273,29218,78482
rsa-3072,pss-verify,274,29289,78670
rsa-3072,pss-verify,275,29013,77928
rsa-3072,pss-verify,276,29184,78388
rsa-3072,pss-verify,277,29163,78332
rsa-3072,pss-verify,278,29192,78410
rsa-3072,pss-verify,279,29155,78312
rsa-3072,pss-verify,280,29146,78292
rsa-3072,pss-verify,281,29232,78520
rsa-3072,pss-verify,282,29310,78730
rsa-3072,pss-verify,283,29321,78758
rsa-3072,pss-verify,284,29113,78202
rsa-3072,pss-verify,285,29172,78358
rsa-3072,pss-verify,286,29137,78264
rsa-3072,pss-verify,287,29177,78372
rsa-3072,pss-verify,288,29101,78170
rsa-3072,pss-verify,289,29303,78710
rsa-3072,pss-verify,290,29100,78164
rsa-3072,pss-verify,291,29133,78252
rsa-3072,pss-verify,292,29125,78230
rsa-3072,pss-verify,293,29166,78344
rsa-3072,pss-verify,294,29056,78046
rsa-3072,pss-verify,295,30238,81222
rsa-3072,pss-verify,296,29263,78602
rsa-3072,pss-verify,297,29244,78552
rsa-3072,pss-verify,298,29149,78294
rsa-3072,pss-verify,299,29181,78382
rsa-3072,pss-verify,300,29151,78304
rsa-3072,pss-verify,301,29246,78552
rsa-3072,pss-verify,302,29219,78486
rsa-3072,pss-verify,303,29101,78164
rsa-3072,pss-verify,304,28992,77874
rsa-3072,pss-verify,305,29037,78000
rsa-3072,pss-verify,306,29296,78692
rsa-3072,pss-verify,307,29401,78978
rsa-3072,pss-verify,308,29096,78150
rsa-3072,pss-verify,309,29080,78112
rsa-3072,pss-verify,310,29158,78320
rsa-3072,pss-verify,311,29083,78114
rsa-3072,pss-verify,312,29147,78292
rsa-3072,pss-verify,313,29265,78604
rsa-3072,pss-verify,314,29087,78132
rsa-3072,pss-verify,315,29215,78470
rsa-3072,pss-verify,316,29171,78354
rsa-3072,pss-verify,317,29310,78726
rsa-3072,pss-verify,318,29246,78554
rsa-3072,pss-verify,319,29122,78220
rsa-3072,pss-verify,320,29034,77984
rsa-3072,pss-verify,321,29170,78352
rsa-3072,pss-verify,322,29004,77910
rsa-3072,pss-verify,323,29190,78406
rsa-3072,pss-verify,324,29321,78754
rsa-3072,pss-verify,325,29167,78352
rsa-3072,pss-verify,326,29125,78236
rsa-3072,pss-verify,327,29118,78210
rsa-3072,pss-verify,328,29347,78830
rsa-3072,pss-verify,329,30414,81698
rsa-3072,pss-verify,330,29142,78274
rsa-3072,pss-verify,331,29315,78746
rsa-3072,pss-verify,332,29176,78364
rsa-3072,pss-verify,333,29189,78406
rsa-3072,pss-verify,334,29116,78210
rsa-3072,pss-verify,335,29220,78484
rsa-3072,pss-verify,336,29059,78058
rsa-3072,pss-verify,337,29089,78136
rsa-3072,pss-verify,338,29308,78724
rsa-3072,pss-verify,339,29180,78380
rsa-3072,pss-verify,340,29209,78454
rsa-3072,pss-verify,341,29031,77980
rsa-3072,pss-verify,342,29080,78108
rsa-3072,pss-verify,343,29132,78248
rsa-3072,pss-verify,344,28967,77804
rsa-3072,pss-verify,345,29135,78260
rsa-3072,pss-verify,346,29272,78622
rsa-3072,pss-verify,347,29394,78954
rsa-3072,pss-verify,348,29172,78360
rsa-3072,pss-verify,349,29238,78534
rsa-3072,pss-verify,350,29180,78380
rsa-3072,pss-verify,351,29263,78600
rsa-3072,pss-verify,352,29046,78016
rsa-3072,pss-verify,353,29061,78056
rsa-3072,pss-verify,354,29040,78006
rsa-3072,pss-verify,355,29247,78558
rsa-3072,pss-verify,356,28976,77828
rsa-3072,pss-verify,357,29223,78494
rsa-3072,pss-verify,358,29317,78746
rsa-3072,pss-verify,359,29059,78052
rsa-3072,pss-verify,360,29225,78504
rsa-3072,pss-verify,361,29420,79028
rsa-3072,pss-verify,362,29239,78536
rsa-3072,pss-verify,363,30374,81580
rsa-3072,pss-verify,364,29203,78438
rsa-3072,pss-verify,365,29251,78570
rsa-3072,pss-verify,366,29131,78248
rsa-3072,pss-verify,367,29217,78480
rsa-3072,pss-verify,368,29271,78628
rsa-3072,pss-verify,369,29249,78566
rsa-3072,pss-verify,370,29208,78450
rsa-3072,pss-verify,371,29156,78312
rsa-3072,pss-verify,372,29255,78576
rsa-3072,pss-verify,373,29090,78138
rsa-3072,pss-verify,374,29198,78430
rsa-3072,pss-verify,375,29192,78410
rsa-3072,pss-verify,376,29221,78492
rsa-3072,pss-verify,377,29122,78220
rsa-3072,pss-verify,378,29233,78524
rsa-3072,pss-verify,379,29164,78332
rsa-3072,pss-verify,380,28935,77718
rsa-3072,pss-verify,381,29384,78930
rsa-3072,pss-verify,382,29159,78324
rsa-3072,pss-verify,383,29243,78548
rsa-3072,pss-verify,384,29388,78940
rsa-3072,pss-verify,385,29160,78332
rsa-3072,pss-verify,386,29063,78066
rsa-3072,pss-verify,387,29298,78696
rsa-3072,pss-verify,388,29235,78524
rsa-3072,pss-verify,389,29057,78044
rsa-3072,pss-verify,390,29274,78632
rsa-3072,pss-verify,391,29143,78278
rsa-3072,pss-verify,392,28985,77852
rsa-3072,pss-verify,393,29375,78906
rsa-3072,pss-verify,394,29332,78784
rsa-3072,pss-verify,395,29224,78502
rsa-3072,pss-verify,396,30227,81196
rsa-3072,pss-verify,397,29401,78970
rsa-3072,pss-verify,398,29247,78560
rsa-3072,pss-verify,399,29082,78116
rsa-3072,pss-verify,400,29194,78416
rsa-3072,pss-verify,401,29306,78724
rsa-3072,pss-verify,402,29086,78130
rsa-3072,pss-verify,403,29339,78806
rsa-3072,pss-verify,404,29225,78502
rsa-3072,pss-verify,405,29081,78114
rsa-3072,pss-verify,406,29153,78308
rsa-3072,pss-verify,407,29112,78196
rsa-3072,pss-verify,408,29198,78426
rsa-3072,pss-verify,409,29265,78612
rsa-3072,pss-verify,410,29231,78516
rsa-3072,pss-verify,411,29128,78234
rsa-3072,pss-verify,412,29152,78308
rsa-3072,pss-verify,413,29218,78480
rsa-3072,pss-verify,414,29239,78534
rsa-3072,pss-verify,415,29164,78334
rsa-3072,pss-verify,416,29072,78088
rsa-3072,pss-verify,417,29081,78110
rsa-3072,pss-verify,418,29121,78220
rsa-3072,pss-verify,419,29136,78264
rsa-3072,pss-verify,420,29214,78468
rsa-3072,pss-verify,421,29214,78474
rsa-3072,pss-verify,422,29220,78488
rsa-3072,pss-verify,423,29209,78458
rsa-3072,pss-verify,424,29171,78352
rsa-3072,pss-verify,425,29255,78586
rsa-3072,pss-verify,426,29104,78174
rsa-3072,pss-verify,427,29099,78160
rsa-3072,pss-verify,428,29262,78600
rsa-3072,pss-verify,429,29278,78640
rsa-3072,pss-verify,430,30276,81328
rsa-3072,pss-verify,431,29075,78096
rsa-3072,pss-verify,432,29173,78360
rsa-3072,pss-verify,433,29180,78382
rsa-3072,pss-verify,434,29066,78076
rsa-3072,pss-verify,435,29137,78260
rsa-3072,pss-verify,436,29048,78026
rsa-3072,pss-verify,437,29235,78526
rsa-3072,pss-verify,438,29296,78688
rsa-3072,pss-verify,439,29071,78082
rsa-3072,pss-verify,440,29168,78348
rsa-3072,pss-verify,441,29121,78224
rsa-3072,pss-verify,442,29223,78492
rsa-3072,pss-verify,443,29388,78938
rsa-3072,pss-verify,444,29093,78148
rsa-3072,pss-verify,445,29062,78062
rsa-3072,pss-verify,446,29196,78420
rsa-3072,pss-verify,447,29083,78124
rsa-3072,pss-verify,448,29185,78390
rsa-3072,pss-verify,449,29365,78874
rsa-3072,pss-verify,450,29149,78294
rsa-3072,pss-verify,451,29221,78492
rsa-3072,pss-verify,452,29342,78816
rsa-3072,pss-verify,453,29181,78386
rsa-3072,pss-verify,454,29235,78524
rsa-3072,pss-verify,455,29200,78434
rsa-3072,pss-verify,456,29305,78718
rsa-3072,pss-verify,457,29311,78736
rsa-3072,pss-verify,458,29154,78306
rsa-3072,pss-verify,459,29380,78912
rsa-3072,pss-verify,460,29089,78134
rsa-3072,pss-verify,461,29444,79090
rsa-3072,pss-verify,462,29182,78384
rsa-3072,pss-verify,463,29217,78474
rsa-3072,pss-verify,464,30305,81406
rsa-3072,pss-verify,465,29162,78332
rsa-3072,pss-verify,466,29175,78362
rsa-3072,pss-verify,467,29017,77944
rsa-3072,pss-verify,468,29036,77990
rsa-3072,pss-verify,469,29101,78166
rsa-3072,pss-verify,470,29146,78290
rsa-3072,pss-verify,471,29035,77988
rsa-3072,pss-verify,472,29133,78256
rsa-3072,pss-verify,473,29180,78376
rsa-3072,pss-verify,474,29204,78442
rsa-3072,pss-verify,475,29189,78400
rsa-3072,pss-verify,476,29230,78512
rsa-3072,pss-verify,477,29204,78440
rsa-3072,pss-verify,478,29154,78302
rsa-3072,pss-verify,479,29180,78380
rsa-3072,pss-verify,480,29135,78260
rsa-3072,pss-verify,481,29227,78506
rsa-3072,pss-verify,482,29225,78502
rsa-3072,pss-verify,483,29126,78232
rsa-3072,pss-verify,484,29346,78830
rsa-3072,pss-verify,485,29247,78562
rsa-3072,pss-verify,486,29125,78236
rsa-3072,pss-verify,487,29192,78416
rsa-3072,pss-verify,488,29168,78348
rsa-3072,pss-verify,489,29145,78288
rsa-3072,pss-verify,490,29281,78656
rsa-3072,pss-verify,491,29242,78546
rsa-3072,pss-verify,492,29289,78668
rsa-3072,pss-verify,493,29273,78628
rsa-3072,pss-verify,494,29323,78762
rsa-3072,pss-verify,495,29256,78584
rsa-3072,pss-verify,496,29103,78172
rsa-3072,pss-verify,497,29212,78466
rsa-3072,pss-verify,498,30468,81832
rsa-3072,pss-verify,499,29310,78728
rsa-3072,pss-verify,500,29091,78138
rsa-3072,pss-verify,501,29121,78222
rsa-3072,pss-verify,502,28969,77812
rsa-3072,pss-verify,503,29276,78642
rsa-3072,pss-verify,504,29258,78588
rsa-3072,pss-verify,505,29260,78598
rsa-3072,pss-verify,506,29205,78452
rsa-3072,pss-verify,507,29323,78766
rsa-3072,pss-verify,508,29366,78884
rsa-3072,pss-verify,509,29218,78480
rsa-3072,pss-verify,510,29129,78238
rsa-3072,pss-verify,511,29320,78752
rsa-3072,pss-verify,512,29153,78312
rsa-3072,pss-verify,513,29281,78648
rsa-3072,pss-verify,514,29203,78440
rsa-3072,pss-verify,515,29046,78014
rsa-3072,pss-verify,516,29103,78172
rsa-3072,pss-verify,517,29126,78234
rsa-3072,pss-verify,518,29205,78452
rsa-3072,pss-verify,519,29224,78498
rsa-3072,pss-verify,520,29283,78656
rsa-3072,pss-verify,521,29275,78636
rsa-3072,pss-verify,522,29349,78836
rsa-3072,pss-verify,523,29178,78372
rsa-3072,pss-verify,524,29444,79088
rsa-3072,pss-verify,525,28976,77830
rsa-3072,pss-verify,526,29134,78260
rsa-3072,pss-verify,527,29344,78822
rsa-3072,pss-verify,528,29311,78730
rsa-3072,pss-verify,529,29134,78256
rsa-3072,pss-verify,530,29230,78514
rsa-3072,pss-verify,531,29178,78374
rsa-3072,pss-verify,532,30412,81694
rsa-3072,pss-verify,533,29115,78206
rsa-3072,pss-verify,534,29213,78470
rsa-3072,pss-verify,535,29358,78860
rsa-3072,pss-verify,536,29099,78164
rsa-3072,pss-verify,537,29265,78608
rsa-3072,pss-verify,538,29147,78288
rsa-3072,pss-verify,539,29304,78710
rsa-3072,pss-verify,540,29274,78630
rsa-3072,pss-verify,541,29268,78618
rsa-3072,pss-verify,542,29171,78356
rsa-3072,pss-verify,543,29290,78674
rsa-3072,pss-verify,544,29317,78748
rsa-3072,pss-verify,545,29281,78650
rsa-3072,pss-verify,546,29155,78312
rsa-3072,pss-verify,547,29236,78530
rsa-3072,pss-verify,548,29185,78390
rsa-3072,pss-verify,549,29083,78118
rsa-3072,pss-verify,550,29116,78208
rsa-3072,pss-verify,551,29250,78566
rsa-3072,pss-verify,552,29303,78710
rsa-3072,pss-verify,553,29161,78326
rsa-3072,pss-verify,554,29021,77954
rsa-3072,pss-verify,555,29190,78412
rsa-3072,pss-verify,556,29181,78384
rsa-3072,pss-verify,557,29220,78490
rsa-3072,pss-verify,558,29215,78476
rsa-3072,pss-verify,559,29103,78170
rsa-3072,pss-verify,560,29278,78642
rsa-3072,pss-verify,561,29226,78500
rsa-3072,pss-verify,562,29160,78324
rsa-3072,pss-verify,563,29269,78618
rsa-3072,pss-verify,564,29193,78414
rsa-3072,pss-verify,565,30383,81616
rsa-3072,pss-verify,566,29227,78502
rsa-3072,pss-verify,567,29294,78686
rsa-3072,pss-verify,568,29326,78772
rsa-3072,pss-verify,569,29487,79208
rsa-3072,pss-verify,570,29258,78590
rsa-3072,pss-verify,571,29151,78304
rsa-3072,pss-verify,572,29267,78614
rsa-3072,pss-verify,573,29195,78422
rsa-3072,pss-verify,574,29228,78506
rsa-3072,pss-verify,575,29274,78632
rsa-3072,pss-verify,576,29178,78370
rsa-3072,pss-verify,577,29318,78752
rsa-3072,pss-verify,578,29178,78374
rsa-3072,pss-verify,579,29264,78610
rsa-3072,pss-verify,580,29074,78096
rsa-3072,pss-verify,581,29227,78506
rsa-3072,pss-verify,582,29190,78406
rsa-3072,pss-verify,583,29245,78554
rsa-3072,pss-verify,584,29171,78356
rsa-3072,pss-verify,585,29145,78286
rsa-3072,pss-verify,586,29174,78366
rsa-3072,pss-verify,587,29317,78748
rsa-3072,pss-verify,588,29246,78560
rsa-3072,pss-verify,589,29177,78370
rsa-3072,pss-verify,590,29173,78362
rsa-3072,pss-verify,591,29213,78466
rsa-3072,pss-verify,592,29245,78556
rsa-3072,pss-verify,593,29055,78044
rsa-3072,pss-verify,594,29137,78266
rsa-3072,pss-verify,595,29309,78728
rsa-3072,pss-verify,596,29306,78720
rsa-3072,pss-verify,597,29167,78344
rsa-3072,pss-verify,598,29181,78382
rsa-3072,pss-verify,599,30465,81824
rsa-3072,pss-verify,600,29367,78888
rsa-3072,pss-verify,601,29236,78530
rsa-3072,pss-verify,602,29306,78722
rsa-3072,pss-verify,603,29376,78904
rsa-3072,pss-verify,604,29219,78486
rsa-3072,pss-verify,605,29173,78364
rsa-3072,pss-verify,606,29183,78386
rsa-3072,pss-verify,607,29208,78458
rsa-3072,pss-verify,608,29342,78816
rsa-3072,pss-verify,609,29155,78310
rsa-3072,pss-verify,610,29277,78644
rsa-3072,pss-verify,611,29233,78522
rsa-3072,pss-verify,612,29237,78528
rsa-3072,pss-verify,613,29317,78746
rsa-3072,pss-verify,614,29178,78374
rsa-3072,pss-verify,615,29225,78504
rsa-3072,pss-verify,616,29353,78846
rsa-3072,pss-verify,617,29337,78798
rsa-3072,pss-verify,618,29120,78214
rsa-3072,pss-verify,619,29074,78096
rsa-3072,pss-verify,620,29305,78716
rsa-3072,pss-verify,621,29171,78354
rsa-3072,pss-verify,622,29130,78240
rsa-3072,pss-verify,623,29136,78262
rsa-3072,pss-verify,624,29131,78248
rsa-3072,pss-verify,625,29175,78362
rsa-3072,pss-verify,626,29237,78532
rsa-3072,pss-verify,627,29234,78520
rsa-3072,pss-verify,628,29104,78174
rsa-3072,pss-verify,629,29273,78630
rsa-3072,pss-verify,630,29182,78384
rsa-3072,pss-verify,631,29249,78560
rsa-3072,pss-verify,632,29165,78340
rsa-3072,pss-verify,633,30399,81658
rsa-3072,pss-verify,634,29169,78348
rsa-3072,pss-verify,635,29123,78224
rsa-3072,pss-verify,636,29174,78362
rsa-3072,pss-verify,637,29251,78566
rsa-3072,pss-verify,638,29323,78764
rsa-3072,pss-verify,639,29354,78850
rsa-3072,pss-verify,640,29017,77944
rsa-3072,pss-verify,641,29183,78390
rsa-3072,pss-verify,642,29253,78574
rsa-3072,pss-verify,643,29235,78526
rsa-3072,pss-verify,644,29037,77992
rsa-3072,pss-verify,645,29128,78236
rsa-3072,pss-verify,646,29373,78896
rsa-3072,pss-verify,647,29222,78494
rsa-3072,pss-verify,648,29192,78412
rsa-3072,pss-verify,649,29239,78540
rsa-3072,pss-verify,650,29098,78158
rsa-3072,pss-verify,651,29253,78576
rsa-3072,pss-verify,652,29132,78250
rsa-3072,pss-verify,653,29096,78156
rsa-3072,pss-verify,654,29051,78034
rsa-3072,pss-verify,655,29288,78672
rsa-3072,pss-verify,656,29295,78688
rsa-3072,pss-verify,657,29193,78418
rsa-3072,pss-verify,658,29214,78470
rsa-3072,pss-verify,659,29292,78680
rsa-3072,pss-verify,660,29204,78444
rsa-3072,pss-verify,661,29441,79078
rsa-3072,pss-verify,662,29075,78094
rsa-3072,pss-verify,663,29229,78512
rsa-3072,pss-verify,664,29151,78300
rsa-3072,pss-verify,665,29177,78376
rsa-3072,pss-verify,666,29255,78576
rsa-3072,pss-verify,667,29143,78280
rsa-3072,pss-verify,668,29219,78484
rsa-3072,pss-verify,669,29219,78488
rsa-3072,pss-verify,670,29062,78060
rsa-3072,pss-verify,671,29326,78774
rsa-3072,pss-verify,672,29413,79004
rsa-3072,pss-verify,673,29274,78634
rsa-3072,pss-verify,674,29134,78256
rsa-3072,pss-verify,675,29228,78508
rsa-3072,pss-verify,676,29129,78240
rsa-3072,pss-verify,677,29223,78500
rsa-3072,pss-verify,678,29161,78324
rsa-3072,pss-verify,679,29170,78350
rsa-3072,pss-verify,680,29126,78236
rsa-3072,pss-verify,681,29208,78456
rsa-3072,pss-verify,682,29241,78540
rsa-3072,pss-verify,683,29235,78524
rsa-3072,pss-verify,684,29278,78640
rsa-3072,pss-verify,685,29205,78444
rsa-3072,pss-verify,686,29189,78406
rsa-3072,pss-verify,687,29402,78978
rsa-3072,pss-verify,688,29093,78148
rsa-3072,pss-verify,689,29230,78518
rsa-3072,pss-verify,690,29219,78486
rsa-3072,pss-verify,691,29159,78324
rsa-3072,pss-verify,692,29137,78264
rsa-3072,pss-verify,693,29326,78772
rsa-3072,pss-verify,694,29044,78014
rsa-3072,pss-verify,695,29364,78874
rsa-3072,pss-verify,696,29136,78264
rsa-3072,pss-verify,697,29224,78498
rsa-3072,pss-verify,698,29125,78232
rsa-3072,pss-verify,699,29326,78770
rsa-3072,pss-verify,700,30324,81460
rsa-3072,pss-verify,701,29337,78800
rsa-3072,pss-verify,702,29259,78594
rsa-3072,pss-verify,703,29111,78198
rsa-3072,pss-verify,704,29251,78566
rsa-3072,pss-verify,705,29012,77930
rsa-3072,pss-verify,706,29175,78364
rsa-3072,pss-verify,707,29195,78416
rsa-3072,pss-verify,708,29049,78032
rsa-3072,pss-verify,709,29221,78492
rsa-3072,pss-verify,710,29286,78668
rsa-3072,pss-verify,711,29251,78570
rsa-3072,pss-verify,712,29059,78058
rsa-3072,pss-verify,713,29181,78378
rsa-3072,pss-verify,714,29043,78008
rsa-3072,pss-verify,715,29345,78822
rsa-3072,pss-verify,716,29198,78430
rsa-3072,pss-verify,717,29187,78398
rsa-3072,pss-verify,718,29335,78796
rsa-3072,pss-verify,719,29157,78320
rsa-3072,pss-verify,720,29122,78228
rsa-3072,pss-verify,721,29217,78476
rsa-3072,pss-verify,722,29119,78214
rsa-3072,pss-verify,723,29099,78160
rsa-3072,pss-verify,724,29140,78272
rsa-3072,pss-verify,725,29393,78948
rsa-3072,pss-verify,726,29193,78416
rsa-3072,pss-verify,727,29345,78820
rsa-3072,pss-verify,728,29192,78414
rsa-3072,pss-verify,729,29155,78316
rsa-3072,pss-verify,730,29142,78278
rsa-3072,pss-verify,731,29311,78728
rsa-3072,pss-verify,732,29137,78260
rsa-3072,pss-verify,733,29127,78238
rsa-3072,pss-verify,734,30424,81728
rsa-3072,pss-verify,735,29255,78578
rsa-3072,pss-verify,736,29051,78034
rsa-3072,pss-verify,737,29189,78404
rsa-3072,pss-verify,738,29272,78622
rsa-3072,pss-verify,739,29166,78344
rsa-3072,pss-verify,740,29103,78174
rsa-3072,pss-verify,741,29265,78606
rsa-3072,pss-verify,742,29116,78208
rsa-3072,pss-verify,743,29138,78266
rsa-3072,pss-verify,744,29247,78560
rsa-3072,pss-verify,745,29312,78732
rsa-3072,pss-verify,746,29065,78072
rsa-3072,pss-verify,747,29156,78312
rsa-3072,pss-verify,748,29267,78618
rsa-3072,pss-verify,749,29311,78734
rsa-3072,pss-verify,750,29273,78634
rsa-3072,pss-verify,751,29346,78828
rsa-3072,pss-verify,752,29199,78434
rsa-3072,pss-verify,753,29230,78510
rsa-3072,pss-verify,754,29224,78500
rsa-3072,pss-verify,755,29129,78242
rsa-3072,pss-verify,756,29326,78774
rsa-3072,pss-verify,757,29197,78424
rsa-3072,pss-verify,758,29169,78350
rsa-3072,pss-verify,759,29241,78542
rsa-3072,pss-verify,760,28996,77888
rsa-3072,pss-verify,761,29300,78700
rsa-3072,pss-verify,762,29154,78306
rsa-3072,pss-verify,763,29074,78092
rsa-3072,pss-verify,764,29095,78152
rsa-3072,pss-verify,765,29329,78786
rsa-3072,pss-verify,766,29175,78366
rsa-3072,pss-verify,767,29114,78204
rsa-3072,pss-verify,768,30460,81822
rsa-3072,pss-verify,769,29241,78544
rsa-3072,pss-verify,770,29085,78128
rsa-3072,pss-verify,771,29255,78582
rsa-3072,pss-verify,772,29169,78354
rsa-3072,pss-verify,773,29180,78378
rsa-3072,pss-verify,774,29124,78226
rsa-3072,pss-verify,775,29465,79150
rsa-3072,pss-verify,776,29325,78774
rsa-3072,pss-verify,777,29211,78460
rsa-3072,pss-verify,778,29381,78920
rsa-3072,pss-verify,779,29117,78214
rsa-3072,pss-verify,780,29331,78784
rsa-3072,pss-verify,781,29125,78232
rsa-3072,pss-verify,782,29322,78762
rsa-3072,pss-verify,783,29148,78292
rsa-3072,pss-verify,784,29127,78238
rsa-3072,pss-verify,785,29172,78360
rsa-3072,pss-verify,786,29300,78702
rsa-3072,pss-verify,787,29211,78460
rsa-3072,pss-verify,788,29318,78754
rsa-3072,pss-verify,789,29399,78970
rsa-3072,pss-verify,790,29217,78480
rsa-3072,pss-verify,791,29261,78596
rsa-3072,pss-verify,792,29165,78340
rsa-3072,pss-verify,793,29286,78670
rsa-3072,pss-verify,794,29208,78450
rsa-3072,pss-verify,795,29210,78462
rsa-3072,pss-verify,796,29289,78670
rsa-3072,pss-verify,797,29450,79106
rsa-3072,pss-verify,798,29111,78194
rsa-3072,pss-verify,799,29238,78534
rsa-3072,pss-verify,800,29461,79136
rsa-3072,pss-verify,801,29150,78300
rsa-3072,pss-verify,802,30369,81576
rsa-3072,pss-verify,803,29396,78960
rsa-3072,pss-verify,804,29356,78856
rsa-3072,pss-verify,805,29302,78710
rsa-3072,pss-verify,806,29241,78544
rsa-3072,pss-verify,807,29137,78268
rsa-3072,pss-verify,808,29317,78752
rsa-3072,pss-verify,809,29369,78888
rsa-3072,pss-verify,810,29167,78342
rsa-3072,pss-verify,811,29435,79066
rsa-3072,pss-verify,812,28966,77804
rsa-3072,pss-verify,813,29115,78208
rsa-3072,pss-verify,814,29234,78526
rsa-3072,pss-verify,815,29350,78836
rsa-3072,pss-verify,816,29132,78248
rsa-3072,pss-verify,817,29311,78734
rsa-3072,pss-verify,818,29268,78614
rsa-3072,pss-verify,819,29215,78478
rsa-3072,pss-verify,820,29257,78586
rsa-3072,pss-verify,821,29012,77926
rsa-3072,pss-verify,822,29088,78130
rsa-3072,pss-verify,823,29178,78370
rsa-3072,pss-verify,824,29285,78664
rsa-3072,pss-verify,825,29322,78760
rsa-3072,pss-verify,826,29252,78570
rsa-3072,pss-verify,827,29142,78276
rsa-3072,pss-verify,828,29250,78562
rsa-3072,pss-verify,829,29339,78806
rsa-3072,pss-verify,830,29219,78486
rsa-3072,pss-verify,831,29399,78972
rsa-3072,pss-verify,832,29128,78240
rsa-3072,pss-verify,833,29296,78692
rsa-3072,pss-verify,834,29273,78628
rsa-3072,pss-verify,835,30343,81506
rsa-3072,pss-verify,836,29399,78970
rsa-3072,pss-verify,837,29270,78622
rsa-3072,pss-verify,838,29175,78366
rsa-3072,pss-verify,839,29166,78342
rsa-3072,pss-verify,840,29252,78570
rsa-3072,pss-verify,841,29237,78536
rsa-3072,pss-verify,842,28954,77776
rsa-3072,pss-verify,843,29260,78592
rsa-3072,pss-verify,844,29237,78528
rsa-3072,pss-verify,845,29281,78652
rsa-3072,pss-verify,846,29152,78304
rsa-3072,pss-verify,847,29195,78422
rsa-3072,pss-verify,848,29309,78726
rsa-3072,pss-verify,849,29256,78586
rsa-3072,pss-verify,850,29139,78270
rsa-3072,pss-verify,851,29250,78566
rsa-3072,pss-verify,852,29204,78446
rsa-3072,pss-verify,853,29333,78796
rsa-3072,pss-verify,854,29268,78616
rsa-3072,pss-verify,855,29190,78406
rsa-3072,pss-verify,856,29056,78048
rsa-3072,pss-verify,857,29157,78318
rsa-3072,pss-verify,858,29166,78342
rsa-3072,pss-verify,859,29067,78078
rsa-3072,pss-verify,860,29240,78540
rsa-3072,pss-verify,861,29271,78622
rsa-3072,pss-verify,862,29136,78264
rsa-3072,pss-verify,863,29241,78542
rsa-3072,pss-verify,864,29222,78492
rsa-3072,pss-verify,865,29320,78758
rsa-3072,pss-verify,866,29165,78338
rsa-3072,pss-verify,867,29127,78238
rsa-3072,pss-verify,868,29300,78704
rsa-3072,pss-verify,869,30290,81364
rsa-3072,pss-verify,870,29096,78152
rsa-3072,pss-verify,871,29087,78128
rsa-3072,pss-verify,872,29157,78324
rsa-3072,pss-verify,873,29302,78708
rsa-3072,pss-verify,874,29337,78808
rsa-3072,pss-verify,875,29219,78488
rsa-3072,pss-verify,876,29209,78460
rsa-3072,pss-verify,877,29165,78342
rsa-3072,pss-verify,878,29126,78236
rsa-3072,pss-verify,879,29236,78532
rsa-3072,pss-verify,880,29133,78252
rsa-3072,pss-verify,881,29233,78522
rsa-3072,pss-verify,882,29140,78272
rsa-3072,pss-verify,883,29293,78684
rsa-3072,pss-verify,884,29194,78418
rsa-3072,pss-verify,885,29255,78584
rsa-3072,pss-verify,886,29298,78700
rsa-3072,pss-verify,887,29361,78868
rsa-3072,pss-verify,888,29375,78906
rsa-3072,pss-verify,889,29155,78310
rsa-3072,pss-verify,890,29152,78304
rsa-3072,pss-verify,891,29262,78600
rsa-3072,pss-verify,892,29286,78668
rsa-3072,pss-verify,893,29192,78412
rsa-3072,pss-verify,894,29136,78264
rsa-3072,pss-verify,895,29347,78832
rsa-3072,pss-verify,896,29090,78140
rsa-3072,pss-verify,897,29235,78534
rsa-3072,pss-verify,898,29157,78322
rsa-3072,pss-verify,899,29107,78188
rsa-3072,pss-verify,900,29225,78500
rsa-3072,pss-verify,901,29122,78224
rsa-3072,pss-verify,902,29302,78708
rsa-3072,pss-verify,903,30195,81106
rsa-3072,pss-verify,904,29145,78286
rsa-3072,pss-verify,905,29317,78748
rsa-3072,pss-verify,906,29119,78216
rsa-3072,pss-verify,907,29145,78286
rsa-3072,pss-verify,908,29208,78452
rsa-3072,pss-verify,909,29087,78130
rsa-3072,pss-verify,910,29151,78298
rsa-3072,pss-verify,911,29224,78496
rsa-3072,pss-verify,912,29145,78286
rsa-3072,pss-verify,913,29098,78162
rsa-3072,pss-verify,914,29174,78368
rsa-3072,pss-verify,915,29309,78724
rsa-3072,pss-verify,916,29406,78988
rsa-3072,pss-verify,917,29238,78534
rsa-3072,pss-verify,918,29015,77930
rsa-3072,pss-verify,919,29099,78168
rsa-3072,pss-verify,920,29214,78470
rsa-3072,pss-verify,921,29043,78010
rsa-3072,pss-verify,922,29108,78184
rsa-3072,pss-verify,923,29260,78598
rsa-3072,pss-verify,924,29230,78512
rsa-3072,pss-verify,925,29280,78654
rsa-3072,pss-verify,926,29165,78340
rsa-3072,pss-verify,927,29136,78258
rsa-3072,pss-verify,928,29193,78416
rsa-3072,pss-verify,929,29190,78410
rsa-3072,pss-verify,930,29111,78198
rsa-3072,pss-verify,931,29285,78666
rsa-3072,pss-verify,932,28994,77884
rsa-3072,pss-verify,933,29108,78186
rsa-3072,pss-verify,934,28983,77854
rsa-3072,pss-verify,935,29256,78586
rsa-3072,pss-verify,936,29153,78312
rsa-3072,pss-verify,937,30359,81552
rsa-3072,pss-verify,938,29083,78120
rsa-3072,pss-verify,939,29096,78158
rsa-3072,pss-verify,940,29349,78832
rsa-3072,pss-verify,941,29324,78766
rsa-3072,pss-verify,942,29129,78240
rsa-3072,pss-verify,943,29206,78454
rsa-3072,pss-verify,944,29069,78082
rsa-3072,pss-verify,945,29292,78684
rsa-3072,pss-verify,946,29245,78554
rsa-3072,pss-verify,947,29298,78696
rsa-3072,pss-verify,948,29336,78800
rsa-3072,pss-verify,949,29213,78474
rsa-3072,pss-verify,950,29238,78536
rsa-3072,pss-verify,951,29147,78286
rsa-3072,pss-verify,952,29181,78386
rsa-3072,pss-verify,953,29190,78402
rsa-3072,pss-verify,954,29235,78528
rsa-3072,pss-verify,955,29391,78950
rsa-3072,pss-verify,956,29254,78584
rsa-3072,pss-verify,957,29152,78306
rsa-3072,pss-verify,958,29183,78392
rsa-3072,pss-verify,959,29279,78646
rsa-3072,pss-verify,960,29124,78232
rsa-3072,pss-verify,961,29239,78542
rsa-3072,pss-verify,962,29125,78230
rsa-3072,pss-verify,963,29290,78676
rsa-3072,pss-verify,964,29162,78326
rsa-3072,pss-verify,965,29127,78238
rsa-3072,pss-verify,966,29166,78344
rsa-3072,pss-verify,967,29247,78560
rsa-3072,pss-verify,968,29144,78286
rsa-3072,pss-verify,969,29295,78694
rsa-3072,pss-verify,970,31486,84580
rsa-3072,pss-verify,971,29286,78666
rsa-3072,pss-verify,972,29207,78450
rsa-3072,pss-verify,973,29159,78324
rsa-3072,pss-verify,974,29205,78446
rsa-3072,pss-verify,975,29186,78396
rsa-3072,pss-verify,976,29167,78346
rsa-3072,pss-verify,977,29320,78756
rsa-3072,pss-verify,978,29277,78640
rsa-3072,pss-verify,979,29200,78432
rsa-3072,pss-verify,980,29245,78552
rsa-3072,pss-verify,981,29135,78254
rsa-3072,pss-verify,982,29125,78232
rsa-3072,pss-verify,983,29181,78388
rsa-3072,pss-verify,984,29376,78904
rsa-3072,pss-verify,985,29082,78120
rsa-3072,pss-verify,986,29109,78188
rsa-3072,pss-verify,987,29362,78870
rsa-3072,pss-verify,988,29303,78710
rsa-3072,pss-verify,989,29082,78118
rsa-3072,pss-verify,990,29189,78406
rsa-3072,pss-verify,991,29108,78188
rsa-3072,pss-verify,992,29222,78496
rsa-3072,pss-verify,993,29155,78308
rsa-3072,pss-verify,994,29290,78676
rsa-3072,pss-verify,995,29141,78274
rsa-3072,pss-verify,996,29307,78720
rsa-3072,pss-verify,997,29100,78170
rsa-3072,pss-verify,998,29172,78360
rsa-3072,pss-verify,999,29277,78638
rsa-3072,oaep-encrypt,0,29985,80508
rsa-3072,oaep-encrypt,1,29581,79430
rsa-3072,oaep-encrypt,2,29782,80000
rsa-3072,oaep-encrypt,3,29822,80106
rsa-3072,oaep-encrypt,4,29773,79972
rsa-3072,oaep-encrypt,5,29825,80090
rsa-3072,oaep-encrypt,6,29948,80444
rsa-3072,oaep-encrypt,7,29867,80228
rsa-3072,oaep-encrypt,8,29797,80042
rsa-3072,oaep-encrypt,9,29830,80130
rsa-3072,oaep-encrypt,10,29588,79480
rsa-3072,oaep-encrypt,11,29725,79844
rsa-3072,oaep-encrypt,12,29918,80366
rsa-3072,oaep-encrypt,13,29762,79946
rsa-3072,oaep-encrypt,14,29832,80132
rsa-3072,oaep-encrypt,15,29819,80096
rsa-3072,oaep-encrypt,16,29611,79544
rsa-3072,oaep-encrypt,17,29708,79800
rsa-3072,oaep-encrypt,18,30892,82978
rsa-3072,oaep-encrypt,19,29745,79902
rsa-3072,oaep-encrypt,20,29837,80146
rsa-3072,oaep-encrypt,21,29839,80154
rsa-3072,oaep-encrypt,22,29830,80128
rsa-3072,oaep-encrypt,23,29675,79716
rsa-3072,oaep-encrypt,24,29755,79926
rsa-3072,oaep-encrypt,25,29748,79906
rsa-3072,oaep-encrypt,26,29716,79820
rsa-3072,oaep-encrypt,27,29787,80014
rsa-3072,oaep-encrypt,28,29897,80306
rsa-3072,oaep-encrypt,29,29773,79978
rsa-3072,oaep-encrypt,30,29775,79980
rsa-3072,oaep-encrypt,31,29780,79988
rsa-3072,oaep-encrypt,32,29811,80078
rsa-3072,oaep-encrypt,33,29949,80446
rsa-3072,oaep-encrypt,34,29883,80268
rsa-3072,oaep-encrypt,35,29897,80308
rsa-3072,oaep-encrypt,36,29854,80194
rsa-3072,oaep-encrypt,37,29763,79948
rsa-3072,oaep-encrypt,38,29795,80032
rsa-3072,oaep-encrypt,39,29869,80236
rsa-3072,oaep-encrypt,40,29872,80242
rsa-3072,oaep-encrypt,41,29896,80304
rsa-3072,oaep-encrypt,42,29789,80020
rsa-3072,oaep-encrypt,43,29774,79974
rsa-3072,oaep-encrypt,44,29813,80082
rsa-3072,oaep-encrypt,45,29778,79986
rsa-3072,oaep-encrypt,46,29704,79792
rsa-3072,oaep-encrypt,47,29714,79814
rsa-3072,oaep-encrypt,48,29711,79808
rsa-3072,oaep-encrypt,49,29726,79848
rsa-3072,oaep-encrypt,50,29695,79764
rsa-3072,oaep-encrypt,51,30854,82880
rsa-3072,oaep-encrypt,52,29833,80136
rsa-3072,oaep-encrypt,53,29725,79844
rsa-3072,oaep-encrypt,54,29642,79624
rsa-3072,oaep-encrypt,55,29613,79548
rsa-3072,oaep-encrypt,56,29590,79486
rsa-3072,oaep-encrypt,57,29732,79866
rsa-3072,oaep-encrypt,58,29680,79724
rsa-3072,oaep-encrypt,59,29703,79786
rsa-3072,oaep-encrypt,60,29780,79998
rsa-3072,oaep-encrypt,61,29916,80356
rsa-3072,oaep-encrypt,62,29745,79898
rsa-3072,oaep-encrypt,63,29808,80068
rsa-3072,oaep-encrypt,64,29691,79752
rsa-3072,oaep-encrypt,65,29807,80066
rsa-3072,oaep-encrypt,66,29689,79750
rsa-3072,oaep-encrypt,67,29844,80166
rsa-3072,oaep-encrypt,68,29818,80096
rsa-3072,oaep-encrypt,69,29726,79846
rsa-3072,oaep-encrypt,70,29804,80058
rsa-3072,oaep-encrypt,71,29781,79996
rsa-3072,oaep-encrypt,72,30058,80740
rsa-3072,oaep-encrypt,73,29880,80264
rsa-3072,oaep-encrypt,74,29869,80234
rsa-3072,oaep-encrypt,75,29823,80106
rsa-3072,oaep-encrypt,76,29809,80072
rsa-3072,oaep-encrypt,77,29627,79582
rsa-3072,oaep-encrypt,78,29751,79916
rsa-3072,oaep-encrypt,79,29792,80026
rsa-3072,oaep-encrypt,80,29726,79846
rsa-3072,oaep-encrypt,81,29753,79924
rsa-3072,oaep-encrypt,82,29828,80124
rsa-3072,oaep-encrypt,83,29603,79518
rsa-3072,oaep-encrypt,84,30982,83224
rsa-3072,oaep-encrypt,85,29774,79980
rsa-3072,oaep-encrypt,86,29676,79716
rsa-3072,oaep-encrypt,87,29707,79800
rsa-3072,oaep-encrypt,88,29808,80068
rsa-3072,oaep-encrypt,89,29698,79772
rsa-3072,oaep-encrypt,90,29732,79866
rsa-3072,oaep-encrypt,91,29627,79582
rsa-3072,oaep-encrypt,92,29573,79438
rsa-3072,oaep-encrypt,93,29704,79784
rsa-3072,oaep-encrypt,94,29895,80300
rsa-3072,oaep-encrypt,95,29583,79466
rsa-3072,oaep-encrypt,96,29784,80006
rsa-3072,oaep-encrypt,97,29771,79968
rsa-3072,oaep-encrypt,98,29798,80040
rsa-3072,oaep-encrypt,99,29713,79812
rsa-3072,oaep-encrypt,100,29676,79714
rsa-3072,oaep-encrypt,101,29772,79972
rsa-3072,oaep-encrypt,102,29853,80192
rsa-3072,oaep-encrypt,103,29791,80022
rsa-3072,oaep-encrypt,104,29644,79626
rsa-3072,oaep-encrypt,105,29680,79726
rsa-3072,oaep-encrypt,106,29936,80414
rsa-3072,oaep-encrypt,107,29691,79754
rsa-3072,oaep-encrypt,108,29631,79594
rsa-3072,oaep-encrypt,109,29780,79994
rsa-3072,oaep-encrypt,110,29711,79804
rsa-3072,oaep-encrypt,111,29744,79894
rsa-3072,oaep-encrypt,112,29779,79992
rsa-3072,oaep-encrypt,113,29743,79894
rsa-3072,oaep-encrypt,114,29818,80098
rsa-3072,oaep-encrypt,115,29610,79538
rsa-3072,oaep-encrypt,116,29659,79668
rsa-3072,oaep-encrypt,117,29691,79756
rsa-3072,oaep-encrypt,118,30905,83016
rsa-3072,oaep-encrypt,119,29729,79858
rsa-3072,oaep-encrypt,120,29850,80182
rsa-3072,oaep-encrypt,121,29744,79896
rsa-3072,oaep-encrypt,122,29929,80394
rsa-3072,oaep-encrypt,123,29767,79954
rsa-3072,oaep-encrypt,124,29976,80518
rsa-3072,oaep-encrypt,125,29799,80044
rsa-3072,oaep-encrypt,126,29877,80250
rsa-3072,oaep-encrypt,127,29655,79656
rsa-3072,oaep-encrypt,128,29712,79812
rsa-3072,oaep-encrypt,129,29765,79954
rsa-3072,oaep-encrypt,130,29718,79822
rsa-3072,oaep-encrypt,131,29759,79936
rsa-3072,oaep-encrypt,132,29864,80218
rsa-3072,oaep-encrypt,133,29776,79986
rsa-3072,oaep-encrypt,134,29733,79868
rsa-3072,oaep-encrypt,135,29884,80274
rsa-3072,oaep-encrypt,136,29669,79694
rsa-3072,oaep-encrypt,137,29652,79654
rsa-3072,oaep-encrypt,138,29810,80070
rsa-3072,oaep-encrypt,139,29855,80198
rsa-3072,oaep-encrypt,140,29775,79982
rsa-3072,oaep-encrypt,141,29761,79944
rsa-3072,oaep-encrypt,142,29685,79738
rsa-3072,oaep-encrypt,143,29805,80062
rsa-3072,oaep-encrypt,144,29806,80066
rsa-3072,oaep-encrypt,145,29706,79794
rsa-3072,oaep-encrypt,146,29631,79594
rsa-3072,oaep-encrypt,147,29646,79632
rsa-3072,oaep-encrypt,148,29939,80418
rsa-3072,oaep-encrypt,149,29759,79936
rsa-3072,oaep-encrypt,150,29844,80162
rsa-3072,oaep-encrypt,151,30775,82666
rsa-3072,oaep-encrypt,152,29737,79878
rsa-3072,oaep-encrypt,153,29754,79924
rsa-3072,oaep-encrypt,154,29808,80068
rsa-3072,oaep-encrypt,155,29702,79784
rsa-3072,oaep-encrypt,156,29819,80098
rsa-3072,oaep-encrypt,157,29718,79826
rsa-3072,oaep-encrypt,158,29653,79652
rsa-3072,oaep-encrypt,159,29727,79852
rsa-3072,oaep-encrypt,160,29937,80416
rsa-3072,oaep-encrypt,161,29761,79944
rsa-3072,oaep-encrypt,162,29793,80030
rsa-3072,oaep-encrypt,163,29804,80058
rsa-3072,oaep-encrypt,164,29835,80140
rsa-3072,oaep-encrypt,165,29666,79688
rsa-3072,oaep-encrypt,166,29635,79606
rsa-3072,oaep-encrypt,167,29837,80148
rsa-3072,oaep-encrypt,168,29723,79842
rsa-3072,oaep-encrypt,169,29609,79536
rsa-3072,oaep-encrypt,170,29749,79910
rsa-3072,oaep-encrypt,171,29801,80050
rsa-3072,oaep-encrypt,172,29912,80350
rsa-3072,oaep-encrypt,173,29812,80080
rsa-3072,oaep-encrypt,174,29863,80220
rsa-3072,oaep-encrypt,175,29758,79934
rsa-3072,oaep-encrypt,176,29786,80010
rsa-3072,oaep-encrypt,177,29762,79944
rsa-3072,oaep-encrypt,178,29808,80070
rsa-3072,oaep-encrypt,179,29780,79992
rsa-3072,oaep-encrypt,180,29602,79514
rsa-3072,oaep-encrypt,181,29663,79676
rsa-3072,oaep-encrypt,182,29707,79800
rsa-3072,oaep-encrypt,183,29587,79474
rsa-3072,oaep-encrypt,184,30978,83210
rsa-3072,oaep-encrypt,185,29774,79978
rsa-3072,oaep-encrypt,186,29857,80202
rsa-3072,oaep-encrypt,187,29896,80304
rsa-3072,oaep-encrypt,188,29835,80140
rsa-3072,oaep-encrypt,189,29664,79680
rsa-3072,oaep-encrypt,190,29775,79982
rsa-3072,oaep-encrypt,191,29740,79890
rsa-3072,oaep-encrypt,192,29769,79966
rsa-3072,oaep-encrypt,193,29889,80286
rsa-3072,oaep-encrypt,194,29643,79628
rsa-3072,oaep-encrypt,195,29699,79776
rsa-3072,oaep-encrypt,196,29814,80086
rsa-3072,oaep-encrypt,197,29576,79446
rsa-3072,oaep-encrypt,198,29764,79948
rsa-3072,oaep-encrypt,199,29674,79708
rsa-3072,oaep-encrypt,200,29650,79648
rsa-3072,oaep-encrypt,201,29900,80320
rsa-3072,oaep-encrypt,202,29775,79982
rsa-3072,oaep-encrypt,203,29764,79952
rsa-3072,oaep-encrypt,204,29872,80240
rsa-3072,oaep-encrypt,205,29784,80008
rsa-3072,oaep-encrypt,206,29925,80382
rsa-3072,oaep-encrypt,207,29728,79854
rsa-3072,oaep-encrypt,208,29930,80400
rsa-3072,oaep-encrypt,209,29830,80126
rsa-3072,oaep-encrypt,210,29743,79896
rsa-3072,oaep-encrypt,211,29671,79700
rsa-3072,oaep-encrypt,212,29666,79682
rsa-3072,oaep-encrypt,213,29764,79950
rsa-3072,oaep-encrypt,214,29770,79966
rsa-3072,oaep-encrypt,215,29675,79712
rsa-3072,oaep-encrypt,216,29690,79754
rsa-3072,oaep-encrypt,217,30750,82598
rsa-3072,oaep-encrypt,218,29737,79878
rsa-3072,oaep-encrypt,219,29669,79696
rsa-3072,oaep-encrypt,220,29648,79642
rsa-3072,oaep-encrypt,221,29934,80406
rsa-3072,oaep-encrypt,222,29714,79812
rsa-3072,oaep-encrypt,223,29889,80286
rsa-3072,oaep-encrypt,224,29696,79764
rsa-3072,oaep-encrypt,225,29662,79674
rsa-3072,oaep-encrypt,226,29754,79926
rsa-3072,oaep-encrypt,227,29616,79552
rsa-3072,oaep-encrypt,228,29861,80214
rsa-3072,oaep-encrypt,229,29905,80332
rsa-3072,oaep-encrypt,230,29839,80152
rsa-3072,oaep-encrypt,231,29849,80182
rsa-3072,oaep-encrypt,232,29867,80226
rsa-3072,oaep-encrypt,233,29790,80022
rsa-3072,oaep-encrypt,234,29739,79884
rsa-3072,oaep-encrypt,235,29695,79766
rsa-3072,oaep-encrypt,236,29649,79642
rsa-3072,oaep-encrypt,237,29868,80228
rsa-3072,oaep-encrypt,238,29619,79562
rsa-3072,oaep-encrypt,239,29709,79800
rsa-3072,oaep-encrypt,240,29764,79948
rsa-3072,oaep-encrypt,241,29711,79808
rsa-3072,oaep-encrypt,242,29786,80008
rsa-3072,oaep-encrypt,243,29903,80322
rsa-3072,oaep-encrypt,244,30084,80810
rsa-3072,oaep-encrypt,245,29805,80062
rsa-3072,oaep-encrypt,246,29827,80122
rsa-3072,oaep-encrypt,247,29719,79828
rsa-3072,oaep-encrypt,248,29826,80116
rsa-3072,oaep-encrypt,249,29774,79976
rsa-3072,oaep-encrypt,250,30735,82558
rsa-3072,oaep-encrypt,251,29832,80138
rsa-3072,oaep-encrypt,252,29812,80080
rsa-3072,oaep-encrypt,253,29735,79876
rsa-3072,oaep-encrypt,254,29780,79992
rsa-3072,oaep-encrypt,255,29676,79712
rsa-3072,oaep-encrypt,256,29704,79790
rsa-3072,oaep-encrypt,257,29708,79790
rsa-3072,oaep-encrypt,258,29723,79846
rsa-3072,oaep-encrypt,259,29879,80262
rsa-3072,oaep-encrypt,260,29896,80302
rsa-3072,oaep-encrypt,261,29618,79562
rsa-3072,oaep-encrypt,262,29966,80494
rsa-3072,oaep-encrypt,263,29680,79720
rsa-3072,oaep-encrypt,264,29842,80162
rsa-3072,oaep-encrypt,265,29764,79954
rsa-3072,oaep-encrypt,266,29607,79526
rsa-3072,oaep-encrypt,267,29578,79450
rsa-3072,oaep-encrypt,268,29782,79998
rsa-3072,oaep-encrypt,269,29681,79726
rsa-3072,oaep-encrypt,270,29691,79756
rsa-3072,oaep-encrypt,271,29865,80224
rsa-3072,oaep-encrypt,272,29800,80052
rsa-3072,oaep-encrypt,273,29742,79894
rsa-3072,oaep-encrypt,274,29668,79692
rsa-3072,oaep-encrypt,275,29604,79524
rsa-3072,oaep-encrypt,276,29697,79774
rsa-3072,oaep-encrypt,277,29681,79728
rsa-3072,oaep-encrypt,278,29773,79978
rsa-3072,oaep-encrypt,279,29922,80372
rsa-3072,oaep-encrypt,280,29721,79838
rsa-3072,oaep-encrypt,281,29736,79878
rsa-3072,oaep-encrypt,282,29679,79722
rsa-3072,oaep-encrypt,283,30952,83138
rsa-3072,oaep-encrypt,284,29787,80012
rsa-3072,oaep-encrypt,285,29788,80016
rsa-3072,oaep-encrypt,286,29721,79832
rsa-3072,oaep-encrypt,287,29568,79424
rsa-3072,oaep-encrypt,288,29963,80488
rsa-3072,oaep-encrypt,289,29833,80140
rsa-3072,oaep-encrypt,290,29756,79930
rsa-3072,oaep-encrypt,291,29902,80320
rsa-3072,oaep-encrypt,292,29570,79428
rsa-3072,oaep-encrypt,293,29686,79744
rsa-3072,oaep-encrypt,294,29782,79996
rsa-3072,oaep-encrypt,295,29807,80066
rsa-3072,oaep-encrypt,296,29760,79942
rsa-3072,oaep-encrypt,297,29643,79628
rsa-3072,oaep-encrypt,298,29817,80094
rsa-3072,oaep-encrypt,299,29702,79784
rsa-3072,oaep-encrypt,300,29798,80046
rsa-3072,oaep-encrypt,301,29668,79694
rsa-3072,oaep-encrypt,302,29769,79966
rsa-3072,oaep-encrypt,303,29607,79528
rsa-3072,oaep-encrypt,304,29647,79636
rsa-3072,oaep-encrypt,305,29711,79808
rsa-3072,oaep-encrypt,306,29709,79802
rsa-3072,oaep-encrypt,307,29817,80092
rsa-3072,oaep-encrypt,308,29783,79998
rsa-3072,oaep-encrypt,309,29714,79820
rsa-3072,oaep-encrypt,310,29838,80148
rsa-3072,oaep-encrypt,311,29664,79682
rsa-3072,oaep-encrypt,312,29774,79980
rsa-3072,oaep-encrypt,313,29825,80116
rsa-3072,oaep-encrypt,314,29610,79536
rsa-3072,oaep-encrypt,315,29621,79566
rsa-3072,oaep-encrypt,316,30901,83006
rsa-3072,oaep-encrypt,317,29598,79504
rsa-3072,oaep-encrypt,318,29761,79944
rsa-3072,oaep-encrypt,319,29604,79524
rsa-3072,oaep-encrypt,320,29832,80134
rsa-3072,oaep-encrypt,321,29862,80216
rsa-3072,oaep-encrypt,322,29780,79994
rsa-3072,oaep-encrypt,323,29786,80008
rsa-3072,oaep-encrypt,324,29685,79738
rsa-3072,oaep-encrypt,325,29636,79608
rsa-3072,oaep-encrypt,326,29691,79750
rsa-3072,oaep-encrypt,327,29786,80010
rsa-3072,oaep-encrypt,328,29762,79948
rsa-3072,oaep-encrypt,329,29733,79870
rsa-3072,oaep-encrypt,330,29695,79770
rsa-3072,oaep-encrypt,331,29825,80114
rsa-3072,oaep-encrypt,332,29706,79796
rsa-3072,oaep-encrypt,333,29846,80168
rsa-3072,oaep-encrypt,334,29745,79902
rsa-3072,oaep-encrypt,335,29595,79498
rsa-3072,oaep-encrypt,336,29983,80540
rsa-3072,oaep-encrypt,337,29688,79750
rsa-3072,oaep-encrypt,338,29699,79778
rsa-3072,oaep-encrypt,339,29776,79982
rsa-3072,oaep-encrypt,340,29871,80238
rsa-3072,oaep-encrypt,341,29800,80052
rsa-3072,oaep-encrypt,342,29710,79804
rsa-3072,oaep-encrypt,343,29706,79794
rsa-3072,oaep-encrypt,344,29820,80102
rsa-3072,oaep-encrypt,345,29724,79842
rsa-3072,oaep-encrypt,346,29706,79798
rsa-3072,oaep-encrypt,347,29629,79590
rsa-3072,oaep-encrypt,348,29803,80058
rsa-3072,oaep-encrypt,349,31041,83382
rsa-3072,oaep-encrypt,350,29694,79764
rsa-3072,oaep-encrypt,351,29950,80450
rsa-3072,oaep-encrypt,352,29766,79956
rsa-3072,oaep-encrypt,353,29670,79698
rsa-3072,oaep-encrypt,354,29785,80006
rsa-3072,oaep-encrypt,355,29697,79772
rsa-3072,oaep-encrypt,356,29891,80294
rsa-3072,oaep-encrypt,357,29729,79854
rsa-3072,oaep-encrypt,358,29635,79606
rsa-3072,oaep-encrypt,359,29818,80096
rsa-3072,oaep-encrypt,360,29706,79794
rsa-3072,oaep-encrypt,361,29632,79594
rsa-3072,oaep-encrypt,362,29825,80110
rsa-3072,oaep-encrypt,363,29627,79578
rsa-3072,oaep-encrypt,364,29746,79902
rsa-3072,oaep-encrypt,365,29816,80088
rsa-3072,oaep-encrypt,366,29874,80250
rsa-3072,oaep-encrypt,367,29843,80164
rsa-3072,oaep-encrypt,368,29804,80060
rsa-3072,oaep-encrypt,369,29673,79708
rsa-3072,oaep-encrypt,370,29701,79778
rsa-3072,oaep-encrypt,371,29651,79646
rsa-3072,oaep-encrypt,372,29814,80084
rsa-3072,oaep-encrypt,373,29778,79990
rsa-3072,oaep-encrypt,374,29815,80082
rsa-3072,oaep-encrypt,375,29744,79898
rsa-3072,oaep-encrypt,376,29659,79668
rsa-3072,oaep-encrypt,377,29845,80168
rsa-3072,oaep-encrypt,378,29832,80134
rsa-3072,oaep-encrypt,379,29669,79692
rsa-3072,oaep-encrypt,380,29905,80332
rsa-3072,oaep-encrypt,381,29820,80102
rsa-3072,oaep-encrypt,382,29899,80316
rsa-3072,oaep-encrypt,383,30804,82746
rsa-3072,oaep-encrypt,384,29741,79888
rsa-3072,oaep-encrypt,385,29660,79672
rsa-3072,oaep-encrypt,386,29820,80100
rsa-3072,oaep-encrypt,387,29787,80012
rsa-3072,oaep-encrypt,388,29962,80484
rsa-3072,oaep-encrypt,389,29616,79554
rsa-3072,oaep-encrypt,390,29861,80212
rsa-3072,oaep-encrypt,391,29769,79966
rsa-3072,oaep-encrypt,392,29866,80224
rsa-3072,oaep-encrypt,393,29784,80006
rsa-3072,oaep-encrypt,394,29818,80096
rsa-3072,oaep-encrypt,395,29764,79950
rsa-3072,oaep-encrypt,396,29794,80030
rsa-3072,oaep-encrypt,397,29778,79988
rsa-3072,oaep-encrypt,398,29705,79790
rsa-3072,oaep-encrypt,399,29666,79688
rsa-3072,oaep-encrypt,400,29993,80568
rsa-3072,oaep-encrypt,401,29815,80086
rsa-3072,oaep-encrypt,402,29731,79862
rsa-3072,oaep-encrypt,403,29830,80126
rsa-3072,oaep-encrypt,404,29642,79622
rsa-3072,oaep-encrypt,405,29791,80022
rsa-3072,oaep-encrypt,406,29692,79758
rsa-3072,oaep-encrypt,407,29685,79740
rsa-3072,oaep-encrypt,408,29658,79668
rsa-3072,oaep-encrypt,409,29685,79740
rsa-3072,oaep-encrypt,410,29732,79868
rsa-3072,oaep-encrypt,411,29782,80000
rsa-3072,oaep-encrypt,412,29782,79998
rsa-3072,oaep-encrypt,413,29624,79572
rsa-3072,oaep-encrypt,414,29784,80004
rsa-3072,oaep-encrypt,415,29726,79848
rsa-3072,oaep-encrypt,416,30917,83050
rsa-3072,oaep-encrypt,417,29736,79876
rsa-3072,oaep-encrypt,418,29785,80006
rsa-3072,oaep-encrypt,419,29714,79812
rsa-3072,oaep-encrypt,420,29633,79600
rsa-3072,oaep-encrypt,421,29760,79940
rsa-3072,oaep-encrypt,422,29906,80330
rsa-3072,oaep-encrypt,423,29799,80044
rsa-3072,oaep-encrypt,424,29642,79622
rsa-3072,oaep-encrypt,425,29746,79900
rsa-3072,oaep-encrypt,426,29981,80530
rsa-3072,oaep-encrypt,427,29691,79752
rsa-3072,oaep-encrypt,428,29906,80330
rsa-3072,oaep-encrypt,429,29648,79640
rsa-3072,oaep-encrypt,430,29938,80422
rsa-3072,oaep-encrypt,431,29792,80026
rsa-3072,oaep-encrypt,432,29941,80428
rsa-3072,oaep-encrypt,433,29785,80008
rsa-3072,oaep-encrypt,434,29746,79900
rsa-3072,oaep-encrypt,435,29742,79892
rsa-3072,oaep-encrypt,436,29686,79742
rsa-3072,oaep-encrypt,437,29819,80100
rsa-3072,oaep-encrypt,438,29687,79742
rsa-3072,oaep-encrypt,439,29736,79872
rsa-3072,oaep-encrypt,440,29834,80140
rsa-3072,oaep-encrypt,441,29676,79712
rsa-3072,oaep-encrypt,442,29884,80268
rsa-3072,oaep-encrypt,443,29723,79840
rsa-3072,oaep-encrypt,444,29842,80164
rsa-3072,oaep-encrypt,445,29679,79722
rsa-3072,oaep-encrypt,446,29704,79786
rsa-3072,oaep-encrypt,447,29835,80140
rsa-3072,oaep-encrypt,448,29787,80010
rsa-3072,oaep-encrypt,449,30968,83186
rsa-3072,oaep-encrypt,450,29839,80154
rsa-3072,oaep-encrypt,451,29611,79542
rsa-3072,oaep-encrypt,452,29862,80214
rsa-3072,oaep-encrypt,453,29809,80072
rsa-3072,oaep-encrypt,454,29954,80464
rsa-3072,oaep-encrypt,455,29760,79940
rsa-3072,oaep-encrypt,456,29884,80274
rsa-3072,oaep-encrypt,457,29915,80356
rsa-3072,oaep-encrypt,458,29810,80074
rsa-3072,oaep-encrypt,459,29688,79744
rsa-3072,oaep-encrypt,460,29753,79918
rsa-3072,oaep-encrypt,461,29774,79978
rsa-3072,oaep-encrypt,462,29729,79858
rsa-3072,oaep-encrypt,463,29630,79590
rsa-3072,oaep-encrypt,464,29831,80130
rsa-3072,oaep-encrypt,465,29711,79810
rsa-3072,oaep-encrypt,466,29840,80156
rsa-3072,oaep-encrypt,467,29590,79486
rsa-3072,oaep-encrypt,468,29875,80248
rsa-3072,oaep-encrypt,469,29803,80058
rsa-3072,oaep-encrypt,470,29873,80244
rsa-3072,oaep-encrypt,471,29750,79914
rsa-3072,oaep-encrypt,472,29815,80088
rsa-3072,oaep-encrypt,473,29740,79880
rsa-3072,oaep-encrypt,474,29844,80170
rsa-3072,oaep-encrypt,475,29787,80014
rsa-3072,oaep-encrypt,476,29772,79972
rsa-3072,oaep-encrypt,477,29702,79784
rsa-3072,oaep-encrypt,478,29878,80256
rsa-3072,oaep-encrypt,479,29641,79622
rsa-3072,oaep-encrypt,480,29810,80076
rsa-3072,oaep-encrypt,481,29878,80258
rsa-3072,oaep-encrypt,482,30700,82466
rsa-3072,oaep-encrypt,483,29961,80480
rsa-3072,oaep-encrypt,484,29801,80048
rsa-3072,oaep-encrypt,485,29688,79744
rsa-3072,oaep-encrypt,486,29882,80268
rsa-3072,oaep-encrypt,487,29711,79808
rsa-3072,oaep-encrypt,488,29741,79888
rsa-3072,oaep-encrypt,489,29809,80064
rsa-3072,oaep-encrypt,490,29690,79752
rsa-3072,oaep-encrypt,491,29686,79740
rsa-3072,oaep-encrypt,492,29841,80158
rsa-3072,oaep-encrypt,493,29642,79622
rsa-3072,oaep-encrypt,494,29763,79948
rsa-3072,oaep-encrypt,495,29733,79866
rsa-3072,oaep-encrypt,496,29735,79870
rsa-3072,oaep-encrypt,497,29654,79656
rsa-3072,oaep-encrypt,498,29735,79876
rsa-3072,oaep-encrypt,499,29746,79902
rsa-3072,oaep-encrypt,500,29943,80432
rsa-3072,oaep-encrypt,501,29814,80084
rsa-3072,oaep-encrypt,502,29711,79808
rsa-3072,oaep-encrypt,503,29685,79736
rsa-3072,oaep-encrypt,504,29616,79550
rsa-3072,oaep-encrypt,505,29657,79662
rsa-3072,oaep-encrypt,506,29777,79984
rsa-3072,oaep-encrypt,507,29797,80038
rsa-3072,oaep-encrypt,508,29918,80364
rsa-3072,oaep-encrypt,509,29822,80108
rsa-3072,oaep-encrypt,510,29837,80150
rsa-3072,oaep-encrypt,511,29692,79756
rsa-3072,oaep-encrypt,512,29631,79592
rsa-3072,oaep-encrypt,513,29713,79812
rsa-3072,oaep-encrypt,514,29711,79808
rsa-3072,oaep-encrypt,515,30855,82882
rsa-3072,oaep-encrypt,516,29718,79828
rsa-3072,oaep-encrypt,517,29755,79924
rsa-3072,oaep-encrypt,518,29496,79230
rsa-3072,oaep-encrypt,519,29700,79778
rsa-3072,oaep-encrypt,520,29950,80450
rsa-3072,oaep-encrypt,521,29810,80074
rsa-3072,oaep-encrypt,522,29921,80374
rsa-3072,oaep-encrypt,523,29798,80040
rsa-3072,oaep-encrypt,524,29790,80024
rsa-3072,oaep-encrypt,525,29662,79676
rsa-3072,oaep-encrypt,526,29780,79992
rsa-3072,oaep-encrypt,527,29913,80352
rsa-3072,oaep-encrypt,528,29708,79802
rsa-3072,oaep-encrypt,529,29736,79876
rsa-3072,oaep-encrypt,530,29716,79822
rsa-3072,oaep-encrypt,531,29683,79732
rsa-3072,oaep-encrypt,532,29813,80082
rsa-3072,oaep-encrypt,533,29712,79810
rsa-3072,oaep-encrypt,534,29795,80032
rsa-3072,oaep-encrypt,535,29776,79986
rsa-3072,oaep-encrypt,536,29742,79892
rsa-3072,oaep-encrypt,537,29679,79722
rsa-3072,oaep-encrypt,538,29837,80150
rsa-3072,oaep-encrypt,539,29706,79796
rsa-3072,oaep-encrypt,540,29779,79990
rsa-3072,oaep-encrypt,541,29854,80194
rsa-3072,oaep-encrypt,542,29682,79730
rsa-3072,oaep-encrypt,543,29735,79874
rsa-3072,oaep-encrypt,544,29737,79878
rsa-3072,oaep-encrypt,545,29870,80236
rsa-3072,oaep-encrypt,546,29779,79990
rsa-3072,oaep-encrypt,547,29776,79982
rsa-3072,oaep-encrypt,548,30916,83046
rsa-3072,oaep-encrypt,549,29732,79866
rsa-3072,oaep-encrypt,550,29645,79634
rsa-3072,oaep-encrypt,551,29625,79574
rsa-3072,oaep-encrypt,552,29866,80228
rsa-3072,oaep-encrypt,553,29785,80010
rsa-3072,oaep-encrypt,554,29823,80112
rsa-3072,oaep-encrypt,555,29756,79926
rsa-3072,oaep-encrypt,556,29812,80078
rsa-3072,oaep-encrypt,557,29608,79532
rsa-3072,oaep-encrypt,558,29756,79928
rsa-3072,oaep-encrypt,559,29713,79812
rsa-3072,oaep-encrypt,560,29719,79828
rsa-3072,oaep-encrypt,561,29738,79880
rsa-3072,oaep-encrypt,562,29932,80402
rsa-3072,oaep-encrypt,563,29759,79934
rsa-3072,oaep-encrypt,564,29814,80084
rsa-3072,oaep-encrypt,565,29644,79626
rsa-3072,oaep-encrypt,566,29862,80214
rsa-3072,oaep-encrypt,567,29879,80258
rsa-3072,oaep-encrypt,568,29811,80074
rsa-3072,oaep-encrypt,569,29721,79834
rsa-3072,oaep-encrypt,570,29914,80350
rsa-3072,oaep-encrypt,571,29550,79374
rsa-3072,oaep-encrypt,572,29902,80322
rsa-3072,oaep-encrypt,573,29734,79874
rsa-3072,oaep-encrypt,574,29852,80184
rsa-3072,oaep-encrypt,575,29797,80042
rsa-3072,oaep-encrypt,576,29903,80324
rsa-3072,oaep-encrypt,577,29828,80122
rsa-3072,oaep-encrypt,578,29841,80156
rsa-3072,oaep-encrypt,579,29624,79574
rsa-3072,oaep-encrypt,580,29974,80514
rsa-3072,oaep-encrypt,581,30914,83046
rsa-3072,oaep-encrypt,582,29855,80194
rsa-3072,oaep-encrypt,583,29808,80070
rsa-3072,oaep-encrypt,584,29742,79894
rsa-3072,oaep-encrypt,585,29880,80264
rsa-3072,oaep-encrypt,586,29704,79792
rsa-3072,oaep-encrypt,587,29935,80412
rsa-3072,oaep-encrypt,588,29827,80120
rsa-3072,oaep-encrypt,589,29773,79978
rsa-3072,oaep-encrypt,590,29889,80286
rsa-3072,oaep-encrypt,591,29872,80244
rsa-3072,oaep-encrypt,592,29858,80204
rsa-3072,oaep-encrypt,593,29665,79686
rsa-3072,oaep-encrypt,594,29754,79928
rsa-3072,oaep-encrypt,595,29734,79872
rsa-3072,oaep-encrypt,596,29817,80092
rsa-3072,oaep-encrypt,597,29765,79956
rsa-3072,oaep-encrypt,598,29769,79966
rsa-3072,oaep-encrypt,599,29701,79782
rsa-3072,oaep-encrypt,600,29862,80212
rsa-3072,oaep-encrypt,601,29691,79756
rsa-3072,oaep-encrypt,602,29753,79924
rsa-3072,oaep-encrypt,603,29612,79544
rsa-3072,oaep-encrypt,604,29844,80166
rsa-3072,oaep-encrypt,605,29725,79846
rsa-3072,oaep-encrypt,606,29826,80118
rsa-3072,oaep-encrypt,607,29729,79860
rsa-3072,oaep-encrypt,608,29617,79558
rsa-3072,oaep-encrypt,609,29607,79530
rsa-3072,oaep-encrypt,610,29793,80030
rsa-3072,oaep-encrypt,611,29864,80220
rsa-3072,oaep-encrypt,612,29776,79980
rsa-3072,oaep-encrypt,613,29591,79486
rsa-3072,oaep-encrypt,614,30756,82610
rsa-3072,oaep-encrypt,615,29699,79776
rsa-3072,oaep-encrypt,616,29674,79712
rsa-3072,oaep-encrypt,617,29663,79680
rsa-3072,oaep-encrypt,618,30019,80636
rsa-3072,oaep-encrypt,619,29792,80030
rsa-3072,oaep-encrypt,620,29805,80060
rsa-3072,oaep-encrypt,621,29911,80344
rsa-3072,oaep-encrypt,622,29786,80014
rsa-3072,oaep-encrypt,623,29814,80082
rsa-3072,oaep-encrypt,624,29910,80342
rsa-3072,oaep-encrypt,625,29938,80418
rsa-3072,oaep-encrypt,626,29627,79580
rsa-3072,oaep-encrypt,627,29811,80080
rsa-3072,oaep-encrypt,628,29773,79974
rsa-3072,oaep-encrypt,629,29782,79998
rsa-3072,oaep-encrypt,630,29716,79824
rsa-3072,oaep-encrypt,631,29709,79802
rsa-3072,oaep-encrypt,632,29763,79952
rsa-3072,oaep-encrypt,633,29761,79944
rsa-3072,oaep-encrypt,634,29695,79764
rsa-3072,oaep-encrypt,635,29789,80018
rsa-3072,oaep-encrypt,636,29837,80144
rsa-3072,oaep-encrypt,637,29657,79664
rsa-3072,oaep-encrypt,638,29870,80236
rsa-3072,oaep-encrypt,639,29709,79802
rsa-3072,oaep-encrypt,640,29849,80180
rsa-3072,oaep-encrypt,641,29774,79978
rsa-3072,oaep-encrypt,642,29954,80464
rsa-3072,oaep-encrypt,643,29659,79668
rsa-3072,oaep-encrypt,644,29849,80180
rsa-3072,oaep-encrypt,645,29647,79638
rsa-3072,oaep-encrypt,646,29757,79930
rsa-3072,oaep-encrypt,647,30776,82672
rsa-3072,oaep-encrypt,648,29653,79654
rsa-3072,oaep-encrypt,649,29688,79748
rsa-3072,oaep-encrypt,650,29780,79996
rsa-3072,oaep-encrypt,651,29756,79928
rsa-3072,oaep-encrypt,652,29892,80296
rsa-3072,oaep-encrypt,653,29737,79878
rsa-3072,oaep-encrypt,654,29842,80162
rsa-3072,oaep-encrypt,655,29829,80124
rsa-3072,oaep-encrypt,656,29582,79462
rsa-3072,oaep-encrypt,657,29796,80038
rsa-3072,oaep-encrypt,658,29847,80174
rsa-3072,oaep-encrypt,659,29780,79994
rsa-3072,oaep-encrypt,660,29944,80438
rsa-3072,oaep-encrypt,661,29741,79888
rsa-3072,oaep-encrypt,662,29843,80162
rsa-3072,oaep-encrypt,663,29625,79576
rsa-3072,oaep-encrypt,664,29738,79884
rsa-3072,oaep-encrypt,665,29784,80004
rsa-3072,oaep-encrypt,666,29674,79712
rsa-3072,oaep-encrypt,667,29748,79908
rsa-3072,oaep-encrypt,668,29680,79726
rsa-3072,oaep-encrypt,669,29780,79994
rsa-3072,oaep-encrypt,670,29667,79688
rsa-3072,oaep-encrypt,671,29894,80302
rsa-3072,oaep-encrypt,672,29705,79792
rsa-3072,oaep-encrypt,673,29758,79936
rsa-3072,oaep-encrypt,674,29794,80032
rsa-3072,oaep-encrypt,675,29792,80026
rsa-3072,oaep-encrypt,676,29875,80250
rsa-3072,oaep-encrypt,677,29816,80090
rsa-3072,oaep-encrypt,678,29884,80268
rsa-3072,oaep-encrypt,679,29857,80202
rsa-3072,oaep-encrypt,680,29771,79970
rsa-3072,oaep-encrypt,681,31001,83276
rsa-3072,oaep-encrypt,682,29808,80070
rsa-3072,oaep-encrypt,683,29602,79520
rsa-3072,oaep-encrypt,684,29764,79952
rsa-3072,oaep-encrypt,685,29660,79674
rsa-3072,oaep-encrypt,686,29874,80248
rsa-3072,oaep-encrypt,687,29719,79822
rsa-3072,oaep-encrypt,688,29690,79754
rsa-3072,oaep-encrypt,689,29716,79822
rsa-3072,oaep-encrypt,690,29873,80242
rsa-3072,oaep-encrypt,691,29676,79716
rsa-3072,oaep-encrypt,692,29756,79932
rsa-3072,oaep-encrypt,693,29797,80040
rsa-3072,oaep-encrypt,694,29847,80172
rsa-3072,oaep-encrypt,695,29512,79272
rsa-3072,oaep-encrypt,696,29761,79942
rsa-3072,oaep-encrypt,697,29764,79952
rsa-3072,oaep-encrypt,698,29746,79900
rsa-3072,oaep-encrypt,699,29649,79642
rsa-3072,oaep-encrypt,700,29711,79806
rsa-3072,oaep-encrypt,701,29710,79806
rsa-3072,oaep-encrypt,702,29707,79796
rsa-3072,oaep-encrypt,703,29626,79580
rsa-3072,oaep-encrypt,704,29782,80000
rsa-3072,oaep-encrypt,705,29620,79568
rsa-3072,oaep-encrypt,706,29636,79608
rsa-3072,oaep-encrypt,707,29760,79938
rsa-3072,oaep-encrypt,708,29633,79600
rsa-3072,oaep-encrypt,709,29617,79560
rsa-3072,oaep-encrypt,710,29684,79736
rsa-3072,oaep-encrypt,711,29704,79786
rsa-3072,oaep-encrypt,712,29892,80296
rsa-3072,oaep-encrypt,713,29799,80046
rsa-3072,oaep-encrypt,714,30958,83154
rsa-3072,oaep-encrypt,715,29694,79762
rsa-3072,oaep-encrypt,716,29723,79838
rsa-3072,oaep-encrypt,717,29751,79916
rsa-3072,oaep-encrypt,718,29840,80152
rsa-3072,oaep-encrypt,719,29766,79954
rsa-3072,oaep-encrypt,720,29986,80548
rsa-3072,oaep-encrypt,721,29712,79810
rsa-3072,oaep-encrypt,722,29805,80064
rsa-3072,oaep-encrypt,723,29569,79428
rsa-3072,oaep-encrypt,724,29779,79990
rsa-3072,oaep-encrypt,725,29866,80226
rsa-3072,oaep-encrypt,726,29820,80104
rsa-3072,oaep-encrypt,727,29743,79894
rsa-3072,oaep-encrypt,728,29849,80174
rsa-3072,oaep-encrypt,729,29545,79362
rsa-3072,oaep-encrypt,730,29699,79778
rsa-3072,oaep-encrypt,731,29785,80010
rsa-3072,oaep-encrypt,732,29820,80102
rsa-3072,oaep-encrypt,733,29625,79578
rsa-3072,oaep-encrypt,734,29862,80214
rsa-3072,oaep-encrypt,735,29845,80166
rsa-3072,oaep-encrypt,736,29881,80264
rsa-3072,oaep-encrypt,737,29661,79672
rsa-3072,oaep-encrypt,738,29624,79576
rsa-3072,oaep-encrypt,739,29771,79972
rsa-3072,oaep-encrypt,740,29753,79922
rsa-3072,oaep-encrypt,741,29823,80110
rsa-3072,oaep-encrypt,742,29761,79944
rsa-3072,oaep-encrypt,743,29682,79730
rsa-3072,oaep-encrypt,744,29698,79770
rsa-3072,oaep-encrypt,745,29846,80170
rsa-3072,oaep-encrypt,746,29863,80218
rsa-3072,oaep-encrypt,747,30856,82890
rsa-3072,oaep-encrypt,748,29780,79992
rsa-3072,oaep-encrypt,749,29925,80388
rsa-3072,oaep-encrypt,750,29878,80260
rsa-3072,oaep-encrypt,751,29715,79822
rsa-3072,oaep-encrypt,752,29775,79982
rsa-3072,oaep-encrypt,753,29847,80174
rsa-3072,oaep-encrypt,754,29983,80540
rsa-3072,oaep-encrypt,755,29795,80036
rsa-3072,oaep-encrypt,756,29715,79816
rsa-3072,oaep-encrypt,757,29703,79784
rsa-3072,oaep-encrypt,758,29726,79846
rsa-3072,oaep-encrypt,759,29659,79668
rsa-3072,oaep-encrypt,760,29715,79820
rsa-3072,oaep-encrypt,761,29777,79986
rsa-3072,oaep-encrypt,762,29894,80298
rsa-3072,oaep-encrypt,763,29845,80168
rsa-3072,oaep-encrypt,764,29840,80152
rsa-3072,oaep-encrypt,765,29637,79608
rsa-3072,oaep-encrypt,766,29910,80342
rsa-3072,oaep-encrypt,767,29580,79454
rsa-3072,oaep-encrypt,768,29865,80222
rsa-3072,oaep-encrypt,769,29830,80126
rsa-3072,oaep-encrypt,770,29775,79980
rsa-3072,oaep-encrypt,771,29938,80414
rsa-3072,oaep-encrypt,772,29632,79598
rsa-3072,oaep-encrypt,773,29741,79890
rsa-3072,oaep-encrypt,774,29771,79970
rsa-3072,oaep-encrypt,775,29701,79780
rsa-3072,oaep-encrypt,776,29681,79730
rsa-3072,oaep-encrypt,777,29795,80034
rsa-3072,oaep-encrypt,778,29800,80048
rsa-3072,oaep-encrypt,779,29754,79928
rsa-3072,oaep-encrypt,780,31482,84570
rsa-3072,oaep-encrypt,781,29653,79650
rsa-3072,oaep-encrypt,782,29863,80218
rsa-3072,oaep-encrypt,783,29630,79586
rsa-3072,oaep-encrypt,784,29752,79918
rsa-3072,oaep-encrypt,785,29843,80162
rsa-3072,oaep-encrypt,786,29788,80014
rsa-3072,oaep-encrypt,787,29668,79694
rsa-3072,oaep-encrypt,788,29720,79834
rsa-3072,oaep-encrypt,789,29657,79664
rsa-3072,oaep-encrypt,790,29826,80118
rsa-3072,oaep-encrypt,791,29856,80198
rsa-3072,oaep-encrypt,792,29731,79860
rsa-3072,oaep-encrypt,793,29881,80266
rsa-3072,oaep-encrypt,794,29651,79652
rsa-3072,oaep-encrypt,795,29655,79656
rsa-3072,oaep-encrypt,796,29810,80074
rsa-3072,oaep-encrypt,797,29780,79994
rsa-3072,oaep-encrypt,798,29803,80054
rsa-3072,oaep-encrypt,799,29608,79534
rsa-3072,oaep-encrypt,800,29820,80102
rsa-3072,oaep-encrypt,801,29744,79896
rsa-3072,oaep-encrypt,802,29603,79518
rsa-3072,oaep-encrypt,803,29687,79744
rsa-3072,oaep-encrypt,804,29758,79932
rsa-3072,oaep-encrypt,805,29759,79936
rsa-3072,oaep-encrypt,806,29703,79786
rsa-3072,oaep-encrypt,807,29932,80404
rsa-3072,oaep-encrypt,808,29944,80434
rsa-3072,oaep-encrypt,809,29860,80208
rsa-3072,oaep-encrypt,810,29854,80194
rsa-3072,oaep-encrypt,811,29713,79816
rsa-3072,oaep-encrypt,812,29833,80140
rsa-3072,oaep-encrypt,813,30994,83260
rsa-3072,oaep-encrypt,814,29745,79898
rsa-3072,oaep-encrypt,815,29677,79720
rsa-3072,oaep-encrypt,816,29788,80020
rsa-3072,oaep-encrypt,817,29780,79994
rsa-3072,oaep-encrypt,818,29780,79994
rsa-3072,oaep-encrypt,819,29571,79432
rsa-3072,oaep-encrypt,820,29781,79996
rsa-3072,oaep-encrypt,821,29783,80002
rsa-3072,oaep-encrypt,822,29860,80208
rsa-3072,oaep-encrypt,823,29835,80144
rsa-3072,oaep-encrypt,824,29777,79990
rsa-3072,oaep-encrypt,825,29712,79806
rsa-3072,oaep-encrypt,826,29767,79958
rsa-3072,oaep-encrypt,827,29770,79968
rsa-3072,oaep-encrypt,828,29830,80130
rsa-3072,oaep-encrypt,829,29685,79738
rsa-3072,oaep-encrypt,830,29745,79898
rsa-3072,oaep-encrypt,831,29654,79656
rsa-3072,oaep-encrypt,832,29772,79972
rsa-3072,oaep-encrypt,833,29724,79842
rsa-3072,oaep-encrypt,834,29641,79622
rsa-3072,oaep-encrypt,835,29848,80174
rsa-3072,oaep-encrypt,836,29763,79950
rsa-3072,oaep-encrypt,837,29721,79832
rsa-3072,oaep-encrypt,838,29900,80318
rsa-3072,oaep-encrypt,839,29749,79912
rsa-3072,oaep-encrypt,840,29893,80296
rsa-3072,oaep-encrypt,841,29804,80058
rsa-3072,oaep-encrypt,842,29698,79776
rsa-3072,oaep-encrypt,843,29752,79920
rsa-3072,oaep-encrypt,844,29777,79988
rsa-3072,oaep-encrypt,845,29674,79706
rsa-3072,oaep-encrypt,846,30785,82690
rsa-3072,oaep-encrypt,847,29817,80096
rsa-3072,oaep-encrypt,848,29782,80000
rsa-3072,oaep-encrypt,849,29762,79946
rsa-3072,oaep-encrypt,850,29877,80256
rsa-3072,oaep-encrypt,851,29872,80242
rsa-3072,oaep-encrypt,852,29686,79738
rsa-3072,oaep-encrypt,853,29683,79734
rsa-3072,oaep-encrypt,854,29760,79944
rsa-3072,oaep-encrypt,855,29711,79810
rsa-3072,oaep-encrypt,856,29682,79730
rsa-3072,oaep-encrypt,857,29826,80118
rsa-3072,oaep-encrypt,858,29713,79816
rsa-3072,oaep-encrypt,859,29897,80308
rsa-3072,oaep-encrypt,860,29977,80520
rsa-3072,oaep-encrypt,861,29732,79860
rsa-3072,oaep-encrypt,862,29710,79804
rsa-3072,oaep-encrypt,863,29813,80082
rsa-3072,oaep-encrypt,864,29927,80388
rsa-3072,oaep-encrypt,865,29911,80342
rsa-3072,oaep-encrypt,866,29939,80420
rsa-3072,oaep-encrypt,867,29601,79512
rsa-3072,oaep-encrypt,868,29899,80314
rsa-3072,oaep-encrypt,869,29562,79406
rsa-3072,oaep-encrypt,870,29608,79534
rsa-3072,oaep-encrypt,871,30003,80596
rsa-3072,oaep-encrypt,872,29632,79592
rsa-3072,oaep-encrypt,873,29784,80004
rsa-3072,oaep-encrypt,874,29673,79708
rsa-3072,oaep-encrypt,875,29708,79798
rsa-3072,oaep-encrypt,876,29810,80074
rsa-3072,oaep-encrypt,877,29703,79788
rsa-3072,oaep-encrypt,878,29789,80018
rsa-3072,oaep-encrypt,879,30929,83082
rsa-3072,oaep-encrypt,880,29933,80408
rsa-3072,oaep-encrypt,881,29794,80030
rsa-3072,oaep-encrypt,882,29601,79512
rsa-3072,oaep-encrypt,883,29608,79530
rsa-3072,oaep-encrypt,884,29830,80128
rsa-3072,oaep-encrypt,885,29772,79972
rsa-3072,oaep-encrypt,886,29847,80174
rsa-3072,oaep-encrypt,887,29809,80072
rsa-3072,oaep-encrypt,888,29768,79962
rsa-3072,oaep-encrypt,889,29863,80210
rsa-3072,oaep-encrypt,890,29729,79858
rsa-3072,oaep-encrypt,891,29718,79828
rsa-3072,oaep-encrypt,892,29857,80200
rsa-3072,oaep-encrypt,893,29672,79702
rsa-3072,oaep-encrypt,894,29779,79992
rsa-3072,oaep-encrypt,895,29774,79976
rsa-3072,oaep-encrypt,896,29838,80152
rsa-3072,oaep-encrypt,897,29700,79778
rsa-3072,oaep-encrypt,898,29804,80058
rsa-3072,oaep-encrypt,899,29733,79868
rsa-3072,oaep-encrypt,900,29774,79980
rsa-3072,oaep-encrypt,901,29663,79676
rsa-3072,oaep-encrypt,902,29710,79806
rsa-3072,oaep-encrypt,903,29820,80096
rsa-3072,oaep-encrypt,904,29999,80580
rsa-3072,oaep-encrypt,905,29849,80176
rsa-3072,oaep-encrypt,906,29768,79958
rsa-3072,oaep-encrypt,907,29704,79786
rsa-3072,oaep-encrypt,908,29826,80116
rsa-3072,oaep-encrypt,909,29761,79944
rsa-3072,oaep-encrypt,910,29708,79796
rsa-3072,oaep-encrypt,911,29581,79460
rsa-3072,oaep-encrypt,912,30895,82980
rsa-3072,oaep-encrypt,913,29719,79828
rsa-3072,oaep-encrypt,914,29725,79848
rsa-3072,oaep-encrypt,915,29779,79994
rsa-3072,oaep-encrypt,916,29823,80108
rsa-3072,oaep-encrypt,917,29708,79800
rsa-3072,oaep-encrypt,918,29633,79600
rsa-3072,oaep-encrypt,919,29697,79772
rsa-3072,oaep-encrypt,920,29886,80276
rsa-3072,oaep-encrypt,921,29788,80014
rsa-3072,oaep-encrypt,922,29812,80080
rsa-3072,oaep-encrypt,923,29815,80092
rsa-3072,oaep-encrypt,924,29846,80174
rsa-3072,oaep-encrypt,925,29781,79996
rsa-3072,oaep-encrypt,926,29945,80438
rsa-3072,oaep-encrypt,927,29698,79774
rsa-3072,oaep-encrypt,928,29702,79782
rsa-3072,oaep-encrypt,929,29640,79616
rsa-3072,oaep-encrypt,930,29850,80182
rsa-3072,oaep-encrypt,931,29703,79786
rsa-3072,oaep-encrypt,932,29740,79886
rsa-3072,oaep-encrypt,933,29663,79680
rsa-3072,oaep-encrypt,934,29718,79826
rsa-3072,oaep-encrypt,935,29687,79742
rsa-3072,oaep-encrypt,936,29728,79854
rsa-3072,oaep-encrypt,937,29652,79650
rsa-3072,oaep-encrypt,938,29717,79826
rsa-3072,oaep-encrypt,939,29805,80060
rsa-3072,oaep-encrypt,940,29647,79638
rsa-3072,oaep-encrypt,941,29684,79736
rsa-3072,oaep-encrypt,942,29656,79660
rsa-3072,oaep-encrypt,943,29642,79624
rsa-3072,oaep-encrypt,944,29897,80308
rsa-3072,oaep-encrypt,945,29563,79412
rsa-3072,oaep-encrypt,946,30940,83108
rsa-3072,oaep-encrypt,947,29760,79940
rsa-3072,oaep-encrypt,948,29867,80226
rsa-3072,oaep-encrypt,949,29688,79746
rsa-3072,oaep-encrypt,950,29774,79978
rsa-3072,oaep-encrypt,951,29686,79742
rsa-3072,oaep-encrypt,952,29675,79712
rsa-3072,oaep-encrypt,953,29735,79872
rsa-3072,oaep-encrypt,954,29814,80086
rsa-3072,oaep-encrypt,955,29881,80264
rsa-3072,oaep-encrypt,956,29788,80018
rsa-3072,oaep-encrypt,957,29770,79970
rsa-3072,oaep-encrypt,958,29902,80322
rsa-3072,oaep-encrypt,959,29918,80362
rsa-3072,oaep-encrypt,960,29650,79644
rsa-3072,oaep-encrypt,961,29660,79672
rsa-3072,oaep-encrypt,962,29800,80046
rsa-3072,oaep-encrypt,963,29603,79516
rsa-3072,oaep-encrypt,964,29952,80456
rsa-3072,oaep-encrypt,965,29884,80272
rsa-3072,oaep-encrypt,966,29793,80030
rsa-3072,oaep-encrypt,967,29782,80002
rsa-3072,oaep-encrypt,968,29933,80406
rsa-3072,oaep-encrypt,969,29618,79558
rsa-3072,oaep-encrypt,970,29784,80004
rsa-3072,oaep-encrypt,971,29684,79734
rsa-3072,oaep-encrypt,972,29864,80222
rsa-3072,oaep-encrypt,973,29864,80220
rsa-3072,oaep-encrypt,974,29759,79936
rsa-3072,oaep-encrypt,975,29912,80346
rsa-3072,oaep-encrypt,976,29630,79590
rsa-3072,oaep-encrypt,977,29875,80248
rsa-3072,oaep-encrypt,978,29968,80498
rsa-3072,oaep-encrypt,979,30788,82704
rsa-3072,oaep-encrypt,980,29593,79490
rsa-3072,oaep-encrypt,981,29677,79718
rsa-3072,oaep-encrypt,982,29818,80096
rsa-3072,oaep-encrypt,983,29776,79982
rsa-3072,oaep-encrypt,984,29831,80130
rsa-3072,oaep-encrypt,985,29786,80010
rsa-3072,oaep-encrypt,986,29927,80388
rsa-3072,oaep-encrypt,987,29611,79538
rsa-3072,oaep-encrypt,988,29849,80178
rsa-3072,oaep-encrypt,989,29623,79572
rsa-3072,oaep-encrypt,990,29929,80394
rsa-3072,oaep-encrypt,991,29917,80362
rsa-3072,oaep-encrypt,992,29643,79624
rsa-3072,oaep-encrypt,993,29636,79606
rsa-3072,oaep-encrypt,994,29781,79994
rsa-3072,oaep-encrypt,995,29656,79660
rsa-3072,oaep-encrypt,996,29714,79816
rsa-3072,oaep-encrypt,997,29876,80252
rsa-3072,oaep-encrypt,998,29799,80046
rsa-3072,oaep-encrypt,999,29728,79854
rsa-3072,oaep-decrypt,0,1334993,3588348
rsa-3072,oaep-decrypt,1,1329321,3573156
rsa-3072,oaep-decrypt,2,1328404,3570694
rsa-3072,oaep-decrypt,3,1330783,3577086
rsa-3072,oaep-decrypt,4,1328996,3572278
rsa-3072,oaep-decrypt,5,1326713,3566144
rsa-3072,oaep-decrypt,6,1330166,3575392
rsa-3072,oaep-decrypt,7,1336603,3592728
rsa-3072,oaep-decrypt,8,1330552,3576464
rsa-3072,oaep-decrypt,9,1328876,3571956
rsa-3072,oaep-decrypt,10,1327809,3569092
rsa-3072,oaep-decrypt,11,1329817,3574488
rsa-3072,oaep-decrypt,12,1331496,3579004
rsa-3072,oaep-decrypt,13,1328762,3571614
rsa-3072,oaep-decrypt,14,1327401,3567998
rsa-3072,oaep-decrypt,15,1331060,3577828
rsa-3072,oaep-decrypt,16,1329627,3573976
rsa-3072,oaep-decrypt,17,1329803,3574446
rsa-3072,oaep-decrypt,18,1330056,3575120
rsa-3072,oaep-decrypt,19,1328027,3569674
rsa-3072,oaep-decrypt,20,1703900,4580014
rsa-3072,oaep-decrypt,21,1330185,3575482
rsa-3072,oaep-decrypt,22,1327549,3568396
rsa-3072,oaep-decrypt,23,1330653,3576742
rsa-3072,oaep-decrypt,24,1329437,3573468
rsa-3072,oaep-decrypt,25,1329605,3573920
rsa-3072,oaep-decrypt,26,1331425,3578810
rsa-3072,oaep-decrypt,27,1328446,3570806
rsa-3072,oaep-decrypt,28,1327546,3568382
rsa-3072,oaep-decrypt,29,1328982,3572246
rsa-3072,oaep-decrypt,30,1327187,3567428
rsa-3072,oaep-decrypt,31,1330668,3576768
rsa-3072,oaep-decrypt,32,1329209,3572850
rsa-3072,oaep-decrypt,33,1328440,3570786
rsa-3072,oaep-decrypt,34,1326579,3565786
rsa-3072,oaep-decrypt,35,1329611,3573938
rsa-3072,oaep-decrypt,36,1328157,3570024
rsa-3072,oaep-decrypt,37,1327304,3567740
rsa-3072,oaep-decrypt,38,1329140,3572672
rsa-3072,oaep-decrypt,39,1328538,3571054
rsa-3072,oaep-decrypt,40,1328149,3570012
rsa-3072,oaep-decrypt,41,1329843,3574560
rsa-3072,oaep-decrypt,42,1330201,3575524
rsa-3072,oaep-decrypt,43,1346282,3618746
rsa-3072,oaep-decrypt,44,1334255,3586390
rsa-3072,oaep-decrypt,45,1329534,3573722
rsa-3072,oaep-decrypt,46,1327956,3569478
rsa-3072,oaep-decrypt,47,1328676,3571416
rsa-3072,oaep-decrypt,48,1329653,3574040
rsa-3072,oaep-decrypt,49,1329324,3573154
rsa-3072,oaep-decrypt,50,1328752,3571610
rsa-3072,oaep-decrypt,51,1328847,3571880
rsa-3072,oaep-decrypt,52,1717429,4616382
rsa-3072,oaep-decrypt,53,1329195,3572814
rsa-3072,oaep-decrypt,54,1329970,3574898
rsa-3072,oaep-decrypt,55,1340093,3602106
rsa-3072,oaep-decrypt,56,1328655,3571364
rsa-3072,oaep-decrypt,57,1329641,3574016
rsa-3072,oaep-decrypt,58,1330601,3576602
rsa-3072,oaep-decrypt,59,1325715,3563464
rsa-3072,oaep-decrypt,60,1328101,3569876
rsa-3072,oaep-decrypt,61,1328789,3571726
rsa-3072,oaep-decrypt,62,1329625,3573976
rsa-3072,oaep-decrypt,63,1326528,3565646
rsa-3072,oaep-decrypt,64,1330557,3576480
rsa-3072,oaep-decrypt,65,1328618,3571270
rsa-3072,oaep-decrypt,66,1328038,3569704
rsa-3072,oaep-decrypt,67,1330185,3575480
rsa-3072,oaep-decrypt,68,1328824,3571820
rsa-3072,oaep-decrypt,69,1327115,3567222
rsa-3072,oaep-decrypt,70,1328627,3571288
rsa-3072,oaep-decrypt,71,1329835,3574532
rsa-3072,oaep-decrypt,72,1328259,3570302
rsa-3072,oaep-decrypt,73,1328317,3570452
rsa-3072,oaep-decrypt,74,1328170,3570066
rsa-3072,oaep-decrypt,75,1329327,3573170
rsa-3072,oaep-decrypt,76,1345314,3616144
rsa-3072,oaep-decrypt,77,1326148,3564606
rsa-3072,oaep-decrypt,78,1328996,3572276
rsa-3072,oaep-decrypt,79,1328883,3571978
rsa-3072,oaep-decrypt,80,1328732,3571568
rsa-3072,oaep-decrypt,81,1329327,3573174
rsa-3072,oaep-decrypt,82,1329642,3574020
rsa-3072,oaep-decrypt,83,1327840,3569176
rsa-3072,oaep-decrypt,84,1705258,4583674
rsa-3072,oaep-decrypt,85,1330698,3576856
rsa-3072,oaep-decrypt,86,1329008,3572312
rsa-3072,oaep-decrypt,87,1330663,3576760
rsa-3072,oaep-decrypt,88,1327672,3568720
rsa-3072,oaep-decrypt,89,1330461,3576222
rsa-3072,oaep-decrypt,90,1331380,3578684
rsa-3072,oaep-decrypt,91,1329830,3574528
rsa-3072,oaep-decrypt,92,1330117,3575294
rsa-3072,oaep-decrypt,93,1330472,3576254
rsa-3072,oaep-decrypt,94,1329188,3572796
rsa-3072,oaep-decrypt,95,1327637,3568626
rsa-3072,oaep-decrypt,96,1331015,3577712
rsa-3072,oaep-decrypt,97,1328409,3570704
rsa-3072,oaep-decrypt,98,1328220,3570196
rsa-3072,oaep-decrypt,99,1328635,3571308
rsa-3072,oaep-decrypt,100,1330145,3575376
rsa-3072,oaep-decrypt,101,1329783,3574400
rsa-3072,oaep-decrypt,102,1333327,3583922
rsa-3072,oaep-decrypt,103,1328475,3570880
rsa-3072,oaep-decrypt,104,1328070,3569792
rsa-3072,oaep-decrypt,105,1329384,3573326
rsa-3072,oaep-decrypt,106,1329308,3573128
rsa-3072,oaep-decrypt,107,1327805,3569082
rsa-3072,oaep-decrypt,108,1330399,3576056
rsa-3072,oaep-decrypt,109,1326293,3565016
rsa-3072,oaep-decrypt,110,1330634,3576686
rsa-3072,oaep-decrypt,111,1331373,3578668
rsa-3072,oaep-decrypt,112,1329187,3572798
rsa-3072,oaep-decrypt,113,1329896,3574702
rsa-3072,oaep-decrypt,114,1329799,3574438
rsa-3072,oaep-decrypt,115,1328292,3570396
rsa-3072,oaep-decrypt,116,1712760,4603812
rsa-3072,oaep-decrypt,117,1328214,3570156
rsa-3072,oaep-decrypt,118,1329723,3574226
rsa-3072,oaep-decrypt,119,1329730,3574250
rsa-3072,oaep-decrypt,120,1334035,3585800
rsa-3072,oaep-decrypt,121,1327452,3568134
rsa-3072,oaep-decrypt,122,1327725,3568866
rsa-3072,oaep-decrypt,123,1330126,3575322
rsa-3072,oaep-decrypt,124,1328454,3570828
rsa-3072,oaep-decrypt,125,1328082,3569824
rsa-3072,oaep-decrypt,126,1329740,3574280
rsa-3072,oaep-decrypt,127,1329078,3572504
rsa-3072,oaep-decrypt,128,1330267,3575702
rsa-3072,oaep-decrypt,129,1329121,3572612
rsa-3072,oaep-decrypt,130,1328907,3572044
rsa-3072,oaep-decrypt,131,1327709,3568828
rsa-3072,oaep-decrypt,132,1328168,3570060
rsa-3072,oaep-decrypt,133,1326751,3566248
rsa-3072,oaep-decrypt,134,1327704,3568806
rsa-3072,oaep-decrypt,135,1329965,3574890
rsa-3072,oaep-decrypt,136,1330624,3576652
rsa-3072,oaep-decrypt,137,1331205,3578222
rsa-3072,oaep-decrypt,138,1329862,3574608
rsa-3072,oaep-decrypt,139,1327369,3567910
rsa-3072,oaep-decrypt,140,1328067,3569784
rsa-3072,oaep-decrypt,141,1327098,3567176
rsa-3072,oaep-decrypt,142,1327235,3567550
rsa-3072,oaep-decrypt,143,1327407,3568010
rsa-3072,oaep-decrypt,144,1328235,3570236
rsa-3072,oaep-decrypt,145,1329738,3574278
rsa-3072,oaep-decrypt,146,1329003,3572304
rsa-3072,oaep-decrypt,147,1329430,3573448
rsa-3072,oaep-decrypt,148,1708778,4593132
rsa-3072,oaep-decrypt,149,1327404,3568002
rsa-3072,oaep-decrypt,150,1333044,3583152
rsa-3072,oaep-decrypt,151,1329113,3572592
rsa-3072,oaep-decrypt,152,1328783,3571710
rsa-3072,oaep-decrypt,153,1328803,3571760
rsa-3072,oaep-decrypt,154,1329409,3573394
rsa-3072,oaep-decrypt,155,1329541,3573748
rsa-3072,oaep-decrypt,156,1328907,3572042
rsa-3072,oaep-decrypt,157,1327517,3568306
rsa-3072,oaep-decrypt,158,1328094,3569858
rsa-3072,oaep-decrypt,159,1330739,3576970
rsa-3072,oaep-decrypt,160,1329634,3574000
rsa-3072,oaep-decrypt,161,1326943,3566762
rsa-3072,oaep-decrypt,162,1330060,3575146
rsa-3072,oaep-decrypt,163,1330288,3575754
rsa-3072,oaep-decrypt,164,1330628,3576674
rsa-3072,oaep-decrypt,165,1327050,3567050
rsa-3072,oaep-decrypt,166,1326690,3566082
rsa-3072,oaep-decrypt,167,1331433,3578830
rsa-3072,oaep-decrypt,168,1326975,3566848
rsa-3072,oaep-decrypt,169,1328782,3571704
rsa-3072,oaep-decrypt,170,1330742,3576974
rsa-3072,oaep-decrypt,171,1330704,3576876
rsa-3072,oaep-decrypt,172,1328921,3572078
rsa-3072,oaep-decrypt,173,1330087,3575180
rsa-3072,oaep-decrypt,174,1329261,3572996
rsa-3072,oaep-decrypt,175,1328663,3571392
rsa-3072,oaep-decrypt,176,1330547,3576454
rsa-3072,oaep-decrypt,177,1328746,3571614
rsa-3072,oaep-decrypt,178,1326539,3565676
rsa-3072,oaep-decrypt,179,1329341,3573214
rsa-3072,oaep-decrypt,180,1700367,4570526
rsa-3072,oaep-decrypt,181,1330924,3577458
rsa-3072,oaep-decrypt,182,1329851,3574580
rsa-3072,oaep-decrypt,183,1327227,3567522
rsa-3072,oaep-decrypt,184,1326500,3565558
rsa-3072,oaep-decrypt,185,1329533,3573724
rsa-3072,oaep-decrypt,186,1328855,3571902
rsa-3072,oaep-decrypt,187,1332154,3580770
rsa-3072,oaep-decrypt,188,1328915,3572062
rsa-3072,oaep-decrypt,189,1327388,3567960
rsa-3072,oaep-decrypt,190,1330589,3576564
rsa-3072,oaep-decrypt,191,1328703,3571490
rsa-3072,oaep-decrypt,192,1326729,3566188
rsa-3072,oaep-decrypt,193,1329210,3572858
rsa-3072,oaep-decrypt,194,1328172,3570068
rsa-3072,oaep-decrypt,195,1328471,3570868
rsa-3072,oaep-decrypt,196,1329780,3574390
rsa-3072,oaep-decrypt,197,1333062,3583194
rsa-3072,oaep-decrypt,198,1344609,3614236
rsa-3072,oaep-decrypt,199,1327133,3567270
rsa-3072,oaep-decrypt,200,1328901,3572034
rsa-3072,oaep-decrypt,201,1330250,3575652
rsa-3072,oaep-decrypt,202,1328114,3569914
rsa-3072,oaep-decrypt,203,1329559,3573798
rsa-3072,oaep-decrypt,204,1327872,3569264
rsa-3072,oaep-decrypt,205,1329934,3574802
rsa-3072,oaep-decrypt,206,1327807,3569088
rsa-3072,oaep-decrypt,207,1326506,3565584
rsa-3072,oaep-decrypt,208,1328122,3569930
rsa-3072,oaep-decrypt,209,1329551,3573770
rsa-3072,oaep-decrypt,210,1329031,3572376
rsa-3072,oaep-decrypt,211,1328163,3570036
rsa-3072,oaep-decrypt,212,1695842,4558352
rsa-3072,oaep-decrypt,213,1333904,3585470
rsa-3072,oaep-decrypt,214,1329484,3573594
rsa-3072,oaep-decrypt,215,1328541,3571054
rsa-3072,oaep-decrypt,216,1328638,3571322
rsa-3072,oaep-decrypt,217,1328596,3571204
rsa-3072,oaep-decrypt,218,1327405,3567998
rsa-3072,oaep-decrypt,219,1326811,3566410
rsa-3072,oaep-decrypt,220,1328724,3571552
rsa-3072,oaep-decrypt,221,1328772,3571680
rsa-3072,oaep-decrypt,222,1328650,3571350
rsa-3072,oaep-decrypt,223,1328119,3569916
rsa-3072,oaep-decrypt,224,1328421,3570732
rsa-3072,oaep-decrypt,225,1329407,3573384
rsa-3072,oaep-decrypt,226,1329353,3573240
rsa-3072,oaep-decrypt,227,1328275,3570346
rsa-3072,oaep-decrypt,228,1349646,3627786
rsa-3072,oaep-decrypt,229,1327708,3568812
rsa-3072,oaep-decrypt,230,1328738,3571584
rsa-3072,oaep-decrypt,231,1329166,3572740
rsa-3072,oaep-decrypt,232,1328699,3571484
rsa-3072,oaep-decrypt,233,1329444,3573478
rsa-3072,oaep-decrypt,234,1327235,3567542
rsa-3072,oaep-decrypt,235,1328701,3571488
rsa-3072,oaep-decrypt,236,1326927,3566716
rsa-3072,oaep-decrypt,237,1329114,3572596
rsa-3072,oaep-decrypt,238,1328946,3572150
rsa-3072,oaep-decrypt,239,1328741,3571600
rsa-3072,oaep-decrypt,240,1329771,3574362
rsa-3072,oaep-decrypt,241,1329377,3573308
rsa-3072,oaep-decrypt,242,1329880,3574660
rsa-3072,oaep-decrypt,243,1330332,3575876
rsa-3072,oaep-decrypt,244,1711649,4600850
rsa-3072,oaep-decrypt,245,1330421,3576108
rsa-3072,oaep-decrypt,246,1327979,3569552
rsa-3072,oaep-decrypt,247,1329728,3574252
rsa-3072,oaep-decrypt,248,1330811,3577158
rsa-3072,oaep-decrypt,249,1330869,3577316
rsa-3072,oaep-decrypt,250,1327439,3568096
rsa-3072,oaep-decrypt,251,1329583,3573856
rsa-3072,oaep-decrypt,252,1327314,3567760
rsa-3072,oaep-decrypt,253,1329905,3574730
rsa-3072,oaep-decrypt,254,1328275,3570346
rsa-3072,oaep-decrypt,255,1327395,3567984
rsa-3072,oaep-decrypt,256,1327143,3567294
rsa-3072,oaep-decrypt,257,1329195,3572814
rsa-3072,oaep-decrypt,258,1329747,3574300
rsa-3072,oaep-decrypt,259,1333059,3583180
rsa-3072,oaep-decrypt,260,1330938,3577506
rsa-3072,oaep-decrypt,261,1328733,3571568
rsa-3072,oaep-decrypt,262,1327740,3568908
rsa-3072,oaep-decrypt,263,1329646,3574024
rsa-3072,oaep-decrypt,264,1327032,3567002
rsa-3072,oaep-decrypt,265,1329581,3573860
rsa-3072,oaep-decrypt,266,1330859,3577290
rsa-3072,oaep-decrypt,267,1329089,3572528
rsa-3072,oaep-decrypt,268,1327721,3568828
rsa-3072,oaep-decrypt,269,1328181,3570066
rsa-3072,oaep-decrypt,270,1330220,3575564
rsa-3072,oaep-decrypt,271,1330742,3576982
rsa-3072,oaep-decrypt,272,1330744,3576986
rsa-3072,oaep-decrypt,273,1333157,3583450
rsa-3072,oaep-decrypt,274,1329548,3573770
rsa-3072,oaep-decrypt,275,1330419,3576104
rsa-3072,oaep-decrypt,276,1706006,4585680
rsa-3072,oaep-decrypt,277,1329197,3572816
rsa-3072,oaep-decrypt,278,1328204,3570158
rsa-3072,oaep-decrypt,279,1329967,3574900
rsa-3072,oaep-decrypt,280,1327888,3569304
rsa-3072,oaep-decrypt,281,1331246,3578334
rsa-3072,oaep-decrypt,282,1328576,3571148
rsa-3072,oaep-decrypt,283,1328368,3570596
rsa-3072,oaep-decrypt,284,1329602,3573910
rsa-3072,oaep-decrypt,285,1327702,3568804
rsa-3072,oaep-decrypt,286,1328032,3569688
rsa-3072,oaep-decrypt,287,1329738,3574276
rsa-3072,oaep-decrypt,288,1329432,3573450
rsa-3072,oaep-decrypt,289,1331332,3578560
rsa-3072,oaep-decrypt,290,1329514,3573674
rsa-3072,oaep-decrypt,291,1328707,3571508
rsa-3072,oaep-decrypt,292,1330329,3575866
rsa-3072,oaep-decrypt,293,1329981,3574930
rsa-3072,oaep-decrypt,294,1330577,3576532
rsa-3072,oaep-decrypt,295,1329691,3574156
rsa-3072,oaep-decrypt,296,1329799,3574436
rsa-3072,oaep-decrypt,297,1329649,3574036
rsa-3072,oaep-decrypt,298,1327772,3568992
rsa-3072,oaep-decrypt,299,1328189,3570112
rsa-3072,oaep-decrypt,300,1328042,3569716
rsa-3072,oaep-decrypt,301,1328529,3571026
rsa-3072,oaep-decrypt,302,1328837,3571850
rsa-3072,oaep-decrypt,303,1329043,3572414
rsa-3072,oaep-decrypt,304,1328382,3570630
rsa-3072,oaep-decrypt,305,1330167,3575430
rsa-3072,oaep-decrypt,306,1329343,3573216
rsa-3072,oaep-decrypt,307,1328971,3572222
rsa-3072,oaep-decrypt,308,1715583,4611418
rsa-3072,oaep-decrypt,309,1329615,3573950
rsa-3072,oaep-decrypt,310,1329531,3573726
rsa-3072,oaep-decrypt,311,1327649,3568662
rsa-3072,oaep-decrypt,312,1328494,3570938
rsa-3072,oaep-decrypt,313,1331043,3577790
rsa-3072,oaep-decrypt,314,1329279,3573048
rsa-3072,oaep-decrypt,315,1329422,3573434
rsa-3072,oaep-decrypt,316,1329413,3573406
rsa-3072,oaep-decrypt,317,1327845,3569190
rsa-3072,oaep-decrypt,318,1328506,3570968
rsa-3072,oaep-decrypt,319,1329100,3572566
rsa-3072,oaep-decrypt,320,1327535,3568356
rsa-3072,oaep-decrypt,321,1328671,3571404
rsa-3072,oaep-decrypt,322,1328363,3570578
rsa-3072,oaep-decrypt,323,1327887,3569306
rsa-3072,oaep-decrypt,324,1327326,3567794
rsa-3072,oaep-decrypt,325,1331590,3579260
rsa-3072,oaep-decrypt,326,1330287,3575754
rsa-3072,oaep-decrypt,327,1328060,3569768
rsa-3072,oaep-decrypt,328,1328231,3570230
rsa-3072,oaep-decrypt,329,1328991,3572274
rsa-3072,oaep-decrypt,330,1326929,3566722
rsa-3072,oaep-decrypt,331,1328221,3570196
rsa-3072,oaep-decrypt,332,1330605,3576600
rsa-3072,oaep-decrypt,333,1329584,3573860
rsa-3072,oaep-decrypt,334,1330474,3576250
rsa-3072,oaep-decrypt,335,1333090,3583278
rsa-3072,oaep-decrypt,336,1329120,3572618
rsa-3072,oaep-decrypt,337,1328713,3571518
rsa-3072,oaep-decrypt,338,1330311,3575812
rsa-3072,oaep-decrypt,339,1328256,3570298
rsa-3072,oaep-decrypt,340,1712281,4602548
rsa-3072,oaep-decrypt,341,1338321,3597344
rsa-3072,oaep-decrypt,342,1330267,3575686
rsa-3072,oaep-decrypt,343,1327052,3567062
rsa-3072,oaep-decrypt,344,1330003,3574992
rsa-3072,oaep-decrypt,345,1329243,3572948
rsa-3072,oaep-decrypt,346,1329490,3573610
rsa-3072,oaep-decrypt,347,1329585,3573864
rsa-3072,oaep-decrypt,348,1330423,3576122
rsa-3072,oaep-decrypt,349,1331128,3578002
rsa-3072,oaep-decrypt,350,1334780,3587798
rsa-3072,oaep-decrypt,351,1330853,3577278
rsa-3072,oaep-decrypt,352,1327760,3568958
rsa-3072,oaep-decrypt,353,1328490,3570926
rsa-3072,oaep-decrypt,354,1330754,3577010
rsa-3072,oaep-decrypt,355,1329141,3572670
rsa-3072,oaep-decrypt,356,1326029,3564306
rsa-3072,oaep-decrypt,357,1331132,3578026
rsa-3072,oaep-decrypt,358,1329765,3574352
rsa-3072,oaep-decrypt,359,1329355,3573246
rsa-3072,oaep-decrypt,360,1331049,3577804
rsa-3072,oaep-decrypt,361,1330361,3575946
rsa-3072,oaep-decrypt,362,1328412,3570704
rsa-3072,oaep-decrypt,363,1329816,3574486
rsa-3072,oaep-decrypt,364,1329499,3573638
rsa-3072,oaep-decrypt,365,1330457,3576206
rsa-3072,oaep-decrypt,366,1331329,3578556
rsa-3072,oaep-decrypt,367,1329358,3573258
rsa-3072,oaep-decrypt,368,1327613,3568562
rsa-3072,oaep-decrypt,369,1329155,3572708
rsa-3072,oaep-decrypt,370,1328723,3571550
rsa-3072,oaep-decrypt,371,1329601,3573912
rsa-3072,oaep-decrypt,372,1706299,4586460
rsa-3072,oaep-decrypt,373,1325849,3563786
rsa-3072,oaep-decrypt,374,1330509,3576350
rsa-3072,oaep-decrypt,375,1329625,3573968
rsa-3072,oaep-decrypt,376,1328886,3571984
rsa-3072,oaep-decrypt,377,1330791,3577094
rsa-3072,oaep-decrypt,378,1326808,3566394
rsa-3072,oaep-decrypt,379,1326769,3566288
rsa-3072,oaep-decrypt,380,1329324,3573166
rsa-3072,oaep-decrypt,381,1329503,3573644
rsa-3072,oaep-decrypt,382,1329116,3572602
rsa-3072,oaep-decrypt,383,1329220,3572880
rsa-3072,oaep-decrypt,384,1329239,3572934
rsa-3072,oaep-decrypt,385,1327570,3568450
rsa-3072,oaep-decrypt,386,1329554,3573772
rsa-3072,oaep-decrypt,387,1328555,3571096
rsa-3072,oaep-decrypt,388,1330315,3575826
rsa-3072,oaep-decrypt,389,1338607,3598106
rsa-3072,oaep-decrypt,390,1328208,3570170
rsa-3072,oaep-decrypt,391,1329521,3573696
rsa-3072,oaep-decrypt,392,1329622,3573962
rsa-3072,oaep-decrypt,393,1329773,3574374
rsa-3072,oaep-decrypt,394,1330271,3575716
rsa-3072,oaep-decrypt,395,1330527,3576402
rsa-3072,oaep-decrypt,396,1329990,3574952
rsa-3072,oaep-decrypt,397,1329792,3574424
rsa-3072,oaep-decrypt,398,1330102,3575260
rsa-3072,oaep-decrypt,399,1330021,3575044
rsa-3072,oaep-decrypt,400,1330248,3575656
rsa-3072,oaep-decrypt,401,1329892,3574694
rsa-3072,oaep-decrypt,402,1328593,3571202
rsa-3072,oaep-decrypt,403,1326854,3566530
rsa-3072,oaep-decrypt,404,1700715,4571448
rsa-3072,oaep-decrypt,405,1330230,3575596
rsa-3072,oaep-decrypt,406,1330239,3575624
rsa-3072,oaep-decrypt,407,1329129,3572642
rsa-3072,oaep-decrypt,408,1327074,3567118
rsa-3072,oaep-decrypt,409,1331368,3578656
rsa-3072,oaep-decrypt,410,1329961,3574874
rsa-3072,oaep-decrypt,411,1329203,3572842
rsa-3072,oaep-decrypt,412,1348676,3625182
rsa-3072,oaep-decrypt,413,1328967,3572202
rsa-3072,oaep-decrypt,414,1328182,3570100
rsa-3072,oaep-decrypt,415,1330473,3576252
rsa-3072,oaep-decrypt,416,1328482,3570894
rsa-3072,oaep-decrypt,417,1327555,3568412
rsa-3072,oaep-decrypt,418,1329805,3574456
rsa-3072,oaep-decrypt,419,1328782,3571714
rsa-3072,oaep-decrypt,420,1327461,3568152
rsa-3072,oaep-decrypt,421,1330097,3575236
rsa-3072,oaep-decrypt,422,1330863,3577296
rsa-3072,oaep-decrypt,423,1329649,3574036
rsa-3072,oaep-decrypt,424,1330390,3576028
rsa-3072,oaep-decrypt,425,1327232,3567544
rsa-3072,oaep-decrypt,426,1331748,3579660
rsa-3072,oaep-decrypt,427,1329617,3573948
rsa-3072,oaep-decrypt,428,1328866,3571932
rsa-3072,oaep-decrypt,429,1328732,3571568
rsa-3072,oaep-decrypt,430,1327979,3569538
rsa-3072,oaep-decrypt,431,1327908,3569356
rsa-3072,oaep-decrypt,432,1329083,3572518
rsa-3072,oaep-decrypt,433,1330825,3577196
rsa-3072,oaep-decrypt,434,1326436,3565392
rsa-3072,oaep-decrypt,435,1327796,3569056
rsa-3072,oaep-decrypt,436,1713979,4607102
rsa-3072,oaep-decrypt,437,1327071,3567104
rsa-3072,oaep-decrypt,438,1327321,3567770
rsa-3072,oaep-decrypt,439,1328422,3570734
rsa-3072,oaep-decrypt,440,1330012,3575008
rsa-3072,oaep-decrypt,441,1330783,3577080
rsa-3072,oaep-decrypt,442,1341611,3606178
rsa-3072,oaep-decrypt,443,1327850,3569196
rsa-3072,oaep-decrypt,444,1329352,3573234
rsa-3072,oaep-decrypt,445,1325769,3563568
rsa-3072,oaep-decrypt,446,1327855,3569212
rsa-3072,oaep-decrypt,447,1330209,3575540
rsa-3072,oaep-decrypt,448,1331089,3577902
rsa-3072,oaep-decrypt,449,1329545,3573728
rsa-3072,oaep-decrypt,450,1330508,3576340
rsa-3072,oaep-decrypt,451,1328993,3572272
rsa-3072,oaep-decrypt,452,1331160,3578068
rsa-3072,oaep-decrypt,453,1331395,3578722
rsa-3072,oaep-decrypt,454,1328591,3571192
rsa-3072,oaep-decrypt,455,1329658,3574060
rsa-3072,oaep-decrypt,456,1329002,3572294
rsa-3072,oaep-decrypt,457,1329879,3574644
rsa-3072,oaep-decrypt,458,1328410,3570694
rsa-3072,oaep-decrypt,459,1329410,3573388
rsa-3072,oaep-decrypt,460,1329466,3573546
rsa-3072,oaep-decrypt,461,1329580,3573844
rsa-3072,oaep-decrypt,462,1328897,3572014
rsa-3072,oaep-decrypt,463,1329989,3574952
rsa-3072,oaep-decrypt,464,1329014,3572324
rsa-3072,oaep-decrypt,465,1330674,3576788
rsa-3072,oaep-decrypt,466,1329792,3574412
rsa-3072,oaep-decrypt,467,1329683,3574124
rsa-3072,oaep-decrypt,468,1704542,4581748
rsa-3072,oaep-decrypt,469,1327077,3567114
rsa-3072,oaep-decrypt,470,1330924,3577458
rsa-3072,oaep-decrypt,471,1329626,3573974
rsa-3072,oaep-decrypt,472,1329414,3573400
rsa-3072,oaep-decrypt,473,1327467,3568174
rsa-3072,oaep-decrypt,474,1330372,3575978
rsa-3072,oaep-decrypt,475,1328026,3569680
rsa-3072,oaep-decrypt,476,1328531,3571036
rsa-3072,oaep-decrypt,477,1331036,3577770
rsa-3072,oaep-decrypt,478,1329579,3573854
rsa-3072,oaep-decrypt,479,1330037,3575084
rsa-3072,oaep-decrypt,480,1327618,3568578
rsa-3072,oaep-decrypt,481,1326795,3566374
rsa-3072,oaep-decrypt,482,1329501,3573640
rsa-3072,oaep-decrypt,483,1329541,3573742
rsa-3072,oaep-decrypt,484,1329501,3573644
rsa-3072,oaep-decrypt,485,1329032,3572380
rsa-3072,oaep-decrypt,486,1329693,3574152
rsa-3072,oaep-decrypt,487,1329860,3574604
rsa-3072,oaep-decrypt,488,1329796,3574432
rsa-3072,oaep-decrypt,489,1329461,3573532
rsa-3072,oaep-decrypt,490,1327767,3568984
rsa-3072,oaep-decrypt,491,1329786,3574410
rsa-3072,oaep-decrypt,492,1330031,3575068
rsa-3072,oaep-decrypt,493,1330135,3575348
rsa-3072,oaep-decrypt,494,1329589,3573880
rsa-3072,oaep-decrypt,495,1329836,3574542
rsa-3072,oaep-decrypt,496,1329277,3573036
rsa-3072,oaep-decrypt,497,1329046,3572416
rsa-3072,oaep-decrypt,498,1330126,3575326
rsa-3072,oaep-decrypt,499,1328278,3570348
rsa-3072,oaep-decrypt,500,1705201,4583514
rsa-3072,oaep-decrypt,501,1328272,3570336
rsa-3072,oaep-decrypt,502,1331517,3579032
rsa-3072,oaep-decrypt,503,1331699,3579548
rsa-3072,oaep-decrypt,504,1328407,3570696
rsa-3072,oaep-decrypt,505,1329185,3572788
rsa-3072,oaep-decrypt,506,1330672,3576792
rsa-3072,oaep-decrypt,507,1329496,3573628
rsa-3072,oaep-decrypt,508,1328685,3571446
rsa-3072,oaep-decrypt,509,1330581,3576538
rsa-3072,oaep-decrypt,510,1328083,3569830
rsa-3072,oaep-decrypt,511,1328544,3571072
rsa-3072,oaep-decrypt,512,1329134,3572654
rsa-3072,oaep-decrypt,513,1345362,3616250
rsa-3072,oaep-decrypt,514,1330613,3576628
rsa-3072,oaep-decrypt,515,1329239,3572936
rsa-3072,oaep-decrypt,516,1329125,3572632
rsa-3072,oaep-decrypt,517,1327352,3567856
rsa-3072,oaep-decrypt,518,1329070,3572478
rsa-3072,oaep-decrypt,519,1329490,3573614
rsa-3072,oaep-decrypt,520,1329840,3574542
rsa-3072,oaep-decrypt,521,1330049,3575114
rsa-3072,oaep-decrypt,522,1328736,3571582
rsa-3072,oaep-decrypt,523,1328287,3570380
rsa-3072,oaep-decrypt,524,1331558,3579172
rsa-3072,oaep-decrypt,525,1327585,3568496
rsa-3072,oaep-decrypt,526,1327793,3569052
rsa-3072,oaep-decrypt,527,1330180,3575462
rsa-3072,oaep-decrypt,528,1328781,3571702
rsa-3072,oaep-decrypt,529,1329177,3572772
rsa-3072,oaep-decrypt,530,1328650,3571356
rsa-3072,oaep-decrypt,531,1327259,3567616
rsa-3072,oaep-decrypt,532,1706975,4588278
rsa-3072,oaep-decrypt,533,1326692,3566092
rsa-3072,oaep-decrypt,534,1328335,3570508
rsa-3072,oaep-decrypt,535,1330859,3577294
rsa-3072,oaep-decrypt,536,1326632,3565934
rsa-3072,oaep-decrypt,537,1328511,3570984
rsa-3072,oaep-decrypt,538,1330314,3575818
rsa-3072,oaep-decrypt,539,1329215,3572876
rsa-3072,oaep-decrypt,540,1327547,3568386
rsa-3072,oaep-decrypt,541,1329118,3572614
rsa-3072,oaep-decrypt,542,1327742,3568914
rsa-3072,oaep-decrypt,543,1329825,3574514
rsa-3072,oaep-decrypt,544,1329319,3573154
rsa-3072,oaep-decrypt,545,1327685,3568762
rsa-3072,oaep-decrypt,546,1329112,3572596
rsa-3072,oaep-decrypt,547,1329018,3572338
rsa-3072,oaep-decrypt,548,1329146,3572692
rsa-3072,oaep-decrypt,549,1329791,3574424
rsa-3072,oaep-decrypt,550,1330708,3576892
rsa-3072,oaep-decrypt,551,1329832,3574524
rsa-3072,oaep-decrypt,552,1328750,3571624
rsa-3072,oaep-decrypt,553,1330358,3575946
rsa-3072,oaep-decrypt,554,1329696,3574166
rsa-3072,oaep-decrypt,555,1328764,3571664
rsa-3072,oaep-decrypt,556,1330315,3575832
rsa-3072,oaep-decrypt,557,1329087,3572530
rsa-3072,oaep-decrypt,558,1328919,3572072
rsa-3072,oaep-decrypt,559,1330684,3576812
rsa-3072,oaep-decrypt,560,1327942,3569450
rsa-3072,oaep-decrypt,561,1329123,3572624
rsa-3072,oaep-decrypt,562,1330039,3575090
rsa-3072,oaep-decrypt,563,1329909,3574738
rsa-3072,oaep-decrypt,564,1707359,4589316
rsa-3072,oaep-decrypt,565,1328082,3569834
rsa-3072,oaep-decrypt,566,1329658,3574066
rsa-3072,oaep-decrypt,567,1331170,3578128
rsa-3072,oaep-decrypt,568,1329957,3574864
rsa-3072,oaep-decrypt,569,1329920,3574768
rsa-3072,oaep-decrypt,570,1329486,3573602
rsa-3072,oaep-decrypt,571,1328854,3571898
rsa-3072,oaep-decrypt,572,1328312,3570452
rsa-3072,oaep-decrypt,573,1329146,3572686
rsa-3072,oaep-decrypt,574,1326553,3565718
rsa-3072,oaep-decrypt,575,1327293,3567708
rsa-3072,oaep-decrypt,576,1330010,3575006
rsa-3072,oaep-decrypt,577,1329381,3573320
rsa-3072,oaep-decrypt,578,1329979,3574906
rsa-3072,oaep-decrypt,579,1333741,3585020
rsa-3072,oaep-decrypt,580,1329006,3572308
rsa-3072,oaep-decrypt,581,1328722,3571546
rsa-3072,oaep-decrypt,582,1330014,3575024
rsa-3072,oaep-decrypt,583,1327314,3567760
rsa-3072,oaep-decrypt,584,1327060,3567084
rsa-3072,oaep-decrypt,585,1329608,3573930
rsa-3072,oaep-decrypt,586,1329776,3574376
rsa-3072,oaep-decrypt,587,1329831,3574526
rsa-3072,oaep-decrypt,588,1330063,3575156
rsa-3072,oaep-decrypt,589,1328672,3571414
rsa-3072,oaep-decrypt,590,1327785,3569032
rsa-3072,oaep-decrypt,591,1330833,3577226
rsa-3072,oaep-decrypt,592,1328978,3572238
rsa-3072,oaep-decrypt,593,1327747,3568928
rsa-3072,oaep-decrypt,594,1330110,3575274
rsa-3072,oaep-decrypt,595,1328064,3569770
rsa-3072,oaep-decrypt,596,1713292,4605258
rsa-3072,oaep-decrypt,597,1330112,3575280
rsa-3072,oaep-decrypt,598,1346734,3619960
rsa-3072,oaep-decrypt,599,1328276,3570350
rsa-3072,oaep-decrypt,600,1328215,3570182
rsa-3072,oaep-decrypt,601,1327464,3568164
rsa-3072,oaep-decrypt,602,1327369,3567916
rsa-3072,oaep-decrypt,603,1328272,3570344
rsa-3072,oaep-decrypt,604,1329123,3572628
rsa-3072,oaep-decrypt,605,1328601,3571220
rsa-3072,oaep-decrypt,606,1329493,3573618
rsa-3072,oaep-decrypt,607,1329493,3573614
rsa-3072,oaep-decrypt,608,1328677,3571422
rsa-3072,oaep-decrypt,609,1327694,3568780
rsa-3072,oaep-decrypt,610,1328200,3570140
rsa-3072,oaep-decrypt,611,1330994,3577656
rsa-3072,oaep-decrypt,612,1328342,3570528
rsa-3072,oaep-decrypt,613,1329876,3574646
rsa-3072,oaep-decrypt,614,1330040,3575088
rsa-3072,oaep-decrypt,615,1327735,3568894
rsa-3072,oaep-decrypt,616,1329496,3573626
rsa-3072,oaep-decrypt,617,1330353,3575934
rsa-3072,oaep-decrypt,618,1329580,3573852
rsa-3072,oaep-decrypt,619,1329356,3573248
rsa-3072,oaep-decrypt,620,1330479,3576274
rsa-3072,oaep-decrypt,621,1328847,3571854
rsa-3072,oaep-decrypt,622,1327152,3567330
rsa-3072,oaep-decrypt,623,1329260,3572994
rsa-3072,oaep-decrypt,624,1330719,3576886
rsa-3072,oaep-decrypt,625,1335931,3590900
rsa-3072,oaep-decrypt,626,1330294,3575776
rsa-3072,oaep-decrypt,627,1329864,3574620
rsa-3072,oaep-decrypt,628,1699296,4567640
rsa-3072,oaep-decrypt,629,1328643,3571334
rsa-3072,oaep-decrypt,630,1326128,3564566
rsa-3072,oaep-decrypt,631,1328600,3571218
rsa-3072,oaep-decrypt,632,1328114,3569916
rsa-3072,oaep-decrypt,633,1328343,3570532
rsa-3072,oaep-decrypt,634,1328475,3570878
rsa-3072,oaep-decrypt,635,1327104,3567192
rsa-3072,oaep-decrypt,636,1328573,3571142
rsa-3072,oaep-decrypt,637,1330784,3577088
rsa-3072,oaep-decrypt,638,1330025,3575046
rsa-3072,oaep-decrypt,639,1329073,3572484
rsa-3072,oaep-decrypt,640,1331922,3580144
rsa-3072,oaep-decrypt,641,1329488,3573600
rsa-3072,oaep-decrypt,642,1328498,3570944
rsa-3072,oaep-decrypt,643,1330212,3575554
rsa-3072,oaep-decrypt,644,1329794,3574426
rsa-3072,oaep-decrypt,645,1329137,3572654
rsa-3072,oaep-decrypt,646,1327760,3568956
rsa-3072,oaep-decrypt,647,1330683,3576820
rsa-3072,oaep-decrypt,648,1328437,3570782
rsa-3072,oaep-decrypt,649,1328840,3571866
rsa-3072,oaep-decrypt,650,1330274,3575718
rsa-3072,oaep-decrypt,651,1328314,3570444
rsa-3072,oaep-decrypt,652,1327929,3569412
rsa-3072,oaep-decrypt,653,1328790,3571728
rsa-3072,oaep-decrypt,654,1328868,3571938
rsa-3072,oaep-decrypt,655,1332651,3582076
rsa-3072,oaep-decrypt,656,1330109,3575256
rsa-3072,oaep-decrypt,657,1328033,3569692
rsa-3072,oaep-decrypt,658,1328177,3570082
rsa-3072,oaep-decrypt,659,1330336,3575878
rsa-3072,oaep-decrypt,660,1701805,4574390
rsa-3072,oaep-decrypt,661,1330588,3576554
rsa-3072,oaep-decrypt,662,1328031,3569694
rsa-3072,oaep-decrypt,663,1325167,3561994
rsa-3072,oaep-decrypt,664,1331557,3579170
rsa-3072,oaep-decrypt,665,1328333,3570496
rsa-3072,oaep-decrypt,666,1329476,3573576
rsa-3072,oaep-decrypt,667,1330398,3576052
rsa-3072,oaep-decrypt,668,1328067,3569784
rsa-3072,oaep-decrypt,669,1330035,3575042
rsa-3072,oaep-decrypt,670,1330608,3576622
rsa-3072,oaep-decrypt,671,1330751,3577006
rsa-3072,oaep-decrypt,672,1330178,3575454
rsa-3072,oaep-decrypt,673,1330664,3576768
rsa-3072,oaep-decrypt,674,1327912,3569368
rsa-3072,oaep-decrypt,675,1328720,3571544
rsa-3072,oaep-decrypt,676,1329919,3574770
rsa-3072,oaep-decrypt,677,1328815,3571792
rsa-3072,oaep-decrypt,678,1327564,3568436
rsa-3072,oaep-decrypt,679,1328872,3571948
rsa-3072,oaep-decrypt,680,1328003,3569608
rsa-3072,oaep-decrypt,681,1329380,3573320
rsa-3072,oaep-decrypt,682,1330003,3574988
rsa-3072,oaep-decrypt,683,1326600,3565840
rsa-3072,oaep-decrypt,684,1327546,3568384
rsa-3072,oaep-decrypt,685,1327060,3567082
rsa-3072,oaep-decrypt,686,1328153,3570020
rsa-3072,oaep-decrypt,687,1326791,3566358
rsa-3072,oaep-decrypt,688,1328669,3571402
rsa-3072,oaep-decrypt,689,1327648,3568656
rsa-3072,oaep-decrypt,690,1327945,3569462
rsa-3072,oaep-decrypt,691,1330074,3575180
rsa-3072,oaep-decrypt,692,1707062,4588520
rsa-3072,oaep-decrypt,693,1328166,3570050
rsa-3072,oaep-decrypt,694,1328301,3570418
rsa-3072,oaep-decrypt,695,1327169,3567370
rsa-3072,oaep-decrypt,696,1328721,3571544
rsa-3072,oaep-decrypt,697,1327331,3567808
rsa-3072,oaep-decrypt,698,1328736,3571582
rsa-3072,oaep-decrypt,699,1329017,3572338
rsa-3072,oaep-decrypt,700,1328288,3570376
rsa-3072,oaep-decrypt,701,1329238,3572932
rsa-3072,oaep-decrypt,702,1330821,3577186
rsa-3072,oaep-decrypt,703,1327039,3567016
rsa-3072,oaep-decrypt,704,1329133,3572650
rsa-3072,oaep-decrypt,705,1329660,3574062
rsa-3072,oaep-decrypt,706,1329715,3574212
rsa-3072,oaep-decrypt,707,1327058,3567076
rsa-3072,oaep-decrypt,708,1330442,3576166
rsa-3072,oaep-decrypt,709,1328170,3570062
rsa-3072,oaep-decrypt,710,1330564,3576504
rsa-3072,oaep-decrypt,711,1330312,3575820
rsa-3072,oaep-decrypt,712,1326628,3565908
rsa-3072,oaep-decrypt,713,1329809,3574470
rsa-3072,oaep-decrypt,714,1329878,3574654
rsa-3072,oaep-decrypt,715,1328970,3572212
rsa-3072,oaep-decrypt,716,1328205,3570150
rsa-3072,oaep-decrypt,717,1329951,3574854
rsa-3072,oaep-decrypt,718,1327710,3568824
rsa-3072,oaep-decrypt,719,1328707,3571504
rsa-3072,oaep-decrypt,720,1329785,3574402
rsa-3072,oaep-decrypt,721,1330145,3575370
rsa-3072,oaep-decrypt,722,1330733,3576954
rsa-3072,oaep-decrypt,723,1337632,3595486
rsa-3072,oaep-decrypt,724,1702013,4574938
rsa-3072,oaep-decrypt,725,1329699,3574172
rsa-3072,oaep-decrypt,726,1330657,3576750
rsa-3072,oaep-decrypt,727,1327411,3568024
rsa-3072,oaep-decrypt,728,1329691,3574152
rsa-3072,oaep-decrypt,729,1330313,3575826
rsa-3072,oaep-decrypt,730,1327114,3567224
rsa-3072,oaep-decrypt,731,1335771,3590476
rsa-3072,oaep-decrypt,732,1330099,3575246
rsa-3072,oaep-decrypt,733,1328397,3570668
rsa-3072,oaep-decrypt,734,1327735,3568896
rsa-3072,oaep-decrypt,735,1329346,3573224
rsa-3072,oaep-decrypt,736,1328832,3571840
rsa-3072,oaep-decrypt,737,1328379,3570616
rsa-3072,oaep-decrypt,738,1329653,3574056
rsa-3072,oaep-decrypt,739,1328433,3570772
rsa-3072,oaep-decrypt,740,1329538,3573738
rsa-3072,oaep-decrypt,741,1331296,3578464
rsa-3072,oaep-decrypt,742,1326936,3566746
rsa-3072,oaep-decrypt,743,1329563,3573808
rsa-3072,oaep-decrypt,744,1327175,3567390
rsa-3072,oaep-decrypt,745,1328267,3570322
rsa-3072,oaep-decrypt,746,1329879,3574650
rsa-3072,oaep-decrypt,747,1329392,3573350
rsa-3072,oaep-decrypt,748,1329942,3574830
rsa-3072,oaep-decrypt,749,1328132,3569966
rsa-3072,oaep-decrypt,750,1329577,3573846
rsa-3072,oaep-decrypt,751,1328127,3569948
rsa-3072,oaep-decrypt,752,1328870,3571944
rsa-3072,oaep-decrypt,753,1328536,3571040
rsa-3072,oaep-decrypt,754,1329285,3573060
rsa-3072,oaep-decrypt,755,1328927,3572100
rsa-3072,oaep-decrypt,756,1714675,4608982
rsa-3072,oaep-decrypt,757,1329338,3573196
rsa-3072,oaep-decrypt,758,1330011,3575008
rsa-3072,oaep-decrypt,759,1330477,3576260
rsa-3072,oaep-decrypt,760,1330502,3576334
rsa-3072,oaep-decrypt,761,1330115,3575288
rsa-3072,oaep-decrypt,762,1328111,3569906
rsa-3072,oaep-decrypt,763,1328967,3572198
rsa-3072,oaep-decrypt,764,1329213,3572866
rsa-3072,oaep-decrypt,765,1325546,3563002
rsa-3072,oaep-decrypt,766,1328000,3569604
rsa-3072,oaep-decrypt,767,1327954,3569482
rsa-3072,oaep-decrypt,768,1329801,3574444
rsa-3072,oaep-decrypt,769,1328528,3571026
rsa-3072,oaep-decrypt,770,1342224,3607828
rsa-3072,oaep-decrypt,771,1326816,3566414
rsa-3072,oaep-decrypt,772,1331903,3580090
rsa-3072,oaep-decrypt,773,1326499,3565568
rsa-3072,oaep-decrypt,774,1329807,3574458
rsa-3072,oaep-decrypt,775,1330785,3577094
rsa-3072,oaep-decrypt,776,1329610,3573932
rsa-3072,oaep-decrypt,777,1330401,3576054
rsa-3072,oaep-decrypt,778,1333994,3585718
rsa-3072,oaep-decrypt,779,1330178,3575460
rsa-3072,oaep-decrypt,780,1327206,3567474
rsa-3072,oaep-decrypt,781,1328341,3570528
rsa-3072,oaep-decrypt,782,1329036,3572386
rsa-3072,oaep-decrypt,783,1327520,3568312
rsa-3072,oaep-decrypt,784,1331221,3578266
rsa-3072,oaep-decrypt,785,1327182,3567400
rsa-3072,oaep-decrypt,786,1327692,3568772
rsa-3072,oaep-decrypt,787,1328187,3570102
rsa-3072,oaep-decrypt,788,1712220,4602380
rsa-3072,oaep-decrypt,789,1329062,3572458
rsa-3072,oaep-decrypt,790,1328846,3571884
rsa-3072,oaep-decrypt,791,1329070,3572482
rsa-3072,oaep-decrypt,792,1331002,3577678
rsa-3072,oaep-decrypt,793,1328424,3570746
rsa-3072,oaep-decrypt,794,1328585,3571178
rsa-3072,oaep-decrypt,795,1327724,3568860
rsa-3072,oaep-decrypt,796,1328231,3570228
rsa-3072,oaep-decrypt,797,1329482,3573588
rsa-3072,oaep-decrypt,798,1327264,3567632
rsa-3072,oaep-decrypt,799,1331295,3578458
rsa-3072,oaep-decrypt,800,1328730,3571566
rsa-3072,oaep-decrypt,801,1330192,3575494
rsa-3072,oaep-decrypt,802,1328275,3570340
rsa-3072,oaep-decrypt,803,1328565,3571122
rsa-3072,oaep-decrypt,804,1328120,3569926
rsa-3072,oaep-decrypt,805,1326945,3566774
rsa-3072,oaep-decrypt,806,1327216,3567498
rsa-3072,oaep-decrypt,807,1327086,3567090
rsa-3072,oaep-decrypt,808,1343991,3612556
rsa-3072,oaep-decrypt,809,1326666,3566024
rsa-3072,oaep-decrypt,810,1330207,3575536
rsa-3072,oaep-decrypt,811,1331351,3578614
rsa-3072,oaep-decrypt,812,1326957,3566806
rsa-3072,oaep-decrypt,813,1329032,3572378
rsa-3072,oaep-decrypt,814,1329203,3572840
rsa-3072,oaep-decrypt,815,1326756,3566234
rsa-3072,oaep-decrypt,816,1329481,3573556
rsa-3072,oaep-decrypt,817,1330309,3575814
rsa-3072,oaep-decrypt,818,1330310,3575756
rsa-3072,oaep-decrypt,819,1329059,3572452
rsa-3072,oaep-decrypt,820,1704921,4582766
rsa-3072,oaep-decrypt,821,1328246,3570260
rsa-3072,oaep-decrypt,822,1341456,3605770
rsa-3072,oaep-decrypt,823,1329892,3574676
rsa-3072,oaep-decrypt,824,1330083,3575190
rsa-3072,oaep-decrypt,825,1330972,3577598
rsa-3072,oaep-decrypt,826,1329741,3574284
rsa-3072,oaep-decrypt,827,1327972,3569528
rsa-3072,oaep-decrypt,828,1326808,3566402
rsa-3072,oaep-decrypt,829,1327361,3567890
rsa-3072,oaep-decrypt,830,1329324,3573164
rsa-3072,oaep-decrypt,831,1328033,3569696
rsa-3072,oaep-decrypt,832,1327821,3569122
rsa-3072,oaep-decrypt,833,1328839,3571860
rsa-3072,oaep-decrypt,834,1328949,3572156
rsa-3072,oaep-decrypt,835,1329718,3574220
rsa-3072,oaep-decrypt,836,1328932,3572114
rsa-3072,oaep-decrypt,837,1330006,3575000
rsa-3072,oaep-decrypt,838,1329652,3574050
rsa-3072,oaep-decrypt,839,1328820,3571814
rsa-3072,oaep-decrypt,840,1330104,3575262
rsa-3072,oaep-decrypt,841,1326778,3566322
rsa-3072,oaep-decrypt,842,1329314,3573140
rsa-3072,oaep-decrypt,843,1329275,3573024
rsa-3072,oaep-decrypt,844,1327374,3567930
rsa-3072,oaep-decrypt,845,1328327,3570486
rsa-3072,oaep-decrypt,846,1330716,3576904
rsa-3072,oaep-decrypt,847,1331201,3578214
rsa-3072,oaep-decrypt,848,1329187,3572798
rsa-3072,oaep-decrypt,849,1329872,3574638
rsa-3072,oaep-decrypt,850,1328270,3570334
rsa-3072,oaep-decrypt,851,1328731,3571570
rsa-3072,oaep-decrypt,852,1719300,4621404
rsa-3072,oaep-decrypt,853,1327990,3569582
rsa-3072,oaep-decrypt,854,1329295,3573094
rsa-3072,oaep-decrypt,855,1330469,3576244
rsa-3072,oaep-decrypt,856,1328389,3570656
rsa-3072,oaep-decrypt,857,1330112,3575282
rsa-3072,oaep-decrypt,858,1330572,3576526
rsa-3072,oaep-decrypt,859,1328266,3570324
rsa-3072,oaep-decrypt,860,1329445,3573490
rsa-3072,oaep-decrypt,861,1330198,3575516
rsa-3072,oaep-decrypt,862,1330091,3575206
rsa-3072,oaep-decrypt,863,1329674,3574106
rsa-3072,oaep-decrypt,864,1330582,3576542
rsa-3072,oaep-decrypt,865,1328940,3572128
rsa-3072,oaep-decrypt,866,1330775,3577064
rsa-3072,oaep-decrypt,867,1328309,3570440
rsa-3072,oaep-decrypt,868,1328014,3569648
rsa-3072,oaep-decrypt,869,1331168,3578094
rsa-3072,oaep-decrypt,870,1330475,3576258
rsa-3072,oaep-decrypt,871,1329273,3573034
rsa-3072,oaep-decrypt,872,1331557,3579164
rsa-3072,oaep-decrypt,873,1327098,3567184
rsa-3072,oaep-decrypt,874,1327094,3567166
rsa-3072,oaep-decrypt,875,1326524,3565636
rsa-3072,oaep-decrypt,876,1329590,3573872
rsa-3072,oaep-decrypt,877,1329163,3572706
rsa-3072,oaep-decrypt,878,1330082,3575202
rsa-3072,oaep-decrypt,879,1329387,3573326
rsa-3072,oaep-decrypt,880,1327439,3568100
rsa-3072,oaep-decrypt,881,1327855,3569216
rsa-3072,oaep-decrypt,882,1327237,3567558
rsa-3072,oaep-decrypt,883,1328916,3572072
rsa-3072,oaep-decrypt,884,1716734,4614492
rsa-3072,oaep-decrypt,885,1330990,3577648
rsa-3072,oaep-decrypt,886,1328811,3571790
rsa-3072,oaep-decrypt,887,1327004,3566926
rsa-3072,oaep-decrypt,888,1328812,3571786
rsa-3072,oaep-decrypt,889,1329504,3573640
rsa-3072,oaep-decrypt,890,1328836,3571854
rsa-3072,oaep-decrypt,891,1328669,3571402
rsa-3072,oaep-decrypt,892,1331483,3578964
rsa-3072,oaep-decrypt,893,1330253,3575660
rsa-3072,oaep-decrypt,894,1330376,3575990
rsa-3072,oaep-decrypt,895,1330005,3574992
rsa-3072,oaep-decrypt,896,1328721,3571540
rsa-3072,oaep-decrypt,897,1329434,3573450
rsa-3072,oaep-decrypt,898,1328941,3572134
rsa-3072,oaep-decrypt,899,1328319,3570468
rsa-3072,oaep-decrypt,900,1326407,3565318
rsa-3072,oaep-decrypt,901,1330246,3575646
rsa-3072,oaep-decrypt,902,1329110,3572584
rsa-3072,oaep-decrypt,903,1326486,3565536
rsa-3072,oaep-decrypt,904,1328541,3571062
rsa-3072,oaep-decrypt,905,1329613,3573938
rsa-3072,oaep-decrypt,906,1330236,3575614
rsa-3072,oaep-decrypt,907,1331131,3578024
rsa-3072,oaep-decrypt,908,1328401,3570682
rsa-3072,oaep-decrypt,909,1328295,3570360
rsa-3072,oaep-decrypt,910,1330555,3576466
rsa-3072,oaep-decrypt,911,1329963,3574880
rsa-3072,oaep-decrypt,912,1328139,3569976
rsa-3072,oaep-decrypt,913,1328318,3570454
rsa-3072,oaep-decrypt,914,1329637,3574004
rsa-3072,oaep-decrypt,915,1329747,3574304
rsa-3072,oaep-decrypt,916,1700096,4569790
rsa-3072,oaep-decrypt,917,1328189,3570100
rsa-3072,oaep-decrypt,918,1328778,3571690
rsa-3072,oaep-decrypt,919,1328975,3572224
rsa-3072,oaep-decrypt,920,1329117,3572594
rsa-3072,oaep-decrypt,921,1329208,3572854
rsa-3072,oaep-decrypt,922,1331155,3578082
rsa-3072,oaep-decrypt,923,1327822,3569122
rsa-3072,oaep-decrypt,924,1328961,3572186
rsa-3072,oaep-decrypt,925,1329721,3574226
rsa-3072,oaep-decrypt,926,1327212,3567480
rsa-3072,oaep-decrypt,927,1327296,3567708
rsa-3072,oaep-decrypt,928,1326901,3566650
rsa-3072,oaep-decrypt,929,1329560,3573790
rsa-3072,oaep-decrypt,930,1329218,3572882
rsa-3072,oaep-decrypt,931,1330145,3575360
rsa-3072,oaep-decrypt,932,1329901,3574700
rsa-3072,oaep-decrypt,933,1328407,3570694
rsa-3072,oaep-decrypt,934,1329931,3574786
rsa-3072,oaep-decrypt,935,1327227,3567518
rsa-3072,oaep-decrypt,936,1330566,3576504
rsa-3072,oaep-decrypt,937,1329611,3573924
rsa-3072,oaep-decrypt,938,1330123,3575306
rsa-3072,oaep-decrypt,939,1331591,3579256
rsa-3072,oaep-decrypt,940,1330279,3575726
rsa-3072,oaep-decrypt,941,1328923,3572090
rsa-3072,oaep-decrypt,942,1329292,3573074
rsa-3072,oaep-decrypt,943,1329477,3573580
rsa-3072,oaep-decrypt,944,1329229,3572912
rsa-3072,oaep-decrypt,945,1329795,3574430
rsa-3072,oaep-decrypt,946,1331274,3578398
rsa-3072,oaep-decrypt,947,1329900,3574710
rsa-3072,oaep-decrypt,948,1707048,4588482
rsa-3072,oaep-decrypt,949,1329530,3573722
rsa-3072,oaep-decrypt,950,1328295,3570400
rsa-3072,oaep-decrypt,951,1328447,3570800
rsa-3072,oaep-decrypt,952,1327985,3569564
rsa-3072,oaep-decrypt,953,1330084,3575212
rsa-3072,oaep-decrypt,954,1329970,3574900
rsa-3072,oaep-decrypt,955,1328884,3571974
rsa-3072,oaep-decrypt,956,1328392,3570656
rsa-3072,oaep-decrypt,957,1328854,3571900
rsa-3072,oaep-decrypt,958,1328254,3570290
rsa-3072,oaep-decrypt,959,1328981,3572238
rsa-3072,oaep-decrypt,960,1333215,3583596
rsa-3072,oaep-decrypt,961,1346336,3618886
rsa-3072,oaep-decrypt,962,1330436,3576156
rsa-3072,oaep-decrypt,963,1328525,3571016
rsa-3072,oaep-decrypt,964,1330740,3576964
rsa-3072,oaep-decrypt,965,1329745,3574266
rsa-3072,oaep-decrypt,966,1328462,3570850
rsa-3072,oaep-decrypt,967,1330474,3576254
rsa-3072,oaep-decrypt,968,1328541,3571058
rsa-3072,oaep-decrypt,969,1331034,3577764
rsa-3072,oaep-decrypt,970,1329199,3572830
rsa-3072,oaep-decrypt,971,1329424,3573438
rsa-3072,oaep-decrypt,972,1330329,3575862
rsa-3072,oaep-decrypt,973,1347317,3621526
rsa-3072,oaep-decrypt,974,1330266,3575698
rsa-3072,oaep-decrypt,975,1330625,3576664
rsa-3072,oaep-decrypt,976,1329833,3574534
rsa-3072,oaep-decrypt,977,1329090,3572532
rsa-3072,oaep-decrypt,978,1328399,3570672
rsa-3072,oaep-decrypt,979,1328688,3571450
rsa-3072,oaep-decrypt,980,1705393,4584028
rsa-3072,oaep-decrypt,981,1328955,3572168
rsa-3072,oaep-decrypt,982,1328042,3569722
rsa-3072,oaep-decrypt,983,1329210,3572858
rsa-3072,oaep-decrypt,984,1328925,3572086
rsa-3072,oaep-decrypt,985,1328308,3570428
rsa-3072,oaep-decrypt,986,1332317,3581216
rsa-3072,oaep-decrypt,987,1329692,3574158
rsa-3072,oaep-decrypt,988,1328593,3571198
rsa-3072,oaep-decrypt,989,1328824,3571822
rsa-3072,oaep-decrypt,990,1328806,3571744
rsa-3072,oaep-decrypt,991,1329856,3574570
rsa-3072,oaep-decrypt,992,1329757,3574330
rsa-3072,oaep-decrypt,993,1329923,3574780
rsa-3072,oaep-decrypt,994,1326844,3566498
rsa-3072,oaep-decrypt,995,1329208,3572854
rsa-3072,oaep-decrypt,996,1329711,3574206
rsa-3072,oaep-decrypt,997,1327109,3567206
rsa-3072,oaep-decrypt,998,1329627,3573980
rsa-3072,oaep-decrypt,999,1327669,3568710
