algo,op,iter,wall_ns,cycles
ecdsa-P-521,keygen,0,10412426,562262
ecdsa-P-521,keygen,1,10392000,561162
ecdsa-P-521,keygen,2,10402815,561745
ecdsa-P-521,keygen,3,10422389,562802
ecdsa-P-521,keygen,4,10402019,561703
ecdsa-P-521,keygen,5,10394278,561285
ecdsa-P-521,keygen,6,10396352,561395
ecdsa-P-521,keygen,7,10441907,563856
ecdsa-P-521,keygen,8,10402130,561707
ecdsa-P-521,keygen,9,10397112,561438
ecdsa-P-521,keygen,10,10397093,561436
ecdsa-P-521,keygen,11,10392629,561195
ecdsa-P-521,keygen,12,10400963,561645
ecdsa-P-521,keygen,13,10397574,561462
ecdsa-P-521,keygen,14,10399833,561584
ecdsa-P-521,keygen,15,10400907,561642
ecdsa-P-521,keygen,16,10601389,572465
ecdsa-P-521,keygen,17,10407185,561982
ecdsa-P-521,keygen,18,10395278,561338
ecdsa-P-521,keygen,19,10398833,561531
ecdsa-P-521,keygen,20,10403222,561766
ecdsa-P-521,keygen,21,10396518,561405
ecdsa-P-521,keygen,22,10585240,571594
ecdsa-P-521,keygen,23,10397852,561478
ecdsa-P-521,keygen,24,10402648,561736
ecdsa-P-521,keygen,25,10400407,561616
ecdsa-P-521,keygen,26,10393537,561244
ecdsa-P-521,keygen,27,10452574,564432
ecdsa-P-521,keygen,28,10395704,561362
ecdsa-P-521,keygen,29,10396612,561411
ecdsa-P-521,keygen,30,10402241,561714
ecdsa-P-521,keygen,31,10385426,560807
ecdsa-P-521,keygen,32,10401630,561681
ecdsa-P-521,keygen,33,10400870,561641
ecdsa-P-521,keygen,34,10392778,561203
ecdsa-P-521,keygen,35,10392056,561164
ecdsa-P-521,keygen,36,10394870,561315
ecdsa-P-521,keygen,37,10399722,561579
ecdsa-P-521,keygen,38,10402426,561725
ecdsa-P-521,keygen,39,10389963,561052
ecdsa-P-521,keygen,40,10403074,561760
ecdsa-P-521,keygen,41,10388963,560997
ecdsa-P-521,keygen,42,10401018,561648
ecdsa-P-521,keygen,43,10395889,561371
ecdsa-P-521,keygen,44,10394019,561269
ecdsa-P-521,keygen,45,10399537,561569
ecdsa-P-521,keygen,46,10385740,560823
ecdsa-P-521,keygen,47,10511963,567636
ecdsa-P-521,keygen,48,10456018,564619
ecdsa-P-521,keygen,49,10392833,561207
ecdsa-P-521,keygen,50,10393945,561266
ecdsa-P-521,keygen,51,10388518,560974
ecdsa-P-521,keygen,52,10402000,561702
ecdsa-P-521,keygen,53,10393963,561268
ecdsa-P-521,keygen,54,10391889,561154
ecdsa-P-521,keygen,55,10400426,561617
ecdsa-P-521,keygen,56,10399722,561577
ecdsa-P-521,keygen,57,10396278,561393
ecdsa-P-521,keygen,58,10395204,561335
ecdsa-P-521,keygen,59,10390537,561083
ecdsa-P-521,keygen,60,10397778,561473
ecdsa-P-521,keygen,61,10395519,561351
ecdsa-P-521,keygen,62,10400074,561598
ecdsa-P-521,keygen,63,10396759,561419
ecdsa-P-521,keygen,64,10388296,560962
ecdsa-P-521,keygen,65,10402111,561708
ecdsa-P-521,keygen,66,10385241,560796
ecdsa-P-521,keygen,67,10398278,561500
ecdsa-P-521,keygen,68,10400463,561618
ecdsa-P-521,keygen,69,10387074,560896
ecdsa-P-521,keygen,70,10395019,561324
ecdsa-P-521,keygen,71,10387314,560909
ecdsa-P-521,keygen,72,10423537,562863
ecdsa-P-521,keygen,73,10406296,561933
ecdsa-P-521,keygen,74,10390981,561107
ecdsa-P-521,keygen,75,10398889,561533
ecdsa-P-521,keygen,76,10391241,561121
ecdsa-P-521,keygen,77,10398037,561488
ecdsa-P-521,keygen,78,10435333,563498
ecdsa-P-521,keygen,79,10474482,565613
ecdsa-P-521,keygen,80,10406556,561947
ecdsa-P-521,keygen,81,10415315,562420
ecdsa-P-521,keygen,82,10397315,561449
ecdsa-P-521,keygen,83,10399519,561568
ecdsa-P-521,keygen,84,10410241,562146
ecdsa-P-521,keygen,85,10402093,561707
ecdsa-P-521,keygen,86,10387648,560926
ecdsa-P-521,keygen,87,10417000,562512
ecdsa-P-521,keygen,88,10396315,561394
ecdsa-P-521,keygen,89,10391444,561132
ecdsa-P-521,keygen,90,10427019,563053
ecdsa-P-521,keygen,91,10386611,560870
ecdsa-P-521,keygen,92,10402722,561739
ecdsa-P-521,keygen,93,10734963,579679
ecdsa-P-521,keygen,94,10873722,587174
ecdsa-P-521,keygen,95,10406333,561935
ecdsa-P-521,keygen,96,10399740,561579
ecdsa-P-521,keygen,97,10735592,579713
ecdsa-P-521,keygen,98,11002426,594124
ecdsa-P-521,keygen,99,10403426,561778
ecdsa-P-521,keygen,100,10390722,561091
ecdsa-P-521,keygen,101,10659297,575593
ecdsa-P-521,keygen,102,11392796,615203
ecdsa-P-521,keygen,103,10401408,561669
ecdsa-P-521,keygen,104,10400370,561612
ecdsa-P-521,keygen,105,10400611,561626
ecdsa-P-521,keygen,106,10391241,561121
ecdsa-P-521,keygen,107,10393518,561242
ecdsa-P-521,keygen,108,10394333,561286
ecdsa-P-521,keygen,109,10394611,561301
ecdsa-P-521,keygen,110,10547444,569554
ecdsa-P-521,keygen,111,10413278,562310
ecdsa-P-521,keygen,112,10405371,561884
ecdsa-P-521,keygen,113,10402093,561706
ecdsa-P-521,keygen,114,10468611,565298
ecdsa-P-521,keygen,115,10418685,562601
ecdsa-P-521,keygen,116,10402130,561707
ecdsa-P-521,keygen,117,10406389,561938
ecdsa-P-521,keygen,118,10555759,570004
ecdsa-P-521,keygen,119,10405871,561909
ecdsa-P-521,keygen,120,10431500,563292
ecdsa-P-521,keygen,121,10405778,561905
ecdsa-P-521,keygen,122,10409759,562121
ecdsa-P-521,keygen,123,10407889,562019
ecdsa-P-521,keygen,124,10405334,561881
ecdsa-P-521,keygen,125,10400426,561617
ecdsa-P-521,keygen,126,10401148,561655
ecdsa-P-521,keygen,127,10414945,562400
ecdsa-P-521,keygen,128,10404889,561856
ecdsa-P-521,keygen,129,10399111,561545
ecdsa-P-521,keygen,130,10406056,561919
ecdsa-P-521,keygen,131,10399926,561590
ecdsa-P-521,keygen,132,10435241,563496
ecdsa-P-521,keygen,133,10405574,561895
ecdsa-P-521,keygen,134,10402482,561726
ecdsa-P-521,keygen,135,10406241,561930
ecdsa-P-521,keygen,136,10394611,561302
ecdsa-P-521,keygen,137,10406908,561966
ecdsa-P-521,keygen,138,10406945,561968
ecdsa-P-521,keygen,139,10403204,561764
ecdsa-P-521,keygen,140,10402889,561748
ecdsa-P-521,keygen,141,10510630,567564
ecdsa-P-521,keygen,142,10415925,562454
ecdsa-P-521,keygen,143,10408907,562074
ecdsa-P-521,keygen,144,10390481,561079
ecdsa-P-521,keygen,145,10410259,562147
ecdsa-P-521,keygen,146,10396963,561429
ecdsa-P-521,keygen,147,10401777,561690
ecdsa-P-521,keygen,148,10406685,561955
ecdsa-P-521,keygen,149,10402500,561727
ecdsa-P-521,keygen,150,10401777,561689
ecdsa-P-521,keygen,151,10409278,562094
ecdsa-P-521,keygen,152,10408445,562050
ecdsa-P-521,keygen,153,10408482,562050
ecdsa-P-521,keygen,154,10398574,561515
ecdsa-P-521,keygen,155,10403167,561763
ecdsa-P-521,keygen,156,10448481,564210
ecdsa-P-521,keygen,157,10398185,561494
ecdsa-P-521,keygen,158,10409741,562118
ecdsa-P-521,keygen,159,10396685,561414
ecdsa-P-521,keygen,160,10407093,561975
ecdsa-P-521,keygen,161,10394648,561304
ecdsa-P-521,keygen,162,10403944,561806
ecdsa-P-521,keygen,163,10410981,562185
ecdsa-P-521,keygen,164,10397389,561452
ecdsa-P-521,keygen,165,10399074,561543
ecdsa-P-521,keygen,166,10396019,561378
ecdsa-P-521,keygen,167,10408908,562075
ecdsa-P-521,keygen,168,10400000,561593
ecdsa-P-521,keygen,169,10397315,561449
ecdsa-P-521,keygen,170,10429148,563167
ecdsa-P-521,keygen,171,10404129,561817
ecdsa-P-521,keygen,172,10534093,568832
ecdsa-P-521,keygen,173,10408167,562034
ecdsa-P-521,keygen,174,10398203,561497
ecdsa-P-521,keygen,175,10414018,562350
ecdsa-P-521,keygen,176,10400778,561635
ecdsa-P-521,keygen,177,10450074,564296
ecdsa-P-521,keygen,178,10396612,561410
ecdsa-P-521,keygen,179,10391296,561123
ecdsa-P-521,keygen,180,10395519,561351
ecdsa-P-521,keygen,181,10398130,561492
ecdsa-P-521,keygen,182,10443407,563936
ecdsa-P-521,keygen,183,10450982,564346
ecdsa-P-521,keygen,184,10403685,561792
ecdsa-P-521,keygen,185,10405982,561915
ecdsa-P-521,keygen,186,10407777,562012
ecdsa-P-521,keygen,187,10404407,561831
ecdsa-P-521,keygen,188,10410500,562159
ecdsa-P-521,keygen,189,10403129,561762
ecdsa-P-521,keygen,190,10818759,584201
ecdsa-P-521,keygen,191,15627074,843851
ecdsa-P-521,keygen,192,15626315,843811
ecdsa-P-521,keygen,193,15627519,843876
ecdsa-P-521,keygen,194,15626407,843815
ecdsa-P-521,keygen,195,15674723,846423
ecdsa-P-521,keygen,196,15627852,843892
ecdsa-P-521,keygen,197,12401648,669680
ecdsa-P-521,keygen,198,10400907,561641
ecdsa-P-521,keygen,199,10407111,561976
ecdsa-P-521,keygen,200,10735241,579693
ecdsa-P-521,keygen,201,11004944,594260
ecdsa-P-521,keygen,202,10406037,561918
ecdsa-P-521,keygen,203,10396444,561402
ecdsa-P-521,keygen,204,10679703,576695
ecdsa-P-521,keygen,205,11069296,597733
ecdsa-P-521,keygen,206,10400037,561595
ecdsa-P-521,keygen,207,10395111,561328
ecdsa-P-521,keygen,208,10669481,576143
ecdsa-P-521,keygen,209,11422018,616780
ecdsa-P-521,keygen,210,10583963,571524
ecdsa-P-521,keygen,211,10420463,562697
ecdsa-P-521,keygen,212,10408093,562029
ecdsa-P-521,keygen,213,10425445,562968
ecdsa-P-521,keygen,214,10407907,562020
ecdsa-P-521,keygen,215,10430444,563237
ecdsa-P-521,keygen,216,10422500,562807
ecdsa-P-521,keygen,217,10402371,561721
ecdsa-P-521,keygen,218,10400926,561642
ecdsa-P-521,keygen,219,10436907,563584
ecdsa-P-521,keygen,220,10399963,561591
ecdsa-P-521,keygen,221,10407481,561997
ecdsa-P-521,keygen,222,10464871,565096
ecdsa-P-521,keygen,223,10405815,561906
ecdsa-P-521,keygen,224,10400537,561622
ecdsa-P-521,keygen,225,10394278,561283
ecdsa-P-521,keygen,226,10407704,562009
ecdsa-P-521,keygen,227,10406481,561943
ecdsa-P-521,keygen,228,10401926,561697
ecdsa-P-521,keygen,229,10402315,561717
ecdsa-P-521,keygen,230,10400760,561634
ecdsa-P-521,keygen,231,10526463,568421
ecdsa-P-521,keygen,232,10413296,562311
ecdsa-P-521,keygen,233,10403704,561792
ecdsa-P-521,keygen,234,10405685,561901
ecdsa-P-521,keygen,235,10395259,561337
ecdsa-P-521,keygen,236,10405926,561912
ecdsa-P-521,keygen,237,10406333,561934
ecdsa-P-521,keygen,238,10393148,561222
ecdsa-P-521,keygen,239,10396000,561377
ecdsa-P-521,keygen,240,10394518,561296
ecdsa-P-521,keygen,241,10398593,561517
ecdsa-P-521,keygen,242,10399500,561564
ecdsa-P-521,keygen,243,10393556,561244
ecdsa-P-521,keygen,244,10404260,561823
ecdsa-P-521,keygen,245,10393370,561235
ecdsa-P-521,keygen,246,10402555,561732
ecdsa-P-521,keygen,247,10398166,561494
ecdsa-P-521,keygen,248,10386944,560888
ecdsa-P-521,keygen,249,10722389,578986
ecdsa-P-521,keygen,250,10425037,562945
ecdsa-P-521,keygen,251,10424500,562916
ecdsa-P-521,keygen,252,10405278,561878
ecdsa-P-521,keygen,253,10425519,562968
ecdsa-P-521,keygen,254,10407444,561994
ecdsa-P-521,keygen,255,10397722,561469
ecdsa-P-521,keygen,256,10390611,561086
ecdsa-P-521,keygen,257,10400870,561640
ecdsa-P-521,keygen,258,10398963,561538
ecdsa-P-521,keygen,259,10396259,561390
ecdsa-P-521,keygen,260,10394741,561309
ecdsa-P-521,keygen,261,10422130,562789
ecdsa-P-521,keygen,262,10391575,561138
ecdsa-P-521,keygen,263,10561130,570290
ecdsa-P-521,keygen,264,10441315,563823
ecdsa-P-521,keygen,265,10406685,561955
ecdsa-P-521,keygen,266,10402666,561736
ecdsa-P-521,keygen,267,10402630,561736
ecdsa-P-521,keygen,268,10400389,561614
ecdsa-P-521,keygen,269,10399482,561564
ecdsa-P-521,keygen,270,10411407,562208
ecdsa-P-521,keygen,271,10399833,561584
ecdsa-P-521,keygen,272,10413574,562326
ecdsa-P-521,keygen,273,10404945,561860
ecdsa-P-521,keygen,274,10396222,561388
ecdsa-P-521,keygen,275,10396777,561418
ecdsa-P-521,keygen,276,10388630,560979
ecdsa-P-521,keygen,277,10399870,561585
ecdsa-P-521,keygen,278,10397277,561446
ecdsa-P-521,keygen,279,10400278,561608
ecdsa-P-521,keygen,280,10400130,561601
ecdsa-P-521,keygen,281,10390204,561065
ecdsa-P-521,keygen,282,10396093,561383
ecdsa-P-521,keygen,283,10388018,560945
ecdsa-P-521,keygen,284,10397019,561432
ecdsa-P-521,keygen,285,10396759,561417
ecdsa-P-521,keygen,286,10386574,560868
ecdsa-P-521,keygen,287,10396186,561387
ecdsa-P-521,keygen,288,10389500,561027
ecdsa-P-521,keygen,289,10435981,563535
ecdsa-P-521,keygen,290,10408241,562037
ecdsa-P-521,keygen,291,10393389,561236
ecdsa-P-521,keygen,292,10396314,561395
ecdsa-P-521,keygen,293,10395074,561326
ecdsa-P-521,keygen,294,10541796,569244
ecdsa-P-521,keygen,295,10398982,561537
ecdsa-P-521,keygen,296,10395778,561365
ecdsa-P-521,keygen,297,10406297,561933
ecdsa-P-521,keygen,298,10390981,561106
ecdsa-P-521,keygen,299,10402723,561741
ecdsa-P-521,keygen,300,10396741,561416
ecdsa-P-521,keygen,301,10392111,561168
ecdsa-P-521,keygen,302,10405982,561916
ecdsa-P-521,keygen,303,10419592,562652
ecdsa-P-521,keygen,304,10382389,560641
ecdsa-P-521,keygen,305,10401667,561682
ecdsa-P-521,keygen,306,10717000,578708
ecdsa-P-521,keygen,307,10483148,566083
ecdsa-P-521,keygen,308,10409241,562092
ecdsa-P-521,keygen,309,10396556,561407
ecdsa-P-521,keygen,310,10579241,571272
ecdsa-P-521,keygen,311,10996815,593820
ecdsa-P-521,keygen,312,10388204,560956
ecdsa-P-521,keygen,313,10425611,562974
ecdsa-P-521,keygen,314,10596852,572222
ecdsa-P-521,keygen,315,11143185,601724
ecdsa-P-521,keygen,316,10399241,561552
ecdsa-P-521,keygen,317,10394907,561318
ecdsa-P-521,keygen,318,10616518,573280
ecdsa-P-521,keygen,319,11407278,615985
ecdsa-P-521,keygen,320,10400556,561623
ecdsa-P-521,keygen,321,10386167,560845
ecdsa-P-521,keygen,322,10398648,561521
ecdsa-P-521,keygen,323,10396518,561405
ecdsa-P-521,keygen,324,10400649,561629
ecdsa-P-521,keygen,325,10582315,571434
ecdsa-P-521,keygen,326,10411611,562220
ecdsa-P-521,keygen,327,10408833,562070
ecdsa-P-521,keygen,328,10403445,561779
ecdsa-P-521,keygen,329,10409889,562126
ecdsa-P-521,keygen,330,10406814,561960
ecdsa-P-521,keygen,331,10398352,561505
ecdsa-P-521,keygen,332,10403833,561799
ecdsa-P-521,keygen,333,10397481,561456
ecdsa-P-521,keygen,334,10401963,561700
ecdsa-P-521,keygen,335,10404259,561822
ecdsa-P-521,keygen,336,10398741,561525
ecdsa-P-521,keygen,337,10412889,562288
ecdsa-P-521,keygen,338,10398759,561525
ecdsa-P-521,keygen,339,10403037,561756
ecdsa-P-521,keygen,340,10566722,570592
ecdsa-P-521,keygen,341,10412704,562279
ecdsa-P-521,keygen,342,10408074,562028
ecdsa-P-521,keygen,343,10404148,561817
ecdsa-P-521,keygen,344,10401315,561664
ecdsa-P-521,keygen,345,10415352,562422
ecdsa-P-521,keygen,346,10401222,561658
ecdsa-P-521,keygen,347,10405722,561902
ecdsa-P-521,keygen,348,10408389,562046
ecdsa-P-521,keygen,349,10405629,561896
ecdsa-P-521,keygen,350,10414074,562352
ecdsa-P-521,keygen,351,10404611,561842
ecdsa-P-521,keygen,352,10777352,581968
ecdsa-P-521,keygen,353,10417537,562541
ecdsa-P-521,keygen,354,10392889,561208
ecdsa-P-521,keygen,355,10402667,561737
ecdsa-P-521,keygen,356,10444889,564015
ecdsa-P-521,keygen,357,10503833,567198
ecdsa-P-521,keygen,358,10410945,562183
ecdsa-P-521,keygen,359,10388982,560998
ecdsa-P-521,keygen,360,10396093,561382
ecdsa-P-521,keygen,361,10399500,561566
ecdsa-P-521,keygen,362,10432611,563353
ecdsa-P-521,keygen,363,10413537,562324
ecdsa-P-521,keygen,364,10401000,561647
ecdsa-P-521,keygen,365,10402296,561718
ecdsa-P-521,keygen,366,10396834,561421
ecdsa-P-521,keygen,367,10408148,562034
ecdsa-P-521,keygen,368,10404185,561819
ecdsa-P-521,keygen,369,10401092,561651
ecdsa-P-521,keygen,370,10405259,561877
ecdsa-P-521,keygen,371,10411074,562191
ecdsa-P-521,keygen,372,10403444,561779
ecdsa-P-521,keygen,373,10413760,562336
ecdsa-P-521,keygen,374,10402574,561732
ecdsa-P-521,keygen,375,10406352,561936
ecdsa-P-521,keygen,376,10408518,562053
ecdsa-P-521,keygen,377,10398463,561511
ecdsa-P-521,keygen,378,10406870,561963
ecdsa-P-521,keygen,379,10401518,561675
ecdsa-P-521,keygen,380,10405130,561871
ecdsa-P-521,keygen,381,10430963,563266
ecdsa-P-521,keygen,382,10397259,561445
ecdsa-P-521,keygen,383,10398667,561521
ecdsa-P-521,keygen,384,10401537,561676
ecdsa-P-521,keygen,385,10411241,562199
ecdsa-P-521,keygen,386,10407666,562007
ecdsa-P-521,keygen,387,10434537,563458
ecdsa-P-521,keygen,388,10528852,568541
ecdsa-P-521,keygen,389,10397593,561463
ecdsa-P-521,keygen,390,10462130,564948
ecdsa-P-521,keygen,391,10401926,561697
ecdsa-P-521,keygen,392,10391500,561135
ecdsa-P-521,keygen,393,10398129,561492
ecdsa-P-521,keygen,394,10391833,561152
ecdsa-P-521,keygen,395,10402704,561739
ecdsa-P-521,keygen,396,10395797,561366
ecdsa-P-521,keygen,397,10403630,561788
ecdsa-P-521,keygen,398,10402574,561731
ecdsa-P-521,keygen,399,10393315,561232
ecdsa-P-521,keygen,400,10401408,561669
ecdsa-P-521,keygen,401,10400907,561643
ecdsa-P-521,keygen,402,10506741,567356
ecdsa-P-521,keygen,403,10403371,561776
ecdsa-P-521,keygen,404,10391926,561157
ecdsa-P-521,keygen,405,10464389,565070
ecdsa-P-521,keygen,406,10415167,562411
ecdsa-P-521,keygen,407,10400815,561637
ecdsa-P-521,keygen,408,10409815,562123
ecdsa-P-521,keygen,409,10406185,561926
ecdsa-P-521,keygen,410,10408407,562047
ecdsa-P-521,keygen,411,10427186,563060
ecdsa-P-521,keygen,412,10400130,561600
ecdsa-P-521,keygen,413,10404019,561809
ecdsa-P-521,keygen,414,10410649,562168
ecdsa-P-521,keygen,415,10402111,561706
ecdsa-P-521,keygen,416,10401259,561661
ecdsa-P-521,keygen,417,10437482,563617
ecdsa-P-521,keygen,418,10404870,561856
ecdsa-P-521,keygen,419,10522186,568187
ecdsa-P-521,keygen,420,10561740,570326
ecdsa-P-521,keygen,421,11031222,595677
ecdsa-P-521,keygen,422,10398445,561510
ecdsa-P-521,keygen,423,10398777,561520
ecdsa-P-521,keygen,424,10567241,570622
ecdsa-P-521,keygen,425,11174797,603431
ecdsa-P-521,keygen,426,10409981,562132
ecdsa-P-521,keygen,427,10394129,561275
ecdsa-P-521,keygen,428,10601593,572478
ecdsa-P-521,keygen,429,11306278,610530
ecdsa-P-521,keygen,430,10506556,567347
ecdsa-P-521,keygen,431,10398241,561497
ecdsa-P-521,keygen,432,10402444,561724
ecdsa-P-521,keygen,433,10401056,561649
ecdsa-P-521,keygen,434,10389388,561021
ecdsa-P-521,keygen,435,10396167,561386
ecdsa-P-521,keygen,436,10399278,561554
ecdsa-P-521,keygen,437,10388185,560954
ecdsa-P-521,keygen,438,10392963,561213
ecdsa-P-521,keygen,439,10387926,560941
ecdsa-P-521,keygen,440,10402519,561729
ecdsa-P-521,keygen,441,10398223,561497
ecdsa-P-521,keygen,442,10388926,560995
ecdsa-P-521,keygen,443,10395130,561329
ecdsa-P-521,keygen,444,10401834,561691
ecdsa-P-521,keygen,445,10397241,561443
ecdsa-P-521,keygen,446,10399334,561556
ecdsa-P-521,keygen,447,10399333,561558
ecdsa-P-521,keygen,448,10401518,561676
ecdsa-P-521,keygen,449,10390944,561105
ecdsa-P-521,keygen,450,10544963,569419
ecdsa-P-521,keygen,451,10411945,562238
ecdsa-P-521,keygen,452,10398759,561526
ecdsa-P-521,keygen,453,10409518,562107
ecdsa-P-521,keygen,454,10400963,561644
ecdsa-P-521,keygen,455,10407333,561989
ecdsa-P-521,keygen,456,10408537,562053
ecdsa-P-521,keygen,457,10396222,561389
ecdsa-P-521,keygen,458,10402111,561706
ecdsa-P-521,keygen,459,10403148,561762
ecdsa-P-521,keygen,460,10430500,563239
ecdsa-P-521,keygen,461,10406778,561960
ecdsa-P-521,keygen,462,10399648,561573
ecdsa-P-521,keygen,463,10399833,561585
ecdsa-P-521,keygen,464,10397685,561469
ecdsa-P-521,keygen,465,10448648,564219
ecdsa-P-521,keygen,466,10409222,562091
ecdsa-P-521,keygen,467,10397259,561445
ecdsa-P-521,keygen,468,10415982,562455
ecdsa-P-521,keygen,469,10392537,561189
ecdsa-P-521,keygen,470,10415314,562419
ecdsa-P-521,keygen,471,10416352,562475
ecdsa-P-521,keygen,472,10399722,561579
ecdsa-P-521,keygen,473,10402889,561749
ecdsa-P-521,keygen,474,10420982,562727
ecdsa-P-521,keygen,475,10406370,561937
ecdsa-P-521,keygen,476,10406630,561950
ecdsa-P-521,keygen,477,10397908,561480
ecdsa-P-521,keygen,478,10405259,561878
ecdsa-P-521,keygen,479,10401833,561693
ecdsa-P-521,keygen,480,10413277,562308
ecdsa-P-521,keygen,481,10408796,562068
ecdsa-P-521,keygen,482,10544204,569378
ecdsa-P-521,keygen,483,10403296,561771
ecdsa-P-521,keygen,484,10389703,561037
ecdsa-P-521,keygen,485,10401445,561671
ecdsa-P-521,keygen,486,10403333,561772
ecdsa-P-521,keygen,487,10398648,561519
ecdsa-P-521,keygen,488,10399593,561572
ecdsa-P-521,keygen,489,10395667,561359
ecdsa-P-521,keygen,490,10396741,561417
ecdsa-P-521,keygen,491,10396796,561420
ecdsa-P-521,keygen,492,10404203,561820
ecdsa-P-521,keygen,493,10403056,561757
ecdsa-P-521,keygen,494,10394371,561290
ecdsa-P-521,keygen,495,10401278,561661
ecdsa-P-521,keygen,496,10398759,561526
ecdsa-P-521,keygen,497,10434796,563470
ecdsa-P-521,keygen,498,10527760,568490
ecdsa-P-521,keygen,499,10406037,561919
ecdsa-P-521,keygen,500,10392815,561206
ecdsa-P-521,keygen,501,10403222,561767
ecdsa-P-521,keygen,502,10396852,561423
ecdsa-P-521,keygen,503,10459445,564803
ecdsa-P-521,keygen,504,10435815,563525
ecdsa-P-521,keygen,505,10387944,560941
ecdsa-P-521,keygen,506,10393018,561215
ecdsa-P-521,keygen,507,10393185,561224
ecdsa-P-521,keygen,508,10392074,561166
ecdsa-P-521,keygen,509,10424148,562897
ecdsa-P-521,keygen,510,10401703,561684
ecdsa-P-521,keygen,511,10398815,561529
ecdsa-P-521,keygen,512,10392519,561190
ecdsa-P-521,keygen,513,10514592,567778
ecdsa-P-521,keygen,514,10400741,561632
ecdsa-P-521,keygen,515,10394593,561301
ecdsa-P-521,keygen,516,10410000,562132
ecdsa-P-521,keygen,517,10390278,561068
ecdsa-P-521,keygen,518,10396518,561406
ecdsa-P-521,keygen,519,10404982,561861
ecdsa-P-521,keygen,520,10385630,560817
ecdsa-P-521,keygen,521,10397648,561466
ecdsa-P-521,keygen,522,10397370,561452
ecdsa-P-521,keygen,523,10399796,561583
ecdsa-P-521,keygen,524,10399389,561560
ecdsa-P-521,keygen,525,10399055,561541
ecdsa-P-521,keygen,526,10387797,560935
ecdsa-P-521,keygen,527,10394741,561309
ecdsa-P-521,keygen,528,10412056,562242
ecdsa-P-521,keygen,529,10402056,561705
ecdsa-P-521,keygen,530,10392796,561205
ecdsa-P-521,keygen,531,10778482,582029
ecdsa-P-521,keygen,532,10783074,582277
ecdsa-P-521,keygen,533,10394056,561271
ecdsa-P-521,keygen,534,10435111,563489
ecdsa-P-521,keygen,535,10859852,586422
ecdsa-P-521,keygen,536,10872740,587119
ecdsa-P-521,keygen,537,10397333,561449
ecdsa-P-521,keygen,538,10384889,560777
ecdsa-P-521,keygen,539,10767259,581425
ecdsa-P-521,keygen,540,11267500,608436
ecdsa-P-521,keygen,541,10401019,561647
ecdsa-P-521,keygen,542,10393870,561261
ecdsa-P-521,keygen,543,10414000,562349
ecdsa-P-521,keygen,544,10523056,568233
ecdsa-P-521,keygen,545,10400240,561606
ecdsa-P-521,keygen,546,10399037,561542
ecdsa-P-521,keygen,547,10395815,561368
ecdsa-P-521,keygen,548,10400759,561634
ecdsa-P-521,keygen,549,10396426,561400
ecdsa-P-521,keygen,550,10396333,561395
ecdsa-P-521,keygen,551,10406630,561950
ecdsa-P-521,keygen,552,10388167,560954
ecdsa-P-521,keygen,553,10396629,561410
ecdsa-P-521,keygen,554,10387371,560912
ecdsa-P-521,keygen,555,10399889,561588
ecdsa-P-521,keygen,556,10395334,561341
ecdsa-P-521,keygen,557,10387500,560919
ecdsa-P-521,keygen,558,10423814,562879
ecdsa-P-521,keygen,559,10405334,561881
ecdsa-P-521,keygen,560,10406277,561932
ecdsa-P-521,keygen,561,10408019,562025
ecdsa-P-521,keygen,562,10398796,561528
ecdsa-P-521,keygen,563,10406814,561961
ecdsa-P-521,keygen,564,10394537,561297
ecdsa-P-521,keygen,565,10401444,561671
ecdsa-P-521,keygen,566,10400037,561596
ecdsa-P-521,keygen,567,10390074,561056
ecdsa-P-521,keygen,568,10405314,561879
ecdsa-P-521,keygen,569,10393611,561248
ecdsa-P-521,keygen,570,10406259,561931
ecdsa-P-521,keygen,571,10408963,562078
ecdsa-P-521,keygen,572,10404333,561827
ecdsa-P-521,keygen,573,10402056,561703
ecdsa-P-521,keygen,574,10395907,561371
ecdsa-P-521,keygen,575,10527055,568452
ecdsa-P-521,keygen,576,10406870,561965
ecdsa-P-521,keygen,577,10426482,563021
ecdsa-P-521,keygen,578,10406018,561918
ecdsa-P-521,keygen,579,10403945,561805
ecdsa-P-521,keygen,580,10410982,562187
ecdsa-P-521,keygen,581,10410260,562148
ecdsa-P-521,keygen,582,10393741,561254
ecdsa-P-521,keygen,583,10403056,561757
ecdsa-P-521,keygen,584,10405703,561901
ecdsa-P-521,keygen,585,10397463,561456
ecdsa-P-521,keygen,586,10407889,562018
ecdsa-P-521,keygen,587,10400667,561629
ecdsa-P-521,keygen,588,10405037,561866
ecdsa-P-521,keygen,589,10404277,561823
ecdsa-P-521,keygen,590,10397592,561463
ecdsa-P-521,keygen,591,10406075,561921
ecdsa-P-521,keygen,592,10398463,561510
ecdsa-P-521,keygen,593,10521444,568145
ecdsa-P-521,keygen,594,10401019,561649
ecdsa-P-521,keygen,595,10391370,561127
ecdsa-P-521,keygen,596,10397630,561465
ecdsa-P-521,keygen,597,10389555,561029
ecdsa-P-521,keygen,598,10397592,561463
ecdsa-P-521,keygen,599,10405259,561877
ecdsa-P-521,keygen,600,10388574,560976
ecdsa-P-521,keygen,601,10460759,564874
ecdsa-P-521,keygen,602,10408445,562050
ecdsa-P-521,keygen,603,10408111,562032
ecdsa-P-521,keygen,604,10405500,561891
ecdsa-P-521,keygen,605,10400056,561596
ecdsa-P-521,keygen,606,10406444,561940
ecdsa-P-521,keygen,607,10509130,567483
ecdsa-P-521,keygen,608,10426277,563012
ecdsa-P-521,keygen,609,10398908,561535
ecdsa-P-521,keygen,610,10395963,561374
ecdsa-P-521,keygen,611,10408000,562025
ecdsa-P-521,keygen,612,10389722,561037
ecdsa-P-521,keygen,613,10400722,561632
ecdsa-P-521,keygen,614,10398333,561502
ecdsa-P-521,keygen,615,10386074,560842
ecdsa-P-521,keygen,616,10398907,561533
ecdsa-P-521,keygen,617,10388167,560954
ecdsa-P-521,keygen,618,10391685,561144
ecdsa-P-521,keygen,619,10390426,561075
ecdsa-P-521,keygen,620,10394889,561316
ecdsa-P-521,keygen,621,10394667,561306
ecdsa-P-521,keygen,622,10387686,560927
ecdsa-P-521,keygen,623,10408389,562045
ecdsa-P-521,keygen,624,10398277,561501
ecdsa-P-521,keygen,625,10392018,561163
ecdsa-P-521,keygen,626,10401314,561663
ecdsa-P-521,keygen,627,10398240,561498
ecdsa-P-521,keygen,628,10395870,561369
ecdsa-P-521,keygen,629,10397204,561442
ecdsa-P-521,keygen,630,10390537,561082
ecdsa-P-521,keygen,631,10400833,561639
ecdsa-P-521,keygen,632,10397037,561434
ecdsa-P-521,keygen,633,10401093,561653
ecdsa-P-521,keygen,634,10406389,561938
ecdsa-P-521,keygen,635,10390334,561071
ecdsa-P-521,keygen,636,10394537,561297
ecdsa-P-521,keygen,637,10390055,561056
ecdsa-P-521,keygen,638,10513463,567715
ecdsa-P-521,keygen,639,10416407,562478
ecdsa-P-521,keygen,640,10407037,561972
ecdsa-P-521,keygen,641,10403778,561797
ecdsa-P-521,keygen,642,11204982,605061
ecdsa-P-521,keygen,643,10406963,561969
ecdsa-P-521,keygen,644,10406277,561931
ecdsa-P-521,keygen,645,10394407,561291
ecdsa-P-521,keygen,646,11341037,612408
ecdsa-P-521,keygen,647,10417833,562557
ecdsa-P-521,keygen,648,10409741,562119
ecdsa-P-521,keygen,649,10394223,561281
ecdsa-P-521,keygen,650,11106555,599747
ecdsa-P-521,keygen,651,10925074,589947
ecdsa-P-521,keygen,652,10399704,561578
ecdsa-P-521,keygen,653,10403963,561808
ecdsa-P-521,keygen,654,10398796,561527
ecdsa-P-521,keygen,655,10410167,562142
ecdsa-P-521,keygen,656,10428833,563149
ecdsa-P-521,keygen,657,10413370,562315
ecdsa-P-521,keygen,658,10407629,562004
ecdsa-P-521,keygen,659,10398982,561538
ecdsa-P-521,keygen,660,10406037,561918
ecdsa-P-521,keygen,661,10397778,561474
ecdsa-P-521,keygen,662,10397129,561438
ecdsa-P-521,keygen,663,10434315,563446
ecdsa-P-521,keygen,664,10392926,561212
ecdsa-P-521,keygen,665,10399815,561582
ecdsa-P-521,keygen,666,10400185,561602
ecdsa-P-521,keygen,667,10401889,561694
ecdsa-P-521,keygen,668,10399889,561586
ecdsa-P-521,keygen,669,10526574,568426
ecdsa-P-521,keygen,670,10403722,561792
ecdsa-P-521,keygen,671,10405186,561873
ecdsa-P-521,keygen,672,10437723,563628
ecdsa-P-521,keygen,673,10406204,561927
ecdsa-P-521,keygen,674,10405963,561914
ecdsa-P-521,keygen,675,10424148,562888
ecdsa-P-521,keygen,676,10406593,561949
ecdsa-P-521,keygen,677,10399407,561561
ecdsa-P-521,keygen,678,10398833,561530
ecdsa-P-521,keygen,679,10398666,561520
ecdsa-P-521,keygen,680,10395593,561355
ecdsa-P-521,keygen,681,10399074,561543
ecdsa-P-521,keygen,682,10400055,561595
ecdsa-P-521,keygen,683,10400352,561613
ecdsa-P-521,keygen,684,10401778,561689
ecdsa-P-521,keygen,685,10394667,561305
ecdsa-P-521,keygen,686,10397037,561433
ecdsa-P-521,keygen,687,10380722,560551
ecdsa-P-521,keygen,688,10395388,561344
ecdsa-P-521,keygen,689,10548296,569599
ecdsa-P-521,keygen,690,10395833,561369
ecdsa-P-521,keygen,691,10400241,561606
ecdsa-P-521,keygen,692,10387408,560913
ecdsa-P-521,keygen,693,10394778,561311
ecdsa-P-521,keygen,694,10408055,562028
ecdsa-P-521,keygen,695,10390278,561068
ecdsa-P-521,keygen,696,10398370,561505
ecdsa-P-521,keygen,697,10384982,560781
ecdsa-P-521,keygen,698,10398037,561487
ecdsa-P-521,keygen,699,10459963,564830
ecdsa-P-521,keygen,700,10443852,563957
ecdsa-P-521,keygen,701,10492704,566597
ecdsa-P-521,keygen,702,10392944,561212
ecdsa-P-521,keygen,703,10398851,561532
ecdsa-P-521,keygen,704,10399352,561558
ecdsa-P-521,keygen,705,10394666,561304
ecdsa-P-521,keygen,706,10424129,562894
ecdsa-P-521,keygen,707,10394111,561275
ecdsa-P-521,keygen,708,10404408,561831
ecdsa-P-521,keygen,709,10396666,561413
ecdsa-P-521,keygen,710,10394759,561310
ecdsa-P-521,keygen,711,10419982,562672
ecdsa-P-521,keygen,712,10386797,560880
ecdsa-P-521,keygen,713,10395519,561352
ecdsa-P-521,keygen,714,10399815,561582
ecdsa-P-521,keygen,715,10391185,561117
ecdsa-P-521,keygen,716,10397463,561455
ecdsa-P-521,keygen,717,10389445,561024
ecdsa-P-521,keygen,718,10415740,562442
ecdsa-P-521,keygen,719,10399722,561577
ecdsa-P-521,keygen,720,10384630,560763
ecdsa-P-521,keygen,721,10398333,561504
ecdsa-P-521,keygen,722,10392055,561163
ecdsa-P-521,keygen,723,10392259,561175
ecdsa-P-521,keygen,724,10398574,561516
ecdsa-P-521,keygen,725,10388130,560951
ecdsa-P-521,keygen,726,10413815,562340
ecdsa-P-521,keygen,727,10389630,561033
ecdsa-P-521,keygen,728,10400222,561604
ecdsa-P-521,keygen,729,10409796,562122
ecdsa-P-521,keygen,730,10390167,561063
ecdsa-P-521,keygen,731,10394648,561304
ecdsa-P-521,keygen,732,10512167,567649
ecdsa-P-521,keygen,733,10399981,561592
ecdsa-P-521,keygen,734,10394741,561309
ecdsa-P-521,keygen,735,10389519,561028
ecdsa-P-521,keygen,736,10397167,561438
ecdsa-P-521,keygen,737,10387074,560896
ecdsa-P-521,keygen,738,10409667,562115
ecdsa-P-521,keygen,739,10817000,584097
ecdsa-P-521,keygen,740,10443167,563924
ecdsa-P-521,keygen,741,10431296,563283
ecdsa-P-521,keygen,742,10417741,562551
ecdsa-P-521,keygen,743,10397944,561482
ecdsa-P-521,keygen,744,10435685,563519
ecdsa-P-521,keygen,745,10395389,561344
ecdsa-P-521,keygen,746,10407370,561990
ecdsa-P-521,keygen,747,10426278,563012
ecdsa-P-521,keygen,748,10396611,561411
ecdsa-P-521,keygen,749,10405259,561876
ecdsa-P-521,keygen,750,10394611,561302
ecdsa-P-521,keygen,751,10398834,561529
ecdsa-P-521,keygen,752,11150482,602119
ecdsa-P-521,keygen,753,10409056,562082
ecdsa-P-521,keygen,754,10399185,561549
ecdsa-P-521,keygen,755,10430296,563229
ecdsa-P-521,keygen,756,11318574,611194
ecdsa-P-521,keygen,757,10405981,561916
ecdsa-P-521,keygen,758,10394000,561269
ecdsa-P-521,keygen,759,10394074,561274
ecdsa-P-521,keygen,760,11199037,604739
ecdsa-P-521,keygen,761,10818463,584188
ecdsa-P-521,keygen,762,10391296,561124
ecdsa-P-521,keygen,763,10581945,571414
ecdsa-P-521,keygen,764,10423685,562872
ecdsa-P-521,keygen,765,10400704,561629
ecdsa-P-521,keygen,766,10396018,561378
ecdsa-P-521,keygen,767,10392722,561200
ecdsa-P-521,keygen,768,10403334,561773
ecdsa-P-521,keygen,769,10397371,561452
ecdsa-P-521,keygen,770,10432555,563349
ecdsa-P-521,keygen,771,10402889,561750
ecdsa-P-521,keygen,772,10392815,561205
ecdsa-P-521,keygen,773,10397167,561441
ecdsa-P-521,keygen,774,10421074,562731
ecdsa-P-521,keygen,775,10393111,561221
ecdsa-P-521,keygen,776,10398093,561491
ecdsa-P-521,keygen,777,10401408,561667
ecdsa-P-521,keygen,778,10404111,561816
ecdsa-P-521,keygen,779,10399778,561580
ecdsa-P-521,keygen,780,10388963,560998
ecdsa-P-521,keygen,781,10397889,561479
ecdsa-P-521,keygen,782,10384945,560779
ecdsa-P-521,keygen,783,10399223,561551
ecdsa-P-521,keygen,784,10398092,561490
ecdsa-P-521,keygen,785,10461445,564908
ecdsa-P-521,keygen,786,10401056,561650
ecdsa-P-521,keygen,787,10391019,561107
ecdsa-P-521,keygen,788,10396852,561423
ecdsa-P-521,keygen,789,10401463,561671
ecdsa-P-521,keygen,790,10388037,560947
ecdsa-P-521,keygen,791,10395944,561374
ecdsa-P-521,keygen,792,10393056,561217
ecdsa-P-521,keygen,793,10406167,561927
ecdsa-P-521,keygen,794,10505704,567299
ecdsa-P-521,keygen,795,10397129,561439
ecdsa-P-521,keygen,796,10397296,561447
ecdsa-P-521,keygen,797,10461185,564896
ecdsa-P-521,keygen,798,10413148,562303
ecdsa-P-521,keygen,799,10411019,562188
ecdsa-P-521,keygen,800,10400852,561639
ecdsa-P-521,keygen,801,10411963,562239
ecdsa-P-521,keygen,802,10404333,561827
ecdsa-P-521,keygen,803,10397926,561481
ecdsa-P-521,keygen,804,10432815,563365
ecdsa-P-521,keygen,805,10402740,561741
ecdsa-P-521,keygen,806,10401222,561660
ecdsa-P-521,keygen,807,10414537,562378
ecdsa-P-521,keygen,808,10401574,561679
ecdsa-P-521,keygen,809,10402852,561746
ecdsa-P-521,keygen,810,10397240,561444
ecdsa-P-521,keygen,811,10407333,561988
ecdsa-P-521,keygen,812,10413759,562335
ecdsa-P-521,keygen,813,10397129,561439
ecdsa-P-521,keygen,814,10402463,561725
ecdsa-P-521,keygen,815,10400204,561604
ecdsa-P-521,keygen,816,10404037,561810
ecdsa-P-521,keygen,817,10412130,562249
ecdsa-P-521,keygen,818,10397352,561450
ecdsa-P-521,keygen,819,10557593,570092
ecdsa-P-521,keygen,820,10397333,561448
ecdsa-P-521,keygen,821,10406518,561945
ecdsa-P-521,keygen,822,10406204,561928
ecdsa-P-521,keygen,823,10392778,561202
ecdsa-P-521,keygen,824,10409852,562123
ecdsa-P-521,keygen,825,10391982,561160
ecdsa-P-521,keygen,826,10519426,568039
ecdsa-P-521,keygen,827,10405481,561888
ecdsa-P-521,keygen,828,10395555,561353
ecdsa-P-521,keygen,829,10393667,561251
ecdsa-P-521,keygen,830,10394686,561305
ecdsa-P-521,keygen,831,10399518,561567
ecdsa-P-521,keygen,832,10397963,561483
ecdsa-P-521,keygen,833,10387408,560913
ecdsa-P-521,keygen,834,10398241,561498
ecdsa-P-521,keygen,835,10392481,561186
ecdsa-P-521,keygen,836,10402667,561736
ecdsa-P-521,keygen,837,10395407,561345
ecdsa-P-521,keygen,838,10390148,561060
ecdsa-P-521,keygen,839,10398648,561520
ecdsa-P-521,keygen,840,10392944,561212
ecdsa-P-521,keygen,841,10397000,561431
ecdsa-P-521,keygen,842,10397315,561448
ecdsa-P-521,keygen,843,10398167,561494
ecdsa-P-521,keygen,844,10397871,561478
ecdsa-P-521,keygen,845,10388167,560953
ecdsa-P-521,keygen,846,10395926,561373
ecdsa-P-521,keygen,847,10401667,561683
ecdsa-P-521,keygen,848,10395740,561362
ecdsa-P-521,keygen,849,10396593,561410
ecdsa-P-521,keygen,850,10388445,560969
ecdsa-P-521,keygen,851,10401389,561668
ecdsa-P-521,keygen,852,10394889,561316
ecdsa-P-521,keygen,853,10419796,562661
ecdsa-P-521,keygen,854,10396167,561387
ecdsa-P-521,keygen,855,10388426,560967
ecdsa-P-521,keygen,856,10397259,561446
ecdsa-P-521,keygen,857,10505667,567297
ecdsa-P-521,keygen,858,10437778,563633
ecdsa-P-521,keygen,859,10413407,562317
ecdsa-P-521,keygen,860,10410241,562145
ecdsa-P-521,keygen,861,10400704,561631
ecdsa-P-521,keygen,862,10731963,579519
ecdsa-P-521,keygen,863,10837722,585228
ecdsa-P-521,keygen,864,10400278,561608
ecdsa-P-521,keygen,865,10437074,563594
ecdsa-P-521,keygen,866,10853945,586104
ecdsa-P-521,keygen,867,10882204,587630
ecdsa-P-521,keygen,868,10395611,561355
ecdsa-P-521,keygen,869,10392778,561202
ecdsa-P-521,keygen,870,10658852,575571
ecdsa-P-521,keygen,871,11370092,613977
ecdsa-P-521,keygen,872,10400667,561627
ecdsa-P-521,keygen,873,10395204,561332
ecdsa-P-521,keygen,874,10397815,561474
ecdsa-P-521,keygen,875,10397500,561457
ecdsa-P-521,keygen,876,10394926,561319
ecdsa-P-521,keygen,877,10396000,561376
ecdsa-P-521,keygen,878,10392000,561160
ecdsa-P-521,keygen,879,10401777,561689
ecdsa-P-521,keygen,880,10385185,560792
ecdsa-P-521,keygen,881,10397019,561433
ecdsa-P-521,keygen,882,10384722,560767
ecdsa-P-521,keygen,883,10393092,561220
ecdsa-P-521,keygen,884,10409445,562102
ecdsa-P-521,keygen,885,10391685,561145
ecdsa-P-521,keygen,886,10389778,561040
ecdsa-P-521,keygen,887,10396463,560946
ecdsa-P-521,keygen,888,10395685,561361
ecdsa-P-521,keygen,889,10400944,561645
ecdsa-P-521,keygen,890,10387537,560919
ecdsa-P-521,keygen,891,10395833,561368
ecdsa-P-521,keygen,892,10398814,561530
ecdsa-P-521,keygen,893,10391370,561128
ecdsa-P-521,keygen,894,10392870,561209
ecdsa-P-521,keygen,895,10388778,560987
ecdsa-P-521,keygen,896,10483185,566084
ecdsa-P-521,keygen,897,10413630,562329
ecdsa-P-521,keygen,898,10400574,561623
ecdsa-P-521,keygen,899,10409630,562113
ecdsa-P-521,keygen,900,10395814,561366
ecdsa-P-521,keygen,901,10398685,561523
ecdsa-P-521,keygen,902,10431093,563271
ecdsa-P-521,keygen,903,10425759,562985
ecdsa-P-521,keygen,904,10407908,562020
ecdsa-P-521,keygen,905,10398462,561510
ecdsa-P-521,keygen,906,10399760,561579
ecdsa-P-521,keygen,907,10413500,562320
ecdsa-P-521,keygen,908,10398426,561509
ecdsa-P-521,keygen,909,10402111,561707
ecdsa-P-521,keygen,910,10399241,561553
ecdsa-P-521,keygen,911,10414760,562390
ecdsa-P-521,keygen,912,10424519,562916
ecdsa-P-521,keygen,913,10402759,561742
ecdsa-P-521,keygen,914,10402351,561720
ecdsa-P-521,keygen,915,10421574,562758
ecdsa-P-521,keygen,916,10400463,561618
ecdsa-P-521,keygen,917,10406759,561957
ecdsa-P-521,keygen,918,10388056,560948
ecdsa-P-521,keygen,919,10400166,561601
ecdsa-P-521,keygen,920,10385019,560783
ecdsa-P-521,keygen,921,10395278,561337
ecdsa-P-521,keygen,922,10395092,561327
ecdsa-P-521,keygen,923,10394204,561280
ecdsa-P-521,keygen,924,10398537,561514
ecdsa-P-521,keygen,925,10394185,561279
ecdsa-P-521,keygen,926,10397352,561451
ecdsa-P-521,keygen,927,10392389,561182
ecdsa-P-521,keygen,928,10388981,560997
ecdsa-P-521,keygen,929,10399463,561562
ecdsa-P-521,keygen,930,10385852,560829
ecdsa-P-521,keygen,931,10399926,561588
ecdsa-P-521,keygen,932,10397778,561474
ecdsa-P-521,keygen,933,10388611,560979
ecdsa-P-521,keygen,934,10393537,561245
ecdsa-P-521,keygen,935,10387000,560890
ecdsa-P-521,keygen,936,10396759,561418
ecdsa-P-521,keygen,937,10400334,561611
ecdsa-P-521,keygen,938,10397241,561443
ecdsa-P-521,keygen,939,10393945,561267
ecdsa-P-521,keygen,940,10390037,561055
ecdsa-P-521,keygen,941,10392204,561172
ecdsa-P-521,keygen,942,10442389,563882
ecdsa-P-521,keygen,943,10397759,561471
ecdsa-P-521,keygen,944,10395518,561352
ecdsa-P-521,keygen,945,10391389,561128
ecdsa-P-521,keygen,946,10395630,561357
ecdsa-P-521,keygen,947,10405130,561870
ecdsa-P-521,keygen,948,10392222,561173
ecdsa-P-521,keygen,949,10397611,561465
ecdsa-P-521,keygen,950,10391074,561111
ecdsa-P-521,keygen,951,10425630,562975
ecdsa-P-521,keygen,952,10401740,561688
ecdsa-P-521,keygen,953,10390500,561080
ecdsa-P-521,keygen,954,10396945,561428
ecdsa-P-521,keygen,955,10398889,561533
ecdsa-P-521,keygen,956,10394889,561316
ecdsa-P-521,keygen,957,10398426,561508
ecdsa-P-521,keygen,958,10397204,561442
ecdsa-P-521,keygen,959,10395074,561327
ecdsa-P-521,keygen,960,10427981,563104
ecdsa-P-521,keygen,961,10397129,561437
ecdsa-P-521,keygen,962,10397982,561485
ecdsa-P-521,keygen,963,10387222,560902
ecdsa-P-521,keygen,964,10396223,561388
ecdsa-P-521,keygen,965,10389685,561036
ecdsa-P-521,keygen,966,10390629,561086
ecdsa-P-521,keygen,967,10401204,561656
ecdsa-P-521,keygen,968,10391704,561145
ecdsa-P-521,keygen,969,10405148,561871
ecdsa-P-521,keygen,970,10396204,561388
ecdsa-P-521,keygen,971,10396889,561424
ecdsa-P-521,keygen,972,10533648,568810
ecdsa-P-521,keygen,973,11003407,594175
ecdsa-P-521,keygen,974,10397500,561459
ecdsa-P-521,keygen,975,10399926,561590
ecdsa-P-521,keygen,976,10560167,570240
ecdsa-P-521,keygen,977,11171500,603251
ecdsa-P-521,keygen,978,10403834,561799
ecdsa-P-521,keygen,979,10396518,561405
ecdsa-P-521,keygen,980,10605778,572704
ecdsa-P-521,keygen,981,11310778,610774
ecdsa-P-521,keygen,982,10502963,567153
ecdsa-P-521,keygen,983,10403982,561809
ecdsa-P-521,keygen,984,10436981,563591
ecdsa-P-521,keygen,985,10393667,561251
ecdsa-P-521,keygen,986,10399556,561569
ecdsa-P-521,keygen,987,10389981,561052
ecdsa-P-521,keygen,988,10396444,561401
ecdsa-P-521,keygen,989,10402648,561736
ecdsa-P-521,keygen,990,10397334,561450
ecdsa-P-521,keygen,991,10406722,561956
ecdsa-P-521,keygen,992,10394463,561294
ecdsa-P-521,keygen,993,10399185,561550
ecdsa-P-521,keygen,994,10463482,565021
ecdsa-P-521,keygen,995,10397889,561479
ecdsa-P-521,keygen,996,10400629,561626
ecdsa-P-521,keygen,997,10387759,560932
ecdsa-P-521,keygen,998,10398611,561519
ecdsa-P-521,keygen,999,10399963,561590
ecdsa-P-521,sign,0,11004111,594213
ecdsa-P-521,sign,1,11040074,596156
ecdsa-P-521,sign,2,10996000,593776
ecdsa-P-521,sign,3,10994611,593701
ecdsa-P-521,sign,4,11006092,594320
ecdsa-P-521,sign,5,10999537,593968
ecdsa-P-521,sign,6,10994703,593705
ecdsa-P-521,sign,7,11001352,594065
ecdsa-P-521,sign,8,11006592,594348
ecdsa-P-521,sign,9,10999018,593939
ecdsa-P-521,sign,10,10996241,593789
ecdsa-P-521,sign,11,10995296,593738
ecdsa-P-521,sign,12,10995778,593763
ecdsa-P-521,sign,13,10998630,593919
ecdsa-P-521,sign,14,10997760,593872
ecdsa-P-521,sign,15,11006759,594357
ecdsa-P-521,sign,16,11000722,594031
ecdsa-P-521,sign,17,11004166,594216
ecdsa-P-521,sign,18,10991481,593531
ecdsa-P-521,sign,19,11004649,594243
ecdsa-P-521,sign,20,10998685,593921
ecdsa-P-521,sign,21,11001167,594055
ecdsa-P-521,sign,22,10995278,593737
ecdsa-P-521,sign,23,10999111,593945
ecdsa-P-521,sign,24,11011611,594618
ecdsa-P-521,sign,25,11000018,593994
ecdsa-P-521,sign,26,10986537,593265
ecdsa-P-521,sign,27,11174333,603403
ecdsa-P-521,sign,28,11587815,625732
ecdsa-P-521,sign,29,10999778,593981
ecdsa-P-521,sign,30,11010797,594575
ecdsa-P-521,sign,31,11387500,614916
ecdsa-P-521,sign,32,11540148,623159
ecdsa-P-521,sign,33,11005222,594274
ecdsa-P-521,sign,34,10996444,593801
ecdsa-P-521,sign,35,11605518,626689
ecdsa-P-521,sign,36,11685537,631010
ecdsa-P-521,sign,37,11000222,594003
ecdsa-P-521,sign,38,11000315,594009
ecdsa-P-521,sign,39,10997648,593865
ecdsa-P-521,sign,40,11002574,594131
ecdsa-P-521,sign,41,11003463,594178
ecdsa-P-521,sign,42,11026963,595447
ecdsa-P-521,sign,43,11006037,594319
ecdsa-P-521,sign,44,11006074,594319
ecdsa-P-521,sign,45,10992537,593590
ecdsa-P-521,sign,46,11000519,594019
ecdsa-P-521,sign,47,11004351,594228
ecdsa-P-521,sign,48,10998833,593929
ecdsa-P-521,sign,49,10989278,593413
ecdsa-P-521,sign,50,11003593,594185
ecdsa-P-521,sign,51,11002518,594127
ecdsa-P-521,sign,52,11006352,594335
ecdsa-P-521,sign,53,10995241,593736
ecdsa-P-521,sign,54,11002982,594154
ecdsa-P-521,sign,55,10999926,593989
ecdsa-P-521,sign,56,10996259,593790
ecdsa-P-521,sign,57,10997778,593873
ecdsa-P-521,sign,58,11004648,594243
ecdsa-P-521,sign,59,11000037,593994
ecdsa-P-521,sign,60,11002296,594116
ecdsa-P-521,sign,61,10994500,593695
ecdsa-P-521,sign,62,11003537,594182
ecdsa-P-521,sign,63,11000797,594035
ecdsa-P-521,sign,64,11008537,594453
ecdsa-P-521,sign,65,10998315,593902
ecdsa-P-521,sign,66,11001740,594086
ecdsa-P-521,sign,67,10998704,593922
ecdsa-P-521,sign,68,11001092,594050
ecdsa-P-521,sign,69,10990778,593493
ecdsa-P-521,sign,70,11000778,594033
ecdsa-P-521,sign,71,11001704,594083
ecdsa-P-521,sign,72,11001574,594076
ecdsa-P-521,sign,73,10993629,593648
ecdsa-P-521,sign,74,11006352,594334
ecdsa-P-521,sign,75,11007981,594423
ecdsa-P-521,sign,76,11005371,594283
ecdsa-P-521,sign,77,10989037,593399
ecdsa-P-521,sign,78,11571389,624836
ecdsa-P-521,sign,79,11045519,596447
ecdsa-P-521,sign,80,11007463,594391
ecdsa-P-521,sign,81,11012592,594673
ecdsa-P-521,sign,82,10998982,593937
ecdsa-P-521,sign,83,11011093,594590
ecdsa-P-521,sign,84,11012222,594652
ecdsa-P-521,sign,85,11013111,594699
ecdsa-P-521,sign,86,11009852,594523
ecdsa-P-521,sign,87,11014315,594764
ecdsa-P-521,sign,88,11039518,596124
ecdsa-P-521,sign,89,11007963,594421
ecdsa-P-521,sign,90,11002815,594143
ecdsa-P-521,sign,91,11008185,594434
ecdsa-P-521,sign,92,11002556,594129
ecdsa-P-521,sign,93,11004741,594249
ecdsa-P-521,sign,94,11041500,596232
ecdsa-P-521,sign,95,11034000,595829
ecdsa-P-521,sign,96,11013259,594708
ecdsa-P-521,sign,97,11012908,594688
ecdsa-P-521,sign,98,11003777,594197
ecdsa-P-521,sign,99,11007129,594376
ecdsa-P-521,sign,100,11011075,594589
ecdsa-P-521,sign,101,11003796,594198
ecdsa-P-521,sign,102,10998796,593927
ecdsa-P-521,sign,103,11009778,594520
ecdsa-P-521,sign,104,11012074,594645
ecdsa-P-521,sign,105,11008667,594459
ecdsa-P-521,sign,106,11004426,594231
ecdsa-P-521,sign,107,11007352,594389
ecdsa-P-521,sign,108,11013129,594701
ecdsa-P-521,sign,109,11015556,594831
ecdsa-P-521,sign,110,10997092,593836
ecdsa-P-521,sign,111,11006630,594349
ecdsa-P-521,sign,112,11011556,594616
ecdsa-P-521,sign,113,11010352,594550
ecdsa-P-521,sign,114,10998444,593907
ecdsa-P-521,sign,115,11005500,594289
ecdsa-P-521,sign,116,11005166,594272
ecdsa-P-521,sign,117,11005815,594306
ecdsa-P-521,sign,118,11000222,594003
ecdsa-P-521,sign,119,10999149,593945
ecdsa-P-521,sign,120,11011889,594634
ecdsa-P-521,sign,121,11004630,594241
ecdsa-P-521,sign,122,11005333,594279
ecdsa-P-521,sign,123,11005074,594265
ecdsa-P-521,sign,124,11007592,594401
ecdsa-P-521,sign,125,11011685,594622
ecdsa-P-521,sign,126,11001241,594060
ecdsa-P-521,sign,127,11008148,594432
ecdsa-P-521,sign,128,11003945,594204
ecdsa-P-521,sign,129,11082185,598429
ecdsa-P-521,sign,130,11011889,594634
ecdsa-P-521,sign,131,11007241,594382
ecdsa-P-521,sign,132,11767389,635430
ecdsa-P-521,sign,133,11011833,594632
ecdsa-P-521,sign,134,11035130,595888
ecdsa-P-521,sign,135,11208481,605249
ecdsa-P-521,sign,136,11744500,634194
ecdsa-P-521,sign,137,11006500,594342
ecdsa-P-521,sign,138,11008611,594457
ecdsa-P-521,sign,139,11267537,608437
ecdsa-P-521,sign,140,11970018,646371
ecdsa-P-521,sign,141,11015389,594824
ecdsa-P-521,sign,142,11011445,594609
ecdsa-P-521,sign,143,11006574,594346
ecdsa-P-521,sign,144,11012167,594648
ecdsa-P-521,sign,145,11005815,594306
ecdsa-P-521,sign,146,11004352,594228
ecdsa-P-521,sign,147,11013055,594696
ecdsa-P-521,sign,148,11011037,594587
ecdsa-P-521,sign,149,11009148,594486
ecdsa-P-521,sign,150,10996519,593803
ecdsa-P-521,sign,151,11014833,594793
ecdsa-P-521,sign,152,11008963,594477
ecdsa-P-521,sign,153,11017463,594935
ecdsa-P-521,sign,154,11005075,594265
ecdsa-P-521,sign,155,11007704,594407
ecdsa-P-521,sign,156,11013055,594697
ecdsa-P-521,sign,157,11012833,594685
ecdsa-P-521,sign,158,11009574,594508
ecdsa-P-521,sign,159,11010111,594537
ecdsa-P-521,sign,160,11007945,594420
ecdsa-P-521,sign,161,11008389,594444
ecdsa-P-521,sign,162,11009574,594509
ecdsa-P-521,sign,163,11010055,594535
ecdsa-P-521,sign,164,11001778,594087
ecdsa-P-521,sign,165,11012259,594654
ecdsa-P-521,sign,166,11375037,614233
ecdsa-P-521,sign,167,11033167,595781
ecdsa-P-521,sign,168,11020889,595120
ecdsa-P-521,sign,169,11017796,594953
ecdsa-P-521,sign,170,11006500,594343
ecdsa-P-521,sign,171,11011019,594586
ecdsa-P-521,sign,172,11007259,594383
ecdsa-P-521,sign,173,11004389,594229
ecdsa-P-521,sign,174,11009537,594507
ecdsa-P-521,sign,175,11002574,594131
ecdsa-P-521,sign,176,11013500,594720
ecdsa-P-521,sign,177,11005796,594305
ecdsa-P-521,sign,178,11011945,594638
ecdsa-P-521,sign,179,11008500,594450
ecdsa-P-521,sign,180,11011000,594585
ecdsa-P-521,sign,181,11038703,596082
ecdsa-P-521,sign,182,11007148,594378
ecdsa-P-521,sign,183,11011111,594593
ecdsa-P-521,sign,184,11049945,596688
ecdsa-P-521,sign,185,11006500,594343
ecdsa-P-521,sign,186,11010834,594578
ecdsa-P-521,sign,187,11002222,594111
ecdsa-P-521,sign,188,11003649,594189
ecdsa-P-521,sign,189,11011148,594595
ecdsa-P-521,sign,190,11013741,594733
ecdsa-P-521,sign,191,10995296,593739
ecdsa-P-521,sign,192,11007426,594392
ecdsa-P-521,sign,193,11009074,594483
ecdsa-P-521,sign,194,11006537,594345
ecdsa-P-521,sign,195,11003852,594200
ecdsa-P-521,sign,196,11000240,594004
ecdsa-P-521,sign,197,11009426,594500
ecdsa-P-521,sign,198,11015389,594821
ecdsa-P-521,sign,199,10999666,593974
ecdsa-P-521,sign,200,11009722,594516
ecdsa-P-521,sign,201,11005611,594294
ecdsa-P-521,sign,202,11016278,594871
ecdsa-P-521,sign,203,11004592,594240
ecdsa-P-521,sign,204,11009814,594522
ecdsa-P-521,sign,205,11003000,594155
ecdsa-P-521,sign,206,11015018,594803
ecdsa-P-521,sign,207,11002519,594128
ecdsa-P-521,sign,208,11007204,594382
ecdsa-P-521,sign,209,11008055,594427
ecdsa-P-521,sign,210,11011129,594593
ecdsa-P-521,sign,211,10999852,593985
ecdsa-P-521,sign,212,11009204,594490
ecdsa-P-521,sign,213,11002352,594119
ecdsa-P-521,sign,214,11009722,594517
ecdsa-P-521,sign,215,11002945,594150
ecdsa-P-521,sign,216,11005925,594311
ecdsa-P-521,sign,217,11006334,594334
ecdsa-P-521,sign,218,11010426,594556
ecdsa-P-521,sign,219,11003148,594162
ecdsa-P-521,sign,220,11003037,594155
ecdsa-P-521,sign,221,11067944,597660
ecdsa-P-521,sign,222,11025555,595371
ecdsa-P-521,sign,223,10998481,593910
ecdsa-P-521,sign,224,11006666,594353
ecdsa-P-521,sign,225,11010556,594562
ecdsa-P-521,sign,226,11002834,594145
ecdsa-P-521,sign,227,11019963,595069
ecdsa-P-521,sign,228,11013482,594720
ecdsa-P-521,sign,229,11011889,594634
ecdsa-P-521,sign,230,11015222,594812
ecdsa-P-521,sign,231,11002666,594135
ecdsa-P-521,sign,232,11012889,594688
ecdsa-P-521,sign,233,11010093,594537
ecdsa-P-521,sign,234,11004407,594230
ecdsa-P-521,sign,235,11000352,594011
ecdsa-P-521,sign,236,11696685,631611
ecdsa-P-521,sign,237,11093055,599015
ecdsa-P-521,sign,238,11004315,594226
ecdsa-P-521,sign,239,11009685,594515
ecdsa-P-521,sign,240,11934259,644440
ecdsa-P-521,sign,241,11011426,594608
ecdsa-P-521,sign,242,11005759,594303
ecdsa-P-521,sign,243,11234463,606651
ecdsa-P-521,sign,244,12028611,649535
ecdsa-P-521,sign,245,11014093,594754
ecdsa-P-521,sign,246,11005500,594288
ecdsa-P-521,sign,247,11006444,594338
ecdsa-P-521,sign,248,11011537,594615
ecdsa-P-521,sign,249,11009389,594499
ecdsa-P-521,sign,250,11179852,603703
ecdsa-P-521,sign,251,11027945,595501
ecdsa-P-521,sign,252,11009759,594519
ecdsa-P-521,sign,253,11012907,594689
ecdsa-P-521,sign,254,11013815,594738
ecdsa-P-521,sign,255,11004203,594219
ecdsa-P-521,sign,256,11006222,594328
ecdsa-P-521,sign,257,11010556,594562
ecdsa-P-521,sign,258,11012019,594641
ecdsa-P-521,sign,259,11000926,594041
ecdsa-P-521,sign,260,11006685,594354
ecdsa-P-521,sign,261,11006444,594341
ecdsa-P-521,sign,262,11003889,594201
ecdsa-P-521,sign,263,11005315,594279
ecdsa-P-521,sign,264,11006648,594350
ecdsa-P-521,sign,265,11001981,594100
ecdsa-P-521,sign,266,11016870,594902
ecdsa-P-521,sign,267,11000278,594006
ecdsa-P-521,sign,268,11002148,594109
ecdsa-P-521,sign,269,11009204,594489
ecdsa-P-521,sign,270,11005445,594287
ecdsa-P-521,sign,271,11003075,594158
ecdsa-P-521,sign,272,11005851,594308
ecdsa-P-521,sign,273,11056463,597041
ecdsa-P-521,sign,274,11011148,594594
ecdsa-P-521,sign,275,10998018,593886
ecdsa-P-521,sign,276,11008148,594433
ecdsa-P-521,sign,277,11015833,594847
ecdsa-P-521,sign,278,11008537,594453
ecdsa-P-521,sign,279,11003315,594172
ecdsa-P-521,sign,280,11008519,594453
ecdsa-P-521,sign,281,11009333,594497
ecdsa-P-521,sign,282,11022649,595213
ecdsa-P-521,sign,283,11003851,594201
ecdsa-P-521,sign,284,11012778,594682
ecdsa-P-521,sign,285,11008129,594432
ecdsa-P-521,sign,286,11009667,594515
ecdsa-P-521,sign,287,11001352,594065
ecdsa-P-521,sign,288,11016777,594897
ecdsa-P-521,sign,289,11011852,594633
ecdsa-P-521,sign,290,11010982,594586
ecdsa-P-521,sign,291,10998018,593884
ecdsa-P-521,sign,292,11002352,594120
ecdsa-P-521,sign,293,11016481,594883
ecdsa-P-521,sign,294,11007241,594383
ecdsa-P-521,sign,295,10998611,593917
ecdsa-P-521,sign,296,10999555,593969
ecdsa-P-521,sign,297,11006759,594356
ecdsa-P-521,sign,298,11007556,594400
ecdsa-P-521,sign,299,11003240,594168
ecdsa-P-521,sign,300,11015519,594830
ecdsa-P-521,sign,301,11008648,594460
ecdsa-P-521,sign,302,11008685,594460
ecdsa-P-521,sign,303,11004815,594253
ecdsa-P-521,sign,304,11009593,594509
ecdsa-P-521,sign,305,11003092,594159
ecdsa-P-521,sign,306,11007944,594421
ecdsa-P-521,sign,307,11005740,594301
ecdsa-P-521,sign,308,11003407,594175
ecdsa-P-521,sign,309,11009370,594498
ecdsa-P-521,sign,310,11007167,594380
ecdsa-P-521,sign,311,11015185,594811
ecdsa-P-521,sign,312,10998870,593931
ecdsa-P-521,sign,313,11008666,594460
ecdsa-P-521,sign,314,11075482,598067
ecdsa-P-521,sign,315,11013500,594721
ecdsa-P-521,sign,316,11004296,594225
ecdsa-P-521,sign,317,11009537,594507
ecdsa-P-521,sign,318,11009741,594518
ecdsa-P-521,sign,319,11007815,594414
ecdsa-P-521,sign,320,11022130,595187
ecdsa-P-521,sign,321,11009371,594498
ecdsa-P-521,sign,322,11015092,594806
ecdsa-P-521,sign,323,11007371,594390
ecdsa-P-521,sign,324,11000185,594001
ecdsa-P-521,sign,325,11009630,594511
ecdsa-P-521,sign,326,11005315,594278
ecdsa-P-521,sign,327,11010019,594533
ecdsa-P-521,sign,328,11001648,594080
ecdsa-P-521,sign,329,11006556,594346
ecdsa-P-521,sign,330,11004963,594261
ecdsa-P-521,sign,331,11007130,594377
ecdsa-P-521,sign,332,11005407,594284
ecdsa-P-521,sign,333,11010889,594579
ecdsa-P-521,sign,334,10998186,593894
ecdsa-P-521,sign,335,11000760,594034
ecdsa-P-521,sign,336,10999056,593941
ecdsa-P-521,sign,337,11011315,594604
ecdsa-P-521,sign,338,11004593,594240
ecdsa-P-521,sign,339,10997945,593880
ecdsa-P-521,sign,340,11170056,603174
ecdsa-P-521,sign,341,11600389,626411
ecdsa-P-521,sign,342,11003315,594172
ecdsa-P-521,sign,343,11015778,594844
ecdsa-P-521,sign,344,11627722,627887
ecdsa-P-521,sign,345,11333037,611975
ecdsa-P-521,sign,346,10998722,593922
ecdsa-P-521,sign,347,11004722,594247
ecdsa-P-521,sign,348,11810482,637758
ecdsa-P-521,sign,349,11421241,616738
ecdsa-P-521,sign,350,11009593,594509
ecdsa-P-521,sign,351,11003834,594199
ecdsa-P-521,sign,352,11005185,594273
ecdsa-P-521,sign,353,11007538,594399
ecdsa-P-521,sign,354,11008074,594428
ecdsa-P-521,sign,355,11003815,594197
ecdsa-P-521,sign,356,11016019,594857
ecdsa-P-521,sign,357,11008518,594452
ecdsa-P-521,sign,358,11010815,594575
ecdsa-P-521,sign,359,11005611,594294
ecdsa-P-521,sign,360,11014407,594769
ecdsa-P-521,sign,361,11003926,594204
ecdsa-P-521,sign,362,11011148,594593
ecdsa-P-521,sign,363,11028926,595554
ecdsa-P-521,sign,364,11003870,594201
ecdsa-P-521,sign,365,11005889,594310
ecdsa-P-521,sign,366,11027963,595502
ecdsa-P-521,sign,367,11001093,594050
ecdsa-P-521,sign,368,11005037,594265
ecdsa-P-521,sign,369,11005722,594300
ecdsa-P-521,sign,370,11006056,594319
ecdsa-P-521,sign,371,11004556,594239
ecdsa-P-521,sign,372,11003389,594174
ecdsa-P-521,sign,373,11010055,594535
ecdsa-P-521,sign,374,11006481,594342
ecdsa-P-521,sign,375,11002963,594152
ecdsa-P-521,sign,376,11005871,594309
ecdsa-P-521,sign,377,11005093,594267
ecdsa-P-521,sign,378,11021796,595169
ecdsa-P-521,sign,379,10996185,593786
ecdsa-P-521,sign,380,11007426,594392
ecdsa-P-521,sign,381,11007963,594423
ecdsa-P-521,sign,382,11005204,594272
ecdsa-P-521,sign,383,11006000,594316
ecdsa-P-521,sign,384,11005130,594270
ecdsa-P-521,sign,385,11002204,594110
ecdsa-P-521,sign,386,11007907,594419
ecdsa-P-521,sign,387,11005203,594273
ecdsa-P-521,sign,388,11010518,594559
ecdsa-P-521,sign,389,11011352,594605
ecdsa-P-521,sign,390,11004093,594214
ecdsa-P-521,sign,391,11011055,594590
ecdsa-P-521,sign,392,11003056,594158
ecdsa-P-521,sign,393,11008833,594469
ecdsa-P-521,sign,394,11007055,594373
ecdsa-P-521,sign,395,11009482,594504
ecdsa-P-521,sign,396,11000445,594016
ecdsa-P-521,sign,397,11004463,594232
ecdsa-P-521,sign,398,11004333,594226
ecdsa-P-521,sign,399,11006593,594347
ecdsa-P-521,sign,400,11000463,594016
ecdsa-P-521,sign,401,11008296,594439
ecdsa-P-521,sign,402,11003944,594205
ecdsa-P-521,sign,403,11006981,594369
ecdsa-P-521,sign,404,11001296,594062
ecdsa-P-521,sign,405,11011148,594593
ecdsa-P-521,sign,406,11008592,594456
ecdsa-P-521,sign,407,11071722,597865
ecdsa-P-521,sign,408,11006074,594320
ecdsa-P-521,sign,409,11010703,594571
ecdsa-P-521,sign,410,11002575,594131
ecdsa-P-521,sign,411,11007111,594375
ecdsa-P-521,sign,412,11004908,594256
ecdsa-P-521,sign,413,11031981,595718
ecdsa-P-521,sign,414,11011722,594625
ecdsa-P-521,sign,415,11011056,594589
ecdsa-P-521,sign,416,10994352,593688
ecdsa-P-521,sign,417,11008778,594466
ecdsa-P-521,sign,418,11012185,594650
ecdsa-P-521,sign,419,11009815,594521
ecdsa-P-521,sign,420,11000371,594012
ecdsa-P-521,sign,421,11002463,594126
ecdsa-P-521,sign,422,11009814,594521
ecdsa-P-521,sign,423,11012537,594668
ecdsa-P-521,sign,424,10994888,593715
ecdsa-P-521,sign,425,11006463,594341
ecdsa-P-521,sign,426,11002315,594116
ecdsa-P-521,sign,427,11004944,594259
ecdsa-P-521,sign,428,11004815,594252
ecdsa-P-521,sign,429,11008834,594469
ecdsa-P-521,sign,430,11017000,594910
ecdsa-P-521,sign,431,11004277,594224
ecdsa-P-521,sign,432,10997759,593870
ecdsa-P-521,sign,433,11002685,594137
ecdsa-P-521,sign,434,11012315,594657
ecdsa-P-521,sign,435,11007352,594389
ecdsa-P-521,sign,436,10999834,593982
ecdsa-P-521,sign,437,11008648,594459
ecdsa-P-521,sign,438,11002371,594121
ecdsa-P-521,sign,439,11010130,594539
ecdsa-P-521,sign,440,10998703,593922
ecdsa-P-521,sign,441,10998852,593930
ecdsa-P-521,sign,442,11008945,594475
ecdsa-P-521,sign,443,11011130,594593
ecdsa-P-521,sign,444,11073185,597943
ecdsa-P-521,sign,445,11695760,631561
ecdsa-P-521,sign,446,11020074,595076
ecdsa-P-521,sign,447,11005352,594281
ecdsa-P-521,sign,448,11203722,604993
ecdsa-P-521,sign,449,11753426,634675
ecdsa-P-521,sign,450,11001981,594099
ecdsa-P-521,sign,451,11012352,594658
ecdsa-P-521,sign,452,11255945,607812
ecdsa-P-521,sign,453,11966129,646161
ecdsa-P-521,sign,454,11008056,594428
ecdsa-P-521,sign,455,11000815,594035
ecdsa-P-521,sign,456,11034593,595859
ecdsa-P-521,sign,457,11013796,594737
ecdsa-P-521,sign,458,11008797,594468
ecdsa-P-521,sign,459,11021314,595143
ecdsa-P-521,sign,460,11002871,594147
ecdsa-P-521,sign,461,11001056,594048
ecdsa-P-521,sign,462,11011130,594592
ecdsa-P-521,sign,463,10998703,593923
ecdsa-P-521,sign,464,11003408,594176
ecdsa-P-521,sign,465,11003185,594164
ecdsa-P-521,sign,466,11010056,594534
ecdsa-P-521,sign,467,10994518,593696
ecdsa-P-521,sign,468,11019519,595045
ecdsa-P-521,sign,469,11005500,594289
ecdsa-P-521,sign,470,11010167,594542
ecdsa-P-521,sign,471,11000815,594037
ecdsa-P-521,sign,472,11009926,594527
ecdsa-P-521,sign,473,11005852,594308
ecdsa-P-521,sign,474,11014482,594774
ecdsa-P-521,sign,475,11005129,594268
ecdsa-P-521,sign,476,11017130,594917
ecdsa-P-521,sign,477,11010277,594546
ecdsa-P-521,sign,478,11007723,594408
ecdsa-P-521,sign,479,11016259,594869
ecdsa-P-521,sign,480,10994111,593675
ecdsa-P-521,sign,481,11005260,594276
ecdsa-P-521,sign,482,11007037,594372
ecdsa-P-521,sign,483,11009630,594511
ecdsa-P-521,sign,484,11006444,594341
ecdsa-P-521,sign,485,11004148,594216
ecdsa-P-521,sign,486,11003593,594187
ecdsa-P-521,sign,487,11010648,594567
ecdsa-P-521,sign,488,11004593,594241
ecdsa-P-521,sign,489,11005000,594261
ecdsa-P-521,sign,490,11007111,594375
ecdsa-P-521,sign,491,11006167,594325
ecdsa-P-521,sign,492,11008093,594430
ecdsa-P-521,sign,493,11004982,594261
ecdsa-P-521,sign,494,11001759,594087
ecdsa-P-521,sign,495,11006278,594332
ecdsa-P-521,sign,496,10999574,593970
ecdsa-P-521,sign,497,11003092,594158
ecdsa-P-521,sign,498,11009648,594513
ecdsa-P-521,sign,499,11068815,597707
ecdsa-P-521,sign,500,11010037,594532
ecdsa-P-521,sign,501,11012852,594686
ecdsa-P-521,sign,502,11014037,594750
ecdsa-P-521,sign,503,11009334,594496
ecdsa-P-521,sign,504,10997352,593849
ecdsa-P-521,sign,505,11024630,595320
ecdsa-P-521,sign,506,11009722,594517
ecdsa-P-521,sign,507,11001241,594059
ecdsa-P-521,sign,508,10996685,593812
ecdsa-P-521,sign,509,11002426,594124
ecdsa-P-521,sign,510,11008759,594465
ecdsa-P-521,sign,511,11008741,594463
ecdsa-P-521,sign,512,10998500,593911
ecdsa-P-521,sign,513,11016167,594864
ecdsa-P-521,sign,514,11007445,594395
ecdsa-P-521,sign,515,11004760,594249
ecdsa-P-521,sign,516,11000685,594029
ecdsa-P-521,sign,517,11004648,594242
ecdsa-P-521,sign,518,11004982,594261
ecdsa-P-521,sign,519,11010260,594545
ecdsa-P-521,sign,520,11000759,594033
ecdsa-P-521,sign,521,11011241,594599
ecdsa-P-521,sign,522,11006796,594359
ecdsa-P-521,sign,523,11015149,594810
ecdsa-P-521,sign,524,11007537,594399
ecdsa-P-521,sign,525,11009130,594484
ecdsa-P-521,sign,526,11009056,594481
ecdsa-P-521,sign,527,11002944,594152
ecdsa-P-521,sign,528,10996166,593786
ecdsa-P-521,sign,529,11001611,594080
ecdsa-P-521,sign,530,11011296,594602
ecdsa-P-521,sign,531,11001981,594100
ecdsa-P-521,sign,532,11000463,594017
ecdsa-P-521,sign,533,11004574,594240
ecdsa-P-521,sign,534,11003592,594186
ecdsa-P-521,sign,535,11013093,594697
ecdsa-P-521,sign,536,11002611,594132
ecdsa-P-521,sign,537,11067389,597630
ecdsa-P-521,sign,538,11011407,594607
ecdsa-P-521,sign,539,11010408,594555
ecdsa-P-521,sign,540,11001445,594069
ecdsa-P-521,sign,541,11008278,594438
ecdsa-P-521,sign,542,11006278,594331
ecdsa-P-521,sign,543,11000852,594037
ecdsa-P-521,sign,544,11000129,594000
ecdsa-P-521,sign,545,11008685,594460
ecdsa-P-521,sign,546,11046333,596493
ecdsa-P-521,sign,547,11010926,594581
ecdsa-P-521,sign,548,11022019,595182
ecdsa-P-521,sign,549,11690352,631270
ecdsa-P-521,sign,550,11080111,598317
ecdsa-P-521,sign,551,11007056,594373
ecdsa-P-521,sign,552,11029611,595589
ecdsa-P-521,sign,553,11938352,644663
ecdsa-P-521,sign,554,11007888,594417
ecdsa-P-521,sign,555,11015278,594817
ecdsa-P-521,sign,556,11118408,600385
ecdsa-P-521,sign,557,12009722,648515
ecdsa-P-521,sign,558,11127333,600868
ecdsa-P-521,sign,559,11005167,594272
ecdsa-P-521,sign,560,10999926,593988
ecdsa-P-521,sign,561,11007296,594386
ecdsa-P-521,sign,562,11010796,594575
ecdsa-P-521,sign,563,11006148,594324
ecdsa-P-521,sign,564,10998500,593911
ecdsa-P-521,sign,565,11005223,594273
ecdsa-P-521,sign,566,11009963,594530
ecdsa-P-521,sign,567,11008889,594472
ecdsa-P-521,sign,568,11000056,593995
ecdsa-P-521,sign,569,11011944,594636
ecdsa-P-521,sign,570,11017259,594924
ecdsa-P-521,sign,571,11009870,594525
ecdsa-P-521,sign,572,10995945,593774
ecdsa-P-521,sign,573,11008796,594467
ecdsa-P-521,sign,574,11009407,594501
ecdsa-P-521,sign,575,11009852,594524
ecdsa-P-521,sign,576,10999945,593990
ecdsa-P-521,sign,577,11004092,594213
ecdsa-P-521,sign,578,11005648,594297
ecdsa-P-521,sign,579,11011889,594635
ecdsa-P-521,sign,580,11004093,594213
ecdsa-P-521,sign,581,11001296,594062
ecdsa-P-521,sign,582,10999537,593966
ecdsa-P-521,sign,583,11000241,594004
ecdsa-P-521,sign,584,10996593,593807
ecdsa-P-521,sign,585,11003296,594169
ecdsa-P-521,sign,586,11000112,593997
ecdsa-P-521,sign,587,10999926,593987
ecdsa-P-521,sign,588,10995851,593769
ecdsa-P-521,sign,589,11003241,594167
ecdsa-P-521,sign,590,11003203,594164
ecdsa-P-521,sign,591,11007611,594401
ecdsa-P-521,sign,592,11052778,596841
ecdsa-P-521,sign,593,11018222,594976
ecdsa-P-521,sign,594,11001555,594075
ecdsa-P-521,sign,595,11009556,594508
ecdsa-P-521,sign,596,10996500,593802
ecdsa-P-521,sign,597,11002648,594134
ecdsa-P-521,sign,598,11028000,595503
ecdsa-P-521,sign,599,11001444,594070
ecdsa-P-521,sign,600,10993871,593660
ecdsa-P-521,sign,601,10999482,593965
ecdsa-P-521,sign,602,10998759,593926
ecdsa-P-521,sign,603,11004759,594249
ecdsa-P-521,sign,604,10992685,593597
ecdsa-P-521,sign,605,11003019,594156
ecdsa-P-521,sign,606,10999185,593949
ecdsa-P-521,sign,607,10998111,593891
ecdsa-P-521,sign,608,11000334,594011
ecdsa-P-521,sign,609,11004981,594261
ecdsa-P-521,sign,610,11003148,594161
ecdsa-P-521,sign,611,10999981,593991
ecdsa-P-521,sign,612,10999648,593974
ecdsa-P-521,sign,613,11001630,594080
ecdsa-P-521,sign,614,11006500,594343
ecdsa-P-521,sign,615,10999630,593972
ecdsa-P-521,sign,616,10993982,593666
ecdsa-P-521,sign,617,11000852,594038
ecdsa-P-521,sign,618,11006240,594328
ecdsa-P-521,sign,619,10998186,593894
ecdsa-P-521,sign,620,10997907,593880
ecdsa-P-521,sign,621,10998981,593937
ecdsa-P-521,sign,622,10999575,593969
ecdsa-P-521,sign,623,11005092,594266
ecdsa-P-521,sign,624,10989129,593404
ecdsa-P-521,sign,625,11000333,594010
ecdsa-P-521,sign,626,10994574,593700
ecdsa-P-521,sign,627,11005111,594268
ecdsa-P-521,sign,628,10990278,593467
ecdsa-P-521,sign,629,10995907,593771
ecdsa-P-521,sign,630,11317519,611131
ecdsa-P-521,sign,631,11027556,595480
ecdsa-P-521,sign,632,10993741,593655
ecdsa-P-521,sign,633,10999185,593949
ecdsa-P-521,sign,634,11011111,594592
ecdsa-P-521,sign,635,11000111,593998
ecdsa-P-521,sign,636,11041667,596240
ecdsa-P-521,sign,637,10995407,593745
ecdsa-P-521,sign,638,11001851,594093
ecdsa-P-521,sign,639,11000185,594003
ecdsa-P-521,sign,640,11001889,594094
ecdsa-P-521,sign,641,10992111,593566
ecdsa-P-521,sign,642,10993667,593650
ecdsa-P-521,sign,643,11001649,594080
ecdsa-P-521,sign,644,11025167,595350
ecdsa-P-521,sign,645,10999500,593966
ecdsa-P-521,sign,646,11003260,594168
ecdsa-P-521,sign,647,10999759,593978
ecdsa-P-521,sign,648,11006093,594321
ecdsa-P-521,sign,649,10986482,593263
ecdsa-P-521,sign,650,10998556,593912
ecdsa-P-521,sign,651,11001852,594092
ecdsa-P-521,sign,652,11010260,594545
ecdsa-P-521,sign,653,11160186,602641
ecdsa-P-521,sign,654,11586963,625687
ecdsa-P-521,sign,655,11000630,594025
ecdsa-P-521,sign,656,11007000,594370
ecdsa-P-521,sign,657,11536944,622985
ecdsa-P-521,sign,658,11389759,615039
ecdsa-P-521,sign,659,11010388,594553
ecdsa-P-521,sign,660,10996315,593792
ecdsa-P-521,sign,661,11703333,631971
ecdsa-P-521,sign,662,11517296,621925
ecdsa-P-521,sign,663,11009796,594521
ecdsa-P-521,sign,664,10992963,593611
ecdsa-P-521,sign,665,11001148,594054
ecdsa-P-521,sign,666,11003407,594176
ecdsa-P-521,sign,667,10997482,593856
ecdsa-P-521,sign,668,10993111,593620
ecdsa-P-521,sign,669,11004018,594210
ecdsa-P-521,sign,670,11003167,594161
ecdsa-P-521,sign,671,10998759,593926
ecdsa-P-521,sign,672,10991815,593550
ecdsa-P-521,sign,673,10999112,593944
ecdsa-P-521,sign,674,11001851,594092
ecdsa-P-521,sign,675,11000112,593997
ecdsa-P-521,sign,676,10990500,593478
ecdsa-P-521,sign,677,10998296,593900
ecdsa-P-521,sign,678,11004130,594215
ecdsa-P-521,sign,679,11001926,594096
ecdsa-P-521,sign,680,10996500,593803
ecdsa-P-521,sign,681,11012555,594669
ecdsa-P-521,sign,682,11006612,594348
ecdsa-P-521,sign,683,11002814,594144
ecdsa-P-521,sign,684,10999667,593975
ecdsa-P-521,sign,685,11072908,597928
ecdsa-P-521,sign,686,10995704,593761
ecdsa-P-521,sign,687,11006037,594319
ecdsa-P-521,sign,688,10995185,593732
ecdsa-P-521,sign,689,10997297,593845
ecdsa-P-521,sign,690,10998611,593917
ecdsa-P-521,sign,691,11032611,595751
ecdsa-P-521,sign,692,10989055,593402
ecdsa-P-521,sign,693,11003852,594200
ecdsa-P-521,sign,694,11001814,594090
ecdsa-P-521,sign,695,11001315,594063
ecdsa-P-521,sign,696,10990685,593489
ecdsa-P-521,sign,697,10996222,593788
ecdsa-P-521,sign,698,10999759,593979
ecdsa-P-521,sign,699,11005186,594271
ecdsa-P-521,sign,700,10994648,593702
ecdsa-P-521,sign,701,11002240,594112
ecdsa-P-521,sign,702,11004223,594220
ecdsa-P-521,sign,703,10997037,593832
ecdsa-P-521,sign,704,10997500,593856
ecdsa-P-521,sign,705,10995241,593736
ecdsa-P-521,sign,706,10993204,593626
ecdsa-P-521,sign,707,11008000,594423
ecdsa-P-521,sign,708,10998278,593900
ecdsa-P-521,sign,709,11001260,594060
ecdsa-P-521,sign,710,11000537,594021
ecdsa-P-521,sign,711,10999945,593990
ecdsa-P-521,sign,712,10992760,593602
ecdsa-P-521,sign,713,10998426,593906
ecdsa-P-521,sign,714,11000334,594009
ecdsa-P-521,sign,715,11012185,594649
ecdsa-P-521,sign,716,10999185,593948
ecdsa-P-521,sign,717,11000333,594010
ecdsa-P-521,sign,718,10998018,593886
ecdsa-P-521,sign,719,10998944,593935
ecdsa-P-521,sign,720,10995074,593726
ecdsa-P-521,sign,721,11000777,594034
ecdsa-P-521,sign,722,10999389,593959
ecdsa-P-521,sign,723,11170111,603173
ecdsa-P-521,sign,724,11005612,594295
ecdsa-P-521,sign,725,11005463,594287
ecdsa-P-521,sign,726,11038852,596088
ecdsa-P-521,sign,727,11001481,594073
ecdsa-P-521,sign,728,10993704,593651
ecdsa-P-521,sign,729,11007130,594377
ecdsa-P-521,sign,730,11003537,594183
ecdsa-P-521,sign,731,11002444,594125
ecdsa-P-521,sign,732,10997000,593829
ecdsa-P-521,sign,733,10999426,593961
ecdsa-P-521,sign,734,10999871,593986
ecdsa-P-521,sign,735,10995148,593729
ecdsa-P-521,sign,736,10996111,593781
ecdsa-P-521,sign,737,11021500,595151
ecdsa-P-521,sign,738,11003055,594155
ecdsa-P-521,sign,739,10997481,593856
ecdsa-P-521,sign,740,10994222,593680
ecdsa-P-521,sign,741,10998260,593898
ecdsa-P-521,sign,742,10994925,593717
ecdsa-P-521,sign,743,11002130,594107
ecdsa-P-521,sign,744,10998963,593936
ecdsa-P-521,sign,745,10999611,593972
ecdsa-P-521,sign,746,11003389,594175
ecdsa-P-521,sign,747,10999796,593981
ecdsa-P-521,sign,748,10997259,593844
ecdsa-P-521,sign,749,11004685,594244
ecdsa-P-521,sign,750,11001259,594061
ecdsa-P-521,sign,751,10998148,593892
ecdsa-P-521,sign,752,10995222,593734
ecdsa-P-521,sign,753,11000723,594030
ecdsa-P-521,sign,754,11001074,594050
ecdsa-P-521,sign,755,11004944,594260
ecdsa-P-521,sign,756,10990203,593462
ecdsa-P-521,sign,757,11003037,594157
ecdsa-P-521,sign,758,11751278,634559
ecdsa-P-521,sign,759,11001537,594075
ecdsa-P-521,sign,760,11006870,594363
ecdsa-P-521,sign,761,11190463,604275
ecdsa-P-521,sign,762,11742407,634080
ecdsa-P-521,sign,763,10999648,593973
ecdsa-P-521,sign,764,10996648,593811
ecdsa-P-521,sign,765,11255666,607797
ecdsa-P-521,sign,766,11962260,645952
ecdsa-P-521,sign,767,10997093,593835
ecdsa-P-521,sign,768,10999018,593940
ecdsa-P-521,sign,769,10999870,593985
ecdsa-P-521,sign,770,10999667,593974
ecdsa-P-521,sign,771,10995111,593727
ecdsa-P-521,sign,772,10999482,593963
ecdsa-P-521,sign,773,10999203,593950
ecdsa-P-521,sign,774,11001500,594074
ecdsa-P-521,sign,775,10999889,593985
ecdsa-P-521,sign,776,11006388,594336
ecdsa-P-521,sign,777,10997166,593840
ecdsa-P-521,sign,778,11070629,597806
ecdsa-P-521,sign,779,11001000,594046
ecdsa-P-521,sign,780,11001370,594067
ecdsa-P-521,sign,781,11002037,594101
ecdsa-P-521,sign,782,11001834,594091
ecdsa-P-521,sign,783,10992630,593594
ecdsa-P-521,sign,784,11024760,595329
ecdsa-P-521,sign,785,10999463,593963
ecdsa-P-521,sign,786,11006518,594343
ecdsa-P-521,sign,787,10997222,593842
ecdsa-P-521,sign,788,11005371,594281
ecdsa-P-521,sign,789,11005129,594270
ecdsa-P-521,sign,790,11002741,594140
ecdsa-P-521,sign,791,10997870,593876
ecdsa-P-521,sign,792,10987926,593340
ecdsa-P-521,sign,793,10997241,593842
ecdsa-P-521,sign,794,11006259,594330
ecdsa-P-521,sign,795,10996426,593799
ecdsa-P-521,sign,796,10995111,593728
ecdsa-P-521,sign,797,11000408,594014
ecdsa-P-521,sign,798,11007260,594384
ecdsa-P-521,sign,799,11002797,594143
ecdsa-P-521,sign,800,10993056,593616
ecdsa-P-521,sign,801,10996222,593787
ecdsa-P-521,sign,802,10995870,593770
ecdsa-P-521,sign,803,10996889,593823
ecdsa-P-521,sign,804,10991000,593506
ecdsa-P-521,sign,805,11010482,594556
ecdsa-P-521,sign,806,11001981,594099
ecdsa-P-521,sign,807,10996389,593796
ecdsa-P-521,sign,808,10999482,593963
ecdsa-P-521,sign,809,10997444,593854
ecdsa-P-521,sign,810,11001389,594067
ecdsa-P-521,sign,811,10998055,593886
ecdsa-P-521,sign,812,10996185,593785
ecdsa-P-521,sign,813,10999982,593990
ecdsa-P-521,sign,814,11003259,594168
ecdsa-P-521,sign,815,11011018,594585
ecdsa-P-521,sign,816,11004945,594259
ecdsa-P-521,sign,817,10998741,593925
ecdsa-P-521,sign,818,11024463,595312
ecdsa-P-521,sign,819,11001871,594092
ecdsa-P-521,sign,820,10992741,593600
ecdsa-P-521,sign,821,11002611,594133
ecdsa-P-521,sign,822,11009445,594502
ecdsa-P-521,sign,823,10997518,593858
ecdsa-P-521,sign,824,10995278,593736
ecdsa-P-521,sign,825,11001185,594056
ecdsa-P-521,sign,826,11001944,594097
ecdsa-P-521,sign,827,11013222,594705
ecdsa-P-521,sign,828,10998056,593887
ecdsa-P-521,sign,829,10997982,593882
ecdsa-P-521,sign,830,11025333,595360
ecdsa-P-521,sign,831,10997518,593858
ecdsa-P-521,sign,832,10999741,593977
ecdsa-P-521,sign,833,10999148,593947
ecdsa-P-521,sign,834,11003148,594163
ecdsa-P-521,sign,835,11004500,594235
ecdsa-P-521,sign,836,10997556,593861
ecdsa-P-521,sign,837,10999574,593970
ecdsa-P-521,sign,838,10998074,593887
ecdsa-P-521,sign,839,11003908,594201
ecdsa-P-521,sign,840,10987037,593293
ecdsa-P-521,sign,841,10994611,593702
ecdsa-P-521,sign,842,11001315,594063
ecdsa-P-521,sign,843,10999593,593969
ecdsa-P-521,sign,844,10996445,593800
ecdsa-P-521,sign,845,11001074,594050
ecdsa-P-521,sign,846,10998093,593888
ecdsa-P-521,sign,847,11000481,594017
ecdsa-P-521,sign,848,10997611,593862
ecdsa-P-521,sign,849,11000944,594042
ecdsa-P-521,sign,850,11007352,594388
ecdsa-P-521,sign,851,10998018,593885
ecdsa-P-521,sign,852,10996704,593814
ecdsa-P-521,sign,853,11001315,594063
ecdsa-P-521,sign,854,11000297,594008
ecdsa-P-521,sign,855,11003814,594198
ecdsa-P-521,sign,856,10997093,593834
ecdsa-P-521,sign,857,10993667,593650
ecdsa-P-521,sign,858,11000556,594022
ecdsa-P-521,sign,859,11009815,594521
ecdsa-P-521,sign,860,10995092,593726
ecdsa-P-521,sign,861,11004666,594242
ecdsa-P-521,sign,862,11431129,617272
ecdsa-P-521,sign,863,11319166,611226
ecdsa-P-521,sign,864,11005130,594269
ecdsa-P-521,sign,865,10995334,593739
ecdsa-P-521,sign,866,11929944,644208
ecdsa-P-521,sign,867,11011130,594594
ecdsa-P-521,sign,868,10993740,593654
ecdsa-P-521,sign,869,11002037,594103
ecdsa-P-521,sign,870,12158833,656568
ecdsa-P-521,sign,871,11100260,599404
ecdsa-P-521,sign,872,11008463,594449
ecdsa-P-521,sign,873,10994889,593717
ecdsa-P-521,sign,874,11004314,594226
ecdsa-P-521,sign,875,10994352,593686
ecdsa-P-521,sign,876,11028260,595517
ecdsa-P-521,sign,877,11006648,594351
ecdsa-P-521,sign,878,10999185,593948
ecdsa-P-521,sign,879,10997575,593861
ecdsa-P-521,sign,880,10997074,593834
ecdsa-P-521,sign,881,11002777,594142
ecdsa-P-521,sign,882,11000408,594013
ecdsa-P-521,sign,883,10990296,593467
ecdsa-P-521,sign,884,11003500,594180
ecdsa-P-521,sign,885,11000870,594038
ecdsa-P-521,sign,886,11003667,594190
ecdsa-P-521,sign,887,10992408,593581
ecdsa-P-521,sign,888,11000148,593999
ecdsa-P-521,sign,889,10999519,593967
ecdsa-P-521,sign,890,11001834,594092
ecdsa-P-521,sign,891,10995148,593729
ecdsa-P-521,sign,892,10995463,593746
ecdsa-P-521,sign,893,10999611,593970
ecdsa-P-521,sign,894,11007129,594377
ecdsa-P-521,sign,895,10992537,593589
ecdsa-P-521,sign,896,11004685,594245
ecdsa-P-521,sign,897,11004907,594258
ecdsa-P-521,sign,898,11005130,594269
ecdsa-P-521,sign,899,10988482,593371
ecdsa-P-521,sign,900,11001778,594088
ecdsa-P-521,sign,901,10999426,593960
ecdsa-P-521,sign,902,11002629,594134
ecdsa-P-521,sign,903,10998370,593904
ecdsa-P-521,sign,904,10998778,593925
ecdsa-P-521,sign,905,11001092,594051
ecdsa-P-521,sign,906,11006111,594322
ecdsa-P-521,sign,907,10993908,593662
ecdsa-P-521,sign,908,11034612,595860
ecdsa-P-521,sign,909,11008648,594459
ecdsa-P-521,sign,910,11011518,594615
ecdsa-P-521,sign,911,10997778,593872
ecdsa-P-521,sign,912,11000907,594040
ecdsa-P-521,sign,913,11001463,594070
ecdsa-P-521,sign,914,10999500,593964
ecdsa-P-521,sign,915,10995037,593723
ecdsa-P-521,sign,916,11001130,594053
ecdsa-P-521,sign,917,10999593,593969
ecdsa-P-521,sign,918,11004574,594239
ecdsa-P-521,sign,919,10991648,593542
ecdsa-P-521,sign,920,11002666,594136
ecdsa-P-521,sign,921,10998296,593901
ecdsa-P-521,sign,922,10999722,593976
ecdsa-P-521,sign,923,11011185,594596
ecdsa-P-521,sign,924,11002537,594129
ecdsa-P-521,sign,925,10997925,593881
ecdsa-P-521,sign,926,11007537,594398
ecdsa-P-521,sign,927,10996185,593786
ecdsa-P-521,sign,928,10998130,593892
ecdsa-P-521,sign,929,11002926,594150
ecdsa-P-521,sign,930,11002222,594112
ecdsa-P-521,sign,931,10991167,593516
ecdsa-P-521,sign,932,10999537,593967
ecdsa-P-521,sign,933,10996259,593790
ecdsa-P-521,sign,934,10997778,593871
ecdsa-P-521,sign,935,10994315,593685
ecdsa-P-521,sign,936,11003204,594165
ecdsa-P-521,sign,937,11006796,594359
ecdsa-P-521,sign,938,11004685,594246
ecdsa-P-521,sign,939,10992296,593576
ecdsa-P-521,sign,940,10999408,593959
ecdsa-P-521,sign,941,11005222,594274
ecdsa-P-521,sign,942,11007222,594382
ecdsa-P-521,sign,943,10993056,593617
ecdsa-P-521,sign,944,11002185,594111
ecdsa-P-521,sign,945,10998407,593906
ecdsa-P-521,sign,946,11002037,594102
ecdsa-P-521,sign,947,10993389,593635
ecdsa-P-521,sign,948,11004722,594246
ecdsa-P-521,sign,949,11001223,594058
ecdsa-P-521,sign,950,11000648,594027
ecdsa-P-521,sign,951,10999592,593968
ecdsa-P-521,sign,952,10999722,593978
ecdsa-P-521,sign,953,10999408,593960
ecdsa-P-521,sign,954,11002315,594116
ecdsa-P-521,sign,955,10997463,593855
ecdsa-P-521,sign,956,10998778,593925
ecdsa-P-521,sign,957,10987259,593305
ecdsa-P-521,sign,958,10998926,593934
ecdsa-P-521,sign,959,10995093,593727
ecdsa-P-521,sign,960,11001241,594059
ecdsa-P-521,sign,961,11011018,594587
ecdsa-P-521,sign,962,11010315,594549
ecdsa-P-521,sign,963,10997592,593863
ecdsa-P-521,sign,964,11078796,598246
ecdsa-P-521,sign,965,11002037,594103
ecdsa-P-521,sign,966,11134111,601234
ecdsa-P-521,sign,967,11617333,627326
ecdsa-P-521,sign,968,11003130,594161
ecdsa-P-521,sign,969,11023518,595260
ecdsa-P-521,sign,970,11200759,604832
ecdsa-P-521,sign,971,11739888,633945
ecdsa-P-521,sign,972,11001926,594096
ecdsa-P-521,sign,973,10994389,593689
ecdsa-P-521,sign,974,11442574,617889
ecdsa-P-521,sign,975,11780574,636142
ecdsa-P-521,sign,976,11002407,594122
ecdsa-P-521,sign,977,11000518,594020
ecdsa-P-521,sign,978,10996981,593829
ecdsa-P-521,sign,979,11003851,594199
ecdsa-P-521,sign,980,11003111,594159
ecdsa-P-521,sign,981,10993278,593629
ecdsa-P-521,sign,982,10994778,593710
ecdsa-P-521,sign,983,10998074,593887
ecdsa-P-521,sign,984,10994593,593699
ecdsa-P-521,sign,985,11005444,594285
ecdsa-P-521,sign,986,11004223,594220
ecdsa-P-521,sign,987,10991482,593531
ecdsa-P-521,sign,988,10996370,593797
ecdsa-P-521,sign,989,10996519,593804
ecdsa-P-521,sign,990,11007130,594377
ecdsa-P-521,sign,991,10991407,593528
ecdsa-P-521,sign,992,10996925,593826
ecdsa-P-521,sign,993,10997723,593869
ecdsa-P-521,sign,994,11007870,594418
ecdsa-P-521,sign,995,10993870,593661
ecdsa-P-521,sign,996,11008297,594440
ecdsa-P-521,sign,997,10999185,593948
ecdsa-P-521,sign,998,11025444,595365
ecdsa-P-521,sign,999,10998666,593920
ecdsa-P-521,verify,0,8273556,446763
ecdsa-P-521,verify,1,8268833,446509
ecdsa-P-521,verify,2,8263278,446209
ecdsa-P-521,verify,3,8262722,446177
ecdsa-P-521,verify,4,8262741,446179
ecdsa-P-521,verify,5,8265463,446326
ecdsa-P-521,verify,6,8261574,446118
ecdsa-P-521,verify,7,8269186,446526
ecdsa-P-521,verify,8,8269000,446517
ecdsa-P-521,verify,9,8265204,446312
ecdsa-P-521,verify,10,8266407,446376
ecdsa-P-521,verify,11,8288185,447553
ecdsa-P-521,verify,12,8269500,446544
ecdsa-P-521,verify,13,8258093,445927
ecdsa-P-521,verify,14,8263685,446229
ecdsa-P-521,verify,15,8264760,446287
ecdsa-P-521,verify,16,8267759,446449
ecdsa-P-521,verify,17,8258759,445964
ecdsa-P-521,verify,18,8264167,446256
ecdsa-P-521,verify,19,8260797,446073
ecdsa-P-521,verify,20,8275834,446886
ecdsa-P-521,verify,21,8271389,446647
ecdsa-P-521,verify,22,8267463,446433
ecdsa-P-521,verify,23,8271093,446631
ecdsa-P-521,verify,24,8268777,446505
ecdsa-P-521,verify,25,8337555,450220
ecdsa-P-521,verify,26,8285945,447432
ecdsa-P-521,verify,27,8268351,446482
ecdsa-P-521,verify,28,8257278,445884
ecdsa-P-521,verify,29,8267500,446436
ecdsa-P-521,verify,30,8268704,446501
ecdsa-P-521,verify,31,8266463,446379
ecdsa-P-521,verify,32,8264223,446259
ecdsa-P-521,verify,33,8286815,447480
ecdsa-P-521,verify,34,8268871,446510
ecdsa-P-521,verify,35,8273129,446740
ecdsa-P-521,verify,36,8266074,446360
ecdsa-P-521,verify,37,8269444,446540
ecdsa-P-521,verify,38,8267056,446412
ecdsa-P-521,verify,39,8275371,446862
ecdsa-P-521,verify,40,8278667,447038
ecdsa-P-521,verify,41,8272259,446693
ecdsa-P-521,verify,42,8274852,446833
ecdsa-P-521,verify,43,8272574,446711
ecdsa-P-521,verify,44,8405037,453861
ecdsa-P-521,verify,45,8867315,478825
ecdsa-P-521,verify,46,8277537,446976
ecdsa-P-521,verify,47,8267574,446439
ecdsa-P-521,verify,48,8268481,446488
ecdsa-P-521,verify,49,8458148,456731
ecdsa-P-521,verify,50,9024167,487295
ecdsa-P-521,verify,51,8277445,446974
ecdsa-P-521,verify,52,8264370,446268
ecdsa-P-521,verify,53,8266722,446394
ecdsa-P-521,verify,54,8474426,457609
ecdsa-P-521,verify,55,8979722,484894
ecdsa-P-521,verify,56,8591296,463920
ecdsa-P-521,verify,57,8268333,446480
ecdsa-P-521,verify,58,8276814,446939
ecdsa-P-521,verify,59,8264000,446248
ecdsa-P-521,verify,60,8271445,446650
ecdsa-P-521,verify,61,8261814,446129
ecdsa-P-521,verify,62,8268408,446485
ecdsa-P-521,verify,63,8267556,446439
ecdsa-P-521,verify,64,8272481,446704
ecdsa-P-521,verify,65,8273352,446753
ecdsa-P-521,verify,66,8262963,446190
ecdsa-P-521,verify,67,8299000,448136
ecdsa-P-521,verify,68,8269870,446565
ecdsa-P-521,verify,69,8262834,446185
ecdsa-P-521,verify,70,8264203,446258
ecdsa-P-521,verify,71,8271593,446656
ecdsa-P-521,verify,72,8271444,446649
ecdsa-P-521,verify,73,8273612,446766
ecdsa-P-521,verify,74,8272426,446702
ecdsa-P-521,verify,75,8670777,468200
ecdsa-P-521,verify,76,8291463,447728
ecdsa-P-521,verify,77,8275296,446857
ecdsa-P-521,verify,78,8264796,446291
ecdsa-P-521,verify,79,8277370,446969
ecdsa-P-521,verify,80,8271463,446649
ecdsa-P-521,verify,81,8274093,446793
ecdsa-P-521,verify,82,8265351,446319
ecdsa-P-521,verify,83,8270685,446608
ecdsa-P-521,verify,84,8270871,446619
ecdsa-P-521,verify,85,8269408,446538
ecdsa-P-521,verify,86,8275833,446886
ecdsa-P-521,verify,87,8275093,446845
ecdsa-P-521,verify,88,8268074,446467
ecdsa-P-521,verify,89,8272426,446703
ecdsa-P-521,verify,90,8270389,446592
ecdsa-P-521,verify,91,8259648,446012
ecdsa-P-521,verify,92,8271870,446672
ecdsa-P-521,verify,93,8268296,446478
ecdsa-P-521,verify,94,8300204,448202
ecdsa-P-521,verify,95,8271760,446666
ecdsa-P-521,verify,96,8273704,446771
ecdsa-P-521,verify,97,8276648,446930
ecdsa-P-521,verify,98,8262148,446147
ecdsa-P-521,verify,99,8267167,446418
ecdsa-P-521,verify,100,8276981,446948
ecdsa-P-521,verify,101,8271648,446661
ecdsa-P-521,verify,102,8273389,446755
ecdsa-P-521,verify,103,8264500,446273
ecdsa-P-521,verify,104,8271130,446632
ecdsa-P-521,verify,105,8265426,446324
ecdsa-P-521,verify,106,8266611,446389
ecdsa-P-521,verify,107,8262166,446148
ecdsa-P-521,verify,108,8265297,446318
ecdsa-P-521,verify,109,8264593,446278
ecdsa-P-521,verify,110,8264351,446267
ecdsa-P-521,verify,111,8271500,446651
ecdsa-P-521,verify,112,8266074,446360
ecdsa-P-521,verify,113,8265574,446333
ecdsa-P-521,verify,114,8265666,446338
ecdsa-P-521,verify,115,8274500,446814
ecdsa-P-521,verify,116,8263574,446224
ecdsa-P-521,verify,117,8265945,446352
ecdsa-P-521,verify,118,8274037,446789
ecdsa-P-521,verify,119,8271259,446640
ecdsa-P-521,verify,120,8262833,446184
ecdsa-P-521,verify,121,8263482,446220
ecdsa-P-521,verify,122,8270074,446575
ecdsa-P-521,verify,123,8269537,446547
ecdsa-P-521,verify,124,8270889,446618
ecdsa-P-521,verify,125,8257778,445912
ecdsa-P-521,verify,126,8272667,446714
ecdsa-P-521,verify,127,8268259,446476
ecdsa-P-521,verify,128,8265722,446341
ecdsa-P-521,verify,129,8259723,446016
ecdsa-P-521,verify,130,8274852,446832
ecdsa-P-521,verify,131,8261981,446138
ecdsa-P-521,verify,132,8258333,445940
ecdsa-P-521,verify,133,8270629,446604
ecdsa-P-521,verify,134,8267685,446446
ecdsa-P-521,verify,135,8264852,446293
ecdsa-P-521,verify,136,8264203,446258
ecdsa-P-521,verify,137,8263426,446216
ecdsa-P-521,verify,138,8274722,446826
ecdsa-P-521,verify,139,8269093,446522
ecdsa-P-521,verify,140,8258445,445947
ecdsa-P-521,verify,141,8275407,446864
ecdsa-P-521,verify,142,8276130,446901
ecdsa-P-521,verify,143,8267315,446426
ecdsa-P-521,verify,144,8258722,445963
ecdsa-P-521,verify,145,8267592,446442
ecdsa-P-521,verify,146,8265260,446315
ecdsa-P-521,verify,147,8264500,446274
ecdsa-P-521,verify,148,8335667,450118
ecdsa-P-521,verify,149,8271481,446650
ecdsa-P-521,verify,150,8260907,446080
ecdsa-P-521,verify,151,8259259,445991
ecdsa-P-521,verify,152,8265037,446303
ecdsa-P-521,verify,153,8265908,446349
ecdsa-P-521,verify,154,8275796,446884
ecdsa-P-521,verify,155,8272649,446714
ecdsa-P-521,verify,156,8295130,447929
ecdsa-P-521,verify,157,8265574,446331
ecdsa-P-521,verify,158,8297722,448067
ecdsa-P-521,verify,159,8275611,446874
ecdsa-P-521,verify,160,8273944,446785
ecdsa-P-521,verify,161,8269463,446542
ecdsa-P-521,verify,162,8258667,445958
ecdsa-P-521,verify,163,8260963,446084
ecdsa-P-521,verify,164,8275203,446852
ecdsa-P-521,verify,165,8267685,446447
ecdsa-P-521,verify,166,8266649,446390
ecdsa-P-521,verify,167,8264408,446268
ecdsa-P-521,verify,168,8266630,446388
ecdsa-P-521,verify,169,8272259,446694
ecdsa-P-521,verify,170,8263296,446209
ecdsa-P-521,verify,171,8263518,446221
ecdsa-P-521,verify,172,8272111,446685
ecdsa-P-521,verify,173,8268203,446475
ecdsa-P-521,verify,174,8269241,446531
ecdsa-P-521,verify,175,8269519,446544
ecdsa-P-521,verify,176,8275463,446867
ecdsa-P-521,verify,177,8262240,446151
ecdsa-P-521,verify,178,8263056,446196
ecdsa-P-521,verify,179,8272851,446725
ecdsa-P-521,verify,180,8252352,445618
ecdsa-P-521,verify,181,8266926,446405
ecdsa-P-521,verify,182,8259574,446008
ecdsa-P-521,verify,183,8439667,455732
ecdsa-P-521,verify,184,8874148,479194
ecdsa-P-521,verify,185,8275074,446845
ecdsa-P-521,verify,186,8267648,446443
ecdsa-P-521,verify,187,8267055,446412
ecdsa-P-521,verify,188,8464834,457092
ecdsa-P-521,verify,189,9019167,487026
ecdsa-P-521,verify,190,8272278,446694
ecdsa-P-521,verify,191,8304703,448445
ecdsa-P-521,verify,192,8273778,446775
ecdsa-P-521,verify,193,8526352,460412
ecdsa-P-521,verify,194,9142445,493681
ecdsa-P-521,verify,195,8382241,452630
ecdsa-P-521,verify,196,8382945,452669
ecdsa-P-521,verify,197,8283333,447291
ecdsa-P-521,verify,198,8281315,447182
ecdsa-P-521,verify,199,8268296,446480
ecdsa-P-521,verify,200,8265741,446341
ecdsa-P-521,verify,201,8269148,446524
ecdsa-P-521,verify,202,8265186,446311
ecdsa-P-521,verify,203,8264926,446296
ecdsa-P-521,verify,204,8272888,446727
ecdsa-P-521,verify,205,8267852,446454
ecdsa-P-521,verify,206,8276370,446915
ecdsa-P-521,verify,207,8270537,446600
ecdsa-P-521,verify,208,8268370,446483
ecdsa-P-521,verify,209,8271111,446630
ecdsa-P-521,verify,210,8268982,446516
ecdsa-P-521,verify,211,8262334,446157
ecdsa-P-521,verify,212,8267778,446451
ecdsa-P-521,verify,213,8267314,446425
ecdsa-P-521,verify,214,8269481,446543
ecdsa-P-521,verify,215,8264574,446279
ecdsa-P-521,verify,216,8265815,446347
ecdsa-P-521,verify,217,8263593,446225
ecdsa-P-521,verify,218,8306203,448526
ecdsa-P-521,verify,219,8275296,446858
ecdsa-P-521,verify,220,8273667,446770
ecdsa-P-521,verify,221,8269981,446570
ecdsa-P-521,verify,222,8261834,446131
ecdsa-P-521,verify,223,8261481,446110
ecdsa-P-521,verify,224,8258759,445964
ecdsa-P-521,verify,225,8264870,446295
ecdsa-P-521,verify,226,8264444,446270
ecdsa-P-521,verify,227,8262945,446190
ecdsa-P-521,verify,228,8263667,446230
ecdsa-P-521,verify,229,8277334,446967
ecdsa-P-521,verify,230,8276759,446937
ecdsa-P-521,verify,231,8267407,446431
ecdsa-P-521,verify,232,8265518,446330
ecdsa-P-521,verify,233,8273278,446748
ecdsa-P-521,verify,234,8265685,446337
ecdsa-P-521,verify,235,8278111,447008
ecdsa-P-521,verify,236,8268500,446490
ecdsa-P-521,verify,237,8263482,446219
ecdsa-P-521,verify,238,8259556,446007
ecdsa-P-521,verify,239,8269870,446564
ecdsa-P-521,verify,240,8267741,446449
ecdsa-P-521,verify,241,8266574,446387
ecdsa-P-521,verify,242,8267333,446427
ecdsa-P-521,verify,243,8262982,446193
ecdsa-P-521,verify,244,8270037,446574
ecdsa-P-521,verify,245,8272000,446678
ecdsa-P-521,verify,246,8261649,446119
ecdsa-P-521,verify,247,8268203,446474
ecdsa-P-521,verify,248,8265037,446304
ecdsa-P-521,verify,249,8270426,446594
ecdsa-P-521,verify,250,8278574,447033
ecdsa-P-521,verify,251,8257648,445903
ecdsa-P-521,verify,252,8270333,446588
ecdsa-P-521,verify,253,8262241,446152
ecdsa-P-521,verify,254,8266574,446387
ecdsa-P-521,verify,255,8258408,445945
ecdsa-P-521,verify,256,8267760,446451
ecdsa-P-521,verify,257,8265760,446341
ecdsa-P-521,verify,258,8269259,446531
ecdsa-P-521,verify,259,8266889,446403
ecdsa-P-521,verify,260,8270963,446623
ecdsa-P-521,verify,261,8274056,446791
ecdsa-P-521,verify,262,8272463,446704
ecdsa-P-521,verify,263,8270352,446591
ecdsa-P-521,verify,264,8286796,447478
ecdsa-P-521,verify,265,8260445,446055
ecdsa-P-521,verify,266,8267204,446419
ecdsa-P-521,verify,267,8270630,446606
ecdsa-P-521,verify,268,8268352,446482
ecdsa-P-521,verify,269,8261907,446134
ecdsa-P-521,verify,270,8261389,446106
ecdsa-P-521,verify,271,8264630,446280
ecdsa-P-521,verify,272,8342889,450508
ecdsa-P-521,verify,273,8271203,446637
ecdsa-P-521,verify,274,8280722,447149
ecdsa-P-521,verify,275,8275760,446883
ecdsa-P-521,verify,276,8263111,446200
ecdsa-P-521,verify,277,8265852,446347
ecdsa-P-521,verify,278,8270074,446574
ecdsa-P-521,verify,279,8300222,448203
ecdsa-P-521,verify,280,8266741,446396
ecdsa-P-521,verify,281,8263185,446202
ecdsa-P-521,verify,282,8259389,445998
ecdsa-P-521,verify,283,8263408,446214
ecdsa-P-521,verify,284,8263186,446204
ecdsa-P-521,verify,285,8269463,446542
ecdsa-P-521,verify,286,8262074,446143
ecdsa-P-521,verify,287,8265296,446317
ecdsa-P-521,verify,288,8292223,447771
ecdsa-P-521,verify,289,8271629,446658
ecdsa-P-521,verify,290,8268704,446501
ecdsa-P-521,verify,291,8264426,446271
ecdsa-P-521,verify,292,8265649,446335
ecdsa-P-521,verify,293,8277315,446967
ecdsa-P-521,verify,294,8269000,446519
ecdsa-P-521,verify,295,8261223,446096
ecdsa-P-521,verify,296,8261259,446100
ecdsa-P-521,verify,297,8258093,445929
ecdsa-P-521,verify,298,8264759,446289
ecdsa-P-521,verify,299,8263889,446240
ecdsa-P-521,verify,300,8267926,446459
ecdsa-P-521,verify,301,8268574,446495
ecdsa-P-521,verify,302,8263000,446194
ecdsa-P-521,verify,303,8274333,446804
ecdsa-P-521,verify,304,8272703,446716
ecdsa-P-521,verify,305,8270648,446607
ecdsa-P-521,verify,306,8264074,446252
ecdsa-P-521,verify,307,8261352,446104
ecdsa-P-521,verify,308,8277778,446990
ecdsa-P-521,verify,309,8274463,446812
ecdsa-P-521,verify,310,8297481,448055
ecdsa-P-521,verify,311,8273111,446739
ecdsa-P-521,verify,312,8261315,446103
ecdsa-P-521,verify,313,8266537,446383
ecdsa-P-521,verify,314,8269685,446553
ecdsa-P-521,verify,315,8265796,446345
ecdsa-P-521,verify,316,8263074,446198
ecdsa-P-521,verify,317,8262852,446186
ecdsa-P-521,verify,318,8274907,446837
ecdsa-P-521,verify,319,8269722,446556
ecdsa-P-521,verify,320,8264666,446283
ecdsa-P-521,verify,321,8274463,446812
ecdsa-P-521,verify,322,8433518,455400
ecdsa-P-521,verify,323,8859463,478401
ecdsa-P-521,verify,324,8262870,446185
ecdsa-P-521,verify,325,8266593,446388
ecdsa-P-521,verify,326,8270352,446591
ecdsa-P-521,verify,327,8464593,457078
ecdsa-P-521,verify,328,9018130,486969
ecdsa-P-521,verify,329,8268778,446505
ecdsa-P-521,verify,330,8271611,446658
ecdsa-P-521,verify,331,8279352,447076
ecdsa-P-521,verify,332,8524852,460332
ecdsa-P-521,verify,333,9136129,493341
ecdsa-P-521,verify,334,8380555,452542
ecdsa-P-521,verify,335,8264055,446251
ecdsa-P-521,verify,336,8271907,446675
ecdsa-P-521,verify,337,8267445,446432
ecdsa-P-521,verify,338,8263611,446225
ecdsa-P-521,verify,339,8266389,446376
ecdsa-P-521,verify,340,8275259,446856
ecdsa-P-521,verify,341,8294018,447869
ecdsa-P-521,verify,342,8269852,446563
ecdsa-P-521,verify,343,8270538,446599
ecdsa-P-521,verify,344,8268777,446505
ecdsa-P-521,verify,345,8266611,446388
ecdsa-P-521,verify,346,8274241,446799
ecdsa-P-521,verify,347,8270241,446584
ecdsa-P-521,verify,348,8267686,446445
ecdsa-P-521,verify,349,8268352,446482
ecdsa-P-521,verify,350,8264111,446253
ecdsa-P-521,verify,351,8262649,446173
ecdsa-P-521,verify,352,8266759,446395
ecdsa-P-521,verify,353,8274000,446788
ecdsa-P-521,verify,354,8265611,446334
ecdsa-P-521,verify,355,8266222,446367
ecdsa-P-521,verify,356,8271611,446659
ecdsa-P-521,verify,357,8256777,445858
ecdsa-P-521,verify,358,8266426,446378
ecdsa-P-521,verify,359,8266926,446404
ecdsa-P-521,verify,360,8269463,446542
ecdsa-P-521,verify,361,8267018,446410
ecdsa-P-521,verify,362,8268797,446506
ecdsa-P-521,verify,363,8266518,446382
ecdsa-P-521,verify,364,8264648,446281
ecdsa-P-521,verify,365,8263759,446235
ecdsa-P-521,verify,366,8264926,446298
ecdsa-P-521,verify,367,8264000,446247
ecdsa-P-521,verify,368,8268055,446466
ecdsa-P-521,verify,369,8267055,446412
ecdsa-P-521,verify,370,8276426,446919
ecdsa-P-521,verify,371,8262278,446154
ecdsa-P-521,verify,372,8267148,446417
ecdsa-P-521,verify,373,8261037,446087
ecdsa-P-521,verify,374,8261945,446136
ecdsa-P-521,verify,375,8259593,446008
ecdsa-P-521,verify,376,8273685,446770
ecdsa-P-521,verify,377,8265167,446309
ecdsa-P-521,verify,378,8263204,446204
ecdsa-P-521,verify,379,8268315,446480
ecdsa-P-521,verify,380,8267426,446433
ecdsa-P-521,verify,381,8265907,446349
ecdsa-P-521,verify,382,8269481,446543
ecdsa-P-521,verify,383,8274945,446839
ecdsa-P-521,verify,384,8278518,447030
ecdsa-P-521,verify,385,8271555,446656
ecdsa-P-521,verify,386,8269092,446522
ecdsa-P-521,verify,387,8276426,446918
ecdsa-P-521,verify,388,8262241,446153
ecdsa-P-521,verify,389,8265963,446354
ecdsa-P-521,verify,390,8269852,446562
ecdsa-P-521,verify,391,8260297,446047
ecdsa-P-521,verify,392,8265593,446333
ecdsa-P-521,verify,393,8273981,446786
ecdsa-P-521,verify,394,8265185,446312
ecdsa-P-521,verify,395,8322778,449421
ecdsa-P-521,verify,396,8274907,446835
ecdsa-P-521,verify,397,8258611,445958
ecdsa-P-521,verify,398,8267481,446434
ecdsa-P-521,verify,399,8279037,447060
ecdsa-P-521,verify,400,8269166,446525
ecdsa-P-521,verify,401,8266834,446400
ecdsa-P-521,verify,402,8259852,446023
ecdsa-P-521,verify,403,8289815,447641
ecdsa-P-521,verify,404,8272259,446692
ecdsa-P-521,verify,405,8267537,446438
ecdsa-P-521,verify,406,8259056,445979
ecdsa-P-521,verify,407,8268815,446507
ecdsa-P-521,verify,408,8272204,446689
ecdsa-P-521,verify,409,8265518,446329
ecdsa-P-521,verify,410,8269519,446546
ecdsa-P-521,verify,411,8262723,446177
ecdsa-P-521,verify,412,8273241,446746
ecdsa-P-521,verify,413,8264222,446258
ecdsa-P-521,verify,414,8280296,447126
ecdsa-P-521,verify,415,8264130,446253
ecdsa-P-521,verify,416,8260574,446063
ecdsa-P-521,verify,417,8269537,446545
ecdsa-P-521,verify,418,8257667,445904
ecdsa-P-521,verify,419,8267574,446441
ecdsa-P-521,verify,420,8260389,446051
ecdsa-P-521,verify,421,8266537,446385
ecdsa-P-521,verify,422,8257445,445893
ecdsa-P-521,verify,423,8269778,446560
ecdsa-P-521,verify,424,8270204,446582
ecdsa-P-521,verify,425,8267518,446437
ecdsa-P-521,verify,426,8262185,446148
ecdsa-P-521,verify,427,8272167,446689
ecdsa-P-521,verify,428,8270259,446585
ecdsa-P-521,verify,429,8271333,446643
ecdsa-P-521,verify,430,8297778,448071
ecdsa-P-521,verify,431,8265519,446329
ecdsa-P-521,verify,432,8264371,446267
ecdsa-P-521,verify,433,8266130,446363
ecdsa-P-521,verify,434,8265833,446345
ecdsa-P-521,verify,435,8266037,446357
ecdsa-P-521,verify,436,8258870,445969
ecdsa-P-521,verify,437,8263685,446230
ecdsa-P-521,verify,438,8268963,446515
ecdsa-P-521,verify,439,8265574,446332
ecdsa-P-521,verify,440,8264963,446299
ecdsa-P-521,verify,441,8269333,446536
ecdsa-P-521,verify,442,8259944,446027
ecdsa-P-521,verify,443,8262241,446151
ecdsa-P-521,verify,444,8282389,447240
ecdsa-P-521,verify,445,8266000,446356
ecdsa-P-521,verify,446,8263574,446224
ecdsa-P-521,verify,447,8274241,446800
ecdsa-P-521,verify,448,8261167,446094
ecdsa-P-521,verify,449,8259056,445980
ecdsa-P-521,verify,450,8271408,446647
ecdsa-P-521,verify,451,8270556,446600
ecdsa-P-521,verify,452,8266500,446382
ecdsa-P-521,verify,453,8267426,446432
ecdsa-P-521,verify,454,8260778,446073
ecdsa-P-521,verify,455,8268518,446492
ecdsa-P-521,verify,456,8259111,445983
ecdsa-P-521,verify,457,8272944,446729
ecdsa-P-521,verify,458,8276870,446943
ecdsa-P-521,verify,459,8267648,446443
ecdsa-P-521,verify,460,8271018,446626
ecdsa-P-521,verify,461,8593759,464053
ecdsa-P-521,verify,462,8708204,470231
ecdsa-P-521,verify,463,8270111,446578
ecdsa-P-521,verify,464,8266018,446356
ecdsa-P-521,verify,465,8292703,447797
ecdsa-P-521,verify,466,8672463,468303
ecdsa-P-521,verify,467,8822018,476379
ecdsa-P-521,verify,468,8283408,447295
ecdsa-P-521,verify,469,8270297,446586
ecdsa-P-521,verify,470,8275167,446850
ecdsa-P-521,verify,471,8526778,460437
ecdsa-P-521,verify,472,9248815,499425
ecdsa-P-521,verify,473,8274185,446796
ecdsa-P-521,verify,474,8262519,446167
ecdsa-P-521,verify,475,8267815,446452
ecdsa-P-521,verify,476,8275796,446885
ecdsa-P-521,verify,477,8271074,446629
ecdsa-P-521,verify,478,8264778,446289
ecdsa-P-521,verify,479,8288297,447559
ecdsa-P-521,verify,480,8264741,446287
ecdsa-P-521,verify,481,8265741,446341
ecdsa-P-521,verify,482,8271537,446654
ecdsa-P-521,verify,483,8268815,446508
ecdsa-P-521,verify,484,8262260,446154
ecdsa-P-521,verify,485,8267981,446462
ecdsa-P-521,verify,486,8273426,446757
ecdsa-P-521,verify,487,8269833,446562
ecdsa-P-521,verify,488,8276166,446903
ecdsa-P-521,verify,489,8266926,446404
ecdsa-P-521,verify,490,8273444,446757
ecdsa-P-521,verify,491,8281018,447167
ecdsa-P-521,verify,492,8271481,446650
ecdsa-P-521,verify,493,8263815,446237
ecdsa-P-521,verify,494,8262130,446147
ecdsa-P-521,verify,495,8264889,446294
ecdsa-P-521,verify,496,8262926,446190
ecdsa-P-521,verify,497,8270537,446599
ecdsa-P-521,verify,498,8274463,446811
ecdsa-P-521,verify,499,8264556,446278
ecdsa-P-521,verify,500,8273351,446752
ecdsa-P-521,verify,501,8266852,446401
ecdsa-P-521,verify,502,8262722,446178
ecdsa-P-521,verify,503,8267463,446434
ecdsa-P-521,verify,504,8265667,446337
ecdsa-P-521,verify,505,8265463,446327
ecdsa-P-521,verify,506,8265426,446325
ecdsa-P-521,verify,507,8266611,446388
ecdsa-P-521,verify,508,8266778,446397
ecdsa-P-521,verify,509,8265019,446301
ecdsa-P-521,verify,510,8261945,446137
ecdsa-P-521,verify,511,8266537,446384
ecdsa-P-521,verify,512,8267241,446423
ecdsa-P-521,verify,513,8268629,446497
ecdsa-P-521,verify,514,8269834,446562
ecdsa-P-521,verify,515,8260796,446075
ecdsa-P-521,verify,516,8267426,446432
ecdsa-P-521,verify,517,8270389,446592
ecdsa-P-521,verify,518,8267408,446430
ecdsa-P-521,verify,519,8344351,450585
ecdsa-P-521,verify,520,8283055,447275
ecdsa-P-521,verify,521,8265666,446338
ecdsa-P-521,verify,522,8267222,446420
ecdsa-P-521,verify,523,8268315,446479
ecdsa-P-521,verify,524,8267333,446427
ecdsa-P-521,verify,525,8262963,446191
ecdsa-P-521,verify,526,8295148,447929
ecdsa-P-521,verify,527,8274871,446833
ecdsa-P-521,verify,528,8273463,446758
ecdsa-P-521,verify,529,8267463,446435
ecdsa-P-521,verify,530,8271130,446632
ecdsa-P-521,verify,531,8268889,446510
ecdsa-P-521,verify,532,8270259,446585
ecdsa-P-521,verify,533,8267871,446456
ecdsa-P-521,verify,534,8268648,446498
ecdsa-P-521,verify,535,8275278,446857
ecdsa-P-521,verify,536,8263574,446225
ecdsa-P-521,verify,537,8268889,446510
ecdsa-P-521,verify,538,8265759,446343
ecdsa-P-521,verify,539,8262629,446173
ecdsa-P-521,verify,540,8261537,446114
ecdsa-P-521,verify,541,8275648,446876
ecdsa-P-521,verify,542,8263130,446201
ecdsa-P-521,verify,543,8268463,446488
ecdsa-P-521,verify,544,8263371,446214
ecdsa-P-521,verify,545,8265092,446305
ecdsa-P-521,verify,546,8269666,446553
ecdsa-P-521,verify,547,8262426,446162
ecdsa-P-521,verify,548,8274112,446793
ecdsa-P-521,verify,549,8306888,448562
ecdsa-P-521,verify,550,8269611,446551
ecdsa-P-521,verify,551,8266203,446365
ecdsa-P-521,verify,552,8260852,446077
ecdsa-P-521,verify,553,8269426,446539
ecdsa-P-521,verify,554,8286834,447481
ecdsa-P-521,verify,555,8265926,446353
ecdsa-P-521,verify,556,8268408,446485
ecdsa-P-521,verify,557,8265296,446317
ecdsa-P-521,verify,558,8269185,446526
ecdsa-P-521,verify,559,8265852,446346
ecdsa-P-521,verify,560,8271704,446662
ecdsa-P-521,verify,561,8269222,446530
ecdsa-P-521,verify,562,8262741,446178
ecdsa-P-521,verify,563,8269796,446559
ecdsa-P-521,verify,564,8274574,446817
ecdsa-P-521,verify,565,8266037,446357
ecdsa-P-521,verify,566,8263037,446194
ecdsa-P-521,verify,567,8254963,445759
ecdsa-P-521,verify,568,8265518,446329
ecdsa-P-521,verify,569,8264149,446255
ecdsa-P-521,verify,570,8262926,446188
ecdsa-P-521,verify,571,8266222,446366
ecdsa-P-521,verify,572,8265186,446311
ecdsa-P-521,verify,573,8274815,446831
ecdsa-P-521,verify,574,8264852,446292
ecdsa-P-521,verify,575,8260519,446059
ecdsa-P-521,verify,576,8263240,446207
ecdsa-P-521,verify,577,8260741,446070
ecdsa-P-521,verify,578,8261185,446095
ecdsa-P-521,verify,579,8277481,446976
ecdsa-P-521,verify,580,8260963,446083
ecdsa-P-521,verify,581,8264556,446277
ecdsa-P-521,verify,582,8270093,446576
ecdsa-P-521,verify,583,8263241,446205
ecdsa-P-521,verify,584,8265704,446339
ecdsa-P-521,verify,585,8269667,446552
ecdsa-P-521,verify,586,8267611,446442
ecdsa-P-521,verify,587,8271556,446655
ecdsa-P-521,verify,588,8289000,447598
ecdsa-P-521,verify,589,8270815,446615
ecdsa-P-521,verify,590,8269926,446566
ecdsa-P-521,verify,591,8270704,446609
ecdsa-P-521,verify,592,8268352,446481
ecdsa-P-521,verify,593,8276037,446897
ecdsa-P-521,verify,594,8260982,446085
ecdsa-P-521,verify,595,8271111,446631
ecdsa-P-521,verify,596,8276908,446944
ecdsa-P-521,verify,597,8267167,446417
ecdsa-P-521,verify,598,8265129,446309
ecdsa-P-521,verify,599,8270223,446583
ecdsa-P-521,verify,600,8770148,473578
ecdsa-P-521,verify,601,8537334,461006
ecdsa-P-521,verify,602,8264481,446274
ecdsa-P-521,verify,603,8274241,446799
ecdsa-P-521,verify,604,8264574,446278
ecdsa-P-521,verify,605,8824000,476487
ecdsa-P-521,verify,606,8680500,468737
ecdsa-P-521,verify,607,8260685,446068
ecdsa-P-521,verify,608,8273111,446740
ecdsa-P-521,verify,609,8267277,446424
ecdsa-P-521,verify,610,8623333,465649
ecdsa-P-521,verify,611,9135093,493285
ecdsa-P-521,verify,612,8283851,447318
ecdsa-P-521,verify,613,8270500,446598
ecdsa-P-521,verify,614,8265296,446316
ecdsa-P-521,verify,615,8267889,446457
ecdsa-P-521,verify,616,8271648,446661
ecdsa-P-521,verify,617,8276963,446947
ecdsa-P-521,verify,618,8270963,446624
ecdsa-P-521,verify,619,8269704,446554
ecdsa-P-521,verify,620,8261148,446093
ecdsa-P-521,verify,621,8264963,446299
ecdsa-P-521,verify,622,8261315,446102
ecdsa-P-521,verify,623,8266593,446387
ecdsa-P-521,verify,624,8263574,446224
ecdsa-P-521,verify,625,8272834,446723
ecdsa-P-521,verify,626,8278130,447009
ecdsa-P-521,verify,627,8267519,446437
ecdsa-P-521,verify,628,8267981,446463
ecdsa-P-521,verify,629,8265574,446333
ecdsa-P-521,verify,630,8263148,446201
ecdsa-P-521,verify,631,8269093,446521
ecdsa-P-521,verify,632,8269148,446526
ecdsa-P-521,verify,633,8272203,446690
ecdsa-P-521,verify,634,8259592,446009
ecdsa-P-521,verify,635,8270259,446586
ecdsa-P-521,verify,636,8272056,446683
ecdsa-P-521,verify,637,8259370,445997
ecdsa-P-521,verify,638,8272593,446710
ecdsa-P-521,verify,639,8272556,446708
ecdsa-P-521,verify,640,8267185,446418
ecdsa-P-521,verify,641,8273815,446776
ecdsa-P-521,verify,642,8334333,450045
ecdsa-P-521,verify,643,8261945,446137
ecdsa-P-521,verify,644,8267982,446462
ecdsa-P-521,verify,645,8267722,446448
ecdsa-P-521,verify,646,8263722,446232
ecdsa-P-521,verify,647,8274055,446791
ecdsa-P-521,verify,648,8270111,446577
ecdsa-P-521,verify,649,8267500,446436
ecdsa-P-521,verify,650,8282500,447247
ecdsa-P-521,verify,651,8271333,446643
ecdsa-P-521,verify,652,8267204,446421
ecdsa-P-521,verify,653,8264315,446265
ecdsa-P-521,verify,654,8268741,446502
ecdsa-P-521,verify,655,8276223,446907
ecdsa-P-521,verify,656,8266481,446382
ecdsa-P-521,verify,657,8275741,446880
ecdsa-P-521,verify,658,8272722,446719
ecdsa-P-521,verify,659,8263982,446245
ecdsa-P-521,verify,660,8259352,445996
ecdsa-P-521,verify,661,8261796,446127
ecdsa-P-521,verify,662,8264445,446271
ecdsa-P-521,verify,663,8262037,446141
ecdsa-P-521,verify,664,8270426,446594
ecdsa-P-521,verify,665,8266649,446390
ecdsa-P-521,verify,666,8265259,446315
ecdsa-P-521,verify,667,8258667,445959
ecdsa-P-521,verify,668,8277926,446999
ecdsa-P-521,verify,669,8268926,446513
ecdsa-P-521,verify,670,8274777,446829
ecdsa-P-521,verify,671,8262333,446157
ecdsa-P-521,verify,672,8260500,446058
ecdsa-P-521,verify,673,8292278,447774
ecdsa-P-521,verify,674,8267981,446462
ecdsa-P-521,verify,675,8256945,445865
ecdsa-P-521,verify,676,8271778,446668
ecdsa-P-521,verify,677,8278056,447006
ecdsa-P-521,verify,678,8262648,446174
ecdsa-P-521,verify,679,8261130,446092
ecdsa-P-521,verify,680,8262704,446177
ecdsa-P-521,verify,681,8263648,446229
ecdsa-P-521,verify,682,8265815,446346
ecdsa-P-521,verify,683,8266037,446357
ecdsa-P-521,verify,684,8269519,446544
ecdsa-P-521,verify,685,8278518,447031
ecdsa-P-521,verify,686,8268519,446492
ecdsa-P-521,verify,687,8265130,446308
ecdsa-P-521,verify,688,8269611,446550
ecdsa-P-521,verify,689,8267018,446409
ecdsa-P-521,verify,690,8264852,446294
ecdsa-P-521,verify,691,8263277,446207
ecdsa-P-521,verify,692,8654666,467335
ecdsa-P-521,verify,693,8294593,447900
ecdsa-P-521,verify,694,8280203,447121
ecdsa-P-521,verify,695,8272389,446700
ecdsa-P-521,verify,696,8273814,446776
ecdsa-P-521,verify,697,8260834,446075
ecdsa-P-521,verify,698,8303704,448391
ecdsa-P-521,verify,699,8272686,446715
ecdsa-P-521,verify,700,8272593,446711
ecdsa-P-521,verify,701,8269352,446535
ecdsa-P-521,verify,702,8271314,446643
ecdsa-P-521,verify,703,8268000,446463
ecdsa-P-521,verify,704,8267741,446450
ecdsa-P-521,verify,705,8266926,446405
ecdsa-P-521,verify,706,8264408,446268
ecdsa-P-521,verify,707,8275240,446854
ecdsa-P-521,verify,708,8264167,446256
ecdsa-P-521,verify,709,8260000,446033
ecdsa-P-521,verify,710,8271296,446642
ecdsa-P-521,verify,711,8262204,446150
ecdsa-P-521,verify,712,8298722,448122
ecdsa-P-521,verify,713,8271056,446627
ecdsa-P-521,verify,714,8269129,446523
ecdsa-P-521,verify,715,8266630,446390
ecdsa-P-521,verify,716,8271833,446669
ecdsa-P-521,verify,717,8265259,446316
ecdsa-P-521,verify,718,8267815,446453
ecdsa-P-521,verify,719,8262056,446142
ecdsa-P-521,verify,720,8269352,446535
ecdsa-P-521,verify,721,8267870,446455
ecdsa-P-521,verify,722,8267370,446430
ecdsa-P-521,verify,723,8277407,446972
ecdsa-P-521,verify,724,8266389,446376
ecdsa-P-521,verify,725,8263222,446204
ecdsa-P-521,verify,726,8257241,445882
ecdsa-P-521,verify,727,8277314,446966
ecdsa-P-521,verify,728,8262926,446189
ecdsa-P-521,verify,729,8272333,446698
ecdsa-P-521,verify,730,8258852,445970
ecdsa-P-521,verify,731,8257852,445914
ecdsa-P-521,verify,732,8264611,446281
ecdsa-P-521,verify,733,8257555,445898
ecdsa-P-521,verify,734,8264148,446254
ecdsa-P-521,verify,735,8275167,446851
ecdsa-P-521,verify,736,8266056,446359
ecdsa-P-521,verify,737,8277555,446978
ecdsa-P-521,verify,738,8273870,446781
ecdsa-P-521,verify,739,8436185,455543
ecdsa-P-521,verify,740,8883537,479700
ecdsa-P-521,verify,741,8269648,446551
ecdsa-P-521,verify,742,8270500,446599
ecdsa-P-521,verify,743,8258870,445970
ecdsa-P-521,verify,744,8465556,457130
ecdsa-P-521,verify,745,9029056,487558
ecdsa-P-521,verify,746,8264408,446269
ecdsa-P-521,verify,747,8271649,446660
ecdsa-P-521,verify,748,8270704,446609
ecdsa-P-521,verify,749,8532611,460750
ecdsa-P-521,verify,750,9233889,498618
ecdsa-P-521,verify,751,8274389,446807
ecdsa-P-521,verify,752,8273500,446760
ecdsa-P-521,verify,753,8270426,446596
ecdsa-P-521,verify,754,8270463,446597
ecdsa-P-521,verify,755,8264889,446295
ecdsa-P-521,verify,756,8272277,446693
ecdsa-P-521,verify,757,8270889,446619
ecdsa-P-521,verify,758,8269685,446555
ecdsa-P-521,verify,759,8269981,446569
ecdsa-P-521,verify,760,8271519,446651
ecdsa-P-521,verify,761,8270129,446578
ecdsa-P-521,verify,762,8271592,446657
ecdsa-P-521,verify,763,8260185,446040
ecdsa-P-521,verify,764,8263463,446217
ecdsa-P-521,verify,765,8335888,450129
ecdsa-P-521,verify,766,8271185,446636
ecdsa-P-521,verify,767,8268481,446490
ecdsa-P-521,verify,768,8265278,446316
ecdsa-P-521,verify,769,8271037,446628
ecdsa-P-521,verify,770,8264278,446263
ecdsa-P-521,verify,771,8267463,446434
ecdsa-P-521,verify,772,8281796,447208
ecdsa-P-521,verify,773,8295871,447968
ecdsa-P-521,verify,774,8277278,446964
ecdsa-P-521,verify,775,8269259,446532
ecdsa-P-521,verify,776,8266315,446372
ecdsa-P-521,verify,777,8264351,446265
ecdsa-P-521,verify,778,8261815,446130
ecdsa-P-521,verify,779,8269889,446566
ecdsa-P-521,verify,780,8261333,446102
ecdsa-P-521,verify,781,8265963,446353
ecdsa-P-521,verify,782,8277130,446956
ecdsa-P-521,verify,783,8268574,446493
ecdsa-P-521,verify,784,8266389,446376
ecdsa-P-521,verify,785,8284629,447360
ecdsa-P-521,verify,786,8262426,446163
ecdsa-P-521,verify,787,8261389,446107
ecdsa-P-521,verify,788,8268574,446495
ecdsa-P-521,verify,789,8270185,446581
ecdsa-P-521,verify,790,8268445,446486
ecdsa-P-521,verify,791,8260222,446043
ecdsa-P-521,verify,792,8305223,448473
ecdsa-P-521,verify,793,8261834,446130
ecdsa-P-521,verify,794,8266537,446384
ecdsa-P-521,verify,795,8269778,446559
ecdsa-P-521,verify,796,8272351,446698
ecdsa-P-521,verify,797,8269666,446552
ecdsa-P-521,verify,798,8268297,446479
ecdsa-P-521,verify,799,8265703,446339
ecdsa-P-521,verify,800,8275333,446860
ecdsa-P-521,verify,801,8263426,446216
ecdsa-P-521,verify,802,8265926,446351
ecdsa-P-521,verify,803,8277778,446992
ecdsa-P-521,verify,804,8272870,446727
ecdsa-P-521,verify,805,8268167,446472
ecdsa-P-521,verify,806,8269074,446521
ecdsa-P-521,verify,807,8267833,446453
ecdsa-P-521,verify,808,8267871,446455
ecdsa-P-521,verify,809,8260111,446037
ecdsa-P-521,verify,810,8267907,446458
ecdsa-P-521,verify,811,8274574,446817
ecdsa-P-521,verify,812,8268685,446501
ecdsa-P-521,verify,813,8266760,446396
ecdsa-P-521,verify,814,8272889,446726
ecdsa-P-521,verify,815,8270370,446592
ecdsa-P-521,verify,816,8271648,446660
ecdsa-P-521,verify,817,8265648,446337
ecdsa-P-521,verify,818,8277223,446960
ecdsa-P-521,verify,819,8271315,446642
ecdsa-P-521,verify,820,8259556,446007
ecdsa-P-521,verify,821,8262000,446139
ecdsa-P-521,verify,822,8261722,446124
ecdsa-P-521,verify,823,8265278,446316
ecdsa-P-521,verify,824,8282388,447240
ecdsa-P-521,verify,825,8269278,446532
ecdsa-P-521,verify,826,8258111,445929
ecdsa-P-521,verify,827,8261611,446118
ecdsa-P-521,verify,828,8276315,446913
ecdsa-P-521,verify,829,8267481,446434
ecdsa-P-521,verify,830,8272556,446709
ecdsa-P-521,verify,831,8276352,446914
ecdsa-P-521,verify,832,8273314,446749
ecdsa-P-521,verify,833,8276223,446908
ecdsa-P-521,verify,834,8264870,446294
ecdsa-P-521,verify,835,8285056,447384
ecdsa-P-521,verify,836,8262814,446183
ecdsa-P-521,verify,837,8274723,446825
ecdsa-P-521,verify,838,8264333,446266
ecdsa-P-521,verify,839,8260760,446071
ecdsa-P-521,verify,840,8264315,446264
ecdsa-P-521,verify,841,8267056,446413
ecdsa-P-521,verify,842,8271352,446644
ecdsa-P-521,verify,843,8268500,446490
ecdsa-P-521,verify,844,8267518,446438
ecdsa-P-521,verify,845,8269666,446554
ecdsa-P-521,verify,846,8264537,446276
ecdsa-P-521,verify,847,8272370,446699
ecdsa-P-521,verify,848,8267944,446461
ecdsa-P-521,verify,849,8269130,446524
ecdsa-P-521,verify,850,8261871,446131
ecdsa-P-521,verify,851,8268889,446512
ecdsa-P-521,verify,852,8264481,446273
ecdsa-P-521,verify,853,8265203,446313
ecdsa-P-521,verify,854,8271463,446651
ecdsa-P-521,verify,855,8261926,446134
ecdsa-P-521,verify,856,8269056,446520
ecdsa-P-521,verify,857,8265815,446344
ecdsa-P-521,verify,858,8278352,447024
ecdsa-P-521,verify,859,8273333,446751
ecdsa-P-521,verify,860,8262333,446158
ecdsa-P-521,verify,861,8262648,446174
ecdsa-P-521,verify,862,8278296,447020
ecdsa-P-521,verify,863,8259500,446004
ecdsa-P-521,verify,864,8271537,446655
ecdsa-P-521,verify,865,8264296,446263
ecdsa-P-521,verify,866,8262241,446152
ecdsa-P-521,verify,867,8271704,446664
ecdsa-P-521,verify,868,8270277,446586
ecdsa-P-521,verify,869,8261018,446086
ecdsa-P-521,verify,870,8275574,446871
ecdsa-P-521,verify,871,8264851,446293
ecdsa-P-521,verify,872,8274518,446815
ecdsa-P-521,verify,873,8272111,446685
ecdsa-P-521,verify,874,8266426,446378
ecdsa-P-521,verify,875,8271667,446661
ecdsa-P-521,verify,876,8268667,446499
ecdsa-P-521,verify,877,8410223,454141
ecdsa-P-521,verify,878,8894926,480316
ecdsa-P-521,verify,879,8268371,446484
ecdsa-P-521,verify,880,8273260,446746
ecdsa-P-521,verify,881,8265740,446341
ecdsa-P-521,verify,882,8445556,456050
ecdsa-P-521,verify,883,9050259,488704
ecdsa-P-521,verify,884,8278000,447003
ecdsa-P-521,verify,885,8277648,446984
ecdsa-P-521,verify,886,8270649,446606
ecdsa-P-521,verify,887,8375519,452269
ecdsa-P-521,verify,888,8883297,479687
ecdsa-P-521,verify,889,8846630,477708
ecdsa-P-521,verify,890,8273019,446735
ecdsa-P-521,verify,891,8274556,446818
ecdsa-P-521,verify,892,8268796,446506
ecdsa-P-521,verify,893,8270149,446579
ecdsa-P-521,verify,894,8265370,446321
ecdsa-P-521,verify,895,8277074,446952
ecdsa-P-521,verify,896,8287796,447533
ecdsa-P-521,verify,897,8265111,446307
ecdsa-P-521,verify,898,8266518,446384
ecdsa-P-521,verify,899,8269223,446529
ecdsa-P-521,verify,900,8260111,446036
ecdsa-P-521,verify,901,8267019,446410
ecdsa-P-521,verify,902,8267611,446443
ecdsa-P-521,verify,903,8274871,446834
ecdsa-P-521,verify,904,8255574,445793
ecdsa-P-521,verify,905,8262648,446173
ecdsa-P-521,verify,906,8266649,446391
ecdsa-P-521,verify,907,8265278,446316
ecdsa-P-521,verify,908,8266111,446361
ecdsa-P-521,verify,909,8277074,446953
ecdsa-P-521,verify,910,8271741,446664
ecdsa-P-521,verify,911,8265130,446307
ecdsa-P-521,verify,912,8294871,447914
ecdsa-P-521,verify,913,8266019,446356
ecdsa-P-521,verify,914,8262259,446153
ecdsa-P-521,verify,915,8264778,446289
ecdsa-P-521,verify,916,8268666,446499
ecdsa-P-521,verify,917,8266370,446375
ecdsa-P-521,verify,918,8265649,446336
ecdsa-P-521,verify,919,8269981,446570
ecdsa-P-521,verify,920,8276463,446920
ecdsa-P-521,verify,921,8259111,445982
ecdsa-P-521,verify,922,8271055,446627
ecdsa-P-521,verify,923,8267575,446440
ecdsa-P-521,verify,924,8275018,446841
ecdsa-P-521,verify,925,8273759,446774
ecdsa-P-521,verify,926,8266111,446361
ecdsa-P-521,verify,927,8257370,445889
ecdsa-P-521,verify,928,8260389,446052
ecdsa-P-521,verify,929,8271481,446652
ecdsa-P-521,verify,930,8268352,446481
ecdsa-P-521,verify,931,8275611,446874
ecdsa-P-521,verify,932,8266185,446366
ecdsa-P-521,verify,933,8271796,446668
ecdsa-P-521,verify,934,8272796,446723
ecdsa-P-521,verify,935,8271148,446632
ecdsa-P-521,verify,936,8267000,446409
ecdsa-P-521,verify,937,8274445,446811
ecdsa-P-521,verify,938,8274371,446807
ecdsa-P-521,verify,939,8268593,446496
ecdsa-P-521,verify,940,8262815,446183
ecdsa-P-521,verify,941,8266667,446390
ecdsa-P-521,verify,942,8258018,445925
ecdsa-P-521,verify,943,8265018,446302
ecdsa-P-521,verify,944,8260019,446032
ecdsa-P-521,verify,945,8266537,446385
ecdsa-P-521,verify,946,8270408,446592
ecdsa-P-521,verify,947,8268723,446503
ecdsa-P-521,verify,948,8264889,446295
ecdsa-P-521,verify,949,8268000,446462
ecdsa-P-521,verify,950,8267963,446462
ecdsa-P-521,verify,951,8274796,446830
ecdsa-P-521,verify,952,8265408,446324
ecdsa-P-521,verify,953,8287833,447533
ecdsa-P-521,verify,954,8269537,446546
ecdsa-P-521,verify,955,8268074,446467
ecdsa-P-521,verify,956,8263111,446199
ecdsa-P-521,verify,957,8268574,446494
ecdsa-P-521,verify,958,8285408,447403
ecdsa-P-521,verify,959,8263926,446242
ecdsa-P-521,verify,960,8265259,446314
ecdsa-P-521,verify,961,8278444,447028
ecdsa-P-521,verify,962,8268000,446463
ecdsa-P-521,verify,963,8274241,446800
ecdsa-P-521,verify,964,8262000,446139
ecdsa-P-521,verify,965,8262148,446148
ecdsa-P-521,verify,966,8268371,446483
ecdsa-P-521,verify,967,8268222,446475
ecdsa-P-521,verify,968,8275315,446857
ecdsa-P-521,verify,969,8265926,446351
ecdsa-P-521,verify,970,8277352,446969
ecdsa-P-521,verify,971,8271278,446639
ecdsa-P-521,verify,972,8264037,446249
ecdsa-P-521,verify,973,8268130,446469
ecdsa-P-521,verify,974,8267574,446441
ecdsa-P-521,verify,975,8269334,446534
ecdsa-P-521,verify,976,8267870,446456
ecdsa-P-521,verify,977,8269148,446525
ecdsa-P-521,verify,978,8268630,446498
ecdsa-P-521,verify,979,8268074,446467
ecdsa-P-521,verify,980,8272963,446732
ecdsa-P-521,verify,981,8266926,446404
ecdsa-P-521,verify,982,8279870,447105
ecdsa-P-521,verify,983,8265741,446341
ecdsa-P-521,verify,984,8270852,446617
ecdsa-P-521,verify,985,8270907,446621
ecdsa-P-521,verify,986,8258797,445965
ecdsa-P-521,verify,987,8271000,446625
ecdsa-P-521,verify,988,8268129,446470
ecdsa-P-521,verify,989,8268186,446473
ecdsa-P-521,verify,990,8271667,446661
ecdsa-P-521,verify,991,8268370,446482
ecdsa-P-521,verify,992,8273093,446737
ecdsa-P-521,verify,993,8264759,446287
ecdsa-P-521,verify,994,8265630,446335
ecdsa-P-521,verify,995,8268518,446491
ecdsa-P-521,verify,996,8267000,446409
ecdsa-P-521,verify,997,8282000,447219
ecdsa-P-521,verify,998,8263963,446244
ecdsa-P-521,verify,999,8256814,445860
