algo,op,iter,wall_ns,cycles
ecdsa-P-384,keygen,0,467981,1257758
ecdsa-P-384,keygen,1,473537,1272774
ecdsa-P-384,keygen,2,469351,1261534
ecdsa-P-384,keygen,3,473067,1271508
ecdsa-P-384,keygen,4,472121,1268980
ecdsa-P-384,keygen,5,470645,1264980
ecdsa-P-384,keygen,6,480291,1290814
ecdsa-P-384,keygen,7,476379,1280418
ecdsa-P-384,keygen,8,471154,1266406
ecdsa-P-384,keygen,9,474021,1274106
ecdsa-P-384,keygen,10,471896,1268370
ecdsa-P-384,keygen,11,467665,1257022
ecdsa-P-384,keygen,12,471823,1268178
ecdsa-P-384,keygen,13,466270,1253280
ecdsa-P-384,keygen,14,471623,1267632
ecdsa-P-384,keygen,15,462992,1244466
ecdsa-P-384,keygen,16,468608,1259526
ecdsa-P-384,keygen,17,466030,1252634
ecdsa-P-384,keygen,18,472876,1270998
ecdsa-P-384,keygen,19,471988,1268652
ecdsa-P-384,keygen,20,473850,1273618
ecdsa-P-384,keygen,21,466255,1253238
ecdsa-P-384,keygen,22,468732,1259858
ecdsa-P-384,keygen,23,468269,1258650
ecdsa-P-384,keygen,24,469665,1262302
ecdsa-P-384,keygen,25,468022,1257990
ecdsa-P-384,keygen,26,470190,1263812
ecdsa-P-384,keygen,27,471896,1268370
ecdsa-P-384,keygen,28,472322,1269542
ecdsa-P-384,keygen,29,471643,1267696
ecdsa-P-384,keygen,30,470621,1264974
ecdsa-P-384,keygen,31,472505,1270000
ecdsa-P-384,keygen,32,470918,1265776
ecdsa-P-384,keygen,33,473484,1272634
ecdsa-P-384,keygen,34,470287,1264070
ecdsa-P-384,keygen,35,474786,1276138
ecdsa-P-384,keygen,36,470516,1264660
ecdsa-P-384,keygen,37,471448,1267160
ecdsa-P-384,keygen,38,469507,1261980
ecdsa-P-384,keygen,39,471023,1266050
ecdsa-P-384,keygen,40,472139,1269056
ecdsa-P-384,keygen,41,470971,1265910
ecdsa-P-384,keygen,42,467849,1257526
ecdsa-P-384,keygen,43,469756,1262644
ecdsa-P-384,keygen,44,466897,1254966
ecdsa-P-384,keygen,45,466517,1253938
ecdsa-P-384,keygen,46,467800,1257390
ecdsa-P-384,keygen,47,474708,1275960
ecdsa-P-384,keygen,48,469306,1261434
ecdsa-P-384,keygen,49,469499,1261960
ecdsa-P-384,keygen,50,473097,1271622
ecdsa-P-384,keygen,51,465790,1251988
ecdsa-P-384,keygen,52,468849,1260208
ecdsa-P-384,keygen,53,470734,1265276
ecdsa-P-384,keygen,54,470233,1263924
ecdsa-P-384,keygen,55,466131,1252902
ecdsa-P-384,keygen,56,467129,1255582
ecdsa-P-384,keygen,57,471105,1266272
ecdsa-P-384,keygen,58,472099,1268942
ecdsa-P-384,keygen,59,469489,1261934
ecdsa-P-384,keygen,60,469450,1261824
ecdsa-P-384,keygen,61,469776,1262706
ecdsa-P-384,keygen,62,470145,1263688
ecdsa-P-384,keygen,63,468328,1258814
ecdsa-P-384,keygen,64,473704,1273266
ecdsa-P-384,keygen,65,465755,1251888
ecdsa-P-384,keygen,66,465552,1251352
ecdsa-P-384,keygen,67,472322,1269544
ecdsa-P-384,keygen,68,466347,1253486
ecdsa-P-384,keygen,69,467378,1256254
ecdsa-P-384,keygen,70,470804,1265466
ecdsa-P-384,keygen,71,468537,1259368
ecdsa-P-384,keygen,72,468645,1259658
ecdsa-P-384,keygen,73,467377,1256250
ecdsa-P-384,keygen,74,466987,1255204
ecdsa-P-384,keygen,75,469102,1260888
ecdsa-P-384,keygen,76,464801,1249328
ecdsa-P-384,keygen,77,468717,1259848
ecdsa-P-384,keygen,78,466798,1254696
ecdsa-P-384,keygen,79,468024,1257992
ecdsa-P-384,keygen,80,477480,1283404
ecdsa-P-384,keygen,81,466334,1253446
ecdsa-P-384,keygen,82,481673,1294668
ecdsa-P-384,keygen,83,469942,1263148
ecdsa-P-384,keygen,84,472427,1269824
ecdsa-P-384,keygen,85,467382,1256264
ecdsa-P-384,keygen,86,465852,1252150
ecdsa-P-384,keygen,87,465660,1251636
ecdsa-P-384,keygen,88,469585,1262184
ecdsa-P-384,keygen,89,466135,1252914
ecdsa-P-384,keygen,90,468871,1260266
ecdsa-P-384,keygen,91,465567,1251386
ecdsa-P-384,keygen,92,466496,1253880
ecdsa-P-384,keygen,93,465562,1251378
ecdsa-P-384,keygen,94,468829,1260152
ecdsa-P-384,keygen,95,465950,1252410
ecdsa-P-384,keygen,96,468126,1258268
ecdsa-P-384,keygen,97,466337,1253454
ecdsa-P-384,keygen,98,465293,1250656
ecdsa-P-384,keygen,99,468972,1260536
ecdsa-P-384,keygen,100,466024,1252620
ecdsa-P-384,keygen,101,469021,1260668
ecdsa-P-384,keygen,102,467134,1255600
ecdsa-P-384,keygen,103,468405,1259014
ecdsa-P-384,keygen,104,465848,1252146
ecdsa-P-384,keygen,105,466499,1253886
ecdsa-P-384,keygen,106,466430,1253710
ecdsa-P-384,keygen,107,469235,1261244
ecdsa-P-384,keygen,108,467693,1257102
ecdsa-P-384,keygen,109,466509,1253914
ecdsa-P-384,keygen,110,470774,1265386
ecdsa-P-384,keygen,111,470339,1264210
ecdsa-P-384,keygen,112,468641,1259654
ecdsa-P-384,keygen,113,469899,1263038
ecdsa-P-384,keygen,114,468216,1258506
ecdsa-P-384,keygen,115,466746,1254554
ecdsa-P-384,keygen,116,467322,1256100
ecdsa-P-384,keygen,117,471004,1266002
ecdsa-P-384,keygen,118,471998,1268676
ecdsa-P-384,keygen,119,471317,1266846
ecdsa-P-384,keygen,120,469690,1262466
ecdsa-P-384,keygen,121,466568,1254080
ecdsa-P-384,keygen,122,467873,1257580
ecdsa-P-384,keygen,123,465405,1250950
ecdsa-P-384,keygen,124,469361,1261580
ecdsa-P-384,keygen,125,465372,1250866
ecdsa-P-384,keygen,126,466953,1255108
ecdsa-P-384,keygen,127,466696,1254424
ecdsa-P-384,keygen,128,467144,1255626
ecdsa-P-384,keygen,129,469201,1261154
ecdsa-P-384,keygen,130,466660,1254326
ecdsa-P-384,keygen,131,468488,1259232
ecdsa-P-384,keygen,132,464748,1249188
ecdsa-P-384,keygen,133,471710,1267894
ecdsa-P-384,keygen,134,467782,1257342
ecdsa-P-384,keygen,135,470168,1263752
ecdsa-P-384,keygen,136,465204,1250412
ecdsa-P-384,keygen,137,470205,1263850
ecdsa-P-384,keygen,138,464525,1248584
ecdsa-P-384,keygen,139,468152,1258330
ecdsa-P-384,keygen,140,466482,1253848
ecdsa-P-384,keygen,141,466537,1253990
ecdsa-P-384,keygen,142,466299,1253356
ecdsa-P-384,keygen,143,468155,1258348
ecdsa-P-384,keygen,144,467490,1256558
ecdsa-P-384,keygen,145,465646,1251600
ecdsa-P-384,keygen,146,465477,1251142
ecdsa-P-384,keygen,147,476669,1281230
ecdsa-P-384,keygen,148,468767,1259986
ecdsa-P-384,keygen,149,466217,1253136
ecdsa-P-384,keygen,150,471229,1266610
ecdsa-P-384,keygen,151,470819,1265510
ecdsa-P-384,keygen,152,468770,1259996
ecdsa-P-384,keygen,153,465315,1250714
ecdsa-P-384,keygen,154,467927,1257732
ecdsa-P-384,keygen,155,463874,1246838
ecdsa-P-384,keygen,156,468498,1259262
ecdsa-P-384,keygen,157,467745,1257244
ecdsa-P-384,keygen,158,468241,1258572
ecdsa-P-384,keygen,159,466920,1255026
ecdsa-P-384,keygen,160,466755,1254580
ecdsa-P-384,keygen,161,467615,1256890
ecdsa-P-384,keygen,162,471503,1267344
ecdsa-P-384,keygen,163,471918,1268460
ecdsa-P-384,keygen,164,470944,1265842
ecdsa-P-384,keygen,165,475065,1276922
ecdsa-P-384,keygen,166,467946,1257784
ecdsa-P-384,keygen,167,469186,1261116
ecdsa-P-384,keygen,168,466262,1253260
ecdsa-P-384,keygen,169,469261,1261320
ecdsa-P-384,keygen,170,465849,1252142
ecdsa-P-384,keygen,171,471104,1266272
ecdsa-P-384,keygen,172,466385,1253586
ecdsa-P-384,keygen,173,472925,1271168
ecdsa-P-384,keygen,174,466688,1254402
ecdsa-P-384,keygen,175,469758,1262650
ecdsa-P-384,keygen,176,468955,1260500
ecdsa-P-384,keygen,177,465987,1252516
ecdsa-P-384,keygen,178,468237,1258562
ecdsa-P-384,keygen,179,470579,1264860
ecdsa-P-384,keygen,180,468229,1258542
ecdsa-P-384,keygen,181,467176,1255714
ecdsa-P-384,keygen,182,467579,1256794
ecdsa-P-384,keygen,183,467568,1256768
ecdsa-P-384,keygen,184,467139,1255616
ecdsa-P-384,keygen,185,464950,1249730
ecdsa-P-384,keygen,186,472054,1268824
ecdsa-P-384,keygen,187,472490,1270000
ecdsa-P-384,keygen,188,470896,1265708
ecdsa-P-384,keygen,189,472380,1269700
ecdsa-P-384,keygen,190,474715,1275976
ecdsa-P-384,keygen,191,472401,1269760
ecdsa-P-384,keygen,192,469113,1260920
ecdsa-P-384,keygen,193,468957,1260504
ecdsa-P-384,keygen,194,468568,1259456
ecdsa-P-384,keygen,195,466654,1254306
ecdsa-P-384,keygen,196,466440,1253738
ecdsa-P-384,keygen,197,471787,1268104
ecdsa-P-384,keygen,198,469389,1261664
ecdsa-P-384,keygen,199,472711,1270588
ecdsa-P-384,keygen,200,472802,1270836
ecdsa-P-384,keygen,201,473110,1271658
ecdsa-P-384,keygen,202,469371,1261612
ecdsa-P-384,keygen,203,472728,1270630
ecdsa-P-384,keygen,204,470931,1265798
ecdsa-P-384,keygen,205,472112,1268978
ecdsa-P-384,keygen,206,470132,1263660
ecdsa-P-384,keygen,207,472953,1271238
ecdsa-P-384,keygen,208,469972,1263226
ecdsa-P-384,keygen,209,470604,1264926
ecdsa-P-384,keygen,210,466398,1253620
ecdsa-P-384,keygen,211,466811,1254738
ecdsa-P-384,keygen,212,465840,1252118
ecdsa-P-384,keygen,213,466884,1254928
ecdsa-P-384,keygen,214,466020,1252600
ecdsa-P-384,keygen,215,468031,1258012
ecdsa-P-384,keygen,216,469181,1261096
ecdsa-P-384,keygen,217,472946,1271222
ecdsa-P-384,keygen,218,472001,1268682
ecdsa-P-384,keygen,219,471658,1267760
ecdsa-P-384,keygen,220,473564,1272880
ecdsa-P-384,keygen,221,467891,1257634
ecdsa-P-384,keygen,222,470929,1265796
ecdsa-P-384,keygen,223,467529,1256662
ecdsa-P-384,keygen,224,470298,1264102
ecdsa-P-384,keygen,225,473346,1272300
ecdsa-P-384,keygen,226,469175,1261080
ecdsa-P-384,keygen,227,468723,1259870
ecdsa-P-384,keygen,228,465763,1251916
ecdsa-P-384,keygen,229,469226,1261220
ecdsa-P-384,keygen,230,464577,1248730
ecdsa-P-384,keygen,231,470711,1265212
ecdsa-P-384,keygen,232,469693,1262480
ecdsa-P-384,keygen,233,470151,1263704
ecdsa-P-384,keygen,234,465566,1251388
ecdsa-P-384,keygen,235,469934,1263122
ecdsa-P-384,keygen,236,464113,1247482
ecdsa-P-384,keygen,237,469581,1262176
ecdsa-P-384,keygen,238,466131,1252906
ecdsa-P-384,keygen,239,467122,1255560
ecdsa-P-384,keygen,240,465015,1249908
ecdsa-P-384,keygen,241,472093,1268926
ecdsa-P-384,keygen,242,469385,1261650
ecdsa-P-384,keygen,243,468342,1258846
ecdsa-P-384,keygen,244,475564,1278256
ecdsa-P-384,keygen,245,470078,1263516
ecdsa-P-384,keygen,246,470259,1263998
ecdsa-P-384,keygen,247,470588,1264802
ecdsa-P-384,keygen,248,477708,1283990
ecdsa-P-384,keygen,249,465875,1252216
ecdsa-P-384,keygen,250,469269,1261334
ecdsa-P-384,keygen,251,467401,1256316
ecdsa-P-384,keygen,252,467907,1257670
ecdsa-P-384,keygen,253,466634,1254258
ecdsa-P-384,keygen,254,470328,1264182
ecdsa-P-384,keygen,255,470349,1264242
ecdsa-P-384,keygen,256,474040,1274164
ecdsa-P-384,keygen,257,467358,1256202
ecdsa-P-384,keygen,258,468911,1260378
ecdsa-P-384,keygen,259,467163,1255680
ecdsa-P-384,keygen,260,465061,1250028
ecdsa-P-384,keygen,261,468391,1258984
ecdsa-P-384,keygen,262,463460,1245728
ecdsa-P-384,keygen,263,469797,1262752
ecdsa-P-384,keygen,264,465879,1252220
ecdsa-P-384,keygen,265,468722,1259866
ecdsa-P-384,keygen,266,463570,1246024
ecdsa-P-384,keygen,267,468645,1259660
ecdsa-P-384,keygen,268,464613,1248822
ecdsa-P-384,keygen,269,470222,1263898
ecdsa-P-384,keygen,270,466676,1254368
ecdsa-P-384,keygen,271,468124,1258260
ecdsa-P-384,keygen,272,465573,1251408
ecdsa-P-384,keygen,273,468107,1258212
ecdsa-P-384,keygen,274,468017,1257976
ecdsa-P-384,keygen,275,465604,1251490
ecdsa-P-384,keygen,276,465467,1251114
ecdsa-P-384,keygen,277,464863,1249498
ecdsa-P-384,keygen,278,468664,1259708
ecdsa-P-384,keygen,279,467374,1256246
ecdsa-P-384,keygen,280,466342,1253470
ecdsa-P-384,keygen,281,467704,1257132
ecdsa-P-384,keygen,282,467042,1255348
ecdsa-P-384,keygen,283,465977,1252492
ecdsa-P-384,keygen,284,466614,1254194
ecdsa-P-384,keygen,285,465595,1251464
ecdsa-P-384,keygen,286,467647,1256978
ecdsa-P-384,keygen,287,467370,1256234
ecdsa-P-384,keygen,288,469217,1261196
ecdsa-P-384,keygen,289,466703,1254438
ecdsa-P-384,keygen,290,465057,1250018
ecdsa-P-384,keygen,291,465188,1250364
ecdsa-P-384,keygen,292,464774,1249256
ecdsa-P-384,keygen,293,468114,1258234
ecdsa-P-384,keygen,294,466981,1255190
ecdsa-P-384,keygen,295,468715,1259842
ecdsa-P-384,keygen,296,464751,1249196
ecdsa-P-384,keygen,297,469837,1262866
ecdsa-P-384,keygen,298,464908,1249616
ecdsa-P-384,keygen,299,469682,1262446
ecdsa-P-384,keygen,300,465589,1251448
ecdsa-P-384,keygen,301,467511,1256612
ecdsa-P-384,keygen,302,467468,1256496
ecdsa-P-384,keygen,303,467254,1255924
ecdsa-P-384,keygen,304,467510,1256610
ecdsa-P-384,keygen,305,465530,1251288
ecdsa-P-384,keygen,306,466104,1252830
ecdsa-P-384,keygen,307,464938,1249700
ecdsa-P-384,keygen,308,467298,1256042
ecdsa-P-384,keygen,309,467159,1255668
ecdsa-P-384,keygen,310,466707,1254448
ecdsa-P-384,keygen,311,464572,1248710
ecdsa-P-384,keygen,312,468268,1258644
ecdsa-P-384,keygen,313,465962,1252452
ecdsa-P-384,keygen,314,466930,1255048
ecdsa-P-384,keygen,315,467735,1257214
ecdsa-P-384,keygen,316,467526,1256654
ecdsa-P-384,keygen,317,466920,1255026
ecdsa-P-384,keygen,318,466829,1254784
ecdsa-P-384,keygen,319,465427,1251012
ecdsa-P-384,keygen,320,467288,1256016
ecdsa-P-384,keygen,321,467302,1256052
ecdsa-P-384,keygen,322,464788,1249298
ecdsa-P-384,keygen,323,466411,1253658
ecdsa-P-384,keygen,324,468968,1260532
ecdsa-P-384,keygen,325,468232,1258550
ecdsa-P-384,keygen,326,468115,1258238
ecdsa-P-384,keygen,327,473990,1274026
ecdsa-P-384,keygen,328,466991,1255216
ecdsa-P-384,keygen,329,473085,1271592
ecdsa-P-384,keygen,330,467746,1257242
ecdsa-P-384,keygen,331,466575,1254092
ecdsa-P-384,keygen,332,465288,1250640
ecdsa-P-384,keygen,333,467275,1255968
ecdsa-P-384,keygen,334,472791,1270810
ecdsa-P-384,keygen,335,467298,1256036
ecdsa-P-384,keygen,336,463740,1246480
ecdsa-P-384,keygen,337,468501,1259276
ecdsa-P-384,keygen,338,474636,1275760
ecdsa-P-384,keygen,339,467122,1255568
ecdsa-P-384,keygen,340,472487,1269982
ecdsa-P-384,keygen,341,470921,1265780
ecdsa-P-384,keygen,342,467971,1257848
ecdsa-P-384,keygen,343,466972,1255166
ecdsa-P-384,keygen,344,465602,1251480
ecdsa-P-384,keygen,345,467140,1255618
ecdsa-P-384,keygen,346,473174,1271836
ecdsa-P-384,keygen,347,471047,1266118
ecdsa-P-384,keygen,348,473323,1272234
ecdsa-P-384,keygen,349,469753,1262642
ecdsa-P-384,keygen,350,474122,1274380
ecdsa-P-384,keygen,351,464337,1248084
ecdsa-P-384,keygen,352,477619,1283774
ecdsa-P-384,keygen,353,471205,1266538
ecdsa-P-384,keygen,354,471651,1267738
ecdsa-P-384,keygen,355,473411,1272472
ecdsa-P-384,keygen,356,469232,1261234
ecdsa-P-384,keygen,357,475364,1277710
ecdsa-P-384,keygen,358,470723,1265246
ecdsa-P-384,keygen,359,471874,1268338
ecdsa-P-384,keygen,360,470082,1263528
ecdsa-P-384,keygen,361,470856,1265604
ecdsa-P-384,keygen,362,467453,1256460
ecdsa-P-384,keygen,363,472661,1270452
ecdsa-P-384,keygen,364,466841,1254808
ecdsa-P-384,keygen,365,467634,1256940
ecdsa-P-384,keygen,366,468171,1258388
ecdsa-P-384,keygen,367,468335,1258824
ecdsa-P-384,keygen,368,465652,1251620
ecdsa-P-384,keygen,369,465988,1252512
ecdsa-P-384,keygen,370,464372,1248176
ecdsa-P-384,keygen,371,467299,1256044
ecdsa-P-384,keygen,372,467410,1256340
ecdsa-P-384,keygen,373,470307,1264130
ecdsa-P-384,keygen,374,473696,1273236
ecdsa-P-384,keygen,375,468745,1259932
ecdsa-P-384,keygen,376,471407,1267080
ecdsa-P-384,keygen,377,472442,1269872
ecdsa-P-384,keygen,378,467123,1255568
ecdsa-P-384,keygen,379,473330,1272256
ecdsa-P-384,keygen,380,473765,1273420
ecdsa-P-384,keygen,381,472148,1269080
ecdsa-P-384,keygen,382,472148,1269070
ecdsa-P-384,keygen,383,463581,1246050
ecdsa-P-384,keygen,384,467437,1256412
ecdsa-P-384,keygen,385,466171,1253006
ecdsa-P-384,keygen,386,468659,1259694
ecdsa-P-384,keygen,387,469884,1262994
ecdsa-P-384,keygen,388,469665,1262406
ecdsa-P-384,keygen,389,468616,1259576
ecdsa-P-384,keygen,390,467398,1256312
ecdsa-P-384,keygen,391,469410,1261714
ecdsa-P-384,keygen,392,465032,1249950
ecdsa-P-384,keygen,393,468481,1259218
ecdsa-P-384,keygen,394,465746,1251870
ecdsa-P-384,keygen,395,467758,1257272
ecdsa-P-384,keygen,396,465573,1251406
ecdsa-P-384,keygen,397,471162,1266424
ecdsa-P-384,keygen,398,465052,1250010
ecdsa-P-384,keygen,399,470471,1264564
ecdsa-P-384,keygen,400,464951,1249736
ecdsa-P-384,keygen,401,466717,1254476
ecdsa-P-384,keygen,402,467296,1256038
ecdsa-P-384,keygen,403,468034,1258018
ecdsa-P-384,keygen,404,467243,1255890
ecdsa-P-384,keygen,405,465981,1252502
ecdsa-P-384,keygen,406,470680,1265124
ecdsa-P-384,keygen,407,467118,1255558
ecdsa-P-384,keygen,408,466396,1253614
ecdsa-P-384,keygen,409,466543,1254016
ecdsa-P-384,keygen,410,465453,1251078
ecdsa-P-384,keygen,411,467218,1255826
ecdsa-P-384,keygen,412,467079,1255450
ecdsa-P-384,keygen,413,467342,1256156
ecdsa-P-384,keygen,414,468966,1260522
ecdsa-P-384,keygen,415,467641,1256964
ecdsa-P-384,keygen,416,470454,1264518
ecdsa-P-384,keygen,417,466124,1252888
ecdsa-P-384,keygen,418,466884,1254932
ecdsa-P-384,keygen,419,467575,1256780
ecdsa-P-384,keygen,420,463777,1246578
ecdsa-P-384,keygen,421,468539,1259372
ecdsa-P-384,keygen,422,464280,1247924
ecdsa-P-384,keygen,423,466351,1253492
ecdsa-P-384,keygen,424,463983,1247132
ecdsa-P-384,keygen,425,468115,1258236
ecdsa-P-384,keygen,426,467000,1255240
ecdsa-P-384,keygen,427,468548,1259400
ecdsa-P-384,keygen,428,464945,1249718
ecdsa-P-384,keygen,429,468401,1258994
ecdsa-P-384,keygen,430,467646,1256980
ecdsa-P-384,keygen,431,471654,1267712
ecdsa-P-384,keygen,432,466831,1254786
ecdsa-P-384,keygen,433,464933,1249682
ecdsa-P-384,keygen,434,473941,1273896
ecdsa-P-384,keygen,435,468213,1258500
ecdsa-P-384,keygen,436,469787,1262726
ecdsa-P-384,keygen,437,471021,1266050
ecdsa-P-384,keygen,438,472874,1271022
ecdsa-P-384,keygen,439,471333,1266890
ecdsa-P-384,keygen,440,474650,1275798
ecdsa-P-384,keygen,441,469450,1261830
ecdsa-P-384,keygen,442,470885,1265678
ecdsa-P-384,keygen,443,469874,1262966
ecdsa-P-384,keygen,444,471093,1266238
ecdsa-P-384,keygen,445,468900,1260348
ecdsa-P-384,keygen,446,471693,1267850
ecdsa-P-384,keygen,447,469541,1262070
ecdsa-P-384,keygen,448,471014,1266024
ecdsa-P-384,keygen,449,471849,1268276
ecdsa-P-384,keygen,450,470626,1264980
ecdsa-P-384,keygen,451,470551,1264786
ecdsa-P-384,keygen,452,465271,1250594
ecdsa-P-384,keygen,453,467527,1256648
ecdsa-P-384,keygen,454,464582,1248744
ecdsa-P-384,keygen,455,468793,1260056
ecdsa-P-384,keygen,456,465955,1252432
ecdsa-P-384,keygen,457,469562,1262122
ecdsa-P-384,keygen,458,464639,1248894
ecdsa-P-384,keygen,459,466764,1254600
ecdsa-P-384,keygen,460,465755,1251890
ecdsa-P-384,keygen,461,466979,1255178
ecdsa-P-384,keygen,462,468184,1258422
ecdsa-P-384,keygen,463,467915,1257694
ecdsa-P-384,keygen,464,467454,1256462
ecdsa-P-384,keygen,465,468131,1258278
ecdsa-P-384,keygen,466,469920,1263090
ecdsa-P-384,keygen,467,473400,1272446
ecdsa-P-384,keygen,468,470701,1265186
ecdsa-P-384,keygen,469,470556,1264798
ecdsa-P-384,keygen,470,471692,1267846
ecdsa-P-384,keygen,471,470602,1264920
ecdsa-P-384,keygen,472,469134,1260968
ecdsa-P-384,keygen,473,468122,1258256
ecdsa-P-384,keygen,474,467168,1255688
ecdsa-P-384,keygen,475,467263,1255948
ecdsa-P-384,keygen,476,465730,1251826
ecdsa-P-384,keygen,477,467971,1257854
ecdsa-P-384,keygen,478,473025,1271432
ecdsa-P-384,keygen,479,465219,1250454
ecdsa-P-384,keygen,480,466762,1254594
ecdsa-P-384,keygen,481,470934,1265818
ecdsa-P-384,keygen,482,471323,1266860
ecdsa-P-384,keygen,483,470442,1264488
ecdsa-P-384,keygen,484,473794,1273504
ecdsa-P-384,keygen,485,475837,1278990
ecdsa-P-384,keygen,486,470730,1265268
ecdsa-P-384,keygen,487,471003,1265996
ecdsa-P-384,keygen,488,470786,1265418
ecdsa-P-384,keygen,489,472259,1269374
ecdsa-P-384,keygen,490,470803,1265462
ecdsa-P-384,keygen,491,472581,1270236
ecdsa-P-384,keygen,492,466217,1253130
ecdsa-P-384,keygen,493,467185,1255730
ecdsa-P-384,keygen,494,467947,1257788
ecdsa-P-384,keygen,495,471265,1266702
ecdsa-P-384,keygen,496,463552,1245974
ecdsa-P-384,keygen,497,467599,1256844
ecdsa-P-384,keygen,498,466787,1254668
ecdsa-P-384,keygen,499,472706,1270576
ecdsa-P-384,keygen,500,464170,1247636
ecdsa-P-384,keygen,501,474728,1276018
ecdsa-P-384,keygen,502,467356,1256196
ecdsa-P-384,keygen,503,468926,1260422
ecdsa-P-384,keygen,504,468565,1259444
ecdsa-P-384,keygen,505,468675,1259738
ecdsa-P-384,keygen,506,471030,1266070
ecdsa-P-384,keygen,507,480499,1291526
ecdsa-P-384,keygen,508,477807,1284288
ecdsa-P-384,keygen,509,467131,1255598
ecdsa-P-384,keygen,510,467799,1257386
ecdsa-P-384,keygen,511,469439,1261800
ecdsa-P-384,keygen,512,470968,1265904
ecdsa-P-384,keygen,513,469271,1261346
ecdsa-P-384,keygen,514,473536,1272808
ecdsa-P-384,keygen,515,468163,1258372
ecdsa-P-384,keygen,516,473092,1271612
ecdsa-P-384,keygen,517,467140,1255618
ecdsa-P-384,keygen,518,471478,1267278
ecdsa-P-384,keygen,519,474133,1274412
ecdsa-P-384,keygen,520,464580,1248732
ecdsa-P-384,keygen,521,467992,1257904
ecdsa-P-384,keygen,522,465893,1252266
ecdsa-P-384,keygen,523,467535,1256678
ecdsa-P-384,keygen,524,465660,1251642
ecdsa-P-384,keygen,525,466730,1254510
ecdsa-P-384,keygen,526,465702,1251754
ecdsa-P-384,keygen,527,467509,1256606
ecdsa-P-384,keygen,528,466158,1252942
ecdsa-P-384,keygen,529,469684,1262448
ecdsa-P-384,keygen,530,467497,1256542
ecdsa-P-384,keygen,531,469059,1260766
ecdsa-P-384,keygen,532,463339,1245398
ecdsa-P-384,keygen,533,466274,1253290
ecdsa-P-384,keygen,534,466671,1254350
ecdsa-P-384,keygen,535,464650,1248924
ecdsa-P-384,keygen,536,467104,1255516
ecdsa-P-384,keygen,537,471269,1266716
ecdsa-P-384,keygen,538,470849,1265582
ecdsa-P-384,keygen,539,471952,1268552
ecdsa-P-384,keygen,540,471831,1268220
ecdsa-P-384,keygen,541,467593,1256832
ecdsa-P-384,keygen,542,467631,1256930
ecdsa-P-384,keygen,543,463722,1246430
ecdsa-P-384,keygen,544,469616,1262270
ecdsa-P-384,keygen,545,467458,1256474
ecdsa-P-384,keygen,546,467019,1255288
ecdsa-P-384,keygen,547,465480,1251156
ecdsa-P-384,keygen,548,465086,1250098
ecdsa-P-384,keygen,549,465279,1250614
ecdsa-P-384,keygen,550,465120,1250190
ecdsa-P-384,keygen,551,475726,1278694
ecdsa-P-384,keygen,552,467445,1256436
ecdsa-P-384,keygen,553,469920,1263078
ecdsa-P-384,keygen,554,469316,1261466
ecdsa-P-384,keygen,555,472780,1270776
ecdsa-P-384,keygen,556,470593,1264900
ecdsa-P-384,keygen,557,472723,1270618
ecdsa-P-384,keygen,558,466973,1255084
ecdsa-P-384,keygen,559,469429,1261768
ecdsa-P-384,keygen,560,464712,1249012
ecdsa-P-384,keygen,561,469043,1260728
ecdsa-P-384,keygen,562,468255,1258610
ecdsa-P-384,keygen,563,468574,1259466
ecdsa-P-384,keygen,564,465206,1250418
ecdsa-P-384,keygen,565,467768,1257308
ecdsa-P-384,keygen,566,469762,1262668
ecdsa-P-384,keygen,567,466435,1253720
ecdsa-P-384,keygen,568,467391,1256286
ecdsa-P-384,keygen,569,467860,1257552
ecdsa-P-384,keygen,570,468497,1259258
ecdsa-P-384,keygen,571,466622,1254230
ecdsa-P-384,keygen,572,468889,1260312
ecdsa-P-384,keygen,573,465398,1250934
ecdsa-P-384,keygen,574,468775,1260006
ecdsa-P-384,keygen,575,466079,1252766
ecdsa-P-384,keygen,576,467938,1257762
ecdsa-P-384,keygen,577,466737,1254536
ecdsa-P-384,keygen,578,467356,1256198
ecdsa-P-384,keygen,579,466278,1253298
ecdsa-P-384,keygen,580,467001,1255242
ecdsa-P-384,keygen,581,466508,1253888
ecdsa-P-384,keygen,582,466791,1254680
ecdsa-P-384,keygen,583,470036,1263398
ecdsa-P-384,keygen,584,466315,1253402
ecdsa-P-384,keygen,585,467336,1256138
ecdsa-P-384,keygen,586,463973,1247106
ecdsa-P-384,keygen,587,468706,1259822
ecdsa-P-384,keygen,588,465095,1250116
ecdsa-P-384,keygen,589,472581,1270240
ecdsa-P-384,keygen,590,467201,1255778
ecdsa-P-384,keygen,591,472865,1270998
ecdsa-P-384,keygen,592,469331,1261508
ecdsa-P-384,keygen,593,473621,1273032
ecdsa-P-384,keygen,594,471704,1267878
ecdsa-P-384,keygen,595,472003,1268684
ecdsa-P-384,keygen,596,468515,1259310
ecdsa-P-384,keygen,597,467551,1256722
ecdsa-P-384,keygen,598,467229,1255854
ecdsa-P-384,keygen,599,470015,1263348
ecdsa-P-384,keygen,600,468352,1258870
ecdsa-P-384,keygen,601,468606,1259560
ecdsa-P-384,keygen,602,472391,1269730
ecdsa-P-384,keygen,603,470428,1264456
ecdsa-P-384,keygen,604,472855,1270972
ecdsa-P-384,keygen,605,470488,1264616
ecdsa-P-384,keygen,606,473156,1271782
ecdsa-P-384,keygen,607,470442,1264490
ecdsa-P-384,keygen,608,468000,1257926
ecdsa-P-384,keygen,609,466247,1253218
ecdsa-P-384,keygen,610,467462,1256476
ecdsa-P-384,keygen,611,465442,1251052
ecdsa-P-384,keygen,612,469249,1261284
ecdsa-P-384,keygen,613,467761,1257290
ecdsa-P-384,keygen,614,471041,1266104
ecdsa-P-384,keygen,615,470620,1264964
ecdsa-P-384,keygen,616,468816,1260120
ecdsa-P-384,keygen,617,474129,1274396
ecdsa-P-384,keygen,618,470774,1265384
ecdsa-P-384,keygen,619,474141,1274434
ecdsa-P-384,keygen,620,467939,1257764
ecdsa-P-384,keygen,621,470664,1265086
ecdsa-P-384,keygen,622,469256,1261304
ecdsa-P-384,keygen,623,471867,1268318
ecdsa-P-384,keygen,624,469136,1260986
ecdsa-P-384,keygen,625,468079,1258136
ecdsa-P-384,keygen,626,466349,1253490
ecdsa-P-384,keygen,627,466270,1253272
ecdsa-P-384,keygen,628,464477,1248464
ecdsa-P-384,keygen,629,475006,1276756
ecdsa-P-384,keygen,630,469822,1262826
ecdsa-P-384,keygen,631,468966,1260526
ecdsa-P-384,keygen,632,467203,1255780
ecdsa-P-384,keygen,633,468581,1259490
ecdsa-P-384,keygen,634,470469,1264564
ecdsa-P-384,keygen,635,468792,1260058
ecdsa-P-384,keygen,636,471919,1268456
ecdsa-P-384,keygen,637,466733,1254526
ecdsa-P-384,keygen,638,469050,1260742
ecdsa-P-384,keygen,639,465496,1251188
ecdsa-P-384,keygen,640,472036,1268772
ecdsa-P-384,keygen,641,472352,1269626
ecdsa-P-384,keygen,642,471993,1268658
ecdsa-P-384,keygen,643,470117,1263616
ecdsa-P-384,keygen,644,472339,1269590
ecdsa-P-384,keygen,645,470929,1265802
ecdsa-P-384,keygen,646,473792,1273494
ecdsa-P-384,keygen,647,468260,1258626
ecdsa-P-384,keygen,648,471492,1267318
ecdsa-P-384,keygen,649,471117,1266304
ecdsa-P-384,keygen,650,470967,1265904
ecdsa-P-384,keygen,651,474042,1274168
ecdsa-P-384,keygen,652,466453,1253766
ecdsa-P-384,keygen,653,469355,1261566
ecdsa-P-384,keygen,654,469691,1262474
ecdsa-P-384,keygen,655,466598,1254156
ecdsa-P-384,keygen,656,465649,1251612
ecdsa-P-384,keygen,657,467571,1256768
ecdsa-P-384,keygen,658,466288,1253328
ecdsa-P-384,keygen,659,468369,1258914
ecdsa-P-384,keygen,660,467620,1256906
ecdsa-P-384,keygen,661,467503,1256588
ecdsa-P-384,keygen,662,465705,1251760
ecdsa-P-384,keygen,663,471369,1266984
ecdsa-P-384,keygen,664,471639,1267674
ecdsa-P-384,keygen,665,470310,1264138
ecdsa-P-384,keygen,666,471323,1266856
ecdsa-P-384,keygen,667,465890,1252198
ecdsa-P-384,keygen,668,466796,1254686
ecdsa-P-384,keygen,669,466636,1254260
ecdsa-P-384,keygen,670,467365,1256216
ecdsa-P-384,keygen,671,465195,1250390
ecdsa-P-384,keygen,672,471382,1267016
ecdsa-P-384,keygen,673,465371,1250864
ecdsa-P-384,keygen,674,467591,1256826
ecdsa-P-384,keygen,675,468761,1259976
ecdsa-P-384,keygen,676,467545,1256704
ecdsa-P-384,keygen,677,466783,1254652
ecdsa-P-384,keygen,678,472992,1271344
ecdsa-P-384,keygen,679,469096,1260870
ecdsa-P-384,keygen,680,469829,1262846
ecdsa-P-384,keygen,681,469872,1262956
ecdsa-P-384,keygen,682,468538,1259374
ecdsa-P-384,keygen,683,469427,1261758
ecdsa-P-384,keygen,684,472083,1268896
ecdsa-P-384,keygen,685,473097,1271624
ecdsa-P-384,keygen,686,467273,1255974
ecdsa-P-384,keygen,687,466123,1252882
ecdsa-P-384,keygen,688,471354,1266942
ecdsa-P-384,keygen,689,474466,1275308
ecdsa-P-384,keygen,690,469699,1262496
ecdsa-P-384,keygen,691,467915,1257696
ecdsa-P-384,keygen,692,468002,1257936
ecdsa-P-384,keygen,693,469494,1261940
ecdsa-P-384,keygen,694,468245,1258588
ecdsa-P-384,keygen,695,472401,1269754
ecdsa-P-384,keygen,696,472384,1269712
ecdsa-P-384,keygen,697,469716,1262542
ecdsa-P-384,keygen,698,473385,1272400
ecdsa-P-384,keygen,699,470098,1263568
ecdsa-P-384,keygen,700,472892,1271076
ecdsa-P-384,keygen,701,469228,1261232
ecdsa-P-384,keygen,702,469222,1261206
ecdsa-P-384,keygen,703,464233,1247802
ecdsa-P-384,keygen,704,468441,1259112
ecdsa-P-384,keygen,705,467814,1257434
ecdsa-P-384,keygen,706,468075,1258124
ecdsa-P-384,keygen,707,468234,1258560
ecdsa-P-384,keygen,708,468502,1259270
ecdsa-P-384,keygen,709,471540,1267448
ecdsa-P-384,keygen,710,474418,1275182
ecdsa-P-384,keygen,711,466476,1253832
ecdsa-P-384,keygen,712,473328,1272238
ecdsa-P-384,keygen,713,469930,1263118
ecdsa-P-384,keygen,714,470605,1264936
ecdsa-P-384,keygen,715,471646,1267722
ecdsa-P-384,keygen,716,467383,1256268
ecdsa-P-384,keygen,717,472227,1269284
ecdsa-P-384,keygen,718,465404,1250948
ecdsa-P-384,keygen,719,467491,1256554
ecdsa-P-384,keygen,720,470619,1264972
ecdsa-P-384,keygen,721,471900,1268408
ecdsa-P-384,keygen,722,472179,1269166
ecdsa-P-384,keygen,723,471550,1267466
ecdsa-P-384,keygen,724,470722,1265248
ecdsa-P-384,keygen,725,470789,1265420
ecdsa-P-384,keygen,726,472300,1269482
ecdsa-P-384,keygen,727,472516,1270064
ecdsa-P-384,keygen,728,467974,1257864
ecdsa-P-384,keygen,729,469560,1262118
ecdsa-P-384,keygen,730,468091,1258172
ecdsa-P-384,keygen,731,473000,1271368
ecdsa-P-384,keygen,732,472358,1269638
ecdsa-P-384,keygen,733,465127,1250204
ecdsa-P-384,keygen,734,469938,1263130
ecdsa-P-384,keygen,735,466455,1253776
ecdsa-P-384,keygen,736,468211,1258492
ecdsa-P-384,keygen,737,465072,1250060
ecdsa-P-384,keygen,738,466599,1254158
ecdsa-P-384,keygen,739,467660,1257010
ecdsa-P-384,keygen,740,467686,1257082
ecdsa-P-384,keygen,741,467388,1256284
ecdsa-P-384,keygen,742,469201,1261156
ecdsa-P-384,keygen,743,472005,1268698
ecdsa-P-384,keygen,744,474706,1275952
ecdsa-P-384,keygen,745,472149,1269084
ecdsa-P-384,keygen,746,470296,1264104
ecdsa-P-384,keygen,747,470989,1265956
ecdsa-P-384,keygen,748,470814,1265490
ecdsa-P-384,keygen,749,472284,1269442
ecdsa-P-384,keygen,750,470019,1263354
ecdsa-P-384,keygen,751,473695,1273232
ecdsa-P-384,keygen,752,468848,1260210
ecdsa-P-384,keygen,753,466057,1252704
ecdsa-P-384,keygen,754,465679,1251692
ecdsa-P-384,keygen,755,472343,1269596
ecdsa-P-384,keygen,756,465263,1250572
ecdsa-P-384,keygen,757,472467,1269930
ecdsa-P-384,keygen,758,464490,1248492
ecdsa-P-384,keygen,759,468732,1259894
ecdsa-P-384,keygen,760,466378,1253558
ecdsa-P-384,keygen,761,466566,1254068
ecdsa-P-384,keygen,762,467352,1256182
ecdsa-P-384,keygen,763,466567,1254076
ecdsa-P-384,keygen,764,471483,1267288
ecdsa-P-384,keygen,765,465150,1250270
ecdsa-P-384,keygen,766,471140,1266362
ecdsa-P-384,keygen,767,471191,1266504
ecdsa-P-384,keygen,768,471752,1268010
ecdsa-P-384,keygen,769,472735,1270658
ecdsa-P-384,keygen,770,471978,1268620
ecdsa-P-384,keygen,771,469998,1263304
ecdsa-P-384,keygen,772,470155,1263718
ecdsa-P-384,keygen,773,471080,1266208
ecdsa-P-384,keygen,774,473698,1273240
ecdsa-P-384,keygen,775,468581,1259492
ecdsa-P-384,keygen,776,466703,1254438
ecdsa-P-384,keygen,777,468941,1260456
ecdsa-P-384,keygen,778,466974,1255168
ecdsa-P-384,keygen,779,466369,1253544
ecdsa-P-384,keygen,780,467829,1257440
ecdsa-P-384,keygen,781,464930,1249672
ecdsa-P-384,keygen,782,467005,1255254
ecdsa-P-384,keygen,783,467306,1256060
ecdsa-P-384,keygen,784,465208,1250426
ecdsa-P-384,keygen,785,468719,1259856
ecdsa-P-384,keygen,786,463890,1246878
ecdsa-P-384,keygen,787,468567,1259446
ecdsa-P-384,keygen,788,463993,1247160
ecdsa-P-384,keygen,789,469262,1261316
ecdsa-P-384,keygen,790,467352,1256188
ecdsa-P-384,keygen,791,467311,1256072
ecdsa-P-384,keygen,792,469608,1262254
ecdsa-P-384,keygen,793,467760,1257278
ecdsa-P-384,keygen,794,467518,1256632
ecdsa-P-384,keygen,795,464906,1249612
ecdsa-P-384,keygen,796,467902,1257660
ecdsa-P-384,keygen,797,464987,1249828
ecdsa-P-384,keygen,798,467422,1256372
ecdsa-P-384,keygen,799,467308,1256070
ecdsa-P-384,keygen,800,468827,1260152
ecdsa-P-384,keygen,801,465433,1251024
ecdsa-P-384,keygen,802,471172,1266448
ecdsa-P-384,keygen,803,468583,1259500
ecdsa-P-384,keygen,804,466253,1253228
ecdsa-P-384,keygen,805,465361,1250838
ecdsa-P-384,keygen,806,469616,1262268
ecdsa-P-384,keygen,807,467909,1257686
ecdsa-P-384,keygen,808,468288,1258698
ecdsa-P-384,keygen,809,468563,1259440
ecdsa-P-384,keygen,810,467101,1255510
ecdsa-P-384,keygen,811,464254,1247858
ecdsa-P-384,keygen,812,465546,1251294
ecdsa-P-384,keygen,813,466822,1254754
ecdsa-P-384,keygen,814,466660,1254328
ecdsa-P-384,keygen,815,467927,1257732
ecdsa-P-384,keygen,816,465166,1250306
ecdsa-P-384,keygen,817,467732,1257204
ecdsa-P-384,keygen,818,467384,1256270
ecdsa-P-384,keygen,819,469349,1261544
ecdsa-P-384,keygen,820,468410,1259030
ecdsa-P-384,keygen,821,468378,1258942
ecdsa-P-384,keygen,822,464942,1249708
ecdsa-P-384,keygen,823,468594,1259522
ecdsa-P-384,keygen,824,468467,1259184
ecdsa-P-384,keygen,825,468002,1257930
ecdsa-P-384,keygen,826,470819,1265508
ecdsa-P-384,keygen,827,468930,1260430
ecdsa-P-384,keygen,828,467147,1255628
ecdsa-P-384,keygen,829,465962,1252450
ecdsa-P-384,keygen,830,470484,1264600
ecdsa-P-384,keygen,831,470991,1265972
ecdsa-P-384,keygen,832,473448,1272570
ecdsa-P-384,keygen,833,468760,1259970
ecdsa-P-384,keygen,834,469553,1262100
ecdsa-P-384,keygen,835,467133,1255594
ecdsa-P-384,keygen,836,466378,1253560
ecdsa-P-384,keygen,837,465453,1251082
ecdsa-P-384,keygen,838,468804,1260084
ecdsa-P-384,keygen,839,466573,1254092
ecdsa-P-384,keygen,840,469073,1260808
ecdsa-P-384,keygen,841,465103,1250140
ecdsa-P-384,keygen,842,469622,1262288
ecdsa-P-384,keygen,843,470258,1263996
ecdsa-P-384,keygen,844,468051,1258064
ecdsa-P-384,keygen,845,467657,1257002
ecdsa-P-384,keygen,846,463202,1245034
ecdsa-P-384,keygen,847,466937,1255068
ecdsa-P-384,keygen,848,465370,1250852
ecdsa-P-384,keygen,849,467597,1256842
ecdsa-P-384,keygen,850,465107,1250152
ecdsa-P-384,keygen,851,465116,1250172
ecdsa-P-384,keygen,852,466712,1254468
ecdsa-P-384,keygen,853,467042,1255346
ecdsa-P-384,keygen,854,471137,1266360
ecdsa-P-384,keygen,855,471546,1267458
ecdsa-P-384,keygen,856,468751,1259946
ecdsa-P-384,keygen,857,473217,1271948
ecdsa-P-384,keygen,858,469842,1262880
ecdsa-P-384,keygen,859,468181,1258414
ecdsa-P-384,keygen,860,471092,1266238
ecdsa-P-384,keygen,861,466228,1253164
ecdsa-P-384,keygen,862,471581,1267548
ecdsa-P-384,keygen,863,466399,1253630
ecdsa-P-384,keygen,864,466737,1254532
ecdsa-P-384,keygen,865,467287,1256010
ecdsa-P-384,keygen,866,465759,1251898
ecdsa-P-384,keygen,867,466582,1254122
ecdsa-P-384,keygen,868,468487,1259234
ecdsa-P-384,keygen,869,465872,1252208
ecdsa-P-384,keygen,870,469360,1261578
ecdsa-P-384,keygen,871,465130,1250216
ecdsa-P-384,keygen,872,465842,1252122
ecdsa-P-384,keygen,873,464955,1249744
ecdsa-P-384,keygen,874,465512,1251244
ecdsa-P-384,keygen,875,469076,1260816
ecdsa-P-384,keygen,876,463543,1245936
ecdsa-P-384,keygen,877,469355,1261570
ecdsa-P-384,keygen,878,464384,1248210
ecdsa-P-384,keygen,879,467563,1256748
ecdsa-P-384,keygen,880,468725,1259880
ecdsa-P-384,keygen,881,473076,1271570
ecdsa-P-384,keygen,882,464328,1248056
ecdsa-P-384,keygen,883,467908,1257682
ecdsa-P-384,keygen,884,470186,1263808
ecdsa-P-384,keygen,885,467898,1257652
ecdsa-P-384,keygen,886,466882,1254922
ecdsa-P-384,keygen,887,472516,1270064
ecdsa-P-384,keygen,888,469270,1261342
ecdsa-P-384,keygen,889,472406,1269774
ecdsa-P-384,keygen,890,470796,1265446
ecdsa-P-384,keygen,891,467426,1256386
ecdsa-P-384,keygen,892,470107,1263586
ecdsa-P-384,keygen,893,469424,1261756
ecdsa-P-384,keygen,894,474679,1275878
ecdsa-P-384,keygen,895,469854,1262916
ecdsa-P-384,keygen,896,471523,1267390
ecdsa-P-384,keygen,897,472624,1270358
ecdsa-P-384,keygen,898,471099,1266250
ecdsa-P-384,keygen,899,472337,1269582
ecdsa-P-384,keygen,900,474086,1274282
ecdsa-P-384,keygen,901,469680,1262446
ecdsa-P-384,keygen,902,470014,1263338
ecdsa-P-384,keygen,903,465149,1250266
ecdsa-P-384,keygen,904,469198,1261146
ecdsa-P-384,keygen,905,470233,1263930
ecdsa-P-384,keygen,906,470977,1265928
ecdsa-P-384,keygen,907,465945,1252404
ecdsa-P-384,keygen,908,466934,1255064
ecdsa-P-384,keygen,909,471655,1267748
ecdsa-P-384,keygen,910,471445,1267194
ecdsa-P-384,keygen,911,470316,1264148
ecdsa-P-384,keygen,912,467706,1257140
ecdsa-P-384,keygen,913,469319,1261470
ecdsa-P-384,keygen,914,466534,1253988
ecdsa-P-384,keygen,915,470576,1264846
ecdsa-P-384,keygen,916,464517,1248568
ecdsa-P-384,keygen,917,468158,1258346
ecdsa-P-384,keygen,918,467384,1256274
ecdsa-P-384,keygen,919,467506,1256598
ecdsa-P-384,keygen,920,467046,1255368
ecdsa-P-384,keygen,921,466896,1254956
ecdsa-P-384,keygen,922,465004,1249878
ecdsa-P-384,keygen,923,468151,1258332
ecdsa-P-384,keygen,924,467925,1257722
ecdsa-P-384,keygen,925,465003,1249874
ecdsa-P-384,keygen,926,470439,1264478
ecdsa-P-384,keygen,927,466452,1253770
ecdsa-P-384,keygen,928,466364,1253526
ecdsa-P-384,keygen,929,468105,1258202
ecdsa-P-384,keygen,930,466169,1253004
ecdsa-P-384,keygen,931,466798,1254698
ecdsa-P-384,keygen,932,469578,1262166
ecdsa-P-384,keygen,933,465567,1251392
ecdsa-P-384,keygen,934,468049,1258056
ecdsa-P-384,keygen,935,467386,1256278
ecdsa-P-384,keygen,936,469672,1262420
ecdsa-P-384,keygen,937,468346,1258800
ecdsa-P-384,keygen,938,465244,1250522
ecdsa-P-384,keygen,939,469430,1261768
ecdsa-P-384,keygen,940,466138,1252922
ecdsa-P-384,keygen,941,473563,1272878
ecdsa-P-384,keygen,942,468202,1258472
ecdsa-P-384,keygen,943,472138,1269048
ecdsa-P-384,keygen,944,467477,1256524
ecdsa-P-384,keygen,945,473300,1272172
ecdsa-P-384,keygen,946,466295,1253346
ecdsa-P-384,keygen,947,476513,1280810
ecdsa-P-384,keygen,948,466769,1254622
ecdsa-P-384,keygen,949,473934,1273872
ecdsa-P-384,keygen,950,467620,1256904
ecdsa-P-384,keygen,951,471376,1266998
ecdsa-P-384,keygen,952,470627,1264988
ecdsa-P-384,keygen,953,469449,1261816
ecdsa-P-384,keygen,954,471969,1268594
ecdsa-P-384,keygen,955,468857,1260232
ecdsa-P-384,keygen,956,473171,1271822
ecdsa-P-384,keygen,957,466302,1253370
ecdsa-P-384,keygen,958,475618,1278404
ecdsa-P-384,keygen,959,467371,1256238
ecdsa-P-384,keygen,960,472769,1270744
ecdsa-P-384,keygen,961,467577,1256794
ecdsa-P-384,keygen,962,473191,1271878
ecdsa-P-384,keygen,963,466228,1253162
ecdsa-P-384,keygen,964,476771,1281502
ecdsa-P-384,keygen,965,465233,1250488
ecdsa-P-384,keygen,966,465812,1252046
ecdsa-P-384,keygen,967,467598,1256846
ecdsa-P-384,keygen,968,468538,1259372
ecdsa-P-384,keygen,969,467280,1255998
ecdsa-P-384,keygen,970,468730,1259884
ecdsa-P-384,keygen,971,466001,1252556
ecdsa-P-384,keygen,972,466241,1253196
ecdsa-P-384,keygen,973,467245,1255894
ecdsa-P-384,keygen,974,466689,1254372
ecdsa-P-384,keygen,975,468379,1258944
ecdsa-P-384,keygen,976,464980,1249810
ecdsa-P-384,keygen,977,469287,1261384
ecdsa-P-384,keygen,978,464897,1249576
ecdsa-P-384,keygen,979,469081,1260828
ecdsa-P-384,keygen,980,465696,1251734
ecdsa-P-384,keygen,981,470061,1263464
ecdsa-P-384,keygen,982,464747,1249186
ecdsa-P-384,keygen,983,466782,1254650
ecdsa-P-384,keygen,984,465000,1249862
ecdsa-P-384,keygen,985,466720,1254484
ecdsa-P-384,keygen,986,463183,1244984
ecdsa-P-384,keygen,987,467153,1255646
ecdsa-P-384,keygen,988,466017,1252592
ecdsa-P-384,keygen,989,467980,1257870
ecdsa-P-384,keygen,990,468773,1260006
ecdsa-P-384,keygen,991,466505,1253908
ecdsa-P-384,keygen,992,468856,1260226
ecdsa-P-384,keygen,993,464870,1249516
ecdsa-P-384,keygen,994,467089,1255478
ecdsa-P-384,keygen,995,466885,1254932
ecdsa-P-384,keygen,996,468600,1259538
ecdsa-P-384,keygen,997,466425,1253698
ecdsa-P-384,keygen,998,466647,1254288
ecdsa-P-384,keygen,999,466077,1252760
ecdsa-P-384,sign,0,495502,1331790
ecdsa-P-384,sign,1,483609,1299888
ecdsa-P-384,sign,2,484730,1302862
ecdsa-P-384,sign,3,478588,1286390
ecdsa-P-384,sign,4,484609,1302534
ecdsa-P-384,sign,5,484193,1301458
ecdsa-P-384,sign,6,484700,1302776
ecdsa-P-384,sign,7,483148,1298648
ecdsa-P-384,sign,8,484625,1302578
ecdsa-P-384,sign,9,479371,1288494
ecdsa-P-384,sign,10,481676,1294652
ecdsa-P-384,sign,11,479183,1287988
ecdsa-P-384,sign,12,479854,1289786
ecdsa-P-384,sign,13,482753,1297588
ecdsa-P-384,sign,14,483966,1300812
ecdsa-P-384,sign,15,480988,1292836
ecdsa-P-384,sign,16,480310,1290986
ecdsa-P-384,sign,17,482418,1296678
ecdsa-P-384,sign,18,480465,1291404
ecdsa-P-384,sign,19,481213,1293436
ecdsa-P-384,sign,20,480262,1290860
ecdsa-P-384,sign,21,480171,1290638
ecdsa-P-384,sign,22,479622,1289140
ecdsa-P-384,sign,23,482475,1296830
ecdsa-P-384,sign,24,477644,1283854
ecdsa-P-384,sign,25,482430,1296712
ecdsa-P-384,sign,26,478771,1286850
ecdsa-P-384,sign,27,480987,1292834
ecdsa-P-384,sign,28,478816,1286968
ecdsa-P-384,sign,29,483849,1300446
ecdsa-P-384,sign,30,480326,1291030
ecdsa-P-384,sign,31,480522,1291586
ecdsa-P-384,sign,32,484311,1301742
ecdsa-P-384,sign,33,485479,1304904
ecdsa-P-384,sign,34,479165,1287942
ecdsa-P-384,sign,35,481558,1294366
ecdsa-P-384,sign,36,479154,1287878
ecdsa-P-384,sign,37,480343,1291104
ecdsa-P-384,sign,38,479996,1290146
ecdsa-P-384,sign,39,479212,1288064
ecdsa-P-384,sign,40,484162,1301340
ecdsa-P-384,sign,41,482460,1296800
ecdsa-P-384,sign,42,482408,1296596
ecdsa-P-384,sign,43,481086,1293106
ecdsa-P-384,sign,44,482020,1295572
ecdsa-P-384,sign,45,478336,1285714
ecdsa-P-384,sign,46,481727,1294824
ecdsa-P-384,sign,47,479116,1287808
ecdsa-P-384,sign,48,480763,1292196
ecdsa-P-384,sign,49,479301,1288304
ecdsa-P-384,sign,50,482258,1296212
ecdsa-P-384,sign,51,478727,1286762
ecdsa-P-384,sign,52,480179,1290626
ecdsa-P-384,sign,53,479845,1289770
ecdsa-P-384,sign,54,482277,1296298
ecdsa-P-384,sign,55,478787,1286846
ecdsa-P-384,sign,56,481687,1294680
ecdsa-P-384,sign,57,482227,1296112
ecdsa-P-384,sign,58,481180,1293350
ecdsa-P-384,sign,59,480266,1290906
ecdsa-P-384,sign,60,480108,1290434
ecdsa-P-384,sign,61,479897,1289908
ecdsa-P-384,sign,62,479672,1289266
ecdsa-P-384,sign,63,478838,1287064
ecdsa-P-384,sign,64,480307,1290970
ecdsa-P-384,sign,65,482292,1296320
ecdsa-P-384,sign,66,484041,1301000
ecdsa-P-384,sign,67,486207,1306870
ecdsa-P-384,sign,68,479389,1288546
ecdsa-P-384,sign,69,482450,1296766
ecdsa-P-384,sign,70,482663,1297312
ecdsa-P-384,sign,71,485362,1304592
ecdsa-P-384,sign,72,482069,1295712
ecdsa-P-384,sign,73,486932,1308810
ecdsa-P-384,sign,74,484525,1302350
ecdsa-P-384,sign,75,485283,1304380
ecdsa-P-384,sign,76,480187,1290688
ecdsa-P-384,sign,77,482112,1295862
ecdsa-P-384,sign,78,478698,1286656
ecdsa-P-384,sign,79,487276,1309742
ecdsa-P-384,sign,80,485188,1304130
ecdsa-P-384,sign,81,486461,1307546
ecdsa-P-384,sign,82,486661,1308056
ecdsa-P-384,sign,83,480963,1292768
ecdsa-P-384,sign,84,479792,1289592
ecdsa-P-384,sign,85,481518,1294264
ecdsa-P-384,sign,86,483947,1300762
ecdsa-P-384,sign,87,481127,1293210
ecdsa-P-384,sign,88,483663,1300028
ecdsa-P-384,sign,89,484586,1302506
ecdsa-P-384,sign,90,483021,1298266
ecdsa-P-384,sign,91,484399,1302002
ecdsa-P-384,sign,92,479192,1287978
ecdsa-P-384,sign,93,478968,1287404
ecdsa-P-384,sign,94,480619,1291818
ecdsa-P-384,sign,95,481112,1293168
ecdsa-P-384,sign,96,482234,1296158
ecdsa-P-384,sign,97,482408,1296652
ecdsa-P-384,sign,98,479753,1289480
ecdsa-P-384,sign,99,478300,1285614
ecdsa-P-384,sign,100,483264,1298924
ecdsa-P-384,sign,101,479936,1290008
ecdsa-P-384,sign,102,480696,1292018
ecdsa-P-384,sign,103,482012,1295592
ecdsa-P-384,sign,104,484196,1301454
ecdsa-P-384,sign,105,482232,1296184
ecdsa-P-384,sign,106,484421,1302062
ecdsa-P-384,sign,107,485032,1303710
ecdsa-P-384,sign,108,486911,1308756
ecdsa-P-384,sign,109,481943,1295404
ecdsa-P-384,sign,110,486568,1307800
ecdsa-P-384,sign,111,482506,1296920
ecdsa-P-384,sign,112,483802,1300366
ecdsa-P-384,sign,113,480872,1292534
ecdsa-P-384,sign,114,481255,1293550
ecdsa-P-384,sign,115,483848,1300530
ecdsa-P-384,sign,116,483057,1298362
ecdsa-P-384,sign,117,478386,1285844
ecdsa-P-384,sign,118,481284,1293594
ecdsa-P-384,sign,119,484107,1301226
ecdsa-P-384,sign,120,491228,1320324
ecdsa-P-384,sign,121,493419,1326164
ecdsa-P-384,sign,122,487269,1309700
ecdsa-P-384,sign,123,479317,1288352
ecdsa-P-384,sign,124,480425,1291294
ecdsa-P-384,sign,125,482166,1296008
ecdsa-P-384,sign,126,480326,1291022
ecdsa-P-384,sign,127,482438,1296738
ecdsa-P-384,sign,128,479479,1288754
ecdsa-P-384,sign,129,484304,1301754
ecdsa-P-384,sign,130,482990,1298188
ecdsa-P-384,sign,131,481427,1294020
ecdsa-P-384,sign,132,484437,1302080
ecdsa-P-384,sign,133,483143,1298628
ecdsa-P-384,sign,134,481513,1294220
ecdsa-P-384,sign,135,483134,1298600
ecdsa-P-384,sign,136,480711,1292064
ecdsa-P-384,sign,137,482507,1296914
ecdsa-P-384,sign,138,483339,1299128
ecdsa-P-384,sign,139,484683,1302768
ecdsa-P-384,sign,140,482762,1297578
ecdsa-P-384,sign,141,484228,1301544
ecdsa-P-384,sign,142,485305,1304412
ecdsa-P-384,sign,143,486840,1308564
ecdsa-P-384,sign,144,484422,1302038
ecdsa-P-384,sign,145,484650,1302682
ecdsa-P-384,sign,146,480026,1290222
ecdsa-P-384,sign,147,482469,1296818
ecdsa-P-384,sign,148,479723,1289406
ecdsa-P-384,sign,149,480905,1292606
ecdsa-P-384,sign,150,480543,1291612
ecdsa-P-384,sign,151,478784,1286908
ecdsa-P-384,sign,152,479099,1287730
ecdsa-P-384,sign,153,479897,1289902
ecdsa-P-384,sign,154,479364,1288476
ecdsa-P-384,sign,155,480438,1291356
ecdsa-P-384,sign,156,483936,1300732
ecdsa-P-384,sign,157,482683,1297398
ecdsa-P-384,sign,158,482080,1295770
ecdsa-P-384,sign,159,480074,1290386
ecdsa-P-384,sign,160,480868,1292480
ecdsa-P-384,sign,161,478816,1287004
ecdsa-P-384,sign,162,480468,1291404
ecdsa-P-384,sign,163,479792,1289626
ecdsa-P-384,sign,164,485308,1304448
ecdsa-P-384,sign,165,485292,1304408
ecdsa-P-384,sign,166,486261,1306976
ecdsa-P-384,sign,167,480398,1291258
ecdsa-P-384,sign,168,485451,1304830
ecdsa-P-384,sign,169,486246,1306976
ecdsa-P-384,sign,170,485295,1304380
ecdsa-P-384,sign,171,485179,1304106
ecdsa-P-384,sign,172,485207,1304150
ecdsa-P-384,sign,173,483017,1298294
ecdsa-P-384,sign,174,485674,1305396
ecdsa-P-384,sign,175,479933,1290004
ecdsa-P-384,sign,176,486681,1308102
ecdsa-P-384,sign,177,481332,1293764
ecdsa-P-384,sign,178,483319,1299066
ecdsa-P-384,sign,179,479255,1288184
ecdsa-P-384,sign,180,483650,1299966
ecdsa-P-384,sign,181,484431,1302094
ecdsa-P-384,sign,182,482767,1297624
ecdsa-P-384,sign,183,478910,1287256
ecdsa-P-384,sign,184,481544,1294288
ecdsa-P-384,sign,185,480241,1290836
ecdsa-P-384,sign,186,480590,1291658
ecdsa-P-384,sign,187,486760,1308322
ecdsa-P-384,sign,188,483586,1299792
ecdsa-P-384,sign,189,482781,1297622
ecdsa-P-384,sign,190,483837,1300468
ecdsa-P-384,sign,191,481576,1294416
ecdsa-P-384,sign,192,481630,1294532
ecdsa-P-384,sign,193,481746,1294878
ecdsa-P-384,sign,194,478487,1286094
ecdsa-P-384,sign,195,483723,1300166
ecdsa-P-384,sign,196,482563,1297040
ecdsa-P-384,sign,197,482152,1295962
ecdsa-P-384,sign,198,483156,1298636
ecdsa-P-384,sign,199,481531,1294292
ecdsa-P-384,sign,200,479683,1289298
ecdsa-P-384,sign,201,482208,1296120
ecdsa-P-384,sign,202,482554,1297052
ecdsa-P-384,sign,203,481714,1294788
ecdsa-P-384,sign,204,479360,1288464
ecdsa-P-384,sign,205,482360,1296492
ecdsa-P-384,sign,206,477341,1283040
ecdsa-P-384,sign,207,479596,1289094
ecdsa-P-384,sign,208,481250,1293546
ecdsa-P-384,sign,209,481302,1293680
ecdsa-P-384,sign,210,480984,1292830
ecdsa-P-384,sign,211,479758,1289524
ecdsa-P-384,sign,212,480424,1291296
ecdsa-P-384,sign,213,479454,1288712
ecdsa-P-384,sign,214,482831,1297798
ecdsa-P-384,sign,215,485163,1304064
ecdsa-P-384,sign,216,483015,1298284
ecdsa-P-384,sign,217,482042,1295674
ecdsa-P-384,sign,218,482751,1297576
ecdsa-P-384,sign,219,479614,1289150
ecdsa-P-384,sign,220,482902,1297980
ecdsa-P-384,sign,221,480200,1290720
ecdsa-P-384,sign,222,485189,1304128
ecdsa-P-384,sign,223,479647,1289234
ecdsa-P-384,sign,224,482071,1295748
ecdsa-P-384,sign,225,480002,1290158
ecdsa-P-384,sign,226,481147,1293264
ecdsa-P-384,sign,227,480805,1292346
ecdsa-P-384,sign,228,481516,1294252
ecdsa-P-384,sign,229,483305,1299036
ecdsa-P-384,sign,230,483071,1298434
ecdsa-P-384,sign,231,479922,1289976
ecdsa-P-384,sign,232,480622,1291856
ecdsa-P-384,sign,233,479986,1290116
ecdsa-P-384,sign,234,482026,1295630
ecdsa-P-384,sign,235,477277,1282866
ecdsa-P-384,sign,236,480129,1290526
ecdsa-P-384,sign,237,478641,1286498
ecdsa-P-384,sign,238,480873,1292528
ecdsa-P-384,sign,239,481979,1295502
ecdsa-P-384,sign,240,483709,1300148
ecdsa-P-384,sign,241,480909,1292630
ecdsa-P-384,sign,242,483802,1300406
ecdsa-P-384,sign,243,486412,1307382
ecdsa-P-384,sign,244,478566,1286332
ecdsa-P-384,sign,245,480218,1290726
ecdsa-P-384,sign,246,483861,1300564
ecdsa-P-384,sign,247,495434,1331662
ecdsa-P-384,sign,248,483539,1299696
ecdsa-P-384,sign,249,484918,1303366
ecdsa-P-384,sign,250,484087,1301170
ecdsa-P-384,sign,251,485009,1303610
ecdsa-P-384,sign,252,487088,1309228
ecdsa-P-384,sign,253,483935,1300718
ecdsa-P-384,sign,254,479471,1288766
ecdsa-P-384,sign,255,482923,1297998
ecdsa-P-384,sign,256,481779,1294970
ecdsa-P-384,sign,257,481743,1294826
ecdsa-P-384,sign,258,478137,1285176
ecdsa-P-384,sign,259,481259,1293524
ecdsa-P-384,sign,260,480860,1292496
ecdsa-P-384,sign,261,481273,1293560
ecdsa-P-384,sign,262,479008,1287520
ecdsa-P-384,sign,263,481006,1292844
ecdsa-P-384,sign,264,480130,1290536
ecdsa-P-384,sign,265,480726,1292092
ecdsa-P-384,sign,266,480189,1290694
ecdsa-P-384,sign,267,482803,1297678
ecdsa-P-384,sign,268,480032,1290272
ecdsa-P-384,sign,269,479566,1288978
ecdsa-P-384,sign,270,481969,1295478
ecdsa-P-384,sign,271,483757,1300252
ecdsa-P-384,sign,272,481272,1293596
ecdsa-P-384,sign,273,479031,1287548
ecdsa-P-384,sign,274,481910,1295314
ecdsa-P-384,sign,275,479709,1289370
ecdsa-P-384,sign,276,484403,1302016
ecdsa-P-384,sign,277,478032,1284862
ecdsa-P-384,sign,278,481785,1294978
ecdsa-P-384,sign,279,480088,1290388
ecdsa-P-384,sign,280,486927,1308800
ecdsa-P-384,sign,281,484906,1303342
ecdsa-P-384,sign,282,482258,1296248
ecdsa-P-384,sign,283,485126,1303934
ecdsa-P-384,sign,284,480649,1291922
ecdsa-P-384,sign,285,479835,1289712
ecdsa-P-384,sign,286,482988,1298210
ecdsa-P-384,sign,287,480209,1290714
ecdsa-P-384,sign,288,484631,1302626
ecdsa-P-384,sign,289,480649,1291894
ecdsa-P-384,sign,290,480880,1292542
ecdsa-P-384,sign,291,485208,1304152
ecdsa-P-384,sign,292,485578,1305170
ecdsa-P-384,sign,293,482710,1297438
ecdsa-P-384,sign,294,485583,1305184
ecdsa-P-384,sign,295,481942,1295374
ecdsa-P-384,sign,296,479951,1290054
ecdsa-P-384,sign,297,479866,1289792
ecdsa-P-384,sign,298,480728,1292138
ecdsa-P-384,sign,299,484224,1301506
ecdsa-P-384,sign,300,483977,1300876
ecdsa-P-384,sign,301,481434,1294002
ecdsa-P-384,sign,302,478819,1287010
ecdsa-P-384,sign,303,479872,1289808
ecdsa-P-384,sign,304,478203,1285354
ecdsa-P-384,sign,305,481751,1294858
ecdsa-P-384,sign,306,480253,1290866
ecdsa-P-384,sign,307,484736,1302882
ecdsa-P-384,sign,308,480434,1291348
ecdsa-P-384,sign,309,482285,1296294
ecdsa-P-384,sign,310,483966,1300848
ecdsa-P-384,sign,311,485106,1303880
ecdsa-P-384,sign,312,482942,1298096
ecdsa-P-384,sign,313,486771,1308352
ecdsa-P-384,sign,314,483161,1298684
ecdsa-P-384,sign,315,482369,1296522
ecdsa-P-384,sign,316,481167,1293320
ecdsa-P-384,sign,317,482395,1296622
ecdsa-P-384,sign,318,479346,1288432
ecdsa-P-384,sign,319,480476,1291458
ecdsa-P-384,sign,320,479101,1287736
ecdsa-P-384,sign,321,483152,1298650
ecdsa-P-384,sign,322,484542,1302394
ecdsa-P-384,sign,323,483079,1298458
ecdsa-P-384,sign,324,484041,1301014
ecdsa-P-384,sign,325,486460,1307544
ecdsa-P-384,sign,326,482348,1296466
ecdsa-P-384,sign,327,480108,1290470
ecdsa-P-384,sign,328,483314,1299062
ecdsa-P-384,sign,329,483498,1299590
ecdsa-P-384,sign,330,482699,1297402
ecdsa-P-384,sign,331,479590,1289086
ecdsa-P-384,sign,332,484851,1303222
ecdsa-P-384,sign,333,482090,1295802
ecdsa-P-384,sign,334,483582,1299770
ecdsa-P-384,sign,335,479985,1290144
ecdsa-P-384,sign,336,482048,1295682
ecdsa-P-384,sign,337,480091,1290434
ecdsa-P-384,sign,338,481758,1294872
ecdsa-P-384,sign,339,478899,1287228
ecdsa-P-384,sign,340,480302,1290954
ecdsa-P-384,sign,341,479488,1288812
ecdsa-P-384,sign,342,483212,1298814
ecdsa-P-384,sign,343,480745,1292190
ecdsa-P-384,sign,344,483156,1298636
ecdsa-P-384,sign,345,479308,1288328
ecdsa-P-384,sign,346,482723,1297506
ecdsa-P-384,sign,347,480320,1291044
ecdsa-P-384,sign,348,485954,1306156
ecdsa-P-384,sign,349,481390,1293924
ecdsa-P-384,sign,350,480646,1291892
ecdsa-P-384,sign,351,479779,1289588
ecdsa-P-384,sign,352,480171,1290614
ecdsa-P-384,sign,353,478968,1287410
ecdsa-P-384,sign,354,480483,1291444
ecdsa-P-384,sign,355,480237,1290822
ecdsa-P-384,sign,356,482069,1295714
ecdsa-P-384,sign,357,481488,1294186
ecdsa-P-384,sign,358,479475,1288742
ecdsa-P-384,sign,359,480435,1291348
ecdsa-P-384,sign,360,478717,1286704
ecdsa-P-384,sign,361,481992,1295538
ecdsa-P-384,sign,362,479606,1289094
ecdsa-P-384,sign,363,482273,1296292
ecdsa-P-384,sign,364,479540,1288950
ecdsa-P-384,sign,365,481376,1293878
ecdsa-P-384,sign,366,479124,1287800
ecdsa-P-384,sign,367,485827,1305842
ecdsa-P-384,sign,368,483966,1300814
ecdsa-P-384,sign,369,484759,1302974
ecdsa-P-384,sign,370,482935,1298044
ecdsa-P-384,sign,371,484326,1301808
ecdsa-P-384,sign,372,482922,1298006
ecdsa-P-384,sign,373,484833,1303170
ecdsa-P-384,sign,374,481059,1293000
ecdsa-P-384,sign,375,483658,1300012
ecdsa-P-384,sign,376,481526,1294256
ecdsa-P-384,sign,377,482575,1297102
ecdsa-P-384,sign,378,479380,1288518
ecdsa-P-384,sign,379,480991,1292840
ecdsa-P-384,sign,380,483195,1298774
ecdsa-P-384,sign,381,483829,1300472
ecdsa-P-384,sign,382,484357,1301864
ecdsa-P-384,sign,383,481535,1294308
ecdsa-P-384,sign,384,481053,1292978
ecdsa-P-384,sign,385,482883,1297936
ecdsa-P-384,sign,386,481818,1295034
ecdsa-P-384,sign,387,477366,1283106
ecdsa-P-384,sign,388,481138,1293240
ecdsa-P-384,sign,389,478814,1286996
ecdsa-P-384,sign,390,482207,1296080
ecdsa-P-384,sign,391,478769,1286878
ecdsa-P-384,sign,392,480610,1291784
ecdsa-P-384,sign,393,479247,1288162
ecdsa-P-384,sign,394,482116,1295862
ecdsa-P-384,sign,395,478647,1286550
ecdsa-P-384,sign,396,480787,1292294
ecdsa-P-384,sign,397,481561,1294382
ecdsa-P-384,sign,398,480579,1291700
ecdsa-P-384,sign,399,480057,1290338
ecdsa-P-384,sign,400,482248,1296188
ecdsa-P-384,sign,401,479605,1289126
ecdsa-P-384,sign,402,480047,1290274
ecdsa-P-384,sign,403,479627,1289182
ecdsa-P-384,sign,404,480514,1291528
ecdsa-P-384,sign,405,479398,1288566
ecdsa-P-384,sign,406,481423,1293974
ecdsa-P-384,sign,407,479381,1288524
ecdsa-P-384,sign,408,480067,1290326
ecdsa-P-384,sign,409,478917,1287272
ecdsa-P-384,sign,410,478865,1287134
ecdsa-P-384,sign,411,479030,1287576
ecdsa-P-384,sign,412,479180,1287980
ecdsa-P-384,sign,413,483134,1298604
ecdsa-P-384,sign,414,483058,1298372
ecdsa-P-384,sign,415,482619,1297218
ecdsa-P-384,sign,416,479022,1287524
ecdsa-P-384,sign,417,481419,1293992
ecdsa-P-384,sign,418,479091,1287710
ecdsa-P-384,sign,419,485814,1305808
ecdsa-P-384,sign,420,482496,1296860
ecdsa-P-384,sign,421,482442,1296746
ecdsa-P-384,sign,422,479331,1288354
ecdsa-P-384,sign,423,481598,1294474
ecdsa-P-384,sign,424,483366,1299198
ecdsa-P-384,sign,425,483482,1299540
ecdsa-P-384,sign,426,481748,1294854
ecdsa-P-384,sign,427,483837,1300494
ecdsa-P-384,sign,428,482116,1295840
ecdsa-P-384,sign,429,480323,1291048
ecdsa-P-384,sign,430,479820,1289700
ecdsa-P-384,sign,431,487123,1309320
ecdsa-P-384,sign,432,478514,1286162
ecdsa-P-384,sign,433,486036,1306404
ecdsa-P-384,sign,434,478497,1286144
ecdsa-P-384,sign,435,481276,1293608
ecdsa-P-384,sign,436,484087,1301140
ecdsa-P-384,sign,437,485393,1304674
ecdsa-P-384,sign,438,480564,1291700
ecdsa-P-384,sign,439,479236,1288130
ecdsa-P-384,sign,440,484268,1301654
ecdsa-P-384,sign,441,482795,1297696
ecdsa-P-384,sign,442,481446,1294042
ecdsa-P-384,sign,443,480172,1290650
ecdsa-P-384,sign,444,482666,1297310
ecdsa-P-384,sign,445,479482,1288790
ecdsa-P-384,sign,446,483927,1300736
ecdsa-P-384,sign,447,479961,1290078
ecdsa-P-384,sign,448,480102,1290460
ecdsa-P-384,sign,449,479004,1287508
ecdsa-P-384,sign,450,480948,1292692
ecdsa-P-384,sign,451,479638,1289212
ecdsa-P-384,sign,452,481658,1294604
ecdsa-P-384,sign,453,481808,1295046
ecdsa-P-384,sign,454,481951,1295390
ecdsa-P-384,sign,455,479861,1289812
ecdsa-P-384,sign,456,481196,1293394
ecdsa-P-384,sign,457,478412,1285920
ecdsa-P-384,sign,458,481915,1295292
ecdsa-P-384,sign,459,479486,1288804
ecdsa-P-384,sign,460,481141,1293250
ecdsa-P-384,sign,461,484265,1301648
ecdsa-P-384,sign,462,484384,1301962
ecdsa-P-384,sign,463,478167,1285258
ecdsa-P-384,sign,464,485407,1304682
ecdsa-P-384,sign,465,481944,1295412
ecdsa-P-384,sign,466,482484,1296858
ecdsa-P-384,sign,467,481116,1293186
ecdsa-P-384,sign,468,479837,1289716
ecdsa-P-384,sign,469,482901,1297976
ecdsa-P-384,sign,470,483527,1299664
ecdsa-P-384,sign,471,485576,1305166
ecdsa-P-384,sign,472,482281,1296284
ecdsa-P-384,sign,473,490399,1318136
ecdsa-P-384,sign,474,481841,1295134
ecdsa-P-384,sign,475,487531,1310422
ecdsa-P-384,sign,476,484856,1303208
ecdsa-P-384,sign,477,486862,1308626
ecdsa-P-384,sign,478,483562,1299726
ecdsa-P-384,sign,479,485967,1306216
ecdsa-P-384,sign,480,483317,1299068
ecdsa-P-384,sign,481,486514,1307692
ecdsa-P-384,sign,482,484041,1301018
ecdsa-P-384,sign,483,484811,1303118
ecdsa-P-384,sign,484,484130,1301286
ecdsa-P-384,sign,485,487058,1309156
ecdsa-P-384,sign,486,486668,1308080
ecdsa-P-384,sign,487,484002,1300946
ecdsa-P-384,sign,488,479890,1289854
ecdsa-P-384,sign,489,484236,1301572
ecdsa-P-384,sign,490,479538,1288946
ecdsa-P-384,sign,491,482277,1296300
ecdsa-P-384,sign,492,481301,1293652
ecdsa-P-384,sign,493,482255,1296238
ecdsa-P-384,sign,494,480904,1292586
ecdsa-P-384,sign,495,500567,1345464
ecdsa-P-384,sign,496,480521,1291554
ecdsa-P-384,sign,497,482252,1296232
ecdsa-P-384,sign,498,481727,1294828
ecdsa-P-384,sign,499,486528,1307706
ecdsa-P-384,sign,500,484619,1302604
ecdsa-P-384,sign,501,479479,1288784
ecdsa-P-384,sign,502,488072,1311878
ecdsa-P-384,sign,503,480437,1291360
ecdsa-P-384,sign,504,482352,1296508
ecdsa-P-384,sign,505,484014,1300976
ecdsa-P-384,sign,506,482693,1297384
ecdsa-P-384,sign,507,484967,1303538
ecdsa-P-384,sign,508,487003,1308942
ecdsa-P-384,sign,509,480273,1290916
ecdsa-P-384,sign,510,490468,1318282
ecdsa-P-384,sign,511,478819,1287012
ecdsa-P-384,sign,512,508634,1367142
ecdsa-P-384,sign,513,484193,1301460
ecdsa-P-384,sign,514,484901,1303316
ecdsa-P-384,sign,515,481269,1293596
ecdsa-P-384,sign,516,481239,1293476
ecdsa-P-384,sign,517,478127,1285152
ecdsa-P-384,sign,518,481013,1292870
ecdsa-P-384,sign,519,484633,1302638
ecdsa-P-384,sign,520,482368,1296544
ecdsa-P-384,sign,521,480529,1291608
ecdsa-P-384,sign,522,486188,1306808
ecdsa-P-384,sign,523,481912,1295322
ecdsa-P-384,sign,524,488873,1314032
ecdsa-P-384,sign,525,482932,1298064
ecdsa-P-384,sign,526,480163,1290586
ecdsa-P-384,sign,527,478679,1286636
ecdsa-P-384,sign,528,479589,1289008
ecdsa-P-384,sign,529,479221,1288090
ecdsa-P-384,sign,530,486042,1306386
ecdsa-P-384,sign,531,481681,1294706
ecdsa-P-384,sign,532,482616,1297184
ecdsa-P-384,sign,533,486679,1308134
ecdsa-P-384,sign,534,479024,1287562
ecdsa-P-384,sign,535,482835,1297800
ecdsa-P-384,sign,536,480965,1292744
ecdsa-P-384,sign,537,484415,1301950
ecdsa-P-384,sign,538,482842,1297794
ecdsa-P-384,sign,539,484864,1303254
ecdsa-P-384,sign,540,482548,1297036
ecdsa-P-384,sign,541,481318,1293722
ecdsa-P-384,sign,542,477682,1283920
ecdsa-P-384,sign,543,480001,1290184
ecdsa-P-384,sign,544,483322,1299084
ecdsa-P-384,sign,545,480530,1291604
ecdsa-P-384,sign,546,480564,1291700
ecdsa-P-384,sign,547,484059,1301090
ecdsa-P-384,sign,548,481029,1292952
ecdsa-P-384,sign,549,484149,1301332
ecdsa-P-384,sign,550,480680,1292010
ecdsa-P-384,sign,551,481150,1293276
ecdsa-P-384,sign,552,483820,1300422
ecdsa-P-384,sign,553,485089,1303862
ecdsa-P-384,sign,554,485725,1305574
ecdsa-P-384,sign,555,486161,1306742
ecdsa-P-384,sign,556,480940,1292682
ecdsa-P-384,sign,557,483263,1298950
ecdsa-P-384,sign,558,483158,1298642
ecdsa-P-384,sign,559,484952,1303492
ecdsa-P-384,sign,560,486114,1306588
ecdsa-P-384,sign,561,483753,1300272
ecdsa-P-384,sign,562,484351,1301872
ecdsa-P-384,sign,563,477820,1284324
ecdsa-P-384,sign,564,485523,1304988
ecdsa-P-384,sign,565,477436,1283294
ecdsa-P-384,sign,566,481731,1294826
ecdsa-P-384,sign,567,480658,1291952
ecdsa-P-384,sign,568,483165,1298648
ecdsa-P-384,sign,569,479969,1290102
ecdsa-P-384,sign,570,483199,1298780
ecdsa-P-384,sign,571,482516,1296948
ecdsa-P-384,sign,572,485163,1303992
ecdsa-P-384,sign,573,481715,1294770
ecdsa-P-384,sign,574,484791,1303020
ecdsa-P-384,sign,575,478835,1287052
ecdsa-P-384,sign,576,481508,1294228
ecdsa-P-384,sign,577,479655,1289260
ecdsa-P-384,sign,578,482497,1296852
ecdsa-P-384,sign,579,480381,1291208
ecdsa-P-384,sign,580,482754,1297542
ecdsa-P-384,sign,581,480357,1291146
ecdsa-P-384,sign,582,480042,1290254
ecdsa-P-384,sign,583,482425,1296704
ecdsa-P-384,sign,584,487515,1310340
ecdsa-P-384,sign,585,482815,1297754
ecdsa-P-384,sign,586,486213,1306874
ecdsa-P-384,sign,587,479016,1287538
ecdsa-P-384,sign,588,479335,1288354
ecdsa-P-384,sign,589,484153,1301350
ecdsa-P-384,sign,590,483557,1299714
ecdsa-P-384,sign,591,482094,1295810
ecdsa-P-384,sign,592,487054,1309144
ecdsa-P-384,sign,593,487786,1311104
ecdsa-P-384,sign,594,482673,1297340
ecdsa-P-384,sign,595,484478,1302218
ecdsa-P-384,sign,596,479025,1287532
ecdsa-P-384,sign,597,483488,1299554
ecdsa-P-384,sign,598,479657,1289232
ecdsa-P-384,sign,599,482163,1295992
ecdsa-P-384,sign,600,480324,1291022
ecdsa-P-384,sign,601,483079,1298456
ecdsa-P-384,sign,602,479442,1288688
ecdsa-P-384,sign,603,481711,1294778
ecdsa-P-384,sign,604,479379,1288484
ecdsa-P-384,sign,605,481585,1294440
ecdsa-P-384,sign,606,479405,1288554
ecdsa-P-384,sign,607,483092,1298488
ecdsa-P-384,sign,608,481316,1293692
ecdsa-P-384,sign,609,481952,1295426
ecdsa-P-384,sign,610,479691,1289320
ecdsa-P-384,sign,611,482139,1295928
ecdsa-P-384,sign,612,483316,1299066
ecdsa-P-384,sign,613,484326,1301808
ecdsa-P-384,sign,614,485180,1304076
ecdsa-P-384,sign,615,483310,1299076
ecdsa-P-384,sign,616,487905,1311400
ecdsa-P-384,sign,617,487735,1310972
ecdsa-P-384,sign,618,483866,1300546
ecdsa-P-384,sign,619,482406,1296652
ecdsa-P-384,sign,620,486565,1307786
ecdsa-P-384,sign,621,486489,1307628
ecdsa-P-384,sign,622,485505,1304940
ecdsa-P-384,sign,623,483549,1299724
ecdsa-P-384,sign,624,486781,1308366
ecdsa-P-384,sign,625,482956,1298128
ecdsa-P-384,sign,626,488407,1312738
ecdsa-P-384,sign,627,480134,1290548
ecdsa-P-384,sign,628,484493,1302258
ecdsa-P-384,sign,629,483537,1299692
ecdsa-P-384,sign,630,485233,1304248
ecdsa-P-384,sign,631,480773,1292262
ecdsa-P-384,sign,632,481156,1293254
ecdsa-P-384,sign,633,479118,1287814
ecdsa-P-384,sign,634,486299,1307106
ecdsa-P-384,sign,635,485235,1304256
ecdsa-P-384,sign,636,484786,1303014
ecdsa-P-384,sign,637,479721,1289434
ecdsa-P-384,sign,638,483411,1299316
ecdsa-P-384,sign,639,484567,1302462
ecdsa-P-384,sign,640,486576,1307830
ecdsa-P-384,sign,641,486253,1306994
ecdsa-P-384,sign,642,487791,1311088
ecdsa-P-384,sign,643,481934,1295386
ecdsa-P-384,sign,644,483772,1300286
ecdsa-P-384,sign,645,478923,1287290
ecdsa-P-384,sign,646,480085,1290376
ecdsa-P-384,sign,647,483516,1299640
ecdsa-P-384,sign,648,483094,1298462
ecdsa-P-384,sign,649,479936,1290012
ecdsa-P-384,sign,650,486833,1308514
ecdsa-P-384,sign,651,482655,1297322
ecdsa-P-384,sign,652,486489,1307630
ecdsa-P-384,sign,653,484488,1302246
ecdsa-P-384,sign,654,481158,1293266
ecdsa-P-384,sign,655,481640,1294586
ecdsa-P-384,sign,656,481029,1292918
ecdsa-P-384,sign,657,481012,1292900
ecdsa-P-384,sign,658,480308,1290982
ecdsa-P-384,sign,659,483786,1300356
ecdsa-P-384,sign,660,480470,1291450
ecdsa-P-384,sign,661,482546,1297024
ecdsa-P-384,sign,662,483128,1298594
ecdsa-P-384,sign,663,482350,1296494
ecdsa-P-384,sign,664,479589,1289080
ecdsa-P-384,sign,665,481814,1295056
ecdsa-P-384,sign,666,478929,1287308
ecdsa-P-384,sign,667,480712,1292092
ecdsa-P-384,sign,668,488029,1311768
ecdsa-P-384,sign,669,488411,1312788
ecdsa-P-384,sign,670,483222,1298846
ecdsa-P-384,sign,671,486351,1307252
ecdsa-P-384,sign,672,485325,1304468
ecdsa-P-384,sign,673,485812,1305804
ecdsa-P-384,sign,674,480765,1292208
ecdsa-P-384,sign,675,481999,1295554
ecdsa-P-384,sign,676,480224,1290730
ecdsa-P-384,sign,677,481132,1293224
ecdsa-P-384,sign,678,482648,1297306
ecdsa-P-384,sign,679,484745,1302936
ecdsa-P-384,sign,680,479947,1290042
ecdsa-P-384,sign,681,481875,1295226
ecdsa-P-384,sign,682,481511,1294238
ecdsa-P-384,sign,683,481245,1293532
ecdsa-P-384,sign,684,481679,1294696
ecdsa-P-384,sign,685,481524,1294284
ecdsa-P-384,sign,686,482635,1297262
ecdsa-P-384,sign,687,479070,1287688
ecdsa-P-384,sign,688,482173,1295986
ecdsa-P-384,sign,689,479892,1289892
ecdsa-P-384,sign,690,483877,1300564
ecdsa-P-384,sign,691,484392,1301990
ecdsa-P-384,sign,692,486807,1308478
ecdsa-P-384,sign,693,483982,1300890
ecdsa-P-384,sign,694,481166,1293286
ecdsa-P-384,sign,695,479662,1289276
ecdsa-P-384,sign,696,482458,1296756
ecdsa-P-384,sign,697,480514,1291568
ecdsa-P-384,sign,698,481813,1295056
ecdsa-P-384,sign,699,480648,1291926
ecdsa-P-384,sign,700,482547,1297024
ecdsa-P-384,sign,701,479289,1288276
ecdsa-P-384,sign,702,481702,1294758
ecdsa-P-384,sign,703,482256,1296250
ecdsa-P-384,sign,704,481096,1293124
ecdsa-P-384,sign,705,477885,1284498
ecdsa-P-384,sign,706,479161,1287930
ecdsa-P-384,sign,707,478910,1287254
ecdsa-P-384,sign,708,479111,1287764
ecdsa-P-384,sign,709,480848,1292456
ecdsa-P-384,sign,710,481056,1292992
ecdsa-P-384,sign,711,480576,1291726
ecdsa-P-384,sign,712,479674,1289310
ecdsa-P-384,sign,713,482212,1296124
ecdsa-P-384,sign,714,477628,1283810
ecdsa-P-384,sign,715,483578,1299804
ecdsa-P-384,sign,716,482043,1295678
ecdsa-P-384,sign,717,481927,1295366
ecdsa-P-384,sign,718,480369,1291178
ecdsa-P-384,sign,719,480499,1291520
ecdsa-P-384,sign,720,479055,1287610
ecdsa-P-384,sign,721,482025,1295626
ecdsa-P-384,sign,722,482566,1297084
ecdsa-P-384,sign,723,482827,1297782
ecdsa-P-384,sign,724,478438,1285952
ecdsa-P-384,sign,725,481449,1294074
ecdsa-P-384,sign,726,480256,1290870
ecdsa-P-384,sign,727,481631,1294562
ecdsa-P-384,sign,728,484148,1301336
ecdsa-P-384,sign,729,481784,1294972
ecdsa-P-384,sign,730,482598,1297134
ecdsa-P-384,sign,731,479818,1289690
ecdsa-P-384,sign,732,480591,1291740
ecdsa-P-384,sign,733,481762,1294914
ecdsa-P-384,sign,734,483762,1300266
ecdsa-P-384,sign,735,482134,1295920
ecdsa-P-384,sign,736,482406,1296646
ecdsa-P-384,sign,737,481857,1295176
ecdsa-P-384,sign,738,485709,1305492
ecdsa-P-384,sign,739,482360,1296526
ecdsa-P-384,sign,740,481761,1294882
ecdsa-P-384,sign,741,479255,1288184
ecdsa-P-384,sign,742,481613,1294456
ecdsa-P-384,sign,743,480954,1292752
ecdsa-P-384,sign,744,483406,1299308
ecdsa-P-384,sign,745,481394,1293932
ecdsa-P-384,sign,746,485233,1304224
ecdsa-P-384,sign,747,483611,1299892
ecdsa-P-384,sign,748,480686,1292026
ecdsa-P-384,sign,749,479320,1288360
ecdsa-P-384,sign,750,481648,1294582
ecdsa-P-384,sign,751,479958,1290072
ecdsa-P-384,sign,752,481875,1295222
ecdsa-P-384,sign,753,479922,1289976
ecdsa-P-384,sign,754,484762,1302954
ecdsa-P-384,sign,755,479214,1288074
ecdsa-P-384,sign,756,481688,1294722
ecdsa-P-384,sign,757,480120,1290512
ecdsa-P-384,sign,758,482612,1297166
ecdsa-P-384,sign,759,481706,1294772
ecdsa-P-384,sign,760,484407,1302032
ecdsa-P-384,sign,761,480411,1291294
ecdsa-P-384,sign,762,480300,1290948
ecdsa-P-384,sign,763,478833,1287050
ecdsa-P-384,sign,764,481018,1292892
ecdsa-P-384,sign,765,482576,1297102
ecdsa-P-384,sign,766,478625,1286456
ecdsa-P-384,sign,767,480738,1292164
ecdsa-P-384,sign,768,478314,1285658
ecdsa-P-384,sign,769,481001,1292864
ecdsa-P-384,sign,770,480226,1290762
ecdsa-P-384,sign,771,483799,1300394
ecdsa-P-384,sign,772,479834,1289704
ecdsa-P-384,sign,773,483066,1298428
ecdsa-P-384,sign,774,479861,1289780
ecdsa-P-384,sign,775,481817,1295068
ecdsa-P-384,sign,776,481547,1294310
ecdsa-P-384,sign,777,493213,1325694
ecdsa-P-384,sign,778,484936,1303450
ecdsa-P-384,sign,779,484953,1303496
ecdsa-P-384,sign,780,483215,1298794
ecdsa-P-384,sign,781,485327,1304498
ecdsa-P-384,sign,782,482948,1298110
ecdsa-P-384,sign,783,486694,1308176
ecdsa-P-384,sign,784,482808,1297704
ecdsa-P-384,sign,785,485810,1305796
ecdsa-P-384,sign,786,482578,1297114
ecdsa-P-384,sign,787,484906,1303366
ecdsa-P-384,sign,788,484657,1302672
ecdsa-P-384,sign,789,483285,1299012
ecdsa-P-384,sign,790,484270,1301630
ecdsa-P-384,sign,791,484278,1301682
ecdsa-P-384,sign,792,484131,1301258
ecdsa-P-384,sign,793,482978,1298188
ecdsa-P-384,sign,794,481154,1293256
ecdsa-P-384,sign,795,483390,1299294
ecdsa-P-384,sign,796,485745,1305590
ecdsa-P-384,sign,797,477436,1283292
ecdsa-P-384,sign,798,482915,1298016
ecdsa-P-384,sign,799,479365,1288480
ecdsa-P-384,sign,800,482285,1296290
ecdsa-P-384,sign,801,478828,1287034
ecdsa-P-384,sign,802,480896,1292558
ecdsa-P-384,sign,803,480876,1292540
ecdsa-P-384,sign,804,480701,1292026
ecdsa-P-384,sign,805,483833,1300490
ecdsa-P-384,sign,806,484854,1303194
ecdsa-P-384,sign,807,485470,1304890
ecdsa-P-384,sign,808,487492,1310320
ecdsa-P-384,sign,809,479810,1289660
ecdsa-P-384,sign,810,487991,1311662
ecdsa-P-384,sign,811,482410,1296662
ecdsa-P-384,sign,812,487576,1310516
ecdsa-P-384,sign,813,482201,1296102
ecdsa-P-384,sign,814,483356,1299170
ecdsa-P-384,sign,815,482834,1297802
ecdsa-P-384,sign,816,479703,1289346
ecdsa-P-384,sign,817,479079,1287706
ecdsa-P-384,sign,818,484615,1302594
ecdsa-P-384,sign,819,484683,1302774
ecdsa-P-384,sign,820,481119,1293190
ecdsa-P-384,sign,821,485002,1303632
ecdsa-P-384,sign,822,483659,1299978
ecdsa-P-384,sign,823,482959,1298140
ecdsa-P-384,sign,824,481307,1293664
ecdsa-P-384,sign,825,482099,1295820
ecdsa-P-384,sign,826,478507,1286142
ecdsa-P-384,sign,827,486307,1307130
ecdsa-P-384,sign,828,479788,1289612
ecdsa-P-384,sign,829,479290,1288272
ecdsa-P-384,sign,830,479761,1289542
ecdsa-P-384,sign,831,481809,1295040
ecdsa-P-384,sign,832,483351,1299152
ecdsa-P-384,sign,833,484304,1301748
ecdsa-P-384,sign,834,481712,1294756
ecdsa-P-384,sign,835,481833,1295112
ecdsa-P-384,sign,836,482010,1295556
ecdsa-P-384,sign,837,481816,1295060
ecdsa-P-384,sign,838,480255,1290840
ecdsa-P-384,sign,839,482829,1297786
ecdsa-P-384,sign,840,478273,1285510
ecdsa-P-384,sign,841,481834,1295110
ecdsa-P-384,sign,842,482558,1297030
ecdsa-P-384,sign,843,481567,1294394
ecdsa-P-384,sign,844,479000,1287498
ecdsa-P-384,sign,845,482369,1296546
ecdsa-P-384,sign,846,479106,1287752
ecdsa-P-384,sign,847,480002,1290190
ecdsa-P-384,sign,848,480834,1292392
ecdsa-P-384,sign,849,481255,1293552
ecdsa-P-384,sign,850,479771,1289570
ecdsa-P-384,sign,851,480853,1292480
ecdsa-P-384,sign,852,482054,1295706
ecdsa-P-384,sign,853,480649,1291930
ecdsa-P-384,sign,854,483392,1299266
ecdsa-P-384,sign,855,483408,1299344
ecdsa-P-384,sign,856,481390,1293882
ecdsa-P-384,sign,857,480351,1291128
ecdsa-P-384,sign,858,481521,1294238
ecdsa-P-384,sign,859,479780,1289596
ecdsa-P-384,sign,860,482791,1297688
ecdsa-P-384,sign,861,482611,1297202
ecdsa-P-384,sign,862,484913,1303354
ecdsa-P-384,sign,863,486253,1306994
ecdsa-P-384,sign,864,486406,1307370
ecdsa-P-384,sign,865,482852,1297850
ecdsa-P-384,sign,866,487906,1311398
ecdsa-P-384,sign,867,488169,1312146
ecdsa-P-384,sign,868,489179,1314820
ecdsa-P-384,sign,869,483692,1300110
ecdsa-P-384,sign,870,486180,1306766
ecdsa-P-384,sign,871,482085,1295792
ecdsa-P-384,sign,872,482785,1297668
ecdsa-P-384,sign,873,483148,1298646
ecdsa-P-384,sign,874,484355,1301860
ecdsa-P-384,sign,875,478308,1285638
ecdsa-P-384,sign,876,480140,1290528
ecdsa-P-384,sign,877,478472,1286080
ecdsa-P-384,sign,878,480364,1291158
ecdsa-P-384,sign,879,480740,1292174
ecdsa-P-384,sign,880,480446,1291342
ecdsa-P-384,sign,881,482637,1297272
ecdsa-P-384,sign,882,482479,1296816
ecdsa-P-384,sign,883,482896,1297962
ecdsa-P-384,sign,884,479617,1289158
ecdsa-P-384,sign,885,481223,1293466
ecdsa-P-384,sign,886,481014,1292878
ecdsa-P-384,sign,887,482231,1296176
ecdsa-P-384,sign,888,478291,1285590
ecdsa-P-384,sign,889,481949,1295420
ecdsa-P-384,sign,890,480009,1290208
ecdsa-P-384,sign,891,481923,1295350
ecdsa-P-384,sign,892,478837,1287030
ecdsa-P-384,sign,893,485640,1305344
ecdsa-P-384,sign,894,483077,1298422
ecdsa-P-384,sign,895,483666,1300034
ecdsa-P-384,sign,896,480887,1292536
ecdsa-P-384,sign,897,482200,1296100
ecdsa-P-384,sign,898,482574,1297106
ecdsa-P-384,sign,899,484368,1301918
ecdsa-P-384,sign,900,483246,1298878
ecdsa-P-384,sign,901,484063,1301100
ecdsa-P-384,sign,902,478879,1287172
ecdsa-P-384,sign,903,480272,1290908
ecdsa-P-384,sign,904,481817,1295036
ecdsa-P-384,sign,905,480413,1291288
ecdsa-P-384,sign,906,479055,1287612
ecdsa-P-384,sign,907,485688,1305472
ecdsa-P-384,sign,908,483868,1300582
ecdsa-P-384,sign,909,478865,1287134
ecdsa-P-384,sign,910,493843,1327376
ecdsa-P-384,sign,911,480184,1290678
ecdsa-P-384,sign,912,486060,1306428
ecdsa-P-384,sign,913,483426,1299394
ecdsa-P-384,sign,914,484259,1301590
ecdsa-P-384,sign,915,485431,1304784
ecdsa-P-384,sign,916,487171,1309424
ecdsa-P-384,sign,917,485364,1304604
ecdsa-P-384,sign,918,483480,1299496
ecdsa-P-384,sign,919,485543,1305082
ecdsa-P-384,sign,920,484803,1303054
ecdsa-P-384,sign,921,484289,1301714
ecdsa-P-384,sign,922,486669,1308078
ecdsa-P-384,sign,923,483685,1300092
ecdsa-P-384,sign,924,482401,1296596
ecdsa-P-384,sign,925,479453,1288716
ecdsa-P-384,sign,926,480663,1291960
ecdsa-P-384,sign,927,478988,1287468
ecdsa-P-384,sign,928,482330,1296412
ecdsa-P-384,sign,929,482529,1296986
ecdsa-P-384,sign,930,483414,1299358
ecdsa-P-384,sign,931,478595,1286410
ecdsa-P-384,sign,932,481976,1295492
ecdsa-P-384,sign,933,481341,1293788
ecdsa-P-384,sign,934,481817,1295030
ecdsa-P-384,sign,935,478213,1285382
ecdsa-P-384,sign,936,481250,1293508
ecdsa-P-384,sign,937,484006,1300954
ecdsa-P-384,sign,938,485384,1304618
ecdsa-P-384,sign,939,485270,1304324
ecdsa-P-384,sign,940,484503,1302258
ecdsa-P-384,sign,941,486203,1306850
ecdsa-P-384,sign,942,481434,1294038
ecdsa-P-384,sign,943,482692,1297420
ecdsa-P-384,sign,944,480754,1292180
ecdsa-P-384,sign,945,483605,1299868
ecdsa-P-384,sign,946,480177,1290628
ecdsa-P-384,sign,947,482226,1296162
ecdsa-P-384,sign,948,479769,1289534
ecdsa-P-384,sign,949,481396,1293932
ecdsa-P-384,sign,950,479315,1288312
ecdsa-P-384,sign,951,482736,1297534
ecdsa-P-384,sign,952,483323,1299084
ecdsa-P-384,sign,953,482963,1298144
ecdsa-P-384,sign,954,478827,1287032
ecdsa-P-384,sign,955,480831,1292414
ecdsa-P-384,sign,956,481227,1293450
ecdsa-P-384,sign,957,482989,1298212
ecdsa-P-384,sign,958,479015,1287506
ecdsa-P-384,sign,959,480812,1292364
ecdsa-P-384,sign,960,481209,1293404
ecdsa-P-384,sign,961,482663,1297338
ecdsa-P-384,sign,962,480673,1291960
ecdsa-P-384,sign,963,485759,1305660
ecdsa-P-384,sign,964,479586,1289044
ecdsa-P-384,sign,965,481172,1293330
ecdsa-P-384,sign,966,483670,1300016
ecdsa-P-384,sign,967,483422,1299376
ecdsa-P-384,sign,968,481156,1293262
ecdsa-P-384,sign,969,483663,1300028
ecdsa-P-384,sign,970,481737,1294848
ecdsa-P-384,sign,971,479656,1289260
ecdsa-P-384,sign,972,484181,1301378
ecdsa-P-384,sign,973,485797,1305772
ecdsa-P-384,sign,974,485840,1305876
ecdsa-P-384,sign,975,485459,1304860
ecdsa-P-384,sign,976,485229,1304204
ecdsa-P-384,sign,977,483756,1300284
ecdsa-P-384,sign,978,487099,1309266
ecdsa-P-384,sign,979,483084,1298478
ecdsa-P-384,sign,980,485799,1305728
ecdsa-P-384,sign,981,481275,1293612
ecdsa-P-384,sign,982,485867,1305916
ecdsa-P-384,sign,983,482205,1296114
ecdsa-P-384,sign,984,485638,1305300
ecdsa-P-384,sign,985,481658,1294644
ecdsa-P-384,sign,986,485810,1305760
ecdsa-P-384,sign,987,477717,1284048
ecdsa-P-384,sign,988,483113,1298512
ecdsa-P-384,sign,989,480758,1292224
ecdsa-P-384,sign,990,482480,1296808
ecdsa-P-384,sign,991,483213,1298822
ecdsa-P-384,sign,992,482645,1297288
ecdsa-P-384,sign,993,482544,1297024
ecdsa-P-384,sign,994,480399,1291228
ecdsa-P-384,sign,995,479635,1289208
ecdsa-P-384,sign,996,480375,1291192
ecdsa-P-384,sign,997,483835,1300494
ecdsa-P-384,sign,998,479730,1289460
ecdsa-P-384,sign,999,480546,1291654
ecdsa-P-384,verify,0,416394,1119176
ecdsa-P-384,verify,1,414088,1112978
ecdsa-P-384,verify,2,410884,1104370
ecdsa-P-384,verify,3,412747,1109312
ecdsa-P-384,verify,4,414015,1112814
ecdsa-P-384,verify,5,414226,1113378
ecdsa-P-384,verify,6,412303,1108210
ecdsa-P-384,verify,7,412221,1107980
ecdsa-P-384,verify,8,412632,1109100
ecdsa-P-384,verify,9,415278,1116206
ecdsa-P-384,verify,10,412661,1109150
ecdsa-P-384,verify,11,413434,1111230
ecdsa-P-384,verify,12,413350,1111018
ecdsa-P-384,verify,13,412334,1108300
ecdsa-P-384,verify,14,411198,1105244
ecdsa-P-384,verify,15,413051,1110226
ecdsa-P-384,verify,16,412961,1109980
ecdsa-P-384,verify,17,414386,1113818
ecdsa-P-384,verify,18,411450,1105916
ecdsa-P-384,verify,19,411600,1106326
ecdsa-P-384,verify,20,410327,1102900
ecdsa-P-384,verify,21,414958,1115348
ecdsa-P-384,verify,22,414082,1113002
ecdsa-P-384,verify,23,412631,1109100
ecdsa-P-384,verify,24,411749,1106724
ecdsa-P-384,verify,25,412959,1109978
ecdsa-P-384,verify,26,411663,1106498
ecdsa-P-384,verify,27,412249,1108064
ecdsa-P-384,verify,28,413448,1111286
ecdsa-P-384,verify,29,414742,1114764
ecdsa-P-384,verify,30,413916,1112546
ecdsa-P-384,verify,31,411054,1104860
ecdsa-P-384,verify,32,411094,1104958
ecdsa-P-384,verify,33,412309,1108230
ecdsa-P-384,verify,34,411371,1105714
ecdsa-P-384,verify,35,414490,1114086
ecdsa-P-384,verify,36,410220,1102604
ecdsa-P-384,verify,37,410580,1103576
ecdsa-P-384,verify,38,411343,1105634
ecdsa-P-384,verify,39,410589,1103606
ecdsa-P-384,verify,40,417946,1123376
ecdsa-P-384,verify,41,413281,1110838
ecdsa-P-384,verify,42,411253,1105390
ecdsa-P-384,verify,43,411857,1107018
ecdsa-P-384,verify,44,409866,1101668
ecdsa-P-384,verify,45,411987,1107358
ecdsa-P-384,verify,46,412535,1108838
ecdsa-P-384,verify,47,414323,1113642
ecdsa-P-384,verify,48,410380,1103050
ecdsa-P-384,verify,49,411375,1105722
ecdsa-P-384,verify,50,413956,1112648
ecdsa-P-384,verify,51,412412,1108504
ecdsa-P-384,verify,52,414178,1113254
ecdsa-P-384,verify,53,412613,1109050
ecdsa-P-384,verify,54,410091,1102272
ecdsa-P-384,verify,55,413153,1110500
ecdsa-P-384,verify,56,411528,1106126
ecdsa-P-384,verify,57,411987,1107366
ecdsa-P-384,verify,58,412190,1107912
ecdsa-P-384,verify,59,412569,1108922
ecdsa-P-384,verify,60,412498,1108738
ecdsa-P-384,verify,61,411085,1104936
ecdsa-P-384,verify,62,414496,1114108
ecdsa-P-384,verify,63,414323,1113648
ecdsa-P-384,verify,64,412159,1107820
ecdsa-P-384,verify,65,410567,1103550
ecdsa-P-384,verify,66,410930,1104526
ecdsa-P-384,verify,67,413889,1112478
ecdsa-P-384,verify,68,412805,1109564
ecdsa-P-384,verify,69,411713,1106622
ecdsa-P-384,verify,70,413179,1110564
ecdsa-P-384,verify,71,413455,1111308
ecdsa-P-384,verify,72,412475,1108670
ecdsa-P-384,verify,73,415455,1116686
ecdsa-P-384,verify,74,413243,1110744
ecdsa-P-384,verify,75,411807,1106882
ecdsa-P-384,verify,76,411888,1107100
ecdsa-P-384,verify,77,412320,1108264
ecdsa-P-384,verify,78,412161,1107834
ecdsa-P-384,verify,79,416810,1120330
ecdsa-P-384,verify,80,411958,1107280
ecdsa-P-384,verify,81,413020,1110142
ecdsa-P-384,verify,82,411457,1105940
ecdsa-P-384,verify,83,412243,1108046
ecdsa-P-384,verify,84,413014,1110130
ecdsa-P-384,verify,85,410957,1104598
ecdsa-P-384,verify,86,416701,1120038
ecdsa-P-384,verify,87,413575,1111638
ecdsa-P-384,verify,88,413421,1111220
ecdsa-P-384,verify,89,412430,1108560
ecdsa-P-384,verify,90,410964,1104616
ecdsa-P-384,verify,91,414158,1113200
ecdsa-P-384,verify,92,410916,1104486
ecdsa-P-384,verify,93,413190,1110600
ecdsa-P-384,verify,94,409832,1101566
ecdsa-P-384,verify,95,411361,1105686
ecdsa-P-384,verify,96,413499,1111430
ecdsa-P-384,verify,97,410004,1102030
ecdsa-P-384,verify,98,413119,1110408
ecdsa-P-384,verify,99,410498,1103362
ecdsa-P-384,verify,100,411220,1105298
ecdsa-P-384,verify,101,415059,1115622
ecdsa-P-384,verify,102,412672,1109200
ecdsa-P-384,verify,103,411299,1105502
ecdsa-P-384,verify,104,410209,1102580
ecdsa-P-384,verify,105,412062,1107568
ecdsa-P-384,verify,106,412901,1109826
ecdsa-P-384,verify,107,412602,1109020
ecdsa-P-384,verify,108,413382,1111114
ecdsa-P-384,verify,109,412133,1107752
ecdsa-P-384,verify,110,415214,1116028
ecdsa-P-384,verify,111,411637,1106420
ecdsa-P-384,verify,112,410802,1104176
ecdsa-P-384,verify,113,413629,1111772
ecdsa-P-384,verify,114,409909,1101782
ecdsa-P-384,verify,115,412160,1107826
ecdsa-P-384,verify,116,412474,1108676
ecdsa-P-384,verify,117,412584,1108962
ecdsa-P-384,verify,118,411659,1106486
ecdsa-P-384,verify,119,413404,1111178
ecdsa-P-384,verify,120,413320,1110946
ecdsa-P-384,verify,121,410825,1104244
ecdsa-P-384,verify,122,415412,1116568
ecdsa-P-384,verify,123,411851,1106994
ecdsa-P-384,verify,124,409143,1099720
ecdsa-P-384,verify,125,415153,1115872
ecdsa-P-384,verify,126,411335,1105606
ecdsa-P-384,verify,127,413980,1112712
ecdsa-P-384,verify,128,411714,1106634
ecdsa-P-384,verify,129,410758,1104060
ecdsa-P-384,verify,130,411132,1105064
ecdsa-P-384,verify,131,410620,1103692
ecdsa-P-384,verify,132,414914,1115230
ecdsa-P-384,verify,133,413604,1111714
ecdsa-P-384,verify,134,412255,1108084
ecdsa-P-384,verify,135,412647,1109140
ecdsa-P-384,verify,136,409684,1101174
ecdsa-P-384,verify,137,414014,1112816
ecdsa-P-384,verify,138,412023,1107466
ecdsa-P-384,verify,139,412117,1107710
ecdsa-P-384,verify,140,411998,1107392
ecdsa-P-384,verify,141,411163,1105154
ecdsa-P-384,verify,142,412964,1109988
ecdsa-P-384,verify,143,414796,1114916
ecdsa-P-384,verify,144,411576,1106258
ecdsa-P-384,verify,145,412360,1108366
ecdsa-P-384,verify,146,412092,1107646
ecdsa-P-384,verify,147,414577,1114328
ecdsa-P-384,verify,148,411770,1106786
ecdsa-P-384,verify,149,414618,1114430
ecdsa-P-384,verify,150,410853,1104314
ecdsa-P-384,verify,151,414094,1113026
ecdsa-P-384,verify,152,412533,1108832
ecdsa-P-384,verify,153,411610,1106350
ecdsa-P-384,verify,154,414256,1113458
ecdsa-P-384,verify,155,412382,1108430
ecdsa-P-384,verify,156,412505,1108754
ecdsa-P-384,verify,157,414835,1115022
ecdsa-P-384,verify,158,412326,1108276
ecdsa-P-384,verify,159,412404,1108490
ecdsa-P-384,verify,160,412595,1109000
ecdsa-P-384,verify,161,413622,1111762
ecdsa-P-384,verify,162,410976,1104648
ecdsa-P-384,verify,163,411495,1106044
ecdsa-P-384,verify,164,413791,1112212
ecdsa-P-384,verify,165,412615,1109056
ecdsa-P-384,verify,166,412067,1107570
ecdsa-P-384,verify,167,411417,1105826
ecdsa-P-384,verify,168,413319,1110942
ecdsa-P-384,verify,169,413231,1110710
ecdsa-P-384,verify,170,413476,1111368
ecdsa-P-384,verify,171,413105,1110366
ecdsa-P-384,verify,172,411517,1106094
ecdsa-P-384,verify,173,413820,1112286
ecdsa-P-384,verify,174,410198,1102556
ecdsa-P-384,verify,175,410715,1103946
ecdsa-P-384,verify,176,414927,1115272
ecdsa-P-384,verify,177,415752,1117482
ecdsa-P-384,verify,178,413488,1111396
ecdsa-P-384,verify,179,413114,1110388
ecdsa-P-384,verify,180,414217,1113356
ecdsa-P-384,verify,181,410889,1104418
ecdsa-P-384,verify,182,413224,1110684
ecdsa-P-384,verify,183,412065,1107570
ecdsa-P-384,verify,184,415677,1117180
ecdsa-P-384,verify,185,420993,1131466
ecdsa-P-384,verify,186,428355,1151330
ecdsa-P-384,verify,187,419527,1127608
ecdsa-P-384,verify,188,437920,1177044
ecdsa-P-384,verify,189,412247,1108058
ecdsa-P-384,verify,190,412643,1109126
ecdsa-P-384,verify,191,412531,1108820
ecdsa-P-384,verify,192,422988,1136926
ecdsa-P-384,verify,193,426678,1146842
ecdsa-P-384,verify,194,410174,1102494
ecdsa-P-384,verify,195,414306,1113594
ecdsa-P-384,verify,196,414777,1114866
ecdsa-P-384,verify,197,412469,1108658
ecdsa-P-384,verify,198,411041,1104822
ecdsa-P-384,verify,199,415275,1116206
ecdsa-P-384,verify,200,413627,1111778
ecdsa-P-384,verify,201,412249,1108070
ecdsa-P-384,verify,202,413733,1112060
ecdsa-P-384,verify,203,410521,1103428
ecdsa-P-384,verify,204,411899,1107132
ecdsa-P-384,verify,205,421090,1131750
ecdsa-P-384,verify,206,415447,1116668
ecdsa-P-384,verify,207,415337,1116366
ecdsa-P-384,verify,208,409251,1100008
ecdsa-P-384,verify,209,415142,1115846
ecdsa-P-384,verify,210,412985,1110048
ecdsa-P-384,verify,211,411278,1105460
ecdsa-P-384,verify,212,412636,1109112
ecdsa-P-384,verify,213,410769,1104090
ecdsa-P-384,verify,214,411861,1107028
ecdsa-P-384,verify,215,410646,1103760
ecdsa-P-384,verify,216,411535,1106152
ecdsa-P-384,verify,217,414475,1114026
ecdsa-P-384,verify,218,413329,1110974
ecdsa-P-384,verify,219,412609,1109034
ecdsa-P-384,verify,220,409941,1101866
ecdsa-P-384,verify,221,413527,1111504
ecdsa-P-384,verify,222,413074,1110288
ecdsa-P-384,verify,223,413435,1111260
ecdsa-P-384,verify,224,413056,1110234
ecdsa-P-384,verify,225,412631,1109098
ecdsa-P-384,verify,226,413904,1112508
ecdsa-P-384,verify,227,413666,1111880
ecdsa-P-384,verify,228,412487,1108708
ecdsa-P-384,verify,229,412695,1109270
ecdsa-P-384,verify,230,411787,1106826
ecdsa-P-384,verify,231,555810,1493954
ecdsa-P-384,verify,232,412360,1108370
ecdsa-P-384,verify,233,412138,1107768
ecdsa-P-384,verify,234,411940,1107240
ecdsa-P-384,verify,235,412320,1108262
ecdsa-P-384,verify,236,412458,1108626
ecdsa-P-384,verify,237,412968,1109996
ecdsa-P-384,verify,238,413745,1112092
ecdsa-P-384,verify,239,412564,1108912
ecdsa-P-384,verify,240,412189,1107904
ecdsa-P-384,verify,241,412305,1108224
ecdsa-P-384,verify,242,412445,1108590
ecdsa-P-384,verify,243,414689,1114624
ecdsa-P-384,verify,244,410262,1102728
ecdsa-P-384,verify,245,412479,1108688
ecdsa-P-384,verify,246,411061,1104878
ecdsa-P-384,verify,247,410052,1102164
ecdsa-P-384,verify,248,413956,1112654
ecdsa-P-384,verify,249,410912,1104480
ecdsa-P-384,verify,250,413912,1112534
ecdsa-P-384,verify,251,410722,1103962
ecdsa-P-384,verify,252,411647,1106446
ecdsa-P-384,verify,253,410905,1104456
ecdsa-P-384,verify,254,413657,1111846
ecdsa-P-384,verify,255,411611,1106356
ecdsa-P-384,verify,256,410092,1102274
ecdsa-P-384,verify,257,412924,1109884
ecdsa-P-384,verify,258,408651,1098396
ecdsa-P-384,verify,259,413895,1112496
ecdsa-P-384,verify,260,413434,1111252
ecdsa-P-384,verify,261,414273,1113514
ecdsa-P-384,verify,262,413795,1112220
ecdsa-P-384,verify,263,411893,1107108
ecdsa-P-384,verify,264,409758,1101374
ecdsa-P-384,verify,265,413899,1112502
ecdsa-P-384,verify,266,409335,1100230
ecdsa-P-384,verify,267,412988,1110052
ecdsa-P-384,verify,268,409564,1100850
ecdsa-P-384,verify,269,412128,1107738
ecdsa-P-384,verify,270,410914,1104474
ecdsa-P-384,verify,271,412605,1109028
ecdsa-P-384,verify,272,414925,1115258
ecdsa-P-384,verify,273,411353,1105652
ecdsa-P-384,verify,274,412427,1108534
ecdsa-P-384,verify,275,419678,1128032
ecdsa-P-384,verify,276,410317,1102870
ecdsa-P-384,verify,277,414859,1115086
ecdsa-P-384,verify,278,411662,1106496
ecdsa-P-384,verify,279,413562,1111602
ecdsa-P-384,verify,280,412810,1109578
ecdsa-P-384,verify,281,410461,1103258
ecdsa-P-384,verify,282,412640,1109118
ecdsa-P-384,verify,283,413708,1111992
ecdsa-P-384,verify,284,414528,1114194
ecdsa-P-384,verify,285,413794,1112224
ecdsa-P-384,verify,286,420953,1131428
ecdsa-P-384,verify,287,410601,1103644
ecdsa-P-384,verify,288,410042,1102140
ecdsa-P-384,verify,289,414413,1113880
ecdsa-P-384,verify,290,410477,1103300
ecdsa-P-384,verify,291,414732,1114740
ecdsa-P-384,verify,292,411287,1105478
ecdsa-P-384,verify,293,409245,1099996
ecdsa-P-384,verify,294,413043,1110206
ecdsa-P-384,verify,295,410961,1104606
ecdsa-P-384,verify,296,413392,1111142
ecdsa-P-384,verify,297,411974,1107324
ecdsa-P-384,verify,298,412164,1107844
ecdsa-P-384,verify,299,410312,1102860
ecdsa-P-384,verify,300,416430,1119302
ecdsa-P-384,verify,301,415249,1116124
ecdsa-P-384,verify,302,410901,1104440
ecdsa-P-384,verify,303,412155,1107812
ecdsa-P-384,verify,304,410513,1103394
ecdsa-P-384,verify,305,414081,1112996
ecdsa-P-384,verify,306,415826,1117674
ecdsa-P-384,verify,307,411358,1105678
ecdsa-P-384,verify,308,412430,1108552
ecdsa-P-384,verify,309,411455,1105936
ecdsa-P-384,verify,310,412490,1108718
ecdsa-P-384,verify,311,413418,1111208
ecdsa-P-384,verify,312,411535,1106142
ecdsa-P-384,verify,313,415609,1117100
ecdsa-P-384,verify,314,412891,1109796
ecdsa-P-384,verify,315,413892,1112484
ecdsa-P-384,verify,316,412052,1107530
ecdsa-P-384,verify,317,414776,1114852
ecdsa-P-384,verify,318,413835,1112330
ecdsa-P-384,verify,319,411686,1106552
ecdsa-P-384,verify,320,413245,1110740
ecdsa-P-384,verify,321,414035,1112872
ecdsa-P-384,verify,322,411879,1107072
ecdsa-P-384,verify,323,414249,1113442
ecdsa-P-384,verify,324,411252,1105394
ecdsa-P-384,verify,325,412406,1108490
ecdsa-P-384,verify,326,410998,1104706
ecdsa-P-384,verify,327,411650,1106462
ecdsa-P-384,verify,328,413488,1111390
ecdsa-P-384,verify,329,410260,1102726
ecdsa-P-384,verify,330,413829,1112312
ecdsa-P-384,verify,331,412087,1107634
ecdsa-P-384,verify,332,411857,1107016
ecdsa-P-384,verify,333,410823,1104236
ecdsa-P-384,verify,334,411389,1105758
ecdsa-P-384,verify,335,412518,1108790
ecdsa-P-384,verify,336,413358,1111046
ecdsa-P-384,verify,337,413472,1111360
ecdsa-P-384,verify,338,410715,1103948
ecdsa-P-384,verify,339,411075,1104918
ecdsa-P-384,verify,340,411565,1106230
ecdsa-P-384,verify,341,412103,1107676
ecdsa-P-384,verify,342,412242,1108046
ecdsa-P-384,verify,343,410033,1102110
ecdsa-P-384,verify,344,414491,1114094
ecdsa-P-384,verify,345,415348,1116400
ecdsa-P-384,verify,346,411756,1106734
ecdsa-P-384,verify,347,413600,1111696
ecdsa-P-384,verify,348,412446,1108592
ecdsa-P-384,verify,349,411250,1105372
ecdsa-P-384,verify,350,410496,1103358
ecdsa-P-384,verify,351,410795,1104164
ecdsa-P-384,verify,352,414099,1113034
ecdsa-P-384,verify,353,412483,1108694
ecdsa-P-384,verify,354,414626,1114454
ecdsa-P-384,verify,355,411085,1104936
ecdsa-P-384,verify,356,409800,1101480
ecdsa-P-384,verify,357,414181,1113262
ecdsa-P-384,verify,358,412820,1109598
ecdsa-P-384,verify,359,413674,1111892
ecdsa-P-384,verify,360,411748,1106728
ecdsa-P-384,verify,361,417987,1123488
ecdsa-P-384,verify,362,410666,1103816
ecdsa-P-384,verify,363,412876,1109744
ecdsa-P-384,verify,364,414740,1114758
ecdsa-P-384,verify,365,411566,1106228
ecdsa-P-384,verify,366,414357,1113732
ecdsa-P-384,verify,367,412601,1109014
ecdsa-P-384,verify,368,410974,1104644
ecdsa-P-384,verify,369,415151,1115858
ecdsa-P-384,verify,370,412422,1108538
ecdsa-P-384,verify,371,414510,1114144
ecdsa-P-384,verify,372,412098,1107660
ecdsa-P-384,verify,373,413932,1112592
ecdsa-P-384,verify,374,411482,1106008
ecdsa-P-384,verify,375,413230,1110702
ecdsa-P-384,verify,376,415066,1115638
ecdsa-P-384,verify,377,412647,1109134
ecdsa-P-384,verify,378,411091,1104946
ecdsa-P-384,verify,379,411698,1106584
ecdsa-P-384,verify,380,412098,1107652
ecdsa-P-384,verify,381,412516,1108780
ecdsa-P-384,verify,382,411350,1105652
ecdsa-P-384,verify,383,414196,1113300
ecdsa-P-384,verify,384,410304,1102844
ecdsa-P-384,verify,385,411674,1106520
ecdsa-P-384,verify,386,411557,1106208
ecdsa-P-384,verify,387,411062,1104880
ecdsa-P-384,verify,388,413204,1110632
ecdsa-P-384,verify,389,412945,1109940
ecdsa-P-384,verify,390,412401,1108474
ecdsa-P-384,verify,391,412511,1108776
ecdsa-P-384,verify,392,411646,1106444
ecdsa-P-384,verify,393,415720,1117394
ecdsa-P-384,verify,394,410905,1104458
ecdsa-P-384,verify,395,414902,1115200
ecdsa-P-384,verify,396,414139,1113150
ecdsa-P-384,verify,397,413081,1110308
ecdsa-P-384,verify,398,412346,1108328
ecdsa-P-384,verify,399,411790,1106832
ecdsa-P-384,verify,400,412502,1108742
ecdsa-P-384,verify,401,414542,1114234
ecdsa-P-384,verify,402,411417,1105834
ecdsa-P-384,verify,403,412644,1109126
ecdsa-P-384,verify,404,408958,1099220
ecdsa-P-384,verify,405,414691,1114632
ecdsa-P-384,verify,406,415533,1116894
ecdsa-P-384,verify,407,414179,1113254
ecdsa-P-384,verify,408,412475,1108674
ecdsa-P-384,verify,409,414176,1113250
ecdsa-P-384,verify,410,412576,1108944
ecdsa-P-384,verify,411,413884,1112466
ecdsa-P-384,verify,412,414176,1113248
ecdsa-P-384,verify,413,410235,1102650
ecdsa-P-384,verify,414,411085,1104934
ecdsa-P-384,verify,415,412712,1109308
ecdsa-P-384,verify,416,414253,1113450
ecdsa-P-384,verify,417,417380,1121852
ecdsa-P-384,verify,418,419443,1127408
ecdsa-P-384,verify,419,412281,1108152
ecdsa-P-384,verify,420,409498,1100676
ecdsa-P-384,verify,421,411569,1106242
ecdsa-P-384,verify,422,412801,1109548
ecdsa-P-384,verify,423,410020,1102080
ecdsa-P-384,verify,424,412849,1109680
ecdsa-P-384,verify,425,415187,1115968
ecdsa-P-384,verify,426,412818,1109602
ecdsa-P-384,verify,427,411983,1107352
ecdsa-P-384,verify,428,411294,1105506
ecdsa-P-384,verify,429,412644,1109126
ecdsa-P-384,verify,430,414345,1113702
ecdsa-P-384,verify,431,411868,1107044
ecdsa-P-384,verify,432,415963,1118056
ecdsa-P-384,verify,433,414997,1115444
ecdsa-P-384,verify,434,413400,1111160
ecdsa-P-384,verify,435,411152,1105128
ecdsa-P-384,verify,436,413746,1112092
ecdsa-P-384,verify,437,411776,1106800
ecdsa-P-384,verify,438,411282,1105462
ecdsa-P-384,verify,439,413715,1112008
ecdsa-P-384,verify,440,411215,1105292
ecdsa-P-384,verify,441,412494,1108724
ecdsa-P-384,verify,442,413378,1111104
ecdsa-P-384,verify,443,410912,1104476
ecdsa-P-384,verify,444,414863,1115088
ecdsa-P-384,verify,445,413016,1110138
ecdsa-P-384,verify,446,419041,1126322
ecdsa-P-384,verify,447,413960,1112672
ecdsa-P-384,verify,448,409586,1100914
ecdsa-P-384,verify,449,411668,1106508
ecdsa-P-384,verify,450,412552,1108884
ecdsa-P-384,verify,451,413491,1111400
ecdsa-P-384,verify,452,413657,1111854
ecdsa-P-384,verify,453,414453,1113986
ecdsa-P-384,verify,454,413962,1112670
ecdsa-P-384,verify,455,410361,1102996
ecdsa-P-384,verify,456,414111,1113066
ecdsa-P-384,verify,457,411096,1104970
ecdsa-P-384,verify,458,415471,1116728
ecdsa-P-384,verify,459,411015,1104746
ecdsa-P-384,verify,460,411180,1105196
ecdsa-P-384,verify,461,413401,1111168
ecdsa-P-384,verify,462,410741,1104018
ecdsa-P-384,verify,463,414417,1113896
ecdsa-P-384,verify,464,412906,1109838
ecdsa-P-384,verify,465,410541,1103474
ecdsa-P-384,verify,466,411521,1106112
ecdsa-P-384,verify,467,410774,1104104
ecdsa-P-384,verify,468,412975,1110012
ecdsa-P-384,verify,469,411175,1105182
ecdsa-P-384,verify,470,411571,1106238
ecdsa-P-384,verify,471,413218,1110676
ecdsa-P-384,verify,472,414219,1113366
ecdsa-P-384,verify,473,414133,1113128
ecdsa-P-384,verify,474,411177,1105180
ecdsa-P-384,verify,475,411608,1106342
ecdsa-P-384,verify,476,411834,1106956
ecdsa-P-384,verify,477,412166,1107850
ecdsa-P-384,verify,478,414858,1115078
ecdsa-P-384,verify,479,411265,1105428
ecdsa-P-384,verify,480,415599,1117076
ecdsa-P-384,verify,481,409595,1100934
ecdsa-P-384,verify,482,414889,1115164
ecdsa-P-384,verify,483,414657,1114538
ecdsa-P-384,verify,484,412451,1108612
ecdsa-P-384,verify,485,414752,1114792
ecdsa-P-384,verify,486,409329,1100224
ecdsa-P-384,verify,487,415814,1117644
ecdsa-P-384,verify,488,411311,1105548
ecdsa-P-384,verify,489,412603,1109020
ecdsa-P-384,verify,490,417420,1121966
ecdsa-P-384,verify,491,410295,1102820
ecdsa-P-384,verify,492,412555,1108888
ecdsa-P-384,verify,493,412179,1107878
ecdsa-P-384,verify,494,411683,1106548
ecdsa-P-384,verify,495,413019,1110134
ecdsa-P-384,verify,496,412025,1107462
ecdsa-P-384,verify,497,417583,1122406
ecdsa-P-384,verify,498,412012,1107436
ecdsa-P-384,verify,499,411482,1106006
ecdsa-P-384,verify,500,411415,1105818
ecdsa-P-384,verify,501,409645,1101072
ecdsa-P-384,verify,502,412769,1109462
ecdsa-P-384,verify,503,410870,1104364
ecdsa-P-384,verify,504,414043,1112892
ecdsa-P-384,verify,505,413444,1111278
ecdsa-P-384,verify,506,416685,1119992
ecdsa-P-384,verify,507,411319,1105566
ecdsa-P-384,verify,508,412163,1107838
ecdsa-P-384,verify,509,414581,1114332
ecdsa-P-384,verify,510,413733,1112058
ecdsa-P-384,verify,511,414773,1114848
ecdsa-P-384,verify,512,411534,1106150
ecdsa-P-384,verify,513,409875,1101682
ecdsa-P-384,verify,514,413704,1111970
ecdsa-P-384,verify,515,412465,1108640
ecdsa-P-384,verify,516,413233,1110704
ecdsa-P-384,verify,517,412797,1109536
ecdsa-P-384,verify,518,410101,1102284
ecdsa-P-384,verify,519,415846,1117728
ecdsa-P-384,verify,520,413307,1110918
ecdsa-P-384,verify,521,412504,1108750
ecdsa-P-384,verify,522,410514,1103400
ecdsa-P-384,verify,523,412372,1108396
ecdsa-P-384,verify,524,409569,1100860
ecdsa-P-384,verify,525,415137,1115838
ecdsa-P-384,verify,526,412705,1109298
ecdsa-P-384,verify,527,413565,1111600
ecdsa-P-384,verify,528,413492,1111408
ecdsa-P-384,verify,529,415255,1116150
ecdsa-P-384,verify,530,411493,1106038
ecdsa-P-384,verify,531,414847,1115042
ecdsa-P-384,verify,532,415775,1117550
ecdsa-P-384,verify,533,411503,1106058
ecdsa-P-384,verify,534,414157,1113198
ecdsa-P-384,verify,535,411549,1106188
ecdsa-P-384,verify,536,414886,1115156
ecdsa-P-384,verify,537,414223,1113372
ecdsa-P-384,verify,538,412660,1109172
ecdsa-P-384,verify,539,410758,1104064
ecdsa-P-384,verify,540,414020,1112824
ecdsa-P-384,verify,541,411495,1106038
ecdsa-P-384,verify,542,413678,1111912
ecdsa-P-384,verify,543,414830,1115008
ecdsa-P-384,verify,544,412480,1108692
ecdsa-P-384,verify,545,415546,1116928
ecdsa-P-384,verify,546,411235,1105346
ecdsa-P-384,verify,547,411368,1105702
ecdsa-P-384,verify,548,414051,1112916
ecdsa-P-384,verify,549,412709,1109306
ecdsa-P-384,verify,550,413649,1111828
ecdsa-P-384,verify,551,410679,1103850
ecdsa-P-384,verify,552,410441,1103208
ecdsa-P-384,verify,553,413245,1110750
ecdsa-P-384,verify,554,410321,1102888
ecdsa-P-384,verify,555,416295,1118940
ecdsa-P-384,verify,556,413497,1111418
ecdsa-P-384,verify,557,412907,1109834
ecdsa-P-384,verify,558,410121,1102344
ecdsa-P-384,verify,559,412365,1108384
ecdsa-P-384,verify,560,416495,1119480
ecdsa-P-384,verify,561,412087,1107634
ecdsa-P-384,verify,562,412716,1109324
ecdsa-P-384,verify,563,414128,1113090
ecdsa-P-384,verify,564,412836,1109652
ecdsa-P-384,verify,565,415401,1116546
ecdsa-P-384,verify,566,412539,1108848
ecdsa-P-384,verify,567,413564,1111606
ecdsa-P-384,verify,568,411940,1107240
ecdsa-P-384,verify,569,413580,1111646
ecdsa-P-384,verify,570,409911,1101788
ecdsa-P-384,verify,571,413519,1111486
ecdsa-P-384,verify,572,415227,1116076
ecdsa-P-384,verify,573,411078,1104922
ecdsa-P-384,verify,574,413629,1111776
ecdsa-P-384,verify,575,411538,1106152
ecdsa-P-384,verify,576,411055,1104866
ecdsa-P-384,verify,577,413474,1111364
ecdsa-P-384,verify,578,412669,1109202
ecdsa-P-384,verify,579,433048,1163966
ecdsa-P-384,verify,580,412964,1109994
ecdsa-P-384,verify,581,411884,1107082
ecdsa-P-384,verify,582,416180,1118634
ecdsa-P-384,verify,583,413356,1111050
ecdsa-P-384,verify,584,419143,1126598
ecdsa-P-384,verify,585,414852,1115064
ecdsa-P-384,verify,586,412239,1108040
ecdsa-P-384,verify,587,414566,1114302
ecdsa-P-384,verify,588,411645,1106444
ecdsa-P-384,verify,589,413283,1110850
ecdsa-P-384,verify,590,411725,1106656
ecdsa-P-384,verify,591,413226,1110694
ecdsa-P-384,verify,592,411979,1107344
ecdsa-P-384,verify,593,409499,1100680
ecdsa-P-384,verify,594,413998,1112716
ecdsa-P-384,verify,595,412824,1109616
ecdsa-P-384,verify,596,413076,1110258
ecdsa-P-384,verify,597,413589,1111640
ecdsa-P-384,verify,598,413855,1112388
ecdsa-P-384,verify,599,411253,1105396
ecdsa-P-384,verify,600,411910,1107156
ecdsa-P-384,verify,601,414472,1114048
ecdsa-P-384,verify,602,411970,1107322
ecdsa-P-384,verify,603,411679,1106540
ecdsa-P-384,verify,604,409537,1100778
ecdsa-P-384,verify,605,411364,1105692
ecdsa-P-384,verify,606,413116,1110400
ecdsa-P-384,verify,607,411465,1105962
ecdsa-P-384,verify,608,413166,1110534
ecdsa-P-384,verify,609,413100,1110356
ecdsa-P-384,verify,610,410913,1104480
ecdsa-P-384,verify,611,413579,1111646
ecdsa-P-384,verify,612,413006,1110104
ecdsa-P-384,verify,613,415513,1116846
ecdsa-P-384,verify,614,412875,1109756
ecdsa-P-384,verify,615,414476,1114054
ecdsa-P-384,verify,616,417882,1123208
ecdsa-P-384,verify,617,409687,1101182
ecdsa-P-384,verify,618,411908,1107154
ecdsa-P-384,verify,619,413619,1111752
ecdsa-P-384,verify,620,412864,1109726
ecdsa-P-384,verify,621,411990,1107370
ecdsa-P-384,verify,622,413750,1112098
ecdsa-P-384,verify,623,413266,1110804
ecdsa-P-384,verify,624,411657,1106482
ecdsa-P-384,verify,625,416195,1118680
ecdsa-P-384,verify,626,412419,1108530
ecdsa-P-384,verify,627,410617,1103684
ecdsa-P-384,verify,628,412884,1109776
ecdsa-P-384,verify,629,413271,1110810
ecdsa-P-384,verify,630,413525,1111498
ecdsa-P-384,verify,631,408637,1098364
ecdsa-P-384,verify,632,412343,1108320
ecdsa-P-384,verify,633,412615,1109052
ecdsa-P-384,verify,634,412021,1107460
ecdsa-P-384,verify,635,413354,1111044
ecdsa-P-384,verify,636,414575,1114316
ecdsa-P-384,verify,637,412489,1108716
ecdsa-P-384,verify,638,410983,1104666
ecdsa-P-384,verify,639,408997,1099330
ecdsa-P-384,verify,640,410826,1104244
ecdsa-P-384,verify,641,415622,1117138
ecdsa-P-384,verify,642,416407,1119244
ecdsa-P-384,verify,643,409927,1101828
ecdsa-P-384,verify,644,414702,1114664
ecdsa-P-384,verify,645,411050,1104846
ecdsa-P-384,verify,646,410691,1103884
ecdsa-P-384,verify,647,414098,1113036
ecdsa-P-384,verify,648,411580,1106268
ecdsa-P-384,verify,649,415645,1117194
ecdsa-P-384,verify,650,412085,1107618
ecdsa-P-384,verify,651,411922,1107184
ecdsa-P-384,verify,652,414636,1114482
ecdsa-P-384,verify,653,412814,1109588
ecdsa-P-384,verify,654,413222,1110682
ecdsa-P-384,verify,655,413516,1111476
ecdsa-P-384,verify,656,411543,1106174
ecdsa-P-384,verify,657,412712,1109310
ecdsa-P-384,verify,658,410148,1102418
ecdsa-P-384,verify,659,416307,1118978
ecdsa-P-384,verify,660,409226,1099946
ecdsa-P-384,verify,661,411960,1107294
ecdsa-P-384,verify,662,413656,1111854
ecdsa-P-384,verify,663,410463,1103270
ecdsa-P-384,verify,664,413370,1111086
ecdsa-P-384,verify,665,413603,1111710
ecdsa-P-384,verify,666,413198,1110620
ecdsa-P-384,verify,667,412591,1108988
ecdsa-P-384,verify,668,409945,1101880
ecdsa-P-384,verify,669,412964,1109990
ecdsa-P-384,verify,670,409918,1101798
ecdsa-P-384,verify,671,412879,1109762
ecdsa-P-384,verify,672,408070,1096832
ecdsa-P-384,verify,673,412149,1107802
ecdsa-P-384,verify,674,414557,1114276
ecdsa-P-384,verify,675,412209,1107962
ecdsa-P-384,verify,676,412580,1108958
ecdsa-P-384,verify,677,412529,1108822
ecdsa-P-384,verify,678,413659,1111852
ecdsa-P-384,verify,679,410426,1103162
ecdsa-P-384,verify,680,412002,1107410
ecdsa-P-384,verify,681,413658,1111858
ecdsa-P-384,verify,682,412707,1109300
ecdsa-P-384,verify,683,415141,1115842
ecdsa-P-384,verify,684,411031,1104790
ecdsa-P-384,verify,685,412933,1109902
ecdsa-P-384,verify,686,414183,1113260
ecdsa-P-384,verify,687,411268,1105430
ecdsa-P-384,verify,688,413367,1111070
ecdsa-P-384,verify,689,411605,1106334
ecdsa-P-384,verify,690,411003,1104716
ecdsa-P-384,verify,691,410011,1102052
ecdsa-P-384,verify,692,411233,1105338
ecdsa-P-384,verify,693,412090,1107640
ecdsa-P-384,verify,694,410398,1103094
ecdsa-P-384,verify,695,415118,1115784
ecdsa-P-384,verify,696,412403,1108486
ecdsa-P-384,verify,697,412139,1107776
ecdsa-P-384,verify,698,415264,1116174
ecdsa-P-384,verify,699,412137,1107774
ecdsa-P-384,verify,700,413403,1111172
ecdsa-P-384,verify,701,410831,1104260
ecdsa-P-384,verify,702,411270,1105432
ecdsa-P-384,verify,703,413317,1110932
ecdsa-P-384,verify,704,411130,1105062
ecdsa-P-384,verify,705,414186,1113272
ecdsa-P-384,verify,706,411586,1106290
ecdsa-P-384,verify,707,411760,1106748
ecdsa-P-384,verify,708,412472,1108670
ecdsa-P-384,verify,709,411932,1107222
ecdsa-P-384,verify,710,414568,1114302
ecdsa-P-384,verify,711,411772,1106788
ecdsa-P-384,verify,712,417425,1121974
ecdsa-P-384,verify,713,411983,1107354
ecdsa-P-384,verify,714,413717,1112018
ecdsa-P-384,verify,715,415408,1116552
ecdsa-P-384,verify,716,412333,1108296
ecdsa-P-384,verify,717,412496,1108730
ecdsa-P-384,verify,718,411843,1106982
ecdsa-P-384,verify,719,412926,1109892
ecdsa-P-384,verify,720,411809,1106882
ecdsa-P-384,verify,721,411162,1105150
ecdsa-P-384,verify,722,414495,1114104
ecdsa-P-384,verify,723,413626,1111776
ecdsa-P-384,verify,724,414416,1113892
ecdsa-P-384,verify,725,411815,1106898
ecdsa-P-384,verify,726,412899,1109818
ecdsa-P-384,verify,727,411273,1105442
ecdsa-P-384,verify,728,411672,1106520
ecdsa-P-384,verify,729,411896,1107122
ecdsa-P-384,verify,730,415531,1116894
ecdsa-P-384,verify,731,412400,1108480
ecdsa-P-384,verify,732,412260,1108100
ecdsa-P-384,verify,733,409873,1101686
ecdsa-P-384,verify,734,415258,1116152
ecdsa-P-384,verify,735,411779,1106810
ecdsa-P-384,verify,736,412481,1108692
ecdsa-P-384,verify,737,414897,1115188
ecdsa-P-384,verify,738,410604,1103648
ecdsa-P-384,verify,739,414542,1114230
ecdsa-P-384,verify,740,410593,1103620
ecdsa-P-384,verify,741,414429,1113926
ecdsa-P-384,verify,742,410887,1104410
ecdsa-P-384,verify,743,411818,1106908
ecdsa-P-384,verify,744,411050,1104840
ecdsa-P-384,verify,745,412882,1109768
ecdsa-P-384,verify,746,415067,1115640
ecdsa-P-384,verify,747,413512,1111464
ecdsa-P-384,verify,748,412468,1108656
ecdsa-P-384,verify,749,413311,1110930
ecdsa-P-384,verify,750,411088,1104948
ecdsa-P-384,verify,751,414774,1114850
ecdsa-P-384,verify,752,411669,1106512
ecdsa-P-384,verify,753,412973,1109974
ecdsa-P-384,verify,754,413647,1111824
ecdsa-P-384,verify,755,409618,1100994
ecdsa-P-384,verify,756,411677,1106522
ecdsa-P-384,verify,757,412027,1107476
ecdsa-P-384,verify,758,415141,1115840
ecdsa-P-384,verify,759,411660,1106488
ecdsa-P-384,verify,760,410726,1103978
ecdsa-P-384,verify,761,414504,1114124
ecdsa-P-384,verify,762,411310,1105548
ecdsa-P-384,verify,763,414116,1113084
ecdsa-P-384,verify,764,413371,1111084
ecdsa-P-384,verify,765,411540,1106158
ecdsa-P-384,verify,766,413685,1111930
ecdsa-P-384,verify,767,411663,1106498
ecdsa-P-384,verify,768,414487,1114088
ecdsa-P-384,verify,769,411966,1107298
ecdsa-P-384,verify,770,417057,1120984
ecdsa-P-384,verify,771,411757,1106746
ecdsa-P-384,verify,772,411659,1106482
ecdsa-P-384,verify,773,414221,1113366
ecdsa-P-384,verify,774,412261,1108106
ecdsa-P-384,verify,775,414404,1113858
ecdsa-P-384,verify,776,409134,1099692
ecdsa-P-384,verify,777,412698,1109278
ecdsa-P-384,verify,778,413466,1111330
ecdsa-P-384,verify,779,412096,1107654
ecdsa-P-384,verify,780,412362,1108370
ecdsa-P-384,verify,781,412258,1108086
ecdsa-P-384,verify,782,412035,1107494
ecdsa-P-384,verify,783,412568,1108922
ecdsa-P-384,verify,784,412657,1109166
ecdsa-P-384,verify,785,414094,1113026
ecdsa-P-384,verify,786,414132,1113136
ecdsa-P-384,verify,787,413660,1111866
ecdsa-P-384,verify,788,410645,1103746
ecdsa-P-384,verify,789,412411,1108504
ecdsa-P-384,verify,790,414646,1114510
ecdsa-P-384,verify,791,412701,1109274
ecdsa-P-384,verify,792,412002,1107390
ecdsa-P-384,verify,793,414901,1115192
ecdsa-P-384,verify,794,413164,1110522
ecdsa-P-384,verify,795,412731,1109360
ecdsa-P-384,verify,796,411589,1106298
ecdsa-P-384,verify,797,416267,1118866
ecdsa-P-384,verify,798,411296,1105508
ecdsa-P-384,verify,799,415785,1117572
ecdsa-P-384,verify,800,411403,1105790
ecdsa-P-384,verify,801,411724,1106652
ecdsa-P-384,verify,802,413729,1112044
ecdsa-P-384,verify,803,411230,1105334
ecdsa-P-384,verify,804,411711,1106614
ecdsa-P-384,verify,805,413769,1112152
ecdsa-P-384,verify,806,414412,1113886
ecdsa-P-384,verify,807,412132,1107750
ecdsa-P-384,verify,808,411008,1104730
ecdsa-P-384,verify,809,412543,1108856
ecdsa-P-384,verify,810,412442,1108580
ecdsa-P-384,verify,811,412780,1109492
ecdsa-P-384,verify,812,411564,1106228
ecdsa-P-384,verify,813,412916,1109858
ecdsa-P-384,verify,814,415161,1115892
ecdsa-P-384,verify,815,411962,1107302
ecdsa-P-384,verify,816,413677,1111904
ecdsa-P-384,verify,817,412906,1109836
ecdsa-P-384,verify,818,412564,1108918
ecdsa-P-384,verify,819,411102,1104982
ecdsa-P-384,verify,820,411901,1107136
ecdsa-P-384,verify,821,413837,1112330
ecdsa-P-384,verify,822,413143,1110476
ecdsa-P-384,verify,823,410498,1103364
ecdsa-P-384,verify,824,414491,1114090
ecdsa-P-384,verify,825,412008,1107424
ecdsa-P-384,verify,826,412786,1109498
ecdsa-P-384,verify,827,414485,1114074
ecdsa-P-384,verify,828,414838,1115022
ecdsa-P-384,verify,829,411976,1107326
ecdsa-P-384,verify,830,414244,1113434
ecdsa-P-384,verify,831,412810,1109578
ecdsa-P-384,verify,832,411122,1105026
ecdsa-P-384,verify,833,411807,1106882
ecdsa-P-384,verify,834,412047,1107528
ecdsa-P-384,verify,835,412753,1109422
ecdsa-P-384,verify,836,412966,1109992
ecdsa-P-384,verify,837,410229,1102642
ecdsa-P-384,verify,838,411939,1107228
ecdsa-P-384,verify,839,412669,1109196
ecdsa-P-384,verify,840,410244,1102680
ecdsa-P-384,verify,841,413353,1111038
ecdsa-P-384,verify,842,412062,1107564
ecdsa-P-384,verify,843,415081,1115680
ecdsa-P-384,verify,844,411560,1106222
ecdsa-P-384,verify,845,413234,1110712
ecdsa-P-384,verify,846,410932,1104528
ecdsa-P-384,verify,847,411447,1105914
ecdsa-P-384,verify,848,412363,1108370
ecdsa-P-384,verify,849,412045,1107514
ecdsa-P-384,verify,850,412703,1109284
ecdsa-P-384,verify,851,413898,1112496
ecdsa-P-384,verify,852,409662,1101114
ecdsa-P-384,verify,853,411775,1106796
ecdsa-P-384,verify,854,410370,1103020
ecdsa-P-384,verify,855,413698,1111954
ecdsa-P-384,verify,856,411732,1106680
ecdsa-P-384,verify,857,411562,1106226
ecdsa-P-384,verify,858,412856,1109696
ecdsa-P-384,verify,859,411356,1105670
ecdsa-P-384,verify,860,412337,1108302
ecdsa-P-384,verify,861,412368,1108382
ecdsa-P-384,verify,862,414282,1113532
ecdsa-P-384,verify,863,413047,1110210
ecdsa-P-384,verify,864,418579,1125078
ecdsa-P-384,verify,865,414850,1115058
ecdsa-P-384,verify,866,412049,1107526
ecdsa-P-384,verify,867,412922,1109876
ecdsa-P-384,verify,868,413097,1110350
ecdsa-P-384,verify,869,413267,1110810
ecdsa-P-384,verify,870,413741,1112070
ecdsa-P-384,verify,871,409656,1101096
ecdsa-P-384,verify,872,414404,1113864
ecdsa-P-384,verify,873,411163,1105154
ecdsa-P-384,verify,874,418089,1123768
ecdsa-P-384,verify,875,412436,1108572
ecdsa-P-384,verify,876,410461,1103262
ecdsa-P-384,verify,877,412594,1108996
ecdsa-P-384,verify,878,411070,1104896
ecdsa-P-384,verify,879,410698,1103902
ecdsa-P-384,verify,880,411080,1104928
ecdsa-P-384,verify,881,410997,1104698
ecdsa-P-384,verify,882,411962,1107302
ecdsa-P-384,verify,883,412026,1107468
ecdsa-P-384,verify,884,412015,1107440
ecdsa-P-384,verify,885,412173,1107864
ecdsa-P-384,verify,886,411533,1106146
ecdsa-P-384,verify,887,420113,1129200
ecdsa-P-384,verify,888,413202,1110632
ecdsa-P-384,verify,889,412174,1107870
ecdsa-P-384,verify,890,411333,1105600
ecdsa-P-384,verify,891,409958,1101912
ecdsa-P-384,verify,892,412562,1108912
ecdsa-P-384,verify,893,412184,1107888
ecdsa-P-384,verify,894,414230,1113396
ecdsa-P-384,verify,895,412533,1108832
ecdsa-P-384,verify,896,415278,1116212
ecdsa-P-384,verify,897,412453,1108620
ecdsa-P-384,verify,898,413655,1111852
ecdsa-P-384,verify,899,415841,1117724
ecdsa-P-384,verify,900,411888,1107104
ecdsa-P-384,verify,901,412986,1110046
ecdsa-P-384,verify,902,411692,1106570
ecdsa-P-384,verify,903,411219,1105298
ecdsa-P-384,verify,904,411549,1106190
ecdsa-P-384,verify,905,409950,1101888
ecdsa-P-384,verify,906,415376,1116472
ecdsa-P-384,verify,907,410766,1104078
ecdsa-P-384,verify,908,413526,1111502
ecdsa-P-384,verify,909,412576,1108952
ecdsa-P-384,verify,910,415342,1116384
ecdsa-P-384,verify,911,413615,1111742
ecdsa-P-384,verify,912,411403,1105790
ecdsa-P-384,verify,913,413418,1111212
ecdsa-P-384,verify,914,411543,1106166
ecdsa-P-384,verify,915,411136,1105074
ecdsa-P-384,verify,916,414967,1115372
ecdsa-P-384,verify,917,411977,1107236
ecdsa-P-384,verify,918,424198,1140090
ecdsa-P-384,verify,919,426744,1147010
ecdsa-P-384,verify,920,420594,1130500
ecdsa-P-384,verify,921,418061,1123684
ecdsa-P-384,verify,922,411489,1106010
ecdsa-P-384,verify,923,424826,1141852
ecdsa-P-384,verify,924,420671,1130684
ecdsa-P-384,verify,925,416076,1118352
ecdsa-P-384,verify,926,415323,1116308
ecdsa-P-384,verify,927,413217,1110662
ecdsa-P-384,verify,928,421338,1132478
ecdsa-P-384,verify,929,414491,1114094
ecdsa-P-384,verify,930,416319,1118986
ecdsa-P-384,verify,931,412191,1107914
ecdsa-P-384,verify,932,414992,1115436
ecdsa-P-384,verify,933,416372,1118918
ecdsa-P-384,verify,934,413246,1110664
ecdsa-P-384,verify,935,457067,1228478
ecdsa-P-384,verify,936,419244,1126830
ecdsa-P-384,verify,937,423104,1137244
ecdsa-P-384,verify,938,412396,1108460
ecdsa-P-384,verify,939,412632,1109098
ecdsa-P-384,verify,940,411607,1106340
ecdsa-P-384,verify,941,413901,1112508
ecdsa-P-384,verify,942,415143,1115842
ecdsa-P-384,verify,943,412338,1108306
ecdsa-P-384,verify,944,412706,1109298
ecdsa-P-384,verify,945,414176,1113252
ecdsa-P-384,verify,946,412632,1109100
ecdsa-P-384,verify,947,412913,1109850
ecdsa-P-384,verify,948,412396,1108460
ecdsa-P-384,verify,949,414477,1114054
ecdsa-P-384,verify,950,410107,1102314
ecdsa-P-384,verify,951,409986,1101992
ecdsa-P-384,verify,952,414392,1113834
ecdsa-P-384,verify,953,412803,1109562
ecdsa-P-384,verify,954,414170,1113226
ecdsa-P-384,verify,955,411915,1107176
ecdsa-P-384,verify,956,412441,1108582
ecdsa-P-384,verify,957,412879,1109764
ecdsa-P-384,verify,958,409439,1100522
ecdsa-P-384,verify,959,410285,1102788
ecdsa-P-384,verify,960,409948,1101886
ecdsa-P-384,verify,961,414287,1113544
ecdsa-P-384,verify,962,410320,1102888
ecdsa-P-384,verify,963,411980,1107346
ecdsa-P-384,verify,964,411000,1104714
ecdsa-P-384,verify,965,412701,1109286
ecdsa-P-384,verify,966,412963,1109984
ecdsa-P-384,verify,967,410031,1102110
ecdsa-P-384,verify,968,414144,1113164
ecdsa-P-384,verify,969,411643,1106440
ecdsa-P-384,verify,970,414851,1115066
ecdsa-P-384,verify,971,412542,1108854
ecdsa-P-384,verify,972,411000,1104710
ecdsa-P-384,verify,973,414895,1115178
ecdsa-P-384,verify,974,410282,1102784
ecdsa-P-384,verify,975,410165,1102466
ecdsa-P-384,verify,976,411325,1105584
ecdsa-P-384,verify,977,419214,1126786
ecdsa-P-384,verify,978,412971,1110010
ecdsa-P-384,verify,979,411352,1105658
ecdsa-P-384,verify,980,411179,1105192
ecdsa-P-384,verify,981,411882,1107086
ecdsa-P-384,verify,982,411833,1106954
ecdsa-P-384,verify,983,414249,1113440
ecdsa-P-384,verify,984,412174,1107872
ecdsa-P-384,verify,985,416398,1119216
ecdsa-P-384,verify,986,410178,1102500
ecdsa-P-384,verify,987,409808,1101500
ecdsa-P-384,verify,988,413556,1111576
ecdsa-P-384,verify,989,412045,1107512
ecdsa-P-384,verify,990,413687,1111926
ecdsa-P-384,verify,991,414616,1114436
ecdsa-P-384,verify,992,413428,1111242
ecdsa-P-384,verify,993,414400,1113850
ecdsa-P-384,verify,994,407628,1095644
ecdsa-P-384,verify,995,413649,1111822
ecdsa-P-384,verify,996,410216,1102606
ecdsa-P-384,verify,997,413202,1110632
ecdsa-P-384,verify,998,412366,1108384
ecdsa-P-384,verify,999,412805,1109566
