algo,op,iter,wall_ns,cycles
ML-DSA-44,keygen,0,486500,26263
ML-DSA-44,keygen,1,476315,25713
ML-DSA-44,keygen,2,459537,24808
ML-DSA-44,keygen,3,460648,24868
ML-DSA-44,keygen,4,457241,24685
ML-DSA-44,keygen,5,460704,24872
ML-DSA-44,keygen,6,456796,24660
ML-DSA-44,keygen,7,460611,24868
ML-DSA-44,keygen,8,457981,24726
ML-DSA-44,keygen,9,460815,24878
ML-DSA-44,keygen,10,472981,25533
ML-DSA-44,keygen,11,459296,24795
ML-DSA-44,keygen,12,458389,24747
ML-DSA-44,keygen,13,459315,24798
ML-DSA-44,keygen,14,460592,24866
ML-DSA-44,keygen,15,457148,24680
ML-DSA-44,keygen,16,461148,24897
ML-DSA-44,keygen,17,462129,24949
ML-DSA-44,keygen,18,474037,25591
ML-DSA-44,keygen,19,460482,24860
ML-DSA-44,keygen,20,460426,24856
ML-DSA-44,keygen,21,460889,24882
ML-DSA-44,keygen,22,460889,24883
ML-DSA-44,keygen,23,460593,24866
ML-DSA-44,keygen,24,459388,24802
ML-DSA-44,keygen,25,459074,24783
ML-DSA-44,keygen,26,459148,24787
ML-DSA-44,keygen,27,468777,25307
ML-DSA-44,keygen,28,459000,24779
ML-DSA-44,keygen,29,459500,24808
ML-DSA-44,keygen,30,459592,24812
ML-DSA-44,keygen,31,459444,24804
ML-DSA-44,keygen,32,459722,24819
ML-DSA-44,keygen,33,460796,24877
ML-DSA-44,keygen,34,457852,24718
ML-DSA-44,keygen,35,473370,25553
ML-DSA-44,keygen,36,459019,24781
ML-DSA-44,keygen,37,458037,24729
ML-DSA-44,keygen,38,460389,24856
ML-DSA-44,keygen,39,455574,24596
ML-DSA-44,keygen,40,459259,24795
ML-DSA-44,keygen,41,460222,24847
ML-DSA-44,keygen,42,460278,24850
ML-DSA-44,keygen,43,458019,24727
ML-DSA-44,keygen,44,467704,25248
ML-DSA-44,keygen,45,461556,24919
ML-DSA-44,keygen,46,460852,24881
ML-DSA-44,keygen,47,459482,24805
ML-DSA-44,keygen,48,464333,25069
ML-DSA-44,keygen,49,461722,24928
ML-DSA-44,keygen,50,461945,24939
ML-DSA-44,keygen,51,457723,24712
ML-DSA-44,keygen,52,463130,25003
ML-DSA-44,keygen,53,468796,25307
ML-DSA-44,keygen,54,462500,24968
ML-DSA-44,keygen,55,457018,24674
ML-DSA-44,keygen,56,459408,24801
ML-DSA-44,keygen,57,457963,24724
ML-DSA-44,keygen,58,459334,24798
ML-DSA-44,keygen,59,455407,24585
ML-DSA-44,keygen,60,461648,24923
ML-DSA-44,keygen,61,469037,25321
ML-DSA-44,keygen,62,462963,24995
ML-DSA-44,keygen,63,456778,24661
ML-DSA-44,keygen,64,461352,24906
ML-DSA-44,keygen,65,459500,24806
ML-DSA-44,keygen,66,456963,24670
ML-DSA-44,keygen,67,459315,24798
ML-DSA-44,keygen,68,457907,24721
ML-DSA-44,keygen,69,457482,24699
ML-DSA-44,keygen,70,469982,25372
ML-DSA-44,keygen,71,458870,24773
ML-DSA-44,keygen,72,461667,24924
ML-DSA-44,keygen,73,456704,24656
ML-DSA-44,keygen,74,460260,24849
ML-DSA-44,keygen,75,462092,24946
ML-DSA-44,keygen,76,456944,24670
ML-DSA-44,keygen,77,459037,24782
ML-DSA-44,keygen,78,471167,25436
ML-DSA-44,keygen,79,459204,24792
ML-DSA-44,keygen,80,459259,24794
ML-DSA-44,keygen,81,459019,24781
ML-DSA-44,keygen,82,457037,24674
ML-DSA-44,keygen,83,459445,24805
ML-DSA-44,keygen,84,460260,24848
ML-DSA-44,keygen,85,461685,24926
ML-DSA-44,keygen,86,457944,24723
ML-DSA-44,keygen,87,470981,25425
ML-DSA-44,keygen,88,462630,24976
ML-DSA-44,keygen,89,462241,24955
ML-DSA-44,keygen,90,460908,24884
ML-DSA-44,keygen,91,457797,24716
ML-DSA-44,keygen,92,459778,24822
ML-DSA-44,keygen,93,459241,24793
ML-DSA-44,keygen,94,461444,24912
ML-DSA-44,keygen,95,460574,24865
ML-DSA-44,keygen,96,472093,25485
ML-DSA-44,keygen,97,461111,24894
ML-DSA-44,keygen,98,460463,24859
ML-DSA-44,keygen,99,458278,24742
ML-DSA-44,keygen,100,461352,24907
ML-DSA-44,keygen,101,457796,24716
ML-DSA-44,keygen,102,459407,24802
ML-DSA-44,keygen,103,459370,24799
ML-DSA-44,keygen,104,473334,25553
ML-DSA-44,keygen,105,460185,24844
ML-DSA-44,keygen,106,457167,24680
ML-DSA-44,keygen,107,462074,24946
ML-DSA-44,keygen,108,460537,24863
ML-DSA-44,keygen,109,459111,24786
ML-DSA-44,keygen,110,461167,24896
ML-DSA-44,keygen,111,459426,24804
ML-DSA-44,keygen,112,459130,24788
ML-DSA-44,keygen,113,467648,25246
ML-DSA-44,keygen,114,461870,24936
ML-DSA-44,keygen,115,459445,24805
ML-DSA-44,keygen,116,458463,24751
ML-DSA-44,keygen,117,458130,24734
ML-DSA-44,keygen,118,459278,24796
ML-DSA-44,keygen,119,457907,24721
ML-DSA-44,keygen,120,458018,24728
ML-DSA-44,keygen,121,469667,25355
ML-DSA-44,keygen,122,464167,25059
ML-DSA-44,keygen,123,468352,25285
ML-DSA-44,keygen,124,457723,24711
ML-DSA-44,keygen,125,463463,25021
ML-DSA-44,keygen,126,459500,24807
ML-DSA-44,keygen,127,460019,24836
ML-DSA-44,keygen,128,462944,24993
ML-DSA-44,keygen,129,459222,24793
ML-DSA-44,keygen,130,472148,25489
ML-DSA-44,keygen,131,463278,25012
ML-DSA-44,keygen,132,459463,24806
ML-DSA-44,keygen,133,457018,24673
ML-DSA-44,keygen,134,458074,24730
ML-DSA-44,keygen,135,459352,24800
ML-DSA-44,keygen,136,459185,24791
ML-DSA-44,keygen,137,460315,24851
ML-DSA-44,keygen,138,469667,25353
ML-DSA-44,keygen,139,459389,24801
ML-DSA-44,keygen,140,461093,24893
ML-DSA-44,keygen,141,461574,24919
ML-DSA-44,keygen,142,458667,24761
ML-DSA-44,keygen,143,459148,24788
ML-DSA-44,keygen,144,459352,24798
ML-DSA-44,keygen,145,461667,24924
ML-DSA-44,keygen,146,460555,24863
ML-DSA-44,keygen,147,469130,25324
ML-DSA-44,keygen,148,457815,24715
ML-DSA-44,keygen,149,457111,24678
ML-DSA-44,keygen,150,457945,24722
ML-DSA-44,keygen,151,461963,24939
ML-DSA-44,keygen,152,460889,24882
ML-DSA-44,keygen,153,461722,24926
ML-DSA-44,keygen,154,461815,24932
ML-DSA-44,keygen,155,463075,24999
ML-DSA-44,keygen,156,469759,25359
ML-DSA-44,keygen,157,460426,24857
ML-DSA-44,keygen,158,461648,24923
ML-DSA-44,keygen,159,459111,24786
ML-DSA-44,keygen,160,458574,24757
ML-DSA-44,keygen,161,460704,24873
ML-DSA-44,keygen,162,461260,24902
ML-DSA-44,keygen,163,459075,24784
ML-DSA-44,keygen,164,473538,25563
ML-DSA-44,keygen,165,459129,24786
ML-DSA-44,keygen,166,460574,24866
ML-DSA-44,keygen,167,460500,24861
ML-DSA-44,keygen,168,459370,24801
ML-DSA-44,keygen,169,458222,24738
ML-DSA-44,keygen,170,461871,24935
ML-DSA-44,keygen,171,457907,24721
ML-DSA-44,keygen,172,461611,24921
ML-DSA-44,keygen,173,467204,25222
ML-DSA-44,keygen,174,461463,24913
ML-DSA-44,keygen,175,459778,24822
ML-DSA-44,keygen,176,460333,24852
ML-DSA-44,keygen,177,461852,24934
ML-DSA-44,keygen,178,460463,24859
ML-DSA-44,keygen,179,459314,24797
ML-DSA-44,keygen,180,456741,24658
ML-DSA-44,keygen,181,469297,25335
ML-DSA-44,keygen,182,460537,24862
ML-DSA-44,keygen,183,460371,24854
ML-DSA-44,keygen,184,457908,24721
ML-DSA-44,keygen,185,460334,24852
ML-DSA-44,keygen,186,457963,24725
ML-DSA-44,keygen,187,460333,24852
ML-DSA-44,keygen,188,458723,24764
ML-DSA-44,keygen,189,460500,24862
ML-DSA-44,keygen,190,479797,25902
ML-DSA-44,keygen,191,461703,24926
ML-DSA-44,keygen,192,460500,24861
ML-DSA-44,keygen,193,455518,24592
ML-DSA-44,keygen,194,454093,24514
ML-DSA-44,keygen,195,456445,24642
ML-DSA-44,keygen,196,457870,24719
ML-DSA-44,keygen,197,460908,24883
ML-DSA-44,keygen,198,460537,24863
ML-DSA-44,keygen,199,472278,25496
ML-DSA-44,keygen,200,458889,24774
ML-DSA-44,keygen,201,460407,24856
ML-DSA-44,keygen,202,458130,24732
ML-DSA-44,keygen,203,456907,24666
ML-DSA-44,keygen,204,461556,24918
ML-DSA-44,keygen,205,459260,24794
ML-DSA-44,keygen,206,460167,24844
ML-DSA-44,keygen,207,471445,25450
ML-DSA-44,keygen,208,459963,24833
ML-DSA-44,keygen,209,462130,24949
ML-DSA-44,keygen,210,458870,24773
ML-DSA-44,keygen,211,458037,24728
ML-DSA-44,keygen,212,461259,24903
ML-DSA-44,keygen,213,461537,24917
ML-DSA-44,keygen,214,461629,24922
ML-DSA-44,keygen,215,457982,24726
ML-DSA-44,keygen,216,471093,25431
ML-DSA-44,keygen,217,460815,24879
ML-DSA-44,keygen,218,462037,24945
ML-DSA-44,keygen,219,460204,24845
ML-DSA-44,keygen,220,458130,24733
ML-DSA-44,keygen,221,462037,24944
ML-DSA-44,keygen,222,459426,24803
ML-DSA-44,keygen,223,460445,24858
ML-DSA-44,keygen,224,470537,25402
ML-DSA-44,keygen,225,461797,24931
ML-DSA-44,keygen,226,459222,24793
ML-DSA-44,keygen,227,459259,24794
ML-DSA-44,keygen,228,457908,24720
ML-DSA-44,keygen,229,460630,24868
ML-DSA-44,keygen,230,460074,24839
ML-DSA-44,keygen,231,456740,24658
ML-DSA-44,keygen,232,456908,24666
ML-DSA-44,keygen,233,470537,25402
ML-DSA-44,keygen,234,458741,24766
ML-DSA-44,keygen,235,456630,24652
ML-DSA-44,keygen,236,457814,24715
ML-DSA-44,keygen,237,460481,24861
ML-DSA-44,keygen,238,456685,24656
ML-DSA-44,keygen,239,459370,24799
ML-DSA-44,keygen,240,460204,24845
ML-DSA-44,keygen,241,460278,24848
ML-DSA-44,keygen,242,467907,25258
ML-DSA-44,keygen,243,462537,24972
ML-DSA-44,keygen,244,462463,24967
ML-DSA-44,keygen,245,459278,24796
ML-DSA-44,keygen,246,464037,25052
ML-DSA-44,keygen,247,458463,24751
ML-DSA-44,keygen,248,460667,24871
ML-DSA-44,keygen,249,460592,24867
ML-DSA-44,keygen,250,472482,25507
ML-DSA-44,keygen,251,461223,24900
ML-DSA-44,keygen,252,459426,24802
ML-DSA-44,keygen,253,459426,24804
ML-DSA-44,keygen,254,461888,24936
ML-DSA-44,keygen,255,461574,24919
ML-DSA-44,keygen,256,460222,24845
ML-DSA-44,keygen,257,463129,25003
ML-DSA-44,keygen,258,460389,24856
ML-DSA-44,keygen,259,469463,25343
ML-DSA-44,keygen,260,460500,24862
ML-DSA-44,keygen,261,458425,24749
ML-DSA-44,keygen,262,455686,24602
ML-DSA-44,keygen,263,460574,24865
ML-DSA-44,keygen,264,459500,24808
ML-DSA-44,keygen,265,457963,24725
ML-DSA-44,keygen,266,457981,24726
ML-DSA-44,keygen,267,469463,25344
ML-DSA-44,keygen,268,459296,24796
ML-DSA-44,keygen,269,458185,24735
ML-DSA-44,keygen,270,459537,24809
ML-DSA-44,keygen,271,463204,25007
ML-DSA-44,keygen,272,457222,24685
ML-DSA-44,keygen,273,460351,24854
ML-DSA-44,keygen,274,460723,24872
ML-DSA-44,keygen,275,456778,24659
ML-DSA-44,keygen,276,467981,25263
ML-DSA-44,keygen,277,460129,24842
ML-DSA-44,keygen,278,459278,24795
ML-DSA-44,keygen,279,460574,24866
ML-DSA-44,keygen,280,457908,24721
ML-DSA-44,keygen,281,459130,24787
ML-DSA-44,keygen,282,462963,24995
ML-DSA-44,keygen,283,456852,24664
ML-DSA-44,keygen,284,458130,24732
ML-DSA-44,keygen,285,471389,25448
ML-DSA-44,keygen,286,459871,24828
ML-DSA-44,keygen,287,456833,24664
ML-DSA-44,keygen,288,457833,24717
ML-DSA-44,keygen,289,456500,24646
ML-DSA-44,keygen,290,460519,24862
ML-DSA-44,keygen,291,456963,24670
ML-DSA-44,keygen,292,458870,24773
ML-DSA-44,keygen,293,471334,25444
ML-DSA-44,keygen,294,459296,24797
ML-DSA-44,keygen,295,460500,24861
ML-DSA-44,keygen,296,459500,24807
ML-DSA-44,keygen,297,458166,24736
ML-DSA-44,keygen,298,459408,24802
ML-DSA-44,keygen,299,459111,24787
ML-DSA-44,keygen,300,462981,24995
ML-DSA-44,keygen,301,457518,24699
ML-DSA-44,keygen,302,470778,25414
ML-DSA-44,keygen,303,459870,24827
ML-DSA-44,keygen,304,459185,24790
ML-DSA-44,keygen,305,460370,24854
ML-DSA-44,keygen,306,461704,24925
ML-DSA-44,keygen,307,460371,24854
ML-DSA-44,keygen,308,460537,24863
ML-DSA-44,keygen,309,456834,24664
ML-DSA-44,keygen,310,459314,24796
ML-DSA-44,keygen,311,470148,25383
ML-DSA-44,keygen,312,459500,24808
ML-DSA-44,keygen,313,456908,24667
ML-DSA-44,keygen,314,461352,24907
ML-DSA-44,keygen,315,458093,24731
ML-DSA-44,keygen,316,459278,24794
ML-DSA-44,keygen,317,459037,24782
ML-DSA-44,keygen,318,463203,25008
ML-DSA-44,keygen,319,467371,25230
ML-DSA-44,keygen,320,461518,24916
ML-DSA-44,keygen,321,459240,24794
ML-DSA-44,keygen,322,459130,24787
ML-DSA-44,keygen,323,458019,24727
ML-DSA-44,keygen,324,457759,24713
ML-DSA-44,keygen,325,460426,24857
ML-DSA-44,keygen,326,459333,24799
ML-DSA-44,keygen,327,459407,24802
ML-DSA-44,keygen,328,468222,25277
ML-DSA-44,keygen,329,461463,24912
ML-DSA-44,keygen,330,458167,24736
ML-DSA-44,keygen,331,459074,24784
ML-DSA-44,keygen,332,460611,24867
ML-DSA-44,keygen,333,460407,24856
ML-DSA-44,keygen,334,460518,24863
ML-DSA-44,keygen,335,461259,24902
ML-DSA-44,keygen,336,472778,25523
ML-DSA-44,keygen,337,457907,24721
ML-DSA-44,keygen,338,462852,24988
ML-DSA-44,keygen,339,462167,24950
ML-DSA-44,keygen,340,456629,24651
ML-DSA-44,keygen,341,459351,24800
ML-DSA-44,keygen,342,459074,24784
ML-DSA-44,keygen,343,460592,24866
ML-DSA-44,keygen,344,459167,24788
ML-DSA-44,keygen,345,478315,25822
ML-DSA-44,keygen,346,459852,24827
ML-DSA-44,keygen,347,462037,24945
ML-DSA-44,keygen,348,461796,24931
ML-DSA-44,keygen,349,459037,24783
ML-DSA-44,keygen,350,459148,24789
ML-DSA-44,keygen,351,461741,24929
ML-DSA-44,keygen,352,463092,25001
ML-DSA-44,keygen,353,459389,24802
ML-DSA-44,keygen,354,461482,24914
ML-DSA-44,keygen,355,462074,24947
ML-DSA-44,keygen,356,458000,24727
ML-DSA-44,keygen,357,460260,24849
ML-DSA-44,keygen,358,457871,24719
ML-DSA-44,keygen,359,455852,24610
ML-DSA-44,keygen,360,461685,24925
ML-DSA-44,keygen,361,461629,24922
ML-DSA-44,keygen,362,470370,25392
ML-DSA-44,keygen,363,464129,25057
ML-DSA-44,keygen,364,463055,24998
ML-DSA-44,keygen,365,456870,24665
ML-DSA-44,keygen,366,458129,24733
ML-DSA-44,keygen,367,460648,24869
ML-DSA-44,keygen,368,459333,24798
ML-DSA-44,keygen,369,457834,24718
ML-DSA-44,keygen,370,458926,24777
ML-DSA-44,keygen,371,478185,25814
ML-DSA-44,keygen,372,458685,24764
ML-DSA-44,keygen,373,460371,24855
ML-DSA-44,keygen,374,461556,24917
ML-DSA-44,keygen,375,460518,24862
ML-DSA-44,keygen,376,460093,24838
ML-DSA-44,keygen,377,456685,24655
ML-DSA-44,keygen,378,461611,24921
ML-DSA-44,keygen,379,475167,25652
ML-DSA-44,keygen,380,461426,24911
ML-DSA-44,keygen,381,460408,24857
ML-DSA-44,keygen,382,459593,24812
ML-DSA-44,keygen,383,460518,24862
ML-DSA-44,keygen,384,460426,24858
ML-DSA-44,keygen,385,461703,24926
ML-DSA-44,keygen,386,459426,24803
ML-DSA-44,keygen,387,460944,24886
ML-DSA-44,keygen,388,470796,25415
ML-DSA-44,keygen,389,457778,24714
ML-DSA-44,keygen,390,459315,24798
ML-DSA-44,keygen,391,459260,24795
ML-DSA-44,keygen,392,456611,24652
ML-DSA-44,keygen,393,457963,24725
ML-DSA-44,keygen,394,459481,24806
ML-DSA-44,keygen,395,459111,24787
ML-DSA-44,keygen,396,468223,25277
ML-DSA-44,keygen,397,461352,24908
ML-DSA-44,keygen,398,459482,24806
ML-DSA-44,keygen,399,459149,24789
ML-DSA-44,keygen,400,460241,24846
ML-DSA-44,keygen,401,460278,24850
ML-DSA-44,keygen,402,459166,24788
ML-DSA-44,keygen,403,458240,24740
ML-DSA-44,keygen,404,460240,24846
ML-DSA-44,keygen,405,469889,25366
ML-DSA-44,keygen,406,462074,24946
ML-DSA-44,keygen,407,460445,24858
ML-DSA-44,keygen,408,458111,24732
ML-DSA-44,keygen,409,456741,24657
ML-DSA-44,keygen,410,461685,24924
ML-DSA-44,keygen,411,462130,24948
ML-DSA-44,keygen,412,455444,24588
ML-DSA-44,keygen,413,463352,25015
ML-DSA-44,keygen,414,469907,25368
ML-DSA-44,keygen,415,456648,24654
ML-DSA-44,keygen,416,460834,24878
ML-DSA-44,keygen,417,459408,24802
ML-DSA-44,keygen,418,459315,24798
ML-DSA-44,keygen,419,460241,24846
ML-DSA-44,keygen,420,459278,24795
ML-DSA-44,keygen,421,460592,24866
ML-DSA-44,keygen,422,469759,25359
ML-DSA-44,keygen,423,457685,24710
ML-DSA-44,keygen,424,456519,24646
ML-DSA-44,keygen,425,459222,24793
ML-DSA-44,keygen,426,460351,24853
ML-DSA-44,keygen,427,460703,24871
ML-DSA-44,keygen,428,460611,24868
ML-DSA-44,keygen,429,457963,24725
ML-DSA-44,keygen,430,459074,24785
ML-DSA-44,keygen,431,469685,25356
ML-DSA-44,keygen,432,461204,24898
ML-DSA-44,keygen,433,458056,24729
ML-DSA-44,keygen,434,459018,24782
ML-DSA-44,keygen,435,459186,24791
ML-DSA-44,keygen,436,460426,24856
ML-DSA-44,keygen,437,461740,24928
ML-DSA-44,keygen,438,461371,24909
ML-DSA-44,keygen,439,467111,25216
ML-DSA-44,keygen,440,457426,24695
ML-DSA-44,keygen,441,456871,24666
ML-DSA-44,keygen,442,459371,24800
ML-DSA-44,keygen,443,456740,24657
ML-DSA-44,keygen,444,455667,24601
ML-DSA-44,keygen,445,460185,24845
ML-DSA-44,keygen,446,459167,24790
ML-DSA-44,keygen,447,457852,24719
ML-DSA-44,keygen,448,469629,25353
ML-DSA-44,keygen,449,460445,24859
ML-DSA-44,keygen,450,461630,24922
ML-DSA-44,keygen,451,460370,24854
ML-DSA-44,keygen,452,458981,24779
ML-DSA-44,keygen,453,458500,24754
ML-DSA-44,keygen,454,459260,24795
ML-DSA-44,keygen,455,457814,24717
ML-DSA-44,keygen,456,457833,24717
ML-DSA-44,keygen,457,476630,25731
ML-DSA-44,keygen,458,462519,24971
ML-DSA-44,keygen,459,459241,24793
ML-DSA-44,keygen,460,461908,24936
ML-DSA-44,keygen,461,462259,24955
ML-DSA-44,keygen,462,458334,24744
ML-DSA-44,keygen,463,460500,24862
ML-DSA-44,keygen,464,458167,24735
ML-DSA-44,keygen,465,469037,25320
ML-DSA-44,keygen,466,460482,24860
ML-DSA-44,keygen,467,459445,24804
ML-DSA-44,keygen,468,459148,24788
ML-DSA-44,keygen,469,459240,24794
ML-DSA-44,keygen,470,459222,24793
ML-DSA-44,keygen,471,459074,24784
ML-DSA-44,keygen,472,461759,24929
ML-DSA-44,keygen,473,459222,24792
ML-DSA-44,keygen,474,471408,25448
ML-DSA-44,keygen,475,462907,24990
ML-DSA-44,keygen,476,462945,24993
ML-DSA-44,keygen,477,459223,24792
ML-DSA-44,keygen,478,461907,24937
ML-DSA-44,keygen,479,459259,24794
ML-DSA-44,keygen,480,461648,24922
ML-DSA-44,keygen,481,463037,24998
ML-DSA-44,keygen,482,471500,25453
ML-DSA-44,keygen,483,457204,24683
ML-DSA-44,keygen,484,460462,24858
ML-DSA-44,keygen,485,460204,24845
ML-DSA-44,keygen,486,457185,24681
ML-DSA-44,keygen,487,459871,24828
ML-DSA-44,keygen,488,460481,24860
ML-DSA-44,keygen,489,461667,24924
ML-DSA-44,keygen,490,460574,24865
ML-DSA-44,keygen,491,469760,25359
ML-DSA-44,keygen,492,461241,24901
ML-DSA-44,keygen,493,460407,24856
ML-DSA-44,keygen,494,459259,24795
ML-DSA-44,keygen,495,459740,24820
ML-DSA-44,keygen,496,515389,27823
ML-DSA-44,keygen,497,466241,25172
ML-DSA-44,keygen,498,458926,24777
ML-DSA-44,keygen,499,460630,24869
ML-DSA-44,keygen,500,477482,25778
ML-DSA-44,keygen,501,460463,24858
ML-DSA-44,keygen,502,457518,24700
ML-DSA-44,keygen,503,458667,24763
ML-DSA-44,keygen,504,459833,24825
ML-DSA-44,keygen,505,460333,24853
ML-DSA-44,keygen,506,460833,24879
ML-DSA-44,keygen,507,459982,24832
ML-DSA-44,keygen,508,471926,25476
ML-DSA-44,keygen,509,457759,24713
ML-DSA-44,keygen,510,462167,24950
ML-DSA-44,keygen,511,459333,24798
ML-DSA-44,keygen,512,459092,24784
ML-DSA-44,keygen,513,460426,24858
ML-DSA-44,keygen,514,462759,24984
ML-DSA-44,keygen,515,460055,24838
ML-DSA-44,keygen,516,460389,24854
ML-DSA-44,keygen,517,508666,27462
ML-DSA-44,keygen,518,460389,24855
ML-DSA-44,keygen,519,460870,24882
ML-DSA-44,keygen,520,459185,24790
ML-DSA-44,keygen,521,460500,24861
ML-DSA-44,keygen,522,457908,24721
ML-DSA-44,keygen,523,458259,24740
ML-DSA-44,keygen,524,458018,24727
ML-DSA-44,keygen,525,474500,25615
ML-DSA-44,keygen,526,459556,24811
ML-DSA-44,keygen,527,460686,24871
ML-DSA-44,keygen,528,460962,24886
ML-DSA-44,keygen,529,462092,24946
ML-DSA-44,keygen,530,456093,24623
ML-DSA-44,keygen,531,458334,24744
ML-DSA-44,keygen,532,458037,24727
ML-DSA-44,keygen,533,459148,24788
ML-DSA-44,keygen,534,470296,25389
ML-DSA-44,keygen,535,460111,24839
ML-DSA-44,keygen,536,462222,24955
ML-DSA-44,keygen,537,459389,24802
ML-DSA-44,keygen,538,459315,24798
ML-DSA-44,keygen,539,457555,24701
ML-DSA-44,keygen,540,459389,24801
ML-DSA-44,keygen,541,456611,24651
ML-DSA-44,keygen,542,470982,25425
ML-DSA-44,keygen,543,458722,24766
ML-DSA-44,keygen,544,459408,24802
ML-DSA-44,keygen,545,460759,24875
ML-DSA-44,keygen,546,460259,24848
ML-DSA-44,keygen,547,457907,24722
ML-DSA-44,keygen,548,460296,24850
ML-DSA-44,keygen,549,456315,24636
ML-DSA-44,keygen,550,459037,24783
ML-DSA-44,keygen,551,469796,25360
ML-DSA-44,keygen,552,460351,24853
ML-DSA-44,keygen,553,459407,24803
ML-DSA-44,keygen,554,497185,26842
ML-DSA-44,keygen,555,460000,24834
ML-DSA-44,keygen,556,460630,24867
ML-DSA-44,keygen,557,460259,24848
ML-DSA-44,keygen,558,458556,24757
ML-DSA-44,keygen,559,458981,24778
ML-DSA-44,keygen,560,468889,25313
ML-DSA-44,keygen,561,461315,24905
ML-DSA-44,keygen,562,458463,24751
ML-DSA-44,keygen,563,456407,24641
ML-DSA-44,keygen,564,460334,24852
ML-DSA-44,keygen,565,457055,24675
ML-DSA-44,keygen,566,462796,24984
ML-DSA-44,keygen,567,462037,24945
ML-DSA-44,keygen,568,471759,25467
ML-DSA-44,keygen,569,458740,24766
ML-DSA-44,keygen,570,459204,24792
ML-DSA-44,keygen,571,457907,24721
ML-DSA-44,keygen,572,458833,24772
ML-DSA-44,keygen,573,461723,24928
ML-DSA-44,keygen,574,459389,24800
ML-DSA-44,keygen,575,457666,24708
ML-DSA-44,keygen,576,492759,26603
ML-DSA-44,keygen,577,471019,25428
ML-DSA-44,keygen,578,461889,24935
ML-DSA-44,keygen,579,461797,24930
ML-DSA-44,keygen,580,456592,24651
ML-DSA-44,keygen,581,458018,24727
ML-DSA-44,keygen,582,458204,24738
ML-DSA-44,keygen,583,459389,24801
ML-DSA-44,keygen,584,456444,24643
ML-DSA-44,keygen,585,470777,25414
ML-DSA-44,keygen,586,464037,25053
ML-DSA-44,keygen,587,462056,24945
ML-DSA-44,keygen,588,458222,24738
ML-DSA-44,keygen,589,456240,24632
ML-DSA-44,keygen,590,458889,24774
ML-DSA-44,keygen,591,460018,24835
ML-DSA-44,keygen,592,460444,24858
ML-DSA-44,keygen,593,456463,24643
ML-DSA-44,keygen,594,471482,25453
ML-DSA-44,keygen,595,464297,25066
ML-DSA-44,keygen,596,458167,24735
ML-DSA-44,keygen,597,461574,24919
ML-DSA-44,keygen,598,457666,24709
ML-DSA-44,keygen,599,457648,24708
ML-DSA-44,keygen,600,457778,24714
ML-DSA-44,keygen,601,457648,24707
ML-DSA-44,keygen,602,459019,24781
ML-DSA-44,keygen,603,469370,25339
ML-DSA-44,keygen,604,462093,24947
ML-DSA-44,keygen,605,462055,24944
ML-DSA-44,keygen,606,460777,24877
ML-DSA-44,keygen,607,457741,24712
ML-DSA-44,keygen,608,460519,24862
ML-DSA-44,keygen,609,459241,24793
ML-DSA-44,keygen,610,461370,24908
ML-DSA-44,keygen,611,471260,25440
ML-DSA-44,keygen,612,463518,25024
ML-DSA-44,keygen,613,457333,24691
ML-DSA-44,keygen,614,460093,24840
ML-DSA-44,keygen,615,456630,24652
ML-DSA-44,keygen,616,460241,24847
ML-DSA-44,keygen,617,458018,24728
ML-DSA-44,keygen,618,460814,24877
ML-DSA-44,keygen,619,458963,24778
ML-DSA-44,keygen,620,470278,25388
ML-DSA-44,keygen,621,462334,24960
ML-DSA-44,keygen,622,459593,24813
ML-DSA-44,keygen,623,461260,24902
ML-DSA-44,keygen,624,460685,24871
ML-DSA-44,keygen,625,459334,24798
ML-DSA-44,keygen,626,459130,24788
ML-DSA-44,keygen,627,461796,24930
ML-DSA-44,keygen,628,472482,25506
ML-DSA-44,keygen,629,462500,24970
ML-DSA-44,keygen,630,461648,24924
ML-DSA-44,keygen,631,463093,25002
ML-DSA-44,keygen,632,458926,24776
ML-DSA-44,keygen,633,458556,24755
ML-DSA-44,keygen,634,461630,24922
ML-DSA-44,keygen,635,460260,24849
ML-DSA-44,keygen,636,460148,24843
ML-DSA-44,keygen,637,472278,25496
ML-DSA-44,keygen,638,461074,24892
ML-DSA-44,keygen,639,460722,24873
ML-DSA-44,keygen,640,461629,24922
ML-DSA-44,keygen,641,461593,24920
ML-DSA-44,keygen,642,457759,24713
ML-DSA-44,keygen,643,460426,24856
ML-DSA-44,keygen,644,459074,24785
ML-DSA-44,keygen,645,471871,25473
ML-DSA-44,keygen,646,458963,24779
ML-DSA-44,keygen,647,460445,24859
ML-DSA-44,keygen,648,458834,24772
ML-DSA-44,keygen,649,457945,24724
ML-DSA-44,keygen,650,458815,24770
ML-DSA-44,keygen,651,456648,24653
ML-DSA-44,keygen,652,459704,24817
ML-DSA-44,keygen,653,458759,24767
ML-DSA-44,keygen,654,468778,25306
ML-DSA-44,keygen,655,458741,24766
ML-DSA-44,keygen,656,458223,24738
ML-DSA-44,keygen,657,461685,24925
ML-DSA-44,keygen,658,456833,24663
ML-DSA-44,keygen,659,459426,24804
ML-DSA-44,keygen,660,457629,24707
ML-DSA-44,keygen,661,460426,24857
ML-DSA-44,keygen,662,458055,24729
ML-DSA-44,keygen,663,469963,25370
ML-DSA-44,keygen,664,460797,24877
ML-DSA-44,keygen,665,462019,24943
ML-DSA-44,keygen,666,459055,24784
ML-DSA-44,keygen,667,459111,24787
ML-DSA-44,keygen,668,458981,24780
ML-DSA-44,keygen,669,458963,24779
ML-DSA-44,keygen,670,460575,24865
ML-DSA-44,keygen,671,468760,25305
ML-DSA-44,keygen,672,457352,24691
ML-DSA-44,keygen,673,455296,24579
ML-DSA-44,keygen,674,460296,24850
ML-DSA-44,keygen,675,460167,24844
ML-DSA-44,keygen,676,457926,24722
ML-DSA-44,keygen,677,460333,24852
ML-DSA-44,keygen,678,460389,24855
ML-DSA-44,keygen,679,459130,24788
ML-DSA-44,keygen,680,468519,25293
ML-DSA-44,keygen,681,461000,24888
ML-DSA-44,keygen,682,459037,24783
ML-DSA-44,keygen,683,460370,24853
ML-DSA-44,keygen,684,460370,24854
ML-DSA-44,keygen,685,460371,24854
ML-DSA-44,keygen,686,459889,24829
ML-DSA-44,keygen,687,457722,24712
ML-DSA-44,keygen,688,461481,24914
ML-DSA-44,keygen,689,472667,25518
ML-DSA-44,keygen,690,459222,24791
ML-DSA-44,keygen,691,459203,24791
ML-DSA-44,keygen,692,460778,24877
ML-DSA-44,keygen,693,458963,24778
ML-DSA-44,keygen,694,458852,24773
ML-DSA-44,keygen,695,461704,24927
ML-DSA-44,keygen,696,460648,24868
ML-DSA-44,keygen,697,471259,25440
ML-DSA-44,keygen,698,456185,24628
ML-DSA-44,keygen,699,459945,24832
ML-DSA-44,keygen,700,459241,24794
ML-DSA-44,keygen,701,459963,24832
ML-DSA-44,keygen,702,458981,24779
ML-DSA-44,keygen,703,461833,24933
ML-DSA-44,keygen,704,457926,24722
ML-DSA-44,keygen,705,457815,24716
ML-DSA-44,keygen,706,473537,25563
ML-DSA-44,keygen,707,463241,25009
ML-DSA-44,keygen,708,459296,24796
ML-DSA-44,keygen,709,460093,24838
ML-DSA-44,keygen,710,459148,24789
ML-DSA-44,keygen,711,460426,24858
ML-DSA-44,keygen,712,459296,24797
ML-DSA-44,keygen,713,459389,24801
ML-DSA-44,keygen,714,471055,25429
ML-DSA-44,keygen,715,459630,24815
ML-DSA-44,keygen,716,459444,24805
ML-DSA-44,keygen,717,459222,24792
ML-DSA-44,keygen,718,461500,24915
ML-DSA-44,keygen,719,461278,24903
ML-DSA-44,keygen,720,457907,24720
ML-DSA-44,keygen,721,458074,24730
ML-DSA-44,keygen,722,458241,24739
ML-DSA-44,keygen,723,479371,25878
ML-DSA-44,keygen,724,459555,24810
ML-DSA-44,keygen,725,460777,24877
ML-DSA-44,keygen,726,460334,24852
ML-DSA-44,keygen,727,459556,24811
ML-DSA-44,keygen,728,455574,24595
ML-DSA-44,keygen,729,458074,24730
ML-DSA-44,keygen,730,460482,24861
ML-DSA-44,keygen,731,468462,25287
ML-DSA-44,keygen,732,461889,24937
ML-DSA-44,keygen,733,460481,24860
ML-DSA-44,keygen,734,456834,24662
ML-DSA-44,keygen,735,459112,24786
ML-DSA-44,keygen,736,463111,25002
ML-DSA-44,keygen,737,457797,24715
ML-DSA-44,keygen,738,453963,24509
ML-DSA-44,keygen,739,457907,24722
ML-DSA-44,keygen,740,469797,25361
ML-DSA-44,keygen,741,459612,24813
ML-DSA-44,keygen,742,459296,24797
ML-DSA-44,keygen,743,458963,24779
ML-DSA-44,keygen,744,459463,24805
ML-DSA-44,keygen,745,462889,24989
ML-DSA-44,keygen,746,461981,24941
ML-DSA-44,keygen,747,456426,24642
ML-DSA-44,keygen,748,460500,24862
ML-DSA-44,keygen,749,467370,25230
ML-DSA-44,keygen,750,461148,24896
ML-DSA-44,keygen,751,460167,24842
ML-DSA-44,keygen,752,461685,24925
ML-DSA-44,keygen,753,463037,24998
ML-DSA-44,keygen,754,460648,24869
ML-DSA-44,keygen,755,457518,24700
ML-DSA-44,keygen,756,460315,24851
ML-DSA-44,keygen,757,468556,25294
ML-DSA-44,keygen,758,462519,24971
ML-DSA-44,keygen,759,458018,24727
ML-DSA-44,keygen,760,456370,24638
ML-DSA-44,keygen,761,458204,24737
ML-DSA-44,keygen,762,460204,24844
ML-DSA-44,keygen,763,457759,24713
ML-DSA-44,keygen,764,458926,24776
ML-DSA-44,keygen,765,459259,24793
ML-DSA-44,keygen,766,467463,25235
ML-DSA-44,keygen,767,461019,24889
ML-DSA-44,keygen,768,459259,24794
ML-DSA-44,keygen,769,456482,24643
ML-DSA-44,keygen,770,460500,24862
ML-DSA-44,keygen,771,461537,24917
ML-DSA-44,keygen,772,459352,24799
ML-DSA-44,keygen,773,457796,24715
ML-DSA-44,keygen,774,461389,24909
ML-DSA-44,keygen,775,470333,25391
ML-DSA-44,keygen,776,460352,24852
ML-DSA-44,keygen,777,457926,24722
ML-DSA-44,keygen,778,460593,24866
ML-DSA-44,keygen,779,460389,24855
ML-DSA-44,keygen,780,456537,24648
ML-DSA-44,keygen,781,460315,24852
ML-DSA-44,keygen,782,455222,24577
ML-DSA-44,keygen,783,469574,25349
ML-DSA-44,keygen,784,458296,24741
ML-DSA-44,keygen,785,460370,24855
ML-DSA-44,keygen,786,460314,24852
ML-DSA-44,keygen,787,458852,24772
ML-DSA-44,keygen,788,456574,24649
ML-DSA-44,keygen,789,456741,24658
ML-DSA-44,keygen,790,457537,24702
ML-DSA-44,keygen,791,461723,24927
ML-DSA-44,keygen,792,471333,25445
ML-DSA-44,keygen,793,458741,24765
ML-DSA-44,keygen,794,462888,24990
ML-DSA-44,keygen,795,458944,24776
ML-DSA-44,keygen,796,457815,24716
ML-DSA-44,keygen,797,457704,24709
ML-DSA-44,keygen,798,460629,24867
ML-DSA-44,keygen,799,459222,24792
ML-DSA-44,keygen,800,469722,25358
ML-DSA-44,keygen,801,460352,24854
ML-DSA-44,keygen,802,459259,24794
ML-DSA-44,keygen,803,459352,24800
ML-DSA-44,keygen,804,459149,24788
ML-DSA-44,keygen,805,458981,24780
ML-DSA-44,keygen,806,460722,24873
ML-DSA-44,keygen,807,458574,24757
ML-DSA-44,keygen,808,459315,24796
ML-DSA-44,keygen,809,469222,25331
ML-DSA-44,keygen,810,460185,24844
ML-DSA-44,keygen,811,458889,24774
ML-DSA-44,keygen,812,457833,24718
ML-DSA-44,keygen,813,459056,24783
ML-DSA-44,keygen,814,460537,24864
ML-DSA-44,keygen,815,459704,24818
ML-DSA-44,keygen,816,458870,24774
ML-DSA-44,keygen,817,455555,24594
ML-DSA-44,keygen,818,472889,25529
ML-DSA-44,keygen,819,461055,24891
ML-DSA-44,keygen,820,459186,24791
ML-DSA-44,keygen,821,457778,24715
ML-DSA-44,keygen,822,457778,24714
ML-DSA-44,keygen,823,461518,24917
ML-DSA-44,keygen,824,460203,24845
ML-DSA-44,keygen,825,458760,24768
ML-DSA-44,keygen,826,468019,25266
ML-DSA-44,keygen,827,463408,25019
ML-DSA-44,keygen,828,458982,24780
ML-DSA-44,keygen,829,457815,24715
ML-DSA-44,keygen,830,459000,24779
ML-DSA-44,keygen,831,460018,24835
ML-DSA-44,keygen,832,455833,24609
ML-DSA-44,keygen,833,457814,24715
ML-DSA-44,keygen,834,460166,24843
ML-DSA-44,keygen,835,468315,25280
ML-DSA-44,keygen,836,460204,24846
ML-DSA-44,keygen,837,459555,24811
ML-DSA-44,keygen,838,457741,24713
ML-DSA-44,keygen,839,457500,24700
ML-DSA-44,keygen,840,458815,24771
ML-DSA-44,keygen,841,457574,24704
ML-DSA-44,keygen,842,460074,24838
ML-DSA-44,keygen,843,468500,25290
ML-DSA-44,keygen,844,458833,24770
ML-DSA-44,keygen,845,458055,24730
ML-DSA-44,keygen,846,459926,24830
ML-DSA-44,keygen,847,459852,24825
ML-DSA-44,keygen,848,462556,24973
ML-DSA-44,keygen,849,460315,24851
ML-DSA-44,keygen,850,462704,24980
ML-DSA-44,keygen,851,456888,24666
ML-DSA-44,keygen,852,472870,25527
ML-DSA-44,keygen,853,457352,24692
ML-DSA-44,keygen,854,459130,24788
ML-DSA-44,keygen,855,457814,24716
ML-DSA-44,keygen,856,459166,24789
ML-DSA-44,keygen,857,458963,24779
ML-DSA-44,keygen,858,457907,24721
ML-DSA-44,keygen,859,459537,24810
ML-DSA-44,keygen,860,457481,24699
ML-DSA-44,keygen,861,469704,25356
ML-DSA-44,keygen,862,462815,24987
ML-DSA-44,keygen,863,459092,24786
ML-DSA-44,keygen,864,456667,24655
ML-DSA-44,keygen,865,461537,24918
ML-DSA-44,keygen,866,461685,24925
ML-DSA-44,keygen,867,457908,24722
ML-DSA-44,keygen,868,461722,24928
ML-DSA-44,keygen,869,468537,25294
ML-DSA-44,keygen,870,461185,24897
ML-DSA-44,keygen,871,463648,25030
ML-DSA-44,keygen,872,459963,24832
ML-DSA-44,keygen,873,459296,24797
ML-DSA-44,keygen,874,461518,24917
ML-DSA-44,keygen,875,458797,24770
ML-DSA-44,keygen,876,459907,24830
ML-DSA-44,keygen,877,456463,24643
ML-DSA-44,keygen,878,469612,25352
ML-DSA-44,keygen,879,460222,24847
ML-DSA-44,keygen,880,459315,24798
ML-DSA-44,keygen,881,459981,24832
ML-DSA-44,keygen,882,460223,24846
ML-DSA-44,keygen,883,460408,24856
ML-DSA-44,keygen,884,462019,24943
ML-DSA-44,keygen,885,459315,24796
ML-DSA-44,keygen,886,471333,25444
ML-DSA-44,keygen,887,465130,25112
ML-DSA-44,keygen,888,459130,24787
ML-DSA-44,keygen,889,457871,24720
ML-DSA-44,keygen,890,457204,24683
ML-DSA-44,keygen,891,459815,24823
ML-DSA-44,keygen,892,459037,24782
ML-DSA-44,keygen,893,459259,24794
ML-DSA-44,keygen,894,458222,24737
ML-DSA-44,keygen,895,470204,25384
ML-DSA-44,keygen,896,461425,24912
ML-DSA-44,keygen,897,459370,24799
ML-DSA-44,keygen,898,459648,24816
ML-DSA-44,keygen,899,460204,24845
ML-DSA-44,keygen,900,460648,24870
ML-DSA-44,keygen,901,460482,24860
ML-DSA-44,keygen,902,457759,24713
ML-DSA-44,keygen,903,461222,24901
ML-DSA-44,keygen,904,469648,25354
ML-DSA-44,keygen,905,460018,24835
ML-DSA-44,keygen,906,460778,24877
ML-DSA-44,keygen,907,459093,24785
ML-DSA-44,keygen,908,461723,24927
ML-DSA-44,keygen,909,458037,24728
ML-DSA-44,keygen,910,459019,24782
ML-DSA-44,keygen,911,458130,24734
ML-DSA-44,keygen,912,521593,28159
ML-DSA-44,keygen,913,461370,24908
ML-DSA-44,keygen,914,458167,24736
ML-DSA-44,keygen,915,459981,24833
ML-DSA-44,keygen,916,460315,24850
ML-DSA-44,keygen,917,462704,24980
ML-DSA-44,keygen,918,459148,24789
ML-DSA-44,keygen,919,456482,24644
ML-DSA-44,keygen,920,457481,24699
ML-DSA-44,keygen,921,473037,25536
ML-DSA-44,keygen,922,460741,24874
ML-DSA-44,keygen,923,459370,24799
ML-DSA-44,keygen,924,456740,24659
ML-DSA-44,keygen,925,459019,24780
ML-DSA-44,keygen,926,457778,24715
ML-DSA-44,keygen,927,455148,24572
ML-DSA-44,keygen,928,459426,24804
ML-DSA-44,keygen,929,466815,25200
ML-DSA-44,keygen,930,457463,24698
ML-DSA-44,keygen,931,463037,24998
ML-DSA-44,keygen,932,461333,24907
ML-DSA-44,keygen,933,458981,24779
ML-DSA-44,keygen,934,457833,24717
ML-DSA-44,keygen,935,460111,24841
ML-DSA-44,keygen,936,460833,24880
ML-DSA-44,keygen,937,462740,24982
ML-DSA-44,keygen,938,473481,25561
ML-DSA-44,keygen,939,459870,24828
ML-DSA-44,keygen,940,460167,24843
ML-DSA-44,keygen,941,460481,24860
ML-DSA-44,keygen,942,457796,24714
ML-DSA-44,keygen,943,458722,24765
ML-DSA-44,keygen,944,457649,24708
ML-DSA-44,keygen,945,457555,24703
ML-DSA-44,keygen,946,458537,24755
ML-DSA-44,keygen,947,471148,25434
ML-DSA-44,keygen,948,460889,24881
ML-DSA-44,keygen,949,461685,24925
ML-DSA-44,keygen,950,462037,24945
ML-DSA-44,keygen,951,461703,24926
ML-DSA-44,keygen,952,459019,24781
ML-DSA-44,keygen,953,459092,24784
ML-DSA-44,keygen,954,459074,24785
ML-DSA-44,keygen,955,473167,25544
ML-DSA-44,keygen,956,459686,24817
ML-DSA-44,keygen,957,460519,24861
ML-DSA-44,keygen,958,458963,24779
ML-DSA-44,keygen,959,457963,24724
ML-DSA-44,keygen,960,457463,24698
ML-DSA-44,keygen,961,456574,24650
ML-DSA-44,keygen,962,458667,24763
ML-DSA-44,keygen,963,460333,24853
ML-DSA-44,keygen,964,471167,25435
ML-DSA-44,keygen,965,460982,24886
ML-DSA-44,keygen,966,460370,24855
ML-DSA-44,keygen,967,460000,24834
ML-DSA-44,keygen,968,462037,24944
ML-DSA-44,keygen,969,459000,24781
ML-DSA-44,keygen,970,456741,24657
ML-DSA-44,keygen,971,460463,24860
ML-DSA-44,keygen,972,470963,25423
ML-DSA-44,keygen,973,457722,24711
ML-DSA-44,keygen,974,459426,24804
ML-DSA-44,keygen,975,457944,24724
ML-DSA-44,keygen,976,461223,24900
ML-DSA-44,keygen,977,458815,24769
ML-DSA-44,keygen,978,458982,24779
ML-DSA-44,keygen,979,461593,24920
ML-DSA-44,keygen,980,456574,24649
ML-DSA-44,keygen,981,498852,26931
ML-DSA-44,keygen,982,458593,24759
ML-DSA-44,keygen,983,458370,24747
ML-DSA-44,keygen,984,461704,24927
ML-DSA-44,keygen,985,460574,24866
ML-DSA-44,keygen,986,460685,24870
ML-DSA-44,keygen,987,461500,24916
ML-DSA-44,keygen,988,458648,24761
ML-DSA-44,keygen,989,459167,24789
ML-DSA-44,keygen,990,480981,25967
ML-DSA-44,keygen,991,460426,24857
ML-DSA-44,keygen,992,461593,24921
ML-DSA-44,keygen,993,461093,24893
ML-DSA-44,keygen,994,461259,24902
ML-DSA-44,keygen,995,460445,24857
ML-DSA-44,keygen,996,458722,24765
ML-DSA-44,keygen,997,460130,24842
ML-DSA-44,keygen,998,470167,25381
ML-DSA-44,keygen,999,460982,24887
ML-DSA-44,sign,0,2605723,140696
ML-DSA-44,sign,1,1042945,56312
ML-DSA-44,sign,2,1050278,56709
ML-DSA-44,sign,3,1522833,82228
ML-DSA-44,sign,4,1521574,82160
ML-DSA-44,sign,5,1049981,56694
ML-DSA-44,sign,6,1076038,58096
ML-DSA-44,sign,7,2006112,108325
ML-DSA-44,sign,8,15079370,814279
ML-DSA-44,sign,9,5015333,270822
ML-DSA-44,sign,10,2979148,160868
ML-DSA-44,sign,11,1532518,82749
ML-DSA-44,sign,12,2004111,108216
ML-DSA-44,sign,13,2012945,108692
ML-DSA-44,sign,14,2004944,108262
ML-DSA-44,sign,15,4905019,264865
ML-DSA-44,sign,16,1531834,82713
ML-DSA-44,sign,17,5388556,290976
ML-DSA-44,sign,18,2978463,160831
ML-DSA-44,sign,19,1522389,82205
ML-DSA-44,sign,20,4905500,264890
ML-DSA-44,sign,21,2221315,119940
ML-DSA-44,sign,22,1525056,82349
ML-DSA-44,sign,23,3479685,187897
ML-DSA-44,sign,24,1534630,82865
ML-DSA-44,sign,25,1522962,82234
ML-DSA-44,sign,26,1521740,82169
ML-DSA-44,sign,27,3941018,212810
ML-DSA-44,sign,28,1532148,82729
ML-DSA-44,sign,29,1595370,86143
ML-DSA-44,sign,30,1534037,82831
ML-DSA-44,sign,31,4906148,264927
ML-DSA-44,sign,32,1040519,56183
ML-DSA-44,sign,33,1521686,82166
ML-DSA-44,sign,34,1049648,56675
ML-DSA-44,sign,35,1040629,56190
ML-DSA-44,sign,36,3752870,202644
ML-DSA-44,sign,37,2121871,114574
ML-DSA-44,sign,38,3340037,180345
ML-DSA-44,sign,39,3640889,196597
ML-DSA-44,sign,40,2017963,108964
ML-DSA-44,sign,41,1040797,56197
ML-DSA-44,sign,42,3477963,187804
ML-DSA-44,sign,43,2978815,160850
ML-DSA-44,sign,44,1522519,82210
ML-DSA-44,sign,45,1039685,56138
ML-DSA-44,sign,46,4904315,264826
ML-DSA-44,sign,47,2574500,139015
ML-DSA-44,sign,48,1523278,82252
ML-DSA-44,sign,49,1531389,82689
ML-DSA-44,sign,50,1522593,82216
ML-DSA-44,sign,51,1531630,82702
ML-DSA-44,sign,52,2486556,134270
ML-DSA-44,sign,53,1039889,56148
ML-DSA-44,sign,54,5396223,291385
ML-DSA-44,sign,55,1214833,65593
ML-DSA-44,sign,56,1133426,61197
ML-DSA-44,sign,57,5709833,308321
ML-DSA-44,sign,58,2488389,134367
ML-DSA-44,sign,59,1531611,82702
ML-DSA-44,sign,60,3477370,187771
ML-DSA-44,sign,61,3942815,212906
ML-DSA-44,sign,62,1040537,56184
ML-DSA-44,sign,63,4422426,238806
ML-DSA-44,sign,64,21281240,1149176
ML-DSA-44,sign,65,1168074,63067
ML-DSA-44,sign,66,1203204,64966
ML-DSA-44,sign,67,1685204,90993
ML-DSA-44,sign,68,1325000,71530
ML-DSA-44,sign,69,1542611,83298
ML-DSA-44,sign,70,1544759,83390
ML-DSA-44,sign,71,1523963,82287
ML-DSA-44,sign,72,1039426,56124
ML-DSA-44,sign,73,3942111,212867
ML-DSA-44,sign,74,2496796,134821
ML-DSA-44,sign,75,4905741,264904
ML-DSA-44,sign,76,7806129,421524
ML-DSA-44,sign,77,2496500,134805
ML-DSA-44,sign,78,2486167,134247
ML-DSA-44,sign,79,1039444,56125
ML-DSA-44,sign,80,1590740,85891
ML-DSA-44,sign,81,1044111,56377
ML-DSA-44,sign,82,3943778,212959
ML-DSA-44,sign,83,2014778,108791
ML-DSA-44,sign,84,2111944,114040
ML-DSA-44,sign,85,1530722,82653
ML-DSA-44,sign,86,2486203,134250
ML-DSA-44,sign,87,2013407,108718
ML-DSA-44,sign,88,1040186,56164
ML-DSA-44,sign,89,1521240,82143
ML-DSA-44,sign,90,6357685,343310
ML-DSA-44,sign,91,1043740,56357
ML-DSA-44,sign,92,1039222,56113
ML-DSA-44,sign,93,1539407,83120
ML-DSA-44,sign,94,11671944,630281
ML-DSA-44,sign,95,3461056,186891
ML-DSA-44,sign,96,1522926,82231
ML-DSA-44,sign,97,1040259,56168
ML-DSA-44,sign,98,1532629,82755
ML-DSA-44,sign,99,1522981,82236
ML-DSA-44,sign,100,3460666,186871
ML-DSA-44,sign,101,1523130,82244
ML-DSA-44,sign,102,4906722,264957
ML-DSA-44,sign,103,7825519,422568
ML-DSA-44,sign,104,1538185,83057
ML-DSA-44,sign,105,1040889,56202
ML-DSA-44,sign,106,2496667,134814
ML-DSA-44,sign,107,2487482,134320
ML-DSA-44,sign,108,1050666,56730
ML-DSA-44,sign,109,1041222,56222
ML-DSA-44,sign,110,2978648,160842
ML-DSA-44,sign,111,2969463,160346
ML-DSA-44,sign,112,1050352,56713
ML-DSA-44,sign,113,2969889,160369
ML-DSA-44,sign,114,1049722,56680
ML-DSA-44,sign,115,2968889,160314
ML-DSA-44,sign,116,2014445,108773
ML-DSA-44,sign,117,2983240,161086
ML-DSA-44,sign,118,2969944,160372
ML-DSA-44,sign,119,1051093,56753
ML-DSA-44,sign,120,1041277,56222
ML-DSA-44,sign,121,1040259,56167
ML-DSA-44,sign,122,2980093,160919
ML-DSA-44,sign,123,1040426,56177
ML-DSA-44,sign,124,1039648,56136
ML-DSA-44,sign,125,1049518,56669
ML-DSA-44,sign,126,3459537,186809
ML-DSA-44,sign,127,1522574,82213
ML-DSA-44,sign,128,1039666,56136
ML-DSA-44,sign,129,6841500,369436
ML-DSA-44,sign,130,6843593,369548
ML-DSA-44,sign,131,4907740,265013
ML-DSA-44,sign,132,2979926,160911
ML-DSA-44,sign,133,2005611,108299
ML-DSA-44,sign,134,16026000,865397
ML-DSA-44,sign,135,2016148,108866
ML-DSA-44,sign,136,3451370,186370
ML-DSA-44,sign,137,4429333,239179
ML-DSA-44,sign,138,3449518,186269
ML-DSA-44,sign,139,2977130,160760
ML-DSA-44,sign,140,1531870,82715
ML-DSA-44,sign,141,4423703,238875
ML-DSA-44,sign,142,4424481,238915
ML-DSA-44,sign,143,1522982,82236
ML-DSA-44,sign,144,2013908,108744
ML-DSA-44,sign,145,2004519,108240
ML-DSA-44,sign,146,1039611,56134
ML-DSA-44,sign,147,2012389,108662
ML-DSA-44,sign,148,1040426,56178
ML-DSA-44,sign,149,1039482,56127
ML-DSA-44,sign,150,2495426,134748
ML-DSA-44,sign,151,3460074,186838
ML-DSA-44,sign,152,1522481,82210
ML-DSA-44,sign,153,1049204,56652
ML-DSA-44,sign,154,2004314,108227
ML-DSA-44,sign,155,1521574,82159
ML-DSA-44,sign,156,4429982,239212
ML-DSA-44,sign,157,3941778,212851
ML-DSA-44,sign,158,1522704,82222
ML-DSA-44,sign,159,3459630,186814
ML-DSA-44,sign,160,1522519,82211
ML-DSA-44,sign,161,2495500,134751
ML-DSA-44,sign,162,4424370,238910
ML-DSA-44,sign,163,2003926,108207
ML-DSA-44,sign,164,7323519,395465
ML-DSA-44,sign,165,1533203,82787
ML-DSA-44,sign,166,7808500,421654
ML-DSA-44,sign,167,1041259,56223
ML-DSA-44,sign,168,4425111,238950
ML-DSA-44,sign,169,2005648,108298
ML-DSA-44,sign,170,1532000,82723
ML-DSA-44,sign,171,1041037,56212
ML-DSA-44,sign,172,2496371,134798
ML-DSA-44,sign,173,1523148,82244
ML-DSA-44,sign,174,2014259,108764
ML-DSA-44,sign,175,1040925,56203
ML-DSA-44,sign,176,2112093,114049
ML-DSA-44,sign,177,3942371,212882
ML-DSA-44,sign,178,1532796,82766
ML-DSA-44,sign,179,2005185,108275
ML-DSA-44,sign,180,1049500,56668
ML-DSA-44,sign,181,1523222,82248
ML-DSA-44,sign,182,1040648,56188
ML-DSA-44,sign,183,2502351,135119
ML-DSA-44,sign,184,5873741,317177
ML-DSA-44,sign,185,2015778,108846
ML-DSA-44,sign,186,1523926,82288
ML-DSA-44,sign,187,6363463,343622
ML-DSA-44,sign,188,3461629,186921
ML-DSA-44,sign,189,1040870,56200
ML-DSA-44,sign,190,2978408,160827
ML-DSA-44,sign,191,1041593,56239
ML-DSA-44,sign,192,2496000,134777
ML-DSA-44,sign,193,1523352,82256
ML-DSA-44,sign,194,5872037,317084
ML-DSA-44,sign,195,3461667,186924
ML-DSA-44,sign,196,1533611,82809
ML-DSA-44,sign,197,1523222,82248
ML-DSA-44,sign,198,2014148,108757
ML-DSA-44,sign,199,1041500,56237
ML-DSA-44,sign,200,11190833,604300
ML-DSA-44,sign,201,6836926,369188
ML-DSA-44,sign,202,4915704,265442
ML-DSA-44,sign,203,3934538,212459
ML-DSA-44,sign,204,2496667,134815
ML-DSA-44,sign,205,4425444,238969
ML-DSA-44,sign,206,1041408,56231
ML-DSA-44,sign,207,1049963,56691
ML-DSA-44,sign,208,1040852,56202
ML-DSA-44,sign,209,1040222,56166
ML-DSA-44,sign,210,1532166,82731
ML-DSA-44,sign,211,2005889,108312
ML-DSA-44,sign,212,1040666,56190
ML-DSA-44,sign,213,2013981,108749
ML-DSA-44,sign,214,1044926,56420
ML-DSA-44,sign,215,1040185,56164
ML-DSA-44,sign,216,2015315,108821
ML-DSA-44,sign,217,2979315,160877
ML-DSA-44,sign,218,2487797,134337
ML-DSA-44,sign,219,1049926,56689
ML-DSA-44,sign,220,2005518,108293
ML-DSA-44,sign,221,2122722,114620
ML-DSA-44,sign,222,1523518,82266
ML-DSA-44,sign,223,2497130,134840
ML-DSA-44,sign,224,3451741,186388
ML-DSA-44,sign,225,2488592,134379
ML-DSA-44,sign,226,2497000,134832
ML-DSA-44,sign,227,2487814,134337
ML-DSA-44,sign,228,3460870,186881
ML-DSA-44,sign,229,1538685,83081
ML-DSA-44,sign,230,1041648,56244
ML-DSA-44,sign,231,3943704,212955
ML-DSA-44,sign,232,2005259,108279
ML-DSA-44,sign,233,2014703,108787
ML-DSA-44,sign,234,1041222,56220
ML-DSA-44,sign,235,2496908,134827
ML-DSA-44,sign,236,1041277,56222
ML-DSA-44,sign,237,2497166,134841
ML-DSA-44,sign,238,2005370,108283
ML-DSA-44,sign,239,2014630,108785
ML-DSA-44,sign,240,1523630,82271
ML-DSA-44,sign,241,1039926,56150
ML-DSA-44,sign,242,1532426,82744
ML-DSA-44,sign,243,2595445,140150
ML-DSA-44,sign,244,1533611,82809
ML-DSA-44,sign,245,3462296,186958
ML-DSA-44,sign,246,2006093,108324
ML-DSA-44,sign,247,2497315,134850
ML-DSA-44,sign,248,2487629,134327
ML-DSA-44,sign,249,1050463,56719
ML-DSA-44,sign,250,2005889,108312
ML-DSA-44,sign,251,1040537,56183
ML-DSA-44,sign,252,2979129,160868
ML-DSA-44,sign,253,1041260,56223
ML-DSA-44,sign,254,1049945,56690
ML-DSA-44,sign,255,1523833,82281
ML-DSA-44,sign,256,1040481,56181
ML-DSA-44,sign,257,1640593,88585
ML-DSA-44,sign,258,1041240,56222
ML-DSA-44,sign,259,2496704,134816
ML-DSA-44,sign,260,2970167,160385
ML-DSA-44,sign,261,5880426,317538
ML-DSA-44,sign,262,4426741,239038
ML-DSA-44,sign,263,2005648,108300
ML-DSA-44,sign,264,2014482,108776
ML-DSA-44,sign,265,2497352,134851
ML-DSA-44,sign,266,1523667,82272
ML-DSA-44,sign,267,2004796,108253
ML-DSA-44,sign,268,5398203,291497
ML-DSA-44,sign,269,2979074,160864
ML-DSA-44,sign,270,1041704,56245
ML-DSA-44,sign,271,1522426,82206
ML-DSA-44,sign,272,7326926,395649
ML-DSA-44,sign,273,4910667,265170
ML-DSA-44,sign,274,2016648,108893
ML-DSA-44,sign,275,1524537,82319
ML-DSA-44,sign,276,3946741,213118
ML-DSA-44,sign,277,2980352,160933
ML-DSA-44,sign,278,3944926,213020
ML-DSA-44,sign,279,1523037,82239
ML-DSA-44,sign,280,3461370,186908
ML-DSA-44,sign,281,2985167,161192
ML-DSA-44,sign,282,2006278,108335
ML-DSA-44,sign,283,1050537,56723
ML-DSA-44,sign,284,4426907,239046
ML-DSA-44,sign,285,1041296,56224
ML-DSA-44,sign,286,1040241,56168
ML-DSA-44,sign,287,2498426,134910
ML-DSA-44,sign,288,1523333,82254
ML-DSA-44,sign,289,2497019,134833
ML-DSA-44,sign,290,1523518,82264
ML-DSA-44,sign,291,4425352,238963
ML-DSA-44,sign,292,2015407,108825
ML-DSA-44,sign,293,2005592,108297
ML-DSA-44,sign,294,4915500,265432
ML-DSA-44,sign,295,3451833,186393
ML-DSA-44,sign,296,1049463,56665
ML-DSA-44,sign,297,2968426,160290
ML-DSA-44,sign,298,1049649,56676
ML-DSA-44,sign,299,2005388,108285
ML-DSA-44,sign,300,3942870,212909
ML-DSA-44,sign,301,2981000,160968
ML-DSA-44,sign,302,2005185,108274
ML-DSA-44,sign,303,1050018,56696
ML-DSA-44,sign,304,1041130,56215
ML-DSA-44,sign,305,1521944,82178
ML-DSA-44,sign,306,1049908,56690
ML-DSA-44,sign,307,2005333,108283
ML-DSA-44,sign,308,1531556,82697
ML-DSA-44,sign,309,1041407,56230
ML-DSA-44,sign,310,2004741,108250
ML-DSA-44,sign,311,9263204,500208
ML-DSA-44,sign,312,1523407,82259
ML-DSA-44,sign,313,2004722,108249
ML-DSA-44,sign,314,1049945,56690
ML-DSA-44,sign,315,3943629,212951
ML-DSA-44,sign,316,1041130,56216
ML-DSA-44,sign,317,1040130,56161
ML-DSA-44,sign,318,3048445,164608
ML-DSA-44,sign,319,2989056,161402
ML-DSA-44,sign,320,2979074,160864
ML-DSA-44,sign,321,3934408,212451
ML-DSA-44,sign,322,2014055,108754
ML-DSA-44,sign,323,4426185,239009
ML-DSA-44,sign,324,3943611,212950
ML-DSA-44,sign,325,3462482,186967
ML-DSA-44,sign,326,3944722,213009
ML-DSA-44,sign,327,1523129,82245
ML-DSA-44,sign,328,2014408,108773
ML-DSA-44,sign,329,1041186,56219
ML-DSA-44,sign,330,1522314,82200
ML-DSA-44,sign,331,2497778,134874
ML-DSA-44,sign,332,1041111,56215
ML-DSA-44,sign,333,2020389,109093
ML-DSA-44,sign,334,1523815,82281
ML-DSA-44,sign,335,2015167,108814
ML-DSA-44,sign,336,2980797,160958
ML-DSA-44,sign,337,5390259,291068
ML-DSA-44,sign,338,2604537,140639
ML-DSA-44,sign,339,2005500,108292
ML-DSA-44,sign,340,2497314,134849
ML-DSA-44,sign,341,3944315,212981
ML-DSA-44,sign,342,4426093,239003
ML-DSA-44,sign,343,1041241,56221
ML-DSA-44,sign,344,1522334,82200
ML-DSA-44,sign,345,3943870,212963
ML-DSA-44,sign,346,1533241,82789
ML-DSA-44,sign,347,3944148,212979
ML-DSA-44,sign,348,2487649,134328
ML-DSA-44,sign,349,1532037,82723
ML-DSA-44,sign,350,1523444,82261
ML-DSA-44,sign,351,2014759,108790
ML-DSA-44,sign,352,1523389,82259
ML-DSA-44,sign,353,2014111,108756
ML-DSA-44,sign,354,1523500,82263
ML-DSA-44,sign,355,1522203,82194
ML-DSA-44,sign,356,2497185,134842
ML-DSA-44,sign,357,2979963,160912
ML-DSA-44,sign,358,2488000,134346
ML-DSA-44,sign,359,7809037,421684
ML-DSA-44,sign,360,2979481,160886
ML-DSA-44,sign,361,2005704,108302
ML-DSA-44,sign,362,1050000,56695
ML-DSA-44,sign,363,1523926,82287
ML-DSA-44,sign,364,2015056,108808
ML-DSA-44,sign,365,5872611,317115
ML-DSA-44,sign,366,3461981,186940
ML-DSA-44,sign,367,1523574,82267
ML-DSA-44,sign,368,1050074,56699
ML-DSA-44,sign,369,5391092,291113
ML-DSA-44,sign,370,2980074,160918
ML-DSA-44,sign,371,1523500,82263
ML-DSA-44,sign,372,6362759,343573
ML-DSA-44,sign,373,1042722,56303
ML-DSA-44,sign,374,5390463,291079
ML-DSA-44,sign,375,1050519,56722
ML-DSA-44,sign,376,1041667,56245
ML-DSA-44,sign,377,2978426,160830
ML-DSA-44,sign,378,4432055,239322
ML-DSA-44,sign,379,1523981,82291
ML-DSA-44,sign,380,2014574,108781
ML-DSA-44,sign,381,2005370,108284
ML-DSA-44,sign,382,3461296,186905
ML-DSA-44,sign,383,3944797,213012
ML-DSA-44,sign,384,1041815,56253
ML-DSA-44,sign,385,5398130,291492
ML-DSA-44,sign,386,1041352,56227
ML-DSA-44,sign,387,3460851,186880
ML-DSA-44,sign,388,1041203,56220
ML-DSA-44,sign,389,1040426,56178
ML-DSA-44,sign,390,1531963,82720
ML-DSA-44,sign,391,1041351,56228
ML-DSA-44,sign,392,1522278,82198
ML-DSA-44,sign,393,7325185,395554
ML-DSA-44,sign,394,2015278,108819
ML-DSA-44,sign,395,1523537,82265
ML-DSA-44,sign,396,2496722,134817
ML-DSA-44,sign,397,3451778,186391
ML-DSA-44,sign,398,1050074,56697
ML-DSA-44,sign,399,4426945,239048
ML-DSA-44,sign,400,1523463,82262
ML-DSA-44,sign,401,4426056,239001
ML-DSA-44,sign,402,1050445,56717
ML-DSA-44,sign,403,2595815,140168
ML-DSA-44,sign,404,2497148,134839
ML-DSA-44,sign,405,5016481,270884
ML-DSA-44,sign,406,1041296,56224
ML-DSA-44,sign,407,2014111,108757
ML-DSA-44,sign,408,2487722,134332
ML-DSA-44,sign,409,2979334,160877
ML-DSA-44,sign,410,1041314,56226
ML-DSA-44,sign,411,6843056,369520
ML-DSA-44,sign,412,2980222,160926
ML-DSA-44,sign,413,6362481,343567
ML-DSA-44,sign,414,1523444,82260
ML-DSA-44,sign,415,2495945,134776
ML-DSA-44,sign,416,1041148,56217
ML-DSA-44,sign,417,2978149,160813
ML-DSA-44,sign,418,4908667,265064
ML-DSA-44,sign,419,1041333,56227
ML-DSA-44,sign,420,1040222,56167
ML-DSA-44,sign,421,1049574,56671
ML-DSA-44,sign,422,2488629,134381
ML-DSA-44,sign,423,1040259,56169
ML-DSA-44,sign,424,2496019,134780
ML-DSA-44,sign,425,1041463,56233
ML-DSA-44,sign,426,1050037,56696
ML-DSA-44,sign,427,2487944,134344
ML-DSA-44,sign,428,3977463,214775
ML-DSA-44,sign,429,2500130,135003
ML-DSA-44,sign,430,3462056,186944
ML-DSA-44,sign,431,1041223,56222
ML-DSA-44,sign,432,6361500,343515
ML-DSA-44,sign,433,4909000,265081
ML-DSA-44,sign,434,1041130,56215
ML-DSA-44,sign,435,1040204,56166
ML-DSA-44,sign,436,2496370,134798
ML-DSA-44,sign,437,1041186,56218
ML-DSA-44,sign,438,1040278,56170
ML-DSA-44,sign,439,3942740,212902
ML-DSA-44,sign,440,3461537,186917
ML-DSA-44,sign,441,2497352,134850
ML-DSA-44,sign,442,1041518,56236
ML-DSA-44,sign,443,1040186,56164
ML-DSA-44,sign,444,1050259,56708
ML-DSA-44,sign,445,2005055,108267
ML-DSA-44,sign,446,2978241,160820
ML-DSA-44,sign,447,1041315,56225
ML-DSA-44,sign,448,1531851,82714
ML-DSA-44,sign,449,3450407,186317
ML-DSA-44,sign,450,3459315,186798
ML-DSA-44,sign,451,1050148,56701
ML-DSA-44,sign,452,2486926,134288
ML-DSA-44,sign,453,2013519,108725
ML-DSA-44,sign,454,2004760,108252
ML-DSA-44,sign,455,2511685,135617
ML-DSA-44,sign,456,2488019,134348
ML-DSA-44,sign,457,2018777,109009
ML-DSA-44,sign,458,4424704,238929
ML-DSA-44,sign,459,1040722,56193
ML-DSA-44,sign,460,2013093,108701
ML-DSA-44,sign,461,1040704,56192
ML-DSA-44,sign,462,3675426,198468
ML-DSA-44,sign,463,1522185,82192
ML-DSA-44,sign,464,2495611,134757
ML-DSA-44,sign,465,1522574,82214
ML-DSA-44,sign,466,1049240,56654
ML-DSA-44,sign,467,4906740,264957
ML-DSA-44,sign,468,3948889,213232
ML-DSA-44,sign,469,4425870,238991
ML-DSA-44,sign,470,6361611,343522
ML-DSA-44,sign,471,1522815,82227
ML-DSA-44,sign,472,1521889,82178
ML-DSA-44,sign,473,1050000,56694
ML-DSA-44,sign,474,2004815,108254
ML-DSA-44,sign,475,2977815,160797
ML-DSA-44,sign,476,1522741,82223
ML-DSA-44,sign,477,1049092,56646
ML-DSA-44,sign,478,3450907,186345
ML-DSA-44,sign,479,2501278,135062
ML-DSA-44,sign,480,1040871,56202
ML-DSA-44,sign,481,3629611,195990
ML-DSA-44,sign,482,1043241,56330
ML-DSA-44,sign,483,2293093,123810
ML-DSA-44,sign,484,1840278,99365
ML-DSA-44,sign,485,2507851,135416
ML-DSA-44,sign,486,1041741,56249
ML-DSA-44,sign,487,3461148,186895
ML-DSA-44,sign,488,5399018,291541
ML-DSA-44,sign,489,2970297,160390
ML-DSA-44,sign,490,2978296,160821
ML-DSA-44,sign,491,5390482,291081
ML-DSA-44,sign,492,4433852,239423
ML-DSA-44,sign,493,1523445,82260
ML-DSA-44,sign,494,2004315,108229
ML-DSA-44,sign,495,1051129,56755
ML-DSA-44,sign,496,3168185,171074
ML-DSA-44,sign,497,2018315,108985
ML-DSA-44,sign,498,1732370,93538
ML-DSA-44,sign,499,1834907,99075
ML-DSA-44,sign,500,2248371,121404
ML-DSA-44,sign,501,1052481,56828
ML-DSA-44,sign,502,5875074,317246
ML-DSA-44,sign,503,5879815,317505
ML-DSA-44,sign,504,2005037,108266
ML-DSA-44,sign,505,4905851,264910
ML-DSA-44,sign,506,1532629,82756
ML-DSA-44,sign,507,1040481,56181
ML-DSA-44,sign,508,1039500,56127
ML-DSA-44,sign,509,3460463,186859
ML-DSA-44,sign,510,2978574,160836
ML-DSA-44,sign,511,2004648,108245
ML-DSA-44,sign,512,2223889,120073
ML-DSA-44,sign,513,1041963,56261
ML-DSA-44,sign,514,1087722,58732
ML-DSA-44,sign,515,1532555,82751
ML-DSA-44,sign,516,1710296,92347
ML-DSA-44,sign,517,2867611,154841
ML-DSA-44,sign,518,2325556,125571
ML-DSA-44,sign,519,3562852,192385
ML-DSA-44,sign,520,1052037,56803
ML-DSA-44,sign,521,3943297,212933
ML-DSA-44,sign,522,2004685,108246
ML-DSA-44,sign,523,1531926,82718
ML-DSA-44,sign,524,2968981,160319
ML-DSA-44,sign,525,3460926,186884
ML-DSA-44,sign,526,1041315,56226
ML-DSA-44,sign,527,1049907,56689
ML-DSA-44,sign,528,2487370,134312
ML-DSA-44,sign,529,3948630,213218
ML-DSA-44,sign,530,6363019,343599
ML-DSA-44,sign,531,2005555,108295
ML-DSA-44,sign,532,1532018,82723
ML-DSA-44,sign,533,2005704,108302
ML-DSA-44,sign,534,2014612,108782
ML-DSA-44,sign,535,2005611,108297
ML-DSA-44,sign,536,2496593,134810
ML-DSA-44,sign,537,2090648,112879
ML-DSA-44,sign,538,2490334,134473
ML-DSA-44,sign,539,1040537,56184
ML-DSA-44,sign,540,1051185,56757
ML-DSA-44,sign,541,2487148,134300
ML-DSA-44,sign,542,1049760,56680
ML-DSA-44,sign,543,2005518,108294
ML-DSA-44,sign,544,2496112,134783
ML-DSA-44,sign,545,1523704,82274
ML-DSA-44,sign,546,1522575,82214
ML-DSA-44,sign,547,1532500,82750
ML-DSA-44,sign,548,3461870,186935
ML-DSA-44,sign,549,10327185,557662
ML-DSA-44,sign,550,2015240,108816
ML-DSA-44,sign,551,4426945,239048
ML-DSA-44,sign,552,2605685,140701
ML-DSA-44,sign,553,2005852,108311
ML-DSA-44,sign,554,1522519,82210
ML-DSA-44,sign,555,2978704,160844
ML-DSA-44,sign,556,1040889,56202
ML-DSA-44,sign,557,2977334,160769
ML-DSA-44,sign,558,1040297,56171
ML-DSA-44,sign,559,1049278,56654
ML-DSA-44,sign,560,5388056,290949
ML-DSA-44,sign,561,1522611,82216
ML-DSA-44,sign,562,1049796,56683
ML-DSA-44,sign,563,1522278,82197
ML-DSA-44,sign,564,2013574,108726
ML-DSA-44,sign,565,6352167,343012
ML-DSA-44,sign,566,6951000,375348
ML-DSA-44,sign,567,2496148,134787
ML-DSA-44,sign,568,1522815,82226
ML-DSA-44,sign,569,2003759,108198
ML-DSA-44,sign,570,1049296,56657
ML-DSA-44,sign,571,2486129,134246
ML-DSA-44,sign,572,1049018,56641
ML-DSA-44,sign,573,1523074,82240
ML-DSA-44,sign,574,2004055,108214
ML-DSA-44,sign,575,5503556,297186
ML-DSA-44,sign,576,1522593,82215
ML-DSA-44,sign,577,4911112,265191
ML-DSA-44,sign,578,2978667,160844
ML-DSA-44,sign,579,2499815,134985
ML-DSA-44,sign,580,1040834,56199
ML-DSA-44,sign,581,2013963,108747
ML-DSA-44,sign,582,1522518,82210
ML-DSA-44,sign,583,2003278,108172
ML-DSA-44,sign,584,2495334,134742
ML-DSA-44,sign,585,1522167,82192
ML-DSA-44,sign,586,2012852,108688
ML-DSA-44,sign,587,1040500,56182
ML-DSA-44,sign,588,2495389,134744
ML-DSA-44,sign,589,1522130,82190
ML-DSA-44,sign,590,1531833,82713
ML-DSA-44,sign,591,2004296,108226
ML-DSA-44,sign,592,1530518,82642
ML-DSA-44,sign,593,12633426,682200
ML-DSA-44,sign,594,2968260,160281
ML-DSA-44,sign,595,2014408,108773
ML-DSA-44,sign,596,1040592,56186
ML-DSA-44,sign,597,4423019,238837
ML-DSA-44,sign,598,2014259,108763
ML-DSA-44,sign,599,1523259,82250
ML-DSA-44,sign,600,4905111,264869
ML-DSA-44,sign,601,3941648,212843
ML-DSA-44,sign,602,4423741,238876
ML-DSA-44,sign,603,5504129,297218
ML-DSA-44,sign,604,3460537,186863
ML-DSA-44,sign,605,4906593,264951
ML-DSA-44,sign,606,1522648,82217
ML-DSA-44,sign,607,2494574,134701
ML-DSA-44,sign,608,1040296,56171
ML-DSA-44,sign,609,1039315,56118
ML-DSA-44,sign,610,1049241,56653
ML-DSA-44,sign,611,2968389,160287
ML-DSA-44,sign,612,2012907,108691
ML-DSA-44,sign,613,3460740,186873
ML-DSA-44,sign,614,3459982,186834
ML-DSA-44,sign,615,1040593,56186
ML-DSA-44,sign,616,1039575,56132
ML-DSA-44,sign,617,1049074,56644
ML-DSA-44,sign,618,1040704,56193
ML-DSA-44,sign,619,1039444,56124
ML-DSA-44,sign,620,3941296,212824
ML-DSA-44,sign,621,3460760,186876
ML-DSA-44,sign,622,3942351,212880
ML-DSA-44,sign,623,2983981,161127
ML-DSA-44,sign,624,2004500,108239
ML-DSA-44,sign,625,2013574,108728
ML-DSA-44,sign,626,1522611,82217
ML-DSA-44,sign,627,5387592,290925
ML-DSA-44,sign,628,2495667,134760
ML-DSA-44,sign,629,2978722,160846
ML-DSA-44,sign,630,2004889,108259
ML-DSA-44,sign,631,7805093,421470
ML-DSA-44,sign,632,4424407,238912
ML-DSA-44,sign,633,1050204,56705
ML-DSA-44,sign,634,1040667,56190
ML-DSA-44,sign,635,2485723,134224
ML-DSA-44,sign,636,2977260,160766
ML-DSA-44,sign,637,2014463,108776
ML-DSA-44,sign,638,2004759,108252
ML-DSA-44,sign,639,1039703,56138
ML-DSA-44,sign,640,2495574,134756
ML-DSA-44,sign,641,2015945,108855
ML-DSA-44,sign,642,3944482,212995
ML-DSA-44,sign,643,4908463,265052
ML-DSA-44,sign,644,4425796,238987
ML-DSA-44,sign,645,1040982,56208
ML-DSA-44,sign,646,2014370,108770
ML-DSA-44,sign,647,2005500,108291
ML-DSA-44,sign,648,1040278,56170
ML-DSA-44,sign,649,1049889,56688
ML-DSA-44,sign,650,3944018,212971
ML-DSA-44,sign,651,3461908,186937
ML-DSA-44,sign,652,1040926,56206
ML-DSA-44,sign,653,1039907,56150
ML-DSA-44,sign,654,1040185,56164
ML-DSA-44,sign,655,2496259,134792
ML-DSA-44,sign,656,1523167,82246
ML-DSA-44,sign,657,2014851,108797
ML-DSA-44,sign,658,1522963,82236
ML-DSA-44,sign,659,2979074,160864
ML-DSA-44,sign,660,1041259,56223
ML-DSA-44,sign,661,2979019,160862
ML-DSA-44,sign,662,1040889,56203
ML-DSA-44,sign,663,1532407,82744
ML-DSA-44,sign,664,1041018,56208
ML-DSA-44,sign,665,2004130,108217
ML-DSA-44,sign,666,2978334,160824
ML-DSA-44,sign,667,1041093,56215
ML-DSA-44,sign,668,1531815,82711
ML-DSA-44,sign,669,1523370,82257
ML-DSA-44,sign,670,2014518,108779
ML-DSA-44,sign,671,1523426,82260
ML-DSA-44,sign,672,2014019,108751
ML-DSA-44,sign,673,2005241,108278
ML-DSA-44,sign,674,6844537,369599
ML-DSA-44,sign,675,2487408,134316
ML-DSA-44,sign,676,2983426,161097
ML-DSA-44,sign,677,2016167,108868
ML-DSA-44,sign,678,4906092,264923
ML-DSA-44,sign,679,1040667,56191
ML-DSA-44,sign,680,2495426,134747
ML-DSA-44,sign,681,1040611,56187
ML-DSA-44,sign,682,1521537,82158
ML-DSA-44,sign,683,2013130,108704
ML-DSA-44,sign,684,1522259,82196
ML-DSA-44,sign,685,1048592,56618
ML-DSA-44,sign,686,6834500,369057
ML-DSA-44,sign,687,2014630,108785
ML-DSA-44,sign,688,5869518,316948
ML-DSA-44,sign,689,2496851,134824
ML-DSA-44,sign,690,1040685,56191
ML-DSA-44,sign,691,10704371,578030
ML-DSA-44,sign,692,2004333,108228
ML-DSA-44,sign,693,2495389,134744
ML-DSA-44,sign,694,5387926,290943
ML-DSA-44,sign,695,1050037,56696
ML-DSA-44,sign,696,3941722,212847
ML-DSA-44,sign,697,3450407,186316
ML-DSA-44,sign,698,2495111,134731
ML-DSA-44,sign,699,2496870,134826
ML-DSA-44,sign,700,1040371,56176
ML-DSA-44,sign,701,1042037,56264
ML-DSA-44,sign,702,3941944,212860
ML-DSA-44,sign,703,5878982,317459
ML-DSA-44,sign,704,2004186,108219
ML-DSA-44,sign,705,1530333,82631
ML-DSA-44,sign,706,4906445,264941
ML-DSA-44,sign,707,1040574,56186
ML-DSA-44,sign,708,1039722,56139
ML-DSA-44,sign,709,1049278,56655
ML-DSA-44,sign,710,2004667,108246
ML-DSA-44,sign,711,4905574,264895
ML-DSA-44,sign,712,1532889,82770
ML-DSA-44,sign,713,8288426,447570
ML-DSA-44,sign,714,3524981,190341
ML-DSA-44,sign,715,8309481,448705
ML-DSA-44,sign,716,2969130,160328
ML-DSA-44,sign,717,5394777,291313
ML-DSA-44,sign,718,1040796,56198
ML-DSA-44,sign,719,2012741,108681
ML-DSA-44,sign,720,2968888,160315
ML-DSA-44,sign,721,2495351,134743
ML-DSA-44,sign,722,1522389,82204
ML-DSA-44,sign,723,2495815,134769
ML-DSA-44,sign,724,2495518,134752
ML-DSA-44,sign,725,1522704,82221
ML-DSA-44,sign,726,2494778,134711
ML-DSA-44,sign,727,1522555,82213
ML-DSA-44,sign,728,2003426,108181
ML-DSA-44,sign,729,6842093,369468
ML-DSA-44,sign,730,2015074,108808
ML-DSA-44,sign,731,1522463,82208
ML-DSA-44,sign,732,1039777,56144
ML-DSA-44,sign,733,1531685,82705
ML-DSA-44,sign,734,1522389,82205
ML-DSA-44,sign,735,2495481,134749
ML-DSA-44,sign,736,2004815,108256
ML-DSA-44,sign,737,4423852,238883
ML-DSA-44,sign,738,2013907,108744
ML-DSA-44,sign,739,1040611,56188
ML-DSA-44,sign,740,1521426,82152
ML-DSA-44,sign,741,1049685,56677
ML-DSA-44,sign,742,3942444,212886
ML-DSA-44,sign,743,2486444,134263
ML-DSA-44,sign,744,2495407,134746
ML-DSA-44,sign,745,2004500,108238
ML-DSA-44,sign,746,1049500,56667
ML-DSA-44,sign,747,1522167,82193
ML-DSA-44,sign,748,1039574,56131
ML-DSA-44,sign,749,1049148,56647
ML-DSA-44,sign,750,1040852,56201
ML-DSA-44,sign,751,4423333,238854
ML-DSA-44,sign,752,1522815,82226
ML-DSA-44,sign,753,2977444,160775
ML-DSA-44,sign,754,1522574,82214
ML-DSA-44,sign,755,2013129,108703
ML-DSA-44,sign,756,3459870,186826
ML-DSA-44,sign,757,2978241,160820
ML-DSA-44,sign,758,2968722,160305
ML-DSA-44,sign,759,1531574,82699
ML-DSA-44,sign,760,1522278,82197
ML-DSA-44,sign,761,2496667,134813
ML-DSA-44,sign,762,5870574,317005
ML-DSA-44,sign,763,3941870,212854
ML-DSA-44,sign,764,2979000,160860
ML-DSA-44,sign,765,2004556,108240
ML-DSA-44,sign,766,2977037,160753
ML-DSA-44,sign,767,2019241,109031
ML-DSA-44,sign,768,6353204,343066
ML-DSA-44,sign,769,2496667,134815
ML-DSA-44,sign,770,1522352,82201
ML-DSA-44,sign,771,2495611,134757
ML-DSA-44,sign,772,5389611,291034
ML-DSA-44,sign,773,2497166,134842
ML-DSA-44,sign,774,2004611,108242
ML-DSA-44,sign,775,5876963,317351
ML-DSA-44,sign,776,1040629,56189
ML-DSA-44,sign,777,2013203,108706
ML-DSA-44,sign,778,2004445,108236
ML-DSA-44,sign,779,1521000,82128
ML-DSA-44,sign,780,5985019,323185
ML-DSA-44,sign,781,8770593,473606
ML-DSA-44,sign,782,2014871,108797
ML-DSA-44,sign,783,1040796,56198
ML-DSA-44,sign,784,1521648,82162
ML-DSA-44,sign,785,1531259,82682
ML-DSA-44,sign,786,3942260,212877
ML-DSA-44,sign,787,2004574,108242
ML-DSA-44,sign,788,1039333,56119
ML-DSA-44,sign,789,1049426,56664
ML-DSA-44,sign,790,2004370,108230
ML-DSA-44,sign,791,1531704,82706
ML-DSA-44,sign,792,4050648,218729
ML-DSA-44,sign,793,2004389,108232
ML-DSA-44,sign,794,5388111,290952
ML-DSA-44,sign,795,2495723,134763
ML-DSA-44,sign,796,2014741,108789
ML-DSA-44,sign,797,2004611,108244
ML-DSA-44,sign,798,1039296,56116
ML-DSA-44,sign,799,1531722,82707
ML-DSA-44,sign,800,3943296,212933
ML-DSA-44,sign,801,1040667,56191
ML-DSA-44,sign,802,5870703,317011
ML-DSA-44,sign,803,1050612,56726
ML-DSA-44,sign,804,2969389,160341
ML-DSA-44,sign,805,1049667,56676
ML-DSA-44,sign,806,4426611,239032
ML-DSA-44,sign,807,1040907,56204
ML-DSA-44,sign,808,3461667,186924
ML-DSA-44,sign,809,1523111,82244
ML-DSA-44,sign,810,7325630,395578
ML-DSA-44,sign,811,2050982,110744
ML-DSA-44,sign,812,1524870,82337
ML-DSA-44,sign,813,1522019,82184
ML-DSA-44,sign,814,1532315,82738
ML-DSA-44,sign,815,3462148,186950
ML-DSA-44,sign,816,3944241,212982
ML-DSA-44,sign,817,2595574,140156
ML-DSA-44,sign,818,2978629,160839
ML-DSA-44,sign,819,2497481,134858
ML-DSA-44,sign,820,1523166,82245
ML-DSA-44,sign,821,3461611,186920
ML-DSA-44,sign,822,2005481,108290
ML-DSA-44,sign,823,1053389,56878
ML-DSA-44,sign,824,1041241,56221
ML-DSA-44,sign,825,2496611,134811
ML-DSA-44,sign,826,2005222,108277
ML-DSA-44,sign,827,4425463,238970
ML-DSA-44,sign,828,2979611,160892
ML-DSA-44,sign,829,1041352,56228
ML-DSA-44,sign,830,3943463,212941
ML-DSA-44,sign,831,2015611,108837
ML-DSA-44,sign,832,1041241,56222
ML-DSA-44,sign,833,2496814,134822
ML-DSA-44,sign,834,1041186,56218
ML-DSA-44,sign,835,1040167,56164
ML-DSA-44,sign,836,1040074,56158
ML-DSA-44,sign,837,1050093,56700
ML-DSA-44,sign,838,1041000,56209
ML-DSA-44,sign,839,1040241,56167
ML-DSA-44,sign,840,1040037,56156
ML-DSA-44,sign,841,3459778,186822
ML-DSA-44,sign,842,6843944,369567
ML-DSA-44,sign,843,2497703,134870
ML-DSA-44,sign,844,1523019,82238
ML-DSA-44,sign,845,1039815,56145
ML-DSA-44,sign,846,6361944,343538
ML-DSA-44,sign,847,8773408,473757
ML-DSA-44,sign,848,3944093,212976
ML-DSA-44,sign,849,2014185,108760
ML-DSA-44,sign,850,1040888,56202
ML-DSA-44,sign,851,2976982,160752
ML-DSA-44,sign,852,2004630,108245
ML-DSA-44,sign,853,1521222,82140
ML-DSA-44,sign,854,1531093,82673
ML-DSA-44,sign,855,2978223,160818
ML-DSA-44,sign,856,1522593,82215
ML-DSA-44,sign,857,1039649,56137
ML-DSA-44,sign,858,1531852,82714
ML-DSA-44,sign,859,1522481,82209
ML-DSA-44,sign,860,4424630,238924
ML-DSA-44,sign,861,2979574,160892
ML-DSA-44,sign,862,1040556,56185
ML-DSA-44,sign,863,7436463,401562
ML-DSA-44,sign,864,3462704,186981
ML-DSA-44,sign,865,2487371,134314
ML-DSA-44,sign,866,2496315,134795
ML-DSA-44,sign,867,5879796,317504
ML-DSA-44,sign,868,3943907,212965
ML-DSA-44,sign,869,1523593,82269
ML-DSA-44,sign,870,1040204,56166
ML-DSA-44,sign,871,2014611,108783
ML-DSA-44,sign,872,3461981,186940
ML-DSA-44,sign,873,1041370,56229
ML-DSA-44,sign,874,2486481,134265
ML-DSA-44,sign,875,1049482,56666
ML-DSA-44,sign,876,1523334,82255
ML-DSA-44,sign,877,1521889,82177
ML-DSA-44,sign,878,4915296,265419
ML-DSA-44,sign,879,1041167,56218
ML-DSA-44,sign,880,4907111,264979
ML-DSA-44,sign,881,3944241,212983
ML-DSA-44,sign,882,1041889,56256
ML-DSA-44,sign,883,2014296,108766
ML-DSA-44,sign,884,3461611,186921
ML-DSA-44,sign,885,1040074,56159
ML-DSA-44,sign,886,2495908,134772
ML-DSA-44,sign,887,2486648,134273
ML-DSA-44,sign,888,4423519,238863
ML-DSA-44,sign,889,1050351,56712
ML-DSA-44,sign,890,1040389,56175
ML-DSA-44,sign,891,1521703,82166
ML-DSA-44,sign,892,2013204,108708
ML-DSA-44,sign,893,4424222,238901
ML-DSA-44,sign,894,1040723,56192
ML-DSA-44,sign,895,6360704,343473
ML-DSA-44,sign,896,1522389,82204
ML-DSA-44,sign,897,1531278,82683
ML-DSA-44,sign,898,2968482,160292
ML-DSA-44,sign,899,5879685,317496
ML-DSA-44,sign,900,1040796,56197
ML-DSA-44,sign,901,9732408,525545
ML-DSA-44,sign,902,2014092,108755
ML-DSA-44,sign,903,1522666,82218
ML-DSA-44,sign,904,2013426,108720
ML-DSA-44,sign,905,2496352,134798
ML-DSA-44,sign,906,2487241,134305
ML-DSA-44,sign,907,7328575,395736
ML-DSA-44,sign,908,4910592,265165
ML-DSA-44,sign,909,1040833,56200
ML-DSA-44,sign,910,1531519,82696
ML-DSA-44,sign,911,2486444,134263
ML-DSA-44,sign,912,1049278,56656
ML-DSA-44,sign,913,2004092,108216
ML-DSA-44,sign,914,3459055,186783
ML-DSA-44,sign,915,5878019,317408
ML-DSA-44,sign,916,2004408,108233
ML-DSA-44,sign,917,1521407,82151
ML-DSA-44,sign,918,4431555,239297
ML-DSA-44,sign,919,1522871,82229
ML-DSA-44,sign,920,5068500,273691
ML-DSA-44,sign,921,1598760,86324
ML-DSA-44,sign,922,5928667,320139
ML-DSA-44,sign,923,2497981,134885
ML-DSA-44,sign,924,4532481,244748
ML-DSA-44,sign,925,1522814,82226
ML-DSA-44,sign,926,1531259,82683
ML-DSA-44,sign,927,1522685,82221
ML-DSA-44,sign,928,2978056,160809
ML-DSA-44,sign,929,5870870,317022
ML-DSA-44,sign,930,1532555,82752
ML-DSA-44,sign,931,2486167,134249
ML-DSA-44,sign,932,2495704,134762
ML-DSA-44,sign,933,1522482,82209
ML-DSA-44,sign,934,2578203,139212
ML-DSA-44,sign,935,1123870,60680
ML-DSA-44,sign,936,1077519,58181
ML-DSA-44,sign,937,11941963,644858
ML-DSA-44,sign,938,1052351,56821
ML-DSA-44,sign,939,1040389,56175
ML-DSA-44,sign,940,4423204,238846
ML-DSA-44,sign,941,2497945,134883
ML-DSA-44,sign,942,2004685,108248
ML-DSA-44,sign,943,2977186,160762
ML-DSA-44,sign,944,1040759,56196
ML-DSA-44,sign,945,4427092,239058
ML-DSA-44,sign,946,2496630,134811
ML-DSA-44,sign,947,9997222,539840
ML-DSA-44,sign,948,1052148,56811
ML-DSA-44,sign,949,2111148,113994
ML-DSA-44,sign,950,1214130,65554
ML-DSA-44,sign,951,1712204,92449
ML-DSA-44,sign,952,2430796,131254
ML-DSA-44,sign,953,4055926,219011
ML-DSA-44,sign,954,1524852,82337
ML-DSA-44,sign,955,2004500,108238
ML-DSA-44,sign,956,3942537,212891
ML-DSA-44,sign,957,2015111,108811
ML-DSA-44,sign,958,2005741,108304
ML-DSA-44,sign,959,3941351,212828
ML-DSA-44,sign,960,3461296,186904
ML-DSA-44,sign,961,2497482,134857
ML-DSA-44,sign,962,2005741,108304
ML-DSA-44,sign,963,1050703,56732
ML-DSA-44,sign,964,1523445,82262
ML-DSA-44,sign,965,1522685,82219
ML-DSA-44,sign,966,1049444,56664
ML-DSA-44,sign,967,1041296,56225
ML-DSA-44,sign,968,2496704,134815
ML-DSA-44,sign,969,2005666,108301
ML-DSA-44,sign,970,6843296,369534
ML-DSA-44,sign,971,2487500,134319
ML-DSA-44,sign,972,1049741,56679
ML-DSA-44,sign,973,1523555,82266
ML-DSA-44,sign,974,1522278,82198
ML-DSA-44,sign,975,2014426,108772
ML-DSA-44,sign,976,5390130,291060
ML-DSA-44,sign,977,4915500,265430
ML-DSA-44,sign,978,1041407,56231
ML-DSA-44,sign,979,2004241,108223
ML-DSA-44,sign,980,1533481,82803
ML-DSA-44,sign,981,1041445,56233
ML-DSA-44,sign,982,2004556,108241
ML-DSA-44,sign,983,5879666,317495
ML-DSA-44,sign,984,1040981,56207
ML-DSA-44,sign,985,3460500,186861
ML-DSA-44,sign,986,4908334,265044
ML-DSA-44,sign,987,2497500,134859
ML-DSA-44,sign,988,1041259,56224
ML-DSA-44,sign,989,1532037,82724
ML-DSA-44,sign,990,4052204,218813
ML-DSA-44,sign,991,1041111,56215
ML-DSA-44,sign,992,1040185,56166
ML-DSA-44,sign,993,1040333,56172
ML-DSA-44,sign,994,2496463,134802
ML-DSA-44,sign,995,2005630,108299
ML-DSA-44,sign,996,1051315,56766
ML-DSA-44,sign,997,1523278,82252
ML-DSA-44,sign,998,1532092,82727
ML-DSA-44,sign,999,1523778,82278
ML-DSA-44,verify,0,529629,28595
ML-DSA-44,verify,1,525426,28368
ML-DSA-44,verify,2,525333,28362
ML-DSA-44,verify,3,525278,28359
ML-DSA-44,verify,4,525666,28380
ML-DSA-44,verify,5,525351,28363
ML-DSA-44,verify,6,525297,28361
ML-DSA-44,verify,7,536648,28971
ML-DSA-44,verify,8,526352,28419
ML-DSA-44,verify,9,525333,28364
ML-DSA-44,verify,10,525241,28356
ML-DSA-44,verify,11,525111,28350
ML-DSA-44,verify,12,525166,28354
ML-DSA-44,verify,13,525167,28354
ML-DSA-44,verify,14,534574,28859
ML-DSA-44,verify,15,526297,28413
ML-DSA-44,verify,16,525204,28355
ML-DSA-44,verify,17,525351,28363
ML-DSA-44,verify,18,525167,28353
ML-DSA-44,verify,19,525074,28348
ML-DSA-44,verify,20,525055,28349
ML-DSA-44,verify,21,525297,28360
ML-DSA-44,verify,22,535167,28891
ML-DSA-44,verify,23,526278,28414
ML-DSA-44,verify,24,525352,28364
ML-DSA-44,verify,25,525407,28365
ML-DSA-44,verify,26,525074,28348
ML-DSA-44,verify,27,525222,28355
ML-DSA-44,verify,28,525297,28361
ML-DSA-44,verify,29,525167,28352
ML-DSA-44,verify,30,534981,28881
ML-DSA-44,verify,31,526259,28413
ML-DSA-44,verify,32,525315,28362
ML-DSA-44,verify,33,525185,28354
ML-DSA-44,verify,34,525259,28358
ML-DSA-44,verify,35,525166,28353
ML-DSA-44,verify,36,525074,28348
ML-DSA-44,verify,37,535166,28890
ML-DSA-44,verify,38,526240,28410
ML-DSA-44,verify,39,525352,28364
ML-DSA-44,verify,40,525741,28384
ML-DSA-44,verify,41,525240,28358
ML-DSA-44,verify,42,525148,28352
ML-DSA-44,verify,43,525315,28362
ML-DSA-44,verify,44,525259,28359
ML-DSA-44,verify,45,534759,28869
ML-DSA-44,verify,46,526500,28425
ML-DSA-44,verify,47,525222,28356
ML-DSA-44,verify,48,525482,28371
ML-DSA-44,verify,49,525185,28353
ML-DSA-44,verify,50,525203,28355
ML-DSA-44,verify,51,525092,28350
ML-DSA-44,verify,52,535148,28890
ML-DSA-44,verify,53,526352,28417
ML-DSA-44,verify,54,525351,28362
ML-DSA-44,verify,55,525260,28357
ML-DSA-44,verify,56,525592,28377
ML-DSA-44,verify,57,525278,28359
ML-DSA-44,verify,58,525278,28360
ML-DSA-44,verify,59,525370,28365
ML-DSA-44,verify,60,534907,28876
ML-DSA-44,verify,61,526204,28410
ML-DSA-44,verify,62,525370,28364
ML-DSA-44,verify,63,525203,28354
ML-DSA-44,verify,64,525592,28378
ML-DSA-44,verify,65,525222,28355
ML-DSA-44,verify,66,525240,28357
ML-DSA-44,verify,67,535296,28898
ML-DSA-44,verify,68,529389,28583
ML-DSA-44,verify,69,525444,28369
ML-DSA-44,verify,70,525315,28361
ML-DSA-44,verify,71,525259,28359
ML-DSA-44,verify,72,525611,28377
ML-DSA-44,verify,73,525185,28354
ML-DSA-44,verify,74,525260,28358
ML-DSA-44,verify,75,536741,28975
ML-DSA-44,verify,76,526278,28415
ML-DSA-44,verify,77,525297,28361
ML-DSA-44,verify,78,525130,28351
ML-DSA-44,verify,79,525352,28363
ML-DSA-44,verify,80,525315,28361
ML-DSA-44,verify,81,525333,28362
ML-DSA-44,verify,82,535260,28896
ML-DSA-44,verify,83,526296,28413
ML-DSA-44,verify,84,525296,28361
ML-DSA-44,verify,85,525074,28348
ML-DSA-44,verify,86,525074,28349
ML-DSA-44,verify,87,525260,28359
ML-DSA-44,verify,88,525667,28381
ML-DSA-44,verify,89,525186,28355
ML-DSA-44,verify,90,534926,28877
ML-DSA-44,verify,91,526649,28434
ML-DSA-44,verify,92,525370,28364
ML-DSA-44,verify,93,525111,28351
ML-DSA-44,verify,94,525148,28353
ML-DSA-44,verify,95,525240,28358
ML-DSA-44,verify,96,525185,28355
ML-DSA-44,verify,97,534760,28869
ML-DSA-44,verify,98,526722,28437
ML-DSA-44,verify,99,525352,28363
ML-DSA-44,verify,100,525315,28361
ML-DSA-44,verify,101,525389,28367
ML-DSA-44,verify,102,525444,28368
ML-DSA-44,verify,103,525259,28359
ML-DSA-44,verify,104,525130,28351
ML-DSA-44,verify,105,535037,28884
ML-DSA-44,verify,106,526723,28438
ML-DSA-44,verify,107,525259,28357
ML-DSA-44,verify,108,525648,28379
ML-DSA-44,verify,109,525166,28355
ML-DSA-44,verify,110,525259,28358
ML-DSA-44,verify,111,525315,28362
ML-DSA-44,verify,112,534444,28850
ML-DSA-44,verify,113,526500,28427
ML-DSA-44,verify,114,525296,28360
ML-DSA-44,verify,115,525297,28361
ML-DSA-44,verify,116,525407,28366
ML-DSA-44,verify,117,525481,28372
ML-DSA-44,verify,118,525204,28356
ML-DSA-44,verify,119,525259,28358
ML-DSA-44,verify,120,535018,28882
ML-DSA-44,verify,121,526371,28417
ML-DSA-44,verify,122,525833,28389
ML-DSA-44,verify,123,525630,28379
ML-DSA-44,verify,124,525092,28349
ML-DSA-44,verify,125,525352,28363
ML-DSA-44,verify,126,525093,28350
ML-DSA-44,verify,127,525648,28379
ML-DSA-44,verify,128,534815,28871
ML-DSA-44,verify,129,526241,28410
ML-DSA-44,verify,130,525315,28362
ML-DSA-44,verify,131,525278,28360
ML-DSA-44,verify,132,525185,28353
ML-DSA-44,verify,133,525333,28363
ML-DSA-44,verify,134,525074,28349
ML-DSA-44,verify,135,534945,28878
ML-DSA-44,verify,136,526278,28414
ML-DSA-44,verify,137,525314,28361
ML-DSA-44,verify,138,525407,28366
ML-DSA-44,verify,139,525056,28348
ML-DSA-44,verify,140,525277,28358
ML-DSA-44,verify,141,525148,28353
ML-DSA-44,verify,142,525203,28356
ML-DSA-44,verify,143,535630,28916
ML-DSA-44,verify,144,526185,28408
ML-DSA-44,verify,145,525333,28363
ML-DSA-44,verify,146,525370,28365
ML-DSA-44,verify,147,525277,28360
ML-DSA-44,verify,148,525611,28377
ML-DSA-44,verify,149,525185,28354
ML-DSA-44,verify,150,535130,28889
ML-DSA-44,verify,151,526445,28421
ML-DSA-44,verify,152,525314,28361
ML-DSA-44,verify,153,525111,28350
ML-DSA-44,verify,154,525166,28354
ML-DSA-44,verify,155,525278,28360
ML-DSA-44,verify,156,525204,28356
ML-DSA-44,verify,157,525092,28351
ML-DSA-44,verify,158,534722,28867
ML-DSA-44,verify,159,526278,28413
ML-DSA-44,verify,160,525315,28361
ML-DSA-44,verify,161,525055,28348
ML-DSA-44,verify,162,525314,28361
ML-DSA-44,verify,163,525407,28367
ML-DSA-44,verify,164,525296,28360
ML-DSA-44,verify,165,535092,28887
ML-DSA-44,verify,166,526333,28416
ML-DSA-44,verify,167,525296,28361
ML-DSA-44,verify,168,525204,28355
ML-DSA-44,verify,169,525055,28348
ML-DSA-44,verify,170,525167,28353
ML-DSA-44,verify,171,525092,28351
ML-DSA-44,verify,172,525166,28354
ML-DSA-44,verify,173,534704,28865
ML-DSA-44,verify,174,526315,28416
ML-DSA-44,verify,175,525871,28392
ML-DSA-44,verify,176,525240,28356
ML-DSA-44,verify,177,525259,28358
ML-DSA-44,verify,178,525259,28357
ML-DSA-44,verify,179,525537,28373
ML-DSA-44,verify,180,534722,28867
ML-DSA-44,verify,181,526296,28415
ML-DSA-44,verify,182,525630,28378
ML-DSA-44,verify,183,525185,28354
ML-DSA-44,verify,184,525167,28353
ML-DSA-44,verify,185,525149,28352
ML-DSA-44,verify,186,525260,28358
ML-DSA-44,verify,187,525093,28348
ML-DSA-44,verify,188,540963,29204
ML-DSA-44,verify,189,526741,28438
ML-DSA-44,verify,190,527629,28486
ML-DSA-44,verify,191,525426,28367
ML-DSA-44,verify,192,525278,28360
ML-DSA-44,verify,193,525370,28363
ML-DSA-44,verify,194,525315,28361
ML-DSA-44,verify,195,535556,28911
ML-DSA-44,verify,196,526741,28438
ML-DSA-44,verify,197,525537,28374
ML-DSA-44,verify,198,525148,28353
ML-DSA-44,verify,199,525556,28374
ML-DSA-44,verify,200,525260,28359
ML-DSA-44,verify,201,525093,28349
ML-DSA-44,verify,202,525092,28350
ML-DSA-44,verify,203,535074,28885
ML-DSA-44,verify,204,526667,28434
ML-DSA-44,verify,205,525111,28351
ML-DSA-44,verify,206,525148,28354
ML-DSA-44,verify,207,525204,28355
ML-DSA-44,verify,208,525259,28358
ML-DSA-44,verify,209,525445,28370
ML-DSA-44,verify,210,525074,28350
ML-DSA-44,verify,211,534722,28867
ML-DSA-44,verify,212,526129,28406
ML-DSA-44,verify,213,525352,28364
ML-DSA-44,verify,214,525593,28375
ML-DSA-44,verify,215,525241,28357
ML-DSA-44,verify,216,525389,28366
ML-DSA-44,verify,217,525129,28352
ML-DSA-44,verify,218,534944,28879
ML-DSA-44,verify,219,526352,28417
ML-DSA-44,verify,220,525241,28358
ML-DSA-44,verify,221,525666,28381
ML-DSA-44,verify,222,525185,28355
ML-DSA-44,verify,223,525297,28359
ML-DSA-44,verify,224,525425,28368
ML-DSA-44,verify,225,525278,28359
ML-DSA-44,verify,226,534740,28868
ML-DSA-44,verify,227,526204,28408
ML-DSA-44,verify,228,525315,28361
ML-DSA-44,verify,229,525240,28357
ML-DSA-44,verify,230,525129,28350
ML-DSA-44,verify,231,525259,28359
ML-DSA-44,verify,232,525296,28361
ML-DSA-44,verify,233,535407,28903
ML-DSA-44,verify,234,526185,28407
ML-DSA-44,verify,235,525222,28356
ML-DSA-44,verify,236,525166,28352
ML-DSA-44,verify,237,525222,28357
ML-DSA-44,verify,238,525166,28353
ML-DSA-44,verify,239,525519,28373
ML-DSA-44,verify,240,525185,28354
ML-DSA-44,verify,241,534815,28871
ML-DSA-44,verify,242,526314,28414
ML-DSA-44,verify,243,525297,28359
ML-DSA-44,verify,244,525148,28351
ML-DSA-44,verify,245,525203,28355
ML-DSA-44,verify,246,525185,28354
ML-DSA-44,verify,247,525259,28358
ML-DSA-44,verify,248,534871,28873
ML-DSA-44,verify,249,526389,28418
ML-DSA-44,verify,250,525278,28361
ML-DSA-44,verify,251,525333,28362
ML-DSA-44,verify,252,525185,28355
ML-DSA-44,verify,253,525297,28360
ML-DSA-44,verify,254,525481,28371
ML-DSA-44,verify,255,525223,28356
ML-DSA-44,verify,256,534667,28863
ML-DSA-44,verify,257,526333,28417
ML-DSA-44,verify,258,525371,28365
ML-DSA-44,verify,259,525296,28360
ML-DSA-44,verify,260,525518,28373
ML-DSA-44,verify,261,525315,28362
ML-DSA-44,verify,262,525389,28367
ML-DSA-44,verify,263,534760,28869
ML-DSA-44,verify,264,526297,28414
ML-DSA-44,verify,265,525314,28362
ML-DSA-44,verify,266,525704,28384
ML-DSA-44,verify,267,525463,28370
ML-DSA-44,verify,268,525185,28355
ML-DSA-44,verify,269,525371,28364
ML-DSA-44,verify,270,525000,28345
ML-DSA-44,verify,271,534870,28874
ML-DSA-44,verify,272,526407,28420
ML-DSA-44,verify,273,525260,28358
ML-DSA-44,verify,274,525259,28359
ML-DSA-44,verify,275,525333,28363
ML-DSA-44,verify,276,525277,28360
ML-DSA-44,verify,277,525277,28360
ML-DSA-44,verify,278,534648,28863
ML-DSA-44,verify,279,526371,28419
ML-DSA-44,verify,280,525296,28361
ML-DSA-44,verify,281,525574,28376
ML-DSA-44,verify,282,525241,28357
ML-DSA-44,verify,283,525148,28353
ML-DSA-44,verify,284,525111,28351
ML-DSA-44,verify,285,525166,28355
ML-DSA-44,verify,286,534888,28876
ML-DSA-44,verify,287,526260,28414
ML-DSA-44,verify,288,525352,28364
ML-DSA-44,verify,289,525278,28359
ML-DSA-44,verify,290,525222,28358
ML-DSA-44,verify,291,525296,28360
ML-DSA-44,verify,292,525315,28362
ML-DSA-44,verify,293,525130,28351
ML-DSA-44,verify,294,534741,28868
ML-DSA-44,verify,295,525852,28391
ML-DSA-44,verify,296,525185,28356
ML-DSA-44,verify,297,525222,28356
ML-DSA-44,verify,298,525519,28373
ML-DSA-44,verify,299,525130,28351
ML-DSA-44,verify,300,525241,28357
ML-DSA-44,verify,301,534944,28878
ML-DSA-44,verify,302,526204,28410
ML-DSA-44,verify,303,525426,28367
ML-DSA-44,verify,304,525352,28364
ML-DSA-44,verify,305,525630,28378
ML-DSA-44,verify,306,525186,28353
ML-DSA-44,verify,307,525315,28362
ML-DSA-44,verify,308,525241,28358
ML-DSA-44,verify,309,534852,28874
ML-DSA-44,verify,310,527833,28497
ML-DSA-44,verify,311,525241,28358
ML-DSA-44,verify,312,525240,28357
ML-DSA-44,verify,313,525092,28350
ML-DSA-44,verify,314,525166,28354
ML-DSA-44,verify,315,525333,28363
ML-DSA-44,verify,316,536259,28950
ML-DSA-44,verify,317,526685,28435
ML-DSA-44,verify,318,525389,28365
ML-DSA-44,verify,319,525408,28367
ML-DSA-44,verify,320,525408,28366
ML-DSA-44,verify,321,525093,28349
ML-DSA-44,verify,322,525241,28358
ML-DSA-44,verify,323,525093,28349
ML-DSA-44,verify,324,534944,28879
ML-DSA-44,verify,325,526167,28408
ML-DSA-44,verify,326,525278,28360
ML-DSA-44,verify,327,525240,28359
ML-DSA-44,verify,328,525222,28357
ML-DSA-44,verify,329,525278,28359
ML-DSA-44,verify,330,525278,28358
ML-DSA-44,verify,331,534907,28877
ML-DSA-44,verify,332,526741,28439
ML-DSA-44,verify,333,525314,28362
ML-DSA-44,verify,334,525093,28349
ML-DSA-44,verify,335,525222,28357
ML-DSA-44,verify,336,525148,28352
ML-DSA-44,verify,337,525149,28354
ML-DSA-44,verify,338,525204,28355
ML-DSA-44,verify,339,534500,28855
ML-DSA-44,verify,340,526222,28411
ML-DSA-44,verify,341,525240,28358
ML-DSA-44,verify,342,525203,28356
ML-DSA-44,verify,343,525204,28355
ML-DSA-44,verify,344,525167,28354
ML-DSA-44,verify,345,525649,28380
ML-DSA-44,verify,346,535223,28894
ML-DSA-44,verify,347,526277,28412
ML-DSA-44,verify,348,525352,28363
ML-DSA-44,verify,349,525185,28354
ML-DSA-44,verify,350,525241,28358
ML-DSA-44,verify,351,525241,28358
ML-DSA-44,verify,352,525241,28358
ML-DSA-44,verify,353,525222,28356
ML-DSA-44,verify,354,534963,28878
ML-DSA-44,verify,355,526278,28414
ML-DSA-44,verify,356,525370,28365
ML-DSA-44,verify,357,525297,28361
ML-DSA-44,verify,358,525723,28384
ML-DSA-44,verify,359,525408,28367
ML-DSA-44,verify,360,525241,28356
ML-DSA-44,verify,361,534852,28873
ML-DSA-44,verify,362,526296,28415
ML-DSA-44,verify,363,525111,28351
ML-DSA-44,verify,364,525204,28355
ML-DSA-44,verify,365,525056,28347
ML-DSA-44,verify,366,525296,28359
ML-DSA-44,verify,367,525074,28348
ML-DSA-44,verify,368,525204,28356
ML-DSA-44,verify,369,534926,28878
ML-DSA-44,verify,370,526296,28414
ML-DSA-44,verify,371,525760,28385
ML-DSA-44,verify,372,525222,28357
ML-DSA-44,verify,373,525241,28356
ML-DSA-44,verify,374,525630,28377
ML-DSA-44,verify,375,525148,28354
ML-DSA-44,verify,376,534426,28850
ML-DSA-44,verify,377,526185,28408
ML-DSA-44,verify,378,525314,28360
ML-DSA-44,verify,379,525260,28358
ML-DSA-44,verify,380,525148,28353
ML-DSA-44,verify,381,525203,28356
ML-DSA-44,verify,382,525240,28357
ML-DSA-44,verify,383,525296,28360
ML-DSA-44,verify,384,534871,28874
ML-DSA-44,verify,385,526314,28414
ML-DSA-44,verify,386,525408,28367
ML-DSA-44,verify,387,525056,28348
ML-DSA-44,verify,388,525297,28360
ML-DSA-44,verify,389,525352,28364
ML-DSA-44,verify,390,525259,28358
ML-DSA-44,verify,391,525148,28354
ML-DSA-44,verify,392,534926,28877
ML-DSA-44,verify,393,526333,28416
ML-DSA-44,verify,394,525352,28365
ML-DSA-44,verify,395,525315,28362
ML-DSA-44,verify,396,525185,28355
ML-DSA-44,verify,397,525333,28364
ML-DSA-44,verify,398,525148,28353
ML-DSA-44,verify,399,534851,28873
ML-DSA-44,verify,400,526130,28404
ML-DSA-44,verify,401,525722,28384
ML-DSA-44,verify,402,525259,28358
ML-DSA-44,verify,403,525556,28376
ML-DSA-44,verify,404,525315,28362
ML-DSA-44,verify,405,525092,28350
ML-DSA-44,verify,406,525185,28354
ML-DSA-44,verify,407,534741,28868
ML-DSA-44,verify,408,526593,28430
ML-DSA-44,verify,409,525185,28355
ML-DSA-44,verify,410,525222,28357
ML-DSA-44,verify,411,525112,28351
ML-DSA-44,verify,412,525296,28360
ML-DSA-44,verify,413,525204,28356
ML-DSA-44,verify,414,534833,28873
ML-DSA-44,verify,415,526426,28421
ML-DSA-44,verify,416,525463,28368
ML-DSA-44,verify,417,525370,28365
ML-DSA-44,verify,418,525278,28359
ML-DSA-44,verify,419,525630,28378
ML-DSA-44,verify,420,525130,28353
ML-DSA-44,verify,421,525537,28373
ML-DSA-44,verify,422,540000,29152
ML-DSA-44,verify,423,526500,28427
ML-DSA-44,verify,424,525667,28380
ML-DSA-44,verify,425,525185,28355
ML-DSA-44,verify,426,525593,28376
ML-DSA-44,verify,427,525055,28347
ML-DSA-44,verify,428,525630,28377
ML-DSA-44,verify,429,536686,28973
ML-DSA-44,verify,430,526537,28427
ML-DSA-44,verify,431,527630,28488
ML-DSA-44,verify,432,525704,28384
ML-DSA-44,verify,433,525648,28379
ML-DSA-44,verify,434,525204,28356
ML-DSA-44,verify,435,525093,28350
ML-DSA-44,verify,436,525167,28352
ML-DSA-44,verify,437,535777,28923
ML-DSA-44,verify,438,526241,28413
ML-DSA-44,verify,439,525777,28388
ML-DSA-44,verify,440,525278,28358
ML-DSA-44,verify,441,525167,28353
ML-DSA-44,verify,442,525426,28368
ML-DSA-44,verify,443,525148,28352
ML-DSA-44,verify,444,534778,28869
ML-DSA-44,verify,445,526463,28423
ML-DSA-44,verify,446,525685,28381
ML-DSA-44,verify,447,525111,28351
ML-DSA-44,verify,448,525259,28358
ML-DSA-44,verify,449,525203,28356
ML-DSA-44,verify,450,525167,28352
ML-DSA-44,verify,451,525223,28355
ML-DSA-44,verify,452,535130,28888
ML-DSA-44,verify,453,526278,28414
ML-DSA-44,verify,454,525259,28360
ML-DSA-44,verify,455,525092,28351
ML-DSA-44,verify,456,525352,28365
ML-DSA-44,verify,457,525148,28353
ML-DSA-44,verify,458,525222,28356
ML-DSA-44,verify,459,534703,28866
ML-DSA-44,verify,460,526389,28420
ML-DSA-44,verify,461,525407,28365
ML-DSA-44,verify,462,525259,28358
ML-DSA-44,verify,463,525314,28362
ML-DSA-44,verify,464,525686,28382
ML-DSA-44,verify,465,525093,28351
ML-DSA-44,verify,466,525686,28381
ML-DSA-44,verify,467,598426,32307
ML-DSA-44,verify,468,527666,28487
ML-DSA-44,verify,469,525444,28368
ML-DSA-44,verify,470,525277,28360
ML-DSA-44,verify,471,525204,28357
ML-DSA-44,verify,472,525371,28365
ML-DSA-44,verify,473,525037,28347
ML-DSA-44,verify,474,540407,29174
ML-DSA-44,verify,475,526574,28429
ML-DSA-44,verify,476,525352,28363
ML-DSA-44,verify,477,525130,28351
ML-DSA-44,verify,478,525241,28356
ML-DSA-44,verify,479,525129,28352
ML-DSA-44,verify,480,525185,28353
ML-DSA-44,verify,481,525444,28369
ML-DSA-44,verify,482,535241,28894
ML-DSA-44,verify,483,526815,28441
ML-DSA-44,verify,484,525389,28365
ML-DSA-44,verify,485,525223,28355
ML-DSA-44,verify,486,525574,28375
ML-DSA-44,verify,487,525148,28351
ML-DSA-44,verify,488,525278,28358
ML-DSA-44,verify,489,534833,28873
ML-DSA-44,verify,490,526241,28411
ML-DSA-44,verify,491,525352,28364
ML-DSA-44,verify,492,525222,28356
ML-DSA-44,verify,493,525129,28352
ML-DSA-44,verify,494,525277,28360
ML-DSA-44,verify,495,525185,28353
ML-DSA-44,verify,496,525315,28361
ML-DSA-44,verify,497,535907,28931
ML-DSA-44,verify,498,526611,28433
ML-DSA-44,verify,499,525222,28356
ML-DSA-44,verify,500,525148,28352
ML-DSA-44,verify,501,525222,28356
ML-DSA-44,verify,502,525260,28359
ML-DSA-44,verify,503,525185,28354
ML-DSA-44,verify,504,525167,28355
ML-DSA-44,verify,505,535019,28882
ML-DSA-44,verify,506,526667,28435
ML-DSA-44,verify,507,525630,28379
ML-DSA-44,verify,508,525222,28357
ML-DSA-44,verify,509,525389,28365
ML-DSA-44,verify,510,525204,28356
ML-DSA-44,verify,511,525611,28377
ML-DSA-44,verify,512,534741,28867
ML-DSA-44,verify,513,526278,28412
ML-DSA-44,verify,514,525611,28378
ML-DSA-44,verify,515,525648,28378
ML-DSA-44,verify,516,525093,28351
ML-DSA-44,verify,517,525741,28384
ML-DSA-44,verify,518,525203,28356
ML-DSA-44,verify,519,525592,28377
ML-DSA-44,verify,520,535093,28886
ML-DSA-44,verify,521,526555,28429
ML-DSA-44,verify,522,525704,28383
ML-DSA-44,verify,523,525260,28359
ML-DSA-44,verify,524,525334,28361
ML-DSA-44,verify,525,525259,28359
ML-DSA-44,verify,526,525240,28357
ML-DSA-44,verify,527,534852,28873
ML-DSA-44,verify,528,526352,28417
ML-DSA-44,verify,529,525260,28359
ML-DSA-44,verify,530,525333,28362
ML-DSA-44,verify,531,525185,28355
ML-DSA-44,verify,532,525296,28360
ML-DSA-44,verify,533,525297,28360
ML-DSA-44,verify,534,525407,28365
ML-DSA-44,verify,535,534981,28880
ML-DSA-44,verify,536,526149,28408
ML-DSA-44,verify,537,525296,28362
ML-DSA-44,verify,538,525278,28359
ML-DSA-44,verify,539,525389,28366
ML-DSA-44,verify,540,525389,28366
ML-DSA-44,verify,541,525352,28363
ML-DSA-44,verify,542,535074,28886
ML-DSA-44,verify,543,526314,28416
ML-DSA-44,verify,544,525204,28355
ML-DSA-44,verify,545,525278,28359
ML-DSA-44,verify,546,525130,28351
ML-DSA-44,verify,547,525482,28372
ML-DSA-44,verify,548,525223,28356
ML-DSA-44,verify,549,525297,28360
ML-DSA-44,verify,550,534963,28879
ML-DSA-44,verify,551,527889,28501
ML-DSA-44,verify,552,525129,28351
ML-DSA-44,verify,553,525241,28358
ML-DSA-44,verify,554,525074,28349
ML-DSA-44,verify,555,525148,28353
ML-DSA-44,verify,556,525629,28378
ML-DSA-44,verify,557,535482,28907
ML-DSA-44,verify,558,526407,28421
ML-DSA-44,verify,559,525315,28361
ML-DSA-44,verify,560,525167,28354
ML-DSA-44,verify,561,525370,28363
ML-DSA-44,verify,562,525222,28357
ML-DSA-44,verify,563,525148,28352
ML-DSA-44,verify,564,525370,28365
ML-DSA-44,verify,565,535889,28929
ML-DSA-44,verify,566,526463,28424
ML-DSA-44,verify,567,525426,28366
ML-DSA-44,verify,568,525407,28366
ML-DSA-44,verify,569,525389,28365
ML-DSA-44,verify,570,525482,28371
ML-DSA-44,verify,571,525241,28356
ML-DSA-44,verify,572,534982,28880
ML-DSA-44,verify,573,526223,28411
ML-DSA-44,verify,574,525204,28356
ML-DSA-44,verify,575,525185,28354
ML-DSA-44,verify,576,525222,28356
ML-DSA-44,verify,577,525648,28380
ML-DSA-44,verify,578,525129,28351
ML-DSA-44,verify,579,525685,28381
ML-DSA-44,verify,580,535241,28895
ML-DSA-44,verify,581,526222,28410
ML-DSA-44,verify,582,525370,28365
ML-DSA-44,verify,583,525297,28359
ML-DSA-44,verify,584,525315,28360
ML-DSA-44,verify,585,525277,28360
ML-DSA-44,verify,586,525241,28358
ML-DSA-44,verify,587,533667,28809
ML-DSA-44,verify,588,527092,28457
ML-DSA-44,verify,589,525259,28359
ML-DSA-44,verify,590,525333,28364
ML-DSA-44,verify,591,525500,28371
ML-DSA-44,verify,592,525185,28355
ML-DSA-44,verify,593,525297,28360
ML-DSA-44,verify,594,525240,28357
ML-DSA-44,verify,595,535352,28900
ML-DSA-44,verify,596,526167,28408
ML-DSA-44,verify,597,525315,28362
ML-DSA-44,verify,598,525315,28362
ML-DSA-44,verify,599,525222,28357
ML-DSA-44,verify,600,525351,28364
ML-DSA-44,verify,601,525297,28362
ML-DSA-44,verify,602,525185,28355
ML-DSA-44,verify,603,535759,28922
ML-DSA-44,verify,604,526371,28419
ML-DSA-44,verify,605,525148,28353
ML-DSA-44,verify,606,525093,28349
ML-DSA-44,verify,607,525203,28355
ML-DSA-44,verify,608,525240,28356
ML-DSA-44,verify,609,525204,28356
ML-DSA-44,verify,610,535315,28897
ML-DSA-44,verify,611,526277,28414
ML-DSA-44,verify,612,525204,28356
ML-DSA-44,verify,613,525204,28356
ML-DSA-44,verify,614,525278,28359
ML-DSA-44,verify,615,525296,28360
ML-DSA-44,verify,616,525277,28360
ML-DSA-44,verify,617,525648,28378
ML-DSA-44,verify,618,534723,28865
ML-DSA-44,verify,619,526240,28412
ML-DSA-44,verify,620,525259,28360
ML-DSA-44,verify,621,525240,28358
ML-DSA-44,verify,622,525297,28359
ML-DSA-44,verify,623,525537,28374
ML-DSA-44,verify,624,525112,28352
ML-DSA-44,verify,625,534723,28867
ML-DSA-44,verify,626,526389,28419
ML-DSA-44,verify,627,525277,28359
ML-DSA-44,verify,628,525593,28375
ML-DSA-44,verify,629,525074,28350
ML-DSA-44,verify,630,525222,28355
ML-DSA-44,verify,631,525166,28354
ML-DSA-44,verify,632,525722,28383
ML-DSA-44,verify,633,535852,28928
ML-DSA-44,verify,634,526629,28433
ML-DSA-44,verify,635,525667,28381
ML-DSA-44,verify,636,525167,28353
ML-DSA-44,verify,637,525648,28378
ML-DSA-44,verify,638,525667,28382
ML-DSA-44,verify,639,525056,28347
ML-DSA-44,verify,640,535204,28892
ML-DSA-44,verify,641,526204,28409
ML-DSA-44,verify,642,525333,28362
ML-DSA-44,verify,643,525167,28353
ML-DSA-44,verify,644,525148,28354
ML-DSA-44,verify,645,525241,28358
ML-DSA-44,verify,646,525167,28352
ML-DSA-44,verify,647,525093,28349
ML-DSA-44,verify,648,534130,28832
ML-DSA-44,verify,649,526222,28411
ML-DSA-44,verify,650,525277,28360
ML-DSA-44,verify,651,525371,28365
ML-DSA-44,verify,652,525315,28360
ML-DSA-44,verify,653,525130,28351
ML-DSA-44,verify,654,525259,28360
ML-DSA-44,verify,655,540278,29167
ML-DSA-44,verify,656,526815,28444
ML-DSA-44,verify,657,525370,28365
ML-DSA-44,verify,658,525351,28363
ML-DSA-44,verify,659,525148,28354
ML-DSA-44,verify,660,525297,28361
ML-DSA-44,verify,661,525260,28359
ML-DSA-44,verify,662,525204,28356
ML-DSA-44,verify,663,535204,28893
ML-DSA-44,verify,664,526333,28417
ML-DSA-44,verify,665,525259,28358
ML-DSA-44,verify,666,525741,28385
ML-DSA-44,verify,667,525519,28373
ML-DSA-44,verify,668,525315,28362
ML-DSA-44,verify,669,525259,28359
ML-DSA-44,verify,670,534482,28853
ML-DSA-44,verify,671,526926,28449
ML-DSA-44,verify,672,527889,28501
ML-DSA-44,verify,673,525352,28363
ML-DSA-44,verify,674,525389,28365
ML-DSA-44,verify,675,525704,28382
ML-DSA-44,verify,676,525444,28370
ML-DSA-44,verify,677,525278,28359
ML-DSA-44,verify,678,535759,28922
ML-DSA-44,verify,679,526315,28416
ML-DSA-44,verify,680,525259,28358
ML-DSA-44,verify,681,525278,28361
ML-DSA-44,verify,682,525371,28366
ML-DSA-44,verify,683,525296,28360
ML-DSA-44,verify,684,525352,28362
ML-DSA-44,verify,685,525297,28361
ML-DSA-44,verify,686,535222,28892
ML-DSA-44,verify,687,526574,28430
ML-DSA-44,verify,688,525759,28386
ML-DSA-44,verify,689,525407,28365
ML-DSA-44,verify,690,525315,28360
ML-DSA-44,verify,691,525518,28372
ML-DSA-44,verify,692,525333,28361
ML-DSA-44,verify,693,535111,28887
ML-DSA-44,verify,694,526481,28424
ML-DSA-44,verify,695,525370,28366
ML-DSA-44,verify,696,525259,28358
ML-DSA-44,verify,697,525204,28356
ML-DSA-44,verify,698,525352,28363
ML-DSA-44,verify,699,525389,28365
ML-DSA-44,verify,700,525333,28361
ML-DSA-44,verify,701,535629,28916
ML-DSA-44,verify,702,526426,28421
ML-DSA-44,verify,703,525500,28371
ML-DSA-44,verify,704,525667,28380
ML-DSA-44,verify,705,525296,28360
ML-DSA-44,verify,706,525315,28361
ML-DSA-44,verify,707,525260,28358
ML-DSA-44,verify,708,535370,28901
ML-DSA-44,verify,709,526315,28416
ML-DSA-44,verify,710,525278,28360
ML-DSA-44,verify,711,525297,28361
ML-DSA-44,verify,712,525685,28382
ML-DSA-44,verify,713,525277,28359
ML-DSA-44,verify,714,525537,28373
ML-DSA-44,verify,715,525370,28363
ML-DSA-44,verify,716,534796,28870
ML-DSA-44,verify,717,526389,28419
ML-DSA-44,verify,718,525797,28386
ML-DSA-44,verify,719,525222,28356
ML-DSA-44,verify,720,525333,28362
ML-DSA-44,verify,721,525648,28379
ML-DSA-44,verify,722,525741,28384
ML-DSA-44,verify,723,535518,28910
ML-DSA-44,verify,724,526519,28425
ML-DSA-44,verify,725,525463,28370
ML-DSA-44,verify,726,525389,28365
ML-DSA-44,verify,727,525203,28356
ML-DSA-44,verify,728,525204,28355
ML-DSA-44,verify,729,525148,28354
ML-DSA-44,verify,730,525704,28382
ML-DSA-44,verify,731,534944,28879
ML-DSA-44,verify,732,526537,28428
ML-DSA-44,verify,733,525444,28368
ML-DSA-44,verify,734,525463,28369
ML-DSA-44,verify,735,525352,28364
ML-DSA-44,verify,736,525351,28364
ML-DSA-44,verify,737,525278,28359
ML-DSA-44,verify,738,535056,28885
ML-DSA-44,verify,739,526426,28421
ML-DSA-44,verify,740,525352,28363
ML-DSA-44,verify,741,525185,28355
ML-DSA-44,verify,742,525333,28362
ML-DSA-44,verify,743,525241,28359
ML-DSA-44,verify,744,525351,28364
ML-DSA-44,verify,745,525333,28362
ML-DSA-44,verify,746,534796,28871
ML-DSA-44,verify,747,526482,28424
ML-DSA-44,verify,748,525481,28371
ML-DSA-44,verify,749,525296,28361
ML-DSA-44,verify,750,525482,28369
ML-DSA-44,verify,751,525222,28357
ML-DSA-44,verify,752,525259,28359
ML-DSA-44,verify,753,535019,28882
ML-DSA-44,verify,754,526463,28423
ML-DSA-44,verify,755,525371,28363
ML-DSA-44,verify,756,525370,28363
ML-DSA-44,verify,757,525185,28355
ML-DSA-44,verify,758,525519,28372
ML-DSA-44,verify,759,525277,28359
ML-DSA-44,verify,760,525334,28362
ML-DSA-44,verify,761,535296,28897
ML-DSA-44,verify,762,526482,28423
ML-DSA-44,verify,763,525259,28359
ML-DSA-44,verify,764,525426,28368
ML-DSA-44,verify,765,525277,28360
ML-DSA-44,verify,766,525389,28366
ML-DSA-44,verify,767,525426,28366
ML-DSA-44,verify,768,525407,28367
ML-DSA-44,verify,769,527167,28462
ML-DSA-44,verify,770,525333,28362
ML-DSA-44,verify,771,525204,28357
ML-DSA-44,verify,772,525260,28358
ML-DSA-44,verify,773,525371,28365
ML-DSA-44,verify,774,525296,28360
ML-DSA-44,verify,775,525445,28369
ML-DSA-44,verify,776,535037,28884
ML-DSA-44,verify,777,526481,28424
ML-DSA-44,verify,778,525408,28366
ML-DSA-44,verify,779,525185,28354
ML-DSA-44,verify,780,525240,28358
ML-DSA-44,verify,781,525500,28371
ML-DSA-44,verify,782,525297,28360
ML-DSA-44,verify,783,525426,28367
ML-DSA-44,verify,784,534981,28879
ML-DSA-44,verify,785,526240,28412
ML-DSA-44,verify,786,525759,28385
ML-DSA-44,verify,787,525296,28361
ML-DSA-44,verify,788,525278,28359
ML-DSA-44,verify,789,525297,28361
ML-DSA-44,verify,790,525278,28359
ML-DSA-44,verify,791,535185,28892
ML-DSA-44,verify,792,528000,28505
ML-DSA-44,verify,793,525463,28369
ML-DSA-44,verify,794,525222,28357
ML-DSA-44,verify,795,525222,28357
ML-DSA-44,verify,796,525278,28361
ML-DSA-44,verify,797,525315,28360
ML-DSA-44,verify,798,525296,28360
ML-DSA-44,verify,799,535759,28922
ML-DSA-44,verify,800,526407,28420
ML-DSA-44,verify,801,525278,28358
ML-DSA-44,verify,802,525297,28361
ML-DSA-44,verify,803,525352,28364
ML-DSA-44,verify,804,525537,28373
ML-DSA-44,verify,805,525259,28360
ML-DSA-44,verify,806,535296,28898
ML-DSA-44,verify,807,526685,28434
ML-DSA-44,verify,808,525741,28384
ML-DSA-44,verify,809,525537,28374
ML-DSA-44,verify,810,525444,28369
ML-DSA-44,verify,811,525333,28362
ML-DSA-44,verify,812,525259,28358
ML-DSA-44,verify,813,525574,28375
ML-DSA-44,verify,814,534982,28881
ML-DSA-44,verify,815,526278,28413
ML-DSA-44,verify,816,525333,28363
ML-DSA-44,verify,817,525371,28363
ML-DSA-44,verify,818,525204,28356
ML-DSA-44,verify,819,525741,28385
ML-DSA-44,verify,820,525722,28383
ML-DSA-44,verify,821,535241,28894
ML-DSA-44,verify,822,526259,28412
ML-DSA-44,verify,823,525370,28365
ML-DSA-44,verify,824,525481,28369
ML-DSA-44,verify,825,525259,28360
ML-DSA-44,verify,826,525185,28356
ML-DSA-44,verify,827,525370,28365
ML-DSA-44,verify,828,525352,28365
ML-DSA-44,verify,829,535648,28916
ML-DSA-44,verify,830,526333,28417
ML-DSA-44,verify,831,525333,28362
ML-DSA-44,verify,832,525611,28378
ML-DSA-44,verify,833,525222,28358
ML-DSA-44,verify,834,525315,28362
ML-DSA-44,verify,835,525686,28382
ML-DSA-44,verify,836,534648,28863
ML-DSA-44,verify,837,526667,28433
ML-DSA-44,verify,838,525481,28369
ML-DSA-44,verify,839,525259,28358
ML-DSA-44,verify,840,525092,28350
ML-DSA-44,verify,841,525315,28362
ML-DSA-44,verify,842,525685,28381
ML-DSA-44,verify,843,525445,28368
ML-DSA-44,verify,844,534888,28875
ML-DSA-44,verify,845,526555,28429
ML-DSA-44,verify,846,525389,28366
ML-DSA-44,verify,847,525352,28363
ML-DSA-44,verify,848,525315,28362
ML-DSA-44,verify,849,525352,28364
ML-DSA-44,verify,850,525241,28358
ML-DSA-44,verify,851,534519,28856
ML-DSA-44,verify,852,526426,28422
ML-DSA-44,verify,853,525722,28382
ML-DSA-44,verify,854,525371,28363
ML-DSA-44,verify,855,525241,28357
ML-DSA-44,verify,856,525278,28360
ML-DSA-44,verify,857,525204,28356
ML-DSA-44,verify,858,525574,28375
ML-DSA-44,verify,859,534833,28872
ML-DSA-44,verify,860,526389,28420
ML-DSA-44,verify,861,525259,28360
ML-DSA-44,verify,862,525351,28363
ML-DSA-44,verify,863,525166,28354
ML-DSA-44,verify,864,525407,28365
ML-DSA-44,verify,865,525370,28364
ML-DSA-44,verify,866,525185,28355
ML-DSA-44,verify,867,534778,28870
ML-DSA-44,verify,868,526185,28407
ML-DSA-44,verify,869,525370,28365
ML-DSA-44,verify,870,525703,28382
ML-DSA-44,verify,871,525148,28353
ML-DSA-44,verify,872,525315,28362
ML-DSA-44,verify,873,525167,28355
ML-DSA-44,verify,874,535260,28895
ML-DSA-44,verify,875,526334,28416
ML-DSA-44,verify,876,525278,28359
ML-DSA-44,verify,877,525686,28381
ML-DSA-44,verify,878,525315,28362
ML-DSA-44,verify,879,525222,28357
ML-DSA-44,verify,880,525740,28383
ML-DSA-44,verify,881,525352,28363
ML-DSA-44,verify,882,535149,28889
ML-DSA-44,verify,883,526240,28412
ML-DSA-44,verify,884,525537,28372
ML-DSA-44,verify,885,525370,28365
ML-DSA-44,verify,886,525333,28362
ML-DSA-44,verify,887,525352,28364
ML-DSA-44,verify,888,525277,28359
ML-DSA-44,verify,889,540685,29189
ML-DSA-44,verify,890,526685,28435
ML-DSA-44,verify,891,525445,28368
ML-DSA-44,verify,892,525296,28360
ML-DSA-44,verify,893,525370,28364
ML-DSA-44,verify,894,525204,28355
ML-DSA-44,verify,895,525297,28360
ML-DSA-44,verify,896,525185,28355
ML-DSA-44,verify,897,535093,28888
ML-DSA-44,verify,898,526278,28415
ML-DSA-44,verify,899,525352,28364
ML-DSA-44,verify,900,525297,28360
ML-DSA-44,verify,901,525389,28366
ML-DSA-44,verify,902,525333,28362
ML-DSA-44,verify,903,525686,28382
ML-DSA-44,verify,904,535407,28904
ML-DSA-44,verify,905,526870,28445
ML-DSA-44,verify,906,525389,28364
ML-DSA-44,verify,907,525334,28363
ML-DSA-44,verify,908,525277,28359
ML-DSA-44,verify,909,525296,28359
ML-DSA-44,verify,910,525685,28381
ML-DSA-44,verify,911,525296,28359
ML-DSA-44,verify,912,534982,28879
ML-DSA-44,verify,913,528000,28506
ML-DSA-44,verify,914,525408,28368
ML-DSA-44,verify,915,525352,28363
ML-DSA-44,verify,916,525759,28385
ML-DSA-44,verify,917,525667,28381
ML-DSA-44,verify,918,525204,28356
ML-DSA-44,verify,919,536259,28949
ML-DSA-44,verify,920,526370,28420
ML-DSA-44,verify,921,525426,28367
ML-DSA-44,verify,922,525297,28361
ML-DSA-44,verify,923,525629,28378
ML-DSA-44,verify,924,525611,28377
ML-DSA-44,verify,925,525259,28358
ML-DSA-44,verify,926,525574,28375
ML-DSA-44,verify,927,535074,28886
ML-DSA-44,verify,928,526445,28423
ML-DSA-44,verify,929,525278,28360
ML-DSA-44,verify,930,525389,28365
ML-DSA-44,verify,931,525297,28362
ML-DSA-44,verify,932,525278,28360
ML-DSA-44,verify,933,525537,28374
ML-DSA-44,verify,934,534908,28876
ML-DSA-44,verify,935,526611,28432
ML-DSA-44,verify,936,525482,28371
ML-DSA-44,verify,937,525370,28365
ML-DSA-44,verify,938,525241,28358
ML-DSA-44,verify,939,525111,28350
ML-DSA-44,verify,940,525852,28391
ML-DSA-44,verify,941,525297,28362
ML-DSA-44,verify,942,535500,28909
ML-DSA-44,verify,943,526203,28411
ML-DSA-44,verify,944,525500,28372
ML-DSA-44,verify,945,525278,28359
ML-DSA-44,verify,946,525648,28380
ML-DSA-44,verify,947,525203,28357
ML-DSA-44,verify,948,525500,28371
ML-DSA-44,verify,949,562370,30361
ML-DSA-44,verify,950,527852,28498
ML-DSA-44,verify,951,525426,28368
ML-DSA-44,verify,952,525463,28369
ML-DSA-44,verify,953,525277,28360
ML-DSA-44,verify,954,525352,28363
ML-DSA-44,verify,955,525667,28380
ML-DSA-44,verify,956,525223,28357
ML-DSA-44,verify,957,536037,28937
ML-DSA-44,verify,958,526408,28421
ML-DSA-44,verify,959,525556,28374
ML-DSA-44,verify,960,525315,28362
ML-DSA-44,verify,961,525352,28363
ML-DSA-44,verify,962,525296,28361
ML-DSA-44,verify,963,525167,28355
ML-DSA-44,verify,964,534630,28862
ML-DSA-44,verify,965,527167,28461
ML-DSA-44,verify,966,525333,28362
ML-DSA-44,verify,967,525352,28363
ML-DSA-44,verify,968,525351,28363
ML-DSA-44,verify,969,525167,28353
ML-DSA-44,verify,970,525815,28389
ML-DSA-44,verify,971,525426,28368
ML-DSA-44,verify,972,535093,28887
ML-DSA-44,verify,973,526371,28418
ML-DSA-44,verify,974,525574,28374
ML-DSA-44,verify,975,525370,28364
ML-DSA-44,verify,976,525371,28366
ML-DSA-44,verify,977,525278,28359
ML-DSA-44,verify,978,525241,28357
ML-DSA-44,verify,979,525315,28361
ML-DSA-44,verify,980,534982,28880
ML-DSA-44,verify,981,526629,28434
ML-DSA-44,verify,982,525389,28365
ML-DSA-44,verify,983,525222,28357
ML-DSA-44,verify,984,525556,28374
ML-DSA-44,verify,985,525481,28371
ML-DSA-44,verify,986,525259,28359
ML-DSA-44,verify,987,535185,28892
ML-DSA-44,verify,988,526463,28425
ML-DSA-44,verify,989,525407,28366
ML-DSA-44,verify,990,525314,28362
ML-DSA-44,verify,991,525352,28363
ML-DSA-44,verify,992,525352,28363
ML-DSA-44,verify,993,525482,28371
ML-DSA-44,verify,994,525352,28364
ML-DSA-44,verify,995,534888,28875
ML-DSA-44,verify,996,526352,28417
ML-DSA-44,verify,997,525352,28363
ML-DSA-44,verify,998,525297,28362
ML-DSA-44,verify,999,525407,28366
