algo,op,iter,wall_ns,cycles
ML-DSA-44,keygen,0,499055,26939
ML-DSA-44,keygen,1,463037,24996
ML-DSA-44,keygen,2,459703,24816
ML-DSA-44,keygen,3,459370,24801
ML-DSA-44,keygen,4,459444,24802
ML-DSA-44,keygen,5,461722,24926
ML-DSA-44,keygen,6,457852,24716
ML-DSA-44,keygen,7,458963,24777
ML-DSA-44,keygen,8,473648,25569
ML-DSA-44,keygen,9,462556,24971
ML-DSA-44,keygen,10,461166,24895
ML-DSA-44,keygen,11,461833,24932
ML-DSA-44,keygen,12,460408,24856
ML-DSA-44,keygen,13,460500,24859
ML-DSA-44,keygen,14,460482,24859
ML-DSA-44,keygen,15,461481,24914
ML-DSA-44,keygen,16,460407,24855
ML-DSA-44,keygen,17,467759,25252
ML-DSA-44,keygen,18,464926,25099
ML-DSA-44,keygen,19,464093,25053
ML-DSA-44,keygen,20,461815,24931
ML-DSA-44,keygen,21,460259,24846
ML-DSA-44,keygen,22,462870,24987
ML-DSA-44,keygen,23,457630,24705
ML-DSA-44,keygen,24,461833,24932
ML-DSA-44,keygen,25,472481,25506
ML-DSA-44,keygen,26,459611,24811
ML-DSA-44,keygen,27,460648,24867
ML-DSA-44,keygen,28,462889,24988
ML-DSA-44,keygen,29,459037,24781
ML-DSA-44,keygen,30,461797,24929
ML-DSA-44,keygen,31,462740,24980
ML-DSA-44,keygen,32,460519,24862
ML-DSA-44,keygen,33,460259,24846
ML-DSA-44,keygen,34,470982,25421
ML-DSA-44,keygen,35,459815,24822
ML-DSA-44,keygen,36,462537,24970
ML-DSA-44,keygen,37,460426,24856
ML-DSA-44,keygen,38,460518,24860
ML-DSA-44,keygen,39,462926,24991
ML-DSA-44,keygen,40,460333,24851
ML-DSA-44,keygen,41,463074,24998
ML-DSA-44,keygen,42,472074,25484
ML-DSA-44,keygen,43,463981,25048
ML-DSA-44,keygen,44,463000,24995
ML-DSA-44,keygen,45,462926,24992
ML-DSA-44,keygen,46,460277,24847
ML-DSA-44,keygen,47,460481,24859
ML-DSA-44,keygen,48,461629,24921
ML-DSA-44,keygen,49,457871,24718
ML-DSA-44,keygen,50,460185,24843
ML-DSA-44,keygen,51,472333,25498
ML-DSA-44,keygen,52,461148,24895
ML-DSA-44,keygen,53,458148,24732
ML-DSA-44,keygen,54,461685,24923
ML-DSA-44,keygen,55,461740,24926
ML-DSA-44,keygen,56,458815,24769
ML-DSA-44,keygen,57,462907,24989
ML-DSA-44,keygen,58,457870,24717
ML-DSA-44,keygen,59,460704,24872
ML-DSA-44,keygen,60,471963,25478
ML-DSA-44,keygen,61,459926,24829
ML-DSA-44,keygen,62,463371,25015
ML-DSA-44,keygen,63,461889,24935
ML-DSA-44,keygen,64,459260,24793
ML-DSA-44,keygen,65,462926,24991
ML-DSA-44,keygen,66,462703,24979
ML-DSA-44,keygen,67,460204,24845
ML-DSA-44,keygen,68,470630,25407
ML-DSA-44,keygen,69,462167,24950
ML-DSA-44,keygen,70,460611,24866
ML-DSA-44,keygen,71,460333,24852
ML-DSA-44,keygen,72,461426,24909
ML-DSA-44,keygen,73,461704,24925
ML-DSA-44,keygen,74,462685,24977
ML-DSA-44,keygen,75,458852,24770
ML-DSA-44,keygen,76,463000,24995
ML-DSA-44,keygen,77,471203,25437
ML-DSA-44,keygen,78,463426,25018
ML-DSA-44,keygen,79,462815,24985
ML-DSA-44,keygen,80,459981,24832
ML-DSA-44,keygen,81,460148,24842
ML-DSA-44,keygen,82,458982,24777
ML-DSA-44,keygen,83,462760,24982
ML-DSA-44,keygen,84,460500,24860
ML-DSA-44,keygen,85,473593,25567
ML-DSA-44,keygen,86,460963,24885
ML-DSA-44,keygen,87,460241,24846
ML-DSA-44,keygen,88,460204,24844
ML-DSA-44,keygen,89,459056,24782
ML-DSA-44,keygen,90,462555,24970
ML-DSA-44,keygen,91,459444,24803
ML-DSA-44,keygen,92,462888,24989
ML-DSA-44,keygen,93,464704,25086
ML-DSA-44,keygen,94,473000,25535
ML-DSA-44,keygen,95,462148,24948
ML-DSA-44,keygen,96,460352,24851
ML-DSA-44,keygen,97,460222,24845
ML-DSA-44,keygen,98,461574,24918
ML-DSA-44,keygen,99,459204,24790
ML-DSA-44,keygen,100,460537,24862
ML-DSA-44,keygen,101,461796,24930
ML-DSA-44,keygen,102,470704,25410
ML-DSA-44,keygen,103,463593,25027
ML-DSA-44,keygen,104,460388,24854
ML-DSA-44,keygen,105,461648,24922
ML-DSA-44,keygen,106,461481,24913
ML-DSA-44,keygen,107,460500,24860
ML-DSA-44,keygen,108,462111,24946
ML-DSA-44,keygen,109,460593,24865
ML-DSA-44,keygen,110,460333,24851
ML-DSA-44,keygen,111,472129,25488
ML-DSA-44,keygen,112,462518,24969
ML-DSA-44,keygen,113,461593,24919
ML-DSA-44,keygen,114,460315,24849
ML-DSA-44,keygen,115,461888,24935
ML-DSA-44,keygen,116,457908,24720
ML-DSA-44,keygen,117,459130,24785
ML-DSA-44,keygen,118,461537,24916
ML-DSA-44,keygen,119,461556,24918
ML-DSA-44,keygen,120,472055,25484
ML-DSA-44,keygen,121,459926,24828
ML-DSA-44,keygen,122,460500,24860
ML-DSA-44,keygen,123,462296,24956
ML-DSA-44,keygen,124,463296,25011
ML-DSA-44,keygen,125,463111,25000
ML-DSA-44,keygen,126,461703,24924
ML-DSA-44,keygen,127,460648,24867
ML-DSA-44,keygen,128,471185,25435
ML-DSA-44,keygen,129,457667,24708
ML-DSA-44,keygen,130,459074,24782
ML-DSA-44,keygen,131,458648,24760
ML-DSA-44,keygen,132,462648,24976
ML-DSA-44,keygen,133,460204,24843
ML-DSA-44,keygen,134,457444,24695
ML-DSA-44,keygen,135,461982,24939
ML-DSA-44,keygen,136,461852,24932
ML-DSA-44,keygen,137,475037,25645
ML-DSA-44,keygen,138,458037,24728
ML-DSA-44,keygen,139,460185,24842
ML-DSA-44,keygen,140,461648,24921
ML-DSA-44,keygen,141,461333,24904
ML-DSA-44,keygen,142,459204,24790
ML-DSA-44,keygen,143,461537,24916
ML-DSA-44,keygen,144,457759,24712
ML-DSA-44,keygen,145,472481,25506
ML-DSA-44,keygen,146,465019,25103
ML-DSA-44,keygen,147,461630,24921
ML-DSA-44,keygen,148,461611,24920
ML-DSA-44,keygen,149,462796,24983
ML-DSA-44,keygen,150,459148,24786
ML-DSA-44,keygen,151,456537,24646
ML-DSA-44,keygen,152,462963,24992
ML-DSA-44,keygen,153,460223,24844
ML-DSA-44,keygen,154,473796,25578
ML-DSA-44,keygen,155,461333,24905
ML-DSA-44,keygen,156,460537,24861
ML-DSA-44,keygen,157,460259,24846
ML-DSA-44,keygen,158,456760,24658
ML-DSA-44,keygen,159,460407,24855
ML-DSA-44,keygen,160,461463,24912
ML-DSA-44,keygen,161,461741,24927
ML-DSA-44,keygen,162,469814,25362
ML-DSA-44,keygen,163,460074,24837
ML-DSA-44,keygen,164,460666,24870
ML-DSA-44,keygen,165,460130,24839
ML-DSA-44,keygen,166,460426,24855
ML-DSA-44,keygen,167,462907,24989
ML-DSA-44,keygen,168,460186,24842
ML-DSA-44,keygen,169,462963,24993
ML-DSA-44,keygen,170,461426,24910
ML-DSA-44,keygen,171,471648,25461
ML-DSA-44,keygen,172,461075,24891
ML-DSA-44,keygen,173,458796,24768
ML-DSA-44,keygen,174,459871,24825
ML-DSA-44,keygen,175,460500,24859
ML-DSA-44,keygen,176,459037,24780
ML-DSA-44,keygen,177,464111,25055
ML-DSA-44,keygen,178,461926,24937
ML-DSA-44,keygen,179,461889,24934
ML-DSA-44,keygen,180,471426,25450
ML-DSA-44,keygen,181,460129,24841
ML-DSA-44,keygen,182,460444,24856
ML-DSA-44,keygen,183,461741,24927
ML-DSA-44,keygen,184,464204,25060
ML-DSA-44,keygen,185,459223,24791
ML-DSA-44,keygen,186,464037,25051
ML-DSA-44,keygen,187,461667,24924
ML-DSA-44,keygen,188,475444,25667
ML-DSA-44,keygen,189,463796,25038
ML-DSA-44,keygen,190,461778,24930
ML-DSA-44,keygen,191,463944,25046
ML-DSA-44,keygen,192,456481,24642
ML-DSA-44,keygen,193,457871,24717
ML-DSA-44,keygen,194,460777,24874
ML-DSA-44,keygen,195,461518,24915
ML-DSA-44,keygen,196,457685,24707
ML-DSA-44,keygen,197,472111,25485
ML-DSA-44,keygen,198,459889,24827
ML-DSA-44,keygen,199,460537,24861
ML-DSA-44,keygen,200,463092,24999
ML-DSA-44,keygen,201,464445,25073
ML-DSA-44,keygen,202,461630,24921
ML-DSA-44,keygen,203,460611,24866
ML-DSA-44,keygen,204,459074,24783
ML-DSA-44,keygen,205,482612,26054
ML-DSA-44,keygen,206,465778,25146
ML-DSA-44,keygen,207,461166,24897
ML-DSA-44,keygen,208,459296,24794
ML-DSA-44,keygen,209,458741,24764
ML-DSA-44,keygen,210,461575,24918
ML-DSA-44,keygen,211,460649,24867
ML-DSA-44,keygen,212,460426,24855
ML-DSA-44,keygen,213,464000,25048
ML-DSA-44,keygen,214,474278,25603
ML-DSA-44,keygen,215,459629,24813
ML-DSA-44,keygen,216,460296,24849
ML-DSA-44,keygen,217,457796,24713
ML-DSA-44,keygen,218,459389,24800
ML-DSA-44,keygen,219,460093,24837
ML-DSA-44,keygen,220,457908,24719
ML-DSA-44,keygen,221,457759,24711
ML-DSA-44,keygen,222,470814,25416
ML-DSA-44,keygen,223,458611,24759
ML-DSA-44,keygen,224,461593,24919
ML-DSA-44,keygen,225,460278,24847
ML-DSA-44,keygen,226,460407,24855
ML-DSA-44,keygen,227,463945,25045
ML-DSA-44,keygen,228,462574,24971
ML-DSA-44,keygen,229,460481,24859
ML-DSA-44,keygen,230,462629,24975
ML-DSA-44,keygen,231,470296,25389
ML-DSA-44,keygen,232,463759,25036
ML-DSA-44,keygen,233,460481,24859
ML-DSA-44,keygen,234,457870,24717
ML-DSA-44,keygen,235,458075,24729
ML-DSA-44,keygen,236,459167,24789
ML-DSA-44,keygen,237,458056,24728
ML-DSA-44,keygen,238,465204,25113
ML-DSA-44,keygen,239,462685,24977
ML-DSA-44,keygen,240,472111,25486
ML-DSA-44,keygen,241,457204,24681
ML-DSA-44,keygen,242,463000,24995
ML-DSA-44,keygen,243,459315,24797
ML-DSA-44,keygen,244,462111,24946
ML-DSA-44,keygen,245,463074,24999
ML-DSA-44,keygen,246,461741,24927
ML-DSA-44,keygen,247,459166,24787
ML-DSA-44,keygen,248,472834,25526
ML-DSA-44,keygen,249,463686,25032
ML-DSA-44,keygen,250,460426,24856
ML-DSA-44,keygen,251,461722,24927
ML-DSA-44,keygen,252,458093,24729
ML-DSA-44,keygen,253,459148,24787
ML-DSA-44,keygen,254,460055,24835
ML-DSA-44,keygen,255,458870,24771
ML-DSA-44,keygen,256,455149,24570
ML-DSA-44,keygen,257,470945,25424
ML-DSA-44,keygen,258,462555,24971
ML-DSA-44,keygen,259,460019,24834
ML-DSA-44,keygen,260,462907,24990
ML-DSA-44,keygen,261,458981,24777
ML-DSA-44,keygen,262,461500,24914
ML-DSA-44,keygen,263,461574,24918
ML-DSA-44,keygen,264,461371,24906
ML-DSA-44,keygen,265,473037,25536
ML-DSA-44,keygen,266,462371,24961
ML-DSA-44,keygen,267,461592,24918
ML-DSA-44,keygen,268,465296,25118
ML-DSA-44,keygen,269,459111,24785
ML-DSA-44,keygen,270,462759,24981
ML-DSA-44,keygen,271,461537,24915
ML-DSA-44,keygen,272,459074,24782
ML-DSA-44,keygen,273,464074,25052
ML-DSA-44,keygen,274,474574,25618
ML-DSA-44,keygen,275,462481,24967
ML-DSA-44,keygen,276,458871,24771
ML-DSA-44,keygen,277,461371,24907
ML-DSA-44,keygen,278,460296,24848
ML-DSA-44,keygen,279,461500,24914
ML-DSA-44,keygen,280,460426,24855
ML-DSA-44,keygen,281,460408,24854
ML-DSA-44,keygen,282,470444,25397
ML-DSA-44,keygen,283,461370,24906
ML-DSA-44,keygen,284,461963,24938
ML-DSA-44,keygen,285,458963,24778
ML-DSA-44,keygen,286,461815,24930
ML-DSA-44,keygen,287,460222,24844
ML-DSA-44,keygen,288,461426,24910
ML-DSA-44,keygen,289,459055,24781
ML-DSA-44,keygen,290,458926,24774
ML-DSA-44,keygen,291,469759,25359
ML-DSA-44,keygen,292,457222,24683
ML-DSA-44,keygen,293,464019,25049
ML-DSA-44,keygen,294,461314,24904
ML-DSA-44,keygen,295,459259,24793
ML-DSA-44,keygen,296,459185,24788
ML-DSA-44,keygen,297,461371,24906
ML-DSA-44,keygen,298,458000,24724
ML-DSA-44,keygen,299,457852,24717
ML-DSA-44,keygen,300,471259,25440
ML-DSA-44,keygen,301,459777,24820
ML-DSA-44,keygen,302,460185,24843
ML-DSA-44,keygen,303,462500,24968
ML-DSA-44,keygen,304,460130,24840
ML-DSA-44,keygen,305,460204,24843
ML-DSA-44,keygen,306,459056,24783
ML-DSA-44,keygen,307,463759,25035
ML-DSA-44,keygen,308,470351,25391
ML-DSA-44,keygen,309,457166,24680
ML-DSA-44,keygen,310,460277,24847
ML-DSA-44,keygen,311,462704,24978
ML-DSA-44,keygen,312,458963,24776
ML-DSA-44,keygen,313,459019,24779
ML-DSA-44,keygen,314,460388,24853
ML-DSA-44,keygen,315,462963,24992
ML-DSA-44,keygen,316,460629,24866
ML-DSA-44,keygen,317,469963,25370
ML-DSA-44,keygen,318,461352,24906
ML-DSA-44,keygen,319,461129,24894
ML-DSA-44,keygen,320,459240,24791
ML-DSA-44,keygen,321,461315,24904
ML-DSA-44,keygen,322,461370,24906
ML-DSA-44,keygen,323,462889,24988
ML-DSA-44,keygen,324,461426,24909
ML-DSA-44,keygen,325,472426,25504
ML-DSA-44,keygen,326,462371,24960
ML-DSA-44,keygen,327,460444,24856
ML-DSA-44,keygen,328,460278,24848
ML-DSA-44,keygen,329,457593,24702
ML-DSA-44,keygen,330,460574,24865
ML-DSA-44,keygen,331,465389,25123
ML-DSA-44,keygen,332,461333,24904
ML-DSA-44,keygen,333,458981,24778
ML-DSA-44,keygen,334,476648,25731
ML-DSA-44,keygen,335,457259,24685
ML-DSA-44,keygen,336,460537,24861
ML-DSA-44,keygen,337,461963,24939
ML-DSA-44,keygen,338,461704,24925
ML-DSA-44,keygen,339,459500,24806
ML-DSA-44,keygen,340,458981,24777
ML-DSA-44,keygen,341,459796,24821
ML-DSA-44,keygen,342,461611,24919
ML-DSA-44,keygen,343,472259,25493
ML-DSA-44,keygen,344,465352,25121
ML-DSA-44,keygen,345,461556,24916
ML-DSA-44,keygen,346,459445,24802
ML-DSA-44,keygen,347,461426,24910
ML-DSA-44,keygen,348,462056,24944
ML-DSA-44,keygen,349,462982,24994
ML-DSA-44,keygen,350,461611,24920
ML-DSA-44,keygen,351,476426,25719
ML-DSA-44,keygen,352,462908,24989
ML-DSA-44,keygen,353,460815,24876
ML-DSA-44,keygen,354,461333,24904
ML-DSA-44,keygen,355,459019,24780
ML-DSA-44,keygen,356,460463,24858
ML-DSA-44,keygen,357,461574,24918
ML-DSA-44,keygen,358,459222,24792
ML-DSA-44,keygen,359,461611,24920
ML-DSA-44,keygen,360,472315,25498
ML-DSA-44,keygen,361,461389,24909
ML-DSA-44,keygen,362,458055,24728
ML-DSA-44,keygen,363,460333,24851
ML-DSA-44,keygen,364,466537,25186
ML-DSA-44,keygen,365,459500,24805
ML-DSA-44,keygen,366,460166,24842
ML-DSA-44,keygen,367,461334,24904
ML-DSA-44,keygen,368,478592,25837
ML-DSA-44,keygen,369,460611,24865
ML-DSA-44,keygen,370,457963,24722
ML-DSA-44,keygen,371,459111,24786
ML-DSA-44,keygen,372,460000,24832
ML-DSA-44,keygen,373,460055,24836
ML-DSA-44,keygen,374,462519,24969
ML-DSA-44,keygen,375,461481,24913
ML-DSA-44,keygen,376,456518,24645
ML-DSA-44,keygen,377,479000,25858
ML-DSA-44,keygen,378,462278,24956
ML-DSA-44,keygen,379,461703,24924
ML-DSA-44,keygen,380,462426,24964
ML-DSA-44,keygen,381,458740,24764
ML-DSA-44,keygen,382,460537,24861
ML-DSA-44,keygen,383,458907,24774
ML-DSA-44,keygen,384,460222,24845
ML-DSA-44,keygen,385,472000,25481
ML-DSA-44,keygen,386,463611,25028
ML-DSA-44,keygen,387,462537,24969
ML-DSA-44,keygen,388,461482,24914
ML-DSA-44,keygen,389,459889,24827
ML-DSA-44,keygen,390,461518,24914
ML-DSA-44,keygen,391,464981,25101
ML-DSA-44,keygen,392,462759,24981
ML-DSA-44,keygen,393,465203,25114
ML-DSA-44,keygen,394,471037,25428
ML-DSA-44,keygen,395,463852,25042
ML-DSA-44,keygen,396,460389,24854
ML-DSA-44,keygen,397,459074,24783
ML-DSA-44,keygen,398,457889,24718
ML-DSA-44,keygen,399,463963,25047
ML-DSA-44,keygen,400,461389,24907
ML-DSA-44,keygen,401,462555,24971
ML-DSA-44,keygen,402,461740,24926
ML-DSA-44,keygen,403,471796,25470
ML-DSA-44,keygen,404,463445,25019
ML-DSA-44,keygen,405,458981,24778
ML-DSA-44,keygen,406,458982,24778
ML-DSA-44,keygen,407,459056,24782
ML-DSA-44,keygen,408,458760,24765
ML-DSA-44,keygen,409,459556,24808
ML-DSA-44,keygen,410,459074,24783
ML-DSA-44,keygen,411,475389,25663
ML-DSA-44,keygen,412,463389,25016
ML-DSA-44,keygen,413,464260,25062
ML-DSA-44,keygen,414,463148,25003
ML-DSA-44,keygen,415,457926,24720
ML-DSA-44,keygen,416,461259,24900
ML-DSA-44,keygen,417,460129,24840
ML-DSA-44,keygen,418,461463,24911
ML-DSA-44,keygen,419,460778,24875
ML-DSA-44,keygen,420,471482,25452
ML-DSA-44,keygen,421,463315,25011
ML-DSA-44,keygen,422,464482,25075
ML-DSA-44,keygen,423,459277,24794
ML-DSA-44,keygen,424,460333,24851
ML-DSA-44,keygen,425,458944,24776
ML-DSA-44,keygen,426,459315,24795
ML-DSA-44,keygen,427,459907,24827
ML-DSA-44,keygen,428,471722,25466
ML-DSA-44,keygen,429,462315,24957
ML-DSA-44,keygen,430,460296,24848
ML-DSA-44,keygen,431,460297,24849
ML-DSA-44,keygen,432,460129,24840
ML-DSA-44,keygen,433,460259,24847
ML-DSA-44,keygen,434,461222,24899
ML-DSA-44,keygen,435,461704,24925
ML-DSA-44,keygen,436,458592,24757
ML-DSA-44,keygen,437,471222,25438
ML-DSA-44,keygen,438,462148,24949
ML-DSA-44,keygen,439,461723,24925
ML-DSA-44,keygen,440,464259,25062
ML-DSA-44,keygen,441,461593,24919
ML-DSA-44,keygen,442,464167,25057
ML-DSA-44,keygen,443,458981,24777
ML-DSA-44,keygen,444,460519,24861
ML-DSA-44,keygen,445,471907,25476
ML-DSA-44,keygen,446,462500,24968
ML-DSA-44,keygen,447,460500,24861
ML-DSA-44,keygen,448,462760,24981
ML-DSA-44,keygen,449,456425,24640
ML-DSA-44,keygen,450,462944,24993
ML-DSA-44,keygen,451,457740,24710
ML-DSA-44,keygen,452,461500,24914
ML-DSA-44,keygen,453,460148,24841
ML-DSA-44,keygen,454,470963,25424
ML-DSA-44,keygen,455,461037,24889
ML-DSA-44,keygen,456,459203,24789
ML-DSA-44,keygen,457,457019,24671
ML-DSA-44,keygen,458,460278,24847
ML-DSA-44,keygen,459,462778,24983
ML-DSA-44,keygen,460,464055,25052
ML-DSA-44,keygen,461,461019,24887
ML-DSA-44,keygen,462,461315,24903
ML-DSA-44,keygen,463,470296,25388
ML-DSA-44,keygen,464,462093,24945
ML-DSA-44,keygen,465,458760,24766
ML-DSA-44,keygen,466,462797,24983
ML-DSA-44,keygen,467,460333,24850
ML-DSA-44,keygen,468,461629,24921
ML-DSA-44,keygen,469,460148,24840
ML-DSA-44,keygen,470,461334,24905
ML-DSA-44,keygen,471,481129,25974
ML-DSA-44,keygen,472,461500,24914
ML-DSA-44,keygen,473,461482,24912
ML-DSA-44,keygen,474,462426,24964
ML-DSA-44,keygen,475,462907,24990
ML-DSA-44,keygen,476,458852,24770
ML-DSA-44,keygen,477,458944,24776
ML-DSA-44,keygen,478,462444,24964
ML-DSA-44,keygen,479,463223,25006
ML-DSA-44,keygen,480,471241,25440
ML-DSA-44,keygen,481,458537,24753
ML-DSA-44,keygen,482,460185,24842
ML-DSA-44,keygen,483,460241,24846
ML-DSA-44,keygen,484,461500,24913
ML-DSA-44,keygen,485,464037,25051
ML-DSA-44,keygen,486,457685,24707
ML-DSA-44,keygen,487,461500,24914
ML-DSA-44,keygen,488,471037,25429
ML-DSA-44,keygen,489,459889,24826
ML-DSA-44,keygen,490,461611,24920
ML-DSA-44,keygen,491,460204,24844
ML-DSA-44,keygen,492,458945,24777
ML-DSA-44,keygen,493,461815,24930
ML-DSA-44,keygen,494,459944,24829
ML-DSA-44,keygen,495,462704,24979
ML-DSA-44,keygen,496,460204,24843
ML-DSA-44,keygen,497,471296,25443
ML-DSA-44,keygen,498,463074,24999
ML-DSA-44,keygen,499,459444,24803
ML-DSA-44,keygen,500,462481,24966
ML-DSA-44,keygen,501,460889,24880
ML-DSA-44,keygen,502,461556,24916
ML-DSA-44,keygen,503,460278,24847
ML-DSA-44,keygen,504,463852,25040
ML-DSA-44,keygen,505,469111,25325
ML-DSA-44,keygen,506,461315,24903
ML-DSA-44,keygen,507,459130,24785
ML-DSA-44,keygen,508,459074,24783
ML-DSA-44,keygen,509,462518,24969
ML-DSA-44,keygen,510,462630,24975
ML-DSA-44,keygen,511,460555,24862
ML-DSA-44,keygen,512,462740,24981
ML-DSA-44,keygen,513,460296,24848
ML-DSA-44,keygen,514,471223,25438
ML-DSA-44,keygen,515,461129,24894
ML-DSA-44,keygen,516,458018,24726
ML-DSA-44,keygen,517,457889,24719
ML-DSA-44,keygen,518,461315,24904
ML-DSA-44,keygen,519,461130,24893
ML-DSA-44,keygen,520,461426,24910
ML-DSA-44,keygen,521,459092,24783
ML-DSA-44,keygen,522,460037,24835
ML-DSA-44,keygen,523,467037,25213
ML-DSA-44,keygen,524,460111,24839
ML-DSA-44,keygen,525,458000,24725
ML-DSA-44,keygen,526,461963,24938
ML-DSA-44,keygen,527,461777,24929
ML-DSA-44,keygen,528,458981,24778
ML-DSA-44,keygen,529,462814,24984
ML-DSA-44,keygen,530,461296,24902
ML-DSA-44,keygen,531,473222,25546
ML-DSA-44,keygen,532,459518,24806
ML-DSA-44,keygen,533,461815,24930
ML-DSA-44,keygen,534,464093,25053
ML-DSA-44,keygen,535,459166,24788
ML-DSA-44,keygen,536,457777,24713
ML-DSA-44,keygen,537,461482,24912
ML-DSA-44,keygen,538,460241,24845
ML-DSA-44,keygen,539,461389,24908
ML-DSA-44,keygen,540,468592,25296
ML-DSA-44,keygen,541,461037,24889
ML-DSA-44,keygen,542,459500,24805
ML-DSA-44,keygen,543,460444,24857
ML-DSA-44,keygen,544,460204,24844
ML-DSA-44,keygen,545,457759,24712
ML-DSA-44,keygen,546,460351,24851
ML-DSA-44,keygen,547,460018,24833
ML-DSA-44,keygen,548,471500,25453
ML-DSA-44,keygen,549,464982,25103
ML-DSA-44,keygen,550,459148,24788
ML-DSA-44,keygen,551,460426,24856
ML-DSA-44,keygen,552,460130,24839
ML-DSA-44,keygen,553,458963,24776
ML-DSA-44,keygen,554,456482,24642
ML-DSA-44,keygen,555,459166,24787
ML-DSA-44,keygen,556,460129,24839
ML-DSA-44,keygen,557,469963,25371
ML-DSA-44,keygen,558,459759,24820
ML-DSA-44,keygen,559,457852,24717
ML-DSA-44,keygen,560,460371,24851
ML-DSA-44,keygen,561,464074,25052
ML-DSA-44,keygen,562,461333,24904
ML-DSA-44,keygen,563,461777,24928
ML-DSA-44,keygen,564,461278,24902
ML-DSA-44,keygen,565,464259,25063
ML-DSA-44,keygen,566,473963,25587
ML-DSA-44,keygen,567,462463,24965
ML-DSA-44,keygen,568,461648,24920
ML-DSA-44,keygen,569,461629,24922
ML-DSA-44,keygen,570,457611,24703
ML-DSA-44,keygen,571,457888,24719
ML-DSA-44,keygen,572,463111,25000
ML-DSA-44,keygen,573,457759,24711
ML-DSA-44,keygen,574,470852,25419
ML-DSA-44,keygen,575,464704,25087
ML-DSA-44,keygen,576,461630,24921
ML-DSA-44,keygen,577,459537,24808
ML-DSA-44,keygen,578,461852,24932
ML-DSA-44,keygen,579,460296,24848
ML-DSA-44,keygen,580,460482,24858
ML-DSA-44,keygen,581,461556,24916
ML-DSA-44,keygen,582,461297,24903
ML-DSA-44,keygen,583,469759,25359
ML-DSA-44,keygen,584,461278,24901
ML-DSA-44,keygen,585,462703,24978
ML-DSA-44,keygen,586,457592,24703
ML-DSA-44,keygen,587,460037,24835
ML-DSA-44,keygen,588,463926,25045
ML-DSA-44,keygen,589,458871,24771
ML-DSA-44,keygen,590,459111,24785
ML-DSA-44,keygen,591,472148,25489
ML-DSA-44,keygen,592,459519,24807
ML-DSA-44,keygen,593,458834,24770
ML-DSA-44,keygen,594,462796,24985
ML-DSA-44,keygen,595,459759,24821
ML-DSA-44,keygen,596,457593,24702
ML-DSA-44,keygen,597,457907,24720
ML-DSA-44,keygen,598,461481,24913
ML-DSA-44,keygen,599,461926,24936
ML-DSA-44,keygen,600,475982,25696
ML-DSA-44,keygen,601,458574,24755
ML-DSA-44,keygen,602,461852,24932
ML-DSA-44,keygen,603,462778,24983
ML-DSA-44,keygen,604,461203,24897
ML-DSA-44,keygen,605,461333,24905
ML-DSA-44,keygen,606,460778,24875
ML-DSA-44,keygen,607,460444,24856
ML-DSA-44,keygen,608,470018,25374
ML-DSA-44,keygen,609,461777,24929
ML-DSA-44,keygen,610,457982,24724
ML-DSA-44,keygen,611,460370,24853
ML-DSA-44,keygen,612,460500,24860
ML-DSA-44,keygen,613,459185,24789
ML-DSA-44,keygen,614,459240,24791
ML-DSA-44,keygen,615,462815,24985
ML-DSA-44,keygen,616,461777,24929
ML-DSA-44,keygen,617,469833,25363
ML-DSA-44,keygen,618,463222,25007
ML-DSA-44,keygen,619,464370,25069
ML-DSA-44,keygen,620,458574,24755
ML-DSA-44,keygen,621,461611,24920
ML-DSA-44,keygen,622,460277,24847
ML-DSA-44,keygen,623,460315,24851
ML-DSA-44,keygen,624,462574,24971
ML-DSA-44,keygen,625,459444,24803
ML-DSA-44,keygen,626,469703,25355
ML-DSA-44,keygen,627,458611,24757
ML-DSA-44,keygen,628,461556,24917
ML-DSA-44,keygen,629,461500,24913
ML-DSA-44,keygen,630,463185,25004
ML-DSA-44,keygen,631,458037,24726
ML-DSA-44,keygen,632,457871,24719
ML-DSA-44,keygen,633,460445,24856
ML-DSA-44,keygen,634,473741,25575
ML-DSA-44,keygen,635,458593,24757
ML-DSA-44,keygen,636,461667,24923
ML-DSA-44,keygen,637,457685,24708
ML-DSA-44,keygen,638,462667,24977
ML-DSA-44,keygen,639,462593,24973
ML-DSA-44,keygen,640,460333,24851
ML-DSA-44,keygen,641,461593,24918
ML-DSA-44,keygen,642,460018,24834
ML-DSA-44,keygen,643,471315,25442
ML-DSA-44,keygen,644,459797,24822
ML-DSA-44,keygen,645,463981,25048
ML-DSA-44,keygen,646,460408,24854
ML-DSA-44,keygen,647,460482,24859
ML-DSA-44,keygen,648,461203,24898
ML-DSA-44,keygen,649,460648,24868
ML-DSA-44,keygen,650,460462,24858
ML-DSA-44,keygen,651,469204,25329
ML-DSA-44,keygen,652,461259,24901
ML-DSA-44,keygen,653,461926,24936
ML-DSA-44,keygen,654,460111,24839
ML-DSA-44,keygen,655,461500,24913
ML-DSA-44,keygen,656,462630,24975
ML-DSA-44,keygen,657,460407,24855
ML-DSA-44,keygen,658,461611,24920
ML-DSA-44,keygen,659,461777,24929
ML-DSA-44,keygen,660,471926,25477
ML-DSA-44,keygen,661,463518,25022
ML-DSA-44,keygen,662,459333,24796
ML-DSA-44,keygen,663,461426,24909
ML-DSA-44,keygen,664,463982,25047
ML-DSA-44,keygen,665,462444,24965
ML-DSA-44,keygen,666,458815,24769
ML-DSA-44,keygen,667,459907,24828
ML-DSA-44,keygen,668,459000,24779
ML-DSA-44,keygen,669,470389,25393
ML-DSA-44,keygen,670,461000,24886
ML-DSA-44,keygen,671,461722,24926
ML-DSA-44,keygen,672,458926,24774
ML-DSA-44,keygen,673,463203,25005
ML-DSA-44,keygen,674,463111,25001
ML-DSA-44,keygen,675,461500,24914
ML-DSA-44,keygen,676,458982,24778
ML-DSA-44,keygen,677,473204,25546
ML-DSA-44,keygen,678,460908,24881
ML-DSA-44,keygen,679,461814,24931
ML-DSA-44,keygen,680,461463,24911
ML-DSA-44,keygen,681,462852,24987
ML-DSA-44,keygen,682,462741,24981
ML-DSA-44,keygen,683,465629,25136
ML-DSA-44,keygen,684,460278,24848
ML-DSA-44,keygen,685,460130,24840
ML-DSA-44,keygen,686,501074,27051
ML-DSA-44,keygen,687,465315,25121
ML-DSA-44,keygen,688,458852,24771
ML-DSA-44,keygen,689,462833,24985
ML-DSA-44,keygen,690,461463,24911
ML-DSA-44,keygen,691,462555,24971
ML-DSA-44,keygen,692,461741,24927
ML-DSA-44,keygen,693,462815,24985
ML-DSA-44,keygen,694,477796,25793
ML-DSA-44,keygen,695,460093,24837
ML-DSA-44,keygen,696,459093,24784
ML-DSA-44,keygen,697,459185,24788
ML-DSA-44,keygen,698,461352,24906
ML-DSA-44,keygen,699,460500,24859
ML-DSA-44,keygen,700,461704,24924
ML-DSA-44,keygen,701,462907,24989
ML-DSA-44,keygen,702,459092,24783
ML-DSA-44,keygen,703,471592,25458
ML-DSA-44,keygen,704,458426,24748
ML-DSA-44,keygen,705,461389,24907
ML-DSA-44,keygen,706,462889,24989
ML-DSA-44,keygen,707,461333,24905
ML-DSA-44,keygen,708,461555,24917
ML-DSA-44,keygen,709,460167,24842
ML-DSA-44,keygen,710,459129,24787
ML-DSA-44,keygen,711,469722,25356
ML-DSA-44,keygen,712,462685,24978
ML-DSA-44,keygen,713,462759,24981
ML-DSA-44,keygen,714,458851,24771
ML-DSA-44,keygen,715,462908,24989
ML-DSA-44,keygen,716,462630,24975
ML-DSA-44,keygen,717,461833,24931
ML-DSA-44,keygen,718,463907,25044
ML-DSA-44,keygen,719,456796,24660
ML-DSA-44,keygen,720,472074,25483
ML-DSA-44,keygen,721,458908,24774
ML-DSA-44,keygen,722,462685,24978
ML-DSA-44,keygen,723,457815,24714
ML-DSA-44,keygen,724,460500,24859
ML-DSA-44,keygen,725,464426,25071
ML-DSA-44,keygen,726,463334,25013
ML-DSA-44,keygen,727,460870,24879
ML-DSA-44,keygen,728,459037,24781
ML-DSA-44,keygen,729,471925,25476
ML-DSA-44,keygen,730,458037,24726
ML-DSA-44,keygen,731,458259,24739
ML-DSA-44,keygen,732,461740,24927
ML-DSA-44,keygen,733,461667,24923
ML-DSA-44,keygen,734,460334,24851
ML-DSA-44,keygen,735,457704,24708
ML-DSA-44,keygen,736,460093,24837
ML-DSA-44,keygen,737,473797,25578
ML-DSA-44,keygen,738,458760,24766
ML-DSA-44,keygen,739,460370,24853
ML-DSA-44,keygen,740,459018,24781
ML-DSA-44,keygen,741,461482,24913
ML-DSA-44,keygen,742,462611,24973
ML-DSA-44,keygen,743,461519,24916
ML-DSA-44,keygen,744,460389,24853
ML-DSA-44,keygen,745,458260,24739
ML-DSA-44,keygen,746,468667,25300
ML-DSA-44,keygen,747,462685,24978
ML-DSA-44,keygen,748,458241,24737
ML-DSA-44,keygen,749,459204,24790
ML-DSA-44,keygen,750,463056,24997
ML-DSA-44,keygen,751,457926,24721
ML-DSA-44,keygen,752,460481,24858
ML-DSA-44,keygen,753,461500,24915
ML-DSA-44,keygen,754,466074,25159
ML-DSA-44,keygen,755,464778,25090
ML-DSA-44,keygen,756,463037,24996
ML-DSA-44,keygen,757,461963,24939
ML-DSA-44,keygen,758,461593,24918
ML-DSA-44,keygen,759,462537,24970
ML-DSA-44,keygen,760,461259,24901
ML-DSA-44,keygen,761,459870,24826
ML-DSA-44,keygen,762,461630,24922
ML-DSA-44,keygen,763,474056,25591
ML-DSA-44,keygen,764,459667,24814
ML-DSA-44,keygen,765,462963,24992
ML-DSA-44,keygen,766,463093,25000
ML-DSA-44,keygen,767,457982,24723
ML-DSA-44,keygen,768,462611,24973
ML-DSA-44,keygen,769,460463,24858
ML-DSA-44,keygen,770,460500,24860
ML-DSA-44,keygen,771,469259,25332
ML-DSA-44,keygen,772,462371,24961
ML-DSA-44,keygen,773,459481,24805
ML-DSA-44,keygen,774,462852,24987
ML-DSA-44,keygen,775,459055,24782
ML-DSA-44,keygen,776,460315,24849
ML-DSA-44,keygen,777,461352,24907
ML-DSA-44,keygen,778,460092,24838
ML-DSA-44,keygen,779,462648,24976
ML-DSA-44,keygen,780,469963,25370
ML-DSA-44,keygen,781,463500,25022
ML-DSA-44,keygen,782,458852,24771
ML-DSA-44,keygen,783,460649,24867
ML-DSA-44,keygen,784,461482,24912
ML-DSA-44,keygen,785,459352,24798
ML-DSA-44,keygen,786,461741,24926
ML-DSA-44,keygen,787,462815,24986
ML-DSA-44,keygen,788,462574,24972
ML-DSA-44,keygen,789,470889,25420
ML-DSA-44,keygen,790,463019,24996
ML-DSA-44,keygen,791,464166,25058
ML-DSA-44,keygen,792,460333,24851
ML-DSA-44,keygen,793,459222,24790
ML-DSA-44,keygen,794,462852,24986
ML-DSA-44,keygen,795,460000,24833
ML-DSA-44,keygen,796,461278,24901
ML-DSA-44,keygen,797,472093,25486
ML-DSA-44,keygen,798,458408,24748
ML-DSA-44,keygen,799,460241,24845
ML-DSA-44,keygen,800,462814,24985
ML-DSA-44,keygen,801,462556,24970
ML-DSA-44,keygen,802,457648,24705
ML-DSA-44,keygen,803,461314,24905
ML-DSA-44,keygen,804,461371,24907
ML-DSA-44,keygen,805,457852,24717
ML-DSA-44,keygen,806,473722,25574
ML-DSA-44,keygen,807,461186,24896
ML-DSA-44,keygen,808,458926,24775
ML-DSA-44,keygen,809,462778,24982
ML-DSA-44,keygen,810,455426,24586
ML-DSA-44,keygen,811,457740,24711
ML-DSA-44,keygen,812,458092,24730
ML-DSA-44,keygen,813,457981,24725
ML-DSA-44,keygen,814,468185,25275
ML-DSA-44,keygen,815,461518,24915
ML-DSA-44,keygen,816,460426,24856
ML-DSA-44,keygen,817,462926,24990
ML-DSA-44,keygen,818,461666,24922
ML-DSA-44,keygen,819,460759,24874
ML-DSA-44,keygen,820,457759,24712
ML-DSA-44,keygen,821,461556,24917
ML-DSA-44,keygen,822,457778,24713
ML-DSA-44,keygen,823,474037,25591
ML-DSA-44,keygen,824,463407,25017
ML-DSA-44,keygen,825,459167,24788
ML-DSA-44,keygen,826,461630,24921
ML-DSA-44,keygen,827,459130,24786
ML-DSA-44,keygen,828,459259,24793
ML-DSA-44,keygen,829,464222,25061
ML-DSA-44,keygen,830,460167,24842
ML-DSA-44,keygen,831,458000,24724
ML-DSA-44,keygen,832,468241,25277
ML-DSA-44,keygen,833,459667,24815
ML-DSA-44,keygen,834,459204,24790
ML-DSA-44,keygen,835,460463,24858
ML-DSA-44,keygen,836,460389,24854
ML-DSA-44,keygen,837,462667,24977
ML-DSA-44,keygen,838,459129,24785
ML-DSA-44,keygen,839,462889,24988
ML-DSA-44,keygen,840,468963,25315
ML-DSA-44,keygen,841,463555,25025
ML-DSA-44,keygen,842,456741,24657
ML-DSA-44,keygen,843,462611,24974
ML-DSA-44,keygen,844,461407,24909
ML-DSA-44,keygen,845,463815,25038
ML-DSA-44,keygen,846,463963,25045
ML-DSA-44,keygen,847,458389,24746
ML-DSA-44,keygen,848,459018,24779
ML-DSA-44,keygen,849,476056,25700
ML-DSA-44,keygen,850,462259,24955
ML-DSA-44,keygen,851,460463,24858
ML-DSA-44,keygen,852,460370,24852
ML-DSA-44,keygen,853,461611,24920
ML-DSA-44,keygen,854,458870,24771
ML-DSA-44,keygen,855,461500,24913
ML-DSA-44,keygen,856,460222,24844
ML-DSA-44,keygen,857,469537,25348
ML-DSA-44,keygen,858,462111,24946
ML-DSA-44,keygen,859,461407,24909
ML-DSA-44,keygen,860,461611,24920
ML-DSA-44,keygen,861,459037,24780
ML-DSA-44,keygen,862,461445,24911
ML-DSA-44,keygen,863,460074,24837
ML-DSA-44,keygen,864,462833,24986
ML-DSA-44,keygen,865,463055,24998
ML-DSA-44,keygen,866,472130,25486
ML-DSA-44,keygen,867,462166,24949
ML-DSA-44,keygen,868,461481,24912
ML-DSA-44,keygen,869,457945,24723
ML-DSA-44,keygen,870,461500,24913
ML-DSA-44,keygen,871,458074,24728
ML-DSA-44,keygen,872,462833,24985
ML-DSA-44,keygen,873,461834,24932
ML-DSA-44,keygen,874,470611,25404
ML-DSA-44,keygen,875,462445,24965
ML-DSA-44,keygen,876,458926,24774
ML-DSA-44,keygen,877,463889,25043
ML-DSA-44,keygen,878,459093,24784
ML-DSA-44,keygen,879,462481,24967
ML-DSA-44,keygen,880,461556,24917
ML-DSA-44,keygen,881,462537,24970
ML-DSA-44,keygen,882,461111,24892
ML-DSA-44,keygen,883,469778,25361
ML-DSA-44,keygen,884,458611,24757
ML-DSA-44,keygen,885,460426,24855
ML-DSA-44,keygen,886,460111,24838
ML-DSA-44,keygen,887,458871,24771
ML-DSA-44,keygen,888,458963,24777
ML-DSA-44,keygen,889,461741,24927
ML-DSA-44,keygen,890,461278,24901
ML-DSA-44,keygen,891,464092,25054
ML-DSA-44,keygen,892,470963,25423
ML-DSA-44,keygen,893,462037,24944
ML-DSA-44,keygen,894,459000,24779
ML-DSA-44,keygen,895,457889,24719
ML-DSA-44,keygen,896,461352,24906
ML-DSA-44,keygen,897,461982,24939
ML-DSA-44,keygen,898,458148,24732
ML-DSA-44,keygen,899,458037,24726
ML-DSA-44,keygen,900,470944,25423
ML-DSA-44,keygen,901,462222,24952
ML-DSA-44,keygen,902,462685,24978
ML-DSA-44,keygen,903,464130,25056
ML-DSA-44,keygen,904,460444,24856
ML-DSA-44,keygen,905,459982,24831
ML-DSA-44,keygen,906,460426,24856
ML-DSA-44,keygen,907,457519,24698
ML-DSA-44,keygen,908,461889,24935
ML-DSA-44,keygen,909,472315,25497
ML-DSA-44,keygen,910,458592,24757
ML-DSA-44,keygen,911,461556,24917
ML-DSA-44,keygen,912,461685,24925
ML-DSA-44,keygen,913,461500,24914
ML-DSA-44,keygen,914,458870,24771
ML-DSA-44,keygen,915,457981,24723
ML-DSA-44,keygen,916,461537,24915
ML-DSA-44,keygen,917,467056,25214
ML-DSA-44,keygen,918,462260,24955
ML-DSA-44,keygen,919,461574,24917
ML-DSA-44,keygen,920,459241,24792
ML-DSA-44,keygen,921,459037,24780
ML-DSA-44,keygen,922,456111,24623
ML-DSA-44,keygen,923,461426,24909
ML-DSA-44,keygen,924,460371,24853
ML-DSA-44,keygen,925,459204,24789
ML-DSA-44,keygen,926,469537,25347
ML-DSA-44,keygen,927,463463,25020
ML-DSA-44,keygen,928,461704,24924
ML-DSA-44,keygen,929,463888,25042
ML-DSA-44,keygen,930,460463,24858
ML-DSA-44,keygen,931,460074,24837
ML-DSA-44,keygen,932,461723,24925
ML-DSA-44,keygen,933,462481,24967
ML-DSA-44,keygen,934,465352,25121
ML-DSA-44,keygen,935,472019,25482
ML-DSA-44,keygen,936,461018,24887
ML-DSA-44,keygen,937,461722,24926
ML-DSA-44,keygen,938,457870,24718
ML-DSA-44,keygen,939,458777,24767
ML-DSA-44,keygen,940,462778,24983
ML-DSA-44,keygen,941,462926,24992
ML-DSA-44,keygen,942,457667,24706
ML-DSA-44,keygen,943,472019,25481
ML-DSA-44,keygen,944,464981,25101
ML-DSA-44,keygen,945,461648,24923
ML-DSA-44,keygen,946,460574,24863
ML-DSA-44,keygen,947,461426,24909
ML-DSA-44,keygen,948,459093,24783
ML-DSA-44,keygen,949,459167,24787
ML-DSA-44,keygen,950,459370,24799
ML-DSA-44,keygen,951,459203,24789
ML-DSA-44,keygen,952,473518,25563
ML-DSA-44,keygen,953,457315,24687
ML-DSA-44,keygen,954,459074,24783
ML-DSA-44,keygen,955,460000,24833
ML-DSA-44,keygen,956,459112,24784
ML-DSA-44,keygen,957,458889,24773
ML-DSA-44,keygen,958,461500,24913
ML-DSA-44,keygen,959,461611,24920
ML-DSA-44,keygen,960,470667,25409
ML-DSA-44,keygen,961,463204,25005
ML-DSA-44,keygen,962,460204,24844
ML-DSA-44,keygen,963,458574,24757
ML-DSA-44,keygen,964,460333,24851
ML-DSA-44,keygen,965,459203,24790
ML-DSA-44,keygen,966,461500,24913
ML-DSA-44,keygen,967,461444,24911
ML-DSA-44,keygen,968,457944,24721
ML-DSA-44,keygen,969,472833,25525
ML-DSA-44,keygen,970,462185,24950
ML-DSA-44,keygen,971,461407,24909
ML-DSA-44,keygen,972,461352,24906
ML-DSA-44,keygen,973,459315,24797
ML-DSA-44,keygen,974,462574,24971
ML-DSA-44,keygen,975,459092,24785
ML-DSA-44,keygen,976,461574,24918
ML-DSA-44,keygen,977,471204,25437
ML-DSA-44,keygen,978,459889,24827
ML-DSA-44,keygen,979,459167,24787
ML-DSA-44,keygen,980,460204,24844
ML-DSA-44,keygen,981,458889,24772
ML-DSA-44,keygen,982,463759,25036
ML-DSA-44,keygen,983,458722,24764
ML-DSA-44,keygen,984,460241,24845
ML-DSA-44,keygen,985,461667,24923
ML-DSA-44,keygen,986,472167,25490
ML-DSA-44,keygen,987,463555,25024
ML-DSA-44,keygen,988,460685,24870
ML-DSA-44,keygen,989,458871,24772
ML-DSA-44,keygen,990,458074,24729
ML-DSA-44,keygen,991,461815,24931
ML-DSA-44,keygen,992,460112,24838
ML-DSA-44,keygen,993,460260,24846
ML-DSA-44,keygen,994,457722,24709
ML-DSA-44,keygen,995,473314,25551
ML-DSA-44,keygen,996,462296,24957
ML-DSA-44,keygen,997,464297,25066
ML-DSA-44,keygen,998,458741,24765
ML-DSA-44,keygen,999,461223,24898
ML-DSA-44,sign,0,1709574,92308
ML-DSA-44,sign,1,2275685,122880
ML-DSA-44,sign,2,3304074,178412
ML-DSA-44,sign,3,1404037,75809
ML-DSA-44,sign,4,1140722,61591
ML-DSA-44,sign,5,1560148,84238
ML-DSA-44,sign,6,1045908,56472
ML-DSA-44,sign,7,6350833,342938
ML-DSA-44,sign,8,6840555,369383
ML-DSA-44,sign,9,7324389,395511
ML-DSA-44,sign,10,2007704,108409
ML-DSA-44,sign,11,1053834,56900
ML-DSA-44,sign,12,1044426,56393
ML-DSA-44,sign,13,2611074,140990
ML-DSA-44,sign,14,4906611,264950
ML-DSA-44,sign,15,1526537,82427
ML-DSA-44,sign,16,2016778,108897
ML-DSA-44,sign,17,2488648,134380
ML-DSA-44,sign,18,1053223,56867
ML-DSA-44,sign,19,2489426,134422
ML-DSA-44,sign,20,2979944,160909
ML-DSA-44,sign,21,1526463,82423
ML-DSA-44,sign,22,2979519,160887
ML-DSA-44,sign,23,1535741,82923
ML-DSA-44,sign,24,3944722,213007
ML-DSA-44,sign,25,2007686,108408
ML-DSA-44,sign,26,4424963,238941
ML-DSA-44,sign,27,7804908,421458
ML-DSA-44,sign,28,2017704,108948
ML-DSA-44,sign,29,1044556,56400
ML-DSA-44,sign,30,4424445,238913
ML-DSA-44,sign,31,1044981,56423
ML-DSA-44,sign,32,2504444,135231
ML-DSA-44,sign,33,4427093,239056
ML-DSA-44,sign,34,1044666,56405
ML-DSA-44,sign,35,3943037,212918
ML-DSA-44,sign,36,1044445,56394
ML-DSA-44,sign,37,1534593,82861
ML-DSA-44,sign,38,1526129,82404
ML-DSA-44,sign,39,1052944,56852
ML-DSA-44,sign,40,1044611,56403
ML-DSA-44,sign,41,1525056,82346
ML-DSA-44,sign,42,3461204,186898
ML-DSA-44,sign,43,1525963,82396
ML-DSA-44,sign,44,2497852,134877
ML-DSA-44,sign,45,1526185,82408
ML-DSA-44,sign,46,2016944,108908
ML-DSA-44,sign,47,1525760,82384
ML-DSA-44,sign,48,5395648,291358
ML-DSA-44,sign,49,1044518,56397
ML-DSA-44,sign,50,1043518,56344
ML-DSA-44,sign,51,3461037,186889
ML-DSA-44,sign,52,2500518,135020
ML-DSA-44,sign,53,6351612,342979
ML-DSA-44,sign,54,2018277,108980
ML-DSA-44,sign,55,1525945,82395
ML-DSA-44,sign,56,4424241,238900
ML-DSA-44,sign,57,2018296,108980
ML-DSA-44,sign,58,2007314,108389
ML-DSA-44,sign,59,1053574,56884
ML-DSA-44,sign,60,3453111,186461
ML-DSA-44,sign,61,2016315,108874
ML-DSA-44,sign,62,4425500,238971
ML-DSA-44,sign,63,1044444,56393
ML-DSA-44,sign,64,2016463,108883
ML-DSA-44,sign,65,1044870,56416
ML-DSA-44,sign,66,2980611,160947
ML-DSA-44,sign,67,1525888,82391
ML-DSA-44,sign,68,1044075,56373
ML-DSA-44,sign,69,6357740,343311
ML-DSA-44,sign,70,3462833,186986
ML-DSA-44,sign,71,2498000,134886
ML-DSA-44,sign,72,1044278,56384
ML-DSA-44,sign,73,1043334,56334
ML-DSA-44,sign,74,1043408,56337
ML-DSA-44,sign,75,2497982,134883
ML-DSA-44,sign,76,2499018,134940
ML-DSA-44,sign,77,1044944,56420
ML-DSA-44,sign,78,7321833,395372
ML-DSA-44,sign,79,1044722,56409
ML-DSA-44,sign,80,2498037,134886
ML-DSA-44,sign,81,5871870,317075
ML-DSA-44,sign,82,1526074,82402
ML-DSA-44,sign,83,1058722,57163
ML-DSA-44,sign,84,1044667,56404
ML-DSA-44,sign,85,1524741,82329
ML-DSA-44,sign,86,1054056,56911
ML-DSA-44,sign,87,2489260,134413
ML-DSA-44,sign,88,1043926,56366
ML-DSA-44,sign,89,3460500,186859
ML-DSA-44,sign,90,1535888,82932
ML-DSA-44,sign,91,2492426,134585
ML-DSA-44,sign,92,8774314,473807
ML-DSA-44,sign,93,4907149,264979
ML-DSA-44,sign,94,2489426,134422
ML-DSA-44,sign,95,2016260,108872
ML-DSA-44,sign,96,2981278,160982
ML-DSA-44,sign,97,5869760,316960
ML-DSA-44,sign,98,3461815,186931
ML-DSA-44,sign,99,2007834,108417
ML-DSA-44,sign,100,1535167,82890
ML-DSA-44,sign,101,2007778,108414
ML-DSA-44,sign,102,2497889,134880
ML-DSA-44,sign,103,2499222,134951
ML-DSA-44,sign,104,4425870,238989
ML-DSA-44,sign,105,1044629,56402
ML-DSA-44,sign,106,3461296,186902
ML-DSA-44,sign,107,2980407,160934
ML-DSA-44,sign,108,1525908,82393
ML-DSA-44,sign,109,2006814,108362
ML-DSA-44,sign,110,2497408,134853
ML-DSA-44,sign,111,3943648,212950
ML-DSA-44,sign,112,1044777,56411
ML-DSA-44,sign,113,1053315,56873
ML-DSA-44,sign,114,4424797,238933
ML-DSA-44,sign,115,1526148,82406
ML-DSA-44,sign,116,1043944,56367
ML-DSA-44,sign,117,1535556,82911
ML-DSA-44,sign,118,2489018,134400
ML-DSA-44,sign,119,4913722,265334
ML-DSA-44,sign,120,1526241,82410
ML-DSA-44,sign,121,3461314,186904
ML-DSA-44,sign,122,1044463,56395
ML-DSA-44,sign,123,4906019,264918
ML-DSA-44,sign,124,1053945,56905
ML-DSA-44,sign,125,1526129,82405
ML-DSA-44,sign,126,1525315,82360
ML-DSA-44,sign,127,1052888,56848
ML-DSA-44,sign,128,1044260,56383
ML-DSA-44,sign,129,3460833,186879
ML-DSA-44,sign,130,4425074,238947
ML-DSA-44,sign,131,4061185,219296
ML-DSA-44,sign,132,2980278,160929
ML-DSA-44,sign,133,2970481,160400
ML-DSA-44,sign,134,1534814,82873
ML-DSA-44,sign,135,2007352,108390
ML-DSA-44,sign,136,6839703,369337
ML-DSA-44,sign,137,1044889,56417
ML-DSA-44,sign,138,1043648,56350
ML-DSA-44,sign,139,2015667,108838
ML-DSA-44,sign,140,4424796,238931
ML-DSA-44,sign,141,1044593,56401
ML-DSA-44,sign,142,2497148,134840
ML-DSA-44,sign,143,1526149,82404
ML-DSA-44,sign,144,2979667,160895
ML-DSA-44,sign,145,1534814,82872
ML-DSA-44,sign,146,5018870,271012
ML-DSA-44,sign,147,2979111,160864
ML-DSA-44,sign,148,1044704,56408
ML-DSA-44,sign,149,4906223,264927
ML-DSA-44,sign,150,4905945,264915
ML-DSA-44,sign,151,5396056,291380
ML-DSA-44,sign,152,4425204,238954
ML-DSA-44,sign,153,5387723,290931
ML-DSA-44,sign,154,2980278,160927
ML-DSA-44,sign,155,3461944,186939
ML-DSA-44,sign,156,2007630,108406
ML-DSA-44,sign,157,2980111,160918
ML-DSA-44,sign,158,1044760,56411
ML-DSA-44,sign,159,1043371,56335
ML-DSA-44,sign,160,3461056,186890
ML-DSA-44,sign,161,1536092,82941
ML-DSA-44,sign,162,4906371,264937
ML-DSA-44,sign,163,2498555,134914
ML-DSA-44,sign,164,9248019,499386
ML-DSA-44,sign,165,1044093,56375
ML-DSA-44,sign,166,2017056,108914
ML-DSA-44,sign,167,2007611,108404
ML-DSA-44,sign,168,4424852,238935
ML-DSA-44,sign,169,2017722,108950
ML-DSA-44,sign,170,2971166,160435
ML-DSA-44,sign,171,1546666,83505
ML-DSA-44,sign,172,2492741,134602
ML-DSA-44,sign,173,2023851,109279
ML-DSA-44,sign,174,3466944,187208
ML-DSA-44,sign,175,3946703,213115
ML-DSA-44,sign,176,1526056,82400
ML-DSA-44,sign,177,1043370,56336
ML-DSA-44,sign,178,1053741,56895
ML-DSA-44,sign,179,2007370,108392
ML-DSA-44,sign,180,4424203,238899
ML-DSA-44,sign,181,2499111,134946
ML-DSA-44,sign,182,6359500,343407
ML-DSA-44,sign,183,1045093,56427
ML-DSA-44,sign,184,2487500,134318
ML-DSA-44,sign,185,4431870,239314
ML-DSA-44,sign,186,7313463,394920
ML-DSA-44,sign,187,3943074,212918
ML-DSA-44,sign,188,2017555,108941
ML-DSA-44,sign,189,1526148,82405
ML-DSA-44,sign,190,2979463,160883
ML-DSA-44,sign,191,1044444,56394
ML-DSA-44,sign,192,1053222,56866
ML-DSA-44,sign,193,2489056,134402
ML-DSA-44,sign,194,2498944,134937
ML-DSA-44,sign,195,2489370,134419
ML-DSA-44,sign,196,1053000,56855
ML-DSA-44,sign,197,1526148,82405
ML-DSA-44,sign,198,2979704,160897
ML-DSA-44,sign,199,1044556,56399
ML-DSA-44,sign,200,1043630,56350
ML-DSA-44,sign,201,1053389,56876
ML-DSA-44,sign,202,1526574,82429
ML-DSA-44,sign,203,1525074,82348
ML-DSA-44,sign,204,2978871,160851
ML-DSA-44,sign,205,3943334,212931
ML-DSA-44,sign,206,1044556,56399
ML-DSA-44,sign,207,1053056,56858
ML-DSA-44,sign,208,3451778,186390
ML-DSA-44,sign,209,1052963,56852
ML-DSA-44,sign,210,1044592,56402
ML-DSA-44,sign,211,3461000,186886
ML-DSA-44,sign,212,2007037,108372
ML-DSA-44,sign,213,3465555,187133
ML-DSA-44,sign,214,1054352,56929
ML-DSA-44,sign,215,3452074,186406
ML-DSA-44,sign,216,2979685,160894
ML-DSA-44,sign,217,2017796,108953
ML-DSA-44,sign,218,3944055,212973
ML-DSA-44,sign,219,10210204,551343
ML-DSA-44,sign,220,2504666,135244
ML-DSA-44,sign,221,1045203,56436
ML-DSA-44,sign,222,2498537,134915
ML-DSA-44,sign,223,8285093,447389
ML-DSA-44,sign,224,1526130,82403
ML-DSA-44,sign,225,2016852,108903
ML-DSA-44,sign,226,1526241,82410
ML-DSA-44,sign,227,1524519,82318
ML-DSA-44,sign,228,2497667,134866
ML-DSA-44,sign,229,5387722,290930
ML-DSA-44,sign,230,5876759,317338
ML-DSA-44,sign,231,2980537,160942
ML-DSA-44,sign,232,1044815,56412
ML-DSA-44,sign,233,1043407,56338
ML-DSA-44,sign,234,5876407,317319
ML-DSA-44,sign,235,3452148,186409
ML-DSA-44,sign,236,1052888,56847
ML-DSA-44,sign,237,2007315,108387
ML-DSA-44,sign,238,6358426,343348
ML-DSA-44,sign,239,1526222,82408
ML-DSA-44,sign,240,2016389,108877
ML-DSA-44,sign,241,1044686,56407
ML-DSA-44,sign,242,3941926,212857
ML-DSA-44,sign,243,5393926,291265
ML-DSA-44,sign,244,1056574,57048
ML-DSA-44,sign,245,4906648,264952
ML-DSA-44,sign,246,2489092,134404
ML-DSA-44,sign,247,1534741,82867
ML-DSA-44,sign,248,2007556,108402
ML-DSA-44,sign,249,1535333,82900
ML-DSA-44,sign,250,3462000,186940
ML-DSA-44,sign,251,1044852,56415
ML-DSA-44,sign,252,4905500,264890
ML-DSA-44,sign,253,2499056,134942
ML-DSA-44,sign,254,1526019,82399
ML-DSA-44,sign,255,1043611,56349
ML-DSA-44,sign,256,2042018,110259
ML-DSA-44,sign,257,5389907,291050
ML-DSA-44,sign,258,16005314,864282
ML-DSA-44,sign,259,1541185,83216
ML-DSA-44,sign,260,2489500,134427
ML-DSA-44,sign,261,2979240,160873
ML-DSA-44,sign,262,4423796,238878
ML-DSA-44,sign,263,4908000,265025
ML-DSA-44,sign,264,2017704,108949
ML-DSA-44,sign,265,1526388,82418
ML-DSA-44,sign,266,3942315,212879
ML-DSA-44,sign,267,1044593,56400
ML-DSA-44,sign,268,1052834,56846
ML-DSA-44,sign,269,9247537,499360
ML-DSA-44,sign,270,1526519,82425
ML-DSA-44,sign,271,1053815,56898
ML-DSA-44,sign,272,2007408,108393
ML-DSA-44,sign,273,3461315,186904
ML-DSA-44,sign,274,1525796,82387
ML-DSA-44,sign,275,1535260,82896
ML-DSA-44,sign,276,3944000,212968
ML-DSA-44,sign,277,1044740,56410
ML-DSA-44,sign,278,2498370,134906
ML-DSA-44,sign,279,3461259,186901
ML-DSA-44,sign,280,1526278,82411
ML-DSA-44,sign,281,1525482,82370
ML-DSA-44,sign,282,10699389,577760
ML-DSA-44,sign,283,1044240,56383
ML-DSA-44,sign,284,1043722,56355
ML-DSA-44,sign,285,3460611,186865
ML-DSA-44,sign,286,2980185,160922
ML-DSA-44,sign,287,2498519,134913
ML-DSA-44,sign,288,10211259,551402
ML-DSA-44,sign,289,1536092,82943
ML-DSA-44,sign,290,3461574,186918
ML-DSA-44,sign,291,2006944,108368
ML-DSA-44,sign,292,1042981,56314
ML-DSA-44,sign,293,2979371,160879
ML-DSA-44,sign,294,2498981,134937
ML-DSA-44,sign,295,3461982,186940
ML-DSA-44,sign,296,2007611,108404
ML-DSA-44,sign,297,1524667,82325
ML-DSA-44,sign,298,2497815,134874
ML-DSA-44,sign,299,1525778,82385
ML-DSA-44,sign,300,3460611,186865
ML-DSA-44,sign,301,5882907,317669
ML-DSA-44,sign,302,2489111,134405
ML-DSA-44,sign,303,2979444,160884
ML-DSA-44,sign,304,1044686,56406
ML-DSA-44,sign,305,2497574,134862
ML-DSA-44,sign,306,1525611,82375
ML-DSA-44,sign,307,2016074,108861
ML-DSA-44,sign,308,2007278,108387
ML-DSA-44,sign,309,4912629,265275
ML-DSA-44,sign,310,1044759,56410
ML-DSA-44,sign,311,1524759,82330
ML-DSA-44,sign,312,1053482,56880
ML-DSA-44,sign,313,11656148,629425
ML-DSA-44,sign,314,2498444,134908
ML-DSA-44,sign,315,1044056,56372
ML-DSA-44,sign,316,2497852,134877
ML-DSA-44,sign,317,1525685,82381
ML-DSA-44,sign,318,3460426,186856
ML-DSA-44,sign,319,1044889,56418
ML-DSA-44,sign,320,1534463,82853
ML-DSA-44,sign,321,1044870,56416
ML-DSA-44,sign,322,1043185,56326
ML-DSA-44,sign,323,2016315,108874
ML-DSA-44,sign,324,1044667,56405
ML-DSA-44,sign,325,1535056,82879
ML-DSA-44,sign,326,3943426,212939
ML-DSA-44,sign,327,3942982,212915
ML-DSA-44,sign,328,1525982,82396
ML-DSA-44,sign,329,1525056,82346
ML-DSA-44,sign,330,1053130,56861
ML-DSA-44,sign,331,1044463,56394
ML-DSA-44,sign,332,3941944,212859
ML-DSA-44,sign,333,3465056,187105
ML-DSA-44,sign,334,5388185,290954
ML-DSA-44,sign,335,1528908,82554
ML-DSA-44,sign,336,5395537,291353
ML-DSA-44,sign,337,2007463,108396
ML-DSA-44,sign,338,2979389,160879
ML-DSA-44,sign,339,1526092,82402
ML-DSA-44,sign,340,1534741,82868
ML-DSA-44,sign,341,2489241,134412
ML-DSA-44,sign,342,2015944,108854
ML-DSA-44,sign,343,1526222,82408
ML-DSA-44,sign,344,2016981,108909
ML-DSA-44,sign,345,1525685,82379
ML-DSA-44,sign,346,2017240,108923
ML-DSA-44,sign,347,2970537,160402
ML-DSA-44,sign,348,1053074,56858
ML-DSA-44,sign,349,1044722,56407
ML-DSA-44,sign,350,1043760,56356
ML-DSA-44,sign,351,1043611,56349
ML-DSA-44,sign,352,2497389,134851
ML-DSA-44,sign,353,2129778,115001
ML-DSA-44,sign,354,1044259,56382
ML-DSA-44,sign,355,1043426,56337
ML-DSA-44,sign,356,1540871,83198
ML-DSA-44,sign,357,8767481,473437
ML-DSA-44,sign,358,3942592,212892
ML-DSA-44,sign,359,1526166,82406
ML-DSA-44,sign,360,1043629,56349
ML-DSA-44,sign,361,1053463,56878
ML-DSA-44,sign,362,2006982,108370
ML-DSA-44,sign,363,1043056,56319
ML-DSA-44,sign,364,2015981,108856
ML-DSA-44,sign,365,1044760,56410
ML-DSA-44,sign,366,1534463,82854
ML-DSA-44,sign,367,3083037,166477
ML-DSA-44,sign,368,2497370,134852
ML-DSA-44,sign,369,1526000,82398
ML-DSA-44,sign,370,1053037,56855
ML-DSA-44,sign,371,1044740,56409
ML-DSA-44,sign,372,1043741,56356
ML-DSA-44,sign,373,1043426,56339
ML-DSA-44,sign,374,2016908,108907
ML-DSA-44,sign,375,1044445,56393
ML-DSA-44,sign,376,4905019,264863
ML-DSA-44,sign,377,2017389,108932
ML-DSA-44,sign,378,5388166,290954
ML-DSA-44,sign,379,2498722,134925
ML-DSA-44,sign,380,1044204,56380
ML-DSA-44,sign,381,2498149,134893
ML-DSA-44,sign,382,2007111,108378
ML-DSA-44,sign,383,2016833,108900
ML-DSA-44,sign,384,1044629,56403
ML-DSA-44,sign,385,8765722,473342
ML-DSA-44,sign,386,1044611,56402
ML-DSA-44,sign,387,1053074,56857
ML-DSA-44,sign,388,1044296,56385
ML-DSA-44,sign,389,1524741,82329
ML-DSA-44,sign,390,2497926,134880
ML-DSA-44,sign,391,2690315,145268
ML-DSA-44,sign,392,1528574,82537
ML-DSA-44,sign,393,2499629,134973
ML-DSA-44,sign,394,2508593,135456
ML-DSA-44,sign,395,1536667,82973
ML-DSA-44,sign,396,3943445,212938
ML-DSA-44,sign,397,2970370,160393
ML-DSA-44,sign,398,1120463,60498
ML-DSA-44,sign,399,5020556,271103
ML-DSA-44,sign,400,2007870,108419
ML-DSA-44,sign,401,2015945,108854
ML-DSA-44,sign,402,1044593,56402
ML-DSA-44,sign,403,4229407,228378
ML-DSA-44,sign,404,1167926,63060
ML-DSA-44,sign,405,2225851,120188
ML-DSA-44,sign,406,8024575,433317
ML-DSA-44,sign,407,3484130,188134
ML-DSA-44,sign,408,2018815,109010
ML-DSA-44,sign,409,2008315,108441
ML-DSA-44,sign,410,2016648,108892
ML-DSA-44,sign,411,1044556,56399
ML-DSA-44,sign,412,2488092,134350
ML-DSA-44,sign,413,1124815,60733
ML-DSA-44,sign,414,5870370,316994
ML-DSA-44,sign,415,4425908,238992
ML-DSA-44,sign,416,5401908,291693
ML-DSA-44,sign,417,1654296,89323
ML-DSA-44,sign,418,2278315,123020
ML-DSA-44,sign,419,7020537,379100
ML-DSA-44,sign,420,1537907,83041
ML-DSA-44,sign,421,10710555,578363
ML-DSA-44,sign,422,1132148,61128
ML-DSA-44,sign,423,1526612,82431
ML-DSA-44,sign,424,3943074,212918
ML-DSA-44,sign,425,3461815,186931
ML-DSA-44,sign,426,1526037,82399
ML-DSA-44,sign,427,2840000,153350
ML-DSA-44,sign,428,4867629,262843
ML-DSA-44,sign,429,1170944,63222
ML-DSA-44,sign,430,3841240,207419
ML-DSA-44,sign,431,1401703,75685
ML-DSA-44,sign,432,5504389,297228
ML-DSA-44,sign,433,2980388,160933
ML-DSA-44,sign,434,1044371,56389
ML-DSA-44,sign,435,5395518,291351
ML-DSA-44,sign,436,2007908,108419
ML-DSA-44,sign,437,2498945,134936
ML-DSA-44,sign,438,1525592,82374
ML-DSA-44,sign,439,2980093,160917
ML-DSA-44,sign,440,4906425,264940
ML-DSA-44,sign,441,1044796,56411
ML-DSA-44,sign,442,1053203,56866
ML-DSA-44,sign,443,4424760,238929
ML-DSA-44,sign,444,1044667,56405
ML-DSA-44,sign,445,1524686,82327
ML-DSA-44,sign,446,1053315,56873
ML-DSA-44,sign,447,3942574,212893
ML-DSA-44,sign,448,1044667,56406
ML-DSA-44,sign,449,1043648,56351
ML-DSA-44,sign,450,2022296,109194
ML-DSA-44,sign,451,1526129,82405
ML-DSA-44,sign,452,1524963,82341
ML-DSA-44,sign,453,2497666,134868
ML-DSA-44,sign,454,1044204,56379
ML-DSA-44,sign,455,2497592,134864
ML-DSA-44,sign,456,2006926,108367
ML-DSA-44,sign,457,2020092,109077
ML-DSA-44,sign,458,1525907,82393
ML-DSA-44,sign,459,3460463,186859
ML-DSA-44,sign,460,2980408,160935
ML-DSA-44,sign,461,5388148,290952
ML-DSA-44,sign,462,1054463,56933
ML-DSA-44,sign,463,2007667,108407
ML-DSA-44,sign,464,2016722,108896
ML-DSA-44,sign,465,1044463,56394
ML-DSA-44,sign,466,2487741,134331
ML-DSA-44,sign,467,2497240,134844
ML-DSA-44,sign,468,2016649,108892
ML-DSA-44,sign,469,1526056,82399
ML-DSA-44,sign,470,1524889,82338
ML-DSA-44,sign,471,2497426,134855
ML-DSA-44,sign,472,1044259,56383
ML-DSA-44,sign,473,1536185,82947
ML-DSA-44,sign,474,4906370,264937
ML-DSA-44,sign,475,4906037,264918
ML-DSA-44,sign,476,3461630,186920
ML-DSA-44,sign,477,1044425,56392
ML-DSA-44,sign,478,1043167,56323
ML-DSA-44,sign,479,1053093,56859
ML-DSA-44,sign,480,1044278,56384
ML-DSA-44,sign,481,3943018,212916
ML-DSA-44,sign,482,3461759,186927
ML-DSA-44,sign,483,1526185,82407
ML-DSA-44,sign,484,1043185,56325
ML-DSA-44,sign,485,4432056,239324
ML-DSA-44,sign,486,1044389,56390
ML-DSA-44,sign,487,5387889,290940
ML-DSA-44,sign,488,1044500,56397
ML-DSA-44,sign,489,1534445,82853
ML-DSA-44,sign,490,2007204,108381
ML-DSA-44,sign,491,1052870,56847
ML-DSA-44,sign,492,3451834,186392
ML-DSA-44,sign,493,1053296,56871
ML-DSA-44,sign,494,1044518,56397
ML-DSA-44,sign,495,3942278,212875
ML-DSA-44,sign,496,2016204,108869
ML-DSA-44,sign,497,1525759,82384
ML-DSA-44,sign,498,1043704,56354
ML-DSA-44,sign,499,1043537,56344
ML-DSA-44,sign,500,2016055,108859
ML-DSA-44,sign,501,1044630,56402
ML-DSA-44,sign,502,1534797,82872
ML-DSA-44,sign,503,1044204,56381
ML-DSA-44,sign,504,2979019,160859
ML-DSA-44,sign,505,1525889,82390
ML-DSA-44,sign,506,1043445,56339
ML-DSA-44,sign,507,2980259,160926
ML-DSA-44,sign,508,7809722,421718
ML-DSA-44,sign,509,1526630,82432
ML-DSA-44,sign,510,1053686,56892
ML-DSA-44,sign,511,1044278,56385
ML-DSA-44,sign,512,1043148,56323
ML-DSA-44,sign,513,3460167,186841
ML-DSA-44,sign,514,1044019,56371
ML-DSA-44,sign,515,1535648,82919
ML-DSA-44,sign,516,4424315,238906
ML-DSA-44,sign,517,5869352,316939
ML-DSA-44,sign,518,1044574,56400
ML-DSA-44,sign,519,3941834,212851
ML-DSA-44,sign,520,1053222,56865
ML-DSA-44,sign,521,3461907,186935
ML-DSA-44,sign,522,2489167,134408
ML-DSA-44,sign,523,1043056,56318
ML-DSA-44,sign,524,1534352,82847
ML-DSA-44,sign,525,2488482,134372
ML-DSA-44,sign,526,7320148,395282
ML-DSA-44,sign,527,8765778,473345
ML-DSA-44,sign,528,1535296,82899
ML-DSA-44,sign,529,4906389,264938
ML-DSA-44,sign,530,2017556,108941
ML-DSA-44,sign,531,7313444,394920
ML-DSA-44,sign,532,5395241,291335
ML-DSA-44,sign,533,3462259,186956
ML-DSA-44,sign,534,1526371,82418
ML-DSA-44,sign,535,1043852,56361
ML-DSA-44,sign,536,2497907,134880
ML-DSA-44,sign,537,1526167,82405
ML-DSA-44,sign,538,7321315,395344
ML-DSA-44,sign,539,2018722,109003
ML-DSA-44,sign,540,2007240,108385
ML-DSA-44,sign,541,2016796,108900
ML-DSA-44,sign,542,1044056,56373
ML-DSA-44,sign,543,5017889,270959
ML-DSA-44,sign,544,1536241,82950
ML-DSA-44,sign,545,2970611,160405
ML-DSA-44,sign,546,1053519,56882
ML-DSA-44,sign,547,1044685,56406
ML-DSA-44,sign,548,1525278,82358
ML-DSA-44,sign,549,3460648,186868
ML-DSA-44,sign,550,2504593,135239
ML-DSA-44,sign,551,1526278,82413
ML-DSA-44,sign,552,1044000,56369
ML-DSA-44,sign,553,1053186,56865
ML-DSA-44,sign,554,2971056,160431
ML-DSA-44,sign,555,2979056,160861
ML-DSA-44,sign,556,1525445,82366
ML-DSA-44,sign,557,2979981,160911
ML-DSA-44,sign,558,1536333,82955
ML-DSA-44,sign,559,2488889,134393
ML-DSA-44,sign,560,6357889,343319
ML-DSA-44,sign,561,2980666,160948
ML-DSA-44,sign,562,3451296,186363
ML-DSA-44,sign,563,4431259,239280
ML-DSA-44,sign,564,1525962,82396
ML-DSA-44,sign,565,2979815,160903
ML-DSA-44,sign,566,3461907,186935
ML-DSA-44,sign,567,1526074,82401
ML-DSA-44,sign,568,9729537,525388
ML-DSA-44,sign,569,1054056,56913
ML-DSA-44,sign,570,1526278,82411
ML-DSA-44,sign,571,2979723,160897
ML-DSA-44,sign,572,4425037,238945
ML-DSA-44,sign,573,2007592,108403
ML-DSA-44,sign,574,2497426,134855
ML-DSA-44,sign,575,3461574,186919
ML-DSA-44,sign,576,2488963,134397
ML-DSA-44,sign,577,2016000,108856
ML-DSA-44,sign,578,1525222,82356
ML-DSA-44,sign,579,5878778,317447
ML-DSA-44,sign,580,1525834,82388
ML-DSA-44,sign,581,2497500,134859
ML-DSA-44,sign,582,1525833,82388
ML-DSA-44,sign,583,2016463,108881
ML-DSA-44,sign,584,6350278,342909
ML-DSA-44,sign,585,3461167,186895
ML-DSA-44,sign,586,1535815,82927
ML-DSA-44,sign,587,3943556,212945
ML-DSA-44,sign,588,1044611,56402
ML-DSA-44,sign,589,2006537,108346
ML-DSA-44,sign,590,1053186,56864
ML-DSA-44,sign,591,1044703,56408
ML-DSA-44,sign,592,2487963,134343
ML-DSA-44,sign,593,2497444,134854
ML-DSA-44,sign,594,2498796,134928
ML-DSA-44,sign,595,1044481,56395
ML-DSA-44,sign,596,5874444,317211
ML-DSA-44,sign,597,3462260,186955
ML-DSA-44,sign,598,1535852,82928
ML-DSA-44,sign,599,2007500,108397
ML-DSA-44,sign,600,1043352,56335
ML-DSA-44,sign,601,1534481,82854
ML-DSA-44,sign,602,2007648,108407
ML-DSA-44,sign,603,1534870,82876
ML-DSA-44,sign,604,1044426,56392
ML-DSA-44,sign,605,3942834,212906
ML-DSA-44,sign,606,5981444,322990
ML-DSA-44,sign,607,1053666,56891
ML-DSA-44,sign,608,1044203,56380
ML-DSA-44,sign,609,2015481,108830
ML-DSA-44,sign,610,11654686,629346
ML-DSA-44,sign,611,3942833,212906
ML-DSA-44,sign,612,1053574,56886
ML-DSA-44,sign,613,2007056,108373
ML-DSA-44,sign,614,3942833,212906
ML-DSA-44,sign,615,3942925,212912
ML-DSA-44,sign,616,2017667,108945
ML-DSA-44,sign,617,3461185,186898
ML-DSA-44,sign,618,8284500,447357
ML-DSA-44,sign,619,2970611,160407
ML-DSA-44,sign,620,2978759,160845
ML-DSA-44,sign,621,2498611,134918
ML-DSA-44,sign,622,1043963,56367
ML-DSA-44,sign,623,2979870,160905
ML-DSA-44,sign,624,2007296,108386
ML-DSA-44,sign,625,3943000,212916
ML-DSA-44,sign,626,1044426,56392
ML-DSA-44,sign,627,2016167,108866
ML-DSA-44,sign,628,1044444,56393
ML-DSA-44,sign,629,3942796,212903
ML-DSA-44,sign,630,2498611,134918
ML-DSA-44,sign,631,1525778,82385
ML-DSA-44,sign,632,5394982,291322
ML-DSA-44,sign,633,1525685,82379
ML-DSA-44,sign,634,1043666,56352
ML-DSA-44,sign,635,1043371,56335
ML-DSA-44,sign,636,3941407,212829
ML-DSA-44,sign,637,2980000,160912
ML-DSA-44,sign,638,1536778,82980
ML-DSA-44,sign,639,1044389,56389
ML-DSA-44,sign,640,2006703,108354
ML-DSA-44,sign,641,1539445,83123
ML-DSA-44,sign,642,1044667,56406
ML-DSA-44,sign,643,1043629,56349
ML-DSA-44,sign,644,1535019,82884
ML-DSA-44,sign,645,1044223,56381
ML-DSA-44,sign,646,1524870,82336
ML-DSA-44,sign,647,1558408,84148
ML-DSA-44,sign,648,2008481,108451
ML-DSA-44,sign,649,5397092,291436
ML-DSA-44,sign,650,2970185,160384
ML-DSA-44,sign,651,1535556,82912
ML-DSA-44,sign,652,1525648,82378
ML-DSA-44,sign,653,1043944,56365
ML-DSA-44,sign,654,3941667,212843
ML-DSA-44,sign,655,4913704,265333
ML-DSA-44,sign,656,2489037,134401
ML-DSA-44,sign,657,2016537,108886
ML-DSA-44,sign,658,1044648,56404
ML-DSA-44,sign,659,4423315,238853
ML-DSA-44,sign,660,2017222,108923
ML-DSA-44,sign,661,4425907,238993
ML-DSA-44,sign,662,3462056,186943
ML-DSA-44,sign,663,1526296,82412
ML-DSA-44,sign,664,2006092,108323
ML-DSA-44,sign,665,1534352,82847
ML-DSA-44,sign,666,2007389,108392
ML-DSA-44,sign,667,1054018,56909
ML-DSA-44,sign,668,1525926,82393
ML-DSA-44,sign,669,2006537,108345
ML-DSA-44,sign,670,1534371,82849
ML-DSA-44,sign,671,2007185,108381
ML-DSA-44,sign,672,4913019,265296
ML-DSA-44,sign,673,2970630,160408
ML-DSA-44,sign,674,5394352,291288
ML-DSA-44,sign,675,1526018,82399
ML-DSA-44,sign,676,2017203,108921
ML-DSA-44,sign,677,4424389,238911
ML-DSA-44,sign,678,1044370,56388
ML-DSA-44,sign,679,1043259,56329
ML-DSA-44,sign,680,2497889,134880
ML-DSA-44,sign,681,1044463,56393
ML-DSA-44,sign,682,1043778,56358
ML-DSA-44,sign,683,5394574,291301
ML-DSA-44,sign,684,2007575,108402
ML-DSA-44,sign,685,1535018,82882
ML-DSA-44,sign,686,1044981,56423
ML-DSA-44,sign,687,2487889,134339
ML-DSA-44,sign,688,1053370,56873
ML-DSA-44,sign,689,1525889,82391
ML-DSA-44,sign,690,3942000,212861
ML-DSA-44,sign,691,2016926,108906
ML-DSA-44,sign,692,3452277,186416
ML-DSA-44,sign,693,1534685,82864
ML-DSA-44,sign,694,2007185,108382
ML-DSA-44,sign,695,2021425,109149
ML-DSA-44,sign,696,1044630,56403
ML-DSA-44,sign,697,1043315,56332
ML-DSA-44,sign,698,5394055,291272
ML-DSA-44,sign,699,1044556,56399
ML-DSA-44,sign,700,5868629,316899
ML-DSA-44,sign,701,1056537,57047
ML-DSA-44,sign,702,1525797,82386
ML-DSA-44,sign,703,1525018,82345
ML-DSA-44,sign,704,3460611,186865
ML-DSA-44,sign,705,1054444,56933
ML-DSA-44,sign,706,1525796,82386
ML-DSA-44,sign,707,2498148,134893
ML-DSA-44,sign,708,2488629,134379
ML-DSA-44,sign,709,4905426,264886
ML-DSA-44,sign,710,4544778,245411
ML-DSA-44,sign,711,1044426,56392
ML-DSA-44,sign,712,1043389,56335
ML-DSA-44,sign,713,1043444,56339
ML-DSA-44,sign,714,1097870,59276
ML-DSA-44,sign,715,3944907,213018
ML-DSA-44,sign,716,4425222,238954
ML-DSA-44,sign,717,1526037,82398
ML-DSA-44,sign,718,5386722,290877
ML-DSA-44,sign,719,9254667,499745
ML-DSA-44,sign,720,1044907,56418
ML-DSA-44,sign,721,1524593,82321
ML-DSA-44,sign,722,1534815,82872
ML-DSA-44,sign,723,1044111,56376
ML-DSA-44,sign,724,1043555,56344
ML-DSA-44,sign,725,4912240,265255
ML-DSA-44,sign,726,2007314,108388
ML-DSA-44,sign,727,1043333,56334
ML-DSA-44,sign,728,3461222,186900
ML-DSA-44,sign,729,1043982,56368
ML-DSA-44,sign,730,3460871,186880
ML-DSA-44,sign,731,2498982,134936
ML-DSA-44,sign,732,2980889,160961
ML-DSA-44,sign,733,1044482,56395
ML-DSA-44,sign,734,1525167,82353
ML-DSA-44,sign,735,4913074,265300
ML-DSA-44,sign,736,2007851,108417
ML-DSA-44,sign,737,5875870,317289
ML-DSA-44,sign,738,3943297,212931
ML-DSA-44,sign,739,4425055,238946
ML-DSA-44,sign,740,2970222,160385
ML-DSA-44,sign,741,1058703,57162
ML-DSA-44,sign,742,1045055,56427
ML-DSA-44,sign,743,1524463,82314
ML-DSA-44,sign,744,5394704,291307
ML-DSA-44,sign,745,2488703,134383
ML-DSA-44,sign,746,2016426,108880
ML-DSA-44,sign,747,5387778,290933
ML-DSA-44,sign,748,1044592,56401
ML-DSA-44,sign,749,4913000,265296
ML-DSA-44,sign,750,4425074,238946
ML-DSA-44,sign,751,2489056,134402
ML-DSA-44,sign,752,1053426,56879
ML-DSA-44,sign,753,1525722,82381
ML-DSA-44,sign,754,2015611,108835
ML-DSA-44,sign,755,3451667,186383
ML-DSA-44,sign,756,2979537,160887
ML-DSA-44,sign,757,2017240,108924
ML-DSA-44,sign,758,1044351,56389
ML-DSA-44,sign,759,4536833,244981
ML-DSA-44,sign,760,1525815,82388
ML-DSA-44,sign,761,2016074,108861
ML-DSA-44,sign,762,2980408,160935
ML-DSA-44,sign,763,1525685,82381
ML-DSA-44,sign,764,2016556,108886
ML-DSA-44,sign,765,1526000,82396
ML-DSA-44,sign,766,1524759,82331
ML-DSA-44,sign,767,2015740,108842
ML-DSA-44,sign,768,3943407,212937
ML-DSA-44,sign,769,4906463,264942
ML-DSA-44,sign,770,2499130,134946
ML-DSA-44,sign,771,2007667,108408
ML-DSA-44,sign,772,2016981,108909
ML-DSA-44,sign,773,3462000,186940
ML-DSA-44,sign,774,7313500,394922
ML-DSA-44,sign,775,2979741,160900
ML-DSA-44,sign,776,1044389,56390
ML-DSA-44,sign,777,7320556,395303
ML-DSA-44,sign,778,3461611,186920
ML-DSA-44,sign,779,1044129,56376
ML-DSA-44,sign,780,2017388,108932
ML-DSA-44,sign,781,1044630,56404
ML-DSA-44,sign,782,1524907,82338
ML-DSA-44,sign,783,2016426,108880
ML-DSA-44,sign,784,1526111,82404
ML-DSA-44,sign,785,1053667,56890
ML-DSA-44,sign,786,1044333,56387
ML-DSA-44,sign,787,1043759,56356
ML-DSA-44,sign,788,3461333,186905
ML-DSA-44,sign,789,2504129,135216
ML-DSA-44,sign,790,1045130,56431
ML-DSA-44,sign,791,1043834,56361
ML-DSA-44,sign,792,2016167,108866
ML-DSA-44,sign,793,4907759,265013
ML-DSA-44,sign,794,1525815,82387
ML-DSA-44,sign,795,1534741,82868
ML-DSA-44,sign,796,5388074,290949
ML-DSA-44,sign,797,2980260,160928
ML-DSA-44,sign,798,3461945,186938
ML-DSA-44,sign,799,3082352,166441
ML-DSA-44,sign,800,1534814,82872
ML-DSA-44,sign,801,3461630,186921
ML-DSA-44,sign,802,2488741,134385
ML-DSA-44,sign,803,1052944,56851
ML-DSA-44,sign,804,1526148,82406
ML-DSA-44,sign,805,1043741,56355
ML-DSA-44,sign,806,3941963,212858
ML-DSA-44,sign,807,2499926,134990
ML-DSA-44,sign,808,1526260,82411
ML-DSA-44,sign,809,2498278,134900
ML-DSA-44,sign,810,4424667,238925
ML-DSA-44,sign,811,1044278,56385
ML-DSA-44,sign,812,6358074,343328
ML-DSA-44,sign,813,3461556,186918
ML-DSA-44,sign,814,5387667,290928
ML-DSA-44,sign,815,2006815,108362
ML-DSA-44,sign,816,3460666,186868
ML-DSA-44,sign,817,2979796,160901
ML-DSA-44,sign,818,1044796,56413
ML-DSA-44,sign,819,1534815,82873
ML-DSA-44,sign,820,1525834,82388
ML-DSA-44,sign,821,5386722,290876
ML-DSA-44,sign,822,2016722,108896
ML-DSA-44,sign,823,1047019,56532
ML-DSA-44,sign,824,1053593,56887
ML-DSA-44,sign,825,2488334,134363
ML-DSA-44,sign,826,3460352,186852
ML-DSA-44,sign,827,1525574,82373
ML-DSA-44,sign,828,2497537,134859
ML-DSA-44,sign,829,3462314,186958
ML-DSA-44,sign,830,2497630,134865
ML-DSA-44,sign,831,1044704,56407
ML-DSA-44,sign,832,1524389,82310
ML-DSA-44,sign,833,6053666,326889
ML-DSA-44,sign,834,3946648,213113
ML-DSA-44,sign,835,1044556,56399
ML-DSA-44,sign,836,3003130,162160
ML-DSA-44,sign,837,1045556,56453
ML-DSA-44,sign,838,1524889,82337
ML-DSA-44,sign,839,1535778,82925
ML-DSA-44,sign,840,2007093,108376
ML-DSA-44,sign,841,2083888,112523
ML-DSA-44,sign,842,1526870,82444
ML-DSA-44,sign,843,1525092,82349
ML-DSA-44,sign,844,1534981,82882
ML-DSA-44,sign,845,1044444,56394
ML-DSA-44,sign,846,2016407,108879
ML-DSA-44,sign,847,1044778,56411
ML-DSA-44,sign,848,1044148,56378
ML-DSA-44,sign,849,1043833,56360
ML-DSA-44,sign,850,1266889,68402
ML-DSA-44,sign,851,3161426,170707
ML-DSA-44,sign,852,1098981,59337
ML-DSA-44,sign,853,1204704,65047
ML-DSA-44,sign,854,1196093,64583
ML-DSA-44,sign,855,2405833,129906
ML-DSA-44,sign,856,4587592,247721
ML-DSA-44,sign,857,2995500,161750
ML-DSA-44,sign,858,1045741,56462
ML-DSA-44,sign,859,4426037,238998
ML-DSA-44,sign,860,4985685,269219
ML-DSA-44,sign,861,3453055,186458
ML-DSA-44,sign,862,2979408,160880
ML-DSA-44,sign,863,3461278,186903
ML-DSA-44,sign,864,1525796,82386
ML-DSA-44,sign,865,1802241,97310
ML-DSA-44,sign,866,1608463,86848
ML-DSA-44,sign,867,1197149,64639
ML-DSA-44,sign,868,4332463,233944
ML-DSA-44,sign,869,2522277,136194
ML-DSA-44,sign,870,1694075,91472
ML-DSA-44,sign,871,1046074,56482
ML-DSA-44,sign,872,2007296,108388
ML-DSA-44,sign,873,10236463,552762
ML-DSA-44,sign,874,4503963,243206
ML-DSA-44,sign,875,3463314,187012
ML-DSA-44,sign,876,2016907,108906
ML-DSA-44,sign,877,2007592,108403
ML-DSA-44,sign,878,4285760,231422
ML-DSA-44,sign,879,1143592,61746
ML-DSA-44,sign,880,1238241,66858
ML-DSA-44,sign,881,2172444,117304
ML-DSA-44,sign,882,1653333,89271
ML-DSA-44,sign,883,6214908,335596
ML-DSA-44,sign,884,3003278,162168
ML-DSA-44,sign,885,2499963,134990
ML-DSA-44,sign,886,1044760,56410
ML-DSA-44,sign,887,4428815,239149
ML-DSA-44,sign,888,1045185,56433
ML-DSA-44,sign,889,1534982,82881
ML-DSA-44,sign,890,3942944,212912
ML-DSA-44,sign,891,5389018,291001
ML-DSA-44,sign,892,1044759,56410
ML-DSA-44,sign,893,2497740,134872
ML-DSA-44,sign,894,4906537,264946
ML-DSA-44,sign,895,4906111,264923
ML-DSA-44,sign,896,2499222,134949
ML-DSA-44,sign,897,1526722,82435
ML-DSA-44,sign,898,2498241,134899
ML-DSA-44,sign,899,1526148,82405
ML-DSA-44,sign,900,2979445,160883
ML-DSA-44,sign,901,2980944,160963
ML-DSA-44,sign,902,1044185,56379
ML-DSA-44,sign,903,6840704,369392
ML-DSA-44,sign,904,8767481,473436
ML-DSA-44,sign,905,3462741,186982
ML-DSA-44,sign,906,2006963,108369
ML-DSA-44,sign,907,1052907,56849
ML-DSA-44,sign,908,1044593,56401
ML-DSA-44,sign,909,1524907,82338
ML-DSA-44,sign,910,2016834,108903
ML-DSA-44,sign,911,6350926,342943
ML-DSA-44,sign,912,1054074,56912
ML-DSA-44,sign,913,1045093,56427
ML-DSA-44,sign,914,1525111,82349
ML-DSA-44,sign,915,1043611,56347
ML-DSA-44,sign,916,1534370,82848
ML-DSA-44,sign,917,1526314,82413
ML-DSA-44,sign,918,1535926,82934
ML-DSA-44,sign,919,1526241,82410
ML-DSA-44,sign,920,2980260,160926
ML-DSA-44,sign,921,1044389,56390
ML-DSA-44,sign,922,3942222,212874
ML-DSA-44,sign,923,1526185,82408
ML-DSA-44,sign,924,1534186,82838
ML-DSA-44,sign,925,1044277,56383
ML-DSA-44,sign,926,2979185,160870
ML-DSA-44,sign,927,7804166,421419
ML-DSA-44,sign,928,7916444,427482
ML-DSA-44,sign,929,1044611,56403
ML-DSA-44,sign,930,3943149,212923
ML-DSA-44,sign,931,2503926,135205
ML-DSA-44,sign,932,2008185,108436
ML-DSA-44,sign,933,4425166,238953
ML-DSA-44,sign,934,2017611,108945
ML-DSA-44,sign,935,2007722,108410
ML-DSA-44,sign,936,1043500,56343
ML-DSA-44,sign,937,4913352,265315
ML-DSA-44,sign,938,5869167,316928
ML-DSA-44,sign,939,1044537,56398
ML-DSA-44,sign,940,2016259,108870
ML-DSA-44,sign,941,1044186,56378
ML-DSA-44,sign,942,2979185,160869
ML-DSA-44,sign,943,4425444,238968
ML-DSA-44,sign,944,1525815,82388
ML-DSA-44,sign,945,1053037,56856
ML-DSA-44,sign,946,1528741,82545
ML-DSA-44,sign,947,1043463,56340
ML-DSA-44,sign,948,1054093,56912
ML-DSA-44,sign,949,1045278,56438
ML-DSA-44,sign,950,1043463,56341
ML-DSA-44,sign,951,1534389,82849
ML-DSA-44,sign,952,1525797,82386
ML-DSA-44,sign,953,2006130,108324
ML-DSA-44,sign,954,1534537,82856
ML-DSA-44,sign,955,2489148,134408
ML-DSA-44,sign,956,1053167,56864
ML-DSA-44,sign,957,2488834,134390
ML-DSA-44,sign,958,1052908,56849
ML-DSA-44,sign,959,1044852,56415
ML-DSA-44,sign,960,2006333,108335
ML-DSA-44,sign,961,1053296,56872
ML-DSA-44,sign,962,1044852,56415
ML-DSA-44,sign,963,2006500,108345
ML-DSA-44,sign,964,1535240,82897
ML-DSA-44,sign,965,4424815,238934
ML-DSA-44,sign,966,1044519,56397
ML-DSA-44,sign,967,1534870,82876
ML-DSA-44,sign,968,1044981,56422
ML-DSA-44,sign,969,3942000,212861
ML-DSA-44,sign,970,1044204,56380
ML-DSA-44,sign,971,2979981,160912
ML-DSA-44,sign,972,4906185,264927
ML-DSA-44,sign,973,1044260,56382
ML-DSA-44,sign,974,3461277,186901
ML-DSA-44,sign,975,4906814,264961
ML-DSA-44,sign,976,7321315,395345
ML-DSA-44,sign,977,1535982,82935
ML-DSA-44,sign,978,2970907,160423
ML-DSA-44,sign,979,5394519,291297
ML-DSA-44,sign,980,2488593,134377
ML-DSA-44,sign,981,1535019,82885
ML-DSA-44,sign,982,2007556,108402
ML-DSA-44,sign,983,1534648,82864
ML-DSA-44,sign,984,7319056,395221
ML-DSA-44,sign,985,6358203,343337
ML-DSA-44,sign,986,3462130,186948
ML-DSA-44,sign,987,1044444,56393
ML-DSA-44,sign,988,2498092,134889
ML-DSA-44,sign,989,1044593,56402
ML-DSA-44,sign,990,6357722,343310
ML-DSA-44,sign,991,2969926,160370
ML-DSA-44,sign,992,1053111,56861
ML-DSA-44,sign,993,1526111,82403
ML-DSA-44,sign,994,2979481,160886
ML-DSA-44,sign,995,2007556,108402
ML-DSA-44,sign,996,2979482,160886
ML-DSA-44,sign,997,2007963,108424
ML-DSA-44,sign,998,3460741,186873
ML-DSA-44,sign,999,1054389,56930
ML-DSA-44,verify,0,526778,28442
ML-DSA-44,verify,1,523333,28254
ML-DSA-44,verify,2,532926,28771
ML-DSA-44,verify,3,524241,28304
ML-DSA-44,verify,4,523222,28249
ML-DSA-44,verify,5,523148,28244
ML-DSA-44,verify,6,523222,28248
ML-DSA-44,verify,7,523223,28248
ML-DSA-44,verify,8,523241,28249
ML-DSA-44,verify,9,532944,28772
ML-DSA-44,verify,10,524277,28304
ML-DSA-44,verify,11,523223,28248
ML-DSA-44,verify,12,523278,28250
ML-DSA-44,verify,13,523111,28241
ML-DSA-44,verify,14,523185,28246
ML-DSA-44,verify,15,523240,28248
ML-DSA-44,verify,16,523204,28247
ML-DSA-44,verify,17,532833,28766
ML-DSA-44,verify,18,524186,28300
ML-DSA-44,verify,19,523204,28247
ML-DSA-44,verify,20,523222,28248
ML-DSA-44,verify,21,523185,28246
ML-DSA-44,verify,22,523241,28248
ML-DSA-44,verify,23,523222,28249
ML-DSA-44,verify,24,532963,28774
ML-DSA-44,verify,25,524296,28306
ML-DSA-44,verify,26,523352,28255
ML-DSA-44,verify,27,523297,28251
ML-DSA-44,verify,28,523222,28248
ML-DSA-44,verify,29,523241,28248
ML-DSA-44,verify,30,523167,28246
ML-DSA-44,verify,31,523111,28243
ML-DSA-44,verify,32,532870,28766
ML-DSA-44,verify,33,524204,28301
ML-DSA-44,verify,34,523333,28253
ML-DSA-44,verify,35,523185,28247
ML-DSA-44,verify,36,523111,28241
ML-DSA-44,verify,37,523129,28242
ML-DSA-44,verify,38,523166,28246
ML-DSA-44,verify,39,532407,28742
ML-DSA-44,verify,40,524463,28315
ML-DSA-44,verify,41,523259,28249
ML-DSA-44,verify,42,523111,28242
ML-DSA-44,verify,43,523111,28243
ML-DSA-44,verify,44,523056,28240
ML-DSA-44,verify,45,523129,28243
ML-DSA-44,verify,46,523148,28244
ML-DSA-44,verify,47,532778,28762
ML-DSA-44,verify,48,524260,28304
ML-DSA-44,verify,49,523167,28246
ML-DSA-44,verify,50,523186,28245
ML-DSA-44,verify,51,523112,28242
ML-DSA-44,verify,52,523111,28243
ML-DSA-44,verify,53,523166,28246
ML-DSA-44,verify,54,523167,28245
ML-DSA-44,verify,55,533259,28789
ML-DSA-44,verify,56,524315,28307
ML-DSA-44,verify,57,523259,28251
ML-DSA-44,verify,58,523259,28251
ML-DSA-44,verify,59,523167,28245
ML-DSA-44,verify,60,523204,28247
ML-DSA-44,verify,61,523148,28245
ML-DSA-44,verify,62,532407,28742
ML-DSA-44,verify,63,524500,28317
ML-DSA-44,verify,64,523315,28254
ML-DSA-44,verify,65,523278,28251
ML-DSA-44,verify,66,523222,28248
ML-DSA-44,verify,67,523148,28244
ML-DSA-44,verify,68,523204,28247
ML-DSA-44,verify,69,526685,28434
ML-DSA-44,verify,70,533944,28823
ML-DSA-44,verify,71,524223,28302
ML-DSA-44,verify,72,523259,28251
ML-DSA-44,verify,73,523167,28244
ML-DSA-44,verify,74,523259,28250
ML-DSA-44,verify,75,523241,28249
ML-DSA-44,verify,76,523092,28240
ML-DSA-44,verify,77,533019,28774
ML-DSA-44,verify,78,524277,28306
ML-DSA-44,verify,79,523296,28252
ML-DSA-44,verify,80,523241,28248
ML-DSA-44,verify,81,523204,28246
ML-DSA-44,verify,82,523297,28253
ML-DSA-44,verify,83,523223,28248
ML-DSA-44,verify,84,523148,28245
ML-DSA-44,verify,85,558352,30145
ML-DSA-44,verify,86,524945,28342
ML-DSA-44,verify,87,523389,28257
ML-DSA-44,verify,88,523166,28245
ML-DSA-44,verify,89,523203,28247
ML-DSA-44,verify,90,523166,28246
ML-DSA-44,verify,91,523240,28248
ML-DSA-44,verify,92,533111,28780
ML-DSA-44,verify,93,524500,28316
ML-DSA-44,verify,94,523185,28246
ML-DSA-44,verify,95,523260,28249
ML-DSA-44,verify,96,523130,28243
ML-DSA-44,verify,97,523074,28241
ML-DSA-44,verify,98,523149,28245
ML-DSA-44,verify,99,523186,28245
ML-DSA-44,verify,100,539278,29113
ML-DSA-44,verify,101,524630,28323
ML-DSA-44,verify,102,523333,28254
ML-DSA-44,verify,103,523167,28245
ML-DSA-44,verify,104,523148,28244
ML-DSA-44,verify,105,523129,28242
ML-DSA-44,verify,106,523111,28242
ML-DSA-44,verify,107,532797,28765
ML-DSA-44,verify,108,525018,28346
ML-DSA-44,verify,109,523315,28254
ML-DSA-44,verify,110,523148,28245
ML-DSA-44,verify,111,523166,28244
ML-DSA-44,verify,112,523185,28245
ML-DSA-44,verify,113,523204,28247
ML-DSA-44,verify,114,523129,28242
ML-DSA-44,verify,115,556426,30040
ML-DSA-44,verify,116,525166,28353
ML-DSA-44,verify,117,523203,28248
ML-DSA-44,verify,118,523222,28249
ML-DSA-44,verify,119,523056,28239
ML-DSA-44,verify,120,523018,28238
ML-DSA-44,verify,121,523037,28238
ML-DSA-44,verify,122,523074,28240
ML-DSA-44,verify,123,533500,28801
ML-DSA-44,verify,124,524148,28297
ML-DSA-44,verify,125,523111,28242
ML-DSA-44,verify,126,523037,28239
ML-DSA-44,verify,127,523037,28237
ML-DSA-44,verify,128,523093,28240
ML-DSA-44,verify,129,522981,28236
ML-DSA-44,verify,130,532537,28749
ML-DSA-44,verify,131,524130,28297
ML-DSA-44,verify,132,523111,28241
ML-DSA-44,verify,133,523111,28243
ML-DSA-44,verify,134,523074,28241
ML-DSA-44,verify,135,523075,28240
ML-DSA-44,verify,136,522981,28235
ML-DSA-44,verify,137,523296,28251
ML-DSA-44,verify,138,532685,28758
ML-DSA-44,verify,139,524222,28301
ML-DSA-44,verify,140,523241,28249
ML-DSA-44,verify,141,523203,28247
ML-DSA-44,verify,142,523166,28245
ML-DSA-44,verify,143,523259,28249
ML-DSA-44,verify,144,523167,28244
ML-DSA-44,verify,145,532408,28743
ML-DSA-44,verify,146,523963,28288
ML-DSA-44,verify,147,523186,28246
ML-DSA-44,verify,148,523093,28242
ML-DSA-44,verify,149,523130,28244
ML-DSA-44,verify,150,523129,28243
ML-DSA-44,verify,151,523055,28238
ML-DSA-44,verify,152,523074,28240
ML-DSA-44,verify,153,532759,28762
ML-DSA-44,verify,154,524259,28304
ML-DSA-44,verify,155,523223,28247
ML-DSA-44,verify,156,523092,28241
ML-DSA-44,verify,157,523037,28238
ML-DSA-44,verify,158,523185,28246
ML-DSA-44,verify,159,523111,28242
ML-DSA-44,verify,160,532296,28737
ML-DSA-44,verify,161,524982,28343
ML-DSA-44,verify,162,523240,28249
ML-DSA-44,verify,163,523092,28240
ML-DSA-44,verify,164,523166,28245
ML-DSA-44,verify,165,523129,28243
ML-DSA-44,verify,166,523241,28248
ML-DSA-44,verify,167,523111,28243
ML-DSA-44,verify,168,532463,28746
ML-DSA-44,verify,169,524093,28294
ML-DSA-44,verify,170,523130,28243
ML-DSA-44,verify,171,523037,28239
ML-DSA-44,verify,172,523074,28240
ML-DSA-44,verify,173,523074,28241
ML-DSA-44,verify,174,523111,28243
ML-DSA-44,verify,175,523074,28239
ML-DSA-44,verify,176,532852,28766
ML-DSA-44,verify,177,524111,28295
ML-DSA-44,verify,178,523203,28248
ML-DSA-44,verify,179,523111,28242
ML-DSA-44,verify,180,523166,28244
ML-DSA-44,verify,181,523074,28240
ML-DSA-44,verify,182,523056,28240
ML-DSA-44,verify,183,533277,28790
ML-DSA-44,verify,184,524278,28306
ML-DSA-44,verify,185,523093,28241
ML-DSA-44,verify,186,523093,28241
ML-DSA-44,verify,187,523074,28240
ML-DSA-44,verify,188,522981,28236
ML-DSA-44,verify,189,523055,28240
ML-DSA-44,verify,190,523056,28239
ML-DSA-44,verify,191,536500,28963
ML-DSA-44,verify,192,524222,28303
ML-DSA-44,verify,193,523185,28247
ML-DSA-44,verify,194,523111,28242
ML-DSA-44,verify,195,523000,28237
ML-DSA-44,verify,196,523129,28243
ML-DSA-44,verify,197,523056,28239
ML-DSA-44,verify,198,532445,28744
ML-DSA-44,verify,199,524111,28297
ML-DSA-44,verify,200,523149,28245
ML-DSA-44,verify,201,523204,28248
ML-DSA-44,verify,202,523167,28246
ML-DSA-44,verify,203,523074,28241
ML-DSA-44,verify,204,523074,28239
ML-DSA-44,verify,205,523018,28237
ML-DSA-44,verify,206,532870,28768
ML-DSA-44,verify,207,524222,28302
ML-DSA-44,verify,208,523334,28253
ML-DSA-44,verify,209,523055,28240
ML-DSA-44,verify,210,523148,28243
ML-DSA-44,verify,211,523111,28242
ML-DSA-44,verify,212,523130,28244
ML-DSA-44,verify,213,532278,28736
ML-DSA-44,verify,214,524629,28324
ML-DSA-44,verify,215,523222,28249
ML-DSA-44,verify,216,523056,28239
ML-DSA-44,verify,217,523074,28239
ML-DSA-44,verify,218,523129,28242
ML-DSA-44,verify,219,522944,28234
ML-DSA-44,verify,220,523055,28238
ML-DSA-44,verify,221,532241,28734
ML-DSA-44,verify,222,524296,28305
ML-DSA-44,verify,223,523129,28243
ML-DSA-44,verify,224,523018,28237
ML-DSA-44,verify,225,523074,28240
ML-DSA-44,verify,226,523092,28241
ML-DSA-44,verify,227,523092,28241
ML-DSA-44,verify,228,522981,28235
ML-DSA-44,verify,229,532833,28765
ML-DSA-44,verify,230,524166,28299
ML-DSA-44,verify,231,523241,28249
ML-DSA-44,verify,232,523056,28239
ML-DSA-44,verify,233,523112,28241
ML-DSA-44,verify,234,523093,28242
ML-DSA-44,verify,235,523000,28236
ML-DSA-44,verify,236,532648,28755
ML-DSA-44,verify,237,524334,28309
ML-DSA-44,verify,238,523186,28247
ML-DSA-44,verify,239,523000,28236
ML-DSA-44,verify,240,523037,28239
ML-DSA-44,verify,241,523037,28239
ML-DSA-44,verify,242,523093,28241
ML-DSA-44,verify,243,523111,28243
ML-DSA-44,verify,244,532630,28755
ML-DSA-44,verify,245,524222,28302
ML-DSA-44,verify,246,523260,28250
ML-DSA-44,verify,247,523129,28243
ML-DSA-44,verify,248,523092,28242
ML-DSA-44,verify,249,523018,28237
ML-DSA-44,verify,250,523130,28243
ML-DSA-44,verify,251,533481,28802
ML-DSA-44,verify,252,524222,28302
ML-DSA-44,verify,253,523093,28240
ML-DSA-44,verify,254,523019,28238
ML-DSA-44,verify,255,523093,28242
ML-DSA-44,verify,256,523074,28241
ML-DSA-44,verify,257,523167,28245
ML-DSA-44,verify,258,523056,28240
ML-DSA-44,verify,259,533000,28776
ML-DSA-44,verify,260,524166,28299
ML-DSA-44,verify,261,523111,28242
ML-DSA-44,verify,262,523056,28240
ML-DSA-44,verify,263,523019,28237
ML-DSA-44,verify,264,523056,28240
ML-DSA-44,verify,265,522981,28236
ML-DSA-44,verify,266,523092,28241
ML-DSA-44,verify,267,525889,28392
ML-DSA-44,verify,268,523203,28246
ML-DSA-44,verify,269,523185,28247
ML-DSA-44,verify,270,523315,28253
ML-DSA-44,verify,271,523074,28239
ML-DSA-44,verify,272,523093,28242
ML-DSA-44,verify,273,523093,28242
ML-DSA-44,verify,274,532630,28755
ML-DSA-44,verify,275,524166,28299
ML-DSA-44,verify,276,523241,28249
ML-DSA-44,verify,277,523074,28239
ML-DSA-44,verify,278,523204,28248
ML-DSA-44,verify,279,523204,28246
ML-DSA-44,verify,280,523167,28245
ML-DSA-44,verify,281,523167,28245
ML-DSA-44,verify,282,532649,28755
ML-DSA-44,verify,283,524148,28298
ML-DSA-44,verify,284,523204,28247
ML-DSA-44,verify,285,523111,28242
ML-DSA-44,verify,286,523055,28239
ML-DSA-44,verify,287,523000,28237
ML-DSA-44,verify,288,523074,28240
ML-DSA-44,verify,289,533092,28779
ML-DSA-44,verify,290,524185,28301
ML-DSA-44,verify,291,523277,28251
ML-DSA-44,verify,292,523018,28238
ML-DSA-44,verify,293,522981,28235
ML-DSA-44,verify,294,523092,28241
ML-DSA-44,verify,295,523111,28243
ML-DSA-44,verify,296,523055,28239
ML-DSA-44,verify,297,532685,28758
ML-DSA-44,verify,298,524185,28301
ML-DSA-44,verify,299,523222,28248
ML-DSA-44,verify,300,523037,28239
ML-DSA-44,verify,301,523092,28241
ML-DSA-44,verify,302,523130,28242
ML-DSA-44,verify,303,523000,28235
ML-DSA-44,verify,304,532407,28742
ML-DSA-44,verify,305,524185,28301
ML-DSA-44,verify,306,523148,28244
ML-DSA-44,verify,307,523092,28242
ML-DSA-44,verify,308,523000,28237
ML-DSA-44,verify,309,523185,28245
ML-DSA-44,verify,310,523019,28238
ML-DSA-44,verify,311,526408,28420
ML-DSA-44,verify,312,533723,28814
ML-DSA-44,verify,313,524333,28307
ML-DSA-44,verify,314,523241,28250
ML-DSA-44,verify,315,523037,28238
ML-DSA-44,verify,316,523167,28246
ML-DSA-44,verify,317,523093,28242
ML-DSA-44,verify,318,523093,28241
ML-DSA-44,verify,319,523037,28239
ML-DSA-44,verify,320,525629,28378
ML-DSA-44,verify,321,523148,28245
ML-DSA-44,verify,322,523240,28249
ML-DSA-44,verify,323,523055,28239
ML-DSA-44,verify,324,523130,28244
ML-DSA-44,verify,325,523075,28240
ML-DSA-44,verify,326,523019,28238
ML-DSA-44,verify,327,532648,28756
ML-DSA-44,verify,328,524204,28300
ML-DSA-44,verify,329,523185,28246
ML-DSA-44,verify,330,523167,28244
ML-DSA-44,verify,331,523037,28238
ML-DSA-44,verify,332,523148,28243
ML-DSA-44,verify,333,523167,28244
ML-DSA-44,verify,334,523037,28238
ML-DSA-44,verify,335,539482,29124
ML-DSA-44,verify,336,524426,28314
ML-DSA-44,verify,337,523203,28248
ML-DSA-44,verify,338,523111,28242
ML-DSA-44,verify,339,523111,28242
ML-DSA-44,verify,340,523018,28238
ML-DSA-44,verify,341,523130,28244
ML-DSA-44,verify,342,533371,28793
ML-DSA-44,verify,343,524296,28306
ML-DSA-44,verify,344,523186,28246
ML-DSA-44,verify,345,522981,28235
ML-DSA-44,verify,346,523056,28240
ML-DSA-44,verify,347,523056,28239
ML-DSA-44,verify,348,523074,28240
ML-DSA-44,verify,349,523056,28240
ML-DSA-44,verify,350,532778,28761
ML-DSA-44,verify,351,524222,28302
ML-DSA-44,verify,352,523167,28245
ML-DSA-44,verify,353,523148,28244
ML-DSA-44,verify,354,523093,28242
ML-DSA-44,verify,355,523166,28245
ML-DSA-44,verify,356,523074,28240
ML-DSA-44,verify,357,532445,28745
ML-DSA-44,verify,358,524093,28294
ML-DSA-44,verify,359,523130,28243
ML-DSA-44,verify,360,523111,28243
ML-DSA-44,verify,361,523037,28239
ML-DSA-44,verify,362,523018,28237
ML-DSA-44,verify,363,523111,28242
ML-DSA-44,verify,364,523074,28239
ML-DSA-44,verify,365,532981,28773
ML-DSA-44,verify,366,524111,28297
ML-DSA-44,verify,367,523037,28238
ML-DSA-44,verify,368,523000,28235
ML-DSA-44,verify,369,523093,28240
ML-DSA-44,verify,370,523000,28237
ML-DSA-44,verify,371,523037,28238
ML-DSA-44,verify,372,523018,28237
ML-DSA-44,verify,373,532426,28744
ML-DSA-44,verify,374,524000,28291
ML-DSA-44,verify,375,523241,28250
ML-DSA-44,verify,376,523148,28245
ML-DSA-44,verify,377,523074,28241
ML-DSA-44,verify,378,523130,28243
ML-DSA-44,verify,379,523130,28243
ML-DSA-44,verify,380,532815,28765
ML-DSA-44,verify,381,524203,28301
ML-DSA-44,verify,382,523203,28246
ML-DSA-44,verify,383,523055,28239
ML-DSA-44,verify,384,523130,28243
ML-DSA-44,verify,385,523074,28241
ML-DSA-44,verify,386,523130,28243
ML-DSA-44,verify,387,523148,28244
ML-DSA-44,verify,388,532723,28760
ML-DSA-44,verify,389,524093,28295
ML-DSA-44,verify,390,523111,28242
ML-DSA-44,verify,391,523019,28236
ML-DSA-44,verify,392,523074,28240
ML-DSA-44,verify,393,523000,28236
ML-DSA-44,verify,394,523019,28237
ML-DSA-44,verify,395,532760,28761
ML-DSA-44,verify,396,524241,28304
ML-DSA-44,verify,397,523111,28242
ML-DSA-44,verify,398,522963,28234
ML-DSA-44,verify,399,523130,28243
ML-DSA-44,verify,400,523074,28240
ML-DSA-44,verify,401,523092,28240
ML-DSA-44,verify,402,523018,28238
ML-DSA-44,verify,403,532722,28759
ML-DSA-44,verify,404,524148,28298
ML-DSA-44,verify,405,523203,28247
ML-DSA-44,verify,406,523037,28238
ML-DSA-44,verify,407,523093,28242
ML-DSA-44,verify,408,523074,28240
ML-DSA-44,verify,409,523074,28240
ML-DSA-44,verify,410,532314,28736
ML-DSA-44,verify,411,524333,28309
ML-DSA-44,verify,412,523093,28242
ML-DSA-44,verify,413,522963,28233
ML-DSA-44,verify,414,522963,28233
ML-DSA-44,verify,415,522963,28235
ML-DSA-44,verify,416,523111,28242
ML-DSA-44,verify,417,522981,28236
ML-DSA-44,verify,418,532537,28750
ML-DSA-44,verify,419,524222,28302
ML-DSA-44,verify,420,523204,28246
ML-DSA-44,verify,421,523093,28240
ML-DSA-44,verify,422,523019,28237
ML-DSA-44,verify,423,523018,28236
ML-DSA-44,verify,424,523055,28239
ML-DSA-44,verify,425,523000,28236
ML-DSA-44,verify,426,532611,28753
ML-DSA-44,verify,427,524092,28295
ML-DSA-44,verify,428,523333,28254
ML-DSA-44,verify,429,523111,28241
ML-DSA-44,verify,430,523000,28236
ML-DSA-44,verify,431,526333,28417
ML-DSA-44,verify,432,523223,28249
ML-DSA-44,verify,433,533556,28805
ML-DSA-44,verify,434,524277,28305
ML-DSA-44,verify,435,523296,28251
ML-DSA-44,verify,436,523111,28243
ML-DSA-44,verify,437,523167,28245
ML-DSA-44,verify,438,523055,28239
ML-DSA-44,verify,439,523093,28241
ML-DSA-44,verify,440,523055,28238
ML-DSA-44,verify,441,532870,28768
ML-DSA-44,verify,442,524130,28298
ML-DSA-44,verify,443,523130,28244
ML-DSA-44,verify,444,523000,28235
ML-DSA-44,verify,445,523148,28244
ML-DSA-44,verify,446,523055,28239
ML-DSA-44,verify,447,523111,28242
ML-DSA-44,verify,448,532815,28764
ML-DSA-44,verify,449,524278,28306
ML-DSA-44,verify,450,523167,28245
ML-DSA-44,verify,451,523037,28239
ML-DSA-44,verify,452,523093,28241
ML-DSA-44,verify,453,523019,28238
ML-DSA-44,verify,454,523056,28238
ML-DSA-44,verify,455,523074,28240
ML-DSA-44,verify,456,532815,28764
ML-DSA-44,verify,457,524314,28307
ML-DSA-44,verify,458,523203,28246
ML-DSA-44,verify,459,523129,28243
ML-DSA-44,verify,460,523093,28241
ML-DSA-44,verify,461,522981,28236
ML-DSA-44,verify,462,523093,28241
ML-DSA-44,verify,463,532315,28736
ML-DSA-44,verify,464,524018,28292
ML-DSA-44,verify,465,523167,28244
ML-DSA-44,verify,466,523111,28243
ML-DSA-44,verify,467,523056,28238
ML-DSA-44,verify,468,523037,28238
ML-DSA-44,verify,469,523074,28240
ML-DSA-44,verify,470,523167,28245
ML-DSA-44,verify,471,533130,28780
ML-DSA-44,verify,472,524352,28308
ML-DSA-44,verify,473,523204,28247
ML-DSA-44,verify,474,523056,28239
ML-DSA-44,verify,475,523092,28242
ML-DSA-44,verify,476,523148,28244
ML-DSA-44,verify,477,523074,28240
ML-DSA-44,verify,478,523130,28244
ML-DSA-44,verify,479,532778,28763
ML-DSA-44,verify,480,524056,28292
ML-DSA-44,verify,481,523203,28248
ML-DSA-44,verify,482,523185,28246
ML-DSA-44,verify,483,523111,28242
ML-DSA-44,verify,484,522981,28235
ML-DSA-44,verify,485,523056,28240
ML-DSA-44,verify,486,532834,28765
ML-DSA-44,verify,487,524203,28301
ML-DSA-44,verify,488,523241,28250
ML-DSA-44,verify,489,523203,28247
ML-DSA-44,verify,490,523037,28237
ML-DSA-44,verify,491,523056,28239
ML-DSA-44,verify,492,523037,28238
ML-DSA-44,verify,493,523037,28239
ML-DSA-44,verify,494,532630,28755
ML-DSA-44,verify,495,524130,28297
ML-DSA-44,verify,496,523222,28248
ML-DSA-44,verify,497,523093,28242
ML-DSA-44,verify,498,523186,28246
ML-DSA-44,verify,499,523130,28242
ML-DSA-44,verify,500,523186,28245
ML-DSA-44,verify,501,532833,28766
ML-DSA-44,verify,502,524167,28299
ML-DSA-44,verify,503,523056,28240
ML-DSA-44,verify,504,523111,28242
ML-DSA-44,verify,505,523056,28239
ML-DSA-44,verify,506,523092,28241
ML-DSA-44,verify,507,523056,28239
ML-DSA-44,verify,508,523074,28240
ML-DSA-44,verify,509,532722,28760
ML-DSA-44,verify,510,524130,28297
ML-DSA-44,verify,511,523204,28247
ML-DSA-44,verify,512,523037,28239
ML-DSA-44,verify,513,523000,28236
ML-DSA-44,verify,514,522963,28234
ML-DSA-44,verify,515,523055,28239
ML-DSA-44,verify,516,532167,28729
ML-DSA-44,verify,517,524556,28321
ML-DSA-44,verify,518,523130,28243
ML-DSA-44,verify,519,523074,28240
ML-DSA-44,verify,520,523093,28240
ML-DSA-44,verify,521,523074,28239
ML-DSA-44,verify,522,523037,28238
ML-DSA-44,verify,523,523074,28240
ML-DSA-44,verify,524,532352,28739
ML-DSA-44,verify,525,524333,28309
ML-DSA-44,verify,526,523204,28248
ML-DSA-44,verify,527,523000,28236
ML-DSA-44,verify,528,523074,28240
ML-DSA-44,verify,529,523037,28237
ML-DSA-44,verify,530,523055,28240
ML-DSA-44,verify,531,523056,28240
ML-DSA-44,verify,532,533889,28823
ML-DSA-44,verify,533,524037,28293
ML-DSA-44,verify,534,523111,28243
ML-DSA-44,verify,535,523111,28241
ML-DSA-44,verify,536,523074,28240
ML-DSA-44,verify,537,523074,28240
ML-DSA-44,verify,538,523111,28242
ML-DSA-44,verify,539,532500,28748
ML-DSA-44,verify,540,524167,28299
ML-DSA-44,verify,541,523203,28247
ML-DSA-44,verify,542,523111,28243
ML-DSA-44,verify,543,523056,28240
ML-DSA-44,verify,544,523037,28238
ML-DSA-44,verify,545,523037,28239
ML-DSA-44,verify,546,523092,28240
ML-DSA-44,verify,547,532426,28743
ML-DSA-44,verify,548,524259,28304
ML-DSA-44,verify,549,523074,28240
ML-DSA-44,verify,550,523111,28243
ML-DSA-44,verify,551,522981,28236
ML-DSA-44,verify,552,526592,28431
ML-DSA-44,verify,553,523093,28242
ML-DSA-44,verify,554,533408,28796
ML-DSA-44,verify,555,524166,28298
ML-DSA-44,verify,556,523277,28252
ML-DSA-44,verify,557,523129,28244
ML-DSA-44,verify,558,523148,28245
ML-DSA-44,verify,559,523093,28241
ML-DSA-44,verify,560,523055,28240
ML-DSA-44,verify,561,523185,28246
ML-DSA-44,verify,562,532815,28765
ML-DSA-44,verify,563,524333,28308
ML-DSA-44,verify,564,523056,28240
ML-DSA-44,verify,565,523111,28242
ML-DSA-44,verify,566,522982,28235
ML-DSA-44,verify,567,523075,28240
ML-DSA-44,verify,568,522963,28235
ML-DSA-44,verify,569,537852,29036
ML-DSA-44,verify,570,525259,28359
ML-DSA-44,verify,571,523148,28243
ML-DSA-44,verify,572,523111,28241
ML-DSA-44,verify,573,523055,28239
ML-DSA-44,verify,574,523037,28237
ML-DSA-44,verify,575,522981,28234
ML-DSA-44,verify,576,523092,28242
ML-DSA-44,verify,577,532907,28769
ML-DSA-44,verify,578,524222,28301
ML-DSA-44,verify,579,523166,28245
ML-DSA-44,verify,580,523037,28238
ML-DSA-44,verify,581,523055,28238
ML-DSA-44,verify,582,523074,28241
ML-DSA-44,verify,583,523092,28241
ML-DSA-44,verify,584,523055,28239
ML-DSA-44,verify,585,532722,28759
ML-DSA-44,verify,586,524056,28294
ML-DSA-44,verify,587,523112,28242
ML-DSA-44,verify,588,523167,28245
ML-DSA-44,verify,589,523000,28237
ML-DSA-44,verify,590,523074,28241
ML-DSA-44,verify,591,523148,28244
ML-DSA-44,verify,592,532741,28761
ML-DSA-44,verify,593,524259,28304
ML-DSA-44,verify,594,523204,28246
ML-DSA-44,verify,595,523019,28238
ML-DSA-44,verify,596,523111,28241
ML-DSA-44,verify,597,523037,28238
ML-DSA-44,verify,598,523130,28243
ML-DSA-44,verify,599,523056,28240
ML-DSA-44,verify,600,533482,28801
ML-DSA-44,verify,601,524333,28308
ML-DSA-44,verify,602,523111,28243
ML-DSA-44,verify,603,523111,28243
ML-DSA-44,verify,604,523037,28239
ML-DSA-44,verify,605,523075,28240
ML-DSA-44,verify,606,522981,28235
ML-DSA-44,verify,607,532444,28744
ML-DSA-44,verify,608,524074,28295
ML-DSA-44,verify,609,523130,28244
ML-DSA-44,verify,610,523167,28244
ML-DSA-44,verify,611,523130,28244
ML-DSA-44,verify,612,523000,28236
ML-DSA-44,verify,613,522981,28234
ML-DSA-44,verify,614,523018,28237
ML-DSA-44,verify,615,532777,28763
ML-DSA-44,verify,616,524112,28296
ML-DSA-44,verify,617,523149,28243
ML-DSA-44,verify,618,523055,28239
ML-DSA-44,verify,619,523019,28237
ML-DSA-44,verify,620,523000,28236
ML-DSA-44,verify,621,522963,28234
ML-DSA-44,verify,622,531963,28718
ML-DSA-44,verify,623,525518,28371
ML-DSA-44,verify,624,523148,28244
ML-DSA-44,verify,625,523019,28236
ML-DSA-44,verify,626,523093,28242
ML-DSA-44,verify,627,523056,28239
ML-DSA-44,verify,628,522981,28236
ML-DSA-44,verify,629,523000,28237
ML-DSA-44,verify,630,532777,28762
ML-DSA-44,verify,631,524148,28298
ML-DSA-44,verify,632,523241,28249
ML-DSA-44,verify,633,523130,28243
ML-DSA-44,verify,634,523018,28237
ML-DSA-44,verify,635,523203,28246
ML-DSA-44,verify,636,523018,28236
ML-DSA-44,verify,637,523112,28241
ML-DSA-44,verify,638,532852,28767
ML-DSA-44,verify,639,524130,28298
ML-DSA-44,verify,640,523241,28250
ML-DSA-44,verify,641,523130,28243
ML-DSA-44,verify,642,523093,28240
ML-DSA-44,verify,643,523148,28245
ML-DSA-44,verify,644,523056,28238
ML-DSA-44,verify,645,532463,28744
ML-DSA-44,verify,646,524259,28304
ML-DSA-44,verify,647,523203,28247
ML-DSA-44,verify,648,523056,28239
ML-DSA-44,verify,649,523074,28239
ML-DSA-44,verify,650,523092,28242
ML-DSA-44,verify,651,523167,28246
ML-DSA-44,verify,652,523129,28244
ML-DSA-44,verify,653,532777,28763
ML-DSA-44,verify,654,524130,28298
ML-DSA-44,verify,655,523278,28251
ML-DSA-44,verify,656,523148,28244
ML-DSA-44,verify,657,523093,28241
ML-DSA-44,verify,658,523074,28241
ML-DSA-44,verify,659,523055,28239
ML-DSA-44,verify,660,532445,28744
ML-DSA-44,verify,661,523982,28290
ML-DSA-44,verify,662,523204,28247
ML-DSA-44,verify,663,523149,28244
ML-DSA-44,verify,664,523112,28243
ML-DSA-44,verify,665,523037,28238
ML-DSA-44,verify,666,522945,28234
ML-DSA-44,verify,667,523130,28242
ML-DSA-44,verify,668,532648,28754
ML-DSA-44,verify,669,524111,28296
ML-DSA-44,verify,670,523148,28245
ML-DSA-44,verify,671,523130,28242
ML-DSA-44,verify,672,526148,28406
ML-DSA-44,verify,673,523204,28247
ML-DSA-44,verify,674,522981,28235
ML-DSA-44,verify,675,532704,28758
ML-DSA-44,verify,676,525389,28366
ML-DSA-44,verify,677,523093,28241
ML-DSA-44,verify,678,523111,28242
ML-DSA-44,verify,679,523074,28241
ML-DSA-44,verify,680,523093,28242
ML-DSA-44,verify,681,523055,28240
ML-DSA-44,verify,682,523037,28238
ML-DSA-44,verify,683,532944,28772
ML-DSA-44,verify,684,524130,28297
ML-DSA-44,verify,685,523259,28250
ML-DSA-44,verify,686,523000,28237
ML-DSA-44,verify,687,522981,28234
ML-DSA-44,verify,688,523130,28242
ML-DSA-44,verify,689,523074,28240
ML-DSA-44,verify,690,523056,28239
ML-DSA-44,verify,691,532759,28761
ML-DSA-44,verify,692,524111,28297
ML-DSA-44,verify,693,523241,28248
ML-DSA-44,verify,694,523037,28238
ML-DSA-44,verify,695,523093,28242
ML-DSA-44,verify,696,523130,28244
ML-DSA-44,verify,697,523074,28240
ML-DSA-44,verify,698,532741,28761
ML-DSA-44,verify,699,524204,28302
ML-DSA-44,verify,700,523111,28242
ML-DSA-44,verify,701,523037,28239
ML-DSA-44,verify,702,523056,28240
ML-DSA-44,verify,703,523167,28245
ML-DSA-44,verify,704,523037,28238
ML-DSA-44,verify,705,522982,28234
ML-DSA-44,verify,706,532796,28762
ML-DSA-44,verify,707,524222,28302
ML-DSA-44,verify,708,523297,28252
ML-DSA-44,verify,709,523166,28245
ML-DSA-44,verify,710,523019,28237
ML-DSA-44,verify,711,523019,28238
ML-DSA-44,verify,712,523055,28239
ML-DSA-44,verify,713,532371,28740
ML-DSA-44,verify,714,524111,28296
ML-DSA-44,verify,715,523130,28244
ML-DSA-44,verify,716,523074,28240
ML-DSA-44,verify,717,523056,28240
ML-DSA-44,verify,718,523019,28237
ML-DSA-44,verify,719,523037,28238
ML-DSA-44,verify,720,523037,28237
ML-DSA-44,verify,721,532778,28762
ML-DSA-44,verify,722,524111,28297
ML-DSA-44,verify,723,523278,28251
ML-DSA-44,verify,724,523092,28241
ML-DSA-44,verify,725,523037,28238
ML-DSA-44,verify,726,523167,28245
ML-DSA-44,verify,727,523056,28239
ML-DSA-44,verify,728,523000,28235
ML-DSA-44,verify,729,532389,28741
ML-DSA-44,verify,730,524093,28296
ML-DSA-44,verify,731,523185,28247
ML-DSA-44,verify,732,523129,28242
ML-DSA-44,verify,733,523092,28241
ML-DSA-44,verify,734,523037,28238
ML-DSA-44,verify,735,523037,28238
ML-DSA-44,verify,736,533037,28776
ML-DSA-44,verify,737,524185,28301
ML-DSA-44,verify,738,523130,28244
ML-DSA-44,verify,739,523129,28244
ML-DSA-44,verify,740,523019,28237
ML-DSA-44,verify,741,523204,28247
ML-DSA-44,verify,742,523055,28239
ML-DSA-44,verify,743,523074,28241
ML-DSA-44,verify,744,532593,28753
ML-DSA-44,verify,745,524111,28295
ML-DSA-44,verify,746,523185,28246
ML-DSA-44,verify,747,523166,28246
ML-DSA-44,verify,748,523019,28237
ML-DSA-44,verify,749,523111,28242
ML-DSA-44,verify,750,523037,28238
ML-DSA-44,verify,751,532926,28770
ML-DSA-44,verify,752,524296,28306
ML-DSA-44,verify,753,523241,28250
ML-DSA-44,verify,754,523093,28242
ML-DSA-44,verify,755,523055,28238
ML-DSA-44,verify,756,523018,28236
ML-DSA-44,verify,757,522963,28235
ML-DSA-44,verify,758,523018,28238
ML-DSA-44,verify,759,532778,28763
ML-DSA-44,verify,760,524037,28292
ML-DSA-44,verify,761,523222,28247
ML-DSA-44,verify,762,523112,28243
ML-DSA-44,verify,763,523037,28238
ML-DSA-44,verify,764,523074,28240
ML-DSA-44,verify,765,523111,28242
ML-DSA-44,verify,766,532315,28736
ML-DSA-44,verify,767,524037,28291
ML-DSA-44,verify,768,523148,28243
ML-DSA-44,verify,769,523148,28244
ML-DSA-44,verify,770,523092,28242
ML-DSA-44,verify,771,523055,28240
ML-DSA-44,verify,772,523074,28240
ML-DSA-44,verify,773,523185,28246
ML-DSA-44,verify,774,532463,28746
ML-DSA-44,verify,775,524148,28297
ML-DSA-44,verify,776,523130,28244
ML-DSA-44,verify,777,523148,28244
ML-DSA-44,verify,778,523092,28242
ML-DSA-44,verify,779,523111,28241
ML-DSA-44,verify,780,523055,28238
ML-DSA-44,verify,781,523074,28239
ML-DSA-44,verify,782,532667,28757
ML-DSA-44,verify,783,524130,28296
ML-DSA-44,verify,784,523259,28251
ML-DSA-44,verify,785,523148,28243
ML-DSA-44,verify,786,523019,28237
ML-DSA-44,verify,787,523055,28239
ML-DSA-44,verify,788,523111,28242
ML-DSA-44,verify,789,532870,28768
ML-DSA-44,verify,790,524185,28301
ML-DSA-44,verify,791,523000,28237
ML-DSA-44,verify,792,523037,28239
ML-DSA-44,verify,793,526111,28404
ML-DSA-44,verify,794,523148,28244
ML-DSA-44,verify,795,523166,28245
ML-DSA-44,verify,796,523000,28236
ML-DSA-44,verify,797,534426,28852
ML-DSA-44,verify,798,524185,28300
ML-DSA-44,verify,799,523259,28249
ML-DSA-44,verify,800,523111,28241
ML-DSA-44,verify,801,523056,28239
ML-DSA-44,verify,802,523037,28239
ML-DSA-44,verify,803,523019,28236
ML-DSA-44,verify,804,538259,29058
ML-DSA-44,verify,805,524592,28323
ML-DSA-44,verify,806,523148,28244
ML-DSA-44,verify,807,523000,28237
ML-DSA-44,verify,808,523037,28238
ML-DSA-44,verify,809,523112,28242
ML-DSA-44,verify,810,523037,28238
ML-DSA-44,verify,811,523019,28236
ML-DSA-44,verify,812,533241,28788
ML-DSA-44,verify,813,524074,28295
ML-DSA-44,verify,814,523222,28248
ML-DSA-44,verify,815,523074,28241
ML-DSA-44,verify,816,523019,28238
ML-DSA-44,verify,817,523074,28241
ML-DSA-44,verify,818,523148,28245
ML-DSA-44,verify,819,532314,28738
ML-DSA-44,verify,820,523907,28286
ML-DSA-44,verify,821,523129,28244
ML-DSA-44,verify,822,523148,28245
ML-DSA-44,verify,823,523111,28243
ML-DSA-44,verify,824,523167,28246
ML-DSA-44,verify,825,523074,28240
ML-DSA-44,verify,826,523018,28238
ML-DSA-44,verify,827,532777,28763
ML-DSA-44,verify,828,524204,28301
ML-DSA-44,verify,829,523167,28244
ML-DSA-44,verify,830,523130,28243
ML-DSA-44,verify,831,523092,28241
ML-DSA-44,verify,832,523074,28239
ML-DSA-44,verify,833,523148,28245
ML-DSA-44,verify,834,523037,28238
ML-DSA-44,verify,835,532871,28768
ML-DSA-44,verify,836,524000,28291
ML-DSA-44,verify,837,523296,28253
ML-DSA-44,verify,838,523167,28246
ML-DSA-44,verify,839,523092,28241
ML-DSA-44,verify,840,523130,28242
ML-DSA-44,verify,841,523056,28240
ML-DSA-44,verify,842,532259,28735
ML-DSA-44,verify,843,524148,28299
ML-DSA-44,verify,844,523204,28247
ML-DSA-44,verify,845,523037,28238
ML-DSA-44,verify,846,523093,28241
ML-DSA-44,verify,847,523018,28238
ML-DSA-44,verify,848,523056,28240
ML-DSA-44,verify,849,523000,28235
ML-DSA-44,verify,850,532611,28752
ML-DSA-44,verify,851,524111,28297
ML-DSA-44,verify,852,523185,28245
ML-DSA-44,verify,853,523037,28238
ML-DSA-44,verify,854,523037,28237
ML-DSA-44,verify,855,523074,28240
ML-DSA-44,verify,856,523074,28240
ML-DSA-44,verify,857,532741,28760
ML-DSA-44,verify,858,524315,28308
ML-DSA-44,verify,859,523241,28248
ML-DSA-44,verify,860,523037,28238
ML-DSA-44,verify,861,523111,28241
ML-DSA-44,verify,862,523055,28240
ML-DSA-44,verify,863,523000,28236
ML-DSA-44,verify,864,523130,28243
ML-DSA-44,verify,865,533667,28811
ML-DSA-44,verify,866,524297,28307
ML-DSA-44,verify,867,523203,28247
ML-DSA-44,verify,868,523111,28243
ML-DSA-44,verify,869,523074,28239
ML-DSA-44,verify,870,522981,28235
ML-DSA-44,verify,871,523093,28241
ML-DSA-44,verify,872,532370,28741
ML-DSA-44,verify,873,523889,28285
ML-DSA-44,verify,874,523092,28241
ML-DSA-44,verify,875,523055,28239
ML-DSA-44,verify,876,523093,28242
ML-DSA-44,verify,877,523056,28239
ML-DSA-44,verify,878,523074,28241
ML-DSA-44,verify,879,523056,28240
ML-DSA-44,verify,880,532574,28751
ML-DSA-44,verify,881,524204,28302
ML-DSA-44,verify,882,523241,28249
ML-DSA-44,verify,883,523074,28241
ML-DSA-44,verify,884,523056,28240
ML-DSA-44,verify,885,523111,28243
ML-DSA-44,verify,886,523055,28240
ML-DSA-44,verify,887,523019,28236
ML-DSA-44,verify,888,532741,28761
ML-DSA-44,verify,889,524037,28293
ML-DSA-44,verify,890,523259,28250
ML-DSA-44,verify,891,523112,28242
ML-DSA-44,verify,892,523130,28242
ML-DSA-44,verify,893,523019,28237
ML-DSA-44,verify,894,523037,28238
ML-DSA-44,verify,895,532556,28752
ML-DSA-44,verify,896,524315,28306
ML-DSA-44,verify,897,523166,28245
ML-DSA-44,verify,898,523055,28239
ML-DSA-44,verify,899,523074,28240
ML-DSA-44,verify,900,523112,28242
ML-DSA-44,verify,901,523018,28238
ML-DSA-44,verify,902,523074,28239
ML-DSA-44,verify,903,552148,29808
ML-DSA-44,verify,904,524981,28342
ML-DSA-44,verify,905,523111,28242
ML-DSA-44,verify,906,523093,28241
ML-DSA-44,verify,907,523130,28243
ML-DSA-44,verify,908,523204,28247
ML-DSA-44,verify,909,523056,28239
ML-DSA-44,verify,910,539815,29143
ML-DSA-44,verify,911,524629,28324
ML-DSA-44,verify,912,523166,28245
ML-DSA-44,verify,913,526426,28420
ML-DSA-44,verify,914,523241,28250
ML-DSA-44,verify,915,523149,28245
ML-DSA-44,verify,916,523111,28242
ML-DSA-44,verify,917,523074,28241
ML-DSA-44,verify,918,536722,28977
ML-DSA-44,verify,919,524611,28323
ML-DSA-44,verify,920,523130,28242
ML-DSA-44,verify,921,523111,28242
ML-DSA-44,verify,922,522963,28234
ML-DSA-44,verify,923,523056,28240
ML-DSA-44,verify,924,523018,28238
ML-DSA-44,verify,925,536259,28951
ML-DSA-44,verify,926,524500,28318
ML-DSA-44,verify,927,523167,28245
ML-DSA-44,verify,928,523092,28241
ML-DSA-44,verify,929,523018,28237
ML-DSA-44,verify,930,523037,28238
ML-DSA-44,verify,931,523018,28236
ML-DSA-44,verify,932,523000,28237
ML-DSA-44,verify,933,533370,28793
ML-DSA-44,verify,934,524149,28298
ML-DSA-44,verify,935,523186,28246
ML-DSA-44,verify,936,523019,28237
ML-DSA-44,verify,937,523018,28237
ML-DSA-44,verify,938,523037,28239
ML-DSA-44,verify,939,523074,28240
ML-DSA-44,verify,940,523092,28242
ML-DSA-44,verify,941,561500,30307
ML-DSA-44,verify,942,524685,28329
ML-DSA-44,verify,943,523314,28253
ML-DSA-44,verify,944,523167,28246
ML-DSA-44,verify,945,523130,28243
ML-DSA-44,verify,946,523055,28240
ML-DSA-44,verify,947,523111,28241
ML-DSA-44,verify,948,533982,28827
ML-DSA-44,verify,949,524407,28311
ML-DSA-44,verify,950,523167,28245
ML-DSA-44,verify,951,523000,28235
ML-DSA-44,verify,952,523111,28242
ML-DSA-44,verify,953,523055,28239
ML-DSA-44,verify,954,523037,28238
ML-DSA-44,verify,955,523018,28237
ML-DSA-44,verify,956,533111,28780
ML-DSA-44,verify,957,524074,28293
ML-DSA-44,verify,958,523074,28240
ML-DSA-44,verify,959,523056,28240
ML-DSA-44,verify,960,523037,28238
ML-DSA-44,verify,961,523129,28243
ML-DSA-44,verify,962,523000,28237
ML-DSA-44,verify,963,532407,28743
ML-DSA-44,verify,964,524259,28304
ML-DSA-44,verify,965,523130,28243
ML-DSA-44,verify,966,523167,28246
ML-DSA-44,verify,967,523075,28241
ML-DSA-44,verify,968,523074,28240
ML-DSA-44,verify,969,523092,28241
ML-DSA-44,verify,970,523055,28240
ML-DSA-44,verify,971,532612,28754
ML-DSA-44,verify,972,524111,28296
ML-DSA-44,verify,973,523259,28249
ML-DSA-44,verify,974,522982,28235
ML-DSA-44,verify,975,523093,28242
ML-DSA-44,verify,976,523019,28237
ML-DSA-44,verify,977,523092,28242
ML-DSA-44,verify,978,532389,28741
ML-DSA-44,verify,979,524056,28292
ML-DSA-44,verify,980,523167,28244
ML-DSA-44,verify,981,523075,28240
ML-DSA-44,verify,982,523074,28240
ML-DSA-44,verify,983,523129,28244
ML-DSA-44,verify,984,523092,28241
ML-DSA-44,verify,985,523093,28241
ML-DSA-44,verify,986,533074,28778
ML-DSA-44,verify,987,524204,28302
ML-DSA-44,verify,988,523222,28247
ML-DSA-44,verify,989,523037,28237
ML-DSA-44,verify,990,523019,28237
ML-DSA-44,verify,991,522982,28236
ML-DSA-44,verify,992,523166,28245
ML-DSA-44,verify,993,522981,28236
ML-DSA-44,verify,994,533166,28784
ML-DSA-44,verify,995,523667,28272
ML-DSA-44,verify,996,523167,28245
ML-DSA-44,verify,997,523074,28240
ML-DSA-44,verify,998,523037,28238
ML-DSA-44,verify,999,523038,28238
