algo,op,iter,wall_ns,cycles
ML-DSA-44,keygen,0,484463,26152
ML-DSA-44,keygen,1,462018,24943
ML-DSA-44,keygen,2,463130,25004
ML-DSA-44,keygen,3,456407,24640
ML-DSA-44,keygen,4,468556,25297
ML-DSA-44,keygen,5,463352,25016
ML-DSA-44,keygen,6,457482,24698
ML-DSA-44,keygen,7,459408,24802
ML-DSA-44,keygen,8,459945,24830
ML-DSA-44,keygen,9,459944,24830
ML-DSA-44,keygen,10,457389,24694
ML-DSA-44,keygen,11,460852,24880
ML-DSA-44,keygen,12,460981,24887
ML-DSA-44,keygen,13,471426,25451
ML-DSA-44,keygen,14,462334,24959
ML-DSA-44,keygen,15,462481,24967
ML-DSA-44,keygen,16,458555,24755
ML-DSA-44,keygen,17,461055,24891
ML-DSA-44,keygen,18,457260,24687
ML-DSA-44,keygen,19,463074,24999
ML-DSA-44,keygen,20,463593,25029
ML-DSA-44,keygen,21,473093,25540
ML-DSA-44,keygen,22,462426,24964
ML-DSA-44,keygen,23,459241,24793
ML-DSA-44,keygen,24,460037,24837
ML-DSA-44,keygen,25,461685,24926
ML-DSA-44,keygen,26,458611,24760
ML-DSA-44,keygen,27,459778,24821
ML-DSA-44,keygen,28,460666,24870
ML-DSA-44,keygen,29,459834,24825
ML-DSA-44,keygen,30,470500,25401
ML-DSA-44,keygen,31,457945,24724
ML-DSA-44,keygen,32,461111,24895
ML-DSA-44,keygen,33,461463,24913
ML-DSA-44,keygen,34,463426,25020
ML-DSA-44,keygen,35,461148,24897
ML-DSA-44,keygen,36,461574,24920
ML-DSA-44,keygen,37,458481,24752
ML-DSA-44,keygen,38,472315,25498
ML-DSA-44,keygen,39,459111,24786
ML-DSA-44,keygen,40,461259,24901
ML-DSA-44,keygen,41,459982,24832
ML-DSA-44,keygen,42,460018,24835
ML-DSA-44,keygen,43,459889,24829
ML-DSA-44,keygen,44,460926,24885
ML-DSA-44,keygen,45,462222,24954
ML-DSA-44,keygen,46,461092,24893
ML-DSA-44,keygen,47,474685,25627
ML-DSA-44,keygen,48,459741,24820
ML-DSA-44,keygen,49,461315,24905
ML-DSA-44,keygen,50,460889,24883
ML-DSA-44,keygen,51,459018,24782
ML-DSA-44,keygen,52,458815,24769
ML-DSA-44,keygen,53,463370,25016
ML-DSA-44,keygen,54,460889,24882
ML-DSA-44,keygen,55,461222,24899
ML-DSA-44,keygen,56,472704,25521
ML-DSA-44,keygen,57,459204,24791
ML-DSA-44,keygen,58,461481,24914
ML-DSA-44,keygen,59,459148,24788
ML-DSA-44,keygen,60,457611,24705
ML-DSA-44,keygen,61,458389,24748
ML-DSA-44,keygen,62,462388,24963
ML-DSA-44,keygen,63,461204,24900
ML-DSA-44,keygen,64,471519,25455
ML-DSA-44,keygen,65,460889,24881
ML-DSA-44,keygen,66,460222,24847
ML-DSA-44,keygen,67,459797,24823
ML-DSA-44,keygen,68,459907,24828
ML-DSA-44,keygen,69,458630,24761
ML-DSA-44,keygen,70,459685,24817
ML-DSA-44,keygen,71,459704,24818
ML-DSA-44,keygen,72,462648,24978
ML-DSA-44,keygen,73,473111,25543
ML-DSA-44,keygen,74,458166,24735
ML-DSA-44,keygen,75,457426,24695
ML-DSA-44,keygen,76,461277,24903
ML-DSA-44,keygen,77,461018,24890
ML-DSA-44,keygen,78,459759,24821
ML-DSA-44,keygen,79,459814,24824
ML-DSA-44,keygen,80,462686,24980
ML-DSA-44,keygen,81,470667,25411
ML-DSA-44,keygen,82,459149,24788
ML-DSA-44,keygen,83,463556,25026
ML-DSA-44,keygen,84,463666,25032
ML-DSA-44,keygen,85,458241,24739
ML-DSA-44,keygen,86,460500,24861
ML-DSA-44,keygen,87,457519,24700
ML-DSA-44,keygen,88,457388,24693
ML-DSA-44,keygen,89,460167,24843
ML-DSA-44,keygen,90,471741,25468
ML-DSA-44,keygen,91,459796,24823
ML-DSA-44,keygen,92,457630,24707
ML-DSA-44,keygen,93,462204,24953
ML-DSA-44,keygen,94,463444,25021
ML-DSA-44,keygen,95,461055,24891
ML-DSA-44,keygen,96,462111,24947
ML-DSA-44,keygen,97,461093,24894
ML-DSA-44,keygen,98,469648,25355
ML-DSA-44,keygen,99,459630,24815
ML-DSA-44,keygen,100,461148,24897
ML-DSA-44,keygen,101,460148,24843
ML-DSA-44,keygen,102,458778,24768
ML-DSA-44,keygen,103,463852,25042
ML-DSA-44,keygen,104,462278,24958
ML-DSA-44,keygen,105,457352,24691
ML-DSA-44,keygen,106,461019,24888
ML-DSA-44,keygen,107,474074,25594
ML-DSA-44,keygen,108,462055,24944
ML-DSA-44,keygen,109,458981,24779
ML-DSA-44,keygen,110,458667,24762
ML-DSA-44,keygen,111,461056,24890
ML-DSA-44,keygen,112,459871,24828
ML-DSA-44,keygen,113,459667,24817
ML-DSA-44,keygen,114,456241,24632
ML-DSA-44,keygen,115,462204,24953
ML-DSA-44,keygen,116,470352,25393
ML-DSA-44,keygen,117,461000,24888
ML-DSA-44,keygen,118,461408,24910
ML-DSA-44,keygen,119,458500,24753
ML-DSA-44,keygen,120,462371,24962
ML-DSA-44,keygen,121,463889,25044
ML-DSA-44,keygen,122,461204,24899
ML-DSA-44,keygen,123,467482,25239
ML-DSA-44,keygen,124,471500,25456
ML-DSA-44,keygen,125,461259,24903
ML-DSA-44,keygen,126,458685,24763
ML-DSA-44,keygen,127,459944,24830
ML-DSA-44,keygen,128,456963,24671
ML-DSA-44,keygen,129,459426,24804
ML-DSA-44,keygen,130,461241,24902
ML-DSA-44,keygen,131,462519,24970
ML-DSA-44,keygen,132,458407,24749
ML-DSA-44,keygen,133,473222,25548
ML-DSA-44,keygen,134,461870,24936
ML-DSA-44,keygen,135,461074,24892
ML-DSA-44,keygen,136,462222,24953
ML-DSA-44,keygen,137,461056,24892
ML-DSA-44,keygen,138,459741,24819
ML-DSA-44,keygen,139,459666,24816
ML-DSA-44,keygen,140,459852,24827
ML-DSA-44,keygen,141,470056,25376
ML-DSA-44,keygen,142,460426,24858
ML-DSA-44,keygen,143,461278,24903
ML-DSA-44,keygen,144,456019,24619
ML-DSA-44,keygen,145,459870,24827
ML-DSA-44,keygen,146,462426,24965
ML-DSA-44,keygen,147,462130,24949
ML-DSA-44,keygen,148,463908,25046
ML-DSA-44,keygen,149,460093,24839
ML-DSA-44,keygen,150,473852,25582
ML-DSA-44,keygen,151,459129,24786
ML-DSA-44,keygen,152,462537,24972
ML-DSA-44,keygen,153,461963,24940
ML-DSA-44,keygen,154,458482,24751
ML-DSA-44,keygen,155,462167,24951
ML-DSA-44,keygen,156,462167,24951
ML-DSA-44,keygen,157,460796,24877
ML-DSA-44,keygen,158,468834,25311
ML-DSA-44,keygen,159,460852,24881
ML-DSA-44,keygen,160,461389,24910
ML-DSA-44,keygen,161,458777,24769
ML-DSA-44,keygen,162,462334,24961
ML-DSA-44,keygen,163,458704,24764
ML-DSA-44,keygen,164,462092,24946
ML-DSA-44,keygen,165,460852,24881
ML-DSA-44,keygen,166,457426,24695
ML-DSA-44,keygen,167,467908,25260
ML-DSA-44,keygen,168,458426,24750
ML-DSA-44,keygen,169,462167,24952
ML-DSA-44,keygen,170,462556,24971
ML-DSA-44,keygen,171,459000,24780
ML-DSA-44,keygen,172,459723,24820
ML-DSA-44,keygen,173,459686,24818
ML-DSA-44,keygen,174,460815,24879
ML-DSA-44,keygen,175,462278,24958
ML-DSA-44,keygen,176,472982,25535
ML-DSA-44,keygen,177,462944,24993
ML-DSA-44,keygen,178,457759,24713
ML-DSA-44,keygen,179,461056,24892
ML-DSA-44,keygen,180,460871,24881
ML-DSA-44,keygen,181,459796,24823
ML-DSA-44,keygen,182,459593,24811
ML-DSA-44,keygen,183,462334,24961
ML-DSA-44,keygen,184,470296,25390
ML-DSA-44,keygen,185,460741,24875
ML-DSA-44,keygen,186,458333,24745
ML-DSA-44,keygen,187,461111,24893
ML-DSA-44,keygen,188,462019,24943
ML-DSA-44,keygen,189,458333,24745
ML-DSA-44,keygen,190,457388,24693
ML-DSA-44,keygen,191,462111,24949
ML-DSA-44,keygen,192,455871,24612
ML-DSA-44,keygen,193,469574,25349
ML-DSA-44,keygen,194,459463,24806
ML-DSA-44,keygen,195,459796,24824
ML-DSA-44,keygen,196,461111,24894
ML-DSA-44,keygen,197,461148,24897
ML-DSA-44,keygen,198,459870,24827
ML-DSA-44,keygen,199,459537,24809
ML-DSA-44,keygen,200,458259,24740
ML-DSA-44,keygen,201,478426,25828
ML-DSA-44,keygen,202,461574,24919
ML-DSA-44,keygen,203,459981,24834
ML-DSA-44,keygen,204,462185,24953
ML-DSA-44,keygen,205,462297,24959
ML-DSA-44,keygen,206,460759,24876
ML-DSA-44,keygen,207,458574,24758
ML-DSA-44,keygen,208,458445,24750
ML-DSA-44,keygen,209,459629,24814
ML-DSA-44,keygen,210,471444,25451
ML-DSA-44,keygen,211,460592,24865
ML-DSA-44,keygen,212,460982,24888
ML-DSA-44,keygen,213,462222,24955
ML-DSA-44,keygen,214,460871,24881
ML-DSA-44,keygen,215,460834,24879
ML-DSA-44,keygen,216,460722,24874
ML-DSA-44,keygen,217,458278,24741
ML-DSA-44,keygen,218,461074,24893
ML-DSA-44,keygen,219,470722,25413
ML-DSA-44,keygen,220,459426,24803
ML-DSA-44,keygen,221,462574,24973
ML-DSA-44,keygen,222,462500,24968
ML-DSA-44,keygen,223,459537,24809
ML-DSA-44,keygen,224,461907,24938
ML-DSA-44,keygen,225,459723,24819
ML-DSA-44,keygen,226,460815,24877
ML-DSA-44,keygen,227,470778,25415
ML-DSA-44,keygen,228,459260,24794
ML-DSA-44,keygen,229,461204,24900
ML-DSA-44,keygen,230,460093,24840
ML-DSA-44,keygen,231,461000,24888
ML-DSA-44,keygen,232,460203,24845
ML-DSA-44,keygen,233,458611,24760
ML-DSA-44,keygen,234,462185,24953
ML-DSA-44,keygen,235,459648,24814
ML-DSA-44,keygen,236,470315,25391
ML-DSA-44,keygen,237,461871,24936
ML-DSA-44,keygen,238,459982,24834
ML-DSA-44,keygen,239,461056,24892
ML-DSA-44,keygen,240,458463,24752
ML-DSA-44,keygen,241,458778,24768
ML-DSA-44,keygen,242,461241,24901
ML-DSA-44,keygen,243,463297,25012
ML-DSA-44,keygen,244,473723,25573
ML-DSA-44,keygen,245,457019,24673
ML-DSA-44,keygen,246,461704,24927
ML-DSA-44,keygen,247,461425,24911
ML-DSA-44,keygen,248,459593,24812
ML-DSA-44,keygen,249,462370,24961
ML-DSA-44,keygen,250,460611,24868
ML-DSA-44,keygen,251,463685,25033
ML-DSA-44,keygen,252,461056,24892
ML-DSA-44,keygen,253,474981,25643
ML-DSA-44,keygen,254,460796,24877
ML-DSA-44,keygen,255,458500,24754
ML-DSA-44,keygen,256,458408,24749
ML-DSA-44,keygen,257,459333,24799
ML-DSA-44,keygen,258,461148,24896
ML-DSA-44,keygen,259,459648,24815
ML-DSA-44,keygen,260,460907,24883
ML-DSA-44,keygen,261,467797,25255
ML-DSA-44,keygen,262,461389,24909
ML-DSA-44,keygen,263,459871,24827
ML-DSA-44,keygen,264,461037,24889
ML-DSA-44,keygen,265,463314,25013
ML-DSA-44,keygen,266,460019,24834
ML-DSA-44,keygen,267,461019,24889
ML-DSA-44,keygen,268,463741,25037
ML-DSA-44,keygen,269,458222,24738
ML-DSA-44,keygen,270,472092,25487
ML-DSA-44,keygen,271,459722,24819
ML-DSA-44,keygen,272,459852,24826
ML-DSA-44,keygen,273,457611,24705
ML-DSA-44,keygen,274,459870,24827
ML-DSA-44,keygen,275,459852,24827
ML-DSA-44,keygen,276,459629,24814
ML-DSA-44,keygen,277,462204,24953
ML-DSA-44,keygen,278,459778,24821
ML-DSA-44,keygen,279,470222,25386
ML-DSA-44,keygen,280,466037,25160
ML-DSA-44,keygen,281,462389,24964
ML-DSA-44,keygen,282,458796,24768
ML-DSA-44,keygen,283,457315,24689
ML-DSA-44,keygen,284,463148,25005
ML-DSA-44,keygen,285,459612,24813
ML-DSA-44,keygen,286,459796,24823
ML-DSA-44,keygen,287,469185,25329
ML-DSA-44,keygen,288,461741,24927
ML-DSA-44,keygen,289,462463,24967
ML-DSA-44,keygen,290,459963,24832
ML-DSA-44,keygen,291,461093,24894
ML-DSA-44,keygen,292,458333,24743
ML-DSA-44,keygen,293,462019,24943
ML-DSA-44,keygen,294,460037,24836
ML-DSA-44,keygen,295,462018,24944
ML-DSA-44,keygen,296,467537,25241
ML-DSA-44,keygen,297,462037,24944
ML-DSA-44,keygen,298,461204,24900
ML-DSA-44,keygen,299,461371,24908
ML-DSA-44,keygen,300,459704,24818
ML-DSA-44,keygen,301,460945,24885
ML-DSA-44,keygen,302,457148,24680
ML-DSA-44,keygen,303,459389,24802
ML-DSA-44,keygen,304,473852,25582
ML-DSA-44,keygen,305,463334,25014
ML-DSA-44,keygen,306,460814,24878
ML-DSA-44,keygen,307,458241,24740
ML-DSA-44,keygen,308,458223,24737
ML-DSA-44,keygen,309,462278,24957
ML-DSA-44,keygen,310,457555,24703
ML-DSA-44,keygen,311,462481,24968
ML-DSA-44,keygen,312,459648,24814
ML-DSA-44,keygen,313,473222,25547
ML-DSA-44,keygen,314,463111,25001
ML-DSA-44,keygen,315,457704,24710
ML-DSA-44,keygen,316,459760,24821
ML-DSA-44,keygen,317,458482,24752
ML-DSA-44,keygen,318,461018,24889
ML-DSA-44,keygen,319,462093,24947
ML-DSA-44,keygen,320,458370,24747
ML-DSA-44,keygen,321,458445,24749
ML-DSA-44,keygen,322,470685,25412
ML-DSA-44,keygen,323,460648,24869
ML-DSA-44,keygen,324,458463,24751
ML-DSA-44,keygen,325,459889,24828
ML-DSA-44,keygen,326,462315,24959
ML-DSA-44,keygen,327,458518,24753
ML-DSA-44,keygen,328,458555,24756
ML-DSA-44,keygen,329,462111,24948
ML-DSA-44,keygen,330,473445,25559
ML-DSA-44,keygen,331,457463,24697
ML-DSA-44,keygen,332,459815,24825
ML-DSA-44,keygen,333,462203,24953
ML-DSA-44,keygen,334,460889,24883
ML-DSA-44,keygen,335,460796,24877
ML-DSA-44,keygen,336,458741,24766
ML-DSA-44,keygen,337,461740,24929
ML-DSA-44,keygen,338,459500,24807
ML-DSA-44,keygen,339,475111,25650
ML-DSA-44,keygen,340,460185,24844
ML-DSA-44,keygen,341,461111,24893
ML-DSA-44,keygen,342,461093,24893
ML-DSA-44,keygen,343,458907,24774
ML-DSA-44,keygen,344,462370,24963
ML-DSA-44,keygen,345,461111,24893
ML-DSA-44,keygen,346,457204,24683
ML-DSA-44,keygen,347,477666,25786
ML-DSA-44,keygen,348,459519,24809
ML-DSA-44,keygen,349,460815,24879
ML-DSA-44,keygen,350,461092,24893
ML-DSA-44,keygen,351,463222,25008
ML-DSA-44,keygen,352,461074,24892
ML-DSA-44,keygen,353,459815,24824
ML-DSA-44,keygen,354,461167,24897
ML-DSA-44,keygen,355,458741,24766
ML-DSA-44,keygen,356,477223,25764
ML-DSA-44,keygen,357,463260,25010
ML-DSA-44,keygen,358,462333,24961
ML-DSA-44,keygen,359,462315,24959
ML-DSA-44,keygen,360,461259,24903
ML-DSA-44,keygen,361,462519,24970
ML-DSA-44,keygen,362,462111,24949
ML-DSA-44,keygen,363,463166,25005
ML-DSA-44,keygen,364,478500,25832
ML-DSA-44,keygen,365,462315,24959
ML-DSA-44,keygen,366,462537,24972
ML-DSA-44,keygen,367,461167,24898
ML-DSA-44,keygen,368,458852,24772
ML-DSA-44,keygen,369,460797,24877
ML-DSA-44,keygen,370,457370,24692
ML-DSA-44,keygen,371,457278,24686
ML-DSA-44,keygen,372,457185,24682
ML-DSA-44,keygen,373,470889,25422
ML-DSA-44,keygen,374,461815,24932
ML-DSA-44,keygen,375,459963,24831
ML-DSA-44,keygen,376,458945,24777
ML-DSA-44,keygen,377,457611,24705
ML-DSA-44,keygen,378,462667,24979
ML-DSA-44,keygen,379,457129,24679
ML-DSA-44,keygen,380,458370,24745
ML-DSA-44,keygen,381,459741,24820
ML-DSA-44,keygen,382,476130,25704
ML-DSA-44,keygen,383,462296,24959
ML-DSA-44,keygen,384,459796,24823
ML-DSA-44,keygen,385,463574,25028
ML-DSA-44,keygen,386,458407,24749
ML-DSA-44,keygen,387,459759,24821
ML-DSA-44,keygen,388,458982,24780
ML-DSA-44,keygen,389,459870,24826
ML-DSA-44,keygen,390,467815,25255
ML-DSA-44,keygen,391,458982,24779
ML-DSA-44,keygen,392,459871,24828
ML-DSA-44,keygen,393,462278,24957
ML-DSA-44,keygen,394,459574,24812
ML-DSA-44,keygen,395,458648,24762
ML-DSA-44,keygen,396,463537,25026
ML-DSA-44,keygen,397,459778,24822
ML-DSA-44,keygen,398,458555,24757
ML-DSA-44,keygen,399,470666,25411
ML-DSA-44,keygen,400,462889,24989
ML-DSA-44,keygen,401,460963,24886
ML-DSA-44,keygen,402,459555,24810
ML-DSA-44,keygen,403,462037,24944
ML-DSA-44,keygen,404,460000,24835
ML-DSA-44,keygen,405,461185,24899
ML-DSA-44,keygen,406,460482,24861
ML-DSA-44,keygen,407,470500,25401
ML-DSA-44,keygen,408,461908,24937
ML-DSA-44,keygen,409,458870,24773
ML-DSA-44,keygen,410,458370,24746
ML-DSA-44,keygen,411,462056,24945
ML-DSA-44,keygen,412,459500,24807
ML-DSA-44,keygen,413,459537,24810
ML-DSA-44,keygen,414,461908,24937
ML-DSA-44,keygen,415,458537,24755
ML-DSA-44,keygen,416,470389,25394
ML-DSA-44,keygen,417,461185,24897
ML-DSA-44,keygen,418,462648,24976
ML-DSA-44,keygen,419,462500,24969
ML-DSA-44,keygen,420,460019,24836
ML-DSA-44,keygen,421,462093,24947
ML-DSA-44,keygen,422,457277,24688
ML-DSA-44,keygen,423,463315,25014
ML-DSA-44,keygen,424,462408,24964
ML-DSA-44,keygen,425,470204,25384
ML-DSA-44,keygen,426,457407,24695
ML-DSA-44,keygen,427,461241,24901
ML-DSA-44,keygen,428,459741,24821
ML-DSA-44,keygen,429,459963,24831
ML-DSA-44,keygen,430,461111,24893
ML-DSA-44,keygen,431,457185,24682
ML-DSA-44,keygen,432,459889,24827
ML-DSA-44,keygen,433,469704,25358
ML-DSA-44,keygen,434,460852,24880
ML-DSA-44,keygen,435,460111,24840
ML-DSA-44,keygen,436,457371,24692
ML-DSA-44,keygen,437,460926,24885
ML-DSA-44,keygen,438,460889,24881
ML-DSA-44,keygen,439,458703,24764
ML-DSA-44,keygen,440,458704,24765
ML-DSA-44,keygen,441,461056,24891
ML-DSA-44,keygen,442,470445,25398
ML-DSA-44,keygen,443,463296,25011
ML-DSA-44,keygen,444,458852,24773
ML-DSA-44,keygen,445,459851,24826
ML-DSA-44,keygen,446,463648,25031
ML-DSA-44,keygen,447,459722,24819
ML-DSA-44,keygen,448,458648,24762
ML-DSA-44,keygen,449,461167,24896
ML-DSA-44,keygen,450,469686,25357
ML-DSA-44,keygen,451,458407,24747
ML-DSA-44,keygen,452,461111,24895
ML-DSA-44,keygen,453,457407,24695
ML-DSA-44,keygen,454,461019,24889
ML-DSA-44,keygen,455,462500,24969
ML-DSA-44,keygen,456,462389,24962
ML-DSA-44,keygen,457,461092,24893
ML-DSA-44,keygen,458,461167,24898
ML-DSA-44,keygen,459,469926,25369
ML-DSA-44,keygen,460,464741,25091
ML-DSA-44,keygen,461,459889,24828
ML-DSA-44,keygen,462,460019,24834
ML-DSA-44,keygen,463,460278,24848
ML-DSA-44,keygen,464,457815,24717
ML-DSA-44,keygen,465,461056,24891
ML-DSA-44,keygen,466,456018,24619
ML-DSA-44,keygen,467,463592,25029
ML-DSA-44,keygen,468,475797,25686
ML-DSA-44,keygen,469,462537,24971
ML-DSA-44,keygen,470,457796,24714
ML-DSA-44,keygen,471,460500,24861
ML-DSA-44,keygen,472,458537,24756
ML-DSA-44,keygen,473,461334,24906
ML-DSA-44,keygen,474,459907,24830
ML-DSA-44,keygen,475,461074,24891
ML-DSA-44,keygen,476,474500,25617
ML-DSA-44,keygen,477,458574,24757
ML-DSA-44,keygen,478,462129,24949
ML-DSA-44,keygen,479,458703,24765
ML-DSA-44,keygen,480,458408,24747
ML-DSA-44,keygen,481,458630,24761
ML-DSA-44,keygen,482,462259,24956
ML-DSA-44,keygen,483,461074,24893
ML-DSA-44,keygen,484,457667,24708
ML-DSA-44,keygen,485,684814,36966
ML-DSA-44,keygen,486,465593,25136
ML-DSA-44,keygen,487,458944,24777
ML-DSA-44,keygen,488,460000,24833
ML-DSA-44,keygen,489,461056,24892
ML-DSA-44,keygen,490,461407,24911
ML-DSA-44,keygen,491,461093,24893
ML-DSA-44,keygen,492,461260,24902
ML-DSA-44,keygen,493,472574,25513
ML-DSA-44,keygen,494,461223,24900
ML-DSA-44,keygen,495,458592,24759
ML-DSA-44,keygen,496,460019,24835
ML-DSA-44,keygen,497,479963,25912
ML-DSA-44,keygen,498,461500,24915
ML-DSA-44,keygen,499,459889,24829
ML-DSA-44,keygen,500,458611,24759
ML-DSA-44,keygen,501,472667,25517
ML-DSA-44,keygen,502,458074,24731
ML-DSA-44,keygen,503,460185,24844
ML-DSA-44,keygen,504,457241,24686
ML-DSA-44,keygen,505,463444,25020
ML-DSA-44,keygen,506,458519,24754
ML-DSA-44,keygen,507,461112,24893
ML-DSA-44,keygen,508,457370,24693
ML-DSA-44,keygen,509,460556,24864
ML-DSA-44,keygen,510,471889,25476
ML-DSA-44,keygen,511,459741,24821
ML-DSA-44,keygen,512,461185,24898
ML-DSA-44,keygen,513,459648,24815
ML-DSA-44,keygen,514,459593,24813
ML-DSA-44,keygen,515,463666,25033
ML-DSA-44,keygen,516,458537,24756
ML-DSA-44,keygen,517,457648,24706
ML-DSA-44,keygen,518,461074,24891
ML-DSA-44,keygen,519,469129,25328
ML-DSA-44,keygen,520,460667,24870
ML-DSA-44,keygen,521,460129,24841
ML-DSA-44,keygen,522,459741,24821
ML-DSA-44,keygen,523,460056,24837
ML-DSA-44,keygen,524,537333,29011
ML-DSA-44,keygen,525,461963,24940
ML-DSA-44,keygen,526,460370,24854
ML-DSA-44,keygen,527,473296,25551
ML-DSA-44,keygen,528,460796,24878
ML-DSA-44,keygen,529,459889,24829
ML-DSA-44,keygen,530,461018,24889
ML-DSA-44,keygen,531,461241,24900
ML-DSA-44,keygen,532,458870,24773
ML-DSA-44,keygen,533,462667,24979
ML-DSA-44,keygen,534,461352,24908
ML-DSA-44,keygen,535,461278,24903
ML-DSA-44,keygen,536,467815,25256
ML-DSA-44,keygen,537,465574,25135
ML-DSA-44,keygen,538,461000,24888
ML-DSA-44,keygen,539,459796,24824
ML-DSA-44,keygen,540,462352,24962
ML-DSA-44,keygen,541,460018,24835
ML-DSA-44,keygen,542,456149,24626
ML-DSA-44,keygen,543,458981,24778
ML-DSA-44,keygen,544,472315,25499
ML-DSA-44,keygen,545,462371,24963
ML-DSA-44,keygen,546,458889,24774
ML-DSA-44,keygen,547,458574,24756
ML-DSA-44,keygen,548,461611,24920
ML-DSA-44,keygen,549,458222,24739
ML-DSA-44,keygen,550,457611,24706
ML-DSA-44,keygen,551,579500,31286
ML-DSA-44,keygen,552,585315,31601
ML-DSA-44,keygen,553,460278,24848
ML-DSA-44,keygen,554,460241,24847
ML-DSA-44,keygen,555,530592,28646
ML-DSA-44,keygen,556,464907,25098
ML-DSA-44,keygen,557,460259,24848
ML-DSA-44,keygen,558,575815,31087
ML-DSA-44,keygen,559,463463,25022
ML-DSA-44,keygen,560,521574,28158
ML-DSA-44,keygen,561,516686,27895
ML-DSA-44,keygen,562,537907,29040
ML-DSA-44,keygen,563,501167,27056
ML-DSA-44,keygen,564,514778,27792
ML-DSA-44,keygen,565,562371,30361
ML-DSA-44,keygen,566,517018,27913
ML-DSA-44,keygen,567,724889,39137
ML-DSA-44,keygen,568,559148,30187
ML-DSA-44,keygen,569,462555,24973
ML-DSA-44,keygen,570,458574,24757
ML-DSA-44,keygen,571,624815,33732
ML-DSA-44,keygen,572,463833,25040
ML-DSA-44,keygen,573,458426,24748
ML-DSA-44,keygen,574,462185,24952
ML-DSA-44,keygen,575,462186,24951
ML-DSA-44,keygen,576,459500,24807
ML-DSA-44,keygen,577,461204,24898
ML-DSA-44,keygen,578,459815,24824
ML-DSA-44,keygen,579,456944,24670
ML-DSA-44,keygen,580,458630,24760
ML-DSA-44,keygen,581,461111,24895
ML-DSA-44,keygen,582,459907,24830
ML-DSA-44,keygen,583,478704,25844
ML-DSA-44,keygen,584,474186,25601
ML-DSA-44,keygen,585,459296,24796
ML-DSA-44,keygen,586,457148,24680
ML-DSA-44,keygen,587,462111,24949
ML-DSA-44,keygen,588,463574,25026
ML-DSA-44,keygen,589,462222,24955
ML-DSA-44,keygen,590,458482,24753
ML-DSA-44,keygen,591,457185,24682
ML-DSA-44,keygen,592,462185,24952
ML-DSA-44,keygen,593,469130,25328
ML-DSA-44,keygen,594,458129,24732
ML-DSA-44,keygen,595,458797,24769
ML-DSA-44,keygen,596,459389,24801
ML-DSA-44,keygen,597,460760,24876
ML-DSA-44,keygen,598,455907,24613
ML-DSA-44,keygen,599,460815,24878
ML-DSA-44,keygen,600,460889,24883
ML-DSA-44,keygen,601,469759,25361
ML-DSA-44,keygen,602,459667,24815
ML-DSA-44,keygen,603,462704,24979
ML-DSA-44,keygen,604,459666,24816
ML-DSA-44,keygen,605,464111,25056
ML-DSA-44,keygen,606,461408,24911
ML-DSA-44,keygen,607,462074,24947
ML-DSA-44,keygen,608,461148,24896
ML-DSA-44,keygen,609,458834,24772
ML-DSA-44,keygen,610,544130,29376
ML-DSA-44,keygen,611,464093,25055
ML-DSA-44,keygen,612,460037,24836
ML-DSA-44,keygen,613,459962,24832
ML-DSA-44,keygen,614,459408,24802
ML-DSA-44,keygen,615,460852,24879
ML-DSA-44,keygen,616,461407,24910
ML-DSA-44,keygen,617,459889,24828
ML-DSA-44,keygen,618,471834,25473
ML-DSA-44,keygen,619,462259,24957
ML-DSA-44,keygen,620,457240,24685
ML-DSA-44,keygen,621,458612,24759
ML-DSA-44,keygen,622,457407,24693
ML-DSA-44,keygen,623,459741,24819
ML-DSA-44,keygen,624,457352,24691
ML-DSA-44,keygen,625,458500,24754
ML-DSA-44,keygen,626,461241,24902
ML-DSA-44,keygen,627,469352,25340
ML-DSA-44,keygen,628,460574,24865
ML-DSA-44,keygen,629,461222,24900
ML-DSA-44,keygen,630,460704,24873
ML-DSA-44,keygen,631,460870,24882
ML-DSA-44,keygen,632,463315,25013
ML-DSA-44,keygen,633,458500,24753
ML-DSA-44,keygen,634,459852,24826
ML-DSA-44,keygen,635,532889,28770
ML-DSA-44,keygen,636,528907,28554
ML-DSA-44,keygen,637,609500,32906
ML-DSA-44,keygen,638,463482,25023
ML-DSA-44,keygen,639,465630,25138
ML-DSA-44,keygen,640,542944,29313
ML-DSA-44,keygen,641,462519,24971
ML-DSA-44,keygen,642,460260,24849
ML-DSA-44,keygen,643,609463,32903
ML-DSA-44,keygen,644,464130,25057
ML-DSA-44,keygen,645,461648,24923
ML-DSA-44,keygen,646,526611,28431
ML-DSA-44,keygen,647,524574,28320
ML-DSA-44,keygen,648,555981,30016
ML-DSA-44,keygen,649,509185,27489
ML-DSA-44,keygen,650,525278,28358
ML-DSA-44,keygen,651,536537,28966
ML-DSA-44,keygen,652,525315,28361
ML-DSA-44,keygen,653,526796,28441
ML-DSA-44,keygen,654,655241,35377
ML-DSA-44,keygen,655,574518,31015
ML-DSA-44,keygen,656,558778,30168
ML-DSA-44,keygen,657,459907,24829
ML-DSA-44,keygen,658,515537,27832
ML-DSA-44,keygen,659,580667,31351
ML-DSA-44,keygen,660,462352,24961
ML-DSA-44,keygen,661,464685,25087
ML-DSA-44,keygen,662,456241,24630
ML-DSA-44,keygen,663,459907,24829
ML-DSA-44,keygen,664,461111,24895
ML-DSA-44,keygen,665,458500,24752
ML-DSA-44,keygen,666,469388,25340
ML-DSA-44,keygen,667,460592,24867
ML-DSA-44,keygen,668,461222,24901
ML-DSA-44,keygen,669,459722,24819
ML-DSA-44,keygen,670,479574,25891
ML-DSA-44,keygen,671,463185,25005
ML-DSA-44,keygen,672,458611,24760
ML-DSA-44,keygen,673,458982,24780
ML-DSA-44,keygen,674,459963,24831
ML-DSA-44,keygen,675,469704,25358
ML-DSA-44,keygen,676,460500,24861
ML-DSA-44,keygen,677,461222,24900
ML-DSA-44,keygen,678,461278,24903
ML-DSA-44,keygen,679,462389,24962
ML-DSA-44,keygen,680,458092,24731
ML-DSA-44,keygen,681,460074,24837
ML-DSA-44,keygen,682,461241,24902
ML-DSA-44,keygen,683,469982,25373
ML-DSA-44,keygen,684,459944,24831
ML-DSA-44,keygen,685,459055,24783
ML-DSA-44,keygen,686,459963,24832
ML-DSA-44,keygen,687,461389,24910
ML-DSA-44,keygen,688,461333,24906
ML-DSA-44,keygen,689,458518,24753
ML-DSA-44,keygen,690,459500,24808
ML-DSA-44,keygen,691,458463,24751
ML-DSA-44,keygen,692,547833,29576
ML-DSA-44,keygen,693,462315,24960
ML-DSA-44,keygen,694,460334,24852
ML-DSA-44,keygen,695,461963,24940
ML-DSA-44,keygen,696,459945,24830
ML-DSA-44,keygen,697,457593,24705
ML-DSA-44,keygen,698,460630,24868
ML-DSA-44,keygen,699,457352,24691
ML-DSA-44,keygen,700,471500,25454
ML-DSA-44,keygen,701,466167,25167
ML-DSA-44,keygen,702,462408,24963
ML-DSA-44,keygen,703,459982,24833
ML-DSA-44,keygen,704,459870,24826
ML-DSA-44,keygen,705,459555,24810
ML-DSA-44,keygen,706,462371,24961
ML-DSA-44,keygen,707,459518,24809
ML-DSA-44,keygen,708,457241,24685
ML-DSA-44,keygen,709,471852,25474
ML-DSA-44,keygen,710,459371,24800
ML-DSA-44,keygen,711,458760,24766
ML-DSA-44,keygen,712,460166,24843
ML-DSA-44,keygen,713,460963,24887
ML-DSA-44,keygen,714,457278,24687
ML-DSA-44,keygen,715,458907,24776
ML-DSA-44,keygen,716,458834,24770
ML-DSA-44,keygen,717,462519,24971
ML-DSA-44,keygen,718,549186,29648
ML-DSA-44,keygen,719,546926,29527
ML-DSA-44,keygen,720,646260,34891
ML-DSA-44,keygen,721,464037,25053
ML-DSA-44,keygen,722,459037,24782
ML-DSA-44,keygen,723,546241,29491
ML-DSA-44,keygen,724,480556,25944
ML-DSA-44,keygen,725,477074,25755
ML-DSA-44,keygen,726,645352,34843
ML-DSA-44,keygen,727,463056,25001
ML-DSA-44,keygen,728,463852,25042
ML-DSA-44,keygen,729,544611,29403
ML-DSA-44,keygen,730,545907,29473
ML-DSA-44,keygen,731,464666,25086
ML-DSA-44,keygen,732,522222,28193
ML-DSA-44,keygen,733,529574,28590
ML-DSA-44,keygen,734,524463,28314
ML-DSA-44,keygen,735,460241,24847
ML-DSA-44,keygen,736,543278,29330
ML-DSA-44,keygen,737,545778,29466
ML-DSA-44,keygen,738,460871,24880
ML-DSA-44,keygen,739,543797,29359
ML-DSA-44,keygen,740,555278,29977
ML-DSA-44,keygen,741,710574,38365
ML-DSA-44,keygen,742,464055,25053
ML-DSA-44,keygen,743,664018,35849
ML-DSA-44,keygen,744,464648,25084
ML-DSA-44,keygen,745,459000,24781
ML-DSA-44,keygen,746,486166,26246
ML-DSA-44,keygen,747,462352,24960
ML-DSA-44,keygen,748,470833,25419
ML-DSA-44,keygen,749,459722,24819
ML-DSA-44,keygen,750,458852,24773
ML-DSA-44,keygen,751,460222,24846
ML-DSA-44,keygen,752,458833,24771
ML-DSA-44,keygen,753,462388,24964
ML-DSA-44,keygen,754,462241,24956
ML-DSA-44,keygen,755,459982,24832
ML-DSA-44,keygen,756,461148,24896
ML-DSA-44,keygen,757,472093,25487
ML-DSA-44,keygen,758,460093,24839
ML-DSA-44,keygen,759,461259,24903
ML-DSA-44,keygen,760,462352,24960
ML-DSA-44,keygen,761,459814,24825
ML-DSA-44,keygen,762,458223,24738
ML-DSA-44,keygen,763,458797,24769
ML-DSA-44,keygen,764,459666,24816
ML-DSA-44,keygen,765,471018,25429
ML-DSA-44,keygen,766,462111,24948
ML-DSA-44,keygen,767,457204,24683
ML-DSA-44,keygen,768,460037,24837
ML-DSA-44,keygen,769,462129,24949
ML-DSA-44,keygen,770,458445,24749
ML-DSA-44,keygen,771,458482,24752
ML-DSA-44,keygen,772,461019,24890
ML-DSA-44,keygen,773,458333,24743
ML-DSA-44,keygen,774,469370,25340
ML-DSA-44,keygen,775,460889,24881
ML-DSA-44,keygen,776,459574,24811
ML-DSA-44,keygen,777,459537,24808
ML-DSA-44,keygen,778,457259,24686
ML-DSA-44,keygen,779,456130,24625
ML-DSA-44,keygen,780,459500,24807
ML-DSA-44,keygen,781,460167,24843
ML-DSA-44,keygen,782,471389,25448
ML-DSA-44,keygen,783,458388,24746
ML-DSA-44,keygen,784,458611,24757
ML-DSA-44,keygen,785,459741,24820
ML-DSA-44,keygen,786,459760,24821
ML-DSA-44,keygen,787,461148,24895
ML-DSA-44,keygen,788,464166,25060
ML-DSA-44,keygen,789,459704,24819
ML-DSA-44,keygen,790,459667,24817
ML-DSA-44,keygen,791,472500,25508
ML-DSA-44,keygen,792,463148,25005
ML-DSA-44,keygen,793,458149,24735
ML-DSA-44,keygen,794,459944,24832
ML-DSA-44,keygen,795,458500,24753
ML-DSA-44,keygen,796,459555,24810
ML-DSA-44,keygen,797,458593,24757
ML-DSA-44,keygen,798,460926,24885
ML-DSA-44,keygen,799,459166,24789
ML-DSA-44,keygen,800,472278,25497
ML-DSA-44,keygen,801,463371,25016
ML-DSA-44,keygen,802,462389,24963
ML-DSA-44,keygen,803,458482,24753
ML-DSA-44,keygen,804,462592,24974
ML-DSA-44,keygen,805,462296,24958
ML-DSA-44,keygen,806,459796,24824
ML-DSA-44,keygen,807,462314,24959
ML-DSA-44,keygen,808,467796,25255
ML-DSA-44,keygen,809,463018,24998
ML-DSA-44,keygen,810,459926,24830
ML-DSA-44,keygen,811,462167,24951
ML-DSA-44,keygen,812,460611,24867
ML-DSA-44,keygen,813,459482,24807
ML-DSA-44,keygen,814,461222,24900
ML-DSA-44,keygen,815,461556,24919
ML-DSA-44,keygen,816,458703,24765
ML-DSA-44,keygen,817,471482,25455
ML-DSA-44,keygen,818,461852,24933
ML-DSA-44,keygen,819,460777,24876
ML-DSA-44,keygen,820,457037,24674
ML-DSA-44,keygen,821,462537,24972
ML-DSA-44,keygen,822,461167,24898
ML-DSA-44,keygen,823,455797,24606
ML-DSA-44,keygen,824,461000,24889
ML-DSA-44,keygen,825,474204,25601
ML-DSA-44,keygen,826,459537,24810
ML-DSA-44,keygen,827,463593,25028
ML-DSA-44,keygen,828,461038,24890
ML-DSA-44,keygen,829,458315,24743
ML-DSA-44,keygen,830,460981,24887
ML-DSA-44,keygen,831,463611,25029
ML-DSA-44,keygen,832,461000,24888
ML-DSA-44,keygen,833,462222,24954
ML-DSA-44,keygen,834,471759,25469
ML-DSA-44,keygen,835,461796,24931
ML-DSA-44,keygen,836,457593,24705
ML-DSA-44,keygen,837,461463,24913
ML-DSA-44,keygen,838,461908,24938
ML-DSA-44,keygen,839,463222,25007
ML-DSA-44,keygen,840,458519,24754
ML-DSA-44,keygen,841,458500,24754
ML-DSA-44,keygen,842,469203,25332
ML-DSA-44,keygen,843,458500,24752
ML-DSA-44,keygen,844,462092,24948
ML-DSA-44,keygen,845,459907,24830
ML-DSA-44,keygen,846,460889,24881
ML-DSA-44,keygen,847,461092,24894
ML-DSA-44,keygen,848,458500,24753
ML-DSA-44,keygen,849,461371,24909
ML-DSA-44,keygen,850,461982,24942
ML-DSA-44,keygen,851,469963,25372
ML-DSA-44,keygen,852,458426,24748
ML-DSA-44,keygen,853,458815,24769
ML-DSA-44,keygen,854,459000,24780
ML-DSA-44,keygen,855,460926,24884
ML-DSA-44,keygen,856,459777,24821
ML-DSA-44,keygen,857,461871,24936
ML-DSA-44,keygen,858,462167,24950
ML-DSA-44,keygen,859,457482,24699
ML-DSA-44,keygen,860,467833,25257
ML-DSA-44,keygen,861,459444,24803
ML-DSA-44,keygen,862,458371,24747
ML-DSA-44,keygen,863,460945,24885
ML-DSA-44,keygen,864,457259,24687
ML-DSA-44,keygen,865,459574,24810
ML-DSA-44,keygen,866,459611,24813
ML-DSA-44,keygen,867,458815,24771
ML-DSA-44,keygen,868,472297,25496
ML-DSA-44,keygen,869,462870,24989
ML-DSA-44,keygen,870,459666,24817
ML-DSA-44,keygen,871,459574,24812
ML-DSA-44,keygen,872,463574,25026
ML-DSA-44,keygen,873,458333,24744
ML-DSA-44,keygen,874,458500,24753
ML-DSA-44,keygen,875,463741,25035
ML-DSA-44,keygen,876,463426,25020
ML-DSA-44,keygen,877,471555,25457
ML-DSA-44,keygen,878,459426,24804
ML-DSA-44,keygen,879,462852,24989
ML-DSA-44,keygen,880,462333,24959
ML-DSA-44,keygen,881,456093,24623
ML-DSA-44,keygen,882,459889,24829
ML-DSA-44,keygen,883,463574,25027
ML-DSA-44,keygen,884,458741,24767
ML-DSA-44,keygen,885,470593,25406
ML-DSA-44,keygen,886,459408,24802
ML-DSA-44,keygen,887,459685,24818
ML-DSA-44,keygen,888,460963,24885
ML-DSA-44,keygen,889,457351,24692
ML-DSA-44,keygen,890,458389,24747
ML-DSA-44,keygen,891,461185,24897
ML-DSA-44,keygen,892,459704,24818
ML-DSA-44,keygen,893,461111,24894
ML-DSA-44,keygen,894,473426,25560
ML-DSA-44,keygen,895,460648,24868
ML-DSA-44,keygen,896,458593,24758
ML-DSA-44,keygen,897,461037,24891
ML-DSA-44,keygen,898,460981,24887
ML-DSA-44,keygen,899,460037,24837
ML-DSA-44,keygen,900,460000,24833
ML-DSA-44,keygen,901,459593,24812
ML-DSA-44,keygen,902,459518,24809
ML-DSA-44,keygen,903,472648,25517
ML-DSA-44,keygen,904,458333,24744
ML-DSA-44,keygen,905,457537,24702
ML-DSA-44,keygen,906,461907,24937
ML-DSA-44,keygen,907,460648,24870
ML-DSA-44,keygen,908,459796,24823
ML-DSA-44,keygen,909,461223,24900
ML-DSA-44,keygen,910,458685,24762
ML-DSA-44,keygen,911,473463,25560
ML-DSA-44,keygen,912,456963,24671
ML-DSA-44,keygen,913,458259,24740
ML-DSA-44,keygen,914,459649,24815
ML-DSA-44,keygen,915,459537,24809
ML-DSA-44,keygen,916,460852,24880
ML-DSA-44,keygen,917,458296,24741
ML-DSA-44,keygen,918,460926,24885
ML-DSA-44,keygen,919,461111,24895
ML-DSA-44,keygen,920,472796,25525
ML-DSA-44,keygen,921,459556,24810
ML-DSA-44,keygen,922,460778,24877
ML-DSA-44,keygen,923,459889,24829
ML-DSA-44,keygen,924,463667,25032
ML-DSA-44,keygen,925,457129,24679
ML-DSA-44,keygen,926,459777,24822
ML-DSA-44,keygen,927,457019,24673
ML-DSA-44,keygen,928,468500,25292
ML-DSA-44,keygen,929,459463,24806
ML-DSA-44,keygen,930,460352,24854
ML-DSA-44,keygen,931,458463,24752
ML-DSA-44,keygen,932,458018,24727
ML-DSA-44,keygen,933,461018,24890
ML-DSA-44,keygen,934,459870,24826
ML-DSA-44,keygen,935,458445,24749
ML-DSA-44,keygen,936,463426,25019
ML-DSA-44,keygen,937,471556,25458
ML-DSA-44,keygen,938,462112,24949
ML-DSA-44,keygen,939,463574,25026
ML-DSA-44,keygen,940,460852,24879
ML-DSA-44,keygen,941,462278,24956
ML-DSA-44,keygen,942,459833,24826
ML-DSA-44,keygen,943,458703,24764
ML-DSA-44,keygen,944,458482,24752
ML-DSA-44,keygen,945,460889,24883
ML-DSA-44,keygen,946,476314,25714
ML-DSA-44,keygen,947,460759,24874
ML-DSA-44,keygen,948,460018,24836
ML-DSA-44,keygen,949,462222,24953
ML-DSA-44,keygen,950,459648,24816
ML-DSA-44,keygen,951,462537,24971
ML-DSA-44,keygen,952,458500,24752
ML-DSA-44,keygen,953,463315,25012
ML-DSA-44,keygen,954,471092,25433
ML-DSA-44,keygen,955,459334,24798
ML-DSA-44,keygen,956,458777,24769
ML-DSA-44,keygen,957,461815,24933
ML-DSA-44,keygen,958,459481,24806
ML-DSA-44,keygen,959,462370,24962
ML-DSA-44,keygen,960,460945,24885
ML-DSA-44,keygen,961,460907,24883
ML-DSA-44,keygen,962,461982,24942
ML-DSA-44,keygen,963,471389,25448
ML-DSA-44,keygen,964,458389,24747
ML-DSA-44,keygen,965,459444,24803
ML-DSA-44,keygen,966,461037,24890
ML-DSA-44,keygen,967,461389,24909
ML-DSA-44,keygen,968,458371,24746
ML-DSA-44,keygen,969,459537,24809
ML-DSA-44,keygen,970,459797,24823
ML-DSA-44,keygen,971,467907,25261
ML-DSA-44,keygen,972,460740,24874
ML-DSA-44,keygen,973,461149,24896
ML-DSA-44,keygen,974,459760,24822
ML-DSA-44,keygen,975,458352,24745
ML-DSA-44,keygen,976,459815,24824
ML-DSA-44,keygen,977,462185,24953
ML-DSA-44,keygen,978,462166,24950
ML-DSA-44,keygen,979,460908,24884
ML-DSA-44,keygen,980,469370,25340
ML-DSA-44,keygen,981,463019,24996
ML-DSA-44,keygen,982,461592,24921
ML-DSA-44,keygen,983,459648,24815
ML-DSA-44,keygen,984,459963,24832
ML-DSA-44,keygen,985,462167,24951
ML-DSA-44,keygen,986,462371,24961
ML-DSA-44,keygen,987,459685,24817
ML-DSA-44,keygen,988,462352,24961
ML-DSA-44,keygen,989,464463,25075
ML-DSA-44,keygen,990,464055,25053
ML-DSA-44,keygen,991,461370,24909
ML-DSA-44,keygen,992,459740,24821
ML-DSA-44,keygen,993,460574,24865
ML-DSA-44,keygen,994,458074,24730
ML-DSA-44,keygen,995,460648,24869
ML-DSA-44,keygen,996,459723,24820
ML-DSA-44,keygen,997,471223,25439
ML-DSA-44,keygen,998,460463,24860
ML-DSA-44,keygen,999,461222,24900
ML-DSA-44,sign,0,2602482,140527
ML-DSA-44,sign,1,1041889,56257
ML-DSA-44,sign,2,1530296,82631
ML-DSA-44,sign,3,1521611,82161
ML-DSA-44,sign,4,2493333,134635
ML-DSA-44,sign,5,1039241,56114
ML-DSA-44,sign,6,1038259,56061
ML-DSA-44,sign,7,2011278,108603
ML-DSA-44,sign,8,8284370,447350
ML-DSA-44,sign,9,2002722,108142
ML-DSA-44,sign,10,1529630,82595
ML-DSA-44,sign,11,7418388,400588
ML-DSA-44,sign,12,3939222,212713
ML-DSA-44,sign,13,1530463,82640
ML-DSA-44,sign,14,4421482,238754
ML-DSA-44,sign,15,2493630,134650
ML-DSA-44,sign,16,2965981,160158
ML-DSA-44,sign,17,4420463,238700
ML-DSA-44,sign,18,1530389,82636
ML-DSA-44,sign,19,1520852,82120
ML-DSA-44,sign,20,1528611,82539
ML-DSA-44,sign,21,2966000,160160
ML-DSA-44,sign,22,1048167,56594
ML-DSA-44,sign,23,2002889,108151
ML-DSA-44,sign,24,1038203,56058
ML-DSA-44,sign,25,1047612,56565
ML-DSA-44,sign,26,1520685,82112
ML-DSA-44,sign,27,2493019,134618
ML-DSA-44,sign,28,4422203,238793
ML-DSA-44,sign,29,3457519,186700
ML-DSA-44,sign,30,1039370,56120
ML-DSA-44,sign,31,1038093,56050
ML-DSA-44,sign,32,1037963,56046
ML-DSA-44,sign,33,3456315,186637
ML-DSA-44,sign,34,1530370,82633
ML-DSA-44,sign,35,2003129,108164
ML-DSA-44,sign,36,2493871,134663
ML-DSA-44,sign,37,2965907,160155
ML-DSA-44,sign,38,1047741,56572
ML-DSA-44,sign,39,7808463,421648
ML-DSA-44,sign,40,2966315,160177
ML-DSA-44,sign,41,3458148,186734
ML-DSA-44,sign,42,2976574,160728
ML-DSA-44,sign,43,4421129,238736
ML-DSA-44,sign,44,2976167,160707
ML-DSA-44,sign,45,1521241,82142
ML-DSA-44,sign,46,1038259,56061
ML-DSA-44,sign,47,2011482,108614
ML-DSA-44,sign,48,1520593,82106
ML-DSA-44,sign,49,2493444,134640
ML-DSA-44,sign,50,3083111,166481
ML-DSA-44,sign,51,1039481,56126
ML-DSA-44,sign,52,2494315,134686
ML-DSA-44,sign,53,1521038,82130
ML-DSA-44,sign,54,5384315,290747
ML-DSA-44,sign,55,1531037,82669
ML-DSA-44,sign,56,1521259,82143
ML-DSA-44,sign,57,2493889,134664
ML-DSA-44,sign,58,1521037,82131
ML-DSA-44,sign,59,1038278,56061
ML-DSA-44,sign,60,5874519,317219
ML-DSA-44,sign,61,1039630,56135
ML-DSA-44,sign,62,1555685,83999
ML-DSA-44,sign,63,2969982,160373
ML-DSA-44,sign,64,2013704,108734
ML-DSA-44,sign,65,3458315,186743
ML-DSA-44,sign,66,2484871,134177
ML-DSA-44,sign,67,5875500,317271
ML-DSA-44,sign,68,1039111,56106
ML-DSA-44,sign,69,1038240,56061
ML-DSA-44,sign,70,1048334,56605
ML-DSA-44,sign,71,5386315,290854
ML-DSA-44,sign,72,1039407,56123
ML-DSA-44,sign,73,2494981,134723
ML-DSA-44,sign,74,7321092,395333
ML-DSA-44,sign,75,2484723,134171
ML-DSA-44,sign,76,6356463,343244
ML-DSA-44,sign,77,3458518,186755
ML-DSA-44,sign,78,1521185,82138
ML-DSA-44,sign,79,2494093,134675
ML-DSA-44,sign,80,1520907,82124
ML-DSA-44,sign,81,6357093,343277
ML-DSA-44,sign,82,1040259,56169
ML-DSA-44,sign,83,2494019,134671
ML-DSA-44,sign,84,6356908,343260
ML-DSA-44,sign,85,1521852,82175
ML-DSA-44,sign,86,2974907,160638
ML-DSA-44,sign,87,2013760,108739
ML-DSA-44,sign,88,1039426,56124
ML-DSA-44,sign,89,1038334,56066
ML-DSA-44,sign,90,1048722,56625
ML-DSA-44,sign,91,2487889,134340
ML-DSA-44,sign,92,1038833,56092
ML-DSA-44,sign,93,6839260,369314
ML-DSA-44,sign,94,1531481,82694
ML-DSA-44,sign,95,2966778,160201
ML-DSA-44,sign,96,2012648,108677
ML-DSA-44,sign,97,1521260,82142
ML-DSA-44,sign,98,3457500,186700
ML-DSA-44,sign,99,1039037,56104
ML-DSA-44,sign,100,2494833,134714
ML-DSA-44,sign,101,2495092,134729
ML-DSA-44,sign,102,2484833,134176
ML-DSA-44,sign,103,3457685,186709
ML-DSA-44,sign,104,1039259,56114
ML-DSA-44,sign,105,2011908,108637
ML-DSA-44,sign,106,2484852,134177
ML-DSA-44,sign,107,1048149,56594
ML-DSA-44,sign,108,1039611,56133
ML-DSA-44,sign,109,1038315,56063
ML-DSA-44,sign,110,5874963,317243
ML-DSA-44,sign,111,2002908,108151
ML-DSA-44,sign,112,1530037,82617
ML-DSA-44,sign,113,2484593,134162
ML-DSA-44,sign,114,1038537,56076
ML-DSA-44,sign,115,1529129,82567
ML-DSA-44,sign,116,1038944,56098
ML-DSA-44,sign,117,2494463,134695
ML-DSA-44,sign,118,1039500,56129
ML-DSA-44,sign,119,2493426,134639
ML-DSA-44,sign,120,1039500,56127
ML-DSA-44,sign,121,3938833,212693
ML-DSA-44,sign,122,3458537,186756
ML-DSA-44,sign,123,2484370,134151
ML-DSA-44,sign,124,2975389,160665
ML-DSA-44,sign,125,1039222,56113
ML-DSA-44,sign,126,2011592,108621
ML-DSA-44,sign,127,3460296,186850
ML-DSA-44,sign,128,2968833,160312
ML-DSA-44,sign,129,6838334,369264
ML-DSA-44,sign,130,2014538,108779
ML-DSA-44,sign,131,5386111,290845
ML-DSA-44,sign,132,1039870,56147
ML-DSA-44,sign,133,5875241,317259
ML-DSA-44,sign,134,2966722,160198
ML-DSA-44,sign,135,5402815,291745
ML-DSA-44,sign,136,2978278,160822
ML-DSA-44,sign,137,1040463,56180
ML-DSA-44,sign,138,2976500,160725
ML-DSA-44,sign,139,1521907,82178
ML-DSA-44,sign,140,2977278,160767
ML-DSA-44,sign,141,4906704,264956
ML-DSA-44,sign,142,1040278,56170
ML-DSA-44,sign,143,2013463,108720
ML-DSA-44,sign,144,1521630,82163
ML-DSA-44,sign,145,2012704,108682
ML-DSA-44,sign,146,3941778,212850
ML-DSA-44,sign,147,2967796,160256
ML-DSA-44,sign,148,1531092,82674
ML-DSA-44,sign,149,3942500,212889
ML-DSA-44,sign,150,1521370,82149
ML-DSA-44,sign,151,1038908,56096
ML-DSA-44,sign,152,2012500,108670
ML-DSA-44,sign,153,2978204,160817
ML-DSA-44,sign,154,1039871,56148
ML-DSA-44,sign,155,1520666,82111
ML-DSA-44,sign,156,2013056,108698
ML-DSA-44,sign,157,2967537,160241
ML-DSA-44,sign,158,8401926,453698
ML-DSA-44,sign,159,2967407,160234
ML-DSA-44,sign,160,1048056,56590
ML-DSA-44,sign,161,4906463,264944
ML-DSA-44,sign,162,6351760,342990
ML-DSA-44,sign,163,1049963,56692
ML-DSA-44,sign,164,2004518,108239
ML-DSA-44,sign,165,3459148,186787
ML-DSA-44,sign,166,2978555,160835
ML-DSA-44,sign,167,1040055,56157
ML-DSA-44,sign,168,2976981,160750
ML-DSA-44,sign,169,1040186,56164
ML-DSA-44,sign,170,1520592,82107
ML-DSA-44,sign,171,1048648,56621
ML-DSA-44,sign,172,1040407,56177
ML-DSA-44,sign,173,1038518,56075
ML-DSA-44,sign,174,2012796,108686
ML-DSA-44,sign,175,1040296,56171
ML-DSA-44,sign,176,4422722,238822
ML-DSA-44,sign,177,1040092,56160
ML-DSA-44,sign,178,1530555,82643
ML-DSA-44,sign,179,4905630,264899
ML-DSA-44,sign,180,1039759,56141
ML-DSA-44,sign,181,5393871,291263
ML-DSA-44,sign,182,3450074,186300
ML-DSA-44,sign,183,1054204,56920
ML-DSA-44,sign,184,1521981,82181
ML-DSA-44,sign,185,5876685,317334
ML-DSA-44,sign,186,2486222,134252
ML-DSA-44,sign,187,1530833,82660
ML-DSA-44,sign,188,2486074,134243
ML-DSA-44,sign,189,2495648,134758
ML-DSA-44,sign,190,2003444,108181
ML-DSA-44,sign,191,1048074,56591
ML-DSA-44,sign,192,1521722,82168
ML-DSA-44,sign,193,2002741,108142
ML-DSA-44,sign,194,1048759,56628
ML-DSA-44,sign,195,2003481,108181
ML-DSA-44,sign,196,3940426,212777
ML-DSA-44,sign,197,6359797,343424
ML-DSA-44,sign,198,1039722,56140
ML-DSA-44,sign,199,2012834,108686
ML-DSA-44,sign,200,7315704,395043
ML-DSA-44,sign,201,1050000,56695
ML-DSA-44,sign,202,1521703,82167
ML-DSA-44,sign,203,3941055,212810
ML-DSA-44,sign,204,1521574,82160
ML-DSA-44,sign,205,4422834,238827
ML-DSA-44,sign,206,1532055,82724
ML-DSA-44,sign,207,1039203,56112
ML-DSA-44,sign,208,1039167,56109
ML-DSA-44,sign,209,1048019,56587
ML-DSA-44,sign,210,2967741,160252
ML-DSA-44,sign,211,4913241,265309
ML-DSA-44,sign,212,2968871,160314
ML-DSA-44,sign,213,2013296,108713
ML-DSA-44,sign,214,5388870,290993
ML-DSA-44,sign,215,10327389,557673
ML-DSA-44,sign,216,2002444,108126
ML-DSA-44,sign,217,2493093,134621
ML-DSA-44,sign,218,10703426,577979
ML-DSA-44,sign,219,5867981,316864
ML-DSA-44,sign,220,1521037,82130
ML-DSA-44,sign,221,3457296,186689
ML-DSA-44,sign,222,1048963,56639
ML-DSA-44,sign,223,2484445,134154
ML-DSA-44,sign,224,2499981,134991
ML-DSA-44,sign,225,2976908,160746
ML-DSA-44,sign,226,3939834,212747
ML-DSA-44,sign,227,2002926,108153
ML-DSA-44,sign,228,3457204,186683
ML-DSA-44,sign,229,2003037,108159
ML-DSA-44,sign,230,3457925,186722
ML-DSA-44,sign,231,2012833,108688
ML-DSA-44,sign,232,1039500,56127
ML-DSA-44,sign,233,1038593,56078
ML-DSA-44,sign,234,1048241,56599
ML-DSA-44,sign,235,2484463,134156
ML-DSA-44,sign,236,1038556,56076
ML-DSA-44,sign,237,1047667,56568
ML-DSA-44,sign,238,1520759,82116
ML-DSA-44,sign,239,1038370,56066
ML-DSA-44,sign,240,1529982,82613
ML-DSA-44,sign,241,2002537,108131
ML-DSA-44,sign,242,1048926,56636
ML-DSA-44,sign,243,2003259,108170
ML-DSA-44,sign,244,8767370,473432
ML-DSA-44,sign,245,2976944,160749
ML-DSA-44,sign,246,3458222,186738
ML-DSA-44,sign,247,2002352,108121
ML-DSA-44,sign,248,2492852,134609
ML-DSA-44,sign,249,1520463,82100
ML-DSA-44,sign,250,1047870,56580
ML-DSA-44,sign,251,1038833,56092
ML-DSA-44,sign,252,1038389,56069
ML-DSA-44,sign,253,9246222,499291
ML-DSA-44,sign,254,2012333,108660
ML-DSA-44,sign,255,2002741,108143
ML-DSA-44,sign,256,1049185,56651
ML-DSA-44,sign,257,1039111,56106
ML-DSA-44,sign,258,2974592,160622
ML-DSA-44,sign,259,2002538,108131
ML-DSA-44,sign,260,1530408,82638
ML-DSA-44,sign,261,1521222,82140
ML-DSA-44,sign,262,1038167,56055
ML-DSA-44,sign,263,2493611,134650
ML-DSA-44,sign,264,2002167,108112
ML-DSA-44,sign,265,1529926,82610
ML-DSA-44,sign,266,3458111,186731
ML-DSA-44,sign,267,2484055,134134
ML-DSA-44,sign,268,7801148,421256
ML-DSA-44,sign,269,5392778,291205
ML-DSA-44,sign,270,4422092,238788
ML-DSA-44,sign,271,7311833,394833
ML-DSA-44,sign,272,1054223,56919
ML-DSA-44,sign,273,3458815,186770
ML-DSA-44,sign,274,1520519,82103
ML-DSA-44,sign,275,1038481,56073
ML-DSA-44,sign,276,1048037,56589
ML-DSA-44,sign,277,1039481,56126
ML-DSA-44,sign,278,1037833,56038
ML-DSA-44,sign,279,2493278,134632
ML-DSA-44,sign,280,2002463,108127
ML-DSA-44,sign,281,1037889,56040
ML-DSA-44,sign,282,1047537,56562
ML-DSA-44,sign,283,1039000,56101
ML-DSA-44,sign,284,1519407,82043
ML-DSA-44,sign,285,1529556,82591
ML-DSA-44,sign,286,1520796,82117
ML-DSA-44,sign,287,2492962,134614
ML-DSA-44,sign,288,1521093,82133
ML-DSA-44,sign,289,3456759,186661
ML-DSA-44,sign,290,4903296,264773
ML-DSA-44,sign,291,2013074,108698
ML-DSA-44,sign,292,2484426,134152
ML-DSA-44,sign,293,3456889,186666
ML-DSA-44,sign,294,2694111,145474
ML-DSA-44,sign,295,7450314,402310
ML-DSA-44,sign,296,3941055,212812
ML-DSA-44,sign,297,4007796,216415
ML-DSA-44,sign,298,2003463,108182
ML-DSA-44,sign,299,2975370,160664
ML-DSA-44,sign,300,6945611,375053
ML-DSA-44,sign,301,1591056,85908
ML-DSA-44,sign,302,1646019,88878
ML-DSA-44,sign,303,2751092,148550
ML-DSA-44,sign,304,2503333,135163
ML-DSA-44,sign,305,1041722,56247
ML-DSA-44,sign,306,1200592,64824
ML-DSA-44,sign,307,1532685,82759
ML-DSA-44,sign,308,2485444,134209
ML-DSA-44,sign,309,1543871,83362
ML-DSA-44,sign,310,3459871,186828
ML-DSA-44,sign,311,1520518,82102
ML-DSA-44,sign,312,1038685,56085
ML-DSA-44,sign,313,6426778,347040
ML-DSA-44,sign,314,4422130,238789
ML-DSA-44,sign,315,3941463,212832
ML-DSA-44,sign,316,3724130,201093
ML-DSA-44,sign,317,1602204,86511
ML-DSA-44,sign,318,6039130,326103
ML-DSA-44,sign,319,8355852,451209
ML-DSA-44,sign,320,1058944,57176
ML-DSA-44,sign,321,3940666,212790
ML-DSA-44,sign,322,1039555,56131
ML-DSA-44,sign,323,1048111,56591
ML-DSA-44,sign,324,4124315,222706
ML-DSA-44,sign,325,2003333,108175
ML-DSA-44,sign,326,2975852,160690
ML-DSA-44,sign,327,1520833,82119
ML-DSA-44,sign,328,9982685,539054
ML-DSA-44,sign,329,2772852,149724
ML-DSA-44,sign,330,1662241,89753
ML-DSA-44,sign,331,1202167,64910
ML-DSA-44,sign,332,4012259,216652
ML-DSA-44,sign,333,2979241,160873
ML-DSA-44,sign,334,2495111,134729
ML-DSA-44,sign,335,2485797,134226
ML-DSA-44,sign,336,2975222,160657
ML-DSA-44,sign,337,2976297,160713
ML-DSA-44,sign,338,2976834,160741
ML-DSA-44,sign,339,5867444,316838
ML-DSA-44,sign,340,2494907,134719
ML-DSA-44,sign,341,1039074,56104
ML-DSA-44,sign,342,2975463,160670
ML-DSA-44,sign,343,3939778,212743
ML-DSA-44,sign,344,3448093,186191
ML-DSA-44,sign,345,4428888,239153
ML-DSA-44,sign,346,1039259,56115
ML-DSA-44,sign,347,2001797,108091
ML-DSA-44,sign,348,2117815,114356
ML-DSA-44,sign,349,1520907,82123
ML-DSA-44,sign,350,1530259,82628
ML-DSA-44,sign,351,2965723,160143
ML-DSA-44,sign,352,4427888,239101
ML-DSA-44,sign,353,2966093,160164
ML-DSA-44,sign,354,1530629,82648
ML-DSA-44,sign,355,2002815,108148
ML-DSA-44,sign,356,1530148,82623
ML-DSA-44,sign,357,2003204,108169
ML-DSA-44,sign,358,2011833,108634
ML-DSA-44,sign,359,1520759,82116
ML-DSA-44,sign,360,2001370,108070
ML-DSA-44,sign,361,2492519,134590
ML-DSA-44,sign,362,1521666,82164
ML-DSA-44,sign,363,2492944,134613
ML-DSA-44,sign,364,5411685,292223
ML-DSA-44,sign,365,1050463,56718
ML-DSA-44,sign,366,1520389,82097
ML-DSA-44,sign,367,2011982,108640
ML-DSA-44,sign,368,6829796,368805
ML-DSA-44,sign,369,1531648,82703
ML-DSA-44,sign,370,1521055,82132
ML-DSA-44,sign,371,1037982,56046
ML-DSA-44,sign,372,3938630,212680
ML-DSA-44,sign,373,2975834,160690
ML-DSA-44,sign,374,2976963,160751
ML-DSA-44,sign,375,1521204,82139
ML-DSA-44,sign,376,3456926,186669
ML-DSA-44,sign,377,2002574,108133
ML-DSA-44,sign,378,2010648,108569
ML-DSA-44,sign,379,10219314,551837
ML-DSA-44,sign,380,8765629,473339
ML-DSA-44,sign,381,2002222,108114
ML-DSA-44,sign,382,1047907,56582
ML-DSA-44,sign,383,3929203,212172
ML-DSA-44,sign,384,2010889,108581
ML-DSA-44,sign,385,5866648,316794
ML-DSA-44,sign,386,1049185,56650
ML-DSA-44,sign,387,1520370,82094
ML-DSA-44,sign,388,6838722,369285
ML-DSA-44,sign,389,2003259,108171
ML-DSA-44,sign,390,1047667,56569
ML-DSA-44,sign,391,1520852,82121
ML-DSA-44,sign,392,1519778,82064
ML-DSA-44,sign,393,1529444,82585
ML-DSA-44,sign,394,1038666,56083
ML-DSA-44,sign,395,3456981,186672
ML-DSA-44,sign,396,3457759,186713
ML-DSA-44,sign,397,1038945,56097
ML-DSA-44,sign,398,6354907,343159
ML-DSA-44,sign,399,2485000,134184
ML-DSA-44,sign,400,2492593,134594
ML-DSA-44,sign,401,8389944,453051
ML-DSA-44,sign,402,1039185,56110
ML-DSA-44,sign,403,2011407,108609
ML-DSA-44,sign,404,3462055,186942
ML-DSA-44,sign,405,1039425,56124
ML-DSA-44,sign,406,3456908,186668
ML-DSA-44,sign,407,2966370,160179
ML-DSA-44,sign,408,2012000,108643
ML-DSA-44,sign,409,1039075,56106
ML-DSA-44,sign,410,1529388,82581
ML-DSA-44,sign,411,2484389,134151
ML-DSA-44,sign,412,2493389,134638
ML-DSA-44,sign,413,4421056,238731
ML-DSA-44,sign,414,2515333,135819
ML-DSA-44,sign,415,9249000,499440
ML-DSA-44,sign,416,5866944,316809
ML-DSA-44,sign,417,1049130,56646
ML-DSA-44,sign,418,3447259,186146
ML-DSA-44,sign,419,1047685,56568
ML-DSA-44,sign,420,1520519,82102
ML-DSA-44,sign,421,11662055,629746
ML-DSA-44,sign,422,2495074,134728
ML-DSA-44,sign,423,5385408,290807
ML-DSA-44,sign,424,3458241,186739
ML-DSA-44,sign,425,3457556,186702
ML-DSA-44,sign,426,8282444,447246
ML-DSA-44,sign,427,1521166,82138
ML-DSA-44,sign,428,12144703,655809
ML-DSA-44,sign,429,1039203,56110
ML-DSA-44,sign,430,1529926,82610
ML-DSA-44,sign,431,1038833,56091
ML-DSA-44,sign,432,2493482,134642
ML-DSA-44,sign,433,2002833,108147
ML-DSA-44,sign,434,2012167,108650
ML-DSA-44,sign,435,16007315,864389
ML-DSA-44,sign,436,2484186,134140
ML-DSA-44,sign,437,2498334,134902
ML-DSA-44,sign,438,2495685,134760
ML-DSA-44,sign,439,1039074,56105
ML-DSA-44,sign,440,2001482,108075
ML-DSA-44,sign,441,1529148,82568
ML-DSA-44,sign,442,1520611,82108
ML-DSA-44,sign,443,3939315,212717
ML-DSA-44,sign,444,4421426,238750
ML-DSA-44,sign,445,2012888,108691
ML-DSA-44,sign,446,5385537,290814
ML-DSA-44,sign,447,2494185,134679
ML-DSA-44,sign,448,6347944,342785
ML-DSA-44,sign,449,1048481,56611
ML-DSA-44,sign,450,3939519,212729
ML-DSA-44,sign,451,1039055,56104
ML-DSA-44,sign,452,2482907,134071
ML-DSA-44,sign,453,1048093,56591
ML-DSA-44,sign,454,2002297,108120
ML-DSA-44,sign,455,1037852,56038
ML-DSA-44,sign,456,1048611,56620
ML-DSA-44,sign,457,2486074,134241
ML-DSA-44,sign,458,4911222,265200
ML-DSA-44,sign,459,2966185,160170
ML-DSA-44,sign,460,5391204,291119
ML-DSA-44,sign,461,2484037,134133
ML-DSA-44,sign,462,2492834,134606
ML-DSA-44,sign,463,2494166,134679
ML-DSA-44,sign,464,3938796,212689
ML-DSA-44,sign,465,4903093,264763
ML-DSA-44,sign,466,2974834,160635
ML-DSA-44,sign,467,9879389,533480
ML-DSA-44,sign,468,1041018,56211
ML-DSA-44,sign,469,5874833,317236
ML-DSA-44,sign,470,2484537,134161
ML-DSA-44,sign,471,2011888,108636
ML-DSA-44,sign,472,1520370,82094
ML-DSA-44,sign,473,3938130,212653
ML-DSA-44,sign,474,5874685,317228
ML-DSA-44,sign,475,1039519,56128
ML-DSA-44,sign,476,1038371,56066
ML-DSA-44,sign,477,6363500,343620
ML-DSA-44,sign,478,3946796,213120
ML-DSA-44,sign,479,1039222,56113
ML-DSA-44,sign,480,4902056,264705
ML-DSA-44,sign,481,2976463,160723
ML-DSA-44,sign,482,2012352,108662
ML-DSA-44,sign,483,1521278,82145
ML-DSA-44,sign,484,4420444,238699
ML-DSA-44,sign,485,5010018,270535
ML-DSA-44,sign,486,2976259,160712
ML-DSA-44,sign,487,2002333,108120
ML-DSA-44,sign,488,2966093,160164
ML-DSA-44,sign,489,2493981,134670
ML-DSA-44,sign,490,1039018,56102
ML-DSA-44,sign,491,2011926,108637
ML-DSA-44,sign,492,4423945,238886
ML-DSA-44,sign,493,2967500,160239
ML-DSA-44,sign,494,1530463,82638
ML-DSA-44,sign,495,2978018,160809
ML-DSA-44,sign,496,2967167,160222
ML-DSA-44,sign,497,1048463,56611
ML-DSA-44,sign,498,1039482,56127
ML-DSA-44,sign,499,1038555,56076
ML-DSA-44,sign,500,1038111,56053
ML-DSA-44,sign,501,3457648,186709
ML-DSA-44,sign,502,2014037,108752
ML-DSA-44,sign,503,3459333,186797
ML-DSA-44,sign,504,1039741,56141
ML-DSA-44,sign,505,2976518,160727
ML-DSA-44,sign,506,5975945,322695
ML-DSA-44,sign,507,3460518,186862
ML-DSA-44,sign,508,2977907,160802
ML-DSA-44,sign,509,2967000,160213
ML-DSA-44,sign,510,1048241,56600
ML-DSA-44,sign,511,5387945,290942
ML-DSA-44,sign,512,1039611,56135
ML-DSA-44,sign,513,1048500,56612
ML-DSA-44,sign,514,3449741,186280
ML-DSA-44,sign,515,2011630,108622
ML-DSA-44,sign,516,3941463,212832
ML-DSA-44,sign,517,6358445,343350
ML-DSA-44,sign,518,1521796,82172
ML-DSA-44,sign,519,1039166,56110
ML-DSA-44,sign,520,1530500,82640
ML-DSA-44,sign,521,7312333,394859
ML-DSA-44,sign,522,1535834,82926
ML-DSA-44,sign,523,1039241,56114
ML-DSA-44,sign,524,1519889,82070
ML-DSA-44,sign,525,1530667,82651
ML-DSA-44,sign,526,1039037,56103
ML-DSA-44,sign,527,1038203,56058
ML-DSA-44,sign,528,6837037,369193
ML-DSA-44,sign,529,1039444,56125
ML-DSA-44,sign,530,1529759,82601
ML-DSA-44,sign,531,1039593,56133
ML-DSA-44,sign,532,1519667,82058
ML-DSA-44,sign,533,2011630,108622
ML-DSA-44,sign,534,2002315,108119
ML-DSA-44,sign,535,2011204,108600
ML-DSA-44,sign,536,5866537,316788
ML-DSA-44,sign,537,1530408,82637
ML-DSA-44,sign,538,1038889,56094
ML-DSA-44,sign,539,2492777,134604
ML-DSA-44,sign,540,1038482,56073
ML-DSA-44,sign,541,4902889,264749
ML-DSA-44,sign,542,1520574,82106
ML-DSA-44,sign,543,1048204,56597
ML-DSA-44,sign,544,1520778,82117
ML-DSA-44,sign,545,3082129,166430
ML-DSA-44,sign,546,1520592,82107
ML-DSA-44,sign,547,2493463,134641
ML-DSA-44,sign,548,2494037,134672
ML-DSA-44,sign,549,3938926,212698
ML-DSA-44,sign,550,1521500,82156
ML-DSA-44,sign,551,1519981,82074
ML-DSA-44,sign,552,7801685,421285
ML-DSA-44,sign,553,2012426,108665
ML-DSA-44,sign,554,2484389,134152
ML-DSA-44,sign,555,1048667,56621
ML-DSA-44,sign,556,1039426,56123
ML-DSA-44,sign,557,1519648,82056
ML-DSA-44,sign,558,1530259,82628
ML-DSA-44,sign,559,2485537,134214
ML-DSA-44,sign,560,2012982,108694
ML-DSA-44,sign,561,2485851,134232
ML-DSA-44,sign,562,1529666,82595
ML-DSA-44,sign,563,1039815,56144
ML-DSA-44,sign,564,4046666,218514
ML-DSA-44,sign,565,1039649,56136
ML-DSA-44,sign,566,1530482,82639
ML-DSA-44,sign,567,1521333,82147
ML-DSA-44,sign,568,2012296,108658
ML-DSA-44,sign,569,1039814,56144
ML-DSA-44,sign,570,1038240,56059
ML-DSA-44,sign,571,5875667,317280
ML-DSA-44,sign,572,1039870,56147
ML-DSA-44,sign,573,3458408,186749
ML-DSA-44,sign,574,2485519,134212
ML-DSA-44,sign,575,3940037,212756
ML-DSA-44,sign,576,1049018,56642
ML-DSA-44,sign,577,3946055,213078
ML-DSA-44,sign,578,7797297,421048
ML-DSA-44,sign,579,3451685,186384
ML-DSA-44,sign,580,1531352,82688
ML-DSA-44,sign,581,1039778,56142
ML-DSA-44,sign,582,3458630,186759
ML-DSA-44,sign,583,1521463,82154
ML-DSA-44,sign,584,1530723,82653
ML-DSA-44,sign,585,2485555,134215
ML-DSA-44,sign,586,1530723,82654
ML-DSA-44,sign,587,3459019,186781
ML-DSA-44,sign,588,5869259,316935
ML-DSA-44,sign,589,2495352,134742
ML-DSA-44,sign,590,4904555,264840
ML-DSA-44,sign,591,1039611,56134
ML-DSA-44,sign,592,5875945,317295
ML-DSA-44,sign,593,2003592,108188
ML-DSA-44,sign,594,2011444,108613
ML-DSA-44,sign,595,9250888,499543
ML-DSA-44,sign,596,1039611,56135
ML-DSA-44,sign,597,1530278,82629
ML-DSA-44,sign,598,1040093,56160
ML-DSA-44,sign,599,2001759,108090
ML-DSA-44,sign,600,6838760,369287
ML-DSA-44,sign,601,1039648,56136
ML-DSA-44,sign,602,2494389,134691
ML-DSA-44,sign,603,4422426,238806
ML-DSA-44,sign,604,2011112,108594
ML-DSA-44,sign,605,1039315,56118
ML-DSA-44,sign,606,3938537,212674
ML-DSA-44,sign,607,2966000,160159
ML-DSA-44,sign,608,2492222,134574
ML-DSA-44,sign,609,1039018,56103
ML-DSA-44,sign,610,1529093,82566
ML-DSA-44,sign,611,3939592,212732
ML-DSA-44,sign,612,2965759,160145
ML-DSA-44,sign,613,2493111,134622
ML-DSA-44,sign,614,1521019,82129
ML-DSA-44,sign,615,7802000,421301
ML-DSA-44,sign,616,6836907,369188
ML-DSA-44,sign,617,3462685,186977
ML-DSA-44,sign,618,10701296,577865
ML-DSA-44,sign,619,3564778,192492
ML-DSA-44,sign,620,1520333,82093
ML-DSA-44,sign,621,1038204,56059
ML-DSA-44,sign,622,5392371,291181
ML-DSA-44,sign,623,3448722,186225
ML-DSA-44,sign,624,1048389,56607
ML-DSA-44,sign,625,1520704,82112
ML-DSA-44,sign,626,5873167,317145
ML-DSA-44,sign,627,2966204,160169
ML-DSA-44,sign,628,3938093,212651
ML-DSA-44,sign,629,3939482,212725
ML-DSA-44,sign,630,1531315,82684
ML-DSA-44,sign,631,2965797,160147
ML-DSA-44,sign,632,1047629,56566
ML-DSA-44,sign,633,2002611,108136
ML-DSA-44,sign,634,1037982,56046
ML-DSA-44,sign,635,2492926,134614
ML-DSA-44,sign,636,1038630,56082
ML-DSA-44,sign,637,1530055,82618
ML-DSA-44,sign,638,3564018,192450
ML-DSA-44,sign,639,1038852,56093
ML-DSA-44,sign,640,1519703,82059
ML-DSA-44,sign,641,4420685,238712
ML-DSA-44,sign,642,2976018,160700
ML-DSA-44,sign,643,2975981,160698
ML-DSA-44,sign,644,1039797,56143
ML-DSA-44,sign,645,1038630,56080
ML-DSA-44,sign,646,1530592,82646
ML-DSA-44,sign,647,1039685,56137
ML-DSA-44,sign,648,1038740,56087
ML-DSA-44,sign,649,4422166,238791
ML-DSA-44,sign,650,1049759,56682
ML-DSA-44,sign,651,2003592,108188
ML-DSA-44,sign,652,2976370,160719
ML-DSA-44,sign,653,12632315,682139
ML-DSA-44,sign,654,1039871,56148
ML-DSA-44,sign,655,1530519,82642
ML-DSA-44,sign,656,1039185,56110
ML-DSA-44,sign,657,1038444,56071
ML-DSA-44,sign,658,1529815,82604
ML-DSA-44,sign,659,1039889,56149
ML-DSA-44,sign,660,3564760,192490
ML-DSA-44,sign,661,2485537,134214
ML-DSA-44,sign,662,1048778,56628
ML-DSA-44,sign,663,1521667,82165
ML-DSA-44,sign,664,3943500,212940
ML-DSA-44,sign,665,2002796,108146
ML-DSA-44,sign,666,4909704,265117
ML-DSA-44,sign,667,1520481,82100
ML-DSA-44,sign,668,3456777,186661
ML-DSA-44,sign,669,2494593,134702
ML-DSA-44,sign,670,1038870,56094
ML-DSA-44,sign,671,2001815,108093
ML-DSA-44,sign,672,2011797,108632
ML-DSA-44,sign,673,1038963,56098
ML-DSA-44,sign,674,3456648,186653
ML-DSA-44,sign,675,3457648,186708
ML-DSA-44,sign,676,1038611,56081
ML-DSA-44,sign,677,1519463,82046
ML-DSA-44,sign,678,4428315,239122
ML-DSA-44,sign,679,1039148,56109
ML-DSA-44,sign,680,3456556,186648
ML-DSA-44,sign,681,3457797,186714
ML-DSA-44,sign,682,1039093,56106
ML-DSA-44,sign,683,2000981,108047
ML-DSA-44,sign,684,1047982,56586
ML-DSA-44,sign,685,1520593,82107
ML-DSA-44,sign,686,5866741,316799
ML-DSA-44,sign,687,3938778,212689
ML-DSA-44,sign,688,2012722,108680
ML-DSA-44,sign,689,1039093,56105
ML-DSA-44,sign,690,1529723,82599
ML-DSA-44,sign,691,2965685,160141
ML-DSA-44,sign,692,3938093,212652
ML-DSA-44,sign,693,1048093,56591
ML-DSA-44,sign,694,2002167,108113
ML-DSA-44,sign,695,1037852,56039
ML-DSA-44,sign,696,2493518,134644
ML-DSA-44,sign,697,1038945,56098
ML-DSA-44,sign,698,1037889,56041
ML-DSA-44,sign,699,3162260,170753
ML-DSA-44,sign,700,1051093,56753
ML-DSA-44,sign,701,5404926,291859
ML-DSA-44,sign,702,1521593,82161
ML-DSA-44,sign,703,2493500,134643
ML-DSA-44,sign,704,3044815,164413
ML-DSA-44,sign,705,7804018,421409
ML-DSA-44,sign,706,2966204,160169
ML-DSA-44,sign,707,1150704,62129
ML-DSA-44,sign,708,3259945,176029
ML-DSA-44,sign,709,1635370,88301
ML-DSA-44,sign,710,1152315,62216
ML-DSA-44,sign,711,2458370,132742
ML-DSA-44,sign,712,3625407,195764
ML-DSA-44,sign,713,1522870,82231
ML-DSA-44,sign,714,1038759,56089
ML-DSA-44,sign,715,2996074,161779
ML-DSA-44,sign,716,1040648,56191
ML-DSA-44,sign,717,3458056,186728
ML-DSA-44,sign,718,5465185,295114
ML-DSA-44,sign,719,2966907,160207
ML-DSA-44,sign,720,2012204,108653
ML-DSA-44,sign,721,2484389,134153
ML-DSA-44,sign,722,2493093,134620
ML-DSA-44,sign,723,2073241,111947
ML-DSA-44,sign,724,1247519,67357
ML-DSA-44,sign,725,3191296,172321
ML-DSA-44,sign,726,8853204,478063
ML-DSA-44,sign,727,4441870,239854
ML-DSA-44,sign,728,2977093,160757
ML-DSA-44,sign,729,1039408,56123
ML-DSA-44,sign,730,3457037,186675
ML-DSA-44,sign,731,3536093,190942
ML-DSA-44,sign,732,1040333,56172
ML-DSA-44,sign,733,1520185,82085
ML-DSA-44,sign,734,7800852,421240
ML-DSA-44,sign,735,2353482,127079
ML-DSA-44,sign,736,1621815,87569
ML-DSA-44,sign,737,1232426,66545
ML-DSA-44,sign,738,4837685,261227
ML-DSA-44,sign,739,2244389,121190
ML-DSA-44,sign,740,1297112,70034
ML-DSA-44,sign,741,1722907,93030
ML-DSA-44,sign,742,2038130,110051
ML-DSA-44,sign,743,1040796,56199
ML-DSA-44,sign,744,9250352,499512
ML-DSA-44,sign,745,4912537,265272
ML-DSA-44,sign,746,2967500,160240
ML-DSA-44,sign,747,1531333,82686
ML-DSA-44,sign,748,9732444,525547
ML-DSA-44,sign,749,2496130,134785
ML-DSA-44,sign,750,1039278,56116
ML-DSA-44,sign,751,3459129,186787
ML-DSA-44,sign,752,1521426,82151
ML-DSA-44,sign,753,2012148,108651
ML-DSA-44,sign,754,1039815,56145
ML-DSA-44,sign,755,2499759,134979
ML-DSA-44,sign,756,1522000,82182
ML-DSA-44,sign,757,1038648,56082
ML-DSA-44,sign,758,2976204,160711
ML-DSA-44,sign,759,3939722,212739
ML-DSA-44,sign,760,1520722,82113
ML-DSA-44,sign,761,3938037,212648
ML-DSA-44,sign,762,2493815,134661
ML-DSA-44,sign,763,1039296,56117
ML-DSA-44,sign,764,4420444,238699
ML-DSA-44,sign,765,1049056,56643
ML-DSA-44,sign,766,1039222,56112
ML-DSA-44,sign,767,3456556,186648
ML-DSA-44,sign,768,2484315,134148
ML-DSA-44,sign,769,1529371,82580
ML-DSA-44,sign,770,8871407,479052
ML-DSA-44,sign,771,2002666,108138
ML-DSA-44,sign,772,3455981,186616
ML-DSA-44,sign,773,3940204,212764
ML-DSA-44,sign,774,5413148,292301
ML-DSA-44,sign,775,2003315,108174
ML-DSA-44,sign,776,2011685,108624
ML-DSA-44,sign,777,2484093,134136
ML-DSA-44,sign,778,1047648,56567
ML-DSA-44,sign,779,3938889,212693
ML-DSA-44,sign,780,3447444,186158
ML-DSA-44,sign,781,2974815,160635
ML-DSA-44,sign,782,3939611,212733
ML-DSA-44,sign,783,4421389,238749
ML-DSA-44,sign,784,1049389,56660
ML-DSA-44,sign,785,6830278,368829
ML-DSA-44,sign,786,3940426,212777
ML-DSA-44,sign,787,2494667,134707
ML-DSA-44,sign,788,1520908,82124
ML-DSA-44,sign,789,1047148,56541
ML-DSA-44,sign,790,1038981,56100
ML-DSA-44,sign,791,2483074,134081
ML-DSA-44,sign,792,2974704,160629
ML-DSA-44,sign,793,1039037,56103
ML-DSA-44,sign,794,3456574,186650
ML-DSA-44,sign,795,1048667,56622
ML-DSA-44,sign,796,2003000,108158
ML-DSA-44,sign,797,2493481,134642
ML-DSA-44,sign,798,1038814,56091
ML-DSA-44,sign,799,1037778,56034
ML-DSA-44,sign,800,2494148,134677
ML-DSA-44,sign,801,2981500,160991
ML-DSA-44,sign,802,3940723,212793
ML-DSA-44,sign,803,1039519,56128
ML-DSA-44,sign,804,1038000,56046
ML-DSA-44,sign,805,1037722,56031
ML-DSA-44,sign,806,1529463,82585
ML-DSA-44,sign,807,2483797,134120
ML-DSA-44,sign,808,1529815,82604
ML-DSA-44,sign,809,1039723,56139
ML-DSA-44,sign,810,2493629,134651
ML-DSA-44,sign,811,5866444,316783
ML-DSA-44,sign,812,1039018,56100
ML-DSA-44,sign,813,2011592,108621
ML-DSA-44,sign,814,2002389,108124
ML-DSA-44,sign,815,1635574,88315
ML-DSA-44,sign,816,4421777,238771
ML-DSA-44,sign,817,1521056,82133
ML-DSA-44,sign,818,3456611,186652
ML-DSA-44,sign,819,1520500,82101
ML-DSA-44,sign,820,2974703,160629
ML-DSA-44,sign,821,1530722,82654
ML-DSA-44,sign,822,1039444,56125
ML-DSA-44,sign,823,2004666,108245
ML-DSA-44,sign,824,3458445,186750
ML-DSA-44,sign,825,3458871,186773
ML-DSA-44,sign,826,2012981,108694
ML-DSA-44,sign,827,2484241,134144
ML-DSA-44,sign,828,2011945,108639
ML-DSA-44,sign,829,2484185,134142
ML-DSA-44,sign,830,1049074,56644
ML-DSA-44,sign,831,1520612,82107
ML-DSA-44,sign,832,2001333,108068
ML-DSA-44,sign,833,1529815,82605
ML-DSA-44,sign,834,2975926,160693
ML-DSA-44,sign,835,1520741,82115
ML-DSA-44,sign,836,2494000,134670
ML-DSA-44,sign,837,5866203,316768
ML-DSA-44,sign,838,1520537,82103
ML-DSA-44,sign,839,4427796,239095
ML-DSA-44,sign,840,3939833,212744
ML-DSA-44,sign,841,2484519,134158
ML-DSA-44,sign,842,1529444,82583
ML-DSA-44,sign,843,1521537,82158
ML-DSA-44,sign,844,1037963,56045
ML-DSA-44,sign,845,6354630,343145
ML-DSA-44,sign,846,1039685,56138
ML-DSA-44,sign,847,3938482,212673
ML-DSA-44,sign,848,1520574,82107
ML-DSA-44,sign,849,3456797,186662
ML-DSA-44,sign,850,6837778,369234
ML-DSA-44,sign,851,1521130,82136
ML-DSA-44,sign,852,1535222,82894
ML-DSA-44,sign,853,9247000,499331
ML-DSA-44,sign,854,2494685,134707
ML-DSA-44,sign,855,2002537,108132
ML-DSA-44,sign,856,2011407,108609
ML-DSA-44,sign,857,3458241,186739
ML-DSA-44,sign,858,2484092,134137
ML-DSA-44,sign,859,2493296,134633
ML-DSA-44,sign,860,4420962,238727
ML-DSA-44,sign,861,1039612,56133
ML-DSA-44,sign,862,2011537,108618
ML-DSA-44,sign,863,3939259,212714
ML-DSA-44,sign,864,1039018,56102
ML-DSA-44,sign,865,2975259,160659
ML-DSA-44,sign,866,2002593,108134
ML-DSA-44,sign,867,3938611,212680
ML-DSA-44,sign,868,4421407,238750
ML-DSA-44,sign,869,1048445,56610
ML-DSA-44,sign,870,1039259,56115
ML-DSA-44,sign,871,3938907,212695
ML-DSA-44,sign,872,1520574,82105
ML-DSA-44,sign,873,3456426,186640
ML-DSA-44,sign,874,1520871,82121
ML-DSA-44,sign,875,2492851,134610
ML-DSA-44,sign,876,3939592,212733
ML-DSA-44,sign,877,1039278,56116
ML-DSA-44,sign,878,2011129,108596
ML-DSA-44,sign,879,2484518,134158
ML-DSA-44,sign,880,1048111,56593
ML-DSA-44,sign,881,2966500,160185
ML-DSA-44,sign,882,2011630,108623
ML-DSA-44,sign,883,3939537,212730
ML-DSA-44,sign,884,3458834,186771
ML-DSA-44,sign,885,2484685,134167
ML-DSA-44,sign,886,3457129,186679
ML-DSA-44,sign,887,2013130,108704
ML-DSA-44,sign,888,2002777,108145
ML-DSA-44,sign,889,2011556,108620
ML-DSA-44,sign,890,1521259,82142
ML-DSA-44,sign,891,1529593,82593
ML-DSA-44,sign,892,3939685,212738
ML-DSA-44,sign,893,1521056,82132
ML-DSA-44,sign,894,1520278,82089
ML-DSA-44,sign,895,1530185,82625
ML-DSA-44,sign,896,1039297,56117
ML-DSA-44,sign,897,1520519,82103
ML-DSA-44,sign,898,2012055,108645
ML-DSA-44,sign,899,2003167,108166
ML-DSA-44,sign,900,2011500,108615
ML-DSA-44,sign,901,1520815,82118
ML-DSA-44,sign,902,4907481,264996
ML-DSA-44,sign,903,2976426,160719
ML-DSA-44,sign,904,1039481,56128
ML-DSA-44,sign,905,1529666,82597
ML-DSA-44,sign,906,1521186,82139
ML-DSA-44,sign,907,6839722,369339
ML-DSA-44,sign,908,1052111,56808
ML-DSA-44,sign,909,1041370,56229
ML-DSA-44,sign,910,3467055,187213
ML-DSA-44,sign,911,3941000,212807
ML-DSA-44,sign,912,5875426,317267
ML-DSA-44,sign,913,11665815,629948
ML-DSA-44,sign,914,2967111,160218
ML-DSA-44,sign,915,1048445,56611
ML-DSA-44,sign,916,4903926,264805
ML-DSA-44,sign,917,1039352,56120
ML-DSA-44,sign,918,1038334,56065
ML-DSA-44,sign,919,6838204,369258
ML-DSA-44,sign,920,1530407,82637
ML-DSA-44,sign,921,1039592,56133
ML-DSA-44,sign,922,1038352,56065
ML-DSA-44,sign,923,4420982,238727
ML-DSA-44,sign,924,2976518,160725
ML-DSA-44,sign,925,1039259,56113
ML-DSA-44,sign,926,1038704,56084
ML-DSA-44,sign,927,1530351,82634
ML-DSA-44,sign,928,4421648,238762
ML-DSA-44,sign,929,2494167,134679
ML-DSA-44,sign,930,1521426,82152
ML-DSA-44,sign,931,2493593,134648
ML-DSA-44,sign,932,2003037,108158
ML-DSA-44,sign,933,1519796,82065
ML-DSA-44,sign,934,1048611,56620
ML-DSA-44,sign,935,1521648,82163
ML-DSA-44,sign,936,1521352,82148
ML-DSA-44,sign,937,6358629,343360
ML-DSA-44,sign,938,2496259,134793
ML-DSA-44,sign,939,1039963,56152
ML-DSA-44,sign,940,2976481,160725
ML-DSA-44,sign,941,1521759,82169
ML-DSA-44,sign,942,1039259,56115
ML-DSA-44,sign,943,3940241,212767
ML-DSA-44,sign,944,1531185,82678
ML-DSA-44,sign,945,1526815,82442
ML-DSA-44,sign,946,2013944,108748
ML-DSA-44,sign,947,3950018,213293
ML-DSA-44,sign,948,1040556,56186
ML-DSA-44,sign,949,2977222,160763
ML-DSA-44,sign,950,6352148,343009
ML-DSA-44,sign,951,1040093,56159
ML-DSA-44,sign,952,2012797,108685
ML-DSA-44,sign,953,1521537,82157
ML-DSA-44,sign,954,1530260,82628
ML-DSA-44,sign,955,2003685,108193
ML-DSA-44,sign,956,3458333,186743
ML-DSA-44,sign,957,1521852,82174
ML-DSA-44,sign,958,2012852,108689
ML-DSA-44,sign,959,1039741,56140
ML-DSA-44,sign,960,1530907,82662
ML-DSA-44,sign,961,2003907,108206
ML-DSA-44,sign,962,1038537,56075
ML-DSA-44,sign,963,1530500,82641
ML-DSA-44,sign,964,5389037,291000
ML-DSA-44,sign,965,6841463,369433
ML-DSA-44,sign,966,2485352,134203
ML-DSA-44,sign,967,1048833,56632
ML-DSA-44,sign,968,10215518,551631
ML-DSA-44,sign,969,1049870,56688
ML-DSA-44,sign,970,1522074,82187
ML-DSA-44,sign,971,2002797,108146
ML-DSA-44,sign,972,1048333,56604
ML-DSA-44,sign,973,1521778,82170
ML-DSA-44,sign,974,2494778,134711
ML-DSA-44,sign,975,4906407,264939
ML-DSA-44,sign,976,3941556,212838
ML-DSA-44,sign,977,2003926,108206
ML-DSA-44,sign,978,2976500,160725
ML-DSA-44,sign,979,1039685,56138
ML-DSA-44,sign,980,1048704,56625
ML-DSA-44,sign,981,1039148,56109
ML-DSA-44,sign,982,1037963,56045
ML-DSA-44,sign,983,2493648,134651
ML-DSA-44,sign,984,6349203,342851
ML-DSA-44,sign,985,3938852,212692
ML-DSA-44,sign,986,3083167,166484
ML-DSA-44,sign,987,1530166,82622
ML-DSA-44,sign,988,3945556,213050
ML-DSA-44,sign,989,2975167,160654
ML-DSA-44,sign,990,5393963,291269
ML-DSA-44,sign,991,4422296,238799
ML-DSA-44,sign,992,1520759,82115
ML-DSA-44,sign,993,3946537,213092
ML-DSA-44,sign,994,2014834,108796
ML-DSA-44,sign,995,2484074,134135
ML-DSA-44,sign,996,1531166,82677
ML-DSA-44,sign,997,2485222,134198
ML-DSA-44,sign,998,4420944,238724
ML-DSA-44,sign,999,2495944,134774
ML-DSA-44,verify,0,530296,28631
ML-DSA-44,verify,1,523981,28289
ML-DSA-44,verify,2,523834,28281
ML-DSA-44,verify,3,523815,28281
ML-DSA-44,verify,4,524000,28289
ML-DSA-44,verify,5,523815,28279
ML-DSA-44,verify,6,524000,28289
ML-DSA-44,verify,7,533629,28807
ML-DSA-44,verify,8,524852,28336
ML-DSA-44,verify,9,524296,28305
ML-DSA-44,verify,10,524408,28311
ML-DSA-44,verify,11,524166,28299
ML-DSA-44,verify,12,524389,28312
ML-DSA-44,verify,13,524037,28292
ML-DSA-44,verify,14,534740,28868
ML-DSA-44,verify,15,525333,28361
ML-DSA-44,verify,16,524444,28313
ML-DSA-44,verify,17,523926,28286
ML-DSA-44,verify,18,523778,28279
ML-DSA-44,verify,19,523777,28276
ML-DSA-44,verify,20,523777,28278
ML-DSA-44,verify,21,523723,28275
ML-DSA-44,verify,22,533648,28807
ML-DSA-44,verify,23,524648,28324
ML-DSA-44,verify,24,523926,28287
ML-DSA-44,verify,25,523740,28277
ML-DSA-44,verify,26,523815,28281
ML-DSA-44,verify,27,523834,28280
ML-DSA-44,verify,28,523926,28286
ML-DSA-44,verify,29,533407,28797
ML-DSA-44,verify,30,524944,28340
ML-DSA-44,verify,31,523870,28283
ML-DSA-44,verify,32,523741,28276
ML-DSA-44,verify,33,523815,28280
ML-DSA-44,verify,34,523833,28281
ML-DSA-44,verify,35,523889,28284
ML-DSA-44,verify,36,523797,28278
ML-DSA-44,verify,37,533629,28809
ML-DSA-44,verify,38,524760,28331
ML-DSA-44,verify,39,524166,28300
ML-DSA-44,verify,40,523926,28287
ML-DSA-44,verify,41,523759,28277
ML-DSA-44,verify,42,523852,28281
ML-DSA-44,verify,43,523741,28276
ML-DSA-44,verify,44,533185,28784
ML-DSA-44,verify,45,524852,28336
ML-DSA-44,verify,46,523778,28277
ML-DSA-44,verify,47,523945,28287
ML-DSA-44,verify,48,523722,28275
ML-DSA-44,verify,49,523870,28282
ML-DSA-44,verify,50,523759,28277
ML-DSA-44,verify,51,523852,28282
ML-DSA-44,verify,52,533834,28820
ML-DSA-44,verify,53,524833,28335
ML-DSA-44,verify,54,523815,28281
ML-DSA-44,verify,55,523796,28280
ML-DSA-44,verify,56,523815,28280
ML-DSA-44,verify,57,523667,28272
ML-DSA-44,verify,58,523852,28281
ML-DSA-44,verify,59,533130,28781
ML-DSA-44,verify,60,524963,28342
ML-DSA-44,verify,61,523741,28276
ML-DSA-44,verify,62,523815,28280
ML-DSA-44,verify,63,523740,28275
ML-DSA-44,verify,64,523760,28278
ML-DSA-44,verify,65,523759,28276
ML-DSA-44,verify,66,523815,28280
ML-DSA-44,verify,67,533537,28802
ML-DSA-44,verify,68,527241,28463
ML-DSA-44,verify,69,524000,28288
ML-DSA-44,verify,70,523963,28288
ML-DSA-44,verify,71,523796,28280
ML-DSA-44,verify,72,523778,28278
ML-DSA-44,verify,73,523796,28279
ML-DSA-44,verify,74,523852,28282
ML-DSA-44,verify,75,534667,28863
ML-DSA-44,verify,76,524778,28332
ML-DSA-44,verify,77,523833,28282
ML-DSA-44,verify,78,523834,28280
ML-DSA-44,verify,79,523815,28279
ML-DSA-44,verify,80,523870,28283
ML-DSA-44,verify,81,523889,28283
ML-DSA-44,verify,82,534389,28850
ML-DSA-44,verify,83,524907,28339
ML-DSA-44,verify,84,523815,28280
ML-DSA-44,verify,85,523741,28276
ML-DSA-44,verify,86,523833,28280
ML-DSA-44,verify,87,523760,28276
ML-DSA-44,verify,88,523667,28271
ML-DSA-44,verify,89,523704,28275
ML-DSA-44,verify,90,533740,28813
ML-DSA-44,verify,91,524815,28334
ML-DSA-44,verify,92,524037,28292
ML-DSA-44,verify,93,524000,28289
ML-DSA-44,verify,94,523870,28283
ML-DSA-44,verify,95,523778,28278
ML-DSA-44,verify,96,523723,28275
ML-DSA-44,verify,97,533963,28827
ML-DSA-44,verify,98,525037,28346
ML-DSA-44,verify,99,524037,28292
ML-DSA-44,verify,100,523907,28285
ML-DSA-44,verify,101,523723,28275
ML-DSA-44,verify,102,523814,28280
ML-DSA-44,verify,103,523703,28275
ML-DSA-44,verify,104,523870,28283
ML-DSA-44,verify,105,533796,28816
ML-DSA-44,verify,106,524870,28338
ML-DSA-44,verify,107,523963,28288
ML-DSA-44,verify,108,523871,28283
ML-DSA-44,verify,109,523833,28280
ML-DSA-44,verify,110,523907,28284
ML-DSA-44,verify,111,523741,28277
ML-DSA-44,verify,112,533481,28801
ML-DSA-44,verify,113,525000,28344
ML-DSA-44,verify,114,524000,28290
ML-DSA-44,verify,115,523852,28282
ML-DSA-44,verify,116,523815,28280
ML-DSA-44,verify,117,523945,28286
ML-DSA-44,verify,118,523889,28285
ML-DSA-44,verify,119,523870,28282
ML-DSA-44,verify,120,533833,28818
ML-DSA-44,verify,121,524944,28342
ML-DSA-44,verify,122,523889,28283
ML-DSA-44,verify,123,523834,28280
ML-DSA-44,verify,124,523908,28285
ML-DSA-44,verify,125,523833,28281
ML-DSA-44,verify,126,523851,28281
ML-DSA-44,verify,127,532556,28749
ML-DSA-44,verify,128,525612,28377
ML-DSA-44,verify,129,523889,28284
ML-DSA-44,verify,130,523870,28283
ML-DSA-44,verify,131,523945,28287
ML-DSA-44,verify,132,523778,28278
ML-DSA-44,verify,133,523814,28279
ML-DSA-44,verify,134,523981,28288
ML-DSA-44,verify,135,533518,28801
ML-DSA-44,verify,136,525018,28345
ML-DSA-44,verify,137,523926,28285
ML-DSA-44,verify,138,523907,28285
ML-DSA-44,verify,139,523945,28287
ML-DSA-44,verify,140,523926,28286
ML-DSA-44,verify,141,523833,28280
ML-DSA-44,verify,142,524000,28291
ML-DSA-44,verify,143,533407,28795
ML-DSA-44,verify,144,524852,28337
ML-DSA-44,verify,145,524000,28290
ML-DSA-44,verify,146,523963,28289
ML-DSA-44,verify,147,523982,28288
ML-DSA-44,verify,148,524019,28291
ML-DSA-44,verify,149,523777,28278
ML-DSA-44,verify,150,540463,29178
ML-DSA-44,verify,151,525389,28365
ML-DSA-44,verify,152,523926,28286
ML-DSA-44,verify,153,523852,28283
ML-DSA-44,verify,154,523870,28283
ML-DSA-44,verify,155,523815,28280
ML-DSA-44,verify,156,523815,28279
ML-DSA-44,verify,157,523944,28287
ML-DSA-44,verify,158,534167,28837
ML-DSA-44,verify,159,524870,28338
ML-DSA-44,verify,160,523981,28289
ML-DSA-44,verify,161,523852,28282
ML-DSA-44,verify,162,523963,28289
ML-DSA-44,verify,163,523777,28277
ML-DSA-44,verify,164,523870,28283
ML-DSA-44,verify,165,533630,28808
ML-DSA-44,verify,166,524796,28333
ML-DSA-44,verify,167,523889,28284
ML-DSA-44,verify,168,523833,28281
ML-DSA-44,verify,169,523796,28278
ML-DSA-44,verify,170,523982,28289
ML-DSA-44,verify,171,523945,28287
ML-DSA-44,verify,172,523852,28282
ML-DSA-44,verify,173,533926,28824
ML-DSA-44,verify,174,525000,28343
ML-DSA-44,verify,175,524018,28291
ML-DSA-44,verify,176,523963,28288
ML-DSA-44,verify,177,523871,28283
ML-DSA-44,verify,178,523852,28282
ML-DSA-44,verify,179,523722,28276
ML-DSA-44,verify,180,533203,28784
ML-DSA-44,verify,181,525037,28346
ML-DSA-44,verify,182,523796,28280
ML-DSA-44,verify,183,523871,28282
ML-DSA-44,verify,184,524000,28289
ML-DSA-44,verify,185,523889,28285
ML-DSA-44,verify,186,523926,28287
ML-DSA-44,verify,187,523833,28280
ML-DSA-44,verify,188,533555,28803
ML-DSA-44,verify,189,524963,28342
ML-DSA-44,verify,190,526814,28441
ML-DSA-44,verify,191,523981,28287
ML-DSA-44,verify,192,523982,28288
ML-DSA-44,verify,193,524352,28309
ML-DSA-44,verify,194,524278,28304
ML-DSA-44,verify,195,524370,28309
ML-DSA-44,verify,196,535037,28884
ML-DSA-44,verify,197,525204,28356
ML-DSA-44,verify,198,524259,28305
ML-DSA-44,verify,199,524278,28304
ML-DSA-44,verify,200,523944,28287
ML-DSA-44,verify,201,523852,28281
ML-DSA-44,verify,202,523814,28280
ML-DSA-44,verify,203,533186,28784
ML-DSA-44,verify,204,524574,28322
ML-DSA-44,verify,205,523741,28277
ML-DSA-44,verify,206,523611,28268
ML-DSA-44,verify,207,523537,28266
ML-DSA-44,verify,208,523537,28265
ML-DSA-44,verify,209,523537,28265
ML-DSA-44,verify,210,524074,28293
ML-DSA-44,verify,211,534444,28851
ML-DSA-44,verify,212,524945,28340
ML-DSA-44,verify,213,523944,28286
ML-DSA-44,verify,214,524055,28293
ML-DSA-44,verify,215,523870,28282
ML-DSA-44,verify,216,524167,28299
ML-DSA-44,verify,217,523630,28269
ML-DSA-44,verify,218,532945,28771
ML-DSA-44,verify,219,524611,28324
ML-DSA-44,verify,220,523759,28277
ML-DSA-44,verify,221,523740,28275
ML-DSA-44,verify,222,523648,28271
ML-DSA-44,verify,223,523667,28271
ML-DSA-44,verify,224,523797,28279
ML-DSA-44,verify,225,523574,28267
ML-DSA-44,verify,226,533444,28798
ML-DSA-44,verify,227,524648,28325
ML-DSA-44,verify,228,523611,28268
ML-DSA-44,verify,229,523426,28259
ML-DSA-44,verify,230,523574,28266
ML-DSA-44,verify,231,523667,28272
ML-DSA-44,verify,232,523629,28270
ML-DSA-44,verify,233,532871,28767
ML-DSA-44,verify,234,524592,28322
ML-DSA-44,verify,235,523611,28269
ML-DSA-44,verify,236,523593,28269
ML-DSA-44,verify,237,523444,28260
ML-DSA-44,verify,238,523370,28256
ML-DSA-44,verify,239,523537,28265
ML-DSA-44,verify,240,523574,28266
ML-DSA-44,verify,241,534019,28828
ML-DSA-44,verify,242,524649,28325
ML-DSA-44,verify,243,524130,28297
ML-DSA-44,verify,244,524075,28293
ML-DSA-44,verify,245,523815,28280
ML-DSA-44,verify,246,524093,28296
ML-DSA-44,verify,247,523667,28271
ML-DSA-44,verify,248,533186,28784
ML-DSA-44,verify,249,524796,28333
ML-DSA-44,verify,250,523574,28267
ML-DSA-44,verify,251,523463,28262
ML-DSA-44,verify,252,523444,28260
ML-DSA-44,verify,253,523518,28264
ML-DSA-44,verify,254,523500,28262
ML-DSA-44,verify,255,523592,28268
ML-DSA-44,verify,256,533371,28794
ML-DSA-44,verify,257,524500,28318
ML-DSA-44,verify,258,523629,28270
ML-DSA-44,verify,259,523555,28266
ML-DSA-44,verify,260,523537,28265
ML-DSA-44,verify,261,523500,28263
ML-DSA-44,verify,262,523445,28259
ML-DSA-44,verify,263,523500,28262
ML-DSA-44,verify,264,532740,28760
ML-DSA-44,verify,265,524518,28317
ML-DSA-44,verify,266,523556,28266
ML-DSA-44,verify,267,523556,28266
ML-DSA-44,verify,268,523685,28272
ML-DSA-44,verify,269,523482,28262
ML-DSA-44,verify,270,523592,28267
ML-DSA-44,verify,271,532908,28769
ML-DSA-44,verify,272,524519,28319
ML-DSA-44,verify,273,523500,28263
ML-DSA-44,verify,274,523611,28268
ML-DSA-44,verify,275,523519,28263
ML-DSA-44,verify,276,523537,28264
ML-DSA-44,verify,277,523611,28269
ML-DSA-44,verify,278,523482,28261
ML-DSA-44,verify,279,534203,28840
ML-DSA-44,verify,280,524667,28325
ML-DSA-44,verify,281,523630,28270
ML-DSA-44,verify,282,523592,28269
ML-DSA-44,verify,283,523592,28267
ML-DSA-44,verify,284,523463,28261
ML-DSA-44,verify,285,523648,28270
ML-DSA-44,verify,286,533148,28782
ML-DSA-44,verify,287,524518,28319
ML-DSA-44,verify,288,523556,28266
ML-DSA-44,verify,289,523648,28272
ML-DSA-44,verify,290,523426,28259
ML-DSA-44,verify,291,523481,28261
ML-DSA-44,verify,292,523611,28269
ML-DSA-44,verify,293,523593,28268
ML-DSA-44,verify,294,533426,28795
ML-DSA-44,verify,295,524537,28318
ML-DSA-44,verify,296,523685,28274
ML-DSA-44,verify,297,523574,28268
ML-DSA-44,verify,298,523667,28272
ML-DSA-44,verify,299,523519,28263
ML-DSA-44,verify,300,523537,28265
ML-DSA-44,verify,301,532834,28765
ML-DSA-44,verify,302,524815,28335
ML-DSA-44,verify,303,523796,28279
ML-DSA-44,verify,304,523630,28271
ML-DSA-44,verify,305,523463,28260
ML-DSA-44,verify,306,523611,28269
ML-DSA-44,verify,307,523537,28266
ML-DSA-44,verify,308,523629,28271
ML-DSA-44,verify,309,533555,28803
ML-DSA-44,verify,310,526870,28445
ML-DSA-44,verify,311,524037,28292
ML-DSA-44,verify,312,524019,28292
ML-DSA-44,verify,313,524019,28291
ML-DSA-44,verify,314,523833,28281
ML-DSA-44,verify,315,523963,28289
ML-DSA-44,verify,316,524000,28290
ML-DSA-44,verify,317,533870,28820
ML-DSA-44,verify,318,524852,28336
ML-DSA-44,verify,319,524093,28295
ML-DSA-44,verify,320,523833,28281
ML-DSA-44,verify,321,523834,28280
ML-DSA-44,verify,322,523944,28287
ML-DSA-44,verify,323,523945,28287
ML-DSA-44,verify,324,533723,28813
ML-DSA-44,verify,325,524889,28338
ML-DSA-44,verify,326,524167,28299
ML-DSA-44,verify,327,523907,28285
ML-DSA-44,verify,328,523944,28288
ML-DSA-44,verify,329,523907,28286
ML-DSA-44,verify,330,523926,28285
ML-DSA-44,verify,331,524056,28292
ML-DSA-44,verify,332,533796,28817
ML-DSA-44,verify,333,524889,28338
ML-DSA-44,verify,334,524018,28291
ML-DSA-44,verify,335,523907,28284
ML-DSA-44,verify,336,523852,28282
ML-DSA-44,verify,337,523871,28283
ML-DSA-44,verify,338,523889,28284
ML-DSA-44,verify,339,533704,28813
ML-DSA-44,verify,340,525111,28349
ML-DSA-44,verify,341,523982,28290
ML-DSA-44,verify,342,523888,28284
ML-DSA-44,verify,343,523778,28278
ML-DSA-44,verify,344,524055,28293
ML-DSA-44,verify,345,523926,28286
ML-DSA-44,verify,346,523852,28282
ML-DSA-44,verify,347,535074,28886
ML-DSA-44,verify,348,524963,28341
ML-DSA-44,verify,349,524000,28289
ML-DSA-44,verify,350,523833,28282
ML-DSA-44,verify,351,523870,28283
ML-DSA-44,verify,352,523907,28285
ML-DSA-44,verify,353,523445,28259
ML-DSA-44,verify,354,533426,28796
ML-DSA-44,verify,355,525000,28344
ML-DSA-44,verify,356,523981,28288
ML-DSA-44,verify,357,524018,28291
ML-DSA-44,verify,358,523963,28288
ML-DSA-44,verify,359,524038,28292
ML-DSA-44,verify,360,523871,28282
ML-DSA-44,verify,361,523908,28284
ML-DSA-44,verify,362,536185,28946
ML-DSA-44,verify,363,524963,28342
ML-DSA-44,verify,364,524092,28294
ML-DSA-44,verify,365,523926,28286
ML-DSA-44,verify,366,523926,28286
ML-DSA-44,verify,367,523852,28282
ML-DSA-44,verify,368,523926,28286
ML-DSA-44,verify,369,533371,28792
ML-DSA-44,verify,370,525889,28391
ML-DSA-44,verify,371,523945,28286
ML-DSA-44,verify,372,523889,28285
ML-DSA-44,verify,373,523815,28281
ML-DSA-44,verify,374,523926,28286
ML-DSA-44,verify,375,523889,28285
ML-DSA-44,verify,376,523871,28283
ML-DSA-44,verify,377,533630,28808
ML-DSA-44,verify,378,524926,28339
ML-DSA-44,verify,379,524000,28290
ML-DSA-44,verify,380,523945,28287
ML-DSA-44,verify,381,523852,28283
ML-DSA-44,verify,382,523852,28283
ML-DSA-44,verify,383,523963,28287
ML-DSA-44,verify,384,523945,28288
ML-DSA-44,verify,385,538648,29079
ML-DSA-44,verify,386,524907,28339
ML-DSA-44,verify,387,523926,28285
ML-DSA-44,verify,388,523889,28284
ML-DSA-44,verify,389,524019,28291
ML-DSA-44,verify,390,523962,28288
ML-DSA-44,verify,391,523870,28282
ML-DSA-44,verify,392,533648,28809
ML-DSA-44,verify,393,524926,28339
ML-DSA-44,verify,394,524018,28291
ML-DSA-44,verify,395,523852,28283
ML-DSA-44,verify,396,523944,28287
ML-DSA-44,verify,397,523815,28281
ML-DSA-44,verify,398,523889,28284
ML-DSA-44,verify,399,523834,28280
ML-DSA-44,verify,400,533629,28809
ML-DSA-44,verify,401,525037,28346
ML-DSA-44,verify,402,524056,28293
ML-DSA-44,verify,403,523982,28288
ML-DSA-44,verify,404,523907,28286
ML-DSA-44,verify,405,523815,28281
ML-DSA-44,verify,406,523926,28285
ML-DSA-44,verify,407,533463,28799
ML-DSA-44,verify,408,524945,28341
ML-DSA-44,verify,409,523888,28285
ML-DSA-44,verify,410,524074,28294
ML-DSA-44,verify,411,524000,28290
ML-DSA-44,verify,412,523870,28282
ML-DSA-44,verify,413,523907,28285
ML-DSA-44,verify,414,523945,28287
ML-DSA-44,verify,415,534797,28871
ML-DSA-44,verify,416,524963,28342
ML-DSA-44,verify,417,523759,28276
ML-DSA-44,verify,418,523889,28284
ML-DSA-44,verify,419,523834,28281
ML-DSA-44,verify,420,523889,28285
ML-DSA-44,verify,421,523870,28282
ML-DSA-44,verify,422,533407,28796
ML-DSA-44,verify,423,524945,28342
ML-DSA-44,verify,424,523982,28289
ML-DSA-44,verify,425,523944,28287
ML-DSA-44,verify,426,523852,28283
ML-DSA-44,verify,427,523926,28286
ML-DSA-44,verify,428,523889,28285
ML-DSA-44,verify,429,524056,28292
ML-DSA-44,verify,430,533667,28811
ML-DSA-44,verify,431,527038,28453
ML-DSA-44,verify,432,523963,28288
ML-DSA-44,verify,433,524000,28291
ML-DSA-44,verify,434,524018,28291
ML-DSA-44,verify,435,523722,28275
ML-DSA-44,verify,436,523889,28283
ML-DSA-44,verify,437,523778,28279
ML-DSA-44,verify,438,534518,28855
ML-DSA-44,verify,439,524648,28325
ML-DSA-44,verify,440,524018,28291
ML-DSA-44,verify,441,523852,28282
ML-DSA-44,verify,442,523945,28288
ML-DSA-44,verify,443,523796,28279
ML-DSA-44,verify,444,523889,28285
ML-DSA-44,verify,445,533259,28787
ML-DSA-44,verify,446,524981,28343
ML-DSA-44,verify,447,524056,28292
ML-DSA-44,verify,448,523871,28283
ML-DSA-44,verify,449,523834,28282
ML-DSA-44,verify,450,523963,28287
ML-DSA-44,verify,451,523778,28277
ML-DSA-44,verify,452,523870,28283
ML-DSA-44,verify,453,533685,28811
ML-DSA-44,verify,454,524815,28333
ML-DSA-44,verify,455,523944,28286
ML-DSA-44,verify,456,523870,28284
ML-DSA-44,verify,457,523907,28284
ML-DSA-44,verify,458,524018,28291
ML-DSA-44,verify,459,523908,28285
ML-DSA-44,verify,460,533370,28794
ML-DSA-44,verify,461,524870,28338
ML-DSA-44,verify,462,523889,28284
ML-DSA-44,verify,463,524037,28292
ML-DSA-44,verify,464,523870,28282
ML-DSA-44,verify,465,523833,28280
ML-DSA-44,verify,466,523815,28280
ML-DSA-44,verify,467,523815,28280
ML-DSA-44,verify,468,533759,28814
ML-DSA-44,verify,469,524833,28335
ML-DSA-44,verify,470,524018,28291
ML-DSA-44,verify,471,523944,28286
ML-DSA-44,verify,472,523871,28282
ML-DSA-44,verify,473,523685,28272
ML-DSA-44,verify,474,523278,28251
ML-DSA-44,verify,475,533334,28791
ML-DSA-44,verify,476,524908,28339
ML-DSA-44,verify,477,523908,28284
ML-DSA-44,verify,478,523982,28288
ML-DSA-44,verify,479,523833,28282
ML-DSA-44,verify,480,523981,28288
ML-DSA-44,verify,481,523944,28287
ML-DSA-44,verify,482,523778,28279
ML-DSA-44,verify,483,533944,28824
ML-DSA-44,verify,484,524945,28340
ML-DSA-44,verify,485,523852,28283
ML-DSA-44,verify,486,523870,28284
ML-DSA-44,verify,487,523723,28276
ML-DSA-44,verify,488,523760,28277
ML-DSA-44,verify,489,523814,28280
ML-DSA-44,verify,490,532870,28768
ML-DSA-44,verify,491,525055,28347
ML-DSA-44,verify,492,523926,28287
ML-DSA-44,verify,493,523796,28279
ML-DSA-44,verify,494,523908,28285
ML-DSA-44,verify,495,523834,28282
ML-DSA-44,verify,496,523797,28279
ML-DSA-44,verify,497,523796,28279
ML-DSA-44,verify,498,533592,28805
ML-DSA-44,verify,499,524944,28341
ML-DSA-44,verify,500,524037,28292
ML-DSA-44,verify,501,523908,28285
ML-DSA-44,verify,502,523723,28276
ML-DSA-44,verify,503,523667,28272
ML-DSA-44,verify,504,523740,28276
ML-DSA-44,verify,505,523741,28276
ML-DSA-44,verify,506,533334,28791
ML-DSA-44,verify,507,524797,28334
ML-DSA-44,verify,508,523926,28285
ML-DSA-44,verify,509,523870,28283
ML-DSA-44,verify,510,523833,28280
ML-DSA-44,verify,511,523871,28282
ML-DSA-44,verify,512,523926,28286
ML-DSA-44,verify,513,533555,28803
ML-DSA-44,verify,514,524926,28340
ML-DSA-44,verify,515,523833,28280
ML-DSA-44,verify,516,524130,28297
ML-DSA-44,verify,517,523722,28274
ML-DSA-44,verify,518,523741,28277
ML-DSA-44,verify,519,523815,28281
ML-DSA-44,verify,520,523963,28289
ML-DSA-44,verify,521,533352,28792
ML-DSA-44,verify,522,524944,28342
ML-DSA-44,verify,523,523944,28287
ML-DSA-44,verify,524,523871,28283
ML-DSA-44,verify,525,523722,28275
ML-DSA-44,verify,526,523555,28266
ML-DSA-44,verify,527,523870,28282
ML-DSA-44,verify,528,533537,28803
ML-DSA-44,verify,529,524723,28329
ML-DSA-44,verify,530,523944,28287
ML-DSA-44,verify,531,523815,28280
ML-DSA-44,verify,532,523963,28288
ML-DSA-44,verify,533,523796,28279
ML-DSA-44,verify,534,523926,28287
ML-DSA-44,verify,535,523667,28272
ML-DSA-44,verify,536,533759,28814
ML-DSA-44,verify,537,524925,28340
ML-DSA-44,verify,538,524130,28297
ML-DSA-44,verify,539,524000,28290
ML-DSA-44,verify,540,523907,28285
ML-DSA-44,verify,541,523759,28277
ML-DSA-44,verify,542,523870,28283
ML-DSA-44,verify,543,533093,28780
ML-DSA-44,verify,544,525018,28346
ML-DSA-44,verify,545,523796,28279
ML-DSA-44,verify,546,523871,28284
ML-DSA-44,verify,547,523925,28286
ML-DSA-44,verify,548,524056,28293
ML-DSA-44,verify,549,523852,28281
ML-DSA-44,verify,550,523963,28288
ML-DSA-44,verify,551,537463,29013
ML-DSA-44,verify,552,524889,28339
ML-DSA-44,verify,553,524000,28290
ML-DSA-44,verify,554,523852,28282
ML-DSA-44,verify,555,523796,28279
ML-DSA-44,verify,556,524018,28290
ML-DSA-44,verify,557,524018,28291
ML-DSA-44,verify,558,523814,28281
ML-DSA-44,verify,559,533408,28795
ML-DSA-44,verify,560,524759,28330
ML-DSA-44,verify,561,523908,28284
ML-DSA-44,verify,562,524037,28292
ML-DSA-44,verify,563,523945,28287
ML-DSA-44,verify,564,523889,28284
ML-DSA-44,verify,565,523852,28282
ML-DSA-44,verify,566,533630,28809
ML-DSA-44,verify,567,524889,28337
ML-DSA-44,verify,568,523889,28285
ML-DSA-44,verify,569,524056,28293
ML-DSA-44,verify,570,523907,28285
ML-DSA-44,verify,571,523944,28286
ML-DSA-44,verify,572,523926,28285
ML-DSA-44,verify,573,523852,28283
ML-DSA-44,verify,574,533704,28812
ML-DSA-44,verify,575,524703,28329
ML-DSA-44,verify,576,523926,28286
ML-DSA-44,verify,577,523925,28286
ML-DSA-44,verify,578,523981,28289
ML-DSA-44,verify,579,523889,28284
ML-DSA-44,verify,580,523889,28285
ML-DSA-44,verify,581,533408,28795
ML-DSA-44,verify,582,524852,28336
ML-DSA-44,verify,583,523908,28285
ML-DSA-44,verify,584,523925,28286
ML-DSA-44,verify,585,524000,28290
ML-DSA-44,verify,586,523889,28283
ML-DSA-44,verify,587,524038,28292
ML-DSA-44,verify,588,524000,28291
ML-DSA-44,verify,589,533704,28812
ML-DSA-44,verify,590,524981,28343
ML-DSA-44,verify,591,524038,28292
ML-DSA-44,verify,592,523963,28288
ML-DSA-44,verify,593,523870,28283
ML-DSA-44,verify,594,523926,28286
ML-DSA-44,verify,595,523852,28282
ML-DSA-44,verify,596,533333,28791
ML-DSA-44,verify,597,525000,28343
ML-DSA-44,verify,598,523833,28282
ML-DSA-44,verify,599,523722,28276
ML-DSA-44,verify,600,523963,28289
ML-DSA-44,verify,601,523889,28284
ML-DSA-44,verify,602,523833,28281
ML-DSA-44,verify,603,523796,28279
ML-DSA-44,verify,604,735426,39699
ML-DSA-44,verify,605,527314,28469
ML-DSA-44,verify,606,524018,28291
ML-DSA-44,verify,607,523519,28264
ML-DSA-44,verify,608,523981,28289
ML-DSA-44,verify,609,523834,28282
ML-DSA-44,verify,610,523777,28277
ML-DSA-44,verify,611,534593,28860
ML-DSA-44,verify,612,524982,28344
ML-DSA-44,verify,613,524389,28311
ML-DSA-44,verify,614,523703,28275
ML-DSA-44,verify,615,542611,29293
ML-DSA-44,verify,616,524963,28341
ML-DSA-44,verify,617,523482,28262
ML-DSA-44,verify,618,523463,28260
ML-DSA-44,verify,619,539277,29113
ML-DSA-44,verify,620,524630,28324
ML-DSA-44,verify,621,523611,28270
ML-DSA-44,verify,622,523666,28272
ML-DSA-44,verify,623,523445,28259
ML-DSA-44,verify,624,523555,28265
ML-DSA-44,verify,625,523500,28263
ML-DSA-44,verify,626,533926,28823
ML-DSA-44,verify,627,524870,28337
ML-DSA-44,verify,628,523981,28289
ML-DSA-44,verify,629,523796,28280
ML-DSA-44,verify,630,523926,28287
ML-DSA-44,verify,631,523815,28279
ML-DSA-44,verify,632,523944,28287
ML-DSA-44,verify,633,523741,28277
ML-DSA-44,verify,634,533777,28814
ML-DSA-44,verify,635,524796,28334
ML-DSA-44,verify,636,524111,28295
ML-DSA-44,verify,637,523815,28280
ML-DSA-44,verify,638,597000,32231
ML-DSA-44,verify,639,526037,28401
ML-DSA-44,verify,640,524037,28292
ML-DSA-44,verify,641,533667,28810
ML-DSA-44,verify,642,524796,28332
ML-DSA-44,verify,643,523981,28289
ML-DSA-44,verify,644,524019,28290
ML-DSA-44,verify,645,523925,28286
ML-DSA-44,verify,646,523741,28276
ML-DSA-44,verify,647,524000,28290
ML-DSA-44,verify,648,523741,28276
ML-DSA-44,verify,649,533834,28818
ML-DSA-44,verify,650,524648,28325
ML-DSA-44,verify,651,523852,28282
ML-DSA-44,verify,652,523833,28281
ML-DSA-44,verify,653,523945,28286
ML-DSA-44,verify,654,523778,28278
ML-DSA-44,verify,655,523926,28285
ML-DSA-44,verify,656,533574,28805
ML-DSA-44,verify,657,525000,28344
ML-DSA-44,verify,658,523907,28284
ML-DSA-44,verify,659,523833,28281
ML-DSA-44,verify,660,523703,28273
ML-DSA-44,verify,661,523833,28282
ML-DSA-44,verify,662,585981,31634
ML-DSA-44,verify,663,718481,38790
ML-DSA-44,verify,664,526260,28411
ML-DSA-44,verify,665,523963,28289
ML-DSA-44,verify,666,592741,32000
ML-DSA-44,verify,667,525518,28372
ML-DSA-44,verify,668,637797,34434
ML-DSA-44,verify,669,525333,28363
ML-DSA-44,verify,670,523704,28274
ML-DSA-44,verify,671,636352,34355
ML-DSA-44,verify,672,602685,32536
ML-DSA-44,verify,673,564037,30450
ML-DSA-44,verify,674,627315,33868
ML-DSA-44,verify,675,623425,33657
ML-DSA-44,verify,676,674222,36401
ML-DSA-44,verify,677,733426,39597
ML-DSA-44,verify,678,525315,28361
ML-DSA-44,verify,679,523907,28285
ML-DSA-44,verify,680,685926,37031
ML-DSA-44,verify,681,525148,28353
ML-DSA-44,verify,682,523445,28260
ML-DSA-44,verify,683,523500,28263
ML-DSA-44,verify,684,538649,29079
ML-DSA-44,verify,685,524463,28316
ML-DSA-44,verify,686,523444,28261
ML-DSA-44,verify,687,523352,28256
ML-DSA-44,verify,688,523389,28257
ML-DSA-44,verify,689,523500,28263
ML-DSA-44,verify,690,523518,28265
ML-DSA-44,verify,691,550648,29727
ML-DSA-44,verify,692,524797,28333
ML-DSA-44,verify,693,523518,28264
ML-DSA-44,verify,694,523425,28260
ML-DSA-44,verify,695,523370,28256
ML-DSA-44,verify,696,523425,28258
ML-DSA-44,verify,697,523426,28259
ML-DSA-44,verify,698,523389,28257
ML-DSA-44,verify,699,561907,30335
ML-DSA-44,verify,700,525334,28363
ML-DSA-44,verify,701,523851,28284
ML-DSA-44,verify,702,523389,28257
ML-DSA-44,verify,703,523463,28261
ML-DSA-44,verify,704,523408,28257
ML-DSA-44,verify,705,523408,28257
ML-DSA-44,verify,706,534518,28855
ML-DSA-44,verify,707,525315,28360
ML-DSA-44,verify,708,523389,28258
ML-DSA-44,verify,709,523500,28263
ML-DSA-44,verify,710,523537,28265
ML-DSA-44,verify,711,523352,28254
ML-DSA-44,verify,712,523537,28265
ML-DSA-44,verify,713,523519,28264
ML-DSA-44,verify,714,605000,32662
ML-DSA-44,verify,715,524870,28338
ML-DSA-44,verify,716,523556,28267
ML-DSA-44,verify,717,523426,28258
ML-DSA-44,verify,718,523500,28262
ML-DSA-44,verify,719,523352,28256
ML-DSA-44,verify,720,523315,28254
ML-DSA-44,verify,721,554092,29914
ML-DSA-44,verify,722,526389,28420
ML-DSA-44,verify,723,523519,28264
ML-DSA-44,verify,724,523481,28262
ML-DSA-44,verify,725,523592,28268
ML-DSA-44,verify,726,523389,28257
ML-DSA-44,verify,727,524055,28293
ML-DSA-44,verify,728,523685,28274
ML-DSA-44,verify,729,534223,28840
ML-DSA-44,verify,730,524944,28341
ML-DSA-44,verify,731,524167,28299
ML-DSA-44,verify,732,523962,28287
ML-DSA-44,verify,733,523945,28286
ML-DSA-44,verify,734,524037,28292
ML-DSA-44,verify,735,523389,28257
ML-DSA-44,verify,736,523519,28264
ML-DSA-44,verify,737,655741,35400
ML-DSA-44,verify,738,671186,36235
ML-DSA-44,verify,739,524944,28341
ML-DSA-44,verify,740,523407,28258
ML-DSA-44,verify,741,604297,32625
ML-DSA-44,verify,742,524944,28342
ML-DSA-44,verify,743,678407,36625
ML-DSA-44,verify,744,525630,28377
ML-DSA-44,verify,745,524093,28294
ML-DSA-44,verify,746,589277,31813
ML-DSA-44,verify,747,572907,30930
ML-DSA-44,verify,748,572408,30904
ML-DSA-44,verify,749,572130,30887
ML-DSA-44,verify,750,597037,32231
ML-DSA-44,verify,751,649130,35044
ML-DSA-44,verify,752,588908,31794
ML-DSA-44,verify,753,717260,38725
ML-DSA-44,verify,754,724481,39114
ML-DSA-44,verify,755,526778,28440
ML-DSA-44,verify,756,523778,28277
ML-DSA-44,verify,757,691185,37315
ML-DSA-44,verify,758,525519,28371
ML-DSA-44,verify,759,524556,28320
ML-DSA-44,verify,760,523796,28279
ML-DSA-44,verify,761,523796,28279
ML-DSA-44,verify,762,523686,28273
ML-DSA-44,verify,763,523630,28270
ML-DSA-44,verify,764,534814,28872
ML-DSA-44,verify,765,524852,28335
ML-DSA-44,verify,766,523778,28278
ML-DSA-44,verify,767,523833,28281
ML-DSA-44,verify,768,527093,28456
ML-DSA-44,verify,769,523797,28279
ML-DSA-44,verify,770,523703,28274
ML-DSA-44,verify,771,533629,28809
ML-DSA-44,verify,772,524907,28339
ML-DSA-44,verify,773,524000,28289
ML-DSA-44,verify,774,523722,28274
ML-DSA-44,verify,775,524389,28310
ML-DSA-44,verify,776,524241,28302
ML-DSA-44,verify,777,524482,28315
ML-DSA-44,verify,778,524204,28302
ML-DSA-44,verify,779,534518,28857
ML-DSA-44,verify,780,525445,28368
ML-DSA-44,verify,781,524407,28312
ML-DSA-44,verify,782,524241,28303
ML-DSA-44,verify,783,523741,28277
ML-DSA-44,verify,784,523704,28273
ML-DSA-44,verify,785,523667,28272
ML-DSA-44,verify,786,610056,32934
ML-DSA-44,verify,787,526297,28414
ML-DSA-44,verify,788,523833,28280
ML-DSA-44,verify,789,523777,28279
ML-DSA-44,verify,790,523871,28282
ML-DSA-44,verify,791,523814,28280
ML-DSA-44,verify,792,526630,28430
ML-DSA-44,verify,793,523667,28272
ML-DSA-44,verify,794,534796,28870
ML-DSA-44,verify,795,524741,28331
ML-DSA-44,verify,796,523907,28286
ML-DSA-44,verify,797,523760,28276
ML-DSA-44,verify,798,523796,28279
ML-DSA-44,verify,799,523815,28279
ML-DSA-44,verify,800,523815,28281
ML-DSA-44,verify,801,533315,28790
ML-DSA-44,verify,802,524888,28337
ML-DSA-44,verify,803,523797,28280
ML-DSA-44,verify,804,523889,28284
ML-DSA-44,verify,805,523889,28284
ML-DSA-44,verify,806,523889,28284
ML-DSA-44,verify,807,523945,28286
ML-DSA-44,verify,808,523723,28276
ML-DSA-44,verify,809,613611,33125
ML-DSA-44,verify,810,606944,32768
ML-DSA-44,verify,811,709648,38312
ML-DSA-44,verify,812,525611,28377
ML-DSA-44,verify,813,523889,28283
ML-DSA-44,verify,814,620408,33494
ML-DSA-44,verify,815,525315,28362
ML-DSA-44,verify,816,534537,28856
ML-DSA-44,verify,817,709130,38285
ML-DSA-44,verify,818,524759,28331
ML-DSA-44,verify,819,606778,32757
ML-DSA-44,verify,820,606834,32762
ML-DSA-44,verify,821,583630,31508
ML-DSA-44,verify,822,535426,28905
ML-DSA-44,verify,823,583037,31477
ML-DSA-44,verify,824,584555,31558
ML-DSA-44,verify,825,606815,32761
ML-DSA-44,verify,826,606945,32767
ML-DSA-44,verify,827,524963,28343
ML-DSA-44,verify,828,605370,32684
ML-DSA-44,verify,829,614278,33162
ML-DSA-44,verify,830,773371,41754
ML-DSA-44,verify,831,636982,34389
ML-DSA-44,verify,832,618926,33416
ML-DSA-44,verify,833,525185,28355
ML-DSA-44,verify,834,548704,29622
ML-DSA-44,verify,835,525204,28355
ML-DSA-44,verify,836,534259,28841
ML-DSA-44,verify,837,524760,28332
ML-DSA-44,verify,838,523352,28255
ML-DSA-44,verify,839,523815,28280
ML-DSA-44,verify,840,523833,28281
ML-DSA-44,verify,841,523833,28281
ML-DSA-44,verify,842,523704,28273
ML-DSA-44,verify,843,539334,29116
ML-DSA-44,verify,844,525056,28347
ML-DSA-44,verify,845,523944,28287
ML-DSA-44,verify,846,523537,28266
ML-DSA-44,verify,847,523926,28286
ML-DSA-44,verify,848,523740,28276
ML-DSA-44,verify,849,523759,28276
ML-DSA-44,verify,850,523778,28279
ML-DSA-44,verify,851,534481,28855
ML-DSA-44,verify,852,524815,28335
ML-DSA-44,verify,853,523907,28286
ML-DSA-44,verify,854,523777,28278
ML-DSA-44,verify,855,524000,28291
ML-DSA-44,verify,856,523814,28279
ML-DSA-44,verify,857,523889,28284
ML-DSA-44,verify,858,532889,28768
ML-DSA-44,verify,859,525240,28356
ML-DSA-44,verify,860,523852,28283
ML-DSA-44,verify,861,523759,28277
ML-DSA-44,verify,862,523778,28278
ML-DSA-44,verify,863,523815,28281
ML-DSA-44,verify,864,523759,28276
ML-DSA-44,verify,865,523833,28281
ML-DSA-44,verify,866,533611,28808
ML-DSA-44,verify,867,524833,28335
ML-DSA-44,verify,868,524167,28299
ML-DSA-44,verify,869,523833,28282
ML-DSA-44,verify,870,523778,28278
ML-DSA-44,verify,871,523852,28282
ML-DSA-44,verify,872,523889,28285
ML-DSA-44,verify,873,523888,28283
ML-DSA-44,verify,874,533944,28825
ML-DSA-44,verify,875,524741,28330
ML-DSA-44,verify,876,523833,28281
ML-DSA-44,verify,877,523926,28286
ML-DSA-44,verify,878,523741,28276
ML-DSA-44,verify,879,523740,28275
ML-DSA-44,verify,880,523723,28274
ML-DSA-44,verify,881,533000,28773
ML-DSA-44,verify,882,524852,28336
ML-DSA-44,verify,883,523796,28279
ML-DSA-44,verify,884,523833,28281
ML-DSA-44,verify,885,523945,28288
ML-DSA-44,verify,886,523796,28278
ML-DSA-44,verify,887,523777,28278
ML-DSA-44,verify,888,523741,28275
ML-DSA-44,verify,889,533519,28801
ML-DSA-44,verify,890,524667,28325
ML-DSA-44,verify,891,523833,28282
ML-DSA-44,verify,892,523741,28276
ML-DSA-44,verify,893,523797,28279
ML-DSA-44,verify,894,523740,28277
ML-DSA-44,verify,895,523871,28282
ML-DSA-44,verify,896,533426,28797
ML-DSA-44,verify,897,524796,28333
ML-DSA-44,verify,898,523926,28286
ML-DSA-44,verify,899,523926,28287
ML-DSA-44,verify,900,523796,28279
ML-DSA-44,verify,901,523851,28283
ML-DSA-44,verify,902,523685,28273
ML-DSA-44,verify,903,523759,28278
ML-DSA-44,verify,904,533704,28812
ML-DSA-44,verify,905,524815,28335
ML-DSA-44,verify,906,523963,28289
ML-DSA-44,verify,907,523926,28287
ML-DSA-44,verify,908,523908,28285
ML-DSA-44,verify,909,523870,28284
ML-DSA-44,verify,910,523889,28284
ML-DSA-44,verify,911,533185,28783
ML-DSA-44,verify,912,526685,28434
ML-DSA-44,verify,913,524019,28290
ML-DSA-44,verify,914,523741,28275
ML-DSA-44,verify,915,523815,28279
ML-DSA-44,verify,916,523852,28282
ML-DSA-44,verify,917,523759,28276
ML-DSA-44,verify,918,523871,28283
ML-DSA-44,verify,919,534833,28873
ML-DSA-44,verify,920,524741,28329
ML-DSA-44,verify,921,524037,28292
ML-DSA-44,verify,922,523833,28281
ML-DSA-44,verify,923,523908,28286
ML-DSA-44,verify,924,523945,28287
ML-DSA-44,verify,925,523778,28279
ML-DSA-44,verify,926,523759,28276
ML-DSA-44,verify,927,533518,28802
ML-DSA-44,verify,928,524759,28331
ML-DSA-44,verify,929,523945,28288
ML-DSA-44,verify,930,523833,28281
ML-DSA-44,verify,931,523889,28284
ML-DSA-44,verify,932,523777,28279
ML-DSA-44,verify,933,523908,28285
ML-DSA-44,verify,934,533185,28785
ML-DSA-44,verify,935,524760,28330
ML-DSA-44,verify,936,523815,28280
ML-DSA-44,verify,937,523889,28284
ML-DSA-44,verify,938,523796,28279
ML-DSA-44,verify,939,523963,28288
ML-DSA-44,verify,940,523852,28282
ML-DSA-44,verify,941,523926,28286
ML-DSA-44,verify,942,534259,28842
ML-DSA-44,verify,943,524815,28334
ML-DSA-44,verify,944,524000,28291
ML-DSA-44,verify,945,523740,28276
ML-DSA-44,verify,946,523833,28282
ML-DSA-44,verify,947,523796,28280
ML-DSA-44,verify,948,523796,28280
ML-DSA-44,verify,949,533537,28803
ML-DSA-44,verify,950,524889,28337
ML-DSA-44,verify,951,523852,28283
ML-DSA-44,verify,952,523889,28283
ML-DSA-44,verify,953,523704,28274
ML-DSA-44,verify,954,523870,28283
ML-DSA-44,verify,955,523741,28277
ML-DSA-44,verify,956,523740,28276
ML-DSA-44,verify,957,533963,28826
ML-DSA-44,verify,958,524741,28329
ML-DSA-44,verify,959,523796,28280
ML-DSA-44,verify,960,523796,28279
ML-DSA-44,verify,961,523852,28283
ML-DSA-44,verify,962,523592,28269
ML-DSA-44,verify,963,523815,28281
ML-DSA-44,verify,964,533500,28802
ML-DSA-44,verify,965,524963,28342
ML-DSA-44,verify,966,523907,28286
ML-DSA-44,verify,967,523908,28284
ML-DSA-44,verify,968,523740,28277
ML-DSA-44,verify,969,523796,28279
ML-DSA-44,verify,970,523889,28284
ML-DSA-44,verify,971,523796,28280
ML-DSA-44,verify,972,533611,28807
ML-DSA-44,verify,973,524815,28334
ML-DSA-44,verify,974,523815,28280
ML-DSA-44,verify,975,523889,28285
ML-DSA-44,verify,976,523963,28287
ML-DSA-44,verify,977,523888,28284
ML-DSA-44,verify,978,523797,28279
ML-DSA-44,verify,979,532704,28757
ML-DSA-44,verify,980,525296,28360
ML-DSA-44,verify,981,523741,28277
ML-DSA-44,verify,982,523741,28277
ML-DSA-44,verify,983,523834,28281
ML-DSA-44,verify,984,523722,28275
ML-DSA-44,verify,985,523722,28276
ML-DSA-44,verify,986,523667,28271
ML-DSA-44,verify,987,533481,28801
ML-DSA-44,verify,988,524852,28335
ML-DSA-44,verify,989,523907,28284
ML-DSA-44,verify,990,523704,28274
ML-DSA-44,verify,991,523851,28281
ML-DSA-44,verify,992,523796,28279
ML-DSA-44,verify,993,523889,28284
ML-DSA-44,verify,994,523778,28278
ML-DSA-44,verify,995,532963,28771
ML-DSA-44,verify,996,524723,28329
ML-DSA-44,verify,997,523870,28283
ML-DSA-44,verify,998,523722,28276
ML-DSA-44,verify,999,523741,28277
