algo,op,iter,wall_ns,cycles
ML-DSA-44,keygen,0,486648,26269
ML-DSA-44,keygen,1,461370,24907
ML-DSA-44,keygen,2,484982,26182
ML-DSA-44,keygen,3,461093,24892
ML-DSA-44,keygen,4,463259,25010
ML-DSA-44,keygen,5,462704,24979
ML-DSA-44,keygen,6,464426,25071
ML-DSA-44,keygen,7,460463,24858
ML-DSA-44,keygen,8,460315,24850
ML-DSA-44,keygen,9,461759,24928
ML-DSA-44,keygen,10,460259,24846
ML-DSA-44,keygen,11,477815,25795
ML-DSA-44,keygen,12,461074,24891
ML-DSA-44,keygen,13,460259,24846
ML-DSA-44,keygen,14,464296,25064
ML-DSA-44,keygen,15,460130,24840
ML-DSA-44,keygen,16,461074,24890
ML-DSA-44,keygen,17,460685,24869
ML-DSA-44,keygen,18,459870,24825
ML-DSA-44,keygen,19,470000,25372
ML-DSA-44,keygen,20,462389,24961
ML-DSA-44,keygen,21,461407,24908
ML-DSA-44,keygen,22,461537,24915
ML-DSA-44,keygen,23,460926,24882
ML-DSA-44,keygen,24,460334,24851
ML-DSA-44,keygen,25,460000,24833
ML-DSA-44,keygen,26,461407,24908
ML-DSA-44,keygen,27,461519,24915
ML-DSA-44,keygen,28,480851,25958
ML-DSA-44,keygen,29,462612,24974
ML-DSA-44,keygen,30,461574,24918
ML-DSA-44,keygen,31,461500,24914
ML-DSA-44,keygen,32,456703,24655
ML-DSA-44,keygen,33,458796,24768
ML-DSA-44,keygen,34,460148,24840
ML-DSA-44,keygen,35,458629,24759
ML-DSA-44,keygen,36,474203,25599
ML-DSA-44,keygen,37,462093,24945
ML-DSA-44,keygen,38,456241,24630
ML-DSA-44,keygen,39,456371,24637
ML-DSA-44,keygen,40,462352,24960
ML-DSA-44,keygen,41,461352,24905
ML-DSA-44,keygen,42,462186,24951
ML-DSA-44,keygen,43,460148,24840
ML-DSA-44,keygen,44,462926,24990
ML-DSA-44,keygen,45,479667,25895
ML-DSA-44,keygen,46,463834,25039
ML-DSA-44,keygen,47,462815,24985
ML-DSA-44,keygen,48,456352,24635
ML-DSA-44,keygen,49,461796,24931
ML-DSA-44,keygen,50,461685,24923
ML-DSA-44,keygen,51,460981,24886
ML-DSA-44,keygen,52,461370,24907
ML-DSA-44,keygen,53,467352,25230
ML-DSA-44,keygen,54,458944,24775
ML-DSA-44,keygen,55,463241,25007
ML-DSA-44,keygen,56,457482,24697
ML-DSA-44,keygen,57,460704,24872
ML-DSA-44,keygen,58,460093,24837
ML-DSA-44,keygen,59,459723,24818
ML-DSA-44,keygen,60,461500,24913
ML-DSA-44,keygen,61,459963,24830
ML-DSA-44,keygen,62,474685,25625
ML-DSA-44,keygen,63,462018,24941
ML-DSA-44,keygen,64,462963,24993
ML-DSA-44,keygen,65,460000,24832
ML-DSA-44,keygen,66,461352,24906
ML-DSA-44,keygen,67,457889,24719
ML-DSA-44,keygen,68,459056,24782
ML-DSA-44,keygen,69,458722,24764
ML-DSA-44,keygen,70,458259,24738
ML-DSA-44,keygen,71,470889,25421
ML-DSA-44,keygen,72,461908,24936
ML-DSA-44,keygen,73,459111,24784
ML-DSA-44,keygen,74,457630,24705
ML-DSA-44,keygen,75,461630,24921
ML-DSA-44,keygen,76,460167,24842
ML-DSA-44,keygen,77,463777,25037
ML-DSA-44,keygen,78,461278,24902
ML-DSA-44,keygen,79,472056,25484
ML-DSA-44,keygen,80,464907,25097
ML-DSA-44,keygen,81,465648,25137
ML-DSA-44,keygen,82,461426,24911
ML-DSA-44,keygen,83,461741,24926
ML-DSA-44,keygen,84,459815,24822
ML-DSA-44,keygen,85,463722,25034
ML-DSA-44,keygen,86,460389,24854
ML-DSA-44,keygen,87,459814,24823
ML-DSA-44,keygen,88,470981,25426
ML-DSA-44,keygen,89,458648,24760
ML-DSA-44,keygen,90,458908,24774
ML-DSA-44,keygen,91,462556,24972
ML-DSA-44,keygen,92,460259,24847
ML-DSA-44,keygen,93,458648,24760
ML-DSA-44,keygen,94,461111,24893
ML-DSA-44,keygen,95,459629,24812
ML-DSA-44,keygen,96,471592,25459
ML-DSA-44,keygen,97,461093,24892
ML-DSA-44,keygen,98,464129,25056
ML-DSA-44,keygen,99,462685,24978
ML-DSA-44,keygen,100,457389,24692
ML-DSA-44,keygen,101,461037,24888
ML-DSA-44,keygen,102,459870,24826
ML-DSA-44,keygen,103,458851,24772
ML-DSA-44,keygen,104,461444,24910
ML-DSA-44,keygen,105,470648,25408
ML-DSA-44,keygen,106,462333,24959
ML-DSA-44,keygen,107,464018,25049
ML-DSA-44,keygen,108,461092,24891
ML-DSA-44,keygen,109,461333,24904
ML-DSA-44,keygen,110,459926,24828
ML-DSA-44,keygen,111,459944,24830
ML-DSA-44,keygen,112,462463,24966
ML-DSA-44,keygen,113,461259,24901
ML-DSA-44,keygen,114,474259,25602
ML-DSA-44,keygen,115,463389,25016
ML-DSA-44,keygen,116,458926,24775
ML-DSA-44,keygen,117,460463,24857
ML-DSA-44,keygen,118,462296,24958
ML-DSA-44,keygen,119,462630,24975
ML-DSA-44,keygen,120,462556,24971
ML-DSA-44,keygen,121,459686,24816
ML-DSA-44,keygen,122,473222,25547
ML-DSA-44,keygen,123,466444,25182
ML-DSA-44,keygen,124,458000,24725
ML-DSA-44,keygen,125,458037,24727
ML-DSA-44,keygen,126,460537,24861
ML-DSA-44,keygen,127,462778,24982
ML-DSA-44,keygen,128,465426,25125
ML-DSA-44,keygen,129,462481,24966
ML-DSA-44,keygen,130,461500,24913
ML-DSA-44,keygen,131,469148,25327
ML-DSA-44,keygen,132,462481,24967
ML-DSA-44,keygen,133,458944,24776
ML-DSA-44,keygen,134,458723,24764
ML-DSA-44,keygen,135,459945,24830
ML-DSA-44,keygen,136,461222,24899
ML-DSA-44,keygen,137,460111,24839
ML-DSA-44,keygen,138,458741,24765
ML-DSA-44,keygen,139,471111,25433
ML-DSA-44,keygen,140,460963,24886
ML-DSA-44,keygen,141,457741,24711
ML-DSA-44,keygen,142,461722,24925
ML-DSA-44,keygen,143,461259,24900
ML-DSA-44,keygen,144,460222,24845
ML-DSA-44,keygen,145,460926,24883
ML-DSA-44,keygen,146,459685,24816
ML-DSA-44,keygen,147,462555,24971
ML-DSA-44,keygen,148,473537,25563
ML-DSA-44,keygen,149,462556,24972
ML-DSA-44,keygen,150,460130,24839
ML-DSA-44,keygen,151,462482,24967
ML-DSA-44,keygen,152,461093,24892
ML-DSA-44,keygen,153,458593,24756
ML-DSA-44,keygen,154,458833,24771
ML-DSA-44,keygen,155,461222,24899
ML-DSA-44,keygen,156,472815,25525
ML-DSA-44,keygen,157,460815,24877
ML-DSA-44,keygen,158,463148,25003
ML-DSA-44,keygen,159,461500,24914
ML-DSA-44,keygen,160,460907,24882
ML-DSA-44,keygen,161,459963,24831
ML-DSA-44,keygen,162,459944,24830
ML-DSA-44,keygen,163,461055,24890
ML-DSA-44,keygen,164,459555,24809
ML-DSA-44,keygen,165,472296,25496
ML-DSA-44,keygen,166,462074,24945
ML-DSA-44,keygen,167,460222,24844
ML-DSA-44,keygen,168,462722,24979
ML-DSA-44,keygen,169,458777,24768
ML-DSA-44,keygen,170,461019,24888
ML-DSA-44,keygen,171,461833,24933
ML-DSA-44,keygen,172,459852,24826
ML-DSA-44,keygen,173,456463,24642
ML-DSA-44,keygen,174,469371,25339
ML-DSA-44,keygen,175,459223,24791
ML-DSA-44,keygen,176,459130,24786
ML-DSA-44,keygen,177,460481,24858
ML-DSA-44,keygen,178,460500,24860
ML-DSA-44,keygen,179,461259,24901
ML-DSA-44,keygen,180,460093,24837
ML-DSA-44,keygen,181,457481,24696
ML-DSA-44,keygen,182,474185,25598
ML-DSA-44,keygen,183,462185,24950
ML-DSA-44,keygen,184,461556,24917
ML-DSA-44,keygen,185,459889,24827
ML-DSA-44,keygen,186,458926,24775
ML-DSA-44,keygen,187,459963,24831
ML-DSA-44,keygen,188,458741,24765
ML-DSA-44,keygen,189,461223,24898
ML-DSA-44,keygen,190,457352,24690
ML-DSA-44,keygen,191,469407,25339
ML-DSA-44,keygen,192,459167,24787
ML-DSA-44,keygen,193,461445,24911
ML-DSA-44,keygen,194,462445,24965
ML-DSA-44,keygen,195,458574,24756
ML-DSA-44,keygen,196,459667,24814
ML-DSA-44,keygen,197,460982,24885
ML-DSA-44,keygen,198,458556,24754
ML-DSA-44,keygen,199,474185,25598
ML-DSA-44,keygen,200,460852,24878
ML-DSA-44,keygen,201,461259,24901
ML-DSA-44,keygen,202,457611,24704
ML-DSA-44,keygen,203,461352,24906
ML-DSA-44,keygen,204,462537,24970
ML-DSA-44,keygen,205,460167,24842
ML-DSA-44,keygen,206,461334,24904
ML-DSA-44,keygen,207,460389,24854
ML-DSA-44,keygen,208,470555,25403
ML-DSA-44,keygen,209,458333,24743
ML-DSA-44,keygen,210,462223,24953
ML-DSA-44,keygen,211,462481,24966
ML-DSA-44,keygen,212,459944,24831
ML-DSA-44,keygen,213,458778,24767
ML-DSA-44,keygen,214,462908,24991
ML-DSA-44,keygen,215,462555,24971
ML-DSA-44,keygen,216,461000,24887
ML-DSA-44,keygen,217,463870,25042
ML-DSA-44,keygen,218,462908,24990
ML-DSA-44,keygen,219,460241,24846
ML-DSA-44,keygen,220,462704,24978
ML-DSA-44,keygen,221,462425,24964
ML-DSA-44,keygen,222,458760,24766
ML-DSA-44,keygen,223,462741,24981
ML-DSA-44,keygen,224,462333,24959
ML-DSA-44,keygen,225,469074,25323
ML-DSA-44,keygen,226,460944,24884
ML-DSA-44,keygen,227,458574,24756
ML-DSA-44,keygen,228,464148,25058
ML-DSA-44,keygen,229,459148,24787
ML-DSA-44,keygen,230,457518,24699
ML-DSA-44,keygen,231,459852,24826
ML-DSA-44,keygen,232,462537,24969
ML-DSA-44,keygen,233,459889,24828
ML-DSA-44,keygen,234,474851,25635
ML-DSA-44,keygen,235,462018,24942
ML-DSA-44,keygen,236,457612,24704
ML-DSA-44,keygen,237,462667,24977
ML-DSA-44,keygen,238,461314,24905
ML-DSA-44,keygen,239,459834,24824
ML-DSA-44,keygen,240,461222,24899
ML-DSA-44,keygen,241,463796,25038
ML-DSA-44,keygen,242,473685,25572
ML-DSA-44,keygen,243,459518,24807
ML-DSA-44,keygen,244,463852,25040
ML-DSA-44,keygen,245,459482,24804
ML-DSA-44,keygen,246,457871,24717
ML-DSA-44,keygen,247,462685,24978
ML-DSA-44,keygen,248,463704,25032
ML-DSA-44,keygen,249,461018,24887
ML-DSA-44,keygen,250,456556,24647
ML-DSA-44,keygen,251,472444,25504
ML-DSA-44,keygen,252,460611,24866
ML-DSA-44,keygen,253,456296,24633
ML-DSA-44,keygen,254,462685,24977
ML-DSA-44,keygen,255,459833,24823
ML-DSA-44,keygen,256,462555,24971
ML-DSA-44,keygen,257,461297,24903
ML-DSA-44,keygen,258,457426,24694
ML-DSA-44,keygen,259,470685,25409
ML-DSA-44,keygen,260,458111,24731
ML-DSA-44,keygen,261,464426,25072
ML-DSA-44,keygen,262,458889,24774
ML-DSA-44,keygen,263,459037,24781
ML-DSA-44,keygen,264,458907,24773
ML-DSA-44,keygen,265,463092,24999
ML-DSA-44,keygen,266,462222,24953
ML-DSA-44,keygen,267,459851,24825
ML-DSA-44,keygen,268,469223,25329
ML-DSA-44,keygen,269,459537,24808
ML-DSA-44,keygen,270,463722,25034
ML-DSA-44,keygen,271,461241,24901
ML-DSA-44,keygen,272,460926,24882
ML-DSA-44,keygen,273,462167,24950
ML-DSA-44,keygen,274,457260,24684
ML-DSA-44,keygen,275,462185,24950
ML-DSA-44,keygen,276,458796,24769
ML-DSA-44,keygen,277,469722,25358
ML-DSA-44,keygen,278,459074,24783
ML-DSA-44,keygen,279,459722,24817
ML-DSA-44,keygen,280,462574,24973
ML-DSA-44,keygen,281,461185,24896
ML-DSA-44,keygen,282,457333,24688
ML-DSA-44,keygen,283,462630,24975
ML-DSA-44,keygen,284,459889,24827
ML-DSA-44,keygen,285,475111,25648
ML-DSA-44,keygen,286,461926,24936
ML-DSA-44,keygen,287,462888,24989
ML-DSA-44,keygen,288,460130,24839
ML-DSA-44,keygen,289,461130,24893
ML-DSA-44,keygen,290,461074,24892
ML-DSA-44,keygen,291,461648,24921
ML-DSA-44,keygen,292,461315,24904
ML-DSA-44,keygen,293,459870,24827
ML-DSA-44,keygen,294,472111,25487
ML-DSA-44,keygen,295,459611,24812
ML-DSA-44,keygen,296,460111,24838
ML-DSA-44,keygen,297,458630,24759
ML-DSA-44,keygen,298,462741,24982
ML-DSA-44,keygen,299,461500,24913
ML-DSA-44,keygen,300,462056,24944
ML-DSA-44,keygen,301,459945,24829
ML-DSA-44,keygen,302,472056,25483
ML-DSA-44,keygen,303,457130,24677
ML-DSA-44,keygen,304,460000,24833
ML-DSA-44,keygen,305,459074,24783
ML-DSA-44,keygen,306,462389,24962
ML-DSA-44,keygen,307,459944,24830
ML-DSA-44,keygen,308,460129,24839
ML-DSA-44,keygen,309,456240,24630
ML-DSA-44,keygen,310,461130,24894
ML-DSA-44,keygen,311,476241,25709
ML-DSA-44,keygen,312,464500,25076
ML-DSA-44,keygen,313,457481,24697
ML-DSA-44,keygen,314,461297,24903
ML-DSA-44,keygen,315,462426,24963
ML-DSA-44,keygen,316,721815,38967
ML-DSA-44,keygen,317,470241,25386
ML-DSA-44,keygen,318,459556,24809
ML-DSA-44,keygen,319,490333,26471
ML-DSA-44,keygen,320,458833,24769
ML-DSA-44,keygen,321,459963,24831
ML-DSA-44,keygen,322,461426,24909
ML-DSA-44,keygen,323,461018,24887
ML-DSA-44,keygen,324,459648,24815
ML-DSA-44,keygen,325,459944,24830
ML-DSA-44,keygen,326,459777,24821
ML-DSA-44,keygen,327,474870,25636
ML-DSA-44,keygen,328,463889,25042
ML-DSA-44,keygen,329,461019,24887
ML-DSA-44,keygen,330,462574,24972
ML-DSA-44,keygen,331,458759,24766
ML-DSA-44,keygen,332,461333,24905
ML-DSA-44,keygen,333,459944,24830
ML-DSA-44,keygen,334,460944,24884
ML-DSA-44,keygen,335,459000,24779
ML-DSA-44,keygen,336,472852,25524
ML-DSA-44,keygen,337,460686,24869
ML-DSA-44,keygen,338,459760,24819
ML-DSA-44,keygen,339,460222,24845
ML-DSA-44,keygen,340,460963,24884
ML-DSA-44,keygen,341,459648,24813
ML-DSA-44,keygen,342,458777,24767
ML-DSA-44,keygen,343,459797,24822
ML-DSA-44,keygen,344,462630,24974
ML-DSA-44,keygen,345,475481,25668
ML-DSA-44,keygen,346,457278,24687
ML-DSA-44,keygen,347,461333,24906
ML-DSA-44,keygen,348,460796,24876
ML-DSA-44,keygen,349,463463,25019
ML-DSA-44,keygen,350,458315,24741
ML-DSA-44,keygen,351,458445,24750
ML-DSA-44,keygen,352,458740,24764
ML-DSA-44,keygen,353,500352,27011
ML-DSA-44,keygen,354,463019,24998
ML-DSA-44,keygen,355,459926,24829
ML-DSA-44,keygen,356,457185,24680
ML-DSA-44,keygen,357,460130,24840
ML-DSA-44,keygen,358,460129,24840
ML-DSA-44,keygen,359,458556,24755
ML-DSA-44,keygen,360,457019,24672
ML-DSA-44,keygen,361,461315,24904
ML-DSA-44,keygen,362,469148,25326
ML-DSA-44,keygen,363,460889,24881
ML-DSA-44,keygen,364,460722,24871
ML-DSA-44,keygen,365,461074,24892
ML-DSA-44,keygen,366,459944,24829
ML-DSA-44,keygen,367,459777,24821
ML-DSA-44,keygen,368,460277,24848
ML-DSA-44,keygen,369,458611,24758
ML-DSA-44,keygen,370,470055,25375
ML-DSA-44,keygen,371,460814,24877
ML-DSA-44,keygen,372,464241,25062
ML-DSA-44,keygen,373,457333,24690
ML-DSA-44,keygen,374,459926,24828
ML-DSA-44,keygen,375,459277,24795
ML-DSA-44,keygen,376,461074,24891
ML-DSA-44,keygen,377,459407,24801
ML-DSA-44,keygen,378,457370,24691
ML-DSA-44,keygen,379,474778,25630
ML-DSA-44,keygen,380,459111,24785
ML-DSA-44,keygen,381,461167,24897
ML-DSA-44,keygen,382,459851,24826
ML-DSA-44,keygen,383,460945,24884
ML-DSA-44,keygen,384,460185,24844
ML-DSA-44,keygen,385,460926,24883
ML-DSA-44,keygen,386,457593,24703
ML-DSA-44,keygen,387,469796,25361
ML-DSA-44,keygen,388,460834,24878
ML-DSA-44,keygen,389,458574,24755
ML-DSA-44,keygen,390,458593,24757
ML-DSA-44,keygen,391,460037,24835
ML-DSA-44,keygen,392,462296,24957
ML-DSA-44,keygen,393,459833,24824
ML-DSA-44,keygen,394,460593,24865
ML-DSA-44,keygen,395,463500,25021
ML-DSA-44,keygen,396,472148,25489
ML-DSA-44,keygen,397,461074,24891
ML-DSA-44,keygen,398,461981,24939
ML-DSA-44,keygen,399,455907,24611
ML-DSA-44,keygen,400,462166,24950
ML-DSA-44,keygen,401,459815,24822
ML-DSA-44,keygen,402,459945,24831
ML-DSA-44,keygen,403,461815,24931
ML-DSA-44,keygen,404,462000,24940
ML-DSA-44,keygen,405,472815,25525
ML-DSA-44,keygen,406,461760,24928
ML-DSA-44,keygen,407,461092,24891
ML-DSA-44,keygen,408,461870,24934
ML-DSA-44,keygen,409,459851,24825
ML-DSA-44,keygen,410,461926,24936
ML-DSA-44,keygen,411,461982,24940
ML-DSA-44,keygen,412,458907,24775
ML-DSA-44,keygen,413,473240,25547
ML-DSA-44,keygen,414,463315,25013
ML-DSA-44,keygen,415,461482,24912
ML-DSA-44,keygen,416,458630,24758
ML-DSA-44,keygen,417,461166,24895
ML-DSA-44,keygen,418,458592,24756
ML-DSA-44,keygen,419,462926,24992
ML-DSA-44,keygen,420,462371,24960
ML-DSA-44,keygen,421,463463,25020
ML-DSA-44,keygen,422,469055,25320
ML-DSA-44,keygen,423,460908,24883
ML-DSA-44,keygen,424,461074,24890
ML-DSA-44,keygen,425,458463,24750
ML-DSA-44,keygen,426,459593,24811
ML-DSA-44,keygen,427,457648,24705
ML-DSA-44,keygen,428,459741,24819
ML-DSA-44,keygen,429,460944,24884
ML-DSA-44,keygen,430,468092,25269
ML-DSA-44,keygen,431,462019,24942
ML-DSA-44,keygen,432,459833,24825
ML-DSA-44,keygen,433,460815,24878
ML-DSA-44,keygen,434,458686,24761
ML-DSA-44,keygen,435,459852,24825
ML-DSA-44,keygen,436,462407,24963
ML-DSA-44,keygen,437,460796,24876
ML-DSA-44,keygen,438,457944,24721
ML-DSA-44,keygen,439,472037,25483
ML-DSA-44,keygen,440,455611,24595
ML-DSA-44,keygen,441,460074,24836
ML-DSA-44,keygen,442,461037,24888
ML-DSA-44,keygen,443,458777,24766
ML-DSA-44,keygen,444,459777,24820
ML-DSA-44,keygen,445,463370,25015
ML-DSA-44,keygen,446,460963,24884
ML-DSA-44,keygen,447,460019,24834
ML-DSA-44,keygen,448,474074,25592
ML-DSA-44,keygen,449,461019,24888
ML-DSA-44,keygen,450,457389,24691
ML-DSA-44,keygen,451,459722,24817
ML-DSA-44,keygen,452,463685,25031
ML-DSA-44,keygen,453,459537,24809
ML-DSA-44,keygen,454,459741,24818
ML-DSA-44,keygen,455,461074,24891
ML-DSA-44,keygen,456,475074,25646
ML-DSA-44,keygen,457,460834,24879
ML-DSA-44,keygen,458,457204,24682
ML-DSA-44,keygen,459,459944,24829
ML-DSA-44,keygen,460,459852,24825
ML-DSA-44,keygen,461,458519,24753
ML-DSA-44,keygen,462,461018,24889
ML-DSA-44,keygen,463,463741,25035
ML-DSA-44,keygen,464,462463,24965
ML-DSA-44,keygen,465,471426,25449
ML-DSA-44,keygen,466,459759,24820
ML-DSA-44,keygen,467,457630,24705
ML-DSA-44,keygen,468,458741,24764
ML-DSA-44,keygen,469,456296,24633
ML-DSA-44,keygen,470,459833,24824
ML-DSA-44,keygen,471,462056,24944
ML-DSA-44,keygen,472,461018,24887
ML-DSA-44,keygen,473,472167,25490
ML-DSA-44,keygen,474,458407,24747
ML-DSA-44,keygen,475,457648,24706
ML-DSA-44,keygen,476,459722,24817
ML-DSA-44,keygen,477,460759,24874
ML-DSA-44,keygen,478,459796,24822
ML-DSA-44,keygen,479,460834,24877
ML-DSA-44,keygen,480,461889,24934
ML-DSA-44,keygen,481,458537,24755
ML-DSA-44,keygen,482,471722,25465
ML-DSA-44,keygen,483,459370,24798
ML-DSA-44,keygen,484,458741,24764
ML-DSA-44,keygen,485,462667,24977
ML-DSA-44,keygen,486,462611,24973
ML-DSA-44,keygen,487,461018,24888
ML-DSA-44,keygen,488,461056,24890
ML-DSA-44,keygen,489,463334,25013
ML-DSA-44,keygen,490,471445,25451
ML-DSA-44,keygen,491,458370,24746
ML-DSA-44,keygen,492,460056,24835
ML-DSA-44,keygen,493,458703,24764
ML-DSA-44,keygen,494,457630,24706
ML-DSA-44,keygen,495,458741,24765
ML-DSA-44,keygen,496,461000,24887
ML-DSA-44,keygen,497,463759,25035
ML-DSA-44,keygen,498,459889,24827
ML-DSA-44,keygen,499,470648,25407
ML-DSA-44,keygen,500,462130,24947
ML-DSA-44,keygen,501,458870,24772
ML-DSA-44,keygen,502,463889,25042
ML-DSA-44,keygen,503,460518,24861
ML-DSA-44,keygen,504,459852,24824
ML-DSA-44,keygen,505,460778,24875
ML-DSA-44,keygen,506,464574,25079
ML-DSA-44,keygen,507,456019,24617
ML-DSA-44,keygen,508,470426,25396
ML-DSA-44,keygen,509,458333,24742
ML-DSA-44,keygen,510,463500,25022
ML-DSA-44,keygen,511,461148,24895
ML-DSA-44,keygen,512,458852,24772
ML-DSA-44,keygen,513,460759,24875
ML-DSA-44,keygen,514,461297,24902
ML-DSA-44,keygen,515,459981,24831
ML-DSA-44,keygen,516,468240,25277
ML-DSA-44,keygen,517,458111,24731
ML-DSA-44,keygen,518,460167,24842
ML-DSA-44,keygen,519,459666,24815
ML-DSA-44,keygen,520,460870,24881
ML-DSA-44,keygen,521,462278,24957
ML-DSA-44,keygen,522,459685,24816
ML-DSA-44,keygen,523,460111,24839
ML-DSA-44,keygen,524,459722,24818
ML-DSA-44,keygen,525,470593,25404
ML-DSA-44,keygen,526,460741,24874
ML-DSA-44,keygen,527,459537,24807
ML-DSA-44,keygen,528,460519,24860
ML-DSA-44,keygen,529,458481,24750
ML-DSA-44,keygen,530,462241,24954
ML-DSA-44,keygen,531,459241,24791
ML-DSA-44,keygen,532,460740,24872
ML-DSA-44,keygen,533,470203,25383
ML-DSA-44,keygen,534,460611,24865
ML-DSA-44,keygen,535,461481,24913
ML-DSA-44,keygen,536,458575,24755
ML-DSA-44,keygen,537,458463,24750
ML-DSA-44,keygen,538,459722,24818
ML-DSA-44,keygen,539,463611,25028
ML-DSA-44,keygen,540,457222,24683
ML-DSA-44,keygen,541,457037,24672
ML-DSA-44,keygen,542,474240,25602
ML-DSA-44,keygen,543,460630,24867
ML-DSA-44,keygen,544,462592,24973
ML-DSA-44,keygen,545,459019,24779
ML-DSA-44,keygen,546,461407,24909
ML-DSA-44,keygen,547,457019,24672
ML-DSA-44,keygen,548,461889,24934
ML-DSA-44,keygen,549,460203,24843
ML-DSA-44,keygen,550,459870,24826
ML-DSA-44,keygen,551,468926,25314
ML-DSA-44,keygen,552,461685,24923
ML-DSA-44,keygen,553,458666,24761
ML-DSA-44,keygen,554,459685,24816
ML-DSA-44,keygen,555,463371,25015
ML-DSA-44,keygen,556,462222,24953
ML-DSA-44,keygen,557,459667,24814
ML-DSA-44,keygen,558,460000,24832
ML-DSA-44,keygen,559,471722,25466
ML-DSA-44,keygen,560,459296,24796
ML-DSA-44,keygen,561,458685,24762
ML-DSA-44,keygen,562,459574,24809
ML-DSA-44,keygen,563,459722,24818
ML-DSA-44,keygen,564,462241,24954
ML-DSA-44,keygen,565,459963,24832
ML-DSA-44,keygen,566,458371,24744
ML-DSA-44,keygen,567,462518,24968
ML-DSA-44,keygen,568,468093,25270
ML-DSA-44,keygen,569,465481,25129
ML-DSA-44,keygen,570,462056,24945
ML-DSA-44,keygen,571,459574,24809
ML-DSA-44,keygen,572,460963,24886
ML-DSA-44,keygen,573,459518,24807
ML-DSA-44,keygen,574,462370,24961
ML-DSA-44,keygen,575,458352,24744
ML-DSA-44,keygen,576,477371,25771
ML-DSA-44,keygen,577,463074,24999
ML-DSA-44,keygen,578,461223,24898
ML-DSA-44,keygen,579,460074,24837
ML-DSA-44,keygen,580,457407,24693
ML-DSA-44,keygen,581,458500,24752
ML-DSA-44,keygen,582,458722,24764
ML-DSA-44,keygen,583,458315,24742
ML-DSA-44,keygen,584,463241,25009
ML-DSA-44,keygen,585,468445,25288
ML-DSA-44,keygen,586,461444,24910
ML-DSA-44,keygen,587,462426,24963
ML-DSA-44,keygen,588,458592,24756
ML-DSA-44,keygen,589,458704,24763
ML-DSA-44,keygen,590,459797,24822
ML-DSA-44,keygen,591,464370,25069
ML-DSA-44,keygen,592,460870,24881
ML-DSA-44,keygen,593,460981,24886
ML-DSA-44,keygen,594,471315,25443
ML-DSA-44,keygen,595,463000,24995
ML-DSA-44,keygen,596,461574,24917
ML-DSA-44,keygen,597,461148,24894
ML-DSA-44,keygen,598,462445,24964
ML-DSA-44,keygen,599,460982,24886
ML-DSA-44,keygen,600,459925,24828
ML-DSA-44,keygen,601,458648,24759
ML-DSA-44,keygen,602,470648,25407
ML-DSA-44,keygen,603,462055,24943
ML-DSA-44,keygen,604,462037,24943
ML-DSA-44,keygen,605,462037,24942
ML-DSA-44,keygen,606,459741,24818
ML-DSA-44,keygen,607,459685,24816
ML-DSA-44,keygen,608,459630,24812
ML-DSA-44,keygen,609,460981,24887
ML-DSA-44,keygen,610,455907,24612
ML-DSA-44,keygen,611,471871,25473
ML-DSA-44,keygen,612,460926,24882
ML-DSA-44,keygen,613,457407,24693
ML-DSA-44,keygen,614,462277,24956
ML-DSA-44,keygen,615,461074,24890
ML-DSA-44,keygen,616,457519,24699
ML-DSA-44,keygen,617,461000,24886
ML-DSA-44,keygen,618,460815,24878
ML-DSA-44,keygen,619,471556,25456
ML-DSA-44,keygen,620,459389,24801
ML-DSA-44,keygen,621,459685,24816
ML-DSA-44,keygen,622,459519,24808
ML-DSA-44,keygen,623,461277,24901
ML-DSA-44,keygen,624,459778,24820
ML-DSA-44,keygen,625,459315,24796
ML-DSA-44,keygen,626,462352,24960
ML-DSA-44,keygen,627,463166,25004
ML-DSA-44,keygen,628,468871,25312
ML-DSA-44,keygen,629,459445,24803
ML-DSA-44,keygen,630,458704,24764
ML-DSA-44,keygen,631,460759,24875
ML-DSA-44,keygen,632,459703,24817
ML-DSA-44,keygen,633,457315,24687
ML-DSA-44,keygen,634,459945,24831
ML-DSA-44,keygen,635,459722,24817
ML-DSA-44,keygen,636,459815,24823
ML-DSA-44,keygen,637,469370,25339
ML-DSA-44,keygen,638,460796,24875
ML-DSA-44,keygen,639,459926,24829
ML-DSA-44,keygen,640,458334,24743
ML-DSA-44,keygen,641,459851,24826
ML-DSA-44,keygen,642,462333,24958
ML-DSA-44,keygen,643,459444,24802
ML-DSA-44,keygen,644,463352,25014
ML-DSA-44,keygen,645,472111,25486
ML-DSA-44,keygen,646,463463,25021
ML-DSA-44,keygen,647,461111,24892
ML-DSA-44,keygen,648,458685,24762
ML-DSA-44,keygen,649,462000,24941
ML-DSA-44,keygen,650,462463,24966
ML-DSA-44,keygen,651,457425,24694
ML-DSA-44,keygen,652,461926,24937
ML-DSA-44,keygen,653,459815,24822
ML-DSA-44,keygen,654,470407,25395
ML-DSA-44,keygen,655,459593,24810
ML-DSA-44,keygen,656,460149,24841
ML-DSA-44,keygen,657,458445,24749
ML-DSA-44,keygen,658,461963,24940
ML-DSA-44,keygen,659,462352,24960
ML-DSA-44,keygen,660,460704,24872
ML-DSA-44,keygen,661,460630,24866
ML-DSA-44,keygen,662,467871,25258
ML-DSA-44,keygen,663,462944,24992
ML-DSA-44,keygen,664,459074,24784
ML-DSA-44,keygen,665,463685,25032
ML-DSA-44,keygen,666,459667,24814
ML-DSA-44,keygen,667,460759,24874
ML-DSA-44,keygen,668,464667,25085
ML-DSA-44,keygen,669,459778,24821
ML-DSA-44,keygen,670,459315,24796
ML-DSA-44,keygen,671,471667,25462
ML-DSA-44,keygen,672,461778,24930
ML-DSA-44,keygen,673,459592,24810
ML-DSA-44,keygen,674,459777,24821
ML-DSA-44,keygen,675,457518,24699
ML-DSA-44,keygen,676,462408,24963
ML-DSA-44,keygen,677,457333,24688
ML-DSA-44,keygen,678,459648,24814
ML-DSA-44,keygen,679,468296,25281
ML-DSA-44,keygen,680,463371,25014
ML-DSA-44,keygen,681,464333,25068
ML-DSA-44,keygen,682,460907,24882
ML-DSA-44,keygen,683,460963,24884
ML-DSA-44,keygen,684,461278,24902
ML-DSA-44,keygen,685,462074,24944
ML-DSA-44,keygen,686,463574,25026
ML-DSA-44,keygen,687,460870,24880
ML-DSA-44,keygen,688,470241,25386
ML-DSA-44,keygen,689,459444,24803
ML-DSA-44,keygen,690,457537,24699
ML-DSA-44,keygen,691,459944,24829
ML-DSA-44,keygen,692,461241,24900
ML-DSA-44,keygen,693,458518,24752
ML-DSA-44,keygen,694,457518,24698
ML-DSA-44,keygen,695,460852,24878
ML-DSA-44,keygen,696,459241,24792
ML-DSA-44,keygen,697,473334,25553
ML-DSA-44,keygen,698,461037,24889
ML-DSA-44,keygen,699,461223,24898
ML-DSA-44,keygen,700,455704,24601
ML-DSA-44,keygen,701,459556,24809
ML-DSA-44,keygen,702,460797,24875
ML-DSA-44,keygen,703,459815,24823
ML-DSA-44,keygen,704,461260,24901
ML-DSA-44,keygen,705,471111,25433
ML-DSA-44,keygen,706,462371,24961
ML-DSA-44,keygen,707,462870,24988
ML-DSA-44,keygen,708,457463,24695
ML-DSA-44,keygen,709,459630,24814
ML-DSA-44,keygen,710,459500,24806
ML-DSA-44,keygen,711,460185,24842
ML-DSA-44,keygen,712,458555,24755
ML-DSA-44,keygen,713,459537,24809
ML-DSA-44,keygen,714,470000,25373
ML-DSA-44,keygen,715,462111,24946
ML-DSA-44,keygen,716,460222,24846
ML-DSA-44,keygen,717,459704,24818
ML-DSA-44,keygen,718,457259,24685
ML-DSA-44,keygen,719,461055,24890
ML-DSA-44,keygen,720,460870,24879
ML-DSA-44,keygen,721,462019,24942
ML-DSA-44,keygen,722,471704,25464
ML-DSA-44,keygen,723,458185,24735
ML-DSA-44,keygen,724,462148,24948
ML-DSA-44,keygen,725,459666,24815
ML-DSA-44,keygen,726,463148,25004
ML-DSA-44,keygen,727,459797,24821
ML-DSA-44,keygen,728,460000,24833
ML-DSA-44,keygen,729,459852,24825
ML-DSA-44,keygen,730,460019,24835
ML-DSA-44,keygen,731,471166,25436
ML-DSA-44,keygen,732,459481,24805
ML-DSA-44,keygen,733,459981,24832
ML-DSA-44,keygen,734,461204,24897
ML-DSA-44,keygen,735,460037,24835
ML-DSA-44,keygen,736,461130,24894
ML-DSA-44,keygen,737,459278,24795
ML-DSA-44,keygen,738,456704,24655
ML-DSA-44,keygen,739,458463,24749
ML-DSA-44,keygen,740,471204,25437
ML-DSA-44,keygen,741,459667,24815
ML-DSA-44,keygen,742,462148,24949
ML-DSA-44,keygen,743,459481,24804
ML-DSA-44,keygen,744,461055,24889
ML-DSA-44,keygen,745,463463,25020
ML-DSA-44,keygen,746,462296,24956
ML-DSA-44,keygen,747,460556,24863
ML-DSA-44,keygen,748,473185,25545
ML-DSA-44,keygen,749,459611,24811
ML-DSA-44,keygen,750,460037,24836
ML-DSA-44,keygen,751,460926,24883
ML-DSA-44,keygen,752,458889,24772
ML-DSA-44,keygen,753,459759,24820
ML-DSA-44,keygen,754,458519,24752
ML-DSA-44,keygen,755,461166,24896
ML-DSA-44,keygen,756,459704,24816
ML-DSA-44,keygen,757,469148,25327
ML-DSA-44,keygen,758,462074,24945
ML-DSA-44,keygen,759,463370,25014
ML-DSA-44,keygen,760,457148,24678
ML-DSA-44,keygen,761,460482,24859
ML-DSA-44,keygen,762,459666,24815
ML-DSA-44,keygen,763,462611,24973
ML-DSA-44,keygen,764,457222,24683
ML-DSA-44,keygen,765,470648,25407
ML-DSA-44,keygen,766,464556,25078
ML-DSA-44,keygen,767,456981,24669
ML-DSA-44,keygen,768,462500,24967
ML-DSA-44,keygen,769,459814,24823
ML-DSA-44,keygen,770,457334,24689
ML-DSA-44,keygen,771,463704,25034
ML-DSA-44,keygen,772,459852,24826
ML-DSA-44,keygen,773,458371,24745
ML-DSA-44,keygen,774,471926,25477
ML-DSA-44,keygen,775,464314,25066
ML-DSA-44,keygen,776,461223,24899
ML-DSA-44,keygen,777,461111,24892
ML-DSA-44,keygen,778,459889,24826
ML-DSA-44,keygen,779,460741,24872
ML-DSA-44,keygen,780,459945,24830
ML-DSA-44,keygen,781,460778,24874
ML-DSA-44,keygen,782,457482,24696
ML-DSA-44,keygen,783,471185,25436
ML-DSA-44,keygen,784,461704,24925
ML-DSA-44,keygen,785,458667,24760
ML-DSA-44,keygen,786,458241,24737
ML-DSA-44,keygen,787,462519,24969
ML-DSA-44,keygen,788,460889,24881
ML-DSA-44,keygen,789,460740,24872
ML-DSA-44,keygen,790,460056,24836
ML-DSA-44,keygen,791,470722,25410
ML-DSA-44,keygen,792,458037,24727
ML-DSA-44,keygen,793,459389,24801
ML-DSA-44,keygen,794,461148,24895
ML-DSA-44,keygen,795,462111,24947
ML-DSA-44,keygen,796,461037,24890
ML-DSA-44,keygen,797,461037,24889
ML-DSA-44,keygen,798,458796,24767
ML-DSA-44,keygen,799,457926,24721
ML-DSA-44,keygen,800,472982,25534
ML-DSA-44,keygen,801,459629,24813
ML-DSA-44,keygen,802,462389,24963
ML-DSA-44,keygen,803,459277,24793
ML-DSA-44,keygen,804,462000,24941
ML-DSA-44,keygen,805,458704,24762
ML-DSA-44,keygen,806,463945,25047
ML-DSA-44,keygen,807,463370,25014
ML-DSA-44,keygen,808,474555,25619
ML-DSA-44,keygen,809,463519,25023
ML-DSA-44,keygen,810,458908,24773
ML-DSA-44,keygen,811,458352,24744
ML-DSA-44,keygen,812,459703,24817
ML-DSA-44,keygen,813,459315,24796
ML-DSA-44,keygen,814,457167,24680
ML-DSA-44,keygen,815,462260,24955
ML-DSA-44,keygen,816,459630,24812
ML-DSA-44,keygen,817,470426,25396
ML-DSA-44,keygen,818,463333,25012
ML-DSA-44,keygen,819,458908,24774
ML-DSA-44,keygen,820,458518,24752
ML-DSA-44,keygen,821,459760,24821
ML-DSA-44,keygen,822,458482,24751
ML-DSA-44,keygen,823,462351,24960
ML-DSA-44,keygen,824,462222,24953
ML-DSA-44,keygen,825,469111,25324
ML-DSA-44,keygen,826,462371,24960
ML-DSA-44,keygen,827,459778,24821
ML-DSA-44,keygen,828,457204,24682
ML-DSA-44,keygen,829,459481,24805
ML-DSA-44,keygen,830,460778,24875
ML-DSA-44,keygen,831,462185,24950
ML-DSA-44,keygen,832,459815,24822
ML-DSA-44,keygen,833,463315,25012
ML-DSA-44,keygen,834,471944,25477
ML-DSA-44,keygen,835,458018,24725
ML-DSA-44,keygen,836,463630,25029
ML-DSA-44,keygen,837,459814,24823
ML-DSA-44,keygen,838,459574,24810
ML-DSA-44,keygen,839,461185,24897
ML-DSA-44,keygen,840,463574,25026
ML-DSA-44,keygen,841,457555,24700
ML-DSA-44,keygen,842,462352,24959
ML-DSA-44,keygen,843,479371,25879
ML-DSA-44,keygen,844,463130,25002
ML-DSA-44,keygen,845,462871,24988
ML-DSA-44,keygen,846,462445,24965
ML-DSA-44,keygen,847,458482,24751
ML-DSA-44,keygen,848,458259,24740
ML-DSA-44,keygen,849,457222,24683
ML-DSA-44,keygen,850,459796,24821
ML-DSA-44,keygen,851,469889,25366
ML-DSA-44,keygen,852,459167,24788
ML-DSA-44,keygen,853,458759,24766
ML-DSA-44,keygen,854,458148,24733
ML-DSA-44,keygen,855,459555,24809
ML-DSA-44,keygen,856,462148,24950
ML-DSA-44,keygen,857,462351,24960
ML-DSA-44,keygen,858,458815,24768
ML-DSA-44,keygen,859,458815,24769
ML-DSA-44,keygen,860,471630,25461
ML-DSA-44,keygen,861,463444,25018
ML-DSA-44,keygen,862,460907,24883
ML-DSA-44,keygen,863,459556,24808
ML-DSA-44,keygen,864,459611,24811
ML-DSA-44,keygen,865,459759,24820
ML-DSA-44,keygen,866,457130,24678
ML-DSA-44,keygen,867,458555,24754
ML-DSA-44,keygen,868,468815,25308
ML-DSA-44,keygen,869,460889,24881
ML-DSA-44,keygen,870,463537,25025
ML-DSA-44,keygen,871,458463,24751
ML-DSA-44,keygen,872,462481,24966
ML-DSA-44,keygen,873,460852,24878
ML-DSA-44,keygen,874,458630,24759
ML-DSA-44,keygen,875,459371,24798
ML-DSA-44,keygen,876,459777,24821
ML-DSA-44,keygen,877,470370,25392
ML-DSA-44,keygen,878,460685,24870
ML-DSA-44,keygen,879,457611,24704
ML-DSA-44,keygen,880,461963,24939
ML-DSA-44,keygen,881,461092,24892
ML-DSA-44,keygen,882,461240,24901
ML-DSA-44,keygen,883,457129,24678
ML-DSA-44,keygen,884,463334,25012
ML-DSA-44,keygen,885,458556,24754
ML-DSA-44,keygen,886,469537,25348
ML-DSA-44,keygen,887,461944,24938
ML-DSA-44,keygen,888,459759,24819
ML-DSA-44,keygen,889,462352,24959
ML-DSA-44,keygen,890,461334,24905
ML-DSA-44,keygen,891,458407,24746
ML-DSA-44,keygen,892,461074,24891
ML-DSA-44,keygen,893,459852,24824
ML-DSA-44,keygen,894,470796,25416
ML-DSA-44,keygen,895,463277,25010
ML-DSA-44,keygen,896,456259,24631
ML-DSA-44,keygen,897,460963,24884
ML-DSA-44,keygen,898,459741,24819
ML-DSA-44,keygen,899,459296,24794
ML-DSA-44,keygen,900,460686,24871
ML-DSA-44,keygen,901,463426,25017
ML-DSA-44,keygen,902,463463,25019
ML-DSA-44,keygen,903,473149,25543
ML-DSA-44,keygen,904,458278,24739
ML-DSA-44,keygen,905,463333,25012
ML-DSA-44,keygen,906,459722,24818
ML-DSA-44,keygen,907,460056,24836
ML-DSA-44,keygen,908,459574,24809
ML-DSA-44,keygen,909,461944,24938
ML-DSA-44,keygen,910,460925,24882
ML-DSA-44,keygen,911,469407,25340
ML-DSA-44,keygen,912,459981,24833
ML-DSA-44,keygen,913,460908,24881
ML-DSA-44,keygen,914,457185,24681
ML-DSA-44,keygen,915,461018,24888
ML-DSA-44,keygen,916,462037,24942
ML-DSA-44,keygen,917,458408,24746
ML-DSA-44,keygen,918,463370,25015
ML-DSA-44,keygen,919,459574,24809
ML-DSA-44,keygen,920,471740,25466
ML-DSA-44,keygen,921,463093,24999
ML-DSA-44,keygen,922,462537,24970
ML-DSA-44,keygen,923,459630,24813
ML-DSA-44,keygen,924,460000,24832
ML-DSA-44,keygen,925,460685,24870
ML-DSA-44,keygen,926,458889,24773
ML-DSA-44,keygen,927,461092,24892
ML-DSA-44,keygen,928,460204,24843
ML-DSA-44,keygen,929,469629,25352
ML-DSA-44,keygen,930,460296,24849
ML-DSA-44,keygen,931,460092,24837
ML-DSA-44,keygen,932,460889,24881
ML-DSA-44,keygen,933,458612,24758
ML-DSA-44,keygen,934,459575,24810
ML-DSA-44,keygen,935,458519,24753
ML-DSA-44,keygen,936,460741,24872
ML-DSA-44,keygen,937,471555,25456
ML-DSA-44,keygen,938,463167,25004
ML-DSA-44,keygen,939,457056,24674
ML-DSA-44,keygen,940,457593,24703
ML-DSA-44,keygen,941,459778,24820
ML-DSA-44,keygen,942,458333,24743
ML-DSA-44,keygen,943,460130,24840
ML-DSA-44,keygen,944,458648,24760
ML-DSA-44,keygen,945,460815,24877
ML-DSA-44,keygen,946,472982,25533
ML-DSA-44,keygen,947,460981,24885
ML-DSA-44,keygen,948,459926,24829
ML-DSA-44,keygen,949,459740,24818
ML-DSA-44,keygen,950,457167,24680
ML-DSA-44,keygen,951,462148,24948
ML-DSA-44,keygen,952,459611,24812
ML-DSA-44,keygen,953,463408,25018
ML-DSA-44,keygen,954,469833,25364
ML-DSA-44,keygen,955,461704,24925
ML-DSA-44,keygen,956,461260,24901
ML-DSA-44,keygen,957,461148,24894
ML-DSA-44,keygen,958,462222,24954
ML-DSA-44,keygen,959,460888,24881
ML-DSA-44,keygen,960,460296,24850
ML-DSA-44,keygen,961,459537,24808
ML-DSA-44,keygen,962,461444,24910
ML-DSA-44,keygen,963,471648,25461
ML-DSA-44,keygen,964,465185,25112
ML-DSA-44,keygen,965,457166,24680
ML-DSA-44,keygen,966,464667,25086
ML-DSA-44,keygen,967,461759,24928
ML-DSA-44,keygen,968,461389,24908
ML-DSA-44,keygen,969,462926,24990
ML-DSA-44,keygen,970,462426,24963
ML-DSA-44,keygen,971,471574,25458
ML-DSA-44,keygen,972,463204,25005
ML-DSA-44,keygen,973,457351,24690
ML-DSA-44,keygen,974,458574,24756
ML-DSA-44,keygen,975,460000,24833
ML-DSA-44,keygen,976,461037,24890
ML-DSA-44,keygen,977,457093,24675
ML-DSA-44,keygen,978,457352,24691
ML-DSA-44,keygen,979,458333,24742
ML-DSA-44,keygen,980,469074,25323
ML-DSA-44,keygen,981,460556,24863
ML-DSA-44,keygen,982,460000,24833
ML-DSA-44,keygen,983,457166,24680
ML-DSA-44,keygen,984,459759,24820
ML-DSA-44,keygen,985,462334,24958
ML-DSA-44,keygen,986,459778,24820
ML-DSA-44,keygen,987,461111,24892
ML-DSA-44,keygen,988,458630,24759
ML-DSA-44,keygen,989,473093,25540
ML-DSA-44,keygen,990,460815,24877
ML-DSA-44,keygen,991,462445,24964
ML-DSA-44,keygen,992,463352,25014
ML-DSA-44,keygen,993,460112,24838
ML-DSA-44,keygen,994,460593,24865
ML-DSA-44,keygen,995,461889,24934
ML-DSA-44,keygen,996,459685,24816
ML-DSA-44,keygen,997,472556,25510
ML-DSA-44,keygen,998,460667,24869
ML-DSA-44,keygen,999,459796,24822
ML-DSA-44,sign,0,2111759,114027
ML-DSA-44,sign,1,1527759,82492
ML-DSA-44,sign,2,1524926,82340
ML-DSA-44,sign,3,1053222,56867
ML-DSA-44,sign,4,2006408,108340
ML-DSA-44,sign,5,1534963,82880
ML-DSA-44,sign,6,1044611,56402
ML-DSA-44,sign,7,1043667,56352
ML-DSA-44,sign,8,4903519,264782
ML-DSA-44,sign,9,1535370,82903
ML-DSA-44,sign,10,1044482,56395
ML-DSA-44,sign,11,2015296,108818
ML-DSA-44,sign,12,1045000,56423
ML-DSA-44,sign,13,2006334,108336
ML-DSA-44,sign,14,1534593,82861
ML-DSA-44,sign,15,2006833,108363
ML-DSA-44,sign,16,1540278,83166
ML-DSA-44,sign,17,2488537,134375
ML-DSA-44,sign,18,2497870,134877
ML-DSA-44,sign,19,3941315,212824
ML-DSA-44,sign,20,2007426,108395
ML-DSA-44,sign,21,3459389,186799
ML-DSA-44,sign,22,16591407,895929
ML-DSA-44,sign,23,2979537,160887
ML-DSA-44,sign,24,2498018,134886
ML-DSA-44,sign,25,2969537,160348
ML-DSA-44,sign,26,2978796,160847
ML-DSA-44,sign,27,5874815,317234
ML-DSA-44,sign,28,2007074,108376
ML-DSA-44,sign,29,1043962,56368
ML-DSA-44,sign,30,5872685,317118
ML-DSA-44,sign,31,2980075,160916
ML-DSA-44,sign,32,5866981,316810
ML-DSA-44,sign,33,2979259,160873
ML-DSA-44,sign,34,1525685,82380
ML-DSA-44,sign,35,1053334,56872
ML-DSA-44,sign,36,2488648,134380
ML-DSA-44,sign,37,2979592,160891
ML-DSA-44,sign,38,2497574,134862
ML-DSA-44,sign,39,2007722,108410
ML-DSA-44,sign,40,6836648,369171
ML-DSA-44,sign,41,4903796,264798
ML-DSA-44,sign,42,1044796,56413
ML-DSA-44,sign,43,1044204,56381
ML-DSA-44,sign,44,1535241,82896
ML-DSA-44,sign,45,5866315,316772
ML-DSA-44,sign,46,3460518,186860
ML-DSA-44,sign,47,1534908,82877
ML-DSA-44,sign,48,3941981,212860
ML-DSA-44,sign,49,1044703,56407
ML-DSA-44,sign,50,2487371,134311
ML-DSA-44,sign,51,1053445,56879
ML-DSA-44,sign,52,2488389,134367
ML-DSA-44,sign,53,2015889,108850
ML-DSA-44,sign,54,1525556,82373
ML-DSA-44,sign,55,8285408,447404
ML-DSA-44,sign,56,1262444,68148
ML-DSA-44,sign,57,2014759,108792
ML-DSA-44,sign,58,2982444,161044
ML-DSA-44,sign,59,6838889,369291
ML-DSA-44,sign,60,2489167,134409
ML-DSA-44,sign,61,4904852,264854
ML-DSA-44,sign,62,6837185,369201
ML-DSA-44,sign,63,6355204,343173
ML-DSA-44,sign,64,1045241,56437
ML-DSA-44,sign,65,1043796,56359
ML-DSA-44,sign,66,8761760,473127
ML-DSA-44,sign,67,2497685,134868
ML-DSA-44,sign,68,3460482,186858
ML-DSA-44,sign,69,5386796,290881
ML-DSA-44,sign,70,3942444,212885
ML-DSA-44,sign,71,2017241,108924
ML-DSA-44,sign,72,2979407,160881
ML-DSA-44,sign,73,1045056,56426
ML-DSA-44,sign,74,1044019,56371
ML-DSA-44,sign,75,1044000,56370
ML-DSA-44,sign,76,2979130,160866
ML-DSA-44,sign,77,4423204,238846
ML-DSA-44,sign,78,5392686,291199
ML-DSA-44,sign,79,1526296,82413
ML-DSA-44,sign,80,3460593,186865
ML-DSA-44,sign,81,6837204,369200
ML-DSA-44,sign,82,1060574,57264
ML-DSA-44,sign,83,2007222,108382
ML-DSA-44,sign,84,1535612,82915
ML-DSA-44,sign,85,1045148,56430
ML-DSA-44,sign,86,1044685,56406
ML-DSA-44,sign,87,1535315,82899
ML-DSA-44,sign,88,1044666,56406
ML-DSA-44,sign,89,3460222,186845
ML-DSA-44,sign,90,3942333,212877
ML-DSA-44,sign,91,1049204,56651
ML-DSA-44,sign,92,1044333,56387
ML-DSA-44,sign,93,3460833,186878
ML-DSA-44,sign,94,4913259,265307
ML-DSA-44,sign,95,1055445,56987
ML-DSA-44,sign,96,4906056,264921
ML-DSA-44,sign,97,1045185,56433
ML-DSA-44,sign,98,2016370,108876
ML-DSA-44,sign,99,2488630,134379
ML-DSA-44,sign,100,2497260,134845
ML-DSA-44,sign,101,1044796,56412
ML-DSA-44,sign,102,3572334,192898
ML-DSA-44,sign,103,1045203,56434
ML-DSA-44,sign,104,1534518,82857
ML-DSA-44,sign,105,1045167,56432
ML-DSA-44,sign,106,1524815,82333
ML-DSA-44,sign,107,1535315,82899
ML-DSA-44,sign,108,1044870,56416
ML-DSA-44,sign,109,1044019,56371
ML-DSA-44,sign,110,2497630,134864
ML-DSA-44,sign,111,4905148,264870
ML-DSA-44,sign,112,1052629,56836
ML-DSA-44,sign,113,1535278,82898
ML-DSA-44,sign,114,3461297,186904
ML-DSA-44,sign,115,6348760,342826
ML-DSA-44,sign,116,1044352,56388
ML-DSA-44,sign,117,1534778,82870
ML-DSA-44,sign,118,2128074,114898
ML-DSA-44,sign,119,2026037,109399
ML-DSA-44,sign,120,1044926,56420
ML-DSA-44,sign,121,4904407,264830
ML-DSA-44,sign,122,2017334,108929
ML-DSA-44,sign,123,1044944,56419
ML-DSA-44,sign,124,1043722,56355
ML-DSA-44,sign,125,2978352,160823
ML-DSA-44,sign,126,2979685,160897
ML-DSA-44,sign,127,1044852,56416
ML-DSA-44,sign,128,4903204,264766
ML-DSA-44,sign,129,1537463,83014
ML-DSA-44,sign,130,2488315,134362
ML-DSA-44,sign,131,2497926,134881
ML-DSA-44,sign,132,6837259,369205
ML-DSA-44,sign,133,4905852,264908
ML-DSA-44,sign,134,1045333,56441
ML-DSA-44,sign,135,1043926,56366
ML-DSA-44,sign,136,1052945,56852
ML-DSA-44,sign,137,2969852,160365
ML-DSA-44,sign,138,2015833,108847
ML-DSA-44,sign,139,1044463,56394
ML-DSA-44,sign,140,1534593,82860
ML-DSA-44,sign,141,7791667,420744
ML-DSA-44,sign,142,2017574,108941
ML-DSA-44,sign,143,3460537,186861
ML-DSA-44,sign,144,9250889,499540
ML-DSA-44,sign,145,16477074,889756
ML-DSA-44,sign,146,7318704,395204
ML-DSA-44,sign,147,1045000,56423
ML-DSA-44,sign,148,2496667,134814
ML-DSA-44,sign,149,3460629,186867
ML-DSA-44,sign,150,1044944,56420
ML-DSA-44,sign,151,1534926,82879
ML-DSA-44,sign,152,2007314,108388
ML-DSA-44,sign,153,2497574,134863
ML-DSA-44,sign,154,1045185,56433
ML-DSA-44,sign,155,1524871,82336
ML-DSA-44,sign,156,4421926,238776
ML-DSA-44,sign,157,3941241,212819
ML-DSA-44,sign,158,3459685,186816
ML-DSA-44,sign,159,2979889,160907
ML-DSA-44,sign,160,1045074,56427
ML-DSA-44,sign,161,2979537,160887
ML-DSA-44,sign,162,2498685,134922
ML-DSA-44,sign,163,1525445,82368
ML-DSA-44,sign,164,1043759,56355
ML-DSA-44,sign,165,5393074,291219
ML-DSA-44,sign,166,1045000,56424
ML-DSA-44,sign,167,1043759,56356
ML-DSA-44,sign,168,2016648,108891
ML-DSA-44,sign,169,2488426,134369
ML-DSA-44,sign,170,1535223,82894
ML-DSA-44,sign,171,2488426,134369
ML-DSA-44,sign,172,5023408,271257
ML-DSA-44,sign,173,1045148,56431
ML-DSA-44,sign,174,1525018,82344
ML-DSA-44,sign,175,1534870,82876
ML-DSA-44,sign,176,1044814,56414
ML-DSA-44,sign,177,2006297,108334
ML-DSA-44,sign,178,1054555,56938
ML-DSA-44,sign,179,2006907,108367
ML-DSA-44,sign,180,2016074,108860
ML-DSA-44,sign,181,1525778,82385
ML-DSA-44,sign,182,1524463,82315
ML-DSA-44,sign,183,1534259,82842
ML-DSA-44,sign,184,5384981,290780
ML-DSA-44,sign,185,6838297,369261
ML-DSA-44,sign,186,3466055,187158
ML-DSA-44,sign,187,2969778,160361
ML-DSA-44,sign,188,2978185,160815
ML-DSA-44,sign,189,1044500,56397
ML-DSA-44,sign,190,1052907,56850
ML-DSA-44,sign,191,2007055,108374
ML-DSA-44,sign,192,1534907,82878
ML-DSA-44,sign,193,3449963,186292
ML-DSA-44,sign,194,9279629,501093
ML-DSA-44,sign,195,1527593,82484
ML-DSA-44,sign,196,6356777,343259
ML-DSA-44,sign,197,1045241,56437
ML-DSA-44,sign,198,1525056,82345
ML-DSA-44,sign,199,1053241,56869
ML-DSA-44,sign,200,2488259,134360
ML-DSA-44,sign,201,7429538,401187
ML-DSA-44,sign,202,1535537,82911
ML-DSA-44,sign,203,2488315,134363
ML-DSA-44,sign,204,2016056,108860
ML-DSA-44,sign,205,1526334,82415
ML-DSA-44,sign,206,1043500,56343
ML-DSA-44,sign,207,3459426,186801
ML-DSA-44,sign,208,1535389,82903
ML-DSA-44,sign,209,2007463,108397
ML-DSA-44,sign,210,2015203,108813
ML-DSA-44,sign,211,3082241,166435
ML-DSA-44,sign,212,4910296,265149
ML-DSA-44,sign,213,2490833,134497
ML-DSA-44,sign,214,17605426,950686
ML-DSA-44,sign,215,3946778,213118
ML-DSA-44,sign,216,6833814,369018
ML-DSA-44,sign,217,1055074,56967
ML-DSA-44,sign,218,2007759,108413
ML-DSA-44,sign,219,2015870,108848
ML-DSA-44,sign,220,2488667,134380
ML-DSA-44,sign,221,1534574,82859
ML-DSA-44,sign,222,4422722,238821
ML-DSA-44,sign,223,2969685,160356
ML-DSA-44,sign,224,1053759,56894
ML-DSA-44,sign,225,1044815,56414
ML-DSA-44,sign,226,9730204,525422
ML-DSA-44,sign,227,1535740,82922
ML-DSA-44,sign,228,2488352,134365
ML-DSA-44,sign,229,4910777,265175
ML-DSA-44,sign,230,2007148,108380
ML-DSA-44,sign,231,4904018,264808
ML-DSA-44,sign,232,1535463,82907
ML-DSA-44,sign,233,1044593,56401
ML-DSA-44,sign,234,1044055,56373
ML-DSA-44,sign,235,1053482,56880
ML-DSA-44,sign,236,1044871,56416
ML-DSA-44,sign,237,5016334,270875
ML-DSA-44,sign,238,1525463,82369
ML-DSA-44,sign,239,1053222,56867
ML-DSA-44,sign,240,2007334,108389
ML-DSA-44,sign,241,1043777,56358
ML-DSA-44,sign,242,1053723,56895
ML-DSA-44,sign,243,2007166,108380
ML-DSA-44,sign,244,4903945,264805
ML-DSA-44,sign,245,3460926,186879
ML-DSA-44,sign,246,3461592,186919
ML-DSA-44,sign,247,3461204,186899
ML-DSA-44,sign,248,3942481,212885
ML-DSA-44,sign,249,1526185,82407
ML-DSA-44,sign,250,1534908,82877
ML-DSA-44,sign,251,1044592,56401
ML-DSA-44,sign,252,1525204,82355
ML-DSA-44,sign,253,1053037,56857
ML-DSA-44,sign,254,1044871,56417
ML-DSA-44,sign,255,2978852,160850
ML-DSA-44,sign,256,5867444,316834
ML-DSA-44,sign,257,2498630,134920
ML-DSA-44,sign,258,9243352,499133
ML-DSA-44,sign,259,3941963,212858
ML-DSA-44,sign,260,1045000,56423
ML-DSA-44,sign,261,5873500,317162
ML-DSA-44,sign,262,2979074,160862
ML-DSA-44,sign,263,2488333,134364
ML-DSA-44,sign,264,1044315,56387
ML-DSA-44,sign,265,2015314,108820
ML-DSA-44,sign,266,2980296,160928
ML-DSA-44,sign,267,2488555,134374
ML-DSA-44,sign,268,1535981,82932
ML-DSA-44,sign,269,3460555,186862
ML-DSA-44,sign,270,1525611,82377
ML-DSA-44,sign,271,3466019,187150
ML-DSA-44,sign,272,2007408,108394
ML-DSA-44,sign,273,6466722,349197
ML-DSA-44,sign,274,1044333,56388
ML-DSA-44,sign,275,3460630,186868
ML-DSA-44,sign,276,1525981,82396
ML-DSA-44,sign,277,2496759,134817
ML-DSA-44,sign,278,1044741,56408
ML-DSA-44,sign,279,1534611,82861
ML-DSA-44,sign,280,4905074,264866
ML-DSA-44,sign,281,8280167,447122
ML-DSA-44,sign,282,2017148,108919
ML-DSA-44,sign,283,1044907,56419
ML-DSA-44,sign,284,1524908,82338
ML-DSA-44,sign,285,2978278,160820
ML-DSA-44,sign,286,3942019,212862
ML-DSA-44,sign,287,2007352,108391
ML-DSA-44,sign,288,1053389,56877
ML-DSA-44,sign,289,1525944,82394
ML-DSA-44,sign,290,1524925,82339
ML-DSA-44,sign,291,2977555,160781
ML-DSA-44,sign,292,2498278,134900
ML-DSA-44,sign,293,4424018,238891
ML-DSA-44,sign,294,2008463,108450
ML-DSA-44,sign,295,9249278,499455
ML-DSA-44,sign,296,3942129,212868
ML-DSA-44,sign,297,2488297,134362
ML-DSA-44,sign,298,1534555,82858
ML-DSA-44,sign,299,5385537,290810
ML-DSA-44,sign,300,4423648,238869
ML-DSA-44,sign,301,6355945,343211
ML-DSA-44,sign,302,2979704,160896
ML-DSA-44,sign,303,5385703,290821
ML-DSA-44,sign,304,2979352,160877
ML-DSA-44,sign,305,1044814,56413
ML-DSA-44,sign,306,2978555,160835
ML-DSA-44,sign,307,1526186,82407
ML-DSA-44,sign,308,2016370,108876
ML-DSA-44,sign,309,1045019,56424
ML-DSA-44,sign,310,5865555,316733
ML-DSA-44,sign,311,5511834,297631
ML-DSA-44,sign,312,2007907,108421
ML-DSA-44,sign,313,1534945,82879
ML-DSA-44,sign,314,2969722,160358
ML-DSA-44,sign,315,3461074,186890
ML-DSA-44,sign,316,2017666,108947
ML-DSA-44,sign,317,1526296,82413
ML-DSA-44,sign,318,1043888,56364
ML-DSA-44,sign,319,2016148,108864
ML-DSA-44,sign,320,7799630,421172
ML-DSA-44,sign,321,2969537,160347
ML-DSA-44,sign,322,1535407,82905
ML-DSA-44,sign,323,1525075,82348
ML-DSA-44,sign,324,1535222,82894
ML-DSA-44,sign,325,2007426,108394
ML-DSA-44,sign,326,1534796,82872
ML-DSA-44,sign,327,1044796,56413
ML-DSA-44,sign,328,1524556,82320
ML-DSA-44,sign,329,1043667,56351
ML-DSA-44,sign,330,1052834,56846
ML-DSA-44,sign,331,1525945,82394
ML-DSA-44,sign,332,2978407,160826
ML-DSA-44,sign,333,3460796,186875
ML-DSA-44,sign,334,1044814,56413
ML-DSA-44,sign,335,1047760,56572
ML-DSA-44,sign,336,2980333,160930
ML-DSA-44,sign,337,1044834,56414
ML-DSA-44,sign,338,3941703,212845
ML-DSA-44,sign,339,3942833,212904
ML-DSA-44,sign,340,2498407,134906
ML-DSA-44,sign,341,2488278,134360
ML-DSA-44,sign,342,5874630,317223
ML-DSA-44,sign,343,2497556,134861
ML-DSA-44,sign,344,2969463,160343
ML-DSA-44,sign,345,2016129,108864
ML-DSA-44,sign,346,3461611,186920
ML-DSA-44,sign,347,3460593,186864
ML-DSA-44,sign,348,1525926,82393
ML-DSA-44,sign,349,5384333,290748
ML-DSA-44,sign,350,5874814,317232
ML-DSA-44,sign,351,1044686,56406
ML-DSA-44,sign,352,1043629,56350
ML-DSA-44,sign,353,2017389,108931
ML-DSA-44,sign,354,1525519,82372
ML-DSA-44,sign,355,1534852,82874
ML-DSA-44,sign,356,2488148,134353
ML-DSA-44,sign,357,2497944,134883
ML-DSA-44,sign,358,1525648,82377
ML-DSA-44,sign,359,1043796,56358
ML-DSA-44,sign,360,1052963,56854
ML-DSA-44,sign,361,6834055,369031
ML-DSA-44,sign,362,1536888,82986
ML-DSA-44,sign,363,1526241,82411
ML-DSA-44,sign,364,3941389,212828
ML-DSA-44,sign,365,1045222,56435
ML-DSA-44,sign,366,1534315,82845
ML-DSA-44,sign,367,2979167,160868
ML-DSA-44,sign,368,1045463,56448
ML-DSA-44,sign,369,1524741,82329
ML-DSA-44,sign,370,6356185,343227
ML-DSA-44,sign,371,3942240,212873
ML-DSA-44,sign,372,1526148,82405
ML-DSA-44,sign,373,1535093,82888
ML-DSA-44,sign,374,1525908,82393
ML-DSA-44,sign,375,4422796,238823
ML-DSA-44,sign,376,2498630,134919
ML-DSA-44,sign,377,2969907,160368
ML-DSA-44,sign,378,5873777,317178
ML-DSA-44,sign,379,4424000,238889
ML-DSA-44,sign,380,2979611,160892
ML-DSA-44,sign,381,3459686,186815
ML-DSA-44,sign,382,1526649,82432
ML-DSA-44,sign,383,1044222,56382
ML-DSA-44,sign,384,1044000,56369
ML-DSA-44,sign,385,3458834,186770
ML-DSA-44,sign,386,4422204,238791
ML-DSA-44,sign,387,1054222,56921
ML-DSA-44,sign,388,1044667,56406
ML-DSA-44,sign,389,1525111,82349
ML-DSA-44,sign,390,2015333,108821
ML-DSA-44,sign,391,4423371,238856
ML-DSA-44,sign,392,1525982,82396
ML-DSA-44,sign,393,1053018,56855
ML-DSA-44,sign,394,5867333,316828
ML-DSA-44,sign,395,3942334,212878
ML-DSA-44,sign,396,2979482,160885
ML-DSA-44,sign,397,2006741,108357
ML-DSA-44,sign,398,3459667,186814
ML-DSA-44,sign,399,1535963,82935
ML-DSA-44,sign,400,4422833,238826
ML-DSA-44,sign,401,2006925,108366
ML-DSA-44,sign,402,3459630,186812
ML-DSA-44,sign,403,2016278,108871
ML-DSA-44,sign,404,2488907,134393
ML-DSA-44,sign,405,1043870,56362
ML-DSA-44,sign,406,8292203,447770
ML-DSA-44,sign,407,4905018,264863
ML-DSA-44,sign,408,3942185,212869
ML-DSA-44,sign,409,2969352,160339
ML-DSA-44,sign,410,3940185,212762
ML-DSA-44,sign,411,3941074,212811
ML-DSA-44,sign,412,1535426,82905
ML-DSA-44,sign,413,2978963,160856
ML-DSA-44,sign,414,1526296,82413
ML-DSA-44,sign,415,1043871,56362
ML-DSA-44,sign,416,2016925,108907
ML-DSA-44,sign,417,1526111,82404
ML-DSA-44,sign,418,5385555,290810
ML-DSA-44,sign,419,8289334,447616
ML-DSA-44,sign,420,1526278,82412
ML-DSA-44,sign,421,1524908,82338
ML-DSA-44,sign,422,1053148,56862
ML-DSA-44,sign,423,1044888,56417
ML-DSA-44,sign,424,4903926,264803
ML-DSA-44,sign,425,2498223,134897
ML-DSA-44,sign,426,3942000,212861
ML-DSA-44,sign,427,1044815,56414
ML-DSA-44,sign,428,1043889,56363
ML-DSA-44,sign,429,2016426,108881
ML-DSA-44,sign,430,1045074,56427
ML-DSA-44,sign,431,2496537,134805
ML-DSA-44,sign,432,1525407,82366
ML-DSA-44,sign,433,1044111,56375
ML-DSA-44,sign,434,3942222,212872
ML-DSA-44,sign,435,6355722,343203
ML-DSA-44,sign,436,1044555,56400
ML-DSA-44,sign,437,5873759,317175
ML-DSA-44,sign,438,2969259,160332
ML-DSA-44,sign,439,1053352,56874
ML-DSA-44,sign,440,2007556,108402
ML-DSA-44,sign,441,2497593,134862
ML-DSA-44,sign,442,2969203,160331
ML-DSA-44,sign,443,3940370,212774
ML-DSA-44,sign,444,3460556,186864
ML-DSA-44,sign,445,1054686,56945
ML-DSA-44,sign,446,1045111,56430
ML-DSA-44,sign,447,1524666,82326
ML-DSA-44,sign,448,6354482,343135
ML-DSA-44,sign,449,1525982,82396
ML-DSA-44,sign,450,5397612,291463
ML-DSA-44,sign,451,1526629,82432
ML-DSA-44,sign,452,2978667,160840
ML-DSA-44,sign,453,2007241,108385
ML-DSA-44,sign,454,1535278,82898
ML-DSA-44,sign,455,2488685,134381
ML-DSA-44,sign,456,4904463,264833
ML-DSA-44,sign,457,3463796,187038
ML-DSA-44,sign,458,1536000,82937
ML-DSA-44,sign,459,1044815,56413
ML-DSA-44,sign,460,2978982,160857
ML-DSA-44,sign,461,5386167,290845
ML-DSA-44,sign,462,3461963,186938
ML-DSA-44,sign,463,1044667,56405
ML-DSA-44,sign,464,1043537,56345
ML-DSA-44,sign,465,7316926,395107
ML-DSA-44,sign,466,7436074,401540
ML-DSA-44,sign,467,4904629,264844
ML-DSA-44,sign,468,5491148,296511
ML-DSA-44,sign,469,1047908,56580
ML-DSA-44,sign,470,2497445,134852
ML-DSA-44,sign,471,1525944,82393
ML-DSA-44,sign,472,2006426,108340
ML-DSA-44,sign,473,2496796,134820
ML-DSA-44,sign,474,3941815,212851
ML-DSA-44,sign,475,2498778,134927
ML-DSA-44,sign,476,7318408,395188
ML-DSA-44,sign,477,1525926,82394
ML-DSA-44,sign,478,6347000,342730
ML-DSA-44,sign,479,1054685,56945
ML-DSA-44,sign,480,2488093,134351
ML-DSA-44,sign,481,1053334,56872
ML-DSA-44,sign,482,3459778,186821
ML-DSA-44,sign,483,1045649,56458
ML-DSA-44,sign,484,5865870,316750
ML-DSA-44,sign,485,1536148,82944
ML-DSA-44,sign,486,1525592,82376
ML-DSA-44,sign,487,2016352,108877
ML-DSA-44,sign,488,5867371,316829
ML-DSA-44,sign,489,1044667,56405
ML-DSA-44,sign,490,1043981,56368
ML-DSA-44,sign,491,2022222,109194
ML-DSA-44,sign,492,2016241,108870
ML-DSA-44,sign,493,2007075,108377
ML-DSA-44,sign,494,1043851,56362
ML-DSA-44,sign,495,2016611,108891
ML-DSA-44,sign,496,2007112,108377
ML-DSA-44,sign,497,3941167,212817
ML-DSA-44,sign,498,2499000,134938
ML-DSA-44,sign,499,1045296,56440
ML-DSA-44,sign,500,1535388,82904
ML-DSA-44,sign,501,2488444,134370
ML-DSA-44,sign,502,1043537,56344
ML-DSA-44,sign,503,2978111,160810
ML-DSA-44,sign,504,1044167,56378
ML-DSA-44,sign,505,2016296,108873
ML-DSA-44,sign,506,2979148,160867
ML-DSA-44,sign,507,2007167,108380
ML-DSA-44,sign,508,1534537,82858
ML-DSA-44,sign,509,5385500,290811
ML-DSA-44,sign,510,1526426,82420
ML-DSA-44,sign,511,1053130,56862
ML-DSA-44,sign,512,3451185,186356
ML-DSA-44,sign,513,4429111,239164
ML-DSA-44,sign,514,1526260,82412
ML-DSA-44,sign,515,3459277,186794
ML-DSA-44,sign,516,10206667,551153
ML-DSA-44,sign,517,4911352,265206
ML-DSA-44,sign,518,2006833,108361
ML-DSA-44,sign,519,1043371,56335
ML-DSA-44,sign,520,1534555,82859
ML-DSA-44,sign,521,1525740,82383
ML-DSA-44,sign,522,1043667,56352
ML-DSA-44,sign,523,1534611,82861
ML-DSA-44,sign,524,1044445,56394
ML-DSA-44,sign,525,4533685,244810
ML-DSA-44,sign,526,2979000,160859
ML-DSA-44,sign,527,2978703,160843
ML-DSA-44,sign,528,1044241,56381
ML-DSA-44,sign,529,1043296,56331
ML-DSA-44,sign,530,2497592,134863
ML-DSA-44,sign,531,1044185,56379
ML-DSA-44,sign,532,3459204,186791
ML-DSA-44,sign,533,5384686,290766
ML-DSA-44,sign,534,3460389,186853
ML-DSA-44,sign,535,1044926,56419
ML-DSA-44,sign,536,5391056,291110
ML-DSA-44,sign,537,2488000,134344
ML-DSA-44,sign,538,4914741,265388
ML-DSA-44,sign,539,3941148,212814
ML-DSA-44,sign,540,1525611,82377
ML-DSA-44,sign,541,2005963,108316
ML-DSA-44,sign,542,6834462,369055
ML-DSA-44,sign,543,1535463,82907
ML-DSA-44,sign,544,2487870,134338
ML-DSA-44,sign,545,1534278,82844
ML-DSA-44,sign,546,1044834,56414
ML-DSA-44,sign,547,1043315,56332
ML-DSA-44,sign,548,2496945,134827
ML-DSA-44,sign,549,9241259,499022
ML-DSA-44,sign,550,1044796,56412
ML-DSA-44,sign,551,2496518,134806
ML-DSA-44,sign,552,3460704,186870
ML-DSA-44,sign,553,3941555,212837
ML-DSA-44,sign,554,2006444,108341
ML-DSA-44,sign,555,1535278,82898
ML-DSA-44,sign,556,2488111,134352
ML-DSA-44,sign,557,1078759,58244
ML-DSA-44,sign,558,1045815,56467
ML-DSA-44,sign,559,1043741,56356
ML-DSA-44,sign,560,2015889,108850
ML-DSA-44,sign,561,7308556,394656
ML-DSA-44,sign,562,1054074,56912
ML-DSA-44,sign,563,1044519,56398
ML-DSA-44,sign,564,2496907,134826
ML-DSA-44,sign,565,2007037,108372
ML-DSA-44,sign,566,1524315,82306
ML-DSA-44,sign,567,2496500,134805
ML-DSA-44,sign,568,1044870,56415
ML-DSA-44,sign,569,1052703,56839
ML-DSA-44,sign,570,3449797,186282
ML-DSA-44,sign,571,1053111,56862
ML-DSA-44,sign,572,1044445,56392
ML-DSA-44,sign,573,1524592,82321
ML-DSA-44,sign,574,1533593,82805
ML-DSA-44,sign,575,1044426,56392
ML-DSA-44,sign,576,2497722,134870
ML-DSA-44,sign,577,1044537,56399
ML-DSA-44,sign,578,2006093,108321
ML-DSA-44,sign,579,1537686,83029
ML-DSA-44,sign,580,3942185,212871
ML-DSA-44,sign,581,1525926,82393
ML-DSA-44,sign,582,4421723,238766
ML-DSA-44,sign,583,3941907,212856
ML-DSA-44,sign,584,5873537,317164
ML-DSA-44,sign,585,1525981,82396
ML-DSA-44,sign,586,1524407,82311
ML-DSA-44,sign,587,1534407,82851
ML-DSA-44,sign,588,2488037,134347
ML-DSA-44,sign,589,1526240,82411
ML-DSA-44,sign,590,3465000,187101
ML-DSA-44,sign,591,2488055,134349
ML-DSA-44,sign,592,1053074,56860
ML-DSA-44,sign,593,5384204,290738
ML-DSA-44,sign,594,1044814,56413
ML-DSA-44,sign,595,4902648,264735
ML-DSA-44,sign,596,10210407,551356
ML-DSA-44,sign,597,2979741,160899
ML-DSA-44,sign,598,2006482,108343
ML-DSA-44,sign,599,2978704,160842
ML-DSA-44,sign,600,3460741,186872
ML-DSA-44,sign,601,1526500,82424
ML-DSA-44,sign,602,1053185,56865
ML-DSA-44,sign,603,2487778,134334
ML-DSA-44,sign,604,1534796,82872
ML-DSA-44,sign,605,1044667,56406
ML-DSA-44,sign,606,6346278,342691
ML-DSA-44,sign,607,1054093,56915
ML-DSA-44,sign,608,2969129,160325
ML-DSA-44,sign,609,1053167,56863
ML-DSA-44,sign,610,3940944,212804
ML-DSA-44,sign,611,7309333,394696
ML-DSA-44,sign,612,13106055,707720
ML-DSA-44,sign,613,2488055,134347
ML-DSA-44,sign,614,1052871,56847
ML-DSA-44,sign,615,1525667,82380
ML-DSA-44,sign,616,4902741,264740
ML-DSA-44,sign,617,2979259,160871
ML-DSA-44,sign,618,2979278,160874
ML-DSA-44,sign,619,2007111,108378
ML-DSA-44,sign,620,2015796,108846
ML-DSA-44,sign,621,2969056,160322
ML-DSA-44,sign,622,3940815,212798
ML-DSA-44,sign,623,1534408,82850
ML-DSA-44,sign,624,3941555,212836
ML-DSA-44,sign,625,4903259,264769
ML-DSA-44,sign,626,1044796,56413
ML-DSA-44,sign,627,4914982,265400
ML-DSA-44,sign,628,1526666,82433
ML-DSA-44,sign,629,2496778,134818
ML-DSA-44,sign,630,4903630,264789
ML-DSA-44,sign,631,2007167,108380
ML-DSA-44,sign,632,3940482,212777
ML-DSA-44,sign,633,1054685,56945
ML-DSA-44,sign,634,1044463,56395
ML-DSA-44,sign,635,2006074,108322
ML-DSA-44,sign,636,6353556,343085
ML-DSA-44,sign,637,3941407,212829
ML-DSA-44,sign,638,1044185,56380
ML-DSA-44,sign,639,2016277,108872
ML-DSA-44,sign,640,2487889,134339
ML-DSA-44,sign,641,2497019,134832
ML-DSA-44,sign,642,2006981,108370
ML-DSA-44,sign,643,1533907,82823
ML-DSA-44,sign,644,5384092,290734
ML-DSA-44,sign,645,4903074,264758
ML-DSA-44,sign,646,1054815,56952
ML-DSA-44,sign,647,1044741,56409
ML-DSA-44,sign,648,1043666,56352
ML-DSA-44,sign,649,1043555,56344
ML-DSA-44,sign,650,2127981,114904
ML-DSA-44,sign,651,1044612,56403
ML-DSA-44,sign,652,3940741,212792
ML-DSA-44,sign,653,1044814,56414
ML-DSA-44,sign,654,3458426,186747
ML-DSA-44,sign,655,1054426,56932
ML-DSA-44,sign,656,3449352,186259
ML-DSA-44,sign,657,3939389,212720
ML-DSA-44,sign,658,1054278,56924
ML-DSA-44,sign,659,1525407,82365
ML-DSA-44,sign,660,6353074,343059
ML-DSA-44,sign,661,1526037,82398
ML-DSA-44,sign,662,1043186,56326
ML-DSA-44,sign,663,1054611,56942
ML-DSA-44,sign,664,6827630,368686
ML-DSA-44,sign,665,4910963,265185
ML-DSA-44,sign,666,2969037,160321
ML-DSA-44,sign,667,1534852,82875
ML-DSA-44,sign,668,4903352,264773
ML-DSA-44,sign,669,1044666,56405
ML-DSA-44,sign,670,2016093,108862
ML-DSA-44,sign,671,2968259,160279
ML-DSA-44,sign,672,1534222,82841
ML-DSA-44,sign,673,2978797,160847
ML-DSA-44,sign,674,4428167,239114
ML-DSA-44,sign,675,3941574,212839
ML-DSA-44,sign,676,2968908,160315
ML-DSA-44,sign,677,2015315,108821
ML-DSA-44,sign,678,1044370,56390
ML-DSA-44,sign,679,3940333,212771
ML-DSA-44,sign,680,3941463,212831
ML-DSA-44,sign,681,2017815,108954
ML-DSA-44,sign,682,1525908,82392
ML-DSA-44,sign,683,10209518,551308
ML-DSA-44,sign,684,5384685,290764
ML-DSA-44,sign,685,4904370,264828
ML-DSA-44,sign,686,2498314,134902
ML-DSA-44,sign,687,1044685,56407
ML-DSA-44,sign,688,1043685,56353
ML-DSA-44,sign,689,1053333,56872
ML-DSA-44,sign,690,5865777,316744
ML-DSA-44,sign,691,2015815,108847
ML-DSA-44,sign,692,1045037,56425
ML-DSA-44,sign,693,2487000,134291
ML-DSA-44,sign,694,1053000,56855
ML-DSA-44,sign,695,3459463,186803
ML-DSA-44,sign,696,2969240,160333
ML-DSA-44,sign,697,1534574,82861
ML-DSA-44,sign,698,2488297,134361
ML-DSA-44,sign,699,2497074,134835
ML-DSA-44,sign,700,2006648,108353
ML-DSA-44,sign,701,3461203,186898
ML-DSA-44,sign,702,1054463,56934
ML-DSA-44,sign,703,4422333,238799
ML-DSA-44,sign,704,5865815,316747
ML-DSA-44,sign,705,1045000,56424
ML-DSA-44,sign,706,1534389,82849
ML-DSA-44,sign,707,3572722,192918
ML-DSA-44,sign,708,4423389,238856
ML-DSA-44,sign,709,1044593,56401
ML-DSA-44,sign,710,2015888,108851
ML-DSA-44,sign,711,2488093,134349
ML-DSA-44,sign,712,5015519,270831
ML-DSA-44,sign,713,6355370,343184
ML-DSA-44,sign,714,3942315,212878
ML-DSA-44,sign,715,2985556,161211
ML-DSA-44,sign,716,3462185,186952
ML-DSA-44,sign,717,3940907,212802
ML-DSA-44,sign,718,3450315,186309
ML-DSA-44,sign,719,2977500,160779
ML-DSA-44,sign,720,6835630,369118
ML-DSA-44,sign,721,2498148,134892
ML-DSA-44,sign,722,2488278,134360
ML-DSA-44,sign,723,1534833,82873
ML-DSA-44,sign,724,2006852,108363
ML-DSA-44,sign,725,1524815,82333
ML-DSA-44,sign,726,2977408,160771
ML-DSA-44,sign,727,1535426,82905
ML-DSA-44,sign,728,2488352,134364
ML-DSA-44,sign,729,1044296,56385
ML-DSA-44,sign,730,2497167,134841
ML-DSA-44,sign,731,2016260,108870
ML-DSA-44,sign,732,2969130,160327
ML-DSA-44,sign,733,2497112,134836
ML-DSA-44,sign,734,3460500,186860
ML-DSA-44,sign,735,3460611,186867
ML-DSA-44,sign,736,1525852,82390
ML-DSA-44,sign,737,2015648,108838
ML-DSA-44,sign,738,2488426,134369
ML-DSA-44,sign,739,2016093,108862
ML-DSA-44,sign,740,6346538,342706
ML-DSA-44,sign,741,3941018,212807
ML-DSA-44,sign,742,4422667,238817
ML-DSA-44,sign,743,6835426,369105
ML-DSA-44,sign,744,1525611,82377
ML-DSA-44,sign,745,1052963,56853
ML-DSA-44,sign,746,3459759,186818
ML-DSA-44,sign,747,2487870,134338
ML-DSA-44,sign,748,2497148,134839
ML-DSA-44,sign,749,1044963,56421
ML-DSA-44,sign,750,1524759,82330
ML-DSA-44,sign,751,1053148,56863
ML-DSA-44,sign,752,3460926,186883
ML-DSA-44,sign,753,3450111,186299
ML-DSA-44,sign,754,1534815,82872
ML-DSA-44,sign,755,3460519,186861
ML-DSA-44,sign,756,4903185,264764
ML-DSA-44,sign,757,3509648,189511
ML-DSA-44,sign,758,4916482,265483
ML-DSA-44,sign,759,1045722,56462
ML-DSA-44,sign,760,1535000,82884
ML-DSA-44,sign,761,5385167,290792
ML-DSA-44,sign,762,1045111,56429
ML-DSA-44,sign,763,2978074,160808
ML-DSA-44,sign,764,3460426,186855
ML-DSA-44,sign,765,2498148,134892
ML-DSA-44,sign,766,5384907,290778
ML-DSA-44,sign,767,8761222,473099
ML-DSA-44,sign,768,10692167,577370
ML-DSA-44,sign,769,1525778,82385
ML-DSA-44,sign,770,3460092,186839
ML-DSA-44,sign,771,4422611,238814
ML-DSA-44,sign,772,2018092,108970
ML-DSA-44,sign,773,1044760,56410
ML-DSA-44,sign,774,3459241,186791
ML-DSA-44,sign,775,1525685,82380
ML-DSA-44,sign,776,3459240,186791
ML-DSA-44,sign,777,3460833,186877
ML-DSA-44,sign,778,2497686,134868
ML-DSA-44,sign,779,2969333,160337
ML-DSA-44,sign,780,1534852,82875
ML-DSA-44,sign,781,2007334,108390
ML-DSA-44,sign,782,3940463,212777
ML-DSA-44,sign,783,1044426,56392
ML-DSA-44,sign,784,2015222,108815
ML-DSA-44,sign,785,1526278,82412
ML-DSA-44,sign,786,2497240,134844
ML-DSA-44,sign,787,1526075,82402
ML-DSA-44,sign,788,2017240,108924
ML-DSA-44,sign,789,2488463,134371
ML-DSA-44,sign,790,1053426,56877
ML-DSA-44,sign,791,2007463,108397
ML-DSA-44,sign,792,2978185,160814
ML-DSA-44,sign,793,2497000,134830
ML-DSA-44,sign,794,1525686,82381
ML-DSA-44,sign,795,1043703,56354
ML-DSA-44,sign,796,6354333,343127
ML-DSA-44,sign,797,2488315,134362
ML-DSA-44,sign,798,2496814,134822
ML-DSA-44,sign,799,4903908,264803
ML-DSA-44,sign,800,1060167,57241
ML-DSA-44,sign,801,2008000,108425
ML-DSA-44,sign,802,6837222,369204
ML-DSA-44,sign,803,1044796,56412
ML-DSA-44,sign,804,3459482,186804
ML-DSA-44,sign,805,2007056,108374
ML-DSA-44,sign,806,2015741,108842
ML-DSA-44,sign,807,1525981,82396
ML-DSA-44,sign,808,1053148,56863
ML-DSA-44,sign,809,2968963,160318
ML-DSA-44,sign,810,7317037,395112
ML-DSA-44,sign,811,2979259,160873
ML-DSA-44,sign,812,1526056,82401
ML-DSA-44,sign,813,4902945,264752
ML-DSA-44,sign,814,1054500,56936
ML-DSA-44,sign,815,1044315,56386
ML-DSA-44,sign,816,1525000,82344
ML-DSA-44,sign,817,2978370,160823
ML-DSA-44,sign,818,1525740,82383
ML-DSA-44,sign,819,4910130,265140
ML-DSA-44,sign,820,2976259,160712
ML-DSA-44,sign,821,2496723,134817
ML-DSA-44,sign,822,1044426,56393
ML-DSA-44,sign,823,2020241,109087
ML-DSA-44,sign,824,2488370,134366
ML-DSA-44,sign,825,2015740,108842
ML-DSA-44,sign,826,1525649,82378
ML-DSA-44,sign,827,1534537,82857
ML-DSA-44,sign,828,3552519,191817
ML-DSA-44,sign,829,2011037,108590
ML-DSA-44,sign,830,2498722,134924
ML-DSA-44,sign,831,7317333,395128
ML-DSA-44,sign,832,3450686,186331
ML-DSA-44,sign,833,1052907,56848
ML-DSA-44,sign,834,3459593,186810
ML-DSA-44,sign,835,5865204,316711
ML-DSA-44,sign,836,6354296,343126
ML-DSA-44,sign,837,1044555,56399
ML-DSA-44,sign,838,1524870,82336
ML-DSA-44,sign,839,4420593,238706
ML-DSA-44,sign,840,1536000,82937
ML-DSA-44,sign,841,1525797,82386
ML-DSA-44,sign,842,3940666,212789
ML-DSA-44,sign,843,1044555,56398
ML-DSA-44,sign,844,3458222,186736
ML-DSA-44,sign,845,2023907,109284
ML-DSA-44,sign,846,1526519,82425
ML-DSA-44,sign,847,1043630,56350
ML-DSA-44,sign,848,5872593,317113
ML-DSA-44,sign,849,2979000,160858
ML-DSA-44,sign,850,2006389,108338
ML-DSA-44,sign,851,8758704,472962
ML-DSA-44,sign,852,1055204,56973
ML-DSA-44,sign,853,1525778,82386
ML-DSA-44,sign,854,1043630,56349
ML-DSA-44,sign,855,1053463,56880
ML-DSA-44,sign,856,2488444,134369
ML-DSA-44,sign,857,3459574,186808
ML-DSA-44,sign,858,2016741,108895
ML-DSA-44,sign,859,2006797,108361
ML-DSA-44,sign,860,2015907,108852
ML-DSA-44,sign,861,2600129,140401
ML-DSA-44,sign,862,3939648,212734
ML-DSA-44,sign,863,2016926,108908
ML-DSA-44,sign,864,3941241,212820
ML-DSA-44,sign,865,3459481,186804
ML-DSA-44,sign,866,3450334,186312
ML-DSA-44,sign,867,1534111,82835
ML-DSA-44,sign,868,9353777,505097
ML-DSA-44,sign,869,1525630,82378
ML-DSA-44,sign,870,3939370,212718
ML-DSA-44,sign,871,2978334,160821
ML-DSA-44,sign,872,1044389,56390
ML-DSA-44,sign,873,1053149,56862
ML-DSA-44,sign,874,2487482,134318
ML-DSA-44,sign,875,4420796,238716
ML-DSA-44,sign,876,2497259,134844
ML-DSA-44,sign,877,1044611,56402
ML-DSA-44,sign,878,1534389,82849
ML-DSA-44,sign,879,1044519,56398
ML-DSA-44,sign,880,4421370,238745
ML-DSA-44,sign,881,2979537,160887
ML-DSA-44,sign,882,3942111,212865
ML-DSA-44,sign,883,2487426,134314
ML-DSA-44,sign,884,1053056,56858
ML-DSA-44,sign,885,1044481,56395
ML-DSA-44,sign,886,1525018,82344
ML-DSA-44,sign,887,2496000,134777
ML-DSA-44,sign,888,3091574,166937
ML-DSA-44,sign,889,6827445,368675
ML-DSA-44,sign,890,2021667,109161
ML-DSA-44,sign,891,1045019,56425
ML-DSA-44,sign,892,2978093,160808
ML-DSA-44,sign,893,1044685,56406
ML-DSA-44,sign,894,5873407,317156
ML-DSA-44,sign,895,1525667,82379
ML-DSA-44,sign,896,4422092,238785
ML-DSA-44,sign,897,1535685,82919
ML-DSA-44,sign,898,1525815,82387
ML-DSA-44,sign,899,1044000,56369
ML-DSA-44,sign,900,3460297,186847
ML-DSA-44,sign,901,1044778,56411
ML-DSA-44,sign,902,2015426,108824
ML-DSA-44,sign,903,2006296,108334
ML-DSA-44,sign,904,1533834,82818
ML-DSA-44,sign,905,1525871,82389
ML-DSA-44,sign,906,5873259,317148
ML-DSA-44,sign,907,4903926,264803
ML-DSA-44,sign,908,1525648,82378
ML-DSA-44,sign,909,1535722,82921
ML-DSA-44,sign,910,1525759,82385
ML-DSA-44,sign,911,4926926,266045
ML-DSA-44,sign,912,3943408,212936
ML-DSA-44,sign,913,2017370,108931
ML-DSA-44,sign,914,3459982,186830
ML-DSA-44,sign,915,1044445,56393
ML-DSA-44,sign,916,1044129,56377
ML-DSA-44,sign,917,2497371,134850
ML-DSA-44,sign,918,2007093,108376
ML-DSA-44,sign,919,2978074,160808
ML-DSA-44,sign,920,2979666,160895
ML-DSA-44,sign,921,2488130,134352
ML-DSA-44,sign,922,1053537,56883
ML-DSA-44,sign,923,1526019,82398
ML-DSA-44,sign,924,2978296,160821
ML-DSA-44,sign,925,3461074,186889
ML-DSA-44,sign,926,3941297,212822
ML-DSA-44,sign,927,3941074,212809
ML-DSA-44,sign,928,6345685,342659
ML-DSA-44,sign,929,2979056,160861
ML-DSA-44,sign,930,2006315,108334
ML-DSA-44,sign,931,4910463,265158
ML-DSA-44,sign,932,2968908,160315
ML-DSA-44,sign,933,1564222,84459
ML-DSA-44,sign,934,1045463,56448
ML-DSA-44,sign,935,1043500,56342
ML-DSA-44,sign,936,1053463,56880
ML-DSA-44,sign,937,1044592,56401
ML-DSA-44,sign,938,2487093,134296
ML-DSA-44,sign,939,2501574,135077
ML-DSA-44,sign,940,2979519,160886
ML-DSA-44,sign,941,2006815,108361
ML-DSA-44,sign,942,1534685,82865
ML-DSA-44,sign,943,5865111,316708
ML-DSA-44,sign,944,2019352,109036
ML-DSA-44,sign,945,1044482,56395
ML-DSA-44,sign,946,2005981,108317
ML-DSA-44,sign,947,1053333,56871
ML-DSA-44,sign,948,4904148,264814
ML-DSA-44,sign,949,2980018,160913
ML-DSA-44,sign,950,2006796,108360
ML-DSA-44,sign,951,1043537,56344
ML-DSA-44,sign,952,1533666,82810
ML-DSA-44,sign,953,1045037,56425
ML-DSA-44,sign,954,2978834,160849
ML-DSA-44,sign,955,2979260,160870
ML-DSA-44,sign,956,2969037,160320
ML-DSA-44,sign,957,2496963,134829
ML-DSA-44,sign,958,7797481,421056
ML-DSA-44,sign,959,3943056,212918
ML-DSA-44,sign,960,2006574,108348
ML-DSA-44,sign,961,2496981,134828
ML-DSA-44,sign,962,2978537,160834
ML-DSA-44,sign,963,2006796,108360
ML-DSA-44,sign,964,2015741,108843
ML-DSA-44,sign,965,1525537,82372
ML-DSA-44,sign,966,9240185,498963
ML-DSA-44,sign,967,1054018,56908
ML-DSA-44,sign,968,2007018,108373
ML-DSA-44,sign,969,1535000,82883
ML-DSA-44,sign,970,1044185,56380
ML-DSA-44,sign,971,1524630,82324
ML-DSA-44,sign,972,2977574,160781
ML-DSA-44,sign,973,2498482,134910
ML-DSA-44,sign,974,6827482,368676
ML-DSA-44,sign,975,3940333,212770
ML-DSA-44,sign,976,1535722,82920
ML-DSA-44,sign,977,2488148,134353
ML-DSA-44,sign,978,5391203,291117
ML-DSA-44,sign,979,2969704,160358
ML-DSA-44,sign,980,2496575,134808
ML-DSA-44,sign,981,1525834,82388
ML-DSA-44,sign,982,2015314,108820
ML-DSA-44,sign,983,5871056,317027
ML-DSA-44,sign,984,1054889,56958
ML-DSA-44,sign,985,4422852,238826
ML-DSA-44,sign,986,8760740,473072
ML-DSA-44,sign,987,2979574,160889
ML-DSA-44,sign,988,2006741,108356
ML-DSA-44,sign,989,11653111,629260
ML-DSA-44,sign,990,2018092,108970
ML-DSA-44,sign,991,2487611,134324
ML-DSA-44,sign,992,1534945,82881
ML-DSA-44,sign,993,6346463,342700
ML-DSA-44,sign,994,3941408,212828
ML-DSA-44,sign,995,1054370,56928
ML-DSA-44,sign,996,2487926,134341
ML-DSA-44,sign,997,2978667,160840
ML-DSA-44,sign,998,3940370,212771
ML-DSA-44,sign,999,2006982,108369
ML-DSA-44,verify,0,527889,28500
ML-DSA-44,verify,1,523389,28258
ML-DSA-44,verify,2,523259,28250
ML-DSA-44,verify,3,532907,28769
ML-DSA-44,verify,4,524722,28330
ML-DSA-44,verify,5,523259,28250
ML-DSA-44,verify,6,523111,28243
ML-DSA-44,verify,7,523222,28248
ML-DSA-44,verify,8,523240,28250
ML-DSA-44,verify,9,523241,28249
ML-DSA-44,verify,10,523148,28245
ML-DSA-44,verify,11,533074,28778
ML-DSA-44,verify,12,524945,28340
ML-DSA-44,verify,13,523500,28263
ML-DSA-44,verify,14,523204,28247
ML-DSA-44,verify,15,523223,28247
ML-DSA-44,verify,16,523278,28251
ML-DSA-44,verify,17,523148,28244
ML-DSA-44,verify,18,523167,28245
ML-DSA-44,verify,19,532556,28750
ML-DSA-44,verify,20,524315,28306
ML-DSA-44,verify,21,523296,28252
ML-DSA-44,verify,22,523352,28255
ML-DSA-44,verify,23,523129,28244
ML-DSA-44,verify,24,523278,28252
ML-DSA-44,verify,25,523371,28256
ML-DSA-44,verify,26,532815,28764
ML-DSA-44,verify,27,524500,28317
ML-DSA-44,verify,28,523296,28253
ML-DSA-44,verify,29,523426,28258
ML-DSA-44,verify,30,523333,28255
ML-DSA-44,verify,31,523370,28256
ML-DSA-44,verify,32,523259,28250
ML-DSA-44,verify,33,523259,28250
ML-DSA-44,verify,34,533241,28788
ML-DSA-44,verify,35,524260,28305
ML-DSA-44,verify,36,523482,28261
ML-DSA-44,verify,37,523278,28252
ML-DSA-44,verify,38,523334,28254
ML-DSA-44,verify,39,523555,28266
ML-DSA-44,verify,40,523222,28248
ML-DSA-44,verify,41,532759,28761
ML-DSA-44,verify,42,524463,28316
ML-DSA-44,verify,43,523500,28263
ML-DSA-44,verify,44,523333,28254
ML-DSA-44,verify,45,523314,28254
ML-DSA-44,verify,46,523278,28252
ML-DSA-44,verify,47,523333,28253
ML-DSA-44,verify,48,523370,28255
ML-DSA-44,verify,49,533241,28786
ML-DSA-44,verify,50,524388,28310
ML-DSA-44,verify,51,523426,28259
ML-DSA-44,verify,52,523407,28258
ML-DSA-44,verify,53,523074,28239
ML-DSA-44,verify,54,523371,28256
ML-DSA-44,verify,55,523240,28250
ML-DSA-44,verify,56,532426,28743
ML-DSA-44,verify,57,524962,28342
ML-DSA-44,verify,58,523352,28255
ML-DSA-44,verify,59,523259,28249
ML-DSA-44,verify,60,523352,28255
ML-DSA-44,verify,61,523408,28258
ML-DSA-44,verify,62,523370,28255
ML-DSA-44,verify,63,523297,28252
ML-DSA-44,verify,64,538870,29091
ML-DSA-44,verify,65,524685,28326
ML-DSA-44,verify,66,523314,28253
ML-DSA-44,verify,67,523186,28246
ML-DSA-44,verify,68,525815,28388
ML-DSA-44,verify,69,523611,28269
ML-DSA-44,verify,70,523315,28253
ML-DSA-44,verify,71,523278,28250
ML-DSA-44,verify,72,534074,28832
ML-DSA-44,verify,73,523963,28289
ML-DSA-44,verify,74,523352,28256
ML-DSA-44,verify,75,523445,28259
ML-DSA-44,verify,76,523370,28256
ML-DSA-44,verify,77,523333,28254
ML-DSA-44,verify,78,523240,28249
ML-DSA-44,verify,79,533000,28774
ML-DSA-44,verify,80,524852,28337
ML-DSA-44,verify,81,523444,28260
ML-DSA-44,verify,82,523352,28255
ML-DSA-44,verify,83,523297,28252
ML-DSA-44,verify,84,523426,28258
ML-DSA-44,verify,85,523519,28263
ML-DSA-44,verify,86,523389,28257
ML-DSA-44,verify,87,533296,28791
ML-DSA-44,verify,88,524426,28312
ML-DSA-44,verify,89,523371,28256
ML-DSA-44,verify,90,523462,28261
ML-DSA-44,verify,91,523408,28259
ML-DSA-44,verify,92,523463,28261
ML-DSA-44,verify,93,523463,28261
ML-DSA-44,verify,94,532889,28769
ML-DSA-44,verify,95,524555,28320
ML-DSA-44,verify,96,523388,28257
ML-DSA-44,verify,97,523241,28250
ML-DSA-44,verify,98,523333,28254
ML-DSA-44,verify,99,523296,28251
ML-DSA-44,verify,100,523408,28259
ML-DSA-44,verify,101,523444,28259
ML-DSA-44,verify,102,533092,28778
ML-DSA-44,verify,103,524556,28320
ML-DSA-44,verify,104,523352,28256
ML-DSA-44,verify,105,523463,28261
ML-DSA-44,verify,106,523370,28257
ML-DSA-44,verify,107,523482,28260
ML-DSA-44,verify,108,523240,28250
ML-DSA-44,verify,109,532685,28758
ML-DSA-44,verify,110,524481,28316
ML-DSA-44,verify,111,523352,28255
ML-DSA-44,verify,112,523370,28256
ML-DSA-44,verify,113,523408,28258
ML-DSA-44,verify,114,523333,28254
ML-DSA-44,verify,115,523463,28261
ML-DSA-44,verify,116,523462,28260
ML-DSA-44,verify,117,533185,28784
ML-DSA-44,verify,118,524556,28320
ML-DSA-44,verify,119,523481,28261
ML-DSA-44,verify,120,523389,28257
ML-DSA-44,verify,121,523611,28269
ML-DSA-44,verify,122,523407,28257
ML-DSA-44,verify,123,523445,28261
ML-DSA-44,verify,124,523167,28246
ML-DSA-44,verify,125,533129,28782
ML-DSA-44,verify,126,524092,28295
ML-DSA-44,verify,127,523259,28251
ML-DSA-44,verify,128,523444,28259
ML-DSA-44,verify,129,523519,28264
ML-DSA-44,verify,130,523481,28261
ML-DSA-44,verify,131,523370,28255
ML-DSA-44,verify,132,532870,28767
ML-DSA-44,verify,133,524463,28316
ML-DSA-44,verify,134,523426,28258
ML-DSA-44,verify,135,523351,28254
ML-DSA-44,verify,136,523296,28252
ML-DSA-44,verify,137,523482,28262
ML-DSA-44,verify,138,523352,28255
ML-DSA-44,verify,139,523352,28254
ML-DSA-44,verify,140,533315,28792
ML-DSA-44,verify,141,524389,28312
ML-DSA-44,verify,142,523463,28260
ML-DSA-44,verify,143,523407,28258
ML-DSA-44,verify,144,523371,28256
ML-DSA-44,verify,145,523462,28260
ML-DSA-44,verify,146,523167,28244
ML-DSA-44,verify,147,532926,28770
ML-DSA-44,verify,148,524500,28318
ML-DSA-44,verify,149,523500,28262
ML-DSA-44,verify,150,523315,28253
ML-DSA-44,verify,151,523500,28264
ML-DSA-44,verify,152,523371,28256
ML-DSA-44,verify,153,523278,28250
ML-DSA-44,verify,154,523518,28264
ML-DSA-44,verify,155,533241,28788
ML-DSA-44,verify,156,524519,28319
ML-DSA-44,verify,157,523592,28267
ML-DSA-44,verify,158,523407,28259
ML-DSA-44,verify,159,523463,28261
ML-DSA-44,verify,160,523426,28258
ML-DSA-44,verify,161,523240,28249
ML-DSA-44,verify,162,532667,28756
ML-DSA-44,verify,163,524722,28329
ML-DSA-44,verify,164,523574,28266
ML-DSA-44,verify,165,523444,28259
ML-DSA-44,verify,166,523260,28250
ML-DSA-44,verify,167,523297,28252
ML-DSA-44,verify,168,523371,28254
ML-DSA-44,verify,169,523370,28256
ML-DSA-44,verify,170,533204,28785
ML-DSA-44,verify,171,524500,28318
ML-DSA-44,verify,172,523389,28257
ML-DSA-44,verify,173,523056,28240
ML-DSA-44,verify,174,523129,28244
ML-DSA-44,verify,175,523278,28250
ML-DSA-44,verify,176,523315,28253
ML-DSA-44,verify,177,523333,28255
ML-DSA-44,verify,178,533482,28801
ML-DSA-44,verify,179,524260,28305
ML-DSA-44,verify,180,523556,28266
ML-DSA-44,verify,181,523389,28257
ML-DSA-44,verify,182,523445,28260
ML-DSA-44,verify,183,523407,28258
ML-DSA-44,verify,184,523463,28260
ML-DSA-44,verify,185,532926,28770
ML-DSA-44,verify,186,524500,28316
ML-DSA-44,verify,187,523463,28260
ML-DSA-44,verify,188,523389,28256
ML-DSA-44,verify,189,525778,28386
ML-DSA-44,verify,190,523389,28258
ML-DSA-44,verify,191,523370,28255
ML-DSA-44,verify,192,523389,28258
ML-DSA-44,verify,193,534093,28833
ML-DSA-44,verify,194,524297,28307
ML-DSA-44,verify,195,523408,28259
ML-DSA-44,verify,196,523315,28253
ML-DSA-44,verify,197,523388,28257
ML-DSA-44,verify,198,523315,28253
ML-DSA-44,verify,199,523592,28269
ML-DSA-44,verify,200,533000,28774
ML-DSA-44,verify,201,524444,28313
ML-DSA-44,verify,202,523500,28263
ML-DSA-44,verify,203,523334,28254
ML-DSA-44,verify,204,523370,28255
ML-DSA-44,verify,205,523389,28257
ML-DSA-44,verify,206,523352,28256
ML-DSA-44,verify,207,523389,28256
ML-DSA-44,verify,208,533037,28777
ML-DSA-44,verify,209,524871,28336
ML-DSA-44,verify,210,523685,28273
ML-DSA-44,verify,211,523574,28268
ML-DSA-44,verify,212,523352,28255
ML-DSA-44,verify,213,523278,28250
ML-DSA-44,verify,214,523389,28258
ML-DSA-44,verify,215,532611,28753
ML-DSA-44,verify,216,524408,28312
ML-DSA-44,verify,217,523407,28257
ML-DSA-44,verify,218,523315,28254
ML-DSA-44,verify,219,523370,28256
ML-DSA-44,verify,220,523315,28252
ML-DSA-44,verify,221,523352,28256
ML-DSA-44,verify,222,523351,28255
ML-DSA-44,verify,223,533315,28792
ML-DSA-44,verify,224,524556,28320
ML-DSA-44,verify,225,523426,28260
ML-DSA-44,verify,226,523389,28256
ML-DSA-44,verify,227,523426,28259
ML-DSA-44,verify,228,523315,28254
ML-DSA-44,verify,229,523315,28252
ML-DSA-44,verify,230,532241,28734
ML-DSA-44,verify,231,525167,28352
ML-DSA-44,verify,232,523445,28259
ML-DSA-44,verify,233,523333,28255
ML-DSA-44,verify,234,523389,28257
ML-DSA-44,verify,235,523333,28254
ML-DSA-44,verify,236,523408,28257
ML-DSA-44,verify,237,523333,28254
ML-DSA-44,verify,238,532851,28766
ML-DSA-44,verify,239,524537,28319
ML-DSA-44,verify,240,523482,28263
ML-DSA-44,verify,241,523482,28263
ML-DSA-44,verify,242,523333,28254
ML-DSA-44,verify,243,523352,28256
ML-DSA-44,verify,244,523240,28249
ML-DSA-44,verify,245,523315,28254
ML-DSA-44,verify,246,533240,28788
ML-DSA-44,verify,247,524408,28312
ML-DSA-44,verify,248,523371,28255
ML-DSA-44,verify,249,523371,28255
ML-DSA-44,verify,250,523370,28257
ML-DSA-44,verify,251,523518,28263
ML-DSA-44,verify,252,523297,28253
ML-DSA-44,verify,253,532815,28765
ML-DSA-44,verify,254,524611,28323
ML-DSA-44,verify,255,523389,28256
ML-DSA-44,verify,256,523315,28253
ML-DSA-44,verify,257,523278,28250
ML-DSA-44,verify,258,523315,28254
ML-DSA-44,verify,259,523426,28259
ML-DSA-44,verify,260,523445,28258
ML-DSA-44,verify,261,533259,28787
ML-DSA-44,verify,262,524537,28320
ML-DSA-44,verify,263,523426,28259
ML-DSA-44,verify,264,523463,28261
ML-DSA-44,verify,265,523426,28258
ML-DSA-44,verify,266,523463,28260
ML-DSA-44,verify,267,523426,28259
ML-DSA-44,verify,268,532796,28763
ML-DSA-44,verify,269,524630,28323
ML-DSA-44,verify,270,523574,28266
ML-DSA-44,verify,271,523556,28265
ML-DSA-44,verify,272,523389,28256
ML-DSA-44,verify,273,523352,28255
ML-DSA-44,verify,274,523278,28250
ML-DSA-44,verify,275,523260,28250
ML-DSA-44,verify,276,533519,28802
ML-DSA-44,verify,277,524500,28318
ML-DSA-44,verify,278,523444,28260
ML-DSA-44,verify,279,523334,28254
ML-DSA-44,verify,280,523388,28258
ML-DSA-44,verify,281,523500,28264
ML-DSA-44,verify,282,523408,28256
ML-DSA-44,verify,283,532519,28748
ML-DSA-44,verify,284,525111,28349
ML-DSA-44,verify,285,523407,28258
ML-DSA-44,verify,286,523426,28260
ML-DSA-44,verify,287,523296,28252
ML-DSA-44,verify,288,523371,28257
ML-DSA-44,verify,289,523315,28253
ML-DSA-44,verify,290,523259,28251
ML-DSA-44,verify,291,532926,28771
ML-DSA-44,verify,292,524463,28315
ML-DSA-44,verify,293,523333,28255
ML-DSA-44,verify,294,523445,28261
ML-DSA-44,verify,295,523315,28254
ML-DSA-44,verify,296,523389,28257
ML-DSA-44,verify,297,523389,28256
ML-DSA-44,verify,298,523297,28252
ML-DSA-44,verify,299,538518,29073
ML-DSA-44,verify,300,524722,28329
ML-DSA-44,verify,301,523574,28267
ML-DSA-44,verify,302,523481,28263
ML-DSA-44,verify,303,523407,28257
ML-DSA-44,verify,304,523445,28259
ML-DSA-44,verify,305,523389,28257
ML-DSA-44,verify,306,533370,28795
ML-DSA-44,verify,307,524463,28316
ML-DSA-44,verify,308,523352,28254
ML-DSA-44,verify,309,523315,28254
ML-DSA-44,verify,310,525852,28390
ML-DSA-44,verify,311,523408,28258
ML-DSA-44,verify,312,523315,28253
ML-DSA-44,verify,313,523333,28255
ML-DSA-44,verify,314,534055,28830
ML-DSA-44,verify,315,524278,28306
ML-DSA-44,verify,316,523444,28259
ML-DSA-44,verify,317,523408,28258
ML-DSA-44,verify,318,523388,28258
ML-DSA-44,verify,319,523334,28254
ML-DSA-44,verify,320,523389,28256
ML-DSA-44,verify,321,534019,28828
ML-DSA-44,verify,322,524685,28328
ML-DSA-44,verify,323,523334,28254
ML-DSA-44,verify,324,523445,28261
ML-DSA-44,verify,325,523223,28248
ML-DSA-44,verify,326,523278,28251
ML-DSA-44,verify,327,523407,28257
ML-DSA-44,verify,328,523297,28251
ML-DSA-44,verify,329,533259,28789
ML-DSA-44,verify,330,524981,28342
ML-DSA-44,verify,331,523500,28263
ML-DSA-44,verify,332,523351,28254
ML-DSA-44,verify,333,523297,28252
ML-DSA-44,verify,334,523185,28246
ML-DSA-44,verify,335,523241,28250
ML-DSA-44,verify,336,532482,28747
ML-DSA-44,verify,337,524537,28320
ML-DSA-44,verify,338,523389,28257
ML-DSA-44,verify,339,523444,28261
ML-DSA-44,verify,340,523315,28253
ML-DSA-44,verify,341,523445,28260
ML-DSA-44,verify,342,523259,28250
ML-DSA-44,verify,343,523352,28255
ML-DSA-44,verify,344,532685,28758
ML-DSA-44,verify,345,524574,28321
ML-DSA-44,verify,346,523370,28255
ML-DSA-44,verify,347,523222,28248
ML-DSA-44,verify,348,523130,28244
ML-DSA-44,verify,349,523296,28252
ML-DSA-44,verify,350,523408,28257
ML-DSA-44,verify,351,523241,28249
ML-DSA-44,verify,352,533074,28777
ML-DSA-44,verify,353,524277,28305
ML-DSA-44,verify,354,523426,28259
ML-DSA-44,verify,355,523370,28256
ML-DSA-44,verify,356,523260,28250
ML-DSA-44,verify,357,523352,28256
ML-DSA-44,verify,358,523445,28260
ML-DSA-44,verify,359,532908,28770
ML-DSA-44,verify,360,524426,28314
ML-DSA-44,verify,361,523444,28260
ML-DSA-44,verify,362,523426,28260
ML-DSA-44,verify,363,523277,28252
ML-DSA-44,verify,364,523203,28247
ML-DSA-44,verify,365,523241,28249
ML-DSA-44,verify,366,523370,28257
ML-DSA-44,verify,367,532944,28771
ML-DSA-44,verify,368,524445,28314
ML-DSA-44,verify,369,523389,28257
ML-DSA-44,verify,370,523334,28253
ML-DSA-44,verify,371,523277,28250
ML-DSA-44,verify,372,523259,28250
ML-DSA-44,verify,373,523259,28250
ML-DSA-44,verify,374,532703,28759
ML-DSA-44,verify,375,524925,28340
ML-DSA-44,verify,376,523371,28256
ML-DSA-44,verify,377,523407,28257
ML-DSA-44,verify,378,523297,28252
ML-DSA-44,verify,379,523370,28256
ML-DSA-44,verify,380,523371,28256
ML-DSA-44,verify,381,523297,28252
ML-DSA-44,verify,382,532963,28772
ML-DSA-44,verify,383,524500,28318
ML-DSA-44,verify,384,523408,28259
ML-DSA-44,verify,385,523315,28253
ML-DSA-44,verify,386,523333,28255
ML-DSA-44,verify,387,523240,28250
ML-DSA-44,verify,388,523445,28259
ML-DSA-44,verify,389,533408,28796
ML-DSA-44,verify,390,524481,28315
ML-DSA-44,verify,391,523296,28252
ML-DSA-44,verify,392,523278,28252
ML-DSA-44,verify,393,523500,28263
ML-DSA-44,verify,394,523352,28255
ML-DSA-44,verify,395,523186,28246
ML-DSA-44,verify,396,523186,28245
ML-DSA-44,verify,397,533241,28787
ML-DSA-44,verify,398,524500,28317
ML-DSA-44,verify,399,523240,28248
ML-DSA-44,verify,400,523241,28250
ML-DSA-44,verify,401,523297,28253
ML-DSA-44,verify,402,523389,28255
ML-DSA-44,verify,403,523315,28253
ML-DSA-44,verify,404,523352,28256
ML-DSA-44,verify,405,533315,28792
ML-DSA-44,verify,406,524518,28319
ML-DSA-44,verify,407,523500,28263
ML-DSA-44,verify,408,523092,28241
ML-DSA-44,verify,409,523389,28257
ML-DSA-44,verify,410,523389,28257
ML-DSA-44,verify,411,523259,28251
ML-DSA-44,verify,412,532852,28767
ML-DSA-44,verify,413,524796,28333
ML-DSA-44,verify,414,523352,28255
ML-DSA-44,verify,415,523315,28252
ML-DSA-44,verify,416,523408,28259
ML-DSA-44,verify,417,523333,28254
ML-DSA-44,verify,418,523389,28257
ML-DSA-44,verify,419,523426,28259
ML-DSA-44,verify,420,532944,28771
ML-DSA-44,verify,421,525055,28347
ML-DSA-44,verify,422,523500,28263
ML-DSA-44,verify,423,523408,28257
ML-DSA-44,verify,424,523259,28251
ML-DSA-44,verify,425,523278,28251
ML-DSA-44,verify,426,523185,28247
ML-DSA-44,verify,427,532648,28754
ML-DSA-44,verify,428,524537,28319
ML-DSA-44,verify,429,523333,28254
ML-DSA-44,verify,430,525574,28374
ML-DSA-44,verify,431,523166,28246
ML-DSA-44,verify,432,523074,28241
ML-DSA-44,verify,433,523093,28242
ML-DSA-44,verify,434,523204,28246
ML-DSA-44,verify,435,534111,28833
ML-DSA-44,verify,436,524426,28314
ML-DSA-44,verify,437,523370,28257
ML-DSA-44,verify,438,523166,28245
ML-DSA-44,verify,439,523092,28242
ML-DSA-44,verify,440,523148,28244
ML-DSA-44,verify,441,523407,28257
ML-DSA-44,verify,442,532667,28756
ML-DSA-44,verify,443,524352,28310
ML-DSA-44,verify,444,523296,28252
ML-DSA-44,verify,445,523537,28264
ML-DSA-44,verify,446,523296,28252
ML-DSA-44,verify,447,523111,28243
ML-DSA-44,verify,448,523203,28247
ML-DSA-44,verify,449,523277,28251
ML-DSA-44,verify,450,533037,28776
ML-DSA-44,verify,451,524555,28319
ML-DSA-44,verify,452,523389,28258
ML-DSA-44,verify,453,523185,28247
ML-DSA-44,verify,454,523204,28246
ML-DSA-44,verify,455,523259,28249
ML-DSA-44,verify,456,523241,28249
ML-DSA-44,verify,457,523426,28260
ML-DSA-44,verify,458,533167,28784
ML-DSA-44,verify,459,524426,28313
ML-DSA-44,verify,460,523519,28264
ML-DSA-44,verify,461,523482,28263
ML-DSA-44,verify,462,523333,28254
ML-DSA-44,verify,463,523259,28251
ML-DSA-44,verify,464,523185,28246
ML-DSA-44,verify,465,532833,28765
ML-DSA-44,verify,466,524889,28338
ML-DSA-44,verify,467,523463,28262
ML-DSA-44,verify,468,523278,28251
ML-DSA-44,verify,469,523481,28261
ML-DSA-44,verify,470,523445,28259
ML-DSA-44,verify,471,523351,28255
ML-DSA-44,verify,472,523407,28258
ML-DSA-44,verify,473,533204,28786
ML-DSA-44,verify,474,524481,28315
ML-DSA-44,verify,475,523555,28265
ML-DSA-44,verify,476,523463,28261
ML-DSA-44,verify,477,523519,28264
ML-DSA-44,verify,478,523481,28262
ML-DSA-44,verify,479,523296,28252
ML-DSA-44,verify,480,532907,28769
ML-DSA-44,verify,481,524500,28317
ML-DSA-44,verify,482,523315,28254
ML-DSA-44,verify,483,523333,28252
ML-DSA-44,verify,484,523334,28254
ML-DSA-44,verify,485,523370,28256
ML-DSA-44,verify,486,523352,28255
ML-DSA-44,verify,487,523389,28257
ML-DSA-44,verify,488,533148,28783
ML-DSA-44,verify,489,524574,28321
ML-DSA-44,verify,490,523574,28267
ML-DSA-44,verify,491,523185,28246
ML-DSA-44,verify,492,523259,28251
ML-DSA-44,verify,493,523352,28254
ML-DSA-44,verify,494,523352,28254
ML-DSA-44,verify,495,532444,28744
ML-DSA-44,verify,496,524500,28316
ML-DSA-44,verify,497,523370,28255
ML-DSA-44,verify,498,523481,28262
ML-DSA-44,verify,499,523371,28255
ML-DSA-44,verify,500,523297,28252
ML-DSA-44,verify,501,523445,28260
ML-DSA-44,verify,502,523315,28253
ML-DSA-44,verify,503,532537,28748
ML-DSA-44,verify,504,524871,28337
ML-DSA-44,verify,505,523389,28256
ML-DSA-44,verify,506,523389,28256
ML-DSA-44,verify,507,523389,28256
ML-DSA-44,verify,508,523352,28256
ML-DSA-44,verify,509,523315,28254
ML-DSA-44,verify,510,523278,28251
ML-DSA-44,verify,511,533315,28791
ML-DSA-44,verify,512,524333,28308
ML-DSA-44,verify,513,523556,28266
ML-DSA-44,verify,514,523352,28256
ML-DSA-44,verify,515,523278,28251
ML-DSA-44,verify,516,523222,28247
ML-DSA-44,verify,517,523315,28252
ML-DSA-44,verify,518,532685,28758
ML-DSA-44,verify,519,524537,28318
ML-DSA-44,verify,520,523519,28264
ML-DSA-44,verify,521,523388,28257
ML-DSA-44,verify,522,523370,28257
ML-DSA-44,verify,523,523370,28256
ML-DSA-44,verify,524,523426,28260
ML-DSA-44,verify,525,523389,28257
ML-DSA-44,verify,526,532945,28770
ML-DSA-44,verify,527,524296,28307
ML-DSA-44,verify,528,523426,28259
ML-DSA-44,verify,529,523334,28255
ML-DSA-44,verify,530,523223,28248
ML-DSA-44,verify,531,523352,28255
ML-DSA-44,verify,532,523444,28260
ML-DSA-44,verify,533,538259,29058
ML-DSA-44,verify,534,525315,28359
ML-DSA-44,verify,535,523315,28253
ML-DSA-44,verify,536,523370,28255
ML-DSA-44,verify,537,523296,28252
ML-DSA-44,verify,538,523426,28258
ML-DSA-44,verify,539,523389,28256
ML-DSA-44,verify,540,523297,28252
ML-DSA-44,verify,541,533352,28794
ML-DSA-44,verify,542,524593,28321
ML-DSA-44,verify,543,523537,28265
ML-DSA-44,verify,544,523371,28255
ML-DSA-44,verify,545,523278,28251
ML-DSA-44,verify,546,523370,28255
ML-DSA-44,verify,547,523315,28252
ML-DSA-44,verify,548,532241,28732
ML-DSA-44,verify,549,525037,28347
ML-DSA-44,verify,550,526871,28444
ML-DSA-44,verify,551,523389,28256
ML-DSA-44,verify,552,523351,28255
ML-DSA-44,verify,553,523315,28252
ML-DSA-44,verify,554,523352,28255
ML-DSA-44,verify,555,523370,28255
ML-DSA-44,verify,556,534186,28838
ML-DSA-44,verify,557,524945,28341
ML-DSA-44,verify,558,523389,28256
ML-DSA-44,verify,559,523259,28250
ML-DSA-44,verify,560,523389,28258
ML-DSA-44,verify,561,523148,28245
ML-DSA-44,verify,562,523314,28253
ML-DSA-44,verify,563,523371,28256
ML-DSA-44,verify,564,533056,28778
ML-DSA-44,verify,565,524259,28304
ML-DSA-44,verify,566,523407,28258
ML-DSA-44,verify,567,523463,28261
ML-DSA-44,verify,568,523333,28255
ML-DSA-44,verify,569,523277,28252
ML-DSA-44,verify,570,523408,28258
ML-DSA-44,verify,571,532963,28773
ML-DSA-44,verify,572,524518,28318
ML-DSA-44,verify,573,523445,28260
ML-DSA-44,verify,574,523371,28257
ML-DSA-44,verify,575,523352,28255
ML-DSA-44,verify,576,523389,28257
ML-DSA-44,verify,577,523426,28259
ML-DSA-44,verify,578,523278,28251
ML-DSA-44,verify,579,533055,28777
ML-DSA-44,verify,580,524426,28314
ML-DSA-44,verify,581,523481,28263
ML-DSA-44,verify,582,523352,28256
ML-DSA-44,verify,583,523315,28254
ML-DSA-44,verify,584,523371,28254
ML-DSA-44,verify,585,523333,28254
ML-DSA-44,verify,586,532981,28774
ML-DSA-44,verify,587,524556,28319
ML-DSA-44,verify,588,523519,28264
ML-DSA-44,verify,589,523389,28257
ML-DSA-44,verify,590,523407,28259
ML-DSA-44,verify,591,523519,28262
ML-DSA-44,verify,592,523518,28263
ML-DSA-44,verify,593,523056,28240
ML-DSA-44,verify,594,533074,28778
ML-DSA-44,verify,595,524574,28320
ML-DSA-44,verify,596,523482,28261
ML-DSA-44,verify,597,523259,28251
ML-DSA-44,verify,598,523333,28254
ML-DSA-44,verify,599,523333,28254
ML-DSA-44,verify,600,523370,28256
ML-DSA-44,verify,601,532704,28757
ML-DSA-44,verify,602,524574,28321
ML-DSA-44,verify,603,523574,28265
ML-DSA-44,verify,604,523463,28261
ML-DSA-44,verify,605,523370,28257
ML-DSA-44,verify,606,523444,28261
ML-DSA-44,verify,607,523389,28257
ML-DSA-44,verify,608,523445,28260
ML-DSA-44,verify,609,562333,30360
ML-DSA-44,verify,610,525592,28378
ML-DSA-44,verify,611,523444,28262
ML-DSA-44,verify,612,523334,28254
ML-DSA-44,verify,613,523259,28252
ML-DSA-44,verify,614,523296,28253
ML-DSA-44,verify,615,523333,28254
ML-DSA-44,verify,616,542203,29271
ML-DSA-44,verify,617,525037,28347
ML-DSA-44,verify,618,523593,28269
ML-DSA-44,verify,619,523537,28265
ML-DSA-44,verify,620,523389,28257
ML-DSA-44,verify,621,523389,28258
ML-DSA-44,verify,622,523463,28260
ML-DSA-44,verify,623,523389,28257
ML-DSA-44,verify,624,537759,29031
ML-DSA-44,verify,625,524740,28330
ML-DSA-44,verify,626,523389,28258
ML-DSA-44,verify,627,523259,28250
ML-DSA-44,verify,628,523240,28250
ML-DSA-44,verify,629,523389,28256
ML-DSA-44,verify,630,523334,28255
ML-DSA-44,verify,631,523444,28259
ML-DSA-44,verify,632,537685,29028
ML-DSA-44,verify,633,524223,28301
ML-DSA-44,verify,634,523556,28266
ML-DSA-44,verify,635,523334,28254
ML-DSA-44,verify,636,523352,28255
ML-DSA-44,verify,637,523352,28256
ML-DSA-44,verify,638,523445,28259
ML-DSA-44,verify,639,533759,28814
ML-DSA-44,verify,640,524278,28305
ML-DSA-44,verify,641,523574,28267
ML-DSA-44,verify,642,523297,28251
ML-DSA-44,verify,643,523463,28262
ML-DSA-44,verify,644,523370,28257
ML-DSA-44,verify,645,523352,28255
ML-DSA-44,verify,646,523389,28256
ML-DSA-44,verify,647,570370,30791
ML-DSA-44,verify,648,524889,28338
ML-DSA-44,verify,649,523482,28261
ML-DSA-44,verify,650,523241,28249
ML-DSA-44,verify,651,523259,28251
ML-DSA-44,verify,652,523185,28245
ML-DSA-44,verify,653,523426,28259
ML-DSA-44,verify,654,535963,28931
ML-DSA-44,verify,655,524500,28317
ML-DSA-44,verify,656,523278,28251
ML-DSA-44,verify,657,523222,28248
ML-DSA-44,verify,658,523148,28244
ML-DSA-44,verify,659,523296,28252
ML-DSA-44,verify,660,523185,28245
ML-DSA-44,verify,661,523018,28237
ML-DSA-44,verify,662,536074,28939
ML-DSA-44,verify,663,524666,28327
ML-DSA-44,verify,664,523352,28256
ML-DSA-44,verify,665,523186,28247
ML-DSA-44,verify,666,523130,28243
ML-DSA-44,verify,667,523185,28247
ML-DSA-44,verify,668,523223,28248
ML-DSA-44,verify,669,533019,28776
ML-DSA-44,verify,670,524426,28312
ML-DSA-44,verify,671,525852,28390
ML-DSA-44,verify,672,523278,28251
ML-DSA-44,verify,673,523167,28245
ML-DSA-44,verify,674,523167,28246
ML-DSA-44,verify,675,523185,28247
ML-DSA-44,verify,676,523204,28246
ML-DSA-44,verify,677,535074,28886
ML-DSA-44,verify,678,524537,28320
ML-DSA-44,verify,679,523408,28259
ML-DSA-44,verify,680,523314,28253
ML-DSA-44,verify,681,523315,28253
ML-DSA-44,verify,682,523425,28258
ML-DSA-44,verify,683,523333,28253
ML-DSA-44,verify,684,532537,28750
ML-DSA-44,verify,685,524685,28327
ML-DSA-44,verify,686,523500,28262
ML-DSA-44,verify,687,523315,28252
ML-DSA-44,verify,688,523296,28253
ML-DSA-44,verify,689,523334,28254
ML-DSA-44,verify,690,523259,28251
ML-DSA-44,verify,691,523240,28249
ML-DSA-44,verify,692,532963,28772
ML-DSA-44,verify,693,524518,28317
ML-DSA-44,verify,694,523260,28250
ML-DSA-44,verify,695,523444,28260
ML-DSA-44,verify,696,523500,28261
ML-DSA-44,verify,697,523352,28255
ML-DSA-44,verify,698,523278,28251
ML-DSA-44,verify,699,523315,28252
ML-DSA-44,verify,700,533685,28810
ML-DSA-44,verify,701,524834,28334
ML-DSA-44,verify,702,523297,28253
ML-DSA-44,verify,703,523463,28261
ML-DSA-44,verify,704,523667,28272
ML-DSA-44,verify,705,523334,28254
ML-DSA-44,verify,706,523741,28276
ML-DSA-44,verify,707,533129,28781
ML-DSA-44,verify,708,524426,28314
ML-DSA-44,verify,709,523407,28257
ML-DSA-44,verify,710,523296,28252
ML-DSA-44,verify,711,523463,28261
ML-DSA-44,verify,712,523389,28257
ML-DSA-44,verify,713,523408,28258
ML-DSA-44,verify,714,523352,28254
ML-DSA-44,verify,715,532963,28772
ML-DSA-44,verify,716,524352,28308
ML-DSA-44,verify,717,523463,28261
ML-DSA-44,verify,718,523296,28251
ML-DSA-44,verify,719,523315,28252
ML-DSA-44,verify,720,523241,28249
ML-DSA-44,verify,721,523333,28254
ML-DSA-44,verify,722,532871,28767
ML-DSA-44,verify,723,524463,28315
ML-DSA-44,verify,724,523611,28269
ML-DSA-44,verify,725,523926,28285
ML-DSA-44,verify,726,523352,28256
ML-DSA-44,verify,727,523426,28258
ML-DSA-44,verify,728,523537,28264
ML-DSA-44,verify,729,523351,28254
ML-DSA-44,verify,730,533148,28782
ML-DSA-44,verify,731,524481,28317
ML-DSA-44,verify,732,523463,28260
ML-DSA-44,verify,733,523222,28249
ML-DSA-44,verify,734,523370,28256
ML-DSA-44,verify,735,523241,28250
ML-DSA-44,verify,736,523407,28259
ML-DSA-44,verify,737,532389,28742
ML-DSA-44,verify,738,524629,28324
ML-DSA-44,verify,739,523389,28258
ML-DSA-44,verify,740,523388,28258
ML-DSA-44,verify,741,523389,28258
ML-DSA-44,verify,742,523259,28251
ML-DSA-44,verify,743,523185,28247
ML-DSA-44,verify,744,523334,28253
ML-DSA-44,verify,745,532833,28767
ML-DSA-44,verify,746,524574,28320
ML-DSA-44,verify,747,523537,28265
ML-DSA-44,verify,748,523463,28262
ML-DSA-44,verify,749,523370,28256
ML-DSA-44,verify,750,523148,28244
ML-DSA-44,verify,751,523352,28255
ML-DSA-44,verify,752,523315,28253
ML-DSA-44,verify,753,533297,28791
ML-DSA-44,verify,754,524444,28314
ML-DSA-44,verify,755,523426,28258
ML-DSA-44,verify,756,523314,28254
ML-DSA-44,verify,757,523278,28251
ML-DSA-44,verify,758,523315,28252
ML-DSA-44,verify,759,523352,28255
ML-DSA-44,verify,760,532852,28767
ML-DSA-44,verify,761,524593,28323
ML-DSA-44,verify,762,523408,28257
ML-DSA-44,verify,763,523352,28255
ML-DSA-44,verify,764,523389,28257
ML-DSA-44,verify,765,523260,28249
ML-DSA-44,verify,766,523222,28247
ML-DSA-44,verify,767,523408,28259
ML-DSA-44,verify,768,538760,29086
ML-DSA-44,verify,769,524685,28329
ML-DSA-44,verify,770,523463,28261
ML-DSA-44,verify,771,523296,28253
ML-DSA-44,verify,772,523315,28252
ML-DSA-44,verify,773,523407,28258
ML-DSA-44,verify,774,523444,28260
ML-DSA-44,verify,775,533722,28813
ML-DSA-44,verify,776,524944,28342
ML-DSA-44,verify,777,523389,28258
ML-DSA-44,verify,778,523425,28259
ML-DSA-44,verify,779,523148,28245
ML-DSA-44,verify,780,523260,28250
ML-DSA-44,verify,781,523278,28250
ML-DSA-44,verify,782,523426,28259
ML-DSA-44,verify,783,533315,28791
ML-DSA-44,verify,784,524500,28317
ML-DSA-44,verify,785,523537,28264
ML-DSA-44,verify,786,523463,28261
ML-DSA-44,verify,787,523278,28251
ML-DSA-44,verify,788,523296,28253
ML-DSA-44,verify,789,523352,28254
ML-DSA-44,verify,790,532907,28768
ML-DSA-44,verify,791,526444,28421
ML-DSA-44,verify,792,523537,28266
ML-DSA-44,verify,793,523426,28259
ML-DSA-44,verify,794,523352,28255
ML-DSA-44,verify,795,523371,28256
ML-DSA-44,verify,796,523388,28257
ML-DSA-44,verify,797,523204,28248
ML-DSA-44,verify,798,534167,28838
ML-DSA-44,verify,799,525074,28347
ML-DSA-44,verify,800,523333,28254
ML-DSA-44,verify,801,523352,28256
ML-DSA-44,verify,802,523407,28257
ML-DSA-44,verify,803,523111,28242
ML-DSA-44,verify,804,523223,28249
ML-DSA-44,verify,805,523223,28248
ML-DSA-44,verify,806,533222,28786
ML-DSA-44,verify,807,524370,28311
ML-DSA-44,verify,808,523333,28253
ML-DSA-44,verify,809,523278,28251
ML-DSA-44,verify,810,523352,28254
ML-DSA-44,verify,811,523315,28253
ML-DSA-44,verify,812,523315,28252
ML-DSA-44,verify,813,532907,28769
ML-DSA-44,verify,814,525019,28345
ML-DSA-44,verify,815,523500,28263
ML-DSA-44,verify,816,523371,28256
ML-DSA-44,verify,817,523463,28260
ML-DSA-44,verify,818,523222,28247
ML-DSA-44,verify,819,523278,28250
ML-DSA-44,verify,820,523278,28251
ML-DSA-44,verify,821,533129,28782
ML-DSA-44,verify,822,524277,28305
ML-DSA-44,verify,823,523481,28261
ML-DSA-44,verify,824,523444,28260
ML-DSA-44,verify,825,523315,28253
ML-DSA-44,verify,826,523259,28250
ML-DSA-44,verify,827,523222,28249
ML-DSA-44,verify,828,532963,28773
ML-DSA-44,verify,829,525000,28345
ML-DSA-44,verify,830,523352,28254
ML-DSA-44,verify,831,523371,28256
ML-DSA-44,verify,832,523259,28251
ML-DSA-44,verify,833,523278,28251
ML-DSA-44,verify,834,523315,28253
ML-DSA-44,verify,835,523278,28250
ML-DSA-44,verify,836,533149,28782
ML-DSA-44,verify,837,524519,28319
ML-DSA-44,verify,838,523482,28263
ML-DSA-44,verify,839,523371,28257
ML-DSA-44,verify,840,523352,28256
ML-DSA-44,verify,841,523278,28251
ML-DSA-44,verify,842,523240,28249
ML-DSA-44,verify,843,532463,28747
ML-DSA-44,verify,844,524574,28321
ML-DSA-44,verify,845,523649,28271
ML-DSA-44,verify,846,523407,28258
ML-DSA-44,verify,847,523408,28258
ML-DSA-44,verify,848,523351,28255
ML-DSA-44,verify,849,523315,28253
ML-DSA-44,verify,850,523407,28258
ML-DSA-44,verify,851,532926,28771
ML-DSA-44,verify,852,524537,28320
ML-DSA-44,verify,853,523296,28252
ML-DSA-44,verify,854,523315,28254
ML-DSA-44,verify,855,523296,28252
ML-DSA-44,verify,856,523333,28253
ML-DSA-44,verify,857,523500,28263
ML-DSA-44,verify,858,523352,28255
ML-DSA-44,verify,859,532889,28768
ML-DSA-44,verify,860,524389,28312
ML-DSA-44,verify,861,523129,28243
ML-DSA-44,verify,862,523352,28256
ML-DSA-44,verify,863,523260,28251
ML-DSA-44,verify,864,523223,28248
ML-DSA-44,verify,865,523222,28249
ML-DSA-44,verify,866,533777,28816
ML-DSA-44,verify,867,524556,28321
ML-DSA-44,verify,868,523389,28257
ML-DSA-44,verify,869,523426,28258
ML-DSA-44,verify,870,523296,28253
ML-DSA-44,verify,871,523352,28255
ML-DSA-44,verify,872,523296,28253
ML-DSA-44,verify,873,523370,28255
ML-DSA-44,verify,874,533278,28790
ML-DSA-44,verify,875,524389,28312
ML-DSA-44,verify,876,523463,28261
ML-DSA-44,verify,877,523519,28265
ML-DSA-44,verify,878,523371,28255
ML-DSA-44,verify,879,523351,28255
ML-DSA-44,verify,880,523333,28255
ML-DSA-44,verify,881,533296,28791
ML-DSA-44,verify,882,524500,28317
ML-DSA-44,verify,883,523407,28258
ML-DSA-44,verify,884,523277,28252
ML-DSA-44,verify,885,523389,28256
ML-DSA-44,verify,886,523407,28259
ML-DSA-44,verify,887,529630,28594
ML-DSA-44,verify,888,524148,28297
ML-DSA-44,verify,889,533241,28788
ML-DSA-44,verify,890,524500,28318
ML-DSA-44,verify,891,523519,28264
ML-DSA-44,verify,892,523277,28251
ML-DSA-44,verify,893,523222,28249
ML-DSA-44,verify,894,523297,28253
ML-DSA-44,verify,895,523278,28252
ML-DSA-44,verify,896,532926,28770
ML-DSA-44,verify,897,524592,28322
ML-DSA-44,verify,898,523462,28262
ML-DSA-44,verify,899,523371,28256
ML-DSA-44,verify,900,523370,28255
ML-DSA-44,verify,901,523315,28252
ML-DSA-44,verify,902,523463,28261
ML-DSA-44,verify,903,523278,28251
ML-DSA-44,verify,904,532907,28770
ML-DSA-44,verify,905,525037,28346
ML-DSA-44,verify,906,523389,28257
ML-DSA-44,verify,907,523370,28255
ML-DSA-44,verify,908,523185,28246
ML-DSA-44,verify,909,523333,28253
ML-DSA-44,verify,910,523371,28257
ML-DSA-44,verify,911,523388,28258
ML-DSA-44,verify,912,536240,28950
ML-DSA-44,verify,913,524092,28293
ML-DSA-44,verify,914,622148,33585
ML-DSA-44,verify,915,526926,28447
ML-DSA-44,verify,916,523333,28254
ML-DSA-44,verify,917,523204,28248
ML-DSA-44,verify,918,523278,28250
ML-DSA-44,verify,919,535222,28896
ML-DSA-44,verify,920,524611,28324
ML-DSA-44,verify,921,523371,28257
ML-DSA-44,verify,922,523240,28249
ML-DSA-44,verify,923,523296,28252
ML-DSA-44,verify,924,523111,28242
ML-DSA-44,verify,925,523333,28253
ML-DSA-44,verify,926,532667,28757
ML-DSA-44,verify,927,524685,28326
ML-DSA-44,verify,928,523278,28251
ML-DSA-44,verify,929,523297,28253
ML-DSA-44,verify,930,523296,28251
ML-DSA-44,verify,931,523333,28254
ML-DSA-44,verify,932,523297,28252
ML-DSA-44,verify,933,523241,28249
ML-DSA-44,verify,934,534278,28843
ML-DSA-44,verify,935,524445,28314
ML-DSA-44,verify,936,523555,28266
ML-DSA-44,verify,937,523555,28266
ML-DSA-44,verify,938,523130,28243
ML-DSA-44,verify,939,523166,28244
ML-DSA-44,verify,940,523334,28254
ML-DSA-44,verify,941,523260,28250
ML-DSA-44,verify,942,533352,28793
ML-DSA-44,verify,943,524167,28299
ML-DSA-44,verify,944,523241,28250
ML-DSA-44,verify,945,523167,28245
ML-DSA-44,verify,946,523185,28246
ML-DSA-44,verify,947,523185,28247
ML-DSA-44,verify,948,523166,28244
ML-DSA-44,verify,949,532796,28762
ML-DSA-44,verify,950,524481,28316
ML-DSA-44,verify,951,523203,28246
ML-DSA-44,verify,952,523334,28255
ML-DSA-44,verify,953,523278,28250
ML-DSA-44,verify,954,523148,28244
ML-DSA-44,verify,955,523130,28244
ML-DSA-44,verify,956,523223,28249
ML-DSA-44,verify,957,532963,28773
ML-DSA-44,verify,958,524370,28310
ML-DSA-44,verify,959,523315,28252
ML-DSA-44,verify,960,523148,28243
ML-DSA-44,verify,961,523260,28249
ML-DSA-44,verify,962,523297,28252
ML-DSA-44,verify,963,523296,28252
ML-DSA-44,verify,964,532463,28745
ML-DSA-44,verify,965,524815,28333
ML-DSA-44,verify,966,523259,28250
ML-DSA-44,verify,967,523315,28253
ML-DSA-44,verify,968,523222,28249
ML-DSA-44,verify,969,523167,28245
ML-DSA-44,verify,970,523222,28248
ML-DSA-44,verify,971,523371,28256
ML-DSA-44,verify,972,533203,28785
ML-DSA-44,verify,973,524333,28308
ML-DSA-44,verify,974,523222,28248
ML-DSA-44,verify,975,523185,28246
ML-DSA-44,verify,976,523241,28249
ML-DSA-44,verify,977,523148,28244
ML-DSA-44,verify,978,523186,28246
ML-DSA-44,verify,979,532333,28738
ML-DSA-44,verify,980,524444,28314
ML-DSA-44,verify,981,523426,28259
ML-DSA-44,verify,982,523093,28241
ML-DSA-44,verify,983,523204,28247
ML-DSA-44,verify,984,523204,28247
ML-DSA-44,verify,985,523167,28244
ML-DSA-44,verify,986,523296,28252
ML-DSA-44,verify,987,533037,28777
ML-DSA-44,verify,988,524352,28309
ML-DSA-44,verify,989,523352,28256
ML-DSA-44,verify,990,523370,28257
ML-DSA-44,verify,991,523389,28256
ML-DSA-44,verify,992,523166,28244
ML-DSA-44,verify,993,523185,28246
ML-DSA-44,verify,994,523259,28250
ML-DSA-44,verify,995,533166,28782
ML-DSA-44,verify,996,524222,28303
ML-DSA-44,verify,997,523389,28257
ML-DSA-44,verify,998,523334,28253
ML-DSA-44,verify,999,523277,28251
