algo,op,iter,wall_ns,cycles
ecdsa-P-384,keygen,0,469729,1262516
ecdsa-P-384,keygen,1,477253,1282796
ecdsa-P-384,keygen,2,469499,1261958
ecdsa-P-384,keygen,3,474183,1274538
ecdsa-P-384,keygen,4,466066,1252732
ecdsa-P-384,keygen,5,471802,1268148
ecdsa-P-384,keygen,6,467644,1256972
ecdsa-P-384,keygen,7,470611,1264948
ecdsa-P-384,keygen,8,470476,1264582
ecdsa-P-384,keygen,9,476161,1279864
ecdsa-P-384,keygen,10,474510,1275424
ecdsa-P-384,keygen,11,472466,1269934
ecdsa-P-384,keygen,12,469195,1261144
ecdsa-P-384,keygen,13,474470,1275320
ecdsa-P-384,keygen,14,469895,1263022
ecdsa-P-384,keygen,15,470025,1263374
ecdsa-P-384,keygen,16,468226,1258536
ecdsa-P-384,keygen,17,467998,1257924
ecdsa-P-384,keygen,18,467725,1257188
ecdsa-P-384,keygen,19,469664,1262400
ecdsa-P-384,keygen,20,468650,1259678
ecdsa-P-384,keygen,21,467942,1257772
ecdsa-P-384,keygen,22,466608,1254190
ecdsa-P-384,keygen,23,473653,1273124
ecdsa-P-384,keygen,24,470112,1263604
ecdsa-P-384,keygen,25,467902,1257666
ecdsa-P-384,keygen,26,469543,1262078
ecdsa-P-384,keygen,27,471727,1267944
ecdsa-P-384,keygen,28,482757,1297554
ecdsa-P-384,keygen,29,474020,1274108
ecdsa-P-384,keygen,30,470416,1264422
ecdsa-P-384,keygen,31,469392,1261670
ecdsa-P-384,keygen,32,471035,1266070
ecdsa-P-384,keygen,33,471267,1266710
ecdsa-P-384,keygen,34,466465,1253804
ecdsa-P-384,keygen,35,471617,1267648
ecdsa-P-384,keygen,36,474557,1275556
ecdsa-P-384,keygen,37,467841,1257500
ecdsa-P-384,keygen,38,465097,1250128
ecdsa-P-384,keygen,39,468281,1258684
ecdsa-P-384,keygen,40,469207,1261170
ecdsa-P-384,keygen,41,467833,1257478
ecdsa-P-384,keygen,42,463439,1245668
ecdsa-P-384,keygen,43,467234,1255870
ecdsa-P-384,keygen,44,467821,1257450
ecdsa-P-384,keygen,45,468495,1259260
ecdsa-P-384,keygen,46,463958,1247060
ecdsa-P-384,keygen,47,468194,1258450
ecdsa-P-384,keygen,48,471034,1266084
ecdsa-P-384,keygen,49,469061,1260780
ecdsa-P-384,keygen,50,469465,1261868
ecdsa-P-384,keygen,51,470977,1265930
ecdsa-P-384,keygen,52,473714,1273290
ecdsa-P-384,keygen,53,472822,1270890
ecdsa-P-384,keygen,54,469896,1263026
ecdsa-P-384,keygen,55,467425,1256384
ecdsa-P-384,keygen,56,466600,1254168
ecdsa-P-384,keygen,57,468470,1259192
ecdsa-P-384,keygen,58,467389,1256284
ecdsa-P-384,keygen,59,468516,1259316
ecdsa-P-384,keygen,60,467456,1256468
ecdsa-P-384,keygen,61,467479,1256526
ecdsa-P-384,keygen,62,466491,1253876
ecdsa-P-384,keygen,63,464941,1249704
ecdsa-P-384,keygen,64,464784,1249282
ecdsa-P-384,keygen,65,467030,1255326
ecdsa-P-384,keygen,66,468758,1259966
ecdsa-P-384,keygen,67,467950,1257792
ecdsa-P-384,keygen,68,466730,1254514
ecdsa-P-384,keygen,69,471262,1266696
ecdsa-P-384,keygen,70,467467,1256502
ecdsa-P-384,keygen,71,468584,1259498
ecdsa-P-384,keygen,72,464595,1248776
ecdsa-P-384,keygen,73,467538,1256692
ecdsa-P-384,keygen,74,467848,1257522
ecdsa-P-384,keygen,75,466840,1254812
ecdsa-P-384,keygen,76,465679,1251688
ecdsa-P-384,keygen,77,475740,1278716
ecdsa-P-384,keygen,78,465323,1250732
ecdsa-P-384,keygen,79,465253,1250548
ecdsa-P-384,keygen,80,474349,1274994
ecdsa-P-384,keygen,81,473247,1272028
ecdsa-P-384,keygen,82,475303,1277560
ecdsa-P-384,keygen,83,466850,1254836
ecdsa-P-384,keygen,84,481387,1293900
ecdsa-P-384,keygen,85,467608,1256872
ecdsa-P-384,keygen,86,465692,1251724
ecdsa-P-384,keygen,87,469871,1262960
ecdsa-P-384,keygen,88,467990,1257900
ecdsa-P-384,keygen,89,468172,1258388
ecdsa-P-384,keygen,90,470117,1263610
ecdsa-P-384,keygen,91,473226,1271976
ecdsa-P-384,keygen,92,467081,1255460
ecdsa-P-384,keygen,93,469776,1262704
ecdsa-P-384,keygen,94,469132,1260970
ecdsa-P-384,keygen,95,468170,1258386
ecdsa-P-384,keygen,96,464112,1247474
ecdsa-P-384,keygen,97,468269,1258648
ecdsa-P-384,keygen,98,467032,1255326
ecdsa-P-384,keygen,99,468739,1259916
ecdsa-P-384,keygen,100,467185,1255742
ecdsa-P-384,keygen,101,466384,1253584
ecdsa-P-384,keygen,102,470937,1265826
ecdsa-P-384,keygen,103,468534,1259362
ecdsa-P-384,keygen,104,467322,1256104
ecdsa-P-384,keygen,105,472465,1269930
ecdsa-P-384,keygen,106,467547,1256714
ecdsa-P-384,keygen,107,467570,1256772
ecdsa-P-384,keygen,108,469177,1261092
ecdsa-P-384,keygen,109,466757,1254588
ecdsa-P-384,keygen,110,469651,1262366
ecdsa-P-384,keygen,111,474635,1275762
ecdsa-P-384,keygen,112,471025,1266058
ecdsa-P-384,keygen,113,470571,1264844
ecdsa-P-384,keygen,114,470674,1265120
ecdsa-P-384,keygen,115,471535,1267430
ecdsa-P-384,keygen,116,465782,1251966
ecdsa-P-384,keygen,117,471161,1266428
ecdsa-P-384,keygen,118,472593,1270272
ecdsa-P-384,keygen,119,469952,1263174
ecdsa-P-384,keygen,120,465883,1252162
ecdsa-P-384,keygen,121,465769,1251932
ecdsa-P-384,keygen,122,469542,1262044
ecdsa-P-384,keygen,123,465500,1251208
ecdsa-P-384,keygen,124,470611,1264940
ecdsa-P-384,keygen,125,468067,1258108
ecdsa-P-384,keygen,126,471385,1267026
ecdsa-P-384,keygen,127,472588,1270260
ecdsa-P-384,keygen,128,485224,1304228
ecdsa-P-384,keygen,129,472375,1269688
ecdsa-P-384,keygen,130,471353,1266918
ecdsa-P-384,keygen,131,470821,1265512
ecdsa-P-384,keygen,132,472746,1270684
ecdsa-P-384,keygen,133,471411,1267096
ecdsa-P-384,keygen,134,469503,1261974
ecdsa-P-384,keygen,135,472301,1269490
ecdsa-P-384,keygen,136,468948,1260478
ecdsa-P-384,keygen,137,471524,1267402
ecdsa-P-384,keygen,138,472992,1271346
ecdsa-P-384,keygen,139,481080,1293052
ecdsa-P-384,keygen,140,475680,1278570
ecdsa-P-384,keygen,141,474335,1274948
ecdsa-P-384,keygen,142,470274,1264042
ecdsa-P-384,keygen,143,470852,1265590
ecdsa-P-384,keygen,144,472240,1269326
ecdsa-P-384,keygen,145,474154,1274470
ecdsa-P-384,keygen,146,467950,1257796
ecdsa-P-384,keygen,147,470213,1263876
ecdsa-P-384,keygen,148,473932,1273876
ecdsa-P-384,keygen,149,473041,1271478
ecdsa-P-384,keygen,150,473010,1271394
ecdsa-P-384,keygen,151,467781,1257342
ecdsa-P-384,keygen,152,472884,1271056
ecdsa-P-384,keygen,153,473181,1271852
ecdsa-P-384,keygen,154,469747,1262626
ecdsa-P-384,keygen,155,472516,1270068
ecdsa-P-384,keygen,156,468993,1260594
ecdsa-P-384,keygen,157,472967,1271280
ecdsa-P-384,keygen,158,470598,1264912
ecdsa-P-384,keygen,159,474096,1274316
ecdsa-P-384,keygen,160,473106,1271656
ecdsa-P-384,keygen,161,472474,1269956
ecdsa-P-384,keygen,162,469709,1262522
ecdsa-P-384,keygen,163,471600,1267608
ecdsa-P-384,keygen,164,473918,1273836
ecdsa-P-384,keygen,165,472519,1270074
ecdsa-P-384,keygen,166,470471,1264570
ecdsa-P-384,keygen,167,468563,1259442
ecdsa-P-384,keygen,168,468524,1259340
ecdsa-P-384,keygen,169,473646,1273106
ecdsa-P-384,keygen,170,468019,1257980
ecdsa-P-384,keygen,171,473439,1272550
ecdsa-P-384,keygen,172,469550,1262098
ecdsa-P-384,keygen,173,467645,1256974
ecdsa-P-384,keygen,174,464530,1248602
ecdsa-P-384,keygen,175,466475,1253828
ecdsa-P-384,keygen,176,468658,1259698
ecdsa-P-384,keygen,177,469095,1260874
ecdsa-P-384,keygen,178,471468,1267250
ecdsa-P-384,keygen,179,469821,1262824
ecdsa-P-384,keygen,180,471848,1268270
ecdsa-P-384,keygen,181,470743,1265302
ecdsa-P-384,keygen,182,467808,1257414
ecdsa-P-384,keygen,183,466074,1252750
ecdsa-P-384,keygen,184,469187,1261118
ecdsa-P-384,keygen,185,467128,1255584
ecdsa-P-384,keygen,186,467354,1256192
ecdsa-P-384,keygen,187,471230,1266608
ecdsa-P-384,keygen,188,470152,1263716
ecdsa-P-384,keygen,189,469574,1262160
ecdsa-P-384,keygen,190,470190,1263816
ecdsa-P-384,keygen,191,467554,1256726
ecdsa-P-384,keygen,192,470969,1265912
ecdsa-P-384,keygen,193,472523,1270088
ecdsa-P-384,keygen,194,471377,1267006
ecdsa-P-384,keygen,195,474431,1275218
ecdsa-P-384,keygen,196,476208,1279994
ecdsa-P-384,keygen,197,471617,1267654
ecdsa-P-384,keygen,198,470364,1264282
ecdsa-P-384,keygen,199,465636,1251576
ecdsa-P-384,keygen,200,469048,1260748
ecdsa-P-384,keygen,201,471043,1266108
ecdsa-P-384,keygen,202,468973,1260546
ecdsa-P-384,keygen,203,470993,1265976
ecdsa-P-384,keygen,204,472080,1268896
ecdsa-P-384,keygen,205,469533,1262050
ecdsa-P-384,keygen,206,468052,1258070
ecdsa-P-384,keygen,207,470654,1265064
ecdsa-P-384,keygen,208,469045,1260736
ecdsa-P-384,keygen,209,468710,1259836
ecdsa-P-384,keygen,210,473806,1273538
ecdsa-P-384,keygen,211,470389,1264352
ecdsa-P-384,keygen,212,470977,1265856
ecdsa-P-384,keygen,213,472946,1271222
ecdsa-P-384,keygen,214,470032,1263286
ecdsa-P-384,keygen,215,471655,1267752
ecdsa-P-384,keygen,216,469949,1263166
ecdsa-P-384,keygen,217,471749,1268006
ecdsa-P-384,keygen,218,470700,1265188
ecdsa-P-384,keygen,219,472598,1270288
ecdsa-P-384,keygen,220,471856,1268294
ecdsa-P-384,keygen,221,471735,1267968
ecdsa-P-384,keygen,222,471631,1267688
ecdsa-P-384,keygen,223,471261,1266696
ecdsa-P-384,keygen,224,471247,1266656
ecdsa-P-384,keygen,225,472528,1270100
ecdsa-P-384,keygen,226,470608,1264938
ecdsa-P-384,keygen,227,465127,1250204
ecdsa-P-384,keygen,228,470832,1265544
ecdsa-P-384,keygen,229,469178,1261094
ecdsa-P-384,keygen,230,468326,1258804
ecdsa-P-384,keygen,231,464691,1249036
ecdsa-P-384,keygen,232,467844,1257508
ecdsa-P-384,keygen,233,466126,1252892
ecdsa-P-384,keygen,234,466255,1253214
ecdsa-P-384,keygen,235,468963,1260522
ecdsa-P-384,keygen,236,466949,1255104
ecdsa-P-384,keygen,237,467822,1257450
ecdsa-P-384,keygen,238,463235,1245120
ecdsa-P-384,keygen,239,467768,1257306
ecdsa-P-384,keygen,240,467043,1255358
ecdsa-P-384,keygen,241,466624,1254228
ecdsa-P-384,keygen,242,466925,1255042
ecdsa-P-384,keygen,243,466934,1255064
ecdsa-P-384,keygen,244,467266,1255954
ecdsa-P-384,keygen,245,466607,1254186
ecdsa-P-384,keygen,246,468069,1258116
ecdsa-P-384,keygen,247,465457,1251092
ecdsa-P-384,keygen,248,466675,1254366
ecdsa-P-384,keygen,249,465784,1251974
ecdsa-P-384,keygen,250,466497,1253888
ecdsa-P-384,keygen,251,466451,1253762
ecdsa-P-384,keygen,252,470738,1265288
ecdsa-P-384,keygen,253,465262,1250568
ecdsa-P-384,keygen,254,468759,1259968
ecdsa-P-384,keygen,255,468456,1259154
ecdsa-P-384,keygen,256,466950,1255106
ecdsa-P-384,keygen,257,465177,1250344
ecdsa-P-384,keygen,258,465863,1252182
ecdsa-P-384,keygen,259,464984,1249824
ecdsa-P-384,keygen,260,466491,1253870
ecdsa-P-384,keygen,261,467645,1256978
ecdsa-P-384,keygen,262,468285,1258694
ecdsa-P-384,keygen,263,466167,1253000
ecdsa-P-384,keygen,264,465885,1252244
ecdsa-P-384,keygen,265,469410,1261722
ecdsa-P-384,keygen,266,469554,1262106
ecdsa-P-384,keygen,267,473326,1272244
ecdsa-P-384,keygen,268,472966,1271276
ecdsa-P-384,keygen,269,473539,1272818
ecdsa-P-384,keygen,270,470825,1265524
ecdsa-P-384,keygen,271,470744,1265302
ecdsa-P-384,keygen,272,468237,1258562
ecdsa-P-384,keygen,273,470704,1265198
ecdsa-P-384,keygen,274,471107,1266280
ecdsa-P-384,keygen,275,469278,1261366
ecdsa-P-384,keygen,276,470025,1263372
ecdsa-P-384,keygen,277,467473,1256510
ecdsa-P-384,keygen,278,463901,1246910
ecdsa-P-384,keygen,279,467947,1257786
ecdsa-P-384,keygen,280,464397,1248244
ecdsa-P-384,keygen,281,467539,1256690
ecdsa-P-384,keygen,282,466972,1255164
ecdsa-P-384,keygen,283,466061,1252716
ecdsa-P-384,keygen,284,468866,1260250
ecdsa-P-384,keygen,285,471811,1268172
ecdsa-P-384,keygen,286,469935,1263130
ecdsa-P-384,keygen,287,468957,1260498
ecdsa-P-384,keygen,288,472882,1271054
ecdsa-P-384,keygen,289,469082,1260838
ecdsa-P-384,keygen,290,472236,1269316
ecdsa-P-384,keygen,291,470942,1265838
ecdsa-P-384,keygen,292,471160,1266424
ecdsa-P-384,keygen,293,472433,1269844
ecdsa-P-384,keygen,294,469134,1260976
ecdsa-P-384,keygen,295,469192,1261134
ecdsa-P-384,keygen,296,469470,1261880
ecdsa-P-384,keygen,297,468368,1258918
ecdsa-P-384,keygen,298,463877,1246840
ecdsa-P-384,keygen,299,465862,1252182
ecdsa-P-384,keygen,300,466225,1253160
ecdsa-P-384,keygen,301,470111,1263606
ecdsa-P-384,keygen,302,474097,1274318
ecdsa-P-384,keygen,303,471162,1266424
ecdsa-P-384,keygen,304,474168,1274508
ecdsa-P-384,keygen,305,471159,1266422
ecdsa-P-384,keygen,306,472620,1270346
ecdsa-P-384,keygen,307,470756,1265338
ecdsa-P-384,keygen,308,479141,1287878
ecdsa-P-384,keygen,309,472271,1269410
ecdsa-P-384,keygen,310,473596,1272972
ecdsa-P-384,keygen,311,466729,1254512
ecdsa-P-384,keygen,312,470145,1263694
ecdsa-P-384,keygen,313,472511,1270052
ecdsa-P-384,keygen,314,472971,1271292
ecdsa-P-384,keygen,315,472759,1270720
ecdsa-P-384,keygen,316,472033,1268766
ecdsa-P-384,keygen,317,469374,1261622
ecdsa-P-384,keygen,318,473134,1271726
ecdsa-P-384,keygen,319,469665,1262406
ecdsa-P-384,keygen,320,468877,1260284
ecdsa-P-384,keygen,321,466773,1254632
ecdsa-P-384,keygen,322,470308,1264128
ecdsa-P-384,keygen,323,464622,1248850
ecdsa-P-384,keygen,324,466509,1253918
ecdsa-P-384,keygen,325,468327,1258810
ecdsa-P-384,keygen,326,467013,1255274
ecdsa-P-384,keygen,327,467587,1256820
ecdsa-P-384,keygen,328,466366,1253534
ecdsa-P-384,keygen,329,466998,1255236
ecdsa-P-384,keygen,330,467168,1255688
ecdsa-P-384,keygen,331,465693,1251728
ecdsa-P-384,keygen,332,466905,1254984
ecdsa-P-384,keygen,333,468705,1259822
ecdsa-P-384,keygen,334,466101,1252824
ecdsa-P-384,keygen,335,466420,1253678
ecdsa-P-384,keygen,336,466262,1253258
ecdsa-P-384,keygen,337,468734,1259902
ecdsa-P-384,keygen,338,463150,1244894
ecdsa-P-384,keygen,339,467567,1256764
ecdsa-P-384,keygen,340,463992,1247154
ecdsa-P-384,keygen,341,466832,1254788
ecdsa-P-384,keygen,342,467472,1256512
ecdsa-P-384,keygen,343,468609,1259566
ecdsa-P-384,keygen,344,464227,1247786
ecdsa-P-384,keygen,345,466290,1253332
ecdsa-P-384,keygen,346,467741,1257232
ecdsa-P-384,keygen,347,463704,1246380
ecdsa-P-384,keygen,348,467106,1255524
ecdsa-P-384,keygen,349,466029,1252630
ecdsa-P-384,keygen,350,519244,1395660
ecdsa-P-384,keygen,351,466570,1254086
ecdsa-P-384,keygen,352,470582,1264862
ecdsa-P-384,keygen,353,467246,1255902
ecdsa-P-384,keygen,354,468677,1259740
ecdsa-P-384,keygen,355,465247,1250530
ecdsa-P-384,keygen,356,470510,1264678
ecdsa-P-384,keygen,357,467707,1257140
ecdsa-P-384,keygen,358,469635,1262318
ecdsa-P-384,keygen,359,467977,1257866
ecdsa-P-384,keygen,360,467334,1256132
ecdsa-P-384,keygen,361,468382,1258956
ecdsa-P-384,keygen,362,468671,1259724
ecdsa-P-384,keygen,363,468437,1259098
ecdsa-P-384,keygen,364,470138,1263654
ecdsa-P-384,keygen,365,468031,1258012
ecdsa-P-384,keygen,366,470125,1263640
ecdsa-P-384,keygen,367,470647,1265038
ecdsa-P-384,keygen,368,468409,1259024
ecdsa-P-384,keygen,369,470521,1264698
ecdsa-P-384,keygen,370,469904,1263042
ecdsa-P-384,keygen,371,473392,1272418
ecdsa-P-384,keygen,372,465567,1251390
ecdsa-P-384,keygen,373,467275,1255974
ecdsa-P-384,keygen,374,465316,1250710
ecdsa-P-384,keygen,375,467308,1256062
ecdsa-P-384,keygen,376,466161,1252984
ecdsa-P-384,keygen,377,466210,1253110
ecdsa-P-384,keygen,378,465728,1251818
ecdsa-P-384,keygen,379,468690,1259786
ecdsa-P-384,keygen,380,467569,1256772
ecdsa-P-384,keygen,381,472566,1270202
ecdsa-P-384,keygen,382,473873,1273712
ecdsa-P-384,keygen,383,470262,1264008
ecdsa-P-384,keygen,384,464803,1249330
ecdsa-P-384,keygen,385,472655,1270442
ecdsa-P-384,keygen,386,474376,1275064
ecdsa-P-384,keygen,387,467989,1257898
ecdsa-P-384,keygen,388,466833,1254788
ecdsa-P-384,keygen,389,468697,1259802
ecdsa-P-384,keygen,390,467656,1256998
ecdsa-P-384,keygen,391,470423,1264436
ecdsa-P-384,keygen,392,488086,1311898
ecdsa-P-384,keygen,393,468518,1259322
ecdsa-P-384,keygen,394,468099,1258196
ecdsa-P-384,keygen,395,467308,1256068
ecdsa-P-384,keygen,396,466885,1254932
ecdsa-P-384,keygen,397,468219,1258518
ecdsa-P-384,keygen,398,464995,1249824
ecdsa-P-384,keygen,399,467838,1257492
ecdsa-P-384,keygen,400,465849,1252148
ecdsa-P-384,keygen,401,468120,1258254
ecdsa-P-384,keygen,402,471306,1266812
ecdsa-P-384,keygen,403,465633,1251568
ecdsa-P-384,keygen,404,467157,1255658
ecdsa-P-384,keygen,405,466347,1253486
ecdsa-P-384,keygen,406,466483,1253854
ecdsa-P-384,keygen,407,466498,1253892
ecdsa-P-384,keygen,408,466776,1254638
ecdsa-P-384,keygen,409,467583,1256808
ecdsa-P-384,keygen,410,467103,1255516
ecdsa-P-384,keygen,411,466733,1254524
ecdsa-P-384,keygen,412,478069,1284968
ecdsa-P-384,keygen,413,466786,1254664
ecdsa-P-384,keygen,414,466720,1254488
ecdsa-P-384,keygen,415,468159,1258264
ecdsa-P-384,keygen,416,469443,1261810
ecdsa-P-384,keygen,417,464148,1247576
ecdsa-P-384,keygen,418,466759,1254592
ecdsa-P-384,keygen,419,468061,1258094
ecdsa-P-384,keygen,420,474632,1275754
ecdsa-P-384,keygen,421,472035,1268724
ecdsa-P-384,keygen,422,466200,1253092
ecdsa-P-384,keygen,423,467573,1256780
ecdsa-P-384,keygen,424,468371,1258928
ecdsa-P-384,keygen,425,464199,1247714
ecdsa-P-384,keygen,426,464828,1249406
ecdsa-P-384,keygen,427,465623,1251540
ecdsa-P-384,keygen,428,466768,1254616
ecdsa-P-384,keygen,429,465814,1252054
ecdsa-P-384,keygen,430,464073,1247372
ecdsa-P-384,keygen,431,467236,1255874
ecdsa-P-384,keygen,432,465949,1252414
ecdsa-P-384,keygen,433,467682,1257074
ecdsa-P-384,keygen,434,465197,1250392
ecdsa-P-384,keygen,435,465725,1251812
ecdsa-P-384,keygen,436,467073,1255434
ecdsa-P-384,keygen,437,471537,1267436
ecdsa-P-384,keygen,438,470870,1265642
ecdsa-P-384,keygen,439,471114,1266296
ecdsa-P-384,keygen,440,469843,1262882
ecdsa-P-384,keygen,441,472774,1270760
ecdsa-P-384,keygen,442,470338,1264216
ecdsa-P-384,keygen,443,469785,1262720
ecdsa-P-384,keygen,444,472165,1269126
ecdsa-P-384,keygen,445,465449,1251072
ecdsa-P-384,keygen,446,476544,1280872
ecdsa-P-384,keygen,447,470708,1265208
ecdsa-P-384,keygen,448,467224,1255838
ecdsa-P-384,keygen,449,467563,1256754
ecdsa-P-384,keygen,450,467185,1255734
ecdsa-P-384,keygen,451,464500,1248518
ecdsa-P-384,keygen,452,468838,1260184
ecdsa-P-384,keygen,453,472441,1269862
ecdsa-P-384,keygen,454,471034,1266084
ecdsa-P-384,keygen,455,469469,1261878
ecdsa-P-384,keygen,456,470194,1263820
ecdsa-P-384,keygen,457,470727,1265260
ecdsa-P-384,keygen,458,470093,1263554
ecdsa-P-384,keygen,459,465278,1250612
ecdsa-P-384,keygen,460,466590,1254138
ecdsa-P-384,keygen,461,469191,1261130
ecdsa-P-384,keygen,462,466677,1254376
ecdsa-P-384,keygen,463,465362,1250838
ecdsa-P-384,keygen,464,471271,1266722
ecdsa-P-384,keygen,465,472314,1269524
ecdsa-P-384,keygen,466,473942,1273898
ecdsa-P-384,keygen,467,472097,1268944
ecdsa-P-384,keygen,468,466852,1254844
ecdsa-P-384,keygen,469,471488,1267304
ecdsa-P-384,keygen,470,468733,1259900
ecdsa-P-384,keygen,471,467426,1256386
ecdsa-P-384,keygen,472,470941,1265836
ecdsa-P-384,keygen,473,470864,1265628
ecdsa-P-384,keygen,474,467697,1257114
ecdsa-P-384,keygen,475,467222,1255838
ecdsa-P-384,keygen,476,474005,1274070
ecdsa-P-384,keygen,477,467322,1256106
ecdsa-P-384,keygen,478,468489,1259246
ecdsa-P-384,keygen,479,468965,1260522
ecdsa-P-384,keygen,480,473475,1272644
ecdsa-P-384,keygen,481,470775,1265386
ecdsa-P-384,keygen,482,468366,1258914
ecdsa-P-384,keygen,483,471538,1267442
ecdsa-P-384,keygen,484,471014,1266032
ecdsa-P-384,keygen,485,469597,1262224
ecdsa-P-384,keygen,486,473026,1271430
ecdsa-P-384,keygen,487,467721,1257174
ecdsa-P-384,keygen,488,472591,1270262
ecdsa-P-384,keygen,489,465000,1249864
ecdsa-P-384,keygen,490,465992,1252530
ecdsa-P-384,keygen,491,469404,1261702
ecdsa-P-384,keygen,492,473441,1272554
ecdsa-P-384,keygen,493,463632,1246188
ecdsa-P-384,keygen,494,466091,1252776
ecdsa-P-384,keygen,495,466908,1254992
ecdsa-P-384,keygen,496,469171,1261078
ecdsa-P-384,keygen,497,467366,1256216
ecdsa-P-384,keygen,498,464388,1248220
ecdsa-P-384,keygen,499,467683,1257076
ecdsa-P-384,keygen,500,463737,1246470
ecdsa-P-384,keygen,501,475166,1277158
ecdsa-P-384,keygen,502,468271,1258658
ecdsa-P-384,keygen,503,468566,1259452
ecdsa-P-384,keygen,504,468239,1258572
ecdsa-P-384,keygen,505,466331,1253442
ecdsa-P-384,keygen,506,463725,1246436
ecdsa-P-384,keygen,507,466601,1254168
ecdsa-P-384,keygen,508,467207,1255796
ecdsa-P-384,keygen,509,465375,1250870
ecdsa-P-384,keygen,510,464944,1249714
ecdsa-P-384,keygen,511,466177,1253006
ecdsa-P-384,keygen,512,466422,1253692
ecdsa-P-384,keygen,513,466579,1254102
ecdsa-P-384,keygen,514,469937,1263138
ecdsa-P-384,keygen,515,467543,1256700
ecdsa-P-384,keygen,516,466724,1254500
ecdsa-P-384,keygen,517,464796,1249316
ecdsa-P-384,keygen,518,466405,1253640
ecdsa-P-384,keygen,519,465960,1252440
ecdsa-P-384,keygen,520,465848,1252144
ecdsa-P-384,keygen,521,466198,1253082
ecdsa-P-384,keygen,522,465052,1250004
ecdsa-P-384,keygen,523,469970,1263228
ecdsa-P-384,keygen,524,466638,1254270
ecdsa-P-384,keygen,525,464256,1247866
ecdsa-P-384,keygen,526,466108,1252844
ecdsa-P-384,keygen,527,466560,1254056
ecdsa-P-384,keygen,528,468866,1260256
ecdsa-P-384,keygen,529,469608,1262250
ecdsa-P-384,keygen,530,465261,1250564
ecdsa-P-384,keygen,531,465799,1252012
ecdsa-P-384,keygen,532,469194,1261138
ecdsa-P-384,keygen,533,467407,1256328
ecdsa-P-384,keygen,534,466262,1253254
ecdsa-P-384,keygen,535,466075,1252754
ecdsa-P-384,keygen,536,466704,1254444
ecdsa-P-384,keygen,537,468287,1258702
ecdsa-P-384,keygen,538,467663,1257022
ecdsa-P-384,keygen,539,466456,1253778
ecdsa-P-384,keygen,540,467850,1257526
ecdsa-P-384,keygen,541,463623,1246148
ecdsa-P-384,keygen,542,465970,1252466
ecdsa-P-384,keygen,543,465926,1252352
ecdsa-P-384,keygen,544,468171,1258388
ecdsa-P-384,keygen,545,466798,1254700
ecdsa-P-384,keygen,546,467196,1255758
ecdsa-P-384,keygen,547,468565,1259448
ecdsa-P-384,keygen,548,466059,1252712
ecdsa-P-384,keygen,549,467281,1255998
ecdsa-P-384,keygen,550,465119,1250182
ecdsa-P-384,keygen,551,469532,1262050
ecdsa-P-384,keygen,552,466244,1253198
ecdsa-P-384,keygen,553,468986,1260580
ecdsa-P-384,keygen,554,467492,1256564
ecdsa-P-384,keygen,555,468413,1259030
ecdsa-P-384,keygen,556,468332,1258796
ecdsa-P-384,keygen,557,479101,1287734
ecdsa-P-384,keygen,558,466601,1254166
ecdsa-P-384,keygen,559,468315,1258776
ecdsa-P-384,keygen,560,467609,1256878
ecdsa-P-384,keygen,561,466610,1254190
ecdsa-P-384,keygen,562,464322,1248044
ecdsa-P-384,keygen,563,465726,1251818
ecdsa-P-384,keygen,564,467345,1256170
ecdsa-P-384,keygen,565,469935,1263132
ecdsa-P-384,keygen,566,464307,1248000
ecdsa-P-384,keygen,567,467620,1256906
ecdsa-P-384,keygen,568,466893,1254950
ecdsa-P-384,keygen,569,466044,1252672
ecdsa-P-384,keygen,570,467206,1255792
ecdsa-P-384,keygen,571,463749,1246478
ecdsa-P-384,keygen,572,465451,1251078
ecdsa-P-384,keygen,573,468201,1258470
ecdsa-P-384,keygen,574,465457,1251088
ecdsa-P-384,keygen,575,464571,1248712
ecdsa-P-384,keygen,576,465439,1251044
ecdsa-P-384,keygen,577,475017,1276790
ecdsa-P-384,keygen,578,467014,1255278
ecdsa-P-384,keygen,579,466598,1254158
ecdsa-P-384,keygen,580,466257,1253242
ecdsa-P-384,keygen,581,462561,1243308
ecdsa-P-384,keygen,582,467421,1256372
ecdsa-P-384,keygen,583,465910,1252308
ecdsa-P-384,keygen,584,466860,1254862
ecdsa-P-384,keygen,585,466580,1254116
ecdsa-P-384,keygen,586,468218,1258516
ecdsa-P-384,keygen,587,463318,1245342
ecdsa-P-384,keygen,588,469920,1263088
ecdsa-P-384,keygen,589,469363,1261592
ecdsa-P-384,keygen,590,466946,1255096
ecdsa-P-384,keygen,591,465501,1251210
ecdsa-P-384,keygen,592,468642,1259654
ecdsa-P-384,keygen,593,465426,1251012
ecdsa-P-384,keygen,594,466486,1253860
ecdsa-P-384,keygen,595,469355,1261574
ecdsa-P-384,keygen,596,464897,1249588
ecdsa-P-384,keygen,597,464808,1249348
ecdsa-P-384,keygen,598,466196,1253080
ecdsa-P-384,keygen,599,468884,1260306
ecdsa-P-384,keygen,600,465422,1251000
ecdsa-P-384,keygen,601,467895,1257652
ecdsa-P-384,keygen,602,464914,1249634
ecdsa-P-384,keygen,603,465126,1250202
ecdsa-P-384,keygen,604,467472,1256510
ecdsa-P-384,keygen,605,467482,1256536
ecdsa-P-384,keygen,606,467800,1257392
ecdsa-P-384,keygen,607,469967,1263216
ecdsa-P-384,keygen,608,466749,1254562
ecdsa-P-384,keygen,609,467446,1256434
ecdsa-P-384,keygen,610,467307,1256066
ecdsa-P-384,keygen,611,469316,1261466
ecdsa-P-384,keygen,612,476045,1279526
ecdsa-P-384,keygen,613,467556,1256734
ecdsa-P-384,keygen,614,465139,1250238
ecdsa-P-384,keygen,615,469965,1263212
ecdsa-P-384,keygen,616,466509,1253920
ecdsa-P-384,keygen,617,466311,1253386
ecdsa-P-384,keygen,618,465150,1250266
ecdsa-P-384,keygen,619,468340,1258842
ecdsa-P-384,keygen,620,466841,1254814
ecdsa-P-384,keygen,621,464006,1247192
ecdsa-P-384,keygen,622,463715,1246414
ecdsa-P-384,keygen,623,464982,1249818
ecdsa-P-384,keygen,624,468296,1258726
ecdsa-P-384,keygen,625,469748,1262620
ecdsa-P-384,keygen,626,465710,1251772
ecdsa-P-384,keygen,627,467732,1257202
ecdsa-P-384,keygen,628,468157,1258350
ecdsa-P-384,keygen,629,468718,1259860
ecdsa-P-384,keygen,630,464867,1249504
ecdsa-P-384,keygen,631,466654,1254312
ecdsa-P-384,keygen,632,468041,1258042
ecdsa-P-384,keygen,633,463930,1246984
ecdsa-P-384,keygen,634,467860,1257550
ecdsa-P-384,keygen,635,464329,1248062
ecdsa-P-384,keygen,636,469780,1262714
ecdsa-P-384,keygen,637,467790,1257366
ecdsa-P-384,keygen,638,469310,1261448
ecdsa-P-384,keygen,639,466722,1254492
ecdsa-P-384,keygen,640,466437,1253730
ecdsa-P-384,keygen,641,468503,1259280
ecdsa-P-384,keygen,642,469940,1263144
ecdsa-P-384,keygen,643,466433,1253646
ecdsa-P-384,keygen,644,472354,1269628
ecdsa-P-384,keygen,645,464719,1248982
ecdsa-P-384,keygen,646,469100,1260862
ecdsa-P-384,keygen,647,466677,1254374
ecdsa-P-384,keygen,648,466368,1253542
ecdsa-P-384,keygen,649,467137,1255604
ecdsa-P-384,keygen,650,465578,1251398
ecdsa-P-384,keygen,651,465814,1252052
ecdsa-P-384,keygen,652,468403,1259012
ecdsa-P-384,keygen,653,466100,1252824
ecdsa-P-384,keygen,654,468204,1258476
ecdsa-P-384,keygen,655,466577,1254102
ecdsa-P-384,keygen,656,467664,1257028
ecdsa-P-384,keygen,657,468588,1259510
ecdsa-P-384,keygen,658,466572,1254092
ecdsa-P-384,keygen,659,467719,1257174
ecdsa-P-384,keygen,660,466573,1254094
ecdsa-P-384,keygen,661,468074,1258128
ecdsa-P-384,keygen,662,466980,1255190
ecdsa-P-384,keygen,663,466956,1255120
ecdsa-P-384,keygen,664,463541,1245946
ecdsa-P-384,keygen,665,466257,1253246
ecdsa-P-384,keygen,666,468348,1258838
ecdsa-P-384,keygen,667,468307,1258754
ecdsa-P-384,keygen,668,476959,1281986
ecdsa-P-384,keygen,669,466275,1253292
ecdsa-P-384,keygen,670,469433,1261776
ecdsa-P-384,keygen,671,467752,1257258
ecdsa-P-384,keygen,672,467031,1255320
ecdsa-P-384,keygen,673,468082,1258150
ecdsa-P-384,keygen,674,486560,1307812
ecdsa-P-384,keygen,675,465164,1250306
ecdsa-P-384,keygen,676,466251,1253220
ecdsa-P-384,keygen,677,468464,1259176
ecdsa-P-384,keygen,678,467339,1256154
ecdsa-P-384,keygen,679,465810,1252042
ecdsa-P-384,keygen,680,467772,1257314
ecdsa-P-384,keygen,681,470013,1263332
ecdsa-P-384,keygen,682,469868,1262948
ecdsa-P-384,keygen,683,467385,1256278
ecdsa-P-384,keygen,684,467705,1257134
ecdsa-P-384,keygen,685,465922,1252344
ecdsa-P-384,keygen,686,466466,1253802
ecdsa-P-384,keygen,687,468927,1260422
ecdsa-P-384,keygen,688,468489,1259244
ecdsa-P-384,keygen,689,467183,1255732
ecdsa-P-384,keygen,690,467999,1257926
ecdsa-P-384,keygen,691,466376,1253562
ecdsa-P-384,keygen,692,465139,1250236
ecdsa-P-384,keygen,693,467621,1256908
ecdsa-P-384,keygen,694,469531,1262044
ecdsa-P-384,keygen,695,465967,1252464
ecdsa-P-384,keygen,696,463971,1247094
ecdsa-P-384,keygen,697,463536,1245908
ecdsa-P-384,keygen,698,469736,1262596
ecdsa-P-384,keygen,699,466134,1252912
ecdsa-P-384,keygen,700,479307,1288322
ecdsa-P-384,keygen,701,464380,1248198
ecdsa-P-384,keygen,702,466872,1254898
ecdsa-P-384,keygen,703,466603,1254172
ecdsa-P-384,keygen,704,467215,1255820
ecdsa-P-384,keygen,705,465933,1252372
ecdsa-P-384,keygen,706,469212,1261186
ecdsa-P-384,keygen,707,469157,1261040
ecdsa-P-384,keygen,708,469486,1261924
ecdsa-P-384,keygen,709,463873,1246838
ecdsa-P-384,keygen,710,466905,1254986
ecdsa-P-384,keygen,711,466878,1254912
ecdsa-P-384,keygen,712,466845,1254824
ecdsa-P-384,keygen,713,468115,1258238
ecdsa-P-384,keygen,714,466412,1253658
ecdsa-P-384,keygen,715,473002,1271368
ecdsa-P-384,keygen,716,465439,1251044
ecdsa-P-384,keygen,717,467694,1257106
ecdsa-P-384,keygen,718,463092,1244738
ecdsa-P-384,keygen,719,470652,1265060
ecdsa-P-384,keygen,720,465077,1250072
ecdsa-P-384,keygen,721,465934,1252376
ecdsa-P-384,keygen,722,465642,1251592
ecdsa-P-384,keygen,723,466051,1252692
ecdsa-P-384,keygen,724,468211,1258490
ecdsa-P-384,keygen,725,467379,1256260
ecdsa-P-384,keygen,726,464602,1248796
ecdsa-P-384,keygen,727,465017,1249886
ecdsa-P-384,keygen,728,469177,1261092
ecdsa-P-384,keygen,729,468234,1258560
ecdsa-P-384,keygen,730,467672,1257046
ecdsa-P-384,keygen,731,468317,1258780
ecdsa-P-384,keygen,732,469863,1262936
ecdsa-P-384,keygen,733,468393,1258984
ecdsa-P-384,keygen,734,465955,1252432
ecdsa-P-384,keygen,735,467098,1255502
ecdsa-P-384,keygen,736,466030,1252634
ecdsa-P-384,keygen,737,466028,1252572
ecdsa-P-384,keygen,738,466614,1254198
ecdsa-P-384,keygen,739,466392,1253550
ecdsa-P-384,keygen,740,467181,1255728
ecdsa-P-384,keygen,741,466336,1253456
ecdsa-P-384,keygen,742,465006,1249862
ecdsa-P-384,keygen,743,463509,1245858
ecdsa-P-384,keygen,744,466127,1252892
ecdsa-P-384,keygen,745,467469,1256502
ecdsa-P-384,keygen,746,465529,1251288
ecdsa-P-384,keygen,747,467699,1257120
ecdsa-P-384,keygen,748,465529,1251286
ecdsa-P-384,keygen,749,467926,1257730
ecdsa-P-384,keygen,750,464404,1248258
ecdsa-P-384,keygen,751,466298,1253352
ecdsa-P-384,keygen,752,466551,1254036
ecdsa-P-384,keygen,753,468030,1258008
ecdsa-P-384,keygen,754,468079,1258142
ecdsa-P-384,keygen,755,467273,1255978
ecdsa-P-384,keygen,756,470134,1263666
ecdsa-P-384,keygen,757,465674,1251678
ecdsa-P-384,keygen,758,465237,1250502
ecdsa-P-384,keygen,759,465473,1251136
ecdsa-P-384,keygen,760,470126,1263634
ecdsa-P-384,keygen,761,467517,1256626
ecdsa-P-384,keygen,762,471567,1267504
ecdsa-P-384,keygen,763,474070,1274238
ecdsa-P-384,keygen,764,469065,1260782
ecdsa-P-384,keygen,765,467955,1257808
ecdsa-P-384,keygen,766,471128,1266330
ecdsa-P-384,keygen,767,464585,1248748
ecdsa-P-384,keygen,768,473382,1272390
ecdsa-P-384,keygen,769,469470,1261874
ecdsa-P-384,keygen,770,474542,1275504
ecdsa-P-384,keygen,771,474136,1274422
ecdsa-P-384,keygen,772,469096,1260872
ecdsa-P-384,keygen,773,472895,1271086
ecdsa-P-384,keygen,774,466701,1254440
ecdsa-P-384,keygen,775,470226,1263912
ecdsa-P-384,keygen,776,461898,1241524
ecdsa-P-384,keygen,777,471298,1266796
ecdsa-P-384,keygen,778,469586,1262190
ecdsa-P-384,keygen,779,476823,1281642
ecdsa-P-384,keygen,780,466794,1254686
ecdsa-P-384,keygen,781,467423,1256378
ecdsa-P-384,keygen,782,465051,1250002
ecdsa-P-384,keygen,783,467784,1257350
ecdsa-P-384,keygen,784,465113,1250168
ecdsa-P-384,keygen,785,472779,1270772
ecdsa-P-384,keygen,786,465508,1251224
ecdsa-P-384,keygen,787,466979,1255180
ecdsa-P-384,keygen,788,464266,1247892
ecdsa-P-384,keygen,789,468413,1259034
ecdsa-P-384,keygen,790,468105,1258212
ecdsa-P-384,keygen,791,466498,1253890
ecdsa-P-384,keygen,792,469216,1261194
ecdsa-P-384,keygen,793,466371,1253550
ecdsa-P-384,keygen,794,469793,1262746
ecdsa-P-384,keygen,795,466361,1253522
ecdsa-P-384,keygen,796,470136,1263668
ecdsa-P-384,keygen,797,469171,1261072
ecdsa-P-384,keygen,798,467339,1256140
ecdsa-P-384,keygen,799,467957,1257814
ecdsa-P-384,keygen,800,466557,1254038
ecdsa-P-384,keygen,801,467031,1255322
ecdsa-P-384,keygen,802,469050,1260746
ecdsa-P-384,keygen,803,466554,1254040
ecdsa-P-384,keygen,804,466867,1254876
ecdsa-P-384,keygen,805,468621,1259600
ecdsa-P-384,keygen,806,463003,1244496
ecdsa-P-384,keygen,807,465604,1251480
ecdsa-P-384,keygen,808,464581,1248740
ecdsa-P-384,keygen,809,469472,1261882
ecdsa-P-384,keygen,810,465693,1251724
ecdsa-P-384,keygen,811,466630,1254240
ecdsa-P-384,keygen,812,471182,1266480
ecdsa-P-384,keygen,813,469868,1262946
ecdsa-P-384,keygen,814,465432,1251022
ecdsa-P-384,keygen,815,465870,1252198
ecdsa-P-384,keygen,816,464375,1248186
ecdsa-P-384,keygen,817,466769,1254622
ecdsa-P-384,keygen,818,469021,1260666
ecdsa-P-384,keygen,819,467747,1257246
ecdsa-P-384,keygen,820,468395,1258986
ecdsa-P-384,keygen,821,463927,1246958
ecdsa-P-384,keygen,822,468724,1259872
ecdsa-P-384,keygen,823,466352,1253498
ecdsa-P-384,keygen,824,464865,1249500
ecdsa-P-384,keygen,825,467341,1256160
ecdsa-P-384,keygen,826,468136,1258294
ecdsa-P-384,keygen,827,466770,1254622
ecdsa-P-384,keygen,828,467159,1255670
ecdsa-P-384,keygen,829,467459,1256470
ecdsa-P-384,keygen,830,466123,1252880
ecdsa-P-384,keygen,831,467235,1255870
ecdsa-P-384,keygen,832,466392,1253602
ecdsa-P-384,keygen,833,467827,1257462
ecdsa-P-384,keygen,834,467554,1256722
ecdsa-P-384,keygen,835,466576,1254104
ecdsa-P-384,keygen,836,465570,1251394
ecdsa-P-384,keygen,837,466814,1254734
ecdsa-P-384,keygen,838,463973,1247104
ecdsa-P-384,keygen,839,467584,1256802
ecdsa-P-384,keygen,840,466454,1253766
ecdsa-P-384,keygen,841,468872,1260266
ecdsa-P-384,keygen,842,464551,1248652
ecdsa-P-384,keygen,843,464869,1249510
ecdsa-P-384,keygen,844,469010,1260644
ecdsa-P-384,keygen,845,469496,1261948
ecdsa-P-384,keygen,846,467759,1257282
ecdsa-P-384,keygen,847,466653,1254302
ecdsa-P-384,keygen,848,464808,1249346
ecdsa-P-384,keygen,849,467342,1256154
ecdsa-P-384,keygen,850,470265,1264012
ecdsa-P-384,keygen,851,464953,1249734
ecdsa-P-384,keygen,852,463895,1246896
ecdsa-P-384,keygen,853,465292,1250630
ecdsa-P-384,keygen,854,467349,1256172
ecdsa-P-384,keygen,855,470010,1263326
ecdsa-P-384,keygen,856,466238,1253188
ecdsa-P-384,keygen,857,469159,1261042
ecdsa-P-384,keygen,858,469549,1262090
ecdsa-P-384,keygen,859,468764,1259982
ecdsa-P-384,keygen,860,467289,1256016
ecdsa-P-384,keygen,861,468762,1259978
ecdsa-P-384,keygen,862,467584,1256808
ecdsa-P-384,keygen,863,466036,1252648
ecdsa-P-384,keygen,864,466608,1254186
ecdsa-P-384,keygen,865,469050,1260748
ecdsa-P-384,keygen,866,470907,1265736
ecdsa-P-384,keygen,867,463737,1246468
ecdsa-P-384,keygen,868,471340,1266890
ecdsa-P-384,keygen,869,472691,1270538
ecdsa-P-384,keygen,870,468819,1260128
ecdsa-P-384,keygen,871,466477,1253832
ecdsa-P-384,keygen,872,467632,1256938
ecdsa-P-384,keygen,873,469937,1263134
ecdsa-P-384,keygen,874,466730,1254518
ecdsa-P-384,keygen,875,466953,1255112
ecdsa-P-384,keygen,876,467671,1257046
ecdsa-P-384,keygen,877,466401,1253628
ecdsa-P-384,keygen,878,467151,1255646
ecdsa-P-384,keygen,879,468592,1259516
ecdsa-P-384,keygen,880,467953,1257802
ecdsa-P-384,keygen,881,464146,1247566
ecdsa-P-384,keygen,882,467543,1256700
ecdsa-P-384,keygen,883,470145,1263670
ecdsa-P-384,keygen,884,465950,1252418
ecdsa-P-384,keygen,885,464467,1248432
ecdsa-P-384,keygen,886,466655,1254316
ecdsa-P-384,keygen,887,467014,1255282
ecdsa-P-384,keygen,888,467383,1256266
ecdsa-P-384,keygen,889,466575,1254098
ecdsa-P-384,keygen,890,468008,1257948
ecdsa-P-384,keygen,891,463063,1244656
ecdsa-P-384,keygen,892,467599,1256848
ecdsa-P-384,keygen,893,465464,1251110
ecdsa-P-384,keygen,894,466280,1253304
ecdsa-P-384,keygen,895,465768,1251932
ecdsa-P-384,keygen,896,469800,1262764
ecdsa-P-384,keygen,897,464615,1248830
ecdsa-P-384,keygen,898,465861,1252180
ecdsa-P-384,keygen,899,465282,1250616
ecdsa-P-384,keygen,900,468601,1259548
ecdsa-P-384,keygen,901,471218,1266574
ecdsa-P-384,keygen,902,473515,1272750
ecdsa-P-384,keygen,903,472292,1269462
ecdsa-P-384,keygen,904,471993,1268660
ecdsa-P-384,keygen,905,469746,1262618
ecdsa-P-384,keygen,906,469934,1263128
ecdsa-P-384,keygen,907,468544,1259386
ecdsa-P-384,keygen,908,467866,1257562
ecdsa-P-384,keygen,909,466503,1253904
ecdsa-P-384,keygen,910,471051,1266128
ecdsa-P-384,keygen,911,466708,1254452
ecdsa-P-384,keygen,912,468504,1259282
ecdsa-P-384,keygen,913,465956,1252432
ecdsa-P-384,keygen,914,467420,1256370
ecdsa-P-384,keygen,915,465557,1251366
ecdsa-P-384,keygen,916,465606,1251488
ecdsa-P-384,keygen,917,464990,1249838
ecdsa-P-384,keygen,918,467277,1255982
ecdsa-P-384,keygen,919,468328,1258812
ecdsa-P-384,keygen,920,467033,1255326
ecdsa-P-384,keygen,921,465556,1251352
ecdsa-P-384,keygen,922,483265,1298940
ecdsa-P-384,keygen,923,467613,1256890
ecdsa-P-384,keygen,924,472810,1270860
ecdsa-P-384,keygen,925,466366,1253536
ecdsa-P-384,keygen,926,470515,1264688
ecdsa-P-384,keygen,927,465849,1252150
ecdsa-P-384,keygen,928,466725,1254502
ecdsa-P-384,keygen,929,468025,1257996
ecdsa-P-384,keygen,930,465395,1250928
ecdsa-P-384,keygen,931,465226,1250470
ecdsa-P-384,keygen,932,468349,1258866
ecdsa-P-384,keygen,933,466343,1253474
ecdsa-P-384,keygen,934,469940,1263146
ecdsa-P-384,keygen,935,465890,1252260
ecdsa-P-384,keygen,936,468030,1258012
ecdsa-P-384,keygen,937,467504,1256596
ecdsa-P-384,keygen,938,466428,1253704
ecdsa-P-384,keygen,939,467687,1257090
ecdsa-P-384,keygen,940,466478,1253840
ecdsa-P-384,keygen,941,479741,1289468
ecdsa-P-384,keygen,942,468132,1258284
ecdsa-P-384,keygen,943,466625,1254236
ecdsa-P-384,keygen,944,467359,1256208
ecdsa-P-384,keygen,945,467180,1255726
ecdsa-P-384,keygen,946,467307,1256064
ecdsa-P-384,keygen,947,464844,1249448
ecdsa-P-384,keygen,948,466814,1254738
ecdsa-P-384,keygen,949,464671,1248980
ecdsa-P-384,keygen,950,466615,1254202
ecdsa-P-384,keygen,951,467934,1257754
ecdsa-P-384,keygen,952,469705,1262512
ecdsa-P-384,keygen,953,466839,1254808
ecdsa-P-384,keygen,954,467697,1257116
ecdsa-P-384,keygen,955,468774,1260008
ecdsa-P-384,keygen,956,466035,1252648
ecdsa-P-384,keygen,957,465713,1251776
ecdsa-P-384,keygen,958,467878,1257600
ecdsa-P-384,keygen,959,467268,1255962
ecdsa-P-384,keygen,960,467583,1256804
ecdsa-P-384,keygen,961,465509,1251232
ecdsa-P-384,keygen,962,469402,1261696
ecdsa-P-384,keygen,963,465706,1251766
ecdsa-P-384,keygen,964,465243,1250516
ecdsa-P-384,keygen,965,467081,1255462
ecdsa-P-384,keygen,966,466856,1254856
ecdsa-P-384,keygen,967,466504,1253906
ecdsa-P-384,keygen,968,463948,1247036
ecdsa-P-384,keygen,969,468044,1258050
ecdsa-P-384,keygen,970,469026,1260692
ecdsa-P-384,keygen,971,468459,1259158
ecdsa-P-384,keygen,972,470074,1263502
ecdsa-P-384,keygen,973,470867,1265632
ecdsa-P-384,keygen,974,471607,1267622
ecdsa-P-384,keygen,975,479269,1288198
ecdsa-P-384,keygen,976,469096,1260874
ecdsa-P-384,keygen,977,468498,1259266
ecdsa-P-384,keygen,978,464696,1249050
ecdsa-P-384,keygen,979,465192,1250382
ecdsa-P-384,keygen,980,472938,1271200
ecdsa-P-384,keygen,981,468628,1259614
ecdsa-P-384,keygen,982,467466,1256496
ecdsa-P-384,keygen,983,465660,1251640
ecdsa-P-384,keygen,984,466577,1254104
ecdsa-P-384,keygen,985,466846,1254824
ecdsa-P-384,keygen,986,467708,1257142
ecdsa-P-384,keygen,987,465761,1251908
ecdsa-P-384,keygen,988,467079,1255456
ecdsa-P-384,keygen,989,468032,1258016
ecdsa-P-384,keygen,990,466262,1253256
ecdsa-P-384,keygen,991,464688,1249028
ecdsa-P-384,keygen,992,466420,1253682
ecdsa-P-384,keygen,993,466791,1254680
ecdsa-P-384,keygen,994,470265,1263992
ecdsa-P-384,keygen,995,471384,1267028
ecdsa-P-384,keygen,996,468894,1260334
ecdsa-P-384,keygen,997,469326,1261496
ecdsa-P-384,keygen,998,466130,1252902
ecdsa-P-384,keygen,999,469294,1261406
ecdsa-P-384,sign,0,482114,1295838
ecdsa-P-384,sign,1,482371,1296496
ecdsa-P-384,sign,2,482504,1296882
ecdsa-P-384,sign,3,484616,1302588
ecdsa-P-384,sign,4,478329,1285692
ecdsa-P-384,sign,5,482467,1296778
ecdsa-P-384,sign,6,484009,1300962
ecdsa-P-384,sign,7,486616,1307928
ecdsa-P-384,sign,8,482919,1298034
ecdsa-P-384,sign,9,483820,1300420
ecdsa-P-384,sign,10,478456,1286034
ecdsa-P-384,sign,11,479465,1288710
ecdsa-P-384,sign,12,480187,1290686
ecdsa-P-384,sign,13,480087,1290386
ecdsa-P-384,sign,14,480946,1292726
ecdsa-P-384,sign,15,484291,1301716
ecdsa-P-384,sign,16,479185,1287996
ecdsa-P-384,sign,17,479340,1288372
ecdsa-P-384,sign,18,477657,1283888
ecdsa-P-384,sign,19,477203,1282636
ecdsa-P-384,sign,20,480457,1291410
ecdsa-P-384,sign,21,478414,1285922
ecdsa-P-384,sign,22,481108,1293162
ecdsa-P-384,sign,23,481220,1293434
ecdsa-P-384,sign,24,482112,1295862
ecdsa-P-384,sign,25,480539,1291602
ecdsa-P-384,sign,26,480792,1292316
ecdsa-P-384,sign,27,479736,1289444
ecdsa-P-384,sign,28,483246,1298914
ecdsa-P-384,sign,29,484979,1303536
ecdsa-P-384,sign,30,481706,1294772
ecdsa-P-384,sign,31,479644,1289200
ecdsa-P-384,sign,32,490032,1317116
ecdsa-P-384,sign,33,477930,1284622
ecdsa-P-384,sign,34,483205,1298802
ecdsa-P-384,sign,35,480601,1291770
ecdsa-P-384,sign,36,480727,1292138
ecdsa-P-384,sign,37,481245,1293502
ecdsa-P-384,sign,38,480887,1292570
ecdsa-P-384,sign,39,481219,1293430
ecdsa-P-384,sign,40,482266,1296278
ecdsa-P-384,sign,41,484201,1301446
ecdsa-P-384,sign,42,483601,1299864
ecdsa-P-384,sign,43,478850,1287064
ecdsa-P-384,sign,44,480926,1292674
ecdsa-P-384,sign,45,482028,1295602
ecdsa-P-384,sign,46,479680,1289324
ecdsa-P-384,sign,47,481495,1294172
ecdsa-P-384,sign,48,478451,1286020
ecdsa-P-384,sign,49,486502,1307664
ecdsa-P-384,sign,50,477919,1284594
ecdsa-P-384,sign,51,481496,1294208
ecdsa-P-384,sign,52,479355,1288454
ecdsa-P-384,sign,53,479957,1290072
ecdsa-P-384,sign,54,479651,1289212
ecdsa-P-384,sign,55,479884,1289842
ecdsa-P-384,sign,56,481356,1293832
ecdsa-P-384,sign,57,484604,1302528
ecdsa-P-384,sign,58,484804,1303098
ecdsa-P-384,sign,59,485250,1304264
ecdsa-P-384,sign,60,478488,1286118
ecdsa-P-384,sign,61,480392,1291238
ecdsa-P-384,sign,62,478498,1286146
ecdsa-P-384,sign,63,481789,1294994
ecdsa-P-384,sign,64,481278,1293622
ecdsa-P-384,sign,65,482289,1296304
ecdsa-P-384,sign,66,479762,1289548
ecdsa-P-384,sign,67,479665,1289250
ecdsa-P-384,sign,68,480707,1292086
ecdsa-P-384,sign,69,480432,1291306
ecdsa-P-384,sign,70,480075,1290388
ecdsa-P-384,sign,71,482070,1295720
ecdsa-P-384,sign,72,481673,1294684
ecdsa-P-384,sign,73,481447,1294042
ecdsa-P-384,sign,74,480951,1292738
ecdsa-P-384,sign,75,480431,1291308
ecdsa-P-384,sign,76,480038,1290286
ecdsa-P-384,sign,77,477599,1283698
ecdsa-P-384,sign,78,481724,1294818
ecdsa-P-384,sign,79,479061,1287626
ecdsa-P-384,sign,80,483351,1299196
ecdsa-P-384,sign,81,483185,1298714
ecdsa-P-384,sign,82,481637,1294586
ecdsa-P-384,sign,83,481434,1294006
ecdsa-P-384,sign,84,481198,1293406
ecdsa-P-384,sign,85,480467,1291440
ecdsa-P-384,sign,86,487995,1311642
ecdsa-P-384,sign,87,480236,1290822
ecdsa-P-384,sign,88,486261,1307012
ecdsa-P-384,sign,89,482732,1297526
ecdsa-P-384,sign,90,485721,1305566
ecdsa-P-384,sign,91,489328,1315226
ecdsa-P-384,sign,92,485616,1305280
ecdsa-P-384,sign,93,485137,1303960
ecdsa-P-384,sign,94,484624,1302614
ecdsa-P-384,sign,95,484797,1303080
ecdsa-P-384,sign,96,484134,1301298
ecdsa-P-384,sign,97,485019,1303644
ecdsa-P-384,sign,98,483029,1298324
ecdsa-P-384,sign,99,478595,1286378
ecdsa-P-384,sign,100,481696,1294744
ecdsa-P-384,sign,101,479598,1289066
ecdsa-P-384,sign,102,482155,1295976
ecdsa-P-384,sign,103,482466,1296814
ecdsa-P-384,sign,104,479237,1288136
ecdsa-P-384,sign,105,482674,1297336
ecdsa-P-384,sign,106,477874,1284470
ecdsa-P-384,sign,107,480547,1291624
ecdsa-P-384,sign,108,479321,1288358
ecdsa-P-384,sign,109,485765,1305682
ecdsa-P-384,sign,110,478851,1287098
ecdsa-P-384,sign,111,484310,1301738
ecdsa-P-384,sign,112,482214,1296112
ecdsa-P-384,sign,113,503632,1353678
ecdsa-P-384,sign,114,483893,1300648
ecdsa-P-384,sign,115,483681,1300040
ecdsa-P-384,sign,116,483087,1298484
ecdsa-P-384,sign,117,482323,1296428
ecdsa-P-384,sign,118,479427,1288646
ecdsa-P-384,sign,119,479880,1289830
ecdsa-P-384,sign,120,485691,1305486
ecdsa-P-384,sign,121,481115,1293180
ecdsa-P-384,sign,122,482247,1296222
ecdsa-P-384,sign,123,479181,1287978
ecdsa-P-384,sign,124,478389,1285854
ecdsa-P-384,sign,125,483289,1298994
ecdsa-P-384,sign,126,477260,1282820
ecdsa-P-384,sign,127,481738,1294826
ecdsa-P-384,sign,128,479019,1287552
ecdsa-P-384,sign,129,481644,1294574
ecdsa-P-384,sign,130,484374,1301940
ecdsa-P-384,sign,131,485610,1305234
ecdsa-P-384,sign,132,483017,1298290
ecdsa-P-384,sign,133,483693,1300078
ecdsa-P-384,sign,134,485194,1304150
ecdsa-P-384,sign,135,482270,1296218
ecdsa-P-384,sign,136,489115,1314686
ecdsa-P-384,sign,137,481712,1294756
ecdsa-P-384,sign,138,485352,1304572
ecdsa-P-384,sign,139,484157,1301358
ecdsa-P-384,sign,140,491086,1319948
ecdsa-P-384,sign,141,477508,1283486
ecdsa-P-384,sign,142,484724,1302846
ecdsa-P-384,sign,143,484969,1303544
ecdsa-P-384,sign,144,484844,1303206
ecdsa-P-384,sign,145,482485,1296864
ecdsa-P-384,sign,146,506144,1360462
ecdsa-P-384,sign,147,484409,1302038
ecdsa-P-384,sign,148,482400,1296596
ecdsa-P-384,sign,149,480093,1290432
ecdsa-P-384,sign,150,482503,1296914
ecdsa-P-384,sign,151,486345,1307238
ecdsa-P-384,sign,152,487323,1309826
ecdsa-P-384,sign,153,483652,1300004
ecdsa-P-384,sign,154,479307,1288320
ecdsa-P-384,sign,155,477786,1284238
ecdsa-P-384,sign,156,480462,1291386
ecdsa-P-384,sign,157,478330,1285696
ecdsa-P-384,sign,158,480430,1291304
ecdsa-P-384,sign,159,482336,1296468
ecdsa-P-384,sign,160,480549,1291622
ecdsa-P-384,sign,161,481814,1295062
ecdsa-P-384,sign,162,477309,1282952
ecdsa-P-384,sign,163,480048,1290316
ecdsa-P-384,sign,164,480614,1291802
ecdsa-P-384,sign,165,482179,1296042
ecdsa-P-384,sign,166,478760,1286818
ecdsa-P-384,sign,167,480871,1292526
ecdsa-P-384,sign,168,479823,1289678
ecdsa-P-384,sign,169,484825,1303154
ecdsa-P-384,sign,170,480930,1292652
ecdsa-P-384,sign,171,481283,1293634
ecdsa-P-384,sign,172,479696,1289336
ecdsa-P-384,sign,173,485853,1305914
ecdsa-P-384,sign,174,481152,1293250
ecdsa-P-384,sign,175,483556,1299740
ecdsa-P-384,sign,176,477786,1284200
ecdsa-P-384,sign,177,483241,1298898
ecdsa-P-384,sign,178,479070,1287652
ecdsa-P-384,sign,179,481961,1295456
ecdsa-P-384,sign,180,482240,1296172
ecdsa-P-384,sign,181,483039,1298350
ecdsa-P-384,sign,182,478840,1287064
ecdsa-P-384,sign,183,481418,1293994
ecdsa-P-384,sign,184,479548,1288936
ecdsa-P-384,sign,185,481436,1294048
ecdsa-P-384,sign,186,480913,1292606
ecdsa-P-384,sign,187,483458,1299480
ecdsa-P-384,sign,188,479247,1288132
ecdsa-P-384,sign,189,479779,1289590
ecdsa-P-384,sign,190,484649,1302650
ecdsa-P-384,sign,191,481465,1294122
ecdsa-P-384,sign,192,481398,1293942
ecdsa-P-384,sign,193,482205,1296116
ecdsa-P-384,sign,194,479903,1289886
ecdsa-P-384,sign,195,480789,1292308
ecdsa-P-384,sign,196,480958,1292760
ecdsa-P-384,sign,197,477872,1284466
ecdsa-P-384,sign,198,484307,1301724
ecdsa-P-384,sign,199,479353,1288448
ecdsa-P-384,sign,200,479721,1289396
ecdsa-P-384,sign,201,480598,1291716
ecdsa-P-384,sign,202,484384,1301968
ecdsa-P-384,sign,203,478762,1286664
ecdsa-P-384,sign,204,484266,1301614
ecdsa-P-384,sign,205,479806,1289662
ecdsa-P-384,sign,206,481770,1294938
ecdsa-P-384,sign,207,481570,1294404
ecdsa-P-384,sign,208,481555,1294324
ecdsa-P-384,sign,209,480164,1290626
ecdsa-P-384,sign,210,480529,1291568
ecdsa-P-384,sign,211,480609,1291824
ecdsa-P-384,sign,212,481500,1294178
ecdsa-P-384,sign,213,479347,1288428
ecdsa-P-384,sign,214,481077,1293048
ecdsa-P-384,sign,215,479119,1287820
ecdsa-P-384,sign,216,482124,1295896
ecdsa-P-384,sign,217,482750,1297578
ecdsa-P-384,sign,218,480726,1292104
ecdsa-P-384,sign,219,487073,1309200
ecdsa-P-384,sign,220,478157,1285200
ecdsa-P-384,sign,221,489068,1314536
ecdsa-P-384,sign,222,481599,1294454
ecdsa-P-384,sign,223,481576,1294424
ecdsa-P-384,sign,224,480130,1290500
ecdsa-P-384,sign,225,482666,1297352
ecdsa-P-384,sign,226,480274,1290888
ecdsa-P-384,sign,227,485920,1306096
ecdsa-P-384,sign,228,482091,1295774
ecdsa-P-384,sign,229,486165,1306756
ecdsa-P-384,sign,230,480090,1290430
ecdsa-P-384,sign,231,483660,1300022
ecdsa-P-384,sign,232,477424,1283264
ecdsa-P-384,sign,233,481254,1293556
ecdsa-P-384,sign,234,480894,1292556
ecdsa-P-384,sign,235,479245,1288158
ecdsa-P-384,sign,236,479817,1289660
ecdsa-P-384,sign,237,480068,1290370
ecdsa-P-384,sign,238,480901,1292578
ecdsa-P-384,sign,239,480357,1291146
ecdsa-P-384,sign,240,478630,1286468
ecdsa-P-384,sign,241,482756,1297590
ecdsa-P-384,sign,242,481943,1295382
ecdsa-P-384,sign,243,480105,1290464
ecdsa-P-384,sign,244,479720,1289398
ecdsa-P-384,sign,245,479831,1289732
ecdsa-P-384,sign,246,497855,1338172
ecdsa-P-384,sign,247,480621,1291848
ecdsa-P-384,sign,248,482052,1295666
ecdsa-P-384,sign,249,479823,1289710
ecdsa-P-384,sign,250,481746,1294840
ecdsa-P-384,sign,251,478225,1285414
ecdsa-P-384,sign,252,483914,1300670
ecdsa-P-384,sign,253,479174,1287966
ecdsa-P-384,sign,254,482488,1296872
ecdsa-P-384,sign,255,478855,1287104
ecdsa-P-384,sign,256,484366,1301886
ecdsa-P-384,sign,257,477265,1282832
ecdsa-P-384,sign,258,482027,1295600
ecdsa-P-384,sign,259,478706,1286708
ecdsa-P-384,sign,260,480344,1291074
ecdsa-P-384,sign,261,480379,1291206
ecdsa-P-384,sign,262,481913,1295294
ecdsa-P-384,sign,263,485717,1305552
ecdsa-P-384,sign,264,481273,1293574
ecdsa-P-384,sign,265,480976,1292808
ecdsa-P-384,sign,266,482586,1297098
ecdsa-P-384,sign,267,479799,1289646
ecdsa-P-384,sign,268,481138,1293204
ecdsa-P-384,sign,269,481407,1293968
ecdsa-P-384,sign,270,484626,1302582
ecdsa-P-384,sign,271,481085,1293102
ecdsa-P-384,sign,272,483244,1298866
ecdsa-P-384,sign,273,480612,1291832
ecdsa-P-384,sign,274,480606,1291814
ecdsa-P-384,sign,275,482168,1296010
ecdsa-P-384,sign,276,480314,1291000
ecdsa-P-384,sign,277,481746,1294878
ecdsa-P-384,sign,278,478339,1285686
ecdsa-P-384,sign,279,482618,1297220
ecdsa-P-384,sign,280,479007,1287516
ecdsa-P-384,sign,281,482014,1295596
ecdsa-P-384,sign,282,479892,1289896
ecdsa-P-384,sign,283,481682,1294708
ecdsa-P-384,sign,284,481304,1293658
ecdsa-P-384,sign,285,481853,1295164
ecdsa-P-384,sign,286,479375,1288472
ecdsa-P-384,sign,287,481954,1295440
ecdsa-P-384,sign,288,479752,1289488
ecdsa-P-384,sign,289,481667,1294666
ecdsa-P-384,sign,290,481026,1292944
ecdsa-P-384,sign,291,482993,1298232
ecdsa-P-384,sign,292,480187,1290690
ecdsa-P-384,sign,293,480655,1291948
ecdsa-P-384,sign,294,482580,1297088
ecdsa-P-384,sign,295,484915,1303394
ecdsa-P-384,sign,296,478856,1287076
ecdsa-P-384,sign,297,482779,1297652
ecdsa-P-384,sign,298,483078,1298428
ecdsa-P-384,sign,299,484698,1302814
ecdsa-P-384,sign,300,478972,1287426
ecdsa-P-384,sign,301,479885,1289876
ecdsa-P-384,sign,302,479880,1289868
ecdsa-P-384,sign,303,479668,1289262
ecdsa-P-384,sign,304,481398,1293944
ecdsa-P-384,sign,305,479289,1288242
ecdsa-P-384,sign,306,482521,1296960
ecdsa-P-384,sign,307,478998,1287434
ecdsa-P-384,sign,308,480365,1291164
ecdsa-P-384,sign,309,482535,1296966
ecdsa-P-384,sign,310,481210,1293434
ecdsa-P-384,sign,311,479799,1289612
ecdsa-P-384,sign,312,482074,1295758
ecdsa-P-384,sign,313,483095,1298472
ecdsa-P-384,sign,314,481629,1294562
ecdsa-P-384,sign,315,479130,1287816
ecdsa-P-384,sign,316,481052,1293014
ecdsa-P-384,sign,317,482617,1297184
ecdsa-P-384,sign,318,485589,1305206
ecdsa-P-384,sign,319,482090,1295768
ecdsa-P-384,sign,320,486073,1306512
ecdsa-P-384,sign,321,480655,1291946
ecdsa-P-384,sign,322,481064,1293046
ecdsa-P-384,sign,323,482948,1298076
ecdsa-P-384,sign,324,483460,1299488
ecdsa-P-384,sign,325,482562,1297036
ecdsa-P-384,sign,326,485601,1305242
ecdsa-P-384,sign,327,481534,1294278
ecdsa-P-384,sign,328,482036,1295660
ecdsa-P-384,sign,329,481530,1294264
ecdsa-P-384,sign,330,479748,1289506
ecdsa-P-384,sign,331,486944,1308814
ecdsa-P-384,sign,332,479983,1290138
ecdsa-P-384,sign,333,480717,1292074
ecdsa-P-384,sign,334,499450,1342436
ecdsa-P-384,sign,335,481201,1293414
ecdsa-P-384,sign,336,482817,1297756
ecdsa-P-384,sign,337,487720,1310902
ecdsa-P-384,sign,338,483962,1300836
ecdsa-P-384,sign,339,482894,1297936
ecdsa-P-384,sign,340,481728,1294832
ecdsa-P-384,sign,341,480333,1291042
ecdsa-P-384,sign,342,478673,1286620
ecdsa-P-384,sign,343,483262,1298950
ecdsa-P-384,sign,344,478196,1285334
ecdsa-P-384,sign,345,481171,1293294
ecdsa-P-384,sign,346,480542,1291644
ecdsa-P-384,sign,347,485048,1303722
ecdsa-P-384,sign,348,478595,1286410
ecdsa-P-384,sign,349,481958,1295450
ecdsa-P-384,sign,350,480032,1290272
ecdsa-P-384,sign,351,481190,1293352
ecdsa-P-384,sign,352,479114,1287804
ecdsa-P-384,sign,353,484433,1302102
ecdsa-P-384,sign,354,480850,1292470
ecdsa-P-384,sign,355,481369,1293832
ecdsa-P-384,sign,356,479476,1288776
ecdsa-P-384,sign,357,482589,1297112
ecdsa-P-384,sign,358,478035,1284906
ecdsa-P-384,sign,359,480790,1292274
ecdsa-P-384,sign,360,483596,1299848
ecdsa-P-384,sign,361,480726,1292106
ecdsa-P-384,sign,362,480853,1292480
ecdsa-P-384,sign,363,481957,1295410
ecdsa-P-384,sign,364,482863,1297878
ecdsa-P-384,sign,365,483003,1298226
ecdsa-P-384,sign,366,485885,1306006
ecdsa-P-384,sign,367,478451,1285988
ecdsa-P-384,sign,368,479226,1288104
ecdsa-P-384,sign,369,479752,1289488
ecdsa-P-384,sign,370,482979,1298190
ecdsa-P-384,sign,371,482117,1295878
ecdsa-P-384,sign,372,483451,1299462
ecdsa-P-384,sign,373,476908,1281842
ecdsa-P-384,sign,374,483027,1298324
ecdsa-P-384,sign,375,479629,1289132
ecdsa-P-384,sign,376,484887,1303318
ecdsa-P-384,sign,377,486382,1307310
ecdsa-P-384,sign,378,481536,1294310
ecdsa-P-384,sign,379,481848,1295154
ecdsa-P-384,sign,380,485332,1304520
ecdsa-P-384,sign,381,480797,1292328
ecdsa-P-384,sign,382,481214,1293450
ecdsa-P-384,sign,383,480425,1291294
ecdsa-P-384,sign,384,486137,1306684
ecdsa-P-384,sign,385,495753,1332504
ecdsa-P-384,sign,386,481688,1294724
ecdsa-P-384,sign,387,480528,1291572
ecdsa-P-384,sign,388,480194,1290706
ecdsa-P-384,sign,389,486044,1306432
ecdsa-P-384,sign,390,478522,1286212
ecdsa-P-384,sign,391,481166,1293320
ecdsa-P-384,sign,392,478328,1285690
ecdsa-P-384,sign,393,482214,1296136
ecdsa-P-384,sign,394,482180,1296046
ecdsa-P-384,sign,395,481203,1293418
ecdsa-P-384,sign,396,479695,1289364
ecdsa-P-384,sign,397,485940,1306150
ecdsa-P-384,sign,398,480413,1291298
ecdsa-P-384,sign,399,484631,1302632
ecdsa-P-384,sign,400,478691,1286664
ecdsa-P-384,sign,401,482285,1296328
ecdsa-P-384,sign,402,479646,1289236
ecdsa-P-384,sign,403,482091,1295808
ecdsa-P-384,sign,404,490188,1317548
ecdsa-P-384,sign,405,481499,1294214
ecdsa-P-384,sign,406,478102,1285054
ecdsa-P-384,sign,407,479029,1287576
ecdsa-P-384,sign,408,480883,1292528
ecdsa-P-384,sign,409,480307,1291012
ecdsa-P-384,sign,410,481532,1294304
ecdsa-P-384,sign,411,484348,1301872
ecdsa-P-384,sign,412,478671,1286614
ecdsa-P-384,sign,413,480722,1292126
ecdsa-P-384,sign,414,478435,1285946
ecdsa-P-384,sign,415,482002,1295566
ecdsa-P-384,sign,416,482315,1296372
ecdsa-P-384,sign,417,477480,1283386
ecdsa-P-384,sign,418,481267,1293560
ecdsa-P-384,sign,419,479184,1287994
ecdsa-P-384,sign,420,481470,1294104
ecdsa-P-384,sign,421,480890,1292574
ecdsa-P-384,sign,422,481384,1293866
ecdsa-P-384,sign,423,478892,1287208
ecdsa-P-384,sign,424,485110,1303890
ecdsa-P-384,sign,425,480369,1291178
ecdsa-P-384,sign,426,483380,1299238
ecdsa-P-384,sign,427,479229,1288112
ecdsa-P-384,sign,428,482038,1295624
ecdsa-P-384,sign,429,478381,1285836
ecdsa-P-384,sign,430,480762,1292230
ecdsa-P-384,sign,431,482395,1296620
ecdsa-P-384,sign,432,482346,1296490
ecdsa-P-384,sign,433,480719,1292120
ecdsa-P-384,sign,434,479748,1289500
ecdsa-P-384,sign,435,479056,1287650
ecdsa-P-384,sign,436,479094,1287708
ecdsa-P-384,sign,437,479845,1289770
ecdsa-P-384,sign,438,490845,1319310
ecdsa-P-384,sign,439,480975,1292810
ecdsa-P-384,sign,440,479693,1289320
ecdsa-P-384,sign,441,482093,1295812
ecdsa-P-384,sign,442,481799,1294988
ecdsa-P-384,sign,443,483078,1298458
ecdsa-P-384,sign,444,478873,1287122
ecdsa-P-384,sign,445,482499,1296902
ecdsa-P-384,sign,446,479917,1289930
ecdsa-P-384,sign,447,480523,1291588
ecdsa-P-384,sign,448,479796,1289634
ecdsa-P-384,sign,449,484535,1302374
ecdsa-P-384,sign,450,482496,1296860
ecdsa-P-384,sign,451,483988,1300904
ecdsa-P-384,sign,452,482655,1297288
ecdsa-P-384,sign,453,482944,1298098
ecdsa-P-384,sign,454,480263,1290860
ecdsa-P-384,sign,455,479786,1289608
ecdsa-P-384,sign,456,480201,1290694
ecdsa-P-384,sign,457,483185,1298746
ecdsa-P-384,sign,458,483043,1298332
ecdsa-P-384,sign,459,483128,1298590
ecdsa-P-384,sign,460,478412,1285884
ecdsa-P-384,sign,461,481488,1294186
ecdsa-P-384,sign,462,479723,1289410
ecdsa-P-384,sign,463,480724,1292134
ecdsa-P-384,sign,464,477575,1283664
ecdsa-P-384,sign,465,483336,1299148
ecdsa-P-384,sign,466,478175,1285248
ecdsa-P-384,sign,467,483969,1300852
ecdsa-P-384,sign,468,483505,1299576
ecdsa-P-384,sign,469,481051,1293008
ecdsa-P-384,sign,470,482380,1296550
ecdsa-P-384,sign,471,478208,1285366
ecdsa-P-384,sign,472,484764,1302926
ecdsa-P-384,sign,473,490814,1319228
ecdsa-P-384,sign,474,480242,1290834
ecdsa-P-384,sign,475,477591,1283710
ecdsa-P-384,sign,476,482645,1297296
ecdsa-P-384,sign,477,478278,1285560
ecdsa-P-384,sign,478,481038,1292974
ecdsa-P-384,sign,479,480916,1292644
ecdsa-P-384,sign,480,481360,1293844
ecdsa-P-384,sign,481,479268,1288222
ecdsa-P-384,sign,482,481068,1293062
ecdsa-P-384,sign,483,483210,1298814
ecdsa-P-384,sign,484,483627,1299936
ecdsa-P-384,sign,485,481541,1294328
ecdsa-P-384,sign,486,484313,1301778
ecdsa-P-384,sign,487,481187,1293374
ecdsa-P-384,sign,488,480789,1292306
ecdsa-P-384,sign,489,477849,1284406
ecdsa-P-384,sign,490,480563,1291698
ecdsa-P-384,sign,491,483861,1300564
ecdsa-P-384,sign,492,489408,1315458
ecdsa-P-384,sign,493,478981,1287446
ecdsa-P-384,sign,494,480175,1290656
ecdsa-P-384,sign,495,477584,1283662
ecdsa-P-384,sign,496,484196,1301466
ecdsa-P-384,sign,497,483014,1298254
ecdsa-P-384,sign,498,481422,1294012
ecdsa-P-384,sign,499,482803,1297714
ecdsa-P-384,sign,500,479054,1287642
ecdsa-P-384,sign,501,483198,1298780
ecdsa-P-384,sign,502,478774,1286892
ecdsa-P-384,sign,503,484224,1301534
ecdsa-P-384,sign,504,482537,1297006
ecdsa-P-384,sign,505,482418,1296652
ecdsa-P-384,sign,506,478999,1287492
ecdsa-P-384,sign,507,482240,1296204
ecdsa-P-384,sign,508,479733,1289470
ecdsa-P-384,sign,509,479251,1288138
ecdsa-P-384,sign,510,480157,1290608
ecdsa-P-384,sign,511,478508,1286174
ecdsa-P-384,sign,512,479162,1287932
ecdsa-P-384,sign,513,483663,1300030
ecdsa-P-384,sign,514,479677,1289284
ecdsa-P-384,sign,515,481888,1295262
ecdsa-P-384,sign,516,478717,1286740
ecdsa-P-384,sign,517,483483,1299508
ecdsa-P-384,sign,518,481413,1293950
ecdsa-P-384,sign,519,482738,1297546
ecdsa-P-384,sign,520,479606,1289096
ecdsa-P-384,sign,521,480695,1292052
ecdsa-P-384,sign,522,480093,1290404
ecdsa-P-384,sign,523,479992,1290164
ecdsa-P-384,sign,524,481887,1295218
ecdsa-P-384,sign,525,482946,1298104
ecdsa-P-384,sign,526,483003,1298256
ecdsa-P-384,sign,527,481106,1293162
ecdsa-P-384,sign,528,485476,1304878
ecdsa-P-384,sign,529,481820,1295078
ecdsa-P-384,sign,530,482920,1298004
ecdsa-P-384,sign,531,477337,1283024
ecdsa-P-384,sign,532,481504,1294194
ecdsa-P-384,sign,533,481466,1294124
ecdsa-P-384,sign,534,480659,1291956
ecdsa-P-384,sign,535,481198,1293406
ecdsa-P-384,sign,536,480320,1291010
ecdsa-P-384,sign,537,479229,1288112
ecdsa-P-384,sign,538,481008,1292862
ecdsa-P-384,sign,539,478206,1285362
ecdsa-P-384,sign,540,481645,1294608
ecdsa-P-384,sign,541,480302,1290996
ecdsa-P-384,sign,542,481495,1294172
ecdsa-P-384,sign,543,479648,1289236
ecdsa-P-384,sign,544,483331,1299106
ecdsa-P-384,sign,545,479709,1289402
ecdsa-P-384,sign,546,488341,1312586
ecdsa-P-384,sign,547,482529,1296986
ecdsa-P-384,sign,548,479625,1289178
ecdsa-P-384,sign,549,477945,1284626
ecdsa-P-384,sign,550,479060,1287658
ecdsa-P-384,sign,551,484467,1302164
ecdsa-P-384,sign,552,482882,1297934
ecdsa-P-384,sign,553,479653,1289212
ecdsa-P-384,sign,554,479717,1289426
ecdsa-P-384,sign,555,480589,1291734
ecdsa-P-384,sign,556,477881,1284488
ecdsa-P-384,sign,557,482247,1296194
ecdsa-P-384,sign,558,480322,1291052
ecdsa-P-384,sign,559,480521,1291556
ecdsa-P-384,sign,560,477514,1283502
ecdsa-P-384,sign,561,479534,1288900
ecdsa-P-384,sign,562,477393,1283178
ecdsa-P-384,sign,563,480587,1291730
ecdsa-P-384,sign,564,479718,1289430
ecdsa-P-384,sign,565,480445,1291350
ecdsa-P-384,sign,566,478374,1285812
ecdsa-P-384,sign,567,483683,1300052
ecdsa-P-384,sign,568,481062,1293040
ecdsa-P-384,sign,569,485662,1305372
ecdsa-P-384,sign,570,479199,1288034
ecdsa-P-384,sign,571,480244,1290808
ecdsa-P-384,sign,572,483817,1300446
ecdsa-P-384,sign,573,483590,1299828
ecdsa-P-384,sign,574,478566,1286330
ecdsa-P-384,sign,575,480432,1291346
ecdsa-P-384,sign,576,478957,1287382
ecdsa-P-384,sign,577,481581,1294436
ecdsa-P-384,sign,578,483191,1298746
ecdsa-P-384,sign,579,482118,1295848
ecdsa-P-384,sign,580,479509,1288870
ecdsa-P-384,sign,581,481189,1293348
ecdsa-P-384,sign,582,479390,1288544
ecdsa-P-384,sign,583,478827,1287034
ecdsa-P-384,sign,584,480802,1292342
ecdsa-P-384,sign,585,481255,1293528
ecdsa-P-384,sign,586,480511,1291558
ecdsa-P-384,sign,587,478478,1286062
ecdsa-P-384,sign,588,483311,1299082
ecdsa-P-384,sign,589,481214,1293416
ecdsa-P-384,sign,590,482240,1296206
ecdsa-P-384,sign,591,477441,1283274
ecdsa-P-384,sign,592,480686,1292028
ecdsa-P-384,sign,593,485466,1304846
ecdsa-P-384,sign,594,483586,1299824
ecdsa-P-384,sign,595,480394,1291246
ecdsa-P-384,sign,596,481743,1294870
ecdsa-P-384,sign,597,478910,1287258
ecdsa-P-384,sign,598,481898,1295288
ecdsa-P-384,sign,599,479396,1288532
ecdsa-P-384,sign,600,488524,1313074
ecdsa-P-384,sign,601,485710,1305534
ecdsa-P-384,sign,602,479523,1288902
ecdsa-P-384,sign,603,481976,1295462
ecdsa-P-384,sign,604,480813,1292372
ecdsa-P-384,sign,605,481067,1293054
ecdsa-P-384,sign,606,478578,1286362
ecdsa-P-384,sign,607,481332,1293766
ecdsa-P-384,sign,608,477421,1283250
ecdsa-P-384,sign,609,482986,1298212
ecdsa-P-384,sign,610,479949,1290048
ecdsa-P-384,sign,611,480204,1290734
ecdsa-P-384,sign,612,480899,1292570
ecdsa-P-384,sign,613,480707,1292086
ecdsa-P-384,sign,614,477918,1284556
ecdsa-P-384,sign,615,483273,1298984
ecdsa-P-384,sign,616,478901,1287202
ecdsa-P-384,sign,617,483131,1298606
ecdsa-P-384,sign,618,481757,1294878
ecdsa-P-384,sign,619,485034,1303718
ecdsa-P-384,sign,620,477962,1284676
ecdsa-P-384,sign,621,480116,1290430
ecdsa-P-384,sign,622,480599,1291764
ecdsa-P-384,sign,623,485891,1305992
ecdsa-P-384,sign,624,481048,1292968
ecdsa-P-384,sign,625,481062,1293036
ecdsa-P-384,sign,626,480986,1292834
ecdsa-P-384,sign,627,483655,1300008
ecdsa-P-384,sign,628,480705,1292046
ecdsa-P-384,sign,629,479968,1290100
ecdsa-P-384,sign,630,478106,1285094
ecdsa-P-384,sign,631,478966,1287410
ecdsa-P-384,sign,632,483210,1298816
ecdsa-P-384,sign,633,481578,1294426
ecdsa-P-384,sign,634,484843,1303204
ecdsa-P-384,sign,635,482172,1296026
ecdsa-P-384,sign,636,481453,1294062
ecdsa-P-384,sign,637,480362,1291160
ecdsa-P-384,sign,638,481070,1293062
ecdsa-P-384,sign,639,479268,1288218
ecdsa-P-384,sign,640,481364,1293820
ecdsa-P-384,sign,641,478745,1286810
ecdsa-P-384,sign,642,480741,1292142
ecdsa-P-384,sign,643,478911,1287256
ecdsa-P-384,sign,644,481134,1293236
ecdsa-P-384,sign,645,478951,1287366
ecdsa-P-384,sign,646,483327,1299094
ecdsa-P-384,sign,647,480641,1291908
ecdsa-P-384,sign,648,482173,1295996
ecdsa-P-384,sign,649,481613,1294522
ecdsa-P-384,sign,650,480427,1291328
ecdsa-P-384,sign,651,479379,1288518
ecdsa-P-384,sign,652,481039,1292978
ecdsa-P-384,sign,653,482025,1295632
ecdsa-P-384,sign,654,488426,1312806
ecdsa-P-384,sign,655,477091,1282366
ecdsa-P-384,sign,656,480053,1290288
ecdsa-P-384,sign,657,478950,1287356
ecdsa-P-384,sign,658,479018,1287506
ecdsa-P-384,sign,659,482979,1298196
ecdsa-P-384,sign,660,481127,1293216
ecdsa-P-384,sign,661,503951,1354538
ecdsa-P-384,sign,662,479985,1290144
ecdsa-P-384,sign,663,479756,1289526
ecdsa-P-384,sign,664,476903,1281862
ecdsa-P-384,sign,665,480375,1291190
ecdsa-P-384,sign,666,481243,1293494
ecdsa-P-384,sign,667,483510,1299616
ecdsa-P-384,sign,668,480550,1291632
ecdsa-P-384,sign,669,485724,1305572
ecdsa-P-384,sign,670,478563,1286322
ecdsa-P-384,sign,671,487041,1309112
ecdsa-P-384,sign,672,482001,1295564
ecdsa-P-384,sign,673,481878,1295236
ecdsa-P-384,sign,674,479678,1289288
ecdsa-P-384,sign,675,483369,1299240
ecdsa-P-384,sign,676,486496,1307616
ecdsa-P-384,sign,677,483965,1300844
ecdsa-P-384,sign,678,483474,1299522
ecdsa-P-384,sign,679,482929,1298062
ecdsa-P-384,sign,680,479075,1287670
ecdsa-P-384,sign,681,479331,1288386
ecdsa-P-384,sign,682,478820,1286982
ecdsa-P-384,sign,683,483079,1298460
ecdsa-P-384,sign,684,480645,1291918
ecdsa-P-384,sign,685,482152,1295968
ecdsa-P-384,sign,686,479864,1289786
ecdsa-P-384,sign,687,481306,1293698
ecdsa-P-384,sign,688,481950,1295426
ecdsa-P-384,sign,689,483210,1298812
ecdsa-P-384,sign,690,483019,1298262
ecdsa-P-384,sign,691,478888,1287196
ecdsa-P-384,sign,692,481066,1293014
ecdsa-P-384,sign,693,479000,1287498
ecdsa-P-384,sign,694,481953,1295436
ecdsa-P-384,sign,695,479392,1288550
ecdsa-P-384,sign,696,480639,1291904
ecdsa-P-384,sign,697,478764,1286860
ecdsa-P-384,sign,698,481284,1293600
ecdsa-P-384,sign,699,478654,1286568
ecdsa-P-384,sign,700,482635,1297268
ecdsa-P-384,sign,701,482092,1295812
ecdsa-P-384,sign,702,482466,1296812
ecdsa-P-384,sign,703,482502,1296906
ecdsa-P-384,sign,704,479278,1288242
ecdsa-P-384,sign,705,480692,1292050
ecdsa-P-384,sign,706,479934,1290008
ecdsa-P-384,sign,707,478006,1284822
ecdsa-P-384,sign,708,480509,1291550
ecdsa-P-384,sign,709,477970,1284730
ecdsa-P-384,sign,710,482381,1296578
ecdsa-P-384,sign,711,479274,1288144
ecdsa-P-384,sign,712,481359,1293836
ecdsa-P-384,sign,713,479207,1288000
ecdsa-P-384,sign,714,481809,1295048
ecdsa-P-384,sign,715,478630,1286502
ecdsa-P-384,sign,716,478573,1286350
ecdsa-P-384,sign,717,484307,1301758
ecdsa-P-384,sign,718,479199,1288032
ecdsa-P-384,sign,719,478865,1287130
ecdsa-P-384,sign,720,479772,1289572
ecdsa-P-384,sign,721,484296,1301692
ecdsa-P-384,sign,722,478743,1286808
ecdsa-P-384,sign,723,480513,1291528
ecdsa-P-384,sign,724,481975,1295492
ecdsa-P-384,sign,725,481776,1294958
ecdsa-P-384,sign,726,480152,1290592
ecdsa-P-384,sign,727,481759,1294874
ecdsa-P-384,sign,728,479031,1287580
ecdsa-P-384,sign,729,481970,1295440
ecdsa-P-384,sign,730,482605,1297160
ecdsa-P-384,sign,731,482197,1296052
ecdsa-P-384,sign,732,479187,1287970
ecdsa-P-384,sign,733,479246,1288106
ecdsa-P-384,sign,734,479239,1288118
ecdsa-P-384,sign,735,480413,1291294
ecdsa-P-384,sign,736,478192,1285326
ecdsa-P-384,sign,737,482575,1297066
ecdsa-P-384,sign,738,478660,1286580
ecdsa-P-384,sign,739,483994,1300920
ecdsa-P-384,sign,740,479374,1288506
ecdsa-P-384,sign,741,479488,1288810
ecdsa-P-384,sign,742,481808,1295044
ecdsa-P-384,sign,743,479309,1288328
ecdsa-P-384,sign,744,480210,1290748
ecdsa-P-384,sign,745,479168,1287950
ecdsa-P-384,sign,746,483176,1298724
ecdsa-P-384,sign,747,481366,1293858
ecdsa-P-384,sign,748,484015,1300976
ecdsa-P-384,sign,749,479440,1288646
ecdsa-P-384,sign,750,481968,1295474
ecdsa-P-384,sign,751,482801,1297714
ecdsa-P-384,sign,752,480621,1291852
ecdsa-P-384,sign,753,479118,1287780
ecdsa-P-384,sign,754,479626,1289182
ecdsa-P-384,sign,755,482036,1295656
ecdsa-P-384,sign,756,481240,1293514
ecdsa-P-384,sign,757,478387,1285848
ecdsa-P-384,sign,758,481306,1293698
ecdsa-P-384,sign,759,481783,1294944
ecdsa-P-384,sign,760,483328,1299128
ecdsa-P-384,sign,761,480769,1292218
ecdsa-P-384,sign,762,483469,1299512
ecdsa-P-384,sign,763,480017,1290198
ecdsa-P-384,sign,764,479965,1290094
ecdsa-P-384,sign,765,478948,1287360
ecdsa-P-384,sign,766,480079,1290398
ecdsa-P-384,sign,767,480246,1290816
ecdsa-P-384,sign,768,478838,1287062
ecdsa-P-384,sign,769,479694,1289362
ecdsa-P-384,sign,770,479932,1289970
ecdsa-P-384,sign,771,484095,1301196
ecdsa-P-384,sign,772,479240,1288112
ecdsa-P-384,sign,773,482805,1297720
ecdsa-P-384,sign,774,478509,1286142
ecdsa-P-384,sign,775,482119,1295876
ecdsa-P-384,sign,776,478086,1285040
ecdsa-P-384,sign,777,483177,1298718
ecdsa-P-384,sign,778,480241,1290834
ecdsa-P-384,sign,779,484140,1301312
ecdsa-P-384,sign,780,480750,1292198
ecdsa-P-384,sign,781,481026,1292936
ecdsa-P-384,sign,782,478737,1286792
ecdsa-P-384,sign,783,482387,1296598
ecdsa-P-384,sign,784,485216,1304206
ecdsa-P-384,sign,785,485499,1304960
ecdsa-P-384,sign,786,478423,1285946
ecdsa-P-384,sign,787,480468,1291436
ecdsa-P-384,sign,788,479117,1287812
ecdsa-P-384,sign,789,482524,1296968
ecdsa-P-384,sign,790,479476,1288774
ecdsa-P-384,sign,791,484048,1301060
ecdsa-P-384,sign,792,478826,1287032
ecdsa-P-384,sign,793,480283,1290946
ecdsa-P-384,sign,794,484455,1302164
ecdsa-P-384,sign,795,482179,1296042
ecdsa-P-384,sign,796,481863,1295190
ecdsa-P-384,sign,797,479881,1289866
ecdsa-P-384,sign,798,481256,1293556
ecdsa-P-384,sign,799,477618,1283784
ecdsa-P-384,sign,800,480523,1291592
ecdsa-P-384,sign,801,478553,1286294
ecdsa-P-384,sign,802,482238,1296202
ecdsa-P-384,sign,803,479164,1287938
ecdsa-P-384,sign,804,484973,1303548
ecdsa-P-384,sign,805,485712,1305542
ecdsa-P-384,sign,806,486342,1307230
ecdsa-P-384,sign,807,488129,1312038
ecdsa-P-384,sign,808,484073,1301128
ecdsa-P-384,sign,809,480710,1292094
ecdsa-P-384,sign,810,480737,1292162
ecdsa-P-384,sign,811,479546,1288966
ecdsa-P-384,sign,812,479507,1288856
ecdsa-P-384,sign,813,478895,1287180
ecdsa-P-384,sign,814,480933,1292688
ecdsa-P-384,sign,815,477735,1284060
ecdsa-P-384,sign,816,483310,1299076
ecdsa-P-384,sign,817,481638,1294590
ecdsa-P-384,sign,818,480289,1290958
ecdsa-P-384,sign,819,480563,1291698
ecdsa-P-384,sign,820,478951,1287360
ecdsa-P-384,sign,821,478551,1286256
ecdsa-P-384,sign,822,479232,1288120
ecdsa-P-384,sign,823,488916,1314108
ecdsa-P-384,sign,824,480675,1291998
ecdsa-P-384,sign,825,481627,1294520
ecdsa-P-384,sign,826,480967,1292786
ecdsa-P-384,sign,827,480654,1291902
ecdsa-P-384,sign,828,480319,1291042
ecdsa-P-384,sign,829,485069,1303814
ecdsa-P-384,sign,830,482566,1297082
ecdsa-P-384,sign,831,484824,1303154
ecdsa-P-384,sign,832,478818,1287010
ecdsa-P-384,sign,833,479665,1289254
ecdsa-P-384,sign,834,479504,1288852
ecdsa-P-384,sign,835,496384,1334192
ecdsa-P-384,sign,836,480660,1291962
ecdsa-P-384,sign,837,480951,1292744
ecdsa-P-384,sign,838,479527,1288916
ecdsa-P-384,sign,839,482839,1297778
ecdsa-P-384,sign,840,480473,1291458
ecdsa-P-384,sign,841,483321,1299076
ecdsa-P-384,sign,842,478420,1285940
ecdsa-P-384,sign,843,481440,1294018
ecdsa-P-384,sign,844,478614,1286462
ecdsa-P-384,sign,845,480693,1292008
ecdsa-P-384,sign,846,478281,1285564
ecdsa-P-384,sign,847,480104,1290426
ecdsa-P-384,sign,848,478361,1285780
ecdsa-P-384,sign,849,479112,1287762
ecdsa-P-384,sign,850,479880,1289862
ecdsa-P-384,sign,851,479406,1288558
ecdsa-P-384,sign,852,481844,1295142
ecdsa-P-384,sign,853,481256,1293530
ecdsa-P-384,sign,854,494775,1329872
ecdsa-P-384,sign,855,478059,1284966
ecdsa-P-384,sign,856,479875,1289852
ecdsa-P-384,sign,857,480293,1290946
ecdsa-P-384,sign,858,481293,1293658
ecdsa-P-384,sign,859,479635,1289200
ecdsa-P-384,sign,860,482917,1298028
ecdsa-P-384,sign,861,484854,1303204
ecdsa-P-384,sign,862,482548,1297034
ecdsa-P-384,sign,863,481052,1292980
ecdsa-P-384,sign,864,484652,1302690
ecdsa-P-384,sign,865,482187,1296032
ecdsa-P-384,sign,866,483461,1299486
ecdsa-P-384,sign,867,477902,1284546
ecdsa-P-384,sign,868,481986,1295494
ecdsa-P-384,sign,869,482323,1296398
ecdsa-P-384,sign,870,484112,1301242
ecdsa-P-384,sign,871,480601,1291768
ecdsa-P-384,sign,872,483559,1299752
ecdsa-P-384,sign,873,483764,1300272
ecdsa-P-384,sign,874,481657,1294636
ecdsa-P-384,sign,875,481990,1295506
ecdsa-P-384,sign,876,478082,1285032
ecdsa-P-384,sign,877,483409,1299350
ecdsa-P-384,sign,878,482147,1295956
ecdsa-P-384,sign,879,483181,1298700
ecdsa-P-384,sign,880,481653,1294628
ecdsa-P-384,sign,881,481744,1294840
ecdsa-P-384,sign,882,478246,1285470
ecdsa-P-384,sign,883,481210,1293438
ecdsa-P-384,sign,884,479791,1289596
ecdsa-P-384,sign,885,481216,1293452
ecdsa-P-384,sign,886,478366,1285794
ecdsa-P-384,sign,887,484094,1301192
ecdsa-P-384,sign,888,479517,1288888
ecdsa-P-384,sign,889,487557,1310476
ecdsa-P-384,sign,890,477602,1283738
ecdsa-P-384,sign,891,482804,1297724
ecdsa-P-384,sign,892,478433,1285974
ecdsa-P-384,sign,893,482885,1297938
ecdsa-P-384,sign,894,480390,1291200
ecdsa-P-384,sign,895,481084,1293098
ecdsa-P-384,sign,896,478094,1285030
ecdsa-P-384,sign,897,480979,1292818
ecdsa-P-384,sign,898,478428,1285928
ecdsa-P-384,sign,899,482130,1295912
ecdsa-P-384,sign,900,480210,1290752
ecdsa-P-384,sign,901,479387,1288538
ecdsa-P-384,sign,902,479608,1289098
ecdsa-P-384,sign,903,481174,1293342
ecdsa-P-384,sign,904,478838,1287030
ecdsa-P-384,sign,905,478868,1287142
ecdsa-P-384,sign,906,482145,1295920
ecdsa-P-384,sign,907,482535,1297000
ecdsa-P-384,sign,908,483117,1298562
ecdsa-P-384,sign,909,483502,1299596
ecdsa-P-384,sign,910,514649,1383310
ecdsa-P-384,sign,911,482280,1296314
ecdsa-P-384,sign,912,483654,1299970
ecdsa-P-384,sign,913,480663,1291966
ecdsa-P-384,sign,914,481216,1293450
ecdsa-P-384,sign,915,481713,1294790
ecdsa-P-384,sign,916,484488,1302210
ecdsa-P-384,sign,917,479066,1287676
ecdsa-P-384,sign,918,482733,1297498
ecdsa-P-384,sign,919,478422,1285948
ecdsa-P-384,sign,920,481819,1295042
ecdsa-P-384,sign,921,482011,1295592
ecdsa-P-384,sign,922,483120,1298542
ecdsa-P-384,sign,923,483667,1300042
ecdsa-P-384,sign,924,484869,1303238
ecdsa-P-384,sign,925,484116,1301252
ecdsa-P-384,sign,926,484687,1302780
ecdsa-P-384,sign,927,477750,1284136
ecdsa-P-384,sign,928,482191,1296040
ecdsa-P-384,sign,929,478944,1287346
ecdsa-P-384,sign,930,482008,1295546
ecdsa-P-384,sign,931,479736,1289472
ecdsa-P-384,sign,932,483330,1299106
ecdsa-P-384,sign,933,481714,1294792
ecdsa-P-384,sign,934,480699,1292068
ecdsa-P-384,sign,935,479159,1287924
ecdsa-P-384,sign,936,480460,1291418
ecdsa-P-384,sign,937,482148,1295962
ecdsa-P-384,sign,938,480839,1292402
ecdsa-P-384,sign,939,481946,1295418
ecdsa-P-384,sign,940,478815,1286962
ecdsa-P-384,sign,941,485442,1304812
ecdsa-P-384,sign,942,478858,1287118
ecdsa-P-384,sign,943,491200,1320258
ecdsa-P-384,sign,944,478168,1285262
ecdsa-P-384,sign,945,482735,1297538
ecdsa-P-384,sign,946,481081,1293056
ecdsa-P-384,sign,947,484190,1301448
ecdsa-P-384,sign,948,483079,1298458
ecdsa-P-384,sign,949,486002,1306322
ecdsa-P-384,sign,950,481292,1293624
ecdsa-P-384,sign,951,482426,1296702
ecdsa-P-384,sign,952,484017,1300950
ecdsa-P-384,sign,953,483867,1300580
ecdsa-P-384,sign,954,481651,1294588
ecdsa-P-384,sign,955,486279,1307066
ecdsa-P-384,sign,956,479622,1289172
ecdsa-P-384,sign,957,481183,1293364
ecdsa-P-384,sign,958,479759,1289482
ecdsa-P-384,sign,959,483544,1299710
ecdsa-P-384,sign,960,481710,1294752
ecdsa-P-384,sign,961,483185,1298746
ecdsa-P-384,sign,962,480639,1291876
ecdsa-P-384,sign,963,480561,1291694
ecdsa-P-384,sign,964,483979,1300848
ecdsa-P-384,sign,965,482656,1297326
ecdsa-P-384,sign,966,481907,1295280
ecdsa-P-384,sign,967,481689,1294722
ecdsa-P-384,sign,968,483766,1300278
ecdsa-P-384,sign,969,478800,1286964
ecdsa-P-384,sign,970,482597,1297132
ecdsa-P-384,sign,971,480750,1292204
ecdsa-P-384,sign,972,486244,1306938
ecdsa-P-384,sign,973,482602,1297180
ecdsa-P-384,sign,974,483097,1298512
ecdsa-P-384,sign,975,482238,1296200
ecdsa-P-384,sign,976,482393,1296584
ecdsa-P-384,sign,977,482199,1296096
ecdsa-P-384,sign,978,482314,1296374
ecdsa-P-384,sign,979,480825,1292402
ecdsa-P-384,sign,980,482305,1296350
ecdsa-P-384,sign,981,482879,1297928
ecdsa-P-384,sign,982,482777,1297616
ecdsa-P-384,sign,983,477978,1284752
ecdsa-P-384,sign,984,480699,1292068
ecdsa-P-384,sign,985,482361,1296530
ecdsa-P-384,sign,986,480468,1291408
ecdsa-P-384,sign,987,479557,1288994
ecdsa-P-384,sign,988,481880,1295204
ecdsa-P-384,sign,989,481317,1293722
ecdsa-P-384,sign,990,479301,1288310
ecdsa-P-384,sign,991,479355,1288450
ecdsa-P-384,sign,992,480474,1291422
ecdsa-P-384,sign,993,484488,1302252
ecdsa-P-384,sign,994,477612,1283732
ecdsa-P-384,sign,995,484067,1301116
ecdsa-P-384,sign,996,482705,1297422
ecdsa-P-384,sign,997,489478,1315636
ecdsa-P-384,sign,998,478739,1286794
ecdsa-P-384,sign,999,480866,1292512
ecdsa-P-384,verify,0,415877,1117796
ecdsa-P-384,verify,1,416114,1118456
ecdsa-P-384,verify,2,414682,1114570
ecdsa-P-384,verify,3,413034,1110178
ecdsa-P-384,verify,4,412662,1109180
ecdsa-P-384,verify,5,413240,1110736
ecdsa-P-384,verify,6,416456,1119376
ecdsa-P-384,verify,7,416614,1119794
ecdsa-P-384,verify,8,413615,1111742
ecdsa-P-384,verify,9,421375,1132578
ecdsa-P-384,verify,10,412594,1108998
ecdsa-P-384,verify,11,414874,1115128
ecdsa-P-384,verify,12,415117,1115778
ecdsa-P-384,verify,13,413900,1112502
ecdsa-P-384,verify,14,413727,1112042
ecdsa-P-384,verify,15,412548,1108868
ecdsa-P-384,verify,16,412725,1109350
ecdsa-P-384,verify,17,412630,1109086
ecdsa-P-384,verify,18,413410,1111192
ecdsa-P-384,verify,19,414906,1115214
ecdsa-P-384,verify,20,414081,1112994
ecdsa-P-384,verify,21,418688,1125382
ecdsa-P-384,verify,22,412147,1107790
ecdsa-P-384,verify,23,416919,1120618
ecdsa-P-384,verify,24,413469,1111344
ecdsa-P-384,verify,25,414485,1114082
ecdsa-P-384,verify,26,416237,1118790
ecdsa-P-384,verify,27,414667,1114554
ecdsa-P-384,verify,28,413283,1110848
ecdsa-P-384,verify,29,412621,1109066
ecdsa-P-384,verify,30,414193,1113294
ecdsa-P-384,verify,31,412019,1107452
ecdsa-P-384,verify,32,411600,1106324
ecdsa-P-384,verify,33,413687,1111936
ecdsa-P-384,verify,34,410035,1102112
ecdsa-P-384,verify,35,416374,1119156
ecdsa-P-384,verify,36,411866,1107038
ecdsa-P-384,verify,37,411882,1107078
ecdsa-P-384,verify,38,413218,1110676
ecdsa-P-384,verify,39,414343,1113700
ecdsa-P-384,verify,40,413949,1112644
ecdsa-P-384,verify,41,414995,1115454
ecdsa-P-384,verify,42,411848,1106992
ecdsa-P-384,verify,43,417669,1122638
ecdsa-P-384,verify,44,412493,1108728
ecdsa-P-384,verify,45,416800,1120302
ecdsa-P-384,verify,46,411123,1105040
ecdsa-P-384,verify,47,416248,1118816
ecdsa-P-384,verify,48,419369,1127212
ecdsa-P-384,verify,49,411167,1105162
ecdsa-P-384,verify,50,414454,1113996
ecdsa-P-384,verify,51,410709,1103930
ecdsa-P-384,verify,52,413445,1111286
ecdsa-P-384,verify,53,412135,1107756
ecdsa-P-384,verify,54,410941,1104554
ecdsa-P-384,verify,55,413635,1111792
ecdsa-P-384,verify,56,415976,1118090
ecdsa-P-384,verify,57,415488,1116776
ecdsa-P-384,verify,58,411031,1104796
ecdsa-P-384,verify,59,414634,1114476
ecdsa-P-384,verify,60,411198,1105246
ecdsa-P-384,verify,61,411786,1106826
ecdsa-P-384,verify,62,414805,1114938
ecdsa-P-384,verify,63,413118,1110404
ecdsa-P-384,verify,64,412457,1108624
ecdsa-P-384,verify,65,415098,1115728
ecdsa-P-384,verify,66,411901,1107130
ecdsa-P-384,verify,67,414106,1113058
ecdsa-P-384,verify,68,416252,1118832
ecdsa-P-384,verify,69,416788,1120274
ecdsa-P-384,verify,70,412294,1108192
ecdsa-P-384,verify,71,426785,1147116
ecdsa-P-384,verify,72,412246,1108060
ecdsa-P-384,verify,73,411915,1107176
ecdsa-P-384,verify,74,415483,1116758
ecdsa-P-384,verify,75,413581,1111652
ecdsa-P-384,verify,76,413884,1112462
ecdsa-P-384,verify,77,413849,1112372
ecdsa-P-384,verify,78,412891,1109794
ecdsa-P-384,verify,79,413808,1112260
ecdsa-P-384,verify,80,414647,1114518
ecdsa-P-384,verify,81,414630,1114470
ecdsa-P-384,verify,82,412423,1108536
ecdsa-P-384,verify,83,415198,1115992
ecdsa-P-384,verify,84,412454,1108616
ecdsa-P-384,verify,85,413261,1110790
ecdsa-P-384,verify,86,415167,1115914
ecdsa-P-384,verify,87,413393,1111138
ecdsa-P-384,verify,88,414335,1113682
ecdsa-P-384,verify,89,412926,1109878
ecdsa-P-384,verify,90,413119,1110408
ecdsa-P-384,verify,91,415282,1116222
ecdsa-P-384,verify,92,413722,1112024
ecdsa-P-384,verify,93,412939,1109930
ecdsa-P-384,verify,94,411924,1107200
ecdsa-P-384,verify,95,413123,1110420
ecdsa-P-384,verify,96,412759,1109442
ecdsa-P-384,verify,97,412040,1107510
ecdsa-P-384,verify,98,418739,1125516
ecdsa-P-384,verify,99,412641,1109126
ecdsa-P-384,verify,100,413847,1112368
ecdsa-P-384,verify,101,413526,1111480
ecdsa-P-384,verify,102,414589,1114358
ecdsa-P-384,verify,103,415209,1115956
ecdsa-P-384,verify,104,428366,1151388
ecdsa-P-384,verify,105,414931,1115276
ecdsa-P-384,verify,106,414979,1115408
ecdsa-P-384,verify,107,413758,1112130
ecdsa-P-384,verify,108,414221,1113372
ecdsa-P-384,verify,109,413462,1111326
ecdsa-P-384,verify,110,415051,1115592
ecdsa-P-384,verify,111,411751,1106728
ecdsa-P-384,verify,112,415999,1118150
ecdsa-P-384,verify,113,417010,1120872
ecdsa-P-384,verify,114,412869,1109740
ecdsa-P-384,verify,115,416189,1118662
ecdsa-P-384,verify,116,412492,1108722
ecdsa-P-384,verify,117,415070,1115652
ecdsa-P-384,verify,118,415375,1116474
ecdsa-P-384,verify,119,412359,1108368
ecdsa-P-384,verify,120,414421,1113904
ecdsa-P-384,verify,121,412018,1107448
ecdsa-P-384,verify,122,417278,1121588
ecdsa-P-384,verify,123,412186,1107898
ecdsa-P-384,verify,124,414315,1113624
ecdsa-P-384,verify,125,412413,1108510
ecdsa-P-384,verify,126,412811,1109578
ecdsa-P-384,verify,127,414044,1112896
ecdsa-P-384,verify,128,414285,1113544
ecdsa-P-384,verify,129,416226,1118762
ecdsa-P-384,verify,130,412986,1110050
ecdsa-P-384,verify,131,411441,1105898
ecdsa-P-384,verify,132,414600,1114388
ecdsa-P-384,verify,133,412351,1108344
ecdsa-P-384,verify,134,414468,1114028
ecdsa-P-384,verify,135,413773,1112156
ecdsa-P-384,verify,136,413884,1112464
ecdsa-P-384,verify,137,414701,1114662
ecdsa-P-384,verify,138,416324,1119026
ecdsa-P-384,verify,139,413707,1111990
ecdsa-P-384,verify,140,414027,1112850
ecdsa-P-384,verify,141,412972,1110016
ecdsa-P-384,verify,142,412920,1109876
ecdsa-P-384,verify,143,414358,1113738
ecdsa-P-384,verify,144,413179,1110568
ecdsa-P-384,verify,145,412909,1109844
ecdsa-P-384,verify,146,414627,1114464
ecdsa-P-384,verify,147,410506,1103386
ecdsa-P-384,verify,148,411864,1107036
ecdsa-P-384,verify,149,414671,1114582
ecdsa-P-384,verify,150,413001,1110094
ecdsa-P-384,verify,151,414136,1113142
ecdsa-P-384,verify,152,414534,1114212
ecdsa-P-384,verify,153,434212,1167096
ecdsa-P-384,verify,154,413774,1112170
ecdsa-P-384,verify,155,412677,1109220
ecdsa-P-384,verify,156,413690,1111936
ecdsa-P-384,verify,157,413774,1112170
ecdsa-P-384,verify,158,413808,1112260
ecdsa-P-384,verify,159,413070,1110272
ecdsa-P-384,verify,160,412446,1108600
ecdsa-P-384,verify,161,413634,1111788
ecdsa-P-384,verify,162,413515,1111474
ecdsa-P-384,verify,163,415081,1115678
ecdsa-P-384,verify,164,410733,1103996
ecdsa-P-384,verify,165,417158,1121268
ecdsa-P-384,verify,166,413021,1110140
ecdsa-P-384,verify,167,412478,1108678
ecdsa-P-384,verify,168,414939,1115302
ecdsa-P-384,verify,169,412797,1109546
ecdsa-P-384,verify,170,415478,1116750
ecdsa-P-384,verify,171,416879,1120516
ecdsa-P-384,verify,172,413747,1112096
ecdsa-P-384,verify,173,413968,1112686
ecdsa-P-384,verify,174,411965,1107308
ecdsa-P-384,verify,175,417619,1122502
ecdsa-P-384,verify,176,415647,1117202
ecdsa-P-384,verify,177,412084,1107626
ecdsa-P-384,verify,178,417519,1122240
ecdsa-P-384,verify,179,413267,1110806
ecdsa-P-384,verify,180,414218,1113360
ecdsa-P-384,verify,181,413374,1111096
ecdsa-P-384,verify,182,417750,1122846
ecdsa-P-384,verify,183,413921,1112562
ecdsa-P-384,verify,184,412660,1109172
ecdsa-P-384,verify,185,417384,1121874
ecdsa-P-384,verify,186,412286,1108170
ecdsa-P-384,verify,187,414601,1114390
ecdsa-P-384,verify,188,413519,1111484
ecdsa-P-384,verify,189,412753,1109422
ecdsa-P-384,verify,190,412712,1109312
ecdsa-P-384,verify,191,417054,1120884
ecdsa-P-384,verify,192,417821,1122968
ecdsa-P-384,verify,193,415174,1115916
ecdsa-P-384,verify,194,420267,1129600
ecdsa-P-384,verify,195,418471,1124792
ecdsa-P-384,verify,196,414089,1113018
ecdsa-P-384,verify,197,414738,1114760
ecdsa-P-384,verify,198,411746,1106720
ecdsa-P-384,verify,199,425701,1144218
ecdsa-P-384,verify,200,412694,1109270
ecdsa-P-384,verify,201,414456,1114002
ecdsa-P-384,verify,202,413326,1110960
ecdsa-P-384,verify,203,416052,1118290
ecdsa-P-384,verify,204,416291,1118858
ecdsa-P-384,verify,205,412789,1109526
ecdsa-P-384,verify,206,414880,1115140
ecdsa-P-384,verify,207,413551,1111538
ecdsa-P-384,verify,208,413079,1110222
ecdsa-P-384,verify,209,418444,1124716
ecdsa-P-384,verify,210,411476,1105994
ecdsa-P-384,verify,211,416286,1118912
ecdsa-P-384,verify,212,414254,1113456
ecdsa-P-384,verify,213,413726,1112042
ecdsa-P-384,verify,214,412613,1109048
ecdsa-P-384,verify,215,412622,1109074
ecdsa-P-384,verify,216,415857,1117768
ecdsa-P-384,verify,217,412496,1108724
ecdsa-P-384,verify,218,414544,1114240
ecdsa-P-384,verify,219,414615,1114434
ecdsa-P-384,verify,220,412099,1107658
ecdsa-P-384,verify,221,415071,1115650
ecdsa-P-384,verify,222,412528,1108820
ecdsa-P-384,verify,223,416868,1120488
ecdsa-P-384,verify,224,412106,1107690
ecdsa-P-384,verify,225,420923,1131384
ecdsa-P-384,verify,226,417028,1120916
ecdsa-P-384,verify,227,412115,1107710
ecdsa-P-384,verify,228,415364,1116444
ecdsa-P-384,verify,229,414618,1114438
ecdsa-P-384,verify,230,414314,1113622
ecdsa-P-384,verify,231,413299,1110894
ecdsa-P-384,verify,232,412922,1109856
ecdsa-P-384,verify,233,414674,1114590
ecdsa-P-384,verify,234,413232,1110708
ecdsa-P-384,verify,235,414609,1114416
ecdsa-P-384,verify,236,413522,1111490
ecdsa-P-384,verify,237,413510,1111460
ecdsa-P-384,verify,238,414693,1114642
ecdsa-P-384,verify,239,414028,1112852
ecdsa-P-384,verify,240,414634,1114478
ecdsa-P-384,verify,241,414997,1115458
ecdsa-P-384,verify,242,413152,1110502
ecdsa-P-384,verify,243,414214,1113350
ecdsa-P-384,verify,244,413353,1111040
ecdsa-P-384,verify,245,414020,1112832
ecdsa-P-384,verify,246,411182,1105204
ecdsa-P-384,verify,247,414752,1114796
ecdsa-P-384,verify,248,413340,1110996
ecdsa-P-384,verify,249,413633,1111790
ecdsa-P-384,verify,250,414894,1115182
ecdsa-P-384,verify,251,414514,1114158
ecdsa-P-384,verify,252,414932,1115282
ecdsa-P-384,verify,253,416560,1119648
ecdsa-P-384,verify,254,413101,1110358
ecdsa-P-384,verify,255,414639,1114492
ecdsa-P-384,verify,256,414530,1114202
ecdsa-P-384,verify,257,414890,1115168
ecdsa-P-384,verify,258,413233,1110710
ecdsa-P-384,verify,259,414873,1115122
ecdsa-P-384,verify,260,413902,1112512
ecdsa-P-384,verify,261,412714,1109316
ecdsa-P-384,verify,262,413902,1112514
ecdsa-P-384,verify,263,417001,1120844
ecdsa-P-384,verify,264,413930,1112588
ecdsa-P-384,verify,265,415795,1117600
ecdsa-P-384,verify,266,415308,1116296
ecdsa-P-384,verify,267,414953,1115332
ecdsa-P-384,verify,268,411389,1105754
ecdsa-P-384,verify,269,414268,1113496
ecdsa-P-384,verify,270,412828,1109614
ecdsa-P-384,verify,271,415737,1117444
ecdsa-P-384,verify,272,411843,1106972
ecdsa-P-384,verify,273,412943,1109940
ecdsa-P-384,verify,274,413930,1112588
ecdsa-P-384,verify,275,412884,1109776
ecdsa-P-384,verify,276,416149,1118552
ecdsa-P-384,verify,277,413135,1110456
ecdsa-P-384,verify,278,414183,1113272
ecdsa-P-384,verify,279,415127,1115810
ecdsa-P-384,verify,280,428465,1151632
ecdsa-P-384,verify,281,416663,1119930
ecdsa-P-384,verify,282,413271,1110814
ecdsa-P-384,verify,283,411645,1106446
ecdsa-P-384,verify,284,414561,1114278
ecdsa-P-384,verify,285,413233,1110714
ecdsa-P-384,verify,286,416128,1118496
ecdsa-P-384,verify,287,415594,1117066
ecdsa-P-384,verify,288,414109,1113068
ecdsa-P-384,verify,289,411969,1107316
ecdsa-P-384,verify,290,413474,1111366
ecdsa-P-384,verify,291,414265,1113486
ecdsa-P-384,verify,292,411906,1107148
ecdsa-P-384,verify,293,417995,1123518
ecdsa-P-384,verify,294,413551,1111564
ecdsa-P-384,verify,295,412336,1108308
ecdsa-P-384,verify,296,416294,1118942
ecdsa-P-384,verify,297,410760,1104072
ecdsa-P-384,verify,298,412943,1109932
ecdsa-P-384,verify,299,412620,1109066
ecdsa-P-384,verify,300,414464,1114026
ecdsa-P-384,verify,301,415150,1115866
ecdsa-P-384,verify,302,414908,1115220
ecdsa-P-384,verify,303,425435,1143486
ecdsa-P-384,verify,304,412302,1108216
ecdsa-P-384,verify,305,414820,1114978
ecdsa-P-384,verify,306,410395,1103094
ecdsa-P-384,verify,307,410647,1103758
ecdsa-P-384,verify,308,422397,1135330
ecdsa-P-384,verify,309,413616,1111744
ecdsa-P-384,verify,310,412809,1109572
ecdsa-P-384,verify,311,412548,1108876
ecdsa-P-384,verify,312,415701,1117346
ecdsa-P-384,verify,313,411768,1106776
ecdsa-P-384,verify,314,412978,1110022
ecdsa-P-384,verify,315,416178,1118626
ecdsa-P-384,verify,316,412302,1108214
ecdsa-P-384,verify,317,414462,1114020
ecdsa-P-384,verify,318,415040,1115568
ecdsa-P-384,verify,319,413732,1112058
ecdsa-P-384,verify,320,415441,1116652
ecdsa-P-384,verify,321,413522,1111492
ecdsa-P-384,verify,322,414173,1113246
ecdsa-P-384,verify,323,413540,1111532
ecdsa-P-384,verify,324,414910,1115222
ecdsa-P-384,verify,325,414917,1115242
ecdsa-P-384,verify,326,414595,1114372
ecdsa-P-384,verify,327,414946,1115316
ecdsa-P-384,verify,328,412728,1109360
ecdsa-P-384,verify,329,417803,1123002
ecdsa-P-384,verify,330,411236,1105348
ecdsa-P-384,verify,331,411777,1106798
ecdsa-P-384,verify,332,416017,1118194
ecdsa-P-384,verify,333,413873,1112424
ecdsa-P-384,verify,334,415855,1117758
ecdsa-P-384,verify,335,416258,1118850
ecdsa-P-384,verify,336,415963,1118042
ecdsa-P-384,verify,337,414471,1114044
ecdsa-P-384,verify,338,414210,1113340
ecdsa-P-384,verify,339,412036,1107496
ecdsa-P-384,verify,340,412908,1109842
ecdsa-P-384,verify,341,424767,1141686
ecdsa-P-384,verify,342,413765,1112144
ecdsa-P-384,verify,343,413049,1110220
ecdsa-P-384,verify,344,416456,1119370
ecdsa-P-384,verify,345,412774,1109480
ecdsa-P-384,verify,346,415029,1115544
ecdsa-P-384,verify,347,413531,1111518
ecdsa-P-384,verify,348,412773,1109478
ecdsa-P-384,verify,349,413663,1111872
ecdsa-P-384,verify,350,412182,1107890
ecdsa-P-384,verify,351,413494,1111416
ecdsa-P-384,verify,352,413043,1110204
ecdsa-P-384,verify,353,414889,1115162
ecdsa-P-384,verify,354,413994,1112758
ecdsa-P-384,verify,355,414587,1114342
ecdsa-P-384,verify,356,414808,1114944
ecdsa-P-384,verify,357,412368,1108390
ecdsa-P-384,verify,358,415131,1115808
ecdsa-P-384,verify,359,413962,1112674
ecdsa-P-384,verify,360,413059,1110246
ecdsa-P-384,verify,361,416984,1120794
ecdsa-P-384,verify,362,411669,1106512
ecdsa-P-384,verify,363,416262,1118846
ecdsa-P-384,verify,364,413053,1110228
ecdsa-P-384,verify,365,411585,1106258
ecdsa-P-384,verify,366,411853,1107002
ecdsa-P-384,verify,367,414691,1114634
ecdsa-P-384,verify,368,413801,1112240
ecdsa-P-384,verify,369,415194,1115986
ecdsa-P-384,verify,370,414549,1114252
ecdsa-P-384,verify,371,411895,1107118
ecdsa-P-384,verify,372,412237,1108040
ecdsa-P-384,verify,373,414688,1114626
ecdsa-P-384,verify,374,414038,1112876
ecdsa-P-384,verify,375,417288,1121614
ecdsa-P-384,verify,376,411392,1105770
ecdsa-P-384,verify,377,413709,1111998
ecdsa-P-384,verify,378,417391,1121890
ecdsa-P-384,verify,379,413551,1111564
ecdsa-P-384,verify,380,414110,1113074
ecdsa-P-384,verify,381,412726,1109352
ecdsa-P-384,verify,382,413320,1110952
ecdsa-P-384,verify,383,413430,1111242
ecdsa-P-384,verify,384,413065,1110258
ecdsa-P-384,verify,385,414595,1114372
ecdsa-P-384,verify,386,417377,1121850
ecdsa-P-384,verify,387,414962,1115360
ecdsa-P-384,verify,388,413190,1110600
ecdsa-P-384,verify,389,412057,1107554
ecdsa-P-384,verify,390,413970,1112698
ecdsa-P-384,verify,391,410920,1104494
ecdsa-P-384,verify,392,418348,1124464
ecdsa-P-384,verify,393,411605,1106340
ecdsa-P-384,verify,394,414351,1113720
ecdsa-P-384,verify,395,412083,1107622
ecdsa-P-384,verify,396,413128,1110434
ecdsa-P-384,verify,397,415171,1115924
ecdsa-P-384,verify,398,413804,1112250
ecdsa-P-384,verify,399,415489,1116780
ecdsa-P-384,verify,400,416068,1118336
ecdsa-P-384,verify,401,413483,1111386
ecdsa-P-384,verify,402,415004,1115472
ecdsa-P-384,verify,403,416335,1119052
ecdsa-P-384,verify,404,421056,1131682
ecdsa-P-384,verify,405,412721,1109338
ecdsa-P-384,verify,406,413513,1111468
ecdsa-P-384,verify,407,414699,1114648
ecdsa-P-384,verify,408,411806,1106882
ecdsa-P-384,verify,409,414748,1114776
ecdsa-P-384,verify,410,414921,1115252
ecdsa-P-384,verify,411,414017,1112822
ecdsa-P-384,verify,412,412282,1108150
ecdsa-P-384,verify,413,415553,1116952
ecdsa-P-384,verify,414,413994,1112756
ecdsa-P-384,verify,415,414785,1114890
ecdsa-P-384,verify,416,415172,1115930
ecdsa-P-384,verify,417,412136,1107768
ecdsa-P-384,verify,418,411410,1105814
ecdsa-P-384,verify,419,416811,1120326
ecdsa-P-384,verify,420,413422,1111218
ecdsa-P-384,verify,421,414379,1113792
ecdsa-P-384,verify,422,414426,1113922
ecdsa-P-384,verify,423,413833,1112324
ecdsa-P-384,verify,424,412096,1107660
ecdsa-P-384,verify,425,412184,1107898
ecdsa-P-384,verify,426,413821,1112298
ecdsa-P-384,verify,427,412543,1108858
ecdsa-P-384,verify,428,415070,1115652
ecdsa-P-384,verify,429,414800,1114926
ecdsa-P-384,verify,430,411709,1106610
ecdsa-P-384,verify,431,412817,1109598
ecdsa-P-384,verify,432,414245,1113436
ecdsa-P-384,verify,433,414877,1115132
ecdsa-P-384,verify,434,415206,1116018
ecdsa-P-384,verify,435,413980,1112718
ecdsa-P-384,verify,436,413389,1111128
ecdsa-P-384,verify,437,412863,1109722
ecdsa-P-384,verify,438,414766,1114836
ecdsa-P-384,verify,439,412231,1108020
ecdsa-P-384,verify,440,417204,1121382
ecdsa-P-384,verify,441,412786,1109512
ecdsa-P-384,verify,442,411501,1106056
ecdsa-P-384,verify,443,416717,1120080
ecdsa-P-384,verify,444,411608,1106350
ecdsa-P-384,verify,445,415617,1117124
ecdsa-P-384,verify,446,414574,1114324
ecdsa-P-384,verify,447,412751,1109422
ecdsa-P-384,verify,448,414096,1113030
ecdsa-P-384,verify,449,413876,1112446
ecdsa-P-384,verify,450,414546,1114240
ecdsa-P-384,verify,451,411300,1105524
ecdsa-P-384,verify,452,416190,1118664
ecdsa-P-384,verify,453,413672,1111894
ecdsa-P-384,verify,454,412738,1109382
ecdsa-P-384,verify,455,415767,1117524
ecdsa-P-384,verify,456,413652,1111842
ecdsa-P-384,verify,457,415718,1117396
ecdsa-P-384,verify,458,411242,1105366
ecdsa-P-384,verify,459,412252,1108076
ecdsa-P-384,verify,460,415887,1117850
ecdsa-P-384,verify,461,414175,1113242
ecdsa-P-384,verify,462,420339,1129812
ecdsa-P-384,verify,463,412386,1108434
ecdsa-P-384,verify,464,414824,1114988
ecdsa-P-384,verify,465,411456,1105940
ecdsa-P-384,verify,466,413096,1110336
ecdsa-P-384,verify,467,420898,1131284
ecdsa-P-384,verify,468,412930,1109902
ecdsa-P-384,verify,469,413296,1110884
ecdsa-P-384,verify,470,413837,1112340
ecdsa-P-384,verify,471,414160,1113204
ecdsa-P-384,verify,472,416186,1118646
ecdsa-P-384,verify,473,412989,1110056
ecdsa-P-384,verify,474,413721,1112026
ecdsa-P-384,verify,475,414988,1115438
ecdsa-P-384,verify,476,415335,1116362
ecdsa-P-384,verify,477,413975,1112702
ecdsa-P-384,verify,478,412829,1109626
ecdsa-P-384,verify,479,419106,1126450
ecdsa-P-384,verify,480,415853,1117760
ecdsa-P-384,verify,481,413088,1110324
ecdsa-P-384,verify,482,412545,1108868
ecdsa-P-384,verify,483,415955,1118030
ecdsa-P-384,verify,484,412631,1109096
ecdsa-P-384,verify,485,412613,1109048
ecdsa-P-384,verify,486,413593,1111680
ecdsa-P-384,verify,487,412919,1109872
ecdsa-P-384,verify,488,412982,1110040
ecdsa-P-384,verify,489,413815,1112282
ecdsa-P-384,verify,490,412775,1109484
ecdsa-P-384,verify,491,417413,1121948
ecdsa-P-384,verify,492,414351,1113716
ecdsa-P-384,verify,493,414268,1113496
ecdsa-P-384,verify,494,410709,1103928
ecdsa-P-384,verify,495,414197,1113308
ecdsa-P-384,verify,496,416253,1118836
ecdsa-P-384,verify,497,413672,1111896
ecdsa-P-384,verify,498,414345,1113706
ecdsa-P-384,verify,499,415386,1116502
ecdsa-P-384,verify,500,415096,1115716
ecdsa-P-384,verify,501,412858,1109702
ecdsa-P-384,verify,502,412288,1108146
ecdsa-P-384,verify,503,415556,1116956
ecdsa-P-384,verify,504,411420,1105840
ecdsa-P-384,verify,505,413871,1112428
ecdsa-P-384,verify,506,413065,1110264
ecdsa-P-384,verify,507,412343,1108324
ecdsa-P-384,verify,508,415304,1116276
ecdsa-P-384,verify,509,412844,1109674
ecdsa-P-384,verify,510,414550,1114254
ecdsa-P-384,verify,511,410704,1103920
ecdsa-P-384,verify,512,412660,1109172
ecdsa-P-384,verify,513,416111,1118452
ecdsa-P-384,verify,514,414152,1113186
ecdsa-P-384,verify,515,415570,1116996
ecdsa-P-384,verify,516,414877,1115130
ecdsa-P-384,verify,517,413136,1110452
ecdsa-P-384,verify,518,415185,1115964
ecdsa-P-384,verify,519,411038,1104812
ecdsa-P-384,verify,520,413301,1110896
ecdsa-P-384,verify,521,415111,1115766
ecdsa-P-384,verify,522,413929,1112584
ecdsa-P-384,verify,523,410068,1102202
ecdsa-P-384,verify,524,413319,1110944
ecdsa-P-384,verify,525,414278,1113524
ecdsa-P-384,verify,526,411465,1105964
ecdsa-P-384,verify,527,415188,1115968
ecdsa-P-384,verify,528,412153,1107812
ecdsa-P-384,verify,529,411484,1106014
ecdsa-P-384,verify,530,422006,1134280
ecdsa-P-384,verify,531,414725,1114722
ecdsa-P-384,verify,532,414846,1115044
ecdsa-P-384,verify,533,413638,1111796
ecdsa-P-384,verify,534,413546,1111560
ecdsa-P-384,verify,535,412751,1109420
ecdsa-P-384,verify,536,416184,1118646
ecdsa-P-384,verify,537,415047,1115590
ecdsa-P-384,verify,538,412479,1108690
ecdsa-P-384,verify,539,415567,1116980
ecdsa-P-384,verify,540,413650,1111830
ecdsa-P-384,verify,541,413692,1111946
ecdsa-P-384,verify,542,414364,1113758
ecdsa-P-384,verify,543,412509,1108768
ecdsa-P-384,verify,544,412461,1108642
ecdsa-P-384,verify,545,411756,1106740
ecdsa-P-384,verify,546,413318,1110944
ecdsa-P-384,verify,547,414228,1113390
ecdsa-P-384,verify,548,413871,1112432
ecdsa-P-384,verify,549,415602,1117082
ecdsa-P-384,verify,550,414439,1113956
ecdsa-P-384,verify,551,413609,1111726
ecdsa-P-384,verify,552,417154,1121254
ecdsa-P-384,verify,553,416499,1119492
ecdsa-P-384,verify,554,415290,1116244
ecdsa-P-384,verify,555,411260,1105412
ecdsa-P-384,verify,556,415022,1115528
ecdsa-P-384,verify,557,410916,1104484
ecdsa-P-384,verify,558,412964,1109994
ecdsa-P-384,verify,559,412528,1108818
ecdsa-P-384,verify,560,412148,1107798
ecdsa-P-384,verify,561,414469,1114038
ecdsa-P-384,verify,562,413012,1110112
ecdsa-P-384,verify,563,416622,1119822
ecdsa-P-384,verify,564,413792,1112214
ecdsa-P-384,verify,565,413236,1110724
ecdsa-P-384,verify,566,415506,1116824
ecdsa-P-384,verify,567,413676,1111908
ecdsa-P-384,verify,568,415292,1116250
ecdsa-P-384,verify,569,414476,1114052
ecdsa-P-384,verify,570,412573,1108938
ecdsa-P-384,verify,571,414370,1113774
ecdsa-P-384,verify,572,415309,1116298
ecdsa-P-384,verify,573,414863,1115096
ecdsa-P-384,verify,574,410472,1103294
ecdsa-P-384,verify,575,417154,1121254
ecdsa-P-384,verify,576,415248,1116130
ecdsa-P-384,verify,577,411989,1107370
ecdsa-P-384,verify,578,415754,1117492
ecdsa-P-384,verify,579,411371,1105700
ecdsa-P-384,verify,580,412965,1109994
ecdsa-P-384,verify,581,412438,1108578
ecdsa-P-384,verify,582,414010,1112804
ecdsa-P-384,verify,583,415154,1115878
ecdsa-P-384,verify,584,413118,1110404
ecdsa-P-384,verify,585,419188,1126716
ecdsa-P-384,verify,586,412311,1108228
ecdsa-P-384,verify,587,415547,1116930
ecdsa-P-384,verify,588,411013,1104748
ecdsa-P-384,verify,589,413715,1112010
ecdsa-P-384,verify,590,415645,1117194
ecdsa-P-384,verify,591,413671,1111894
ecdsa-P-384,verify,592,425751,1144338
ecdsa-P-384,verify,593,412701,1109280
ecdsa-P-384,verify,594,413793,1112218
ecdsa-P-384,verify,595,415538,1116906
ecdsa-P-384,verify,596,412612,1109048
ecdsa-P-384,verify,597,414995,1115452
ecdsa-P-384,verify,598,413076,1110294
ecdsa-P-384,verify,599,414618,1114440
ecdsa-P-384,verify,600,412057,1107540
ecdsa-P-384,verify,601,412187,1107876
ecdsa-P-384,verify,602,414640,1114490
ecdsa-P-384,verify,603,413747,1112098
ecdsa-P-384,verify,604,413728,1112044
ecdsa-P-384,verify,605,413074,1110288
ecdsa-P-384,verify,606,412846,1109676
ecdsa-P-384,verify,607,416088,1118388
ecdsa-P-384,verify,608,412544,1108860
ecdsa-P-384,verify,609,415061,1115622
ecdsa-P-384,verify,610,411396,1105780
ecdsa-P-384,verify,611,412280,1108150
ecdsa-P-384,verify,612,412255,1108086
ecdsa-P-384,verify,613,412343,1108322
ecdsa-P-384,verify,614,414437,1113954
ecdsa-P-384,verify,615,412370,1108390
ecdsa-P-384,verify,616,415316,1116314
ecdsa-P-384,verify,617,411763,1106764
ecdsa-P-384,verify,618,413269,1110812
ecdsa-P-384,verify,619,414401,1113854
ecdsa-P-384,verify,620,415077,1115672
ecdsa-P-384,verify,621,415732,1117430
ecdsa-P-384,verify,622,411727,1106670
ecdsa-P-384,verify,623,412211,1107970
ecdsa-P-384,verify,624,415407,1116556
ecdsa-P-384,verify,625,412730,1109364
ecdsa-P-384,verify,626,415175,1115938
ecdsa-P-384,verify,627,413239,1110732
ecdsa-P-384,verify,628,412559,1108898
ecdsa-P-384,verify,629,417978,1123468
ecdsa-P-384,verify,630,413655,1111848
ecdsa-P-384,verify,631,414817,1114974
ecdsa-P-384,verify,632,412521,1108802
ecdsa-P-384,verify,633,412699,1109276
ecdsa-P-384,verify,634,412643,1109128
ecdsa-P-384,verify,635,412573,1108946
ecdsa-P-384,verify,636,415687,1117310
ecdsa-P-384,verify,637,413665,1111850
ecdsa-P-384,verify,638,415261,1116166
ecdsa-P-384,verify,639,411584,1106284
ecdsa-P-384,verify,640,413210,1110648
ecdsa-P-384,verify,641,415668,1117260
ecdsa-P-384,verify,642,411724,1106656
ecdsa-P-384,verify,643,413487,1111398
ecdsa-P-384,verify,644,416207,1118714
ecdsa-P-384,verify,645,413456,1111314
ecdsa-P-384,verify,646,412013,1107438
ecdsa-P-384,verify,647,414833,1115010
ecdsa-P-384,verify,648,413462,1111332
ecdsa-P-384,verify,649,412209,1107960
ecdsa-P-384,verify,650,416631,1119850
ecdsa-P-384,verify,651,414316,1113626
ecdsa-P-384,verify,652,414584,1114348
ecdsa-P-384,verify,653,413064,1110260
ecdsa-P-384,verify,654,411982,1107320
ecdsa-P-384,verify,655,414635,1114472
ecdsa-P-384,verify,656,415268,1116190
ecdsa-P-384,verify,657,415410,1116566
ecdsa-P-384,verify,658,413855,1112390
ecdsa-P-384,verify,659,412355,1108354
ecdsa-P-384,verify,660,415431,1116620
ecdsa-P-384,verify,661,412754,1109430
ecdsa-P-384,verify,662,415388,1116504
ecdsa-P-384,verify,663,413002,1110094
ecdsa-P-384,verify,664,413522,1111494
ecdsa-P-384,verify,665,415659,1117224
ecdsa-P-384,verify,666,413879,1112452
ecdsa-P-384,verify,667,413801,1112240
ecdsa-P-384,verify,668,412879,1109754
ecdsa-P-384,verify,669,412035,1107496
ecdsa-P-384,verify,670,413358,1111050
ecdsa-P-384,verify,671,414864,1115094
ecdsa-P-384,verify,672,413726,1112042
ecdsa-P-384,verify,673,413010,1110118
ecdsa-P-384,verify,674,414268,1113490
ecdsa-P-384,verify,675,414163,1113216
ecdsa-P-384,verify,676,412285,1108168
ecdsa-P-384,verify,677,414449,1113978
ecdsa-P-384,verify,678,413003,1110096
ecdsa-P-384,verify,679,413630,1111776
ecdsa-P-384,verify,680,415150,1115870
ecdsa-P-384,verify,681,410719,1103954
ecdsa-P-384,verify,682,412041,1107502
ecdsa-P-384,verify,683,414483,1114048
ecdsa-P-384,verify,684,414997,1115456
ecdsa-P-384,verify,685,412212,1107944
ecdsa-P-384,verify,686,413707,1111984
ecdsa-P-384,verify,687,414048,1112906
ecdsa-P-384,verify,688,410580,1103584
ecdsa-P-384,verify,689,415382,1116480
ecdsa-P-384,verify,690,415280,1116206
ecdsa-P-384,verify,691,415420,1116590
ecdsa-P-384,verify,692,411573,1106242
ecdsa-P-384,verify,693,410780,1104048
ecdsa-P-384,verify,694,413857,1112388
ecdsa-P-384,verify,695,415046,1115560
ecdsa-P-384,verify,696,416954,1120710
ecdsa-P-384,verify,697,412479,1108676
ecdsa-P-384,verify,698,413134,1110450
ecdsa-P-384,verify,699,412259,1108090
ecdsa-P-384,verify,700,413223,1110692
ecdsa-P-384,verify,701,415503,1116818
ecdsa-P-384,verify,702,412078,1107606
ecdsa-P-384,verify,703,413942,1112616
ecdsa-P-384,verify,704,412578,1108958
ecdsa-P-384,verify,705,414809,1114946
ecdsa-P-384,verify,706,414137,1113150
ecdsa-P-384,verify,707,414448,1113976
ecdsa-P-384,verify,708,411155,1105128
ecdsa-P-384,verify,709,412866,1109730
ecdsa-P-384,verify,710,413734,1112064
ecdsa-P-384,verify,711,413778,1112172
ecdsa-P-384,verify,712,411126,1105052
ecdsa-P-384,verify,713,415147,1115862
ecdsa-P-384,verify,714,412018,1107454
ecdsa-P-384,verify,715,413637,1111804
ecdsa-P-384,verify,716,414162,1113214
ecdsa-P-384,verify,717,412537,1108842
ecdsa-P-384,verify,718,413365,1111072
ecdsa-P-384,verify,719,413221,1110684
ecdsa-P-384,verify,720,415253,1116146
ecdsa-P-384,verify,721,413001,1110094
ecdsa-P-384,verify,722,412894,1109804
ecdsa-P-384,verify,723,414776,1114862
ecdsa-P-384,verify,724,415405,1116552
ecdsa-P-384,verify,725,416261,1118854
ecdsa-P-384,verify,726,417273,1121574
ecdsa-P-384,verify,727,413862,1112402
ecdsa-P-384,verify,728,412112,1107702
ecdsa-P-384,verify,729,413134,1110446
ecdsa-P-384,verify,730,415675,1117276
ecdsa-P-384,verify,731,413486,1111390
ecdsa-P-384,verify,732,412731,1109362
ecdsa-P-384,verify,733,412005,1107416
ecdsa-P-384,verify,734,411877,1107070
ecdsa-P-384,verify,735,414531,1114206
ecdsa-P-384,verify,736,413523,1111494
ecdsa-P-384,verify,737,416029,1118230
ecdsa-P-384,verify,738,414191,1113292
ecdsa-P-384,verify,739,414322,1113640
ecdsa-P-384,verify,740,415624,1117138
ecdsa-P-384,verify,741,413962,1112668
ecdsa-P-384,verify,742,412571,1108932
ecdsa-P-384,verify,743,415216,1116044
ecdsa-P-384,verify,744,412347,1108328
ecdsa-P-384,verify,745,412468,1108658
ecdsa-P-384,verify,746,412672,1109208
ecdsa-P-384,verify,747,415811,1117646
ecdsa-P-384,verify,748,412541,1108854
ecdsa-P-384,verify,749,413091,1110336
ecdsa-P-384,verify,750,412449,1108608
ecdsa-P-384,verify,751,412633,1109106
ecdsa-P-384,verify,752,414938,1115298
ecdsa-P-384,verify,753,412419,1108528
ecdsa-P-384,verify,754,414266,1113492
ecdsa-P-384,verify,755,413972,1112704
ecdsa-P-384,verify,756,414860,1115082
ecdsa-P-384,verify,757,414712,1114692
ecdsa-P-384,verify,758,413955,1112656
ecdsa-P-384,verify,759,412914,1109858
ecdsa-P-384,verify,760,412770,1109476
ecdsa-P-384,verify,761,416608,1119782
ecdsa-P-384,verify,762,413598,1111698
ecdsa-P-384,verify,763,412035,1107496
ecdsa-P-384,verify,764,415897,1117876
ecdsa-P-384,verify,765,415667,1117262
ecdsa-P-384,verify,766,414563,1114290
ecdsa-P-384,verify,767,412443,1108592
ecdsa-P-384,verify,768,411841,1106974
ecdsa-P-384,verify,769,412045,1107520
ecdsa-P-384,verify,770,420177,1129380
ecdsa-P-384,verify,771,456212,1226238
ecdsa-P-384,verify,772,413843,1112356
ecdsa-P-384,verify,773,414137,1113144
ecdsa-P-384,verify,774,413282,1110846
ecdsa-P-384,verify,775,411195,1105236
ecdsa-P-384,verify,776,415441,1116646
ecdsa-P-384,verify,777,412747,1109402
ecdsa-P-384,verify,778,414224,1113374
ecdsa-P-384,verify,779,412983,1110044
ecdsa-P-384,verify,780,413964,1112676
ecdsa-P-384,verify,781,412868,1109732
ecdsa-P-384,verify,782,414736,1114754
ecdsa-P-384,verify,783,416053,1118294
ecdsa-P-384,verify,784,412306,1108224
ecdsa-P-384,verify,785,416343,1119072
ecdsa-P-384,verify,786,412429,1108552
ecdsa-P-384,verify,787,411121,1105032
ecdsa-P-384,verify,788,412814,1109588
ecdsa-P-384,verify,789,412651,1109144
ecdsa-P-384,verify,790,415562,1116970
ecdsa-P-384,verify,791,415823,1117676
ecdsa-P-384,verify,792,414665,1114562
ecdsa-P-384,verify,793,415271,1116194
ecdsa-P-384,verify,794,411717,1106640
ecdsa-P-384,verify,795,415199,1116000
ecdsa-P-384,verify,796,414793,1114908
ecdsa-P-384,verify,797,415108,1115758
ecdsa-P-384,verify,798,413878,1112368
ecdsa-P-384,verify,799,413298,1110886
ecdsa-P-384,verify,800,416010,1118174
ecdsa-P-384,verify,801,412689,1109226
ecdsa-P-384,verify,802,412829,1109630
ecdsa-P-384,verify,803,430621,1157424
ecdsa-P-384,verify,804,416627,1119838
ecdsa-P-384,verify,805,417697,1122698
ecdsa-P-384,verify,806,412065,1107574
ecdsa-P-384,verify,807,415809,1117640
ecdsa-P-384,verify,808,414674,1114586
ecdsa-P-384,verify,809,413280,1110844
ecdsa-P-384,verify,810,413548,1111560
ecdsa-P-384,verify,811,412844,1109666
ecdsa-P-384,verify,812,415724,1117412
ecdsa-P-384,verify,813,413632,1111778
ecdsa-P-384,verify,814,413710,1111994
ecdsa-P-384,verify,815,413958,1112664
ecdsa-P-384,verify,816,412217,1107986
ecdsa-P-384,verify,817,411824,1106926
ecdsa-P-384,verify,818,412236,1108034
ecdsa-P-384,verify,819,414260,1113470
ecdsa-P-384,verify,820,412696,1109242
ecdsa-P-384,verify,821,416720,1120082
ecdsa-P-384,verify,822,412802,1109562
ecdsa-P-384,verify,823,412226,1107982
ecdsa-P-384,verify,824,416699,1120032
ecdsa-P-384,verify,825,413280,1110836
ecdsa-P-384,verify,826,426455,1146226
ecdsa-P-384,verify,827,414758,1114786
ecdsa-P-384,verify,828,416439,1119334
ecdsa-P-384,verify,829,412499,1108738
ecdsa-P-384,verify,830,412941,1109928
ecdsa-P-384,verify,831,414079,1112986
ecdsa-P-384,verify,832,412840,1109660
ecdsa-P-384,verify,833,412488,1108680
ecdsa-P-384,verify,834,412547,1108844
ecdsa-P-384,verify,835,412897,1109816
ecdsa-P-384,verify,836,413735,1112054
ecdsa-P-384,verify,837,414227,1113382
ecdsa-P-384,verify,838,413040,1110156
ecdsa-P-384,verify,839,414590,1114356
ecdsa-P-384,verify,840,413282,1110832
ecdsa-P-384,verify,841,414306,1113594
ecdsa-P-384,verify,842,412596,1109000
ecdsa-P-384,verify,843,415482,1116726
ecdsa-P-384,verify,844,410390,1103076
ecdsa-P-384,verify,845,413730,1112052
ecdsa-P-384,verify,846,415718,1117398
ecdsa-P-384,verify,847,412109,1107696
ecdsa-P-384,verify,848,414408,1113874
ecdsa-P-384,verify,849,411226,1105322
ecdsa-P-384,verify,850,414518,1114164
ecdsa-P-384,verify,851,413123,1110416
ecdsa-P-384,verify,852,412650,1109140
ecdsa-P-384,verify,853,415331,1116344
ecdsa-P-384,verify,854,413963,1112640
ecdsa-P-384,verify,855,415046,1115590
ecdsa-P-384,verify,856,411788,1106834
ecdsa-P-384,verify,857,412743,1109398
ecdsa-P-384,verify,858,415030,1115540
ecdsa-P-384,verify,859,413015,1110128
ecdsa-P-384,verify,860,416602,1119770
ecdsa-P-384,verify,861,413271,1110804
ecdsa-P-384,verify,862,413143,1110470
ecdsa-P-384,verify,863,413548,1111556
ecdsa-P-384,verify,864,411822,1106922
ecdsa-P-384,verify,865,424813,1141806
ecdsa-P-384,verify,866,414006,1112794
ecdsa-P-384,verify,867,415905,1117892
ecdsa-P-384,verify,868,411893,1107118
ecdsa-P-384,verify,869,412668,1109198
ecdsa-P-384,verify,870,414963,1115364
ecdsa-P-384,verify,871,412630,1109096
ecdsa-P-384,verify,872,415654,1117222
ecdsa-P-384,verify,873,413073,1110288
ecdsa-P-384,verify,874,411112,1105014
ecdsa-P-384,verify,875,415960,1118046
ecdsa-P-384,verify,876,413023,1110156
ecdsa-P-384,verify,877,411839,1106966
ecdsa-P-384,verify,878,414115,1113082
ecdsa-P-384,verify,879,413820,1112294
ecdsa-P-384,verify,880,411956,1107280
ecdsa-P-384,verify,881,414810,1114954
ecdsa-P-384,verify,882,414745,1114778
ecdsa-P-384,verify,883,412071,1107588
ecdsa-P-384,verify,884,414949,1115330
ecdsa-P-384,verify,885,412766,1109464
ecdsa-P-384,verify,886,413035,1110178
ecdsa-P-384,verify,887,413770,1112154
ecdsa-P-384,verify,888,413239,1110726
ecdsa-P-384,verify,889,415176,1115938
ecdsa-P-384,verify,890,413096,1110348
ecdsa-P-384,verify,891,415228,1116076
ecdsa-P-384,verify,892,414653,1114502
ecdsa-P-384,verify,893,413691,1111946
ecdsa-P-384,verify,894,414274,1113510
ecdsa-P-384,verify,895,411353,1105662
ecdsa-P-384,verify,896,414972,1115390
ecdsa-P-384,verify,897,412419,1108526
ecdsa-P-384,verify,898,412408,1108496
ecdsa-P-384,verify,899,414223,1113372
ecdsa-P-384,verify,900,412272,1108132
ecdsa-P-384,verify,901,414422,1113910
ecdsa-P-384,verify,902,412280,1108154
ecdsa-P-384,verify,903,415352,1116408
ecdsa-P-384,verify,904,412443,1108592
ecdsa-P-384,verify,905,412361,1108364
ecdsa-P-384,verify,906,412685,1109240
ecdsa-P-384,verify,907,411524,1106122
ecdsa-P-384,verify,908,415530,1116882
ecdsa-P-384,verify,909,415582,1117026
ecdsa-P-384,verify,910,413620,1111756
ecdsa-P-384,verify,911,414517,1114168
ecdsa-P-384,verify,912,414424,1113918
ecdsa-P-384,verify,913,413248,1110754
ecdsa-P-384,verify,914,412454,1108614
ecdsa-P-384,verify,915,412284,1108166
ecdsa-P-384,verify,916,412427,1108548
ecdsa-P-384,verify,917,414610,1114416
ecdsa-P-384,verify,918,413970,1112696
ecdsa-P-384,verify,919,412375,1108402
ecdsa-P-384,verify,920,415217,1116048
ecdsa-P-384,verify,921,413119,1110410
ecdsa-P-384,verify,922,411517,1106104
ecdsa-P-384,verify,923,416933,1120656
ecdsa-P-384,verify,924,413053,1110232
ecdsa-P-384,verify,925,412030,1107480
ecdsa-P-384,verify,926,414665,1114564
ecdsa-P-384,verify,927,413501,1111438
ecdsa-P-384,verify,928,420667,1130666
ecdsa-P-384,verify,929,413052,1110232
ecdsa-P-384,verify,930,414306,1113592
ecdsa-P-384,verify,931,415199,1116002
ecdsa-P-384,verify,932,416027,1118220
ecdsa-P-384,verify,933,413883,1112462
ecdsa-P-384,verify,934,411860,1107024
ecdsa-P-384,verify,935,414641,1114490
ecdsa-P-384,verify,936,412159,1107830
ecdsa-P-384,verify,937,411994,1107368
ecdsa-P-384,verify,938,413572,1111626
ecdsa-P-384,verify,939,411361,1105684
ecdsa-P-384,verify,940,412212,1107966
ecdsa-P-384,verify,941,414123,1113108
ecdsa-P-384,verify,942,415093,1115710
ecdsa-P-384,verify,943,414597,1114382
ecdsa-P-384,verify,944,412701,1109288
ecdsa-P-384,verify,945,415735,1117434
ecdsa-P-384,verify,946,410413,1103134
ecdsa-P-384,verify,947,414237,1113410
ecdsa-P-384,verify,948,410593,1103614
ecdsa-P-384,verify,949,414893,1115176
ecdsa-P-384,verify,950,416652,1119876
ecdsa-P-384,verify,951,414456,1114000
ecdsa-P-384,verify,952,413032,1110168
ecdsa-P-384,verify,953,430066,1155904
ecdsa-P-384,verify,954,415579,1117016
ecdsa-P-384,verify,955,411904,1107144
ecdsa-P-384,verify,956,413243,1110736
ecdsa-P-384,verify,957,413602,1111708
ecdsa-P-384,verify,958,411515,1106098
ecdsa-P-384,verify,959,415192,1115978
ecdsa-P-384,verify,960,412813,1109584
ecdsa-P-384,verify,961,415012,1115496
ecdsa-P-384,verify,962,412061,1107558
ecdsa-P-384,verify,963,413798,1112228
ecdsa-P-384,verify,964,413764,1112140
ecdsa-P-384,verify,965,411942,1107238
ecdsa-P-384,verify,966,415950,1118020
ecdsa-P-384,verify,967,412843,1109666
ecdsa-P-384,verify,968,413891,1112486
ecdsa-P-384,verify,969,414428,1113926
ecdsa-P-384,verify,970,413773,1112168
ecdsa-P-384,verify,971,414413,1113884
ecdsa-P-384,verify,972,415889,1117854
ecdsa-P-384,verify,973,411948,1107254
ecdsa-P-384,verify,974,413097,1110350
ecdsa-P-384,verify,975,411990,1107366
ecdsa-P-384,verify,976,417680,1122658
ecdsa-P-384,verify,977,414686,1114620
ecdsa-P-384,verify,978,415147,1115854
ecdsa-P-384,verify,979,412060,1107558
ecdsa-P-384,verify,980,413681,1111922
ecdsa-P-384,verify,981,413081,1110300
ecdsa-P-384,verify,982,411372,1105706
ecdsa-P-384,verify,983,414284,1113534
ecdsa-P-384,verify,984,414841,1115040
ecdsa-P-384,verify,985,413942,1112624
ecdsa-P-384,verify,986,417866,1123168
ecdsa-P-384,verify,987,413127,1110430
ecdsa-P-384,verify,988,411806,1106864
ecdsa-P-384,verify,989,413404,1111176
ecdsa-P-384,verify,990,421781,1133656
ecdsa-P-384,verify,991,413393,1111146
ecdsa-P-384,verify,992,414617,1114438
ecdsa-P-384,verify,993,414727,1114726
ecdsa-P-384,verify,994,415147,1115860
ecdsa-P-384,verify,995,416204,1118700
ecdsa-P-384,verify,996,412426,1108516
ecdsa-P-384,verify,997,412561,1108910
ecdsa-P-384,verify,998,415723,1117378
ecdsa-P-384,verify,999,413175,1110558
