algo,op,iter,wall_ns,cycles
ecdsa-P-521,keygen,0,10405463,561886
ecdsa-P-521,keygen,1,10413463,562319
ecdsa-P-521,keygen,2,10392833,561205
ecdsa-P-521,keygen,3,10395796,561366
ecdsa-P-521,keygen,4,10395075,561327
ecdsa-P-521,keygen,5,10396222,561390
ecdsa-P-521,keygen,6,10398129,561492
ecdsa-P-521,keygen,7,10386722,560876
ecdsa-P-521,keygen,8,10405852,561907
ecdsa-P-521,keygen,9,10399741,561579
ecdsa-P-521,keygen,10,10408518,562054
ecdsa-P-521,keygen,11,10394963,561321
ecdsa-P-521,keygen,12,10388797,560986
ecdsa-P-521,keygen,13,10404370,561829
ecdsa-P-521,keygen,14,10401111,561653
ecdsa-P-521,keygen,15,10405889,561910
ecdsa-P-521,keygen,16,10416370,562477
ecdsa-P-521,keygen,17,10394222,561280
ecdsa-P-521,keygen,18,10396704,561414
ecdsa-P-521,keygen,19,10399148,561546
ecdsa-P-521,keygen,20,10394389,561290
ecdsa-P-521,keygen,21,10401278,561662
ecdsa-P-521,keygen,22,10389871,561046
ecdsa-P-521,keygen,23,10393797,561258
ecdsa-P-521,keygen,24,10401370,561668
ecdsa-P-521,keygen,25,10390259,561067
ecdsa-P-521,keygen,26,10403352,561774
ecdsa-P-521,keygen,27,10519722,568055
ecdsa-P-521,keygen,28,10416741,562497
ecdsa-P-521,keygen,29,10405852,561909
ecdsa-P-521,keygen,30,10390389,561074
ecdsa-P-521,keygen,31,10400648,561629
ecdsa-P-521,keygen,32,10402000,561700
ecdsa-P-521,keygen,33,10401277,561662
ecdsa-P-521,keygen,34,10406167,561927
ecdsa-P-521,keygen,35,10398797,561527
ecdsa-P-521,keygen,36,10390278,561068
ecdsa-P-521,keygen,37,10388759,560986
ecdsa-P-521,keygen,38,10406778,561958
ecdsa-P-521,keygen,39,10398111,561491
ecdsa-P-521,keygen,40,10395834,561368
ecdsa-P-521,keygen,41,10395963,561376
ecdsa-P-521,keygen,42,10394185,561280
ecdsa-P-521,keygen,43,10399556,561569
ecdsa-P-521,keygen,44,10400500,561620
ecdsa-P-521,keygen,45,10390463,561079
ecdsa-P-521,keygen,46,10396389,561398
ecdsa-P-521,keygen,47,10388648,560981
ecdsa-P-521,keygen,48,10394852,561314
ecdsa-P-521,keygen,49,10443592,563946
ecdsa-P-521,keygen,50,10394759,561309
ecdsa-P-521,keygen,51,10398907,561533
ecdsa-P-521,keygen,52,10428870,563152
ecdsa-P-521,keygen,53,10394333,561288
ecdsa-P-521,keygen,54,10398500,561513
ecdsa-P-521,keygen,55,10442389,563883
ecdsa-P-521,keygen,56,10401259,561661
ecdsa-P-521,keygen,57,10390833,561098
ecdsa-P-521,keygen,58,10408148,562034
ecdsa-P-521,keygen,59,10396148,561386
ecdsa-P-521,keygen,60,10396129,561384
ecdsa-P-521,keygen,61,10396611,561411
ecdsa-P-521,keygen,62,10388704,560982
ecdsa-P-521,keygen,63,10396648,561412
ecdsa-P-521,keygen,64,10401963,561699
ecdsa-P-521,keygen,65,10390352,561072
ecdsa-P-521,keygen,66,10397444,561455
ecdsa-P-521,keygen,67,10387740,560932
ecdsa-P-521,keygen,68,10404518,561837
ecdsa-P-521,keygen,69,10399370,561558
ecdsa-P-521,keygen,70,10389889,561046
ecdsa-P-521,keygen,71,10399278,561555
ecdsa-P-521,keygen,72,10389611,561033
ecdsa-P-521,keygen,73,10400537,561621
ecdsa-P-521,keygen,74,10396871,561423
ecdsa-P-521,keygen,75,10394537,561297
ecdsa-P-521,keygen,76,10401129,561655
ecdsa-P-521,keygen,77,10387982,560944
ecdsa-P-521,keygen,78,10396537,561406
ecdsa-P-521,keygen,79,10406723,561955
ecdsa-P-521,keygen,80,10387944,560943
ecdsa-P-521,keygen,81,10396000,561378
ecdsa-P-521,keygen,82,10402037,561702
ecdsa-P-521,keygen,83,10402000,561701
ecdsa-P-521,keygen,84,10397908,561480
ecdsa-P-521,keygen,85,10395000,561323
ecdsa-P-521,keygen,86,10396518,561405
ecdsa-P-521,keygen,87,10391408,561129
ecdsa-P-521,keygen,88,10398074,561488
ecdsa-P-521,keygen,89,10417648,562546
ecdsa-P-521,keygen,90,10388408,560967
ecdsa-P-521,keygen,91,10399389,561560
ecdsa-P-521,keygen,92,10403314,561772
ecdsa-P-521,keygen,93,10394703,561308
ecdsa-P-521,keygen,94,10393259,561228
ecdsa-P-521,keygen,95,10391389,561128
ecdsa-P-521,keygen,96,10397963,561483
ecdsa-P-521,keygen,97,10387241,560904
ecdsa-P-521,keygen,98,10405482,561889
ecdsa-P-521,keygen,99,10395223,561334
ecdsa-P-521,keygen,100,10413092,562300
ecdsa-P-521,keygen,101,10396186,561388
ecdsa-P-521,keygen,102,10393889,561264
ecdsa-P-521,keygen,103,10400389,561613
ecdsa-P-521,keygen,104,10414315,562365
ecdsa-P-521,keygen,105,10390000,561054
ecdsa-P-521,keygen,106,10395296,561338
ecdsa-P-521,keygen,107,10391203,561118
ecdsa-P-521,keygen,108,10412111,562247
ecdsa-P-521,keygen,109,10402241,561714
ecdsa-P-521,keygen,110,10389241,561012
ecdsa-P-521,keygen,111,10395185,561333
ecdsa-P-521,keygen,112,10384611,560761
ecdsa-P-521,keygen,113,10394814,561312
ecdsa-P-521,keygen,114,10397740,561471
ecdsa-P-521,keygen,115,10396685,561414
ecdsa-P-521,keygen,116,10395055,561327
ecdsa-P-521,keygen,117,10392444,561186
ecdsa-P-521,keygen,118,10395259,561337
ecdsa-P-521,keygen,119,10399074,561543
ecdsa-P-521,keygen,120,10395018,561323
ecdsa-P-521,keygen,121,10403019,561756
ecdsa-P-521,keygen,122,10399018,561539
ecdsa-P-521,keygen,123,10495056,566724
ecdsa-P-521,keygen,124,10426556,563027
ecdsa-P-521,keygen,125,10388167,560955
ecdsa-P-521,keygen,126,10392556,561190
ecdsa-P-521,keygen,127,10407908,562020
ecdsa-P-521,keygen,128,10388278,560960
ecdsa-P-521,keygen,129,10391889,561155
ecdsa-P-521,keygen,130,10397815,561474
ecdsa-P-521,keygen,131,10393259,561228
ecdsa-P-521,keygen,132,10397351,561449
ecdsa-P-521,keygen,133,10392722,561201
ecdsa-P-521,keygen,134,10405018,561865
ecdsa-P-521,keygen,135,10392000,561161
ecdsa-P-521,keygen,136,10399000,561538
ecdsa-P-521,keygen,137,10395815,561367
ecdsa-P-521,keygen,138,10389667,561035
ecdsa-P-521,keygen,139,10411463,562212
ecdsa-P-521,keygen,140,10396370,561397
ecdsa-P-521,keygen,141,10401334,561666
ecdsa-P-521,keygen,142,10395852,561369
ecdsa-P-521,keygen,143,10393222,561227
ecdsa-P-521,keygen,144,10425314,562959
ecdsa-P-521,keygen,145,10407925,562020
ecdsa-P-521,keygen,146,10395315,561339
ecdsa-P-521,keygen,147,10400204,561603
ecdsa-P-521,keygen,148,10392704,561199
ecdsa-P-521,keygen,149,10397408,561452
ecdsa-P-521,keygen,150,10387833,560936
ecdsa-P-521,keygen,151,10398445,561508
ecdsa-P-521,keygen,152,10397185,561441
ecdsa-P-521,keygen,153,10390722,561092
ecdsa-P-521,keygen,154,10392815,561204
ecdsa-P-521,keygen,155,10390259,561066
ecdsa-P-521,keygen,156,10404407,561832
ecdsa-P-521,keygen,157,10402296,561718
ecdsa-P-521,keygen,158,10392334,561179
ecdsa-P-521,keygen,159,10397630,561465
ecdsa-P-521,keygen,160,10386500,560865
ecdsa-P-521,keygen,161,10401000,561646
ecdsa-P-521,keygen,162,10392074,561164
ecdsa-P-521,keygen,163,10406315,561933
ecdsa-P-521,keygen,164,10402297,561718
ecdsa-P-521,keygen,165,10398815,561529
ecdsa-P-521,keygen,166,10402112,561707
ecdsa-P-521,keygen,167,10390723,561091
ecdsa-P-521,keygen,168,10388833,560989
ecdsa-P-521,keygen,169,10396925,561426
ecdsa-P-521,keygen,170,10386426,560859
ecdsa-P-521,keygen,171,10401444,561671
ecdsa-P-521,keygen,172,10398648,561521
ecdsa-P-521,keygen,173,10390870,561100
ecdsa-P-521,keygen,174,10394500,561297
ecdsa-P-521,keygen,175,10397371,561451
ecdsa-P-521,keygen,176,10390426,561077
ecdsa-P-521,keygen,177,10391389,561129
ecdsa-P-521,keygen,178,10410889,562180
ecdsa-P-521,keygen,179,10395296,561339
ecdsa-P-521,keygen,180,10395204,561333
ecdsa-P-521,keygen,181,10446185,564088
ecdsa-P-521,keygen,182,10397519,561459
ecdsa-P-521,keygen,183,10387315,560909
ecdsa-P-521,keygen,184,10432704,563360
ecdsa-P-521,keygen,185,10392759,561202
ecdsa-P-521,keygen,186,10400425,561616
ecdsa-P-521,keygen,187,10422926,562830
ecdsa-P-521,keygen,188,10387907,560940
ecdsa-P-521,keygen,189,10400000,561594
ecdsa-P-521,keygen,190,10437019,563593
ecdsa-P-521,keygen,191,10398723,561525
ecdsa-P-521,keygen,192,10402574,561733
ecdsa-P-521,keygen,193,10389926,561049
ecdsa-P-521,keygen,194,10396926,561426
ecdsa-P-521,keygen,195,10393926,561265
ecdsa-P-521,keygen,196,10397630,561465
ecdsa-P-521,keygen,197,10399111,561545
ecdsa-P-521,keygen,198,10394777,561311
ecdsa-P-521,keygen,199,10402388,561722
ecdsa-P-521,keygen,200,10388500,560972
ecdsa-P-521,keygen,201,10398278,561500
ecdsa-P-521,keygen,202,10399537,561568
ecdsa-P-521,keygen,203,10390963,561106
ecdsa-P-521,keygen,204,10400296,561610
ecdsa-P-521,keygen,205,10387722,560930
ecdsa-P-521,keygen,206,10400296,561608
ecdsa-P-521,keygen,207,10394074,561272
ecdsa-P-521,keygen,208,10388482,560971
ecdsa-P-521,keygen,209,10396445,561401
ecdsa-P-521,keygen,210,10389408,561021
ecdsa-P-521,keygen,211,10400667,561627
ecdsa-P-521,keygen,212,10400944,561643
ecdsa-P-521,keygen,213,10399240,561551
ecdsa-P-521,keygen,214,10399259,561554
ecdsa-P-521,keygen,215,10388537,560974
ecdsa-P-521,keygen,216,10395371,561343
ecdsa-P-521,keygen,217,10392314,561177
ecdsa-P-521,keygen,218,10396629,561410
ecdsa-P-521,keygen,219,10500648,567027
ecdsa-P-521,keygen,220,10407333,561990
ecdsa-P-521,keygen,221,10396370,561396
ecdsa-P-521,keygen,222,10406296,561932
ecdsa-P-521,keygen,223,10388889,560992
ecdsa-P-521,keygen,224,10445463,564047
ecdsa-P-521,keygen,225,10390203,561064
ecdsa-P-521,keygen,226,10395833,561367
ecdsa-P-521,keygen,227,10395574,561353
ecdsa-P-521,keygen,228,10393871,561262
ecdsa-P-521,keygen,229,10395537,561352
ecdsa-P-521,keygen,230,10400111,561600
ecdsa-P-521,keygen,231,10399296,561554
ecdsa-P-521,keygen,232,10396111,561383
ecdsa-P-521,keygen,233,10392204,561173
ecdsa-P-521,keygen,234,10404852,561853
ecdsa-P-521,keygen,235,10390871,561101
ecdsa-P-521,keygen,236,10396074,561382
ecdsa-P-521,keygen,237,10396463,561401
ecdsa-P-521,keygen,238,10419796,562662
ecdsa-P-521,keygen,239,10391981,561159
ecdsa-P-521,keygen,240,10418445,562588
ecdsa-P-521,keygen,241,10397759,561472
ecdsa-P-521,keygen,242,10397630,561465
ecdsa-P-521,keygen,243,10392704,561198
ecdsa-P-521,keygen,244,10397908,561480
ecdsa-P-521,keygen,245,10387871,560937
ecdsa-P-521,keygen,246,10408685,562060
ecdsa-P-521,keygen,247,10397556,561461
ecdsa-P-521,keygen,248,10386926,560887
ecdsa-P-521,keygen,249,10402186,561710
ecdsa-P-521,keygen,250,10389685,561036
ecdsa-P-521,keygen,251,10393611,561249
ecdsa-P-521,keygen,252,10396148,561386
ecdsa-P-521,keygen,253,10414667,562385
ecdsa-P-521,keygen,254,10400389,561615
ecdsa-P-521,keygen,255,10383833,560719
ecdsa-P-521,keygen,256,10396537,561406
ecdsa-P-521,keygen,257,10397611,561464
ecdsa-P-521,keygen,258,10396259,561390
ecdsa-P-521,keygen,259,10407037,561973
ecdsa-P-521,keygen,260,10384629,560762
ecdsa-P-521,keygen,261,10394703,561307
ecdsa-P-521,keygen,262,10396963,561430
ecdsa-P-521,keygen,263,10383962,560727
ecdsa-P-521,keygen,264,10401055,561650
ecdsa-P-521,keygen,265,10388074,560950
ecdsa-P-521,keygen,266,10395593,561356
ecdsa-P-521,keygen,267,10396555,561406
ecdsa-P-521,keygen,268,10409704,562117
ecdsa-P-521,keygen,269,10399556,561569
ecdsa-P-521,keygen,270,10394815,561312
ecdsa-P-521,keygen,271,10396556,561407
ecdsa-P-521,keygen,272,10393389,561236
ecdsa-P-521,keygen,273,10388759,560987
ecdsa-P-521,keygen,274,10415093,562409
ecdsa-P-521,keygen,275,10393945,561267
ecdsa-P-521,keygen,276,10398055,561487
ecdsa-P-521,keygen,277,10397222,561443
ecdsa-P-521,keygen,278,10395333,561340
ecdsa-P-521,keygen,279,10402685,561738
ecdsa-P-521,keygen,280,10388925,560994
ecdsa-P-521,keygen,281,10401777,561688
ecdsa-P-521,keygen,282,10399685,561576
ecdsa-P-521,keygen,283,10387074,560895
ecdsa-P-521,keygen,284,10396593,561410
ecdsa-P-521,keygen,285,10394648,561304
ecdsa-P-521,keygen,286,10394130,561276
ecdsa-P-521,keygen,287,10396334,561395
ecdsa-P-521,keygen,288,10392037,561163
ecdsa-P-521,keygen,289,10396722,561416
ecdsa-P-521,keygen,290,10388703,560983
ecdsa-P-521,keygen,291,10399445,561563
ecdsa-P-521,keygen,292,10399260,561554
ecdsa-P-521,keygen,293,10389426,561021
ecdsa-P-521,keygen,294,10406519,561945
ecdsa-P-521,keygen,295,10401407,561667
ecdsa-P-521,keygen,296,10410074,562137
ecdsa-P-521,keygen,297,10397315,561449
ecdsa-P-521,keygen,298,10390778,561095
ecdsa-P-521,keygen,299,10399870,561586
ecdsa-P-521,keygen,300,10388870,560991
ecdsa-P-521,keygen,301,10393778,561257
ecdsa-P-521,keygen,302,10397129,561437
ecdsa-P-521,keygen,303,10390278,561069
ecdsa-P-521,keygen,304,10398519,561513
ecdsa-P-521,keygen,305,10394130,561277
ecdsa-P-521,keygen,306,10400223,561604
ecdsa-P-521,keygen,307,10419537,562649
ecdsa-P-521,keygen,308,10384871,560777
ecdsa-P-521,keygen,309,10395648,561359
ecdsa-P-521,keygen,310,10414167,562359
ecdsa-P-521,keygen,311,10395075,561326
ecdsa-P-521,keygen,312,10396834,561422
ecdsa-P-521,keygen,313,10425797,562986
ecdsa-P-521,keygen,314,10406944,561968
ecdsa-P-521,keygen,315,10502666,567135
ecdsa-P-521,keygen,316,10416000,562458
ecdsa-P-521,keygen,317,10411852,562234
ecdsa-P-521,keygen,318,10409278,562093
ecdsa-P-521,keygen,319,10436537,563566
ecdsa-P-521,keygen,320,10402056,561703
ecdsa-P-521,keygen,321,10395278,561339
ecdsa-P-521,keygen,322,10400407,561614
ecdsa-P-521,keygen,323,10402204,561713
ecdsa-P-521,keygen,324,10409074,562083
ecdsa-P-521,keygen,325,10405129,561870
ecdsa-P-521,keygen,326,10403037,561756
ecdsa-P-521,keygen,327,10395204,561335
ecdsa-P-521,keygen,328,10400778,561635
ecdsa-P-521,keygen,329,10400630,561628
ecdsa-P-521,keygen,330,10436686,563573
ecdsa-P-521,keygen,331,10402630,561736
ecdsa-P-521,keygen,332,10401814,561691
ecdsa-P-521,keygen,333,10394445,561293
ecdsa-P-521,keygen,334,10401278,561662
ecdsa-P-521,keygen,335,10407574,562002
ecdsa-P-521,keygen,336,10396018,561378
ecdsa-P-521,keygen,337,10406314,561935
ecdsa-P-521,keygen,338,10421852,562772
ecdsa-P-521,keygen,339,10406722,561956
ecdsa-P-521,keygen,340,10414981,562402
ecdsa-P-521,keygen,341,10394351,561287
ecdsa-P-521,keygen,342,10413519,562323
ecdsa-P-521,keygen,343,10396333,561396
ecdsa-P-521,keygen,344,10403185,561764
ecdsa-P-521,keygen,345,10405740,561904
ecdsa-P-521,keygen,346,10399574,561569
ecdsa-P-521,keygen,347,10408000,562024
ecdsa-P-521,keygen,348,10401092,561651
ecdsa-P-521,keygen,349,10408407,562047
ecdsa-P-521,keygen,350,10403222,561767
ecdsa-P-521,keygen,351,10399963,561592
ecdsa-P-521,keygen,352,10397500,561459
ecdsa-P-521,keygen,353,10393648,561250
ecdsa-P-521,keygen,354,10417111,562517
ecdsa-P-521,keygen,355,10411241,562200
ecdsa-P-521,keygen,356,10410240,562146
ecdsa-P-521,keygen,357,10406426,561940
ecdsa-P-521,keygen,358,10405648,561897
ecdsa-P-521,keygen,359,10405278,561879
ecdsa-P-521,keygen,360,10423074,562837
ecdsa-P-521,keygen,361,10394519,561298
ecdsa-P-521,keygen,362,10415148,562412
ecdsa-P-521,keygen,363,10391907,561157
ecdsa-P-521,keygen,364,10401166,561656
ecdsa-P-521,keygen,365,10399092,561543
ecdsa-P-521,keygen,366,10388185,560955
ecdsa-P-521,keygen,367,10398037,561487
ecdsa-P-521,keygen,368,10390093,561058
ecdsa-P-521,keygen,369,10394315,561287
ecdsa-P-521,keygen,370,10393389,561237
ecdsa-P-521,keygen,371,10385166,560791
ecdsa-P-521,keygen,372,10402204,561712
ecdsa-P-521,keygen,373,10388741,560985
ecdsa-P-521,keygen,374,10392092,561165
ecdsa-P-521,keygen,375,10401056,561649
ecdsa-P-521,keygen,376,10390704,561091
ecdsa-P-521,keygen,377,10398407,561506
ecdsa-P-521,keygen,378,10396204,561387
ecdsa-P-521,keygen,379,10403685,561792
ecdsa-P-521,keygen,380,10400130,561600
ecdsa-P-521,keygen,381,10392500,561188
ecdsa-P-521,keygen,382,10415055,562405
ecdsa-P-521,keygen,383,10387685,560928
ecdsa-P-521,keygen,384,10400574,561624
ecdsa-P-521,keygen,385,10398352,561504
ecdsa-P-521,keygen,386,10392092,561166
ecdsa-P-521,keygen,387,10394777,561311
ecdsa-P-521,keygen,388,10391296,561123
ecdsa-P-521,keygen,389,10400648,561627
ecdsa-P-521,keygen,390,10396426,561400
ecdsa-P-521,keygen,391,10392630,561195
ecdsa-P-521,keygen,392,10393259,561229
ecdsa-P-521,keygen,393,10397352,561450
ecdsa-P-521,keygen,394,10397463,561456
ecdsa-P-521,keygen,395,10492371,566578
ecdsa-P-521,keygen,396,10446944,564126
ecdsa-P-521,keygen,397,10416556,562487
ecdsa-P-521,keygen,398,10397963,561482
ecdsa-P-521,keygen,399,10408074,562028
ecdsa-P-521,keygen,400,10404093,561814
ecdsa-P-521,keygen,401,10401037,561648
ecdsa-P-521,keygen,402,10405445,561888
ecdsa-P-521,keygen,403,10406889,561965
ecdsa-P-521,keygen,404,10399278,561554
ecdsa-P-521,keygen,405,10400260,561607
ecdsa-P-521,keygen,406,10401963,561699
ecdsa-P-521,keygen,407,10403203,561766
ecdsa-P-521,keygen,408,10406463,561943
ecdsa-P-521,keygen,409,10395796,561365
ecdsa-P-521,keygen,410,10406037,561920
ecdsa-P-521,keygen,411,10509278,567492
ecdsa-P-521,keygen,412,10416056,562460
ecdsa-P-521,keygen,413,10417297,562526
ecdsa-P-521,keygen,414,10402407,561723
ecdsa-P-521,keygen,415,10407741,562010
ecdsa-P-521,keygen,416,10399222,561552
ecdsa-P-521,keygen,417,10402833,561747
ecdsa-P-521,keygen,418,10403296,561770
ecdsa-P-521,keygen,419,10398703,561523
ecdsa-P-521,keygen,420,10401500,561674
ecdsa-P-521,keygen,421,10400314,561609
ecdsa-P-521,keygen,422,10407482,561996
ecdsa-P-521,keygen,423,10412741,562280
ecdsa-P-521,keygen,424,10396704,561414
ecdsa-P-521,keygen,425,10410260,562147
ecdsa-P-521,keygen,426,10398871,561531
ecdsa-P-521,keygen,427,10405703,561901
ecdsa-P-521,keygen,428,10403204,561767
ecdsa-P-521,keygen,429,10397333,561450
ecdsa-P-521,keygen,430,10398296,561500
ecdsa-P-521,keygen,431,10399759,561580
ecdsa-P-521,keygen,432,10409185,562090
ecdsa-P-521,keygen,433,10434815,563470
ecdsa-P-521,keygen,434,10407611,562004
ecdsa-P-521,keygen,435,10435944,563533
ecdsa-P-521,keygen,436,10422111,562787
ecdsa-P-521,keygen,437,10409130,562085
ecdsa-P-521,keygen,438,10409278,562095
ecdsa-P-521,keygen,439,10396851,561423
ecdsa-P-521,keygen,440,10404704,561848
ecdsa-P-521,keygen,441,10402444,561724
ecdsa-P-521,keygen,442,10410462,562158
ecdsa-P-521,keygen,443,10406963,561970
ecdsa-P-521,keygen,444,10401278,561663
ecdsa-P-521,keygen,445,10409555,562109
ecdsa-P-521,keygen,446,10397630,561464
ecdsa-P-521,keygen,447,10402204,561713
ecdsa-P-521,keygen,448,10414778,562392
ecdsa-P-521,keygen,449,10394666,561304
ecdsa-P-521,keygen,450,10402870,561747
ecdsa-P-521,keygen,451,10391963,561159
ecdsa-P-521,keygen,452,10406148,561926
ecdsa-P-521,keygen,453,10406481,561943
ecdsa-P-521,keygen,454,10394741,561310
ecdsa-P-521,keygen,455,10402296,561716
ecdsa-P-521,keygen,456,10392815,561205
ecdsa-P-521,keygen,457,10414222,562362
ecdsa-P-521,keygen,458,10410685,562170
ecdsa-P-521,keygen,459,10399482,561565
ecdsa-P-521,keygen,460,10406444,561941
ecdsa-P-521,keygen,461,10406592,561947
ecdsa-P-521,keygen,462,10409055,562083
ecdsa-P-521,keygen,463,10402074,561705
ecdsa-P-521,keygen,464,10397297,561448
ecdsa-P-521,keygen,465,10404649,561844
ecdsa-P-521,keygen,466,10393556,561245
ecdsa-P-521,keygen,467,10405370,561883
ecdsa-P-521,keygen,468,10405685,561900
ecdsa-P-521,keygen,469,10450462,564317
ecdsa-P-521,keygen,470,10402759,561742
ecdsa-P-521,keygen,471,10401018,561648
ecdsa-P-521,keygen,472,10393685,561251
ecdsa-P-521,keygen,473,10408888,562072
ecdsa-P-521,keygen,474,10401000,561646
ecdsa-P-521,keygen,475,10399778,561580
ecdsa-P-521,keygen,476,10401315,561664
ecdsa-P-521,keygen,477,10397685,561469
ecdsa-P-521,keygen,478,10405019,561864
ecdsa-P-521,keygen,479,10402778,561743
ecdsa-P-521,keygen,480,10408963,562078
ecdsa-P-521,keygen,481,10403685,561792
ecdsa-P-521,keygen,482,10396130,561384
ecdsa-P-521,keygen,483,10401352,561666
ecdsa-P-521,keygen,484,10398055,561489
ecdsa-P-521,keygen,485,10410926,562182
ecdsa-P-521,keygen,486,10406963,561969
ecdsa-P-521,keygen,487,10399519,561566
ecdsa-P-521,keygen,488,10409889,562127
ecdsa-P-521,keygen,489,10398556,561514
ecdsa-P-521,keygen,490,10403389,561776
ecdsa-P-521,keygen,491,10399481,561565
ecdsa-P-521,keygen,492,10403093,561759
ecdsa-P-521,keygen,493,10399482,561564
ecdsa-P-521,keygen,494,10398111,561492
ecdsa-P-521,keygen,495,10402352,561720
ecdsa-P-521,keygen,496,10416592,562488
ecdsa-P-521,keygen,497,10406074,561922
ecdsa-P-521,keygen,498,10405445,561886
ecdsa-P-521,keygen,499,10395222,561335
ecdsa-P-521,keygen,500,10417426,562534
ecdsa-P-521,keygen,501,10406833,561962
ecdsa-P-521,keygen,502,10397500,561458
ecdsa-P-521,keygen,503,10407297,561988
ecdsa-P-521,keygen,504,10397149,561438
ecdsa-P-521,keygen,505,10402778,561742
ecdsa-P-521,keygen,506,10407519,561999
ecdsa-P-521,keygen,507,10488944,566394
ecdsa-P-521,keygen,508,10419518,562647
ecdsa-P-521,keygen,509,10400870,561640
ecdsa-P-521,keygen,510,10406685,561954
ecdsa-P-521,keygen,511,10408166,562035
ecdsa-P-521,keygen,512,10398370,561505
ecdsa-P-521,keygen,513,10403963,561807
ecdsa-P-521,keygen,514,10396056,561379
ecdsa-P-521,keygen,515,10406963,561969
ecdsa-P-521,keygen,516,10405278,561879
ecdsa-P-521,keygen,517,10409092,562084
ecdsa-P-521,keygen,518,10404482,561835
ecdsa-P-521,keygen,519,10394389,561291
ecdsa-P-521,keygen,520,10414852,562394
ecdsa-P-521,keygen,521,10406537,561947
ecdsa-P-521,keygen,522,10416130,562464
ecdsa-P-521,keygen,523,10402260,561715
ecdsa-P-521,keygen,524,10401759,561687
ecdsa-P-521,keygen,525,10403944,561805
ecdsa-P-521,keygen,526,10414092,562353
ecdsa-P-521,keygen,527,10399259,561552
ecdsa-P-521,keygen,528,10404648,561843
ecdsa-P-521,keygen,529,10423870,562881
ecdsa-P-521,keygen,530,10405500,561890
ecdsa-P-521,keygen,531,10404908,561859
ecdsa-P-521,keygen,532,10443722,563954
ecdsa-P-521,keygen,533,10408000,562025
ecdsa-P-521,keygen,534,10398389,561506
ecdsa-P-521,keygen,535,10411037,562189
ecdsa-P-521,keygen,536,10401426,561670
ecdsa-P-521,keygen,537,10400463,561618
ecdsa-P-521,keygen,538,10393130,561223
ecdsa-P-521,keygen,539,10400222,561605
ecdsa-P-521,keygen,540,10387315,560909
ecdsa-P-521,keygen,541,10401925,561698
ecdsa-P-521,keygen,542,10390204,561064
ecdsa-P-521,keygen,543,10404444,561833
ecdsa-P-521,keygen,544,10404611,561842
ecdsa-P-521,keygen,545,10391500,561134
ecdsa-P-521,keygen,546,10405000,561864
ecdsa-P-521,keygen,547,10386037,560838
ecdsa-P-521,keygen,548,10391963,561160
ecdsa-P-521,keygen,549,10396056,561380
ecdsa-P-521,keygen,550,10386445,560861
ecdsa-P-521,keygen,551,10399593,561570
ecdsa-P-521,keygen,552,10392963,561213
ecdsa-P-521,keygen,553,10393444,561240
ecdsa-P-521,keygen,554,10405259,561877
ecdsa-P-521,keygen,555,10405111,561869
ecdsa-P-521,keygen,556,10403463,561780
ecdsa-P-521,keygen,557,10389963,561050
ecdsa-P-521,keygen,558,10394277,561285
ecdsa-P-521,keygen,559,10396408,561399
ecdsa-P-521,keygen,560,10395611,561357
ecdsa-P-521,keygen,561,10397889,561479
ecdsa-P-521,keygen,562,10386703,560874
ecdsa-P-521,keygen,563,10393519,561242
ecdsa-P-521,keygen,564,10394833,561314
ecdsa-P-521,keygen,565,10407648,562005
ecdsa-P-521,keygen,566,10396722,561416
ecdsa-P-521,keygen,567,10391111,561113
ecdsa-P-521,keygen,568,10412852,562287
ecdsa-P-521,keygen,569,10396814,561421
ecdsa-P-521,keygen,570,10388630,560980
ecdsa-P-521,keygen,571,10400037,561594
ecdsa-P-521,keygen,572,10392982,561214
ecdsa-P-521,keygen,573,10398241,561498
ecdsa-P-521,keygen,574,10410685,562170
ecdsa-P-521,keygen,575,10394241,561281
ecdsa-P-521,keygen,576,10397000,561432
ecdsa-P-521,keygen,577,10391815,561152
ecdsa-P-521,keygen,578,10400592,561626
ecdsa-P-521,keygen,579,10398185,561494
ecdsa-P-521,keygen,580,10401611,561680
ecdsa-P-521,keygen,581,10416537,562485
ecdsa-P-521,keygen,582,10397574,561463
ecdsa-P-521,keygen,583,10387741,560932
ecdsa-P-521,keygen,584,10394259,561283
ecdsa-P-521,keygen,585,10390944,561104
ecdsa-P-521,keygen,586,10405352,561881
ecdsa-P-521,keygen,587,10388759,560987
ecdsa-P-521,keygen,588,10395482,561349
ecdsa-P-521,keygen,589,10402371,561720
ecdsa-P-521,keygen,590,10392703,561199
ecdsa-P-521,keygen,591,10395092,561328
ecdsa-P-521,keygen,592,10399352,561557
ecdsa-P-521,keygen,593,10394630,561302
ecdsa-P-521,keygen,594,10395833,561369
ecdsa-P-521,keygen,595,10393240,561228
ecdsa-P-521,keygen,596,10391574,561137
ecdsa-P-521,keygen,597,10392907,561209
ecdsa-P-521,keygen,598,10431056,563269
ecdsa-P-521,keygen,599,10394963,561321
ecdsa-P-521,keygen,600,10393556,561244
ecdsa-P-521,keygen,601,10396222,561388
ecdsa-P-521,keygen,602,10392926,561212
ecdsa-P-521,keygen,603,10478889,565849
ecdsa-P-521,keygen,604,10411963,562232
ecdsa-P-521,keygen,605,10396518,561405
ecdsa-P-521,keygen,606,10419981,562665
ecdsa-P-521,keygen,607,10396463,561402
ecdsa-P-521,keygen,608,10398445,561509
ecdsa-P-521,keygen,609,10398760,561526
ecdsa-P-521,keygen,610,10387185,560901
ecdsa-P-521,keygen,611,10392760,561203
ecdsa-P-521,keygen,612,10387204,560902
ecdsa-P-521,keygen,613,10398648,561521
ecdsa-P-521,keygen,614,10396038,561378
ecdsa-P-521,keygen,615,10385963,560835
ecdsa-P-521,keygen,616,10413796,562336
ecdsa-P-521,keygen,617,10389907,561047
ecdsa-P-521,keygen,618,10389130,561006
ecdsa-P-521,keygen,619,10391463,561132
ecdsa-P-521,keygen,620,10408834,562069
ecdsa-P-521,keygen,621,10397500,561458
ecdsa-P-521,keygen,622,10383074,560678
ecdsa-P-521,keygen,623,10394834,561313
ecdsa-P-521,keygen,624,10424575,562918
ecdsa-P-521,keygen,625,10394055,561272
ecdsa-P-521,keygen,626,10391611,561141
ecdsa-P-521,keygen,627,10392166,561169
ecdsa-P-521,keygen,628,10406648,561951
ecdsa-P-521,keygen,629,10408389,562047
ecdsa-P-521,keygen,630,10392870,561207
ecdsa-P-521,keygen,631,10396963,561429
ecdsa-P-521,keygen,632,10393463,561240
ecdsa-P-521,keygen,633,10401056,561649
ecdsa-P-521,keygen,634,10395907,561372
ecdsa-P-521,keygen,635,10392797,561205
ecdsa-P-521,keygen,636,10404759,561850
ecdsa-P-521,keygen,637,10395611,561355
ecdsa-P-521,keygen,638,10405241,561875
ecdsa-P-521,keygen,639,10402278,561715
ecdsa-P-521,keygen,640,10396018,561379
ecdsa-P-521,keygen,641,10399704,561576
ecdsa-P-521,keygen,642,10397240,561445
ecdsa-P-521,keygen,643,10390574,561084
ecdsa-P-521,keygen,644,10395148,561330
ecdsa-P-521,keygen,645,10387204,560901
ecdsa-P-521,keygen,646,10410537,562162
ecdsa-P-521,keygen,647,10391241,561120
ecdsa-P-521,keygen,648,10401778,561689
ecdsa-P-521,keygen,649,10400241,561606
ecdsa-P-521,keygen,650,10396092,561381
ecdsa-P-521,keygen,651,10394186,561279
ecdsa-P-521,keygen,652,10396296,561393
ecdsa-P-521,keygen,653,10392111,561166
ecdsa-P-521,keygen,654,10410185,562144
ecdsa-P-521,keygen,655,10403852,561801
ecdsa-P-521,keygen,656,10399074,561544
ecdsa-P-521,keygen,657,10385704,560821
ecdsa-P-521,keygen,658,10388185,560954
ecdsa-P-521,keygen,659,10402130,561709
ecdsa-P-521,keygen,660,10390203,561064
ecdsa-P-521,keygen,661,10414704,562386
ecdsa-P-521,keygen,662,10385796,560826
ecdsa-P-521,keygen,663,10400871,561639
ecdsa-P-521,keygen,664,10425371,562962
ecdsa-P-521,keygen,665,10389277,561015
ecdsa-P-521,keygen,666,10400148,561601
ecdsa-P-521,keygen,667,10393222,561227
ecdsa-P-521,keygen,668,10397241,561443
ecdsa-P-521,keygen,669,10395815,561366
ecdsa-P-521,keygen,670,10391000,561107
ecdsa-P-521,keygen,671,10393574,561246
ecdsa-P-521,keygen,672,10401611,561680
ecdsa-P-521,keygen,673,10389852,561046
ecdsa-P-521,keygen,674,10396852,561424
ecdsa-P-521,keygen,675,10392852,561206
ecdsa-P-521,keygen,676,10398630,561519
ecdsa-P-521,keygen,677,10385167,560793
ecdsa-P-521,keygen,678,10400371,561612
ecdsa-P-521,keygen,679,10395907,561372
ecdsa-P-521,keygen,680,10384926,560779
ecdsa-P-521,keygen,681,10393889,561263
ecdsa-P-521,keygen,682,10387833,560934
ecdsa-P-521,keygen,683,10399519,561567
ecdsa-P-521,keygen,684,10398500,561512
ecdsa-P-521,keygen,685,10392334,561179
ecdsa-P-521,keygen,686,10394649,561304
ecdsa-P-521,keygen,687,10397667,561466
ecdsa-P-521,keygen,688,10398759,561526
ecdsa-P-521,keygen,689,10396629,561411
ecdsa-P-521,keygen,690,10391889,561155
ecdsa-P-521,keygen,691,10395685,561360
ecdsa-P-521,keygen,692,10388203,560956
ecdsa-P-521,keygen,693,10391537,561136
ecdsa-P-521,keygen,694,10409000,562078
ecdsa-P-521,keygen,695,10388592,560977
ecdsa-P-521,keygen,696,10392796,561204
ecdsa-P-521,keygen,697,10410629,562167
ecdsa-P-521,keygen,698,10416037,562460
ecdsa-P-521,keygen,699,10407963,562022
ecdsa-P-521,keygen,700,10477204,565760
ecdsa-P-521,keygen,701,10403093,561760
ecdsa-P-521,keygen,702,10390445,561077
ecdsa-P-521,keygen,703,10395111,561330
ecdsa-P-521,keygen,704,10395241,561335
ecdsa-P-521,keygen,705,10390000,561053
ecdsa-P-521,keygen,706,10404129,561817
ecdsa-P-521,keygen,707,10392333,561179
ecdsa-P-521,keygen,708,10398982,561538
ecdsa-P-521,keygen,709,10399907,561587
ecdsa-P-521,keygen,710,10390574,561084
ecdsa-P-521,keygen,711,10405519,561890
ecdsa-P-521,keygen,712,10388889,560993
ecdsa-P-521,keygen,713,10391241,561121
ecdsa-P-521,keygen,714,10390000,561054
ecdsa-P-521,keygen,715,10399315,561556
ecdsa-P-521,keygen,716,10397703,561468
ecdsa-P-521,keygen,717,10387778,560933
ecdsa-P-521,keygen,718,10398407,561506
ecdsa-P-521,keygen,719,10399797,561582
ecdsa-P-521,keygen,720,10387166,560901
ecdsa-P-521,keygen,721,10391315,561123
ecdsa-P-521,keygen,722,10397519,561460
ecdsa-P-521,keygen,723,10404815,561853
ecdsa-P-521,keygen,724,10401018,561649
ecdsa-P-521,keygen,725,10387555,560920
ecdsa-P-521,keygen,726,10396092,561382
ecdsa-P-521,keygen,727,10405296,561879
ecdsa-P-521,keygen,728,10396389,561397
ecdsa-P-521,keygen,729,10401778,561688
ecdsa-P-521,keygen,730,10395000,561322
ecdsa-P-521,keygen,731,10398111,561491
ecdsa-P-521,keygen,732,10391463,561133
ecdsa-P-521,keygen,733,10400204,561604
ecdsa-P-521,keygen,734,10394167,561279
ecdsa-P-521,keygen,735,10396463,561401
ecdsa-P-521,keygen,736,10393148,561224
ecdsa-P-521,keygen,737,10387556,560921
ecdsa-P-521,keygen,738,10409555,562109
ecdsa-P-521,keygen,739,10390760,561094
ecdsa-P-521,keygen,740,10387037,560894
ecdsa-P-521,keygen,741,10394389,561290
ecdsa-P-521,keygen,742,10389814,561043
ecdsa-P-521,keygen,743,10397463,561455
ecdsa-P-521,keygen,744,10401334,561664
ecdsa-P-521,keygen,745,10412907,562291
ecdsa-P-521,keygen,746,10398629,561519
ecdsa-P-521,keygen,747,10395074,561326
ecdsa-P-521,keygen,748,10397445,561455
ecdsa-P-521,keygen,749,10398371,561506
ecdsa-P-521,keygen,750,10389537,561027
ecdsa-P-521,keygen,751,10401260,561661
ecdsa-P-521,keygen,752,10390852,561099
ecdsa-P-521,keygen,753,10398278,561499
ecdsa-P-521,keygen,754,10408222,562037
ecdsa-P-521,keygen,755,10393630,561249
ecdsa-P-521,keygen,756,10396907,561427
ecdsa-P-521,keygen,757,10386333,560855
ecdsa-P-521,keygen,758,10400925,561642
ecdsa-P-521,keygen,759,10405778,561904
ecdsa-P-521,keygen,760,10403500,561782
ecdsa-P-521,keygen,761,10396703,561415
ecdsa-P-521,keygen,762,10391982,561161
ecdsa-P-521,keygen,763,10398518,561513
ecdsa-P-521,keygen,764,10402333,561719
ecdsa-P-521,keygen,765,10388407,560966
ecdsa-P-521,keygen,766,10397963,561483
ecdsa-P-521,keygen,767,10394555,561300
ecdsa-P-521,keygen,768,10391370,561127
ecdsa-P-521,keygen,769,10394019,561269
ecdsa-P-521,keygen,770,10393352,561234
ecdsa-P-521,keygen,771,10401185,561656
ecdsa-P-521,keygen,772,10387445,560916
ecdsa-P-521,keygen,773,10397000,561430
ecdsa-P-521,keygen,774,10402611,561733
ecdsa-P-521,keygen,775,10383703,560713
ecdsa-P-521,keygen,776,10396222,561389
ecdsa-P-521,keygen,777,10393481,561241
ecdsa-P-521,keygen,778,10394462,561294
ecdsa-P-521,keygen,779,10397648,561467
ecdsa-P-521,keygen,780,10391130,561113
ecdsa-P-521,keygen,781,10395463,561347
ecdsa-P-521,keygen,782,10387704,560930
ecdsa-P-521,keygen,783,10401648,561681
ecdsa-P-521,keygen,784,10393981,561268
ecdsa-P-521,keygen,785,10394815,561312
ecdsa-P-521,keygen,786,10399519,561568
ecdsa-P-521,keygen,787,10395223,561334
ecdsa-P-521,keygen,788,10399148,561547
ecdsa-P-521,keygen,789,10393371,561235
ecdsa-P-521,keygen,790,10392371,561180
ecdsa-P-521,keygen,791,10401537,561677
ecdsa-P-521,keygen,792,10405907,561912
ecdsa-P-521,keygen,793,10399407,561560
ecdsa-P-521,keygen,794,10406204,561928
ecdsa-P-521,keygen,795,10385186,560792
ecdsa-P-521,keygen,796,10479370,565877
ecdsa-P-521,keygen,797,10391129,561113
ecdsa-P-521,keygen,798,10398871,561533
ecdsa-P-521,keygen,799,10399370,561559
ecdsa-P-521,keygen,800,10420093,562679
ecdsa-P-521,keygen,801,10394018,561269
ecdsa-P-521,keygen,802,10393722,561255
ecdsa-P-521,keygen,803,10403611,561787
ecdsa-P-521,keygen,804,10396982,561430
ecdsa-P-521,keygen,805,10391945,561159
ecdsa-P-521,keygen,806,10405019,561864
ecdsa-P-521,keygen,807,10393852,561262
ecdsa-P-521,keygen,808,10427500,563078
ecdsa-P-521,keygen,809,10395018,561324
ecdsa-P-521,keygen,810,10389777,561041
ecdsa-P-521,keygen,811,10438463,563668
ecdsa-P-521,keygen,812,10396648,561413
ecdsa-P-521,keygen,813,10389463,561024
ecdsa-P-521,keygen,814,10434723,563468
ecdsa-P-521,keygen,815,10384371,560750
ecdsa-P-521,keygen,816,10393130,561221
ecdsa-P-521,keygen,817,10393371,561235
ecdsa-P-521,keygen,818,10426408,563018
ecdsa-P-521,keygen,819,10400426,561617
ecdsa-P-521,keygen,820,10396111,561383
ecdsa-P-521,keygen,821,10392666,561198
ecdsa-P-521,keygen,822,10395407,561345
ecdsa-P-521,keygen,823,10392500,561188
ecdsa-P-521,keygen,824,10403407,561778
ecdsa-P-521,keygen,825,10379482,560485
ecdsa-P-521,keygen,826,10398074,561490
ecdsa-P-521,keygen,827,10394037,561270
ecdsa-P-521,keygen,828,10393111,561220
ecdsa-P-521,keygen,829,10393981,561268
ecdsa-P-521,keygen,830,10396371,561396
ecdsa-P-521,keygen,831,10403204,561765
ecdsa-P-521,keygen,832,10395222,561335
ecdsa-P-521,keygen,833,10387407,560914
ecdsa-P-521,keygen,834,10394777,561311
ecdsa-P-521,keygen,835,10408833,562071
ecdsa-P-521,keygen,836,10391130,561114
ecdsa-P-521,keygen,837,10391704,561144
ecdsa-P-521,keygen,838,10396334,561395
ecdsa-P-521,keygen,839,10395611,561356
ecdsa-P-521,keygen,840,10386963,560890
ecdsa-P-521,keygen,841,10393296,561231
ecdsa-P-521,keygen,842,10407370,561991
ecdsa-P-521,keygen,843,10427037,563052
ecdsa-P-521,keygen,844,10410129,562139
ecdsa-P-521,keygen,845,10384908,560778
ecdsa-P-521,keygen,846,10398759,561527
ecdsa-P-521,keygen,847,10395852,561370
ecdsa-P-521,keygen,848,10395167,561331
ecdsa-P-521,keygen,849,10397167,561440
ecdsa-P-521,keygen,850,10391204,561118
ecdsa-P-521,keygen,851,10399926,561589
ecdsa-P-521,keygen,852,10412185,562252
ecdsa-P-521,keygen,853,10393741,561254
ecdsa-P-521,keygen,854,10398537,561514
ecdsa-P-521,keygen,855,10387611,560924
ecdsa-P-521,keygen,856,10396685,561414
ecdsa-P-521,keygen,857,10398982,561538
ecdsa-P-521,keygen,858,10392944,561211
ecdsa-P-521,keygen,859,10411500,562214
ecdsa-P-521,keygen,860,10387185,560901
ecdsa-P-521,keygen,861,10399241,561553
ecdsa-P-521,keygen,862,10398370,561505
ecdsa-P-521,keygen,863,10394537,561299
ecdsa-P-521,keygen,864,10394074,561273
ecdsa-P-521,keygen,865,10393203,561226
ecdsa-P-521,keygen,866,10400075,561596
ecdsa-P-521,keygen,867,10400685,561630
ecdsa-P-521,keygen,868,10390908,561102
ecdsa-P-521,keygen,869,10398704,561522
ecdsa-P-521,keygen,870,10390778,561095
ecdsa-P-521,keygen,871,10396370,561396
ecdsa-P-521,keygen,872,10395611,561357
ecdsa-P-521,keygen,873,10390000,561054
ecdsa-P-521,keygen,874,10396592,561409
ecdsa-P-521,keygen,875,10388278,560961
ecdsa-P-521,keygen,876,10503426,567173
ecdsa-P-521,keygen,877,10408851,562070
ecdsa-P-521,keygen,878,10412445,562264
ecdsa-P-521,keygen,879,10403834,561800
ecdsa-P-521,keygen,880,10388630,560979
ecdsa-P-521,keygen,881,10397908,561481
ecdsa-P-521,keygen,882,10396444,561402
ecdsa-P-521,keygen,883,10389871,561047
ecdsa-P-521,keygen,884,10405833,561908
ecdsa-P-521,keygen,885,10389852,561045
ecdsa-P-521,keygen,886,10430815,563256
ecdsa-P-521,keygen,887,10403203,561766
ecdsa-P-521,keygen,888,10395814,561366
ecdsa-P-521,keygen,889,10403630,561789
ecdsa-P-521,keygen,890,10396463,561400
ecdsa-P-521,keygen,891,10399593,561571
ecdsa-P-521,keygen,892,10509555,567507
ecdsa-P-521,keygen,893,10396815,561421
ecdsa-P-521,keygen,894,10402278,561716
ecdsa-P-521,keygen,895,10392574,561192
ecdsa-P-521,keygen,896,10418445,562588
ecdsa-P-521,keygen,897,10402666,561736
ecdsa-P-521,keygen,898,10399185,561550
ecdsa-P-521,keygen,899,10395759,561364
ecdsa-P-521,keygen,900,10394148,561276
ecdsa-P-521,keygen,901,10397426,561455
ecdsa-P-521,keygen,902,10401797,561689
ecdsa-P-521,keygen,903,10394056,561272
ecdsa-P-521,keygen,904,10410370,562153
ecdsa-P-521,keygen,905,10387333,560910
ecdsa-P-521,keygen,906,10399944,561591
ecdsa-P-521,keygen,907,10399352,561557
ecdsa-P-521,keygen,908,10391500,561133
ecdsa-P-521,keygen,909,10395722,561362
ecdsa-P-521,keygen,910,10384815,560773
ecdsa-P-521,keygen,911,10396056,561380
ecdsa-P-521,keygen,912,10398629,561520
ecdsa-P-521,keygen,913,10416593,562487
ecdsa-P-521,keygen,914,10404037,561809
ecdsa-P-521,keygen,915,10394148,561277
ecdsa-P-521,keygen,916,10399407,561561
ecdsa-P-521,keygen,917,10395963,561375
ecdsa-P-521,keygen,918,10387760,560932
ecdsa-P-521,keygen,919,10401148,561654
ecdsa-P-521,keygen,920,10388723,560984
ecdsa-P-521,keygen,921,10416648,562491
ecdsa-P-521,keygen,922,10396037,561378
ecdsa-P-521,keygen,923,10391833,561153
ecdsa-P-521,keygen,924,10401185,561657
ecdsa-P-521,keygen,925,10395037,561325
ecdsa-P-521,keygen,926,10407852,562017
ecdsa-P-521,keygen,927,10400148,561602
ecdsa-P-521,keygen,928,10393389,561235
ecdsa-P-521,keygen,929,10428444,563129
ecdsa-P-521,keygen,930,10388852,560992
ecdsa-P-521,keygen,931,10398778,561528
ecdsa-P-521,keygen,932,10398444,561509
ecdsa-P-521,keygen,933,10391982,561161
ecdsa-P-521,keygen,934,10400018,561594
ecdsa-P-521,keygen,935,10389999,561053
ecdsa-P-521,keygen,936,10396037,561378
ecdsa-P-521,keygen,937,10400870,561639
ecdsa-P-521,keygen,938,10396463,561402
ecdsa-P-521,keygen,939,10391166,561115
ecdsa-P-521,keygen,940,10393315,561232
ecdsa-P-521,keygen,941,10393574,561246
ecdsa-P-521,keygen,942,10397574,561462
ecdsa-P-521,keygen,943,10417000,562511
ecdsa-P-521,keygen,944,10393075,561220
ecdsa-P-521,keygen,945,10388129,560952
ecdsa-P-521,keygen,946,10392185,561171
ecdsa-P-521,keygen,947,10396574,561408
ecdsa-P-521,keygen,948,10399759,561580
ecdsa-P-521,keygen,949,10402352,561719
ecdsa-P-521,keygen,950,10387888,560939
ecdsa-P-521,keygen,951,10397574,561462
ecdsa-P-521,keygen,952,10447111,564137
ecdsa-P-521,keygen,953,10389611,561031
ecdsa-P-521,keygen,954,10404333,561827
ecdsa-P-521,keygen,955,10392759,561202
ecdsa-P-521,keygen,956,10397186,561441
ecdsa-P-521,keygen,957,10402297,561717
ecdsa-P-521,keygen,958,10385445,560806
ecdsa-P-521,keygen,959,10396444,561402
ecdsa-P-521,keygen,960,10390908,561102
ecdsa-P-521,keygen,961,10401574,561678
ecdsa-P-521,keygen,962,10399500,561566
ecdsa-P-521,keygen,963,10390704,561092
ecdsa-P-521,keygen,964,10415297,562419
ecdsa-P-521,keygen,965,10389203,561010
ecdsa-P-521,keygen,966,10400203,561604
ecdsa-P-521,keygen,967,10404018,561810
ecdsa-P-521,keygen,968,10388852,560992
ecdsa-P-521,keygen,969,10395148,561330
ecdsa-P-521,keygen,970,10390630,561088
ecdsa-P-521,keygen,971,10401777,561690
ecdsa-P-521,keygen,972,10421500,562755
ecdsa-P-521,keygen,973,10414037,562350
ecdsa-P-521,keygen,974,10394019,561269
ecdsa-P-521,keygen,975,10392111,561168
ecdsa-P-521,keygen,976,10391667,561143
ecdsa-P-521,keygen,977,10395797,561366
ecdsa-P-521,keygen,978,10393426,561237
ecdsa-P-521,keygen,979,10397593,561464
ecdsa-P-521,keygen,980,10391296,561123
ecdsa-P-521,keygen,981,10392518,561189
ecdsa-P-521,keygen,982,10409704,562117
ecdsa-P-521,keygen,983,10389426,561022
ecdsa-P-521,keygen,984,10408240,562038
ecdsa-P-521,keygen,985,10401963,561698
ecdsa-P-521,keygen,986,10388723,560983
ecdsa-P-521,keygen,987,10400259,561607
ecdsa-P-521,keygen,988,10493148,566621
ecdsa-P-521,keygen,989,10399592,561571
ecdsa-P-521,keygen,990,10404463,561833
ecdsa-P-521,keygen,991,10390537,561083
ecdsa-P-521,keygen,992,10394852,561315
ecdsa-P-521,keygen,993,10394445,561294
ecdsa-P-521,keygen,994,10400648,561629
ecdsa-P-521,keygen,995,10397870,561477
ecdsa-P-521,keygen,996,10390463,561077
ecdsa-P-521,keygen,997,10395722,561360
ecdsa-P-521,keygen,998,10390574,561084
ecdsa-P-521,keygen,999,10398759,561526
ecdsa-P-521,sign,0,11012463,594665
ecdsa-P-521,sign,1,11002518,594128
ecdsa-P-521,sign,2,11010241,594544
ecdsa-P-521,sign,3,11000889,594038
ecdsa-P-521,sign,4,11006686,594351
ecdsa-P-521,sign,5,11003666,594189
ecdsa-P-521,sign,6,11004352,594225
ecdsa-P-521,sign,7,10996204,593787
ecdsa-P-521,sign,8,11007018,594371
ecdsa-P-521,sign,9,11007518,594396
ecdsa-P-521,sign,10,11006445,594338
ecdsa-P-521,sign,11,10999556,593966
ecdsa-P-521,sign,12,11009871,594523
ecdsa-P-521,sign,13,11006519,594343
ecdsa-P-521,sign,14,11012963,594690
ecdsa-P-521,sign,15,10999629,593971
ecdsa-P-521,sign,16,11000129,593999
ecdsa-P-521,sign,17,10992797,593602
ecdsa-P-521,sign,18,11024167,595296
ecdsa-P-521,sign,19,10996186,593786
ecdsa-P-521,sign,20,10998148,593890
ecdsa-P-521,sign,21,10998092,593888
ecdsa-P-521,sign,22,10998870,593930
ecdsa-P-521,sign,23,10993889,593662
ecdsa-P-521,sign,24,11001462,594071
ecdsa-P-521,sign,25,11006555,594345
ecdsa-P-521,sign,26,11002407,594121
ecdsa-P-521,sign,27,10996555,593805
ecdsa-P-521,sign,28,11104408,599628
ecdsa-P-521,sign,29,11008426,594447
ecdsa-P-521,sign,30,11000555,594022
ecdsa-P-521,sign,31,11001629,594079
ecdsa-P-521,sign,32,11001907,594094
ecdsa-P-521,sign,33,11003000,594154
ecdsa-P-521,sign,34,11000167,594000
ecdsa-P-521,sign,35,11008463,594449
ecdsa-P-521,sign,36,10998074,593887
ecdsa-P-521,sign,37,11002908,594148
ecdsa-P-521,sign,38,11001519,594074
ecdsa-P-521,sign,39,11001463,594069
ecdsa-P-521,sign,40,10993074,593617
ecdsa-P-521,sign,41,10998425,593907
ecdsa-P-521,sign,42,11001407,594068
ecdsa-P-521,sign,43,11003574,594185
ecdsa-P-521,sign,44,10995741,593761
ecdsa-P-521,sign,45,10993907,593662
ecdsa-P-521,sign,46,11002723,594138
ecdsa-P-521,sign,47,11006574,594345
ecdsa-P-521,sign,48,10998130,593891
ecdsa-P-521,sign,49,10996574,593807
ecdsa-P-521,sign,50,11028722,595535
ecdsa-P-521,sign,51,11013334,594712
ecdsa-P-521,sign,52,11007314,594387
ecdsa-P-521,sign,53,11011222,594597
ecdsa-P-521,sign,54,11009315,594494
ecdsa-P-521,sign,55,11009518,594505
ecdsa-P-521,sign,56,10997111,593836
ecdsa-P-521,sign,57,11005629,594295
ecdsa-P-521,sign,58,11014037,594750
ecdsa-P-521,sign,59,11016833,594899
ecdsa-P-521,sign,60,10999389,593959
ecdsa-P-521,sign,61,10995444,593746
ecdsa-P-521,sign,62,11005185,594271
ecdsa-P-521,sign,63,10998871,593931
ecdsa-P-521,sign,64,10992278,593575
ecdsa-P-521,sign,65,11003778,594196
ecdsa-P-521,sign,66,11000129,593999
ecdsa-P-521,sign,67,11002500,594126
ecdsa-P-521,sign,68,10995296,593737
ecdsa-P-521,sign,69,11002556,594129
ecdsa-P-521,sign,70,11004537,594236
ecdsa-P-521,sign,71,11001982,594098
ecdsa-P-521,sign,72,10991055,593509
ecdsa-P-521,sign,73,10997889,593877
ecdsa-P-521,sign,74,11000926,594041
ecdsa-P-521,sign,75,11000129,593999
ecdsa-P-521,sign,76,10993814,593658
ecdsa-P-521,sign,77,11001648,594081
ecdsa-P-521,sign,78,10998204,593895
ecdsa-P-521,sign,79,11005056,594264
ecdsa-P-521,sign,80,10994611,593700
ecdsa-P-521,sign,81,11002370,594120
ecdsa-P-521,sign,82,10992481,593586
ecdsa-P-521,sign,83,10999814,593982
ecdsa-P-521,sign,84,10998148,593891
ecdsa-P-521,sign,85,11006871,594363
ecdsa-P-521,sign,86,11000426,594015
ecdsa-P-521,sign,87,11003778,594195
ecdsa-P-521,sign,88,10996944,593826
ecdsa-P-521,sign,89,10998000,593883
ecdsa-P-521,sign,90,11002018,594100
ecdsa-P-521,sign,91,11001815,594089
ecdsa-P-521,sign,92,10994185,593678
ecdsa-P-521,sign,93,11007000,594368
ecdsa-P-521,sign,94,11002852,594145
ecdsa-P-521,sign,95,11003648,594189
ecdsa-P-521,sign,96,10991130,593513
ecdsa-P-521,sign,97,11007500,594396
ecdsa-P-521,sign,98,11000926,594042
ecdsa-P-521,sign,99,10997667,593865
ecdsa-P-521,sign,100,10994445,593691
ecdsa-P-521,sign,101,10998092,593888
ecdsa-P-521,sign,102,10996870,593823
ecdsa-P-521,sign,103,11003481,594179
ecdsa-P-521,sign,104,10993666,593650
ecdsa-P-521,sign,105,10994704,593705
ecdsa-P-521,sign,106,10997704,593868
ecdsa-P-521,sign,107,10995500,593749
ecdsa-P-521,sign,108,10995019,593723
ecdsa-P-521,sign,109,10998093,593889
ecdsa-P-521,sign,110,11001963,594097
ecdsa-P-521,sign,111,10999130,593944
ecdsa-P-521,sign,112,10987871,593337
ecdsa-P-521,sign,113,11004500,594235
ecdsa-P-521,sign,114,10995240,593734
ecdsa-P-521,sign,115,11005352,594279
ecdsa-P-521,sign,116,10997148,593838
ecdsa-P-521,sign,117,10999278,593953
ecdsa-P-521,sign,118,10998981,593937
ecdsa-P-521,sign,119,11102926,599546
ecdsa-P-521,sign,120,10998518,593912
ecdsa-P-521,sign,121,10999463,593964
ecdsa-P-521,sign,122,10998908,593933
ecdsa-P-521,sign,123,11006500,594342
ecdsa-P-521,sign,124,10992241,593573
ecdsa-P-521,sign,125,11000092,593996
ecdsa-P-521,sign,126,11000907,594039
ecdsa-P-521,sign,127,11003389,594176
ecdsa-P-521,sign,128,10992926,593611
ecdsa-P-521,sign,129,10999240,593952
ecdsa-P-521,sign,130,11001223,594058
ecdsa-P-521,sign,131,10997907,593878
ecdsa-P-521,sign,132,10993722,593653
ecdsa-P-521,sign,133,11002926,594149
ecdsa-P-521,sign,134,10988982,593396
ecdsa-P-521,sign,135,10997444,593854
ecdsa-P-521,sign,136,10984888,593176
ecdsa-P-521,sign,137,10996186,593785
ecdsa-P-521,sign,138,11002000,594099
ecdsa-P-521,sign,139,11002722,594140
ecdsa-P-521,sign,140,11019833,595063
ecdsa-P-521,sign,141,11007333,594389
ecdsa-P-521,sign,142,11007666,594406
ecdsa-P-521,sign,143,11008408,594446
ecdsa-P-521,sign,144,11001259,594060
ecdsa-P-521,sign,145,11004704,594245
ecdsa-P-521,sign,146,11003333,594171
ecdsa-P-521,sign,147,11011556,594616
ecdsa-P-521,sign,148,11003741,594193
ecdsa-P-521,sign,149,11010870,594578
ecdsa-P-521,sign,150,11005277,594278
ecdsa-P-521,sign,151,11007908,594419
ecdsa-P-521,sign,152,11004630,594241
ecdsa-P-521,sign,153,11008574,594455
ecdsa-P-521,sign,154,11008093,594429
ecdsa-P-521,sign,155,11011000,594586
ecdsa-P-521,sign,156,11005407,594284
ecdsa-P-521,sign,157,11016741,594896
ecdsa-P-521,sign,158,11001945,594097
ecdsa-P-521,sign,159,11012555,594670
ecdsa-P-521,sign,160,11016388,594876
ecdsa-P-521,sign,161,11001408,594067
ecdsa-P-521,sign,162,11007371,594389
ecdsa-P-521,sign,163,11002704,594137
ecdsa-P-521,sign,164,11006574,594347
ecdsa-P-521,sign,165,11000389,594013
ecdsa-P-521,sign,166,11004814,594251
ecdsa-P-521,sign,167,11011056,594588
ecdsa-P-521,sign,168,11006056,594319
ecdsa-P-521,sign,169,11009223,594490
ecdsa-P-521,sign,170,11002574,594131
ecdsa-P-521,sign,171,11009426,594501
ecdsa-P-521,sign,172,11007408,594392
ecdsa-P-521,sign,173,10997814,593874
ecdsa-P-521,sign,174,11003593,594186
ecdsa-P-521,sign,175,11000241,594004
ecdsa-P-521,sign,176,11008241,594437
ecdsa-P-521,sign,177,11006722,594354
ecdsa-P-521,sign,178,11005944,594313
ecdsa-P-521,sign,179,11000130,593998
ecdsa-P-521,sign,180,10998592,593916
ecdsa-P-521,sign,181,10994556,593697
ecdsa-P-521,sign,182,10993926,593663
ecdsa-P-521,sign,183,11003148,594161
ecdsa-P-521,sign,184,11006851,594363
ecdsa-P-521,sign,185,10991315,593523
ecdsa-P-521,sign,186,11000519,594020
ecdsa-P-521,sign,187,11002741,594139
ecdsa-P-521,sign,188,10994055,593670
ecdsa-P-521,sign,189,10993167,593623
ecdsa-P-521,sign,190,10992759,593600
ecdsa-P-521,sign,191,11001055,594047
ecdsa-P-521,sign,192,11001148,594053
ecdsa-P-521,sign,193,10993833,593659
ecdsa-P-521,sign,194,11004426,594230
ecdsa-P-521,sign,195,11001111,594052
ecdsa-P-521,sign,196,11001945,594097
ecdsa-P-521,sign,197,10991759,593546
ecdsa-P-521,sign,198,11001148,594053
ecdsa-P-521,sign,199,10999963,593990
ecdsa-P-521,sign,200,11001463,594070
ecdsa-P-521,sign,201,10994870,593715
ecdsa-P-521,sign,202,10995389,593743
ecdsa-P-521,sign,203,10998129,593891
ecdsa-P-521,sign,204,11004185,594217
ecdsa-P-521,sign,205,10997389,593849
ecdsa-P-521,sign,206,11002074,594103
ecdsa-P-521,sign,207,10996389,593797
ecdsa-P-521,sign,208,11406963,615957
ecdsa-P-521,sign,209,11022926,595230
ecdsa-P-521,sign,210,11112444,600061
ecdsa-P-521,sign,211,11018092,594969
ecdsa-P-521,sign,212,11003982,594208
ecdsa-P-521,sign,213,10993833,593659
ecdsa-P-521,sign,214,11000648,594027
ecdsa-P-521,sign,215,11000944,594043
ecdsa-P-521,sign,216,11010796,594574
ecdsa-P-521,sign,217,10997056,593832
ecdsa-P-521,sign,218,10994537,593695
ecdsa-P-521,sign,219,10999444,593961
ecdsa-P-521,sign,220,10998148,593891
ecdsa-P-521,sign,221,10994907,593717
ecdsa-P-521,sign,222,11001389,594067
ecdsa-P-521,sign,223,10994203,593679
ecdsa-P-521,sign,224,11018111,594968
ecdsa-P-521,sign,225,10998278,593900
ecdsa-P-521,sign,226,11005018,594263
ecdsa-P-521,sign,227,11001963,594097
ecdsa-P-521,sign,228,11007129,594376
ecdsa-P-521,sign,229,11000852,594038
ecdsa-P-521,sign,230,11017592,594940
ecdsa-P-521,sign,231,10995444,593746
ecdsa-P-521,sign,232,11002463,594125
ecdsa-P-521,sign,233,11001185,594057
ecdsa-P-521,sign,234,10989463,593423
ecdsa-P-521,sign,235,10999852,593984
ecdsa-P-521,sign,236,10997814,593873
ecdsa-P-521,sign,237,10997037,593832
ecdsa-P-521,sign,238,10992445,593584
ecdsa-P-521,sign,239,11014204,594758
ecdsa-P-521,sign,240,11005334,594280
ecdsa-P-521,sign,241,10999111,593944
ecdsa-P-521,sign,242,10994018,593668
ecdsa-P-521,sign,243,10997963,593880
ecdsa-P-521,sign,244,10999833,593982
ecdsa-P-521,sign,245,10994129,593674
ecdsa-P-521,sign,246,10991092,593510
ecdsa-P-521,sign,247,10997852,593875
ecdsa-P-521,sign,248,11001203,594056
ecdsa-P-521,sign,249,11006130,594323
ecdsa-P-521,sign,250,11002518,594127
ecdsa-P-521,sign,251,11010389,594551
ecdsa-P-521,sign,252,11003315,594170
ecdsa-P-521,sign,253,11001834,594090
ecdsa-P-521,sign,254,10995148,593730
ecdsa-P-521,sign,255,10998260,593897
ecdsa-P-521,sign,256,10998481,593909
ecdsa-P-521,sign,257,10997056,593833
ecdsa-P-521,sign,258,10995814,593766
ecdsa-P-521,sign,259,11003278,594168
ecdsa-P-521,sign,260,11003074,594157
ecdsa-P-521,sign,261,11007871,594416
ecdsa-P-521,sign,262,10991926,593556
ecdsa-P-521,sign,263,10997926,593880
ecdsa-P-521,sign,264,10996370,593795
ecdsa-P-521,sign,265,10998889,593932
ecdsa-P-521,sign,266,10993445,593637
ecdsa-P-521,sign,267,10999278,593952
ecdsa-P-521,sign,268,10996963,593827
ecdsa-P-521,sign,269,10998093,593889
ecdsa-P-521,sign,270,10989593,593430
ecdsa-P-521,sign,271,10992351,593579
ecdsa-P-521,sign,272,10999593,593970
ecdsa-P-521,sign,273,11004592,594238
ecdsa-P-521,sign,274,10991370,593525
ecdsa-P-521,sign,275,10998556,593914
ecdsa-P-521,sign,276,10997037,593832
ecdsa-P-521,sign,277,10998445,593907
ecdsa-P-521,sign,278,10990612,593484
ecdsa-P-521,sign,279,11004593,594239
ecdsa-P-521,sign,280,11005408,594284
ecdsa-P-521,sign,281,11004056,594211
ecdsa-P-521,sign,282,10991741,593543
ecdsa-P-521,sign,283,11000777,594034
ecdsa-P-521,sign,284,11009852,594523
ecdsa-P-521,sign,285,11004000,594208
ecdsa-P-521,sign,286,11083982,598514
ecdsa-P-521,sign,287,11055167,596971
ecdsa-P-521,sign,288,11011630,594619
ecdsa-P-521,sign,289,11008111,594430
ecdsa-P-521,sign,290,10999740,593977
ecdsa-P-521,sign,291,11010537,594561
ecdsa-P-521,sign,292,11009111,594483
ecdsa-P-521,sign,293,11007296,594385
ecdsa-P-521,sign,294,10998296,593899
ecdsa-P-521,sign,295,11013870,594740
ecdsa-P-521,sign,296,11010074,594535
ecdsa-P-521,sign,297,11008277,594438
ecdsa-P-521,sign,298,11000075,593995
ecdsa-P-521,sign,299,11003351,594173
ecdsa-P-521,sign,300,11014518,594775
ecdsa-P-521,sign,301,11113408,600111
ecdsa-P-521,sign,302,11007612,594404
ecdsa-P-521,sign,303,11010352,594551
ecdsa-P-521,sign,304,11004019,594209
ecdsa-P-521,sign,305,11008574,594455
ecdsa-P-521,sign,306,11002352,594119
ecdsa-P-521,sign,307,11011703,594623
ecdsa-P-521,sign,308,11007278,594385
ecdsa-P-521,sign,309,11007889,594418
ecdsa-P-521,sign,310,11000481,594018
ecdsa-P-521,sign,311,11006093,594321
ecdsa-P-521,sign,312,11007444,594392
ecdsa-P-521,sign,313,11005000,594262
ecdsa-P-521,sign,314,10994518,593694
ecdsa-P-521,sign,315,11008389,594444
ecdsa-P-521,sign,316,11009629,594511
ecdsa-P-521,sign,317,11008593,594455
ecdsa-P-521,sign,318,11003889,594200
ecdsa-P-521,sign,319,11009704,594516
ecdsa-P-521,sign,320,11034314,595845
ecdsa-P-521,sign,321,11015871,594850
ecdsa-P-521,sign,322,11001407,594069
ecdsa-P-521,sign,323,11013129,594700
ecdsa-P-521,sign,324,11001130,594053
ecdsa-P-521,sign,325,11007834,594414
ecdsa-P-521,sign,326,10997870,593877
ecdsa-P-521,sign,327,11009037,594479
ecdsa-P-521,sign,328,11003074,594158
ecdsa-P-521,sign,329,11015296,594818
ecdsa-P-521,sign,330,11014555,594778
ecdsa-P-521,sign,331,10997167,593838
ecdsa-P-521,sign,332,11006778,594358
ecdsa-P-521,sign,333,11004315,594224
ecdsa-P-521,sign,334,11013333,594711
ecdsa-P-521,sign,335,11002519,594127
ecdsa-P-521,sign,336,11009055,594480
ecdsa-P-521,sign,337,11008926,594473
ecdsa-P-521,sign,338,11011667,594621
ecdsa-P-521,sign,339,11002259,594114
ecdsa-P-521,sign,340,11012241,594653
ecdsa-P-521,sign,341,10998148,593892
ecdsa-P-521,sign,342,11000093,593996
ecdsa-P-521,sign,343,10991222,593518
ecdsa-P-521,sign,344,10998185,593893
ecdsa-P-521,sign,345,11003389,594174
ecdsa-P-521,sign,346,11005796,594304
ecdsa-P-521,sign,347,10993852,593660
ecdsa-P-521,sign,348,10998314,593901
ecdsa-P-521,sign,349,11002648,594135
ecdsa-P-521,sign,350,11004222,594219
ecdsa-P-521,sign,351,10993408,593635
ecdsa-P-521,sign,352,11004333,594225
ecdsa-P-521,sign,353,10995500,593749
ecdsa-P-521,sign,354,11004685,594245
ecdsa-P-521,sign,355,10991537,593534
ecdsa-P-521,sign,356,10995130,593729
ecdsa-P-521,sign,357,10998963,593935
ecdsa-P-521,sign,358,10998204,593895
ecdsa-P-521,sign,359,10991518,593534
ecdsa-P-521,sign,360,11004037,594210
ecdsa-P-521,sign,361,10999240,593950
ecdsa-P-521,sign,362,11001815,594089
ecdsa-P-521,sign,363,10999741,593976
ecdsa-P-521,sign,364,11002055,594102
ecdsa-P-521,sign,365,11000166,594001
ecdsa-P-521,sign,366,11001426,594069
ecdsa-P-521,sign,367,10993963,593666
ecdsa-P-521,sign,368,10997815,593874
ecdsa-P-521,sign,369,10997278,593845
ecdsa-P-521,sign,370,11004019,594209
ecdsa-P-521,sign,371,10997408,593851
ecdsa-P-521,sign,372,10998055,593886
ecdsa-P-521,sign,373,10995611,593754
ecdsa-P-521,sign,374,11005722,594299
ecdsa-P-521,sign,375,10986148,593245
ecdsa-P-521,sign,376,10999185,593948
ecdsa-P-521,sign,377,10999351,593956
ecdsa-P-521,sign,378,11002166,594108
ecdsa-P-521,sign,379,10995833,593767
ecdsa-P-521,sign,380,10996222,593787
ecdsa-P-521,sign,381,10999629,593972
ecdsa-P-521,sign,382,10999686,593975
ecdsa-P-521,sign,383,10993796,593656
ecdsa-P-521,sign,384,10998593,593916
ecdsa-P-521,sign,385,11000556,594020
ecdsa-P-521,sign,386,11004166,594217
ecdsa-P-521,sign,387,10990408,593474
ecdsa-P-521,sign,388,10997500,593856
ecdsa-P-521,sign,389,10993815,593658
ecdsa-P-521,sign,390,11007777,594412
ecdsa-P-521,sign,391,10996241,593789
ecdsa-P-521,sign,392,11095445,599143
ecdsa-P-521,sign,393,11016426,594878
ecdsa-P-521,sign,394,11009981,594532
ecdsa-P-521,sign,395,10991704,593544
ecdsa-P-521,sign,396,11011704,594623
ecdsa-P-521,sign,397,11019297,595032
ecdsa-P-521,sign,398,11003241,594168
ecdsa-P-521,sign,399,10993500,593641
ecdsa-P-521,sign,400,11006537,594345
ecdsa-P-521,sign,401,11007426,594392
ecdsa-P-521,sign,402,11006092,594321
ecdsa-P-521,sign,403,11005259,594275
ecdsa-P-521,sign,404,11003703,594192
ecdsa-P-521,sign,405,11005629,594296
ecdsa-P-521,sign,406,11007259,594384
ecdsa-P-521,sign,407,10999371,593958
ecdsa-P-521,sign,408,11013852,594739
ecdsa-P-521,sign,409,11005908,594312
ecdsa-P-521,sign,410,11006092,594321
ecdsa-P-521,sign,411,11001963,594097
ecdsa-P-521,sign,412,11005000,594261
ecdsa-P-521,sign,413,11869148,640897
ecdsa-P-521,sign,414,11068203,597671
ecdsa-P-521,sign,415,11023907,595281
ecdsa-P-521,sign,416,11007130,594377
ecdsa-P-521,sign,417,11007204,594379
ecdsa-P-521,sign,418,11009926,594527
ecdsa-P-521,sign,419,11012296,594654
ecdsa-P-521,sign,420,10998093,593890
ecdsa-P-521,sign,421,11012278,594654
ecdsa-P-521,sign,422,11003630,594187
ecdsa-P-521,sign,423,11003278,594168
ecdsa-P-521,sign,424,10999426,593960
ecdsa-P-521,sign,425,11008129,594429
ecdsa-P-521,sign,426,11007241,594383
ecdsa-P-521,sign,427,10998444,593907
ecdsa-P-521,sign,428,10993277,593629
ecdsa-P-521,sign,429,10995815,593766
ecdsa-P-521,sign,430,11006203,594327
ecdsa-P-521,sign,431,10999112,593944
ecdsa-P-521,sign,432,11005463,594285
ecdsa-P-521,sign,433,11005352,594281
ecdsa-P-521,sign,434,11005185,594273
ecdsa-P-521,sign,435,11004852,594254
ecdsa-P-521,sign,436,10993444,593637
ecdsa-P-521,sign,437,11003574,594184
ecdsa-P-521,sign,438,11000111,593997
ecdsa-P-521,sign,439,10997000,593830
ecdsa-P-521,sign,440,10992944,593611
ecdsa-P-521,sign,441,11001186,594056
ecdsa-P-521,sign,442,11007351,594387
ecdsa-P-521,sign,443,11002074,594104
ecdsa-P-521,sign,444,10986296,593252
ecdsa-P-521,sign,445,10997389,593851
ecdsa-P-521,sign,446,11001592,594077
ecdsa-P-521,sign,447,11000204,594002
ecdsa-P-521,sign,448,10997963,593882
ecdsa-P-521,sign,449,10996352,593794
ecdsa-P-521,sign,450,10999686,593974
ecdsa-P-521,sign,451,10997315,593846
ecdsa-P-521,sign,452,10993741,593654
ecdsa-P-521,sign,453,11004519,594234
ecdsa-P-521,sign,454,10997630,593864
ecdsa-P-521,sign,455,10998444,593908
ecdsa-P-521,sign,456,10991871,593553
ecdsa-P-521,sign,457,10999666,593973
ecdsa-P-521,sign,458,10999000,593937
ecdsa-P-521,sign,459,10999278,593952
ecdsa-P-521,sign,460,10986982,593288
ecdsa-P-521,sign,461,10994111,593674
ecdsa-P-521,sign,462,11001296,594061
ecdsa-P-521,sign,463,11004278,594221
ecdsa-P-521,sign,464,10996296,593791
ecdsa-P-521,sign,465,10999870,593985
ecdsa-P-521,sign,466,11005593,594293
ecdsa-P-521,sign,467,11001926,594094
ecdsa-P-521,sign,468,10992722,593599
ecdsa-P-521,sign,469,11002389,594120
ecdsa-P-521,sign,470,11001148,594053
ecdsa-P-521,sign,471,11001444,594069
ecdsa-P-521,sign,472,10994685,593704
ecdsa-P-521,sign,473,10994666,593704
ecdsa-P-521,sign,474,10999259,593952
ecdsa-P-521,sign,475,11003389,594175
ecdsa-P-521,sign,476,10989852,593444
ecdsa-P-521,sign,477,10998703,593923
ecdsa-P-521,sign,478,10999796,593981
ecdsa-P-521,sign,479,10999796,593981
ecdsa-P-521,sign,480,10992944,593611
ecdsa-P-521,sign,481,11011815,594630
ecdsa-P-521,sign,482,11101889,599490
ecdsa-P-521,sign,483,11035185,595891
ecdsa-P-521,sign,484,11005278,594277
ecdsa-P-521,sign,485,10988870,593390
ecdsa-P-521,sign,486,10997371,593849
ecdsa-P-521,sign,487,11008778,594465
ecdsa-P-521,sign,488,11006963,594368
ecdsa-P-521,sign,489,10994019,593668
ecdsa-P-521,sign,490,11000018,593993
ecdsa-P-521,sign,491,11001649,594080
ecdsa-P-521,sign,492,10998074,593887
ecdsa-P-521,sign,493,10993519,593641
ecdsa-P-521,sign,494,11059018,597154
ecdsa-P-521,sign,495,11101074,599439
ecdsa-P-521,sign,496,11044260,596381
ecdsa-P-521,sign,497,11000407,594013
ecdsa-P-521,sign,498,11019444,595026
ecdsa-P-521,sign,499,10997463,593855
ecdsa-P-521,sign,500,10997203,593840
ecdsa-P-521,sign,501,10997407,593852
ecdsa-P-521,sign,502,11010797,594575
ecdsa-P-521,sign,503,11036333,595953
ecdsa-P-521,sign,504,10995629,593755
ecdsa-P-521,sign,505,10991889,593553
ecdsa-P-521,sign,506,11004778,594250
ecdsa-P-521,sign,507,10998129,593890
ecdsa-P-521,sign,508,10997722,593869
ecdsa-P-521,sign,509,11002203,594109
ecdsa-P-521,sign,510,11000259,594006
ecdsa-P-521,sign,511,11000167,594001
ecdsa-P-521,sign,512,11001296,594061
ecdsa-P-521,sign,513,10985222,593193
ecdsa-P-521,sign,514,10999944,593988
ecdsa-P-521,sign,515,11000445,594016
ecdsa-P-521,sign,516,11006537,594344
ecdsa-P-521,sign,517,10996148,593783
ecdsa-P-521,sign,518,10997685,593867
ecdsa-P-521,sign,519,10993037,593616
ecdsa-P-521,sign,520,11009334,594494
ecdsa-P-521,sign,521,10993963,593666
ecdsa-P-521,sign,522,11002278,594114
ecdsa-P-521,sign,523,10999074,593942
ecdsa-P-521,sign,524,11006000,594315
ecdsa-P-521,sign,525,10996741,593815
ecdsa-P-521,sign,526,10995018,593723
ecdsa-P-521,sign,527,11004537,594237
ecdsa-P-521,sign,528,10995778,593764
ecdsa-P-521,sign,529,10991444,593529
ecdsa-P-521,sign,530,11005093,594265
ecdsa-P-521,sign,531,11001481,594072
ecdsa-P-521,sign,532,11009037,594480
ecdsa-P-521,sign,533,10991463,593531
ecdsa-P-521,sign,534,11001241,594058
ecdsa-P-521,sign,535,11000759,594032
ecdsa-P-521,sign,536,11003462,594178
ecdsa-P-521,sign,537,10989223,593410
ecdsa-P-521,sign,538,10999963,593990
ecdsa-P-521,sign,539,10997648,593865
ecdsa-P-521,sign,540,11003186,594163
ecdsa-P-521,sign,541,10994370,593688
ecdsa-P-521,sign,542,10999667,593973
ecdsa-P-521,sign,543,11004852,594253
ecdsa-P-521,sign,544,10999556,593967
ecdsa-P-521,sign,545,10988203,593356
ecdsa-P-521,sign,546,10995186,593732
ecdsa-P-521,sign,547,10996667,593811
ecdsa-P-521,sign,548,11000982,594045
ecdsa-P-521,sign,549,10993611,593646
ecdsa-P-521,sign,550,10992666,593595
ecdsa-P-521,sign,551,10997907,593878
ecdsa-P-521,sign,552,10998889,593931
ecdsa-P-521,sign,553,10993148,593620
ecdsa-P-521,sign,554,11006686,594351
ecdsa-P-521,sign,555,10997629,593862
ecdsa-P-521,sign,556,11002463,594125
ecdsa-P-521,sign,557,10997037,593832
ecdsa-P-521,sign,558,11000352,594011
ecdsa-P-521,sign,559,10999796,593981
ecdsa-P-521,sign,560,10999444,593960
ecdsa-P-521,sign,561,10990056,593453
ecdsa-P-521,sign,562,11004555,594238
ecdsa-P-521,sign,563,10998370,593903
ecdsa-P-521,sign,564,11000500,594019
ecdsa-P-521,sign,565,10992130,593566
ecdsa-P-521,sign,566,11005019,594262
ecdsa-P-521,sign,567,10997963,593882
ecdsa-P-521,sign,568,10999111,593944
ecdsa-P-521,sign,569,10992481,593586
ecdsa-P-521,sign,570,11002426,594123
ecdsa-P-521,sign,571,10999389,593958
ecdsa-P-521,sign,572,11010389,594551
ecdsa-P-521,sign,573,11119259,600430
ecdsa-P-521,sign,574,11018518,594991
ecdsa-P-521,sign,575,11005815,594307
ecdsa-P-521,sign,576,11007500,594396
ecdsa-P-521,sign,577,11013204,594704
ecdsa-P-521,sign,578,11007648,594404
ecdsa-P-521,sign,579,11003240,594167
ecdsa-P-521,sign,580,11008907,594473
ecdsa-P-521,sign,581,11004704,594246
ecdsa-P-521,sign,582,11009574,594508
ecdsa-P-521,sign,583,11003259,594167
ecdsa-P-521,sign,584,11006963,594367
ecdsa-P-521,sign,585,11002870,594145
ecdsa-P-521,sign,586,11005148,594270
ecdsa-P-521,sign,587,11003648,594189
ecdsa-P-521,sign,588,11015500,594827
ecdsa-P-521,sign,589,11006278,594331
ecdsa-P-521,sign,590,11000445,594016
ecdsa-P-521,sign,591,11003537,594183
ecdsa-P-521,sign,592,11012574,594670
ecdsa-P-521,sign,593,11034648,595862
ecdsa-P-521,sign,594,11001333,594064
ecdsa-P-521,sign,595,11012574,594670
ecdsa-P-521,sign,596,11005537,594290
ecdsa-P-521,sign,597,11005093,594267
ecdsa-P-521,sign,598,10996630,593810
ecdsa-P-521,sign,599,11017055,594911
ecdsa-P-521,sign,600,11006908,594365
ecdsa-P-521,sign,601,11008037,594427
ecdsa-P-521,sign,602,11002074,594104
ecdsa-P-521,sign,603,11003352,594172
ecdsa-P-521,sign,604,11005759,594303
ecdsa-P-521,sign,605,11013778,594735
ecdsa-P-521,sign,606,11005222,594274
ecdsa-P-521,sign,607,11007889,594418
ecdsa-P-521,sign,608,11007370,594389
ecdsa-P-521,sign,609,11004944,594258
ecdsa-P-521,sign,610,10997444,593854
ecdsa-P-521,sign,611,11013481,594719
ecdsa-P-521,sign,612,11004334,594225
ecdsa-P-521,sign,613,11009889,594525
ecdsa-P-521,sign,614,10998167,593893
ecdsa-P-521,sign,615,11002723,594139
ecdsa-P-521,sign,616,11010611,594565
ecdsa-P-521,sign,617,11004240,594220
ecdsa-P-521,sign,618,10994555,593698
ecdsa-P-521,sign,619,11009814,594522
ecdsa-P-521,sign,620,11003167,594163
ecdsa-P-521,sign,621,11008500,594451
ecdsa-P-521,sign,622,11007166,594379
ecdsa-P-521,sign,623,10999574,593970
ecdsa-P-521,sign,624,11001130,594053
ecdsa-P-521,sign,625,10997834,593874
ecdsa-P-521,sign,626,10998555,593914
ecdsa-P-521,sign,627,11001833,594091
ecdsa-P-521,sign,628,10994612,593700
ecdsa-P-521,sign,629,11006296,594332
ecdsa-P-521,sign,630,10990537,593481
ecdsa-P-521,sign,631,10993370,593634
ecdsa-P-521,sign,632,11000315,594008
ecdsa-P-521,sign,633,11004982,594260
ecdsa-P-521,sign,634,10994389,593689
ecdsa-P-521,sign,635,10997778,593872
ecdsa-P-521,sign,636,11003074,594157
ecdsa-P-521,sign,637,10999333,593955
ecdsa-P-521,sign,638,10990055,593454
ecdsa-P-521,sign,639,11000611,594025
ecdsa-P-521,sign,640,10997407,593851
ecdsa-P-521,sign,641,10991500,593532
ecdsa-P-521,sign,642,10987611,593322
ecdsa-P-521,sign,643,11006889,594364
ecdsa-P-521,sign,644,11006444,594339
ecdsa-P-521,sign,645,11008352,594444
ecdsa-P-521,sign,646,10995185,593731
ecdsa-P-521,sign,647,11000389,594013
ecdsa-P-521,sign,648,11003074,594157
ecdsa-P-521,sign,649,11002723,594139
ecdsa-P-521,sign,650,10994296,593684
ecdsa-P-521,sign,651,10997019,593830
ecdsa-P-521,sign,652,10994852,593713
ecdsa-P-521,sign,653,10999333,593955
ecdsa-P-521,sign,654,10991629,593540
ecdsa-P-521,sign,655,10997185,593839
ecdsa-P-521,sign,656,11007926,594418
ecdsa-P-521,sign,657,10998481,593911
ecdsa-P-521,sign,658,10992981,593613
ecdsa-P-521,sign,659,10995055,593724
ecdsa-P-521,sign,660,10996259,593789
ecdsa-P-521,sign,661,11004148,594215
ecdsa-P-521,sign,662,10993407,593635
ecdsa-P-521,sign,663,11006796,594359
ecdsa-P-521,sign,664,11095630,599152
ecdsa-P-521,sign,665,11003871,594201
ecdsa-P-521,sign,666,10995018,593724
ecdsa-P-521,sign,667,11008334,594440
ecdsa-P-521,sign,668,10999463,593964
ecdsa-P-521,sign,669,10993296,593629
ecdsa-P-521,sign,670,10995000,593722
ecdsa-P-521,sign,671,11001315,594062
ecdsa-P-521,sign,672,11000630,594025
ecdsa-P-521,sign,673,10997907,593877
ecdsa-P-521,sign,674,11001130,594053
ecdsa-P-521,sign,675,11000167,594001
ecdsa-P-521,sign,676,10994574,593698
ecdsa-P-521,sign,677,11003019,594154
ecdsa-P-521,sign,678,11017759,594950
ecdsa-P-521,sign,679,11001537,594075
ecdsa-P-521,sign,680,10998518,593911
ecdsa-P-521,sign,681,11001833,594091
ecdsa-P-521,sign,682,10988519,593371
ecdsa-P-521,sign,683,10997334,593847
ecdsa-P-521,sign,684,11000611,594025
ecdsa-P-521,sign,685,11000130,593998
ecdsa-P-521,sign,686,10989333,593416
ecdsa-P-521,sign,687,10998944,593935
ecdsa-P-521,sign,688,11002297,594115
ecdsa-P-521,sign,689,11003185,594162
ecdsa-P-521,sign,690,10990463,593476
ecdsa-P-521,sign,691,11003575,594186
ecdsa-P-521,sign,692,10994722,593707
ecdsa-P-521,sign,693,10995074,593726
ecdsa-P-521,sign,694,10986963,593287
ecdsa-P-521,sign,695,10999186,593947
ecdsa-P-521,sign,696,11000370,594011
ecdsa-P-521,sign,697,11001796,594088
ecdsa-P-521,sign,698,10995277,593737
ecdsa-P-521,sign,699,10999297,593954
ecdsa-P-521,sign,700,10999222,593949
ecdsa-P-521,sign,701,11004797,594249
ecdsa-P-521,sign,702,10997074,593833
ecdsa-P-521,sign,703,10993556,593644
ecdsa-P-521,sign,704,10998889,593932
ecdsa-P-521,sign,705,10998426,593905
ecdsa-P-521,sign,706,10996111,593781
ecdsa-P-521,sign,707,10994333,593686
ecdsa-P-521,sign,708,11008797,594467
ecdsa-P-521,sign,709,11000852,594038
ecdsa-P-521,sign,710,10987037,593291
ecdsa-P-521,sign,711,10994167,593677
ecdsa-P-521,sign,712,11007037,594371
ecdsa-P-521,sign,713,11003704,594192
ecdsa-P-521,sign,714,10991296,593521
ecdsa-P-521,sign,715,11005592,594294
ecdsa-P-521,sign,716,11022260,595193
ecdsa-P-521,sign,717,11006760,594356
ecdsa-P-521,sign,718,10994241,593680
ecdsa-P-521,sign,719,10993593,593645
ecdsa-P-521,sign,720,11001760,594086
ecdsa-P-521,sign,721,10999593,593969
ecdsa-P-521,sign,722,10989760,593439
ecdsa-P-521,sign,723,11001518,594073
ecdsa-P-521,sign,724,10994333,593686
ecdsa-P-521,sign,725,10994649,593704
ecdsa-P-521,sign,726,10991407,593528
ecdsa-P-521,sign,727,10992944,593610
ecdsa-P-521,sign,728,10997352,593848
ecdsa-P-521,sign,729,11003314,594170
ecdsa-P-521,sign,730,10993908,593662
ecdsa-P-521,sign,731,11001130,594052
ecdsa-P-521,sign,732,11002500,594127
ecdsa-P-521,sign,733,11000056,593995
ecdsa-P-521,sign,734,10993333,593632
ecdsa-P-521,sign,735,11010371,594552
ecdsa-P-521,sign,736,10997889,593878
ecdsa-P-521,sign,737,10995426,593745
ecdsa-P-521,sign,738,10994574,593698
ecdsa-P-521,sign,739,11004389,594229
ecdsa-P-521,sign,740,11077315,598164
ecdsa-P-521,sign,741,11054907,596949
ecdsa-P-521,sign,742,11014629,594782
ecdsa-P-521,sign,743,10991241,593519
ecdsa-P-521,sign,744,11003834,594198
ecdsa-P-521,sign,745,11003148,594161
ecdsa-P-521,sign,746,11011889,594633
ecdsa-P-521,sign,747,10997241,593843
ecdsa-P-521,sign,748,11025259,595356
ecdsa-P-521,sign,749,10995852,593768
ecdsa-P-521,sign,750,10994407,593690
ecdsa-P-521,sign,751,10989537,593427
ecdsa-P-521,sign,752,10999685,593974
ecdsa-P-521,sign,753,11001815,594090
ecdsa-P-521,sign,754,11006945,594367
ecdsa-P-521,sign,755,11095760,599159
ecdsa-P-521,sign,756,11003630,594188
ecdsa-P-521,sign,757,11007167,594377
ecdsa-P-521,sign,758,11005500,594289
ecdsa-P-521,sign,759,10989685,593435
ecdsa-P-521,sign,760,11005148,594270
ecdsa-P-521,sign,761,11005537,594290
ecdsa-P-521,sign,762,11003593,594186
ecdsa-P-521,sign,763,10996055,593778
ecdsa-P-521,sign,764,11003481,594180
ecdsa-P-521,sign,765,11002241,594113
ecdsa-P-521,sign,766,11001129,594053
ecdsa-P-521,sign,767,10992648,593593
ecdsa-P-521,sign,768,11010018,594531
ecdsa-P-521,sign,769,10994685,593704
ecdsa-P-521,sign,770,11000222,594004
ecdsa-P-521,sign,771,10994333,593686
ecdsa-P-521,sign,772,11005297,594278
ecdsa-P-521,sign,773,10996778,593818
ecdsa-P-521,sign,774,11001871,594092
ecdsa-P-521,sign,775,10991648,593541
ecdsa-P-521,sign,776,10993130,593620
ecdsa-P-521,sign,777,10995833,593767
ecdsa-P-521,sign,778,11002092,594105
ecdsa-P-521,sign,779,10995796,593764
ecdsa-P-521,sign,780,11001963,594098
ecdsa-P-521,sign,781,10998148,593891
ecdsa-P-521,sign,782,11000463,594016
ecdsa-P-521,sign,783,10997796,593873
ecdsa-P-521,sign,784,10996222,593787
ecdsa-P-521,sign,785,10998963,593935
ecdsa-P-521,sign,786,11006982,594368
ecdsa-P-521,sign,787,10996629,593810
ecdsa-P-521,sign,788,11000833,594037
ecdsa-P-521,sign,789,10995722,593760
ecdsa-P-521,sign,790,10999222,593950
ecdsa-P-521,sign,791,10994778,593709
ecdsa-P-521,sign,792,10996185,593787
ecdsa-P-521,sign,793,11001833,594090
ecdsa-P-521,sign,794,11000740,594032
ecdsa-P-521,sign,795,10992796,593603
ecdsa-P-521,sign,796,10999703,593976
ecdsa-P-521,sign,797,11001037,594047
ecdsa-P-521,sign,798,10995908,593771
ecdsa-P-521,sign,799,10994371,593688
ecdsa-P-521,sign,800,11002389,594121
ecdsa-P-521,sign,801,10999352,593956
ecdsa-P-521,sign,802,11006944,594360
ecdsa-P-521,sign,803,10992982,593613
ecdsa-P-521,sign,804,10993352,593632
ecdsa-P-521,sign,805,10998982,593937
ecdsa-P-521,sign,806,10995444,593746
ecdsa-P-521,sign,807,10993796,593655
ecdsa-P-521,sign,808,10994371,593687
ecdsa-P-521,sign,809,11009648,594510
ecdsa-P-521,sign,810,10999037,593939
ecdsa-P-521,sign,811,10989500,593424
ecdsa-P-521,sign,812,10998092,593889
ecdsa-P-521,sign,813,11002074,594103
ecdsa-P-521,sign,814,10998759,593925
ecdsa-P-521,sign,815,10987870,593337
ecdsa-P-521,sign,816,10998926,593934
ecdsa-P-521,sign,817,10997777,593871
ecdsa-P-521,sign,818,11002574,594131
ecdsa-P-521,sign,819,10992074,593563
ecdsa-P-521,sign,820,10996148,593783
ecdsa-P-521,sign,821,10997760,593870
ecdsa-P-521,sign,822,11004038,594209
ecdsa-P-521,sign,823,10990574,593481
ecdsa-P-521,sign,824,10991944,593556
ecdsa-P-521,sign,825,11002093,594103
ecdsa-P-521,sign,826,11003592,594185
ecdsa-P-521,sign,827,10994685,593705
ecdsa-P-521,sign,828,10994092,593673
ecdsa-P-521,sign,829,11000314,594008
ecdsa-P-521,sign,830,10997186,593839
ecdsa-P-521,sign,831,10994055,593671
ecdsa-P-521,sign,832,11002722,594139
ecdsa-P-521,sign,833,11000889,594039
ecdsa-P-521,sign,834,11005389,594283
ecdsa-P-521,sign,835,10990926,593501
ecdsa-P-521,sign,836,11004852,594252
ecdsa-P-521,sign,837,10997130,593836
ecdsa-P-521,sign,838,11005463,594286
ecdsa-P-521,sign,839,10990593,593483
ecdsa-P-521,sign,840,10994056,593671
ecdsa-P-521,sign,841,11000463,594016
ecdsa-P-521,sign,842,11000019,593992
ecdsa-P-521,sign,843,10987297,593306
ecdsa-P-521,sign,844,10996945,593826
ecdsa-P-521,sign,845,11005685,594299
ecdsa-P-521,sign,846,11080260,598323
ecdsa-P-521,sign,847,10999500,593963
ecdsa-P-521,sign,848,10998907,593934
ecdsa-P-521,sign,849,10998296,593899
ecdsa-P-521,sign,850,11001760,594087
ecdsa-P-521,sign,851,10997352,593849
ecdsa-P-521,sign,852,11000648,594026
ecdsa-P-521,sign,853,10994482,593693
ecdsa-P-521,sign,854,10995500,593749
ecdsa-P-521,sign,855,10997722,593862
ecdsa-P-521,sign,856,11013463,594716
ecdsa-P-521,sign,857,11003093,594157
ecdsa-P-521,sign,858,11006871,594362
ecdsa-P-521,sign,859,10991834,593550
ecdsa-P-521,sign,860,11006444,594339
ecdsa-P-521,sign,861,11001852,594091
ecdsa-P-521,sign,862,10996074,593780
ecdsa-P-521,sign,863,10993074,593618
ecdsa-P-521,sign,864,11003852,594199
ecdsa-P-521,sign,865,10998667,593919
ecdsa-P-521,sign,866,11003389,594175
ecdsa-P-521,sign,867,11024481,595303
ecdsa-P-521,sign,868,11001037,594047
ecdsa-P-521,sign,869,11002685,594138
ecdsa-P-521,sign,870,10998019,593884
ecdsa-P-521,sign,871,10991815,593550
ecdsa-P-521,sign,872,10999611,593970
ecdsa-P-521,sign,873,10997871,593876
ecdsa-P-521,sign,874,10995611,593754
ecdsa-P-521,sign,875,10997129,593837
ecdsa-P-521,sign,876,10996278,593790
ecdsa-P-521,sign,877,11000278,594007
ecdsa-P-521,sign,878,11146796,601906
ecdsa-P-521,sign,879,11075815,598080
ecdsa-P-521,sign,880,11013796,594735
ecdsa-P-521,sign,881,11015185,594811
ecdsa-P-521,sign,882,11010629,594565
ecdsa-P-521,sign,883,11012074,594643
ecdsa-P-521,sign,884,10995333,593740
ecdsa-P-521,sign,885,11006889,594364
ecdsa-P-521,sign,886,11003907,594203
ecdsa-P-521,sign,887,11010278,594547
ecdsa-P-521,sign,888,11005111,594267
ecdsa-P-521,sign,889,11005092,594267
ecdsa-P-521,sign,890,11007982,594422
ecdsa-P-521,sign,891,11002055,594103
ecdsa-P-521,sign,892,11013018,594694
ecdsa-P-521,sign,893,11003759,594194
ecdsa-P-521,sign,894,11002297,594116
ecdsa-P-521,sign,895,11006611,594349
ecdsa-P-521,sign,896,10997907,593879
ecdsa-P-521,sign,897,11006815,594358
ecdsa-P-521,sign,898,11005926,594312
ecdsa-P-521,sign,899,11008278,594438
ecdsa-P-521,sign,900,11003982,594206
ecdsa-P-521,sign,901,11008926,594474
ecdsa-P-521,sign,902,11007425,594391
ecdsa-P-521,sign,903,11013204,594704
ecdsa-P-521,sign,904,10996241,593789
ecdsa-P-521,sign,905,11006870,594363
ecdsa-P-521,sign,906,11005185,594271
ecdsa-P-521,sign,907,11007870,594416
ecdsa-P-521,sign,908,10999240,593951
ecdsa-P-521,sign,909,11000074,593995
ecdsa-P-521,sign,910,11007315,594387
ecdsa-P-521,sign,911,11009630,594512
ecdsa-P-521,sign,912,11004870,594255
ecdsa-P-521,sign,913,11004519,594235
ecdsa-P-521,sign,914,11007592,594402
ecdsa-P-521,sign,915,11015222,594814
ecdsa-P-521,sign,916,10998093,593889
ecdsa-P-521,sign,917,11005018,594263
ecdsa-P-521,sign,918,11001408,594068
ecdsa-P-521,sign,919,11008815,594468
ecdsa-P-521,sign,920,11004278,594222
ecdsa-P-521,sign,921,11008500,594450
ecdsa-P-521,sign,922,11002259,594114
ecdsa-P-521,sign,923,11015704,594839
ecdsa-P-521,sign,924,10997333,593847
ecdsa-P-521,sign,925,11004371,594227
ecdsa-P-521,sign,926,11007278,594385
ecdsa-P-521,sign,927,11006759,594356
ecdsa-P-521,sign,928,11002445,594123
ecdsa-P-521,sign,929,11004982,594260
ecdsa-P-521,sign,930,11007315,594386
ecdsa-P-521,sign,931,11002814,594143
ecdsa-P-521,sign,932,10996889,593823
ecdsa-P-521,sign,933,11003519,594182
ecdsa-P-521,sign,934,11003871,594201
ecdsa-P-521,sign,935,11015759,594842
ecdsa-P-521,sign,936,10997426,593853
ecdsa-P-521,sign,937,11125482,600765
ecdsa-P-521,sign,938,11015093,594807
ecdsa-P-521,sign,939,11004056,594212
ecdsa-P-521,sign,940,11008907,594473
ecdsa-P-521,sign,941,11005963,594314
ecdsa-P-521,sign,942,11008593,594456
ecdsa-P-521,sign,943,11010370,594551
ecdsa-P-521,sign,944,11003926,594203
ecdsa-P-521,sign,945,11010870,594580
ecdsa-P-521,sign,946,11004611,594240
ecdsa-P-521,sign,947,11005612,594295
ecdsa-P-521,sign,948,11023667,595269
ecdsa-P-521,sign,949,11017333,594928
ecdsa-P-521,sign,950,11010333,594551
ecdsa-P-521,sign,951,11004037,594209
ecdsa-P-521,sign,952,11005445,594285
ecdsa-P-521,sign,953,10998648,593918
ecdsa-P-521,sign,954,11010037,594533
ecdsa-P-521,sign,955,11004611,594241
ecdsa-P-521,sign,956,11008500,594450
ecdsa-P-521,sign,957,11022277,595194
ecdsa-P-521,sign,958,11005370,594282
ecdsa-P-521,sign,959,11010926,594582
ecdsa-P-521,sign,960,11015537,594830
ecdsa-P-521,sign,961,11011666,594623
ecdsa-P-521,sign,962,11005315,594279
ecdsa-P-521,sign,963,11006000,594316
ecdsa-P-521,sign,964,11005704,594299
ecdsa-P-521,sign,965,10999278,593953
ecdsa-P-521,sign,966,11007130,594376
ecdsa-P-521,sign,967,11004759,594248
ecdsa-P-521,sign,968,11008574,594448
ecdsa-P-521,sign,969,10999167,593946
ecdsa-P-521,sign,970,11010648,594566
ecdsa-P-521,sign,971,11012296,594654
ecdsa-P-521,sign,972,11007630,594403
ecdsa-P-521,sign,973,11001871,594092
ecdsa-P-521,sign,974,11003555,594184
ecdsa-P-521,sign,975,11003389,594174
ecdsa-P-521,sign,976,11005704,594299
ecdsa-P-521,sign,977,11003389,594174
ecdsa-P-521,sign,978,11009649,594513
ecdsa-P-521,sign,979,11009111,594483
ecdsa-P-521,sign,980,11007389,594391
ecdsa-P-521,sign,981,10994537,593697
ecdsa-P-521,sign,982,11010593,594562
ecdsa-P-521,sign,983,11009186,594487
ecdsa-P-521,sign,984,11010518,594560
ecdsa-P-521,sign,985,11004981,594260
ecdsa-P-521,sign,986,11007666,594406
ecdsa-P-521,sign,987,11004389,594229
ecdsa-P-521,sign,988,11007815,594414
ecdsa-P-521,sign,989,11000704,594029
ecdsa-P-521,sign,990,10998926,593934
ecdsa-P-521,sign,991,11006445,594339
ecdsa-P-521,sign,992,11007408,594391
ecdsa-P-521,sign,993,11002463,594125
ecdsa-P-521,sign,994,11011129,594592
ecdsa-P-521,sign,995,11006741,594355
ecdsa-P-521,sign,996,11007833,594415
ecdsa-P-521,sign,997,10996815,593820
ecdsa-P-521,sign,998,11008241,594436
ecdsa-P-521,sign,999,11008926,594473
ecdsa-P-521,verify,0,8335000,450079
ecdsa-P-521,verify,1,8334148,450033
ecdsa-P-521,verify,2,8324870,449533
ecdsa-P-521,verify,3,8329741,449797
ecdsa-P-521,verify,4,8334667,450062
ecdsa-P-521,verify,5,8327685,449685
ecdsa-P-521,verify,6,8323555,449463
ecdsa-P-521,verify,7,8330315,449827
ecdsa-P-521,verify,8,8327870,449696
ecdsa-P-521,verify,9,8321519,449352
ecdsa-P-521,verify,10,8319277,449231
ecdsa-P-521,verify,11,8313203,448903
ecdsa-P-521,verify,12,8366981,451808
ecdsa-P-521,verify,13,8324500,449513
ecdsa-P-521,verify,14,8319166,449225
ecdsa-P-521,verify,15,8325500,449566
ecdsa-P-521,verify,16,8341926,450454
ecdsa-P-521,verify,17,8325000,449542
ecdsa-P-521,verify,18,8319537,449246
ecdsa-P-521,verify,19,8330389,449830
ecdsa-P-521,verify,20,8327778,449691
ecdsa-P-521,verify,21,8325537,449568
ecdsa-P-521,verify,22,8325352,449558
ecdsa-P-521,verify,23,8315648,449036
ecdsa-P-521,verify,24,8330741,449850
ecdsa-P-521,verify,25,8323741,449472
ecdsa-P-521,verify,26,8324945,449530
ecdsa-P-521,verify,27,8331852,449910
ecdsa-P-521,verify,28,8338574,450273
ecdsa-P-521,verify,29,8329055,449759
ecdsa-P-521,verify,30,8324556,449517
ecdsa-P-521,verify,31,8329111,449761
ecdsa-P-521,verify,32,8324778,449528
ecdsa-P-521,verify,33,8325352,449558
ecdsa-P-521,verify,34,8318277,449177
ecdsa-P-521,verify,35,8330815,449854
ecdsa-P-521,verify,36,8317444,449132
ecdsa-P-521,verify,37,8327074,449652
ecdsa-P-521,verify,38,8326519,449622
ecdsa-P-521,verify,39,8342018,450458
ecdsa-P-521,verify,40,8332463,449944
ecdsa-P-521,verify,41,8329074,449761
ecdsa-P-521,verify,42,8317185,449118
ecdsa-P-521,verify,43,8324204,449497
ecdsa-P-521,verify,44,8321519,449352
ecdsa-P-521,verify,45,8324259,449500
ecdsa-P-521,verify,46,8324018,449486
ecdsa-P-521,verify,47,8326722,449634
ecdsa-P-521,verify,48,8334408,450048
ecdsa-P-521,verify,49,8329926,449806
ecdsa-P-521,verify,50,8317500,449136
ecdsa-P-521,verify,51,8318130,449168
ecdsa-P-521,verify,52,8330870,449856
ecdsa-P-521,verify,53,8325722,449580
ecdsa-P-521,verify,54,8323445,449456
ecdsa-P-521,verify,55,8326907,449644
ecdsa-P-521,verify,56,8319204,449228
ecdsa-P-521,verify,57,8344796,450609
ecdsa-P-521,verify,58,8322982,449430
ecdsa-P-521,verify,59,8322148,449386
ecdsa-P-521,verify,60,8325167,449548
ecdsa-P-521,verify,61,8332611,449950
ecdsa-P-521,verify,62,8334148,450034
ecdsa-P-521,verify,63,8328926,449753
ecdsa-P-521,verify,64,8333185,449982
ecdsa-P-521,verify,65,8323574,449463
ecdsa-P-521,verify,66,8326111,449601
ecdsa-P-521,verify,67,8343037,450514
ecdsa-P-521,verify,68,8327019,449649
ecdsa-P-521,verify,69,8321797,449367
ecdsa-P-521,verify,70,8326852,449641
ecdsa-P-521,verify,71,8330574,449841
ecdsa-P-521,verify,72,8327204,449659
ecdsa-P-521,verify,73,8328704,449741
ecdsa-P-521,verify,74,8322371,449397
ecdsa-P-521,verify,75,8327315,449665
ecdsa-P-521,verify,76,8341204,450415
ecdsa-P-521,verify,77,8324463,449513
ecdsa-P-521,verify,78,8322407,449400
ecdsa-P-521,verify,79,8323371,449452
ecdsa-P-521,verify,80,8324167,449495
ecdsa-P-521,verify,81,8326907,449642
ecdsa-P-521,verify,82,8329611,449789
ecdsa-P-521,verify,83,8331797,449907
ecdsa-P-521,verify,84,8323556,449462
ecdsa-P-521,verify,85,8321574,449355
ecdsa-P-521,verify,86,8325389,449560
ecdsa-P-521,verify,87,8318666,449197
ecdsa-P-521,verify,88,8337463,450212
ecdsa-P-521,verify,89,8320685,449308
ecdsa-P-521,verify,90,8334203,450037
ecdsa-P-521,verify,91,8320945,449322
ecdsa-P-521,verify,92,8319889,449264
ecdsa-P-521,verify,93,8326315,449611
ecdsa-P-521,verify,94,8322166,449387
ecdsa-P-521,verify,95,8322370,449399
ecdsa-P-521,verify,96,8321185,449333
ecdsa-P-521,verify,97,8329593,449787
ecdsa-P-521,verify,98,8328797,449746
ecdsa-P-521,verify,99,8326203,449605
ecdsa-P-521,verify,100,8334260,450041
ecdsa-P-521,verify,101,8326944,449646
ecdsa-P-521,verify,102,8333889,450021
ecdsa-P-521,verify,103,8358296,451338
ecdsa-P-521,verify,104,8325482,449565
ecdsa-P-521,verify,105,8334796,450068
ecdsa-P-521,verify,106,8424500,454905
ecdsa-P-521,verify,107,8331130,449873
ecdsa-P-521,verify,108,8330667,449847
ecdsa-P-521,verify,109,8328130,449709
ecdsa-P-521,verify,110,8323759,449472
ecdsa-P-521,verify,111,8342000,450459
ecdsa-P-521,verify,112,8345352,450640
ecdsa-P-521,verify,113,8348000,450781
ecdsa-P-521,verify,114,8324315,449503
ecdsa-P-521,verify,115,8329408,449778
ecdsa-P-521,verify,116,8325129,449547
ecdsa-P-521,verify,117,8323092,449437
ecdsa-P-521,verify,118,8323630,449465
ecdsa-P-521,verify,119,8320630,449305
ecdsa-P-521,verify,120,8341296,450420
ecdsa-P-521,verify,121,8320963,449321
ecdsa-P-521,verify,122,8322204,449389
ecdsa-P-521,verify,123,8325482,449567
ecdsa-P-521,verify,124,8330963,449862
ecdsa-P-521,verify,125,8346944,450716
ecdsa-P-521,verify,126,8336445,450159
ecdsa-P-521,verify,127,8331185,449875
ecdsa-P-521,verify,128,8316759,449094
ecdsa-P-521,verify,129,8329944,449808
ecdsa-P-521,verify,130,8329630,449790
ecdsa-P-521,verify,131,8327408,449671
ecdsa-P-521,verify,132,8325296,449556
ecdsa-P-521,verify,133,8324333,449505
ecdsa-P-521,verify,134,8326352,449613
ecdsa-P-521,verify,135,8364574,451678
ecdsa-P-521,verify,136,8321482,449350
ecdsa-P-521,verify,137,8325759,449582
ecdsa-P-521,verify,138,8320370,449290
ecdsa-P-521,verify,139,8333889,450021
ecdsa-P-521,verify,140,8322185,449388
ecdsa-P-521,verify,141,8324963,449539
ecdsa-P-521,verify,142,8331185,449875
ecdsa-P-521,verify,143,8319111,449221
ecdsa-P-521,verify,144,8320945,449322
ecdsa-P-521,verify,145,8329092,449760
ecdsa-P-521,verify,146,8328334,449721
ecdsa-P-521,verify,147,8352000,450997
ecdsa-P-521,verify,148,8331778,449905
ecdsa-P-521,verify,149,8326888,449641
ecdsa-P-521,verify,150,8328648,449736
ecdsa-P-521,verify,151,8326407,449617
ecdsa-P-521,verify,152,8324000,449486
ecdsa-P-521,verify,153,8325963,449592
ecdsa-P-521,verify,154,8327352,449668
ecdsa-P-521,verify,155,8329982,449809
ecdsa-P-521,verify,156,8334777,450069
ecdsa-P-521,verify,157,8330667,449845
ecdsa-P-521,verify,158,8329093,449762
ecdsa-P-521,verify,159,8331759,449904
ecdsa-P-521,verify,160,8320889,449317
ecdsa-P-521,verify,161,8327315,449665
ecdsa-P-521,verify,162,8324889,449535
ecdsa-P-521,verify,163,8316759,449096
ecdsa-P-521,verify,164,8325649,449577
ecdsa-P-521,verify,165,8337370,450208
ecdsa-P-521,verify,166,8319907,449267
ecdsa-P-521,verify,167,8328649,449737
ecdsa-P-521,verify,168,8322685,449414
ecdsa-P-521,verify,169,8325482,449566
ecdsa-P-521,verify,170,8319407,449238
ecdsa-P-521,verify,171,8339000,450297
ecdsa-P-521,verify,172,8326000,449594
ecdsa-P-521,verify,173,8324889,449535
ecdsa-P-521,verify,174,8313037,448893
ecdsa-P-521,verify,175,8320926,449320
ecdsa-P-521,verify,176,8321500,449352
ecdsa-P-521,verify,177,8316500,449082
ecdsa-P-521,verify,178,8326982,449647
ecdsa-P-521,verify,179,8324407,449509
ecdsa-P-521,verify,180,8332519,449946
ecdsa-P-521,verify,181,8333000,449972
ecdsa-P-521,verify,182,8329926,449807
ecdsa-P-521,verify,183,8323056,449435
ecdsa-P-521,verify,184,8339519,450324
ecdsa-P-521,verify,185,8327796,449691
ecdsa-P-521,verify,186,8320408,449291
ecdsa-P-521,verify,187,8325333,449558
ecdsa-P-521,verify,188,8319130,449222
ecdsa-P-521,verify,189,8326740,449633
ecdsa-P-521,verify,190,8328797,449745
ecdsa-P-521,verify,191,8322408,449400
ecdsa-P-521,verify,192,8339537,450324
ecdsa-P-521,verify,193,8356426,451237
ecdsa-P-521,verify,194,8333426,449995
ecdsa-P-521,verify,195,8333537,450002
ecdsa-P-521,verify,196,8337222,450201
ecdsa-P-521,verify,197,8324148,449494
ecdsa-P-521,verify,198,8320093,449274
ecdsa-P-521,verify,199,8325426,449563
ecdsa-P-521,verify,200,8333223,449984
ecdsa-P-521,verify,201,8323352,449450
ecdsa-P-521,verify,202,8335815,450123
ecdsa-P-521,verify,203,8328203,449712
ecdsa-P-521,verify,204,8326945,449644
ecdsa-P-521,verify,205,8335611,450112
ecdsa-P-521,verify,206,8326204,449606
ecdsa-P-521,verify,207,8441926,455854
ecdsa-P-521,verify,208,8354371,451128
ecdsa-P-521,verify,209,8416408,454477
ecdsa-P-521,verify,210,8348500,450809
ecdsa-P-521,verify,211,8339704,450334
ecdsa-P-521,verify,212,8347037,450730
ecdsa-P-521,verify,213,8340056,450354
ecdsa-P-521,verify,214,8340425,450373
ecdsa-P-521,verify,215,8344982,450620
ecdsa-P-521,verify,216,8339389,450318
ecdsa-P-521,verify,217,8338815,450286
ecdsa-P-521,verify,218,8347593,450761
ecdsa-P-521,verify,219,8403889,453799
ecdsa-P-521,verify,220,8343926,450563
ecdsa-P-521,verify,221,8335130,450087
ecdsa-P-521,verify,222,8340537,450378
ecdsa-P-521,verify,223,8340797,450393
ecdsa-P-521,verify,224,8348204,450793
ecdsa-P-521,verify,225,8337723,450229
ecdsa-P-521,verify,226,8443296,455927
ecdsa-P-521,verify,227,8344611,450599
ecdsa-P-521,verify,228,8330203,449822
ecdsa-P-521,verify,229,8325481,449566
ecdsa-P-521,verify,230,8339648,450330
ecdsa-P-521,verify,231,8324871,449533
ecdsa-P-521,verify,232,8345685,450657
ecdsa-P-521,verify,233,8326463,449620
ecdsa-P-521,verify,234,8329018,449756
ecdsa-P-521,verify,235,8318315,449180
ecdsa-P-521,verify,236,8319130,449224
ecdsa-P-521,verify,237,8350722,450928
ecdsa-P-521,verify,238,8330778,449853
ecdsa-P-521,verify,239,8333963,450024
ecdsa-P-521,verify,240,8326925,449644
ecdsa-P-521,verify,241,8320074,449275
ecdsa-P-521,verify,242,8340834,450395
ecdsa-P-521,verify,243,8321611,449356
ecdsa-P-521,verify,244,8320981,449323
ecdsa-P-521,verify,245,8326315,449611
ecdsa-P-521,verify,246,8315889,449048
ecdsa-P-521,verify,247,8319408,449237
ecdsa-P-521,verify,248,8321982,449377
ecdsa-P-521,verify,249,8327649,449683
ecdsa-P-521,verify,250,8323425,449456
ecdsa-P-521,verify,251,8336260,450148
ecdsa-P-521,verify,252,8328352,449721
ecdsa-P-521,verify,253,8318611,449196
ecdsa-P-521,verify,254,8379518,452485
ecdsa-P-521,verify,255,8351537,450974
ecdsa-P-521,verify,256,8333778,450014
ecdsa-P-521,verify,257,8335852,450127
ecdsa-P-521,verify,258,8335519,450108
ecdsa-P-521,verify,259,8335556,450110
ecdsa-P-521,verify,260,8335852,450125
ecdsa-P-521,verify,261,8332204,449930
ecdsa-P-521,verify,262,8345388,450642
ecdsa-P-521,verify,263,8337723,450227
ecdsa-P-521,verify,264,8333685,450009
ecdsa-P-521,verify,265,8348741,450821
ecdsa-P-521,verify,266,8341963,450455
ecdsa-P-521,verify,267,8350148,450897
ecdsa-P-521,verify,268,8343686,450549
ecdsa-P-521,verify,269,8348186,450792
ecdsa-P-521,verify,270,8335037,450083
ecdsa-P-521,verify,271,8341926,450453
ecdsa-P-521,verify,272,8346574,450705
ecdsa-P-521,verify,273,8347537,450757
ecdsa-P-521,verify,274,8334463,450052
ecdsa-P-521,verify,275,8335500,450106
ecdsa-P-521,verify,276,8331204,449875
ecdsa-P-521,verify,277,8345945,450672
ecdsa-P-521,verify,278,8329722,449795
ecdsa-P-521,verify,279,8334519,450055
ecdsa-P-521,verify,280,8333333,449991
ecdsa-P-521,verify,281,8332334,449935
ecdsa-P-521,verify,282,8361167,451492
ecdsa-P-521,verify,283,8333574,450003
ecdsa-P-521,verify,284,8346018,450676
ecdsa-P-521,verify,285,8330649,449845
ecdsa-P-521,verify,286,8322870,449425
ecdsa-P-521,verify,287,8324426,449508
ecdsa-P-521,verify,288,8344629,450600
ecdsa-P-521,verify,289,8327686,449686
ecdsa-P-521,verify,290,8324074,449489
ecdsa-P-521,verify,291,8324129,449492
ecdsa-P-521,verify,292,8321537,449352
ecdsa-P-521,verify,293,8320000,449270
ecdsa-P-521,verify,294,8321149,449333
ecdsa-P-521,verify,295,8323556,449461
ecdsa-P-521,verify,296,8319630,449250
ecdsa-P-521,verify,297,8319722,449256
ecdsa-P-521,verify,298,8329629,449791
ecdsa-P-521,verify,299,8351074,450949
ecdsa-P-521,verify,300,8330204,449821
ecdsa-P-521,verify,301,8333722,450011
ecdsa-P-521,verify,302,8326000,449594
ecdsa-P-521,verify,303,8320944,449322
ecdsa-P-521,verify,304,8323519,449460
ecdsa-P-521,verify,305,8326926,449643
ecdsa-P-521,verify,306,8320093,449276
ecdsa-P-521,verify,307,8321167,449333
ecdsa-P-521,verify,308,8329889,449804
ecdsa-P-521,verify,309,8332944,449969
ecdsa-P-521,verify,310,8323074,449435
ecdsa-P-521,verify,311,8328796,449746
ecdsa-P-521,verify,312,8317019,449110
ecdsa-P-521,verify,313,8340741,450390
ecdsa-P-521,verify,314,8327593,449679
ecdsa-P-521,verify,315,8318889,449210
ecdsa-P-521,verify,316,8316630,449089
ecdsa-P-521,verify,317,8322092,449383
ecdsa-P-521,verify,318,8327815,449692
ecdsa-P-521,verify,319,8339500,450323
ecdsa-P-521,verify,320,8325148,449549
ecdsa-P-521,verify,321,8321130,449331
ecdsa-P-521,verify,322,8326648,449629
ecdsa-P-521,verify,323,8328685,449739
ecdsa-P-521,verify,324,8322018,449379
ecdsa-P-521,verify,325,8337074,450192
ecdsa-P-521,verify,326,8327649,449683
ecdsa-P-521,verify,327,8342407,450480
ecdsa-P-521,verify,328,8336204,450145
ecdsa-P-521,verify,329,8318982,449215
ecdsa-P-521,verify,330,8327185,449659
ecdsa-P-521,verify,331,8318445,449188
ecdsa-P-521,verify,332,8326167,449603
ecdsa-P-521,verify,333,8326945,449645
ecdsa-P-521,verify,334,8324333,449503
ecdsa-P-521,verify,335,8336834,450180
ecdsa-P-521,verify,336,8326648,449629
ecdsa-P-521,verify,337,8358204,451334
ecdsa-P-521,verify,338,8323500,449460
ecdsa-P-521,verify,339,8321833,449369
ecdsa-P-521,verify,340,8324574,449518
ecdsa-P-521,verify,341,8317352,449126
ecdsa-P-521,verify,342,8328667,449738
ecdsa-P-521,verify,343,8335241,450094
ecdsa-P-521,verify,344,8331111,449872
ecdsa-P-521,verify,345,8339555,450327
ecdsa-P-521,verify,346,8409648,454110
ecdsa-P-521,verify,347,8387445,452913
ecdsa-P-521,verify,348,8331389,449884
ecdsa-P-521,verify,349,8322982,449430
ecdsa-P-521,verify,350,8323351,449450
ecdsa-P-521,verify,351,8333833,450017
ecdsa-P-521,verify,352,8327426,449671
ecdsa-P-521,verify,353,8324037,449487
ecdsa-P-521,verify,354,8322926,449428
ecdsa-P-521,verify,355,8326000,449594
ecdsa-P-521,verify,356,8318778,449203
ecdsa-P-521,verify,357,8324481,449511
ecdsa-P-521,verify,358,8329093,449761
ecdsa-P-521,verify,359,8323574,449463
ecdsa-P-521,verify,360,8337389,450209
ecdsa-P-521,verify,361,8333056,449976
ecdsa-P-521,verify,362,8328222,449715
ecdsa-P-521,verify,363,8327315,449665
ecdsa-P-521,verify,364,8322723,449416
ecdsa-P-521,verify,365,8322833,449423
ecdsa-P-521,verify,366,8324482,449512
ecdsa-P-521,verify,367,8319704,449255
ecdsa-P-521,verify,368,8327519,449675
ecdsa-P-521,verify,369,8323815,449477
ecdsa-P-521,verify,370,8330870,449856
ecdsa-P-521,verify,371,8323370,449453
ecdsa-P-521,verify,372,8350259,450904
ecdsa-P-521,verify,373,8358037,451325
ecdsa-P-521,verify,374,8325037,449543
ecdsa-P-521,verify,375,8327148,449656
ecdsa-P-521,verify,376,8320759,449311
ecdsa-P-521,verify,377,8330203,449822
ecdsa-P-521,verify,378,8322167,449386
ecdsa-P-521,verify,379,8325537,449569
ecdsa-P-521,verify,380,8330445,449834
ecdsa-P-521,verify,381,8327408,449671
ecdsa-P-521,verify,382,8320704,449309
ecdsa-P-521,verify,383,8323703,449470
ecdsa-P-521,verify,384,8337130,450195
ecdsa-P-521,verify,385,8335333,450098
ecdsa-P-521,verify,386,8329056,449758
ecdsa-P-521,verify,387,8331833,449909
ecdsa-P-521,verify,388,8327111,449654
ecdsa-P-521,verify,389,8326278,449609
ecdsa-P-521,verify,390,8328982,449755
ecdsa-P-521,verify,391,8322130,449385
ecdsa-P-521,verify,392,8323981,449485
ecdsa-P-521,verify,393,8330870,449858
ecdsa-P-521,verify,394,8324685,449523
ecdsa-P-521,verify,395,8332333,449935
ecdsa-P-521,verify,396,8334055,450030
ecdsa-P-521,verify,397,8322630,449413
ecdsa-P-521,verify,398,8333481,449998
ecdsa-P-521,verify,399,8334740,450066
ecdsa-P-521,verify,400,8321815,449367
ecdsa-P-521,verify,401,8334556,450056
ecdsa-P-521,verify,402,8326778,449636
ecdsa-P-521,verify,403,8328166,449712
ecdsa-P-521,verify,404,8864556,478651
ecdsa-P-521,verify,405,8372851,452124
ecdsa-P-521,verify,406,8361351,451503
ecdsa-P-521,verify,407,8345889,450668
ecdsa-P-521,verify,408,8338537,450270
ecdsa-P-521,verify,409,8339425,450318
ecdsa-P-521,verify,410,8335037,450083
ecdsa-P-521,verify,411,8335945,450131
ecdsa-P-521,verify,412,8346204,450685
ecdsa-P-521,verify,413,8350685,450927
ecdsa-P-521,verify,414,8345445,450644
ecdsa-P-521,verify,415,8336370,450155
ecdsa-P-521,verify,416,8339148,450305
ecdsa-P-521,verify,417,8362797,451580
ecdsa-P-521,verify,418,8364444,451671
ecdsa-P-521,verify,419,8338352,450261
ecdsa-P-521,verify,420,8339722,450335
ecdsa-P-521,verify,421,8340037,450352
ecdsa-P-521,verify,422,8329778,449797
ecdsa-P-521,verify,423,8322278,449393
ecdsa-P-521,verify,424,8329519,449783
ecdsa-P-521,verify,425,8330241,449824
ecdsa-P-521,verify,426,8324296,449502
ecdsa-P-521,verify,427,8326055,449597
ecdsa-P-521,verify,428,8345148,450627
ecdsa-P-521,verify,429,8333722,450010
ecdsa-P-521,verify,430,8332185,449928
ecdsa-P-521,verify,431,8323611,449464
ecdsa-P-521,verify,432,8328222,449714
ecdsa-P-521,verify,433,8318611,449196
ecdsa-P-521,verify,434,8319370,449237
ecdsa-P-521,verify,435,8322648,449413
ecdsa-P-521,verify,436,8325630,449575
ecdsa-P-521,verify,437,8324907,449535
ecdsa-P-521,verify,438,8317241,449122
ecdsa-P-521,verify,439,8335259,450095
ecdsa-P-521,verify,440,8322037,449380
ecdsa-P-521,verify,441,8324704,449524
ecdsa-P-521,verify,442,8326389,449615
ecdsa-P-521,verify,443,8321945,449376
ecdsa-P-521,verify,444,8323944,449483
ecdsa-P-521,verify,445,8320518,449298
ecdsa-P-521,verify,446,8323704,449470
ecdsa-P-521,verify,447,8333203,449983
ecdsa-P-521,verify,448,8317408,449130
ecdsa-P-521,verify,449,8336445,450158
ecdsa-P-521,verify,450,8326408,449617
ecdsa-P-521,verify,451,8325556,449570
ecdsa-P-521,verify,452,8326963,449645
ecdsa-P-521,verify,453,8319018,449217
ecdsa-P-521,verify,454,8334796,450070
ecdsa-P-521,verify,455,8325186,449551
ecdsa-P-521,verify,456,8321463,449349
ecdsa-P-521,verify,457,8321018,449324
ecdsa-P-521,verify,458,8321223,449335
ecdsa-P-521,verify,459,8324092,449492
ecdsa-P-521,verify,460,8325334,449558
ecdsa-P-521,verify,461,8317574,449139
ecdsa-P-521,verify,462,8341759,450445
ecdsa-P-521,verify,463,8326723,449633
ecdsa-P-521,verify,464,8329611,449790
ecdsa-P-521,verify,465,8323519,449461
ecdsa-P-521,verify,466,8439833,455740
ecdsa-P-521,verify,467,8325130,449548
ecdsa-P-521,verify,468,8321148,449332
ecdsa-P-521,verify,469,8336778,450176
ecdsa-P-521,verify,470,8325389,449562
ecdsa-P-521,verify,471,8327315,449664
ecdsa-P-521,verify,472,8325352,449558
ecdsa-P-521,verify,473,8323463,449457
ecdsa-P-521,verify,474,8317203,449118
ecdsa-P-521,verify,475,8335186,450091
ecdsa-P-521,verify,476,8329167,449764
ecdsa-P-521,verify,477,8337852,450234
ecdsa-P-521,verify,478,8327019,449649
ecdsa-P-521,verify,479,8339592,450328
ecdsa-P-521,verify,480,8323703,449470
ecdsa-P-521,verify,481,8322592,449410
ecdsa-P-521,verify,482,8326945,449644
ecdsa-P-521,verify,483,8328204,449714
ecdsa-P-521,verify,484,8325148,449548
ecdsa-P-521,verify,485,8318352,449181
ecdsa-P-521,verify,486,8326870,449641
ecdsa-P-521,verify,487,8321185,449334
ecdsa-P-521,verify,488,8331519,449893
ecdsa-P-521,verify,489,8331352,449884
ecdsa-P-521,verify,490,8329389,449778
ecdsa-P-521,verify,491,8329241,449769
ecdsa-P-521,verify,492,8350297,450906
ecdsa-P-521,verify,493,8334259,450040
ecdsa-P-521,verify,494,8325963,449593
ecdsa-P-521,verify,495,8326704,449632
ecdsa-P-521,verify,496,8348037,450785
ecdsa-P-521,verify,497,8328222,449714
ecdsa-P-521,verify,498,8328185,449713
ecdsa-P-521,verify,499,8332185,449929
ecdsa-P-521,verify,500,8324296,449502
ecdsa-P-521,verify,501,8324445,449509
ecdsa-P-521,verify,502,8335759,450122
ecdsa-P-521,verify,503,8324740,449526
ecdsa-P-521,verify,504,8322167,449387
ecdsa-P-521,verify,505,8325926,449590
ecdsa-P-521,verify,506,8322500,449405
ecdsa-P-521,verify,507,8339407,450318
ecdsa-P-521,verify,508,8321518,449352
ecdsa-P-521,verify,509,8320518,449298
ecdsa-P-521,verify,510,8324223,449497
ecdsa-P-521,verify,511,8332370,449938
ecdsa-P-521,verify,512,8322926,449428
ecdsa-P-521,verify,513,8320852,449317
ecdsa-P-521,verify,514,8337462,450214
ecdsa-P-521,verify,515,8328296,449717
ecdsa-P-521,verify,516,8322944,449430
ecdsa-P-521,verify,517,8322685,449416
ecdsa-P-521,verify,518,8327870,449695
ecdsa-P-521,verify,519,8325185,449549
ecdsa-P-521,verify,520,8325648,449576
ecdsa-P-521,verify,521,8334944,450077
ecdsa-P-521,verify,522,8335056,450082
ecdsa-P-521,verify,523,8348240,450796
ecdsa-P-521,verify,524,8325333,449558
ecdsa-P-521,verify,525,8336907,450183
ecdsa-P-521,verify,526,8331537,449892
ecdsa-P-521,verify,527,8325870,449588
ecdsa-P-521,verify,528,8320351,449290
ecdsa-P-521,verify,529,8321019,449326
ecdsa-P-521,verify,530,8327000,449648
ecdsa-P-521,verify,531,8320203,449282
ecdsa-P-521,verify,532,8327685,449686
ecdsa-P-521,verify,533,8388444,452966
ecdsa-P-521,verify,534,8322926,449427
ecdsa-P-521,verify,535,8321277,449339
ecdsa-P-521,verify,536,8320019,449271
ecdsa-P-521,verify,537,8342333,450477
ecdsa-P-521,verify,538,8340685,450389
ecdsa-P-521,verify,539,8321797,449367
ecdsa-P-521,verify,540,8313611,448925
ecdsa-P-521,verify,541,8322722,449418
ecdsa-P-521,verify,542,8320130,449278
ecdsa-P-521,verify,543,8325537,449570
ecdsa-P-521,verify,544,8316666,449090
ecdsa-P-521,verify,545,8326648,449628
ecdsa-P-521,verify,546,8324018,449488
ecdsa-P-521,verify,547,8320370,449290
ecdsa-P-521,verify,548,8328093,449708
ecdsa-P-521,verify,549,8328722,449742
ecdsa-P-521,verify,550,8333463,449998
ecdsa-P-521,verify,551,8332852,449964
ecdsa-P-521,verify,552,8343426,450536
ecdsa-P-521,verify,553,8321240,449336
ecdsa-P-521,verify,554,8326259,449609
ecdsa-P-521,verify,555,8319926,449265
ecdsa-P-521,verify,556,8317815,449152
ecdsa-P-521,verify,557,8321667,449360
ecdsa-P-521,verify,558,8333740,450013
ecdsa-P-521,verify,559,8322778,449421
ecdsa-P-521,verify,560,8323555,449462
ecdsa-P-521,verify,561,8327907,449698
ecdsa-P-521,verify,562,8331481,449891
ecdsa-P-521,verify,563,8328334,449720
ecdsa-P-521,verify,564,8324074,449491
ecdsa-P-521,verify,565,8318630,449196
ecdsa-P-521,verify,566,8325351,449559
ecdsa-P-521,verify,567,8327167,449657
ecdsa-P-521,verify,568,8322185,449388
ecdsa-P-521,verify,569,8319019,449217
ecdsa-P-521,verify,570,8335981,450132
ecdsa-P-521,verify,571,8322167,449387
ecdsa-P-521,verify,572,8331277,449879
ecdsa-P-521,verify,573,8328371,449723
ecdsa-P-521,verify,574,8334685,450064
ecdsa-P-521,verify,575,8336463,450158
ecdsa-P-521,verify,576,8322537,449408
ecdsa-P-521,verify,577,8325092,449546
ecdsa-P-521,verify,578,8324833,449531
ecdsa-P-521,verify,579,8326018,449596
ecdsa-P-521,verify,580,8332907,449967
ecdsa-P-521,verify,581,8329352,449774
ecdsa-P-521,verify,582,8328203,449714
ecdsa-P-521,verify,583,8330074,449815
ecdsa-P-521,verify,584,8322370,449397
ecdsa-P-521,verify,585,8323185,449443
ecdsa-P-521,verify,586,8426463,455019
ecdsa-P-521,verify,587,8348815,450827
ecdsa-P-521,verify,588,8336741,450175
ecdsa-P-521,verify,589,8349593,450869
ecdsa-P-521,verify,590,8339056,450298
ecdsa-P-521,verify,591,8322389,449399
ecdsa-P-521,verify,592,8327592,449681
ecdsa-P-521,verify,593,8329000,449756
ecdsa-P-521,verify,594,8325593,449572
ecdsa-P-521,verify,595,8321278,449340
ecdsa-P-521,verify,596,8332833,449963
ecdsa-P-521,verify,597,8350481,450917
ecdsa-P-521,verify,598,8320204,449282
ecdsa-P-521,verify,599,8320481,449296
ecdsa-P-521,verify,600,8324945,449538
ecdsa-P-521,verify,601,8333019,449973
ecdsa-P-521,verify,602,8328167,449711
ecdsa-P-521,verify,603,8330389,449830
ecdsa-P-521,verify,604,8330055,449814
ecdsa-P-521,verify,605,8336537,450163
ecdsa-P-521,verify,606,8323592,449464
ecdsa-P-521,verify,607,8321888,449372
ecdsa-P-521,verify,608,8319926,449266
ecdsa-P-521,verify,609,8337334,450206
ecdsa-P-521,verify,610,8328371,449722
ecdsa-P-521,verify,611,8330815,449854
ecdsa-P-521,verify,612,8325352,449561
ecdsa-P-521,verify,613,8337074,450194
ecdsa-P-521,verify,614,8318296,449177
ecdsa-P-521,verify,615,8355666,451196
ecdsa-P-521,verify,616,8322870,449425
ecdsa-P-521,verify,617,8313907,448943
ecdsa-P-521,verify,618,8325426,449563
ecdsa-P-521,verify,619,8325704,449577
ecdsa-P-521,verify,620,8325963,449592
ecdsa-P-521,verify,621,8323482,449459
ecdsa-P-521,verify,622,8331574,449894
ecdsa-P-521,verify,623,8332852,449963
ecdsa-P-521,verify,624,8334389,450047
ecdsa-P-521,verify,625,8321500,449351
ecdsa-P-521,verify,626,8327056,449652
ecdsa-P-521,verify,627,8328185,449712
ecdsa-P-521,verify,628,8323704,449471
ecdsa-P-521,verify,629,8324204,449497
ecdsa-P-521,verify,630,8358037,451315
ecdsa-P-521,verify,631,8327389,449670
ecdsa-P-521,verify,632,8323222,449445
ecdsa-P-521,verify,633,8332723,449958
ecdsa-P-521,verify,634,8326223,449606
ecdsa-P-521,verify,635,8325852,449586
ecdsa-P-521,verify,636,8327907,449698
ecdsa-P-521,verify,637,8322593,449410
ecdsa-P-521,verify,638,8326630,449628
ecdsa-P-521,verify,639,8325203,449551
ecdsa-P-521,verify,640,8317074,449111
ecdsa-P-521,verify,641,8325741,449581
ecdsa-P-521,verify,642,8341296,450421
ecdsa-P-521,verify,643,8325500,449567
ecdsa-P-521,verify,644,8328241,449715
ecdsa-P-521,verify,645,8340444,450374
ecdsa-P-521,verify,646,8336870,450182
ecdsa-P-521,verify,647,8350019,450891
ecdsa-P-521,verify,648,8315592,449032
ecdsa-P-521,verify,649,8326537,449622
ecdsa-P-521,verify,650,8328278,449716
ecdsa-P-521,verify,651,8320129,449277
ecdsa-P-521,verify,652,8320408,449291
ecdsa-P-521,verify,653,8322296,449395
ecdsa-P-521,verify,654,8328222,449715
ecdsa-P-521,verify,655,8330759,449850
ecdsa-P-521,verify,656,8332722,449958
ecdsa-P-521,verify,657,8391797,453147
ecdsa-P-521,verify,658,8322315,449396
ecdsa-P-521,verify,659,8323463,449458
ecdsa-P-521,verify,660,8326556,449624
ecdsa-P-521,verify,661,8328537,449730
ecdsa-P-521,verify,662,8329000,449756
ecdsa-P-521,verify,663,8320352,449290
ecdsa-P-521,verify,664,8324444,449510
ecdsa-P-521,verify,665,8317426,449131
ecdsa-P-521,verify,666,8332092,449924
ecdsa-P-521,verify,667,8329407,449778
ecdsa-P-521,verify,668,8321704,449361
ecdsa-P-521,verify,669,8332370,449938
ecdsa-P-521,verify,670,8331982,449916
ecdsa-P-521,verify,671,8323389,449454
ecdsa-P-521,verify,672,8323314,449451
ecdsa-P-521,verify,673,8329352,449774
ecdsa-P-521,verify,674,8323537,449460
ecdsa-P-521,verify,675,8318981,449216
ecdsa-P-521,verify,676,8321704,449362
ecdsa-P-521,verify,677,8325204,449551
ecdsa-P-521,verify,678,8333648,450007
ecdsa-P-521,verify,679,8324222,449498
ecdsa-P-521,verify,680,8325463,449566
ecdsa-P-521,verify,681,8324186,449495
ecdsa-P-521,verify,682,8326796,449637
ecdsa-P-521,verify,683,8322593,449411
ecdsa-P-521,verify,684,8318648,449197
ecdsa-P-521,verify,685,8329537,449786
ecdsa-P-521,verify,686,8325760,449582
ecdsa-P-521,verify,687,8350648,450926
ecdsa-P-521,verify,688,8354908,451155
ecdsa-P-521,verify,689,8324630,449519
ecdsa-P-521,verify,690,8331630,449898
ecdsa-P-521,verify,691,8330389,449831
ecdsa-P-521,verify,692,8324518,449513
ecdsa-P-521,verify,693,8322111,449384
ecdsa-P-521,verify,694,8332130,449925
ecdsa-P-521,verify,695,8331630,449899
ecdsa-P-521,verify,696,8319833,449262
ecdsa-P-521,verify,697,8330018,449812
ecdsa-P-521,verify,698,8323870,449478
ecdsa-P-521,verify,699,8319334,449234
ecdsa-P-521,verify,700,8326463,449620
ecdsa-P-521,verify,701,8313482,448919
ecdsa-P-521,verify,702,8325093,449547
ecdsa-P-521,verify,703,8331481,449890
ecdsa-P-521,verify,704,8318074,449166
ecdsa-P-521,verify,705,8751241,472535
ecdsa-P-521,verify,706,8457815,456710
ecdsa-P-521,verify,707,8345444,450645
ecdsa-P-521,verify,708,8337389,450208
ecdsa-P-521,verify,709,8333963,450025
ecdsa-P-521,verify,710,8332685,449956
ecdsa-P-521,verify,711,8331018,449865
ecdsa-P-521,verify,712,8320981,449323
ecdsa-P-521,verify,713,8321222,449336
ecdsa-P-521,verify,714,8329056,449759
ecdsa-P-521,verify,715,8337315,450205
ecdsa-P-521,verify,716,8336907,450183
ecdsa-P-521,verify,717,8324537,449516
ecdsa-P-521,verify,718,8367241,451822
ecdsa-P-521,verify,719,8316537,449082
ecdsa-P-521,verify,720,8326296,449611
ecdsa-P-521,verify,721,8322000,449379
ecdsa-P-521,verify,722,8324389,449506
ecdsa-P-521,verify,723,8325315,449558
ecdsa-P-521,verify,724,8333296,449988
ecdsa-P-521,verify,725,8357537,451298
ecdsa-P-521,verify,726,8322685,449416
ecdsa-P-521,verify,727,8325815,449583
ecdsa-P-521,verify,728,8335889,450128
ecdsa-P-521,verify,729,8318741,449201
ecdsa-P-521,verify,730,8338259,450256
ecdsa-P-521,verify,731,8325278,449555
ecdsa-P-521,verify,732,8347741,450768
ecdsa-P-521,verify,733,8315852,449046
ecdsa-P-521,verify,734,8350592,450921
ecdsa-P-521,verify,735,8326074,449599
ecdsa-P-521,verify,736,8326426,449617
ecdsa-P-521,verify,737,8326426,449617
ecdsa-P-521,verify,738,8327704,449687
ecdsa-P-521,verify,739,8324389,449508
ecdsa-P-521,verify,740,8336889,450183
ecdsa-P-521,verify,741,8322815,449421
ecdsa-P-521,verify,742,8323203,449444
ecdsa-P-521,verify,743,8327908,449697
ecdsa-P-521,verify,744,8321703,449362
ecdsa-P-521,verify,745,8330815,449854
ecdsa-P-521,verify,746,8322574,449409
ecdsa-P-521,verify,747,8326593,449626
ecdsa-P-521,verify,748,8327314,449666
ecdsa-P-521,verify,749,8326926,449645
ecdsa-P-521,verify,750,8330926,449860
ecdsa-P-521,verify,751,8332222,449931
ecdsa-P-521,verify,752,8361463,451508
ecdsa-P-521,verify,753,8332111,449924
ecdsa-P-521,verify,754,8315130,449006
ecdsa-P-521,verify,755,8327889,449696
ecdsa-P-521,verify,756,8321055,449327
ecdsa-P-521,verify,757,8323240,449446
ecdsa-P-521,verify,758,8324908,449535
ecdsa-P-521,verify,759,8320370,449291
ecdsa-P-521,verify,760,8339926,450345
ecdsa-P-521,verify,761,8321555,449356
ecdsa-P-521,verify,762,8329056,449759
ecdsa-P-521,verify,763,8329889,449804
ecdsa-P-521,verify,764,8331982,449917
ecdsa-P-521,verify,765,8330278,449825
ecdsa-P-521,verify,766,8328352,449722
ecdsa-P-521,verify,767,8327945,449699
ecdsa-P-521,verify,768,8327907,449697
ecdsa-P-521,verify,769,8326056,449598
ecdsa-P-521,verify,770,8325092,449545
ecdsa-P-521,verify,771,8325630,449575
ecdsa-P-521,verify,772,8327333,449666
ecdsa-P-521,verify,773,8323871,449480
ecdsa-P-521,verify,774,8332500,449945
ecdsa-P-521,verify,775,8334296,450042
ecdsa-P-521,verify,776,8335352,450099
ecdsa-P-521,verify,777,8347575,450759
ecdsa-P-521,verify,778,8356185,451223
ecdsa-P-521,verify,779,8326741,449635
ecdsa-P-521,verify,780,8322112,449383
ecdsa-P-521,verify,781,8326870,449642
ecdsa-P-521,verify,782,8319241,449228
ecdsa-P-521,verify,783,8331352,449883
ecdsa-P-521,verify,784,8328444,449725
ecdsa-P-521,verify,785,8323056,449434
ecdsa-P-521,verify,786,8333649,450007
ecdsa-P-521,verify,787,8330944,449862
ecdsa-P-521,verify,788,8333574,450004
ecdsa-P-521,verify,789,8324778,449529
ecdsa-P-521,verify,790,8325630,449573
ecdsa-P-521,verify,791,8327297,449665
ecdsa-P-521,verify,792,8314611,448979
ecdsa-P-521,verify,793,8321408,449346
ecdsa-P-521,verify,794,8325500,449568
ecdsa-P-521,verify,795,8334870,450073
ecdsa-P-521,verify,796,8324222,449498
ecdsa-P-521,verify,797,8326593,449626
ecdsa-P-521,verify,798,8316963,449106
ecdsa-P-521,verify,799,8324074,449490
ecdsa-P-521,verify,800,8334445,450051
ecdsa-P-521,verify,801,8322889,449427
ecdsa-P-521,verify,802,8319611,449248
ecdsa-P-521,verify,803,8316315,449072
ecdsa-P-521,verify,804,8322018,449379
ecdsa-P-521,verify,805,8318370,449182
ecdsa-P-521,verify,806,8325093,449545
ecdsa-P-521,verify,807,8320130,449277
ecdsa-P-521,verify,808,8426834,455036
ecdsa-P-521,verify,809,8386796,452876
ecdsa-P-521,verify,810,8353203,451064
ecdsa-P-521,verify,811,8352463,451024
ecdsa-P-521,verify,812,8338352,450262
ecdsa-P-521,verify,813,8339926,450345
ecdsa-P-521,verify,814,8328296,449718
ecdsa-P-521,verify,815,8333093,449977
ecdsa-P-521,verify,816,8337556,450218
ecdsa-P-521,verify,817,8341574,450435
ecdsa-P-521,verify,818,8338482,450268
ecdsa-P-521,verify,819,8350463,450916
ecdsa-P-521,verify,820,8332389,449938
ecdsa-P-521,verify,821,8337278,450204
ecdsa-P-521,verify,822,8347889,450777
ecdsa-P-521,verify,823,8347463,450753
ecdsa-P-521,verify,824,8343778,450553
ecdsa-P-521,verify,825,8337130,450196
ecdsa-P-521,verify,826,8441574,455835
ecdsa-P-521,verify,827,8338870,450290
ecdsa-P-521,verify,828,8338870,450289
ecdsa-P-521,verify,829,8337703,450226
ecdsa-P-521,verify,830,8338500,450270
ecdsa-P-521,verify,831,8340648,450385
ecdsa-P-521,verify,832,8338352,450261
ecdsa-P-521,verify,833,8331148,449872
ecdsa-P-521,verify,834,8356334,451233
ecdsa-P-521,verify,835,8344388,450587
ecdsa-P-521,verify,836,8337185,450197
ecdsa-P-521,verify,837,8338944,450292
ecdsa-P-521,verify,838,8338629,450277
ecdsa-P-521,verify,839,8334000,450026
ecdsa-P-521,verify,840,8356371,451233
ecdsa-P-521,verify,841,8343426,450536
ecdsa-P-521,verify,842,8340297,450367
ecdsa-P-521,verify,843,8344278,450582
ecdsa-P-521,verify,844,8326352,449613
ecdsa-P-521,verify,845,8327055,449652
ecdsa-P-521,verify,846,8332907,449968
ecdsa-P-521,verify,847,8318092,449167
ecdsa-P-521,verify,848,8326759,449634
ecdsa-P-521,verify,849,8328685,449738
ecdsa-P-521,verify,850,8323500,449458
ecdsa-P-521,verify,851,8317630,449143
ecdsa-P-521,verify,852,8318759,449202
ecdsa-P-521,verify,853,8351167,450953
ecdsa-P-521,verify,854,8323908,449481
ecdsa-P-521,verify,855,8327371,449669
ecdsa-P-521,verify,856,8325296,449556
ecdsa-P-521,verify,857,8324704,449525
ecdsa-P-521,verify,858,8340259,450363
ecdsa-P-521,verify,859,8326833,449639
ecdsa-P-521,verify,860,8325055,449542
ecdsa-P-521,verify,861,8321389,449345
ecdsa-P-521,verify,862,8334259,450040
ecdsa-P-521,verify,863,8323593,449463
ecdsa-P-521,verify,864,8328204,449713
ecdsa-P-521,verify,865,8330148,449818
ecdsa-P-521,verify,866,8323037,449434
ecdsa-P-521,verify,867,8339166,450306
ecdsa-P-521,verify,868,8323648,449466
ecdsa-P-521,verify,869,8327723,449687
ecdsa-P-521,verify,870,8321685,449362
ecdsa-P-521,verify,871,8330093,449816
ecdsa-P-521,verify,872,8359482,451403
ecdsa-P-521,verify,873,8334186,450037
ecdsa-P-521,verify,874,8320574,449302
ecdsa-P-521,verify,875,8323167,449442
ecdsa-P-521,verify,876,8319037,449219
ecdsa-P-521,verify,877,8327574,449680
ecdsa-P-521,verify,878,8323222,449445
ecdsa-P-521,verify,879,8335037,450082
ecdsa-P-521,verify,880,8324444,449512
ecdsa-P-521,verify,881,8332259,449934
ecdsa-P-521,verify,882,8330944,449862
ecdsa-P-521,verify,883,8324371,449506
ecdsa-P-521,verify,884,8324352,449505
ecdsa-P-521,verify,885,8329833,449800
ecdsa-P-521,verify,886,8328093,449707
ecdsa-P-521,verify,887,8325593,449573
ecdsa-P-521,verify,888,8323834,449477
ecdsa-P-521,verify,889,8330796,449854
ecdsa-P-521,verify,890,8330444,449833
ecdsa-P-521,verify,891,8322111,449385
ecdsa-P-521,verify,892,8323796,449475
ecdsa-P-521,verify,893,8318518,449190
ecdsa-P-521,verify,894,8340574,450382
ecdsa-P-521,verify,895,8325760,449582
ecdsa-P-521,verify,896,8329130,449763
ecdsa-P-521,verify,897,8329944,449806
ecdsa-P-521,verify,898,8326833,449639
ecdsa-P-521,verify,899,8320425,449293
ecdsa-P-521,verify,900,8324055,449488
ecdsa-P-521,verify,901,8331593,449895
ecdsa-P-521,verify,902,8329815,449801
ecdsa-P-521,verify,903,8326944,449645
ecdsa-P-521,verify,904,8325407,449562
ecdsa-P-521,verify,905,8329130,449764
ecdsa-P-521,verify,906,8339000,450297
ecdsa-P-521,verify,907,8320463,449294
ecdsa-P-521,verify,908,8329797,449798
ecdsa-P-521,verify,909,8317037,449110
ecdsa-P-521,verify,910,8323018,449433
ecdsa-P-521,verify,911,8319074,449221
ecdsa-P-521,verify,912,8345056,450622
ecdsa-P-521,verify,913,8316630,449088
ecdsa-P-521,verify,914,8342000,450458
ecdsa-P-521,verify,915,8326370,449613
ecdsa-P-521,verify,916,8324333,449504
ecdsa-P-521,verify,917,8323148,449439
ecdsa-P-521,verify,918,8332092,449923
ecdsa-P-521,verify,919,8324963,449538
ecdsa-P-521,verify,920,8324389,449506
ecdsa-P-521,verify,921,8321223,449336
ecdsa-P-521,verify,922,8324870,449533
ecdsa-P-521,verify,923,8324981,449539
ecdsa-P-521,verify,924,8321667,449360
ecdsa-P-521,verify,925,8322593,449410
ecdsa-P-521,verify,926,8325204,449551
ecdsa-P-521,verify,927,8344018,450567
ecdsa-P-521,verify,928,8320666,449305
ecdsa-P-521,verify,929,8349407,450858
ecdsa-P-521,verify,930,8335629,450115
ecdsa-P-521,verify,931,8324833,449531
ecdsa-P-521,verify,932,8317852,449154
ecdsa-P-521,verify,933,8321222,449337
ecdsa-P-521,verify,934,8323723,449471
ecdsa-P-521,verify,935,8327833,449693
ecdsa-P-521,verify,936,8321241,449338
ecdsa-P-521,verify,937,8326370,449614
ecdsa-P-521,verify,938,8339204,450308
ecdsa-P-521,verify,939,8379926,452508
ecdsa-P-521,verify,940,8319592,449248
ecdsa-P-521,verify,941,8338426,450265
ecdsa-P-521,verify,942,8330185,449819
ecdsa-P-521,verify,943,8325814,449585
ecdsa-P-521,verify,944,8337204,450199
ecdsa-P-521,verify,945,8328574,449733
ecdsa-P-521,verify,946,8410537,454158
ecdsa-P-521,verify,947,8324352,449507
ecdsa-P-521,verify,948,8321481,449350
ecdsa-P-521,verify,949,8329907,449805
ecdsa-P-521,verify,950,8326759,449635
ecdsa-P-521,verify,951,8326241,449608
ecdsa-P-521,verify,952,8324074,449490
ecdsa-P-521,verify,953,8351500,450971
ecdsa-P-521,verify,954,8336685,450172
ecdsa-P-521,verify,955,8318518,449190
ecdsa-P-521,verify,956,8319556,449246
ecdsa-P-521,verify,957,8345500,450648
ecdsa-P-521,verify,958,8387351,452908
ecdsa-P-521,verify,959,8355222,451173
ecdsa-P-521,verify,960,8344796,450610
ecdsa-P-521,verify,961,8326555,449625
ecdsa-P-521,verify,962,8332463,449943
ecdsa-P-521,verify,963,8412667,454273
ecdsa-P-521,verify,964,8328870,449749
ecdsa-P-521,verify,965,8338260,450256
ecdsa-P-521,verify,966,8333778,450014
ecdsa-P-521,verify,967,8320722,449311
ecdsa-P-521,verify,968,8328407,449724
ecdsa-P-521,verify,969,8324333,449505
ecdsa-P-521,verify,970,8317574,449139
ecdsa-P-521,verify,971,8321741,449363
ecdsa-P-521,verify,972,8354648,451140
ecdsa-P-521,verify,973,8325444,449565
ecdsa-P-521,verify,974,8317852,449154
ecdsa-P-521,verify,975,8330500,449837
ecdsa-P-521,verify,976,8324315,449504
ecdsa-P-521,verify,977,8330500,449838
ecdsa-P-521,verify,978,8322445,449403
ecdsa-P-521,verify,979,8326037,449596
ecdsa-P-521,verify,980,8325333,449557
ecdsa-P-521,verify,981,8321352,449344
ecdsa-P-521,verify,982,8328148,449709
ecdsa-P-521,verify,983,8333297,449989
ecdsa-P-521,verify,984,8317241,449122
ecdsa-P-521,verify,985,8324815,449530
ecdsa-P-521,verify,986,8325741,449580
ecdsa-P-521,verify,987,8324315,449503
ecdsa-P-521,verify,988,8319241,449230
ecdsa-P-521,verify,989,8340111,450356
ecdsa-P-521,verify,990,8321426,449347
ecdsa-P-521,verify,991,8319518,449245
ecdsa-P-521,verify,992,8319389,449237
ecdsa-P-521,verify,993,8313240,448906
ecdsa-P-521,verify,994,8321926,449375
ecdsa-P-521,verify,995,8321777,449366
ecdsa-P-521,verify,996,8319981,449268
ecdsa-P-521,verify,997,8323537,449462
ecdsa-P-521,verify,998,8328148,449711
ecdsa-P-521,verify,999,8329592,449789
