algo,op,iter,wall_ns,cycles
ecdsa-P-521,keygen,0,10422871,562827
ecdsa-P-521,keygen,1,10414963,562401
ecdsa-P-521,keygen,2,10407704,562010
ecdsa-P-521,keygen,3,10399426,561562
ecdsa-P-521,keygen,4,10407463,561996
ecdsa-P-521,keygen,5,10416777,562499
ecdsa-P-521,keygen,6,10401796,561690
ecdsa-P-521,keygen,7,10412389,562262
ecdsa-P-521,keygen,8,10401371,561668
ecdsa-P-521,keygen,9,10409500,562106
ecdsa-P-521,keygen,10,10439389,563721
ecdsa-P-521,keygen,11,10403852,561800
ecdsa-P-521,keygen,12,10409574,562111
ecdsa-P-521,keygen,13,10404871,561856
ecdsa-P-521,keygen,14,10410759,562175
ecdsa-P-521,keygen,15,10407518,561999
ecdsa-P-521,keygen,16,10425389,562964
ecdsa-P-521,keygen,17,10411056,562191
ecdsa-P-521,keygen,18,10470092,565378
ecdsa-P-521,keygen,19,10409815,562123
ecdsa-P-521,keygen,20,10404055,561812
ecdsa-P-521,keygen,21,10398148,561493
ecdsa-P-521,keygen,22,10422482,562808
ecdsa-P-521,keygen,23,10411352,562206
ecdsa-P-521,keygen,24,10407611,562004
ecdsa-P-521,keygen,25,10453703,564494
ecdsa-P-521,keygen,26,10406796,561961
ecdsa-P-521,keygen,27,10403445,561779
ecdsa-P-521,keygen,28,10425000,562944
ecdsa-P-521,keygen,29,10411277,562202
ecdsa-P-521,keygen,30,10410278,562148
ecdsa-P-521,keygen,31,10409704,562115
ecdsa-P-521,keygen,32,10401074,561652
ecdsa-P-521,keygen,33,10416648,562491
ecdsa-P-521,keygen,34,10397500,561459
ecdsa-P-521,keygen,35,10452481,564426
ecdsa-P-521,keygen,36,10450389,564313
ecdsa-P-521,keygen,37,10428333,563124
ecdsa-P-521,keygen,38,10403315,561772
ecdsa-P-521,keygen,39,10406074,561921
ecdsa-P-521,keygen,40,10411796,562230
ecdsa-P-521,keygen,41,10396852,561423
ecdsa-P-521,keygen,42,10405370,561884
ecdsa-P-521,keygen,43,10414352,562367
ecdsa-P-521,keygen,44,10415778,562446
ecdsa-P-521,keygen,45,10450685,564331
ecdsa-P-521,keygen,46,10392093,561167
ecdsa-P-521,keygen,47,10404575,561840
ecdsa-P-521,keygen,48,10399667,561575
ecdsa-P-521,keygen,49,10403426,561779
ecdsa-P-521,keygen,50,10406018,561918
ecdsa-P-521,keygen,51,10397167,561441
ecdsa-P-521,keygen,52,10412352,562261
ecdsa-P-521,keygen,53,10412148,562250
ecdsa-P-521,keygen,54,10397981,561484
ecdsa-P-521,keygen,55,10419389,562640
ecdsa-P-521,keygen,56,10398444,561509
ecdsa-P-521,keygen,57,10408185,562036
ecdsa-P-521,keygen,58,10437203,563602
ecdsa-P-521,keygen,59,10408222,562038
ecdsa-P-521,keygen,60,10414352,562369
ecdsa-P-521,keygen,61,10452945,564453
ecdsa-P-521,keygen,62,10405907,561913
ecdsa-P-521,keygen,63,10453556,564486
ecdsa-P-521,keygen,64,10400944,561645
ecdsa-P-521,keygen,65,10444704,564007
ecdsa-P-521,keygen,66,10411723,562226
ecdsa-P-521,keygen,67,10407871,562018
ecdsa-P-521,keygen,68,10416778,562499
ecdsa-P-521,keygen,69,10400278,561608
ecdsa-P-521,keygen,70,10397611,561464
ecdsa-P-521,keygen,71,10404815,561853
ecdsa-P-521,keygen,72,10440241,563766
ecdsa-P-521,keygen,73,10408963,562078
ecdsa-P-521,keygen,74,10397444,561455
ecdsa-P-521,keygen,75,10408204,562036
ecdsa-P-521,keygen,76,10401500,561675
ecdsa-P-521,keygen,77,10401944,561699
ecdsa-P-521,keygen,78,10401649,561683
ecdsa-P-521,keygen,79,10404037,561810
ecdsa-P-521,keygen,80,10415408,562425
ecdsa-P-521,keygen,81,10396815,561422
ecdsa-P-521,keygen,82,10413408,562317
ecdsa-P-521,keygen,83,10399463,561565
ecdsa-P-521,keygen,84,10393260,561230
ecdsa-P-521,keygen,85,10397149,561440
ecdsa-P-521,keygen,86,10396518,561406
ecdsa-P-521,keygen,87,10445833,564069
ecdsa-P-521,keygen,88,10398778,561528
ecdsa-P-521,keygen,89,10386704,560875
ecdsa-P-521,keygen,90,10397871,561479
ecdsa-P-521,keygen,91,10413907,562344
ecdsa-P-521,keygen,92,10400815,561638
ecdsa-P-521,keygen,93,10594111,572073
ecdsa-P-521,keygen,94,10439185,563709
ecdsa-P-521,keygen,95,10481315,565985
ecdsa-P-521,keygen,96,11536797,622979
ecdsa-P-521,keygen,97,10611278,573001
ecdsa-P-521,keygen,98,10481408,565989
ecdsa-P-521,keygen,99,10678759,576645
ecdsa-P-521,keygen,100,11663630,629829
ecdsa-P-521,keygen,101,10422926,562831
ecdsa-P-521,keygen,102,10524482,568314
ecdsa-P-521,keygen,103,11049945,596690
ecdsa-P-521,keygen,104,11519055,622021
ecdsa-P-521,keygen,105,10405592,561895
ecdsa-P-521,keygen,106,10461777,564928
ecdsa-P-521,keygen,107,10408722,562065
ecdsa-P-521,keygen,108,10491111,566514
ecdsa-P-521,keygen,109,10473889,565583
ecdsa-P-521,keygen,110,10408463,562050
ecdsa-P-521,keygen,111,10417519,562539
ecdsa-P-521,keygen,112,10411796,562230
ecdsa-P-521,keygen,113,10401815,561692
ecdsa-P-521,keygen,114,10416925,562507
ecdsa-P-521,keygen,115,10407315,561989
ecdsa-P-521,keygen,116,10418297,562581
ecdsa-P-521,keygen,117,10412519,562270
ecdsa-P-521,keygen,118,10396333,561396
ecdsa-P-521,keygen,119,10419982,562672
ecdsa-P-521,keygen,120,10401315,561664
ecdsa-P-521,keygen,121,10406944,561968
ecdsa-P-521,keygen,122,10405593,561895
ecdsa-P-521,keygen,123,10413037,562298
ecdsa-P-521,keygen,124,10401814,561692
ecdsa-P-521,keygen,125,10406926,561967
ecdsa-P-521,keygen,126,10446370,564097
ecdsa-P-521,keygen,127,10409463,562105
ecdsa-P-521,keygen,128,10399685,561577
ecdsa-P-521,keygen,129,10413796,562339
ecdsa-P-521,keygen,130,10418241,562579
ecdsa-P-521,keygen,131,10400981,561647
ecdsa-P-521,keygen,132,10406166,561926
ecdsa-P-521,keygen,133,10395833,561368
ecdsa-P-521,keygen,134,10400834,561639
ecdsa-P-521,keygen,135,10412297,562257
ecdsa-P-521,keygen,136,10398778,561528
ecdsa-P-521,keygen,137,10403019,561756
ecdsa-P-521,keygen,138,10403352,561774
ecdsa-P-521,keygen,139,10406333,561936
ecdsa-P-521,keygen,140,10404593,561842
ecdsa-P-521,keygen,141,10417240,562524
ecdsa-P-521,keygen,142,10448204,564196
ecdsa-P-521,keygen,143,10399888,561588
ecdsa-P-521,keygen,144,10425166,562953
ecdsa-P-521,keygen,145,10441111,563814
ecdsa-P-521,keygen,146,10420851,562720
ecdsa-P-521,keygen,147,10421945,562778
ecdsa-P-521,keygen,148,10395111,561330
ecdsa-P-521,keygen,149,10416463,562482
ecdsa-P-521,keygen,150,10408556,562054
ecdsa-P-521,keygen,151,10404611,561844
ecdsa-P-521,keygen,152,10406796,561961
ecdsa-P-521,keygen,153,10427741,563092
ecdsa-P-521,keygen,154,10461981,564941
ecdsa-P-521,keygen,155,10402760,561742
ecdsa-P-521,keygen,156,10394889,561317
ecdsa-P-521,keygen,157,10418167,562574
ecdsa-P-521,keygen,158,10404204,561820
ecdsa-P-521,keygen,159,10407981,562024
ecdsa-P-521,keygen,160,10399963,561591
ecdsa-P-521,keygen,161,10400926,561644
ecdsa-P-521,keygen,162,10405148,561872
ecdsa-P-521,keygen,163,10426722,563035
ecdsa-P-521,keygen,164,10395166,561332
ecdsa-P-521,keygen,165,10399889,561588
ecdsa-P-521,keygen,166,10410241,562145
ecdsa-P-521,keygen,167,10397407,561454
ecdsa-P-521,keygen,168,10393518,561244
ecdsa-P-521,keygen,169,10417000,562512
ecdsa-P-521,keygen,170,10400204,561605
ecdsa-P-521,keygen,171,10389685,561036
ecdsa-P-521,keygen,172,10403203,561767
ecdsa-P-521,keygen,173,10409593,562112
ecdsa-P-521,keygen,174,10470574,565404
ecdsa-P-521,keygen,175,10398130,561492
ecdsa-P-521,keygen,176,10397908,561481
ecdsa-P-521,keygen,177,10408167,562035
ecdsa-P-521,keygen,178,10394056,561273
ecdsa-P-521,keygen,179,10398370,561505
ecdsa-P-521,keygen,180,10395926,561373
ecdsa-P-521,keygen,181,10417334,562530
ecdsa-P-521,keygen,182,10402148,561710
ecdsa-P-521,keygen,183,10401389,561668
ecdsa-P-521,keygen,184,10402908,561750
ecdsa-P-521,keygen,185,10398463,561510
ecdsa-P-521,keygen,186,10386166,560847
ecdsa-P-521,keygen,187,10401241,561661
ecdsa-P-521,keygen,188,10389203,561010
ecdsa-P-521,keygen,189,10410000,562133
ecdsa-P-521,keygen,190,10438222,563657
ecdsa-P-521,keygen,191,10402852,561747
ecdsa-P-521,keygen,192,10434926,563480
ecdsa-P-521,keygen,193,10402741,561742
ecdsa-P-521,keygen,194,10397870,561479
ecdsa-P-521,keygen,195,10414352,562369
ecdsa-P-521,keygen,196,10398907,561534
ecdsa-P-521,keygen,197,10404907,561857
ecdsa-P-521,keygen,198,10400907,561642
ecdsa-P-521,keygen,199,10393259,561229
ecdsa-P-521,keygen,200,10404481,561836
ecdsa-P-521,keygen,201,10437926,563641
ecdsa-P-521,keygen,202,10397407,561454
ecdsa-P-521,keygen,203,10596889,572224
ecdsa-P-521,keygen,204,10423907,562884
ecdsa-P-521,keygen,205,10484852,566174
ecdsa-P-521,keygen,206,11351592,612979
ecdsa-P-521,keygen,207,10765703,581340
ecdsa-P-521,keygen,208,10475334,565660
ecdsa-P-521,keygen,209,10492445,566585
ecdsa-P-521,keygen,210,11759629,635013
ecdsa-P-521,keygen,211,10543722,569354
ecdsa-P-521,keygen,212,10488889,566392
ecdsa-P-521,keygen,213,10859204,586389
ecdsa-P-521,keygen,214,11695037,631526
ecdsa-P-521,keygen,215,10416352,562476
ecdsa-P-521,keygen,216,10460148,564841
ecdsa-P-521,keygen,217,10401000,561647
ecdsa-P-521,keygen,218,10404686,561846
ecdsa-P-521,keygen,219,10401704,561686
ecdsa-P-521,keygen,220,10407352,561990
ecdsa-P-521,keygen,221,10423852,562881
ecdsa-P-521,keygen,222,10401778,561690
ecdsa-P-521,keygen,223,10414056,562353
ecdsa-P-521,keygen,224,10402796,561745
ecdsa-P-521,keygen,225,10408463,562051
ecdsa-P-521,keygen,226,10432537,563351
ecdsa-P-521,keygen,227,10449240,564252
ecdsa-P-521,keygen,228,10413630,562329
ecdsa-P-521,keygen,229,10440407,563775
ecdsa-P-521,keygen,230,10399444,561563
ecdsa-P-521,keygen,231,10423000,562835
ecdsa-P-521,keygen,232,10419574,562650
ecdsa-P-521,keygen,233,10408296,562040
ecdsa-P-521,keygen,234,10409944,562130
ecdsa-P-521,keygen,235,10415074,562407
ecdsa-P-521,keygen,236,10411741,562228
ecdsa-P-521,keygen,237,10424500,562917
ecdsa-P-521,keygen,238,10420555,562704
ecdsa-P-521,keygen,239,10419574,562651
ecdsa-P-521,keygen,240,10396815,561421
ecdsa-P-521,keygen,241,10413704,562333
ecdsa-P-521,keygen,242,10391593,561139
ecdsa-P-521,keygen,243,10412704,562279
ecdsa-P-521,keygen,244,10420537,562701
ecdsa-P-521,keygen,245,10419463,562644
ecdsa-P-521,keygen,246,10403297,561771
ecdsa-P-521,keygen,247,10403815,561799
ecdsa-P-521,keygen,248,10404444,561833
ecdsa-P-521,keygen,249,10415574,562434
ecdsa-P-521,keygen,250,10400944,561644
ecdsa-P-521,keygen,251,10405111,561870
ecdsa-P-521,keygen,252,10417833,562557
ecdsa-P-521,keygen,253,10459426,564802
ecdsa-P-521,keygen,254,10402870,561748
ecdsa-P-521,keygen,255,10397722,561470
ecdsa-P-521,keygen,256,10413907,562343
ecdsa-P-521,keygen,257,10396092,561383
ecdsa-P-521,keygen,258,10427223,563063
ecdsa-P-521,keygen,259,10424296,562906
ecdsa-P-521,keygen,260,10400574,561625
ecdsa-P-521,keygen,261,10406093,561922
ecdsa-P-521,keygen,262,10397315,561449
ecdsa-P-521,keygen,263,10419000,562619
ecdsa-P-521,keygen,264,10405166,561872
ecdsa-P-521,keygen,265,10399055,561541
ecdsa-P-521,keygen,266,10409111,562086
ecdsa-P-521,keygen,267,10397223,561443
ecdsa-P-521,keygen,268,10416722,562496
ecdsa-P-521,keygen,269,10412667,562277
ecdsa-P-521,keygen,270,10406834,561962
ecdsa-P-521,keygen,271,10406740,561957
ecdsa-P-521,keygen,272,10398241,561499
ecdsa-P-521,keygen,273,10430945,563265
ecdsa-P-521,keygen,274,10436611,563570
ecdsa-P-521,keygen,275,10410352,562152
ecdsa-P-521,keygen,276,10434037,563432
ecdsa-P-521,keygen,277,10419148,562628
ecdsa-P-521,keygen,278,10404481,561836
ecdsa-P-521,keygen,279,10410315,562150
ecdsa-P-521,keygen,280,10411074,562191
ecdsa-P-521,keygen,281,10417204,562523
ecdsa-P-521,keygen,282,10441722,563847
ecdsa-P-521,keygen,283,10408056,562029
ecdsa-P-521,keygen,284,10407871,562019
ecdsa-P-521,keygen,285,10400500,561621
ecdsa-P-521,keygen,286,10403333,561773
ecdsa-P-521,keygen,287,10418945,562617
ecdsa-P-521,keygen,288,10398481,561512
ecdsa-P-521,keygen,289,10411334,562206
ecdsa-P-521,keygen,290,10404037,561812
ecdsa-P-521,keygen,291,10412704,562280
ecdsa-P-521,keygen,292,10412556,562270
ecdsa-P-521,keygen,293,10396926,561428
ecdsa-P-521,keygen,294,10405426,561887
ecdsa-P-521,keygen,295,10415537,562433
ecdsa-P-521,keygen,296,10402204,561712
ecdsa-P-521,keygen,297,10415833,562449
ecdsa-P-521,keygen,298,10469259,565334
ecdsa-P-521,keygen,299,10410000,562134
ecdsa-P-521,keygen,300,10404260,561822
ecdsa-P-521,keygen,301,10410334,562151
ecdsa-P-521,keygen,302,10422296,562797
ecdsa-P-521,keygen,303,10469482,565346
ecdsa-P-521,keygen,304,10410352,562151
ecdsa-P-521,keygen,305,10396777,561419
ecdsa-P-521,keygen,306,10400574,561625
ecdsa-P-521,keygen,307,10416222,562470
ecdsa-P-521,keygen,308,10395611,561356
ecdsa-P-521,keygen,309,10404167,561819
ecdsa-P-521,keygen,310,10398018,561487
ecdsa-P-521,keygen,311,10403704,561794
ecdsa-P-521,keygen,312,10400444,561617
ecdsa-P-521,keygen,313,10629908,574008
ecdsa-P-521,keygen,314,10429370,563178
ecdsa-P-521,keygen,315,10468352,565284
ecdsa-P-521,keygen,316,11107241,599783
ecdsa-P-521,keygen,317,11025259,595356
ecdsa-P-521,keygen,318,10499778,566981
ecdsa-P-521,keygen,319,10431722,563298
ecdsa-P-521,keygen,320,10921389,589739
ecdsa-P-521,keygen,321,10475629,565676
ecdsa-P-521,keygen,322,10407926,562020
ecdsa-P-521,keygen,323,10413796,562331
ecdsa-P-521,keygen,324,10418741,562606
ecdsa-P-521,keygen,325,10412352,562259
ecdsa-P-521,keygen,326,10409815,562123
ecdsa-P-521,keygen,327,10403759,561797
ecdsa-P-521,keygen,328,10401296,561662
ecdsa-P-521,keygen,329,10412093,562246
ecdsa-P-521,keygen,330,10546649,569511
ecdsa-P-521,keygen,331,10419018,562620
ecdsa-P-521,keygen,332,10393370,561234
ecdsa-P-521,keygen,333,10406334,561934
ecdsa-P-521,keygen,334,10401370,561666
ecdsa-P-521,keygen,335,10400482,561618
ecdsa-P-521,keygen,336,10400870,561640
ecdsa-P-521,keygen,337,10398426,561509
ecdsa-P-521,keygen,338,10437667,563627
ecdsa-P-521,keygen,339,10399667,561574
ecdsa-P-521,keygen,340,10389519,561027
ecdsa-P-521,keygen,341,10397056,561434
ecdsa-P-521,keygen,342,10390796,561096
ecdsa-P-521,keygen,343,10401148,561655
ecdsa-P-521,keygen,344,10402630,561735
ecdsa-P-521,keygen,345,10502463,567124
ecdsa-P-521,keygen,346,10426741,563037
ecdsa-P-521,keygen,347,10403926,561806
ecdsa-P-521,keygen,348,10412407,562264
ecdsa-P-521,keygen,349,10420408,562692
ecdsa-P-521,keygen,350,10406388,561938
ecdsa-P-521,keygen,351,10413352,562314
ecdsa-P-521,keygen,352,10401556,561677
ecdsa-P-521,keygen,353,10514426,567763
ecdsa-P-521,keygen,354,10454759,564548
ecdsa-P-521,keygen,355,10420093,562678
ecdsa-P-521,keygen,356,10408093,562030
ecdsa-P-521,keygen,357,10408944,562075
ecdsa-P-521,keygen,358,10445778,564065
ecdsa-P-521,keygen,359,10406222,561929
ecdsa-P-521,keygen,360,10406852,561963
ecdsa-P-521,keygen,361,10443111,563920
ecdsa-P-521,keygen,362,10413260,562310
ecdsa-P-521,keygen,363,10407852,562017
ecdsa-P-521,keygen,364,10403648,561789
ecdsa-P-521,keygen,365,10399611,561571
ecdsa-P-521,keygen,366,10430500,563239
ecdsa-P-521,keygen,367,10421592,562760
ecdsa-P-521,keygen,368,10403222,561768
ecdsa-P-521,keygen,369,10413592,562327
ecdsa-P-521,keygen,370,10401167,561657
ecdsa-P-521,keygen,371,10406944,561968
ecdsa-P-521,keygen,372,10407723,562010
ecdsa-P-521,keygen,373,10416629,562490
ecdsa-P-521,keygen,374,10404482,561835
ecdsa-P-521,keygen,375,10409018,562080
ecdsa-P-521,keygen,376,10402297,561716
ecdsa-P-521,keygen,377,10410963,562185
ecdsa-P-521,keygen,378,10397537,561459
ecdsa-P-521,keygen,379,10404018,561809
ecdsa-P-521,keygen,380,10395240,561335
ecdsa-P-521,keygen,381,10424926,562939
ecdsa-P-521,keygen,382,10407241,561984
ecdsa-P-521,keygen,383,10406370,561938
ecdsa-P-521,keygen,384,10398982,561538
ecdsa-P-521,keygen,385,10408519,562053
ecdsa-P-521,keygen,386,10405518,561892
ecdsa-P-521,keygen,387,10406777,561960
ecdsa-P-521,keygen,388,10416148,562466
ecdsa-P-521,keygen,389,10407463,561996
ecdsa-P-521,keygen,390,10396908,561426
ecdsa-P-521,keygen,391,10400685,561630
ecdsa-P-521,keygen,392,10402204,561712
ecdsa-P-521,keygen,393,10410352,562152
ecdsa-P-521,keygen,394,10407889,562019
ecdsa-P-521,keygen,395,10402833,561746
ecdsa-P-521,keygen,396,10407593,562003
ecdsa-P-521,keygen,397,10423760,562876
ecdsa-P-521,keygen,398,10409204,562089
ecdsa-P-521,keygen,399,10420481,562698
ecdsa-P-521,keygen,400,10395648,561359
ecdsa-P-521,keygen,401,10400778,561634
ecdsa-P-521,keygen,402,10431111,563274
ecdsa-P-521,keygen,403,10411352,562207
ecdsa-P-521,keygen,404,10404463,561834
ecdsa-P-521,keygen,405,10429463,563184
ecdsa-P-521,keygen,406,10443389,563937
ecdsa-P-521,keygen,407,10419351,562637
ecdsa-P-521,keygen,408,10407056,561974
ecdsa-P-521,keygen,409,10418944,562615
ecdsa-P-521,keygen,410,10419426,562641
ecdsa-P-521,keygen,411,10445649,564058
ecdsa-P-521,keygen,412,10402371,561721
ecdsa-P-521,keygen,413,10409148,562088
ecdsa-P-521,keygen,414,10406130,561924
ecdsa-P-521,keygen,415,10410445,562156
ecdsa-P-521,keygen,416,10409222,562091
ecdsa-P-521,keygen,417,10409463,562104
ecdsa-P-521,keygen,418,10397185,561441
ecdsa-P-521,keygen,419,10417278,562525
ecdsa-P-521,keygen,420,10405370,561882
ecdsa-P-521,keygen,421,10416222,562469
ecdsa-P-521,keygen,422,10402112,561706
ecdsa-P-521,keygen,423,10406500,561943
ecdsa-P-521,keygen,424,10432685,563358
ecdsa-P-521,keygen,425,10409463,562105
ecdsa-P-521,keygen,426,10504889,567254
ecdsa-P-521,keygen,427,10494037,566669
ecdsa-P-521,keygen,428,10461797,564929
ecdsa-P-521,keygen,429,10423852,562880
ecdsa-P-521,keygen,430,10401371,561667
ecdsa-P-521,keygen,431,10410297,562148
ecdsa-P-521,keygen,432,10465518,565132
ecdsa-P-521,keygen,433,10400445,561616
ecdsa-P-521,keygen,434,10425555,562972
ecdsa-P-521,keygen,435,10405222,561874
ecdsa-P-521,keygen,436,10391574,561139
ecdsa-P-521,keygen,437,10399037,561541
ecdsa-P-521,keygen,438,10393555,561244
ecdsa-P-521,keygen,439,10402814,561746
ecdsa-P-521,keygen,440,10401333,561665
ecdsa-P-521,keygen,441,10398648,561520
ecdsa-P-521,keygen,442,10418463,562590
ecdsa-P-521,keygen,443,10400093,561598
ecdsa-P-521,keygen,444,10396223,561389
ecdsa-P-521,keygen,445,10412926,562290
ecdsa-P-521,keygen,446,10395870,561371
ecdsa-P-521,keygen,447,10407407,561993
ecdsa-P-521,keygen,448,10397574,561462
ecdsa-P-521,keygen,449,10398038,561488
ecdsa-P-521,keygen,450,10434667,563465
ecdsa-P-521,keygen,451,10385538,560811
ecdsa-P-521,keygen,452,10398667,561521
ecdsa-P-521,keygen,453,10407760,562012
ecdsa-P-521,keygen,454,10444870,564016
ecdsa-P-521,keygen,455,10407352,561990
ecdsa-P-521,keygen,456,10390834,561098
ecdsa-P-521,keygen,457,10401704,561684
ecdsa-P-521,keygen,458,10393592,561246
ecdsa-P-521,keygen,459,10441834,563853
ecdsa-P-521,keygen,460,10417241,562524
ecdsa-P-521,keygen,461,10401445,561671
ecdsa-P-521,keygen,462,10400759,561634
ecdsa-P-521,keygen,463,10404703,561847
ecdsa-P-521,keygen,464,10397074,561434
ecdsa-P-521,keygen,465,10395204,561333
ecdsa-P-521,keygen,466,10389963,561050
ecdsa-P-521,keygen,467,10417333,562530
ecdsa-P-521,keygen,468,10406667,561953
ecdsa-P-521,keygen,469,10420666,562702
ecdsa-P-521,keygen,470,10435296,563499
ecdsa-P-521,keygen,471,10391296,561123
ecdsa-P-521,keygen,472,10401129,561655
ecdsa-P-521,keygen,473,10404500,561836
ecdsa-P-521,keygen,474,10442778,563903
ecdsa-P-521,keygen,475,10402963,561754
ecdsa-P-521,keygen,476,10393797,561258
ecdsa-P-521,keygen,477,10394796,561312
ecdsa-P-521,keygen,478,10400314,561610
ecdsa-P-521,keygen,479,10400481,561619
ecdsa-P-521,keygen,480,10409556,562108
ecdsa-P-521,keygen,481,10385593,560815
ecdsa-P-521,keygen,482,10397482,561458
ecdsa-P-521,keygen,483,10397130,561437
ecdsa-P-521,keygen,484,10402055,561704
ecdsa-P-521,keygen,485,10402814,561746
ecdsa-P-521,keygen,486,10395241,561336
ecdsa-P-521,keygen,487,10395334,561340
ecdsa-P-521,keygen,488,10396926,561427
ecdsa-P-521,keygen,489,10414593,562381
ecdsa-P-521,keygen,490,10435760,563524
ecdsa-P-521,keygen,491,10388926,560996
ecdsa-P-521,keygen,492,10400389,561613
ecdsa-P-521,keygen,493,10411518,562215
ecdsa-P-521,keygen,494,10392371,561180
ecdsa-P-521,keygen,495,10425000,562942
ecdsa-P-521,keygen,496,10403667,561791
ecdsa-P-521,keygen,497,10411149,562194
ecdsa-P-521,keygen,498,10395111,561329
ecdsa-P-521,keygen,499,10399037,561541
ecdsa-P-521,keygen,500,10396963,561428
ecdsa-P-521,keygen,501,10395204,561334
ecdsa-P-521,keygen,502,10403630,561790
ecdsa-P-521,keygen,503,10399981,561592
ecdsa-P-521,keygen,504,10396074,561381
ecdsa-P-521,keygen,505,10401093,561652
ecdsa-P-521,keygen,506,10389723,561037
ecdsa-P-521,keygen,507,10400926,561644
ecdsa-P-521,keygen,508,10401185,561657
ecdsa-P-521,keygen,509,10390000,561053
ecdsa-P-521,keygen,510,10419519,562646
ecdsa-P-521,keygen,511,10391537,561135
ecdsa-P-521,keygen,512,10392463,561186
ecdsa-P-521,keygen,513,10401241,561660
ecdsa-P-521,keygen,514,10439056,563703
ecdsa-P-521,keygen,515,10399908,561587
ecdsa-P-521,keygen,516,10388722,560983
ecdsa-P-521,keygen,517,10402370,561722
ecdsa-P-521,keygen,518,10401092,561652
ecdsa-P-521,keygen,519,10392981,561214
ecdsa-P-521,keygen,520,10399778,561582
ecdsa-P-521,keygen,521,10404260,561823
ecdsa-P-521,keygen,522,10537186,568998
ecdsa-P-521,keygen,523,10410481,562160
ecdsa-P-521,keygen,524,10400852,561639
ecdsa-P-521,keygen,525,10397352,561450
ecdsa-P-521,keygen,526,10426833,563042
ecdsa-P-521,keygen,527,10398223,561497
ecdsa-P-521,keygen,528,10422703,562818
ecdsa-P-521,keygen,529,10396278,561391
ecdsa-P-521,keygen,530,10395426,561346
ecdsa-P-521,keygen,531,10398555,561515
ecdsa-P-521,keygen,532,10410778,562176
ecdsa-P-521,keygen,533,10406555,561946
ecdsa-P-521,keygen,534,10392278,561177
ecdsa-P-521,keygen,535,10403278,561770
ecdsa-P-521,keygen,536,10414222,562362
ecdsa-P-521,keygen,537,10391297,561123
ecdsa-P-521,keygen,538,10408722,562063
ecdsa-P-521,keygen,539,10398759,561526
ecdsa-P-521,keygen,540,10417129,562516
ecdsa-P-521,keygen,541,10406796,561959
ecdsa-P-521,keygen,542,10386296,560854
ecdsa-P-521,keygen,543,10421481,562753
ecdsa-P-521,keygen,544,10387815,560935
ecdsa-P-521,keygen,545,10411074,562192
ecdsa-P-521,keygen,546,10395241,561336
ecdsa-P-521,keygen,547,10396648,561412
ecdsa-P-521,keygen,548,10401500,561673
ecdsa-P-521,keygen,549,10390926,561104
ecdsa-P-521,keygen,550,10401981,561700
ecdsa-P-521,keygen,551,10397223,561443
ecdsa-P-521,keygen,552,10387130,560898
ecdsa-P-521,keygen,553,10426667,563033
ecdsa-P-521,keygen,554,10392685,561199
ecdsa-P-521,keygen,555,10408407,562046
ecdsa-P-521,keygen,556,10419925,562669
ecdsa-P-521,keygen,557,10393055,561217
ecdsa-P-521,keygen,558,10454444,564532
ecdsa-P-521,keygen,559,10389777,561041
ecdsa-P-521,keygen,560,10396945,561428
ecdsa-P-521,keygen,561,10424889,562937
ecdsa-P-521,keygen,562,10410648,562168
ecdsa-P-521,keygen,563,10395148,561332
ecdsa-P-521,keygen,564,10396278,561392
ecdsa-P-521,keygen,565,10419574,562651
ecdsa-P-521,keygen,566,10395445,561347
ecdsa-P-521,keygen,567,10420112,562680
ecdsa-P-521,keygen,568,10400500,561621
ecdsa-P-521,keygen,569,10390093,561059
ecdsa-P-521,keygen,570,10403537,561785
ecdsa-P-521,keygen,571,10400982,561647
ecdsa-P-521,keygen,572,10388408,560966
ecdsa-P-521,keygen,573,10390723,561092
ecdsa-P-521,keygen,574,10418778,562607
ecdsa-P-521,keygen,575,11066186,597566
ecdsa-P-521,keygen,576,10450574,564324
ecdsa-P-521,keygen,577,10447519,564160
ecdsa-P-521,keygen,578,10408815,562069
ecdsa-P-521,keygen,579,10414703,562388
ecdsa-P-521,keygen,580,10393408,561237
ecdsa-P-521,keygen,581,10412722,562280
ecdsa-P-521,keygen,582,10400426,561616
ecdsa-P-521,keygen,583,10410852,562179
ecdsa-P-521,keygen,584,10403963,561807
ecdsa-P-521,keygen,585,10405649,561898
ecdsa-P-521,keygen,586,10400796,561637
ecdsa-P-521,keygen,587,10398630,561519
ecdsa-P-521,keygen,588,10476019,565697
ecdsa-P-521,keygen,589,10406629,561952
ecdsa-P-521,keygen,590,10388611,560979
ecdsa-P-521,keygen,591,10405111,561870
ecdsa-P-521,keygen,592,10390352,561073
ecdsa-P-521,keygen,593,10415204,562414
ecdsa-P-521,keygen,594,10400370,561613
ecdsa-P-521,keygen,595,10389315,561016
ecdsa-P-521,keygen,596,10435204,563494
ecdsa-P-521,keygen,597,10388944,560996
ecdsa-P-521,keygen,598,10427129,563059
ecdsa-P-521,keygen,599,10452907,564449
ecdsa-P-521,keygen,600,10407759,562012
ecdsa-P-521,keygen,601,10451648,564382
ecdsa-P-521,keygen,602,10407352,561991
ecdsa-P-521,keygen,603,10437185,563601
ecdsa-P-521,keygen,604,10402037,561703
ecdsa-P-521,keygen,605,10406130,561925
ecdsa-P-521,keygen,606,10403926,561805
ecdsa-P-521,keygen,607,10404148,561818
ecdsa-P-521,keygen,608,10399926,561589
ecdsa-P-521,keygen,609,10407963,562024
ecdsa-P-521,keygen,610,10410870,562181
ecdsa-P-521,keygen,611,10415852,562449
ecdsa-P-521,keygen,612,10406389,561939
ecdsa-P-521,keygen,613,10417111,562518
ecdsa-P-521,keygen,614,10459852,564825
ecdsa-P-521,keygen,615,10394370,561289
ecdsa-P-521,keygen,616,10412649,562276
ecdsa-P-521,keygen,617,10409112,562086
ecdsa-P-521,keygen,618,10396463,561403
ecdsa-P-521,keygen,619,10420666,562710
ecdsa-P-521,keygen,620,10394519,561298
ecdsa-P-521,keygen,621,10407037,561974
ecdsa-P-521,keygen,622,10473833,565580
ecdsa-P-521,keygen,623,10403111,561760
ecdsa-P-521,keygen,624,10399166,561549
ecdsa-P-521,keygen,625,10390333,561071
ecdsa-P-521,keygen,626,10400093,561599
ecdsa-P-521,keygen,627,10403630,561790
ecdsa-P-521,keygen,628,10394445,561294
ecdsa-P-521,keygen,629,10398055,561489
ecdsa-P-521,keygen,630,10412241,562254
ecdsa-P-521,keygen,631,10413481,562321
ecdsa-P-521,keygen,632,10403630,561789
ecdsa-P-521,keygen,633,10393574,561247
ecdsa-P-521,keygen,634,10405130,561870
ecdsa-P-521,keygen,635,10397426,561453
ecdsa-P-521,keygen,636,10403796,561798
ecdsa-P-521,keygen,637,10410093,562138
ecdsa-P-521,keygen,638,10389056,561002
ecdsa-P-521,keygen,639,10407963,562024
ecdsa-P-521,keygen,640,10389667,561035
ecdsa-P-521,keygen,641,10403259,561769
ecdsa-P-521,keygen,642,10399296,561555
ecdsa-P-521,keygen,643,10422815,562825
ecdsa-P-521,keygen,644,10389203,561011
ecdsa-P-521,keygen,645,10609500,572900
ecdsa-P-521,keygen,646,10465648,565137
ecdsa-P-521,keygen,647,10634463,574254
ecdsa-P-521,keygen,648,11487314,620308
ecdsa-P-521,keygen,649,10417222,562522
ecdsa-P-521,keygen,650,10483352,566094
ecdsa-P-521,keygen,651,10901741,588686
ecdsa-P-521,keygen,652,11236223,606738
ecdsa-P-521,keygen,653,10416703,562496
ecdsa-P-521,keygen,654,10420796,562716
ecdsa-P-521,keygen,655,10665518,575930
ecdsa-P-521,keygen,656,11389222,615009
ecdsa-P-521,keygen,657,10471908,565474
ecdsa-P-521,keygen,658,10425352,562962
ecdsa-P-521,keygen,659,10399982,561593
ecdsa-P-521,keygen,660,10424370,562909
ecdsa-P-521,keygen,661,10392352,561181
ecdsa-P-521,keygen,662,10406704,561954
ecdsa-P-521,keygen,663,10422908,562829
ecdsa-P-521,keygen,664,10408222,562037
ecdsa-P-521,keygen,665,10443370,563936
ecdsa-P-521,keygen,666,10385926,560834
ecdsa-P-521,keygen,667,10400648,561628
ecdsa-P-521,keygen,668,10400741,561634
ecdsa-P-521,keygen,669,10409685,562115
ecdsa-P-521,keygen,670,10450593,564326
ecdsa-P-521,keygen,671,10399222,561551
ecdsa-P-521,keygen,672,10402111,561706
ecdsa-P-521,keygen,673,10452352,564419
ecdsa-P-521,keygen,674,10407907,562020
ecdsa-P-521,keygen,675,10411037,562188
ecdsa-P-521,keygen,676,10392260,561175
ecdsa-P-521,keygen,677,10402574,561733
ecdsa-P-521,keygen,678,10393222,561226
ecdsa-P-521,keygen,679,10408833,562071
ecdsa-P-521,keygen,680,10415926,562452
ecdsa-P-521,keygen,681,10399166,561547
ecdsa-P-521,keygen,682,10391685,561143
ecdsa-P-521,keygen,683,10391240,561120
ecdsa-P-521,keygen,684,10395445,561346
ecdsa-P-521,keygen,685,10405056,561865
ecdsa-P-521,keygen,686,10414778,562390
ecdsa-P-521,keygen,687,10396408,561399
ecdsa-P-521,keygen,688,10388000,560945
ecdsa-P-521,keygen,689,10400778,561634
ecdsa-P-521,keygen,690,10395815,561368
ecdsa-P-521,keygen,691,10388426,560969
ecdsa-P-521,keygen,692,10397555,561461
ecdsa-P-521,keygen,693,10407852,562016
ecdsa-P-521,keygen,694,10403092,561759
ecdsa-P-521,keygen,695,10405093,561868
ecdsa-P-521,keygen,696,10387648,560927
ecdsa-P-521,keygen,697,10444667,564005
ecdsa-P-521,keygen,698,10387556,560920
ecdsa-P-521,keygen,699,10421981,562780
ecdsa-P-521,keygen,700,10410722,562172
ecdsa-P-521,keygen,701,10408611,562058
ecdsa-P-521,keygen,702,10423648,562869
ecdsa-P-521,keygen,703,10405074,561866
ecdsa-P-521,keygen,704,10403611,561788
ecdsa-P-521,keygen,705,10440130,563760
ecdsa-P-521,keygen,706,10438592,563677
ecdsa-P-521,keygen,707,10412925,562291
ecdsa-P-521,keygen,708,10426056,562999
ecdsa-P-521,keygen,709,10401519,561674
ecdsa-P-521,keygen,710,10437593,563624
ecdsa-P-521,keygen,711,10430778,563254
ecdsa-P-521,keygen,712,10423444,562857
ecdsa-P-521,keygen,713,10405297,561879
ecdsa-P-521,keygen,714,10393148,561224
ecdsa-P-521,keygen,715,10401260,561662
ecdsa-P-521,keygen,716,10389056,561002
ecdsa-P-521,keygen,717,10402704,561738
ecdsa-P-521,keygen,718,10393111,561221
ecdsa-P-521,keygen,719,10390074,561057
ecdsa-P-521,keygen,720,10397296,561447
ecdsa-P-521,keygen,721,10393667,561250
ecdsa-P-521,keygen,722,10399167,561547
ecdsa-P-521,keygen,723,10401222,561660
ecdsa-P-521,keygen,724,10393815,561258
ecdsa-P-521,keygen,725,10399685,561576
ecdsa-P-521,keygen,726,10387055,560894
ecdsa-P-521,keygen,727,10400056,561596
ecdsa-P-521,keygen,728,10400333,561611
ecdsa-P-521,keygen,729,10406000,561918
ecdsa-P-521,keygen,730,10416741,562497
ecdsa-P-521,keygen,731,10391259,561121
ecdsa-P-521,keygen,732,10422222,562792
ecdsa-P-521,keygen,733,10396314,561394
ecdsa-P-521,keygen,734,10391723,561146
ecdsa-P-521,keygen,735,10438519,563673
ecdsa-P-521,keygen,736,10389185,561010
ecdsa-P-521,keygen,737,10395111,561329
ecdsa-P-521,keygen,738,10405815,561906
ecdsa-P-521,keygen,739,10400944,561643
ecdsa-P-521,keygen,740,10451352,564365
ecdsa-P-521,keygen,741,10422519,562809
ecdsa-P-521,keygen,742,10404223,561821
ecdsa-P-521,keygen,743,10405259,561876
ecdsa-P-521,keygen,744,10399260,561554
ecdsa-P-521,keygen,745,10410593,562166
ecdsa-P-521,keygen,746,10402518,561729
ecdsa-P-521,keygen,747,10406796,561960
ecdsa-P-521,keygen,748,10402648,561736
ecdsa-P-521,keygen,749,10400537,561622
ecdsa-P-521,keygen,750,10405482,561888
ecdsa-P-521,keygen,751,10420741,562713
ecdsa-P-521,keygen,752,10400537,561622
ecdsa-P-521,keygen,753,10423297,562851
ecdsa-P-521,keygen,754,10434111,563436
ecdsa-P-521,keygen,755,10479074,565862
ecdsa-P-521,keygen,756,10402685,561738
ecdsa-P-521,keygen,757,10431556,563297
ecdsa-P-521,keygen,758,10722574,579010
ecdsa-P-521,keygen,759,10842445,585483
ecdsa-P-521,keygen,760,10396055,561380
ecdsa-P-521,keygen,761,10429981,563210
ecdsa-P-521,keygen,762,10852759,586041
ecdsa-P-521,keygen,763,10940333,590769
ecdsa-P-521,keygen,764,10407148,561978
ecdsa-P-521,keygen,765,10394185,561278
ecdsa-P-521,keygen,766,10652092,575204
ecdsa-P-521,keygen,767,11362204,613550
ecdsa-P-521,keygen,768,10396407,561399
ecdsa-P-521,keygen,769,10402500,561728
ecdsa-P-521,keygen,770,10398685,561522
ecdsa-P-521,keygen,771,10390852,561098
ecdsa-P-521,keygen,772,10398389,561505
ecdsa-P-521,keygen,773,10394926,561320
ecdsa-P-521,keygen,774,10421092,562732
ecdsa-P-521,keygen,775,10397259,561444
ecdsa-P-521,keygen,776,10399129,561546
ecdsa-P-521,keygen,777,10399389,561559
ecdsa-P-521,keygen,778,10400500,561620
ecdsa-P-521,keygen,779,10404908,561858
ecdsa-P-521,keygen,780,10440556,563783
ecdsa-P-521,keygen,781,10396240,561389
ecdsa-P-521,keygen,782,10404981,561862
ecdsa-P-521,keygen,783,10401963,561698
ecdsa-P-521,keygen,784,10388463,560970
ecdsa-P-521,keygen,785,10397462,561456
ecdsa-P-521,keygen,786,10390278,561068
ecdsa-P-521,keygen,787,10410926,562183
ecdsa-P-521,keygen,788,10402463,561726
ecdsa-P-521,keygen,789,10450852,564338
ecdsa-P-521,keygen,790,10442537,563889
ecdsa-P-521,keygen,791,10398333,561503
ecdsa-P-521,keygen,792,10399741,561578
ecdsa-P-521,keygen,793,10408574,562055
ecdsa-P-521,keygen,794,10423445,562858
ecdsa-P-521,keygen,795,10403574,561786
ecdsa-P-521,keygen,796,10420352,562691
ecdsa-P-521,keygen,797,10402130,561708
ecdsa-P-521,keygen,798,10404019,561810
ecdsa-P-521,keygen,799,10392407,561182
ecdsa-P-521,keygen,800,10411908,562236
ecdsa-P-521,keygen,801,10393222,561228
ecdsa-P-521,keygen,802,10439481,563724
ecdsa-P-521,keygen,803,10397963,561483
ecdsa-P-521,keygen,804,10424130,562896
ecdsa-P-521,keygen,805,10398167,561494
ecdsa-P-521,keygen,806,10396166,561386
ecdsa-P-521,keygen,807,10406222,561929
ecdsa-P-521,keygen,808,10403518,561783
ecdsa-P-521,keygen,809,10401444,561670
ecdsa-P-521,keygen,810,10422685,562817
ecdsa-P-521,keygen,811,10387926,560941
ecdsa-P-521,keygen,812,10406444,561940
ecdsa-P-521,keygen,813,10409203,562090
ecdsa-P-521,keygen,814,10389796,561042
ecdsa-P-521,keygen,815,10394426,561292
ecdsa-P-521,keygen,816,10393518,561244
ecdsa-P-521,keygen,817,10393778,561257
ecdsa-P-521,keygen,818,10409630,562113
ecdsa-P-521,keygen,819,10421111,562732
ecdsa-P-521,keygen,820,10388944,560996
ecdsa-P-521,keygen,821,10399593,561571
ecdsa-P-521,keygen,822,10401666,561682
ecdsa-P-521,keygen,823,10406537,561945
ecdsa-P-521,keygen,824,10394982,561323
ecdsa-P-521,keygen,825,10427871,563098
ecdsa-P-521,keygen,826,10394407,561291
ecdsa-P-521,keygen,827,10403111,561762
ecdsa-P-521,keygen,828,10399778,561582
ecdsa-P-521,keygen,829,10400593,561625
ecdsa-P-521,keygen,830,10405537,561892
ecdsa-P-521,keygen,831,10387648,560926
ecdsa-P-521,keygen,832,10400315,561610
ecdsa-P-521,keygen,833,10399833,561583
ecdsa-P-521,keygen,834,10388796,560988
ecdsa-P-521,keygen,835,10477333,565769
ecdsa-P-521,keygen,836,10387537,560919
ecdsa-P-521,keygen,837,10395500,561350
ecdsa-P-521,keygen,838,10429426,563182
ecdsa-P-521,keygen,839,10407389,561992
ecdsa-P-521,keygen,840,10398796,561529
ecdsa-P-521,keygen,841,10404259,561823
ecdsa-P-521,keygen,842,10522555,568209
ecdsa-P-521,keygen,843,10436630,563570
ecdsa-P-521,keygen,844,10404149,561816
ecdsa-P-521,keygen,845,10410166,562142
ecdsa-P-521,keygen,846,10394888,561316
ecdsa-P-521,keygen,847,10401111,561653
ecdsa-P-521,keygen,848,10404092,561814
ecdsa-P-521,keygen,849,10392667,561196
ecdsa-P-521,keygen,850,10394185,561279
ecdsa-P-521,keygen,851,10403166,561763
ecdsa-P-521,keygen,852,10387575,560922
ecdsa-P-521,keygen,853,10470926,565422
ecdsa-P-521,keygen,854,10395500,561350
ecdsa-P-521,keygen,855,10394833,561314
ecdsa-P-521,keygen,856,10395685,561359
ecdsa-P-521,keygen,857,10402241,561715
ecdsa-P-521,keygen,858,10402648,561737
ecdsa-P-521,keygen,859,10445278,564036
ecdsa-P-521,keygen,860,10398629,561519
ecdsa-P-521,keygen,861,10420111,562680
ecdsa-P-521,keygen,862,10399944,561589
ecdsa-P-521,keygen,863,10393555,561245
ecdsa-P-521,keygen,864,10419926,562669
ecdsa-P-521,keygen,865,10409018,562079
ecdsa-P-521,keygen,866,10401574,561677
ecdsa-P-521,keygen,867,10407648,562006
ecdsa-P-521,keygen,868,10536556,568967
ecdsa-P-521,keygen,869,11020722,595109
ecdsa-P-521,keygen,870,10421500,562754
ecdsa-P-521,keygen,871,10418130,562571
ecdsa-P-521,keygen,872,10602463,572525
ecdsa-P-521,keygen,873,11143315,601730
ecdsa-P-521,keygen,874,10418796,562607
ecdsa-P-521,keygen,875,10397908,561479
ecdsa-P-521,keygen,876,10610186,572941
ecdsa-P-521,keygen,877,11415260,616416
ecdsa-P-521,keygen,878,10438944,563696
ecdsa-P-521,keygen,879,10399166,561549
ecdsa-P-521,keygen,880,10401166,561656
ecdsa-P-521,keygen,881,10399463,561564
ecdsa-P-521,keygen,882,10402963,561752
ecdsa-P-521,keygen,883,10403130,561762
ecdsa-P-521,keygen,884,10391482,561133
ecdsa-P-521,keygen,885,10399445,561563
ecdsa-P-521,keygen,886,10438241,563658
ecdsa-P-521,keygen,887,10404259,561822
ecdsa-P-521,keygen,888,10404333,561827
ecdsa-P-521,keygen,889,10402351,561720
ecdsa-P-521,keygen,890,10398741,561525
ecdsa-P-521,keygen,891,10464203,565061
ecdsa-P-521,keygen,892,10394833,561313
ecdsa-P-521,keygen,893,10392315,561177
ecdsa-P-521,keygen,894,10389981,561052
ecdsa-P-521,keygen,895,10404908,561858
ecdsa-P-521,keygen,896,10390426,561076
ecdsa-P-521,keygen,897,10396759,561419
ecdsa-P-521,keygen,898,10402796,561745
ecdsa-P-521,keygen,899,10397907,561480
ecdsa-P-521,keygen,900,10400389,561614
ecdsa-P-521,keygen,901,10387019,560893
ecdsa-P-521,keygen,902,10422241,562795
ecdsa-P-521,keygen,903,10397648,561467
ecdsa-P-521,keygen,904,10396593,561408
ecdsa-P-521,keygen,905,10409074,562083
ecdsa-P-521,keygen,906,10396056,561380
ecdsa-P-521,keygen,907,10413278,562310
ecdsa-P-521,keygen,908,10426204,563006
ecdsa-P-521,keygen,909,10447834,564177
ecdsa-P-521,keygen,910,10399463,561562
ecdsa-P-521,keygen,911,10388463,560970
ecdsa-P-521,keygen,912,10404204,561821
ecdsa-P-521,keygen,913,10437778,563633
ecdsa-P-521,keygen,914,10388093,560949
ecdsa-P-521,keygen,915,10415186,562413
ecdsa-P-521,keygen,916,10410945,562184
ecdsa-P-521,keygen,917,10394130,561276
ecdsa-P-521,keygen,918,10445907,564072
ecdsa-P-521,keygen,919,10439278,563714
ecdsa-P-521,keygen,920,10398667,561522
ecdsa-P-521,keygen,921,10400408,561614
ecdsa-P-521,keygen,922,10405241,561876
ecdsa-P-521,keygen,923,10400389,561613
ecdsa-P-521,keygen,924,10395222,561334
ecdsa-P-521,keygen,925,10392778,561203
ecdsa-P-521,keygen,926,10391130,561113
ecdsa-P-521,keygen,927,10419056,562622
ecdsa-P-521,keygen,928,10405797,561906
ecdsa-P-521,keygen,929,10390815,561096
ecdsa-P-521,keygen,930,10444648,564002
ecdsa-P-521,keygen,931,10392277,561177
ecdsa-P-521,keygen,932,10439037,563701
ecdsa-P-521,keygen,933,10432889,563369
ecdsa-P-521,keygen,934,10389889,561046
ecdsa-P-521,keygen,935,10404223,561822
ecdsa-P-521,keygen,936,10407389,561992
ecdsa-P-521,keygen,937,10400148,561600
ecdsa-P-521,keygen,938,10401351,561665
ecdsa-P-521,keygen,939,10395685,561361
ecdsa-P-521,keygen,940,10402759,561741
ecdsa-P-521,keygen,941,10399555,561569
ecdsa-P-521,keygen,942,10399592,561570
ecdsa-P-521,keygen,943,10406333,561934
ecdsa-P-521,keygen,944,10394444,561293
ecdsa-P-521,keygen,945,10402611,561734
ecdsa-P-521,keygen,946,10442463,563887
ecdsa-P-521,keygen,947,10408574,562055
ecdsa-P-521,keygen,948,10428834,563151
ecdsa-P-521,keygen,949,10405760,561903
ecdsa-P-521,keygen,950,10399759,561580
ecdsa-P-521,keygen,951,10483667,566111
ecdsa-P-521,keygen,952,10392482,561187
ecdsa-P-521,keygen,953,10402704,561739
ecdsa-P-521,keygen,954,10424518,562916
ecdsa-P-521,keygen,955,10405241,561875
ecdsa-P-521,keygen,956,10400722,561633
ecdsa-P-521,keygen,957,10422481,562805
ecdsa-P-521,keygen,958,10445648,564057
ecdsa-P-521,keygen,959,10397277,561447
ecdsa-P-521,keygen,960,10396648,561412
ecdsa-P-521,keygen,961,10444463,563994
ecdsa-P-521,keygen,962,10439963,563750
ecdsa-P-521,keygen,963,10406444,561940
ecdsa-P-521,keygen,964,10399351,561558
ecdsa-P-521,keygen,965,10406722,561956
ecdsa-P-521,keygen,966,10405019,561864
ecdsa-P-521,keygen,967,10399740,561579
ecdsa-P-521,keygen,968,10397537,561460
ecdsa-P-521,keygen,969,10389686,561036
ecdsa-P-521,keygen,970,10416723,562496
ecdsa-P-521,keygen,971,10402259,561715
ecdsa-P-521,keygen,972,10391167,561116
ecdsa-P-521,keygen,973,10401833,561692
ecdsa-P-521,keygen,974,10393815,561260
ecdsa-P-521,keygen,975,10434408,563452
ecdsa-P-521,keygen,976,10407148,561979
ecdsa-P-521,keygen,977,10391722,561147
ecdsa-P-521,keygen,978,10399296,561554
ecdsa-P-521,keygen,979,11153778,602294
ecdsa-P-521,keygen,980,10402759,561742
ecdsa-P-521,keygen,981,10403370,561775
ecdsa-P-521,keygen,982,10418944,562616
ecdsa-P-521,keygen,983,11326592,611629
ecdsa-P-521,keygen,984,10409000,562079
ecdsa-P-521,keygen,985,10405834,561909
ecdsa-P-521,keygen,986,10401722,561685
ecdsa-P-521,keygen,987,11110018,599934
ecdsa-P-521,keygen,988,10930074,590215
ecdsa-P-521,keygen,989,10393963,561267
ecdsa-P-521,keygen,990,10423963,562886
ecdsa-P-521,keygen,991,10412760,562283
ecdsa-P-521,keygen,992,10395685,561359
ecdsa-P-521,keygen,993,10440130,563760
ecdsa-P-521,keygen,994,10404204,561819
ecdsa-P-521,keygen,995,10401407,561669
ecdsa-P-521,keygen,996,10393981,561268
ecdsa-P-521,keygen,997,10400389,561614
ecdsa-P-521,keygen,998,10395814,561366
ecdsa-P-521,keygen,999,10430129,563221
ecdsa-P-521,sign,0,11013000,594693
ecdsa-P-521,sign,1,11027389,595470
ecdsa-P-521,sign,2,11012833,594685
ecdsa-P-521,sign,3,11007167,594380
ecdsa-P-521,sign,4,11015037,594803
ecdsa-P-521,sign,5,10998148,593892
ecdsa-P-521,sign,6,11007092,594375
ecdsa-P-521,sign,7,11014500,594774
ecdsa-P-521,sign,8,11005593,594296
ecdsa-P-521,sign,9,10999241,593949
ecdsa-P-521,sign,10,11001611,594078
ecdsa-P-521,sign,11,11006963,594369
ecdsa-P-521,sign,12,11008352,594443
ecdsa-P-521,sign,13,11002352,594119
ecdsa-P-521,sign,14,11006315,594333
ecdsa-P-521,sign,15,11010630,594567
ecdsa-P-521,sign,16,11003241,594167
ecdsa-P-521,sign,17,11002148,594108
ecdsa-P-521,sign,18,11017704,594946
ecdsa-P-521,sign,19,11005908,594313
ecdsa-P-521,sign,20,11005334,594281
ecdsa-P-521,sign,21,11001019,594047
ecdsa-P-521,sign,22,11011149,594593
ecdsa-P-521,sign,23,11006148,594323
ecdsa-P-521,sign,24,11016426,594879
ecdsa-P-521,sign,25,11002815,594144
ecdsa-P-521,sign,26,11006130,594322
ecdsa-P-521,sign,27,11006944,594366
ecdsa-P-521,sign,28,11005000,594262
ecdsa-P-521,sign,29,11003185,594161
ecdsa-P-521,sign,30,11011389,594604
ecdsa-P-521,sign,31,11006759,594358
ecdsa-P-521,sign,32,11010222,594544
ecdsa-P-521,sign,33,11166945,603006
ecdsa-P-521,sign,34,11602537,626527
ecdsa-P-521,sign,35,11015000,594802
ecdsa-P-521,sign,36,11005241,594275
ecdsa-P-521,sign,37,11626907,627843
ecdsa-P-521,sign,38,11333463,611998
ecdsa-P-521,sign,39,11009277,594494
ecdsa-P-521,sign,40,11014944,594798
ecdsa-P-521,sign,41,11813648,637928
ecdsa-P-521,sign,42,11428704,617141
ecdsa-P-521,sign,43,11009389,594498
ecdsa-P-521,sign,44,10997593,593861
ecdsa-P-521,sign,45,11004352,594226
ecdsa-P-521,sign,46,11013667,594729
ecdsa-P-521,sign,47,11024093,595290
ecdsa-P-521,sign,48,11001815,594089
ecdsa-P-521,sign,49,11011074,594589
ecdsa-P-521,sign,50,11002815,594143
ecdsa-P-521,sign,51,11012852,594685
ecdsa-P-521,sign,52,11005203,594273
ecdsa-P-521,sign,53,11007149,594378
ecdsa-P-521,sign,54,11008556,594455
ecdsa-P-521,sign,55,11009667,594513
ecdsa-P-521,sign,56,10997352,593849
ecdsa-P-521,sign,57,11010426,594555
ecdsa-P-521,sign,58,11011722,594625
ecdsa-P-521,sign,59,11001852,594093
ecdsa-P-521,sign,60,11002315,594116
ecdsa-P-521,sign,61,10996092,593780
ecdsa-P-521,sign,62,11002408,594121
ecdsa-P-521,sign,63,11006759,594355
ecdsa-P-521,sign,64,11002777,594143
ecdsa-P-521,sign,65,11033870,595821
ecdsa-P-521,sign,66,11004833,594254
ecdsa-P-521,sign,67,11004074,594211
ecdsa-P-521,sign,68,11010371,594551
ecdsa-P-521,sign,69,11003259,594167
ecdsa-P-521,sign,70,11003482,594180
ecdsa-P-521,sign,71,11006797,594358
ecdsa-P-521,sign,72,11016982,594909
ecdsa-P-521,sign,73,10996407,593798
ecdsa-P-521,sign,74,11011667,594621
ecdsa-P-521,sign,75,11003963,594206
ecdsa-P-521,sign,76,11013667,594731
ecdsa-P-521,sign,77,10999981,593991
ecdsa-P-521,sign,78,11010277,594546
ecdsa-P-521,sign,79,11011277,594601
ecdsa-P-521,sign,80,11005852,594308
ecdsa-P-521,sign,81,10998629,593917
ecdsa-P-521,sign,82,11002075,594105
ecdsa-P-521,sign,83,11006222,594328
ecdsa-P-521,sign,84,10999352,593957
ecdsa-P-521,sign,85,11004129,594213
ecdsa-P-521,sign,86,11011056,594590
ecdsa-P-521,sign,87,11001648,594081
ecdsa-P-521,sign,88,11072741,597920
ecdsa-P-521,sign,89,10993778,593655
ecdsa-P-521,sign,90,11005222,594273
ecdsa-P-521,sign,91,11002463,594126
ecdsa-P-521,sign,92,10997444,593854
ecdsa-P-521,sign,93,10989741,593438
ecdsa-P-521,sign,94,11024537,595314
ecdsa-P-521,sign,95,11006685,594353
ecdsa-P-521,sign,96,11001018,594044
ecdsa-P-521,sign,97,10994056,593672
ecdsa-P-521,sign,98,10995315,593739
ecdsa-P-521,sign,99,10997759,593871
ecdsa-P-521,sign,100,11007611,594404
ecdsa-P-521,sign,101,10997574,593861
ecdsa-P-521,sign,102,10998685,593920
ecdsa-P-521,sign,103,11002796,594142
ecdsa-P-521,sign,104,11002500,594127
ecdsa-P-521,sign,105,10996963,593828
ecdsa-P-521,sign,106,11001370,594065
ecdsa-P-521,sign,107,11000444,594016
ecdsa-P-521,sign,108,11010426,594553
ecdsa-P-521,sign,109,10993666,593652
ecdsa-P-521,sign,110,10998241,593896
ecdsa-P-521,sign,111,11005333,594280
ecdsa-P-521,sign,112,11006186,594326
ecdsa-P-521,sign,113,11001259,594059
ecdsa-P-521,sign,114,11005481,594287
ecdsa-P-521,sign,115,10994778,593709
ecdsa-P-521,sign,116,11000222,594004
ecdsa-P-521,sign,117,10989796,593441
ecdsa-P-521,sign,118,10998592,593915
ecdsa-P-521,sign,119,11010056,594534
ecdsa-P-521,sign,120,11000611,594025
ecdsa-P-521,sign,121,10997000,593829
ecdsa-P-521,sign,122,10996666,593811
ecdsa-P-521,sign,123,11006407,594338
ecdsa-P-521,sign,124,10996741,593815
ecdsa-P-521,sign,125,10996777,593818
ecdsa-P-521,sign,126,11000703,594029
ecdsa-P-521,sign,127,10997500,593857
ecdsa-P-521,sign,128,11005074,594265
ecdsa-P-521,sign,129,10993444,593638
ecdsa-P-521,sign,130,11007982,594422
ecdsa-P-521,sign,131,11000463,594016
ecdsa-P-521,sign,132,11002963,594153
ecdsa-P-521,sign,133,10996260,593791
ecdsa-P-521,sign,134,11006334,594333
ecdsa-P-521,sign,135,11002852,594145
ecdsa-P-521,sign,136,10994944,593719
ecdsa-P-521,sign,137,11065018,597500
ecdsa-P-521,sign,138,11688889,631192
ecdsa-P-521,sign,139,11000759,594033
ecdsa-P-521,sign,140,11028907,595551
ecdsa-P-521,sign,141,11213981,605545
ecdsa-P-521,sign,142,11743741,634154
ecdsa-P-521,sign,143,10995222,593733
ecdsa-P-521,sign,144,10999555,593968
ecdsa-P-521,sign,145,11258778,607965
ecdsa-P-521,sign,146,11966240,646168
ecdsa-P-521,sign,147,11002166,594108
ecdsa-P-521,sign,148,10997704,593866
ecdsa-P-521,sign,149,10995166,593731
ecdsa-P-521,sign,150,10999463,593962
ecdsa-P-521,sign,151,10996463,593801
ecdsa-P-521,sign,152,10991019,593507
ecdsa-P-521,sign,153,11006334,594334
ecdsa-P-521,sign,154,11000000,593992
ecdsa-P-521,sign,155,11028019,595505
ecdsa-P-521,sign,156,10996018,593778
ecdsa-P-521,sign,157,10999389,593960
ecdsa-P-521,sign,158,11004871,594256
ecdsa-P-521,sign,159,11001093,594051
ecdsa-P-521,sign,160,10992482,593586
ecdsa-P-521,sign,161,11000611,594025
ecdsa-P-521,sign,162,10997500,593858
ecdsa-P-521,sign,163,11006055,594320
ecdsa-P-521,sign,164,11001648,594080
ecdsa-P-521,sign,165,10998277,593901
ecdsa-P-521,sign,166,11000111,593998
ecdsa-P-521,sign,167,11006333,594334
ecdsa-P-521,sign,168,10993481,593641
ecdsa-P-521,sign,169,11009907,594528
ecdsa-P-521,sign,170,10999629,593973
ecdsa-P-521,sign,171,10999500,593966
ecdsa-P-521,sign,172,10995352,593741
ecdsa-P-521,sign,173,10997537,593859
ecdsa-P-521,sign,174,10997796,593873
ecdsa-P-521,sign,175,11009889,594525
ecdsa-P-521,sign,176,10991148,593515
ecdsa-P-521,sign,177,11004592,594239
ecdsa-P-521,sign,178,11006648,594351
ecdsa-P-521,sign,179,11002167,594108
ecdsa-P-521,sign,180,10988260,593358
ecdsa-P-521,sign,181,11061611,597318
ecdsa-P-521,sign,182,10994703,593707
ecdsa-P-521,sign,183,10999760,593979
ecdsa-P-521,sign,184,10996222,593789
ecdsa-P-521,sign,185,11001297,594061
ecdsa-P-521,sign,186,11007407,594390
ecdsa-P-521,sign,187,11021778,595167
ecdsa-P-521,sign,188,10996056,593779
ecdsa-P-521,sign,189,11005574,594293
ecdsa-P-521,sign,190,11001407,594068
ecdsa-P-521,sign,191,10998796,593928
ecdsa-P-521,sign,192,10991648,593541
ecdsa-P-521,sign,193,11010018,594532
ecdsa-P-521,sign,194,10999555,593967
ecdsa-P-521,sign,195,11000148,594000
ecdsa-P-521,sign,196,10988760,593385
ecdsa-P-521,sign,197,11001722,594084
ecdsa-P-521,sign,198,11000963,594043
ecdsa-P-521,sign,199,10999371,593957
ecdsa-P-521,sign,200,11006037,594318
ecdsa-P-521,sign,201,10992297,593576
ecdsa-P-521,sign,202,11005870,594309
ecdsa-P-521,sign,203,10999888,593985
ecdsa-P-521,sign,204,10998148,593892
ecdsa-P-521,sign,205,10994556,593698
ecdsa-P-521,sign,206,11000407,594014
ecdsa-P-521,sign,207,11009593,594509
ecdsa-P-521,sign,208,11008574,594454
ecdsa-P-521,sign,209,11000629,594025
ecdsa-P-521,sign,210,11002537,594130
ecdsa-P-521,sign,211,11008111,594430
ecdsa-P-521,sign,212,11002796,594142
ecdsa-P-521,sign,213,10993759,593654
ecdsa-P-521,sign,214,11000703,594030
ecdsa-P-521,sign,215,10999741,593978
ecdsa-P-521,sign,216,11000555,594022
ecdsa-P-521,sign,217,10993482,593641
ecdsa-P-521,sign,218,11001111,594052
ecdsa-P-521,sign,219,10999463,593962
ecdsa-P-521,sign,220,11012241,594652
ecdsa-P-521,sign,221,10993945,593665
ecdsa-P-521,sign,222,11006000,594316
ecdsa-P-521,sign,223,10996000,593776
ecdsa-P-521,sign,224,11005982,594315
ecdsa-P-521,sign,225,10993259,593628
ecdsa-P-521,sign,226,11006296,594332
ecdsa-P-521,sign,227,10997482,593856
ecdsa-P-521,sign,228,11002074,594103
ecdsa-P-521,sign,229,10989111,593403
ecdsa-P-521,sign,230,10998537,593913
ecdsa-P-521,sign,231,11010111,594536
ecdsa-P-521,sign,232,11004666,594246
ecdsa-P-521,sign,233,11027223,595461
ecdsa-P-521,sign,234,10995741,593763
ecdsa-P-521,sign,235,11004796,594251
ecdsa-P-521,sign,236,10997833,593874
ecdsa-P-521,sign,237,10994241,593680
ecdsa-P-521,sign,238,10996352,593795
ecdsa-P-521,sign,239,11001851,594091
ecdsa-P-521,sign,240,11006148,594324
ecdsa-P-521,sign,241,10996074,593781
ecdsa-P-521,sign,242,11561685,624320
ecdsa-P-521,sign,243,11203444,604977
ecdsa-P-521,sign,244,11002259,594113
ecdsa-P-521,sign,245,11039333,596115
ecdsa-P-521,sign,246,11924259,643902
ecdsa-P-521,sign,247,11009926,594527
ecdsa-P-521,sign,248,10996704,593814
ecdsa-P-521,sign,249,11209259,605291
ecdsa-P-521,sign,250,12004129,648214
ecdsa-P-521,sign,251,11010667,594568
ecdsa-P-521,sign,252,10994907,593717
ecdsa-P-521,sign,253,10997852,593876
ecdsa-P-521,sign,254,11002352,594117
ecdsa-P-521,sign,255,11002333,594117
ecdsa-P-521,sign,256,10994037,593670
ecdsa-P-521,sign,257,10997204,593841
ecdsa-P-521,sign,258,10997871,593877
ecdsa-P-521,sign,259,11000203,594002
ecdsa-P-521,sign,260,10996666,593811
ecdsa-P-521,sign,261,11002333,594118
ecdsa-P-521,sign,262,11002000,594101
ecdsa-P-521,sign,263,11005518,594289
ecdsa-P-521,sign,264,10997445,593854
ecdsa-P-521,sign,265,11005166,594269
ecdsa-P-521,sign,266,11001889,594093
ecdsa-P-521,sign,267,10998944,593936
ecdsa-P-521,sign,268,10999426,593961
ecdsa-P-521,sign,269,11002889,594148
ecdsa-P-521,sign,270,10998315,593901
ecdsa-P-521,sign,271,10998463,593909
ecdsa-P-521,sign,272,10993037,593616
ecdsa-P-521,sign,273,10996945,593827
ecdsa-P-521,sign,274,11064129,597454
ecdsa-P-521,sign,275,10997870,593878
ecdsa-P-521,sign,276,11000186,594000
ecdsa-P-521,sign,277,11010148,594540
ecdsa-P-521,sign,278,11000723,594031
ecdsa-P-521,sign,279,11023889,595280
ecdsa-P-521,sign,280,10997778,593872
ecdsa-P-521,sign,281,10998000,593884
ecdsa-P-521,sign,282,10996000,593775
ecdsa-P-521,sign,283,10996000,593775
ecdsa-P-521,sign,284,10999259,593953
ecdsa-P-521,sign,285,10992426,593583
ecdsa-P-521,sign,286,10999518,593965
ecdsa-P-521,sign,287,11009537,594507
ecdsa-P-521,sign,288,10996575,593807
ecdsa-P-521,sign,289,10994203,593679
ecdsa-P-521,sign,290,11006500,594342
ecdsa-P-521,sign,291,10997260,593844
ecdsa-P-521,sign,292,10994815,593712
ecdsa-P-521,sign,293,11003426,594176
ecdsa-P-521,sign,294,10995889,593770
ecdsa-P-521,sign,295,11002241,594113
ecdsa-P-521,sign,296,10997037,593832
ecdsa-P-521,sign,297,10998222,593896
ecdsa-P-521,sign,298,11004814,594251
ecdsa-P-521,sign,299,11007334,594386
ecdsa-P-521,sign,300,10996574,593807
ecdsa-P-521,sign,301,11000760,594032
ecdsa-P-521,sign,302,10998389,593903
ecdsa-P-521,sign,303,10999759,593978
ecdsa-P-521,sign,304,10990463,593477
ecdsa-P-521,sign,305,10992944,593610
ecdsa-P-521,sign,306,10995519,593749
ecdsa-P-521,sign,307,11004000,594207
ecdsa-P-521,sign,308,10993741,593654
ecdsa-P-521,sign,309,10995963,593774
ecdsa-P-521,sign,310,11014740,594786
ecdsa-P-521,sign,311,10999056,593941
ecdsa-P-521,sign,312,10994889,593716
ecdsa-P-521,sign,313,10999500,593964
ecdsa-P-521,sign,314,11006908,594365
ecdsa-P-521,sign,315,11000241,594004
ecdsa-P-521,sign,316,10992519,593588
ecdsa-P-521,sign,317,10996241,593789
ecdsa-P-521,sign,318,10993741,593653
ecdsa-P-521,sign,319,11009277,594492
ecdsa-P-521,sign,320,11016370,594876
ecdsa-P-521,sign,321,11012352,594657
ecdsa-P-521,sign,322,10997889,593878
ecdsa-P-521,sign,323,11000963,594044
ecdsa-P-521,sign,324,10993167,593624
ecdsa-P-521,sign,325,10998037,593887
ecdsa-P-521,sign,326,11031759,595704
ecdsa-P-521,sign,327,10997500,593857
ecdsa-P-521,sign,328,10997556,593861
ecdsa-P-521,sign,329,11004425,594230
ecdsa-P-521,sign,330,11002481,594127
ecdsa-P-521,sign,331,11007074,594374
ecdsa-P-521,sign,332,10997407,593852
ecdsa-P-521,sign,333,11003278,594167
ecdsa-P-521,sign,334,10999834,593982
ecdsa-P-521,sign,335,10991833,593551
ecdsa-P-521,sign,336,10990575,593483
ecdsa-P-521,sign,337,11000907,594042
ecdsa-P-521,sign,338,11028148,595512
ecdsa-P-521,sign,339,10997167,593839
ecdsa-P-521,sign,340,10996481,593802
ecdsa-P-521,sign,341,10995111,593729
ecdsa-P-521,sign,342,10993574,593646
ecdsa-P-521,sign,343,11009982,594528
ecdsa-P-521,sign,344,10997574,593860
ecdsa-P-521,sign,345,11007778,594412
ecdsa-P-521,sign,346,11157870,602515
ecdsa-P-521,sign,347,11589741,625837
ecdsa-P-521,sign,348,10998444,593908
ecdsa-P-521,sign,349,10994093,593673
ecdsa-P-521,sign,350,11341759,612446
ecdsa-P-521,sign,351,11601592,626477
ecdsa-P-521,sign,352,10999648,593972
ecdsa-P-521,sign,353,11007907,594418
ecdsa-P-521,sign,354,11532556,622741
ecdsa-P-521,sign,355,11696925,631625
ecdsa-P-521,sign,356,11007889,594418
ecdsa-P-521,sign,357,11001037,594049
ecdsa-P-521,sign,358,11001389,594066
ecdsa-P-521,sign,359,10991129,593513
ecdsa-P-521,sign,360,10999612,593971
ecdsa-P-521,sign,361,10997556,593859
ecdsa-P-521,sign,362,10999111,593944
ecdsa-P-521,sign,363,10994592,593700
ecdsa-P-521,sign,364,10999186,593949
ecdsa-P-521,sign,365,11002796,594143
ecdsa-P-521,sign,366,11062407,597361
ecdsa-P-521,sign,367,11005241,594274
ecdsa-P-521,sign,368,11002982,594153
ecdsa-P-521,sign,369,10996296,593791
ecdsa-P-521,sign,370,10997444,593854
ecdsa-P-521,sign,371,10993222,593626
ecdsa-P-521,sign,372,11016074,594859
ecdsa-P-521,sign,373,11007056,594373
ecdsa-P-521,sign,374,11003796,594197
ecdsa-P-521,sign,375,10994203,593679
ecdsa-P-521,sign,376,11006148,594323
ecdsa-P-521,sign,377,11006981,594367
ecdsa-P-521,sign,378,11001870,594093
ecdsa-P-521,sign,379,10990852,593498
ecdsa-P-521,sign,380,11001037,594049
ecdsa-P-521,sign,381,11004926,594257
ecdsa-P-521,sign,382,11005500,594288
ecdsa-P-521,sign,383,10992944,593610
ecdsa-P-521,sign,384,10998814,593927
ecdsa-P-521,sign,385,11002407,594122
ecdsa-P-521,sign,386,10998518,593911
ecdsa-P-521,sign,387,10999760,593978
ecdsa-P-521,sign,388,11000389,594012
ecdsa-P-521,sign,389,11001944,594095
ecdsa-P-521,sign,390,10997074,593835
ecdsa-P-521,sign,391,11012648,594676
ecdsa-P-521,sign,392,10992574,593592
ecdsa-P-521,sign,393,10997833,593876
ecdsa-P-521,sign,394,10998352,593902
ecdsa-P-521,sign,395,10998629,593918
ecdsa-P-521,sign,396,10999074,593942
ecdsa-P-521,sign,397,10997908,593879
ecdsa-P-521,sign,398,11007074,594373
ecdsa-P-521,sign,399,11002055,594103
ecdsa-P-521,sign,400,11004463,594231
ecdsa-P-521,sign,401,11003444,594179
ecdsa-P-521,sign,402,10998371,593904
ecdsa-P-521,sign,403,11007963,594422
ecdsa-P-521,sign,404,11006537,594345
ecdsa-P-521,sign,405,10999907,593987
ecdsa-P-521,sign,406,10998518,593911
ecdsa-P-521,sign,407,11004204,594219
ecdsa-P-521,sign,408,10996518,593803
ecdsa-P-521,sign,409,11004852,594254
ecdsa-P-521,sign,410,11004259,594220
ecdsa-P-521,sign,411,11007296,594385
ecdsa-P-521,sign,412,10992796,593603
ecdsa-P-521,sign,413,11001481,594073
ecdsa-P-521,sign,414,11001630,594081
ecdsa-P-521,sign,415,11006148,594323
ecdsa-P-521,sign,416,10987314,593307
ecdsa-P-521,sign,417,11001907,594095
ecdsa-P-521,sign,418,10999611,593972
ecdsa-P-521,sign,419,11024556,595316
ecdsa-P-521,sign,420,10999018,593939
ecdsa-P-521,sign,421,11000074,593996
ecdsa-P-521,sign,422,11004333,594224
ecdsa-P-521,sign,423,11005778,594305
ecdsa-P-521,sign,424,10997445,593854
ecdsa-P-521,sign,425,10995426,593746
ecdsa-P-521,sign,426,11000741,594031
ecdsa-P-521,sign,427,11031500,595691
ecdsa-P-521,sign,428,10991741,593545
ecdsa-P-521,sign,429,11005074,594265
ecdsa-P-521,sign,430,10998371,593904
ecdsa-P-521,sign,431,11013148,594701
ecdsa-P-521,sign,432,10995648,593756
ecdsa-P-521,sign,433,11002000,594099
ecdsa-P-521,sign,434,11003352,594171
ecdsa-P-521,sign,435,10990797,593494
ecdsa-P-521,sign,436,10999111,593944
ecdsa-P-521,sign,437,10994926,593717
ecdsa-P-521,sign,438,11001074,594050
ecdsa-P-521,sign,439,11002500,594127
ecdsa-P-521,sign,440,10997259,593844
ecdsa-P-521,sign,441,10998130,593892
ecdsa-P-521,sign,442,11011296,594601
ecdsa-P-521,sign,443,11002500,594126
ecdsa-P-521,sign,444,10995833,593767
ecdsa-P-521,sign,445,11009629,594511
ecdsa-P-521,sign,446,11002500,594127
ecdsa-P-521,sign,447,11000426,594014
ecdsa-P-521,sign,448,10998796,593926
ecdsa-P-521,sign,449,11002297,594116
ecdsa-P-521,sign,450,11000537,594021
ecdsa-P-521,sign,451,11741796,634048
ecdsa-P-521,sign,452,11007685,594406
ecdsa-P-521,sign,453,10994555,593697
ecdsa-P-521,sign,454,11160815,602674
ecdsa-P-521,sign,455,11778167,636012
ecdsa-P-521,sign,456,11006370,594334
ecdsa-P-521,sign,457,10999167,593946
ecdsa-P-521,sign,458,11246593,607307
ecdsa-P-521,sign,459,12011945,648635
ecdsa-P-521,sign,460,11009648,594512
ecdsa-P-521,sign,461,10999797,593980
ecdsa-P-521,sign,462,10996037,593778
ecdsa-P-521,sign,463,10993574,593645
ecdsa-P-521,sign,464,11003815,594199
ecdsa-P-521,sign,465,11022630,595212
ecdsa-P-521,sign,466,11006407,594337
ecdsa-P-521,sign,467,11002981,594152
ecdsa-P-521,sign,468,11003629,594189
ecdsa-P-521,sign,469,10999296,593953
ecdsa-P-521,sign,470,10999185,593947
ecdsa-P-521,sign,471,10997297,593845
ecdsa-P-521,sign,472,10999518,593965
ecdsa-P-521,sign,473,11002796,594143
ecdsa-P-521,sign,474,11004203,594219
ecdsa-P-521,sign,475,10999111,593943
ecdsa-P-521,sign,476,11001556,594076
ecdsa-P-521,sign,477,11002889,594147
ecdsa-P-521,sign,478,11006186,594326
ecdsa-P-521,sign,479,10994408,593691
ecdsa-P-521,sign,480,11002314,594116
ecdsa-P-521,sign,481,11000407,594014
ecdsa-P-521,sign,482,10999593,593971
ecdsa-P-521,sign,483,10989352,593416
ecdsa-P-521,sign,484,11001593,594078
ecdsa-P-521,sign,485,11000444,594015
ecdsa-P-521,sign,486,11007204,594382
ecdsa-P-521,sign,487,10999296,593954
ecdsa-P-521,sign,488,10998944,593935
ecdsa-P-521,sign,489,11002889,594148
ecdsa-P-521,sign,490,11010259,594545
ecdsa-P-521,sign,491,10989667,593435
ecdsa-P-521,sign,492,10998445,593909
ecdsa-P-521,sign,493,11002056,594103
ecdsa-P-521,sign,494,10999222,593949
ecdsa-P-521,sign,495,10990722,593490
ecdsa-P-521,sign,496,10998556,593913
ecdsa-P-521,sign,497,11037500,596016
ecdsa-P-521,sign,498,11007574,594399
ecdsa-P-521,sign,499,10991315,593523
ecdsa-P-521,sign,500,10998148,593892
ecdsa-P-521,sign,501,11016111,594860
ecdsa-P-521,sign,502,10998815,593928
ecdsa-P-521,sign,503,10986092,593241
ecdsa-P-521,sign,504,11003000,594154
ecdsa-P-521,sign,505,11002629,594134
ecdsa-P-521,sign,506,10999463,593963
ecdsa-P-521,sign,507,10989648,593433
ecdsa-P-521,sign,508,10999963,593990
ecdsa-P-521,sign,509,11003537,594182
ecdsa-P-521,sign,510,10996444,593799
ecdsa-P-521,sign,511,10993963,593666
ecdsa-P-521,sign,512,11035611,595913
ecdsa-P-521,sign,513,10999685,593975
ecdsa-P-521,sign,514,10999370,593957
ecdsa-P-521,sign,515,10995463,593747
ecdsa-P-521,sign,516,11006685,594353
ecdsa-P-521,sign,517,11027000,595449
ecdsa-P-521,sign,518,11006315,594332
ecdsa-P-521,sign,519,10991926,593556
ecdsa-P-521,sign,520,11005833,594307
ecdsa-P-521,sign,521,10997537,593859
ecdsa-P-521,sign,522,11000204,594003
ecdsa-P-521,sign,523,11001241,594058
ecdsa-P-521,sign,524,11003241,594165
ecdsa-P-521,sign,525,10998648,593919
ecdsa-P-521,sign,526,11001611,594078
ecdsa-P-521,sign,527,10993759,593655
ecdsa-P-521,sign,528,11003204,594164
ecdsa-P-521,sign,529,10997852,593875
ecdsa-P-521,sign,530,11003889,594202
ecdsa-P-521,sign,531,10993907,593663
ecdsa-P-521,sign,532,10994908,593716
ecdsa-P-521,sign,533,11004834,594253
ecdsa-P-521,sign,534,11010611,594565
ecdsa-P-521,sign,535,10998741,593922
ecdsa-P-521,sign,536,11003000,594154
ecdsa-P-521,sign,537,10996129,593783
ecdsa-P-521,sign,538,11006260,594331
ecdsa-P-521,sign,539,10992667,593596
ecdsa-P-521,sign,540,11006537,594345
ecdsa-P-521,sign,541,11002740,594140
ecdsa-P-521,sign,542,11006389,594336
ecdsa-P-521,sign,543,10987426,593311
ecdsa-P-521,sign,544,11000981,594045
ecdsa-P-521,sign,545,11009037,594480
ecdsa-P-521,sign,546,11008222,594435
ecdsa-P-521,sign,547,10992740,593601
ecdsa-P-521,sign,548,11003760,594194
ecdsa-P-521,sign,549,10998129,593892
ecdsa-P-521,sign,550,11000296,594008
ecdsa-P-521,sign,551,10990593,593483
ecdsa-P-521,sign,552,11063648,597429
ecdsa-P-521,sign,553,11015667,594837
ecdsa-P-521,sign,554,11003278,594169
ecdsa-P-521,sign,555,11164260,602861
ecdsa-P-521,sign,556,11589852,625837
ecdsa-P-521,sign,557,11008759,594463
ecdsa-P-521,sign,558,11026778,595436
ecdsa-P-521,sign,559,11691704,631342
ecdsa-P-521,sign,560,11243260,607126
ecdsa-P-521,sign,561,10993481,593640
ecdsa-P-521,sign,562,11003426,594177
ecdsa-P-521,sign,563,11904815,642850
ecdsa-P-521,sign,564,11321334,611342
ecdsa-P-521,sign,565,11003871,594201
ecdsa-P-521,sign,566,11001759,594086
ecdsa-P-521,sign,567,10997759,593872
ecdsa-P-521,sign,568,11001778,594086
ecdsa-P-521,sign,569,11004667,594244
ecdsa-P-521,sign,570,11000482,594019
ecdsa-P-521,sign,571,10993204,593624
ecdsa-P-521,sign,572,11000629,594026
ecdsa-P-521,sign,573,10993963,593665
ecdsa-P-521,sign,574,10999667,593974
ecdsa-P-521,sign,575,11007426,594392
ecdsa-P-521,sign,576,10999555,593968
ecdsa-P-521,sign,577,11005055,594265
ecdsa-P-521,sign,578,11002037,594102
ecdsa-P-521,sign,579,10987315,593308
ecdsa-P-521,sign,580,11006944,594365
ecdsa-P-521,sign,581,11000555,594023
ecdsa-P-521,sign,582,10998760,593925
ecdsa-P-521,sign,583,11000222,594003
ecdsa-P-521,sign,584,10998648,593919
ecdsa-P-521,sign,585,10995963,593774
ecdsa-P-521,sign,586,11012889,594687
ecdsa-P-521,sign,587,10995000,593722
ecdsa-P-521,sign,588,10997889,593879
ecdsa-P-521,sign,589,10996278,593791
ecdsa-P-521,sign,590,11004019,594208
ecdsa-P-521,sign,591,10998907,593932
ecdsa-P-521,sign,592,10997629,593864
ecdsa-P-521,sign,593,11003667,594189
ecdsa-P-521,sign,594,10998870,593931
ecdsa-P-521,sign,595,10990537,593481
ecdsa-P-521,sign,596,11002055,594102
ecdsa-P-521,sign,597,11011815,594630
ecdsa-P-521,sign,598,11004463,594232
ecdsa-P-521,sign,599,10997092,593835
ecdsa-P-521,sign,600,10999926,593988
ecdsa-P-521,sign,601,10997963,593882
ecdsa-P-521,sign,602,11003333,594171
ecdsa-P-521,sign,603,10989203,593409
ecdsa-P-521,sign,604,11018611,594994
ecdsa-P-521,sign,605,11001925,594096
ecdsa-P-521,sign,606,10997889,593878
ecdsa-P-521,sign,607,11023852,595278
ecdsa-P-521,sign,608,11015463,594826
ecdsa-P-521,sign,609,11000611,594025
ecdsa-P-521,sign,610,11001222,594059
ecdsa-P-521,sign,611,10993112,593620
ecdsa-P-521,sign,612,11008981,594477
ecdsa-P-521,sign,613,11011445,594609
ecdsa-P-521,sign,614,10999407,593960
ecdsa-P-521,sign,615,10994074,593673
ecdsa-P-521,sign,616,10999723,593977
ecdsa-P-521,sign,617,11002666,594136
ecdsa-P-521,sign,618,11004482,594233
ecdsa-P-521,sign,619,11003056,594157
ecdsa-P-521,sign,620,10994148,593675
ecdsa-P-521,sign,621,11001630,594080
ecdsa-P-521,sign,622,10998371,593904
ecdsa-P-521,sign,623,10989648,593432
ecdsa-P-521,sign,624,10992444,593583
ecdsa-P-521,sign,625,11006797,594358
ecdsa-P-521,sign,626,11001333,594063
ecdsa-P-521,sign,627,10993963,593665
ecdsa-P-521,sign,628,10998037,593886
ecdsa-P-521,sign,629,10997685,593866
ecdsa-P-521,sign,630,11009889,594526
ecdsa-P-521,sign,631,10991518,593534
ecdsa-P-521,sign,632,10995666,593757
ecdsa-P-521,sign,633,10998908,593932
ecdsa-P-521,sign,634,11001129,594052
ecdsa-P-521,sign,635,10991815,593550
ecdsa-P-521,sign,636,11010204,594541
ecdsa-P-521,sign,637,10997852,593877
ecdsa-P-521,sign,638,11003148,594162
ecdsa-P-521,sign,639,10991222,593518
ecdsa-P-521,sign,640,10998018,593884
ecdsa-P-521,sign,641,11002630,594133
ecdsa-P-521,sign,642,11000445,594015
ecdsa-P-521,sign,643,10994574,593698
ecdsa-P-521,sign,644,11002723,594138
ecdsa-P-521,sign,645,11063463,597418
ecdsa-P-521,sign,646,11003870,594201
ecdsa-P-521,sign,647,10999370,593957
ecdsa-P-521,sign,648,11003889,594202
ecdsa-P-521,sign,649,10996389,593797
ecdsa-P-521,sign,650,11005648,594296
ecdsa-P-521,sign,651,11020056,595072
ecdsa-P-521,sign,652,11010130,594539
ecdsa-P-521,sign,653,11001870,594092
ecdsa-P-521,sign,654,10996277,593791
ecdsa-P-521,sign,655,10993852,593659
ecdsa-P-521,sign,656,10994037,593670
ecdsa-P-521,sign,657,11008796,594467
ecdsa-P-521,sign,658,11008907,594472
ecdsa-P-521,sign,659,11069463,597742
ecdsa-P-521,sign,660,11682889,630866
ecdsa-P-521,sign,661,11001444,594070
ecdsa-P-521,sign,662,10998093,593889
ecdsa-P-521,sign,663,11199666,604772
ecdsa-P-521,sign,664,11742797,634101
ecdsa-P-521,sign,665,10989444,593422
ecdsa-P-521,sign,666,11000093,593997
ecdsa-P-521,sign,667,11255815,607805
ecdsa-P-521,sign,668,11962982,645992
ecdsa-P-521,sign,669,11009388,594499
ecdsa-P-521,sign,670,10994370,593689
ecdsa-P-521,sign,671,10997722,593869
ecdsa-P-521,sign,672,11000315,594008
ecdsa-P-521,sign,673,11001371,594066
ecdsa-P-521,sign,674,10999833,593981
ecdsa-P-521,sign,675,10997500,593856
ecdsa-P-521,sign,676,11004019,594210
ecdsa-P-521,sign,677,11000796,594035
ecdsa-P-521,sign,678,10991926,593556
ecdsa-P-521,sign,679,11004537,594237
ecdsa-P-521,sign,680,11041426,596221
ecdsa-P-521,sign,681,11005574,594291
ecdsa-P-521,sign,682,10993333,593632
ecdsa-P-521,sign,683,11003092,594160
ecdsa-P-521,sign,684,11002630,594133
ecdsa-P-521,sign,685,11011648,594621
ecdsa-P-521,sign,686,10995259,593735
ecdsa-P-521,sign,687,11000130,593999
ecdsa-P-521,sign,688,11000555,594021
ecdsa-P-521,sign,689,10999149,593945
ecdsa-P-521,sign,690,10994296,593684
ecdsa-P-521,sign,691,10994204,593680
ecdsa-P-521,sign,692,11004963,594258
ecdsa-P-521,sign,693,11001037,594048
ecdsa-P-521,sign,694,10991389,593526
ecdsa-P-521,sign,695,11002833,594144
ecdsa-P-521,sign,696,11004852,594253
ecdsa-P-521,sign,697,11024871,595332
ecdsa-P-521,sign,698,10994574,593699
ecdsa-P-521,sign,699,10997926,593880
ecdsa-P-521,sign,700,11028945,595555
ecdsa-P-521,sign,701,11000426,594015
ecdsa-P-521,sign,702,10989722,593438
ecdsa-P-521,sign,703,11005537,594289
ecdsa-P-521,sign,704,10998037,593885
ecdsa-P-521,sign,705,11003241,594167
ecdsa-P-521,sign,706,10994685,593705
ecdsa-P-521,sign,707,11012907,594688
ecdsa-P-521,sign,708,11006315,594332
ecdsa-P-521,sign,709,10998482,593909
ecdsa-P-521,sign,710,10993334,593632
ecdsa-P-521,sign,711,11003611,594186
ecdsa-P-521,sign,712,10995852,593767
ecdsa-P-521,sign,713,10998370,593905
ecdsa-P-521,sign,714,10994889,593716
ecdsa-P-521,sign,715,11001537,594073
ecdsa-P-521,sign,716,10996278,593791
ecdsa-P-521,sign,717,10997352,593849
ecdsa-P-521,sign,718,10998612,593916
ecdsa-P-521,sign,719,11008240,594438
ecdsa-P-521,sign,720,11002426,594122
ecdsa-P-521,sign,721,10998352,593902
ecdsa-P-521,sign,722,10993666,593650
ecdsa-P-521,sign,723,11004796,594251
ecdsa-P-521,sign,724,11001092,594052
ecdsa-P-521,sign,725,10993222,593625
ecdsa-P-521,sign,726,10999741,593977
ecdsa-P-521,sign,727,11005907,594310
ecdsa-P-521,sign,728,10997629,593865
ecdsa-P-521,sign,729,11005037,594264
ecdsa-P-521,sign,730,10986463,593260
ecdsa-P-521,sign,731,11003074,594157
ecdsa-P-521,sign,732,11000592,594024
ecdsa-P-521,sign,733,11001612,594079
ecdsa-P-521,sign,734,10994870,593715
ecdsa-P-521,sign,735,10998463,593909
ecdsa-P-521,sign,736,10997611,593863
ecdsa-P-521,sign,737,11008278,594438
ecdsa-P-521,sign,738,11074297,598004
ecdsa-P-521,sign,739,10991889,593554
ecdsa-P-521,sign,740,11005278,594278
ecdsa-P-521,sign,741,11001851,594091
ecdsa-P-521,sign,742,10998814,593926
ecdsa-P-521,sign,743,10992556,593589
ecdsa-P-521,sign,744,11025463,595365
ecdsa-P-521,sign,745,11003037,594156
ecdsa-P-521,sign,746,11005092,594266
ecdsa-P-521,sign,747,10992185,593571
ecdsa-P-521,sign,748,11006314,594331
ecdsa-P-521,sign,749,10999889,593987
ecdsa-P-521,sign,750,10997685,593867
ecdsa-P-521,sign,751,11000056,593995
ecdsa-P-521,sign,752,11000222,594003
ecdsa-P-521,sign,753,11002018,594100
ecdsa-P-521,sign,754,10994778,593710
ecdsa-P-521,sign,755,10996834,593821
ecdsa-P-521,sign,756,10996945,593826
ecdsa-P-521,sign,757,11000426,594015
ecdsa-P-521,sign,758,10997315,593847
ecdsa-P-521,sign,759,11000482,594018
ecdsa-P-521,sign,760,11001666,594080
ecdsa-P-521,sign,761,11008334,594442
ecdsa-P-521,sign,762,10997407,593853
ecdsa-P-521,sign,763,10990796,593494
ecdsa-P-521,sign,764,11560352,624250
ecdsa-P-521,sign,765,11194352,604485
ecdsa-P-521,sign,766,11004018,594208
ecdsa-P-521,sign,767,11001111,594051
ecdsa-P-521,sign,768,11930907,644259
ecdsa-P-521,sign,769,11009296,594493
ecdsa-P-521,sign,770,10990982,593505
ecdsa-P-521,sign,771,11113630,600126
ecdsa-P-521,sign,772,12111037,653987
ecdsa-P-521,sign,773,11027333,595467
ecdsa-P-521,sign,774,10995722,593762
ecdsa-P-521,sign,775,10995537,593751
ecdsa-P-521,sign,776,10999389,593959
ecdsa-P-521,sign,777,10996630,593809
ecdsa-P-521,sign,778,10998797,593926
ecdsa-P-521,sign,779,11000685,594028
ecdsa-P-521,sign,780,11004241,594221
ecdsa-P-521,sign,781,11001519,594072
ecdsa-P-521,sign,782,10999759,593977
ecdsa-P-521,sign,783,10998740,593924
ecdsa-P-521,sign,784,11007111,594377
ecdsa-P-521,sign,785,11003537,594183
ecdsa-P-521,sign,786,10989778,593440
ecdsa-P-521,sign,787,11000963,594043
ecdsa-P-521,sign,788,11003259,594168
ecdsa-P-521,sign,789,11002314,594116
ecdsa-P-521,sign,790,11035222,595893
ecdsa-P-521,sign,791,10996426,593799
ecdsa-P-521,sign,792,10998074,593888
ecdsa-P-521,sign,793,11007093,594373
ecdsa-P-521,sign,794,10988333,593361
ecdsa-P-521,sign,795,10997481,593856
ecdsa-P-521,sign,796,11007296,594385
ecdsa-P-521,sign,797,10999870,593985
ecdsa-P-521,sign,798,10995982,593775
ecdsa-P-521,sign,799,10999908,593985
ecdsa-P-521,sign,800,11003667,594190
ecdsa-P-521,sign,801,10997075,593834
ecdsa-P-521,sign,802,10988222,593355
ecdsa-P-521,sign,803,11002778,594142
ecdsa-P-521,sign,804,11000055,593994
ecdsa-P-521,sign,805,11005278,594277
ecdsa-P-521,sign,806,10990815,593496
ecdsa-P-521,sign,807,11002481,594125
ecdsa-P-521,sign,808,11000185,594003
ecdsa-P-521,sign,809,11002982,594152
ecdsa-P-521,sign,810,10985389,593202
ecdsa-P-521,sign,811,11002463,594125
ecdsa-P-521,sign,812,10996648,593810
ecdsa-P-521,sign,813,10992111,593565
ecdsa-P-521,sign,814,10993741,593654
ecdsa-P-521,sign,815,11002685,594136
ecdsa-P-521,sign,816,11010297,594546
ecdsa-P-521,sign,817,11003667,594189
ecdsa-P-521,sign,818,10997630,593864
ecdsa-P-521,sign,819,10992760,593601
ecdsa-P-521,sign,820,11008370,594444
ecdsa-P-521,sign,821,10998852,593930
ecdsa-P-521,sign,822,10995481,593749
ecdsa-P-521,sign,823,10998056,593887
ecdsa-P-521,sign,824,11001555,594075
ecdsa-P-521,sign,825,11002426,594124
ecdsa-P-521,sign,826,10991630,593540
ecdsa-P-521,sign,827,11006018,594316
ecdsa-P-521,sign,828,11000222,594003
ecdsa-P-521,sign,829,10998593,593916
ecdsa-P-521,sign,830,10998426,593908
ecdsa-P-521,sign,831,11061518,597312
ecdsa-P-521,sign,832,10998908,593934
ecdsa-P-521,sign,833,11009704,594516
ecdsa-P-521,sign,834,10996685,593814
ecdsa-P-521,sign,835,10998908,593933
ecdsa-P-521,sign,836,11015111,594807
ecdsa-P-521,sign,837,11000796,594034
ecdsa-P-521,sign,838,11000667,594026
ecdsa-P-521,sign,839,10996778,593819
ecdsa-P-521,sign,840,11001314,594062
ecdsa-P-521,sign,841,11000444,594015
ecdsa-P-521,sign,842,10994408,593689
ecdsa-P-521,sign,843,10995926,593770
ecdsa-P-521,sign,844,11002204,594110
ecdsa-P-521,sign,845,10998167,593893
ecdsa-P-521,sign,846,10991074,593509
ecdsa-P-521,sign,847,10999259,593951
ecdsa-P-521,sign,848,10999074,593942
ecdsa-P-521,sign,849,11010723,594569
ecdsa-P-521,sign,850,10991314,593522
ecdsa-P-521,sign,851,11001259,594060
ecdsa-P-521,sign,852,10994871,593716
ecdsa-P-521,sign,853,11001871,594092
ecdsa-P-521,sign,854,10989537,593427
ecdsa-P-521,sign,855,11013148,594702
ecdsa-P-521,sign,856,11000926,594041
ecdsa-P-521,sign,857,10999500,593964
ecdsa-P-521,sign,858,10990074,593454
ecdsa-P-521,sign,859,11005537,594291
ecdsa-P-521,sign,860,10997741,593870
ecdsa-P-521,sign,861,11007666,594404
ecdsa-P-521,sign,862,10997074,593833
ecdsa-P-521,sign,863,11034149,595827
ecdsa-P-521,sign,864,11001462,594071
ecdsa-P-521,sign,865,11011000,594584
ecdsa-P-521,sign,866,10997574,593861
ecdsa-P-521,sign,867,11000370,594013
ecdsa-P-521,sign,868,11160518,602659
ecdsa-P-521,sign,869,11591537,625934
ecdsa-P-521,sign,870,11005204,594274
ecdsa-P-521,sign,871,10995574,593751
ecdsa-P-521,sign,872,11341278,612419
ecdsa-P-521,sign,873,11606518,626743
ecdsa-P-521,sign,874,11001481,594071
ecdsa-P-521,sign,875,11000463,594016
ecdsa-P-521,sign,876,11508649,621458
ecdsa-P-521,sign,877,11713593,632524
ecdsa-P-521,sign,878,11001074,594051
ecdsa-P-521,sign,879,11000481,594017
ecdsa-P-521,sign,880,11020407,595092
ecdsa-P-521,sign,881,10991463,593531
ecdsa-P-521,sign,882,11002074,594104
ecdsa-P-521,sign,883,11024556,595316
ecdsa-P-521,sign,884,11010259,594546
ecdsa-P-521,sign,885,10994019,593669
ecdsa-P-521,sign,886,11001648,594081
ecdsa-P-521,sign,887,11002722,594138
ecdsa-P-521,sign,888,11012167,594650
ecdsa-P-521,sign,889,10990778,593493
ecdsa-P-521,sign,890,11001592,594077
ecdsa-P-521,sign,891,10997259,593844
ecdsa-P-521,sign,892,10994630,593701
ecdsa-P-521,sign,893,10994704,593705
ecdsa-P-521,sign,894,11003426,594176
ecdsa-P-521,sign,895,11006204,594327
ecdsa-P-521,sign,896,10996333,593794
ecdsa-P-521,sign,897,10996463,593801
ecdsa-P-521,sign,898,10998574,593916
ecdsa-P-521,sign,899,11002667,594135
ecdsa-P-521,sign,900,11004425,594230
ecdsa-P-521,sign,901,10991241,593518
ecdsa-P-521,sign,902,10998333,593901
ecdsa-P-521,sign,903,10992944,593611
ecdsa-P-521,sign,904,11003203,594165
ecdsa-P-521,sign,905,10990907,593500
ecdsa-P-521,sign,906,11003259,594167
ecdsa-P-521,sign,907,10991222,593518
ecdsa-P-521,sign,908,11001167,594054
ecdsa-P-521,sign,909,10999667,593974
ecdsa-P-521,sign,910,11008648,594459
ecdsa-P-521,sign,911,10997315,593847
ecdsa-P-521,sign,912,11002167,594108
ecdsa-P-521,sign,913,10995092,593726
ecdsa-P-521,sign,914,11003241,594166
ecdsa-P-521,sign,915,10996593,593808
ecdsa-P-521,sign,916,11002055,594102
ecdsa-P-521,sign,917,11004000,594206
ecdsa-P-521,sign,918,11001426,594070
ecdsa-P-521,sign,919,10993963,593666
ecdsa-P-521,sign,920,11000945,594044
ecdsa-P-521,sign,921,10995926,593772
ecdsa-P-521,sign,922,11002074,594103
ecdsa-P-521,sign,923,11056963,597068
ecdsa-P-521,sign,924,11003537,594183
ecdsa-P-521,sign,925,10990445,593476
ecdsa-P-521,sign,926,11007777,594412
ecdsa-P-521,sign,927,10997111,593837
ecdsa-P-521,sign,928,11011500,594612
ecdsa-P-521,sign,929,11029889,595604
ecdsa-P-521,sign,930,10989797,593441
ecdsa-P-521,sign,931,11003759,594195
ecdsa-P-521,sign,932,10996871,593822
ecdsa-P-521,sign,933,10994630,593701
ecdsa-P-521,sign,934,10993612,593646
ecdsa-P-521,sign,935,11001167,594056
ecdsa-P-521,sign,936,11001426,594068
ecdsa-P-521,sign,937,10998018,593884
ecdsa-P-521,sign,938,10988185,593354
ecdsa-P-521,sign,939,11004149,594213
ecdsa-P-521,sign,940,11003759,594195
ecdsa-P-521,sign,941,11000278,594008
ecdsa-P-521,sign,942,10994945,593720
ecdsa-P-521,sign,943,11003037,594156
ecdsa-P-521,sign,944,11005074,594267
ecdsa-P-521,sign,945,10999444,593962
ecdsa-P-521,sign,946,10992760,593601
ecdsa-P-521,sign,947,11002240,594112
ecdsa-P-521,sign,948,11002352,594120
ecdsa-P-521,sign,949,11002352,594119
ecdsa-P-521,sign,950,10990815,593495
ecdsa-P-521,sign,951,11005703,594299
ecdsa-P-521,sign,952,11005426,594286
ecdsa-P-521,sign,953,10998186,593894
ecdsa-P-521,sign,954,10997314,593846
ecdsa-P-521,sign,955,11000593,594023
ecdsa-P-521,sign,956,10997370,593849
ecdsa-P-521,sign,957,11001760,594085
ecdsa-P-521,sign,958,10994666,593704
ecdsa-P-521,sign,959,10999963,593990
ecdsa-P-521,sign,960,11004685,594245
ecdsa-P-521,sign,961,11077111,598146
ecdsa-P-521,sign,962,11005315,594278
ecdsa-P-521,sign,963,11001296,594062
ecdsa-P-521,sign,964,11000111,593998
ecdsa-P-521,sign,965,11003185,594164
ecdsa-P-521,sign,966,10998074,593887
ecdsa-P-521,sign,967,10997982,593882
ecdsa-P-521,sign,968,10996352,593794
ecdsa-P-521,sign,969,10995500,593747
ecdsa-P-521,sign,970,11033426,595796
ecdsa-P-521,sign,971,11004426,594231
ecdsa-P-521,sign,972,11004648,594243
ecdsa-P-521,sign,973,11750518,634519
ecdsa-P-521,sign,974,11015240,594816
ecdsa-P-521,sign,975,10995870,593768
ecdsa-P-521,sign,976,11181111,603771
ecdsa-P-521,sign,977,11771907,635673
ecdsa-P-521,sign,978,10994371,593689
ecdsa-P-521,sign,979,11004130,594215
ecdsa-P-521,sign,980,11247019,607329
ecdsa-P-521,sign,981,11964000,646040
ecdsa-P-521,sign,982,11004130,594215
ecdsa-P-521,sign,983,11008556,594453
ecdsa-P-521,sign,984,11003333,594172
ecdsa-P-521,sign,985,10992167,593569
ecdsa-P-521,sign,986,11053963,596878
ecdsa-P-521,sign,987,11139796,601523
ecdsa-P-521,sign,988,11056481,597041
ecdsa-P-521,sign,989,10994796,593711
ecdsa-P-521,sign,990,10995019,593724
ecdsa-P-521,sign,991,11002241,594112
ecdsa-P-521,sign,992,10995056,593724
ecdsa-P-521,sign,993,10990649,593485
ecdsa-P-521,sign,994,11004130,594214
ecdsa-P-521,sign,995,11005760,594294
ecdsa-P-521,sign,996,11006129,594322
ecdsa-P-521,sign,997,10990796,593496
ecdsa-P-521,sign,998,10997685,593866
ecdsa-P-521,sign,999,11003815,594197
ecdsa-P-521,verify,0,8360240,451444
ecdsa-P-521,verify,1,8358463,451347
ecdsa-P-521,verify,2,8347759,450770
ecdsa-P-521,verify,3,8372611,452112
ecdsa-P-521,verify,4,8352926,451049
ecdsa-P-521,verify,5,8348797,450826
ecdsa-P-521,verify,6,8341222,450416
ecdsa-P-521,verify,7,8351704,450983
ecdsa-P-521,verify,8,8343260,450526
ecdsa-P-521,verify,9,8350852,450935
ecdsa-P-521,verify,10,8395722,453360
ecdsa-P-521,verify,11,8349945,450887
ecdsa-P-521,verify,12,8361555,451514
ecdsa-P-521,verify,13,8347926,450778
ecdsa-P-521,verify,14,8346463,450700
ecdsa-P-521,verify,15,8352444,451023
ecdsa-P-521,verify,16,8361574,451514
ecdsa-P-521,verify,17,8347537,450756
ecdsa-P-521,verify,18,8356667,451249
ecdsa-P-521,verify,19,8350667,450926
ecdsa-P-521,verify,20,8355703,451199
ecdsa-P-521,verify,21,8345333,450637
ecdsa-P-521,verify,22,8349871,450883
ecdsa-P-521,verify,23,8362408,451560
ecdsa-P-521,verify,24,8352074,451002
ecdsa-P-521,verify,25,8348926,450832
ecdsa-P-521,verify,26,8348352,450800
ecdsa-P-521,verify,27,8350240,450902
ecdsa-P-521,verify,28,8343685,450549
ecdsa-P-521,verify,29,8349037,450837
ecdsa-P-521,verify,30,8348260,450796
ecdsa-P-521,verify,31,8342037,450460
ecdsa-P-521,verify,32,8337908,450236
ecdsa-P-521,verify,33,8383463,452698
ecdsa-P-521,verify,34,8359592,451409
ecdsa-P-521,verify,35,8346777,450716
ecdsa-P-521,verify,36,8342389,450479
ecdsa-P-521,verify,37,8340185,450361
ecdsa-P-521,verify,38,8342056,450462
ecdsa-P-521,verify,39,8346629,450708
ecdsa-P-521,verify,40,8373352,452152
ecdsa-P-521,verify,41,8339981,450349
ecdsa-P-521,verify,42,8349722,450875
ecdsa-P-521,verify,43,8377555,452377
ecdsa-P-521,verify,44,8352148,451005
ecdsa-P-521,verify,45,8362555,451567
ecdsa-P-521,verify,46,8350315,450907
ecdsa-P-521,verify,47,8347037,450731
ecdsa-P-521,verify,48,8362926,451588
ecdsa-P-521,verify,49,8348944,450833
ecdsa-P-521,verify,50,8351538,450972
ecdsa-P-521,verify,51,8346389,450695
ecdsa-P-521,verify,52,8974926,484635
ecdsa-P-521,verify,53,8485074,458185
ecdsa-P-521,verify,54,8361018,451485
ecdsa-P-521,verify,55,8361537,451513
ecdsa-P-521,verify,56,8345851,450666
ecdsa-P-521,verify,57,9135963,493331
ecdsa-P-521,verify,58,8513944,459744
ecdsa-P-521,verify,59,8347741,450769
ecdsa-P-521,verify,60,8354129,451112
ecdsa-P-521,verify,61,8362981,451591
ecdsa-P-521,verify,62,8890926,480098
ecdsa-P-521,verify,63,9052926,488847
ecdsa-P-521,verify,64,8348259,450796
ecdsa-P-521,verify,65,8345352,450639
ecdsa-P-521,verify,66,8349519,450864
ecdsa-P-521,verify,67,8350000,450890
ecdsa-P-521,verify,68,8342685,450494
ecdsa-P-521,verify,69,8352555,451028
ecdsa-P-521,verify,70,8350462,450916
ecdsa-P-521,verify,71,8350074,450894
ecdsa-P-521,verify,72,8351777,450986
ecdsa-P-521,verify,73,8343240,450524
ecdsa-P-521,verify,74,8345648,450654
ecdsa-P-521,verify,75,8344333,450584
ecdsa-P-521,verify,76,8350056,450893
ecdsa-P-521,verify,77,8349426,450859
ecdsa-P-521,verify,78,8343259,450525
ecdsa-P-521,verify,79,8353093,451057
ecdsa-P-521,verify,80,8348334,450799
ecdsa-P-521,verify,81,8349611,450870
ecdsa-P-521,verify,82,8369629,451949
ecdsa-P-521,verify,83,8360555,451460
ecdsa-P-521,verify,84,8350278,450905
ecdsa-P-521,verify,85,8343574,450543
ecdsa-P-521,verify,86,8340649,450384
ecdsa-P-521,verify,87,8344648,450602
ecdsa-P-521,verify,88,8345907,450669
ecdsa-P-521,verify,89,8349926,450886
ecdsa-P-521,verify,90,8351833,450989
ecdsa-P-521,verify,91,8350130,450898
ecdsa-P-521,verify,92,8352685,451034
ecdsa-P-521,verify,93,8426204,455005
ecdsa-P-521,verify,94,8361186,451494
ecdsa-P-521,verify,95,8350389,450911
ecdsa-P-521,verify,96,8342649,450492
ecdsa-P-521,verify,97,8337759,450228
ecdsa-P-521,verify,98,8351185,450954
ecdsa-P-521,verify,99,8349944,450887
ecdsa-P-521,verify,100,8340740,450390
ecdsa-P-521,verify,101,8371278,452039
ecdsa-P-521,verify,102,8347352,450746
ecdsa-P-521,verify,103,8351130,450951
ecdsa-P-521,verify,104,8359685,451413
ecdsa-P-521,verify,105,8348223,450793
ecdsa-P-521,verify,106,8340908,450399
ecdsa-P-521,verify,107,8356277,451228
ecdsa-P-521,verify,108,8375092,452245
ecdsa-P-521,verify,109,8355481,451186
ecdsa-P-521,verify,110,8348537,450812
ecdsa-P-521,verify,111,8352481,451024
ecdsa-P-521,verify,112,8347611,450761
ecdsa-P-521,verify,113,8346667,450711
ecdsa-P-521,verify,114,8349722,450875
ecdsa-P-521,verify,115,8344963,450618
ecdsa-P-521,verify,116,8356444,451239
ecdsa-P-521,verify,117,8348056,450785
ecdsa-P-521,verify,118,8346760,450716
ecdsa-P-521,verify,119,8342741,450498
ecdsa-P-521,verify,120,8344963,450618
ecdsa-P-521,verify,121,8352537,451027
ecdsa-P-521,verify,122,8348648,450817
ecdsa-P-521,verify,123,8339870,450343
ecdsa-P-521,verify,124,8346888,450722
ecdsa-P-521,verify,125,8348574,450814
ecdsa-P-521,verify,126,8345778,450661
ecdsa-P-521,verify,127,8360722,451470
ecdsa-P-521,verify,128,8347074,450732
ecdsa-P-521,verify,129,8350203,450901
ecdsa-P-521,verify,130,8345426,450644
ecdsa-P-521,verify,131,8351556,450974
ecdsa-P-521,verify,132,8345277,450636
ecdsa-P-521,verify,133,8347537,450757
ecdsa-P-521,verify,134,8343593,450544
ecdsa-P-521,verify,135,8348667,450818
ecdsa-P-521,verify,136,8353259,451066
ecdsa-P-521,verify,137,8351963,450996
ecdsa-P-521,verify,138,8357796,451310
ecdsa-P-521,verify,139,8351130,450952
ecdsa-P-521,verify,140,8347815,450771
ecdsa-P-521,verify,141,8347537,450757
ecdsa-P-521,verify,142,8349944,450886
ecdsa-P-521,verify,143,8342574,450488
ecdsa-P-521,verify,144,8347945,450779
ecdsa-P-521,verify,145,8348260,450797
ecdsa-P-521,verify,146,8343444,450536
ecdsa-P-521,verify,147,8348277,450796
ecdsa-P-521,verify,148,8364129,451653
ecdsa-P-521,verify,149,8363240,451606
ecdsa-P-521,verify,150,8344056,450569
ecdsa-P-521,verify,151,8390945,453101
ecdsa-P-521,verify,152,8346852,450720
ecdsa-P-521,verify,153,8344945,450617
ecdsa-P-521,verify,154,8346704,450712
ecdsa-P-521,verify,155,8351019,450945
ecdsa-P-521,verify,156,8343037,450514
ecdsa-P-521,verify,157,8351908,450993
ecdsa-P-521,verify,158,8346481,450700
ecdsa-P-521,verify,159,8348037,450784
ecdsa-P-521,verify,160,8346037,450675
ecdsa-P-521,verify,161,8355167,451170
ecdsa-P-521,verify,162,8365019,451702
ecdsa-P-521,verify,163,8349574,450867
ecdsa-P-521,verify,164,8356685,451250
ecdsa-P-521,verify,165,8352167,451007
ecdsa-P-521,verify,166,8345907,450668
ecdsa-P-521,verify,167,8353352,451073
ecdsa-P-521,verify,168,8341426,450427
ecdsa-P-521,verify,169,8347389,450749
ecdsa-P-521,verify,170,8346556,450704
ecdsa-P-521,verify,171,8348185,450792
ecdsa-P-521,verify,172,8354055,451109
ecdsa-P-521,verify,173,8371612,452058
ecdsa-P-521,verify,174,8351111,450950
ecdsa-P-521,verify,175,8347667,450763
ecdsa-P-521,verify,176,8346593,450708
ecdsa-P-521,verify,177,8346315,450691
ecdsa-P-521,verify,178,8349222,450847
ecdsa-P-521,verify,179,8346407,450696
ecdsa-P-521,verify,180,8352186,451007
ecdsa-P-521,verify,181,8356426,451237
ecdsa-P-521,verify,182,8345574,450651
ecdsa-P-521,verify,183,8363277,451607
ecdsa-P-521,verify,184,8363963,451644
ecdsa-P-521,verify,185,8354759,451145
ecdsa-P-521,verify,186,8345889,450669
ecdsa-P-521,verify,187,8356314,451231
ecdsa-P-521,verify,188,8353723,451091
ecdsa-P-521,verify,189,8505815,459302
ecdsa-P-521,verify,190,8944278,482979
ecdsa-P-521,verify,191,8348889,450831
ecdsa-P-521,verify,192,8359611,451410
ecdsa-P-521,verify,193,8345870,450668
ecdsa-P-521,verify,194,8550389,461710
ecdsa-P-521,verify,195,9100426,491412
ecdsa-P-521,verify,196,8357000,451267
ecdsa-P-521,verify,197,8347444,450752
ecdsa-P-521,verify,198,8340481,450377
ecdsa-P-521,verify,199,8609685,464911
ecdsa-P-521,verify,200,9320482,503294
ecdsa-P-521,verify,201,8359963,451427
ecdsa-P-521,verify,202,8349241,450850
ecdsa-P-521,verify,203,8346037,450677
ecdsa-P-521,verify,204,8347888,450775
ecdsa-P-521,verify,205,8347389,450749
ecdsa-P-521,verify,206,8345611,450652
ecdsa-P-521,verify,207,8353629,451087
ecdsa-P-521,verify,208,8346833,450719
ecdsa-P-521,verify,209,8358519,451350
ecdsa-P-521,verify,210,8354518,451134
ecdsa-P-521,verify,211,8342167,450467
ecdsa-P-521,verify,212,8350037,450892
ecdsa-P-521,verify,213,8358925,451372
ecdsa-P-521,verify,214,8346222,450686
ecdsa-P-521,verify,215,8349167,450845
ecdsa-P-521,verify,216,8407630,454001
ecdsa-P-521,verify,217,8352056,451001
ecdsa-P-521,verify,218,8352722,451038
ecdsa-P-521,verify,219,8351074,450949
ecdsa-P-521,verify,220,8360425,451454
ecdsa-P-521,verify,221,8343315,450529
ecdsa-P-521,verify,222,8347000,450727
ecdsa-P-521,verify,223,8368519,451891
ecdsa-P-521,verify,224,8353333,451070
ecdsa-P-521,verify,225,8350166,450898
ecdsa-P-521,verify,226,8348667,450818
ecdsa-P-521,verify,227,8345277,450634
ecdsa-P-521,verify,228,8349407,450859
ecdsa-P-521,verify,229,8348055,450784
ecdsa-P-521,verify,230,8353074,451055
ecdsa-P-521,verify,231,8358500,451349
ecdsa-P-521,verify,232,8343149,450521
ecdsa-P-521,verify,233,8347759,450770
ecdsa-P-521,verify,234,8346574,450705
ecdsa-P-521,verify,235,8350741,450930
ecdsa-P-521,verify,236,8341092,450410
ecdsa-P-521,verify,237,8346889,450721
ecdsa-P-521,verify,238,8380630,452543
ecdsa-P-521,verify,239,8347500,450755
ecdsa-P-521,verify,240,8355408,451182
ecdsa-P-521,verify,241,8350648,450924
ecdsa-P-521,verify,242,8359630,451410
ecdsa-P-521,verify,243,8354370,451127
ecdsa-P-521,verify,244,8342759,450500
ecdsa-P-521,verify,245,8342444,450482
ecdsa-P-521,verify,246,8345315,450638
ecdsa-P-521,verify,247,8348481,450809
ecdsa-P-521,verify,248,8366222,451766
ecdsa-P-521,verify,249,8341592,450436
ecdsa-P-521,verify,250,8388593,452961
ecdsa-P-521,verify,251,8356130,451222
ecdsa-P-521,verify,252,8353278,451067
ecdsa-P-521,verify,253,8357760,451309
ecdsa-P-521,verify,254,8350129,450897
ecdsa-P-521,verify,255,8354834,451151
ecdsa-P-521,verify,256,8341982,450456
ecdsa-P-521,verify,257,8341074,450409
ecdsa-P-521,verify,258,8345444,450643
ecdsa-P-521,verify,259,8347519,450757
ecdsa-P-521,verify,260,8351667,450980
ecdsa-P-521,verify,261,8349852,450882
ecdsa-P-521,verify,262,8343611,450544
ecdsa-P-521,verify,263,8349037,450839
ecdsa-P-521,verify,264,8355426,451183
ecdsa-P-521,verify,265,8364871,451693
ecdsa-P-521,verify,266,8344537,450595
ecdsa-P-521,verify,267,8347945,450779
ecdsa-P-521,verify,268,8355574,451191
ecdsa-P-521,verify,269,8380889,452557
ecdsa-P-521,verify,270,8359037,451378
ecdsa-P-521,verify,271,8346537,450703
ecdsa-P-521,verify,272,8348204,450792
ecdsa-P-521,verify,273,8348185,450793
ecdsa-P-521,verify,274,8346019,450676
ecdsa-P-521,verify,275,8349593,450869
ecdsa-P-521,verify,276,8357629,451302
ecdsa-P-521,verify,277,8344722,450606
ecdsa-P-521,verify,278,8362204,451548
ecdsa-P-521,verify,279,8347537,450757
ecdsa-P-521,verify,280,8351333,450961
ecdsa-P-521,verify,281,8342352,450478
ecdsa-P-521,verify,282,8348760,450823
ecdsa-P-521,verify,283,8342944,450510
ecdsa-P-521,verify,284,8346556,450705
ecdsa-P-521,verify,285,8370222,451982
ecdsa-P-521,verify,286,8345945,450670
ecdsa-P-521,verify,287,8357351,451288
ecdsa-P-521,verify,288,8345740,450660
ecdsa-P-521,verify,289,8349741,450876
ecdsa-P-521,verify,290,8348556,450808
ecdsa-P-521,verify,291,8345612,450652
ecdsa-P-521,verify,292,8347426,450751
ecdsa-P-521,verify,293,8354704,451143
ecdsa-P-521,verify,294,8350370,450909
ecdsa-P-521,verify,295,8341815,450447
ecdsa-P-521,verify,296,8348185,450792
ecdsa-P-521,verify,297,8344981,450619
ecdsa-P-521,verify,298,8365945,451752
ecdsa-P-521,verify,299,8350778,450932
ecdsa-P-521,verify,300,8352278,451013
ecdsa-P-521,verify,301,8350389,450911
ecdsa-P-521,verify,302,8351481,450971
ecdsa-P-521,verify,303,8369797,451958
ecdsa-P-521,verify,304,8343055,450515
ecdsa-P-521,verify,305,8346759,450715
ecdsa-P-521,verify,306,8347314,450746
ecdsa-P-521,verify,307,8346037,450676
ecdsa-P-521,verify,308,8346444,450698
ecdsa-P-521,verify,309,8354963,451158
ecdsa-P-521,verify,310,8351093,450949
ecdsa-P-521,verify,311,8351019,450945
ecdsa-P-521,verify,312,8348481,450809
ecdsa-P-521,verify,313,8347889,450777
ecdsa-P-521,verify,314,8351018,450946
ecdsa-P-521,verify,315,8350685,450927
ecdsa-P-521,verify,316,8347166,450737
ecdsa-P-521,verify,317,8354074,451111
ecdsa-P-521,verify,318,8352574,451028
ecdsa-P-521,verify,319,8342574,450488
ecdsa-P-521,verify,320,8345685,450656
ecdsa-P-521,verify,321,8355204,451173
ecdsa-P-521,verify,322,8352241,451010
ecdsa-P-521,verify,323,8349388,450858
ecdsa-P-521,verify,324,8349315,450852
ecdsa-P-521,verify,325,8335148,450088
ecdsa-P-521,verify,326,8347778,450769
ecdsa-P-521,verify,327,8972926,484526
ecdsa-P-521,verify,328,8478778,457843
ecdsa-P-521,verify,329,8359111,451381
ecdsa-P-521,verify,330,8346778,450716
ecdsa-P-521,verify,331,8351444,450968
ecdsa-P-521,verify,332,9048648,488617
ecdsa-P-521,verify,333,8601648,464478
ecdsa-P-521,verify,334,8345889,450667
ecdsa-P-521,verify,335,8348814,450826
ecdsa-P-521,verify,336,8338370,450262
ecdsa-P-521,verify,337,8887203,479897
ecdsa-P-521,verify,338,9123648,492666
ecdsa-P-521,verify,339,8354982,451159
ecdsa-P-521,verify,340,8345629,450653
ecdsa-P-521,verify,341,8344074,450570
ecdsa-P-521,verify,342,8352593,451029
ecdsa-P-521,verify,343,8362907,451587
ecdsa-P-521,verify,344,8353037,451053
ecdsa-P-521,verify,345,8359074,451380
ecdsa-P-521,verify,346,8376611,452327
ecdsa-P-521,verify,347,8357092,451272
ecdsa-P-521,verify,348,8346556,450704
ecdsa-P-521,verify,349,8352907,451046
ecdsa-P-521,verify,350,8345722,450659
ecdsa-P-521,verify,351,8351796,450988
ecdsa-P-521,verify,352,8346167,450683
ecdsa-P-521,verify,353,8352018,450999
ecdsa-P-521,verify,354,8351055,450946
ecdsa-P-521,verify,355,8349908,450884
ecdsa-P-521,verify,356,8349351,450854
ecdsa-P-521,verify,357,8357204,451279
ecdsa-P-521,verify,358,8360370,451451
ecdsa-P-521,verify,359,8341148,450413
ecdsa-P-521,verify,360,8362037,451540
ecdsa-P-521,verify,361,8347389,450749
ecdsa-P-521,verify,362,8350482,450916
ecdsa-P-521,verify,363,8351667,450979
ecdsa-P-521,verify,364,8349889,450885
ecdsa-P-521,verify,365,8358704,451359
ecdsa-P-521,verify,366,8350222,450903
ecdsa-P-521,verify,367,8346000,450673
ecdsa-P-521,verify,368,8386297,452851
ecdsa-P-521,verify,369,8356982,451267
ecdsa-P-521,verify,370,8373982,452186
ecdsa-P-521,verify,371,8354074,451110
ecdsa-P-521,verify,372,8352592,451029
ecdsa-P-521,verify,373,8355037,451162
ecdsa-P-521,verify,374,8349889,450885
ecdsa-P-521,verify,375,8346111,450681
ecdsa-P-521,verify,376,8347685,450766
ecdsa-P-521,verify,377,8352685,451034
ecdsa-P-521,verify,378,8360074,451433
ecdsa-P-521,verify,379,8346722,450713
ecdsa-P-521,verify,380,8357297,451283
ecdsa-P-521,verify,381,8347463,450753
ecdsa-P-521,verify,382,8344888,450614
ecdsa-P-521,verify,383,8361667,451520
ecdsa-P-521,verify,384,8348722,450821
ecdsa-P-521,verify,385,8348074,450786
ecdsa-P-521,verify,386,8345277,450635
ecdsa-P-521,verify,387,8346167,450684
ecdsa-P-521,verify,388,8400055,453594
ecdsa-P-521,verify,389,8349944,450888
ecdsa-P-521,verify,390,8348314,450800
ecdsa-P-521,verify,391,8349445,450860
ecdsa-P-521,verify,392,8346426,450696
ecdsa-P-521,verify,393,8345333,450638
ecdsa-P-521,verify,394,8348686,450820
ecdsa-P-521,verify,395,8349889,450883
ecdsa-P-521,verify,396,8335296,450096
ecdsa-P-521,verify,397,8351315,450962
ecdsa-P-521,verify,398,8347111,450733
ecdsa-P-521,verify,399,8352963,451050
ecdsa-P-521,verify,400,8342278,450472
ecdsa-P-521,verify,401,8344611,450598
ecdsa-P-521,verify,402,8360667,451466
ecdsa-P-521,verify,403,8349018,450837
ecdsa-P-521,verify,404,8343704,450552
ecdsa-P-521,verify,405,8347685,450766
ecdsa-P-521,verify,406,8351389,450964
ecdsa-P-521,verify,407,8374037,452189
ecdsa-P-521,verify,408,8373925,452182
ecdsa-P-521,verify,409,8344574,450597
ecdsa-P-521,verify,410,8352000,450998
ecdsa-P-521,verify,411,8339037,450298
ecdsa-P-521,verify,412,8348463,450807
ecdsa-P-521,verify,413,8357574,451300
ecdsa-P-521,verify,414,8348000,450783
ecdsa-P-521,verify,415,8350981,450943
ecdsa-P-521,verify,416,8348926,450831
ecdsa-P-521,verify,417,8353778,451095
ecdsa-P-521,verify,418,8356611,451246
ecdsa-P-521,verify,419,8345611,450653
ecdsa-P-521,verify,420,8339704,450334
ecdsa-P-521,verify,421,8355963,451212
ecdsa-P-521,verify,422,8347741,450769
ecdsa-P-521,verify,423,8347593,450760
ecdsa-P-521,verify,424,8355185,451170
ecdsa-P-521,verify,425,8353870,451099
ecdsa-P-521,verify,426,8347130,450736
ecdsa-P-521,verify,427,8349018,450837
ecdsa-P-521,verify,428,8345555,450649
ecdsa-P-521,verify,429,8340685,450388
ecdsa-P-521,verify,430,8345186,450630
ecdsa-P-521,verify,431,8378519,452430
ecdsa-P-521,verify,432,8350722,450929
ecdsa-P-521,verify,433,8382907,452667
ecdsa-P-521,verify,434,8346574,450705
ecdsa-P-521,verify,435,8348963,450835
ecdsa-P-521,verify,436,8362389,451560
ecdsa-P-521,verify,437,8348204,450793
ecdsa-P-521,verify,438,8345370,450640
ecdsa-P-521,verify,439,8350851,450936
ecdsa-P-521,verify,440,8354537,451134
ecdsa-P-521,verify,441,8339500,450324
ecdsa-P-521,verify,442,8351074,450948
ecdsa-P-521,verify,443,8340297,450366
ecdsa-P-521,verify,444,8346389,450695
ecdsa-P-521,verify,445,8346556,450704
ecdsa-P-521,verify,446,8354074,451109
ecdsa-P-521,verify,447,8364871,451694
ecdsa-P-521,verify,448,8344666,450603
ecdsa-P-521,verify,449,8342741,450499
ecdsa-P-521,verify,450,8345907,450668
ecdsa-P-521,verify,451,8351260,450959
ecdsa-P-521,verify,452,8342796,450502
ecdsa-P-521,verify,453,8348056,450784
ecdsa-P-521,verify,454,8343482,450538
ecdsa-P-521,verify,455,8351648,450980
ecdsa-P-521,verify,456,8350222,450902
ecdsa-P-521,verify,457,8349018,450837
ecdsa-P-521,verify,458,8352426,451021
ecdsa-P-521,verify,459,8347907,450778
ecdsa-P-521,verify,460,8411463,454209
ecdsa-P-521,verify,461,8355296,451177
ecdsa-P-521,verify,462,8355907,451208
ecdsa-P-521,verify,463,8349556,450867
ecdsa-P-521,verify,464,8506778,459355
ecdsa-P-521,verify,465,8941333,482821
ecdsa-P-521,verify,466,8354408,451128
ecdsa-P-521,verify,467,8355907,451208
ecdsa-P-521,verify,468,8381074,452568
ecdsa-P-521,verify,469,8544296,461382
ecdsa-P-521,verify,470,9107926,491818
ecdsa-P-521,verify,471,8344463,450591
ecdsa-P-521,verify,472,8354722,451145
ecdsa-P-521,verify,473,8367000,451808
ecdsa-P-521,verify,474,8604112,464611
ecdsa-P-521,verify,475,9339075,504300
ecdsa-P-521,verify,476,8359593,451408
ecdsa-P-521,verify,477,8350370,450909
ecdsa-P-521,verify,478,8361259,451498
ecdsa-P-521,verify,479,8351278,450959
ecdsa-P-521,verify,480,8353148,451060
ecdsa-P-521,verify,481,8353518,451079
ecdsa-P-521,verify,482,8344222,450578
ecdsa-P-521,verify,483,8362556,451567
ecdsa-P-521,verify,484,8346315,450692
ecdsa-P-521,verify,485,8346407,450696
ecdsa-P-521,verify,486,8344389,450588
ecdsa-P-521,verify,487,8355240,451173
ecdsa-P-521,verify,488,8391278,453120
ecdsa-P-521,verify,489,8354185,451116
ecdsa-P-521,verify,490,8351445,450969
ecdsa-P-521,verify,491,8389574,453028
ecdsa-P-521,verify,492,8357000,451269
ecdsa-P-521,verify,493,8352093,451004
ecdsa-P-521,verify,494,8358297,451337
ecdsa-P-521,verify,495,8350371,450910
ecdsa-P-521,verify,496,8349408,450858
ecdsa-P-521,verify,497,8343204,450524
ecdsa-P-521,verify,498,8373685,452169
ecdsa-P-521,verify,499,8341797,450447
ecdsa-P-521,verify,500,8341703,450441
ecdsa-P-521,verify,501,8352444,451023
ecdsa-P-521,verify,502,8350870,450937
ecdsa-P-521,verify,503,8346685,450712
ecdsa-P-521,verify,504,8352926,451049
ecdsa-P-521,verify,505,8351148,450952
ecdsa-P-521,verify,506,8361852,451531
ecdsa-P-521,verify,507,8345352,450639
ecdsa-P-521,verify,508,8346444,450698
ecdsa-P-521,verify,509,8353926,451102
ecdsa-P-521,verify,510,8402852,453744
ecdsa-P-521,verify,511,8352000,450998
ecdsa-P-521,verify,512,8351277,450959
ecdsa-P-521,verify,513,8353944,451102
ecdsa-P-521,verify,514,8343666,450549
ecdsa-P-521,verify,515,8347407,450751
ecdsa-P-521,verify,516,8351426,450967
ecdsa-P-521,verify,517,8360408,451452
ecdsa-P-521,verify,518,8355352,451179
ecdsa-P-521,verify,519,8347370,450747
ecdsa-P-521,verify,520,8349815,450880
ecdsa-P-521,verify,521,8348648,450817
ecdsa-P-521,verify,522,8354537,451136
ecdsa-P-521,verify,523,8348499,450809
ecdsa-P-521,verify,524,8350111,450896
ecdsa-P-521,verify,525,8354129,451113
ecdsa-P-521,verify,526,8348204,450794
ecdsa-P-521,verify,527,8347315,450745
ecdsa-P-521,verify,528,8355814,451204
ecdsa-P-521,verify,529,8374093,452191
ecdsa-P-521,verify,530,8354092,451111
ecdsa-P-521,verify,531,8341908,450453
ecdsa-P-521,verify,532,8353556,451083
ecdsa-P-521,verify,533,8352018,450999
ecdsa-P-521,verify,534,8354537,451135
ecdsa-P-521,verify,535,8347056,450730
ecdsa-P-521,verify,536,8353500,451079
ecdsa-P-521,verify,537,8350000,450891
ecdsa-P-521,verify,538,8374333,452205
ecdsa-P-521,verify,539,8364926,451695
ecdsa-P-521,verify,540,8347723,450767
ecdsa-P-521,verify,541,8339926,450346
ecdsa-P-521,verify,542,8351278,450959
ecdsa-P-521,verify,543,8353723,451091
ecdsa-P-521,verify,544,8351204,450955
ecdsa-P-521,verify,545,8348519,450811
ecdsa-P-521,verify,546,8345426,450643
ecdsa-P-521,verify,547,8350797,450933
ecdsa-P-521,verify,548,8355334,451179
ecdsa-P-521,verify,549,8351815,450989
ecdsa-P-521,verify,550,8356352,451233
ecdsa-P-521,verify,551,8357760,451310
ecdsa-P-521,verify,552,8348463,450808
ecdsa-P-521,verify,553,8345037,450622
ecdsa-P-521,verify,554,8345149,450629
ecdsa-P-521,verify,555,8346111,450680
ecdsa-P-521,verify,556,8346389,450695
ecdsa-P-521,verify,557,8353944,451102
ecdsa-P-521,verify,558,8349797,450879
ecdsa-P-521,verify,559,8345981,450673
ecdsa-P-521,verify,560,8351518,450972
ecdsa-P-521,verify,561,8352833,451042
ecdsa-P-521,verify,562,8356574,451244
ecdsa-P-521,verify,563,8377315,452364
ecdsa-P-521,verify,564,8343482,450537
ecdsa-P-521,verify,565,8347240,450741
ecdsa-P-521,verify,566,8354333,451123
ecdsa-P-521,verify,567,8343963,450564
ecdsa-P-521,verify,568,8345704,450659
ecdsa-P-521,verify,569,8346055,450679
ecdsa-P-521,verify,570,8355611,451192
ecdsa-P-521,verify,571,8348055,450785
ecdsa-P-521,verify,572,8357333,451286
ecdsa-P-521,verify,573,8354167,451114
ecdsa-P-521,verify,574,8355055,451162
ecdsa-P-521,verify,575,8345297,450636
ecdsa-P-521,verify,576,8344129,450572
ecdsa-P-521,verify,577,8347482,450754
ecdsa-P-521,verify,578,8353204,451063
ecdsa-P-521,verify,579,8345426,450643
ecdsa-P-521,verify,580,8358370,451342
ecdsa-P-521,verify,581,8356130,451220
ecdsa-P-521,verify,582,8353278,451068
ecdsa-P-521,verify,583,8423556,454863
ecdsa-P-521,verify,584,8354814,451150
ecdsa-P-521,verify,585,8353259,451065
ecdsa-P-521,verify,586,8343926,450563
ecdsa-P-521,verify,587,8343240,450524
ecdsa-P-521,verify,588,8347982,450781
ecdsa-P-521,verify,589,8352093,451003
ecdsa-P-521,verify,590,8400981,453643
ecdsa-P-521,verify,591,8347963,450781
ecdsa-P-521,verify,592,8353537,451082
ecdsa-P-521,verify,593,8344686,450604
ecdsa-P-521,verify,594,8356592,451248
ecdsa-P-521,verify,595,8367703,451846
ecdsa-P-521,verify,596,8351648,450979
ecdsa-P-521,verify,597,8346444,450698
ecdsa-P-521,verify,598,8349500,450862
ecdsa-P-521,verify,599,8347648,450764
ecdsa-P-521,verify,600,8342704,450495
ecdsa-P-521,verify,601,8345944,450671
ecdsa-P-521,verify,602,9032185,487728
ecdsa-P-521,verify,603,8445352,456040
ecdsa-P-521,verify,604,8360203,451441
ecdsa-P-521,verify,605,8355593,451191
ecdsa-P-521,verify,606,8349741,450875
ecdsa-P-521,verify,607,9129666,492992
ecdsa-P-521,verify,608,8528445,460526
ecdsa-P-521,verify,609,8353148,451061
ecdsa-P-521,verify,610,8353148,451061
ecdsa-P-521,verify,611,8345055,450623
ecdsa-P-521,verify,612,8969037,484318
ecdsa-P-521,verify,613,8978574,484832
ecdsa-P-521,verify,614,8349945,450886
ecdsa-P-521,verify,615,8350667,450926
ecdsa-P-521,verify,616,8350389,450911
ecdsa-P-521,verify,617,8350203,450901
ecdsa-P-521,verify,618,8365148,451708
ecdsa-P-521,verify,619,8356297,451230
ecdsa-P-521,verify,620,8356926,451264
ecdsa-P-521,verify,621,8355815,451204
ecdsa-P-521,verify,622,8344611,450599
ecdsa-P-521,verify,623,8347407,450750
ecdsa-P-521,verify,624,8344444,450590
ecdsa-P-521,verify,625,8354926,451157
ecdsa-P-521,verify,626,8351593,450976
ecdsa-P-521,verify,627,8352351,451016
ecdsa-P-521,verify,628,8412815,454281
ecdsa-P-521,verify,629,8357611,451301
ecdsa-P-521,verify,630,8356649,451248
ecdsa-P-521,verify,631,8356833,451260
ecdsa-P-521,verify,632,8356611,451246
ecdsa-P-521,verify,633,8350278,450905
ecdsa-P-521,verify,634,8347500,450754
ecdsa-P-521,verify,635,8347722,450766
ecdsa-P-521,verify,636,8347871,450775
ecdsa-P-521,verify,637,8349518,450865
ecdsa-P-521,verify,638,8351648,450980
ecdsa-P-521,verify,639,8344333,450585
ecdsa-P-521,verify,640,8352297,451015
ecdsa-P-521,verify,641,8357833,451312
ecdsa-P-521,verify,642,8353852,451098
ecdsa-P-521,verify,643,8360352,451449
ecdsa-P-521,verify,644,8350075,450895
ecdsa-P-521,verify,645,8350018,450890
ecdsa-P-521,verify,646,8342722,450498
ecdsa-P-521,verify,647,8344259,450580
ecdsa-P-521,verify,648,8346148,450682
ecdsa-P-521,verify,649,8347092,450732
ecdsa-P-521,verify,650,8342111,450464
ecdsa-P-521,verify,651,8371370,452044
ecdsa-P-521,verify,652,8352925,451048
ecdsa-P-521,verify,653,8346981,450726
ecdsa-P-521,verify,654,8364315,451663
ecdsa-P-521,verify,655,8350055,450895
ecdsa-P-521,verify,656,8350740,450930
ecdsa-P-521,verify,657,8348315,450799
ecdsa-P-521,verify,658,8344648,450601
ecdsa-P-521,verify,659,8348815,450825
ecdsa-P-521,verify,660,8346314,450692
ecdsa-P-521,verify,661,8348481,450807
ecdsa-P-521,verify,662,8345629,450655
ecdsa-P-521,verify,663,8351500,450971
ecdsa-P-521,verify,664,8350111,450897
ecdsa-P-521,verify,665,8359463,451401
ecdsa-P-521,verify,666,8353519,451081
ecdsa-P-521,verify,667,8342277,450472
ecdsa-P-521,verify,668,8369945,451967
ecdsa-P-521,verify,669,8347611,450760
ecdsa-P-521,verify,670,8348630,450815
ecdsa-P-521,verify,671,8347778,450770
ecdsa-P-521,verify,672,8354351,451125
ecdsa-P-521,verify,673,8348722,450820
ecdsa-P-521,verify,674,8351203,450955
ecdsa-P-521,verify,675,8352371,451019
ecdsa-P-521,verify,676,8357185,451278
ecdsa-P-521,verify,677,8347851,450773
ecdsa-P-521,verify,678,8350185,450901
ecdsa-P-521,verify,679,8367278,451823
ecdsa-P-521,verify,680,8345574,450652
ecdsa-P-521,verify,681,8346186,450685
ecdsa-P-521,verify,682,8342370,450478
ecdsa-P-521,verify,683,8348667,450817
ecdsa-P-521,verify,684,8354704,451143
ecdsa-P-521,verify,685,8347074,450732
ecdsa-P-521,verify,686,8353759,451093
ecdsa-P-521,verify,687,8338944,450292
ecdsa-P-521,verify,688,8357500,451296
ecdsa-P-521,verify,689,8338315,450259
ecdsa-P-521,verify,690,8352963,451050
ecdsa-P-521,verify,691,8345111,450626
ecdsa-P-521,verify,692,8347963,450779
ecdsa-P-521,verify,693,8373111,452138
ecdsa-P-521,verify,694,8356241,451227
ecdsa-P-521,verify,695,8349945,450886
ecdsa-P-521,verify,696,8348944,450833
ecdsa-P-521,verify,697,8351260,450958
ecdsa-P-521,verify,698,8375019,452240
ecdsa-P-521,verify,699,8368648,451897
ecdsa-P-521,verify,700,8347649,450763
ecdsa-P-521,verify,701,8346241,450689
ecdsa-P-521,verify,702,8348833,450826
ecdsa-P-521,verify,703,8354445,451131
ecdsa-P-521,verify,704,8346445,450698
ecdsa-P-521,verify,705,8416759,454496
ecdsa-P-521,verify,706,8350240,450904
ecdsa-P-521,verify,707,8346037,450677
ecdsa-P-521,verify,708,8354093,451112
ecdsa-P-521,verify,709,8351555,450974
ecdsa-P-521,verify,710,8357759,451310
ecdsa-P-521,verify,711,8345592,450651
ecdsa-P-521,verify,712,8368852,451907
ecdsa-P-521,verify,713,8345981,450673
ecdsa-P-521,verify,714,8349334,450854
ecdsa-P-521,verify,715,8349315,450852
ecdsa-P-521,verify,716,8352203,451009
ecdsa-P-521,verify,717,8341481,450429
ecdsa-P-521,verify,718,8353815,451097
ecdsa-P-521,verify,719,8352685,451036
ecdsa-P-521,verify,720,8354667,451142
ecdsa-P-521,verify,721,8358223,451333
ecdsa-P-521,verify,722,8341852,450449
ecdsa-P-521,verify,723,8345370,450640
ecdsa-P-521,verify,724,8346222,450687
ecdsa-P-521,verify,725,8347833,450773
ecdsa-P-521,verify,726,8346482,450699
ecdsa-P-521,verify,727,8353870,451099
ecdsa-P-521,verify,728,8353907,451100
ecdsa-P-521,verify,729,8359352,451394
ecdsa-P-521,verify,730,8352352,451018
ecdsa-P-521,verify,731,8356352,451234
ecdsa-P-521,verify,732,8397667,453464
ecdsa-P-521,verify,733,8372555,452109
ecdsa-P-521,verify,734,8346759,450715
ecdsa-P-521,verify,735,8346574,450703
ecdsa-P-521,verify,736,8345111,450626
ecdsa-P-521,verify,737,8347815,450773
ecdsa-P-521,verify,738,8350389,450912
ecdsa-P-521,verify,739,8512629,459671
ecdsa-P-521,verify,740,8945649,483054
ecdsa-P-521,verify,741,8361574,451515
ecdsa-P-521,verify,742,8357074,451273
ecdsa-P-521,verify,743,8359129,451383
ecdsa-P-521,verify,744,8546222,461486
ecdsa-P-521,verify,745,9103426,491575
ecdsa-P-521,verify,746,8346296,450691
ecdsa-P-521,verify,747,8371648,452060
ecdsa-P-521,verify,748,8348871,450831
ecdsa-P-521,verify,749,8620222,465481
ecdsa-P-521,verify,750,9319055,503217
ecdsa-P-521,verify,751,8353111,451058
ecdsa-P-521,verify,752,8344556,450597
ecdsa-P-521,verify,753,8352259,451011
ecdsa-P-521,verify,754,8351630,450979
ecdsa-P-521,verify,755,8371889,452072
ecdsa-P-521,verify,756,8346556,450704
ecdsa-P-521,verify,757,8358722,451362
ecdsa-P-521,verify,758,8381296,452579
ecdsa-P-521,verify,759,8344574,450598
ecdsa-P-521,verify,760,8354537,451136
ecdsa-P-521,verify,761,8352259,451012
ecdsa-P-521,verify,762,8349112,450842
ecdsa-P-521,verify,763,8348093,450787
ecdsa-P-521,verify,764,8355352,451178
ecdsa-P-521,verify,765,8351333,450962
ecdsa-P-521,verify,766,8346463,450700
ecdsa-P-521,verify,767,8353463,451078
ecdsa-P-521,verify,768,8363482,451619
ecdsa-P-521,verify,769,8356945,451265
ecdsa-P-521,verify,770,8344667,450602
ecdsa-P-521,verify,771,8351722,450983
ecdsa-P-521,verify,772,8348241,450796
ecdsa-P-521,verify,773,8383519,452699
ecdsa-P-521,verify,774,8348945,450833
ecdsa-P-521,verify,775,8369185,451926
ecdsa-P-521,verify,776,8357759,451309
ecdsa-P-521,verify,777,8347703,450766
ecdsa-P-521,verify,778,8351593,450976
ecdsa-P-521,verify,779,8348241,450794
ecdsa-P-521,verify,780,8364241,451659
ecdsa-P-521,verify,781,8345167,450628
ecdsa-P-521,verify,782,8349463,450861
ecdsa-P-521,verify,783,8347722,450768
ecdsa-P-521,verify,784,8348408,450805
ecdsa-P-521,verify,785,8366222,451767
ecdsa-P-521,verify,786,8338908,450291
ecdsa-P-521,verify,787,8348074,450786
ecdsa-P-521,verify,788,8352204,451009
ecdsa-P-521,verify,789,8350000,450890
ecdsa-P-521,verify,790,8354148,451114
ecdsa-P-521,verify,791,8359870,451422
ecdsa-P-521,verify,792,8349889,450885
ecdsa-P-521,verify,793,8338759,450282
ecdsa-P-521,verify,794,8343315,450528
ecdsa-P-521,verify,795,8342056,450460
ecdsa-P-521,verify,796,8345352,450639
ecdsa-P-521,verify,797,8347870,450774
ecdsa-P-521,verify,798,8370148,451978
ecdsa-P-521,verify,799,8346871,450720
ecdsa-P-521,verify,800,8349037,450838
ecdsa-P-521,verify,801,8343037,450514
ecdsa-P-521,verify,802,8360796,451474
ecdsa-P-521,verify,803,8345185,450629
ecdsa-P-521,verify,804,8342815,450501
ecdsa-P-521,verify,805,8350129,450897
ecdsa-P-521,verify,806,8356704,451253
ecdsa-P-521,verify,807,8345037,450623
ecdsa-P-521,verify,808,8349407,450857
ecdsa-P-521,verify,809,8351037,450946
ecdsa-P-521,verify,810,8353796,451095
ecdsa-P-521,verify,811,8348334,450800
ecdsa-P-521,verify,812,8350944,450942
ecdsa-P-521,verify,813,8358426,451345
ecdsa-P-521,verify,814,8339296,450312
ecdsa-P-521,verify,815,8343907,450562
ecdsa-P-521,verify,816,8349241,450850
ecdsa-P-521,verify,817,8354407,451128
ecdsa-P-521,verify,818,8350944,450941
ecdsa-P-521,verify,819,8344630,450600
ecdsa-P-521,verify,820,8348241,450795
ecdsa-P-521,verify,821,8346352,450693
ecdsa-P-521,verify,822,8345814,450664
ecdsa-P-521,verify,823,8374186,452197
ecdsa-P-521,verify,824,8344074,450570
ecdsa-P-521,verify,825,8351593,450977
ecdsa-P-521,verify,826,8347186,450738
ecdsa-P-521,verify,827,8409426,454100
ecdsa-P-521,verify,828,8344259,450580
ecdsa-P-521,verify,829,8344370,450585
ecdsa-P-521,verify,830,8344426,450589
ecdsa-P-521,verify,831,8342852,450504
ecdsa-P-521,verify,832,8347481,450753
ecdsa-P-521,verify,833,8351222,450957
ecdsa-P-521,verify,834,8340704,450388
ecdsa-P-521,verify,835,8379149,452465
ecdsa-P-521,verify,836,8389593,453028
ecdsa-P-521,verify,837,8349944,450887
ecdsa-P-521,verify,838,8346908,450723
ecdsa-P-521,verify,839,8347037,450730
ecdsa-P-521,verify,840,8352519,451027
ecdsa-P-521,verify,841,8349611,450869
ecdsa-P-521,verify,842,8342574,450489
ecdsa-P-521,verify,843,8350704,450928
ecdsa-P-521,verify,844,8352814,451043
ecdsa-P-521,verify,845,8371204,452035
ecdsa-P-521,verify,846,8353482,451079
ecdsa-P-521,verify,847,8372556,452108
ecdsa-P-521,verify,848,8354074,451112
ecdsa-P-521,verify,849,8341944,450455
ecdsa-P-521,verify,850,8345019,450622
ecdsa-P-521,verify,851,8345296,450636
ecdsa-P-521,verify,852,8347481,450753
ecdsa-P-521,verify,853,8338852,450288
ecdsa-P-521,verify,854,8344574,450598
ecdsa-P-521,verify,855,8352000,450998
ecdsa-P-521,verify,856,8350833,450936
ecdsa-P-521,verify,857,8352222,451011
ecdsa-P-521,verify,858,8358741,451363
ecdsa-P-521,verify,859,8347149,450736
ecdsa-P-521,verify,860,8346185,450684
ecdsa-P-521,verify,861,8348297,450799
ecdsa-P-521,verify,862,8352778,451040
ecdsa-P-521,verify,863,8367611,451842
ecdsa-P-521,verify,864,8341203,450416
ecdsa-P-521,verify,865,8379667,452492
ecdsa-P-521,verify,866,8353556,451083
ecdsa-P-521,verify,867,8346425,450698
ecdsa-P-521,verify,868,8340204,450362
ecdsa-P-521,verify,869,8355389,451181
ecdsa-P-521,verify,870,8344908,450614
ecdsa-P-521,verify,871,8345722,450659
ecdsa-P-521,verify,872,8348167,450790
ecdsa-P-521,verify,873,8350666,450926
ecdsa-P-521,verify,874,8346333,450691
ecdsa-P-521,verify,875,8343204,450524
ecdsa-P-521,verify,876,8347407,450751
ecdsa-P-521,verify,877,9035351,487899
ecdsa-P-521,verify,878,8422463,454804
ecdsa-P-521,verify,879,8356648,451248
ecdsa-P-521,verify,880,8350555,450921
ecdsa-P-521,verify,881,8432685,455354
ecdsa-P-521,verify,882,9048038,488584
ecdsa-P-521,verify,883,8527833,460493
ecdsa-P-521,verify,884,8355982,451215
ecdsa-P-521,verify,885,8348389,450804
ecdsa-P-521,verify,886,8347111,450735
ecdsa-P-521,verify,887,8969944,484366
ecdsa-P-521,verify,888,9003204,486163
ecdsa-P-521,verify,889,8353185,451062
ecdsa-P-521,verify,890,8351000,450945
ecdsa-P-521,verify,891,8354055,451109
ecdsa-P-521,verify,892,8350092,450896
ecdsa-P-521,verify,893,8370815,452016
ecdsa-P-521,verify,894,8354500,451133
ecdsa-P-521,verify,895,8379926,452506
ecdsa-P-521,verify,896,8352630,451032
ecdsa-P-521,verify,897,8344889,450614
ecdsa-P-521,verify,898,8343519,450541
ecdsa-P-521,verify,899,8339463,450322
ecdsa-P-521,verify,900,8342815,450502
ecdsa-P-521,verify,901,8350500,450918
ecdsa-P-521,verify,902,8351666,450981
ecdsa-P-521,verify,903,8350259,450905
ecdsa-P-521,verify,904,8353204,451063
ecdsa-P-521,verify,905,8348167,450790
ecdsa-P-521,verify,906,8365240,451714
ecdsa-P-521,verify,907,8352000,450998
ecdsa-P-521,verify,908,8345649,450655
ecdsa-P-521,verify,909,8336592,450167
ecdsa-P-521,verify,910,8345796,450663
ecdsa-P-521,verify,911,8352056,451002
ecdsa-P-521,verify,912,8347537,450756
ecdsa-P-521,verify,913,8350519,450919
ecdsa-P-521,verify,914,8356278,451230
ecdsa-P-521,verify,915,8347314,450746
ecdsa-P-521,verify,916,8344370,450586
ecdsa-P-521,verify,917,8358537,451351
ecdsa-P-521,verify,918,8348018,450784
ecdsa-P-521,verify,919,8347074,450732
ecdsa-P-521,verify,920,8342241,450472
ecdsa-P-521,verify,921,8351334,450962
ecdsa-P-521,verify,922,8350463,450916
ecdsa-P-521,verify,923,8348685,450819
ecdsa-P-521,verify,924,8341463,450430
ecdsa-P-521,verify,925,8341537,450433
ecdsa-P-521,verify,926,8345241,450633
ecdsa-P-521,verify,927,8347037,450730
ecdsa-P-521,verify,928,8362574,451570
ecdsa-P-521,verify,929,8365445,451723
ecdsa-P-521,verify,930,8351444,450967
ecdsa-P-521,verify,931,8348296,450797
ecdsa-P-521,verify,932,8340834,450395
ecdsa-P-521,verify,933,8341870,450451
ecdsa-P-521,verify,934,8346945,450726
ecdsa-P-521,verify,935,8347333,450747
ecdsa-P-521,verify,936,8353612,451085
ecdsa-P-521,verify,937,8345111,450626
ecdsa-P-521,verify,938,8342797,450500
ecdsa-P-521,verify,939,8347815,450770
ecdsa-P-521,verify,940,8359555,451405
ecdsa-P-521,verify,941,8349278,450852
ecdsa-P-521,verify,942,8356889,451262
ecdsa-P-521,verify,943,8350666,450925
ecdsa-P-521,verify,944,8359760,451418
ecdsa-P-521,verify,945,8353130,451058
ecdsa-P-521,verify,946,8353778,451093
ecdsa-P-521,verify,947,8355426,451183
ecdsa-P-521,verify,948,8344222,450577
ecdsa-P-521,verify,949,8402222,453710
ecdsa-P-521,verify,950,8360666,451466
ecdsa-P-521,verify,951,8359778,451418
ecdsa-P-521,verify,952,8340166,450359
ecdsa-P-521,verify,953,8375259,452254
ecdsa-P-521,verify,954,8369740,451956
ecdsa-P-521,verify,955,8355537,451189
ecdsa-P-521,verify,956,8344834,450611
ecdsa-P-521,verify,957,8369333,451926
ecdsa-P-521,verify,958,8352889,451045
ecdsa-P-521,verify,959,8349185,450846
ecdsa-P-521,verify,960,8353389,451073
ecdsa-P-521,verify,961,8345908,450669
ecdsa-P-521,verify,962,8356963,451266
ecdsa-P-521,verify,963,8352481,451024
ecdsa-P-521,verify,964,8353222,451066
ecdsa-P-521,verify,965,8350370,450910
ecdsa-P-521,verify,966,8352630,451032
ecdsa-P-521,verify,967,8353296,451069
ecdsa-P-521,verify,968,8348204,450793
ecdsa-P-521,verify,969,8353092,451057
ecdsa-P-521,verify,970,8354741,451146
ecdsa-P-521,verify,971,8346981,450727
ecdsa-P-521,verify,972,8383296,452689
ecdsa-P-521,verify,973,8358815,451366
ecdsa-P-521,verify,974,8344777,450610
ecdsa-P-521,verify,975,8345519,450648
ecdsa-P-521,verify,976,8349685,450873
ecdsa-P-521,verify,977,8346000,450674
ecdsa-P-521,verify,978,8340315,450368
ecdsa-P-521,verify,979,8341760,450446
ecdsa-P-521,verify,980,8361334,451502
ecdsa-P-521,verify,981,8350759,450932
ecdsa-P-521,verify,982,8343518,450540
ecdsa-P-521,verify,983,8345240,450634
ecdsa-P-521,verify,984,8338149,450251
ecdsa-P-521,verify,985,8353982,451105
ecdsa-P-521,verify,986,8345926,450670
ecdsa-P-521,verify,987,8378611,452436
ecdsa-P-521,verify,988,8351370,450966
ecdsa-P-521,verify,989,8334241,450040
ecdsa-P-521,verify,990,8356481,451239
ecdsa-P-521,verify,991,8357630,451301
ecdsa-P-521,verify,992,8350592,450923
ecdsa-P-521,verify,993,8368593,451893
ecdsa-P-521,verify,994,8350574,450921
ecdsa-P-521,verify,995,8348389,450802
ecdsa-P-521,verify,996,8353870,451101
ecdsa-P-521,verify,997,8343722,450552
ecdsa-P-521,verify,998,8353389,451072
ecdsa-P-521,verify,999,8345629,450655
