algo,op,iter,wall_ns,cycles
ecdsa-P-521,keygen,0,10414018,562347
ecdsa-P-521,keygen,1,10416760,562498
ecdsa-P-521,keygen,2,10407074,561975
ecdsa-P-521,keygen,3,10399574,561569
ecdsa-P-521,keygen,4,10397223,561443
ecdsa-P-521,keygen,5,10405000,561862
ecdsa-P-521,keygen,6,10399981,561592
ecdsa-P-521,keygen,7,10400037,561594
ecdsa-P-521,keygen,8,10404093,561814
ecdsa-P-521,keygen,9,10394259,561282
ecdsa-P-521,keygen,10,10404889,561857
ecdsa-P-521,keygen,11,10410130,562139
ecdsa-P-521,keygen,12,10429203,563171
ecdsa-P-521,keygen,13,10416963,562510
ecdsa-P-521,keygen,14,10397852,561477
ecdsa-P-521,keygen,15,10445574,564047
ecdsa-P-521,keygen,16,10436500,563564
ecdsa-P-521,keygen,17,10398667,561520
ecdsa-P-521,keygen,18,10401018,561648
ecdsa-P-521,keygen,19,10397612,561464
ecdsa-P-521,keygen,20,10402519,561729
ecdsa-P-521,keygen,21,10400130,561600
ecdsa-P-521,keygen,22,10400278,561608
ecdsa-P-521,keygen,23,10405593,561895
ecdsa-P-521,keygen,24,10398759,561527
ecdsa-P-521,keygen,25,10416574,562489
ecdsa-P-521,keygen,26,10399685,561576
ecdsa-P-521,keygen,27,10395223,561335
ecdsa-P-521,keygen,28,10401148,561654
ecdsa-P-521,keygen,29,10431037,563268
ecdsa-P-521,keygen,30,10435130,563490
ecdsa-P-521,keygen,31,10398074,561488
ecdsa-P-521,keygen,32,10395463,561349
ecdsa-P-521,keygen,33,10399759,561580
ecdsa-P-521,keygen,34,10400000,561592
ecdsa-P-521,keygen,35,10404352,561828
ecdsa-P-521,keygen,36,10396463,561402
ecdsa-P-521,keygen,37,10407833,562016
ecdsa-P-521,keygen,38,10405204,561875
ecdsa-P-521,keygen,39,10396926,561427
ecdsa-P-521,keygen,40,10399648,561573
ecdsa-P-521,keygen,41,10402741,561741
ecdsa-P-521,keygen,42,10406444,561940
ecdsa-P-521,keygen,43,10404000,561809
ecdsa-P-521,keygen,44,10389926,561048
ecdsa-P-521,keygen,45,10401777,561688
ecdsa-P-521,keygen,46,10432370,563341
ecdsa-P-521,keygen,47,10431315,563285
ecdsa-P-521,keygen,48,10409259,562092
ecdsa-P-521,keygen,49,10412796,562283
ecdsa-P-521,keygen,50,10404963,561861
ecdsa-P-521,keygen,51,10402371,561722
ecdsa-P-521,keygen,52,10404926,561858
ecdsa-P-521,keygen,53,10399241,561552
ecdsa-P-521,keygen,54,10396315,561395
ecdsa-P-521,keygen,55,10398240,561498
ecdsa-P-521,keygen,56,10403112,561760
ecdsa-P-521,keygen,57,10404407,561831
ecdsa-P-521,keygen,58,10404704,561847
ecdsa-P-521,keygen,59,10391240,561119
ecdsa-P-521,keygen,60,10401203,561657
ecdsa-P-521,keygen,61,10416241,562470
ecdsa-P-521,keygen,62,10398963,561538
ecdsa-P-521,keygen,63,10402093,561706
ecdsa-P-521,keygen,64,10388333,560963
ecdsa-P-521,keygen,65,10402407,561722
ecdsa-P-521,keygen,66,10407760,562012
ecdsa-P-521,keygen,67,10393037,561217
ecdsa-P-521,keygen,68,10400759,561635
ecdsa-P-521,keygen,69,10402223,561713
ecdsa-P-521,keygen,70,10402148,561709
ecdsa-P-521,keygen,71,10397130,561438
ecdsa-P-521,keygen,72,10394981,561322
ecdsa-P-521,keygen,73,10412648,562277
ecdsa-P-521,keygen,74,10392371,561181
ecdsa-P-521,keygen,75,10406407,561938
ecdsa-P-521,keygen,76,10395815,561367
ecdsa-P-521,keygen,77,10392481,561186
ecdsa-P-521,keygen,78,10430407,563235
ecdsa-P-521,keygen,79,10435519,563505
ecdsa-P-521,keygen,80,10397945,561481
ecdsa-P-521,keygen,81,10405648,561897
ecdsa-P-521,keygen,82,10404686,561847
ecdsa-P-521,keygen,83,10403241,561768
ecdsa-P-521,keygen,84,10405574,561894
ecdsa-P-521,keygen,85,10395648,561358
ecdsa-P-521,keygen,86,10398852,561530
ecdsa-P-521,keygen,87,10392481,561187
ecdsa-P-521,keygen,88,10405185,561873
ecdsa-P-521,keygen,89,10402611,561734
ecdsa-P-521,keygen,90,10389296,561015
ecdsa-P-521,keygen,91,10399648,561574
ecdsa-P-521,keygen,92,10438352,563663
ecdsa-P-521,keygen,93,10400593,561623
ecdsa-P-521,keygen,94,10409186,562088
ecdsa-P-521,keygen,95,10397481,561456
ecdsa-P-521,keygen,96,10407611,562004
ecdsa-P-521,keygen,97,10416740,562497
ecdsa-P-521,keygen,98,10398296,561501
ecdsa-P-521,keygen,99,10398148,561492
ecdsa-P-521,keygen,100,10387629,560926
ecdsa-P-521,keygen,101,10406704,561954
ecdsa-P-521,keygen,102,10398037,561485
ecdsa-P-521,keygen,103,10401759,561688
ecdsa-P-521,keygen,104,10402907,561748
ecdsa-P-521,keygen,105,10410574,562164
ecdsa-P-521,keygen,106,10403556,561784
ecdsa-P-521,keygen,107,10397555,561461
ecdsa-P-521,keygen,108,10448740,564225
ecdsa-P-521,keygen,109,10440000,563752
ecdsa-P-521,keygen,110,10425463,562968
ecdsa-P-521,keygen,111,10406315,561934
ecdsa-P-521,keygen,112,10401778,561689
ecdsa-P-521,keygen,113,10404167,561817
ecdsa-P-521,keygen,114,10403056,561757
ecdsa-P-521,keygen,115,10400704,561631
ecdsa-P-521,keygen,116,10397260,561445
ecdsa-P-521,keygen,117,10397667,561466
ecdsa-P-521,keygen,118,10399074,561542
ecdsa-P-521,keygen,119,10402555,561731
ecdsa-P-521,keygen,120,10501130,567055
ecdsa-P-521,keygen,121,10457111,564678
ecdsa-P-521,keygen,122,10409389,562101
ecdsa-P-521,keygen,123,10405907,561912
ecdsa-P-521,keygen,124,10432963,563373
ecdsa-P-521,keygen,125,10474111,565593
ecdsa-P-521,keygen,126,10449981,564290
ecdsa-P-521,keygen,127,10420389,562693
ecdsa-P-521,keygen,128,10410000,562131
ecdsa-P-521,keygen,129,10489000,566391
ecdsa-P-521,keygen,130,10453648,564490
ecdsa-P-521,keygen,131,10403852,561800
ecdsa-P-521,keygen,132,10430018,563213
ecdsa-P-521,keygen,133,10403815,561799
ecdsa-P-521,keygen,134,10413389,562316
ecdsa-P-521,keygen,135,10409518,562107
ecdsa-P-521,keygen,136,10407500,561996
ecdsa-P-521,keygen,137,10407592,562003
ecdsa-P-521,keygen,138,10405556,561892
ecdsa-P-521,keygen,139,10405723,561901
ecdsa-P-521,keygen,140,10446296,564092
ecdsa-P-521,keygen,141,10443407,563935
ecdsa-P-521,keygen,142,10416444,562481
ecdsa-P-521,keygen,143,10410574,562162
ecdsa-P-521,keygen,144,10412519,562268
ecdsa-P-521,keygen,145,10403685,561792
ecdsa-P-521,keygen,146,10408297,562041
ecdsa-P-521,keygen,147,10404407,561830
ecdsa-P-521,keygen,148,10405186,561872
ecdsa-P-521,keygen,149,10413981,562347
ecdsa-P-521,keygen,150,10398352,561503
ecdsa-P-521,keygen,151,10405093,561867
ecdsa-P-521,keygen,152,10416778,562498
ecdsa-P-521,keygen,153,10400704,561631
ecdsa-P-521,keygen,154,10401000,561647
ecdsa-P-521,keygen,155,10400278,561606
ecdsa-P-521,keygen,156,10416407,562479
ecdsa-P-521,keygen,157,10409334,562097
ecdsa-P-521,keygen,158,10399185,561548
ecdsa-P-521,keygen,159,10415963,562455
ecdsa-P-521,keygen,160,10403037,561757
ecdsa-P-521,keygen,161,10409556,562108
ecdsa-P-521,keygen,162,10413408,562316
ecdsa-P-521,keygen,163,10403425,561778
ecdsa-P-521,keygen,164,10407111,561976
ecdsa-P-521,keygen,165,10399240,561551
ecdsa-P-521,keygen,166,10415297,562417
ecdsa-P-521,keygen,167,10408759,562065
ecdsa-P-521,keygen,168,10405240,561875
ecdsa-P-521,keygen,169,10413703,562333
ecdsa-P-521,keygen,170,10411111,562192
ecdsa-P-521,keygen,171,10397222,561443
ecdsa-P-521,keygen,172,10447037,564132
ecdsa-P-521,keygen,173,10442463,563886
ecdsa-P-521,keygen,174,10405981,561914
ecdsa-P-521,keygen,175,10415241,562415
ecdsa-P-521,keygen,176,10408685,562061
ecdsa-P-521,keygen,177,10403426,561776
ecdsa-P-521,keygen,178,10398907,561534
ecdsa-P-521,keygen,179,10404981,561862
ecdsa-P-521,keygen,180,10417222,562522
ecdsa-P-521,keygen,181,10407685,562007
ecdsa-P-521,keygen,182,10417315,562526
ecdsa-P-521,keygen,183,10404630,561842
ecdsa-P-521,keygen,184,10404260,561822
ecdsa-P-521,keygen,185,10408852,562071
ecdsa-P-521,keygen,186,10406463,561942
ecdsa-P-521,keygen,187,10404740,561848
ecdsa-P-521,keygen,188,10398389,561505
ecdsa-P-521,keygen,189,10413630,562328
ecdsa-P-521,keygen,190,10411704,562224
ecdsa-P-521,keygen,191,10406592,561948
ecdsa-P-521,keygen,192,10420500,562700
ecdsa-P-521,keygen,193,10403593,561786
ecdsa-P-521,keygen,194,10437445,563614
ecdsa-P-521,keygen,195,10414204,562359
ecdsa-P-521,keygen,196,10403537,561784
ecdsa-P-521,keygen,197,10407203,561980
ecdsa-P-521,keygen,198,10406760,561956
ecdsa-P-521,keygen,199,10410575,562164
ecdsa-P-521,keygen,200,10407297,561987
ecdsa-P-521,keygen,201,10399389,561559
ecdsa-P-521,keygen,202,10415259,562417
ecdsa-P-521,keygen,203,10459722,564816
ecdsa-P-521,keygen,204,10452407,564422
ecdsa-P-521,keygen,205,10416241,562468
ecdsa-P-521,keygen,206,10399796,561581
ecdsa-P-521,keygen,207,10415611,562435
ecdsa-P-521,keygen,208,10403130,561762
ecdsa-P-521,keygen,209,10408092,562030
ecdsa-P-521,keygen,210,10406703,561954
ecdsa-P-521,keygen,211,10410852,562179
ecdsa-P-521,keygen,212,10414907,562397
ecdsa-P-521,keygen,213,10414092,562354
ecdsa-P-521,keygen,214,10398703,561522
ecdsa-P-521,keygen,215,10414797,562391
ecdsa-P-521,keygen,216,10406481,561942
ecdsa-P-521,keygen,217,10420444,562696
ecdsa-P-521,keygen,218,10412685,562278
ecdsa-P-521,keygen,219,10404092,561814
ecdsa-P-521,keygen,220,10409944,562129
ecdsa-P-521,keygen,221,10434556,563458
ecdsa-P-521,keygen,222,10451871,564393
ecdsa-P-521,keygen,223,10407963,562023
ecdsa-P-521,keygen,224,10397222,561443
ecdsa-P-521,keygen,225,10409759,562119
ecdsa-P-521,keygen,226,10400370,561612
ecdsa-P-521,keygen,227,10410815,562176
ecdsa-P-521,keygen,228,10409167,562088
ecdsa-P-521,keygen,229,10439851,563745
ecdsa-P-521,keygen,230,10408796,562068
ecdsa-P-521,keygen,231,10399852,561584
ecdsa-P-521,keygen,232,10416722,562494
ecdsa-P-521,keygen,233,10403703,561792
ecdsa-P-521,keygen,234,10431630,563299
ecdsa-P-521,keygen,235,10434796,563471
ecdsa-P-521,keygen,236,10403555,561784
ecdsa-P-521,keygen,237,10412297,562257
ecdsa-P-521,keygen,238,10409351,562097
ecdsa-P-521,keygen,239,10409963,562130
ecdsa-P-521,keygen,240,10403019,561754
ecdsa-P-521,keygen,241,10403518,561783
ecdsa-P-521,keygen,242,10409019,562079
ecdsa-P-521,keygen,243,10400759,561633
ecdsa-P-521,keygen,244,10403074,561758
ecdsa-P-521,keygen,245,10406259,561930
ecdsa-P-521,keygen,246,10398111,561490
ecdsa-P-521,keygen,247,10406833,561960
ecdsa-P-521,keygen,248,10413389,562316
ecdsa-P-521,keygen,249,10408834,562068
ecdsa-P-521,keygen,250,10403833,561798
ecdsa-P-521,keygen,251,10411963,562239
ecdsa-P-521,keygen,252,10414223,562360
ecdsa-P-521,keygen,253,10407463,561995
ecdsa-P-521,keygen,254,10400611,561624
ecdsa-P-521,keygen,255,10406166,561925
ecdsa-P-521,keygen,256,10397129,561437
ecdsa-P-521,keygen,257,10406019,561917
ecdsa-P-521,keygen,258,10414148,562356
ecdsa-P-521,keygen,259,10471500,565453
ecdsa-P-521,keygen,260,10451834,564390
ecdsa-P-521,keygen,261,10407074,561974
ecdsa-P-521,keygen,262,10413760,562335
ecdsa-P-521,keygen,263,10417019,562512
ecdsa-P-521,keygen,264,10397463,561454
ecdsa-P-521,keygen,265,10409426,562102
ecdsa-P-521,keygen,266,10446482,564101
ecdsa-P-521,keygen,267,10433815,563418
ecdsa-P-521,keygen,268,10411111,562192
ecdsa-P-521,keygen,269,10402926,561749
ecdsa-P-521,keygen,270,10412482,562266
ecdsa-P-521,keygen,271,10407963,562022
ecdsa-P-521,keygen,272,10406629,561951
ecdsa-P-521,keygen,273,10411611,562220
ecdsa-P-521,keygen,274,10401204,561657
ecdsa-P-521,keygen,275,10414611,562382
ecdsa-P-521,keygen,276,10416667,562492
ecdsa-P-521,keygen,277,10453759,564495
ecdsa-P-521,keygen,278,10412018,562241
ecdsa-P-521,keygen,279,10406352,561934
ecdsa-P-521,keygen,280,10408352,562044
ecdsa-P-521,keygen,281,10408963,562077
ecdsa-P-521,keygen,282,10407944,562022
ecdsa-P-521,keygen,283,10409981,562131
ecdsa-P-521,keygen,284,10397981,561482
ecdsa-P-521,keygen,285,10407426,561994
ecdsa-P-521,keygen,286,10440537,563781
ecdsa-P-521,keygen,287,10412426,562264
ecdsa-P-521,keygen,288,10408389,562045
ecdsa-P-521,keygen,289,10398852,561530
ecdsa-P-521,keygen,290,10409814,562123
ecdsa-P-521,keygen,291,10413629,562328
ecdsa-P-521,keygen,292,10407556,562001
ecdsa-P-521,keygen,293,10413315,562310
ecdsa-P-521,keygen,294,10402426,561722
ecdsa-P-521,keygen,295,10411241,562200
ecdsa-P-521,keygen,296,10403981,561808
ecdsa-P-521,keygen,297,10433648,563408
ecdsa-P-521,keygen,298,10439445,563722
ecdsa-P-521,keygen,299,10407352,561989
ecdsa-P-521,keygen,300,10415056,562405
ecdsa-P-521,keygen,301,10435185,563492
ecdsa-P-521,keygen,302,10414334,562365
ecdsa-P-521,keygen,303,10406000,561917
ecdsa-P-521,keygen,304,10411370,562206
ecdsa-P-521,keygen,305,10395037,561324
ecdsa-P-521,keygen,306,10407685,562006
ecdsa-P-521,keygen,307,10397203,561440
ecdsa-P-521,keygen,308,10406556,561947
ecdsa-P-521,keygen,309,10412259,562254
ecdsa-P-521,keygen,310,10399926,561587
ecdsa-P-521,keygen,311,10421185,562736
ecdsa-P-521,keygen,312,10405259,561877
ecdsa-P-521,keygen,313,10430463,563236
ecdsa-P-521,keygen,314,10405852,561908
ecdsa-P-521,keygen,315,10396093,561381
ecdsa-P-521,keygen,316,10410537,562162
ecdsa-P-521,keygen,317,10435018,563483
ecdsa-P-521,keygen,318,10453111,564460
ecdsa-P-521,keygen,319,10413537,562323
ecdsa-P-521,keygen,320,10396222,561387
ecdsa-P-521,keygen,321,10406185,561926
ecdsa-P-521,keygen,322,10406704,561955
ecdsa-P-521,keygen,323,10414000,562347
ecdsa-P-521,keygen,324,10414833,562393
ecdsa-P-521,keygen,325,10409407,562101
ecdsa-P-521,keygen,326,10413500,562321
ecdsa-P-521,keygen,327,10406889,561964
ecdsa-P-521,keygen,328,10440389,563766
ecdsa-P-521,keygen,329,10450408,564314
ecdsa-P-521,keygen,330,10402556,561731
ecdsa-P-521,keygen,331,10411204,562197
ecdsa-P-521,keygen,332,10405260,561876
ecdsa-P-521,keygen,333,10406667,561952
ecdsa-P-521,keygen,334,10411130,562194
ecdsa-P-521,keygen,335,10399537,561567
ecdsa-P-521,keygen,336,10404260,561823
ecdsa-P-521,keygen,337,10398815,561529
ecdsa-P-521,keygen,338,10406333,561934
ecdsa-P-521,keygen,339,10408907,562073
ecdsa-P-521,keygen,340,10403963,561807
ecdsa-P-521,keygen,341,10411389,562206
ecdsa-P-521,keygen,342,10406741,561956
ecdsa-P-521,keygen,343,10414389,562369
ecdsa-P-521,keygen,344,10406926,561966
ecdsa-P-521,keygen,345,10402833,561746
ecdsa-P-521,keygen,346,10410667,562168
ecdsa-P-521,keygen,347,10407019,561971
ecdsa-P-521,keygen,348,10414000,562348
ecdsa-P-521,keygen,349,10436408,563559
ecdsa-P-521,keygen,350,10405648,561898
ecdsa-P-521,keygen,351,10407537,561999
ecdsa-P-521,keygen,352,10411426,562208
ecdsa-P-521,keygen,353,10405074,561866
ecdsa-P-521,keygen,354,10409130,562085
ecdsa-P-521,keygen,355,10404408,561830
ecdsa-P-521,keygen,356,10409926,562128
ecdsa-P-521,keygen,357,10413759,562335
ecdsa-P-521,keygen,358,10407815,562013
ecdsa-P-521,keygen,359,10412686,562278
ecdsa-P-521,keygen,360,10436370,563556
ecdsa-P-521,keygen,361,10435815,563526
ecdsa-P-521,keygen,362,10423518,562863
ecdsa-P-521,keygen,363,10396407,561399
ecdsa-P-521,keygen,364,10414648,562383
ecdsa-P-521,keygen,365,10404093,561812
ecdsa-P-521,keygen,366,10401389,561667
ecdsa-P-521,keygen,367,10405629,561896
ecdsa-P-521,keygen,368,10402740,561741
ecdsa-P-521,keygen,369,10407852,562015
ecdsa-P-521,keygen,370,10411241,562200
ecdsa-P-521,keygen,371,10409482,562104
ecdsa-P-521,keygen,372,10417203,562522
ecdsa-P-521,keygen,373,10405481,561889
ecdsa-P-521,keygen,374,10407463,561995
ecdsa-P-521,keygen,375,10399926,561589
ecdsa-P-521,keygen,376,10407334,561988
ecdsa-P-521,keygen,377,10408926,562074
ecdsa-P-521,keygen,378,10404518,561837
ecdsa-P-521,keygen,379,10406259,561929
ecdsa-P-521,keygen,380,10400592,561623
ecdsa-P-521,keygen,381,10408870,562071
ecdsa-P-521,keygen,382,10422834,562825
ecdsa-P-521,keygen,383,10406260,561930
ecdsa-P-521,keygen,384,10405000,561863
ecdsa-P-521,keygen,385,10405722,561902
ecdsa-P-521,keygen,386,10409797,562121
ecdsa-P-521,keygen,387,10404815,561852
ecdsa-P-521,keygen,388,10401704,561685
ecdsa-P-521,keygen,389,10406296,561932
ecdsa-P-521,keygen,390,10402537,561730
ecdsa-P-521,keygen,391,10438667,563679
ecdsa-P-521,keygen,392,10444518,563996
ecdsa-P-521,keygen,393,10404759,561849
ecdsa-P-521,keygen,394,10413871,562342
ecdsa-P-521,keygen,395,10400500,561618
ecdsa-P-521,keygen,396,10429889,563206
ecdsa-P-521,keygen,397,10409834,562124
ecdsa-P-521,keygen,398,10406074,561921
ecdsa-P-521,keygen,399,10405352,561880
ecdsa-P-521,keygen,400,10401797,561690
ecdsa-P-521,keygen,401,10415167,562412
ecdsa-P-521,keygen,402,10411611,562219
ecdsa-P-521,keygen,403,10404648,561844
ecdsa-P-521,keygen,404,10400186,561602
ecdsa-P-521,keygen,405,10411518,562215
ecdsa-P-521,keygen,406,10415259,562416
ecdsa-P-521,keygen,407,10403000,561754
ecdsa-P-521,keygen,408,10402852,561747
ecdsa-P-521,keygen,409,10439167,563708
ecdsa-P-521,keygen,410,10412482,562266
ecdsa-P-521,keygen,411,10404037,561811
ecdsa-P-521,keygen,412,10413722,562333
ecdsa-P-521,keygen,413,10434704,563465
ecdsa-P-521,keygen,414,10447296,564146
ecdsa-P-521,keygen,415,10409389,562099
ecdsa-P-521,keygen,416,10403203,561766
ecdsa-P-521,keygen,417,10410000,562132
ecdsa-P-521,keygen,418,10407093,561974
ecdsa-P-521,keygen,419,10408686,562062
ecdsa-P-521,keygen,420,10403315,561772
ecdsa-P-521,keygen,421,10420685,562710
ecdsa-P-521,keygen,422,10437166,563598
ecdsa-P-521,keygen,423,10438389,563666
ecdsa-P-521,keygen,424,10411074,562190
ecdsa-P-521,keygen,425,10405259,561877
ecdsa-P-521,keygen,426,10409389,562099
ecdsa-P-521,keygen,427,10403055,561757
ecdsa-P-521,keygen,428,10406296,561932
ecdsa-P-521,keygen,429,10405000,561863
ecdsa-P-521,keygen,430,10412093,562246
ecdsa-P-521,keygen,431,10404518,561836
ecdsa-P-521,keygen,432,10413463,562320
ecdsa-P-521,keygen,433,10404500,561836
ecdsa-P-521,keygen,434,10407852,562016
ecdsa-P-521,keygen,435,10405371,561883
ecdsa-P-521,keygen,436,10400222,561605
ecdsa-P-521,keygen,437,10407574,562002
ecdsa-P-521,keygen,438,10397982,561484
ecdsa-P-521,keygen,439,10437667,563627
ecdsa-P-521,keygen,440,10425093,562948
ecdsa-P-521,keygen,441,10439148,563707
ecdsa-P-521,keygen,442,10424204,562900
ecdsa-P-521,keygen,443,10400538,561621
ecdsa-P-521,keygen,444,10400111,561599
ecdsa-P-521,keygen,445,10401852,561693
ecdsa-P-521,keygen,446,10408630,562057
ecdsa-P-521,keygen,447,10408092,562029
ecdsa-P-521,keygen,448,10411815,562231
ecdsa-P-521,keygen,449,10396963,561428
ecdsa-P-521,keygen,450,10408926,562073
ecdsa-P-521,keygen,451,10406981,561968
ecdsa-P-521,keygen,452,10417722,562549
ecdsa-P-521,keygen,453,10410778,562173
ecdsa-P-521,keygen,454,10436482,563562
ecdsa-P-521,keygen,455,10440018,563754
ecdsa-P-521,keygen,456,10406482,561943
ecdsa-P-521,keygen,457,10415240,562416
ecdsa-P-521,keygen,458,10409463,562103
ecdsa-P-521,keygen,459,10401000,561645
ecdsa-P-521,keygen,460,10409277,562093
ecdsa-P-521,keygen,461,10401537,561675
ecdsa-P-521,keygen,462,10417092,562516
ecdsa-P-521,keygen,463,10404537,561837
ecdsa-P-521,keygen,464,10406630,561950
ecdsa-P-521,keygen,465,10406630,561950
ecdsa-P-521,keygen,466,10403018,561755
ecdsa-P-521,keygen,467,10404352,561827
ecdsa-P-521,keygen,468,10408703,562062
ecdsa-P-521,keygen,469,10409722,562117
ecdsa-P-521,keygen,470,10408111,562030
ecdsa-P-521,keygen,471,10400778,561634
ecdsa-P-521,keygen,472,10419278,562633
ecdsa-P-521,keygen,473,10408722,562064
ecdsa-P-521,keygen,474,10400463,561618
ecdsa-P-521,keygen,475,10404463,561833
ecdsa-P-521,keygen,476,10402092,561705
ecdsa-P-521,keygen,477,10408129,562031
ecdsa-P-521,keygen,478,10407871,562018
ecdsa-P-521,keygen,479,10438704,563682
ecdsa-P-521,keygen,480,10402500,561728
ecdsa-P-521,keygen,481,10391814,561149
ecdsa-P-521,keygen,482,10408963,562076
ecdsa-P-521,keygen,483,10403630,561788
ecdsa-P-521,keygen,484,10392888,561208
ecdsa-P-521,keygen,485,10435148,563488
ecdsa-P-521,keygen,486,10432055,563322
ecdsa-P-521,keygen,487,10412074,562245
ecdsa-P-521,keygen,488,10400241,561605
ecdsa-P-521,keygen,489,10399463,561564
ecdsa-P-521,keygen,490,10397241,561442
ecdsa-P-521,keygen,491,10390388,561073
ecdsa-P-521,keygen,492,10430629,563246
ecdsa-P-521,keygen,493,10397241,561443
ecdsa-P-521,keygen,494,10397204,561441
ecdsa-P-521,keygen,495,10403185,561764
ecdsa-P-521,keygen,496,10389204,561008
ecdsa-P-521,keygen,497,10398908,561533
ecdsa-P-521,keygen,498,10403796,561798
ecdsa-P-521,keygen,499,10393704,561253
ecdsa-P-521,keygen,500,10399074,561542
ecdsa-P-521,keygen,501,10402148,561708
ecdsa-P-521,keygen,502,10410482,562159
ecdsa-P-521,keygen,503,10400203,561603
ecdsa-P-521,keygen,504,10398945,561535
ecdsa-P-521,keygen,505,10406630,561950
ecdsa-P-521,keygen,506,10397574,561462
ecdsa-P-521,keygen,507,10408334,562043
ecdsa-P-521,keygen,508,10404463,561833
ecdsa-P-521,keygen,509,10423204,562845
ecdsa-P-521,keygen,510,10435408,563505
ecdsa-P-521,keygen,511,10409315,562096
ecdsa-P-521,keygen,512,10397277,561445
ecdsa-P-521,keygen,513,10409481,562104
ecdsa-P-521,keygen,514,10392574,561190
ecdsa-P-521,keygen,515,10400297,561608
ecdsa-P-521,keygen,516,10425981,562996
ecdsa-P-521,keygen,517,10438018,563645
ecdsa-P-521,keygen,518,10403870,561801
ecdsa-P-521,keygen,519,10395204,561334
ecdsa-P-521,keygen,520,10403666,561789
ecdsa-P-521,keygen,521,10402408,561722
ecdsa-P-521,keygen,522,10394185,561278
ecdsa-P-521,keygen,523,10403889,561803
ecdsa-P-521,keygen,524,10386481,560862
ecdsa-P-521,keygen,525,10402519,561728
ecdsa-P-521,keygen,526,10400537,561621
ecdsa-P-521,keygen,527,10395870,561369
ecdsa-P-521,keygen,528,10415408,562425
ecdsa-P-521,keygen,529,10437056,563593
ecdsa-P-521,keygen,530,10397593,561462
ecdsa-P-521,keygen,531,10406370,561937
ecdsa-P-521,keygen,532,10393723,561252
ecdsa-P-521,keygen,533,10407093,561975
ecdsa-P-521,keygen,534,10397815,561475
ecdsa-P-521,keygen,535,10400167,561600
ecdsa-P-521,keygen,536,10403500,561780
ecdsa-P-521,keygen,537,10395833,561367
ecdsa-P-521,keygen,538,10400352,561611
ecdsa-P-521,keygen,539,10393815,561258
ecdsa-P-521,keygen,540,10398833,561529
ecdsa-P-521,keygen,541,10407130,561977
ecdsa-P-521,keygen,542,10392093,561164
ecdsa-P-521,keygen,543,10400981,561646
ecdsa-P-521,keygen,544,10390593,561085
ecdsa-P-521,keygen,545,10396389,561398
ecdsa-P-521,keygen,546,10407148,561979
ecdsa-P-521,keygen,547,10393296,561230
ecdsa-P-521,keygen,548,10438871,563690
ecdsa-P-521,keygen,549,10433278,563389
ecdsa-P-521,keygen,550,10401889,561695
ecdsa-P-521,keygen,551,10407685,562006
ecdsa-P-521,keygen,552,10401370,561666
ecdsa-P-521,keygen,553,10403426,561777
ecdsa-P-521,keygen,554,10396796,561419
ecdsa-P-521,keygen,555,10399278,561554
ecdsa-P-521,keygen,556,10408555,562054
ecdsa-P-521,keygen,557,10392556,561190
ecdsa-P-521,keygen,558,10409370,562098
ecdsa-P-521,keygen,559,10386056,560840
ecdsa-P-521,keygen,560,10400889,561640
ecdsa-P-521,keygen,561,10416019,562457
ecdsa-P-521,keygen,562,10396593,561408
ecdsa-P-521,keygen,563,10402111,561705
ecdsa-P-521,keygen,564,10390796,561095
ecdsa-P-521,keygen,565,10397111,561437
ecdsa-P-521,keygen,566,10401037,561648
ecdsa-P-521,keygen,567,10391889,561154
ecdsa-P-521,keygen,568,10390611,561085
ecdsa-P-521,keygen,569,10392537,561189
ecdsa-P-521,keygen,570,10397834,561476
ecdsa-P-521,keygen,571,10408204,562036
ecdsa-P-521,keygen,572,10400926,561643
ecdsa-P-521,keygen,573,10414778,562390
ecdsa-P-521,keygen,574,10395389,561344
ecdsa-P-521,keygen,575,10398093,561488
ecdsa-P-521,keygen,576,10396166,561385
ecdsa-P-521,keygen,577,10444185,563979
ecdsa-P-521,keygen,578,10394260,561282
ecdsa-P-521,keygen,579,10429112,563165
ecdsa-P-521,keygen,580,10438926,563694
ecdsa-P-521,keygen,581,10403148,561763
ecdsa-P-521,keygen,582,10392351,561178
ecdsa-P-521,keygen,583,10399889,561587
ecdsa-P-521,keygen,584,10396278,561390
ecdsa-P-521,keygen,585,10435148,563490
ecdsa-P-521,keygen,586,10413111,562300
ecdsa-P-521,keygen,587,10433334,563393
ecdsa-P-521,keygen,588,10409778,562121
ecdsa-P-521,keygen,589,10414871,562396
ecdsa-P-521,keygen,590,10403574,561785
ecdsa-P-521,keygen,591,10415388,562424
ecdsa-P-521,keygen,592,10402537,561728
ecdsa-P-521,keygen,593,10409111,562084
ecdsa-P-521,keygen,594,10406481,561943
ecdsa-P-521,keygen,595,10400518,561619
ecdsa-P-521,keygen,596,10411093,562191
ecdsa-P-521,keygen,597,10407667,562005
ecdsa-P-521,keygen,598,10415685,562439
ecdsa-P-521,keygen,599,10402759,561742
ecdsa-P-521,keygen,600,10402222,561712
ecdsa-P-521,keygen,601,10413963,562346
ecdsa-P-521,keygen,602,10404574,561839
ecdsa-P-521,keygen,603,10411926,562236
ecdsa-P-521,keygen,604,10415166,562412
ecdsa-P-521,keygen,605,10429111,563163
ecdsa-P-521,keygen,606,10439870,563745
ecdsa-P-521,keygen,607,10404852,561854
ecdsa-P-521,keygen,608,10417574,562540
ecdsa-P-521,keygen,609,10410834,562178
ecdsa-P-521,keygen,610,10400796,561636
ecdsa-P-521,keygen,611,10825018,584536
ecdsa-P-521,keygen,612,10458130,564726
ecdsa-P-521,keygen,613,10439741,563738
ecdsa-P-521,keygen,614,10404056,561810
ecdsa-P-521,keygen,615,10409297,562094
ecdsa-P-521,keygen,616,10410481,562158
ecdsa-P-521,keygen,617,10417019,562511
ecdsa-P-521,keygen,618,10404611,561840
ecdsa-P-521,keygen,619,10404241,561821
ecdsa-P-521,keygen,620,10402129,561707
ecdsa-P-521,keygen,621,10419426,562640
ecdsa-P-521,keygen,622,10407370,561991
ecdsa-P-521,keygen,623,10402704,561738
ecdsa-P-521,keygen,624,10404333,561827
ecdsa-P-521,keygen,625,10400500,561618
ecdsa-P-521,keygen,626,10407592,562002
ecdsa-P-521,keygen,627,10406481,561941
ecdsa-P-521,keygen,628,10399277,561554
ecdsa-P-521,keygen,629,10402000,561701
ecdsa-P-521,keygen,630,10403000,561755
ecdsa-P-521,keygen,631,10428407,563126
ecdsa-P-521,keygen,632,10414296,562364
ecdsa-P-521,keygen,633,10416167,562464
ecdsa-P-521,keygen,634,10403092,561760
ecdsa-P-521,keygen,635,10401556,561677
ecdsa-P-521,keygen,636,10406111,561923
ecdsa-P-521,keygen,637,10405815,561906
ecdsa-P-521,keygen,638,10408333,562043
ecdsa-P-521,keygen,639,10411371,562206
ecdsa-P-521,keygen,640,10404129,561816
ecdsa-P-521,keygen,641,10418185,562575
ecdsa-P-521,keygen,642,10447759,564171
ecdsa-P-521,keygen,643,10429611,563190
ecdsa-P-521,keygen,644,10427907,563100
ecdsa-P-521,keygen,645,10402148,561708
ecdsa-P-521,keygen,646,10407648,562006
ecdsa-P-521,keygen,647,10416463,562481
ecdsa-P-521,keygen,648,10398797,561527
ecdsa-P-521,keygen,649,10434259,563441
ecdsa-P-521,keygen,650,10404519,561836
ecdsa-P-521,keygen,651,10414815,562392
ecdsa-P-521,keygen,652,10409444,562101
ecdsa-P-521,keygen,653,10401963,561698
ecdsa-P-521,keygen,654,10414907,562398
ecdsa-P-521,keygen,655,10397296,561446
ecdsa-P-521,keygen,656,10416629,562490
ecdsa-P-521,keygen,657,10406259,561930
ecdsa-P-521,keygen,658,10405352,561880
ecdsa-P-521,keygen,659,10411000,562187
ecdsa-P-521,keygen,660,10407000,561970
ecdsa-P-521,keygen,661,10413278,562309
ecdsa-P-521,keygen,662,10416315,562474
ecdsa-P-521,keygen,663,10400075,561597
ecdsa-P-521,keygen,664,10406260,561930
ecdsa-P-521,keygen,665,10401630,561679
ecdsa-P-521,keygen,666,10403111,561761
ecdsa-P-521,keygen,667,10405074,561866
ecdsa-P-521,keygen,668,10408463,562049
ecdsa-P-521,keygen,669,10404722,561848
ecdsa-P-521,keygen,670,10405871,561908
ecdsa-P-521,keygen,671,10413611,562327
ecdsa-P-521,keygen,672,10412352,562259
ecdsa-P-521,keygen,673,10470333,565391
ecdsa-P-521,keygen,674,10444519,563996
ecdsa-P-521,keygen,675,10406111,561923
ecdsa-P-521,keygen,676,10390463,561077
ecdsa-P-521,keygen,677,10403611,561787
ecdsa-P-521,keygen,678,10395296,561338
ecdsa-P-521,keygen,679,10403370,561774
ecdsa-P-521,keygen,680,10406185,561926
ecdsa-P-521,keygen,681,10403593,561787
ecdsa-P-521,keygen,682,10433056,563377
ecdsa-P-521,keygen,683,10394648,561303
ecdsa-P-521,keygen,684,10401148,561654
ecdsa-P-521,keygen,685,10429037,563160
ecdsa-P-521,keygen,686,10401889,561694
ecdsa-P-521,keygen,687,10409222,562090
ecdsa-P-521,keygen,688,10394278,561283
ecdsa-P-521,keygen,689,10400315,561609
ecdsa-P-521,keygen,690,10405333,561879
ecdsa-P-521,keygen,691,10394000,561268
ecdsa-P-521,keygen,692,10410444,562157
ecdsa-P-521,keygen,693,10395963,561375
ecdsa-P-521,keygen,694,10391278,561122
ecdsa-P-521,keygen,695,10402074,561704
ecdsa-P-521,keygen,696,10393074,561218
ecdsa-P-521,keygen,697,10424056,562892
ecdsa-P-521,keygen,698,10388167,560953
ecdsa-P-521,keygen,699,10401519,561674
ecdsa-P-521,keygen,700,10401223,561659
ecdsa-P-521,keygen,701,10436685,563574
ecdsa-P-521,keygen,702,10434926,563477
ecdsa-P-521,keygen,703,10393241,561227
ecdsa-P-521,keygen,704,10411648,562221
ecdsa-P-521,keygen,705,10457593,564702
ecdsa-P-521,keygen,706,10399685,561576
ecdsa-P-521,keygen,707,10409407,562100
ecdsa-P-521,keygen,708,10392111,561166
ecdsa-P-521,keygen,709,10403555,561783
ecdsa-P-521,keygen,710,10404815,561851
ecdsa-P-521,keygen,711,10396648,561412
ecdsa-P-521,keygen,712,10402833,561746
ecdsa-P-521,keygen,713,10396370,561397
ecdsa-P-521,keygen,714,10399000,561539
ecdsa-P-521,keygen,715,10406759,561956
ecdsa-P-521,keygen,716,10385112,560788
ecdsa-P-521,keygen,717,10400130,561600
ecdsa-P-521,keygen,718,10393667,561250
ecdsa-P-521,keygen,719,10402500,561727
ecdsa-P-521,keygen,720,10399760,561579
ecdsa-P-521,keygen,721,10444093,563974
ecdsa-P-521,keygen,722,10400889,561641
ecdsa-P-521,keygen,723,10394908,561318
ecdsa-P-521,keygen,724,10408426,562047
ecdsa-P-521,keygen,725,10402759,561741
ecdsa-P-521,keygen,726,10391648,561142
ecdsa-P-521,keygen,727,10410722,562172
ecdsa-P-521,keygen,728,10402093,561706
ecdsa-P-521,keygen,729,10395889,561369
ecdsa-P-521,keygen,730,10399852,561584
ecdsa-P-521,keygen,731,10402148,561708
ecdsa-P-521,keygen,732,10401204,561656
ecdsa-P-521,keygen,733,10399630,561572
ecdsa-P-521,keygen,734,10393926,561263
ecdsa-P-521,keygen,735,10402778,561742
ecdsa-P-521,keygen,736,10427482,563076
ecdsa-P-521,keygen,737,10429111,563165
ecdsa-P-521,keygen,738,10413538,562323
ecdsa-P-521,keygen,739,10527130,568413
ecdsa-P-521,keygen,740,10688833,577145
ecdsa-P-521,keygen,741,10616537,573271
ecdsa-P-521,keygen,742,10481815,566003
ecdsa-P-521,keygen,743,10451537,564376
ecdsa-P-521,keygen,744,10402760,561741
ecdsa-P-521,keygen,745,10412445,562263
ecdsa-P-521,keygen,746,10409815,562123
ecdsa-P-521,keygen,747,10404797,561851
ecdsa-P-521,keygen,748,10409963,562130
ecdsa-P-521,keygen,749,10403297,561770
ecdsa-P-521,keygen,750,10408407,562047
ecdsa-P-521,keygen,751,10425185,562952
ecdsa-P-521,keygen,752,10395000,561323
ecdsa-P-521,keygen,753,10413778,562336
ecdsa-P-521,keygen,754,10400575,561624
ecdsa-P-521,keygen,755,10407556,561999
ecdsa-P-521,keygen,756,10409333,562096
ecdsa-P-521,keygen,757,10402037,561702
ecdsa-P-521,keygen,758,10408870,562072
ecdsa-P-521,keygen,759,10402463,561726
ecdsa-P-521,keygen,760,10412741,562281
ecdsa-P-521,keygen,761,10420333,562690
ecdsa-P-521,keygen,762,10402593,561732
ecdsa-P-521,keygen,763,10414204,562360
ecdsa-P-521,keygen,764,10405074,561866
ecdsa-P-521,keygen,765,10403907,561804
ecdsa-P-521,keygen,766,10401926,561696
ecdsa-P-521,keygen,767,10451166,564356
ecdsa-P-521,keygen,768,10451129,564352
ecdsa-P-521,keygen,769,10404185,561819
ecdsa-P-521,keygen,770,10409574,562109
ecdsa-P-521,keygen,771,10414648,562383
ecdsa-P-521,keygen,772,10404833,561854
ecdsa-P-521,keygen,773,10410056,562134
ecdsa-P-521,keygen,774,10406018,561916
ecdsa-P-521,keygen,775,10419963,562669
ecdsa-P-521,keygen,776,10410037,562134
ecdsa-P-521,keygen,777,10395593,561355
ecdsa-P-521,keygen,778,10406389,561937
ecdsa-P-521,keygen,779,10401222,561657
ecdsa-P-521,keygen,780,10442389,563881
ecdsa-P-521,keygen,781,10451833,564392
ecdsa-P-521,keygen,782,10404241,561821
ecdsa-P-521,keygen,783,10407649,562005
ecdsa-P-521,keygen,784,10416389,562478
ecdsa-P-521,keygen,785,10406667,561953
ecdsa-P-521,keygen,786,10410148,562139
ecdsa-P-521,keygen,787,10407037,561972
ecdsa-P-521,keygen,788,10408648,562060
ecdsa-P-521,keygen,789,10409870,562125
ecdsa-P-521,keygen,790,10401574,561678
ecdsa-P-521,keygen,791,10417852,562556
ecdsa-P-521,keygen,792,10406612,561949
ecdsa-P-521,keygen,793,10409778,562120
ecdsa-P-521,keygen,794,10408593,562056
ecdsa-P-521,keygen,795,10401667,561682
ecdsa-P-521,keygen,796,10404778,561850
ecdsa-P-521,keygen,797,10432537,563337
ecdsa-P-521,keygen,798,10434685,563464
ecdsa-P-521,keygen,799,10486333,566254
ecdsa-P-521,keygen,800,10412833,562277
ecdsa-P-521,keygen,801,10415185,562412
ecdsa-P-521,keygen,802,10403797,561797
ecdsa-P-521,keygen,803,10413556,562325
ecdsa-P-521,keygen,804,10405889,561910
ecdsa-P-521,keygen,805,10407241,561983
ecdsa-P-521,keygen,806,10410222,562144
ecdsa-P-521,keygen,807,10403019,561756
ecdsa-P-521,keygen,808,10401593,561677
ecdsa-P-521,keygen,809,10410666,562168
ecdsa-P-521,keygen,810,10416722,562496
ecdsa-P-521,keygen,811,10419611,562652
ecdsa-P-521,keygen,812,10404500,561834
ecdsa-P-521,keygen,813,10407593,562002
ecdsa-P-521,keygen,814,10416834,562501
ecdsa-P-521,keygen,815,10399297,561555
ecdsa-P-521,keygen,816,10400352,561611
ecdsa-P-521,keygen,817,10405815,561905
ecdsa-P-521,keygen,818,10408815,562068
ecdsa-P-521,keygen,819,10411000,562187
ecdsa-P-521,keygen,820,10400352,561612
ecdsa-P-521,keygen,821,10410315,562149
ecdsa-P-521,keygen,822,10404259,561822
ecdsa-P-521,keygen,823,10414555,562378
ecdsa-P-521,keygen,824,10407537,561999
ecdsa-P-521,keygen,825,10410593,562163
ecdsa-P-521,keygen,826,10407260,561984
ecdsa-P-521,keygen,827,10403870,561802
ecdsa-P-521,keygen,828,10421148,562733
ecdsa-P-521,keygen,829,10404611,561842
ecdsa-P-521,keygen,830,10435963,563534
ecdsa-P-521,keygen,831,10452167,564409
ecdsa-P-521,keygen,832,10417630,562545
ecdsa-P-521,keygen,833,10437889,563628
ecdsa-P-521,keygen,834,10431926,563316
ecdsa-P-521,keygen,835,10401851,561692
ecdsa-P-521,keygen,836,10407852,562017
ecdsa-P-521,keygen,837,10408537,562053
ecdsa-P-521,keygen,838,10410593,562164
ecdsa-P-521,keygen,839,10410888,562181
ecdsa-P-521,keygen,840,10404463,561834
ecdsa-P-521,keygen,841,10412889,562289
ecdsa-P-521,keygen,842,10413704,562332
ecdsa-P-521,keygen,843,10409741,562118
ecdsa-P-521,keygen,844,10405370,561883
ecdsa-P-521,keygen,845,10402555,561729
ecdsa-P-521,keygen,846,10416260,562470
ecdsa-P-521,keygen,847,10407574,562000
ecdsa-P-521,keygen,848,10404019,561809
ecdsa-P-521,keygen,849,10406519,561943
ecdsa-P-521,keygen,850,10399074,561542
ecdsa-P-521,keygen,851,10414278,562364
ecdsa-P-521,keygen,852,10409686,562114
ecdsa-P-521,keygen,853,10403871,561802
ecdsa-P-521,keygen,854,10406870,561963
ecdsa-P-521,keygen,855,10398611,561517
ecdsa-P-521,keygen,856,10413629,562329
ecdsa-P-521,keygen,857,10401519,561675
ecdsa-P-521,keygen,858,10407425,561993
ecdsa-P-521,keygen,859,10411018,562187
ecdsa-P-521,keygen,860,10401296,561661
ecdsa-P-521,keygen,861,10457778,564712
ecdsa-P-521,keygen,862,10450148,564301
ecdsa-P-521,keygen,863,10410352,562152
ecdsa-P-521,keygen,864,10444686,564004
ecdsa-P-521,keygen,865,10494870,566715
ecdsa-P-521,keygen,866,10440759,563793
ecdsa-P-521,keygen,867,10406315,561934
ecdsa-P-521,keygen,868,10403870,561801
ecdsa-P-521,keygen,869,10400815,561635
ecdsa-P-521,keygen,870,10414888,562395
ecdsa-P-521,keygen,871,10406500,561943
ecdsa-P-521,keygen,872,10405333,561881
ecdsa-P-521,keygen,873,10397944,561482
ecdsa-P-521,keygen,874,10402593,561733
ecdsa-P-521,keygen,875,10424185,562898
ecdsa-P-521,keygen,876,10399852,561585
ecdsa-P-521,keygen,877,10406611,561949
ecdsa-P-521,keygen,878,10402019,561701
ecdsa-P-521,keygen,879,10402407,561723
ecdsa-P-521,keygen,880,10397852,561477
ecdsa-P-521,keygen,881,10397685,561467
ecdsa-P-521,keygen,882,10411555,562216
ecdsa-P-521,keygen,883,10400592,561624
ecdsa-P-521,keygen,884,10397574,561461
ecdsa-P-521,keygen,885,10404592,561841
ecdsa-P-521,keygen,886,10395388,561343
ecdsa-P-521,keygen,887,10402778,561742
ecdsa-P-521,keygen,888,10398370,561505
ecdsa-P-521,keygen,889,10395555,561352
ecdsa-P-521,keygen,890,10402130,561708
ecdsa-P-521,keygen,891,10399592,561570
ecdsa-P-521,keygen,892,10401444,561671
ecdsa-P-521,keygen,893,10454481,564534
ecdsa-P-521,keygen,894,10452500,564428
ecdsa-P-521,keygen,895,10404315,561825
ecdsa-P-521,keygen,896,10393092,561219
ecdsa-P-521,keygen,897,10406407,561939
ecdsa-P-521,keygen,898,10396129,561384
ecdsa-P-521,keygen,899,10401945,561697
ecdsa-P-521,keygen,900,10404185,561819
ecdsa-P-521,keygen,901,10400537,561622
ecdsa-P-521,keygen,902,10402240,561714
ecdsa-P-521,keygen,903,10392778,561202
ecdsa-P-521,keygen,904,10401241,561658
ecdsa-P-521,keygen,905,10398278,561499
ecdsa-P-521,keygen,906,10399833,561583
ecdsa-P-521,keygen,907,10401463,561671
ecdsa-P-521,keygen,908,10395055,561325
ecdsa-P-521,keygen,909,10409278,562092
ecdsa-P-521,keygen,910,10400760,561634
ecdsa-P-521,keygen,911,10407889,562017
ecdsa-P-521,keygen,912,10400370,561613
ecdsa-P-521,keygen,913,10399277,561553
ecdsa-P-521,keygen,914,10397871,561476
ecdsa-P-521,keygen,915,10401185,561656
ecdsa-P-521,keygen,916,10399982,561591
ecdsa-P-521,keygen,917,10406426,561939
ecdsa-P-521,keygen,918,10396278,561392
ecdsa-P-521,keygen,919,10398481,561511
ecdsa-P-521,keygen,920,10399222,561549
ecdsa-P-521,keygen,921,10393111,561220
ecdsa-P-521,keygen,922,10408982,562078
ecdsa-P-521,keygen,923,10389408,561021
ecdsa-P-521,keygen,924,10435315,563499
ecdsa-P-521,keygen,925,10433981,563428
ecdsa-P-521,keygen,926,10391166,561116
ecdsa-P-521,keygen,927,10395723,561361
ecdsa-P-521,keygen,928,10396278,561391
ecdsa-P-521,keygen,929,10401111,561653
ecdsa-P-521,keygen,930,10407778,562013
ecdsa-P-521,keygen,931,10402982,561754
ecdsa-P-521,keygen,932,10403055,561758
ecdsa-P-521,keygen,933,10396574,561408
ecdsa-P-521,keygen,934,10401370,561666
ecdsa-P-521,keygen,935,10402741,561741
ecdsa-P-521,keygen,936,10393722,561253
ecdsa-P-521,keygen,937,10401240,561658
ecdsa-P-521,keygen,938,10391685,561144
ecdsa-P-521,keygen,939,10396611,561409
ecdsa-P-521,keygen,940,10404482,561834
ecdsa-P-521,keygen,941,10395741,561362
ecdsa-P-521,keygen,942,10409093,562083
ecdsa-P-521,keygen,943,10397519,561458
ecdsa-P-521,keygen,944,10408055,562027
ecdsa-P-521,keygen,945,10402556,561731
ecdsa-P-521,keygen,946,10396389,561397
ecdsa-P-521,keygen,947,10405630,561897
ecdsa-P-521,keygen,948,10403704,561793
ecdsa-P-521,keygen,949,10413203,562305
ecdsa-P-521,keygen,950,10400241,561606
ecdsa-P-521,keygen,951,10396611,561410
ecdsa-P-521,keygen,952,10401185,561656
ecdsa-P-521,keygen,953,10412408,562261
ecdsa-P-521,keygen,954,10391870,561153
ecdsa-P-521,keygen,955,10433926,563424
ecdsa-P-521,keygen,956,10423630,562867
ecdsa-P-521,keygen,957,10400648,561627
ecdsa-P-521,keygen,958,10400815,561637
ecdsa-P-521,keygen,959,10396445,561400
ecdsa-P-521,keygen,960,10400018,561593
ecdsa-P-521,keygen,961,10402630,561734
ecdsa-P-521,keygen,962,10399296,561553
ecdsa-P-521,keygen,963,10392222,561173
ecdsa-P-521,keygen,964,10393074,561218
ecdsa-P-521,keygen,965,10409000,562076
ecdsa-P-521,keygen,966,10395259,561336
ecdsa-P-521,keygen,967,10397222,561442
ecdsa-P-521,keygen,968,10401574,561677
ecdsa-P-521,keygen,969,10387389,560911
ecdsa-P-521,keygen,970,10403574,561786
ecdsa-P-521,keygen,971,10422371,562800
ecdsa-P-521,keygen,972,10401703,561684
ecdsa-P-521,keygen,973,10398981,561538
ecdsa-P-521,keygen,974,10392074,561164
ecdsa-P-521,keygen,975,10404555,561839
ecdsa-P-521,keygen,976,10389926,561049
ecdsa-P-521,keygen,977,10405018,561863
ecdsa-P-521,keygen,978,10400296,561607
ecdsa-P-521,keygen,979,10394315,561285
ecdsa-P-521,keygen,980,10400797,561636
ecdsa-P-521,keygen,981,10399723,561578
ecdsa-P-521,keygen,982,10398723,561523
ecdsa-P-521,keygen,983,10401741,561685
ecdsa-P-521,keygen,984,10400130,561599
ecdsa-P-521,keygen,985,10401389,561667
ecdsa-P-521,keygen,986,10396537,561405
ecdsa-P-521,keygen,987,10430408,563234
ecdsa-P-521,keygen,988,10429833,563203
ecdsa-P-521,keygen,989,10438500,563671
ecdsa-P-521,keygen,990,10432537,563348
ecdsa-P-521,keygen,991,10404204,561819
ecdsa-P-521,keygen,992,10405426,561869
ecdsa-P-521,keygen,993,10400944,561644
ecdsa-P-521,keygen,994,10398000,561485
ecdsa-P-521,keygen,995,10399148,561545
ecdsa-P-521,keygen,996,10397666,561466
ecdsa-P-521,keygen,997,10411426,562210
ecdsa-P-521,keygen,998,10401352,561665
ecdsa-P-521,keygen,999,10394611,561301
ecdsa-P-521,sign,0,11027130,595456
ecdsa-P-521,sign,1,11006389,594339
ecdsa-P-521,sign,2,10997833,593874
ecdsa-P-521,sign,3,10998130,593891
ecdsa-P-521,sign,4,10998759,593924
ecdsa-P-521,sign,5,10995944,593773
ecdsa-P-521,sign,6,11042740,596298
ecdsa-P-521,sign,7,11004760,594250
ecdsa-P-521,sign,8,10992648,593596
ecdsa-P-521,sign,9,10998426,593907
ecdsa-P-521,sign,10,11004352,594227
ecdsa-P-521,sign,11,11042630,596293
ecdsa-P-521,sign,12,10994648,593703
ecdsa-P-521,sign,13,11001074,594049
ecdsa-P-521,sign,14,10996500,593802
ecdsa-P-521,sign,15,11002093,594105
ecdsa-P-521,sign,16,10998759,593925
ecdsa-P-521,sign,17,10998870,593931
ecdsa-P-521,sign,18,11002852,594144
ecdsa-P-521,sign,19,10997074,593835
ecdsa-P-521,sign,20,10997018,593831
ecdsa-P-521,sign,21,11004407,594230
ecdsa-P-521,sign,22,10997259,593845
ecdsa-P-521,sign,23,11000704,594030
ecdsa-P-521,sign,24,10992500,593586
ecdsa-P-521,sign,25,11036740,595975
ecdsa-P-521,sign,26,11032797,595764
ecdsa-P-521,sign,27,11001204,594058
ecdsa-P-521,sign,28,11008148,594432
ecdsa-P-521,sign,29,11030222,595622
ecdsa-P-521,sign,30,11033833,595820
ecdsa-P-521,sign,31,11004130,594215
ecdsa-P-521,sign,32,11003814,594198
ecdsa-P-521,sign,33,10993796,593657
ecdsa-P-521,sign,34,11001444,594070
ecdsa-P-521,sign,35,11001056,594048
ecdsa-P-521,sign,36,11007963,594422
ecdsa-P-521,sign,37,10990945,593504
ecdsa-P-521,sign,38,11005167,594270
ecdsa-P-521,sign,39,10995408,593745
ecdsa-P-521,sign,40,11004315,594225
ecdsa-P-521,sign,41,10992741,593600
ecdsa-P-521,sign,42,11003759,594194
ecdsa-P-521,sign,43,10995593,593754
ecdsa-P-521,sign,44,11007796,594411
ecdsa-P-521,sign,45,10996704,593814
ecdsa-P-521,sign,46,11011186,594552
ecdsa-P-521,sign,47,11029889,595606
ecdsa-P-521,sign,48,11005852,594306
ecdsa-P-521,sign,49,10997537,593859
ecdsa-P-521,sign,50,10999426,593960
ecdsa-P-521,sign,51,11005500,594287
ecdsa-P-521,sign,52,11000315,594010
ecdsa-P-521,sign,53,10992537,593589
ecdsa-P-521,sign,54,11003889,594201
ecdsa-P-521,sign,55,11043259,596327
ecdsa-P-521,sign,56,11041833,596250
ecdsa-P-521,sign,57,10993278,593628
ecdsa-P-521,sign,58,11010666,594568
ecdsa-P-521,sign,59,10999352,593955
ecdsa-P-521,sign,60,10999907,593985
ecdsa-P-521,sign,61,10986592,593269
ecdsa-P-521,sign,62,11005797,594305
ecdsa-P-521,sign,63,11015074,594805
ecdsa-P-521,sign,64,11003722,594195
ecdsa-P-521,sign,65,10993963,593665
ecdsa-P-521,sign,66,10996592,593807
ecdsa-P-521,sign,67,11003778,594195
ecdsa-P-521,sign,68,11000630,594025
ecdsa-P-521,sign,69,10992148,593567
ecdsa-P-521,sign,70,11003241,594167
ecdsa-P-521,sign,71,10997796,593873
ecdsa-P-521,sign,72,11003815,594196
ecdsa-P-521,sign,73,10990463,593476
ecdsa-P-521,sign,74,11006222,594328
ecdsa-P-521,sign,75,10993666,593649
ecdsa-P-521,sign,76,10998333,593901
ecdsa-P-521,sign,77,10994167,593677
ecdsa-P-521,sign,78,10990648,593487
ecdsa-P-521,sign,79,10997648,593864
ecdsa-P-521,sign,80,10999482,593963
ecdsa-P-521,sign,81,10991445,593529
ecdsa-P-521,sign,82,11005370,594281
ecdsa-P-521,sign,83,11003889,594202
ecdsa-P-521,sign,84,10999500,593964
ecdsa-P-521,sign,85,11057630,597103
ecdsa-P-521,sign,86,11007519,594398
ecdsa-P-521,sign,87,11003111,594160
ecdsa-P-521,sign,88,11001111,594051
ecdsa-P-521,sign,89,10984704,593167
ecdsa-P-521,sign,90,10998352,593903
ecdsa-P-521,sign,91,11011889,594632
ecdsa-P-521,sign,92,11002240,594113
ecdsa-P-521,sign,93,10998481,593911
ecdsa-P-521,sign,94,11005574,594293
ecdsa-P-521,sign,95,11001833,594090
ecdsa-P-521,sign,96,11005000,594262
ecdsa-P-521,sign,97,10992592,593591
ecdsa-P-521,sign,98,11000963,594042
ecdsa-P-521,sign,99,10992463,593585
ecdsa-P-521,sign,100,10997630,593864
ecdsa-P-521,sign,101,10997907,593877
ecdsa-P-521,sign,102,10998629,593919
ecdsa-P-521,sign,103,11000167,594001
ecdsa-P-521,sign,104,11024556,595316
ecdsa-P-521,sign,105,10997611,593864
ecdsa-P-521,sign,106,11000055,593994
ecdsa-P-521,sign,107,10996870,593824
ecdsa-P-521,sign,108,11011963,594639
ecdsa-P-521,sign,109,10998074,593887
ecdsa-P-521,sign,110,11006204,594327
ecdsa-P-521,sign,111,10998593,593915
ecdsa-P-521,sign,112,11006629,594348
ecdsa-P-521,sign,113,10993167,593623
ecdsa-P-521,sign,114,11036278,595951
ecdsa-P-521,sign,115,11038259,596058
ecdsa-P-521,sign,116,11035482,595907
ecdsa-P-521,sign,117,10999333,593956
ecdsa-P-521,sign,118,11015111,594807
ecdsa-P-521,sign,119,11018537,594993
ecdsa-P-521,sign,120,11047926,596577
ecdsa-P-521,sign,121,11036574,595967
ecdsa-P-521,sign,122,11010019,594533
ecdsa-P-521,sign,123,11004648,594244
ecdsa-P-521,sign,124,11008222,594435
ecdsa-P-521,sign,125,11003796,594197
ecdsa-P-521,sign,126,10997703,593868
ecdsa-P-521,sign,127,11006167,594325
ecdsa-P-521,sign,128,11008482,594450
ecdsa-P-521,sign,129,11015092,594807
ecdsa-P-521,sign,130,11011018,594587
ecdsa-P-521,sign,131,11005759,594304
ecdsa-P-521,sign,132,11008223,594435
ecdsa-P-521,sign,133,11009778,594519
ecdsa-P-521,sign,134,10997630,593864
ecdsa-P-521,sign,135,11006333,594334
ecdsa-P-521,sign,136,11003093,594159
ecdsa-P-521,sign,137,11003981,594206
ecdsa-P-521,sign,138,10997630,593864
ecdsa-P-521,sign,139,11007944,594419
ecdsa-P-521,sign,140,11010204,594543
ecdsa-P-521,sign,141,11013074,594697
ecdsa-P-521,sign,142,11005704,594300
ecdsa-P-521,sign,143,11006408,594337
ecdsa-P-521,sign,144,11030703,595649
ecdsa-P-521,sign,145,11040111,596158
ecdsa-P-521,sign,146,11002499,594126
ecdsa-P-521,sign,147,11007963,594422
ecdsa-P-521,sign,148,11016445,594878
ecdsa-P-521,sign,149,11006871,594363
ecdsa-P-521,sign,150,11006333,594334
ecdsa-P-521,sign,151,11012388,594662
ecdsa-P-521,sign,152,11004870,594254
ecdsa-P-521,sign,153,11020370,595090
ecdsa-P-521,sign,154,10999074,593941
ecdsa-P-521,sign,155,11009389,594501
ecdsa-P-521,sign,156,11082666,598452
ecdsa-P-521,sign,157,11058092,597127
ecdsa-P-521,sign,158,11006222,594327
ecdsa-P-521,sign,159,11010926,594581
ecdsa-P-521,sign,160,11005537,594291
ecdsa-P-521,sign,161,11011388,594606
ecdsa-P-521,sign,162,11006592,594348
ecdsa-P-521,sign,163,11124296,600704
ecdsa-P-521,sign,164,11078426,598227
ecdsa-P-521,sign,165,11021148,595132
ecdsa-P-521,sign,166,11003186,594164
ecdsa-P-521,sign,167,11009778,594520
ecdsa-P-521,sign,168,11003260,594168
ecdsa-P-521,sign,169,11018314,594981
ecdsa-P-521,sign,170,10999685,593976
ecdsa-P-521,sign,171,11016278,594870
ecdsa-P-521,sign,172,11005444,594286
ecdsa-P-521,sign,173,11045592,596449
ecdsa-P-521,sign,174,11038037,596046
ecdsa-P-521,sign,175,11009963,594529
ecdsa-P-521,sign,176,11017537,594938
ecdsa-P-521,sign,177,11006871,594363
ecdsa-P-521,sign,178,11006259,594331
ecdsa-P-521,sign,179,11008426,594446
ecdsa-P-521,sign,180,11006907,594364
ecdsa-P-521,sign,181,11005130,594268
ecdsa-P-521,sign,182,11014500,594774
ecdsa-P-521,sign,183,11003889,594202
ecdsa-P-521,sign,184,11010611,594565
ecdsa-P-521,sign,185,11009630,594513
ecdsa-P-521,sign,186,11015574,594833
ecdsa-P-521,sign,187,11003093,594160
ecdsa-P-521,sign,188,11003074,594158
ecdsa-P-521,sign,189,11044000,596367
ecdsa-P-521,sign,190,11013334,594712
ecdsa-P-521,sign,191,10999925,593988
ecdsa-P-521,sign,192,11003426,594176
ecdsa-P-521,sign,193,11003130,594160
ecdsa-P-521,sign,194,11032111,595723
ecdsa-P-521,sign,195,11007630,594403
ecdsa-P-521,sign,196,11003907,594202
ecdsa-P-521,sign,197,11008055,594427
ecdsa-P-521,sign,198,11018334,594980
ecdsa-P-521,sign,199,11006408,594339
ecdsa-P-521,sign,200,11009463,594502
ecdsa-P-521,sign,201,11005870,594308
ecdsa-P-521,sign,202,11005778,594302
ecdsa-P-521,sign,203,11033000,595774
ecdsa-P-521,sign,204,11042908,596307
ecdsa-P-521,sign,205,11010519,594559
ecdsa-P-521,sign,206,11012482,594666
ecdsa-P-521,sign,207,10998130,593890
ecdsa-P-521,sign,208,11010482,594557
ecdsa-P-521,sign,209,11018204,594974
ecdsa-P-521,sign,210,11006241,594328
ecdsa-P-521,sign,211,11030037,595614
ecdsa-P-521,sign,212,11036425,595958
ecdsa-P-521,sign,213,11010074,594536
ecdsa-P-521,sign,214,11012130,594645
ecdsa-P-521,sign,215,11000685,594029
ecdsa-P-521,sign,216,11005129,594268
ecdsa-P-521,sign,217,11011611,594619
ecdsa-P-521,sign,218,11011648,594621
ecdsa-P-521,sign,219,11002982,594152
ecdsa-P-521,sign,220,11018834,595007
ecdsa-P-521,sign,221,11007982,594423
ecdsa-P-521,sign,222,11011722,594626
ecdsa-P-521,sign,223,11004519,594236
ecdsa-P-521,sign,224,11013463,594717
ecdsa-P-521,sign,225,11005926,594311
ecdsa-P-521,sign,226,11005833,594307
ecdsa-P-521,sign,227,10995741,593763
ecdsa-P-521,sign,228,11009944,594530
ecdsa-P-521,sign,229,11008519,594453
ecdsa-P-521,sign,230,11009296,594494
ecdsa-P-521,sign,231,11002649,594136
ecdsa-P-521,sign,232,11015500,594831
ecdsa-P-521,sign,233,11045870,596468
ecdsa-P-521,sign,234,11029852,595604
ecdsa-P-521,sign,235,11007722,594409
ecdsa-P-521,sign,236,11000685,594027
ecdsa-P-521,sign,237,11005537,594290
ecdsa-P-521,sign,238,11002166,594109
ecdsa-P-521,sign,239,11002222,594111
ecdsa-P-521,sign,240,11000000,593993
ecdsa-P-521,sign,241,11008944,594476
ecdsa-P-521,sign,242,11012796,594681
ecdsa-P-521,sign,243,11015370,594822
ecdsa-P-521,sign,244,10998445,593907
ecdsa-P-521,sign,245,11005611,594294
ecdsa-P-521,sign,246,11004944,594260
ecdsa-P-521,sign,247,11013426,594717
ecdsa-P-521,sign,248,10999111,593944
ecdsa-P-521,sign,249,11000371,594012
ecdsa-P-521,sign,250,11003296,594170
ecdsa-P-521,sign,251,11008814,594468
ecdsa-P-521,sign,252,11007555,594400
ecdsa-P-521,sign,253,11003999,594207
ecdsa-P-521,sign,254,11015278,594817
ecdsa-P-521,sign,255,11012185,594651
ecdsa-P-521,sign,256,11002834,594144
ecdsa-P-521,sign,257,11010223,594544
ecdsa-P-521,sign,258,11006611,594349
ecdsa-P-521,sign,259,11006537,594344
ecdsa-P-521,sign,260,11002352,594119
ecdsa-P-521,sign,261,11672648,630312
ecdsa-P-521,sign,262,11076463,598120
ecdsa-P-521,sign,263,11058796,597168
ecdsa-P-521,sign,264,11018925,595014
ecdsa-P-521,sign,265,11006703,594346
ecdsa-P-521,sign,266,11009444,594501
ecdsa-P-521,sign,267,11005185,594272
ecdsa-P-521,sign,268,11011537,594614
ecdsa-P-521,sign,269,10997815,593874
ecdsa-P-521,sign,270,11000630,594027
ecdsa-P-521,sign,271,11010130,594538
ecdsa-P-521,sign,272,11003574,594185
ecdsa-P-521,sign,273,11001648,594081
ecdsa-P-521,sign,274,11006945,594367
ecdsa-P-521,sign,275,11008408,594446
ecdsa-P-521,sign,276,11011296,594601
ecdsa-P-521,sign,277,11001186,594055
ecdsa-P-521,sign,278,11008018,594424
ecdsa-P-521,sign,279,11008185,594433
ecdsa-P-521,sign,280,11012537,594670
ecdsa-P-521,sign,281,10995407,593744
ecdsa-P-521,sign,282,11010241,594544
ecdsa-P-521,sign,283,11003963,594206
ecdsa-P-521,sign,284,11037389,596011
ecdsa-P-521,sign,285,11001741,594087
ecdsa-P-521,sign,286,11008111,594431
ecdsa-P-521,sign,287,11004259,594221
ecdsa-P-521,sign,288,11017463,594935
ecdsa-P-521,sign,289,10993833,593660
ecdsa-P-521,sign,290,11014759,594788
ecdsa-P-521,sign,291,11002907,594149
ecdsa-P-521,sign,292,11044815,596410
ecdsa-P-521,sign,293,11036111,595943
ecdsa-P-521,sign,294,11008111,594430
ecdsa-P-521,sign,295,11004870,594255
ecdsa-P-521,sign,296,11004593,594239
ecdsa-P-521,sign,297,10995593,593752
ecdsa-P-521,sign,298,11008167,594432
ecdsa-P-521,sign,299,11016685,594892
ecdsa-P-521,sign,300,11000925,594042
ecdsa-P-521,sign,301,11028055,595507
ecdsa-P-521,sign,302,11037667,596025
ecdsa-P-521,sign,303,11009111,594484
ecdsa-P-521,sign,304,11004648,594242
ecdsa-P-521,sign,305,11001315,594064
ecdsa-P-521,sign,306,11011796,594629
ecdsa-P-521,sign,307,11008907,594474
ecdsa-P-521,sign,308,11012204,594650
ecdsa-P-521,sign,309,11002722,594139
ecdsa-P-521,sign,310,11018074,594966
ecdsa-P-521,sign,311,11007815,594413
ecdsa-P-521,sign,312,11001186,594056
ecdsa-P-521,sign,313,10999352,593956
ecdsa-P-521,sign,314,11006204,594327
ecdsa-P-521,sign,315,11006111,594322
ecdsa-P-521,sign,316,11009871,594526
ecdsa-P-521,sign,317,11002963,594151
ecdsa-P-521,sign,318,11018833,595008
ecdsa-P-521,sign,319,11008482,594450
ecdsa-P-521,sign,320,11006518,594343
ecdsa-P-521,sign,321,11016482,594881
ecdsa-P-521,sign,322,11029907,595607
ecdsa-P-521,sign,323,11036500,595962
ecdsa-P-521,sign,324,11009185,594487
ecdsa-P-521,sign,325,11014833,594792
ecdsa-P-521,sign,326,10998556,593915
ecdsa-P-521,sign,327,11007648,594405
ecdsa-P-521,sign,328,11006111,594320
ecdsa-P-521,sign,329,11007777,594411
ecdsa-P-521,sign,330,11005555,594291
ecdsa-P-521,sign,331,11007686,594407
ecdsa-P-521,sign,332,11006351,594336
ecdsa-P-521,sign,333,11014222,594759
ecdsa-P-521,sign,334,11005111,594269
ecdsa-P-521,sign,335,10998130,593891
ecdsa-P-521,sign,336,11010574,594562
ecdsa-P-521,sign,337,11011889,594633
ecdsa-P-521,sign,338,11001296,594063
ecdsa-P-521,sign,339,11007056,594374
ecdsa-P-521,sign,340,11007537,594399
ecdsa-P-521,sign,341,11007315,594387
ecdsa-P-521,sign,342,11002278,594115
ecdsa-P-521,sign,343,11003611,594187
ecdsa-P-521,sign,344,11011222,594597
ecdsa-P-521,sign,345,11010445,594556
ecdsa-P-521,sign,346,11002407,594121
ecdsa-P-521,sign,347,11001834,594090
ecdsa-P-521,sign,348,11003019,594154
ecdsa-P-521,sign,349,11012259,594652
ecdsa-P-521,sign,350,10994389,593688
ecdsa-P-521,sign,351,11033574,595804
ecdsa-P-521,sign,352,11041056,596207
ecdsa-P-521,sign,353,11009593,594509
ecdsa-P-521,sign,354,11001704,594085
ecdsa-P-521,sign,355,11011130,594585
ecdsa-P-521,sign,356,11011222,594597
ecdsa-P-521,sign,357,11005611,594294
ecdsa-P-521,sign,358,11001704,594084
ecdsa-P-521,sign,359,11003018,594155
ecdsa-P-521,sign,360,11005204,594272
ecdsa-P-521,sign,361,11016167,594865
ecdsa-P-521,sign,362,11002333,594117
ecdsa-P-521,sign,363,11009926,594528
ecdsa-P-521,sign,364,11004574,594240
ecdsa-P-521,sign,365,11010685,594560
ecdsa-P-521,sign,366,10995740,593762
ecdsa-P-521,sign,367,11010241,594544
ecdsa-P-521,sign,368,11005741,594302
ecdsa-P-521,sign,369,11010444,594556
ecdsa-P-521,sign,370,10996629,593810
ecdsa-P-521,sign,371,11007630,594404
ecdsa-P-521,sign,372,11035593,595913
ecdsa-P-521,sign,373,11009760,594519
ecdsa-P-521,sign,374,10995611,593756
ecdsa-P-521,sign,375,11029389,595578
ecdsa-P-521,sign,376,11005481,594287
ecdsa-P-521,sign,377,11009092,594482
ecdsa-P-521,sign,378,11003167,594162
ecdsa-P-521,sign,379,11003944,594205
ecdsa-P-521,sign,380,11004241,594221
ecdsa-P-521,sign,381,11045482,596446
ecdsa-P-521,sign,382,11035389,595905
ecdsa-P-521,sign,383,11008148,594431
ecdsa-P-521,sign,384,11017037,594912
ecdsa-P-521,sign,385,11002260,594115
ecdsa-P-521,sign,386,11004666,594243
ecdsa-P-521,sign,387,11013111,594701
ecdsa-P-521,sign,388,11004537,594237
ecdsa-P-521,sign,389,11017426,594931
ecdsa-P-521,sign,390,11007240,594383
ecdsa-P-521,sign,391,11003612,594188
ecdsa-P-521,sign,392,11042463,596283
ecdsa-P-521,sign,393,11048333,596602
ecdsa-P-521,sign,394,11005740,594301
ecdsa-P-521,sign,395,11006537,594344
ecdsa-P-521,sign,396,11011686,594624
ecdsa-P-521,sign,397,11001222,594058
ecdsa-P-521,sign,398,11014593,594780
ecdsa-P-521,sign,399,11001852,594092
ecdsa-P-521,sign,400,11015926,594851
ecdsa-P-521,sign,401,11005185,594272
ecdsa-P-521,sign,402,11012778,594682
ecdsa-P-521,sign,403,11001185,594053
ecdsa-P-521,sign,404,10999129,593945
ecdsa-P-521,sign,405,11004204,594216
ecdsa-P-521,sign,406,11006852,594363
ecdsa-P-521,sign,407,11000963,594044
ecdsa-P-521,sign,408,11004093,594212
ecdsa-P-521,sign,409,11007592,594402
ecdsa-P-521,sign,410,11013018,594695
ecdsa-P-521,sign,411,11058722,597163
ecdsa-P-521,sign,412,11016963,594908
ecdsa-P-521,sign,413,11008389,594445
ecdsa-P-521,sign,414,11006185,594328
ecdsa-P-521,sign,415,11003166,594164
ecdsa-P-521,sign,416,11006574,594347
ecdsa-P-521,sign,417,11012167,594648
ecdsa-P-521,sign,418,11006796,594360
ecdsa-P-521,sign,419,11001908,594095
ecdsa-P-521,sign,420,11005871,594308
ecdsa-P-521,sign,421,11001870,594094
ecdsa-P-521,sign,422,11017500,594936
ecdsa-P-521,sign,423,11006463,594339
ecdsa-P-521,sign,424,11005630,594297
ecdsa-P-521,sign,425,11009056,594481
ecdsa-P-521,sign,426,11009722,594517
ecdsa-P-521,sign,427,11003148,594162
ecdsa-P-521,sign,428,11002000,594100
ecdsa-P-521,sign,429,11011777,594628
ecdsa-P-521,sign,430,11004982,594260
ecdsa-P-521,sign,431,11002723,594138
ecdsa-P-521,sign,432,11004482,594234
ecdsa-P-521,sign,433,11002982,594153
ecdsa-P-521,sign,434,11007907,594418
ecdsa-P-521,sign,435,11000222,594006
ecdsa-P-521,sign,436,11010648,594568
ecdsa-P-521,sign,437,11006574,594348
ecdsa-P-521,sign,438,11007018,594372
ecdsa-P-521,sign,439,10995130,593728
ecdsa-P-521,sign,440,11038278,596059
ecdsa-P-521,sign,441,11041926,596255
ecdsa-P-521,sign,442,11008741,594463
ecdsa-P-521,sign,443,10996074,593780
ecdsa-P-521,sign,444,11005722,594300
ecdsa-P-521,sign,445,11014889,594795
ecdsa-P-521,sign,446,11006408,594339
ecdsa-P-521,sign,447,10999852,593983
ecdsa-P-521,sign,448,11006667,594353
ecdsa-P-521,sign,449,11008518,594452
ecdsa-P-521,sign,450,11010666,594568
ecdsa-P-521,sign,451,10998315,593901
ecdsa-P-521,sign,452,11002556,594130
ecdsa-P-521,sign,453,11005297,594277
ecdsa-P-521,sign,454,11010074,594536
ecdsa-P-521,sign,455,11004963,594260
ecdsa-P-521,sign,456,11013296,594710
ecdsa-P-521,sign,457,11016630,594889
ecdsa-P-521,sign,458,11007463,594394
ecdsa-P-521,sign,459,11011852,594631
ecdsa-P-521,sign,460,10998963,593937
ecdsa-P-521,sign,461,11009963,594529
ecdsa-P-521,sign,462,11010018,594532
ecdsa-P-521,sign,463,11009648,594514
ecdsa-P-521,sign,464,11006481,594342
ecdsa-P-521,sign,465,11026130,595403
ecdsa-P-521,sign,466,11006019,594317
ecdsa-P-521,sign,467,11014518,594777
ecdsa-P-521,sign,468,11012148,594647
ecdsa-P-521,sign,469,11008481,594449
ecdsa-P-521,sign,470,11040371,596171
ecdsa-P-521,sign,471,11039556,596129
ecdsa-P-521,sign,472,11003889,594203
ecdsa-P-521,sign,473,11010092,594537
ecdsa-P-521,sign,474,11007666,594406
ecdsa-P-521,sign,475,11002944,594152
ecdsa-P-521,sign,476,10999963,593990
ecdsa-P-521,sign,477,11001296,594062
ecdsa-P-521,sign,478,11014056,594748
ecdsa-P-521,sign,479,11017648,594945
ecdsa-P-521,sign,480,11008148,594431
ecdsa-P-521,sign,481,11000649,594027
ecdsa-P-521,sign,482,11007388,594390
ecdsa-P-521,sign,483,11035074,595886
ecdsa-P-521,sign,484,11039204,596109
ecdsa-P-521,sign,485,11010704,594570
ecdsa-P-521,sign,486,11004982,594262
ecdsa-P-521,sign,487,11006815,594360
ecdsa-P-521,sign,488,11004593,594240
ecdsa-P-521,sign,489,11002500,594127
ecdsa-P-521,sign,490,11014277,594762
ecdsa-P-521,sign,491,11005556,594293
ecdsa-P-521,sign,492,11003814,594197
ecdsa-P-521,sign,493,11006538,594346
ecdsa-P-521,sign,494,11004574,594239
ecdsa-P-521,sign,495,11008463,594449
ecdsa-P-521,sign,496,10998351,593904
ecdsa-P-521,sign,497,11035925,595931
ecdsa-P-521,sign,498,11008389,594445
ecdsa-P-521,sign,499,11035518,595910
ecdsa-P-521,sign,500,11031871,595713
ecdsa-P-521,sign,501,11019018,595019
ecdsa-P-521,sign,502,11011222,594596
ecdsa-P-521,sign,503,11009889,594526
ecdsa-P-521,sign,504,10999167,593948
ecdsa-P-521,sign,505,11008407,594445
ecdsa-P-521,sign,506,11009852,594523
ecdsa-P-521,sign,507,11015241,594813
ecdsa-P-521,sign,508,11003111,594160
ecdsa-P-521,sign,509,11005944,594312
ecdsa-P-521,sign,510,11007167,594379
ecdsa-P-521,sign,511,11011574,594610
ecdsa-P-521,sign,512,11029852,595595
ecdsa-P-521,sign,513,11019592,595049
ecdsa-P-521,sign,514,10997982,593883
ecdsa-P-521,sign,515,11014093,594752
ecdsa-P-521,sign,516,11008000,594422
ecdsa-P-521,sign,517,11013334,594712
ecdsa-P-521,sign,518,11003611,594186
ecdsa-P-521,sign,519,11003370,594175
ecdsa-P-521,sign,520,11013333,594713
ecdsa-P-521,sign,521,11005815,594306
ecdsa-P-521,sign,522,11003537,594182
ecdsa-P-521,sign,523,11010685,594568
ecdsa-P-521,sign,524,11014926,594797
ecdsa-P-521,sign,525,11009796,594521
ecdsa-P-521,sign,526,11005463,594286
ecdsa-P-521,sign,527,11009148,594485
ecdsa-P-521,sign,528,11011222,594598
ecdsa-P-521,sign,529,11043796,596357
ecdsa-P-521,sign,530,11039944,596148
ecdsa-P-521,sign,531,11012537,594668
ecdsa-P-521,sign,532,11008315,594441
ecdsa-P-521,sign,533,11001740,594086
ecdsa-P-521,sign,534,11005222,594275
ecdsa-P-521,sign,535,11017444,594933
ecdsa-P-521,sign,536,11008463,594448
ecdsa-P-521,sign,537,10997055,593832
ecdsa-P-521,sign,538,11003685,594193
ecdsa-P-521,sign,539,11005815,594306
ecdsa-P-521,sign,540,11006315,594333
ecdsa-P-521,sign,541,10994611,593702
ecdsa-P-521,sign,542,11004259,594222
ecdsa-P-521,sign,543,11008074,594429
ecdsa-P-521,sign,544,11010945,594583
ecdsa-P-521,sign,545,11001926,594094
ecdsa-P-521,sign,546,11005759,594303
ecdsa-P-521,sign,547,11010741,594572
ecdsa-P-521,sign,548,11006055,594320
ecdsa-P-521,sign,549,10997870,593877
ecdsa-P-521,sign,550,11009074,594482
ecdsa-P-521,sign,551,11003463,594179
ecdsa-P-521,sign,552,11005889,594309
ecdsa-P-521,sign,553,11002278,594116
ecdsa-P-521,sign,554,11010260,594545
ecdsa-P-521,sign,555,11037685,596025
ecdsa-P-521,sign,556,11007907,594418
ecdsa-P-521,sign,557,11000000,593992
ecdsa-P-521,sign,558,11007055,594371
ecdsa-P-521,sign,559,11035222,595895
ecdsa-P-521,sign,560,11034426,595851
ecdsa-P-521,sign,561,11002444,594125
ecdsa-P-521,sign,562,11008778,594465
ecdsa-P-521,sign,563,11009611,594509
ecdsa-P-521,sign,564,11007334,594388
ecdsa-P-521,sign,565,11001277,594061
ecdsa-P-521,sign,566,11002815,594143
ecdsa-P-521,sign,567,11005648,594297
ecdsa-P-521,sign,568,11008352,594443
ecdsa-P-521,sign,569,11002222,594112
ecdsa-P-521,sign,570,11005575,594293
ecdsa-P-521,sign,571,11008982,594477
ecdsa-P-521,sign,572,11009982,594531
ecdsa-P-521,sign,573,11000092,593996
ecdsa-P-521,sign,574,11038685,596080
ecdsa-P-521,sign,575,11040315,596168
ecdsa-P-521,sign,576,11005926,594312
ecdsa-P-521,sign,577,11000111,593998
ecdsa-P-521,sign,578,11001870,594093
ecdsa-P-521,sign,579,11008278,594438
ecdsa-P-521,sign,580,11018425,594987
ecdsa-P-521,sign,581,11029611,595590
ecdsa-P-521,sign,582,11016389,594876
ecdsa-P-521,sign,583,11011648,594621
ecdsa-P-521,sign,584,11008722,594463
ecdsa-P-521,sign,585,10998389,593905
ecdsa-P-521,sign,586,11003352,594172
ecdsa-P-521,sign,587,11005444,594285
ecdsa-P-521,sign,588,11039278,596111
ecdsa-P-521,sign,589,11040796,596192
ecdsa-P-521,sign,590,10999888,593987
ecdsa-P-521,sign,591,11002037,594102
ecdsa-P-521,sign,592,11016944,594907
ecdsa-P-521,sign,593,11010685,594569
ecdsa-P-521,sign,594,11003500,594181
ecdsa-P-521,sign,595,11004944,594259
ecdsa-P-521,sign,596,11002204,594111
ecdsa-P-521,sign,597,11011925,594636
ecdsa-P-521,sign,598,11000797,594035
ecdsa-P-521,sign,599,11008333,594442
ecdsa-P-521,sign,600,11004111,594214
ecdsa-P-521,sign,601,11011611,594617
ecdsa-P-521,sign,602,11004945,594258
ecdsa-P-521,sign,603,11016019,594858
ecdsa-P-521,sign,604,11009037,594480
ecdsa-P-521,sign,605,11008500,594450
ecdsa-P-521,sign,606,11000185,594002
ecdsa-P-521,sign,607,11009370,594498
ecdsa-P-521,sign,608,11000111,593997
ecdsa-P-521,sign,609,11006703,594353
ecdsa-P-521,sign,610,10998648,593919
ecdsa-P-521,sign,611,11091204,598908
ecdsa-P-521,sign,612,11055333,596980
ecdsa-P-521,sign,613,11009871,594526
ecdsa-P-521,sign,614,11010925,594581
ecdsa-P-521,sign,615,11005667,594299
ecdsa-P-521,sign,616,11009074,594482
ecdsa-P-521,sign,617,11007759,594411
ecdsa-P-521,sign,618,11036463,595959
ecdsa-P-521,sign,619,11041130,596214
ecdsa-P-521,sign,620,11016352,594874
ecdsa-P-521,sign,621,11009537,594506
ecdsa-P-521,sign,622,10995722,593761
ecdsa-P-521,sign,623,11007352,594390
ecdsa-P-521,sign,624,11007703,594408
ecdsa-P-521,sign,625,11014278,594762
ecdsa-P-521,sign,626,10999963,593990
ecdsa-P-521,sign,627,11008426,594448
ecdsa-P-521,sign,628,11003296,594169
ecdsa-P-521,sign,629,11010556,594561
ecdsa-P-521,sign,630,10998389,593906
ecdsa-P-521,sign,631,11008148,594431
ecdsa-P-521,sign,632,11005148,594271
ecdsa-P-521,sign,633,11004408,594230
ecdsa-P-521,sign,634,11000704,594030
ecdsa-P-521,sign,635,11012000,594641
ecdsa-P-521,sign,636,11006037,594317
ecdsa-P-521,sign,637,11015445,594825
ecdsa-P-521,sign,638,10999075,593943
ecdsa-P-521,sign,639,11009407,594500
ecdsa-P-521,sign,640,11009408,594500
ecdsa-P-521,sign,641,11006445,594341
ecdsa-P-521,sign,642,11003185,594164
ecdsa-P-521,sign,643,11003759,594195
ecdsa-P-521,sign,644,11003408,594176
ecdsa-P-521,sign,645,11010463,594558
ecdsa-P-521,sign,646,11000314,594008
ecdsa-P-521,sign,647,11014407,594769
ecdsa-P-521,sign,648,11074833,598025
ecdsa-P-521,sign,649,11036537,595966
ecdsa-P-521,sign,650,11005963,594315
ecdsa-P-521,sign,651,11007537,594399
ecdsa-P-521,sign,652,11006667,594352
ecdsa-P-521,sign,653,11004611,594242
ecdsa-P-521,sign,654,11010074,594535
ecdsa-P-521,sign,655,10997407,593851
ecdsa-P-521,sign,656,11013778,594735
ecdsa-P-521,sign,657,11008463,594448
ecdsa-P-521,sign,658,11011667,594620
ecdsa-P-521,sign,659,11006092,594320
ecdsa-P-521,sign,660,11009759,594519
ecdsa-P-521,sign,661,11007815,594412
ecdsa-P-521,sign,662,11007463,594395
ecdsa-P-521,sign,663,11001963,594097
ecdsa-P-521,sign,664,11005593,594294
ecdsa-P-521,sign,665,11067408,597632
ecdsa-P-521,sign,666,11010111,594537
ecdsa-P-521,sign,667,11006204,594325
ecdsa-P-521,sign,668,11008981,594476
ecdsa-P-521,sign,669,11007981,594423
ecdsa-P-521,sign,670,11012371,594659
ecdsa-P-521,sign,671,11000593,594024
ecdsa-P-521,sign,672,11006611,594349
ecdsa-P-521,sign,673,11008871,594470
ecdsa-P-521,sign,674,11007796,594412
ecdsa-P-521,sign,675,10998463,593909
ecdsa-P-521,sign,676,11006703,594353
ecdsa-P-521,sign,677,11047315,596546
ecdsa-P-521,sign,678,11035407,595903
ecdsa-P-521,sign,679,11001037,594047
ecdsa-P-521,sign,680,11006981,594369
ecdsa-P-521,sign,681,11004666,594245
ecdsa-P-521,sign,682,11017556,594940
ecdsa-P-521,sign,683,11005630,594296
ecdsa-P-521,sign,684,11003074,594159
ecdsa-P-521,sign,685,11006667,594352
ecdsa-P-521,sign,686,11009315,594492
ecdsa-P-521,sign,687,10999815,593982
ecdsa-P-521,sign,688,11005111,594268
ecdsa-P-521,sign,689,11004426,594231
ecdsa-P-521,sign,690,11003148,594162
ecdsa-P-521,sign,691,10998704,593922
ecdsa-P-521,sign,692,11007370,594389
ecdsa-P-521,sign,693,11012185,594649
ecdsa-P-521,sign,694,11006241,594330
ecdsa-P-521,sign,695,11002611,594133
ecdsa-P-521,sign,696,11012982,594691
ecdsa-P-521,sign,697,11003741,594194
ecdsa-P-521,sign,698,11007426,594392
ecdsa-P-521,sign,699,11005093,594267
ecdsa-P-521,sign,700,11008074,594428
ecdsa-P-521,sign,701,11008685,594460
ecdsa-P-521,sign,702,11005908,594311
ecdsa-P-521,sign,703,10999741,593977
ecdsa-P-521,sign,704,11009371,594498
ecdsa-P-521,sign,705,11016296,594871
ecdsa-P-521,sign,706,11009204,594489
ecdsa-P-521,sign,707,11025815,595385
ecdsa-P-521,sign,708,11039592,596129
ecdsa-P-521,sign,709,11009352,594497
ecdsa-P-521,sign,710,11002444,594123
ecdsa-P-521,sign,711,11001278,594061
ecdsa-P-521,sign,712,11016537,594884
ecdsa-P-521,sign,713,11006685,594353
ecdsa-P-521,sign,714,11018852,595008
ecdsa-P-521,sign,715,11018167,594971
ecdsa-P-521,sign,716,11002815,594143
ecdsa-P-521,sign,717,11004908,594257
ecdsa-P-521,sign,718,11003129,594160
ecdsa-P-521,sign,719,11007686,594407
ecdsa-P-521,sign,720,10998444,593908
ecdsa-P-521,sign,721,11004500,594235
ecdsa-P-521,sign,722,11001000,594046
ecdsa-P-521,sign,723,11010833,594577
ecdsa-P-521,sign,724,11008593,594454
ecdsa-P-521,sign,725,11009315,594496
ecdsa-P-521,sign,726,11000482,594019
ecdsa-P-521,sign,727,11014926,594798
ecdsa-P-521,sign,728,11036908,595984
ecdsa-P-521,sign,729,11042000,596259
ecdsa-P-521,sign,730,11012370,594660
ecdsa-P-521,sign,731,11005148,594270
ecdsa-P-521,sign,732,10999500,593964
ecdsa-P-521,sign,733,11012037,594633
ecdsa-P-521,sign,734,11002648,594134
ecdsa-P-521,sign,735,11008704,594457
ecdsa-P-521,sign,736,11001982,594098
ecdsa-P-521,sign,737,11041278,596221
ecdsa-P-521,sign,738,11087426,598706
ecdsa-P-521,sign,739,11004444,594231
ecdsa-P-521,sign,740,11001333,594064
ecdsa-P-521,sign,741,11009000,594476
ecdsa-P-521,sign,742,11005722,594300
ecdsa-P-521,sign,743,11011612,594618
ecdsa-P-521,sign,744,10997593,593862
ecdsa-P-521,sign,745,11005129,594268
ecdsa-P-521,sign,746,11007092,594376
ecdsa-P-521,sign,747,11008593,594457
ecdsa-P-521,sign,748,11001611,594079
ecdsa-P-521,sign,749,11015722,594840
ecdsa-P-521,sign,750,11006167,594325
ecdsa-P-521,sign,751,11008018,594426
ecdsa-P-521,sign,752,11006593,594347
ecdsa-P-521,sign,753,11000981,594045
ecdsa-P-521,sign,754,11007463,594396
ecdsa-P-521,sign,755,11039667,596132
ecdsa-P-521,sign,756,11038426,596066
ecdsa-P-521,sign,757,11011834,594632
ecdsa-P-521,sign,758,11012593,594670
ecdsa-P-521,sign,759,11005982,594315
ecdsa-P-521,sign,760,11003685,594192
ecdsa-P-521,sign,761,11013166,594695
ecdsa-P-521,sign,762,11014778,594789
ecdsa-P-521,sign,763,11007092,594376
ecdsa-P-521,sign,764,10998278,593899
ecdsa-P-521,sign,765,11010556,594562
ecdsa-P-521,sign,766,11041926,596255
ecdsa-P-521,sign,767,11037667,596027
ecdsa-P-521,sign,768,10999111,593944
ecdsa-P-521,sign,769,11008351,594444
ecdsa-P-521,sign,770,11003129,594160
ecdsa-P-521,sign,771,11012056,594642
ecdsa-P-521,sign,772,11003815,594198
ecdsa-P-521,sign,773,11006277,594330
ecdsa-P-521,sign,774,11010074,594537
ecdsa-P-521,sign,775,11002130,594108
ecdsa-P-521,sign,776,11004204,594220
ecdsa-P-521,sign,777,11001796,594088
ecdsa-P-521,sign,778,11002740,594140
ecdsa-P-521,sign,779,11011740,594626
ecdsa-P-521,sign,780,11006259,594327
ecdsa-P-521,sign,781,10996352,593783
ecdsa-P-521,sign,782,11007000,594371
ecdsa-P-521,sign,783,11009722,594516
ecdsa-P-521,sign,784,11011666,594621
ecdsa-P-521,sign,785,11003185,594164
ecdsa-P-521,sign,786,10999778,593980
ecdsa-P-521,sign,787,11009463,594503
ecdsa-P-521,sign,788,11007963,594422
ecdsa-P-521,sign,789,11001685,594082
ecdsa-P-521,sign,790,11004778,594249
ecdsa-P-521,sign,791,11005000,594262
ecdsa-P-521,sign,792,10998888,593932
ecdsa-P-521,sign,793,11001389,594066
ecdsa-P-521,sign,794,11004112,594213
ecdsa-P-521,sign,795,11002722,594139
ecdsa-P-521,sign,796,11034334,595846
ecdsa-P-521,sign,797,11024926,595337
ecdsa-P-521,sign,798,11004834,594252
ecdsa-P-521,sign,799,11005519,594289
ecdsa-P-521,sign,800,11003037,594156
ecdsa-P-521,sign,801,10987926,593340
ecdsa-P-521,sign,802,10996444,593800
ecdsa-P-521,sign,803,10998056,593886
ecdsa-P-521,sign,804,11000278,594007
ecdsa-P-521,sign,805,10988907,593394
ecdsa-P-521,sign,806,11000055,593995
ecdsa-P-521,sign,807,11005111,594268
ecdsa-P-521,sign,808,11002685,594136
ecdsa-P-521,sign,809,10996148,593782
ecdsa-P-521,sign,810,10999704,593976
ecdsa-P-521,sign,811,11000277,594007
ecdsa-P-521,sign,812,11001722,594084
ecdsa-P-521,sign,813,10997741,593870
ecdsa-P-521,sign,814,10996260,593789
ecdsa-P-521,sign,815,11001037,594048
ecdsa-P-521,sign,816,11000852,594037
ecdsa-P-521,sign,817,10999407,593959
ecdsa-P-521,sign,818,11005852,594305
ecdsa-P-521,sign,819,11000352,594011
ecdsa-P-521,sign,820,10999704,593976
ecdsa-P-521,sign,821,10991130,593514
ecdsa-P-521,sign,822,10998759,593925
ecdsa-P-521,sign,823,11001926,594096
ecdsa-P-521,sign,824,11000833,594036
ecdsa-P-521,sign,825,10991648,593542
ecdsa-P-521,sign,826,11040371,596171
ecdsa-P-521,sign,827,11031148,595673
ecdsa-P-521,sign,828,11011259,594600
ecdsa-P-521,sign,829,10992333,593578
ecdsa-P-521,sign,830,10995203,593732
ecdsa-P-521,sign,831,11027407,595471
ecdsa-P-521,sign,832,11010519,594559
ecdsa-P-521,sign,833,11001649,594081
ecdsa-P-521,sign,834,11006926,594367
ecdsa-P-521,sign,835,11009926,594527
ecdsa-P-521,sign,836,11006463,594340
ecdsa-P-521,sign,837,11007871,594416
ecdsa-P-521,sign,838,11006426,594339
ecdsa-P-521,sign,839,11019111,595024
ecdsa-P-521,sign,840,11006444,594339
ecdsa-P-521,sign,841,11006481,594342
ecdsa-P-521,sign,842,11007611,594402
ecdsa-P-521,sign,843,11003760,594194
ecdsa-P-521,sign,844,11007926,594419
ecdsa-P-521,sign,845,10992056,593562
ecdsa-P-521,sign,846,11037704,596027
ecdsa-P-521,sign,847,11047055,596532
ecdsa-P-521,sign,848,11009463,594503
ecdsa-P-521,sign,849,11000574,594022
ecdsa-P-521,sign,850,11008204,594434
ecdsa-P-521,sign,851,11016000,594856
ecdsa-P-521,sign,852,11009648,594513
ecdsa-P-521,sign,853,11005592,594295
ecdsa-P-521,sign,854,11003148,594162
ecdsa-P-521,sign,855,11034482,595853
ecdsa-P-521,sign,856,11045926,596471
ecdsa-P-521,sign,857,11001463,594071
ecdsa-P-521,sign,858,11010222,594545
ecdsa-P-521,sign,859,11012926,594690
ecdsa-P-521,sign,860,11008593,594456
ecdsa-P-521,sign,861,11010889,594581
ecdsa-P-521,sign,862,11005944,594313
ecdsa-P-521,sign,863,11000463,594018
ecdsa-P-521,sign,864,11007834,594415
ecdsa-P-521,sign,865,11012796,594681
ecdsa-P-521,sign,866,11001074,594050
ecdsa-P-521,sign,867,11008222,594435
ecdsa-P-521,sign,868,11031370,595686
ecdsa-P-521,sign,869,11016037,594857
ecdsa-P-521,sign,870,10998314,593902
ecdsa-P-521,sign,871,11001370,594065
ecdsa-P-521,sign,872,11008555,594454
ecdsa-P-521,sign,873,11015093,594807
ecdsa-P-521,sign,874,10997611,593863
ecdsa-P-521,sign,875,11013592,594726
ecdsa-P-521,sign,876,11011815,594630
ecdsa-P-521,sign,877,11008926,594473
ecdsa-P-521,sign,878,10999907,593988
ecdsa-P-521,sign,879,11012889,594689
ecdsa-P-521,sign,880,11010037,594534
ecdsa-P-521,sign,881,11004259,594222
ecdsa-P-521,sign,882,10997018,593832
ecdsa-P-521,sign,883,11004537,594236
ecdsa-P-521,sign,884,11016426,594878
ecdsa-P-521,sign,885,11037019,595991
ecdsa-P-521,sign,886,11031889,595714
ecdsa-P-521,sign,887,11007963,594421
ecdsa-P-521,sign,888,11004537,594237
ecdsa-P-521,sign,889,11004482,594235
ecdsa-P-521,sign,890,11006611,594348
ecdsa-P-521,sign,891,11004833,594252
ecdsa-P-521,sign,892,11003018,594154
ecdsa-P-521,sign,893,11010148,594541
ecdsa-P-521,sign,894,11008334,594442
ecdsa-P-521,sign,895,11002315,594118
ecdsa-P-521,sign,896,11016296,594870
ecdsa-P-521,sign,897,11007574,594402
ecdsa-P-521,sign,898,11002759,594140
ecdsa-P-521,sign,899,10999630,593971
ecdsa-P-521,sign,900,11013185,594704
ecdsa-P-521,sign,901,11008482,594449
ecdsa-P-521,sign,902,10997407,593852
ecdsa-P-521,sign,903,11012704,594676
ecdsa-P-521,sign,904,11012148,594649
ecdsa-P-521,sign,905,11014092,594752
ecdsa-P-521,sign,906,11001519,594074
ecdsa-P-521,sign,907,11011185,594595
ecdsa-P-521,sign,908,11009166,594488
ecdsa-P-521,sign,909,11012481,594666
ecdsa-P-521,sign,910,10998074,593889
ecdsa-P-521,sign,911,11006888,594363
ecdsa-P-521,sign,912,11010167,594541
ecdsa-P-521,sign,913,11020926,595121
ecdsa-P-521,sign,914,11000519,594020
ecdsa-P-521,sign,915,11070055,597772
ecdsa-P-521,sign,916,11007630,594404
ecdsa-P-521,sign,917,11007278,594384
ecdsa-P-521,sign,918,11006074,594320
ecdsa-P-521,sign,919,11035796,595925
ecdsa-P-521,sign,920,11005278,594276
ecdsa-P-521,sign,921,11037778,596031
ecdsa-P-521,sign,922,11005760,594300
ecdsa-P-521,sign,923,11002203,594112
ecdsa-P-521,sign,924,11005352,594281
ecdsa-P-521,sign,925,11011741,594625
ecdsa-P-521,sign,926,11000408,594014
ecdsa-P-521,sign,927,11008315,594439
ecdsa-P-521,sign,928,11002537,594128
ecdsa-P-521,sign,929,11018000,594964
ecdsa-P-521,sign,930,11000722,594032
ecdsa-P-521,sign,931,10995907,593770
ecdsa-P-521,sign,932,11008334,594442
ecdsa-P-521,sign,933,11001926,594096
ecdsa-P-521,sign,934,11010185,594541
ecdsa-P-521,sign,935,11000759,594032
ecdsa-P-521,sign,936,11004519,594236
ecdsa-P-521,sign,937,11035777,595924
ecdsa-P-521,sign,938,11040500,596179
ecdsa-P-521,sign,939,11005686,594298
ecdsa-P-521,sign,940,11009611,594510
ecdsa-P-521,sign,941,11022148,595187
ecdsa-P-521,sign,942,11009203,594490
ecdsa-P-521,sign,943,11000019,593993
ecdsa-P-521,sign,944,11040074,596157
ecdsa-P-521,sign,945,11039149,596107
ecdsa-P-521,sign,946,11009204,594490
ecdsa-P-521,sign,947,11001908,594095
ecdsa-P-521,sign,948,11001555,594077
ecdsa-P-521,sign,949,11005537,594290
ecdsa-P-521,sign,950,11004741,594247
ecdsa-P-521,sign,951,11002260,594114
ecdsa-P-521,sign,952,11015944,594853
ecdsa-P-521,sign,953,11005462,594287
ecdsa-P-521,sign,954,11007481,594395
ecdsa-P-521,sign,955,10995981,593774
ecdsa-P-521,sign,956,11000851,594038
ecdsa-P-521,sign,957,11003074,594158
ecdsa-P-521,sign,958,11002092,594104
ecdsa-P-521,sign,959,10997722,593869
ecdsa-P-521,sign,960,11009833,594522
ecdsa-P-521,sign,961,11005278,594277
ecdsa-P-521,sign,962,11009037,594480
ecdsa-P-521,sign,963,11002000,594098
ecdsa-P-521,sign,964,10997592,593861
ecdsa-P-521,sign,965,11008241,594437
ecdsa-P-521,sign,966,11006611,594349
ecdsa-P-521,sign,967,10997296,593846
ecdsa-P-521,sign,968,11005056,594264
ecdsa-P-521,sign,969,11013444,594716
ecdsa-P-521,sign,970,11010555,594562
ecdsa-P-521,sign,971,10998685,593921
ecdsa-P-521,sign,972,11007703,594407
ecdsa-P-521,sign,973,11001704,594084
ecdsa-P-521,sign,974,11043760,596348
ecdsa-P-521,sign,975,11030852,595659
ecdsa-P-521,sign,976,11018815,595007
ecdsa-P-521,sign,977,11031074,595651
ecdsa-P-521,sign,978,11002834,594144
ecdsa-P-521,sign,979,11003500,594179
ecdsa-P-521,sign,980,11005370,594282
ecdsa-P-521,sign,981,11002333,594118
ecdsa-P-521,sign,982,11010500,594557
ecdsa-P-521,sign,983,11002297,594117
ecdsa-P-521,sign,984,11000741,594032
ecdsa-P-521,sign,985,10998463,593910
ecdsa-P-521,sign,986,11009389,594499
ecdsa-P-521,sign,987,10998574,593914
ecdsa-P-521,sign,988,11013463,594718
ecdsa-P-521,sign,989,11009444,594501
ecdsa-P-521,sign,990,11008723,594462
ecdsa-P-521,sign,991,11000018,593993
ecdsa-P-521,sign,992,11003351,594173
ecdsa-P-521,sign,993,11005111,594268
ecdsa-P-521,sign,994,11003278,594167
ecdsa-P-521,sign,995,11002389,594121
ecdsa-P-521,sign,996,11004500,594234
ecdsa-P-521,sign,997,11019815,595062
ecdsa-P-521,sign,998,11005907,594310
ecdsa-P-521,sign,999,10995963,593775
ecdsa-P-521,verify,0,8321315,449341
ecdsa-P-521,verify,1,8304629,448439
ecdsa-P-521,verify,2,8318963,449215
ecdsa-P-521,verify,3,8303870,448399
ecdsa-P-521,verify,4,8310444,448755
ecdsa-P-521,verify,5,8315370,449020
ecdsa-P-521,verify,6,8323148,449440
ecdsa-P-521,verify,7,8306685,448551
ecdsa-P-521,verify,8,8308241,448635
ecdsa-P-521,verify,9,8314963,448998
ecdsa-P-521,verify,10,8339148,450304
ecdsa-P-521,verify,11,8333574,450003
ecdsa-P-521,verify,12,8322204,449389
ecdsa-P-521,verify,13,8316815,449099
ecdsa-P-521,verify,14,8336259,450148
ecdsa-P-521,verify,15,8308666,448658
ecdsa-P-521,verify,16,8314926,448996
ecdsa-P-521,verify,17,8313629,448926
ecdsa-P-521,verify,18,8328537,449731
ecdsa-P-521,verify,19,8309926,448726
ecdsa-P-521,verify,20,8318407,449185
ecdsa-P-521,verify,21,8321297,449340
ecdsa-P-521,verify,22,8309408,448697
ecdsa-P-521,verify,23,8311167,448794
ecdsa-P-521,verify,24,8320000,449270
ecdsa-P-521,verify,25,8314797,448988
ecdsa-P-521,verify,26,8308481,448648
ecdsa-P-521,verify,27,8311760,448825
ecdsa-P-521,verify,28,8303519,448380
ecdsa-P-521,verify,29,8312852,448884
ecdsa-P-521,verify,30,8316370,449074
ecdsa-P-521,verify,31,8311963,448837
ecdsa-P-521,verify,32,8317259,449121
ecdsa-P-521,verify,33,8349259,450851
ecdsa-P-521,verify,34,8346370,450694
ecdsa-P-521,verify,35,8323723,449470
ecdsa-P-521,verify,36,8401482,453671
ecdsa-P-521,verify,37,8312852,448885
ecdsa-P-521,verify,38,8347667,450764
ecdsa-P-521,verify,39,8311444,448808
ecdsa-P-521,verify,40,8307148,448577
ecdsa-P-521,verify,41,8309260,448691
ecdsa-P-521,verify,42,8313556,448922
ecdsa-P-521,verify,43,8315722,449039
ecdsa-P-521,verify,44,8323111,449439
ecdsa-P-521,verify,45,8310351,448749
ecdsa-P-521,verify,46,8312296,448855
ecdsa-P-521,verify,47,8318093,449167
ecdsa-P-521,verify,48,8307889,448617
ecdsa-P-521,verify,49,8329074,449760
ecdsa-P-521,verify,50,8348686,450819
ecdsa-P-521,verify,51,8308111,448629
ecdsa-P-521,verify,52,8307241,448582
ecdsa-P-521,verify,53,8309204,448688
ecdsa-P-521,verify,54,8336611,450168
ecdsa-P-521,verify,55,8325611,449574
ecdsa-P-521,verify,56,8317759,449148
ecdsa-P-521,verify,57,8306574,448545
ecdsa-P-521,verify,58,8319500,449242
ecdsa-P-521,verify,59,8327926,449698
ecdsa-P-521,verify,60,8325389,449561
ecdsa-P-521,verify,61,8319148,449224
ecdsa-P-521,verify,62,8312592,448870
ecdsa-P-521,verify,63,8310963,448783
ecdsa-P-521,verify,64,8317463,449133
ecdsa-P-521,verify,65,8314407,448968
ecdsa-P-521,verify,66,8322315,449396
ecdsa-P-521,verify,67,8303537,448383
ecdsa-P-521,verify,68,8311426,448808
ecdsa-P-521,verify,69,8313815,448936
ecdsa-P-521,verify,70,8314797,448990
ecdsa-P-521,verify,71,8316240,449067
ecdsa-P-521,verify,72,8356981,451259
ecdsa-P-521,verify,73,8323148,449440
ecdsa-P-521,verify,74,8345463,450646
ecdsa-P-521,verify,75,8336629,450169
ecdsa-P-521,verify,76,8312315,448856
ecdsa-P-521,verify,77,8311037,448787
ecdsa-P-521,verify,78,8312852,448884
ecdsa-P-521,verify,79,8335704,450119
ecdsa-P-521,verify,80,8321685,449360
ecdsa-P-521,verify,81,8314500,448975
ecdsa-P-521,verify,82,8315388,449020
ecdsa-P-521,verify,83,8337555,450218
ecdsa-P-521,verify,84,8328797,449744
ecdsa-P-521,verify,85,8317574,449141
ecdsa-P-521,verify,86,8315852,449047
ecdsa-P-521,verify,87,8349648,450870
ecdsa-P-521,verify,88,8318185,449174
ecdsa-P-521,verify,89,8317888,449157
ecdsa-P-521,verify,90,8317371,449128
ecdsa-P-521,verify,91,8311871,448832
ecdsa-P-521,verify,92,8309648,448711
ecdsa-P-521,verify,93,8313037,448894
ecdsa-P-521,verify,94,8318833,449207
ecdsa-P-521,verify,95,8319926,449266
ecdsa-P-521,verify,96,8311389,448806
ecdsa-P-521,verify,97,8319778,449259
ecdsa-P-521,verify,98,8324389,449506
ecdsa-P-521,verify,99,8315740,449040
ecdsa-P-521,verify,100,8311315,448801
ecdsa-P-521,verify,101,8306019,448515
ecdsa-P-521,verify,102,8311407,448805
ecdsa-P-521,verify,103,8312000,448838
ecdsa-P-521,verify,104,8317074,449113
ecdsa-P-521,verify,105,8310500,448757
ecdsa-P-521,verify,106,8308611,448654
ecdsa-P-521,verify,107,8347074,450731
ecdsa-P-521,verify,108,8344537,450595
ecdsa-P-521,verify,109,8314111,448951
ecdsa-P-521,verify,110,8340537,450379
ecdsa-P-521,verify,111,8313833,448939
ecdsa-P-521,verify,112,8342907,450508
ecdsa-P-521,verify,113,8344333,450584
ecdsa-P-521,verify,114,8314333,448964
ecdsa-P-521,verify,115,8330703,449848
ecdsa-P-521,verify,116,8309852,448722
ecdsa-P-521,verify,117,8308315,448638
ecdsa-P-521,verify,118,8311204,448794
ecdsa-P-521,verify,119,8337611,450221
ecdsa-P-521,verify,120,8313871,448939
ecdsa-P-521,verify,121,8311908,448834
ecdsa-P-521,verify,122,8320612,449303
ecdsa-P-521,verify,123,8318166,449172
ecdsa-P-521,verify,124,8311130,448791
ecdsa-P-521,verify,125,8320204,449281
ecdsa-P-521,verify,126,8318296,449179
ecdsa-P-521,verify,127,8308074,448627
ecdsa-P-521,verify,128,8310888,448779
ecdsa-P-521,verify,129,8308259,448636
ecdsa-P-521,verify,130,8312426,448860
ecdsa-P-521,verify,131,8304482,448432
ecdsa-P-521,verify,132,8323685,449469
ecdsa-P-521,verify,133,8314852,448993
ecdsa-P-521,verify,134,8313740,448932
ecdsa-P-521,verify,135,8335000,450080
ecdsa-P-521,verify,136,8310778,448772
ecdsa-P-521,verify,137,8308611,448654
ecdsa-P-521,verify,138,8306723,448553
ecdsa-P-521,verify,139,8306537,448543
ecdsa-P-521,verify,140,8346945,450726
ecdsa-P-521,verify,141,8316074,449059
ecdsa-P-521,verify,142,8313093,448897
ecdsa-P-521,verify,143,8308759,448663
ecdsa-P-521,verify,144,8337296,450204
ecdsa-P-521,verify,145,8310315,448747
ecdsa-P-521,verify,146,8316204,449064
ecdsa-P-521,verify,147,8328519,449307
ecdsa-P-521,verify,148,8317241,449121
ecdsa-P-521,verify,149,8302649,448334
ecdsa-P-521,verify,150,8318111,449168
ecdsa-P-521,verify,151,8331797,449906
ecdsa-P-521,verify,152,8349445,450861
ecdsa-P-521,verify,153,8315000,449001
ecdsa-P-521,verify,154,8318056,449166
ecdsa-P-521,verify,155,8312778,448880
ecdsa-P-521,verify,156,8310574,448763
ecdsa-P-521,verify,157,8313315,448908
ecdsa-P-521,verify,158,8312371,448859
ecdsa-P-521,verify,159,8307555,448599
ecdsa-P-521,verify,160,8326074,449597
ecdsa-P-521,verify,161,8312944,448889
ecdsa-P-521,verify,162,8307629,448602
ecdsa-P-521,verify,163,8303092,448358
ecdsa-P-521,verify,164,8307907,448618
ecdsa-P-521,verify,165,8309537,448706
ecdsa-P-521,verify,166,8310630,448765
ecdsa-P-521,verify,167,8310370,448750
ecdsa-P-521,verify,168,8310204,448741
ecdsa-P-521,verify,169,8307648,448603
ecdsa-P-521,verify,170,8321537,449352
ecdsa-P-521,verify,171,8312815,448883
ecdsa-P-521,verify,172,8325129,449547
ecdsa-P-521,verify,173,8310297,448747
ecdsa-P-521,verify,174,8307185,448579
ecdsa-P-521,verify,175,8305112,448467
ecdsa-P-521,verify,176,8307445,448591
ecdsa-P-521,verify,177,8311149,448792
ecdsa-P-521,verify,178,8313259,448906
ecdsa-P-521,verify,179,8313296,448907
ecdsa-P-521,verify,180,8341889,450452
ecdsa-P-521,verify,181,8317685,449145
ecdsa-P-521,verify,182,8316574,449086
ecdsa-P-521,verify,183,8309241,448689
ecdsa-P-521,verify,184,8335685,450118
ecdsa-P-521,verify,185,8336018,450136
ecdsa-P-521,verify,186,8319166,449224
ecdsa-P-521,verify,187,8315963,449052
ecdsa-P-521,verify,188,8315667,449037
ecdsa-P-521,verify,189,8315222,449012
ecdsa-P-521,verify,190,8343629,450547
ecdsa-P-521,verify,191,8347611,450762
ecdsa-P-521,verify,192,8309648,448711
ecdsa-P-521,verify,193,8311629,448818
ecdsa-P-521,verify,194,8319797,449260
ecdsa-P-521,verify,195,8318259,449176
ecdsa-P-521,verify,196,8311037,448787
ecdsa-P-521,verify,197,8326852,449640
ecdsa-P-521,verify,198,8309944,448728
ecdsa-P-521,verify,199,8326759,449635
ecdsa-P-521,verify,200,8320056,449274
ecdsa-P-521,verify,201,8304630,448439
ecdsa-P-521,verify,202,8310574,448762
ecdsa-P-521,verify,203,8304834,448452
ecdsa-P-521,verify,204,8303556,448383
ecdsa-P-521,verify,205,8335185,450090
ecdsa-P-521,verify,206,8315241,449014
ecdsa-P-521,verify,207,8333907,450022
ecdsa-P-521,verify,208,8313834,448938
ecdsa-P-521,verify,209,8340814,450394
ecdsa-P-521,verify,210,8316277,449069
ecdsa-P-521,verify,211,8315722,449038
ecdsa-P-521,verify,212,8311907,448834
ecdsa-P-521,verify,213,8308630,448655
ecdsa-P-521,verify,214,8316148,449063
ecdsa-P-521,verify,215,8303722,448391
ecdsa-P-521,verify,216,8317463,449133
ecdsa-P-521,verify,217,8317223,449119
ecdsa-P-521,verify,218,8309463,448702
ecdsa-P-521,verify,219,8304092,448411
ecdsa-P-521,verify,220,8310148,448738
ecdsa-P-521,verify,221,8308519,448650
ecdsa-P-521,verify,222,8335259,450094
ecdsa-P-521,verify,223,8305630,448494
ecdsa-P-521,verify,224,8305241,448473
ecdsa-P-521,verify,225,8304778,448448
ecdsa-P-521,verify,226,8319315,449232
ecdsa-P-521,verify,227,8353908,451101
ecdsa-P-521,verify,228,8343537,450541
ecdsa-P-521,verify,229,8354130,451114
ecdsa-P-521,verify,230,8313333,448911
ecdsa-P-521,verify,231,8347648,450763
ecdsa-P-521,verify,232,8316685,449091
ecdsa-P-521,verify,233,8321334,449342
ecdsa-P-521,verify,234,8324797,449530
ecdsa-P-521,verify,235,8309555,448707
ecdsa-P-521,verify,236,8314112,448953
ecdsa-P-521,verify,237,8307333,448586
ecdsa-P-521,verify,238,8306241,448526
ecdsa-P-521,verify,239,8310296,448747
ecdsa-P-521,verify,240,8312815,448881
ecdsa-P-521,verify,241,8319075,449220
ecdsa-P-521,verify,242,8314167,448955
ecdsa-P-521,verify,243,8307889,448616
ecdsa-P-521,verify,244,8318907,449211
ecdsa-P-521,verify,245,8347352,450747
ecdsa-P-521,verify,246,8319055,449219
ecdsa-P-521,verify,247,8332907,449968
ecdsa-P-521,verify,248,8306093,448518
ecdsa-P-521,verify,249,8335703,450118
ecdsa-P-521,verify,250,8302463,448323
ecdsa-P-521,verify,251,8313167,448901
ecdsa-P-521,verify,252,8306018,448515
ecdsa-P-521,verify,253,8308871,448669
ecdsa-P-521,verify,254,8319334,449235
ecdsa-P-521,verify,255,8311241,448797
ecdsa-P-521,verify,256,8313223,448903
ecdsa-P-521,verify,257,8306370,448534
ecdsa-P-521,verify,258,8319815,449260
ecdsa-P-521,verify,259,8328019,449703
ecdsa-P-521,verify,260,8313389,448913
ecdsa-P-521,verify,261,8307333,448586
ecdsa-P-521,verify,262,8306630,448549
ecdsa-P-521,verify,263,8309926,448727
ecdsa-P-521,verify,264,8317908,449158
ecdsa-P-521,verify,265,8314314,448963
ecdsa-P-521,verify,266,8311630,448819
ecdsa-P-521,verify,267,8311463,448809
ecdsa-P-521,verify,268,8306222,448526
ecdsa-P-521,verify,269,8349871,450883
ecdsa-P-521,verify,270,8372462,452102
ecdsa-P-521,verify,271,8313297,448909
ecdsa-P-521,verify,272,8325593,449572
ecdsa-P-521,verify,273,8310778,448772
ecdsa-P-521,verify,274,8347000,450729
ecdsa-P-521,verify,275,8316277,449068
ecdsa-P-521,verify,276,8310797,448774
ecdsa-P-521,verify,277,8314129,448952
ecdsa-P-521,verify,278,8306463,448539
ecdsa-P-521,verify,279,8313796,448936
ecdsa-P-521,verify,280,8311685,448821
ecdsa-P-521,verify,281,8314593,448978
ecdsa-P-521,verify,282,8310018,448731
ecdsa-P-521,verify,283,8313037,448894
ecdsa-P-521,verify,284,8332315,449934
ecdsa-P-521,verify,285,8309500,448703
ecdsa-P-521,verify,286,8313556,448922
ecdsa-P-521,verify,287,8313778,448935
ecdsa-P-521,verify,288,8302185,448307
ecdsa-P-521,verify,289,8306686,448551
ecdsa-P-521,verify,290,8311482,448809
ecdsa-P-521,verify,291,8308092,448628
ecdsa-P-521,verify,292,8307685,448606
ecdsa-P-521,verify,293,8314666,448983
ecdsa-P-521,verify,294,8306871,448562
ecdsa-P-521,verify,295,8315407,449021
ecdsa-P-521,verify,296,8319759,449257
ecdsa-P-521,verify,297,8319315,449232
ecdsa-P-521,verify,298,8314148,448955
ecdsa-P-521,verify,299,8316278,449069
ecdsa-P-521,verify,300,8302611,448332
ecdsa-P-521,verify,301,8310278,448746
ecdsa-P-521,verify,302,8311815,448829
ecdsa-P-521,verify,303,8311037,448785
ecdsa-P-521,verify,304,8314093,448951
ecdsa-P-521,verify,305,8313333,448911
ecdsa-P-521,verify,306,8309704,448713
ecdsa-P-521,verify,307,8309945,448727
ecdsa-P-521,verify,308,8341630,450438
ecdsa-P-521,verify,309,8360741,451470
ecdsa-P-521,verify,310,8343019,450513
ecdsa-P-521,verify,311,8304037,448409
ecdsa-P-521,verify,312,8317574,449139
ecdsa-P-521,verify,313,8316056,449057
ecdsa-P-521,verify,314,8332463,449942
ecdsa-P-521,verify,315,8308592,448654
ecdsa-P-521,verify,316,8309814,448721
ecdsa-P-521,verify,317,8310926,448781
ecdsa-P-521,verify,318,8319463,449240
ecdsa-P-521,verify,319,8324778,449528
ecdsa-P-521,verify,320,8319537,449244
ecdsa-P-521,verify,321,8325204,449551
ecdsa-P-521,verify,322,8318055,449166
ecdsa-P-521,verify,323,8311370,448805
ecdsa-P-521,verify,324,8307574,448599
ecdsa-P-521,verify,325,8308426,448645
ecdsa-P-521,verify,326,8337759,450229
ecdsa-P-521,verify,327,8314371,448967
ecdsa-P-521,verify,328,8304000,448406
ecdsa-P-521,verify,329,8311963,448837
ecdsa-P-521,verify,330,8343666,450549
ecdsa-P-521,verify,331,8315037,449003
ecdsa-P-521,verify,332,8307259,448581
ecdsa-P-521,verify,333,8309315,448693
ecdsa-P-521,verify,334,8334500,450052
ecdsa-P-521,verify,335,8342685,450496
ecdsa-P-521,verify,336,8320648,449306
ecdsa-P-521,verify,337,8312037,448841
ecdsa-P-521,verify,338,8307593,448599
ecdsa-P-521,verify,339,8337926,450239
ecdsa-P-521,verify,340,8314574,448977
ecdsa-P-521,verify,341,8311870,448832
ecdsa-P-521,verify,342,8305574,448491
ecdsa-P-521,verify,343,8304704,448445
ecdsa-P-521,verify,344,8309334,448695
ecdsa-P-521,verify,345,8310777,448774
ecdsa-P-521,verify,346,8321278,449340
ecdsa-P-521,verify,347,8353149,451060
ecdsa-P-521,verify,348,8358944,451359
ecdsa-P-521,verify,349,8313130,448901
ecdsa-P-521,verify,350,8307037,448569
ecdsa-P-521,verify,351,8307426,448591
ecdsa-P-521,verify,352,8313352,448911
ecdsa-P-521,verify,353,8313056,448896
ecdsa-P-521,verify,354,8308722,448662
ecdsa-P-521,verify,355,8307426,448592
ecdsa-P-521,verify,356,8317037,449109
ecdsa-P-521,verify,357,8309426,448699
ecdsa-P-521,verify,358,8316259,449068
ecdsa-P-521,verify,359,8314741,448987
ecdsa-P-521,verify,360,8318093,449168
ecdsa-P-521,verify,361,8312667,448875
ecdsa-P-521,verify,362,8313203,448904
ecdsa-P-521,verify,363,8318871,449208
ecdsa-P-521,verify,364,8314130,448954
ecdsa-P-521,verify,365,8318334,449181
ecdsa-P-521,verify,366,8309926,448725
ecdsa-P-521,verify,367,8320740,449310
ecdsa-P-521,verify,368,8317000,449108
ecdsa-P-521,verify,369,8313907,448942
ecdsa-P-521,verify,370,8310852,448777
ecdsa-P-521,verify,371,8321574,449354
ecdsa-P-521,verify,372,8319481,449241
ecdsa-P-521,verify,373,8308666,448658
ecdsa-P-521,verify,374,8312204,448849
ecdsa-P-521,verify,375,8338408,450264
ecdsa-P-521,verify,376,8310759,448771
ecdsa-P-521,verify,377,8311630,448818
ecdsa-P-521,verify,378,8314333,448964
ecdsa-P-521,verify,379,8336686,450172
ecdsa-P-521,verify,380,8320240,449283
ecdsa-P-521,verify,381,8320074,449273
ecdsa-P-521,verify,382,8318629,449197
ecdsa-P-521,verify,383,8324797,449529
ecdsa-P-521,verify,384,8324481,449512
ecdsa-P-521,verify,385,8309537,448706
ecdsa-P-521,verify,386,8342574,450489
ecdsa-P-521,verify,387,8350667,450926
ecdsa-P-521,verify,388,8317259,449123
ecdsa-P-521,verify,389,8309667,448711
ecdsa-P-521,verify,390,8307981,448621
ecdsa-P-521,verify,391,8312055,448840
ecdsa-P-521,verify,392,8318000,449161
ecdsa-P-521,verify,393,8320833,449316
ecdsa-P-521,verify,394,8314167,448957
ecdsa-P-521,verify,395,8310815,448774
ecdsa-P-521,verify,396,8322426,449401
ecdsa-P-521,verify,397,8320852,449316
ecdsa-P-521,verify,398,8306463,448539
ecdsa-P-521,verify,399,8310667,448767
ecdsa-P-521,verify,400,8345963,450672
ecdsa-P-521,verify,401,8306704,448553
ecdsa-P-521,verify,402,8321852,449369
ecdsa-P-521,verify,403,8310351,448748
ecdsa-P-521,verify,404,8339796,450340
ecdsa-P-521,verify,405,8309278,448692
ecdsa-P-521,verify,406,8307889,448616
ecdsa-P-521,verify,407,8320204,449281
ecdsa-P-521,verify,408,8327926,449697
ecdsa-P-521,verify,409,8306519,448542
ecdsa-P-521,verify,410,8304277,448423
ecdsa-P-521,verify,411,8317389,449129
ecdsa-P-521,verify,412,8310111,448735
ecdsa-P-521,verify,413,8307370,448588
ecdsa-P-521,verify,414,8313851,448939
ecdsa-P-521,verify,415,8301796,448287
ecdsa-P-521,verify,416,8306852,448560
ecdsa-P-521,verify,417,8308166,448631
ecdsa-P-521,verify,418,8312056,448841
ecdsa-P-521,verify,419,8312407,448859
ecdsa-P-521,verify,420,8316129,449061
ecdsa-P-521,verify,421,8323018,449434
ecdsa-P-521,verify,422,8317482,449133
ecdsa-P-521,verify,423,8310408,448752
ecdsa-P-521,verify,424,8308445,448647
ecdsa-P-521,verify,425,8332296,449933
ecdsa-P-521,verify,426,8315259,449013
ecdsa-P-521,verify,427,8348297,450798
ecdsa-P-521,verify,428,8308148,448630
ecdsa-P-521,verify,429,8315333,449018
ecdsa-P-521,verify,430,8313945,448943
ecdsa-P-521,verify,431,8315370,449021
ecdsa-P-521,verify,432,8311889,448833
ecdsa-P-521,verify,433,8318296,449179
ecdsa-P-521,verify,434,8313704,448929
ecdsa-P-521,verify,435,8310667,448766
ecdsa-P-521,verify,436,8307388,448589
ecdsa-P-521,verify,437,8311407,448806
ecdsa-P-521,verify,438,8318426,449184
ecdsa-P-521,verify,439,8302111,448305
ecdsa-P-521,verify,440,8338185,450251
ecdsa-P-521,verify,441,8349018,450837
ecdsa-P-521,verify,442,8322481,449405
ecdsa-P-521,verify,443,8332037,449919
ecdsa-P-521,verify,444,8339556,450328
ecdsa-P-521,verify,445,8339166,450306
ecdsa-P-521,verify,446,8312703,448878
ecdsa-P-521,verify,447,8319648,449251
ecdsa-P-521,verify,448,8313167,448901
ecdsa-P-521,verify,449,8312833,448884
ecdsa-P-521,verify,450,8306315,448532
ecdsa-P-521,verify,451,8303981,448405
ecdsa-P-521,verify,452,8311574,448816
ecdsa-P-521,verify,453,8322574,449410
ecdsa-P-521,verify,454,8313408,448915
ecdsa-P-521,verify,455,8315129,449008
ecdsa-P-521,verify,456,8312055,448842
ecdsa-P-521,verify,457,8308167,448632
ecdsa-P-521,verify,458,8318593,449193
ecdsa-P-521,verify,459,8322574,449409
ecdsa-P-521,verify,460,8312000,448837
ecdsa-P-521,verify,461,8310926,448779
ecdsa-P-521,verify,462,8312537,448868
ecdsa-P-521,verify,463,8305093,448466
ecdsa-P-521,verify,464,8316537,449083
ecdsa-P-521,verify,465,8364482,451673
ecdsa-P-521,verify,466,8347871,450776
ecdsa-P-521,verify,467,8339204,450307
ecdsa-P-521,verify,468,8322408,449401
ecdsa-P-521,verify,469,8370852,452016
ecdsa-P-521,verify,470,8321981,449379
ecdsa-P-521,verify,471,8305889,448509
ecdsa-P-521,verify,472,8315315,449016
ecdsa-P-521,verify,473,8313481,448917
ecdsa-P-521,verify,474,8306130,448522
ecdsa-P-521,verify,475,8314537,448975
ecdsa-P-521,verify,476,8312685,448875
ecdsa-P-521,verify,477,8303759,448393
ecdsa-P-521,verify,478,8313500,448918
ecdsa-P-521,verify,479,8309519,448704
ecdsa-P-521,verify,480,8309759,448717
ecdsa-P-521,verify,481,8313778,448933
ecdsa-P-521,verify,482,8310185,448739
ecdsa-P-521,verify,483,8305222,448472
ecdsa-P-521,verify,484,8313000,448893
ecdsa-P-521,verify,485,8305815,448504
ecdsa-P-521,verify,486,8307037,448570
ecdsa-P-521,verify,487,8303019,448353
ecdsa-P-521,verify,488,8312722,448877
ecdsa-P-521,verify,489,8307315,448586
ecdsa-P-521,verify,490,8312889,448887
ecdsa-P-521,verify,491,8311574,448815
ecdsa-P-521,verify,492,8312962,448890
ecdsa-P-521,verify,493,8310685,448767
ecdsa-P-521,verify,494,8309093,448681
ecdsa-P-521,verify,495,8315463,449026
ecdsa-P-521,verify,496,8314833,448991
ecdsa-P-521,verify,497,8328500,449729
ecdsa-P-521,verify,498,8313815,448936
ecdsa-P-521,verify,499,8317852,449154
ecdsa-P-521,verify,500,8313352,448911
ecdsa-P-521,verify,501,8305518,448487
ecdsa-P-521,verify,502,8314797,448988
ecdsa-P-521,verify,503,8307352,448587
ecdsa-P-521,verify,504,8340815,450393
ecdsa-P-521,verify,505,8375334,452258
ecdsa-P-521,verify,506,8325722,449579
ecdsa-P-521,verify,507,8321648,449359
ecdsa-P-521,verify,508,8315371,449020
ecdsa-P-521,verify,509,8345296,450636
ecdsa-P-521,verify,510,8315704,449039
ecdsa-P-521,verify,511,8310944,448781
ecdsa-P-521,verify,512,8318537,449191
ecdsa-P-521,verify,513,8315037,449004
ecdsa-P-521,verify,514,8318555,449193
ecdsa-P-521,verify,515,8308926,448672
ecdsa-P-521,verify,516,8314389,448967
ecdsa-P-521,verify,517,8312574,448870
ecdsa-P-521,verify,518,8315482,449027
ecdsa-P-521,verify,519,8306185,448523
ecdsa-P-521,verify,520,8319222,449229
ecdsa-P-521,verify,521,8315630,449035
ecdsa-P-521,verify,522,8315760,449041
ecdsa-P-521,verify,523,8306241,448527
ecdsa-P-521,verify,524,8308981,448676
ecdsa-P-521,verify,525,8310259,448744
ecdsa-P-521,verify,526,8312593,448870
ecdsa-P-521,verify,527,8317592,449140
ecdsa-P-521,verify,528,8316407,449076
ecdsa-P-521,verify,529,8310370,448751
ecdsa-P-521,verify,530,8341518,450431
ecdsa-P-521,verify,531,8313407,448914
ecdsa-P-521,verify,532,8314611,448980
ecdsa-P-521,verify,533,8310482,448752
ecdsa-P-521,verify,534,8362926,451582
ecdsa-P-521,verify,535,8323685,449470
ecdsa-P-521,verify,536,8316740,449094
ecdsa-P-521,verify,537,8310963,448782
ecdsa-P-521,verify,538,8315611,449033
ecdsa-P-521,verify,539,8310666,448766
ecdsa-P-521,verify,540,8307240,448581
ecdsa-P-521,verify,541,8312834,448882
ecdsa-P-521,verify,542,8318333,449181
ecdsa-P-521,verify,543,8350352,450910
ecdsa-P-521,verify,544,8339759,450337
ecdsa-P-521,verify,545,8305537,448489
ecdsa-P-521,verify,546,8309760,448717
ecdsa-P-521,verify,547,8316185,449065
ecdsa-P-521,verify,548,8309277,448691
ecdsa-P-521,verify,549,8302389,448319
ecdsa-P-521,verify,550,8311944,448834
ecdsa-P-521,verify,551,8313019,448892
ecdsa-P-521,verify,552,8315833,449044
ecdsa-P-521,verify,553,8321963,449377
ecdsa-P-521,verify,554,8313296,448908
ecdsa-P-521,verify,555,8314500,448973
ecdsa-P-521,verify,556,8318185,449173
ecdsa-P-521,verify,557,8327297,449663
ecdsa-P-521,verify,558,8318223,449174
ecdsa-P-521,verify,559,8320629,449304
ecdsa-P-521,verify,560,8309852,448722
ecdsa-P-521,verify,561,8312408,448860
ecdsa-P-521,verify,562,8309389,448696
ecdsa-P-521,verify,563,8309852,448721
ecdsa-P-521,verify,564,8331945,449915
ecdsa-P-521,verify,565,8314851,448992
ecdsa-P-521,verify,566,8315593,449032
ecdsa-P-521,verify,567,8307889,448617
ecdsa-P-521,verify,568,8303296,448368
ecdsa-P-521,verify,569,8312334,448856
ecdsa-P-521,verify,570,8344074,450571
ecdsa-P-521,verify,571,8308426,448645
ecdsa-P-521,verify,572,8392945,453209
ecdsa-P-521,verify,573,8314407,448968
ecdsa-P-521,verify,574,8335148,450089
ecdsa-P-521,verify,575,8305871,448507
ecdsa-P-521,verify,576,8308241,448635
ecdsa-P-521,verify,577,8315704,449039
ecdsa-P-521,verify,578,8310185,448741
ecdsa-P-521,verify,579,8311797,448827
ecdsa-P-521,verify,580,8310982,448782
ecdsa-P-521,verify,581,8316518,449081
ecdsa-P-521,verify,582,8356981,451268
ecdsa-P-521,verify,583,8311981,448838
ecdsa-P-521,verify,584,8361537,451512
ecdsa-P-521,verify,585,8314574,448977
ecdsa-P-521,verify,586,8308685,448660
ecdsa-P-521,verify,587,8316907,449104
ecdsa-P-521,verify,588,8341963,450456
ecdsa-P-521,verify,589,8342203,450468
ecdsa-P-521,verify,590,8313889,448940
ecdsa-P-521,verify,591,8324259,449500
ecdsa-P-521,verify,592,8314074,448949
ecdsa-P-521,verify,593,8310074,448734
ecdsa-P-521,verify,594,8317574,449138
ecdsa-P-521,verify,595,8336408,450156
ecdsa-P-521,verify,596,8311518,448812
ecdsa-P-521,verify,597,8313481,448917
ecdsa-P-521,verify,598,8312981,448890
ecdsa-P-521,verify,599,8338778,450285
ecdsa-P-521,verify,600,8309148,448684
ecdsa-P-521,verify,601,8309722,448715
ecdsa-P-521,verify,602,8319944,449268
ecdsa-P-521,verify,603,8341666,450440
ecdsa-P-521,verify,604,8318574,449194
ecdsa-P-521,verify,605,8313352,448910
ecdsa-P-521,verify,606,8319130,449222
ecdsa-P-521,verify,607,8310778,448771
ecdsa-P-521,verify,608,8305814,448504
ecdsa-P-521,verify,609,8320186,449280
ecdsa-P-521,verify,610,8305407,448482
ecdsa-P-521,verify,611,8308611,448656
ecdsa-P-521,verify,612,8311629,448819
ecdsa-P-521,verify,613,8313149,448899
ecdsa-P-521,verify,614,8315741,449040
ecdsa-P-521,verify,615,8311074,448787
ecdsa-P-521,verify,616,8317982,449161
ecdsa-P-521,verify,617,8320222,449282
ecdsa-P-521,verify,618,8311445,448808
ecdsa-P-521,verify,619,8319148,449224
ecdsa-P-521,verify,620,8308814,448667
ecdsa-P-521,verify,621,8312908,448888
ecdsa-P-521,verify,622,8341370,450424
ecdsa-P-521,verify,623,8344796,450609
ecdsa-P-521,verify,624,8317981,449161
ecdsa-P-521,verify,625,8315167,449010
ecdsa-P-521,verify,626,8342537,450487
ecdsa-P-521,verify,627,8309778,448719
ecdsa-P-521,verify,628,8315500,449027
ecdsa-P-521,verify,629,8311352,448804
ecdsa-P-521,verify,630,8309278,448692
ecdsa-P-521,verify,631,8326889,449642
ecdsa-P-521,verify,632,8311166,448793
ecdsa-P-521,verify,633,8323037,449435
ecdsa-P-521,verify,634,8323925,449482
ecdsa-P-521,verify,635,8339648,450330
ecdsa-P-521,verify,636,8303111,448359
ecdsa-P-521,verify,637,8313611,448925
ecdsa-P-521,verify,638,8392760,453199
ecdsa-P-521,verify,639,8374815,452231
ecdsa-P-521,verify,640,8317889,449158
ecdsa-P-521,verify,641,8313593,448924
ecdsa-P-521,verify,642,8327259,449661
ecdsa-P-521,verify,643,8324000,449486
ecdsa-P-521,verify,644,8310870,448778
ecdsa-P-521,verify,645,8313833,448938
ecdsa-P-521,verify,646,8319333,449235
ecdsa-P-521,verify,647,8321518,449353
ecdsa-P-521,verify,648,8319796,449259
ecdsa-P-521,verify,649,8314333,448964
ecdsa-P-521,verify,650,8312296,448855
ecdsa-P-521,verify,651,8310111,448736
ecdsa-P-521,verify,652,8316667,449091
ecdsa-P-521,verify,653,8309111,448681
ecdsa-P-521,verify,654,8316907,449103
ecdsa-P-521,verify,655,8327167,449657
ecdsa-P-521,verify,656,8314130,448954
ecdsa-P-521,verify,657,8310185,448740
ecdsa-P-521,verify,658,8313796,448934
ecdsa-P-521,verify,659,8325185,449550
ecdsa-P-521,verify,660,8334148,450035
ecdsa-P-521,verify,661,8356426,451236
ecdsa-P-521,verify,662,8348185,450791
ecdsa-P-521,verify,663,8311611,448818
ecdsa-P-521,verify,664,8338018,450242
ecdsa-P-521,verify,665,8313741,448932
ecdsa-P-521,verify,666,8313611,448925
ecdsa-P-521,verify,667,8300648,448226
ecdsa-P-521,verify,668,8499037,458932
ecdsa-P-521,verify,669,8333333,449991
ecdsa-P-521,verify,670,8309519,448705
ecdsa-P-521,verify,671,8315093,449004
ecdsa-P-521,verify,672,8321334,449343
ecdsa-P-521,verify,673,8317092,449114
ecdsa-P-521,verify,674,8319537,449244
ecdsa-P-521,verify,675,8302963,448351
ecdsa-P-521,verify,676,8321592,449355
ecdsa-P-521,verify,677,8315111,449007
ecdsa-P-521,verify,678,8306222,448525
ecdsa-P-521,verify,679,8311389,448804
ecdsa-P-521,verify,680,8320407,449292
ecdsa-P-521,verify,681,8311945,448836
ecdsa-P-521,verify,682,8316648,449089
ecdsa-P-521,verify,683,8311204,448795
ecdsa-P-521,verify,684,8314260,448960
ecdsa-P-521,verify,685,8313555,448922
ecdsa-P-521,verify,686,8305815,448505
ecdsa-P-521,verify,687,8336296,450149
ecdsa-P-521,verify,688,8315463,449025
ecdsa-P-521,verify,689,8311982,448837
ecdsa-P-521,verify,690,8311686,448823
ecdsa-P-521,verify,691,8316259,449068
ecdsa-P-521,verify,692,8326555,449623
ecdsa-P-521,verify,693,8309907,448725
ecdsa-P-521,verify,694,8312555,448869
ecdsa-P-521,verify,695,8313629,448926
ecdsa-P-521,verify,696,8306649,448550
ecdsa-P-521,verify,697,8319352,449235
ecdsa-P-521,verify,698,8310593,448762
ecdsa-P-521,verify,699,8307333,448586
ecdsa-P-521,verify,700,8381204,452575
ecdsa-P-521,verify,701,8358648,451357
ecdsa-P-521,verify,702,8319056,449220
ecdsa-P-521,verify,703,8312852,448885
ecdsa-P-521,verify,704,8357518,451297
ecdsa-P-521,verify,705,8314314,448964
ecdsa-P-521,verify,706,8315981,449054
ecdsa-P-521,verify,707,8310574,448762
ecdsa-P-521,verify,708,8342537,450488
ecdsa-P-521,verify,709,8359908,451425
ecdsa-P-521,verify,710,8313148,448901
ecdsa-P-521,verify,711,8313686,448928
ecdsa-P-521,verify,712,8315833,449045
ecdsa-P-521,verify,713,8321445,449348
ecdsa-P-521,verify,714,8311463,448809
ecdsa-P-521,verify,715,8313611,448926
ecdsa-P-521,verify,716,8324778,449528
ecdsa-P-521,verify,717,8310944,448781
ecdsa-P-521,verify,718,8307296,448584
ecdsa-P-521,verify,719,8310500,448757
ecdsa-P-521,verify,720,8315389,449022
ecdsa-P-521,verify,721,8322592,449410
ecdsa-P-521,verify,722,8318981,449215
ecdsa-P-521,verify,723,8317833,449154
ecdsa-P-521,verify,724,8313000,448893
ecdsa-P-521,verify,725,8338667,450277
ecdsa-P-521,verify,726,8307722,448607
ecdsa-P-521,verify,727,8309963,448728
ecdsa-P-521,verify,728,8314093,448951
ecdsa-P-521,verify,729,8357611,451301
ecdsa-P-521,verify,730,8323371,449452
ecdsa-P-521,verify,731,8309630,448711
ecdsa-P-521,verify,732,8310777,448773
ecdsa-P-521,verify,733,8310944,448780
ecdsa-P-521,verify,734,8324333,449505
ecdsa-P-521,verify,735,8315482,449027
ecdsa-P-521,verify,736,8316575,449086
ecdsa-P-521,verify,737,8318704,449200
ecdsa-P-521,verify,738,8316537,449083
ecdsa-P-521,verify,739,8340797,450394
ecdsa-P-521,verify,740,8345556,450650
ecdsa-P-521,verify,741,8327685,449685
ecdsa-P-521,verify,742,8313093,448896
ecdsa-P-521,verify,743,8310574,448762
ecdsa-P-521,verify,744,8314722,448986
ecdsa-P-521,verify,745,8309074,448680
ecdsa-P-521,verify,746,8318833,449206
ecdsa-P-521,verify,747,8314463,448972
ecdsa-P-521,verify,748,8306315,448531
ecdsa-P-521,verify,749,8310611,448763
ecdsa-P-521,verify,750,8312686,448875
ecdsa-P-521,verify,751,8316148,449061
ecdsa-P-521,verify,752,8308111,448628
ecdsa-P-521,verify,753,8311888,448833
ecdsa-P-521,verify,754,8322408,449400
ecdsa-P-521,verify,755,8315130,449007
ecdsa-P-521,verify,756,8305371,448480
ecdsa-P-521,verify,757,8310593,448762
ecdsa-P-521,verify,758,8311333,448803
ecdsa-P-521,verify,759,8313870,448939
ecdsa-P-521,verify,760,8307962,448613
ecdsa-P-521,verify,761,8322019,449380
ecdsa-P-521,verify,762,8305223,448471
ecdsa-P-521,verify,763,8316352,449073
ecdsa-P-521,verify,764,8315888,449049
ecdsa-P-521,verify,765,8333000,449972
ecdsa-P-521,verify,766,8338926,450292
ecdsa-P-521,verify,767,8314723,448985
ecdsa-P-521,verify,768,8309296,448693
ecdsa-P-521,verify,769,8337389,450208
ecdsa-P-521,verify,770,8312907,448888
ecdsa-P-521,verify,771,8310203,448741
ecdsa-P-521,verify,772,8326500,449622
ecdsa-P-521,verify,773,8305889,448508
ecdsa-P-521,verify,774,8310370,448750
ecdsa-P-521,verify,775,8312555,448867
ecdsa-P-521,verify,776,8717204,470719
ecdsa-P-521,verify,777,8330296,449828
ecdsa-P-521,verify,778,8352815,451040
ecdsa-P-521,verify,779,8310796,448773
ecdsa-P-521,verify,780,8352204,451008
ecdsa-P-521,verify,781,8320871,449317
ecdsa-P-521,verify,782,8317241,449121
ecdsa-P-521,verify,783,8315408,449022
ecdsa-P-521,verify,784,8312759,448880
ecdsa-P-521,verify,785,8310759,448770
ecdsa-P-521,verify,786,8318389,449182
ecdsa-P-521,verify,787,8316926,449104
ecdsa-P-521,verify,788,8317166,449117
ecdsa-P-521,verify,789,8318037,449164
ecdsa-P-521,verify,790,8341463,450429
ecdsa-P-521,verify,791,8313592,448923
ecdsa-P-521,verify,792,8349092,450834
ecdsa-P-521,verify,793,8347333,450747
ecdsa-P-521,verify,794,8339185,450306
ecdsa-P-521,verify,795,8321945,449375
ecdsa-P-521,verify,796,8314649,448981
ecdsa-P-521,verify,797,8318814,449208
ecdsa-P-521,verify,798,8308333,448639
ecdsa-P-521,verify,799,8309852,448722
ecdsa-P-521,verify,800,8317185,449117
ecdsa-P-521,verify,801,8311278,448799
ecdsa-P-521,verify,802,8322537,449407
ecdsa-P-521,verify,803,8302722,448336
ecdsa-P-521,verify,804,8306592,448546
ecdsa-P-521,verify,805,8313630,448927
ecdsa-P-521,verify,806,8342074,450461
ecdsa-P-521,verify,807,8309833,448723
ecdsa-P-521,verify,808,8310870,448776
ecdsa-P-521,verify,809,8312093,448844
ecdsa-P-521,verify,810,8312444,448862
ecdsa-P-521,verify,811,8316963,449106
ecdsa-P-521,verify,812,8314463,448971
ecdsa-P-521,verify,813,8312963,448891
ecdsa-P-521,verify,814,8347759,450760
ecdsa-P-521,verify,815,8311667,448821
ecdsa-P-521,verify,816,8314315,448963
ecdsa-P-521,verify,817,8312500,448866
ecdsa-P-521,verify,818,8356037,451217
ecdsa-P-521,verify,819,8342055,450461
ecdsa-P-521,verify,820,8316574,449084
ecdsa-P-521,verify,821,8313093,448897
ecdsa-P-521,verify,822,8320500,449298
ecdsa-P-521,verify,823,8309537,448705
ecdsa-P-521,verify,824,8314444,448970
ecdsa-P-521,verify,825,8316093,449059
ecdsa-P-521,verify,826,8321593,449355
ecdsa-P-521,verify,827,8308686,448659
ecdsa-P-521,verify,828,8344333,450585
ecdsa-P-521,verify,829,8343463,450536
ecdsa-P-521,verify,830,8341481,450430
ecdsa-P-521,verify,831,8311852,448830
ecdsa-P-521,verify,832,8309352,448694
ecdsa-P-521,verify,833,8323629,449466
ecdsa-P-521,verify,834,8346167,450683
ecdsa-P-521,verify,835,8317222,449121
ecdsa-P-521,verify,836,8314223,448959
ecdsa-P-521,verify,837,8313704,448931
ecdsa-P-521,verify,838,8325685,449577
ecdsa-P-521,verify,839,8321777,449366
ecdsa-P-521,verify,840,8321555,449355
ecdsa-P-521,verify,841,8313704,448930
ecdsa-P-521,verify,842,8312407,448861
ecdsa-P-521,verify,843,8319722,449256
ecdsa-P-521,verify,844,8308685,448660
ecdsa-P-521,verify,845,8307944,448620
ecdsa-P-521,verify,846,8313204,448904
ecdsa-P-521,verify,847,8321982,449378
ecdsa-P-521,verify,848,8307685,448605
ecdsa-P-521,verify,849,8317111,449114
ecdsa-P-521,verify,850,8318945,449214
ecdsa-P-521,verify,851,8323741,449472
ecdsa-P-521,verify,852,8313093,448898
ecdsa-P-521,verify,853,8304463,448430
ecdsa-P-521,verify,854,8311482,448810
ecdsa-P-521,verify,855,8337574,450219
ecdsa-P-521,verify,856,8308611,448655
ecdsa-P-521,verify,857,8340240,450364
ecdsa-P-521,verify,858,8351426,450967
ecdsa-P-521,verify,859,8351574,450975
ecdsa-P-521,verify,860,8317796,449152
ecdsa-P-521,verify,861,8310888,448778
ecdsa-P-521,verify,862,8317592,449140
ecdsa-P-521,verify,863,8324815,449530
ecdsa-P-521,verify,864,8314908,448995
ecdsa-P-521,verify,865,8310259,448743
ecdsa-P-521,verify,866,8313352,448911
ecdsa-P-521,verify,867,8314259,448961
ecdsa-P-521,verify,868,8316741,449095
ecdsa-P-521,verify,869,8313038,448893
ecdsa-P-521,verify,870,8314945,448996
ecdsa-P-521,verify,871,8311833,448829
ecdsa-P-521,verify,872,8317926,449157
ecdsa-P-521,verify,873,8313666,448929
ecdsa-P-521,verify,874,8311037,448787
ecdsa-P-521,verify,875,8312685,448875
ecdsa-P-521,verify,876,8320518,449299
ecdsa-P-521,verify,877,8311148,448792
ecdsa-P-521,verify,878,8315685,449038
ecdsa-P-521,verify,879,8309666,448712
ecdsa-P-521,verify,880,8306444,448538
ecdsa-P-521,verify,881,8310241,448744
ecdsa-P-521,verify,882,8313222,448904
ecdsa-P-521,verify,883,8308889,448668
ecdsa-P-521,verify,884,8320629,449305
ecdsa-P-521,verify,885,8330814,449854
ecdsa-P-521,verify,886,8318203,449174
ecdsa-P-521,verify,887,8312500,448867
ecdsa-P-521,verify,888,8322925,449428
ecdsa-P-521,verify,889,8316482,449081
ecdsa-P-521,verify,890,8319944,449268
ecdsa-P-521,verify,891,8317815,449152
ecdsa-P-521,verify,892,8309870,448724
ecdsa-P-521,verify,893,8311482,448810
ecdsa-P-521,verify,894,8304222,448419
ecdsa-P-521,verify,895,8333982,450026
ecdsa-P-521,verify,896,8335815,450125
ecdsa-P-521,verify,897,8351889,450993
ecdsa-P-521,verify,898,8321926,449375
ecdsa-P-521,verify,899,8341426,450427
ecdsa-P-521,verify,900,8331815,449909
ecdsa-P-521,verify,901,8313204,448904
ecdsa-P-521,verify,902,8308611,448654
ecdsa-P-521,verify,903,8315537,449029
ecdsa-P-521,verify,904,8319055,449220
ecdsa-P-521,verify,905,8317222,449120
ecdsa-P-521,verify,906,8310555,448760
ecdsa-P-521,verify,907,8309463,448702
ecdsa-P-521,verify,908,8314870,448994
ecdsa-P-521,verify,909,8312889,448887
ecdsa-P-521,verify,910,8321055,449327
ecdsa-P-521,verify,911,8317648,449144
ecdsa-P-521,verify,912,8302518,448326
ecdsa-P-521,verify,913,8327129,449654
ecdsa-P-521,verify,914,8315426,449023
ecdsa-P-521,verify,915,8321333,449343
ecdsa-P-521,verify,916,8318408,449184
ecdsa-P-521,verify,917,8305907,448509
ecdsa-P-521,verify,918,8314074,448949
ecdsa-P-521,verify,919,8310444,448755
ecdsa-P-521,verify,920,8335722,450120
ecdsa-P-521,verify,921,8313907,448942
ecdsa-P-521,verify,922,8321112,449331
ecdsa-P-521,verify,923,8312444,448862
ecdsa-P-521,verify,924,8332407,449940
ecdsa-P-521,verify,925,8342593,450490
ecdsa-P-521,verify,926,8306611,448547
ecdsa-P-521,verify,927,8314482,448973
ecdsa-P-521,verify,928,8308963,448674
ecdsa-P-521,verify,929,8326130,449601
ecdsa-P-521,verify,930,8314537,448975
ecdsa-P-521,verify,931,8311759,448827
ecdsa-P-521,verify,932,8308870,448670
ecdsa-P-521,verify,933,8315037,449003
ecdsa-P-521,verify,934,8317500,449135
ecdsa-P-521,verify,935,8344944,450616
ecdsa-P-521,verify,936,8316148,449063
ecdsa-P-521,verify,937,8354722,451145
ecdsa-P-521,verify,938,8307130,448576
ecdsa-P-521,verify,939,8311056,448786
ecdsa-P-521,verify,940,8308778,448665
ecdsa-P-521,verify,941,8310667,448765
ecdsa-P-521,verify,942,8307611,448602
ecdsa-P-521,verify,943,8308370,448642
ecdsa-P-521,verify,944,8318093,449167
ecdsa-P-521,verify,945,8308334,448641
ecdsa-P-521,verify,946,8313185,448902
ecdsa-P-521,verify,947,8324759,449527
ecdsa-P-521,verify,948,8348556,450811
ecdsa-P-521,verify,949,8347333,450747
ecdsa-P-521,verify,950,8323019,449432
ecdsa-P-521,verify,951,8311537,448812
ecdsa-P-521,verify,952,8315093,449006
ecdsa-P-521,verify,953,8313000,448892
ecdsa-P-521,verify,954,8311037,448786
ecdsa-P-521,verify,955,8307796,448611
ecdsa-P-521,verify,956,8308944,448673
ecdsa-P-521,verify,957,8315019,449002
ecdsa-P-521,verify,958,8313315,448910
ecdsa-P-521,verify,959,8323000,449432
ecdsa-P-521,verify,960,8337241,450201
ecdsa-P-521,verify,961,8318741,449202
ecdsa-P-521,verify,962,8320778,449313
ecdsa-P-521,verify,963,8315574,449031
ecdsa-P-521,verify,964,8337444,450212
ecdsa-P-521,verify,965,8303852,448398
ecdsa-P-521,verify,966,8311018,448785
ecdsa-P-521,verify,967,8310149,448739
ecdsa-P-521,verify,968,8300759,448232
ecdsa-P-521,verify,969,8317500,449134
ecdsa-P-521,verify,970,8314741,448986
ecdsa-P-521,verify,971,8309740,448716
ecdsa-P-521,verify,972,8314241,448960
ecdsa-P-521,verify,973,8312000,448838
ecdsa-P-521,verify,974,8318926,449211
ecdsa-P-521,verify,975,8353278,451068
ecdsa-P-521,verify,976,8344408,450589
ecdsa-P-521,verify,977,8309000,448678
ecdsa-P-521,verify,978,8309741,448717
ecdsa-P-521,verify,979,8316055,449056
ecdsa-P-521,verify,980,8311741,448824
ecdsa-P-521,verify,981,8303796,448395
ecdsa-P-521,verify,982,8307297,448584
ecdsa-P-521,verify,983,8309834,448722
ecdsa-P-521,verify,984,8320518,449298
ecdsa-P-521,verify,985,8341574,450435
ecdsa-P-521,verify,986,8309389,448698
ecdsa-P-521,verify,987,8318463,449186
ecdsa-P-521,verify,988,8303222,448364
ecdsa-P-521,verify,989,8341685,450442
ecdsa-P-521,verify,990,8313852,448938
ecdsa-P-521,verify,991,8313852,448938
ecdsa-P-521,verify,992,8321203,449336
ecdsa-P-521,verify,993,8305130,448466
ecdsa-P-521,verify,994,8321037,449326
ecdsa-P-521,verify,995,8314130,448954
ecdsa-P-521,verify,996,8311148,448792
ecdsa-P-521,verify,997,8322852,449424
ecdsa-P-521,verify,998,8313222,448905
ecdsa-P-521,verify,999,8314185,448956
