algo,op,iter,wall_ns,cycles
ecdsa-P-256,keygen,0,29685,79426
ecdsa-P-256,keygen,1,26196,70104
ecdsa-P-256,keygen,2,25525,68312
ecdsa-P-256,keygen,3,25300,67712
ecdsa-P-256,keygen,4,25174,67372
ecdsa-P-256,keygen,5,25153,67316
ecdsa-P-256,keygen,6,25237,67548
ecdsa-P-256,keygen,7,25137,67276
ecdsa-P-256,keygen,8,25169,67366
ecdsa-P-256,keygen,9,25063,67076
ecdsa-P-256,keygen,10,25049,67038
ecdsa-P-256,keygen,11,25054,67048
ecdsa-P-256,keygen,12,25076,67110
ecdsa-P-256,keygen,13,25176,67378
ecdsa-P-256,keygen,14,28937,77454
ecdsa-P-256,keygen,15,25533,68346
ecdsa-P-256,keygen,16,25414,67692
ecdsa-P-256,keygen,17,25156,67324
ecdsa-P-256,keygen,18,25030,66984
ecdsa-P-256,keygen,19,24998,66898
ecdsa-P-256,keygen,20,25109,67198
ecdsa-P-256,keygen,21,25029,66986
ecdsa-P-256,keygen,22,25053,67046
ecdsa-P-256,keygen,23,25143,67292
ecdsa-P-256,keygen,24,25248,67570
ecdsa-P-256,keygen,25,25061,67068
ecdsa-P-256,keygen,26,25003,66916
ecdsa-P-256,keygen,27,25126,67244
ecdsa-P-256,keygen,28,25090,67148
ecdsa-P-256,keygen,29,25028,66978
ecdsa-P-256,keygen,30,25088,67138
ecdsa-P-256,keygen,31,25147,67304
ecdsa-P-256,keygen,32,25176,67382
ecdsa-P-256,keygen,33,25190,67412
ecdsa-P-256,keygen,34,25011,66934
ecdsa-P-256,keygen,35,25042,67018
ecdsa-P-256,keygen,36,25016,66952
ecdsa-P-256,keygen,37,25008,66930
ecdsa-P-256,keygen,38,25402,67990
ecdsa-P-256,keygen,39,25411,68006
ecdsa-P-256,keygen,40,25379,67918
ecdsa-P-256,keygen,41,25412,68010
ecdsa-P-256,keygen,42,25349,67838
ecdsa-P-256,keygen,43,25559,68404
ecdsa-P-256,keygen,44,25095,67160
ecdsa-P-256,keygen,45,25046,67026
ecdsa-P-256,keygen,46,25135,67266
ecdsa-P-256,keygen,47,25144,67282
ecdsa-P-256,keygen,48,25255,67588
ecdsa-P-256,keygen,49,25100,67176
ecdsa-P-256,keygen,50,25094,67160
ecdsa-P-256,keygen,51,25034,67000
ecdsa-P-256,keygen,52,30565,81726
ecdsa-P-256,keygen,53,26414,70702
ecdsa-P-256,keygen,54,25221,67502
ecdsa-P-256,keygen,55,25040,67016
ecdsa-P-256,keygen,56,25058,67062
ecdsa-P-256,keygen,57,25264,67618
ecdsa-P-256,keygen,58,25030,66988
ecdsa-P-256,keygen,59,25155,67320
ecdsa-P-256,keygen,60,25111,67202
ecdsa-P-256,keygen,61,25146,67296
ecdsa-P-256,keygen,62,25197,67430
ecdsa-P-256,keygen,63,25159,67332
ecdsa-P-256,keygen,64,25106,67188
ecdsa-P-256,keygen,65,25122,67234
ecdsa-P-256,keygen,66,25158,67332
ecdsa-P-256,keygen,67,25152,67310
ecdsa-P-256,keygen,68,25126,67240
ecdsa-P-256,keygen,69,25151,67310
ecdsa-P-256,keygen,70,25183,67400
ecdsa-P-256,keygen,71,25268,67626
ecdsa-P-256,keygen,72,25134,67268
ecdsa-P-256,keygen,73,25038,67004
ecdsa-P-256,keygen,74,25120,67230
ecdsa-P-256,keygen,75,25074,67104
ecdsa-P-256,keygen,76,25213,67478
ecdsa-P-256,keygen,77,25162,67340
ecdsa-P-256,keygen,78,25136,67270
ecdsa-P-256,keygen,79,25082,67126
ecdsa-P-256,keygen,80,25027,66978
ecdsa-P-256,keygen,81,25146,67298
ecdsa-P-256,keygen,82,25168,67358
ecdsa-P-256,keygen,83,25102,67178
ecdsa-P-256,keygen,84,25103,67182
ecdsa-P-256,keygen,85,25011,66932
ecdsa-P-256,keygen,86,25113,67210
ecdsa-P-256,keygen,87,25135,67270
ecdsa-P-256,keygen,88,25047,67034
ecdsa-P-256,keygen,89,25140,67280
ecdsa-P-256,keygen,90,28689,76788
ecdsa-P-256,keygen,91,25639,68616
ecdsa-P-256,keygen,92,25204,67450
ecdsa-P-256,keygen,93,25180,67392
ecdsa-P-256,keygen,94,25131,67256
ecdsa-P-256,keygen,95,25171,67364
ecdsa-P-256,keygen,96,25099,67172
ecdsa-P-256,keygen,97,25014,66942
ecdsa-P-256,keygen,98,25073,67100
ecdsa-P-256,keygen,99,25145,67290
ecdsa-P-256,keygen,100,25022,66964
ecdsa-P-256,keygen,101,25165,67346
ecdsa-P-256,keygen,102,25027,66976
ecdsa-P-256,keygen,103,25152,67314
ecdsa-P-256,keygen,104,25179,67382
ecdsa-P-256,keygen,105,24976,66840
ecdsa-P-256,keygen,106,25177,67384
ecdsa-P-256,keygen,107,25152,67318
ecdsa-P-256,keygen,108,25194,67424
ecdsa-P-256,keygen,109,25097,67166
ecdsa-P-256,keygen,110,25132,67262
ecdsa-P-256,keygen,111,24983,66860
ecdsa-P-256,keygen,112,25073,67104
ecdsa-P-256,keygen,113,25177,67386
ecdsa-P-256,keygen,114,25056,67058
ecdsa-P-256,keygen,115,25170,67358
ecdsa-P-256,keygen,116,25075,67108
ecdsa-P-256,keygen,117,24933,66724
ecdsa-P-256,keygen,118,25180,67390
ecdsa-P-256,keygen,119,25041,67012
ecdsa-P-256,keygen,120,28042,75082
ecdsa-P-256,keygen,121,25419,68030
ecdsa-P-256,keygen,122,25104,67186
ecdsa-P-256,keygen,123,25092,67154
ecdsa-P-256,keygen,124,25161,67340
ecdsa-P-256,keygen,125,25124,67240
ecdsa-P-256,keygen,126,25079,67118
ecdsa-P-256,keygen,127,25194,67424
ecdsa-P-256,keygen,128,29820,79856
ecdsa-P-256,keygen,129,25429,68056
ecdsa-P-256,keygen,130,25182,67174
ecdsa-P-256,keygen,131,25120,67228
ecdsa-P-256,keygen,132,25170,67362
ecdsa-P-256,keygen,133,24991,66882
ecdsa-P-256,keygen,134,25111,67206
ecdsa-P-256,keygen,135,25126,67244
ecdsa-P-256,keygen,136,24917,66684
ecdsa-P-256,keygen,137,25009,66930
ecdsa-P-256,keygen,138,25122,67236
ecdsa-P-256,keygen,139,25010,66932
ecdsa-P-256,keygen,140,25069,67094
ecdsa-P-256,keygen,141,25081,67120
ecdsa-P-256,keygen,142,25049,67036
ecdsa-P-256,keygen,143,25226,67514
ecdsa-P-256,keygen,144,25059,67066
ecdsa-P-256,keygen,145,25270,67630
ecdsa-P-256,keygen,146,25029,66984
ecdsa-P-256,keygen,147,25105,67190
ecdsa-P-256,keygen,148,25043,67022
ecdsa-P-256,keygen,149,25114,67214
ecdsa-P-256,keygen,150,25165,67350
ecdsa-P-256,keygen,151,24991,66880
ecdsa-P-256,keygen,152,25042,67018
ecdsa-P-256,keygen,153,25089,67144
ecdsa-P-256,keygen,154,25019,66960
ecdsa-P-256,keygen,155,25097,67166
ecdsa-P-256,keygen,156,25105,67188
ecdsa-P-256,keygen,157,25066,67082
ecdsa-P-256,keygen,158,24921,66690
ecdsa-P-256,keygen,159,25051,67044
ecdsa-P-256,keygen,160,25231,67526
ecdsa-P-256,keygen,161,25125,67242
ecdsa-P-256,keygen,162,25034,66994
ecdsa-P-256,keygen,163,25078,67116
ecdsa-P-256,keygen,164,25067,67086
ecdsa-P-256,keygen,165,25043,67020
ecdsa-P-256,keygen,166,28702,76824
ecdsa-P-256,keygen,167,25549,68352
ecdsa-P-256,keygen,168,25299,67488
ecdsa-P-256,keygen,169,25175,67376
ecdsa-P-256,keygen,170,25083,67122
ecdsa-P-256,keygen,171,24985,66866
ecdsa-P-256,keygen,172,25101,67174
ecdsa-P-256,keygen,173,25097,67170
ecdsa-P-256,keygen,174,25227,67512
ecdsa-P-256,keygen,175,25150,67310
ecdsa-P-256,keygen,176,25032,66992
ecdsa-P-256,keygen,177,25012,66938
ecdsa-P-256,keygen,178,25081,67124
ecdsa-P-256,keygen,179,25010,66928
ecdsa-P-256,keygen,180,25088,67142
ecdsa-P-256,keygen,181,25083,67134
ecdsa-P-256,keygen,182,25063,67072
ecdsa-P-256,keygen,183,25032,66990
ecdsa-P-256,keygen,184,25106,67188
ecdsa-P-256,keygen,185,25034,66998
ecdsa-P-256,keygen,186,24969,66824
ecdsa-P-256,keygen,187,25030,66988
ecdsa-P-256,keygen,188,25078,67114
ecdsa-P-256,keygen,189,25119,67224
ecdsa-P-256,keygen,190,25027,66982
ecdsa-P-256,keygen,191,25073,67100
ecdsa-P-256,keygen,192,25030,66988
ecdsa-P-256,keygen,193,25012,66940
ecdsa-P-256,keygen,194,25071,67098
ecdsa-P-256,keygen,195,25027,66980
ecdsa-P-256,keygen,196,25025,66970
ecdsa-P-256,keygen,197,25056,67054
ecdsa-P-256,keygen,198,25081,67126
ecdsa-P-256,keygen,199,25009,66934
ecdsa-P-256,keygen,200,25119,67226
ecdsa-P-256,keygen,201,25109,67200
ecdsa-P-256,keygen,202,24920,66692
ecdsa-P-256,keygen,203,25104,67188
ecdsa-P-256,keygen,204,29398,78694
ecdsa-P-256,keygen,205,25693,68766
ecdsa-P-256,keygen,206,25293,67694
ecdsa-P-256,keygen,207,252566,677821
ecdsa-P-256,keygen,208,41091,110326
ecdsa-P-256,keygen,209,13538,36280
ecdsa-P-256,keygen,210,12170,32648
ecdsa-P-256,keygen,211,12049,32316
ecdsa-P-256,keygen,212,11949,32052
ecdsa-P-256,keygen,213,11876,31850
ecdsa-P-256,keygen,214,11901,31918
ecdsa-P-256,keygen,215,11832,31738
ecdsa-P-256,keygen,216,11943,32038
ecdsa-P-256,keygen,217,11823,31710
ecdsa-P-256,keygen,218,11948,32048
ecdsa-P-256,keygen,219,11896,31900
ecdsa-P-256,keygen,220,11772,31568
ecdsa-P-256,keygen,221,11855,31798
ecdsa-P-256,keygen,222,11841,31764
ecdsa-P-256,keygen,223,11936,32010
ecdsa-P-256,keygen,224,11905,31934
ecdsa-P-256,keygen,225,11846,31776
ecdsa-P-256,keygen,226,11877,31856
ecdsa-P-256,keygen,227,11858,31804
ecdsa-P-256,keygen,228,11910,31946
ecdsa-P-256,keygen,229,11879,31862
ecdsa-P-256,keygen,230,11882,31874
ecdsa-P-256,keygen,231,11847,31780
ecdsa-P-256,keygen,232,11994,32174
ecdsa-P-256,keygen,233,11820,31706
ecdsa-P-256,keygen,234,11892,31896
ecdsa-P-256,keygen,235,11895,31898
ecdsa-P-256,keygen,236,11841,31714
ecdsa-P-256,keygen,237,12918,34658
ecdsa-P-256,keygen,238,11973,32122
ecdsa-P-256,keygen,239,11960,32038
ecdsa-P-256,keygen,240,11848,31784
ecdsa-P-256,keygen,241,11889,31888
ecdsa-P-256,keygen,242,11871,31794
ecdsa-P-256,keygen,243,11951,32052
ecdsa-P-256,keygen,244,11895,31898
ecdsa-P-256,keygen,245,11944,32040
ecdsa-P-256,keygen,246,11869,31838
ecdsa-P-256,keygen,247,11889,31892
ecdsa-P-256,keygen,248,11872,31848
ecdsa-P-256,keygen,249,11879,31866
ecdsa-P-256,keygen,250,11849,31784
ecdsa-P-256,keygen,251,11847,31778
ecdsa-P-256,keygen,252,11852,31794
ecdsa-P-256,keygen,253,11967,32050
ecdsa-P-256,keygen,254,11917,31966
ecdsa-P-256,keygen,255,11963,32088
ecdsa-P-256,keygen,256,11855,31792
ecdsa-P-256,keygen,257,11936,32018
ecdsa-P-256,keygen,258,15309,41084
ecdsa-P-256,keygen,259,11973,32114
ecdsa-P-256,keygen,260,11852,31784
ecdsa-P-256,keygen,261,11895,31912
ecdsa-P-256,keygen,262,11918,31966
ecdsa-P-256,keygen,263,11902,31922
ecdsa-P-256,keygen,264,11884,31878
ecdsa-P-256,keygen,265,11980,31936
ecdsa-P-256,keygen,266,11913,31954
ecdsa-P-256,keygen,267,11954,32068
ecdsa-P-256,keygen,268,11922,31980
ecdsa-P-256,keygen,269,11888,31878
ecdsa-P-256,keygen,270,11885,31874
ecdsa-P-256,keygen,271,11922,31978
ecdsa-P-256,keygen,272,11825,31718
ecdsa-P-256,keygen,273,11887,31882
ecdsa-P-256,keygen,274,11855,31800
ecdsa-P-256,keygen,275,11937,32024
ecdsa-P-256,keygen,276,11901,31924
ecdsa-P-256,keygen,277,11917,31970
ecdsa-P-256,keygen,278,11976,32126
ecdsa-P-256,keygen,279,11884,31880
ecdsa-P-256,keygen,280,11897,31914
ecdsa-P-256,keygen,281,11843,31764
ecdsa-P-256,keygen,282,11853,31796
ecdsa-P-256,keygen,283,11866,31828
ecdsa-P-256,keygen,284,11883,31876
ecdsa-P-256,keygen,285,11842,31768
ecdsa-P-256,keygen,286,11881,31872
ecdsa-P-256,keygen,287,11860,31816
ecdsa-P-256,keygen,288,11897,31916
ecdsa-P-256,keygen,289,11991,32122
ecdsa-P-256,keygen,290,11878,31860
ecdsa-P-256,keygen,291,11900,31918
ecdsa-P-256,keygen,292,11929,31998
ecdsa-P-256,keygen,293,11936,32008
ecdsa-P-256,keygen,294,11921,31978
ecdsa-P-256,keygen,295,11875,31850
ecdsa-P-256,keygen,296,11891,31896
ecdsa-P-256,keygen,297,11840,31762
ecdsa-P-256,keygen,298,11934,32006
ecdsa-P-256,keygen,299,11820,31698
ecdsa-P-256,keygen,300,11895,31910
ecdsa-P-256,keygen,301,11863,31822
ecdsa-P-256,keygen,302,11930,31998
ecdsa-P-256,keygen,303,11828,31722
ecdsa-P-256,keygen,304,11985,32140
ecdsa-P-256,keygen,305,11838,31750
ecdsa-P-256,keygen,306,11849,31782
ecdsa-P-256,keygen,307,11865,31828
ecdsa-P-256,keygen,308,11978,32126
ecdsa-P-256,keygen,309,11904,31928
ecdsa-P-256,keygen,310,11897,31914
ecdsa-P-256,keygen,311,11903,31930
ecdsa-P-256,keygen,312,11849,31782
ecdsa-P-256,keygen,313,11893,31898
ecdsa-P-256,keygen,314,11846,31776
ecdsa-P-256,keygen,315,11810,31674
ecdsa-P-256,keygen,316,11883,31870
ecdsa-P-256,keygen,317,11969,32058
ecdsa-P-256,keygen,318,11876,31856
ecdsa-P-256,keygen,319,11915,31958
ecdsa-P-256,keygen,320,11827,31714
ecdsa-P-256,keygen,321,11927,31992
ecdsa-P-256,keygen,322,11894,31902
ecdsa-P-256,keygen,323,11877,31862
ecdsa-P-256,keygen,324,11923,31984
ecdsa-P-256,keygen,325,11857,31806
ecdsa-P-256,keygen,326,11829,31732
ecdsa-P-256,keygen,327,11970,32112
ecdsa-P-256,keygen,328,11910,31908
ecdsa-P-256,keygen,329,11879,31866
ecdsa-P-256,keygen,330,11834,31742
ecdsa-P-256,keygen,331,11899,31916
ecdsa-P-256,keygen,332,11881,31870
ecdsa-P-256,keygen,333,11842,31764
ecdsa-P-256,keygen,334,11904,31892
ecdsa-P-256,keygen,335,11863,31822
ecdsa-P-256,keygen,336,11878,31860
ecdsa-P-256,keygen,337,11937,31954
ecdsa-P-256,keygen,338,11849,31784
ecdsa-P-256,keygen,339,13284,35640
ecdsa-P-256,keygen,340,11847,31772
ecdsa-P-256,keygen,341,11937,32014
ecdsa-P-256,keygen,342,11876,31856
ecdsa-P-256,keygen,343,11903,31926
ecdsa-P-256,keygen,344,11844,31768
ecdsa-P-256,keygen,345,11904,31934
ecdsa-P-256,keygen,346,11841,31760
ecdsa-P-256,keygen,347,11920,31780
ecdsa-P-256,keygen,348,12056,32334
ecdsa-P-256,keygen,349,11920,31968
ecdsa-P-256,keygen,350,11877,31858
ecdsa-P-256,keygen,351,11896,31906
ecdsa-P-256,keygen,352,11903,31930
ecdsa-P-256,keygen,353,11832,31734
ecdsa-P-256,keygen,354,11918,31970
ecdsa-P-256,keygen,355,11857,31802
ecdsa-P-256,keygen,356,11866,31826
ecdsa-P-256,keygen,357,11815,31688
ecdsa-P-256,keygen,358,11856,31802
ecdsa-P-256,keygen,359,11881,31868
ecdsa-P-256,keygen,360,11902,31924
ecdsa-P-256,keygen,361,11852,31794
ecdsa-P-256,keygen,362,11947,31996
ecdsa-P-256,keygen,363,11927,31986
ecdsa-P-256,keygen,364,11881,31866
ecdsa-P-256,keygen,365,11970,32106
ecdsa-P-256,keygen,366,11935,32006
ecdsa-P-256,keygen,367,11848,31774
ecdsa-P-256,keygen,368,11901,31874
ecdsa-P-256,keygen,369,11924,31984
ecdsa-P-256,keygen,370,11900,31908
ecdsa-P-256,keygen,371,11866,31824
ecdsa-P-256,keygen,372,11941,32030
ecdsa-P-256,keygen,373,11885,31878
ecdsa-P-256,keygen,374,11929,31998
ecdsa-P-256,keygen,375,11925,31990
ecdsa-P-256,keygen,376,11886,31884
ecdsa-P-256,keygen,377,11885,31880
ecdsa-P-256,keygen,378,11947,32044
ecdsa-P-256,keygen,379,11905,31936
ecdsa-P-256,keygen,380,11896,31906
ecdsa-P-256,keygen,381,11914,31958
ecdsa-P-256,keygen,382,11968,32104
ecdsa-P-256,keygen,383,11896,31910
ecdsa-P-256,keygen,384,11880,31868
ecdsa-P-256,keygen,385,11904,31932
ecdsa-P-256,keygen,386,11862,31816
ecdsa-P-256,keygen,387,11933,32008
ecdsa-P-256,keygen,388,11908,31942
ecdsa-P-256,keygen,389,11855,31798
ecdsa-P-256,keygen,390,11850,31784
ecdsa-P-256,keygen,391,11948,32050
ecdsa-P-256,keygen,392,11841,31762
ecdsa-P-256,keygen,393,11948,32050
ecdsa-P-256,keygen,394,11861,31818
ecdsa-P-256,keygen,395,11938,32026
ecdsa-P-256,keygen,396,11867,31830
ecdsa-P-256,keygen,397,11948,32052
ecdsa-P-256,keygen,398,11961,32084
ecdsa-P-256,keygen,399,11903,31928
ecdsa-P-256,keygen,400,11865,31828
ecdsa-P-256,keygen,401,11834,31746
ecdsa-P-256,keygen,402,11928,31996
ecdsa-P-256,keygen,403,11848,31784
ecdsa-P-256,keygen,404,11899,31920
ecdsa-P-256,keygen,405,11883,31874
ecdsa-P-256,keygen,406,11864,31826
ecdsa-P-256,keygen,407,11828,31730
ecdsa-P-256,keygen,408,11851,31790
ecdsa-P-256,keygen,409,11851,31782
ecdsa-P-256,keygen,410,11864,31782
ecdsa-P-256,keygen,411,11849,31784
ecdsa-P-256,keygen,412,11861,31820
ecdsa-P-256,keygen,413,11936,32022
ecdsa-P-256,keygen,414,11871,31842
ecdsa-P-256,keygen,415,11883,31872
ecdsa-P-256,keygen,416,11921,31976
ecdsa-P-256,keygen,417,11872,31844
ecdsa-P-256,keygen,418,12035,32242
ecdsa-P-256,keygen,419,11878,31862
ecdsa-P-256,keygen,420,11867,31832
ecdsa-P-256,keygen,421,13621,36536
ecdsa-P-256,keygen,422,11945,32040
ecdsa-P-256,keygen,423,11863,31814
ecdsa-P-256,keygen,424,11876,31850
ecdsa-P-256,keygen,425,11830,31724
ecdsa-P-256,keygen,426,11929,31952
ecdsa-P-256,keygen,427,11878,31854
ecdsa-P-256,keygen,428,12017,32036
ecdsa-P-256,keygen,429,11836,31738
ecdsa-P-256,keygen,430,11852,31782
ecdsa-P-256,keygen,431,11875,31846
ecdsa-P-256,keygen,432,11917,31918
ecdsa-P-256,keygen,433,11887,31888
ecdsa-P-256,keygen,434,11838,31744
ecdsa-P-256,keygen,435,11844,31766
ecdsa-P-256,keygen,436,11844,31760
ecdsa-P-256,keygen,437,11865,31826
ecdsa-P-256,keygen,438,11919,31968
ecdsa-P-256,keygen,439,11836,31746
ecdsa-P-256,keygen,440,11846,31778
ecdsa-P-256,keygen,441,11904,31932
ecdsa-P-256,keygen,442,11860,31810
ecdsa-P-256,keygen,443,11823,31716
ecdsa-P-256,keygen,444,11905,31932
ecdsa-P-256,keygen,445,11859,31810
ecdsa-P-256,keygen,446,11892,31888
ecdsa-P-256,keygen,447,11808,31674
ecdsa-P-256,keygen,448,11871,31842
ecdsa-P-256,keygen,449,11939,32024
ecdsa-P-256,keygen,450,11925,31988
ecdsa-P-256,keygen,451,11834,31738
ecdsa-P-256,keygen,452,11856,31800
ecdsa-P-256,keygen,453,11954,32052
ecdsa-P-256,keygen,454,11894,31904
ecdsa-P-256,keygen,455,11835,31748
ecdsa-P-256,keygen,456,11925,31986
ecdsa-P-256,keygen,457,11901,31878
ecdsa-P-256,keygen,458,11843,31768
ecdsa-P-256,keygen,459,11939,32024
ecdsa-P-256,keygen,460,11861,31812
ecdsa-P-256,keygen,461,11846,31772
ecdsa-P-256,keygen,462,11918,31966
ecdsa-P-256,keygen,463,11968,32052
ecdsa-P-256,keygen,464,11926,31984
ecdsa-P-256,keygen,465,11802,31654
ecdsa-P-256,keygen,466,11943,32034
ecdsa-P-256,keygen,467,11854,31798
ecdsa-P-256,keygen,468,11897,31918
ecdsa-P-256,keygen,469,11946,31994
ecdsa-P-256,keygen,470,11792,31632
ecdsa-P-256,keygen,471,11918,31964
ecdsa-P-256,keygen,472,11893,31902
ecdsa-P-256,keygen,473,11854,31802
ecdsa-P-256,keygen,474,11858,31810
ecdsa-P-256,keygen,475,11927,31950
ecdsa-P-256,keygen,476,11898,31886
ecdsa-P-256,keygen,477,11852,31792
ecdsa-P-256,keygen,478,11811,31684
ecdsa-P-256,keygen,479,11841,31766
ecdsa-P-256,keygen,480,11836,31748
ecdsa-P-256,keygen,481,11863,31764
ecdsa-P-256,keygen,482,11874,31850
ecdsa-P-256,keygen,483,11946,32040
ecdsa-P-256,keygen,484,11912,31954
ecdsa-P-256,keygen,485,11921,31980
ecdsa-P-256,keygen,486,11841,31766
ecdsa-P-256,keygen,487,11924,31986
ecdsa-P-256,keygen,488,11846,31776
ecdsa-P-256,keygen,489,11853,31796
ecdsa-P-256,keygen,490,11839,31758
ecdsa-P-256,keygen,491,11914,31960
ecdsa-P-256,keygen,492,11807,31672
ecdsa-P-256,keygen,493,11875,31810
ecdsa-P-256,keygen,494,11826,31720
ecdsa-P-256,keygen,495,11844,31768
ecdsa-P-256,keygen,496,11894,31906
ecdsa-P-256,keygen,497,11866,31830
ecdsa-P-256,keygen,498,11885,31878
ecdsa-P-256,keygen,499,11898,31870
ecdsa-P-256,keygen,500,11812,31682
ecdsa-P-256,keygen,501,11874,31854
ecdsa-P-256,keygen,502,13928,37328
ecdsa-P-256,keygen,503,11942,32034
ecdsa-P-256,keygen,504,11845,31770
ecdsa-P-256,keygen,505,11879,31858
ecdsa-P-256,keygen,506,11820,31708
ecdsa-P-256,keygen,507,11788,31614
ecdsa-P-256,keygen,508,11831,31730
ecdsa-P-256,keygen,509,11962,32080
ecdsa-P-256,keygen,510,11866,31822
ecdsa-P-256,keygen,511,11916,31960
ecdsa-P-256,keygen,512,11928,31996
ecdsa-P-256,keygen,513,11915,31958
ecdsa-P-256,keygen,514,11866,31830
ecdsa-P-256,keygen,515,11774,31584
ecdsa-P-256,keygen,516,11849,31784
ecdsa-P-256,keygen,517,11933,31972
ecdsa-P-256,keygen,518,11864,31832
ecdsa-P-256,keygen,519,11905,31936
ecdsa-P-256,keygen,520,11847,31778
ecdsa-P-256,keygen,521,11788,31618
ecdsa-P-256,keygen,522,11895,31906
ecdsa-P-256,keygen,523,11809,31676
ecdsa-P-256,keygen,524,11860,31816
ecdsa-P-256,keygen,525,11862,31816
ecdsa-P-256,keygen,526,11874,31852
ecdsa-P-256,keygen,527,11864,31826
ecdsa-P-256,keygen,528,11855,31802
ecdsa-P-256,keygen,529,11864,31824
ecdsa-P-256,keygen,530,11860,31812
ecdsa-P-256,keygen,531,11884,31872
ecdsa-P-256,keygen,532,11900,31920
ecdsa-P-256,keygen,533,11880,31866
ecdsa-P-256,keygen,534,11917,31970
ecdsa-P-256,keygen,535,11884,31876
ecdsa-P-256,keygen,536,11818,31700
ecdsa-P-256,keygen,537,11859,31768
ecdsa-P-256,keygen,538,11912,31948
ecdsa-P-256,keygen,539,11770,31572
ecdsa-P-256,keygen,540,11883,31826
ecdsa-P-256,keygen,541,11871,31846
ecdsa-P-256,keygen,542,11828,31728
ecdsa-P-256,keygen,543,11821,31664
ecdsa-P-256,keygen,544,11854,31798
ecdsa-P-256,keygen,545,11837,31748
ecdsa-P-256,keygen,546,11883,31876
ecdsa-P-256,keygen,547,11833,31742
ecdsa-P-256,keygen,548,11849,31782
ecdsa-P-256,keygen,549,11819,31702
ecdsa-P-256,keygen,550,11847,31774
ecdsa-P-256,keygen,551,11898,31922
ecdsa-P-256,keygen,552,11849,31792
ecdsa-P-256,keygen,553,11837,31746
ecdsa-P-256,keygen,554,11834,31748
ecdsa-P-256,keygen,555,11872,31848
ecdsa-P-256,keygen,556,11879,31868
ecdsa-P-256,keygen,557,11834,31740
ecdsa-P-256,keygen,558,11905,31890
ecdsa-P-256,keygen,559,11809,31680
ecdsa-P-256,keygen,560,11888,31888
ecdsa-P-256,keygen,561,11850,31786
ecdsa-P-256,keygen,562,11792,31632
ecdsa-P-256,keygen,563,11856,31802
ecdsa-P-256,keygen,564,11768,31568
ecdsa-P-256,keygen,565,11906,31938
ecdsa-P-256,keygen,566,11821,31712
ecdsa-P-256,keygen,567,11851,31782
ecdsa-P-256,keygen,568,11903,31932
ecdsa-P-256,keygen,569,11812,31688
ecdsa-P-256,keygen,570,11911,31946
ecdsa-P-256,keygen,571,11806,31666
ecdsa-P-256,keygen,572,11757,31530
ecdsa-P-256,keygen,573,11895,31906
ecdsa-P-256,keygen,574,11802,31656
ecdsa-P-256,keygen,575,11899,31920
ecdsa-P-256,keygen,576,11920,31974
ecdsa-P-256,keygen,577,11775,31586
ecdsa-P-256,keygen,578,11877,31862
ecdsa-P-256,keygen,579,11838,31706
ecdsa-P-256,keygen,580,11823,31718
ecdsa-P-256,keygen,581,11831,31732
ecdsa-P-256,keygen,582,11834,31702
ecdsa-P-256,keygen,583,11831,31734
ecdsa-P-256,keygen,584,13903,37296
ecdsa-P-256,keygen,585,11892,31898
ecdsa-P-256,keygen,586,11835,31746
ecdsa-P-256,keygen,587,11818,31698
ecdsa-P-256,keygen,588,11953,32058
ecdsa-P-256,keygen,589,11797,31644
ecdsa-P-256,keygen,590,11930,31804
ecdsa-P-256,keygen,591,11948,31996
ecdsa-P-256,keygen,592,11807,31670
ecdsa-P-256,keygen,593,11956,32066
ecdsa-P-256,keygen,594,11889,31846
ecdsa-P-256,keygen,595,11878,31862
ecdsa-P-256,keygen,596,11852,31792
ecdsa-P-256,keygen,597,11869,31800
ecdsa-P-256,keygen,598,11887,31884
ecdsa-P-256,keygen,599,11859,31808
ecdsa-P-256,keygen,600,11895,31856
ecdsa-P-256,keygen,601,11869,31838
ecdsa-P-256,keygen,602,11926,31988
ecdsa-P-256,keygen,603,11811,31680
ecdsa-P-256,keygen,604,11850,31790
ecdsa-P-256,keygen,605,11845,31774
ecdsa-P-256,keygen,606,11925,31988
ecdsa-P-256,keygen,607,11886,31884
ecdsa-P-256,keygen,608,11934,32016
ecdsa-P-256,keygen,609,11893,31900
ecdsa-P-256,keygen,610,11842,31764
ecdsa-P-256,keygen,611,11900,31924
ecdsa-P-256,keygen,612,11799,31608
ecdsa-P-256,keygen,613,11914,31960
ecdsa-P-256,keygen,614,11839,31754
ecdsa-P-256,keygen,615,11890,31852
ecdsa-P-256,keygen,616,11860,31812
ecdsa-P-256,keygen,617,11881,31872
ecdsa-P-256,keygen,618,11877,31818
ecdsa-P-256,keygen,619,11916,31966
ecdsa-P-256,keygen,620,11817,31698
ecdsa-P-256,keygen,621,11941,31990
ecdsa-P-256,keygen,622,11879,31864
ecdsa-P-256,keygen,623,11832,31740
ecdsa-P-256,keygen,624,11879,31824
ecdsa-P-256,keygen,625,11852,31782
ecdsa-P-256,keygen,626,11948,32048
ecdsa-P-256,keygen,627,11862,31776
ecdsa-P-256,keygen,628,11866,31830
ecdsa-P-256,keygen,629,11865,31824
ecdsa-P-256,keygen,630,11835,31706
ecdsa-P-256,keygen,631,11929,32004
ecdsa-P-256,keygen,632,11857,31806
ecdsa-P-256,keygen,633,11811,31640
ecdsa-P-256,keygen,634,11838,31752
ecdsa-P-256,keygen,635,11852,31792
ecdsa-P-256,keygen,636,11851,31740
ecdsa-P-256,keygen,637,11873,31850
ecdsa-P-256,keygen,638,11799,31652
ecdsa-P-256,keygen,639,11880,31832
ecdsa-P-256,keygen,640,11865,31824
ecdsa-P-256,keygen,641,11849,31780
ecdsa-P-256,keygen,642,11896,31870
ecdsa-P-256,keygen,643,11890,31900
ecdsa-P-256,keygen,644,11933,32012
ecdsa-P-256,keygen,645,11844,31728
ecdsa-P-256,keygen,646,11960,32082
ecdsa-P-256,keygen,647,11845,31772
ecdsa-P-256,keygen,648,11875,31852
ecdsa-P-256,keygen,649,11791,31628
ecdsa-P-256,keygen,650,11877,31860
ecdsa-P-256,keygen,651,11796,31640
ecdsa-P-256,keygen,652,11902,31924
ecdsa-P-256,keygen,653,11820,31706
ecdsa-P-256,keygen,654,11935,32016
ecdsa-P-256,keygen,655,11824,31718
ecdsa-P-256,keygen,656,11963,32094
ecdsa-P-256,keygen,657,11872,31802
ecdsa-P-256,keygen,658,11767,31564
ecdsa-P-256,keygen,659,11876,31854
ecdsa-P-256,keygen,660,11868,31790
ecdsa-P-256,keygen,661,11904,31932
ecdsa-P-256,keygen,662,11811,31682
ecdsa-P-256,keygen,663,11927,31990
ecdsa-P-256,keygen,664,11811,31674
ecdsa-P-256,keygen,665,13365,35856
ecdsa-P-256,keygen,666,11881,31870
ecdsa-P-256,keygen,667,11900,31920
ecdsa-P-256,keygen,668,11849,31784
ecdsa-P-256,keygen,669,11890,31892
ecdsa-P-256,keygen,670,11861,31818
ecdsa-P-256,keygen,671,11853,31742
ecdsa-P-256,keygen,672,11898,31720
ecdsa-P-256,keygen,673,11918,31968
ecdsa-P-256,keygen,674,11864,31822
ecdsa-P-256,keygen,675,11917,31966
ecdsa-P-256,keygen,676,11876,31854
ecdsa-P-256,keygen,677,11835,31746
ecdsa-P-256,keygen,678,11903,31926
ecdsa-P-256,keygen,679,11834,31746
ecdsa-P-256,keygen,680,11949,32052
ecdsa-P-256,keygen,681,11776,31582
ecdsa-P-256,keygen,682,11857,31810
ecdsa-P-256,keygen,683,11863,31822
ecdsa-P-256,keygen,684,11843,31762
ecdsa-P-256,keygen,685,11823,31714
ecdsa-P-256,keygen,686,11913,31912
ecdsa-P-256,keygen,687,11850,31788
ecdsa-P-256,keygen,688,11843,31768
ecdsa-P-256,keygen,689,11820,31704
ecdsa-P-256,keygen,690,11879,31862
ecdsa-P-256,keygen,691,11834,31744
ecdsa-P-256,keygen,692,11826,31722
ecdsa-P-256,keygen,693,11842,31768
ecdsa-P-256,keygen,694,11847,31780
ecdsa-P-256,keygen,695,11912,31908
ecdsa-P-256,keygen,696,11921,31974
ecdsa-P-256,keygen,697,11805,31662
ecdsa-P-256,keygen,698,11841,31762
ecdsa-P-256,keygen,699,11851,31788
ecdsa-P-256,keygen,700,11785,31612
ecdsa-P-256,keygen,701,11907,31940
ecdsa-P-256,keygen,702,11825,31722
ecdsa-P-256,keygen,703,11923,31980
ecdsa-P-256,keygen,704,11822,31710
ecdsa-P-256,keygen,705,11974,32116
ecdsa-P-256,keygen,706,11883,31872
ecdsa-P-256,keygen,707,11926,31992
ecdsa-P-256,keygen,708,11921,31930
ecdsa-P-256,keygen,709,11865,31826
ecdsa-P-256,keygen,710,11959,32080
ecdsa-P-256,keygen,711,11878,31814
ecdsa-P-256,keygen,712,11854,31794
ecdsa-P-256,keygen,713,11874,31850
ecdsa-P-256,keygen,714,11830,31690
ecdsa-P-256,keygen,715,11838,31752
ecdsa-P-256,keygen,716,11912,31952
ecdsa-P-256,keygen,717,11826,31724
ecdsa-P-256,keygen,718,11870,31838
ecdsa-P-256,keygen,719,11771,31570
ecdsa-P-256,keygen,720,11907,31944
ecdsa-P-256,keygen,721,11835,31744
ecdsa-P-256,keygen,722,11853,31792
ecdsa-P-256,keygen,723,11821,31708
ecdsa-P-256,keygen,724,11852,31792
ecdsa-P-256,keygen,725,11810,31676
ecdsa-P-256,keygen,726,11942,32032
ecdsa-P-256,keygen,727,11805,31664
ecdsa-P-256,keygen,728,11932,32004
ecdsa-P-256,keygen,729,11915,31958
ecdsa-P-256,keygen,730,11960,32078
ecdsa-P-256,keygen,731,11830,31728
ecdsa-P-256,keygen,732,11911,31948
ecdsa-P-256,keygen,733,11849,31780
ecdsa-P-256,keygen,734,11879,31862
ecdsa-P-256,keygen,735,11884,31876
ecdsa-P-256,keygen,736,11933,32014
ecdsa-P-256,keygen,737,11818,31700
ecdsa-P-256,keygen,738,11881,31868
ecdsa-P-256,keygen,739,11855,31800
ecdsa-P-256,keygen,740,11871,31840
ecdsa-P-256,keygen,741,11912,31952
ecdsa-P-256,keygen,742,11926,31994
ecdsa-P-256,keygen,743,11862,31816
ecdsa-P-256,keygen,744,11889,31892
ecdsa-P-256,keygen,745,11794,31638
ecdsa-P-256,keygen,746,12852,34476
ecdsa-P-256,keygen,747,11950,32054
ecdsa-P-256,keygen,748,11885,31880
ecdsa-P-256,keygen,749,11954,32026
ecdsa-P-256,keygen,750,11886,31882
ecdsa-P-256,keygen,751,11865,31830
ecdsa-P-256,keygen,752,11869,31840
ecdsa-P-256,keygen,753,11840,31762
ecdsa-P-256,keygen,754,11979,31952
ecdsa-P-256,keygen,755,11849,31784
ecdsa-P-256,keygen,756,11848,31782
ecdsa-P-256,keygen,757,11836,31752
ecdsa-P-256,keygen,758,11836,31752
ecdsa-P-256,keygen,759,11835,31746
ecdsa-P-256,keygen,760,11930,32002
ecdsa-P-256,keygen,761,11870,31842
ecdsa-P-256,keygen,762,11872,31846
ecdsa-P-256,keygen,763,11880,31866
ecdsa-P-256,keygen,764,11880,31870
ecdsa-P-256,keygen,765,11849,31786
ecdsa-P-256,keygen,766,11845,31768
ecdsa-P-256,keygen,767,11866,31828
ecdsa-P-256,keygen,768,11916,31962
ecdsa-P-256,keygen,769,11908,31940
ecdsa-P-256,keygen,770,11855,31798
ecdsa-P-256,keygen,771,11869,31838
ecdsa-P-256,keygen,772,11819,31694
ecdsa-P-256,keygen,773,11857,31752
ecdsa-P-256,keygen,774,11944,32036
ecdsa-P-256,keygen,775,11802,31656
ecdsa-P-256,keygen,776,11892,31858
ecdsa-P-256,keygen,777,11837,31752
ecdsa-P-256,keygen,778,11862,31820
ecdsa-P-256,keygen,779,11846,31730
ecdsa-P-256,keygen,780,11884,31874
ecdsa-P-256,keygen,781,11769,31566
ecdsa-P-256,keygen,782,11894,31862
ecdsa-P-256,keygen,783,11845,31774
ecdsa-P-256,keygen,784,11894,31892
ecdsa-P-256,keygen,785,11889,31844
ecdsa-P-256,keygen,786,11885,31884
ecdsa-P-256,keygen,787,11860,31810
ecdsa-P-256,keygen,788,11831,31732
ecdsa-P-256,keygen,789,11904,31932
ecdsa-P-256,keygen,790,11835,31744
ecdsa-P-256,keygen,791,11862,31820
ecdsa-P-256,keygen,792,11891,31900
ecdsa-P-256,keygen,793,11885,31886
ecdsa-P-256,keygen,794,11860,31816
ecdsa-P-256,keygen,795,11904,31930
ecdsa-P-256,keygen,796,11836,31748
ecdsa-P-256,keygen,797,11849,31782
ecdsa-P-256,keygen,798,11871,31844
ecdsa-P-256,keygen,799,11890,31892
ecdsa-P-256,keygen,800,11808,31672
ecdsa-P-256,keygen,801,11772,31576
ecdsa-P-256,keygen,802,11921,31976
ecdsa-P-256,keygen,803,11861,31818
ecdsa-P-256,keygen,804,11890,31892
ecdsa-P-256,keygen,805,11858,31806
ecdsa-P-256,keygen,806,11839,31760
ecdsa-P-256,keygen,807,11884,31878
ecdsa-P-256,keygen,808,11903,31928
ecdsa-P-256,keygen,809,11854,31796
ecdsa-P-256,keygen,810,11937,31970
ecdsa-P-256,keygen,811,11846,31776
ecdsa-P-256,keygen,812,11803,31662
ecdsa-P-256,keygen,813,11876,31858
ecdsa-P-256,keygen,814,11844,31772
ecdsa-P-256,keygen,815,11896,31912
ecdsa-P-256,keygen,816,11863,31822
ecdsa-P-256,keygen,817,11895,31902
ecdsa-P-256,keygen,818,11864,31822
ecdsa-P-256,keygen,819,11873,31844
ecdsa-P-256,keygen,820,11810,31680
ecdsa-P-256,keygen,821,11828,31726
ecdsa-P-256,keygen,822,12001,32186
ecdsa-P-256,keygen,823,11874,31852
ecdsa-P-256,keygen,824,11866,31826
ecdsa-P-256,keygen,825,11967,32054
ecdsa-P-256,keygen,826,11812,31682
ecdsa-P-256,keygen,827,12905,34622
ecdsa-P-256,keygen,828,11964,32092
ecdsa-P-256,keygen,829,11872,31838
ecdsa-P-256,keygen,830,11835,31740
ecdsa-P-256,keygen,831,11898,31866
ecdsa-P-256,keygen,832,11953,32066
ecdsa-P-256,keygen,833,12009,32216
ecdsa-P-256,keygen,834,11817,31648
ecdsa-P-256,keygen,835,11937,31824
ecdsa-P-256,keygen,836,11821,31708
ecdsa-P-256,keygen,837,11923,31984
ecdsa-P-256,keygen,838,11912,31954
ecdsa-P-256,keygen,839,11872,31848
ecdsa-P-256,keygen,840,11887,31842
ecdsa-P-256,keygen,841,11792,31628
ecdsa-P-256,keygen,842,11878,31856
ecdsa-P-256,keygen,843,11886,31882
ecdsa-P-256,keygen,844,11840,31756
ecdsa-P-256,keygen,845,11808,31674
ecdsa-P-256,keygen,846,11855,31792
ecdsa-P-256,keygen,847,11890,31888
ecdsa-P-256,keygen,848,11905,31932
ecdsa-P-256,keygen,849,11907,31942
ecdsa-P-256,keygen,850,11893,31902
ecdsa-P-256,keygen,851,11869,31836
ecdsa-P-256,keygen,852,11858,31808
ecdsa-P-256,keygen,853,11867,31832
ecdsa-P-256,keygen,854,11864,31826
ecdsa-P-256,keygen,855,11791,31628
ecdsa-P-256,keygen,856,11949,32054
ecdsa-P-256,keygen,857,11786,31616
ecdsa-P-256,keygen,858,11865,31826
ecdsa-P-256,keygen,859,11777,31594
ecdsa-P-256,keygen,860,11878,31858
ecdsa-P-256,keygen,861,11813,31678
ecdsa-P-256,keygen,862,11840,31760
ecdsa-P-256,keygen,863,11911,31946
ecdsa-P-256,keygen,864,11848,31782
ecdsa-P-256,keygen,865,11828,31728
ecdsa-P-256,keygen,866,11880,31866
ecdsa-P-256,keygen,867,11786,31612
ecdsa-P-256,keygen,868,11889,31890
ecdsa-P-256,keygen,869,11842,31762
ecdsa-P-256,keygen,870,11935,32014
ecdsa-P-256,keygen,871,11866,31830
ecdsa-P-256,keygen,872,11842,31766
ecdsa-P-256,keygen,873,11809,31678
ecdsa-P-256,keygen,874,11906,31936
ecdsa-P-256,keygen,875,11841,31760
ecdsa-P-256,keygen,876,11845,31772
ecdsa-P-256,keygen,877,11785,31610
ecdsa-P-256,keygen,878,11898,31920
ecdsa-P-256,keygen,879,11899,31922
ecdsa-P-256,keygen,880,11891,31904
ecdsa-P-256,keygen,881,11848,31786
ecdsa-P-256,keygen,882,11859,31812
ecdsa-P-256,keygen,883,11860,31814
ecdsa-P-256,keygen,884,11877,31858
ecdsa-P-256,keygen,885,11787,31616
ecdsa-P-256,keygen,886,11840,31762
ecdsa-P-256,keygen,887,11774,31584
ecdsa-P-256,keygen,888,11861,31816
ecdsa-P-256,keygen,889,11878,31858
ecdsa-P-256,keygen,890,11900,31920
ecdsa-P-256,keygen,891,11852,31792
ecdsa-P-256,keygen,892,11845,31770
ecdsa-P-256,keygen,893,11898,31870
ecdsa-P-256,keygen,894,11831,31732
ecdsa-P-256,keygen,895,11793,31622
ecdsa-P-256,keygen,896,11862,31810
ecdsa-P-256,keygen,897,11795,31638
ecdsa-P-256,keygen,898,11852,31792
ecdsa-P-256,keygen,899,11877,31854
ecdsa-P-256,keygen,900,11840,31760
ecdsa-P-256,keygen,901,11912,31950
ecdsa-P-256,keygen,902,11854,31786
ecdsa-P-256,keygen,903,11799,31648
ecdsa-P-256,keygen,904,11878,31860
ecdsa-P-256,keygen,905,11805,31658
ecdsa-P-256,keygen,906,11808,31674
ecdsa-P-256,keygen,907,11743,31490
ecdsa-P-256,keygen,908,11874,31854
ecdsa-P-256,keygen,909,13212,35448
ecdsa-P-256,keygen,910,11854,31752
ecdsa-P-256,keygen,911,11901,31920
ecdsa-P-256,keygen,912,11873,31844
ecdsa-P-256,keygen,913,11845,31722
ecdsa-P-256,keygen,914,11833,31738
ecdsa-P-256,keygen,915,11873,31854
ecdsa-P-256,keygen,916,11949,31814
ecdsa-P-256,keygen,917,11840,31758
ecdsa-P-256,keygen,918,11847,31780
ecdsa-P-256,keygen,919,11904,31888
ecdsa-P-256,keygen,920,12169,32644
ecdsa-P-256,keygen,921,12455,33408
ecdsa-P-256,keygen,922,13203,35424
ecdsa-P-256,keygen,923,11860,31810
ecdsa-P-256,keygen,924,11967,32102
ecdsa-P-256,keygen,925,11867,31832
ecdsa-P-256,keygen,926,11901,31922
ecdsa-P-256,keygen,927,11790,31628
ecdsa-P-256,keygen,928,11907,31894
ecdsa-P-256,keygen,929,11899,31918
ecdsa-P-256,keygen,930,11875,31850
ecdsa-P-256,keygen,931,11931,31954
ecdsa-P-256,keygen,932,11870,31838
ecdsa-P-256,keygen,933,11865,31828
ecdsa-P-256,keygen,934,11818,31698
ecdsa-P-256,keygen,935,11882,31866
ecdsa-P-256,keygen,936,11864,31822
ecdsa-P-256,keygen,937,11808,31674
ecdsa-P-256,keygen,938,11869,31836
ecdsa-P-256,keygen,939,11891,31898
ecdsa-P-256,keygen,940,11844,31770
ecdsa-P-256,keygen,941,11845,31774
ecdsa-P-256,keygen,942,11909,31900
ecdsa-P-256,keygen,943,11822,31708
ecdsa-P-256,keygen,944,11880,31866
ecdsa-P-256,keygen,945,11837,31716
ecdsa-P-256,keygen,946,11863,31822
ecdsa-P-256,keygen,947,11937,32022
ecdsa-P-256,keygen,948,11874,31806
ecdsa-P-256,keygen,949,11906,31936
ecdsa-P-256,keygen,950,11849,31786
ecdsa-P-256,keygen,951,11816,31696
ecdsa-P-256,keygen,952,11947,32048
ecdsa-P-256,keygen,953,11840,31764
ecdsa-P-256,keygen,954,11879,31860
ecdsa-P-256,keygen,955,11826,31724
ecdsa-P-256,keygen,956,11836,31744
ecdsa-P-256,keygen,957,11912,31952
ecdsa-P-256,keygen,958,11878,31862
ecdsa-P-256,keygen,959,11844,31770
ecdsa-P-256,keygen,960,11909,31946
ecdsa-P-256,keygen,961,11905,31934
ecdsa-P-256,keygen,962,11934,32008
ecdsa-P-256,keygen,963,11764,31556
ecdsa-P-256,keygen,964,11902,31926
ecdsa-P-256,keygen,965,11852,31788
ecdsa-P-256,keygen,966,11852,31790
ecdsa-P-256,keygen,967,11937,32020
ecdsa-P-256,keygen,968,11898,31906
ecdsa-P-256,keygen,969,11951,32006
ecdsa-P-256,keygen,970,11854,31798
ecdsa-P-256,keygen,971,11893,31902
ecdsa-P-256,keygen,972,11894,31902
ecdsa-P-256,keygen,973,11879,31864
ecdsa-P-256,keygen,974,11841,31760
ecdsa-P-256,keygen,975,11879,31808
ecdsa-P-256,keygen,976,11971,32106
ecdsa-P-256,keygen,977,11862,31812
ecdsa-P-256,keygen,978,11896,31912
ecdsa-P-256,keygen,979,11842,31766
ecdsa-P-256,keygen,980,11891,31894
ecdsa-P-256,keygen,981,11840,31760
ecdsa-P-256,keygen,982,11912,31952
ecdsa-P-256,keygen,983,11823,31714
ecdsa-P-256,keygen,984,11916,31964
ecdsa-P-256,keygen,985,11945,32030
ecdsa-P-256,keygen,986,11852,31788
ecdsa-P-256,keygen,987,11921,31926
ecdsa-P-256,keygen,988,11927,31986
ecdsa-P-256,keygen,989,11862,31818
ecdsa-P-256,keygen,990,12995,34818
ecdsa-P-256,keygen,991,11896,31910
ecdsa-P-256,keygen,992,11838,31754
ecdsa-P-256,keygen,993,11905,31936
ecdsa-P-256,keygen,994,11827,31722
ecdsa-P-256,keygen,995,11867,31836
ecdsa-P-256,keygen,996,11869,31834
ecdsa-P-256,keygen,997,11822,31712
ecdsa-P-256,keygen,998,12011,32028
ecdsa-P-256,keygen,999,11826,31724
ecdsa-P-256,sign,0,17199,46042
ecdsa-P-256,sign,1,16749,44918
ecdsa-P-256,sign,2,16764,44992
ecdsa-P-256,sign,3,16769,45008
ecdsa-P-256,sign,4,16739,44928
ecdsa-P-256,sign,5,16800,45092
ecdsa-P-256,sign,6,16728,44906
ecdsa-P-256,sign,7,16784,45050
ecdsa-P-256,sign,8,16638,44656
ecdsa-P-256,sign,9,16661,44720
ecdsa-P-256,sign,10,16851,45232
ecdsa-P-256,sign,11,16694,44802
ecdsa-P-256,sign,12,16781,45036
ecdsa-P-256,sign,13,16797,45088
ecdsa-P-256,sign,14,16730,44906
ecdsa-P-256,sign,15,16717,44866
ecdsa-P-256,sign,16,16790,45060
ecdsa-P-256,sign,17,16680,44766
ecdsa-P-256,sign,18,16709,44850
ecdsa-P-256,sign,19,16711,44852
ecdsa-P-256,sign,20,16706,44836
ecdsa-P-256,sign,21,16820,45148
ecdsa-P-256,sign,22,16676,44754
ecdsa-P-256,sign,23,16602,44556
ecdsa-P-256,sign,24,16805,45102
ecdsa-P-256,sign,25,16701,44822
ecdsa-P-256,sign,26,16762,44984
ecdsa-P-256,sign,27,16779,45036
ecdsa-P-256,sign,28,16734,44916
ecdsa-P-256,sign,29,16701,44826
ecdsa-P-256,sign,30,16855,45246
ecdsa-P-256,sign,31,16777,45028
ecdsa-P-256,sign,32,16733,44912
ecdsa-P-256,sign,33,16646,44676
ecdsa-P-256,sign,34,16757,44976
ecdsa-P-256,sign,35,16642,44668
ecdsa-P-256,sign,36,16723,44888
ecdsa-P-256,sign,37,16690,44796
ecdsa-P-256,sign,38,16693,44806
ecdsa-P-256,sign,39,16727,44892
ecdsa-P-256,sign,40,16615,44594
ecdsa-P-256,sign,41,16667,44736
ecdsa-P-256,sign,42,16590,44526
ecdsa-P-256,sign,43,18480,49606
ecdsa-P-256,sign,44,16647,44678
ecdsa-P-256,sign,45,16736,44922
ecdsa-P-256,sign,46,16681,44772
ecdsa-P-256,sign,47,16651,44692
ecdsa-P-256,sign,48,16690,44596
ecdsa-P-256,sign,49,16825,45158
ecdsa-P-256,sign,50,16811,45122
ecdsa-P-256,sign,51,16773,45020
ecdsa-P-256,sign,52,16734,44916
ecdsa-P-256,sign,53,16723,44886
ecdsa-P-256,sign,54,16719,44880
ecdsa-P-256,sign,55,16800,45094
ecdsa-P-256,sign,56,16690,44794
ecdsa-P-256,sign,57,16668,44732
ecdsa-P-256,sign,58,16711,44854
ecdsa-P-256,sign,59,16715,44864
ecdsa-P-256,sign,60,16710,44848
ecdsa-P-256,sign,61,16780,45038
ecdsa-P-256,sign,62,16691,44790
ecdsa-P-256,sign,63,16731,44904
ecdsa-P-256,sign,64,16687,44790
ecdsa-P-256,sign,65,16776,45024
ecdsa-P-256,sign,66,16652,44702
ecdsa-P-256,sign,67,16762,44988
ecdsa-P-256,sign,68,16794,45076
ecdsa-P-256,sign,69,16657,44704
ecdsa-P-256,sign,70,16834,45182
ecdsa-P-256,sign,71,16739,44928
ecdsa-P-256,sign,72,16730,44902
ecdsa-P-256,sign,73,16718,44872
ecdsa-P-256,sign,74,16724,44888
ecdsa-P-256,sign,75,16792,45070
ecdsa-P-256,sign,76,16835,45182
ecdsa-P-256,sign,77,16698,44812
ecdsa-P-256,sign,78,16788,45056
ecdsa-P-256,sign,79,16727,44898
ecdsa-P-256,sign,80,16679,44766
ecdsa-P-256,sign,81,16634,44646
ecdsa-P-256,sign,82,16721,44876
ecdsa-P-256,sign,83,16653,44702
ecdsa-P-256,sign,84,16612,44586
ecdsa-P-256,sign,85,16781,45040
ecdsa-P-256,sign,86,16697,44814
ecdsa-P-256,sign,87,16674,44750
ecdsa-P-256,sign,88,16794,45072
ecdsa-P-256,sign,89,16741,44932
ecdsa-P-256,sign,90,16752,44960
ecdsa-P-256,sign,91,16642,44664
ecdsa-P-256,sign,92,16615,44592
ecdsa-P-256,sign,93,16979,45570
ecdsa-P-256,sign,94,16719,44872
ecdsa-P-256,sign,95,16647,44682
ecdsa-P-256,sign,96,16661,44720
ecdsa-P-256,sign,97,16718,44870
ecdsa-P-256,sign,98,16711,44852
ecdsa-P-256,sign,99,16586,44518
ecdsa-P-256,sign,100,16845,45216
ecdsa-P-256,sign,101,16774,45018
ecdsa-P-256,sign,102,17926,48116
ecdsa-P-256,sign,103,16734,44914
ecdsa-P-256,sign,104,16646,44680
ecdsa-P-256,sign,105,16708,44850
ecdsa-P-256,sign,106,16800,45090
ecdsa-P-256,sign,107,16766,44804
ecdsa-P-256,sign,108,16715,44860
ecdsa-P-256,sign,109,16777,45028
ecdsa-P-256,sign,110,16691,44798
ecdsa-P-256,sign,111,16650,44688
ecdsa-P-256,sign,112,16730,44900
ecdsa-P-256,sign,113,16672,44746
ecdsa-P-256,sign,114,16647,44682
ecdsa-P-256,sign,115,16715,44870
ecdsa-P-256,sign,116,16643,44672
ecdsa-P-256,sign,117,16768,45002
ecdsa-P-256,sign,118,16707,44844
ecdsa-P-256,sign,119,16649,44686
ecdsa-P-256,sign,120,16643,44672
ecdsa-P-256,sign,121,16727,44892
ecdsa-P-256,sign,122,16666,44730
ecdsa-P-256,sign,123,16548,44414
ecdsa-P-256,sign,124,16670,44740
ecdsa-P-256,sign,125,16735,44920
ecdsa-P-256,sign,126,16645,44674
ecdsa-P-256,sign,127,16748,44950
ecdsa-P-256,sign,128,16632,44640
ecdsa-P-256,sign,129,16647,44686
ecdsa-P-256,sign,130,16713,44860
ecdsa-P-256,sign,131,16687,44794
ecdsa-P-256,sign,132,16776,45032
ecdsa-P-256,sign,133,16698,44822
ecdsa-P-256,sign,134,16791,45070
ecdsa-P-256,sign,135,16722,44888
ecdsa-P-256,sign,136,16772,45018
ecdsa-P-256,sign,137,16735,44920
ecdsa-P-256,sign,138,16797,45090
ecdsa-P-256,sign,139,16637,44656
ecdsa-P-256,sign,140,16722,44888
ecdsa-P-256,sign,141,16776,45034
ecdsa-P-256,sign,142,16557,44442
ecdsa-P-256,sign,143,16755,44978
ecdsa-P-256,sign,144,16645,44680
ecdsa-P-256,sign,145,16798,45088
ecdsa-P-256,sign,146,16629,44638
ecdsa-P-256,sign,147,16780,45046
ecdsa-P-256,sign,148,16595,44542
ecdsa-P-256,sign,149,16737,44890
ecdsa-P-256,sign,150,16689,44792
ecdsa-P-256,sign,151,16762,44994
ecdsa-P-256,sign,152,16597,44550
ecdsa-P-256,sign,153,16806,45116
ecdsa-P-256,sign,154,16714,44864
ecdsa-P-256,sign,155,16637,44662
ecdsa-P-256,sign,156,16715,44868
ecdsa-P-256,sign,157,16642,44672
ecdsa-P-256,sign,158,16710,44856
ecdsa-P-256,sign,159,16699,44824
ecdsa-P-256,sign,160,18168,48766
ecdsa-P-256,sign,161,16645,44670
ecdsa-P-256,sign,162,16605,44570
ecdsa-P-256,sign,163,16629,44628
ecdsa-P-256,sign,164,16689,44796
ecdsa-P-256,sign,165,16828,44976
ecdsa-P-256,sign,166,16710,44844
ecdsa-P-256,sign,167,16761,44988
ecdsa-P-256,sign,168,16631,44638
ecdsa-P-256,sign,169,16811,45084
ecdsa-P-256,sign,170,16749,44952
ecdsa-P-256,sign,171,16736,44922
ecdsa-P-256,sign,172,16722,44838
ecdsa-P-256,sign,173,16693,44802
ecdsa-P-256,sign,174,16736,44918
ecdsa-P-256,sign,175,16537,44382
ecdsa-P-256,sign,176,16801,45094
ecdsa-P-256,sign,177,16627,44592
ecdsa-P-256,sign,178,16696,44812
ecdsa-P-256,sign,179,16754,44962
ecdsa-P-256,sign,180,16851,45230
ecdsa-P-256,sign,181,16753,44930
ecdsa-P-256,sign,182,16694,44806
ecdsa-P-256,sign,183,16687,44790
ecdsa-P-256,sign,184,16664,44724
ecdsa-P-256,sign,185,16725,44892
ecdsa-P-256,sign,186,16828,45130
ecdsa-P-256,sign,187,16686,44782
ecdsa-P-256,sign,188,16699,44820
ecdsa-P-256,sign,189,16817,45134
ecdsa-P-256,sign,190,16713,44860
ecdsa-P-256,sign,191,16739,44928
ecdsa-P-256,sign,192,16740,44930
ecdsa-P-256,sign,193,16703,44834
ecdsa-P-256,sign,194,16708,44842
ecdsa-P-256,sign,195,16748,44944
ecdsa-P-256,sign,196,16696,44818
ecdsa-P-256,sign,197,16672,44748
ecdsa-P-256,sign,198,16630,44638
ecdsa-P-256,sign,199,16635,44648
ecdsa-P-256,sign,200,16780,45034
ecdsa-P-256,sign,201,16617,44604
ecdsa-P-256,sign,202,16684,44786
ecdsa-P-256,sign,203,16687,44788
ecdsa-P-256,sign,204,16841,45202
ecdsa-P-256,sign,205,16732,44910
ecdsa-P-256,sign,206,16857,45244
ecdsa-P-256,sign,207,16744,44940
ecdsa-P-256,sign,208,16674,44752
ecdsa-P-256,sign,209,16778,45032
ecdsa-P-256,sign,210,16714,44858
ecdsa-P-256,sign,211,16623,44612
ecdsa-P-256,sign,212,16647,44686
ecdsa-P-256,sign,213,16694,44802
ecdsa-P-256,sign,214,16836,45150
ecdsa-P-256,sign,215,16719,44874
ecdsa-P-256,sign,216,16675,44756
ecdsa-P-256,sign,217,16815,45134
ecdsa-P-256,sign,218,17917,48094
ecdsa-P-256,sign,219,16673,44750
ecdsa-P-256,sign,220,16720,44874
ecdsa-P-256,sign,221,16757,44976
ecdsa-P-256,sign,222,16730,44902
ecdsa-P-256,sign,223,16630,44634
ecdsa-P-256,sign,224,16816,44932
ecdsa-P-256,sign,225,16777,44988
ecdsa-P-256,sign,226,16705,44830
ecdsa-P-256,sign,227,16695,44814
ecdsa-P-256,sign,228,16662,44716
ecdsa-P-256,sign,229,16708,44842
ecdsa-P-256,sign,230,16467,44200
ecdsa-P-256,sign,231,16698,44818
ecdsa-P-256,sign,232,16529,44364
ecdsa-P-256,sign,233,16703,44830
ecdsa-P-256,sign,234,16731,44874
ecdsa-P-256,sign,235,16608,44576
ecdsa-P-256,sign,236,16752,44920
ecdsa-P-256,sign,237,16699,44820
ecdsa-P-256,sign,238,16682,44770
ecdsa-P-256,sign,239,16739,44928
ecdsa-P-256,sign,240,16743,44930
ecdsa-P-256,sign,241,16652,44694
ecdsa-P-256,sign,242,16734,44914
ecdsa-P-256,sign,243,16628,44632
ecdsa-P-256,sign,244,16725,44880
ecdsa-P-256,sign,245,16690,44800
ecdsa-P-256,sign,246,16608,44576
ecdsa-P-256,sign,247,16508,44272
ecdsa-P-256,sign,248,16780,45038
ecdsa-P-256,sign,249,16749,44954
ecdsa-P-256,sign,250,16641,44628
ecdsa-P-256,sign,251,16560,44436
ecdsa-P-256,sign,252,16697,44776
ecdsa-P-256,sign,253,16647,44678
ecdsa-P-256,sign,254,16712,44854
ecdsa-P-256,sign,255,16681,44774
ecdsa-P-256,sign,256,16845,45210
ecdsa-P-256,sign,257,16616,44600
ecdsa-P-256,sign,258,16793,45068
ecdsa-P-256,sign,259,16752,44964
ecdsa-P-256,sign,260,16814,45130
ecdsa-P-256,sign,261,16686,44784
ecdsa-P-256,sign,262,16836,45188
ecdsa-P-256,sign,263,16787,45062
ecdsa-P-256,sign,264,16691,44798
ecdsa-P-256,sign,265,16686,44784
ecdsa-P-256,sign,266,16625,44616
ecdsa-P-256,sign,267,16678,44762
ecdsa-P-256,sign,268,16636,44646
ecdsa-P-256,sign,269,16736,44922
ecdsa-P-256,sign,270,16684,44784
ecdsa-P-256,sign,271,16679,44766
ecdsa-P-256,sign,272,16710,44812
ecdsa-P-256,sign,273,16668,44732
ecdsa-P-256,sign,274,16633,44642
ecdsa-P-256,sign,275,16664,44728
ecdsa-P-256,sign,276,16641,44664
ecdsa-P-256,sign,277,17948,48176
ecdsa-P-256,sign,278,16687,44786
ecdsa-P-256,sign,279,16650,44686
ecdsa-P-256,sign,280,16607,44534
ecdsa-P-256,sign,281,16630,44638
ecdsa-P-256,sign,282,16872,45094
ecdsa-P-256,sign,283,16733,44908
ecdsa-P-256,sign,284,16708,44840
ecdsa-P-256,sign,285,16811,45122
ecdsa-P-256,sign,286,16698,44816
ecdsa-P-256,sign,287,16694,44808
ecdsa-P-256,sign,288,16669,44742
ecdsa-P-256,sign,289,16706,44842
ecdsa-P-256,sign,290,16680,44766
ecdsa-P-256,sign,291,16673,44748
ecdsa-P-256,sign,292,16622,44614
ecdsa-P-256,sign,293,16709,44848
ecdsa-P-256,sign,294,16634,44646
ecdsa-P-256,sign,295,16722,44882
ecdsa-P-256,sign,296,16496,44272
ecdsa-P-256,sign,297,16722,44880
ecdsa-P-256,sign,298,16811,45122
ecdsa-P-256,sign,299,16762,44986
ecdsa-P-256,sign,300,16675,44718
ecdsa-P-256,sign,301,16639,44664
ecdsa-P-256,sign,302,16686,44784
ecdsa-P-256,sign,303,16715,44862
ecdsa-P-256,sign,304,16715,44866
ecdsa-P-256,sign,305,16744,44940
ecdsa-P-256,sign,306,16744,44940
ecdsa-P-256,sign,307,16687,44784
ecdsa-P-256,sign,308,16751,44962
ecdsa-P-256,sign,309,16734,44910
ecdsa-P-256,sign,310,16695,44810
ecdsa-P-256,sign,311,16635,44650
ecdsa-P-256,sign,312,16675,44764
ecdsa-P-256,sign,313,16713,44858
ecdsa-P-256,sign,314,16702,44830
ecdsa-P-256,sign,315,16672,44750
ecdsa-P-256,sign,316,16732,44878
ecdsa-P-256,sign,317,16618,44606
ecdsa-P-256,sign,318,16572,44446
ecdsa-P-256,sign,319,16706,44848
ecdsa-P-256,sign,320,16661,44722
ecdsa-P-256,sign,321,16703,44834
ecdsa-P-256,sign,322,16785,45056
ecdsa-P-256,sign,323,16651,44696
ecdsa-P-256,sign,324,16604,44570
ecdsa-P-256,sign,325,16597,44552
ecdsa-P-256,sign,326,16736,44922
ecdsa-P-256,sign,327,16650,44692
ecdsa-P-256,sign,328,16676,44760
ecdsa-P-256,sign,329,16720,44882
ecdsa-P-256,sign,330,16744,44944
ecdsa-P-256,sign,331,16730,44906
ecdsa-P-256,sign,332,16776,45036
ecdsa-P-256,sign,333,16671,44748
ecdsa-P-256,sign,334,16712,44860
ecdsa-P-256,sign,335,17911,48078
ecdsa-P-256,sign,336,16697,44812
ecdsa-P-256,sign,337,16728,44898
ecdsa-P-256,sign,338,16701,44826
ecdsa-P-256,sign,339,16715,44860
ecdsa-P-256,sign,340,16861,45086
ecdsa-P-256,sign,341,16770,45010
ecdsa-P-256,sign,342,16833,45176
ecdsa-P-256,sign,343,17396,46696
ecdsa-P-256,sign,344,18260,49016
ecdsa-P-256,sign,345,16779,45034
ecdsa-P-256,sign,346,16692,44800
ecdsa-P-256,sign,347,16734,44918
ecdsa-P-256,sign,348,16672,44752
ecdsa-P-256,sign,349,16600,44552
ecdsa-P-256,sign,350,16586,44518
ecdsa-P-256,sign,351,16672,44742
ecdsa-P-256,sign,352,16755,44972
ecdsa-P-256,sign,353,16729,44900
ecdsa-P-256,sign,354,16733,44910
ecdsa-P-256,sign,355,16822,45148
ecdsa-P-256,sign,356,16597,44542
ecdsa-P-256,sign,357,16750,44956
ecdsa-P-256,sign,358,16596,44548
ecdsa-P-256,sign,359,16680,44772
ecdsa-P-256,sign,360,16735,44916
ecdsa-P-256,sign,361,16612,44590
ecdsa-P-256,sign,362,16664,44720
ecdsa-P-256,sign,363,16742,44936
ecdsa-P-256,sign,364,16660,44712
ecdsa-P-256,sign,365,16742,44936
ecdsa-P-256,sign,366,16737,44920
ecdsa-P-256,sign,367,16659,44708
ecdsa-P-256,sign,368,16637,44654
ecdsa-P-256,sign,369,16674,44752
ecdsa-P-256,sign,370,16671,44748
ecdsa-P-256,sign,371,16665,44730
ecdsa-P-256,sign,372,16689,44790
ecdsa-P-256,sign,373,16746,44944
ecdsa-P-256,sign,374,16609,44576
ecdsa-P-256,sign,375,16741,44936
ecdsa-P-256,sign,376,16733,44910
ecdsa-P-256,sign,377,16690,44800
ecdsa-P-256,sign,378,16680,44772
ecdsa-P-256,sign,379,16701,44832
ecdsa-P-256,sign,380,16752,44964
ecdsa-P-256,sign,381,16792,45070
ecdsa-P-256,sign,382,16744,44942
ecdsa-P-256,sign,383,16607,44570
ecdsa-P-256,sign,384,16668,44734
ecdsa-P-256,sign,385,16686,44784
ecdsa-P-256,sign,386,16618,44600
ecdsa-P-256,sign,387,16500,44284
ecdsa-P-256,sign,388,16662,44720
ecdsa-P-256,sign,389,16705,44836
ecdsa-P-256,sign,390,16598,44552
ecdsa-P-256,sign,391,16615,44598
ecdsa-P-256,sign,392,16659,44716
ecdsa-P-256,sign,393,16648,44682
ecdsa-P-256,sign,394,17725,47576
ecdsa-P-256,sign,395,16652,44692
ecdsa-P-256,sign,396,16680,44766
ecdsa-P-256,sign,397,16668,44734
ecdsa-P-256,sign,398,16668,44734
ecdsa-P-256,sign,399,16787,44860
ecdsa-P-256,sign,400,16788,45058
ecdsa-P-256,sign,401,16704,44828
ecdsa-P-256,sign,402,16687,44790
ecdsa-P-256,sign,403,16669,44738
ecdsa-P-256,sign,404,16532,44368
ecdsa-P-256,sign,405,16512,44316
ecdsa-P-256,sign,406,16649,44686
ecdsa-P-256,sign,407,16743,44938
ecdsa-P-256,sign,408,16678,44764
ecdsa-P-256,sign,409,16659,44712
ecdsa-P-256,sign,410,16758,44980
ecdsa-P-256,sign,411,16605,44570
ecdsa-P-256,sign,412,16677,44760
ecdsa-P-256,sign,413,16683,44778
ecdsa-P-256,sign,414,16729,44866
ecdsa-P-256,sign,415,16701,44822
ecdsa-P-256,sign,416,16753,44960
ecdsa-P-256,sign,417,16707,44838
ecdsa-P-256,sign,418,16630,44632
ecdsa-P-256,sign,419,16776,45024
ecdsa-P-256,sign,420,16673,44752
ecdsa-P-256,sign,421,16714,44856
ecdsa-P-256,sign,422,16626,44622
ecdsa-P-256,sign,423,16655,44706
ecdsa-P-256,sign,424,16583,44508
ecdsa-P-256,sign,425,16677,44760
ecdsa-P-256,sign,426,16639,44662
ecdsa-P-256,sign,427,16609,44576
ecdsa-P-256,sign,428,16638,44652
ecdsa-P-256,sign,429,16631,44602
ecdsa-P-256,sign,430,16649,44684
ecdsa-P-256,sign,431,16745,44938
ecdsa-P-256,sign,432,16652,44692
ecdsa-P-256,sign,433,16624,44620
ecdsa-P-256,sign,434,16632,44642
ecdsa-P-256,sign,435,16763,44992
ecdsa-P-256,sign,436,16673,44750
ecdsa-P-256,sign,437,16643,44664
ecdsa-P-256,sign,438,16599,44550
ecdsa-P-256,sign,439,16706,44840
ecdsa-P-256,sign,440,16641,44632
ecdsa-P-256,sign,441,16672,44748
ecdsa-P-256,sign,442,16700,44822
ecdsa-P-256,sign,443,16709,44846
ecdsa-P-256,sign,444,16635,44646
ecdsa-P-256,sign,445,16650,44688
ecdsa-P-256,sign,446,16663,44722
ecdsa-P-256,sign,447,16729,44900
ecdsa-P-256,sign,448,16689,44788
ecdsa-P-256,sign,449,16616,44596
ecdsa-P-256,sign,450,16712,44854
ecdsa-P-256,sign,451,16712,44854
ecdsa-P-256,sign,452,19389,52056
ecdsa-P-256,sign,453,16665,44730
ecdsa-P-256,sign,454,16743,44940
ecdsa-P-256,sign,455,16653,44696
ecdsa-P-256,sign,456,16734,44882
ecdsa-P-256,sign,457,16754,44966
ecdsa-P-256,sign,458,16731,44906
ecdsa-P-256,sign,459,16686,44784
ecdsa-P-256,sign,460,16667,44734
ecdsa-P-256,sign,461,16687,44782
ecdsa-P-256,sign,462,16600,44554
ecdsa-P-256,sign,463,16806,45110
ecdsa-P-256,sign,464,16718,44870
ecdsa-P-256,sign,465,16714,44864
ecdsa-P-256,sign,466,16643,44674
ecdsa-P-256,sign,467,16554,44390
ecdsa-P-256,sign,468,16683,44776
ecdsa-P-256,sign,469,16611,44586
ecdsa-P-256,sign,470,16698,44820
ecdsa-P-256,sign,471,16710,44854
ecdsa-P-256,sign,472,16780,45038
ecdsa-P-256,sign,473,16677,44760
ecdsa-P-256,sign,474,16642,44668
ecdsa-P-256,sign,475,16654,44696
ecdsa-P-256,sign,476,16710,44850
ecdsa-P-256,sign,477,16666,44728
ecdsa-P-256,sign,478,16600,44552
ecdsa-P-256,sign,479,16750,44958
ecdsa-P-256,sign,480,16794,45078
ecdsa-P-256,sign,481,16982,45584
ecdsa-P-256,sign,482,16678,44766
ecdsa-P-256,sign,483,16634,44650
ecdsa-P-256,sign,484,16622,44612
ecdsa-P-256,sign,485,16794,45072
ecdsa-P-256,sign,486,16760,44982
ecdsa-P-256,sign,487,16668,44740
ecdsa-P-256,sign,488,16850,45228
ecdsa-P-256,sign,489,16658,44708
ecdsa-P-256,sign,490,16759,44976
ecdsa-P-256,sign,491,16714,44860
ecdsa-P-256,sign,492,16666,44730
ecdsa-P-256,sign,493,16746,44908
ecdsa-P-256,sign,494,16719,44876
ecdsa-P-256,sign,495,16697,44818
ecdsa-P-256,sign,496,16681,44770
ecdsa-P-256,sign,497,16756,44972
ecdsa-P-256,sign,498,16782,45042
ecdsa-P-256,sign,499,16659,44712
ecdsa-P-256,sign,500,16816,45130
ecdsa-P-256,sign,501,16612,44586
ecdsa-P-256,sign,502,16586,44516
ecdsa-P-256,sign,503,16745,44948
ecdsa-P-256,sign,504,16622,44616
ecdsa-P-256,sign,505,16696,44814
ecdsa-P-256,sign,506,16715,44864
ecdsa-P-256,sign,507,16684,44782
ecdsa-P-256,sign,508,16615,44596
ecdsa-P-256,sign,509,16680,44770
ecdsa-P-256,sign,510,18126,48656
ecdsa-P-256,sign,511,16727,44898
ecdsa-P-256,sign,512,16823,45150
ecdsa-P-256,sign,513,16711,44854
ecdsa-P-256,sign,514,16650,44648
ecdsa-P-256,sign,515,16686,44786
ecdsa-P-256,sign,516,16824,45154
ecdsa-P-256,sign,517,16731,44906
ecdsa-P-256,sign,518,16660,44716
ecdsa-P-256,sign,519,16550,44420
ecdsa-P-256,sign,520,16807,45110
ecdsa-P-256,sign,521,16690,44792
ecdsa-P-256,sign,522,16643,44664
ecdsa-P-256,sign,523,16793,45076
ecdsa-P-256,sign,524,16573,44482
ecdsa-P-256,sign,525,16693,44802
ecdsa-P-256,sign,526,16745,44946
ecdsa-P-256,sign,527,16655,44694
ecdsa-P-256,sign,528,16674,44754
ecdsa-P-256,sign,529,16682,44770
ecdsa-P-256,sign,530,16549,44420
ecdsa-P-256,sign,531,16701,44826
ecdsa-P-256,sign,532,16726,44888
ecdsa-P-256,sign,533,16636,44646
ecdsa-P-256,sign,534,16628,44628
ecdsa-P-256,sign,535,16660,44708
ecdsa-P-256,sign,536,16757,44972
ecdsa-P-256,sign,537,16653,44698
ecdsa-P-256,sign,538,16753,44962
ecdsa-P-256,sign,539,16700,44782
ecdsa-P-256,sign,540,16743,44940
ecdsa-P-256,sign,541,16550,44422
ecdsa-P-256,sign,542,16805,45102
ecdsa-P-256,sign,543,16678,44762
ecdsa-P-256,sign,544,16766,45002
ecdsa-P-256,sign,545,16560,44444
ecdsa-P-256,sign,546,16583,44506
ecdsa-P-256,sign,547,16780,45034
ecdsa-P-256,sign,548,16703,44830
ecdsa-P-256,sign,549,16696,44818
ecdsa-P-256,sign,550,16710,44852
ecdsa-P-256,sign,551,16797,45084
ecdsa-P-256,sign,552,16715,44864
ecdsa-P-256,sign,553,16736,44916
ecdsa-P-256,sign,554,16750,44958
ecdsa-P-256,sign,555,16642,44662
ecdsa-P-256,sign,556,16624,44616
ecdsa-P-256,sign,557,16681,44772
ecdsa-P-256,sign,558,16736,44918
ecdsa-P-256,sign,559,16887,45320
ecdsa-P-256,sign,560,16818,45138
ecdsa-P-256,sign,561,16648,44640
ecdsa-P-256,sign,562,16759,44980
ecdsa-P-256,sign,563,16721,44876
ecdsa-P-256,sign,564,16668,44732
ecdsa-P-256,sign,565,16681,44770
ecdsa-P-256,sign,566,16693,44806
ecdsa-P-256,sign,567,16813,45126
ecdsa-P-256,sign,568,16716,44866
ecdsa-P-256,sign,569,18436,49480
ecdsa-P-256,sign,570,16704,44832
ecdsa-P-256,sign,571,16726,44894
ecdsa-P-256,sign,572,16759,44948
ecdsa-P-256,sign,573,16637,44654
ecdsa-P-256,sign,574,16674,44750
ecdsa-P-256,sign,575,16577,44492
ecdsa-P-256,sign,576,16653,44698
ecdsa-P-256,sign,577,16626,44586
ecdsa-P-256,sign,578,16753,44964
ecdsa-P-256,sign,579,16691,44756
ecdsa-P-256,sign,580,16665,44730
ecdsa-P-256,sign,581,16714,44862
ecdsa-P-256,sign,582,16559,44444
ecdsa-P-256,sign,583,16645,44674
ecdsa-P-256,sign,584,16701,44826
ecdsa-P-256,sign,585,16596,44542
ecdsa-P-256,sign,586,16751,44918
ecdsa-P-256,sign,587,16635,44648
ecdsa-P-256,sign,588,16634,44638
ecdsa-P-256,sign,589,16751,44958
ecdsa-P-256,sign,590,16725,44884
ecdsa-P-256,sign,591,16776,45032
ecdsa-P-256,sign,592,16588,44524
ecdsa-P-256,sign,593,16675,44754
ecdsa-P-256,sign,594,16852,45234
ecdsa-P-256,sign,595,16607,44570
ecdsa-P-256,sign,596,16748,44954
ecdsa-P-256,sign,597,16657,44668
ecdsa-P-256,sign,598,16822,45154
ecdsa-P-256,sign,599,16735,44916
ecdsa-P-256,sign,600,16648,44682
ecdsa-P-256,sign,601,16750,44960
ecdsa-P-256,sign,602,16580,44498
ecdsa-P-256,sign,603,16679,44728
ecdsa-P-256,sign,604,16640,44662
ecdsa-P-256,sign,605,16714,44862
ecdsa-P-256,sign,606,16741,44930
ecdsa-P-256,sign,607,16821,45142
ecdsa-P-256,sign,608,16641,44664
ecdsa-P-256,sign,609,16695,44810
ecdsa-P-256,sign,610,16663,44726
ecdsa-P-256,sign,611,16558,44442
ecdsa-P-256,sign,612,16802,45090
ecdsa-P-256,sign,613,16613,44584
ecdsa-P-256,sign,614,16585,44514
ecdsa-P-256,sign,615,16552,44422
ecdsa-P-256,sign,616,16766,45000
ecdsa-P-256,sign,617,16635,44650
ecdsa-P-256,sign,618,16731,44908
ecdsa-P-256,sign,619,16661,44716
ecdsa-P-256,sign,620,16631,44642
ecdsa-P-256,sign,621,16617,44602
ecdsa-P-256,sign,622,16677,44726
ecdsa-P-256,sign,623,16625,44620
ecdsa-P-256,sign,624,16918,45414
ecdsa-P-256,sign,625,16669,44742
ecdsa-P-256,sign,626,16694,44804
ecdsa-P-256,sign,627,17759,47668
ecdsa-P-256,sign,628,16652,44694
ecdsa-P-256,sign,629,16767,45004
ecdsa-P-256,sign,630,16672,44744
ecdsa-P-256,sign,631,16704,44834
ecdsa-P-256,sign,632,16689,44798
ecdsa-P-256,sign,633,16723,44884
ecdsa-P-256,sign,634,16706,44838
ecdsa-P-256,sign,635,16637,44650
ecdsa-P-256,sign,636,16622,44610
ecdsa-P-256,sign,637,16778,45032
ecdsa-P-256,sign,638,16662,44718
ecdsa-P-256,sign,639,16725,44890
ecdsa-P-256,sign,640,16728,44896
ecdsa-P-256,sign,641,16708,44848
ecdsa-P-256,sign,642,16772,45018
ecdsa-P-256,sign,643,16748,44956
ecdsa-P-256,sign,644,16643,44670
ecdsa-P-256,sign,645,16662,44720
ecdsa-P-256,sign,646,16690,44798
ecdsa-P-256,sign,647,16732,44910
ecdsa-P-256,sign,648,16676,44762
ecdsa-P-256,sign,649,16683,44774
ecdsa-P-256,sign,650,16791,45066
ecdsa-P-256,sign,651,16737,44916
ecdsa-P-256,sign,652,16762,44992
ecdsa-P-256,sign,653,16663,44724
ecdsa-P-256,sign,654,16673,44746
ecdsa-P-256,sign,655,16780,45040
ecdsa-P-256,sign,656,16663,44728
ecdsa-P-256,sign,657,16714,44856
ecdsa-P-256,sign,658,16803,45098
ecdsa-P-256,sign,659,16671,44744
ecdsa-P-256,sign,660,16680,44770
ecdsa-P-256,sign,661,16657,44704
ecdsa-P-256,sign,662,16820,45140
ecdsa-P-256,sign,663,16741,44936
ecdsa-P-256,sign,664,16768,45006
ecdsa-P-256,sign,665,16509,44308
ecdsa-P-256,sign,666,16689,44790
ecdsa-P-256,sign,667,16739,44922
ecdsa-P-256,sign,668,16739,44926
ecdsa-P-256,sign,669,16773,45020
ecdsa-P-256,sign,670,16702,44828
ecdsa-P-256,sign,671,16785,45050
ecdsa-P-256,sign,672,16739,44932
ecdsa-P-256,sign,673,16716,44864
ecdsa-P-256,sign,674,16660,44712
ecdsa-P-256,sign,675,16621,44610
ecdsa-P-256,sign,676,16663,44718
ecdsa-P-256,sign,677,16635,44646
ecdsa-P-256,sign,678,16583,44510
ecdsa-P-256,sign,679,16658,44704
ecdsa-P-256,sign,680,16792,45076
ecdsa-P-256,sign,681,16753,44968
ecdsa-P-256,sign,682,16862,45254
ecdsa-P-256,sign,683,16727,44896
ecdsa-P-256,sign,684,16742,44936
ecdsa-P-256,sign,685,16658,44708
ecdsa-P-256,sign,686,18116,48628
ecdsa-P-256,sign,687,16764,45000
ecdsa-P-256,sign,688,16715,44864
ecdsa-P-256,sign,689,16774,44986
ecdsa-P-256,sign,690,16698,44812
ecdsa-P-256,sign,691,16817,45136
ecdsa-P-256,sign,692,16829,45138
ecdsa-P-256,sign,693,16729,44904
ecdsa-P-256,sign,694,16813,45130
ecdsa-P-256,sign,695,16732,44912
ecdsa-P-256,sign,696,16643,44668
ecdsa-P-256,sign,697,16614,44592
ecdsa-P-256,sign,698,16665,44730
ecdsa-P-256,sign,699,16655,44706
ecdsa-P-256,sign,700,16713,44856
ecdsa-P-256,sign,701,16515,44326
ecdsa-P-256,sign,702,16758,44978
ecdsa-P-256,sign,703,16667,44734
ecdsa-P-256,sign,704,16684,44778
ecdsa-P-256,sign,705,16925,45428
ecdsa-P-256,sign,706,16655,44702
ecdsa-P-256,sign,707,16668,44732
ecdsa-P-256,sign,708,16767,44998
ecdsa-P-256,sign,709,16727,44856
ecdsa-P-256,sign,710,16688,44792
ecdsa-P-256,sign,711,16763,44988
ecdsa-P-256,sign,712,16611,44588
ecdsa-P-256,sign,713,16700,44822
ecdsa-P-256,sign,714,16637,44658
ecdsa-P-256,sign,715,16728,44904
ecdsa-P-256,sign,716,16632,44644
ecdsa-P-256,sign,717,16664,44730
ecdsa-P-256,sign,718,16737,44924
ecdsa-P-256,sign,719,16625,44628
ecdsa-P-256,sign,720,16731,44910
ecdsa-P-256,sign,721,16757,44974
ecdsa-P-256,sign,722,16690,44798
ecdsa-P-256,sign,723,16742,44934
ecdsa-P-256,sign,724,16784,45046
ecdsa-P-256,sign,725,16667,44732
ecdsa-P-256,sign,726,16701,44826
ecdsa-P-256,sign,727,16734,44912
ecdsa-P-256,sign,728,16800,45090
ecdsa-P-256,sign,729,16822,45148
ecdsa-P-256,sign,730,16642,44666
ecdsa-P-256,sign,731,16648,44686
ecdsa-P-256,sign,732,16798,45080
ecdsa-P-256,sign,733,16643,44670
ecdsa-P-256,sign,734,16641,44630
ecdsa-P-256,sign,735,16709,44842
ecdsa-P-256,sign,736,16742,44936
ecdsa-P-256,sign,737,16701,44818
ecdsa-P-256,sign,738,16624,44622
ecdsa-P-256,sign,739,16643,44672
ecdsa-P-256,sign,740,16639,44658
ecdsa-P-256,sign,741,16633,44638
ecdsa-P-256,sign,742,16805,45106
ecdsa-P-256,sign,743,16691,44796
ecdsa-P-256,sign,744,18114,48596
ecdsa-P-256,sign,745,16605,44566
ecdsa-P-256,sign,746,16633,44648
ecdsa-P-256,sign,747,16720,44872
ecdsa-P-256,sign,748,16845,45214
ecdsa-P-256,sign,749,16679,44766
ecdsa-P-256,sign,750,16740,44926
ecdsa-P-256,sign,751,16715,44866
ecdsa-P-256,sign,752,16651,44688
ecdsa-P-256,sign,753,16765,44996
ecdsa-P-256,sign,754,16536,44380
ecdsa-P-256,sign,755,16641,44662
ecdsa-P-256,sign,756,16723,44886
ecdsa-P-256,sign,757,16709,44850
ecdsa-P-256,sign,758,16859,45254
ecdsa-P-256,sign,759,16747,44946
ecdsa-P-256,sign,760,16651,44688
ecdsa-P-256,sign,761,16595,44536
ecdsa-P-256,sign,762,16759,44978
ecdsa-P-256,sign,763,16595,44538
ecdsa-P-256,sign,764,16647,44678
ecdsa-P-256,sign,765,16689,44800
ecdsa-P-256,sign,766,16699,44820
ecdsa-P-256,sign,767,16586,44522
ecdsa-P-256,sign,768,16690,44798
ecdsa-P-256,sign,769,16603,44564
ecdsa-P-256,sign,770,16705,44838
ecdsa-P-256,sign,771,16677,44760
ecdsa-P-256,sign,772,16635,44648
ecdsa-P-256,sign,773,16685,44784
ecdsa-P-256,sign,774,16668,44738
ecdsa-P-256,sign,775,16630,44630
ecdsa-P-256,sign,776,16792,45066
ecdsa-P-256,sign,777,16696,44812
ecdsa-P-256,sign,778,16693,44800
ecdsa-P-256,sign,779,16715,44862
ecdsa-P-256,sign,780,16802,45098
ecdsa-P-256,sign,781,16686,44786
ecdsa-P-256,sign,782,16683,44772
ecdsa-P-256,sign,783,16678,44766
ecdsa-P-256,sign,784,16798,45048
ecdsa-P-256,sign,785,16655,44698
ecdsa-P-256,sign,786,16811,45118
ecdsa-P-256,sign,787,16610,44578
ecdsa-P-256,sign,788,16646,44678
ecdsa-P-256,sign,789,16774,44980
ecdsa-P-256,sign,790,16725,44892
ecdsa-P-256,sign,791,16563,44456
ecdsa-P-256,sign,792,16669,44738
ecdsa-P-256,sign,793,16687,44784
ecdsa-P-256,sign,794,16674,44754
ecdsa-P-256,sign,795,16666,44732
ecdsa-P-256,sign,796,16594,44542
ecdsa-P-256,sign,797,16687,44786
ecdsa-P-256,sign,798,16755,44972
ecdsa-P-256,sign,799,16646,44680
ecdsa-P-256,sign,800,16757,44972
ecdsa-P-256,sign,801,16745,44948
ecdsa-P-256,sign,802,16719,44842
ecdsa-P-256,sign,803,17990,48294
ecdsa-P-256,sign,804,16677,44762
ecdsa-P-256,sign,805,16688,44790
ecdsa-P-256,sign,806,16791,45064
ecdsa-P-256,sign,807,16713,44858
ecdsa-P-256,sign,808,16805,45106
ecdsa-P-256,sign,809,16589,44488
ecdsa-P-256,sign,810,16634,44642
ecdsa-P-256,sign,811,16730,44902
ecdsa-P-256,sign,812,16702,44826
ecdsa-P-256,sign,813,16694,44804
ecdsa-P-256,sign,814,16682,44778
ecdsa-P-256,sign,815,16731,44900
ecdsa-P-256,sign,816,16583,44508
ecdsa-P-256,sign,817,16640,44662
ecdsa-P-256,sign,818,16646,44678
ecdsa-P-256,sign,819,16675,44756
ecdsa-P-256,sign,820,16670,44742
ecdsa-P-256,sign,821,16583,44506
ecdsa-P-256,sign,822,16718,44872
ecdsa-P-256,sign,823,16679,44728
ecdsa-P-256,sign,824,16674,44752
ecdsa-P-256,sign,825,16698,44816
ecdsa-P-256,sign,826,16623,44616
ecdsa-P-256,sign,827,16608,44578
ecdsa-P-256,sign,828,16795,45078
ecdsa-P-256,sign,829,16710,44820
ecdsa-P-256,sign,830,16642,44670
ecdsa-P-256,sign,831,16764,44992
ecdsa-P-256,sign,832,16641,44662
ecdsa-P-256,sign,833,16665,44728
ecdsa-P-256,sign,834,16683,44778
ecdsa-P-256,sign,835,16626,44622
ecdsa-P-256,sign,836,16606,44572
ecdsa-P-256,sign,837,16744,44936
ecdsa-P-256,sign,838,16697,44812
ecdsa-P-256,sign,839,16715,44856
ecdsa-P-256,sign,840,16656,44702
ecdsa-P-256,sign,841,16691,44798
ecdsa-P-256,sign,842,16732,44904
ecdsa-P-256,sign,843,16549,44414
ecdsa-P-256,sign,844,16670,44742
ecdsa-P-256,sign,845,16625,44622
ecdsa-P-256,sign,846,16544,44404
ecdsa-P-256,sign,847,16636,44648
ecdsa-P-256,sign,848,16702,44828
ecdsa-P-256,sign,849,16672,44752
ecdsa-P-256,sign,850,16658,44710
ecdsa-P-256,sign,851,16659,44712
ecdsa-P-256,sign,852,16766,45002
ecdsa-P-256,sign,853,16743,44936
ecdsa-P-256,sign,854,16728,44898
ecdsa-P-256,sign,855,16637,44616
ecdsa-P-256,sign,856,16838,45190
ecdsa-P-256,sign,857,16674,44752
ecdsa-P-256,sign,858,16743,44942
ecdsa-P-256,sign,859,16663,44718
ecdsa-P-256,sign,860,16666,44692
ecdsa-P-256,sign,861,17801,47782
ecdsa-P-256,sign,862,16649,44684
ecdsa-P-256,sign,863,16749,44928
ecdsa-P-256,sign,864,16688,44792
ecdsa-P-256,sign,865,16768,45010
ecdsa-P-256,sign,866,16669,44744
ecdsa-P-256,sign,867,16761,44986
ecdsa-P-256,sign,868,16749,44956
ecdsa-P-256,sign,869,16766,44998
ecdsa-P-256,sign,870,16812,45118
ecdsa-P-256,sign,871,16658,44708
ecdsa-P-256,sign,872,16676,44754
ecdsa-P-256,sign,873,16639,44660
ecdsa-P-256,sign,874,16698,44814
ecdsa-P-256,sign,875,16744,44936
ecdsa-P-256,sign,876,16711,44854
ecdsa-P-256,sign,877,16633,44642
ecdsa-P-256,sign,878,16620,44610
ecdsa-P-256,sign,879,16655,44698
ecdsa-P-256,sign,880,16672,44746
ecdsa-P-256,sign,881,16667,44736
ecdsa-P-256,sign,882,16676,44754
ecdsa-P-256,sign,883,16724,44886
ecdsa-P-256,sign,884,16713,44858
ecdsa-P-256,sign,885,16680,44766
ecdsa-P-256,sign,886,16747,44948
ecdsa-P-256,sign,887,16618,44600
ecdsa-P-256,sign,888,16698,44816
ecdsa-P-256,sign,889,16639,44654
ecdsa-P-256,sign,890,16582,44506
ecdsa-P-256,sign,891,16666,44734
ecdsa-P-256,sign,892,16611,44584
ecdsa-P-256,sign,893,16759,44972
ecdsa-P-256,sign,894,16733,44908
ecdsa-P-256,sign,895,16650,44684
ecdsa-P-256,sign,896,16700,44822
ecdsa-P-256,sign,897,16634,44642
ecdsa-P-256,sign,898,16566,44458
ecdsa-P-256,sign,899,16667,44734
ecdsa-P-256,sign,900,16708,44842
ecdsa-P-256,sign,901,16662,44720
ecdsa-P-256,sign,902,16678,44766
ecdsa-P-256,sign,903,16643,44672
ecdsa-P-256,sign,904,16719,44876
ecdsa-P-256,sign,905,16677,44758
ecdsa-P-256,sign,906,16605,44568
ecdsa-P-256,sign,907,16617,44596
ecdsa-P-256,sign,908,16721,44884
ecdsa-P-256,sign,909,16645,44670
ecdsa-P-256,sign,910,16649,44686
ecdsa-P-256,sign,911,16645,44674
ecdsa-P-256,sign,912,16625,44620
ecdsa-P-256,sign,913,16615,44596
ecdsa-P-256,sign,914,16664,44724
ecdsa-P-256,sign,915,16566,44464
ecdsa-P-256,sign,916,16738,44926
ecdsa-P-256,sign,917,16745,44940
ecdsa-P-256,sign,918,16673,44710
ecdsa-P-256,sign,919,16629,44630
ecdsa-P-256,sign,920,18460,49544
ecdsa-P-256,sign,921,16693,44806
ecdsa-P-256,sign,922,16675,44760
ecdsa-P-256,sign,923,16655,44708
ecdsa-P-256,sign,924,16686,44786
ecdsa-P-256,sign,925,16806,45104
ecdsa-P-256,sign,926,16724,44886
ecdsa-P-256,sign,927,16619,44602
ecdsa-P-256,sign,928,16715,44862
ecdsa-P-256,sign,929,16753,44968
ecdsa-P-256,sign,930,16682,44740
ecdsa-P-256,sign,931,16639,44658
ecdsa-P-256,sign,932,16767,45006
ecdsa-P-256,sign,933,16689,44792
ecdsa-P-256,sign,934,16666,44728
ecdsa-P-256,sign,935,16706,44840
ecdsa-P-256,sign,936,16590,44526
ecdsa-P-256,sign,937,16758,44976
ecdsa-P-256,sign,938,16685,44788
ecdsa-P-256,sign,939,16693,44804
ecdsa-P-256,sign,940,16664,44724
ecdsa-P-256,sign,941,16911,45386
ecdsa-P-256,sign,942,16720,44876
ecdsa-P-256,sign,943,16616,44598
ecdsa-P-256,sign,944,16643,44670
ecdsa-P-256,sign,945,16645,44670
ecdsa-P-256,sign,946,16478,44224
ecdsa-P-256,sign,947,16669,44698
ecdsa-P-256,sign,948,16698,44814
ecdsa-P-256,sign,949,16594,44540
ecdsa-P-256,sign,950,16529,44364
ecdsa-P-256,sign,951,16654,44696
ecdsa-P-256,sign,952,16599,44550
ecdsa-P-256,sign,953,16789,45056
ecdsa-P-256,sign,954,16640,44620
ecdsa-P-256,sign,955,16722,44880
ecdsa-P-256,sign,956,16734,44916
ecdsa-P-256,sign,957,16751,44958
ecdsa-P-256,sign,958,16702,44832
ecdsa-P-256,sign,959,16819,45144
ecdsa-P-256,sign,960,16555,44430
ecdsa-P-256,sign,961,16719,44876
ecdsa-P-256,sign,962,16682,44780
ecdsa-P-256,sign,963,16686,44756
ecdsa-P-256,sign,964,16633,44648
ecdsa-P-256,sign,965,16692,44804
ecdsa-P-256,sign,966,16631,44644
ecdsa-P-256,sign,967,16644,44676
ecdsa-P-256,sign,968,16680,44772
ecdsa-P-256,sign,969,16716,44872
ecdsa-P-256,sign,970,16667,44740
ecdsa-P-256,sign,971,16674,44756
ecdsa-P-256,sign,972,16623,44620
ecdsa-P-256,sign,973,16668,44740
ecdsa-P-256,sign,974,16733,44916
ecdsa-P-256,sign,975,16518,44338
ecdsa-P-256,sign,976,16649,44690
ecdsa-P-256,sign,977,16599,44554
ecdsa-P-256,sign,978,17995,48306
ecdsa-P-256,sign,979,16747,44954
ecdsa-P-256,sign,980,16677,44764
ecdsa-P-256,sign,981,16628,44636
ecdsa-P-256,sign,982,16673,44754
ecdsa-P-256,sign,983,16663,44730
ecdsa-P-256,sign,984,16656,44706
ecdsa-P-256,sign,985,16697,44818
ecdsa-P-256,sign,986,16653,44700
ecdsa-P-256,sign,987,16659,44718
ecdsa-P-256,sign,988,16694,44810
ecdsa-P-256,sign,989,16678,44768
ecdsa-P-256,sign,990,16622,44620
ecdsa-P-256,sign,991,16657,44712
ecdsa-P-256,sign,992,16701,44830
ecdsa-P-256,sign,993,16782,45048
ecdsa-P-256,sign,994,16629,44636
ecdsa-P-256,sign,995,16671,44750
ecdsa-P-256,sign,996,16720,44880
ecdsa-P-256,sign,997,16607,44580
ecdsa-P-256,sign,998,16612,44590
ecdsa-P-256,sign,999,16616,44604
ecdsa-P-256,verify,0,52668,141474
ecdsa-P-256,verify,1,54718,147018
ecdsa-P-256,verify,2,52450,140920
ecdsa-P-256,verify,3,52340,140630
ecdsa-P-256,verify,4,52354,140634
ecdsa-P-256,verify,5,52479,141002
ecdsa-P-256,verify,6,52438,140892
ecdsa-P-256,verify,7,52398,140784
ecdsa-P-256,verify,8,52434,140878
ecdsa-P-256,verify,9,52381,140740
ecdsa-P-256,verify,10,52472,140984
ecdsa-P-256,verify,11,52416,140830
ecdsa-P-256,verify,12,52351,140654
ecdsa-P-256,verify,13,52337,140618
ecdsa-P-256,verify,14,52404,140798
ecdsa-P-256,verify,15,52331,140604
ecdsa-P-256,verify,16,52300,140518
ecdsa-P-256,verify,17,53551,143884
ecdsa-P-256,verify,18,52433,140878
ecdsa-P-256,verify,19,52327,140588
ecdsa-P-256,verify,20,52388,140756
ecdsa-P-256,verify,21,52468,140972
ecdsa-P-256,verify,22,52320,140574
ecdsa-P-256,verify,23,52436,140886
ecdsa-P-256,verify,24,52328,140598
ecdsa-P-256,verify,25,52427,140856
ecdsa-P-256,verify,26,52300,140518
ecdsa-P-256,verify,27,52306,140538
ecdsa-P-256,verify,28,52300,140522
ecdsa-P-256,verify,29,52418,140834
ecdsa-P-256,verify,30,52323,140578
ecdsa-P-256,verify,31,52389,140758
ecdsa-P-256,verify,32,52385,140748
ecdsa-P-256,verify,33,52439,140892
ecdsa-P-256,verify,34,52366,140700
ecdsa-P-256,verify,35,52418,140832
ecdsa-P-256,verify,36,53585,143966
ecdsa-P-256,verify,37,52146,140104
ecdsa-P-256,verify,38,52123,140042
ecdsa-P-256,verify,39,52277,140458
ecdsa-P-256,verify,40,52252,140392
ecdsa-P-256,verify,41,52190,140224
ecdsa-P-256,verify,42,52076,139916
ecdsa-P-256,verify,43,52133,140070
ecdsa-P-256,verify,44,52196,140244
ecdsa-P-256,verify,45,52212,140284
ecdsa-P-256,verify,46,52130,140068
ecdsa-P-256,verify,47,52167,140164
ecdsa-P-256,verify,48,52180,140200
ecdsa-P-256,verify,49,52098,139978
ecdsa-P-256,verify,50,52185,140210
ecdsa-P-256,verify,51,51992,139690
ecdsa-P-256,verify,52,52144,140102
ecdsa-P-256,verify,53,52450,140920
ecdsa-P-256,verify,54,52607,141344
ecdsa-P-256,verify,55,53691,144258
ecdsa-P-256,verify,56,52443,140906
ecdsa-P-256,verify,57,52463,140956
ecdsa-P-256,verify,58,52363,140686
ecdsa-P-256,verify,59,52443,140902
ecdsa-P-256,verify,60,52509,141078
ecdsa-P-256,verify,61,52385,140744
ecdsa-P-256,verify,62,52614,141364
ecdsa-P-256,verify,63,52523,141118
ecdsa-P-256,verify,64,52557,141208
ecdsa-P-256,verify,65,52361,140682
ecdsa-P-256,verify,66,52365,140692
ecdsa-P-256,verify,67,52406,140806
ecdsa-P-256,verify,68,52508,141076
ecdsa-P-256,verify,69,52481,141006
ecdsa-P-256,verify,70,52398,140784
ecdsa-P-256,verify,71,52475,140990
ecdsa-P-256,verify,72,52654,141470
ecdsa-P-256,verify,73,52319,140572
ecdsa-P-256,verify,74,54381,146110
ecdsa-P-256,verify,75,52489,141030
ecdsa-P-256,verify,76,53183,142894
ecdsa-P-256,verify,77,54031,145172
ecdsa-P-256,verify,78,52559,141214
ecdsa-P-256,verify,79,52456,140944
ecdsa-P-256,verify,80,52497,141050
ecdsa-P-256,verify,81,52544,141176
ecdsa-P-256,verify,82,52720,141648
ecdsa-P-256,verify,83,52451,140924
ecdsa-P-256,verify,84,52591,141302
ecdsa-P-256,verify,85,52613,141358
ecdsa-P-256,verify,86,52472,140982
ecdsa-P-256,verify,87,52626,141396
ecdsa-P-256,verify,88,52384,140744
ecdsa-P-256,verify,89,52522,141116
ecdsa-P-256,verify,90,52576,141266
ecdsa-P-256,verify,91,52490,141028
ecdsa-P-256,verify,92,52607,141340
ecdsa-P-256,verify,93,53766,144448
ecdsa-P-256,verify,94,52291,140492
ecdsa-P-256,verify,95,52389,140756
ecdsa-P-256,verify,96,52405,140798
ecdsa-P-256,verify,97,52530,141132
ecdsa-P-256,verify,98,52305,140532
ecdsa-P-256,verify,99,52344,140636
ecdsa-P-256,verify,100,52272,140436
ecdsa-P-256,verify,101,52237,140344
ecdsa-P-256,verify,102,52206,140264
ecdsa-P-256,verify,103,52360,140678
ecdsa-P-256,verify,104,52374,140716
ecdsa-P-256,verify,105,52296,140504
ecdsa-P-256,verify,106,52307,140536
ecdsa-P-256,verify,107,52386,140744
ecdsa-P-256,verify,108,52228,140324
ecdsa-P-256,verify,109,52285,140476
ecdsa-P-256,verify,110,52267,140422
ecdsa-P-256,verify,111,52188,140216
ecdsa-P-256,verify,112,54047,145204
ecdsa-P-256,verify,113,52588,141296
ecdsa-P-256,verify,114,52543,141174
ecdsa-P-256,verify,115,52564,141232
ecdsa-P-256,verify,116,52659,141480
ecdsa-P-256,verify,117,52432,140876
ecdsa-P-256,verify,118,52635,141418
ecdsa-P-256,verify,119,52672,141516
ecdsa-P-256,verify,120,52522,141116
ecdsa-P-256,verify,121,52473,140984
ecdsa-P-256,verify,122,52671,141512
ecdsa-P-256,verify,123,54185,145586
ecdsa-P-256,verify,124,54990,147744
ecdsa-P-256,verify,125,52566,141232
ecdsa-P-256,verify,126,52623,141384
ecdsa-P-256,verify,127,52576,141262
ecdsa-P-256,verify,128,52434,140880
ecdsa-P-256,verify,129,52652,141464
ecdsa-P-256,verify,130,54787,147202
ecdsa-P-256,verify,131,52199,140248
ecdsa-P-256,verify,132,52258,140408
ecdsa-P-256,verify,133,52146,140110
ecdsa-P-256,verify,134,52194,140238
ecdsa-P-256,verify,135,52288,140492
ecdsa-P-256,verify,136,52116,140026
ecdsa-P-256,verify,137,52280,140468
ecdsa-P-256,verify,138,52315,140558
ecdsa-P-256,verify,139,52219,140300
ecdsa-P-256,verify,140,52071,139904
ecdsa-P-256,verify,141,52210,140276
ecdsa-P-256,verify,142,52154,140132
ecdsa-P-256,verify,143,52209,140276
ecdsa-P-256,verify,144,52168,140166
ecdsa-P-256,verify,145,52632,141414
ecdsa-P-256,verify,146,52173,140178
ecdsa-P-256,verify,147,52171,140172
ecdsa-P-256,verify,148,52243,140368
ecdsa-P-256,verify,149,53618,144062
ecdsa-P-256,verify,150,52130,140064
ecdsa-P-256,verify,151,52141,140092
ecdsa-P-256,verify,152,54565,146610
ecdsa-P-256,verify,153,52333,140610
ecdsa-P-256,verify,154,52190,140224
ecdsa-P-256,verify,155,52197,140242
ecdsa-P-256,verify,156,52438,140890
ecdsa-P-256,verify,157,52200,140254
ecdsa-P-256,verify,158,52253,140392
ecdsa-P-256,verify,159,52181,140198
ecdsa-P-256,verify,160,51998,139714
ecdsa-P-256,verify,161,52336,140616
ecdsa-P-256,verify,162,52178,140192
ecdsa-P-256,verify,163,52187,140212
ecdsa-P-256,verify,164,52208,140274
ecdsa-P-256,verify,165,52269,140438
ecdsa-P-256,verify,166,52225,140314
ecdsa-P-256,verify,167,52143,140102
ecdsa-P-256,verify,168,53858,144706
ecdsa-P-256,verify,169,52386,140750
ecdsa-P-256,verify,170,52401,140792
ecdsa-P-256,verify,171,52382,140740
ecdsa-P-256,verify,172,52396,140778
ecdsa-P-256,verify,173,52412,140818
ecdsa-P-256,verify,174,52253,140392
ecdsa-P-256,verify,175,52437,140890
ecdsa-P-256,verify,176,52500,141058
ecdsa-P-256,verify,177,52372,140710
ecdsa-P-256,verify,178,52518,141108
ecdsa-P-256,verify,179,52473,140988
ecdsa-P-256,verify,180,52334,140608
ecdsa-P-256,verify,181,52322,140582
ecdsa-P-256,verify,182,52349,140650
ecdsa-P-256,verify,183,52384,140746
ecdsa-P-256,verify,184,52447,140916
ecdsa-P-256,verify,185,52175,140184
ecdsa-P-256,verify,186,52443,140906
ecdsa-P-256,verify,187,54027,145158
ecdsa-P-256,verify,188,52310,140550
ecdsa-P-256,verify,189,52516,141100
ecdsa-P-256,verify,190,52393,140770
ecdsa-P-256,verify,191,52285,140478
ecdsa-P-256,verify,192,52279,140466
ecdsa-P-256,verify,193,52258,140408
ecdsa-P-256,verify,194,52301,140520
ecdsa-P-256,verify,195,52302,140524
ecdsa-P-256,verify,196,52379,140730
ecdsa-P-256,verify,197,52336,140616
ecdsa-P-256,verify,198,52306,140534
ecdsa-P-256,verify,199,52289,140492
ecdsa-P-256,verify,200,52202,140260
ecdsa-P-256,verify,201,52384,140748
ecdsa-P-256,verify,202,52357,140674
ecdsa-P-256,verify,203,52320,140574
ecdsa-P-256,verify,204,52268,140434
ecdsa-P-256,verify,205,52238,140354
ecdsa-P-256,verify,206,53513,143778
ecdsa-P-256,verify,207,52514,141096
ecdsa-P-256,verify,208,52619,141378
ecdsa-P-256,verify,209,52671,141514
ecdsa-P-256,verify,210,52568,141236
ecdsa-P-256,verify,211,52707,141616
ecdsa-P-256,verify,212,52460,140950
ecdsa-P-256,verify,213,52595,141316
ecdsa-P-256,verify,214,52404,140800
ecdsa-P-256,verify,215,52578,141266
ecdsa-P-256,verify,216,52608,141348
ecdsa-P-256,verify,217,52680,141544
ecdsa-P-256,verify,218,52745,141718
ecdsa-P-256,verify,219,52488,141026
ecdsa-P-256,verify,220,52712,141630
ecdsa-P-256,verify,221,52463,140960
ecdsa-P-256,verify,222,52462,140954
ecdsa-P-256,verify,223,52420,140838
ecdsa-P-256,verify,224,52593,141304
ecdsa-P-256,verify,225,53912,144850
ecdsa-P-256,verify,226,52496,141044
ecdsa-P-256,verify,227,52822,141922
ecdsa-P-256,verify,228,54187,145590
ecdsa-P-256,verify,229,52250,140384
ecdsa-P-256,verify,230,52322,140584
ecdsa-P-256,verify,231,52304,140532
ecdsa-P-256,verify,232,52264,140422
ecdsa-P-256,verify,233,52222,140312
ecdsa-P-256,verify,234,52383,140746
ecdsa-P-256,verify,235,52240,140356
ecdsa-P-256,verify,236,52411,140818
ecdsa-P-256,verify,237,52355,140670
ecdsa-P-256,verify,238,52405,140798
ecdsa-P-256,verify,239,52487,141020
ecdsa-P-256,verify,240,52289,140490
ecdsa-P-256,verify,241,52188,140220
ecdsa-P-256,verify,242,52214,140288
ecdsa-P-256,verify,243,52378,140726
ecdsa-P-256,verify,244,53734,144376
ecdsa-P-256,verify,245,52545,141180
ecdsa-P-256,verify,246,53138,142772
ecdsa-P-256,verify,247,54103,145366
ecdsa-P-256,verify,248,52390,140758
ecdsa-P-256,verify,249,52464,140960
ecdsa-P-256,verify,250,52644,141444
ecdsa-P-256,verify,251,52424,140850
ecdsa-P-256,verify,252,52431,140870
ecdsa-P-256,verify,253,52576,141262
ecdsa-P-256,verify,254,52452,140928
ecdsa-P-256,verify,255,52339,140624
ecdsa-P-256,verify,256,52567,141236
ecdsa-P-256,verify,257,52509,141080
ecdsa-P-256,verify,258,52490,141034
ecdsa-P-256,verify,259,52471,140978
ecdsa-P-256,verify,260,52518,141104
ecdsa-P-256,verify,261,52519,141104
ecdsa-P-256,verify,262,52487,141022
ecdsa-P-256,verify,263,54512,146458
ecdsa-P-256,verify,264,52456,140940
ecdsa-P-256,verify,265,52338,140620
ecdsa-P-256,verify,266,52552,141196
ecdsa-P-256,verify,267,52285,140480
ecdsa-P-256,verify,268,52284,140472
ecdsa-P-256,verify,269,52436,140886
ecdsa-P-256,verify,270,52386,140748
ecdsa-P-256,verify,271,52348,140648
ecdsa-P-256,verify,272,52324,140588
ecdsa-P-256,verify,273,52480,141000
ecdsa-P-256,verify,274,52253,140396
ecdsa-P-256,verify,275,52481,141006
ecdsa-P-256,verify,276,52416,140832
ecdsa-P-256,verify,277,52548,141188
ecdsa-P-256,verify,278,52419,140842
ecdsa-P-256,verify,279,52425,140856
ecdsa-P-256,verify,280,52404,140798
ecdsa-P-256,verify,281,52241,140362
ecdsa-P-256,verify,282,53531,143820
ecdsa-P-256,verify,283,52361,140680
ecdsa-P-256,verify,284,52424,140850
ecdsa-P-256,verify,285,52390,140760
ecdsa-P-256,verify,286,52212,140284
ecdsa-P-256,verify,287,52151,140118
ecdsa-P-256,verify,288,52282,140470
ecdsa-P-256,verify,289,52515,141098
ecdsa-P-256,verify,290,52454,140930
ecdsa-P-256,verify,291,52718,141644
ecdsa-P-256,verify,292,52379,140732
ecdsa-P-256,verify,293,52486,141016
ecdsa-P-256,verify,294,52425,140856
ecdsa-P-256,verify,295,52434,140882
ecdsa-P-256,verify,296,52475,140992
ecdsa-P-256,verify,297,52193,140230
ecdsa-P-256,verify,298,52330,140600
ecdsa-P-256,verify,299,52404,140798
ecdsa-P-256,verify,300,52430,140872
ecdsa-P-256,verify,301,53861,144706
ecdsa-P-256,verify,302,52396,140774
ecdsa-P-256,verify,303,52277,140454
ecdsa-P-256,verify,304,52100,139980
ecdsa-P-256,verify,305,52250,140384
ecdsa-P-256,verify,306,52178,140192
ecdsa-P-256,verify,307,52346,140640
ecdsa-P-256,verify,308,52514,141092
ecdsa-P-256,verify,309,52354,140666
ecdsa-P-256,verify,310,52406,140808
ecdsa-P-256,verify,311,52392,140770
ecdsa-P-256,verify,312,52244,140370
ecdsa-P-256,verify,313,52270,140438
ecdsa-P-256,verify,314,52419,140840
ecdsa-P-256,verify,315,52297,140510
ecdsa-P-256,verify,316,52381,140738
ecdsa-P-256,verify,317,52432,140872
ecdsa-P-256,verify,318,52397,140782
ecdsa-P-256,verify,319,52318,140566
ecdsa-P-256,verify,320,56033,150542
ecdsa-P-256,verify,321,52437,140890
ecdsa-P-256,verify,322,52551,141196
ecdsa-P-256,verify,323,52440,140896
ecdsa-P-256,verify,324,52543,141174
ecdsa-P-256,verify,325,52333,140610
ecdsa-P-256,verify,326,52366,140694
ecdsa-P-256,verify,327,52246,140374
ecdsa-P-256,verify,328,52533,141142
ecdsa-P-256,verify,329,52364,140690
ecdsa-P-256,verify,330,52369,140708
ecdsa-P-256,verify,331,52490,141030
ecdsa-P-256,verify,332,52523,141120
ecdsa-P-256,verify,333,52717,141642
ecdsa-P-256,verify,334,52568,141238
ecdsa-P-256,verify,335,52486,141022
ecdsa-P-256,verify,336,52538,141156
ecdsa-P-256,verify,337,52398,140786
ecdsa-P-256,verify,338,53971,145010
ecdsa-P-256,verify,339,52296,140508
ecdsa-P-256,verify,340,52287,140484
ecdsa-P-256,verify,341,52252,140390
ecdsa-P-256,verify,342,52338,140626
ecdsa-P-256,verify,343,52200,140254
ecdsa-P-256,verify,344,52353,140664
ecdsa-P-256,verify,345,52479,141002
ecdsa-P-256,verify,346,52343,140634
ecdsa-P-256,verify,347,52379,140730
ecdsa-P-256,verify,348,52413,140820
ecdsa-P-256,verify,349,52401,140792
ecdsa-P-256,verify,350,52302,140528
ecdsa-P-256,verify,351,52480,141002
ecdsa-P-256,verify,352,52399,140786
ecdsa-P-256,verify,353,52477,140994
ecdsa-P-256,verify,354,52260,140416
ecdsa-P-256,verify,355,52492,141036
ecdsa-P-256,verify,356,52472,140982
ecdsa-P-256,verify,357,53921,144872
ecdsa-P-256,verify,358,52362,140688
ecdsa-P-256,verify,359,52517,141104
ecdsa-P-256,verify,360,52530,141138
ecdsa-P-256,verify,361,52413,140822
ecdsa-P-256,verify,362,52551,141190
ecdsa-P-256,verify,363,52522,141118
ecdsa-P-256,verify,364,52932,142216
ecdsa-P-256,verify,365,52563,141220
ecdsa-P-256,verify,366,52401,140786
ecdsa-P-256,verify,367,52665,141496
ecdsa-P-256,verify,368,52510,141080
ecdsa-P-256,verify,369,52429,140866
ecdsa-P-256,verify,370,52646,141450
ecdsa-P-256,verify,371,52517,141100
ecdsa-P-256,verify,372,52407,140808
ecdsa-P-256,verify,373,52546,141176
ecdsa-P-256,verify,374,52467,140968
ecdsa-P-256,verify,375,52571,141248
ecdsa-P-256,verify,376,53872,144738
ecdsa-P-256,verify,377,52471,140980
ecdsa-P-256,verify,378,52556,141208
ecdsa-P-256,verify,379,52513,141088
ecdsa-P-256,verify,380,52468,140968
ecdsa-P-256,verify,381,52350,140652
ecdsa-P-256,verify,382,52524,141120
ecdsa-P-256,verify,383,52462,140950
ecdsa-P-256,verify,384,52406,140806
ecdsa-P-256,verify,385,52435,140880
ecdsa-P-256,verify,386,52474,140984
ecdsa-P-256,verify,387,52359,140676
ecdsa-P-256,verify,388,52371,140710
ecdsa-P-256,verify,389,52535,141152
ecdsa-P-256,verify,390,52329,140594
ecdsa-P-256,verify,391,52421,140840
ecdsa-P-256,verify,392,52443,140900
ecdsa-P-256,verify,393,52461,140954
ecdsa-P-256,verify,394,52623,141388
ecdsa-P-256,verify,395,53687,144244
ecdsa-P-256,verify,396,52464,140960
ecdsa-P-256,verify,397,52292,140502
ecdsa-P-256,verify,398,52443,140904
ecdsa-P-256,verify,399,52398,140782
ecdsa-P-256,verify,400,52447,140914
ecdsa-P-256,verify,401,52470,140976
ecdsa-P-256,verify,402,52409,140808
ecdsa-P-256,verify,403,52560,141218
ecdsa-P-256,verify,404,52273,140446
ecdsa-P-256,verify,405,52411,140820
ecdsa-P-256,verify,406,52490,141030
ecdsa-P-256,verify,407,52399,140786
ecdsa-P-256,verify,408,52386,140748
ecdsa-P-256,verify,409,52458,140942
ecdsa-P-256,verify,410,52494,141042
ecdsa-P-256,verify,411,52438,140888
ecdsa-P-256,verify,412,52440,140892
ecdsa-P-256,verify,413,52460,140942
ecdsa-P-256,verify,414,54253,145766
ecdsa-P-256,verify,415,52389,140758
ecdsa-P-256,verify,416,52534,141144
ecdsa-P-256,verify,417,52556,141208
ecdsa-P-256,verify,418,52478,140994
ecdsa-P-256,verify,419,52598,141322
ecdsa-P-256,verify,420,52547,141182
ecdsa-P-256,verify,421,52334,140610
ecdsa-P-256,verify,422,52270,140440
ecdsa-P-256,verify,423,52508,141080
ecdsa-P-256,verify,424,52428,140862
ecdsa-P-256,verify,425,52326,140592
ecdsa-P-256,verify,426,52634,141420
ecdsa-P-256,verify,427,52428,140864
ecdsa-P-256,verify,428,52478,140994
ecdsa-P-256,verify,429,52577,141266
ecdsa-P-256,verify,430,52535,141146
ecdsa-P-256,verify,431,52372,140712
ecdsa-P-256,verify,432,52583,141272
ecdsa-P-256,verify,433,53800,144548
ecdsa-P-256,verify,434,52279,140460
ecdsa-P-256,verify,435,52492,141032
ecdsa-P-256,verify,436,52554,141198
ecdsa-P-256,verify,437,52684,141548
ecdsa-P-256,verify,438,52483,141008
ecdsa-P-256,verify,439,52477,140996
ecdsa-P-256,verify,440,52518,141106
ecdsa-P-256,verify,441,52234,140340
ecdsa-P-256,verify,442,52479,140998
ecdsa-P-256,verify,443,52442,140898
ecdsa-P-256,verify,444,52461,140948
ecdsa-P-256,verify,445,52314,140550
ecdsa-P-256,verify,446,52509,141078
ecdsa-P-256,verify,447,52246,140370
ecdsa-P-256,verify,448,52307,140540
ecdsa-P-256,verify,449,52509,141080
ecdsa-P-256,verify,450,52311,140546
ecdsa-P-256,verify,451,52464,140956
ecdsa-P-256,verify,452,53644,144124
ecdsa-P-256,verify,453,52390,140762
ecdsa-P-256,verify,454,52340,140632
ecdsa-P-256,verify,455,52415,140826
ecdsa-P-256,verify,456,52314,140560
ecdsa-P-256,verify,457,52397,140782
ecdsa-P-256,verify,458,52295,140508
ecdsa-P-256,verify,459,52383,140744
ecdsa-P-256,verify,460,52174,140180
ecdsa-P-256,verify,461,52412,140816
ecdsa-P-256,verify,462,52291,140494
ecdsa-P-256,verify,463,52339,140622
ecdsa-P-256,verify,464,52305,140532
ecdsa-P-256,verify,465,52401,140788
ecdsa-P-256,verify,466,52276,140450
ecdsa-P-256,verify,467,52434,140878
ecdsa-P-256,verify,468,52336,140612
ecdsa-P-256,verify,469,52321,140574
ecdsa-P-256,verify,470,52503,141064
ecdsa-P-256,verify,471,53478,143676
ecdsa-P-256,verify,472,52192,140226
ecdsa-P-256,verify,473,52305,140528
ecdsa-P-256,verify,474,52208,140272
ecdsa-P-256,verify,475,52321,140574
ecdsa-P-256,verify,476,52164,140154
ecdsa-P-256,verify,477,52244,140370
ecdsa-P-256,verify,478,52147,140106
ecdsa-P-256,verify,479,52265,140424
ecdsa-P-256,verify,480,52360,140678
ecdsa-P-256,verify,481,52306,140532
ecdsa-P-256,verify,482,52251,140386
ecdsa-P-256,verify,483,52194,140236
ecdsa-P-256,verify,484,52236,140344
ecdsa-P-256,verify,485,52250,140386
ecdsa-P-256,verify,486,52222,140312
ecdsa-P-256,verify,487,52177,140186
ecdsa-P-256,verify,488,52399,140784
ecdsa-P-256,verify,489,52346,140640
ecdsa-P-256,verify,490,53677,144210
ecdsa-P-256,verify,491,52543,141174
ecdsa-P-256,verify,492,52521,141110
ecdsa-P-256,verify,493,52533,141144
ecdsa-P-256,verify,494,52498,141052
ecdsa-P-256,verify,495,52454,140932
ecdsa-P-256,verify,496,52449,140920
ecdsa-P-256,verify,497,52477,140996
ecdsa-P-256,verify,498,52398,140782
ecdsa-P-256,verify,499,52382,140742
ecdsa-P-256,verify,500,52406,140804
ecdsa-P-256,verify,501,52419,140836
ecdsa-P-256,verify,502,52515,141096
ecdsa-P-256,verify,503,52441,140898
ecdsa-P-256,verify,504,52582,141280
ecdsa-P-256,verify,505,52495,141046
ecdsa-P-256,verify,506,52477,140998
ecdsa-P-256,verify,507,52588,141292
ecdsa-P-256,verify,508,52393,140772
ecdsa-P-256,verify,509,53699,144270
ecdsa-P-256,verify,510,52374,140722
ecdsa-P-256,verify,511,52330,140596
ecdsa-P-256,verify,512,52427,140858
ecdsa-P-256,verify,513,52430,140870
ecdsa-P-256,verify,514,52325,140584
ecdsa-P-256,verify,515,52272,140446
ecdsa-P-256,verify,516,52314,140558
ecdsa-P-256,verify,517,52333,140606
ecdsa-P-256,verify,518,52404,140796
ecdsa-P-256,verify,519,52450,140922
ecdsa-P-256,verify,520,52435,140878
ecdsa-P-256,verify,521,52453,140926
ecdsa-P-256,verify,522,52291,140496
ecdsa-P-256,verify,523,52355,140666
ecdsa-P-256,verify,524,52245,140370
ecdsa-P-256,verify,525,52430,140868
ecdsa-P-256,verify,526,52415,140828
ecdsa-P-256,verify,527,53453,143618
ecdsa-P-256,verify,528,52500,141054
ecdsa-P-256,verify,529,52549,141186
ecdsa-P-256,verify,530,52455,140940
ecdsa-P-256,verify,531,52416,140826
ecdsa-P-256,verify,532,52499,141050
ecdsa-P-256,verify,533,52495,141042
ecdsa-P-256,verify,534,52355,140670
ecdsa-P-256,verify,535,52362,140684
ecdsa-P-256,verify,536,52273,140450
ecdsa-P-256,verify,537,52350,140652
ecdsa-P-256,verify,538,52501,141064
ecdsa-P-256,verify,539,52460,140950
ecdsa-P-256,verify,540,52419,140836
ecdsa-P-256,verify,541,52447,140910
ecdsa-P-256,verify,542,52474,140986
ecdsa-P-256,verify,543,52460,140950
ecdsa-P-256,verify,544,52374,140720
ecdsa-P-256,verify,545,52363,140686
ecdsa-P-256,verify,546,53570,143936
ecdsa-P-256,verify,547,52278,140460
ecdsa-P-256,verify,548,52264,140426
ecdsa-P-256,verify,549,52540,141164
ecdsa-P-256,verify,550,52287,140482
ecdsa-P-256,verify,551,52318,140564
ecdsa-P-256,verify,552,52391,140760
ecdsa-P-256,verify,553,52436,140880
ecdsa-P-256,verify,554,52327,140596
ecdsa-P-256,verify,555,52330,140600
ecdsa-P-256,verify,556,52361,140682
ecdsa-P-256,verify,557,52349,140650
ecdsa-P-256,verify,558,52427,140856
ecdsa-P-256,verify,559,52278,140460
ecdsa-P-256,verify,560,52303,140526
ecdsa-P-256,verify,561,52246,140372
ecdsa-P-256,verify,562,52297,140506
ecdsa-P-256,verify,563,52452,140930
ecdsa-P-256,verify,564,52196,140234
ecdsa-P-256,verify,565,53451,143610
ecdsa-P-256,verify,566,52454,140922
ecdsa-P-256,verify,567,52576,141260
ecdsa-P-256,verify,568,52415,140830
ecdsa-P-256,verify,569,52260,140410
ecdsa-P-256,verify,570,52413,140822
ecdsa-P-256,verify,571,52443,140908
ecdsa-P-256,verify,572,52275,140454
ecdsa-P-256,verify,573,52377,140720
ecdsa-P-256,verify,574,52259,140406
ecdsa-P-256,verify,575,52516,141102
ecdsa-P-256,verify,576,52223,140312
ecdsa-P-256,verify,577,52334,140614
ecdsa-P-256,verify,578,52397,140776
ecdsa-P-256,verify,579,52372,140706
ecdsa-P-256,verify,580,52365,140694
ecdsa-P-256,verify,581,52235,140342
ecdsa-P-256,verify,582,52262,140414
ecdsa-P-256,verify,583,52455,140938
ecdsa-P-256,verify,584,53391,143446
ecdsa-P-256,verify,585,52514,141092
ecdsa-P-256,verify,586,52536,141156
ecdsa-P-256,verify,587,52655,141470
ecdsa-P-256,verify,588,52416,140828
ecdsa-P-256,verify,589,52524,141120
ecdsa-P-256,verify,590,52562,141226
ecdsa-P-256,verify,591,52555,141208
ecdsa-P-256,verify,592,52571,141250
ecdsa-P-256,verify,593,52511,141086
ecdsa-P-256,verify,594,52554,141206
ecdsa-P-256,verify,595,52573,141252
ecdsa-P-256,verify,596,52525,141122
ecdsa-P-256,verify,597,52492,141036
ecdsa-P-256,verify,598,52642,141440
ecdsa-P-256,verify,599,52511,141088
ecdsa-P-256,verify,600,52672,141518
ecdsa-P-256,verify,601,52584,141284
ecdsa-P-256,verify,602,52536,141156
ecdsa-P-256,verify,603,54772,147156
ecdsa-P-256,verify,604,52459,140944
ecdsa-P-256,verify,605,52575,141258
ecdsa-P-256,verify,606,52670,141512
ecdsa-P-256,verify,607,52578,141270
ecdsa-P-256,verify,608,52409,140814
ecdsa-P-256,verify,609,52522,141120
ecdsa-P-256,verify,610,52667,141502
ecdsa-P-256,verify,611,52530,141140
ecdsa-P-256,verify,612,52521,141114
ecdsa-P-256,verify,613,52465,140960
ecdsa-P-256,verify,614,52498,141056
ecdsa-P-256,verify,615,52381,140740
ecdsa-P-256,verify,616,52474,140990
ecdsa-P-256,verify,617,52466,140968
ecdsa-P-256,verify,618,52452,140926
ecdsa-P-256,verify,619,52391,140760
ecdsa-P-256,verify,620,52381,140738
ecdsa-P-256,verify,621,52435,140882
ecdsa-P-256,verify,622,53512,143776
ecdsa-P-256,verify,623,52430,140866
ecdsa-P-256,verify,624,52492,141034
ecdsa-P-256,verify,625,52386,140748
ecdsa-P-256,verify,626,52532,141138
ecdsa-P-256,verify,627,52594,141306
ecdsa-P-256,verify,628,52503,141058
ecdsa-P-256,verify,629,52631,141410
ecdsa-P-256,verify,630,52471,140980
ecdsa-P-256,verify,631,52553,141202
ecdsa-P-256,verify,632,52535,141146
ecdsa-P-256,verify,633,52496,141050
ecdsa-P-256,verify,634,52527,141128
ecdsa-P-256,verify,635,52470,140980
ecdsa-P-256,verify,636,52424,140846
ecdsa-P-256,verify,637,52553,141198
ecdsa-P-256,verify,638,52389,140756
ecdsa-P-256,verify,639,52524,141114
ecdsa-P-256,verify,640,52571,141246
ecdsa-P-256,verify,641,53566,143898
ecdsa-P-256,verify,642,52391,140742
ecdsa-P-256,verify,643,52433,140852
ecdsa-P-256,verify,644,52532,141140
ecdsa-P-256,verify,645,52281,140466
ecdsa-P-256,verify,646,52368,140700
ecdsa-P-256,verify,647,52430,140866
ecdsa-P-256,verify,648,52359,140676
ecdsa-P-256,verify,649,52374,140716
ecdsa-P-256,verify,650,52478,140998
ecdsa-P-256,verify,651,52469,140966
ecdsa-P-256,verify,652,52459,140948
ecdsa-P-256,verify,653,52341,140626
ecdsa-P-256,verify,654,52308,140544
ecdsa-P-256,verify,655,52424,140850
ecdsa-P-256,verify,656,52727,141662
ecdsa-P-256,verify,657,52319,140570
ecdsa-P-256,verify,658,52333,140608
ecdsa-P-256,verify,659,52456,140934
ecdsa-P-256,verify,660,53659,144168
ecdsa-P-256,verify,661,52330,140604
ecdsa-P-256,verify,662,52338,140622
ecdsa-P-256,verify,663,52322,140578
ecdsa-P-256,verify,664,52344,140638
ecdsa-P-256,verify,665,52407,140802
ecdsa-P-256,verify,666,52492,141036
ecdsa-P-256,verify,667,52445,140910
ecdsa-P-256,verify,668,52223,140314
ecdsa-P-256,verify,669,52147,140108
ecdsa-P-256,verify,670,52353,140660
ecdsa-P-256,verify,671,52369,140704
ecdsa-P-256,verify,672,52362,140686
ecdsa-P-256,verify,673,52619,141378
ecdsa-P-256,verify,674,52478,140996
ecdsa-P-256,verify,675,52432,140876
ecdsa-P-256,verify,676,52362,140684
ecdsa-P-256,verify,677,52339,140622
ecdsa-P-256,verify,678,52257,140406
ecdsa-P-256,verify,679,53740,144388
ecdsa-P-256,verify,680,52608,141346
ecdsa-P-256,verify,681,52515,141096
ecdsa-P-256,verify,682,52497,141046
ecdsa-P-256,verify,683,52506,141074
ecdsa-P-256,verify,684,52396,140778
ecdsa-P-256,verify,685,52500,141054
ecdsa-P-256,verify,686,52485,141012
ecdsa-P-256,verify,687,52545,141176
ecdsa-P-256,verify,688,52513,141090
ecdsa-P-256,verify,689,52460,140948
ecdsa-P-256,verify,690,52456,140938
ecdsa-P-256,verify,691,52439,140888
ecdsa-P-256,verify,692,52558,141214
ecdsa-P-256,verify,693,52557,141208
ecdsa-P-256,verify,694,52526,141128
ecdsa-P-256,verify,695,52479,140998
ecdsa-P-256,verify,696,52473,140982
ecdsa-P-256,verify,697,52402,140790
ecdsa-P-256,verify,698,53660,144160
ecdsa-P-256,verify,699,52442,140900
ecdsa-P-256,verify,700,52563,141224
ecdsa-P-256,verify,701,52460,140950
ecdsa-P-256,verify,702,52563,141224
ecdsa-P-256,verify,703,52521,141116
ecdsa-P-256,verify,704,52758,141750
ecdsa-P-256,verify,705,52458,140942
ecdsa-P-256,verify,706,52566,141232
ecdsa-P-256,verify,707,52518,141102
ecdsa-P-256,verify,708,52585,141286
ecdsa-P-256,verify,709,52555,141206
ecdsa-P-256,verify,710,52439,140890
ecdsa-P-256,verify,711,52545,141180
ecdsa-P-256,verify,712,52555,141202
ecdsa-P-256,verify,713,52400,140790
ecdsa-P-256,verify,714,52575,141258
ecdsa-P-256,verify,715,52694,141576
ecdsa-P-256,verify,716,52637,141428
ecdsa-P-256,verify,717,52476,140986
ecdsa-P-256,verify,718,52491,141036
ecdsa-P-256,verify,719,52377,140724
ecdsa-P-256,verify,720,52325,140584
ecdsa-P-256,verify,721,52303,140524
ecdsa-P-256,verify,722,52411,140814
ecdsa-P-256,verify,723,52359,140674
ecdsa-P-256,verify,724,52367,140698
ecdsa-P-256,verify,725,52482,141010
ecdsa-P-256,verify,726,52405,140800
ecdsa-P-256,verify,727,52256,140402
ecdsa-P-256,verify,728,52418,140836
ecdsa-P-256,verify,729,52634,141420
ecdsa-P-256,verify,730,52278,140462
ecdsa-P-256,verify,731,52264,140420
ecdsa-P-256,verify,732,52283,140474
ecdsa-P-256,verify,733,52332,140606
ecdsa-P-256,verify,734,52276,140454
ecdsa-P-256,verify,735,53597,144000
ecdsa-P-256,verify,736,52475,140988
ecdsa-P-256,verify,737,52416,140828
ecdsa-P-256,verify,738,52414,140822
ecdsa-P-256,verify,739,52496,141048
ecdsa-P-256,verify,740,52465,140960
ecdsa-P-256,verify,741,52481,141006
ecdsa-P-256,verify,742,52457,140936
ecdsa-P-256,verify,743,52471,140980
ecdsa-P-256,verify,744,52472,140976
ecdsa-P-256,verify,745,52290,140492
ecdsa-P-256,verify,746,52401,140786
ecdsa-P-256,verify,747,52425,140854
ecdsa-P-256,verify,748,52504,141066
ecdsa-P-256,verify,749,52464,140960
ecdsa-P-256,verify,750,52460,140942
ecdsa-P-256,verify,751,52499,141050
ecdsa-P-256,verify,752,52454,140928
ecdsa-P-256,verify,753,52283,140472
ecdsa-P-256,verify,754,53385,143432
ecdsa-P-256,verify,755,52377,140726
ecdsa-P-256,verify,756,52347,140644
ecdsa-P-256,verify,757,52426,140856
ecdsa-P-256,verify,758,52452,140926
ecdsa-P-256,verify,759,52355,140666
ecdsa-P-256,verify,760,52434,140876
ecdsa-P-256,verify,761,52507,141078
ecdsa-P-256,verify,762,52322,140574
ecdsa-P-256,verify,763,52345,140640
ecdsa-P-256,verify,764,52286,140480
ecdsa-P-256,verify,765,52501,141060
ecdsa-P-256,verify,766,52410,140814
ecdsa-P-256,verify,767,52507,141074
ecdsa-P-256,verify,768,52265,140414
ecdsa-P-256,verify,769,52475,140990
ecdsa-P-256,verify,770,52396,140776
ecdsa-P-256,verify,771,52462,140958
ecdsa-P-256,verify,772,52343,140632
ecdsa-P-256,verify,773,53447,143598
ecdsa-P-256,verify,774,52480,141006
ecdsa-P-256,verify,775,52579,141272
ecdsa-P-256,verify,776,52462,140952
ecdsa-P-256,verify,777,52315,140560
ecdsa-P-256,verify,778,52559,141214
ecdsa-P-256,verify,779,52471,140978
ecdsa-P-256,verify,780,52547,141182
ecdsa-P-256,verify,781,52410,140818
ecdsa-P-256,verify,782,52389,140760
ecdsa-P-256,verify,783,52438,140890
ecdsa-P-256,verify,784,52462,140952
ecdsa-P-256,verify,785,52310,140542
ecdsa-P-256,verify,786,52598,141320
ecdsa-P-256,verify,787,52439,140892
ecdsa-P-256,verify,788,52386,140752
ecdsa-P-256,verify,789,52582,141280
ecdsa-P-256,verify,790,52356,140668
ecdsa-P-256,verify,791,52440,140892
ecdsa-P-256,verify,792,53684,144236
ecdsa-P-256,verify,793,52372,140712
ecdsa-P-256,verify,794,52481,141000
ecdsa-P-256,verify,795,52421,140842
ecdsa-P-256,verify,796,52384,140742
ecdsa-P-256,verify,797,52463,140958
ecdsa-P-256,verify,798,52295,140502
ecdsa-P-256,verify,799,52421,140846
ecdsa-P-256,verify,800,52535,141154
ecdsa-P-256,verify,801,52411,140816
ecdsa-P-256,verify,802,52799,141860
ecdsa-P-256,verify,803,52330,140598
ecdsa-P-256,verify,804,52413,140822
ecdsa-P-256,verify,805,52440,140894
ecdsa-P-256,verify,806,52374,140716
ecdsa-P-256,verify,807,52306,140530
ecdsa-P-256,verify,808,52433,140874
ecdsa-P-256,verify,809,52643,141442
ecdsa-P-256,verify,810,52426,140856
ecdsa-P-256,verify,811,53518,143790
ecdsa-P-256,verify,812,52428,140860
ecdsa-P-256,verify,813,52447,140912
ecdsa-P-256,verify,814,52436,140878
ecdsa-P-256,verify,815,52502,141062
ecdsa-P-256,verify,816,52384,140744
ecdsa-P-256,verify,817,52422,140846
ecdsa-P-256,verify,818,52504,141068
ecdsa-P-256,verify,819,52423,140850
ecdsa-P-256,verify,820,52393,140768
ecdsa-P-256,verify,821,52549,141188
ecdsa-P-256,verify,822,52498,141052
ecdsa-P-256,verify,823,52536,141146
ecdsa-P-256,verify,824,52607,141344
ecdsa-P-256,verify,825,52482,141010
ecdsa-P-256,verify,826,52587,141290
ecdsa-P-256,verify,827,52460,140940
ecdsa-P-256,verify,828,52604,141332
ecdsa-P-256,verify,829,52571,141246
ecdsa-P-256,verify,830,53442,143586
ecdsa-P-256,verify,831,52312,140558
ecdsa-P-256,verify,832,52193,140232
ecdsa-P-256,verify,833,52458,140938
ecdsa-P-256,verify,834,52353,140660
ecdsa-P-256,verify,835,52312,140548
ecdsa-P-256,verify,836,52352,140658
ecdsa-P-256,verify,837,52442,140904
ecdsa-P-256,verify,838,52145,140102
ecdsa-P-256,verify,839,52378,140724
ecdsa-P-256,verify,840,52251,140384
ecdsa-P-256,verify,841,52118,140030
ecdsa-P-256,verify,842,52354,140660
ecdsa-P-256,verify,843,52340,140630
ecdsa-P-256,verify,844,52195,140232
ecdsa-P-256,verify,845,52340,140628
ecdsa-P-256,verify,846,52272,140448
ecdsa-P-256,verify,847,52201,140254
ecdsa-P-256,verify,848,52270,140428
ecdsa-P-256,verify,849,53535,143838
ecdsa-P-256,verify,850,52540,141166
ecdsa-P-256,verify,851,52401,140792
ecdsa-P-256,verify,852,52541,141162
ecdsa-P-256,verify,853,52370,140710
ecdsa-P-256,verify,854,52338,140618
ecdsa-P-256,verify,855,52339,140624
ecdsa-P-256,verify,856,52227,140318
ecdsa-P-256,verify,857,52445,140906
ecdsa-P-256,verify,858,52310,140544
ecdsa-P-256,verify,859,52476,140990
ecdsa-P-256,verify,860,52259,140410
ecdsa-P-256,verify,861,52210,140270
ecdsa-P-256,verify,862,52196,140238
ecdsa-P-256,verify,863,52215,140286
ecdsa-P-256,verify,864,52318,140562
ecdsa-P-256,verify,865,52371,140708
ecdsa-P-256,verify,866,52494,141038
ecdsa-P-256,verify,867,52275,140450
ecdsa-P-256,verify,868,53535,143832
ecdsa-P-256,verify,869,52483,141012
ecdsa-P-256,verify,870,52307,140540
ecdsa-P-256,verify,871,52342,140632
ecdsa-P-256,verify,872,52392,140768
ecdsa-P-256,verify,873,52192,140226
ecdsa-P-256,verify,874,52511,141088
ecdsa-P-256,verify,875,52753,141736
ecdsa-P-256,verify,876,52331,140606
ecdsa-P-256,verify,877,52471,140978
ecdsa-P-256,verify,878,52419,140838
ecdsa-P-256,verify,879,52149,140112
ecdsa-P-256,verify,880,52184,140206
ecdsa-P-256,verify,881,52364,140690
ecdsa-P-256,verify,882,52354,140668
ecdsa-P-256,verify,883,52359,140676
ecdsa-P-256,verify,884,52438,140890
ecdsa-P-256,verify,885,52233,140340
ecdsa-P-256,verify,886,52422,140848
ecdsa-P-256,verify,887,53526,143810
ecdsa-P-256,verify,888,52022,139774
ecdsa-P-256,verify,889,52249,140380
ecdsa-P-256,verify,890,52360,140680
ecdsa-P-256,verify,891,52342,140636
ecdsa-P-256,verify,892,52261,140412
ecdsa-P-256,verify,893,52327,140590
ecdsa-P-256,verify,894,52454,140934
ecdsa-P-256,verify,895,52236,140346
ecdsa-P-256,verify,896,52192,140226
ecdsa-P-256,verify,897,52192,140232
ecdsa-P-256,verify,898,52305,140532
ecdsa-P-256,verify,899,52165,140154
ecdsa-P-256,verify,900,52227,140322
ecdsa-P-256,verify,901,52208,140274
ecdsa-P-256,verify,902,52077,139920
ecdsa-P-256,verify,903,52254,140400
ecdsa-P-256,verify,904,52148,140110
ecdsa-P-256,verify,905,52171,140170
ecdsa-P-256,verify,906,53552,143872
ecdsa-P-256,verify,907,52362,140686
ecdsa-P-256,verify,908,52306,140538
ecdsa-P-256,verify,909,52334,140612
ecdsa-P-256,verify,910,52402,140798
ecdsa-P-256,verify,911,52054,139860
ecdsa-P-256,verify,912,52247,140378
ecdsa-P-256,verify,913,52311,140548
ecdsa-P-256,verify,914,52346,140642
ecdsa-P-256,verify,915,52297,140512
ecdsa-P-256,verify,916,52442,140902
ecdsa-P-256,verify,917,52334,140606
ecdsa-P-256,verify,918,52387,140752
ecdsa-P-256,verify,919,52414,140822
ecdsa-P-256,verify,920,52554,141202
ecdsa-P-256,verify,921,52300,140516
ecdsa-P-256,verify,922,52363,140692
ecdsa-P-256,verify,923,52249,140384
ecdsa-P-256,verify,924,52213,140286
ecdsa-P-256,verify,925,53737,144372
ecdsa-P-256,verify,926,52487,141024
ecdsa-P-256,verify,927,52538,141158
ecdsa-P-256,verify,928,52497,141050
ecdsa-P-256,verify,929,52632,141410
ecdsa-P-256,verify,930,52633,141414
ecdsa-P-256,verify,931,52380,140734
ecdsa-P-256,verify,932,52581,141276
ecdsa-P-256,verify,933,52610,141354
ecdsa-P-256,verify,934,52498,141052
ecdsa-P-256,verify,935,52623,141390
ecdsa-P-256,verify,936,52487,141018
ecdsa-P-256,verify,937,52492,141038
ecdsa-P-256,verify,938,52481,141004
ecdsa-P-256,verify,939,52477,140994
ecdsa-P-256,verify,940,52416,140828
ecdsa-P-256,verify,941,52410,140816
ecdsa-P-256,verify,942,52514,141096
ecdsa-P-256,verify,943,52384,140744
ecdsa-P-256,verify,944,53651,144134
ecdsa-P-256,verify,945,52510,141084
ecdsa-P-256,verify,946,52502,141060
ecdsa-P-256,verify,947,52543,141166
ecdsa-P-256,verify,948,52451,140926
ecdsa-P-256,verify,949,52481,141004
ecdsa-P-256,verify,950,52469,140970
ecdsa-P-256,verify,951,52492,141036
ecdsa-P-256,verify,952,52475,140990
ecdsa-P-256,verify,953,52552,141198
ecdsa-P-256,verify,954,52494,141040
ecdsa-P-256,verify,955,52489,141030
ecdsa-P-256,verify,956,52448,140918
ecdsa-P-256,verify,957,52519,141108
ecdsa-P-256,verify,958,52541,141160
ecdsa-P-256,verify,959,52500,141056
ecdsa-P-256,verify,960,52531,141138
ecdsa-P-256,verify,961,52488,141022
ecdsa-P-256,verify,962,53414,143508
ecdsa-P-256,verify,963,52347,140648
ecdsa-P-256,verify,964,52315,140558
ecdsa-P-256,verify,965,52329,140596
ecdsa-P-256,verify,966,52317,140564
ecdsa-P-256,verify,967,52406,140804
ecdsa-P-256,verify,968,52291,140496
ecdsa-P-256,verify,969,52269,140438
ecdsa-P-256,verify,970,52419,140842
ecdsa-P-256,verify,971,52285,140482
ecdsa-P-256,verify,972,52514,141096
ecdsa-P-256,verify,973,52358,140674
ecdsa-P-256,verify,974,52324,140586
ecdsa-P-256,verify,975,52273,140444
ecdsa-P-256,verify,976,52357,140674
ecdsa-P-256,verify,977,52331,140602
ecdsa-P-256,verify,978,52213,140286
ecdsa-P-256,verify,979,52277,140458
ecdsa-P-256,verify,980,52253,140398
ecdsa-P-256,verify,981,53550,143868
ecdsa-P-256,verify,982,52503,141068
ecdsa-P-256,verify,983,52340,140630
ecdsa-P-256,verify,984,52533,141144
ecdsa-P-256,verify,985,52433,140880
ecdsa-P-256,verify,986,52490,141030
ecdsa-P-256,verify,987,52542,141170
ecdsa-P-256,verify,988,52501,141062
ecdsa-P-256,verify,989,52629,141404
ecdsa-P-256,verify,990,52533,141144
ecdsa-P-256,verify,991,52612,141360
ecdsa-P-256,verify,992,52339,140626
ecdsa-P-256,verify,993,52514,141098
ecdsa-P-256,verify,994,52496,141048
ecdsa-P-256,verify,995,52389,140760
ecdsa-P-256,verify,996,52509,141082
ecdsa-P-256,verify,997,52535,141148
ecdsa-P-256,verify,998,52349,140650
ecdsa-P-256,verify,999,52533,141148
