algo,op,iter,wall_ns,cycles
ecdsa-P-256,keygen,0,14299,38276
ecdsa-P-256,keygen,1,12440,33376
ecdsa-P-256,keygen,2,11919,31974
ecdsa-P-256,keygen,3,11818,31694
ecdsa-P-256,keygen,4,11799,31628
ecdsa-P-256,keygen,5,11799,31650
ecdsa-P-256,keygen,6,11722,31428
ecdsa-P-256,keygen,7,11834,31742
ecdsa-P-256,keygen,8,11765,31558
ecdsa-P-256,keygen,9,11770,31572
ecdsa-P-256,keygen,10,11869,31836
ecdsa-P-256,keygen,11,12004,32188
ecdsa-P-256,keygen,12,11815,31670
ecdsa-P-256,keygen,13,11967,32098
ecdsa-P-256,keygen,14,11850,31788
ecdsa-P-256,keygen,15,11809,31674
ecdsa-P-256,keygen,16,11890,31890
ecdsa-P-256,keygen,17,11799,31642
ecdsa-P-256,keygen,18,11871,31840
ecdsa-P-256,keygen,19,11904,31930
ecdsa-P-256,keygen,20,11855,31780
ecdsa-P-256,keygen,21,11826,31718
ecdsa-P-256,keygen,22,11842,31750
ecdsa-P-256,keygen,23,11784,31610
ecdsa-P-256,keygen,24,11861,31820
ecdsa-P-256,keygen,25,11802,31658
ecdsa-P-256,keygen,26,11863,31824
ecdsa-P-256,keygen,27,11897,31906
ecdsa-P-256,keygen,28,11883,31874
ecdsa-P-256,keygen,29,11793,31628
ecdsa-P-256,keygen,30,13918,37126
ecdsa-P-256,keygen,31,12021,32242
ecdsa-P-256,keygen,32,12480,33474
ecdsa-P-256,keygen,33,12518,33574
ecdsa-P-256,keygen,34,12403,33242
ecdsa-P-256,keygen,35,12625,33862
ecdsa-P-256,keygen,36,12406,33274
ecdsa-P-256,keygen,37,12524,33598
ecdsa-P-256,keygen,38,13422,35988
ecdsa-P-256,keygen,39,11900,31922
ecdsa-P-256,keygen,40,11848,31762
ecdsa-P-256,keygen,41,11968,32102
ecdsa-P-256,keygen,42,12081,32406
ecdsa-P-256,keygen,43,11860,31814
ecdsa-P-256,keygen,44,11861,31816
ecdsa-P-256,keygen,45,11833,31736
ecdsa-P-256,keygen,46,11889,31876
ecdsa-P-256,keygen,47,11913,31956
ecdsa-P-256,keygen,48,11845,31744
ecdsa-P-256,keygen,49,11870,31840
ecdsa-P-256,keygen,50,11847,31776
ecdsa-P-256,keygen,51,11878,31860
ecdsa-P-256,keygen,52,11908,31920
ecdsa-P-256,keygen,53,11866,31832
ecdsa-P-256,keygen,54,11900,31898
ecdsa-P-256,keygen,55,11791,31628
ecdsa-P-256,keygen,56,11870,31840
ecdsa-P-256,keygen,57,11861,31814
ecdsa-P-256,keygen,58,11863,31820
ecdsa-P-256,keygen,59,11729,31460
ecdsa-P-256,keygen,60,11824,31714
ecdsa-P-256,keygen,61,11811,31684
ecdsa-P-256,keygen,62,11914,31958
ecdsa-P-256,keygen,63,11824,31718
ecdsa-P-256,keygen,64,11827,31722
ecdsa-P-256,keygen,65,11890,31892
ecdsa-P-256,keygen,66,11947,32044
ecdsa-P-256,keygen,67,11781,31600
ecdsa-P-256,keygen,68,11866,31830
ecdsa-P-256,keygen,69,11852,31790
ecdsa-P-256,keygen,70,11766,31536
ecdsa-P-256,keygen,71,11757,31534
ecdsa-P-256,keygen,72,11842,31744
ecdsa-P-256,keygen,73,11922,31982
ecdsa-P-256,keygen,74,11861,31814
ecdsa-P-256,keygen,75,11832,31738
ecdsa-P-256,keygen,76,11798,31648
ecdsa-P-256,keygen,77,11779,31594
ecdsa-P-256,keygen,78,11788,31618
ecdsa-P-256,keygen,79,11805,31660
ecdsa-P-256,keygen,80,11737,31480
ecdsa-P-256,keygen,81,11916,31958
ecdsa-P-256,keygen,82,11881,31868
ecdsa-P-256,keygen,83,11811,31674
ecdsa-P-256,keygen,84,11741,31496
ecdsa-P-256,keygen,85,11874,31850
ecdsa-P-256,keygen,86,11900,31920
ecdsa-P-256,keygen,87,11799,31652
ecdsa-P-256,keygen,88,11814,31666
ecdsa-P-256,keygen,89,11795,31640
ecdsa-P-256,keygen,90,11938,32024
ecdsa-P-256,keygen,91,11897,31908
ecdsa-P-256,keygen,92,11861,31790
ecdsa-P-256,keygen,93,11872,31840
ecdsa-P-256,keygen,94,11785,31612
ecdsa-P-256,keygen,95,11777,31590
ecdsa-P-256,keygen,96,12028,32262
ecdsa-P-256,keygen,97,11820,31704
ecdsa-P-256,keygen,98,11914,31932
ecdsa-P-256,keygen,99,11840,31760
ecdsa-P-256,keygen,100,11759,31538
ecdsa-P-256,keygen,101,11952,32058
ecdsa-P-256,keygen,102,11868,31834
ecdsa-P-256,keygen,103,11790,31620
ecdsa-P-256,keygen,104,11800,31632
ecdsa-P-256,keygen,105,11773,31574
ecdsa-P-256,keygen,106,11976,32120
ecdsa-P-256,keygen,107,11834,31736
ecdsa-P-256,keygen,108,11898,31888
ecdsa-P-256,keygen,109,11867,31830
ecdsa-P-256,keygen,110,11770,31566
ecdsa-P-256,keygen,111,13175,35346
ecdsa-P-256,keygen,112,11927,31988
ecdsa-P-256,keygen,113,12518,33582
ecdsa-P-256,keygen,114,12301,32996
ecdsa-P-256,keygen,115,12473,33142
ecdsa-P-256,keygen,116,12515,33544
ecdsa-P-256,keygen,117,12473,33450
ecdsa-P-256,keygen,118,12394,33240
ecdsa-P-256,keygen,119,12410,33290
ecdsa-P-256,keygen,120,13819,37080
ecdsa-P-256,keygen,121,11961,32078
ecdsa-P-256,keygen,122,11932,32006
ecdsa-P-256,keygen,123,11920,31970
ecdsa-P-256,keygen,124,11775,31586
ecdsa-P-256,keygen,125,11875,31846
ecdsa-P-256,keygen,126,11801,31656
ecdsa-P-256,keygen,127,11956,32074
ecdsa-P-256,keygen,128,11845,31770
ecdsa-P-256,keygen,129,11899,31914
ecdsa-P-256,keygen,130,11835,31740
ecdsa-P-256,keygen,131,11876,31856
ecdsa-P-256,keygen,132,11873,31830
ecdsa-P-256,keygen,133,11792,31632
ecdsa-P-256,keygen,134,11869,31814
ecdsa-P-256,keygen,135,11795,31634
ecdsa-P-256,keygen,136,11823,31692
ecdsa-P-256,keygen,137,11923,31984
ecdsa-P-256,keygen,138,11803,31634
ecdsa-P-256,keygen,139,11849,31784
ecdsa-P-256,keygen,140,11861,31816
ecdsa-P-256,keygen,141,11903,31918
ecdsa-P-256,keygen,142,11838,31752
ecdsa-P-256,keygen,143,11921,31972
ecdsa-P-256,keygen,144,11998,32160
ecdsa-P-256,keygen,145,12053,32326
ecdsa-P-256,keygen,146,12058,32326
ecdsa-P-256,keygen,147,12100,32460
ecdsa-P-256,keygen,148,11989,32158
ecdsa-P-256,keygen,149,12024,32254
ecdsa-P-256,keygen,150,11967,32102
ecdsa-P-256,keygen,151,11880,31864
ecdsa-P-256,keygen,152,12032,32250
ecdsa-P-256,keygen,153,11951,32050
ecdsa-P-256,keygen,154,11917,31966
ecdsa-P-256,keygen,155,11968,32098
ecdsa-P-256,keygen,156,12025,32254
ecdsa-P-256,keygen,157,12022,32246
ecdsa-P-256,keygen,158,11983,32124
ecdsa-P-256,keygen,159,11866,31822
ecdsa-P-256,keygen,160,11944,32038
ecdsa-P-256,keygen,161,12029,32268
ecdsa-P-256,keygen,162,12037,32272
ecdsa-P-256,keygen,163,12037,32286
ecdsa-P-256,keygen,164,11977,32108
ecdsa-P-256,keygen,165,12029,32264
ecdsa-P-256,keygen,166,11983,32124
ecdsa-P-256,keygen,167,11974,32122
ecdsa-P-256,keygen,168,11983,32142
ecdsa-P-256,keygen,169,11961,32084
ecdsa-P-256,keygen,170,12003,32172
ecdsa-P-256,keygen,171,11978,32124
ecdsa-P-256,keygen,172,11977,32114
ecdsa-P-256,keygen,173,12024,32252
ecdsa-P-256,keygen,174,11981,32140
ecdsa-P-256,keygen,175,11997,32176
ecdsa-P-256,keygen,176,11889,31890
ecdsa-P-256,keygen,177,12019,32242
ecdsa-P-256,keygen,178,12056,32340
ecdsa-P-256,keygen,179,11914,31954
ecdsa-P-256,keygen,180,12039,32292
ecdsa-P-256,keygen,181,12086,32422
ecdsa-P-256,keygen,182,11961,32064
ecdsa-P-256,keygen,183,12000,32186
ecdsa-P-256,keygen,184,11936,31992
ecdsa-P-256,keygen,185,12013,32216
ecdsa-P-256,keygen,186,11955,32064
ecdsa-P-256,keygen,187,11952,32058
ecdsa-P-256,keygen,188,12023,32250
ecdsa-P-256,keygen,189,12017,32230
ecdsa-P-256,keygen,190,13298,35382
ecdsa-P-256,keygen,191,12040,32294
ecdsa-P-256,keygen,192,34594,92898
ecdsa-P-256,keygen,193,12512,33556
ecdsa-P-256,keygen,194,13297,35648
ecdsa-P-256,keygen,195,12005,32202
ecdsa-P-256,keygen,196,12076,32368
ecdsa-P-256,keygen,197,12012,32224
ecdsa-P-256,keygen,198,12165,32612
ecdsa-P-256,keygen,199,12510,33558
ecdsa-P-256,keygen,200,12481,33456
ecdsa-P-256,keygen,201,13259,35570
ecdsa-P-256,keygen,202,11975,32124
ecdsa-P-256,keygen,203,11950,32056
ecdsa-P-256,keygen,204,11858,31808
ecdsa-P-256,keygen,205,11924,31988
ecdsa-P-256,keygen,206,11905,31910
ecdsa-P-256,keygen,207,11974,32124
ecdsa-P-256,keygen,208,11984,32146
ecdsa-P-256,keygen,209,11887,31886
ecdsa-P-256,keygen,210,11860,31812
ecdsa-P-256,keygen,211,11997,32186
ecdsa-P-256,keygen,212,11918,31942
ecdsa-P-256,keygen,213,12004,32200
ecdsa-P-256,keygen,214,11968,32100
ecdsa-P-256,keygen,215,11930,31998
ecdsa-P-256,keygen,216,12017,32214
ecdsa-P-256,keygen,217,11952,32062
ecdsa-P-256,keygen,218,12012,32216
ecdsa-P-256,keygen,219,11907,31948
ecdsa-P-256,keygen,220,11969,32088
ecdsa-P-256,keygen,221,11980,32136
ecdsa-P-256,keygen,222,11966,32094
ecdsa-P-256,keygen,223,11923,31980
ecdsa-P-256,keygen,224,11921,31956
ecdsa-P-256,keygen,225,11866,31820
ecdsa-P-256,keygen,226,12015,32206
ecdsa-P-256,keygen,227,12008,32206
ecdsa-P-256,keygen,228,12035,32282
ecdsa-P-256,keygen,229,11877,31860
ecdsa-P-256,keygen,230,11921,31978
ecdsa-P-256,keygen,231,11930,32000
ecdsa-P-256,keygen,232,11929,31994
ecdsa-P-256,keygen,233,12014,32224
ecdsa-P-256,keygen,234,12007,32202
ecdsa-P-256,keygen,235,11914,31958
ecdsa-P-256,keygen,236,11935,32014
ecdsa-P-256,keygen,237,12306,33012
ecdsa-P-256,keygen,238,12025,32252
ecdsa-P-256,keygen,239,11919,31972
ecdsa-P-256,keygen,240,11999,32184
ecdsa-P-256,keygen,241,12020,32244
ecdsa-P-256,keygen,242,11992,32144
ecdsa-P-256,keygen,243,12016,32236
ecdsa-P-256,keygen,244,12014,32206
ecdsa-P-256,keygen,245,11943,32036
ecdsa-P-256,keygen,246,11991,32160
ecdsa-P-256,keygen,247,11948,32046
ecdsa-P-256,keygen,248,11934,32012
ecdsa-P-256,keygen,249,12120,32504
ecdsa-P-256,keygen,250,11894,31902
ecdsa-P-256,keygen,251,12017,32236
ecdsa-P-256,keygen,252,11961,32064
ecdsa-P-256,keygen,253,11995,32176
ecdsa-P-256,keygen,254,12032,32254
ecdsa-P-256,keygen,255,11941,32032
ecdsa-P-256,keygen,256,11969,32110
ecdsa-P-256,keygen,257,11936,32020
ecdsa-P-256,keygen,258,11954,32066
ecdsa-P-256,keygen,259,11945,32034
ecdsa-P-256,keygen,260,11913,31932
ecdsa-P-256,keygen,261,11901,31914
ecdsa-P-256,keygen,262,11984,32146
ecdsa-P-256,keygen,263,11908,31932
ecdsa-P-256,keygen,264,11907,31940
ecdsa-P-256,keygen,265,12007,32212
ecdsa-P-256,keygen,266,12088,32400
ecdsa-P-256,keygen,267,11910,31946
ecdsa-P-256,keygen,268,15410,41356
ecdsa-P-256,keygen,269,11992,32146
ecdsa-P-256,keygen,270,12487,33470
ecdsa-P-256,keygen,271,12511,33552
ecdsa-P-256,keygen,272,12663,33690
ecdsa-P-256,keygen,273,12686,34028
ecdsa-P-256,keygen,274,12498,33524
ecdsa-P-256,keygen,275,12478,33472
ecdsa-P-256,keygen,276,14214,38134
ecdsa-P-256,keygen,277,12654,33946
ecdsa-P-256,keygen,278,13205,35424
ecdsa-P-256,keygen,279,11853,31786
ecdsa-P-256,keygen,280,11959,32058
ecdsa-P-256,keygen,281,11929,31998
ecdsa-P-256,keygen,282,12072,32386
ecdsa-P-256,keygen,283,12018,32234
ecdsa-P-256,keygen,284,11916,31960
ecdsa-P-256,keygen,285,12059,32350
ecdsa-P-256,keygen,286,11935,31990
ecdsa-P-256,keygen,287,11890,31886
ecdsa-P-256,keygen,288,12019,32220
ecdsa-P-256,keygen,289,11987,32148
ecdsa-P-256,keygen,290,11930,31974
ecdsa-P-256,keygen,291,11989,32150
ecdsa-P-256,keygen,292,11903,31930
ecdsa-P-256,keygen,293,12052,32328
ecdsa-P-256,keygen,294,11869,31812
ecdsa-P-256,keygen,295,12012,32222
ecdsa-P-256,keygen,296,12568,33694
ecdsa-P-256,keygen,297,11921,31976
ecdsa-P-256,keygen,298,11979,32112
ecdsa-P-256,keygen,299,12035,32286
ecdsa-P-256,keygen,300,11855,31778
ecdsa-P-256,keygen,301,11942,32026
ecdsa-P-256,keygen,302,11951,32038
ecdsa-P-256,keygen,303,11971,32108
ecdsa-P-256,keygen,304,11992,32152
ecdsa-P-256,keygen,305,12023,32250
ecdsa-P-256,keygen,306,12112,32492
ecdsa-P-256,keygen,307,12293,32974
ecdsa-P-256,keygen,308,12694,34030
ecdsa-P-256,keygen,309,12569,33716
ecdsa-P-256,keygen,310,12590,33772
ecdsa-P-256,keygen,311,12452,33398
ecdsa-P-256,keygen,312,12471,33450
ecdsa-P-256,keygen,313,12530,33606
ecdsa-P-256,keygen,314,12445,33356
ecdsa-P-256,keygen,315,12507,33544
ecdsa-P-256,keygen,316,12458,33420
ecdsa-P-256,keygen,317,12596,33790
ecdsa-P-256,keygen,318,12584,33756
ecdsa-P-256,keygen,319,12451,33392
ecdsa-P-256,keygen,320,12470,33422
ecdsa-P-256,keygen,321,12565,33702
ecdsa-P-256,keygen,322,12555,33670
ecdsa-P-256,keygen,323,12556,33674
ecdsa-P-256,keygen,324,12540,33640
ecdsa-P-256,keygen,325,12448,33384
ecdsa-P-256,keygen,326,12495,33488
ecdsa-P-256,keygen,327,12456,33404
ecdsa-P-256,keygen,328,12470,33448
ecdsa-P-256,keygen,329,12500,33526
ecdsa-P-256,keygen,330,12425,33324
ecdsa-P-256,keygen,331,12450,33394
ecdsa-P-256,keygen,332,12540,33632
ecdsa-P-256,keygen,333,12539,33630
ecdsa-P-256,keygen,334,12501,33504
ecdsa-P-256,keygen,335,12532,33610
ecdsa-P-256,keygen,336,12504,33510
ecdsa-P-256,keygen,337,12593,33768
ecdsa-P-256,keygen,338,12517,33576
ecdsa-P-256,keygen,339,12588,33768
ecdsa-P-256,keygen,340,12581,33752
ecdsa-P-256,keygen,341,12485,33480
ecdsa-P-256,keygen,342,12553,33646
ecdsa-P-256,keygen,343,12538,33630
ecdsa-P-256,keygen,344,12602,33804
ecdsa-P-256,keygen,345,12467,33440
ecdsa-P-256,keygen,346,14036,37450
ecdsa-P-256,keygen,347,12642,33910
ecdsa-P-256,keygen,348,12665,33946
ecdsa-P-256,keygen,349,12518,33572
ecdsa-P-256,keygen,350,12572,33704
ecdsa-P-256,keygen,351,12603,33804
ecdsa-P-256,keygen,352,12593,33758
ecdsa-P-256,keygen,353,13620,36542
ecdsa-P-256,keygen,354,12175,32662
ecdsa-P-256,keygen,355,12201,32728
ecdsa-P-256,keygen,356,11968,32082
ecdsa-P-256,keygen,357,11907,31932
ecdsa-P-256,keygen,358,11960,32086
ecdsa-P-256,keygen,359,11910,31938
ecdsa-P-256,keygen,360,11868,31814
ecdsa-P-256,keygen,361,12051,32328
ecdsa-P-256,keygen,362,11862,31790
ecdsa-P-256,keygen,363,12043,32302
ecdsa-P-256,keygen,364,11933,32010
ecdsa-P-256,keygen,365,11938,32012
ecdsa-P-256,keygen,366,11923,31960
ecdsa-P-256,keygen,367,11876,31846
ecdsa-P-256,keygen,368,12026,32262
ecdsa-P-256,keygen,369,11933,32008
ecdsa-P-256,keygen,370,12025,32254
ecdsa-P-256,keygen,371,11960,32082
ecdsa-P-256,keygen,372,11985,32144
ecdsa-P-256,keygen,373,12007,32212
ecdsa-P-256,keygen,374,11929,32000
ecdsa-P-256,keygen,375,11939,32026
ecdsa-P-256,keygen,376,12068,32350
ecdsa-P-256,keygen,377,11894,31894
ecdsa-P-256,keygen,378,11985,32126
ecdsa-P-256,keygen,379,11902,31926
ecdsa-P-256,keygen,380,11944,32014
ecdsa-P-256,keygen,381,11980,32130
ecdsa-P-256,keygen,382,11893,31878
ecdsa-P-256,keygen,383,11992,32166
ecdsa-P-256,keygen,384,11937,32022
ecdsa-P-256,keygen,385,11967,32106
ecdsa-P-256,keygen,386,11991,32166
ecdsa-P-256,keygen,387,11977,32126
ecdsa-P-256,keygen,388,11870,31822
ecdsa-P-256,keygen,389,11868,31832
ecdsa-P-256,keygen,390,11924,31988
ecdsa-P-256,keygen,391,11937,32010
ecdsa-P-256,keygen,392,11936,32016
ecdsa-P-256,keygen,393,11921,31972
ecdsa-P-256,keygen,394,11973,32092
ecdsa-P-256,keygen,395,11931,32002
ecdsa-P-256,keygen,396,11931,31984
ecdsa-P-256,keygen,397,11942,32034
ecdsa-P-256,keygen,398,11983,32140
ecdsa-P-256,keygen,399,11839,31758
ecdsa-P-256,keygen,400,11963,32086
ecdsa-P-256,keygen,401,11957,32066
ecdsa-P-256,keygen,402,12026,32232
ecdsa-P-256,keygen,403,12001,32192
ecdsa-P-256,keygen,404,11954,32064
ecdsa-P-256,keygen,405,11858,31804
ecdsa-P-256,keygen,406,11929,31996
ecdsa-P-256,keygen,407,11809,31680
ecdsa-P-256,keygen,408,11925,31972
ecdsa-P-256,keygen,409,12037,32280
ecdsa-P-256,keygen,410,11854,31776
ecdsa-P-256,keygen,411,11939,32024
ecdsa-P-256,keygen,412,11993,32170
ecdsa-P-256,keygen,413,11940,32026
ecdsa-P-256,keygen,414,11982,32116
ecdsa-P-256,keygen,415,11897,31914
ecdsa-P-256,keygen,416,11969,32090
ecdsa-P-256,keygen,417,11941,32030
ecdsa-P-256,keygen,418,11992,32168
ecdsa-P-256,keygen,419,11992,32160
ecdsa-P-256,keygen,420,12008,32184
ecdsa-P-256,keygen,421,11936,32016
ecdsa-P-256,keygen,422,11957,32056
ecdsa-P-256,keygen,423,11867,31830
ecdsa-P-256,keygen,424,12060,32328
ecdsa-P-256,keygen,425,11941,32032
ecdsa-P-256,keygen,426,12918,34656
ecdsa-P-256,keygen,427,11971,32114
ecdsa-P-256,keygen,428,11943,32020
ecdsa-P-256,keygen,429,12498,33524
ecdsa-P-256,keygen,430,12544,33622
ecdsa-P-256,keygen,431,12470,33450
ecdsa-P-256,keygen,432,12574,33730
ecdsa-P-256,keygen,433,12499,33338
ecdsa-P-256,keygen,434,12569,33714
ecdsa-P-256,keygen,435,12509,33554
ecdsa-P-256,keygen,436,12613,33828
ecdsa-P-256,keygen,437,12532,33612
ecdsa-P-256,keygen,438,13476,36132
ecdsa-P-256,keygen,439,11951,32052
ecdsa-P-256,keygen,440,11881,31866
ecdsa-P-256,keygen,441,12094,32442
ecdsa-P-256,keygen,442,11941,32030
ecdsa-P-256,keygen,443,11913,31954
ecdsa-P-256,keygen,444,11863,31796
ecdsa-P-256,keygen,445,11914,31956
ecdsa-P-256,keygen,446,11926,31990
ecdsa-P-256,keygen,447,11988,32156
ecdsa-P-256,keygen,448,11889,31890
ecdsa-P-256,keygen,449,11947,32044
ecdsa-P-256,keygen,450,11918,31970
ecdsa-P-256,keygen,451,11939,32018
ecdsa-P-256,keygen,452,11963,32068
ecdsa-P-256,keygen,453,12041,32290
ecdsa-P-256,keygen,454,11906,31936
ecdsa-P-256,keygen,455,11799,31644
ecdsa-P-256,keygen,456,11898,31914
ecdsa-P-256,keygen,457,11941,32028
ecdsa-P-256,keygen,458,11896,31882
ecdsa-P-256,keygen,459,11907,31932
ecdsa-P-256,keygen,460,12023,32228
ecdsa-P-256,keygen,461,11912,31952
ecdsa-P-256,keygen,462,11999,32162
ecdsa-P-256,keygen,463,11868,31826
ecdsa-P-256,keygen,464,11943,32010
ecdsa-P-256,keygen,465,12009,32212
ecdsa-P-256,keygen,466,11964,32068
ecdsa-P-256,keygen,467,12015,32234
ecdsa-P-256,keygen,468,11921,31978
ecdsa-P-256,keygen,469,12036,32286
ecdsa-P-256,keygen,470,11978,32114
ecdsa-P-256,keygen,471,12044,32310
ecdsa-P-256,keygen,472,11975,32120
ecdsa-P-256,keygen,473,11950,32050
ecdsa-P-256,keygen,474,11982,32114
ecdsa-P-256,keygen,475,11997,32176
ecdsa-P-256,keygen,476,11908,31918
ecdsa-P-256,keygen,477,11982,32140
ecdsa-P-256,keygen,478,11849,31786
ecdsa-P-256,keygen,479,11933,32012
ecdsa-P-256,keygen,480,11953,32036
ecdsa-P-256,keygen,481,11926,31986
ecdsa-P-256,keygen,482,12018,32210
ecdsa-P-256,keygen,483,11997,32182
ecdsa-P-256,keygen,484,11920,31976
ecdsa-P-256,keygen,485,11882,31868
ecdsa-P-256,keygen,486,11947,32024
ecdsa-P-256,keygen,487,11986,32150
ecdsa-P-256,keygen,488,11907,31918
ecdsa-P-256,keygen,489,11945,32044
ecdsa-P-256,keygen,490,12018,32208
ecdsa-P-256,keygen,491,11965,32090
ecdsa-P-256,keygen,492,12038,32290
ecdsa-P-256,keygen,493,12002,32190
ecdsa-P-256,keygen,494,11902,31908
ecdsa-P-256,keygen,495,11862,31816
ecdsa-P-256,keygen,496,11895,31888
ecdsa-P-256,keygen,497,12082,32400
ecdsa-P-256,keygen,498,11934,31994
ecdsa-P-256,keygen,499,11916,31960
ecdsa-P-256,keygen,500,11912,31928
ecdsa-P-256,keygen,501,12014,32220
ecdsa-P-256,keygen,502,12015,32234
ecdsa-P-256,keygen,503,11985,32140
ecdsa-P-256,keygen,504,12009,32212
ecdsa-P-256,keygen,505,12039,32292
ecdsa-P-256,keygen,506,12029,32264
ecdsa-P-256,keygen,507,12035,32282
ecdsa-P-256,keygen,508,12016,32206
ecdsa-P-256,keygen,509,12518,33570
ecdsa-P-256,keygen,510,12520,33588
ecdsa-P-256,keygen,511,12586,33566
ecdsa-P-256,keygen,512,12663,33970
ecdsa-P-256,keygen,513,12571,33722
ecdsa-P-256,keygen,514,12642,33894
ecdsa-P-256,keygen,515,12492,33504
ecdsa-P-256,keygen,516,12516,33574
ecdsa-P-256,keygen,517,13492,36204
ecdsa-P-256,keygen,518,11868,31834
ecdsa-P-256,keygen,519,11898,31912
ecdsa-P-256,keygen,520,11829,31726
ecdsa-P-256,keygen,521,12053,32326
ecdsa-P-256,keygen,522,11961,32086
ecdsa-P-256,keygen,523,11881,31862
ecdsa-P-256,keygen,524,11965,32096
ecdsa-P-256,keygen,525,11874,31850
ecdsa-P-256,keygen,526,11893,31876
ecdsa-P-256,keygen,527,11874,31848
ecdsa-P-256,keygen,528,11911,31946
ecdsa-P-256,keygen,529,11907,31940
ecdsa-P-256,keygen,530,11890,31894
ecdsa-P-256,keygen,531,11990,32166
ecdsa-P-256,keygen,532,11931,31984
ecdsa-P-256,keygen,533,11886,31878
ecdsa-P-256,keygen,534,11924,31982
ecdsa-P-256,keygen,535,11824,31708
ecdsa-P-256,keygen,536,11911,31922
ecdsa-P-256,keygen,537,11980,32134
ecdsa-P-256,keygen,538,11838,31752
ecdsa-P-256,keygen,539,11912,31952
ecdsa-P-256,keygen,540,12007,32180
ecdsa-P-256,keygen,541,11899,31926
ecdsa-P-256,keygen,542,11953,32062
ecdsa-P-256,keygen,543,11821,31708
ecdsa-P-256,keygen,544,11897,31888
ecdsa-P-256,keygen,545,11934,32012
ecdsa-P-256,keygen,546,11997,32166
ecdsa-P-256,keygen,547,11909,31944
ecdsa-P-256,keygen,548,11902,31924
ecdsa-P-256,keygen,549,11883,31874
ecdsa-P-256,keygen,550,11951,32030
ecdsa-P-256,keygen,551,11840,31756
ecdsa-P-256,keygen,552,12013,32226
ecdsa-P-256,keygen,553,11992,32162
ecdsa-P-256,keygen,554,11913,31940
ecdsa-P-256,keygen,555,11954,32066
ecdsa-P-256,keygen,556,11883,31874
ecdsa-P-256,keygen,557,11979,32132
ecdsa-P-256,keygen,558,11875,31832
ecdsa-P-256,keygen,559,11810,31678
ecdsa-P-256,keygen,560,12005,32182
ecdsa-P-256,keygen,561,11897,31908
ecdsa-P-256,keygen,562,11943,32022
ecdsa-P-256,keygen,563,12019,32230
ecdsa-P-256,keygen,564,11943,32038
ecdsa-P-256,keygen,565,11892,31894
ecdsa-P-256,keygen,566,11906,31908
ecdsa-P-256,keygen,567,11936,32010
ecdsa-P-256,keygen,568,11938,32006
ecdsa-P-256,keygen,569,11918,31972
ecdsa-P-256,keygen,570,11922,31980
ecdsa-P-256,keygen,571,11993,32170
ecdsa-P-256,keygen,572,11995,32160
ecdsa-P-256,keygen,573,11967,32104
ecdsa-P-256,keygen,574,11920,31952
ecdsa-P-256,keygen,575,11867,31832
ecdsa-P-256,keygen,576,11919,31974
ecdsa-P-256,keygen,577,11971,32098
ecdsa-P-256,keygen,578,11977,32106
ecdsa-P-256,keygen,579,12003,32196
ecdsa-P-256,keygen,580,11860,31788
ecdsa-P-256,keygen,581,12044,32308
ecdsa-P-256,keygen,582,11982,32120
ecdsa-P-256,keygen,583,11930,31996
ecdsa-P-256,keygen,584,11842,31766
ecdsa-P-256,keygen,585,11998,32182
ecdsa-P-256,keygen,586,11861,31808
ecdsa-P-256,keygen,587,12926,34680
ecdsa-P-256,keygen,588,12052,32328
ecdsa-P-256,keygen,589,12252,32868
ecdsa-P-256,keygen,590,12501,33530
ecdsa-P-256,keygen,591,12462,33424
ecdsa-P-256,keygen,592,12472,33454
ecdsa-P-256,keygen,593,12529,33416
ecdsa-P-256,keygen,594,12633,33872
ecdsa-P-256,keygen,595,12541,33640
ecdsa-P-256,keygen,596,12513,33538
ecdsa-P-256,keygen,597,12485,33486
ecdsa-P-256,keygen,598,13271,35576
ecdsa-P-256,keygen,599,11941,32026
ecdsa-P-256,keygen,600,11879,31840
ecdsa-P-256,keygen,601,11977,32118
ecdsa-P-256,keygen,602,11933,31988
ecdsa-P-256,keygen,603,11941,32026
ecdsa-P-256,keygen,604,11887,31884
ecdsa-P-256,keygen,605,11929,31998
ecdsa-P-256,keygen,606,11903,31908
ecdsa-P-256,keygen,607,12029,32266
ecdsa-P-256,keygen,608,11937,31998
ecdsa-P-256,keygen,609,11917,31958
ecdsa-P-256,keygen,610,11915,31958
ecdsa-P-256,keygen,611,11924,31982
ecdsa-P-256,keygen,612,11941,32032
ecdsa-P-256,keygen,613,11950,32046
ecdsa-P-256,keygen,614,11857,31784
ecdsa-P-256,keygen,615,11855,31798
ecdsa-P-256,keygen,616,11899,31920
ecdsa-P-256,keygen,617,11964,32090
ecdsa-P-256,keygen,618,11992,32148
ecdsa-P-256,keygen,619,11938,32022
ecdsa-P-256,keygen,620,11927,31970
ecdsa-P-256,keygen,621,11902,31926
ecdsa-P-256,keygen,622,11987,32132
ecdsa-P-256,keygen,623,12048,32314
ecdsa-P-256,keygen,624,11962,32090
ecdsa-P-256,keygen,625,12076,32394
ecdsa-P-256,keygen,626,12007,32210
ecdsa-P-256,keygen,627,11947,32040
ecdsa-P-256,keygen,628,11906,31932
ecdsa-P-256,keygen,629,11942,32030
ecdsa-P-256,keygen,630,11962,32090
ecdsa-P-256,keygen,631,11902,31920
ecdsa-P-256,keygen,632,12049,32320
ecdsa-P-256,keygen,633,11906,31932
ecdsa-P-256,keygen,634,11983,32124
ecdsa-P-256,keygen,635,11933,32006
ecdsa-P-256,keygen,636,12019,32232
ecdsa-P-256,keygen,637,11935,32012
ecdsa-P-256,keygen,638,11948,32050
ecdsa-P-256,keygen,639,11868,31828
ecdsa-P-256,keygen,640,12090,32410
ecdsa-P-256,keygen,641,11906,31936
ecdsa-P-256,keygen,642,11999,32186
ecdsa-P-256,keygen,643,11937,32018
ecdsa-P-256,keygen,644,11929,31984
ecdsa-P-256,keygen,645,11950,32048
ecdsa-P-256,keygen,646,11947,32048
ecdsa-P-256,keygen,647,11929,31990
ecdsa-P-256,keygen,648,11891,31872
ecdsa-P-256,keygen,649,11896,31914
ecdsa-P-256,keygen,650,11882,31868
ecdsa-P-256,keygen,651,11953,32064
ecdsa-P-256,keygen,652,11915,31960
ecdsa-P-256,keygen,653,11937,32016
ecdsa-P-256,keygen,654,11888,31886
ecdsa-P-256,keygen,655,11927,31988
ecdsa-P-256,keygen,656,12003,32196
ecdsa-P-256,keygen,657,11972,32110
ecdsa-P-256,keygen,658,11901,31904
ecdsa-P-256,keygen,659,11820,31704
ecdsa-P-256,keygen,660,11940,32008
ecdsa-P-256,keygen,661,12036,32280
ecdsa-P-256,keygen,662,12008,32214
ecdsa-P-256,keygen,663,11909,31944
ecdsa-P-256,keygen,664,11903,31926
ecdsa-P-256,keygen,665,11924,31976
ecdsa-P-256,keygen,666,11988,32134
ecdsa-P-256,keygen,667,13164,35314
ecdsa-P-256,keygen,668,11995,32172
ecdsa-P-256,keygen,669,11936,31974
ecdsa-P-256,keygen,670,12580,33694
ecdsa-P-256,keygen,671,12468,33444
ecdsa-P-256,keygen,672,12449,33372
ecdsa-P-256,keygen,673,12699,34056
ecdsa-P-256,keygen,674,12649,33908
ecdsa-P-256,keygen,675,12563,33690
ecdsa-P-256,keygen,676,12529,33586
ecdsa-P-256,keygen,677,12482,33486
ecdsa-P-256,keygen,678,12527,33578
ecdsa-P-256,keygen,679,12419,33316
ecdsa-P-256,keygen,680,13625,36530
ecdsa-P-256,keygen,681,11997,32184
ecdsa-P-256,keygen,682,11923,31954
ecdsa-P-256,keygen,683,11839,31758
ecdsa-P-256,keygen,684,11972,32094
ecdsa-P-256,keygen,685,11902,31926
ecdsa-P-256,keygen,686,11882,31868
ecdsa-P-256,keygen,687,11928,31996
ecdsa-P-256,keygen,688,11961,32064
ecdsa-P-256,keygen,689,11917,31962
ecdsa-P-256,keygen,690,12004,32198
ecdsa-P-256,keygen,691,12032,32276
ecdsa-P-256,keygen,692,11945,32024
ecdsa-P-256,keygen,693,12038,32288
ecdsa-P-256,keygen,694,12010,32218
ecdsa-P-256,keygen,695,11983,32146
ecdsa-P-256,keygen,696,11918,31944
ecdsa-P-256,keygen,697,12067,32366
ecdsa-P-256,keygen,698,11927,31972
ecdsa-P-256,keygen,699,11930,31994
ecdsa-P-256,keygen,700,11918,31948
ecdsa-P-256,keygen,701,11969,32108
ecdsa-P-256,keygen,702,12070,32350
ecdsa-P-256,keygen,703,11953,32058
ecdsa-P-256,keygen,704,11868,31806
ecdsa-P-256,keygen,705,12035,32282
ecdsa-P-256,keygen,706,11973,32116
ecdsa-P-256,keygen,707,11997,32186
ecdsa-P-256,keygen,708,11955,32042
ecdsa-P-256,keygen,709,11892,31898
ecdsa-P-256,keygen,710,11880,31868
ecdsa-P-256,keygen,711,11989,32152
ecdsa-P-256,keygen,712,11937,31996
ecdsa-P-256,keygen,713,11995,32174
ecdsa-P-256,keygen,714,12020,32224
ecdsa-P-256,keygen,715,11925,31988
ecdsa-P-256,keygen,716,11893,31882
ecdsa-P-256,keygen,717,12025,32252
ecdsa-P-256,keygen,718,11937,32020
ecdsa-P-256,keygen,719,11914,31952
ecdsa-P-256,keygen,720,11913,31930
ecdsa-P-256,keygen,721,11930,31992
ecdsa-P-256,keygen,722,11920,31976
ecdsa-P-256,keygen,723,11943,32026
ecdsa-P-256,keygen,724,11922,31978
ecdsa-P-256,keygen,725,12044,32300
ecdsa-P-256,keygen,726,11880,31868
ecdsa-P-256,keygen,727,11947,32044
ecdsa-P-256,keygen,728,11961,32062
ecdsa-P-256,keygen,729,11980,32136
ecdsa-P-256,keygen,730,11892,31876
ecdsa-P-256,keygen,731,11926,31992
ecdsa-P-256,keygen,732,11938,32002
ecdsa-P-256,keygen,733,11961,32086
ecdsa-P-256,keygen,734,11855,31798
ecdsa-P-256,keygen,735,11977,32118
ecdsa-P-256,keygen,736,11927,31984
ecdsa-P-256,keygen,737,11953,32064
ecdsa-P-256,keygen,738,11925,31986
ecdsa-P-256,keygen,739,11936,32016
ecdsa-P-256,keygen,740,11850,31786
ecdsa-P-256,keygen,741,12077,32396
ecdsa-P-256,keygen,742,11906,31910
ecdsa-P-256,keygen,743,11917,31970
ecdsa-P-256,keygen,744,11903,31910
ecdsa-P-256,keygen,745,11996,32172
ecdsa-P-256,keygen,746,11958,32054
ecdsa-P-256,keygen,747,11904,31932
ecdsa-P-256,keygen,748,13114,35184
ecdsa-P-256,keygen,749,11890,31892
ecdsa-P-256,keygen,750,12458,33418
ecdsa-P-256,keygen,751,12542,33638
ecdsa-P-256,keygen,752,12542,33444
ecdsa-P-256,keygen,753,12590,33770
ecdsa-P-256,keygen,754,12436,33340
ecdsa-P-256,keygen,755,12618,33844
ecdsa-P-256,keygen,756,12529,33610
ecdsa-P-256,keygen,757,13355,35826
ecdsa-P-256,keygen,758,11931,32004
ecdsa-P-256,keygen,759,11943,32032
ecdsa-P-256,keygen,760,11912,31952
ecdsa-P-256,keygen,761,12064,32356
ecdsa-P-256,keygen,762,11941,32008
ecdsa-P-256,keygen,763,12075,32388
ecdsa-P-256,keygen,764,11864,31826
ecdsa-P-256,keygen,765,11952,32056
ecdsa-P-256,keygen,766,11940,32004
ecdsa-P-256,keygen,767,11939,32024
ecdsa-P-256,keygen,768,11948,32028
ecdsa-P-256,keygen,769,12004,32200
ecdsa-P-256,keygen,770,11924,31988
ecdsa-P-256,keygen,771,11995,32182
ecdsa-P-256,keygen,772,11899,31914
ecdsa-P-256,keygen,773,11888,31882
ecdsa-P-256,keygen,774,11865,31802
ecdsa-P-256,keygen,775,11931,32002
ecdsa-P-256,keygen,776,12034,32278
ecdsa-P-256,keygen,777,11921,31978
ecdsa-P-256,keygen,778,11955,32050
ecdsa-P-256,keygen,779,11903,31928
ecdsa-P-256,keygen,780,12010,32188
ecdsa-P-256,keygen,781,11939,32024
ecdsa-P-256,keygen,782,11978,32128
ecdsa-P-256,keygen,783,11861,31814
ecdsa-P-256,keygen,784,11924,31962
ecdsa-P-256,keygen,785,11843,31762
ecdsa-P-256,keygen,786,11997,32184
ecdsa-P-256,keygen,787,11849,31780
ecdsa-P-256,keygen,788,12006,32180
ecdsa-P-256,keygen,789,11911,31946
ecdsa-P-256,keygen,790,11941,32006
ecdsa-P-256,keygen,791,11975,32130
ecdsa-P-256,keygen,792,11982,32122
ecdsa-P-256,keygen,793,11977,32124
ecdsa-P-256,keygen,794,12002,32194
ecdsa-P-256,keygen,795,11858,31810
ecdsa-P-256,keygen,796,11992,32144
ecdsa-P-256,keygen,797,11911,31948
ecdsa-P-256,keygen,798,12052,32304
ecdsa-P-256,keygen,799,11935,32014
ecdsa-P-256,keygen,800,11908,31944
ecdsa-P-256,keygen,801,11965,32088
ecdsa-P-256,keygen,802,12047,32320
ecdsa-P-256,keygen,803,11890,31890
ecdsa-P-256,keygen,804,11864,31826
ecdsa-P-256,keygen,805,11977,32130
ecdsa-P-256,keygen,806,11954,32064
ecdsa-P-256,keygen,807,11836,31752
ecdsa-P-256,keygen,808,11918,31966
ecdsa-P-256,keygen,809,11917,31968
ecdsa-P-256,keygen,810,11997,32180
ecdsa-P-256,keygen,811,12054,32334
ecdsa-P-256,keygen,812,11924,31988
ecdsa-P-256,keygen,813,11901,31924
ecdsa-P-256,keygen,814,11903,31928
ecdsa-P-256,keygen,815,11815,31688
ecdsa-P-256,keygen,816,11978,32134
ecdsa-P-256,keygen,817,11920,31976
ecdsa-P-256,keygen,818,11934,31990
ecdsa-P-256,keygen,819,11900,31922
ecdsa-P-256,keygen,820,11829,31702
ecdsa-P-256,keygen,821,11940,32028
ecdsa-P-256,keygen,822,12050,32324
ecdsa-P-256,keygen,823,11937,32020
ecdsa-P-256,keygen,824,11905,31912
ecdsa-P-256,keygen,825,11833,31740
ecdsa-P-256,keygen,826,12006,32206
ecdsa-P-256,keygen,827,11992,32170
ecdsa-P-256,keygen,828,12861,34506
ecdsa-P-256,keygen,829,11933,32012
ecdsa-P-256,keygen,830,12028,32262
ecdsa-P-256,keygen,831,12489,33494
ecdsa-P-256,keygen,832,12537,33624
ecdsa-P-256,keygen,833,12507,33550
ecdsa-P-256,keygen,834,12642,33690
ecdsa-P-256,keygen,835,12562,33704
ecdsa-P-256,keygen,836,12500,33526
ecdsa-P-256,keygen,837,12608,33820
ecdsa-P-256,keygen,838,12529,33576
ecdsa-P-256,keygen,839,12437,33362
ecdsa-P-256,keygen,840,13462,36104
ecdsa-P-256,keygen,841,11969,32108
ecdsa-P-256,keygen,842,11911,31950
ecdsa-P-256,keygen,843,11983,32144
ecdsa-P-256,keygen,844,11913,31932
ecdsa-P-256,keygen,845,11958,32066
ecdsa-P-256,keygen,846,11960,32084
ecdsa-P-256,keygen,847,11977,32130
ecdsa-P-256,keygen,848,11987,32128
ecdsa-P-256,keygen,849,12030,32268
ecdsa-P-256,keygen,850,11975,32102
ecdsa-P-256,keygen,851,11929,31994
ecdsa-P-256,keygen,852,11953,32066
ecdsa-P-256,keygen,853,11938,32018
ecdsa-P-256,keygen,854,11910,31926
ecdsa-P-256,keygen,855,11860,31816
ecdsa-P-256,keygen,856,11906,31938
ecdsa-P-256,keygen,857,11955,32070
ecdsa-P-256,keygen,858,11971,32112
ecdsa-P-256,keygen,859,11944,32040
ecdsa-P-256,keygen,860,11963,32086
ecdsa-P-256,keygen,861,12002,32192
ecdsa-P-256,keygen,862,11941,32032
ecdsa-P-256,keygen,863,11933,32006
ecdsa-P-256,keygen,864,11974,32094
ecdsa-P-256,keygen,865,11947,32042
ecdsa-P-256,keygen,866,11957,32072
ecdsa-P-256,keygen,867,11990,32162
ecdsa-P-256,keygen,868,11980,32112
ecdsa-P-256,keygen,869,11906,31932
ecdsa-P-256,keygen,870,11929,31982
ecdsa-P-256,keygen,871,12029,32270
ecdsa-P-256,keygen,872,11884,31850
ecdsa-P-256,keygen,873,11918,31966
ecdsa-P-256,keygen,874,12100,32432
ecdsa-P-256,keygen,875,11829,31730
ecdsa-P-256,keygen,876,11984,32148
ecdsa-P-256,keygen,877,11910,31954
ecdsa-P-256,keygen,878,12014,32206
ecdsa-P-256,keygen,879,11943,32034
ecdsa-P-256,keygen,880,11928,31970
ecdsa-P-256,keygen,881,11914,31960
ecdsa-P-256,keygen,882,12044,32282
ecdsa-P-256,keygen,883,11990,32160
ecdsa-P-256,keygen,884,11941,32010
ecdsa-P-256,keygen,885,11918,31968
ecdsa-P-256,keygen,886,11926,31964
ecdsa-P-256,keygen,887,11894,31898
ecdsa-P-256,keygen,888,11933,32012
ecdsa-P-256,keygen,889,11939,32028
ecdsa-P-256,keygen,890,11953,32042
ecdsa-P-256,keygen,891,11988,32162
ecdsa-P-256,keygen,892,11889,31876
ecdsa-P-256,keygen,893,12032,32272
ecdsa-P-256,keygen,894,11901,31926
ecdsa-P-256,keygen,895,11897,31912
ecdsa-P-256,keygen,896,11946,32046
ecdsa-P-256,keygen,897,11948,32048
ecdsa-P-256,keygen,898,11970,32104
ecdsa-P-256,keygen,899,11979,32124
ecdsa-P-256,keygen,900,11912,31956
ecdsa-P-256,keygen,901,11983,32138
ecdsa-P-256,keygen,902,11908,31942
ecdsa-P-256,keygen,903,11891,31898
ecdsa-P-256,keygen,904,11894,31880
ecdsa-P-256,keygen,905,11893,31902
ecdsa-P-256,keygen,906,11855,31796
ecdsa-P-256,keygen,907,12002,32192
ecdsa-P-256,keygen,908,16631,44640
ecdsa-P-256,keygen,909,11979,32122
ecdsa-P-256,keygen,910,12088,32404
ecdsa-P-256,keygen,911,12630,33872
ecdsa-P-256,keygen,912,12524,33568
ecdsa-P-256,keygen,913,12562,33686
ecdsa-P-256,keygen,914,12548,33470
ecdsa-P-256,keygen,915,12592,33776
ecdsa-P-256,keygen,916,12540,33640
ecdsa-P-256,keygen,917,12509,33544
ecdsa-P-256,keygen,918,12599,33768
ecdsa-P-256,keygen,919,12888,34578
ecdsa-P-256,keygen,920,12468,33426
ecdsa-P-256,keygen,921,13209,35438
ecdsa-P-256,keygen,922,11971,32112
ecdsa-P-256,keygen,923,12133,32542
ecdsa-P-256,keygen,924,11965,32092
ecdsa-P-256,keygen,925,11984,32140
ecdsa-P-256,keygen,926,12025,32234
ecdsa-P-256,keygen,927,11916,31964
ecdsa-P-256,keygen,928,12040,32278
ecdsa-P-256,keygen,929,11977,32128
ecdsa-P-256,keygen,930,11968,32080
ecdsa-P-256,keygen,931,12030,32268
ecdsa-P-256,keygen,932,11890,31874
ecdsa-P-256,keygen,933,11953,32062
ecdsa-P-256,keygen,934,11943,32032
ecdsa-P-256,keygen,935,11905,31936
ecdsa-P-256,keygen,936,11887,31886
ecdsa-P-256,keygen,937,11987,32154
ecdsa-P-256,keygen,938,11864,31824
ecdsa-P-256,keygen,939,12020,32244
ecdsa-P-256,keygen,940,11894,31906
ecdsa-P-256,keygen,941,12043,32306
ecdsa-P-256,keygen,942,12078,32398
ecdsa-P-256,keygen,943,11904,31928
ecdsa-P-256,keygen,944,11953,32062
ecdsa-P-256,keygen,945,11993,32174
ecdsa-P-256,keygen,946,12029,32238
ecdsa-P-256,keygen,947,11942,32036
ecdsa-P-256,keygen,948,11938,32002
ecdsa-P-256,keygen,949,11933,32002
ecdsa-P-256,keygen,950,11897,31892
ecdsa-P-256,keygen,951,11908,31940
ecdsa-P-256,keygen,952,11918,31970
ecdsa-P-256,keygen,953,11960,32082
ecdsa-P-256,keygen,954,11919,31944
ecdsa-P-256,keygen,955,11911,31940
ecdsa-P-256,keygen,956,11984,32118
ecdsa-P-256,keygen,957,11929,31998
ecdsa-P-256,keygen,958,11967,32100
ecdsa-P-256,keygen,959,12013,32224
ecdsa-P-256,keygen,960,11886,31882
ecdsa-P-256,keygen,961,11946,32036
ecdsa-P-256,keygen,962,12031,32274
ecdsa-P-256,keygen,963,11938,32024
ecdsa-P-256,keygen,964,11941,32034
ecdsa-P-256,keygen,965,11984,32142
ecdsa-P-256,keygen,966,12047,32292
ecdsa-P-256,keygen,967,11939,32020
ecdsa-P-256,keygen,968,11895,31886
ecdsa-P-256,keygen,969,12025,32260
ecdsa-P-256,keygen,970,11952,32044
ecdsa-P-256,keygen,971,11985,32150
ecdsa-P-256,keygen,972,11863,31802
ecdsa-P-256,keygen,973,11959,32080
ecdsa-P-256,keygen,974,11830,31736
ecdsa-P-256,keygen,975,11853,31784
ecdsa-P-256,keygen,976,11913,31932
ecdsa-P-256,keygen,977,11982,32136
ecdsa-P-256,keygen,978,11948,32026
ecdsa-P-256,keygen,979,11958,32080
ecdsa-P-256,keygen,980,11983,32142
ecdsa-P-256,keygen,981,12020,32234
ecdsa-P-256,keygen,982,11899,31922
ecdsa-P-256,keygen,983,11880,31866
ecdsa-P-256,keygen,984,11964,32092
ecdsa-P-256,keygen,985,11920,31974
ecdsa-P-256,keygen,986,12064,32360
ecdsa-P-256,keygen,987,11901,31922
ecdsa-P-256,keygen,988,13089,35116
ecdsa-P-256,keygen,989,11953,32062
ecdsa-P-256,keygen,990,11952,32034
ecdsa-P-256,keygen,991,12595,33728
ecdsa-P-256,keygen,992,12519,33554
ecdsa-P-256,keygen,993,12536,33626
ecdsa-P-256,keygen,994,12507,33550
ecdsa-P-256,keygen,995,12549,33462
ecdsa-P-256,keygen,996,12702,34048
ecdsa-P-256,keygen,997,12662,33964
ecdsa-P-256,keygen,998,12518,33580
ecdsa-P-256,keygen,999,12489,33498
ecdsa-P-256,sign,0,17167,46032
ecdsa-P-256,sign,1,16764,44988
ecdsa-P-256,sign,2,16848,45202
ecdsa-P-256,sign,3,16733,44896
ecdsa-P-256,sign,4,16718,44854
ecdsa-P-256,sign,5,16734,44902
ecdsa-P-256,sign,6,16744,44926
ecdsa-P-256,sign,7,16854,45230
ecdsa-P-256,sign,8,16754,44956
ecdsa-P-256,sign,9,16731,44898
ecdsa-P-256,sign,10,16684,44760
ecdsa-P-256,sign,11,16775,45012
ecdsa-P-256,sign,12,16726,44884
ecdsa-P-256,sign,13,16861,45256
ecdsa-P-256,sign,14,16715,44864
ecdsa-P-256,sign,15,16700,44822
ecdsa-P-256,sign,16,16693,44804
ecdsa-P-256,sign,17,16737,44926
ecdsa-P-256,sign,18,16672,44744
ecdsa-P-256,sign,19,16602,44554
ecdsa-P-256,sign,20,16764,44992
ecdsa-P-256,sign,21,16766,44998
ecdsa-P-256,sign,22,16677,44758
ecdsa-P-256,sign,23,16664,44730
ecdsa-P-256,sign,24,16645,44676
ecdsa-P-256,sign,25,16689,44792
ecdsa-P-256,sign,26,16761,44988
ecdsa-P-256,sign,27,16825,45154
ecdsa-P-256,sign,28,16809,45122
ecdsa-P-256,sign,29,16772,45014
ecdsa-P-256,sign,30,16743,44940
ecdsa-P-256,sign,31,16645,44676
ecdsa-P-256,sign,32,16668,44736
ecdsa-P-256,sign,33,16675,44756
ecdsa-P-256,sign,34,16704,44834
ecdsa-P-256,sign,35,16826,45160
ecdsa-P-256,sign,36,16742,44938
ecdsa-P-256,sign,37,16705,44832
ecdsa-P-256,sign,38,16778,45032
ecdsa-P-256,sign,39,16788,45058
ecdsa-P-256,sign,40,16744,44940
ecdsa-P-256,sign,41,16719,44874
ecdsa-P-256,sign,42,16710,44848
ecdsa-P-256,sign,43,17816,47820
ecdsa-P-256,sign,44,16783,45046
ecdsa-P-256,sign,45,17371,46624
ecdsa-P-256,sign,46,17498,46964
ecdsa-P-256,sign,47,17558,47128
ecdsa-P-256,sign,48,17454,46654
ecdsa-P-256,sign,49,17554,47116
ecdsa-P-256,sign,50,17592,47214
ecdsa-P-256,sign,51,17613,47272
ecdsa-P-256,sign,52,17443,46814
ecdsa-P-256,sign,53,18051,48450
ecdsa-P-256,sign,54,16635,44650
ecdsa-P-256,sign,55,16666,44732
ecdsa-P-256,sign,56,16839,45200
ecdsa-P-256,sign,57,16736,44922
ecdsa-P-256,sign,58,16663,44722
ecdsa-P-256,sign,59,16742,44936
ecdsa-P-256,sign,60,16544,44402
ecdsa-P-256,sign,61,16670,44738
ecdsa-P-256,sign,62,16588,44528
ecdsa-P-256,sign,63,16750,44966
ecdsa-P-256,sign,64,16717,44874
ecdsa-P-256,sign,65,16680,44768
ecdsa-P-256,sign,66,16699,44820
ecdsa-P-256,sign,67,16687,44790
ecdsa-P-256,sign,68,16780,45038
ecdsa-P-256,sign,69,16769,45010
ecdsa-P-256,sign,70,16848,45218
ecdsa-P-256,sign,71,16716,44866
ecdsa-P-256,sign,72,16641,44664
ecdsa-P-256,sign,73,16721,44884
ecdsa-P-256,sign,74,16658,44712
ecdsa-P-256,sign,75,16628,44634
ecdsa-P-256,sign,76,16645,44676
ecdsa-P-256,sign,77,16673,44748
ecdsa-P-256,sign,78,16713,44860
ecdsa-P-256,sign,79,16675,44754
ecdsa-P-256,sign,80,16692,44796
ecdsa-P-256,sign,81,16665,44730
ecdsa-P-256,sign,82,16716,44866
ecdsa-P-256,sign,83,16689,44798
ecdsa-P-256,sign,84,16640,44658
ecdsa-P-256,sign,85,16817,45134
ecdsa-P-256,sign,86,16686,44784
ecdsa-P-256,sign,87,16758,44976
ecdsa-P-256,sign,88,16715,44864
ecdsa-P-256,sign,89,16794,45074
ecdsa-P-256,sign,90,16715,44866
ecdsa-P-256,sign,91,16674,44756
ecdsa-P-256,sign,92,16674,44750
ecdsa-P-256,sign,93,16717,44864
ecdsa-P-256,sign,94,16688,44788
ecdsa-P-256,sign,95,16527,44356
ecdsa-P-256,sign,96,16698,44818
ecdsa-P-256,sign,97,16748,44950
ecdsa-P-256,sign,98,16678,44764
ecdsa-P-256,sign,99,16642,44666
ecdsa-P-256,sign,100,16705,44838
ecdsa-P-256,sign,101,17742,47622
ecdsa-P-256,sign,102,16586,44516
ecdsa-P-256,sign,103,16662,44674
ecdsa-P-256,sign,104,17607,46928
ecdsa-P-256,sign,105,17560,47126
ecdsa-P-256,sign,106,17488,46940
ecdsa-P-256,sign,107,17459,46862
ecdsa-P-256,sign,108,18432,49482
ecdsa-P-256,sign,109,16581,44506
ecdsa-P-256,sign,110,16666,44732
ecdsa-P-256,sign,111,16725,44892
ecdsa-P-256,sign,112,16666,44736
ecdsa-P-256,sign,113,16731,44906
ecdsa-P-256,sign,114,16775,45030
ecdsa-P-256,sign,115,16712,44864
ecdsa-P-256,sign,116,16767,45002
ecdsa-P-256,sign,117,16746,44944
ecdsa-P-256,sign,118,16833,45182
ecdsa-P-256,sign,119,16646,44680
ecdsa-P-256,sign,120,16635,44646
ecdsa-P-256,sign,121,16854,45242
ecdsa-P-256,sign,122,16727,44894
ecdsa-P-256,sign,123,16772,45018
ecdsa-P-256,sign,124,16626,44624
ecdsa-P-256,sign,125,16822,45152
ecdsa-P-256,sign,126,16620,44608
ecdsa-P-256,sign,127,16745,44944
ecdsa-P-256,sign,128,16705,44836
ecdsa-P-256,sign,129,16773,45018
ecdsa-P-256,sign,130,16647,44682
ecdsa-P-256,sign,131,16681,44778
ecdsa-P-256,sign,132,16648,44684
ecdsa-P-256,sign,133,16671,44746
ecdsa-P-256,sign,134,16674,44744
ecdsa-P-256,sign,135,16632,44642
ecdsa-P-256,sign,136,16789,45062
ecdsa-P-256,sign,137,16663,44732
ecdsa-P-256,sign,138,16774,45022
ecdsa-P-256,sign,139,16628,44638
ecdsa-P-256,sign,140,16616,44596
ecdsa-P-256,sign,141,16664,44728
ecdsa-P-256,sign,142,16625,44624
ecdsa-P-256,sign,143,16788,45062
ecdsa-P-256,sign,144,16718,44872
ecdsa-P-256,sign,145,16737,44924
ecdsa-P-256,sign,146,16645,44674
ecdsa-P-256,sign,147,16672,44748
ecdsa-P-256,sign,148,16563,44454
ecdsa-P-256,sign,149,16724,44884
ecdsa-P-256,sign,150,16651,44688
ecdsa-P-256,sign,151,16807,45112
ecdsa-P-256,sign,152,16644,44672
ecdsa-P-256,sign,153,16723,44882
ecdsa-P-256,sign,154,16677,44758
ecdsa-P-256,sign,155,16661,44720
ecdsa-P-256,sign,156,16725,44894
ecdsa-P-256,sign,157,16695,44810
ecdsa-P-256,sign,158,16537,44386
ecdsa-P-256,sign,159,18326,49196
ecdsa-P-256,sign,160,16852,45230
ecdsa-P-256,sign,161,16726,44896
ecdsa-P-256,sign,162,16716,44868
ecdsa-P-256,sign,163,16738,44928
ecdsa-P-256,sign,164,16725,44894
ecdsa-P-256,sign,165,16690,44796
ecdsa-P-256,sign,166,16563,44458
ecdsa-P-256,sign,167,16775,45030
ecdsa-P-256,sign,168,16640,44666
ecdsa-P-256,sign,169,16681,44774
ecdsa-P-256,sign,170,16712,44854
ecdsa-P-256,sign,171,16675,44762
ecdsa-P-256,sign,172,16741,44942
ecdsa-P-256,sign,173,16728,44898
ecdsa-P-256,sign,174,16669,44736
ecdsa-P-256,sign,175,16669,44742
ecdsa-P-256,sign,176,16679,44766
ecdsa-P-256,sign,177,16841,45204
ecdsa-P-256,sign,178,16858,45250
ecdsa-P-256,sign,179,16758,44982
ecdsa-P-256,sign,180,16649,44690
ecdsa-P-256,sign,181,16692,44804
ecdsa-P-256,sign,182,16733,44916
ecdsa-P-256,sign,183,16802,45098
ecdsa-P-256,sign,184,16644,44674
ecdsa-P-256,sign,185,16752,44964
ecdsa-P-256,sign,186,16759,44988
ecdsa-P-256,sign,187,16858,45246
ecdsa-P-256,sign,188,16710,44852
ecdsa-P-256,sign,189,16820,45148
ecdsa-P-256,sign,190,16768,45006
ecdsa-P-256,sign,191,16704,44836
ecdsa-P-256,sign,192,16699,44820
ecdsa-P-256,sign,193,16770,45016
ecdsa-P-256,sign,194,16711,44854
ecdsa-P-256,sign,195,16703,44832
ecdsa-P-256,sign,196,16909,45388
ecdsa-P-256,sign,197,16706,44840
ecdsa-P-256,sign,198,16766,45002
ecdsa-P-256,sign,199,16691,44798
ecdsa-P-256,sign,200,16652,44692
ecdsa-P-256,sign,201,16684,44780
ecdsa-P-256,sign,202,16825,45160
ecdsa-P-256,sign,203,16680,44778
ecdsa-P-256,sign,204,16905,45374
ecdsa-P-256,sign,205,16719,44876
ecdsa-P-256,sign,206,16793,45076
ecdsa-P-256,sign,207,16803,45102
ecdsa-P-256,sign,208,16757,44978
ecdsa-P-256,sign,209,16662,44722
ecdsa-P-256,sign,210,16661,44720
ecdsa-P-256,sign,211,16705,44836
ecdsa-P-256,sign,212,16649,44686
ecdsa-P-256,sign,213,16644,44668
ecdsa-P-256,sign,214,16657,44706
ecdsa-P-256,sign,215,16620,44612
ecdsa-P-256,sign,216,16739,44926
ecdsa-P-256,sign,217,16757,44974
ecdsa-P-256,sign,218,16790,45068
ecdsa-P-256,sign,219,16725,44888
ecdsa-P-256,sign,220,16865,45268
ecdsa-P-256,sign,221,16779,45038
ecdsa-P-256,sign,222,16889,45330
ecdsa-P-256,sign,223,16726,44898
ecdsa-P-256,sign,224,16674,44750
ecdsa-P-256,sign,225,16722,44880
ecdsa-P-256,sign,226,16703,44834
ecdsa-P-256,sign,227,16551,44424
ecdsa-P-256,sign,228,16756,44978
ecdsa-P-256,sign,229,16773,45020
ecdsa-P-256,sign,230,16778,45036
ecdsa-P-256,sign,231,16659,44714
ecdsa-P-256,sign,232,16658,44710
ecdsa-P-256,sign,233,16774,45020
ecdsa-P-256,sign,234,16780,45040
ecdsa-P-256,sign,235,16717,44870
ecdsa-P-256,sign,236,16759,44976
ecdsa-P-256,sign,237,16808,45112
ecdsa-P-256,sign,238,16781,45040
ecdsa-P-256,sign,239,16730,44902
ecdsa-P-256,sign,240,16709,44846
ecdsa-P-256,sign,241,16660,44714
ecdsa-P-256,sign,242,16626,44624
ecdsa-P-256,sign,243,16695,44808
ecdsa-P-256,sign,244,16840,45196
ecdsa-P-256,sign,245,16685,44780
ecdsa-P-256,sign,246,16854,45236
ecdsa-P-256,sign,247,16728,44898
ecdsa-P-256,sign,248,16699,44820
ecdsa-P-256,sign,249,16721,44880
ecdsa-P-256,sign,250,16645,44674
ecdsa-P-256,sign,251,16685,44784
ecdsa-P-256,sign,252,16691,44798
ecdsa-P-256,sign,253,16638,44656
ecdsa-P-256,sign,254,16791,45068
ecdsa-P-256,sign,255,16580,44502
ecdsa-P-256,sign,256,16664,44728
ecdsa-P-256,sign,257,16718,44872
ecdsa-P-256,sign,258,16725,44890
ecdsa-P-256,sign,259,16725,44888
ecdsa-P-256,sign,260,16876,45296
ecdsa-P-256,sign,261,16729,44900
ecdsa-P-256,sign,262,16691,44798
ecdsa-P-256,sign,263,16773,45024
ecdsa-P-256,sign,264,16619,44604
ecdsa-P-256,sign,265,16647,44680
ecdsa-P-256,sign,266,16853,45162
ecdsa-P-256,sign,267,16790,45064
ecdsa-P-256,sign,268,16811,45120
ecdsa-P-256,sign,269,16703,44832
ecdsa-P-256,sign,270,16840,45198
ecdsa-P-256,sign,271,16730,44904
ecdsa-P-256,sign,272,16529,44366
ecdsa-P-256,sign,273,16811,45122
ecdsa-P-256,sign,274,16732,44908
ecdsa-P-256,sign,275,16712,44854
ecdsa-P-256,sign,276,18245,48980
ecdsa-P-256,sign,277,16718,44872
ecdsa-P-256,sign,278,16712,44852
ecdsa-P-256,sign,279,16705,44842
ecdsa-P-256,sign,280,16704,44830
ecdsa-P-256,sign,281,16949,45496
ecdsa-P-256,sign,282,16707,44840
ecdsa-P-256,sign,283,16685,44782
ecdsa-P-256,sign,284,16632,44642
ecdsa-P-256,sign,285,16687,44788
ecdsa-P-256,sign,286,16666,44732
ecdsa-P-256,sign,287,16706,44840
ecdsa-P-256,sign,288,16723,44884
ecdsa-P-256,sign,289,16744,44942
ecdsa-P-256,sign,290,16787,45058
ecdsa-P-256,sign,291,16756,44978
ecdsa-P-256,sign,292,16639,44660
ecdsa-P-256,sign,293,16685,44780
ecdsa-P-256,sign,294,16736,44924
ecdsa-P-256,sign,295,16724,44888
ecdsa-P-256,sign,296,16770,45010
ecdsa-P-256,sign,297,16715,44860
ecdsa-P-256,sign,298,16852,45230
ecdsa-P-256,sign,299,16686,44792
ecdsa-P-256,sign,300,16687,44790
ecdsa-P-256,sign,301,16692,44814
ecdsa-P-256,sign,302,16713,44862
ecdsa-P-256,sign,303,16642,44664
ecdsa-P-256,sign,304,16737,44924
ecdsa-P-256,sign,305,16719,44874
ecdsa-P-256,sign,306,16589,44524
ecdsa-P-256,sign,307,16708,44844
ecdsa-P-256,sign,308,16695,44810
ecdsa-P-256,sign,309,16770,45006
ecdsa-P-256,sign,310,16691,44802
ecdsa-P-256,sign,311,16773,45020
ecdsa-P-256,sign,312,16630,44632
ecdsa-P-256,sign,313,16618,44602
ecdsa-P-256,sign,314,16659,44714
ecdsa-P-256,sign,315,16738,44924
ecdsa-P-256,sign,316,16713,44860
ecdsa-P-256,sign,317,16744,44942
ecdsa-P-256,sign,318,16934,45456
ecdsa-P-256,sign,319,16667,44734
ecdsa-P-256,sign,320,16710,44852
ecdsa-P-256,sign,321,16700,44824
ecdsa-P-256,sign,322,16673,44756
ecdsa-P-256,sign,323,16756,44978
ecdsa-P-256,sign,324,16587,44516
ecdsa-P-256,sign,325,16724,44886
ecdsa-P-256,sign,326,16713,44856
ecdsa-P-256,sign,327,16798,45080
ecdsa-P-256,sign,328,16735,44918
ecdsa-P-256,sign,329,16726,44890
ecdsa-P-256,sign,330,16700,44818
ecdsa-P-256,sign,331,16774,45022
ecdsa-P-256,sign,332,16783,45048
ecdsa-P-256,sign,333,16645,44674
ecdsa-P-256,sign,334,17925,48110
ecdsa-P-256,sign,335,16727,44896
ecdsa-P-256,sign,336,16622,44614
ecdsa-P-256,sign,337,16760,44988
ecdsa-P-256,sign,338,16702,44826
ecdsa-P-256,sign,339,16588,44524
ecdsa-P-256,sign,340,16798,45086
ecdsa-P-256,sign,341,16835,45184
ecdsa-P-256,sign,342,17327,46506
ecdsa-P-256,sign,343,18367,49306
ecdsa-P-256,sign,344,16492,44264
ecdsa-P-256,sign,345,16675,44756
ecdsa-P-256,sign,346,16818,45142
ecdsa-P-256,sign,347,16708,44844
ecdsa-P-256,sign,348,16697,44818
ecdsa-P-256,sign,349,16843,45206
ecdsa-P-256,sign,350,16704,44838
ecdsa-P-256,sign,351,16707,44844
ecdsa-P-256,sign,352,16811,45120
ecdsa-P-256,sign,353,16733,44912
ecdsa-P-256,sign,354,16673,44752
ecdsa-P-256,sign,355,16841,45202
ecdsa-P-256,sign,356,16796,45086
ecdsa-P-256,sign,357,16835,45188
ecdsa-P-256,sign,358,16724,44884
ecdsa-P-256,sign,359,16674,44752
ecdsa-P-256,sign,360,16734,44914
ecdsa-P-256,sign,361,16652,44696
ecdsa-P-256,sign,362,16733,44914
ecdsa-P-256,sign,363,16558,44440
ecdsa-P-256,sign,364,16715,44862
ecdsa-P-256,sign,365,16599,44550
ecdsa-P-256,sign,366,16845,45210
ecdsa-P-256,sign,367,16744,44940
ecdsa-P-256,sign,368,16695,44808
ecdsa-P-256,sign,369,16734,44908
ecdsa-P-256,sign,370,16695,44804
ecdsa-P-256,sign,371,16742,44938
ecdsa-P-256,sign,372,16610,44584
ecdsa-P-256,sign,373,16738,44932
ecdsa-P-256,sign,374,16696,44818
ecdsa-P-256,sign,375,16647,44682
ecdsa-P-256,sign,376,16844,45206
ecdsa-P-256,sign,377,16632,44640
ecdsa-P-256,sign,378,16729,44898
ecdsa-P-256,sign,379,16788,45064
ecdsa-P-256,sign,380,16756,44972
ecdsa-P-256,sign,381,16677,44762
ecdsa-P-256,sign,382,16726,44892
ecdsa-P-256,sign,383,16655,44704
ecdsa-P-256,sign,384,16688,44794
ecdsa-P-256,sign,385,16751,44966
ecdsa-P-256,sign,386,16677,44764
ecdsa-P-256,sign,387,16744,44944
ecdsa-P-256,sign,388,16772,45016
ecdsa-P-256,sign,389,16725,44894
ecdsa-P-256,sign,390,16584,44514
ecdsa-P-256,sign,391,16800,45090
ecdsa-P-256,sign,392,18168,48770
ecdsa-P-256,sign,393,16865,45270
ecdsa-P-256,sign,394,16785,45052
ecdsa-P-256,sign,395,16767,45010
ecdsa-P-256,sign,396,16801,45096
ecdsa-P-256,sign,397,16666,44734
ecdsa-P-256,sign,398,16721,44882
ecdsa-P-256,sign,399,16515,44326
ecdsa-P-256,sign,400,16672,44746
ecdsa-P-256,sign,401,16708,44844
ecdsa-P-256,sign,402,16666,44736
ecdsa-P-256,sign,403,16599,44554
ecdsa-P-256,sign,404,16770,45010
ecdsa-P-256,sign,405,16723,44886
ecdsa-P-256,sign,406,16833,45182
ecdsa-P-256,sign,407,16976,45572
ecdsa-P-256,sign,408,16730,44906
ecdsa-P-256,sign,409,16742,44938
ecdsa-P-256,sign,410,16729,44900
ecdsa-P-256,sign,411,16674,44754
ecdsa-P-256,sign,412,16691,44802
ecdsa-P-256,sign,413,16704,44832
ecdsa-P-256,sign,414,16864,45262
ecdsa-P-256,sign,415,16656,44704
ecdsa-P-256,sign,416,16773,45022
ecdsa-P-256,sign,417,16732,44916
ecdsa-P-256,sign,418,16648,44684
ecdsa-P-256,sign,419,16681,44774
ecdsa-P-256,sign,420,16749,44952
ecdsa-P-256,sign,421,16804,45104
ecdsa-P-256,sign,422,16751,44962
ecdsa-P-256,sign,423,16669,44740
ecdsa-P-256,sign,424,16773,45020
ecdsa-P-256,sign,425,16709,44846
ecdsa-P-256,sign,426,16713,44862
ecdsa-P-256,sign,427,16659,44714
ecdsa-P-256,sign,428,16579,44496
ecdsa-P-256,sign,429,16694,44810
ecdsa-P-256,sign,430,16763,44996
ecdsa-P-256,sign,431,16706,44844
ecdsa-P-256,sign,432,16758,44982
ecdsa-P-256,sign,433,16712,44856
ecdsa-P-256,sign,434,16789,45068
ecdsa-P-256,sign,435,16884,45316
ecdsa-P-256,sign,436,16749,44954
ecdsa-P-256,sign,437,16804,45106
ecdsa-P-256,sign,438,16722,44886
ecdsa-P-256,sign,439,16688,44790
ecdsa-P-256,sign,440,16792,45070
ecdsa-P-256,sign,441,16703,44830
ecdsa-P-256,sign,442,16695,44812
ecdsa-P-256,sign,443,16737,44926
ecdsa-P-256,sign,444,16761,44986
ecdsa-P-256,sign,445,16735,44922
ecdsa-P-256,sign,446,16723,44882
ecdsa-P-256,sign,447,16756,44974
ecdsa-P-256,sign,448,16830,45170
ecdsa-P-256,sign,449,16684,44778
ecdsa-P-256,sign,450,16806,45108
ecdsa-P-256,sign,451,18182,48808
ecdsa-P-256,sign,452,16722,44882
ecdsa-P-256,sign,453,16711,44850
ecdsa-P-256,sign,454,16694,44808
ecdsa-P-256,sign,455,16892,45336
ecdsa-P-256,sign,456,16673,44750
ecdsa-P-256,sign,457,16661,44722
ecdsa-P-256,sign,458,16850,45234
ecdsa-P-256,sign,459,16743,44936
ecdsa-P-256,sign,460,16718,44872
ecdsa-P-256,sign,461,16812,45120
ecdsa-P-256,sign,462,16690,44800
ecdsa-P-256,sign,463,16672,44752
ecdsa-P-256,sign,464,16689,44794
ecdsa-P-256,sign,465,16688,44794
ecdsa-P-256,sign,466,16703,44824
ecdsa-P-256,sign,467,16713,44862
ecdsa-P-256,sign,468,16699,44822
ecdsa-P-256,sign,469,16774,45030
ecdsa-P-256,sign,470,16632,44640
ecdsa-P-256,sign,471,16784,45046
ecdsa-P-256,sign,472,16741,44930
ecdsa-P-256,sign,473,16642,44670
ecdsa-P-256,sign,474,16782,45044
ecdsa-P-256,sign,475,16743,44938
ecdsa-P-256,sign,476,16649,44686
ecdsa-P-256,sign,477,16614,44598
ecdsa-P-256,sign,478,16764,44992
ecdsa-P-256,sign,479,16689,44794
ecdsa-P-256,sign,480,16839,45198
ecdsa-P-256,sign,481,16822,45150
ecdsa-P-256,sign,482,16761,44986
ecdsa-P-256,sign,483,16787,45056
ecdsa-P-256,sign,484,16671,44746
ecdsa-P-256,sign,485,16702,44828
ecdsa-P-256,sign,486,16764,44996
ecdsa-P-256,sign,487,16730,44902
ecdsa-P-256,sign,488,16780,45034
ecdsa-P-256,sign,489,16722,44880
ecdsa-P-256,sign,490,16709,44850
ecdsa-P-256,sign,491,16764,44994
ecdsa-P-256,sign,492,16748,44954
ecdsa-P-256,sign,493,16815,45136
ecdsa-P-256,sign,494,16739,44926
ecdsa-P-256,sign,495,16635,44646
ecdsa-P-256,sign,496,16724,44888
ecdsa-P-256,sign,497,16747,44946
ecdsa-P-256,sign,498,16581,44504
ecdsa-P-256,sign,499,16729,44902
ecdsa-P-256,sign,500,16710,44846
ecdsa-P-256,sign,501,16725,44892
ecdsa-P-256,sign,502,16654,44698
ecdsa-P-256,sign,503,16690,44796
ecdsa-P-256,sign,504,16777,45034
ecdsa-P-256,sign,505,16646,44682
ecdsa-P-256,sign,506,16785,45052
ecdsa-P-256,sign,507,16665,44730
ecdsa-P-256,sign,508,16628,44630
ecdsa-P-256,sign,509,18197,48844
ecdsa-P-256,sign,510,16768,45004
ecdsa-P-256,sign,511,16759,44982
ecdsa-P-256,sign,512,16705,44838
ecdsa-P-256,sign,513,16728,44898
ecdsa-P-256,sign,514,16907,45380
ecdsa-P-256,sign,515,16820,45152
ecdsa-P-256,sign,516,16649,44688
ecdsa-P-256,sign,517,16703,44830
ecdsa-P-256,sign,518,16713,44852
ecdsa-P-256,sign,519,16670,44740
ecdsa-P-256,sign,520,16803,45102
ecdsa-P-256,sign,521,16744,44938
ecdsa-P-256,sign,522,16717,44872
ecdsa-P-256,sign,523,16669,44740
ecdsa-P-256,sign,524,16783,45048
ecdsa-P-256,sign,525,16643,44670
ecdsa-P-256,sign,526,16795,45080
ecdsa-P-256,sign,527,16569,44470
ecdsa-P-256,sign,528,16767,45006
ecdsa-P-256,sign,529,16610,44578
ecdsa-P-256,sign,530,16782,45042
ecdsa-P-256,sign,531,16866,45272
ecdsa-P-256,sign,532,16585,44512
ecdsa-P-256,sign,533,16722,44882
ecdsa-P-256,sign,534,16606,44570
ecdsa-P-256,sign,535,16772,45018
ecdsa-P-256,sign,536,16676,44756
ecdsa-P-256,sign,537,16811,45122
ecdsa-P-256,sign,538,16799,45088
ecdsa-P-256,sign,539,16684,44782
ecdsa-P-256,sign,540,16729,44902
ecdsa-P-256,sign,541,16748,44952
ecdsa-P-256,sign,542,16760,44982
ecdsa-P-256,sign,543,16650,44690
ecdsa-P-256,sign,544,16741,44932
ecdsa-P-256,sign,545,16616,44598
ecdsa-P-256,sign,546,16605,44568
ecdsa-P-256,sign,547,16577,44494
ecdsa-P-256,sign,548,16761,44988
ecdsa-P-256,sign,549,16748,44954
ecdsa-P-256,sign,550,16752,44962
ecdsa-P-256,sign,551,16780,45036
ecdsa-P-256,sign,552,16636,44646
ecdsa-P-256,sign,553,16701,44822
ecdsa-P-256,sign,554,16749,44952
ecdsa-P-256,sign,555,16809,45118
ecdsa-P-256,sign,556,16721,44878
ecdsa-P-256,sign,557,16811,45116
ecdsa-P-256,sign,558,16801,45094
ecdsa-P-256,sign,559,16847,45218
ecdsa-P-256,sign,560,16849,45224
ecdsa-P-256,sign,561,16733,44916
ecdsa-P-256,sign,562,16724,44886
ecdsa-P-256,sign,563,16689,44796
ecdsa-P-256,sign,564,16747,44950
ecdsa-P-256,sign,565,16640,44662
ecdsa-P-256,sign,566,16717,44870
ecdsa-P-256,sign,567,17718,47562
ecdsa-P-256,sign,568,16783,45050
ecdsa-P-256,sign,569,16766,45000
ecdsa-P-256,sign,570,16720,44880
ecdsa-P-256,sign,571,16821,45148
ecdsa-P-256,sign,572,16760,44984
ecdsa-P-256,sign,573,16676,44766
ecdsa-P-256,sign,574,16922,45418
ecdsa-P-256,sign,575,17552,47116
ecdsa-P-256,sign,576,18040,48424
ecdsa-P-256,sign,577,16731,44912
ecdsa-P-256,sign,578,16679,44770
ecdsa-P-256,sign,579,16767,45006
ecdsa-P-256,sign,580,16752,44970
ecdsa-P-256,sign,581,16697,44810
ecdsa-P-256,sign,582,16789,45062
ecdsa-P-256,sign,583,16653,44700
ecdsa-P-256,sign,584,16709,44850
ecdsa-P-256,sign,585,16714,44864
ecdsa-P-256,sign,586,16821,45148
ecdsa-P-256,sign,587,16728,44902
ecdsa-P-256,sign,588,16799,45094
ecdsa-P-256,sign,589,16806,45110
ecdsa-P-256,sign,590,16761,44994
ecdsa-P-256,sign,591,16686,44788
ecdsa-P-256,sign,592,16679,44772
ecdsa-P-256,sign,593,16810,45118
ecdsa-P-256,sign,594,16843,45208
ecdsa-P-256,sign,595,16736,44926
ecdsa-P-256,sign,596,16705,44840
ecdsa-P-256,sign,597,16741,44936
ecdsa-P-256,sign,598,16780,45042
ecdsa-P-256,sign,599,16673,44750
ecdsa-P-256,sign,600,16666,44732
ecdsa-P-256,sign,601,16694,44812
ecdsa-P-256,sign,602,16815,45132
ecdsa-P-256,sign,603,16775,45022
ecdsa-P-256,sign,604,16751,44966
ecdsa-P-256,sign,605,16809,45116
ecdsa-P-256,sign,606,16825,45160
ecdsa-P-256,sign,607,16715,44864
ecdsa-P-256,sign,608,16721,44880
ecdsa-P-256,sign,609,16760,44990
ecdsa-P-256,sign,610,16664,44726
ecdsa-P-256,sign,611,16807,45114
ecdsa-P-256,sign,612,16819,45142
ecdsa-P-256,sign,613,16811,45124
ecdsa-P-256,sign,614,16709,44844
ecdsa-P-256,sign,615,16893,45344
ecdsa-P-256,sign,616,16756,44978
ecdsa-P-256,sign,617,16730,44908
ecdsa-P-256,sign,618,16715,44870
ecdsa-P-256,sign,619,16738,44924
ecdsa-P-256,sign,620,16819,45152
ecdsa-P-256,sign,621,16738,44932
ecdsa-P-256,sign,622,16769,45014
ecdsa-P-256,sign,623,16631,44638
ecdsa-P-256,sign,624,16714,44864
ecdsa-P-256,sign,625,17942,48164
ecdsa-P-256,sign,626,16924,45428
ecdsa-P-256,sign,627,16735,44920
ecdsa-P-256,sign,628,16745,44942
ecdsa-P-256,sign,629,16561,44448
ecdsa-P-256,sign,630,16745,44942
ecdsa-P-256,sign,631,16864,45264
ecdsa-P-256,sign,632,16677,44762
ecdsa-P-256,sign,633,16725,44890
ecdsa-P-256,sign,634,16724,44886
ecdsa-P-256,sign,635,16715,44864
ecdsa-P-256,sign,636,16793,45074
ecdsa-P-256,sign,637,16701,44826
ecdsa-P-256,sign,638,16697,44816
ecdsa-P-256,sign,639,16700,44822
ecdsa-P-256,sign,640,16756,44974
ecdsa-P-256,sign,641,16678,44768
ecdsa-P-256,sign,642,16782,45044
ecdsa-P-256,sign,643,16536,44384
ecdsa-P-256,sign,644,16797,45082
ecdsa-P-256,sign,645,16655,44702
ecdsa-P-256,sign,646,16736,44914
ecdsa-P-256,sign,647,16760,44984
ecdsa-P-256,sign,648,16739,44926
ecdsa-P-256,sign,649,16677,44762
ecdsa-P-256,sign,650,16735,44922
ecdsa-P-256,sign,651,16665,44730
ecdsa-P-256,sign,652,16710,44846
ecdsa-P-256,sign,653,16777,45032
ecdsa-P-256,sign,654,16655,44700
ecdsa-P-256,sign,655,16808,45110
ecdsa-P-256,sign,656,16778,45038
ecdsa-P-256,sign,657,16716,44866
ecdsa-P-256,sign,658,16714,44864
ecdsa-P-256,sign,659,16759,44986
ecdsa-P-256,sign,660,16630,44632
ecdsa-P-256,sign,661,16758,44980
ecdsa-P-256,sign,662,16734,44916
ecdsa-P-256,sign,663,16523,44348
ecdsa-P-256,sign,664,16689,44794
ecdsa-P-256,sign,665,16643,44672
ecdsa-P-256,sign,666,16849,45224
ecdsa-P-256,sign,667,16597,44546
ecdsa-P-256,sign,668,16796,45080
ecdsa-P-256,sign,669,16682,44774
ecdsa-P-256,sign,670,16721,44882
ecdsa-P-256,sign,671,16776,45030
ecdsa-P-256,sign,672,16687,44788
ecdsa-P-256,sign,673,16728,44900
ecdsa-P-256,sign,674,16652,44694
ecdsa-P-256,sign,675,16874,45298
ecdsa-P-256,sign,676,16716,44870
ecdsa-P-256,sign,677,16687,44790
ecdsa-P-256,sign,678,16595,44550
ecdsa-P-256,sign,679,16649,44690
ecdsa-P-256,sign,680,16784,45054
ecdsa-P-256,sign,681,16626,44624
ecdsa-P-256,sign,682,16770,45018
ecdsa-P-256,sign,683,16892,45340
ecdsa-P-256,sign,684,18752,50336
ecdsa-P-256,sign,685,16725,44892
ecdsa-P-256,sign,686,16700,44822
ecdsa-P-256,sign,687,16683,44780
ecdsa-P-256,sign,688,16710,44848
ecdsa-P-256,sign,689,16763,44992
ecdsa-P-256,sign,690,16833,45182
ecdsa-P-256,sign,691,16694,44806
ecdsa-P-256,sign,692,16639,44660
ecdsa-P-256,sign,693,16643,44666
ecdsa-P-256,sign,694,16704,44836
ecdsa-P-256,sign,695,16735,44922
ecdsa-P-256,sign,696,16674,44752
ecdsa-P-256,sign,697,16683,44782
ecdsa-P-256,sign,698,16800,45096
ecdsa-P-256,sign,699,16782,45046
ecdsa-P-256,sign,700,16707,44842
ecdsa-P-256,sign,701,16717,44868
ecdsa-P-256,sign,702,16694,44804
ecdsa-P-256,sign,703,16629,44636
ecdsa-P-256,sign,704,16707,44840
ecdsa-P-256,sign,705,16697,44816
ecdsa-P-256,sign,706,16684,44788
ecdsa-P-256,sign,707,16618,44602
ecdsa-P-256,sign,708,16655,44702
ecdsa-P-256,sign,709,16709,44844
ecdsa-P-256,sign,710,16800,45092
ecdsa-P-256,sign,711,16723,44884
ecdsa-P-256,sign,712,16723,44884
ecdsa-P-256,sign,713,16791,45068
ecdsa-P-256,sign,714,16714,44858
ecdsa-P-256,sign,715,16722,44882
ecdsa-P-256,sign,716,16632,44638
ecdsa-P-256,sign,717,16720,44880
ecdsa-P-256,sign,718,16657,44712
ecdsa-P-256,sign,719,16720,44878
ecdsa-P-256,sign,720,16665,44730
ecdsa-P-256,sign,721,16700,44828
ecdsa-P-256,sign,722,16799,45090
ecdsa-P-256,sign,723,16743,44938
ecdsa-P-256,sign,724,16644,44674
ecdsa-P-256,sign,725,16700,44824
ecdsa-P-256,sign,726,16699,44824
ecdsa-P-256,sign,727,16625,44628
ecdsa-P-256,sign,728,16690,44794
ecdsa-P-256,sign,729,16685,44780
ecdsa-P-256,sign,730,16715,44864
ecdsa-P-256,sign,731,16637,44654
ecdsa-P-256,sign,732,16652,44694
ecdsa-P-256,sign,733,16731,44906
ecdsa-P-256,sign,734,16653,44698
ecdsa-P-256,sign,735,16691,44802
ecdsa-P-256,sign,736,16608,44576
ecdsa-P-256,sign,737,16739,44924
ecdsa-P-256,sign,738,16677,44760
ecdsa-P-256,sign,739,16647,44682
ecdsa-P-256,sign,740,16619,44606
ecdsa-P-256,sign,741,16649,44690
ecdsa-P-256,sign,742,19423,52142
ecdsa-P-256,sign,743,16865,45266
ecdsa-P-256,sign,744,17501,46974
ecdsa-P-256,sign,745,17343,46548
ecdsa-P-256,sign,746,17467,46882
ecdsa-P-256,sign,747,17544,47090
ecdsa-P-256,sign,748,17543,47090
ecdsa-P-256,sign,749,17621,47298
ecdsa-P-256,sign,750,17533,47064
ecdsa-P-256,sign,751,18172,48784
ecdsa-P-256,sign,752,16725,44888
ecdsa-P-256,sign,753,16799,45090
ecdsa-P-256,sign,754,16744,44940
ecdsa-P-256,sign,755,16710,44848
ecdsa-P-256,sign,756,16587,44516
ecdsa-P-256,sign,757,16634,44648
ecdsa-P-256,sign,758,16602,44560
ecdsa-P-256,sign,759,16638,44656
ecdsa-P-256,sign,760,16725,44888
ecdsa-P-256,sign,761,16770,45010
ecdsa-P-256,sign,762,16779,45034
ecdsa-P-256,sign,763,16664,44726
ecdsa-P-256,sign,764,16639,44654
ecdsa-P-256,sign,765,16669,44738
ecdsa-P-256,sign,766,16723,44882
ecdsa-P-256,sign,767,16701,44828
ecdsa-P-256,sign,768,16818,45142
ecdsa-P-256,sign,769,16822,45152
ecdsa-P-256,sign,770,16661,44716
ecdsa-P-256,sign,771,16812,45122
ecdsa-P-256,sign,772,16703,44830
ecdsa-P-256,sign,773,16733,44914
ecdsa-P-256,sign,774,16706,44838
ecdsa-P-256,sign,775,16675,44760
ecdsa-P-256,sign,776,16689,44792
ecdsa-P-256,sign,777,16741,44934
ecdsa-P-256,sign,778,16813,45126
ecdsa-P-256,sign,779,16758,44978
ecdsa-P-256,sign,780,16796,45080
ecdsa-P-256,sign,781,16679,44764
ecdsa-P-256,sign,782,16813,45126
ecdsa-P-256,sign,783,16565,44458
ecdsa-P-256,sign,784,16639,44652
ecdsa-P-256,sign,785,16746,44948
ecdsa-P-256,sign,786,16750,44958
ecdsa-P-256,sign,787,16822,45150
ecdsa-P-256,sign,788,16726,44890
ecdsa-P-256,sign,789,16750,44958
ecdsa-P-256,sign,790,16617,44600
ecdsa-P-256,sign,791,16787,45058
ecdsa-P-256,sign,792,16600,44556
ecdsa-P-256,sign,793,16661,44716
ecdsa-P-256,sign,794,16717,44868
ecdsa-P-256,sign,795,16828,45168
ecdsa-P-256,sign,796,16643,44672
ecdsa-P-256,sign,797,16692,44802
ecdsa-P-256,sign,798,16759,44984
ecdsa-P-256,sign,799,16739,44928
ecdsa-P-256,sign,800,18279,49066
ecdsa-P-256,sign,801,16898,45352
ecdsa-P-256,sign,802,17631,47326
ecdsa-P-256,sign,803,17488,46942
ecdsa-P-256,sign,804,17504,46982
ecdsa-P-256,sign,805,17510,46998
ecdsa-P-256,sign,806,17292,46410
ecdsa-P-256,sign,807,17561,47130
ecdsa-P-256,sign,808,18375,49320
ecdsa-P-256,sign,809,16816,45134
ecdsa-P-256,sign,810,16802,45098
ecdsa-P-256,sign,811,16736,44922
ecdsa-P-256,sign,812,16645,44676
ecdsa-P-256,sign,813,16663,44724
ecdsa-P-256,sign,814,16705,44836
ecdsa-P-256,sign,815,16686,44782
ecdsa-P-256,sign,816,16704,44832
ecdsa-P-256,sign,817,16686,44790
ecdsa-P-256,sign,818,16827,45166
ecdsa-P-256,sign,819,16699,44816
ecdsa-P-256,sign,820,16618,44602
ecdsa-P-256,sign,821,16676,44756
ecdsa-P-256,sign,822,16697,44812
ecdsa-P-256,sign,823,16674,44754
ecdsa-P-256,sign,824,16706,44840
ecdsa-P-256,sign,825,16771,45014
ecdsa-P-256,sign,826,16691,44802
ecdsa-P-256,sign,827,16760,44984
ecdsa-P-256,sign,828,16713,44858
ecdsa-P-256,sign,829,16745,44948
ecdsa-P-256,sign,830,16768,45014
ecdsa-P-256,sign,831,16808,45110
ecdsa-P-256,sign,832,16711,44852
ecdsa-P-256,sign,833,16774,45022
ecdsa-P-256,sign,834,16741,44932
ecdsa-P-256,sign,835,16725,44890
ecdsa-P-256,sign,836,16775,45024
ecdsa-P-256,sign,837,16667,44730
ecdsa-P-256,sign,838,16701,44824
ecdsa-P-256,sign,839,16772,45014
ecdsa-P-256,sign,840,16834,45188
ecdsa-P-256,sign,841,16796,45076
ecdsa-P-256,sign,842,16743,44938
ecdsa-P-256,sign,843,16659,44710
ecdsa-P-256,sign,844,16763,44992
ecdsa-P-256,sign,845,16804,45104
ecdsa-P-256,sign,846,16749,44954
ecdsa-P-256,sign,847,16701,44824
ecdsa-P-256,sign,848,16696,44810
ecdsa-P-256,sign,849,16706,44838
ecdsa-P-256,sign,850,16831,45172
ecdsa-P-256,sign,851,16670,44742
ecdsa-P-256,sign,852,16639,44658
ecdsa-P-256,sign,853,16720,44878
ecdsa-P-256,sign,854,16733,44912
ecdsa-P-256,sign,855,16770,45012
ecdsa-P-256,sign,856,16759,44982
ecdsa-P-256,sign,857,16722,44882
ecdsa-P-256,sign,858,23247,62352
ecdsa-P-256,sign,859,16927,45436
ecdsa-P-256,sign,860,16700,44822
ecdsa-P-256,sign,861,16724,44886
ecdsa-P-256,sign,862,16805,45106
ecdsa-P-256,sign,863,16721,44882
ecdsa-P-256,sign,864,16651,44690
ecdsa-P-256,sign,865,16632,44638
ecdsa-P-256,sign,866,16783,45048
ecdsa-P-256,sign,867,16732,44906
ecdsa-P-256,sign,868,16662,44718
ecdsa-P-256,sign,869,16687,44784
ecdsa-P-256,sign,870,16786,45058
ecdsa-P-256,sign,871,16741,44934
ecdsa-P-256,sign,872,16698,44820
ecdsa-P-256,sign,873,16800,45094
ecdsa-P-256,sign,874,16779,45036
ecdsa-P-256,sign,875,16772,45020
ecdsa-P-256,sign,876,16700,44828
ecdsa-P-256,sign,877,16731,44906
ecdsa-P-256,sign,878,16706,44840
ecdsa-P-256,sign,879,16630,44636
ecdsa-P-256,sign,880,16834,45180
ecdsa-P-256,sign,881,16856,45244
ecdsa-P-256,sign,882,16717,44870
ecdsa-P-256,sign,883,16708,44844
ecdsa-P-256,sign,884,16632,44638
ecdsa-P-256,sign,885,16807,45114
ecdsa-P-256,sign,886,16689,44794
ecdsa-P-256,sign,887,16606,44570
ecdsa-P-256,sign,888,16696,44812
ecdsa-P-256,sign,889,16736,44918
ecdsa-P-256,sign,890,16729,44904
ecdsa-P-256,sign,891,16698,44818
ecdsa-P-256,sign,892,16772,45014
ecdsa-P-256,sign,893,16790,45072
ecdsa-P-256,sign,894,16746,44952
ecdsa-P-256,sign,895,16758,44980
ecdsa-P-256,sign,896,16655,44704
ecdsa-P-256,sign,897,16796,45082
ecdsa-P-256,sign,898,16657,44708
ecdsa-P-256,sign,899,16678,44762
ecdsa-P-256,sign,900,16834,45184
ecdsa-P-256,sign,901,16732,44906
ecdsa-P-256,sign,902,16726,44892
ecdsa-P-256,sign,903,16694,44810
ecdsa-P-256,sign,904,16744,44938
ecdsa-P-256,sign,905,16749,44958
ecdsa-P-256,sign,906,16627,44628
ecdsa-P-256,sign,907,16767,45006
ecdsa-P-256,sign,908,16739,44926
ecdsa-P-256,sign,909,16739,44924
ecdsa-P-256,sign,910,16730,44900
ecdsa-P-256,sign,911,16793,45070
ecdsa-P-256,sign,912,16694,44806
ecdsa-P-256,sign,913,16759,44980
ecdsa-P-256,sign,914,16764,44994
ecdsa-P-256,sign,915,16664,44726
ecdsa-P-256,sign,916,18165,48760
ecdsa-P-256,sign,917,16703,44830
ecdsa-P-256,sign,918,16718,44872
ecdsa-P-256,sign,919,16769,45008
ecdsa-P-256,sign,920,16761,44986
ecdsa-P-256,sign,921,16761,44986
ecdsa-P-256,sign,922,16736,44920
ecdsa-P-256,sign,923,16686,44784
ecdsa-P-256,sign,924,16672,44748
ecdsa-P-256,sign,925,16712,44854
ecdsa-P-256,sign,926,16653,44696
ecdsa-P-256,sign,927,16790,45070
ecdsa-P-256,sign,928,16678,44766
ecdsa-P-256,sign,929,16753,44968
ecdsa-P-256,sign,930,16834,45184
ecdsa-P-256,sign,931,16791,45068
ecdsa-P-256,sign,932,16698,44816
ecdsa-P-256,sign,933,16564,44456
ecdsa-P-256,sign,934,16640,44662
ecdsa-P-256,sign,935,16675,44754
ecdsa-P-256,sign,936,16707,44842
ecdsa-P-256,sign,937,16704,44836
ecdsa-P-256,sign,938,16684,44780
ecdsa-P-256,sign,939,16723,44890
ecdsa-P-256,sign,940,16740,44926
ecdsa-P-256,sign,941,16820,45146
ecdsa-P-256,sign,942,16789,45062
ecdsa-P-256,sign,943,16709,44846
ecdsa-P-256,sign,944,16718,44872
ecdsa-P-256,sign,945,16766,45000
ecdsa-P-256,sign,946,16641,44662
ecdsa-P-256,sign,947,16742,44938
ecdsa-P-256,sign,948,16754,44966
ecdsa-P-256,sign,949,16745,44946
ecdsa-P-256,sign,950,16846,45212
ecdsa-P-256,sign,951,16774,45024
ecdsa-P-256,sign,952,16690,44796
ecdsa-P-256,sign,953,16844,45208
ecdsa-P-256,sign,954,16681,44774
ecdsa-P-256,sign,955,16668,44740
ecdsa-P-256,sign,956,16765,45002
ecdsa-P-256,sign,957,16734,44916
ecdsa-P-256,sign,958,16713,44854
ecdsa-P-256,sign,959,16667,44734
ecdsa-P-256,sign,960,16741,44930
ecdsa-P-256,sign,961,16663,44722
ecdsa-P-256,sign,962,16704,44832
ecdsa-P-256,sign,963,16777,45030
ecdsa-P-256,sign,964,16696,44812
ecdsa-P-256,sign,965,16791,45068
ecdsa-P-256,sign,966,16707,44844
ecdsa-P-256,sign,967,16886,45324
ecdsa-P-256,sign,968,16645,44676
ecdsa-P-256,sign,969,16597,44544
ecdsa-P-256,sign,970,16643,44672
ecdsa-P-256,sign,971,16730,44910
ecdsa-P-256,sign,972,16725,44896
ecdsa-P-256,sign,973,16718,44880
ecdsa-P-256,sign,974,18144,48704
ecdsa-P-256,sign,975,16733,44912
ecdsa-P-256,sign,976,16787,45058
ecdsa-P-256,sign,977,16726,44894
ecdsa-P-256,sign,978,16780,45040
ecdsa-P-256,sign,979,16794,45076
ecdsa-P-256,sign,980,16712,44854
ecdsa-P-256,sign,981,16768,45008
ecdsa-P-256,sign,982,16680,44770
ecdsa-P-256,sign,983,16701,44828
ecdsa-P-256,sign,984,16687,44784
ecdsa-P-256,sign,985,16668,44734
ecdsa-P-256,sign,986,16614,44596
ecdsa-P-256,sign,987,16747,44950
ecdsa-P-256,sign,988,16674,44754
ecdsa-P-256,sign,989,16669,44742
ecdsa-P-256,sign,990,16606,44568
ecdsa-P-256,sign,991,16692,44800
ecdsa-P-256,sign,992,16688,44792
ecdsa-P-256,sign,993,16819,45140
ecdsa-P-256,sign,994,16765,44996
ecdsa-P-256,sign,995,16781,45036
ecdsa-P-256,sign,996,16735,44914
ecdsa-P-256,sign,997,16738,44928
ecdsa-P-256,sign,998,16697,44814
ecdsa-P-256,sign,999,16678,44762
ecdsa-P-256,verify,0,52908,142124
ecdsa-P-256,verify,1,52803,141872
ecdsa-P-256,verify,2,52780,141780
ecdsa-P-256,verify,3,52824,141898
ecdsa-P-256,verify,4,52602,141332
ecdsa-P-256,verify,5,52647,141454
ecdsa-P-256,verify,6,52642,141446
ecdsa-P-256,verify,7,52810,141892
ecdsa-P-256,verify,8,52709,141618
ecdsa-P-256,verify,9,52683,141544
ecdsa-P-256,verify,10,52654,141470
ecdsa-P-256,verify,11,52544,141178
ecdsa-P-256,verify,12,52598,141318
ecdsa-P-256,verify,13,52661,141488
ecdsa-P-256,verify,14,52682,141546
ecdsa-P-256,verify,15,52683,141548
ecdsa-P-256,verify,16,54009,145114
ecdsa-P-256,verify,17,52492,141036
ecdsa-P-256,verify,18,52516,141100
ecdsa-P-256,verify,19,52561,141222
ecdsa-P-256,verify,20,52645,141446
ecdsa-P-256,verify,21,52567,141234
ecdsa-P-256,verify,22,52412,140820
ecdsa-P-256,verify,23,52540,141162
ecdsa-P-256,verify,24,52531,141142
ecdsa-P-256,verify,25,52396,140780
ecdsa-P-256,verify,26,52450,140924
ecdsa-P-256,verify,27,52382,140738
ecdsa-P-256,verify,28,52483,141012
ecdsa-P-256,verify,29,52416,140830
ecdsa-P-256,verify,30,52458,140946
ecdsa-P-256,verify,31,52308,140544
ecdsa-P-256,verify,32,52509,141082
ecdsa-P-256,verify,33,52633,141412
ecdsa-P-256,verify,34,55144,148166
ecdsa-P-256,verify,35,54282,145850
ecdsa-P-256,verify,36,54828,147312
ecdsa-P-256,verify,37,52608,141346
ecdsa-P-256,verify,38,52593,141308
ecdsa-P-256,verify,39,52596,141314
ecdsa-P-256,verify,40,52617,141370
ecdsa-P-256,verify,41,52670,141514
ecdsa-P-256,verify,42,52569,141242
ecdsa-P-256,verify,43,52618,141372
ecdsa-P-256,verify,44,52423,140852
ecdsa-P-256,verify,45,52569,141242
ecdsa-P-256,verify,46,52498,141054
ecdsa-P-256,verify,47,52460,140946
ecdsa-P-256,verify,48,52419,140840
ecdsa-P-256,verify,49,52561,141220
ecdsa-P-256,verify,50,52482,141010
ecdsa-P-256,verify,51,52405,140802
ecdsa-P-256,verify,52,52547,141184
ecdsa-P-256,verify,53,54710,146994
ecdsa-P-256,verify,54,52858,142020
ecdsa-P-256,verify,55,52720,141650
ecdsa-P-256,verify,56,52862,142034
ecdsa-P-256,verify,57,52694,141578
ecdsa-P-256,verify,58,52585,141292
ecdsa-P-256,verify,59,52578,141264
ecdsa-P-256,verify,60,52816,141904
ecdsa-P-256,verify,61,52833,141948
ecdsa-P-256,verify,62,52743,141708
ecdsa-P-256,verify,63,52585,141280
ecdsa-P-256,verify,64,52613,141358
ecdsa-P-256,verify,65,52818,141912
ecdsa-P-256,verify,66,52676,141530
ecdsa-P-256,verify,67,52536,141156
ecdsa-P-256,verify,68,52651,141462
ecdsa-P-256,verify,69,52745,141714
ecdsa-P-256,verify,70,52660,141486
ecdsa-P-256,verify,71,52705,141608
ecdsa-P-256,verify,72,54285,145854
ecdsa-P-256,verify,73,52660,141492
ecdsa-P-256,verify,74,52787,141826
ecdsa-P-256,verify,75,52885,142094
ecdsa-P-256,verify,76,52708,141616
ecdsa-P-256,verify,77,52675,141526
ecdsa-P-256,verify,78,52722,141652
ecdsa-P-256,verify,79,52556,141204
ecdsa-P-256,verify,80,52535,141150
ecdsa-P-256,verify,81,52560,141216
ecdsa-P-256,verify,82,52541,141170
ecdsa-P-256,verify,83,52802,141868
ecdsa-P-256,verify,84,55370,148758
ecdsa-P-256,verify,85,57249,153806
ecdsa-P-256,verify,86,52557,141212
ecdsa-P-256,verify,87,52639,141436
ecdsa-P-256,verify,88,52447,140916
ecdsa-P-256,verify,89,52529,141134
ecdsa-P-256,verify,90,52437,140888
ecdsa-P-256,verify,91,54092,145332
ecdsa-P-256,verify,92,52382,140740
ecdsa-P-256,verify,93,52448,140918
ecdsa-P-256,verify,94,52791,141822
ecdsa-P-256,verify,95,57216,153714
ecdsa-P-256,verify,96,52545,141182
ecdsa-P-256,verify,97,52610,141354
ecdsa-P-256,verify,98,52721,141648
ecdsa-P-256,verify,99,52734,141682
ecdsa-P-256,verify,100,52517,141104
ecdsa-P-256,verify,101,52497,141054
ecdsa-P-256,verify,102,52579,141270
ecdsa-P-256,verify,103,52548,141182
ecdsa-P-256,verify,104,52552,141198
ecdsa-P-256,verify,105,52593,141310
ecdsa-P-256,verify,106,52524,141120
ecdsa-P-256,verify,107,52530,141136
ecdsa-P-256,verify,108,52515,141092
ecdsa-P-256,verify,109,54223,145690
ecdsa-P-256,verify,110,52575,141258
ecdsa-P-256,verify,111,52682,141546
ecdsa-P-256,verify,112,52842,141980
ecdsa-P-256,verify,113,52727,141668
ecdsa-P-256,verify,114,52805,141874
ecdsa-P-256,verify,115,52666,141502
ecdsa-P-256,verify,116,52549,141188
ecdsa-P-256,verify,117,52691,141572
ecdsa-P-256,verify,118,52744,141714
ecdsa-P-256,verify,119,52703,141604
ecdsa-P-256,verify,120,52674,141522
ecdsa-P-256,verify,121,52704,141604
ecdsa-P-256,verify,122,52593,141312
ecdsa-P-256,verify,123,52580,141268
ecdsa-P-256,verify,124,52575,141260
ecdsa-P-256,verify,125,52616,141366
ecdsa-P-256,verify,126,52589,141296
ecdsa-P-256,verify,127,52684,141552
ecdsa-P-256,verify,128,53647,144130
ecdsa-P-256,verify,129,52506,141074
ecdsa-P-256,verify,130,52547,141186
ecdsa-P-256,verify,131,52646,141450
ecdsa-P-256,verify,132,52593,141308
ecdsa-P-256,verify,133,52724,141656
ecdsa-P-256,verify,134,52556,141212
ecdsa-P-256,verify,135,52474,140990
ecdsa-P-256,verify,136,52581,141272
ecdsa-P-256,verify,137,52504,141064
ecdsa-P-256,verify,138,52657,141482
ecdsa-P-256,verify,139,52531,141140
ecdsa-P-256,verify,140,52528,141134
ecdsa-P-256,verify,141,52589,141296
ecdsa-P-256,verify,142,52645,141450
ecdsa-P-256,verify,143,52502,141062
ecdsa-P-256,verify,144,52716,141638
ecdsa-P-256,verify,145,52517,141104
ecdsa-P-256,verify,146,52538,141164
ecdsa-P-256,verify,147,53983,145042
ecdsa-P-256,verify,148,52721,141650
ecdsa-P-256,verify,149,52775,141794
ecdsa-P-256,verify,150,52682,141548
ecdsa-P-256,verify,151,52673,141524
ecdsa-P-256,verify,152,52572,141250
ecdsa-P-256,verify,153,52566,141232
ecdsa-P-256,verify,154,52672,141520
ecdsa-P-256,verify,155,52701,141600
ecdsa-P-256,verify,156,52772,141792
ecdsa-P-256,verify,157,52539,141164
ecdsa-P-256,verify,158,52751,141732
ecdsa-P-256,verify,159,52803,141874
ecdsa-P-256,verify,160,52666,141502
ecdsa-P-256,verify,161,52601,141326
ecdsa-P-256,verify,162,52549,141190
ecdsa-P-256,verify,163,52585,141284
ecdsa-P-256,verify,164,52616,141366
ecdsa-P-256,verify,165,52633,141418
ecdsa-P-256,verify,166,53771,144474
ecdsa-P-256,verify,167,52564,141232
ecdsa-P-256,verify,168,52537,141160
ecdsa-P-256,verify,169,52602,141334
ecdsa-P-256,verify,170,52684,141550
ecdsa-P-256,verify,171,52780,141810
ecdsa-P-256,verify,172,52382,140740
ecdsa-P-256,verify,173,52565,141234
ecdsa-P-256,verify,174,52394,140772
ecdsa-P-256,verify,175,52561,141222
ecdsa-P-256,verify,176,52476,140994
ecdsa-P-256,verify,177,52610,141350
ecdsa-P-256,verify,178,52563,141224
ecdsa-P-256,verify,179,52583,141280
ecdsa-P-256,verify,180,52535,141150
ecdsa-P-256,verify,181,52620,141378
ecdsa-P-256,verify,182,52558,141208
ecdsa-P-256,verify,183,52526,141126
ecdsa-P-256,verify,184,52560,141216
ecdsa-P-256,verify,185,55485,149076
ecdsa-P-256,verify,186,54972,147704
ecdsa-P-256,verify,187,54934,147600
ecdsa-P-256,verify,188,53854,144692
ecdsa-P-256,verify,189,52591,141304
ecdsa-P-256,verify,190,52456,140938
ecdsa-P-256,verify,191,52680,141540
ecdsa-P-256,verify,192,52687,141562
ecdsa-P-256,verify,193,52528,141132
ecdsa-P-256,verify,194,52619,141376
ecdsa-P-256,verify,195,52555,141206
ecdsa-P-256,verify,196,52564,141228
ecdsa-P-256,verify,197,52660,141488
ecdsa-P-256,verify,198,52650,141460
ecdsa-P-256,verify,199,52584,141288
ecdsa-P-256,verify,200,52411,140822
ecdsa-P-256,verify,201,52589,141296
ecdsa-P-256,verify,202,52626,141398
ecdsa-P-256,verify,203,55240,148422
ecdsa-P-256,verify,204,77060,207076
ecdsa-P-256,verify,205,52557,141212
ecdsa-P-256,verify,206,52694,141576
ecdsa-P-256,verify,207,52743,141706
ecdsa-P-256,verify,208,52550,141188
ecdsa-P-256,verify,209,52472,140984
ecdsa-P-256,verify,210,52566,141232
ecdsa-P-256,verify,211,52733,141682
ecdsa-P-256,verify,212,52596,141316
ecdsa-P-256,verify,213,52577,141266
ecdsa-P-256,verify,214,52668,141510
ecdsa-P-256,verify,215,52523,141114
ecdsa-P-256,verify,216,52507,141078
ecdsa-P-256,verify,217,52454,140936
ecdsa-P-256,verify,218,52685,141558
ecdsa-P-256,verify,219,52708,141612
ecdsa-P-256,verify,220,52517,141106
ecdsa-P-256,verify,221,52689,141564
ecdsa-P-256,verify,222,54125,145422
ecdsa-P-256,verify,223,52523,141118
ecdsa-P-256,verify,224,52650,141462
ecdsa-P-256,verify,225,52708,141616
ecdsa-P-256,verify,226,52579,141270
ecdsa-P-256,verify,227,52661,141494
ecdsa-P-256,verify,228,52798,141856
ecdsa-P-256,verify,229,52542,141174
ecdsa-P-256,verify,230,52788,141830
ecdsa-P-256,verify,231,52642,141440
ecdsa-P-256,verify,232,52745,141714
ecdsa-P-256,verify,233,52622,141388
ecdsa-P-256,verify,234,52649,141462
ecdsa-P-256,verify,235,52751,141732
ecdsa-P-256,verify,236,52680,141540
ecdsa-P-256,verify,237,52736,141692
ecdsa-P-256,verify,238,52716,141638
ecdsa-P-256,verify,239,52643,141438
ecdsa-P-256,verify,240,52764,141768
ecdsa-P-256,verify,241,54317,145934
ecdsa-P-256,verify,242,52520,141106
ecdsa-P-256,verify,243,52375,140722
ecdsa-P-256,verify,244,52560,141214
ecdsa-P-256,verify,245,52719,141646
ecdsa-P-256,verify,246,52512,141088
ecdsa-P-256,verify,247,52541,141168
ecdsa-P-256,verify,248,52658,141484
ecdsa-P-256,verify,249,52486,141020
ecdsa-P-256,verify,250,52416,140832
ecdsa-P-256,verify,251,52489,141030
ecdsa-P-256,verify,252,52504,141066
ecdsa-P-256,verify,253,52582,141278
ecdsa-P-256,verify,254,52498,141052
ecdsa-P-256,verify,255,52502,141066
ecdsa-P-256,verify,256,52425,140856
ecdsa-P-256,verify,257,52449,140920
ecdsa-P-256,verify,258,52483,141014
ecdsa-P-256,verify,259,53593,143998
ecdsa-P-256,verify,260,52560,141220
ecdsa-P-256,verify,261,52410,140812
ecdsa-P-256,verify,262,52465,140964
ecdsa-P-256,verify,263,52272,140446
ecdsa-P-256,verify,264,52225,140318
ecdsa-P-256,verify,265,52368,140702
ecdsa-P-256,verify,266,52316,140562
ecdsa-P-256,verify,267,52350,140656
ecdsa-P-256,verify,268,52299,140516
ecdsa-P-256,verify,269,52303,140530
ecdsa-P-256,verify,270,52235,140350
ecdsa-P-256,verify,271,52364,140690
ecdsa-P-256,verify,272,52249,140388
ecdsa-P-256,verify,273,52424,140854
ecdsa-P-256,verify,274,52329,140600
ecdsa-P-256,verify,275,52282,140474
ecdsa-P-256,verify,276,52355,140672
ecdsa-P-256,verify,277,52334,140612
ecdsa-P-256,verify,278,55754,149802
ecdsa-P-256,verify,279,54354,146040
ecdsa-P-256,verify,280,55163,148114
ecdsa-P-256,verify,281,55606,149406
ecdsa-P-256,verify,282,53088,142634
ecdsa-P-256,verify,283,52443,140904
ecdsa-P-256,verify,284,52688,141564
ecdsa-P-256,verify,285,52415,140834
ecdsa-P-256,verify,286,52580,141270
ecdsa-P-256,verify,287,52366,140694
ecdsa-P-256,verify,288,52636,141418
ecdsa-P-256,verify,289,52532,141144
ecdsa-P-256,verify,290,52541,141168
ecdsa-P-256,verify,291,52582,141278
ecdsa-P-256,verify,292,52410,140812
ecdsa-P-256,verify,293,52392,140764
ecdsa-P-256,verify,294,52573,141254
ecdsa-P-256,verify,295,52301,140522
ecdsa-P-256,verify,296,52586,141288
ecdsa-P-256,verify,297,54093,145332
ecdsa-P-256,verify,298,54784,147196
ecdsa-P-256,verify,299,55083,147992
ecdsa-P-256,verify,300,55151,148178
ecdsa-P-256,verify,301,52434,140878
ecdsa-P-256,verify,302,52492,141038
ecdsa-P-256,verify,303,52555,141206
ecdsa-P-256,verify,304,52625,141390
ecdsa-P-256,verify,305,52599,141300
ecdsa-P-256,verify,306,52345,140638
ecdsa-P-256,verify,307,52402,140796
ecdsa-P-256,verify,308,52495,141042
ecdsa-P-256,verify,309,52498,141058
ecdsa-P-256,verify,310,52538,141156
ecdsa-P-256,verify,311,52370,140710
ecdsa-P-256,verify,312,52417,140838
ecdsa-P-256,verify,313,52408,140808
ecdsa-P-256,verify,314,52542,141174
ecdsa-P-256,verify,315,52443,140904
ecdsa-P-256,verify,316,54978,147718
ecdsa-P-256,verify,317,55169,148226
ecdsa-P-256,verify,318,55243,148432
ecdsa-P-256,verify,319,52675,141528
ecdsa-P-256,verify,320,52581,141278
ecdsa-P-256,verify,321,52469,140976
ecdsa-P-256,verify,322,52858,142020
ecdsa-P-256,verify,323,52522,141120
ecdsa-P-256,verify,324,52562,141224
ecdsa-P-256,verify,325,52612,141360
ecdsa-P-256,verify,326,52758,141752
ecdsa-P-256,verify,327,52601,141332
ecdsa-P-256,verify,328,52538,141158
ecdsa-P-256,verify,329,52657,141480
ecdsa-P-256,verify,330,52601,141330
ecdsa-P-256,verify,331,52559,141216
ecdsa-P-256,verify,332,52687,141558
ecdsa-P-256,verify,333,52674,141524
ecdsa-P-256,verify,334,54406,146176
ecdsa-P-256,verify,335,53698,144276
ecdsa-P-256,verify,336,54260,145786
ecdsa-P-256,verify,337,52337,140616
ecdsa-P-256,verify,338,52220,140304
ecdsa-P-256,verify,339,52286,140482
ecdsa-P-256,verify,340,52418,140838
ecdsa-P-256,verify,341,52345,140642
ecdsa-P-256,verify,342,52268,140434
ecdsa-P-256,verify,343,52330,140594
ecdsa-P-256,verify,344,52315,140560
ecdsa-P-256,verify,345,52280,140466
ecdsa-P-256,verify,346,52339,140628
ecdsa-P-256,verify,347,52324,140584
ecdsa-P-256,verify,348,52353,140662
ecdsa-P-256,verify,349,52403,140798
ecdsa-P-256,verify,350,52392,140770
ecdsa-P-256,verify,351,52309,140544
ecdsa-P-256,verify,352,52398,140786
ecdsa-P-256,verify,353,54342,146010
ecdsa-P-256,verify,354,52698,141584
ecdsa-P-256,verify,355,52527,141130
ecdsa-P-256,verify,356,52619,141376
ecdsa-P-256,verify,357,52617,141370
ecdsa-P-256,verify,358,52631,141412
ecdsa-P-256,verify,359,52700,141594
ecdsa-P-256,verify,360,52626,141398
ecdsa-P-256,verify,361,52598,141320
ecdsa-P-256,verify,362,52504,141068
ecdsa-P-256,verify,363,52705,141612
ecdsa-P-256,verify,364,52462,140958
ecdsa-P-256,verify,365,52611,141358
ecdsa-P-256,verify,366,52683,141550
ecdsa-P-256,verify,367,52453,140932
ecdsa-P-256,verify,368,52694,141578
ecdsa-P-256,verify,369,52557,141210
ecdsa-P-256,verify,370,52478,141002
ecdsa-P-256,verify,371,52568,141238
ecdsa-P-256,verify,372,53930,144900
ecdsa-P-256,verify,373,54570,146618
ecdsa-P-256,verify,374,55057,147926
ecdsa-P-256,verify,375,54568,146618
ecdsa-P-256,verify,376,52405,140804
ecdsa-P-256,verify,377,52435,140880
ecdsa-P-256,verify,378,52440,140894
ecdsa-P-256,verify,379,52417,140836
ecdsa-P-256,verify,380,52431,140872
ecdsa-P-256,verify,381,52474,140990
ecdsa-P-256,verify,382,52366,140700
ecdsa-P-256,verify,383,52433,140880
ecdsa-P-256,verify,384,52417,140834
ecdsa-P-256,verify,385,52365,140694
ecdsa-P-256,verify,386,52460,140950
ecdsa-P-256,verify,387,52353,140662
ecdsa-P-256,verify,388,52458,140946
ecdsa-P-256,verify,389,52454,140936
ecdsa-P-256,verify,390,52255,140402
ecdsa-P-256,verify,391,54339,145996
ecdsa-P-256,verify,392,54959,147670
ecdsa-P-256,verify,393,55047,147894
ecdsa-P-256,verify,394,53774,144480
ecdsa-P-256,verify,395,52418,140840
ecdsa-P-256,verify,396,52570,141244
ecdsa-P-256,verify,397,52414,140828
ecdsa-P-256,verify,398,52479,141002
ecdsa-P-256,verify,399,52524,141124
ecdsa-P-256,verify,400,52830,141940
ecdsa-P-256,verify,401,52564,141228
ecdsa-P-256,verify,402,52557,141210
ecdsa-P-256,verify,403,52489,141028
ecdsa-P-256,verify,404,52516,141102
ecdsa-P-256,verify,405,52573,141254
ecdsa-P-256,verify,406,52602,141332
ecdsa-P-256,verify,407,52551,141194
ecdsa-P-256,verify,408,52507,141076
ecdsa-P-256,verify,409,52602,141336
ecdsa-P-256,verify,410,53701,144286
ecdsa-P-256,verify,411,52656,141476
ecdsa-P-256,verify,412,52681,141546
ecdsa-P-256,verify,413,52465,140964
ecdsa-P-256,verify,414,52593,141308
ecdsa-P-256,verify,415,52618,141374
ecdsa-P-256,verify,416,52573,141260
ecdsa-P-256,verify,417,52456,140940
ecdsa-P-256,verify,418,52676,141534
ecdsa-P-256,verify,419,52651,141466
ecdsa-P-256,verify,420,52523,141120
ecdsa-P-256,verify,421,52606,141338
ecdsa-P-256,verify,422,52508,141080
ecdsa-P-256,verify,423,52542,141172
ecdsa-P-256,verify,424,52722,141656
ecdsa-P-256,verify,425,52636,141422
ecdsa-P-256,verify,426,52558,141218
ecdsa-P-256,verify,427,52532,141146
ecdsa-P-256,verify,428,54060,145252
ecdsa-P-256,verify,429,52562,141230
ecdsa-P-256,verify,430,52486,141022
ecdsa-P-256,verify,431,52574,141256
ecdsa-P-256,verify,432,52492,141038
ecdsa-P-256,verify,433,52386,140748
ecdsa-P-256,verify,434,52450,140924
ecdsa-P-256,verify,435,52636,141422
ecdsa-P-256,verify,436,52596,141320
ecdsa-P-256,verify,437,52267,140426
ecdsa-P-256,verify,438,52554,141202
ecdsa-P-256,verify,439,52438,140892
ecdsa-P-256,verify,440,52483,141012
ecdsa-P-256,verify,441,52479,141000
ecdsa-P-256,verify,442,52460,140950
ecdsa-P-256,verify,443,52331,140604
ecdsa-P-256,verify,444,52397,140782
ecdsa-P-256,verify,445,52528,141132
ecdsa-P-256,verify,446,52520,141108
ecdsa-P-256,verify,447,54340,146004
ecdsa-P-256,verify,448,54313,145930
ecdsa-P-256,verify,449,54990,147750
ecdsa-P-256,verify,450,54468,146346
ecdsa-P-256,verify,451,52467,140970
ecdsa-P-256,verify,452,52607,141346
ecdsa-P-256,verify,453,52515,141098
ecdsa-P-256,verify,454,52518,141104
ecdsa-P-256,verify,455,52571,141250
ecdsa-P-256,verify,456,52487,141022
ecdsa-P-256,verify,457,52585,141286
ecdsa-P-256,verify,458,52511,141086
ecdsa-P-256,verify,459,52400,140786
ecdsa-P-256,verify,460,52543,141170
ecdsa-P-256,verify,461,52541,141168
ecdsa-P-256,verify,462,52436,140886
ecdsa-P-256,verify,463,52444,140906
ecdsa-P-256,verify,464,52458,140944
ecdsa-P-256,verify,465,52557,141212
ecdsa-P-256,verify,466,54041,145192
ecdsa-P-256,verify,467,52608,141350
ecdsa-P-256,verify,468,52805,141878
ecdsa-P-256,verify,469,52598,141322
ecdsa-P-256,verify,470,52597,141320
ecdsa-P-256,verify,471,52656,141476
ecdsa-P-256,verify,472,52549,141190
ecdsa-P-256,verify,473,52742,141706
ecdsa-P-256,verify,474,52617,141370
ecdsa-P-256,verify,475,52665,141498
ecdsa-P-256,verify,476,52607,141348
ecdsa-P-256,verify,477,52625,141394
ecdsa-P-256,verify,478,52531,141140
ecdsa-P-256,verify,479,52630,141408
ecdsa-P-256,verify,480,52584,141284
ecdsa-P-256,verify,481,52576,141262
ecdsa-P-256,verify,482,52597,141322
ecdsa-P-256,verify,483,52786,141830
ecdsa-P-256,verify,484,52554,141206
ecdsa-P-256,verify,485,53785,144508
ecdsa-P-256,verify,486,52502,141060
ecdsa-P-256,verify,487,52842,141978
ecdsa-P-256,verify,488,52604,141334
ecdsa-P-256,verify,489,52633,141416
ecdsa-P-256,verify,490,52562,141224
ecdsa-P-256,verify,491,52442,140902
ecdsa-P-256,verify,492,52574,141256
ecdsa-P-256,verify,493,52489,141030
ecdsa-P-256,verify,494,52577,141266
ecdsa-P-256,verify,495,52647,141456
ecdsa-P-256,verify,496,52589,141298
ecdsa-P-256,verify,497,52461,140952
ecdsa-P-256,verify,498,52563,141226
ecdsa-P-256,verify,499,52507,141074
ecdsa-P-256,verify,500,52485,141018
ecdsa-P-256,verify,501,52507,141078
ecdsa-P-256,verify,502,52517,141100
ecdsa-P-256,verify,503,52629,141406
ecdsa-P-256,verify,504,54301,145900
ecdsa-P-256,verify,505,52440,140898
ecdsa-P-256,verify,506,52497,141050
ecdsa-P-256,verify,507,52470,140976
ecdsa-P-256,verify,508,52532,141148
ecdsa-P-256,verify,509,52666,141506
ecdsa-P-256,verify,510,52689,141568
ecdsa-P-256,verify,511,52560,141222
ecdsa-P-256,verify,512,52704,141610
ecdsa-P-256,verify,513,52677,141534
ecdsa-P-256,verify,514,52716,141642
ecdsa-P-256,verify,515,52533,141148
ecdsa-P-256,verify,516,52665,141504
ecdsa-P-256,verify,517,52454,140932
ecdsa-P-256,verify,518,52606,141344
ecdsa-P-256,verify,519,52676,141528
ecdsa-P-256,verify,520,52407,140808
ecdsa-P-256,verify,521,52604,141340
ecdsa-P-256,verify,522,52614,141360
ecdsa-P-256,verify,523,55806,149938
ecdsa-P-256,verify,524,52565,141234
ecdsa-P-256,verify,525,52808,141888
ecdsa-P-256,verify,526,52593,141308
ecdsa-P-256,verify,527,52588,141292
ecdsa-P-256,verify,528,52534,141142
ecdsa-P-256,verify,529,52495,141044
ecdsa-P-256,verify,530,52671,141516
ecdsa-P-256,verify,531,52503,141068
ecdsa-P-256,verify,532,52693,141576
ecdsa-P-256,verify,533,52501,141062
ecdsa-P-256,verify,534,52492,141040
ecdsa-P-256,verify,535,52589,141300
ecdsa-P-256,verify,536,52635,141420
ecdsa-P-256,verify,537,52505,141072
ecdsa-P-256,verify,538,52603,141334
ecdsa-P-256,verify,539,52480,141006
ecdsa-P-256,verify,540,52637,141426
ecdsa-P-256,verify,541,53688,144254
ecdsa-P-256,verify,542,52360,140682
ecdsa-P-256,verify,543,52438,140894
ecdsa-P-256,verify,544,52244,140368
ecdsa-P-256,verify,545,52268,140432
ecdsa-P-256,verify,546,52314,140558
ecdsa-P-256,verify,547,52248,140382
ecdsa-P-256,verify,548,52489,141026
ecdsa-P-256,verify,549,52312,140556
ecdsa-P-256,verify,550,52222,140312
ecdsa-P-256,verify,551,52410,140816
ecdsa-P-256,verify,552,52340,140632
ecdsa-P-256,verify,553,52298,140514
ecdsa-P-256,verify,554,52407,140808
ecdsa-P-256,verify,555,52263,140426
ecdsa-P-256,verify,556,52380,140740
ecdsa-P-256,verify,557,52320,140578
ecdsa-P-256,verify,558,52358,140674
ecdsa-P-256,verify,559,52430,140874
ecdsa-P-256,verify,560,53535,143840
ecdsa-P-256,verify,561,52452,140920
ecdsa-P-256,verify,562,52575,141254
ecdsa-P-256,verify,563,52470,140978
ecdsa-P-256,verify,564,52411,140822
ecdsa-P-256,verify,565,52416,140826
ecdsa-P-256,verify,566,52459,140944
ecdsa-P-256,verify,567,52383,140742
ecdsa-P-256,verify,568,52315,140560
ecdsa-P-256,verify,569,52486,141024
ecdsa-P-256,verify,570,52388,140760
ecdsa-P-256,verify,571,52400,140790
ecdsa-P-256,verify,572,52540,141168
ecdsa-P-256,verify,573,52346,140644
ecdsa-P-256,verify,574,52354,140668
ecdsa-P-256,verify,575,52521,141114
ecdsa-P-256,verify,576,52484,141016
ecdsa-P-256,verify,577,52309,140542
ecdsa-P-256,verify,578,52517,141108
ecdsa-P-256,verify,579,53625,144076
ecdsa-P-256,verify,580,52316,140566
ecdsa-P-256,verify,581,52639,141430
ecdsa-P-256,verify,582,52444,140908
ecdsa-P-256,verify,583,52492,141034
ecdsa-P-256,verify,584,52589,141298
ecdsa-P-256,verify,585,52351,140658
ecdsa-P-256,verify,586,52385,140750
ecdsa-P-256,verify,587,52477,140996
ecdsa-P-256,verify,588,52457,140936
ecdsa-P-256,verify,589,52435,140876
ecdsa-P-256,verify,590,52549,141186
ecdsa-P-256,verify,591,52441,140898
ecdsa-P-256,verify,592,52414,140826
ecdsa-P-256,verify,593,52555,141206
ecdsa-P-256,verify,594,52442,140902
ecdsa-P-256,verify,595,52491,141032
ecdsa-P-256,verify,596,52460,140946
ecdsa-P-256,verify,597,52462,140954
ecdsa-P-256,verify,598,53612,144038
ecdsa-P-256,verify,599,52460,140948
ecdsa-P-256,verify,600,52527,141132
ecdsa-P-256,verify,601,52497,141050
ecdsa-P-256,verify,602,52542,141172
ecdsa-P-256,verify,603,52505,141072
ecdsa-P-256,verify,604,52470,140978
ecdsa-P-256,verify,605,52478,140996
ecdsa-P-256,verify,606,52608,141348
ecdsa-P-256,verify,607,52476,140996
ecdsa-P-256,verify,608,52669,141510
ecdsa-P-256,verify,609,52568,141240
ecdsa-P-256,verify,610,52476,140992
ecdsa-P-256,verify,611,52416,140830
ecdsa-P-256,verify,612,52463,140960
ecdsa-P-256,verify,613,52509,141082
ecdsa-P-256,verify,614,52465,140968
ecdsa-P-256,verify,615,52582,141278
ecdsa-P-256,verify,616,52436,140886
ecdsa-P-256,verify,617,53669,144198
ecdsa-P-256,verify,618,52560,141218
ecdsa-P-256,verify,619,52508,141078
ecdsa-P-256,verify,620,52558,141216
ecdsa-P-256,verify,621,52656,141478
ecdsa-P-256,verify,622,52484,141016
ecdsa-P-256,verify,623,52610,141350
ecdsa-P-256,verify,624,52703,141602
ecdsa-P-256,verify,625,52709,141618
ecdsa-P-256,verify,626,52667,141506
ecdsa-P-256,verify,627,52758,141750
ecdsa-P-256,verify,628,52561,141222
ecdsa-P-256,verify,629,52623,141388
ecdsa-P-256,verify,630,52618,141376
ecdsa-P-256,verify,631,52619,141380
ecdsa-P-256,verify,632,52596,141318
ecdsa-P-256,verify,633,52580,141270
ecdsa-P-256,verify,634,52614,141364
ecdsa-P-256,verify,635,52740,141706
ecdsa-P-256,verify,636,53659,144174
ecdsa-P-256,verify,637,52516,141100
ecdsa-P-256,verify,638,52520,141110
ecdsa-P-256,verify,639,52432,140874
ecdsa-P-256,verify,640,52529,141138
ecdsa-P-256,verify,641,52588,141294
ecdsa-P-256,verify,642,52459,140950
ecdsa-P-256,verify,643,52438,140892
ecdsa-P-256,verify,644,52453,140932
ecdsa-P-256,verify,645,52535,141152
ecdsa-P-256,verify,646,52373,140714
ecdsa-P-256,verify,647,52525,141122
ecdsa-P-256,verify,648,52496,141050
ecdsa-P-256,verify,649,52492,141034
ecdsa-P-256,verify,650,52484,141014
ecdsa-P-256,verify,651,52599,141322
ecdsa-P-256,verify,652,52707,141612
ecdsa-P-256,verify,653,52289,140490
ecdsa-P-256,verify,654,52536,141156
ecdsa-P-256,verify,655,53844,144674
ecdsa-P-256,verify,656,52637,141426
ecdsa-P-256,verify,657,52576,141266
ecdsa-P-256,verify,658,52594,141312
ecdsa-P-256,verify,659,52587,141292
ecdsa-P-256,verify,660,52746,141720
ecdsa-P-256,verify,661,52604,141340
ecdsa-P-256,verify,662,52628,141402
ecdsa-P-256,verify,663,52743,141712
ecdsa-P-256,verify,664,52637,141426
ecdsa-P-256,verify,665,52580,141274
ecdsa-P-256,verify,666,52506,141074
ecdsa-P-256,verify,667,52565,141230
ecdsa-P-256,verify,668,52477,140996
ecdsa-P-256,verify,669,52645,141452
ecdsa-P-256,verify,670,52734,141690
ecdsa-P-256,verify,671,52610,141358
ecdsa-P-256,verify,672,52672,141520
ecdsa-P-256,verify,673,52559,141218
ecdsa-P-256,verify,674,53692,144256
ecdsa-P-256,verify,675,52605,141338
ecdsa-P-256,verify,676,52416,140832
ecdsa-P-256,verify,677,52495,141046
ecdsa-P-256,verify,678,52456,140942
ecdsa-P-256,verify,679,52435,140884
ecdsa-P-256,verify,680,52585,141286
ecdsa-P-256,verify,681,52426,140856
ecdsa-P-256,verify,682,52397,140776
ecdsa-P-256,verify,683,52499,141058
ecdsa-P-256,verify,684,52460,140952
ecdsa-P-256,verify,685,52415,140830
ecdsa-P-256,verify,686,52637,141426
ecdsa-P-256,verify,687,52569,141246
ecdsa-P-256,verify,688,52415,140826
ecdsa-P-256,verify,689,52404,140800
ecdsa-P-256,verify,690,52421,140850
ecdsa-P-256,verify,691,52363,140690
ecdsa-P-256,verify,692,52460,140948
ecdsa-P-256,verify,693,53738,144380
ecdsa-P-256,verify,694,52638,141428
ecdsa-P-256,verify,695,52617,141372
ecdsa-P-256,verify,696,52527,141132
ecdsa-P-256,verify,697,52662,141496
ecdsa-P-256,verify,698,52443,140898
ecdsa-P-256,verify,699,52719,141648
ecdsa-P-256,verify,700,52708,141616
ecdsa-P-256,verify,701,52603,141334
ecdsa-P-256,verify,702,52636,141424
ecdsa-P-256,verify,703,52615,141364
ecdsa-P-256,verify,704,52458,140948
ecdsa-P-256,verify,705,52647,141452
ecdsa-P-256,verify,706,52583,141276
ecdsa-P-256,verify,707,52635,141420
ecdsa-P-256,verify,708,52566,141238
ecdsa-P-256,verify,709,52562,141226
ecdsa-P-256,verify,710,52447,140912
ecdsa-P-256,verify,711,53741,144396
ecdsa-P-256,verify,712,52562,141220
ecdsa-P-256,verify,713,52586,141286
ecdsa-P-256,verify,714,52502,141064
ecdsa-P-256,verify,715,52537,141156
ecdsa-P-256,verify,716,52500,141056
ecdsa-P-256,verify,717,52393,140768
ecdsa-P-256,verify,718,52497,141054
ecdsa-P-256,verify,719,52411,140818
ecdsa-P-256,verify,720,52520,141108
ecdsa-P-256,verify,721,52406,140806
ecdsa-P-256,verify,722,52613,141360
ecdsa-P-256,verify,723,52551,141196
ecdsa-P-256,verify,724,52453,140930
ecdsa-P-256,verify,725,52504,141066
ecdsa-P-256,verify,726,52380,140736
ecdsa-P-256,verify,727,52382,140742
ecdsa-P-256,verify,728,52464,140960
ecdsa-P-256,verify,729,52319,140572
ecdsa-P-256,verify,730,53641,144120
ecdsa-P-256,verify,731,52581,141276
ecdsa-P-256,verify,732,52669,141512
ecdsa-P-256,verify,733,52563,141228
ecdsa-P-256,verify,734,52589,141298
ecdsa-P-256,verify,735,52604,141336
ecdsa-P-256,verify,736,52730,141676
ecdsa-P-256,verify,737,52614,141362
ecdsa-P-256,verify,738,52576,141260
ecdsa-P-256,verify,739,52622,141384
ecdsa-P-256,verify,740,52626,141396
ecdsa-P-256,verify,741,52646,141450
ecdsa-P-256,verify,742,52622,141386
ecdsa-P-256,verify,743,52490,141026
ecdsa-P-256,verify,744,52503,141062
ecdsa-P-256,verify,745,52464,140956
ecdsa-P-256,verify,746,52572,141254
ecdsa-P-256,verify,747,52792,141844
ecdsa-P-256,verify,748,52504,141066
ecdsa-P-256,verify,749,53634,144108
ecdsa-P-256,verify,750,52576,141258
ecdsa-P-256,verify,751,52529,141134
ecdsa-P-256,verify,752,52716,141636
ecdsa-P-256,verify,753,52414,140826
ecdsa-P-256,verify,754,52513,141096
ecdsa-P-256,verify,755,52547,141184
ecdsa-P-256,verify,756,52629,141402
ecdsa-P-256,verify,757,52505,141068
ecdsa-P-256,verify,758,52375,140714
ecdsa-P-256,verify,759,52459,140946
ecdsa-P-256,verify,760,52572,141254
ecdsa-P-256,verify,761,52596,141316
ecdsa-P-256,verify,762,52631,141408
ecdsa-P-256,verify,763,52491,141032
ecdsa-P-256,verify,764,52474,140990
ecdsa-P-256,verify,765,52434,140876
ecdsa-P-256,verify,766,52478,140998
ecdsa-P-256,verify,767,52502,141056
ecdsa-P-256,verify,768,53969,145004
ecdsa-P-256,verify,769,52707,141614
ecdsa-P-256,verify,770,52518,141106
ecdsa-P-256,verify,771,52703,141602
ecdsa-P-256,verify,772,52734,141684
ecdsa-P-256,verify,773,52676,141530
ecdsa-P-256,verify,774,52648,141456
ecdsa-P-256,verify,775,52540,141166
ecdsa-P-256,verify,776,52613,141352
ecdsa-P-256,verify,777,52622,141386
ecdsa-P-256,verify,778,52524,141120
ecdsa-P-256,verify,779,52823,141926
ecdsa-P-256,verify,780,52567,141240
ecdsa-P-256,verify,781,52663,141494
ecdsa-P-256,verify,782,52506,141074
ecdsa-P-256,verify,783,52511,141086
ecdsa-P-256,verify,784,52548,141186
ecdsa-P-256,verify,785,52699,141592
ecdsa-P-256,verify,786,52539,141158
ecdsa-P-256,verify,787,53754,144432
ecdsa-P-256,verify,788,52547,141180
ecdsa-P-256,verify,789,52776,141800
ecdsa-P-256,verify,790,52484,141016
ecdsa-P-256,verify,791,52674,141526
ecdsa-P-256,verify,792,52570,141248
ecdsa-P-256,verify,793,52495,141042
ecdsa-P-256,verify,794,52560,141218
ecdsa-P-256,verify,795,52611,141358
ecdsa-P-256,verify,796,52613,141362
ecdsa-P-256,verify,797,52456,140942
ecdsa-P-256,verify,798,52562,141222
ecdsa-P-256,verify,799,52447,140918
ecdsa-P-256,verify,800,52567,141234
ecdsa-P-256,verify,801,52708,141616
ecdsa-P-256,verify,802,52641,141438
ecdsa-P-256,verify,803,52488,141024
ecdsa-P-256,verify,804,52628,141404
ecdsa-P-256,verify,805,52555,141208
ecdsa-P-256,verify,806,53596,144000
ecdsa-P-256,verify,807,52364,140694
ecdsa-P-256,verify,808,52571,141248
ecdsa-P-256,verify,809,52445,140912
ecdsa-P-256,verify,810,52457,140942
ecdsa-P-256,verify,811,52502,141062
ecdsa-P-256,verify,812,52510,141086
ecdsa-P-256,verify,813,52431,140870
ecdsa-P-256,verify,814,52400,140790
ecdsa-P-256,verify,815,52482,141006
ecdsa-P-256,verify,816,52617,141370
ecdsa-P-256,verify,817,52424,140854
ecdsa-P-256,verify,818,52468,140972
ecdsa-P-256,verify,819,52378,140730
ecdsa-P-256,verify,820,52353,140662
ecdsa-P-256,verify,821,52364,140694
ecdsa-P-256,verify,822,52411,140822
ecdsa-P-256,verify,823,52508,141080
ecdsa-P-256,verify,824,52415,140832
ecdsa-P-256,verify,825,53628,144094
ecdsa-P-256,verify,826,52489,141028
ecdsa-P-256,verify,827,52476,140994
ecdsa-P-256,verify,828,52543,141168
ecdsa-P-256,verify,829,52469,140976
ecdsa-P-256,verify,830,52373,140716
ecdsa-P-256,verify,831,52406,140806
ecdsa-P-256,verify,832,52350,140652
ecdsa-P-256,verify,833,52371,140706
ecdsa-P-256,verify,834,52337,140618
ecdsa-P-256,verify,835,52289,140488
ecdsa-P-256,verify,836,52295,140500
ecdsa-P-256,verify,837,52430,140864
ecdsa-P-256,verify,838,52526,141124
ecdsa-P-256,verify,839,52471,140978
ecdsa-P-256,verify,840,52375,140720
ecdsa-P-256,verify,841,52293,140500
ecdsa-P-256,verify,842,52368,140702
ecdsa-P-256,verify,843,52337,140614
ecdsa-P-256,verify,844,52572,141248
ecdsa-P-256,verify,845,52642,141440
ecdsa-P-256,verify,846,52555,141208
ecdsa-P-256,verify,847,52520,141110
ecdsa-P-256,verify,848,52542,141172
ecdsa-P-256,verify,849,52593,141306
ecdsa-P-256,verify,850,52583,141280
ecdsa-P-256,verify,851,52545,141178
ecdsa-P-256,verify,852,52789,141834
ecdsa-P-256,verify,853,52467,140970
ecdsa-P-256,verify,854,52580,141274
ecdsa-P-256,verify,855,52599,141326
ecdsa-P-256,verify,856,52523,141116
ecdsa-P-256,verify,857,52418,140836
ecdsa-P-256,verify,858,52508,141078
ecdsa-P-256,verify,859,52472,140986
ecdsa-P-256,verify,860,52493,141038
ecdsa-P-256,verify,861,52444,140910
ecdsa-P-256,verify,862,53673,144202
ecdsa-P-256,verify,863,52447,140916
ecdsa-P-256,verify,864,52382,140744
ecdsa-P-256,verify,865,52301,140522
ecdsa-P-256,verify,866,52520,141110
ecdsa-P-256,verify,867,52410,140808
ecdsa-P-256,verify,868,52457,140944
ecdsa-P-256,verify,869,52249,140382
ecdsa-P-256,verify,870,52368,140700
ecdsa-P-256,verify,871,52370,140704
ecdsa-P-256,verify,872,52323,140578
ecdsa-P-256,verify,873,52495,141042
ecdsa-P-256,verify,874,52498,141056
ecdsa-P-256,verify,875,52336,140612
ecdsa-P-256,verify,876,52370,140700
ecdsa-P-256,verify,877,52535,141154
ecdsa-P-256,verify,878,52453,140932
ecdsa-P-256,verify,879,52550,141186
ecdsa-P-256,verify,880,52420,140844
ecdsa-P-256,verify,881,53750,144414
ecdsa-P-256,verify,882,52563,141226
ecdsa-P-256,verify,883,52605,141342
ecdsa-P-256,verify,884,52672,141524
ecdsa-P-256,verify,885,52584,141280
ecdsa-P-256,verify,886,52560,141214
ecdsa-P-256,verify,887,52687,141562
ecdsa-P-256,verify,888,52640,141432
ecdsa-P-256,verify,889,52516,141104
ecdsa-P-256,verify,890,52437,140886
ecdsa-P-256,verify,891,52604,141336
ecdsa-P-256,verify,892,52594,141312
ecdsa-P-256,verify,893,52711,141622
ecdsa-P-256,verify,894,52606,141342
ecdsa-P-256,verify,895,52603,141332
ecdsa-P-256,verify,896,52382,140740
ecdsa-P-256,verify,897,52618,141372
ecdsa-P-256,verify,898,52656,141478
ecdsa-P-256,verify,899,52692,141572
ecdsa-P-256,verify,900,53672,144208
ecdsa-P-256,verify,901,52658,141482
ecdsa-P-256,verify,902,52684,141552
ecdsa-P-256,verify,903,52531,141142
ecdsa-P-256,verify,904,52642,141434
ecdsa-P-256,verify,905,52683,141552
ecdsa-P-256,verify,906,52641,141438
ecdsa-P-256,verify,907,52565,141232
ecdsa-P-256,verify,908,52601,141328
ecdsa-P-256,verify,909,52623,141388
ecdsa-P-256,verify,910,52664,141500
ecdsa-P-256,verify,911,52653,141460
ecdsa-P-256,verify,912,52688,141562
ecdsa-P-256,verify,913,52616,141368
ecdsa-P-256,verify,914,52578,141264
ecdsa-P-256,verify,915,52610,141356
ecdsa-P-256,verify,916,52637,141426
ecdsa-P-256,verify,917,52666,141504
ecdsa-P-256,verify,918,52682,141550
ecdsa-P-256,verify,919,53646,144140
ecdsa-P-256,verify,920,52578,141270
ecdsa-P-256,verify,921,52548,141178
ecdsa-P-256,verify,922,52550,141194
ecdsa-P-256,verify,923,52696,141584
ecdsa-P-256,verify,924,52521,141116
ecdsa-P-256,verify,925,52452,140932
ecdsa-P-256,verify,926,52543,141172
ecdsa-P-256,verify,927,52559,141218
ecdsa-P-256,verify,928,52539,141158
ecdsa-P-256,verify,929,52540,141168
ecdsa-P-256,verify,930,52767,141776
ecdsa-P-256,verify,931,52625,141396
ecdsa-P-256,verify,932,52463,140960
ecdsa-P-256,verify,933,52515,141098
ecdsa-P-256,verify,934,52463,140956
ecdsa-P-256,verify,935,52584,141282
ecdsa-P-256,verify,936,52539,141160
ecdsa-P-256,verify,937,52485,141016
ecdsa-P-256,verify,938,53765,144460
ecdsa-P-256,verify,939,52417,140836
ecdsa-P-256,verify,940,52637,141424
ecdsa-P-256,verify,941,52636,141424
ecdsa-P-256,verify,942,52649,141458
ecdsa-P-256,verify,943,52696,141586
ecdsa-P-256,verify,944,52465,140964
ecdsa-P-256,verify,945,52643,141444
ecdsa-P-256,verify,946,52500,141062
ecdsa-P-256,verify,947,52595,141312
ecdsa-P-256,verify,948,52527,141130
ecdsa-P-256,verify,949,52320,140574
ecdsa-P-256,verify,950,52448,140922
ecdsa-P-256,verify,951,52651,141462
ecdsa-P-256,verify,952,52612,141358
ecdsa-P-256,verify,953,52581,141272
ecdsa-P-256,verify,954,52314,140560
ecdsa-P-256,verify,955,52561,141220
ecdsa-P-256,verify,956,52603,141338
ecdsa-P-256,verify,957,53618,144060
ecdsa-P-256,verify,958,52545,141176
ecdsa-P-256,verify,959,52646,141452
ecdsa-P-256,verify,960,52547,141182
ecdsa-P-256,verify,961,52594,141310
ecdsa-P-256,verify,962,52711,141624
ecdsa-P-256,verify,963,52465,140962
ecdsa-P-256,verify,964,52629,141406
ecdsa-P-256,verify,965,52569,141238
ecdsa-P-256,verify,966,52695,141586
ecdsa-P-256,verify,967,52599,141320
ecdsa-P-256,verify,968,52592,141306
ecdsa-P-256,verify,969,52638,141430
ecdsa-P-256,verify,970,52666,141502
ecdsa-P-256,verify,971,52594,141310
ecdsa-P-256,verify,972,52569,141242
ecdsa-P-256,verify,973,52691,141572
ecdsa-P-256,verify,974,52649,141464
ecdsa-P-256,verify,975,52359,140672
ecdsa-P-256,verify,976,53617,144056
ecdsa-P-256,verify,977,52574,141256
ecdsa-P-256,verify,978,52601,141260
ecdsa-P-256,verify,979,52899,142126
ecdsa-P-256,verify,980,52480,141002
ecdsa-P-256,verify,981,52408,140806
ecdsa-P-256,verify,982,52539,141162
ecdsa-P-256,verify,983,52577,141260
ecdsa-P-256,verify,984,52413,140820
ecdsa-P-256,verify,985,52623,141384
ecdsa-P-256,verify,986,52395,140770
ecdsa-P-256,verify,987,52461,140946
ecdsa-P-256,verify,988,52389,140756
ecdsa-P-256,verify,989,52423,140852
ecdsa-P-256,verify,990,52416,140830
ecdsa-P-256,verify,991,52518,141102
ecdsa-P-256,verify,992,52452,140922
ecdsa-P-256,verify,993,52656,141476
ecdsa-P-256,verify,994,54286,145856
ecdsa-P-256,verify,995,52434,140880
ecdsa-P-256,verify,996,52384,140746
ecdsa-P-256,verify,997,52598,141324
ecdsa-P-256,verify,998,52465,140892
ecdsa-P-256,verify,999,52468,140976
