algo,op,iter,wall_ns,cycles
ecdsa-P-256,keygen,0,103926,5604
ecdsa-P-256,keygen,1,95222,5135
ecdsa-P-256,keygen,2,92833,5005
ecdsa-P-256,keygen,3,92574,4993
ecdsa-P-256,keygen,4,92426,4983
ecdsa-P-256,keygen,5,92481,4986
ecdsa-P-256,keygen,6,92574,4992
ecdsa-P-256,keygen,7,92222,4974
ecdsa-P-256,keygen,8,92519,4990
ecdsa-P-256,keygen,9,92611,4995
ecdsa-P-256,keygen,10,92555,4992
ecdsa-P-256,keygen,11,92408,4983
ecdsa-P-256,keygen,12,92352,4980
ecdsa-P-256,keygen,13,92519,4989
ecdsa-P-256,keygen,14,92241,4974
ecdsa-P-256,keygen,15,92574,4992
ecdsa-P-256,keygen,16,92630,4996
ecdsa-P-256,keygen,17,92574,4993
ecdsa-P-256,keygen,18,92611,4994
ecdsa-P-256,keygen,19,92704,4999
ecdsa-P-256,keygen,20,92574,4992
ecdsa-P-256,keygen,21,92537,4990
ecdsa-P-256,keygen,22,92370,4982
ecdsa-P-256,keygen,23,92296,4977
ecdsa-P-256,keygen,24,92777,5002
ecdsa-P-256,keygen,25,92537,4990
ecdsa-P-256,keygen,26,92537,4991
ecdsa-P-256,keygen,27,92519,4990
ecdsa-P-256,keygen,28,92481,4988
ecdsa-P-256,keygen,29,92593,4993
ecdsa-P-256,keygen,30,158944,8570
ecdsa-P-256,keygen,31,100000,5392
ecdsa-P-256,keygen,32,92870,5009
ecdsa-P-256,keygen,33,92370,4982
ecdsa-P-256,keygen,34,92518,4989
ecdsa-P-256,keygen,35,92722,5000
ecdsa-P-256,keygen,36,92667,4997
ecdsa-P-256,keygen,37,92315,4979
ecdsa-P-256,keygen,38,92315,4977
ecdsa-P-256,keygen,39,92352,4980
ecdsa-P-256,keygen,40,92333,4979
ecdsa-P-256,keygen,41,92667,4996
ecdsa-P-256,keygen,42,92389,4983
ecdsa-P-256,keygen,43,92926,5011
ecdsa-P-256,keygen,44,92482,4988
ecdsa-P-256,keygen,45,92334,4979
ecdsa-P-256,keygen,46,92537,4990
ecdsa-P-256,keygen,47,92556,4990
ecdsa-P-256,keygen,48,92555,4992
ecdsa-P-256,keygen,49,92574,4992
ecdsa-P-256,keygen,50,92482,4987
ecdsa-P-256,keygen,51,92760,5003
ecdsa-P-256,keygen,52,92537,4990
ecdsa-P-256,keygen,53,92648,4997
ecdsa-P-256,keygen,54,92407,4983
ecdsa-P-256,keygen,55,93000,5015
ecdsa-P-256,keygen,56,92519,4990
ecdsa-P-256,keygen,57,92555,4991
ecdsa-P-256,keygen,58,92389,4983
ecdsa-P-256,keygen,59,92278,4977
ecdsa-P-256,keygen,60,92463,4987
ecdsa-P-256,keygen,61,92500,4988
ecdsa-P-256,keygen,62,91982,4961
ecdsa-P-256,keygen,63,92074,4966
ecdsa-P-256,keygen,64,92389,4982
ecdsa-P-256,keygen,65,92297,4977
ecdsa-P-256,keygen,66,92648,4996
ecdsa-P-256,keygen,67,92500,4987
ecdsa-P-256,keygen,68,92074,4966
ecdsa-P-256,keygen,69,92462,4986
ecdsa-P-256,keygen,70,92667,4998
ecdsa-P-256,keygen,71,112963,6090
ecdsa-P-256,keygen,72,94241,5083
ecdsa-P-256,keygen,73,92481,4987
ecdsa-P-256,keygen,74,92593,4993
ecdsa-P-256,keygen,75,92962,5014
ecdsa-P-256,keygen,76,92537,4991
ecdsa-P-256,keygen,77,92722,5000
ecdsa-P-256,keygen,78,92574,4992
ecdsa-P-256,keygen,79,92352,4981
ecdsa-P-256,keygen,80,92778,5004
ecdsa-P-256,keygen,81,92445,4985
ecdsa-P-256,keygen,82,92481,4987
ecdsa-P-256,keygen,83,92371,4982
ecdsa-P-256,keygen,84,92426,4984
ecdsa-P-256,keygen,85,92741,5001
ecdsa-P-256,keygen,86,92556,4990
ecdsa-P-256,keygen,87,92685,4998
ecdsa-P-256,keygen,88,92889,5009
ecdsa-P-256,keygen,89,92518,4990
ecdsa-P-256,keygen,90,92704,4999
ecdsa-P-256,keygen,91,92592,4994
ecdsa-P-256,keygen,92,92333,4980
ecdsa-P-256,keygen,93,92519,4988
ecdsa-P-256,keygen,94,92444,4986
ecdsa-P-256,keygen,95,92630,4994
ecdsa-P-256,keygen,96,92278,4977
ecdsa-P-256,keygen,97,92408,4983
ecdsa-P-256,keygen,98,92259,4976
ecdsa-P-256,keygen,99,92148,4970
ecdsa-P-256,keygen,100,92574,4991
ecdsa-P-256,keygen,101,92389,4981
ecdsa-P-256,keygen,102,92426,4985
ecdsa-P-256,keygen,103,92315,4977
ecdsa-P-256,keygen,104,92667,4998
ecdsa-P-256,keygen,105,92833,5005
ecdsa-P-256,keygen,106,92666,4997
ecdsa-P-256,keygen,107,92575,4993
ecdsa-P-256,keygen,108,92426,4984
ecdsa-P-256,keygen,109,92352,4980
ecdsa-P-256,keygen,110,92463,4986
ecdsa-P-256,keygen,111,92723,4999
ecdsa-P-256,keygen,112,129871,7005
ecdsa-P-256,keygen,113,94481,5095
ecdsa-P-256,keygen,114,92611,4995
ecdsa-P-256,keygen,115,92778,5002
ecdsa-P-256,keygen,116,92500,4987
ecdsa-P-256,keygen,117,92445,4985
ecdsa-P-256,keygen,118,92556,4991
ecdsa-P-256,keygen,119,92796,5004
ecdsa-P-256,keygen,120,92630,4994
ecdsa-P-256,keygen,121,92630,4995
ecdsa-P-256,keygen,122,92667,4997
ecdsa-P-256,keygen,123,96963,5229
ecdsa-P-256,keygen,124,92908,5011
ecdsa-P-256,keygen,125,92593,4993
ecdsa-P-256,keygen,126,92611,4995
ecdsa-P-256,keygen,127,92889,5009
ecdsa-P-256,keygen,128,92685,4999
ecdsa-P-256,keygen,129,92889,5009
ecdsa-P-256,keygen,130,92556,4991
ecdsa-P-256,keygen,131,92593,4995
ecdsa-P-256,keygen,132,92482,4988
ecdsa-P-256,keygen,133,92389,4983
ecdsa-P-256,keygen,134,92426,4985
ecdsa-P-256,keygen,135,92537,4991
ecdsa-P-256,keygen,136,92833,5007
ecdsa-P-256,keygen,137,92574,4993
ecdsa-P-256,keygen,138,92389,4983
ecdsa-P-256,keygen,139,92426,4984
ecdsa-P-256,keygen,140,92630,4996
ecdsa-P-256,keygen,141,92686,4998
ecdsa-P-256,keygen,142,92519,4990
ecdsa-P-256,keygen,143,92537,4991
ecdsa-P-256,keygen,144,92278,4976
ecdsa-P-256,keygen,145,92889,5010
ecdsa-P-256,keygen,146,92852,5008
ecdsa-P-256,keygen,147,92926,5012
ecdsa-P-256,keygen,148,92296,4978
ecdsa-P-256,keygen,149,92592,4994
ecdsa-P-256,keygen,150,92593,4994
ecdsa-P-256,keygen,151,92518,4990
ecdsa-P-256,keygen,152,92889,5011
ecdsa-P-256,keygen,153,95055,5127
ecdsa-P-256,keygen,154,92630,4995
ecdsa-P-256,keygen,155,92778,5003
ecdsa-P-256,keygen,156,92686,4999
ecdsa-P-256,keygen,157,92629,4996
ecdsa-P-256,keygen,158,92407,4984
ecdsa-P-256,keygen,159,92703,5000
ecdsa-P-256,keygen,160,92611,4995
ecdsa-P-256,keygen,161,92463,4987
ecdsa-P-256,keygen,162,92352,4980
ecdsa-P-256,keygen,163,92556,4991
ecdsa-P-256,keygen,164,92518,4990
ecdsa-P-256,keygen,165,92500,4989
ecdsa-P-256,keygen,166,92611,4995
ecdsa-P-256,keygen,167,92314,4978
ecdsa-P-256,keygen,168,92500,4989
ecdsa-P-256,keygen,169,92389,4983
ecdsa-P-256,keygen,170,92408,4984
ecdsa-P-256,keygen,171,92463,4986
ecdsa-P-256,keygen,172,92574,4992
ecdsa-P-256,keygen,173,92759,5002
ecdsa-P-256,keygen,174,92463,4987
ecdsa-P-256,keygen,175,92981,5014
ecdsa-P-256,keygen,176,92611,4995
ecdsa-P-256,keygen,177,92482,4988
ecdsa-P-256,keygen,178,92722,5001
ecdsa-P-256,keygen,179,92537,4991
ecdsa-P-256,keygen,180,92907,5010
ecdsa-P-256,keygen,181,92426,4986
ecdsa-P-256,keygen,182,92259,4976
ecdsa-P-256,keygen,183,92796,5004
ecdsa-P-256,keygen,184,92778,5003
ecdsa-P-256,keygen,185,92259,4977
ecdsa-P-256,keygen,186,92574,4993
ecdsa-P-256,keygen,187,92333,4979
ecdsa-P-256,keygen,188,92648,4996
ecdsa-P-256,keygen,189,92482,4989
ecdsa-P-256,keygen,190,92537,4990
ecdsa-P-256,keygen,191,92574,4993
ecdsa-P-256,keygen,192,92648,4997
ecdsa-P-256,keygen,193,92371,4982
ecdsa-P-256,keygen,194,107593,5804
ecdsa-P-256,keygen,195,93648,5050
ecdsa-P-256,keygen,196,93018,5017
ecdsa-P-256,keygen,197,92926,5012
ecdsa-P-256,keygen,198,93037,5018
ecdsa-P-256,keygen,199,93000,5017
ecdsa-P-256,keygen,200,93093,5022
ecdsa-P-256,keygen,201,92649,4996
ecdsa-P-256,keygen,202,92740,5001
ecdsa-P-256,keygen,203,92741,5003
ecdsa-P-256,keygen,204,92796,5005
ecdsa-P-256,keygen,205,92926,5011
ecdsa-P-256,keygen,206,93056,5019
ecdsa-P-256,keygen,207,92814,5005
ecdsa-P-256,keygen,208,93148,5023
ecdsa-P-256,keygen,209,92944,5012
ecdsa-P-256,keygen,210,92574,4993
ecdsa-P-256,keygen,211,92815,5007
ecdsa-P-256,keygen,212,92833,5006
ecdsa-P-256,keygen,213,93000,5015
ecdsa-P-256,keygen,214,92740,5003
ecdsa-P-256,keygen,215,92741,5003
ecdsa-P-256,keygen,216,93056,5018
ecdsa-P-256,keygen,217,92982,5014
ecdsa-P-256,keygen,218,92500,4989
ecdsa-P-256,keygen,219,92630,4996
ecdsa-P-256,keygen,220,92925,5011
ecdsa-P-256,keygen,221,92833,5007
ecdsa-P-256,keygen,222,92722,5001
ecdsa-P-256,keygen,223,93019,5017
ecdsa-P-256,keygen,224,92537,4991
ecdsa-P-256,keygen,225,92556,4992
ecdsa-P-256,keygen,226,92796,5004
ecdsa-P-256,keygen,227,92778,5004
ecdsa-P-256,keygen,228,92740,5001
ecdsa-P-256,keygen,229,92611,4996
ecdsa-P-256,keygen,230,92796,5004
ecdsa-P-256,keygen,231,92963,5014
ecdsa-P-256,keygen,232,92778,5005
ecdsa-P-256,keygen,233,92630,4996
ecdsa-P-256,keygen,234,92703,5000
ecdsa-P-256,keygen,235,103741,5594
ecdsa-P-256,keygen,236,93537,5045
ecdsa-P-256,keygen,237,92685,5000
ecdsa-P-256,keygen,238,92426,4985
ecdsa-P-256,keygen,239,92796,5006
ecdsa-P-256,keygen,240,92889,5010
ecdsa-P-256,keygen,241,92630,4996
ecdsa-P-256,keygen,242,92926,5012
ecdsa-P-256,keygen,243,92945,5013
ecdsa-P-256,keygen,244,96185,5187
ecdsa-P-256,keygen,245,92982,5014
ecdsa-P-256,keygen,246,92907,5011
ecdsa-P-256,keygen,247,92851,5007
ecdsa-P-256,keygen,248,92852,5008
ecdsa-P-256,keygen,249,92834,5006
ecdsa-P-256,keygen,250,92889,5009
ecdsa-P-256,keygen,251,93018,5017
ecdsa-P-256,keygen,252,92797,5004
ecdsa-P-256,keygen,253,92666,4998
ecdsa-P-256,keygen,254,92722,5001
ecdsa-P-256,keygen,255,92815,5006
ecdsa-P-256,keygen,256,92889,5009
ecdsa-P-256,keygen,257,92630,4995
ecdsa-P-256,keygen,258,92667,4998
ecdsa-P-256,keygen,259,92722,5001
ecdsa-P-256,keygen,260,92778,5004
ecdsa-P-256,keygen,261,92723,5002
ecdsa-P-256,keygen,262,92797,5005
ecdsa-P-256,keygen,263,92777,5004
ecdsa-P-256,keygen,264,92945,5012
ecdsa-P-256,keygen,265,93111,5021
ecdsa-P-256,keygen,266,93129,5023
ecdsa-P-256,keygen,267,93019,5018
ecdsa-P-256,keygen,268,92703,4999
ecdsa-P-256,keygen,269,92778,5004
ecdsa-P-256,keygen,270,92796,5005
ecdsa-P-256,keygen,271,92870,5008
ecdsa-P-256,keygen,272,92519,4989
ecdsa-P-256,keygen,273,92371,4982
ecdsa-P-256,keygen,274,92759,5002
ecdsa-P-256,keygen,275,92685,4998
ecdsa-P-256,keygen,276,106945,5768
ecdsa-P-256,keygen,277,93240,5029
ecdsa-P-256,keygen,278,92685,4998
ecdsa-P-256,keygen,279,92686,4998
ecdsa-P-256,keygen,280,92834,5006
ecdsa-P-256,keygen,281,93074,5020
ecdsa-P-256,keygen,282,92463,4987
ecdsa-P-256,keygen,283,92741,5001
ecdsa-P-256,keygen,284,92870,5008
ecdsa-P-256,keygen,285,92871,5010
ecdsa-P-256,keygen,286,92833,5008
ecdsa-P-256,keygen,287,92814,5006
ecdsa-P-256,keygen,288,92944,5013
ecdsa-P-256,keygen,289,92815,5006
ecdsa-P-256,keygen,290,92797,5004
ecdsa-P-256,keygen,291,92555,4991
ecdsa-P-256,keygen,292,92630,4995
ecdsa-P-256,keygen,293,92556,4991
ecdsa-P-256,keygen,294,92777,5005
ecdsa-P-256,keygen,295,92741,5001
ecdsa-P-256,keygen,296,92945,5013
ecdsa-P-256,keygen,297,92777,5004
ecdsa-P-256,keygen,298,93037,5017
ecdsa-P-256,keygen,299,92722,5002
ecdsa-P-256,keygen,300,92814,5006
ecdsa-P-256,keygen,301,92685,4998
ecdsa-P-256,keygen,302,92759,5002
ecdsa-P-256,keygen,303,92630,4995
ecdsa-P-256,keygen,304,92963,5013
ecdsa-P-256,keygen,305,93018,5017
ecdsa-P-256,keygen,306,92871,5009
ecdsa-P-256,keygen,307,92778,5005
ecdsa-P-256,keygen,308,92815,5006
ecdsa-P-256,keygen,309,92759,5003
ecdsa-P-256,keygen,310,92722,5000
ecdsa-P-256,keygen,311,92759,5003
ecdsa-P-256,keygen,312,92778,5004
ecdsa-P-256,keygen,313,92667,4998
ecdsa-P-256,keygen,314,92833,5006
ecdsa-P-256,keygen,315,93203,5027
ecdsa-P-256,keygen,316,93000,5015
ecdsa-P-256,keygen,317,103611,5586
ecdsa-P-256,keygen,318,94760,5110
ecdsa-P-256,keygen,319,92833,5007
ecdsa-P-256,keygen,320,92518,4990
ecdsa-P-256,keygen,321,92444,4986
ecdsa-P-256,keygen,322,92759,5002
ecdsa-P-256,keygen,323,92500,4988
ecdsa-P-256,keygen,324,92630,4995
ecdsa-P-256,keygen,325,93092,5021
ecdsa-P-256,keygen,326,92760,5003
ecdsa-P-256,keygen,327,92815,5006
ecdsa-P-256,keygen,328,92704,5000
ecdsa-P-256,keygen,329,92759,5002
ecdsa-P-256,keygen,330,92648,4997
ecdsa-P-256,keygen,331,93019,5016
ecdsa-P-256,keygen,332,92908,5011
ecdsa-P-256,keygen,333,92740,5002
ecdsa-P-256,keygen,334,92982,5016
ecdsa-P-256,keygen,335,93018,5016
ecdsa-P-256,keygen,336,92926,5012
ecdsa-P-256,keygen,337,92629,4997
ecdsa-P-256,keygen,338,92833,5006
ecdsa-P-256,keygen,339,92963,5013
ecdsa-P-256,keygen,340,93074,5020
ecdsa-P-256,keygen,341,92926,5013
ecdsa-P-256,keygen,342,92723,5001
ecdsa-P-256,keygen,343,92667,4998
ecdsa-P-256,keygen,344,92500,4990
ecdsa-P-256,keygen,345,93000,5015
ecdsa-P-256,keygen,346,92685,4998
ecdsa-P-256,keygen,347,93018,5016
ecdsa-P-256,keygen,348,92685,4999
ecdsa-P-256,keygen,349,92908,5011
ecdsa-P-256,keygen,350,92593,4994
ecdsa-P-256,keygen,351,92814,5005
ecdsa-P-256,keygen,352,92871,5009
ecdsa-P-256,keygen,353,92723,5000
ecdsa-P-256,keygen,354,92796,5005
ecdsa-P-256,keygen,355,93018,5018
ecdsa-P-256,keygen,356,92740,5001
ecdsa-P-256,keygen,357,92815,5007
ecdsa-P-256,keygen,358,104463,5634
ecdsa-P-256,keygen,359,93741,5055
ecdsa-P-256,keygen,360,92982,5014
ecdsa-P-256,keygen,361,92722,5001
ecdsa-P-256,keygen,362,92741,5001
ecdsa-P-256,keygen,363,92426,4986
ecdsa-P-256,keygen,364,96056,5181
ecdsa-P-256,keygen,365,93166,5025
ecdsa-P-256,keygen,366,93019,5016
ecdsa-P-256,keygen,367,92871,5008
ecdsa-P-256,keygen,368,92722,5001
ecdsa-P-256,keygen,369,92704,5000
ecdsa-P-256,keygen,370,92944,5013
ecdsa-P-256,keygen,371,92704,5000
ecdsa-P-256,keygen,372,92777,5004
ecdsa-P-256,keygen,373,92833,5006
ecdsa-P-256,keygen,374,92907,5011
ecdsa-P-256,keygen,375,93111,5022
ecdsa-P-256,keygen,376,93037,5017
ecdsa-P-256,keygen,377,92907,5010
ecdsa-P-256,keygen,378,92667,4997
ecdsa-P-256,keygen,379,92704,5000
ecdsa-P-256,keygen,380,92815,5007
ecdsa-P-256,keygen,381,92871,5009
ecdsa-P-256,keygen,382,92889,5009
ecdsa-P-256,keygen,383,92852,5007
ecdsa-P-256,keygen,384,92852,5008
ecdsa-P-256,keygen,385,92889,5011
ecdsa-P-256,keygen,386,92593,4993
ecdsa-P-256,keygen,387,92777,5003
ecdsa-P-256,keygen,388,92759,5003
ecdsa-P-256,keygen,389,92667,4998
ecdsa-P-256,keygen,390,92722,5001
ecdsa-P-256,keygen,391,92741,5002
ecdsa-P-256,keygen,392,92741,5001
ecdsa-P-256,keygen,393,92593,4995
ecdsa-P-256,keygen,394,92722,5000
ecdsa-P-256,keygen,395,92611,4995
ecdsa-P-256,keygen,396,92796,5005
ecdsa-P-256,keygen,397,92703,5000
ecdsa-P-256,keygen,398,92870,5010
ecdsa-P-256,keygen,399,104130,5615
ecdsa-P-256,keygen,400,94037,5072
ecdsa-P-256,keygen,401,93056,5019
ecdsa-P-256,keygen,402,93000,5016
ecdsa-P-256,keygen,403,92908,5010
ecdsa-P-256,keygen,404,92667,4998
ecdsa-P-256,keygen,405,92685,4999
ecdsa-P-256,keygen,406,92908,5012
ecdsa-P-256,keygen,407,92907,5011
ecdsa-P-256,keygen,408,92852,5008
ecdsa-P-256,keygen,409,92815,5006
ecdsa-P-256,keygen,410,93111,5022
ecdsa-P-256,keygen,411,93000,5017
ecdsa-P-256,keygen,412,92963,5014
ecdsa-P-256,keygen,413,92703,5000
ecdsa-P-256,keygen,414,92833,5006
ecdsa-P-256,keygen,415,92889,5010
ecdsa-P-256,keygen,416,92852,5008
ecdsa-P-256,keygen,417,92926,5012
ecdsa-P-256,keygen,418,92667,4997
ecdsa-P-256,keygen,419,92963,5015
ecdsa-P-256,keygen,420,92944,5012
ecdsa-P-256,keygen,421,92852,5007
ecdsa-P-256,keygen,422,92482,4988
ecdsa-P-256,keygen,423,92630,4997
ecdsa-P-256,keygen,424,92852,5007
ecdsa-P-256,keygen,425,93130,5024
ecdsa-P-256,keygen,426,92926,5012
ecdsa-P-256,keygen,427,93167,5025
ecdsa-P-256,keygen,428,92852,5007
ecdsa-P-256,keygen,429,93037,5018
ecdsa-P-256,keygen,430,92889,5010
ecdsa-P-256,keygen,431,92834,5006
ecdsa-P-256,keygen,432,92871,5009
ecdsa-P-256,keygen,433,93037,5018
ecdsa-P-256,keygen,434,92834,5007
ecdsa-P-256,keygen,435,92797,5005
ecdsa-P-256,keygen,436,92703,5000
ecdsa-P-256,keygen,437,92945,5014
ecdsa-P-256,keygen,438,93019,5016
ecdsa-P-256,keygen,439,93074,5019
ecdsa-P-256,keygen,440,103629,5588
ecdsa-P-256,keygen,441,94000,5071
ecdsa-P-256,keygen,442,92889,5009
ecdsa-P-256,keygen,443,92704,4999
ecdsa-P-256,keygen,444,92870,5008
ecdsa-P-256,keygen,445,93018,5016
ecdsa-P-256,keygen,446,93093,5022
ecdsa-P-256,keygen,447,92945,5012
ecdsa-P-256,keygen,448,92740,5002
ecdsa-P-256,keygen,449,93000,5017
ecdsa-P-256,keygen,450,93148,5023
ecdsa-P-256,keygen,451,92944,5012
ecdsa-P-256,keygen,452,92704,5000
ecdsa-P-256,keygen,453,92796,5004
ecdsa-P-256,keygen,454,92871,5008
ecdsa-P-256,keygen,455,92704,4999
ecdsa-P-256,keygen,456,92908,5010
ecdsa-P-256,keygen,457,92704,4999
ecdsa-P-256,keygen,458,93278,5031
ecdsa-P-256,keygen,459,92926,5012
ecdsa-P-256,keygen,460,93204,5026
ecdsa-P-256,keygen,461,92871,5008
ecdsa-P-256,keygen,462,92852,5007
ecdsa-P-256,keygen,463,92722,5001
ecdsa-P-256,keygen,464,92852,5007
ecdsa-P-256,keygen,465,93203,5028
ecdsa-P-256,keygen,466,92945,5014
ecdsa-P-256,keygen,467,92648,4997
ecdsa-P-256,keygen,468,92593,4994
ecdsa-P-256,keygen,469,92629,4996
ecdsa-P-256,keygen,470,92815,5006
ecdsa-P-256,keygen,471,92982,5014
ecdsa-P-256,keygen,472,92889,5009
ecdsa-P-256,keygen,473,92703,4999
ecdsa-P-256,keygen,474,92870,5009
ecdsa-P-256,keygen,475,93296,5033
ecdsa-P-256,keygen,476,92722,5001
ecdsa-P-256,keygen,477,92555,4993
ecdsa-P-256,keygen,478,92612,4996
ecdsa-P-256,keygen,479,92537,4992
ecdsa-P-256,keygen,480,92796,5005
ecdsa-P-256,keygen,481,103852,5601
ecdsa-P-256,keygen,482,93574,5048
ecdsa-P-256,keygen,483,92815,5005
ecdsa-P-256,keygen,484,95463,5149
ecdsa-P-256,keygen,485,93130,5022
ecdsa-P-256,keygen,486,93167,5024
ecdsa-P-256,keygen,487,92648,4997
ecdsa-P-256,keygen,488,92518,4991
ecdsa-P-256,keygen,489,92704,4999
ecdsa-P-256,keygen,490,92926,5012
ecdsa-P-256,keygen,491,92722,5002
ecdsa-P-256,keygen,492,92629,4996
ecdsa-P-256,keygen,493,92648,4997
ecdsa-P-256,keygen,494,92667,4998
ecdsa-P-256,keygen,495,92796,5005
ecdsa-P-256,keygen,496,92963,5014
ecdsa-P-256,keygen,497,92888,5010
ecdsa-P-256,keygen,498,92833,5007
ecdsa-P-256,keygen,499,92870,5009
ecdsa-P-256,keygen,500,93130,5023
ecdsa-P-256,keygen,501,92852,5007
ecdsa-P-256,keygen,502,92574,4993
ecdsa-P-256,keygen,503,92778,5004
ecdsa-P-256,keygen,504,92796,5006
ecdsa-P-256,keygen,505,93241,5028
ecdsa-P-256,keygen,506,92945,5013
ecdsa-P-256,keygen,507,92814,5007
ecdsa-P-256,keygen,508,92593,4993
ecdsa-P-256,keygen,509,92797,5005
ecdsa-P-256,keygen,510,92907,5011
ecdsa-P-256,keygen,511,92778,5004
ecdsa-P-256,keygen,512,93148,5024
ecdsa-P-256,keygen,513,92852,5008
ecdsa-P-256,keygen,514,92778,5003
ecdsa-P-256,keygen,515,92648,4997
ecdsa-P-256,keygen,516,92814,5007
ecdsa-P-256,keygen,517,92519,4991
ecdsa-P-256,keygen,518,92592,4994
ecdsa-P-256,keygen,519,92944,5013
ecdsa-P-256,keygen,520,92926,5013
ecdsa-P-256,keygen,521,92815,5007
ecdsa-P-256,keygen,522,103685,5592
ecdsa-P-256,keygen,523,93574,5046
ecdsa-P-256,keygen,524,92797,5006
ecdsa-P-256,keygen,525,92704,4999
ecdsa-P-256,keygen,526,93000,5016
ecdsa-P-256,keygen,527,92444,4985
ecdsa-P-256,keygen,528,92555,4992
ecdsa-P-256,keygen,529,92981,5014
ecdsa-P-256,keygen,530,92944,5013
ecdsa-P-256,keygen,531,92685,4998
ecdsa-P-256,keygen,532,92666,4998
ecdsa-P-256,keygen,533,92667,4998
ecdsa-P-256,keygen,534,92797,5005
ecdsa-P-256,keygen,535,92982,5015
ecdsa-P-256,keygen,536,92611,4994
ecdsa-P-256,keygen,537,92833,5006
ecdsa-P-256,keygen,538,92612,4994
ecdsa-P-256,keygen,539,92666,4997
ecdsa-P-256,keygen,540,92667,4998
ecdsa-P-256,keygen,541,92834,5007
ecdsa-P-256,keygen,542,92574,4992
ecdsa-P-256,keygen,543,92481,4988
ecdsa-P-256,keygen,544,92778,5004
ecdsa-P-256,keygen,545,92778,5004
ecdsa-P-256,keygen,546,92870,5010
ecdsa-P-256,keygen,547,93000,5016
ecdsa-P-256,keygen,548,92518,4990
ecdsa-P-256,keygen,549,92926,5011
ecdsa-P-256,keygen,550,92944,5012
ecdsa-P-256,keygen,551,92740,5002
ecdsa-P-256,keygen,552,92815,5006
ecdsa-P-256,keygen,553,92537,4991
ecdsa-P-256,keygen,554,92759,5002
ecdsa-P-256,keygen,555,93037,5019
ecdsa-P-256,keygen,556,92907,5011
ecdsa-P-256,keygen,557,92741,5003
ecdsa-P-256,keygen,558,92889,5011
ecdsa-P-256,keygen,559,92722,5001
ecdsa-P-256,keygen,560,92982,5014
ecdsa-P-256,keygen,561,92593,4995
ecdsa-P-256,keygen,562,92611,4996
ecdsa-P-256,keygen,563,103574,5586
ecdsa-P-256,keygen,564,93592,5047
ecdsa-P-256,keygen,565,93056,5018
ecdsa-P-256,keygen,566,92759,5002
ecdsa-P-256,keygen,567,92833,5006
ecdsa-P-256,keygen,568,92667,4998
ecdsa-P-256,keygen,569,92945,5013
ecdsa-P-256,keygen,570,92778,5003
ecdsa-P-256,keygen,571,92889,5010
ecdsa-P-256,keygen,572,92685,4998
ecdsa-P-256,keygen,573,92778,5004
ecdsa-P-256,keygen,574,92907,5011
ecdsa-P-256,keygen,575,92703,5000
ecdsa-P-256,keygen,576,92759,5004
ecdsa-P-256,keygen,577,93204,5026
ecdsa-P-256,keygen,578,92574,4994
ecdsa-P-256,keygen,579,92833,5006
ecdsa-P-256,keygen,580,92982,5014
ecdsa-P-256,keygen,581,92759,5002
ecdsa-P-256,keygen,582,92704,5000
ecdsa-P-256,keygen,583,92592,4994
ecdsa-P-256,keygen,584,92500,4988
ecdsa-P-256,keygen,585,93167,5026
ecdsa-P-256,keygen,586,92556,4992
ecdsa-P-256,keygen,587,92740,5003
ecdsa-P-256,keygen,588,92907,5010
ecdsa-P-256,keygen,589,92852,5008
ecdsa-P-256,keygen,590,92611,4994
ecdsa-P-256,keygen,591,92981,5014
ecdsa-P-256,keygen,592,92741,5002
ecdsa-P-256,keygen,593,92685,4999
ecdsa-P-256,keygen,594,92537,4990
ecdsa-P-256,keygen,595,93167,5024
ecdsa-P-256,keygen,596,92574,4994
ecdsa-P-256,keygen,597,92907,5011
ecdsa-P-256,keygen,598,92444,4987
ecdsa-P-256,keygen,599,92945,5013
ecdsa-P-256,keygen,600,92555,4991
ecdsa-P-256,keygen,601,92685,4999
ecdsa-P-256,keygen,602,92481,4988
ecdsa-P-256,keygen,603,92555,4992
ecdsa-P-256,keygen,604,103111,5561
ecdsa-P-256,keygen,605,96611,5210
ecdsa-P-256,keygen,606,93500,5043
ecdsa-P-256,keygen,607,92741,5002
ecdsa-P-256,keygen,608,92814,5006
ecdsa-P-256,keygen,609,92685,4998
ecdsa-P-256,keygen,610,92833,5007
ecdsa-P-256,keygen,611,92833,5006
ecdsa-P-256,keygen,612,92666,4997
ecdsa-P-256,keygen,613,92982,5014
ecdsa-P-256,keygen,614,92685,4999
ecdsa-P-256,keygen,615,92741,5001
ecdsa-P-256,keygen,616,92871,5009
ecdsa-P-256,keygen,617,92500,4989
ecdsa-P-256,keygen,618,92907,5010
ecdsa-P-256,keygen,619,93167,5024
ecdsa-P-256,keygen,620,93148,5023
ecdsa-P-256,keygen,621,92741,5003
ecdsa-P-256,keygen,622,92815,5007
ecdsa-P-256,keygen,623,92555,4991
ecdsa-P-256,keygen,624,92741,5001
ecdsa-P-256,keygen,625,92778,5004
ecdsa-P-256,keygen,626,92685,4999
ecdsa-P-256,keygen,627,92815,5006
ecdsa-P-256,keygen,628,92908,5012
ecdsa-P-256,keygen,629,92889,5009
ecdsa-P-256,keygen,630,92907,5010
ecdsa-P-256,keygen,631,92852,5009
ecdsa-P-256,keygen,632,92685,4999
ecdsa-P-256,keygen,633,92685,4998
ecdsa-P-256,keygen,634,92741,5001
ecdsa-P-256,keygen,635,92815,5005
ecdsa-P-256,keygen,636,92926,5011
ecdsa-P-256,keygen,637,92778,5004
ecdsa-P-256,keygen,638,92574,4993
ecdsa-P-256,keygen,639,92629,4996
ecdsa-P-256,keygen,640,92778,5004
ecdsa-P-256,keygen,641,92834,5006
ecdsa-P-256,keygen,642,92685,4999
ecdsa-P-256,keygen,643,93000,5017
ecdsa-P-256,keygen,644,92426,4984
ecdsa-P-256,keygen,645,105426,5685
ecdsa-P-256,keygen,646,93963,5066
ecdsa-P-256,keygen,647,92796,5004
ecdsa-P-256,keygen,648,93037,5017
ecdsa-P-256,keygen,649,92871,5008
ecdsa-P-256,keygen,650,92833,5007
ecdsa-P-256,keygen,651,93000,5016
ecdsa-P-256,keygen,652,92611,4995
ecdsa-P-256,keygen,653,92723,5002
ecdsa-P-256,keygen,654,92852,5009
ecdsa-P-256,keygen,655,93037,5017
ecdsa-P-256,keygen,656,94297,5074
ecdsa-P-256,keygen,657,93556,5045
ecdsa-P-256,keygen,658,92556,4991
ecdsa-P-256,keygen,659,92870,5009
ecdsa-P-256,keygen,660,92686,4999
ecdsa-P-256,keygen,661,92981,5014
ecdsa-P-256,keygen,662,93352,5034
ecdsa-P-256,keygen,663,93000,5015
ecdsa-P-256,keygen,664,92852,5008
ecdsa-P-256,keygen,665,92908,5011
ecdsa-P-256,keygen,666,92944,5013
ecdsa-P-256,keygen,667,93000,5016
ecdsa-P-256,keygen,668,93982,5069
ecdsa-P-256,keygen,669,94185,5079
ecdsa-P-256,keygen,670,92704,5001
ecdsa-P-256,keygen,671,92685,4998
ecdsa-P-256,keygen,672,93000,5015
ecdsa-P-256,keygen,673,92445,4986
ecdsa-P-256,keygen,674,92574,4993
ecdsa-P-256,keygen,675,92871,5009
ecdsa-P-256,keygen,676,92982,5016
ecdsa-P-256,keygen,677,93056,5018
ecdsa-P-256,keygen,678,93240,5029
ecdsa-P-256,keygen,679,93055,5019
ecdsa-P-256,keygen,680,93333,5033
ecdsa-P-256,keygen,681,93075,5020
ecdsa-P-256,keygen,682,92944,5013
ecdsa-P-256,keygen,683,92815,5006
ecdsa-P-256,keygen,684,92833,5006
ecdsa-P-256,keygen,685,92907,5010
ecdsa-P-256,keygen,686,105407,5684
ecdsa-P-256,keygen,687,94796,5113
ecdsa-P-256,keygen,688,92629,4996
ecdsa-P-256,keygen,689,92944,5012
ecdsa-P-256,keygen,690,92907,5012
ecdsa-P-256,keygen,691,92778,5004
ecdsa-P-256,keygen,692,92777,5004
ecdsa-P-256,keygen,693,92686,4999
ecdsa-P-256,keygen,694,92759,5004
ecdsa-P-256,keygen,695,92945,5013
ecdsa-P-256,keygen,696,92778,5004
ecdsa-P-256,keygen,697,92629,4995
ecdsa-P-256,keygen,698,92611,4994
ecdsa-P-256,keygen,699,92889,5009
ecdsa-P-256,keygen,700,92722,5002
ecdsa-P-256,keygen,701,92463,4987
ecdsa-P-256,keygen,702,92463,4986
ecdsa-P-256,keygen,703,92815,5006
ecdsa-P-256,keygen,704,92704,4999
ecdsa-P-256,keygen,705,93056,5018
ecdsa-P-256,keygen,706,92703,5001
ecdsa-P-256,keygen,707,92482,4987
ecdsa-P-256,keygen,708,92537,4991
ecdsa-P-256,keygen,709,92629,4996
ecdsa-P-256,keygen,710,93130,5023
ecdsa-P-256,keygen,711,92834,5007
ecdsa-P-256,keygen,712,92685,5000
ecdsa-P-256,keygen,713,92593,4993
ecdsa-P-256,keygen,714,92278,4977
ecdsa-P-256,keygen,715,92888,5010
ecdsa-P-256,keygen,716,92889,5010
ecdsa-P-256,keygen,717,92575,4992
ecdsa-P-256,keygen,718,92445,4986
ecdsa-P-256,keygen,719,92871,5009
ecdsa-P-256,keygen,720,92685,4999
ecdsa-P-256,keygen,721,92981,5016
ecdsa-P-256,keygen,722,92815,5006
ecdsa-P-256,keygen,723,92685,4998
ecdsa-P-256,keygen,724,92778,5004
ecdsa-P-256,keygen,725,96482,5204
ecdsa-P-256,keygen,726,93296,5032
ecdsa-P-256,keygen,727,104537,5636
ecdsa-P-256,keygen,728,93778,5057
ecdsa-P-256,keygen,729,93037,5017
ecdsa-P-256,keygen,730,92444,4986
ecdsa-P-256,keygen,731,92648,4996
ecdsa-P-256,keygen,732,92815,5007
ecdsa-P-256,keygen,733,93000,5015
ecdsa-P-256,keygen,734,92500,4990
ecdsa-P-256,keygen,735,92703,4999
ecdsa-P-256,keygen,736,92778,5004
ecdsa-P-256,keygen,737,92685,4999
ecdsa-P-256,keygen,738,92444,4986
ecdsa-P-256,keygen,739,92833,5007
ecdsa-P-256,keygen,740,92870,5009
ecdsa-P-256,keygen,741,92833,5006
ecdsa-P-256,keygen,742,92741,5001
ecdsa-P-256,keygen,743,92463,4986
ecdsa-P-256,keygen,744,92315,4979
ecdsa-P-256,keygen,745,92814,5006
ecdsa-P-256,keygen,746,92870,5009
ecdsa-P-256,keygen,747,92834,5006
ecdsa-P-256,keygen,748,92741,5003
ecdsa-P-256,keygen,749,92834,5007
ecdsa-P-256,keygen,750,92723,5000
ecdsa-P-256,keygen,751,92648,4998
ecdsa-P-256,keygen,752,92574,4993
ecdsa-P-256,keygen,753,92778,5004
ecdsa-P-256,keygen,754,92833,5007
ecdsa-P-256,keygen,755,92870,5010
ecdsa-P-256,keygen,756,92778,5004
ecdsa-P-256,keygen,757,93111,5021
ecdsa-P-256,keygen,758,93000,5017
ecdsa-P-256,keygen,759,92925,5011
ecdsa-P-256,keygen,760,92888,5010
ecdsa-P-256,keygen,761,92852,5008
ecdsa-P-256,keygen,762,92518,4990
ecdsa-P-256,keygen,763,92685,4998
ecdsa-P-256,keygen,764,92926,5011
ecdsa-P-256,keygen,765,92833,5008
ecdsa-P-256,keygen,766,92833,5006
ecdsa-P-256,keygen,767,92796,5005
ecdsa-P-256,keygen,768,103981,5606
ecdsa-P-256,keygen,769,93963,5069
ecdsa-P-256,keygen,770,93000,5015
ecdsa-P-256,keygen,771,92611,4994
ecdsa-P-256,keygen,772,92630,4996
ecdsa-P-256,keygen,773,92500,4989
ecdsa-P-256,keygen,774,92667,4997
ecdsa-P-256,keygen,775,92815,5006
ecdsa-P-256,keygen,776,92963,5014
ecdsa-P-256,keygen,777,92814,5006
ecdsa-P-256,keygen,778,93074,5019
ecdsa-P-256,keygen,779,92796,5006
ecdsa-P-256,keygen,780,93278,5031
ecdsa-P-256,keygen,781,93037,5019
ecdsa-P-256,keygen,782,92611,4994
ecdsa-P-256,keygen,783,92741,5002
ecdsa-P-256,keygen,784,92963,5013
ecdsa-P-256,keygen,785,92944,5013
ecdsa-P-256,keygen,786,92667,4998
ecdsa-P-256,keygen,787,92667,4998
ecdsa-P-256,keygen,788,92667,4999
ecdsa-P-256,keygen,789,92944,5013
ecdsa-P-256,keygen,790,92870,5010
ecdsa-P-256,keygen,791,92889,5010
ecdsa-P-256,keygen,792,92870,5009
ecdsa-P-256,keygen,793,92667,4998
ecdsa-P-256,keygen,794,92833,5006
ecdsa-P-256,keygen,795,92629,4996
ecdsa-P-256,keygen,796,92778,5003
ecdsa-P-256,keygen,797,92778,5004
ecdsa-P-256,keygen,798,92574,4993
ecdsa-P-256,keygen,799,93000,5016
ecdsa-P-256,keygen,800,93093,5021
ecdsa-P-256,keygen,801,92852,5009
ecdsa-P-256,keygen,802,92926,5012
ecdsa-P-256,keygen,803,92741,5002
ecdsa-P-256,keygen,804,92852,5008
ecdsa-P-256,keygen,805,92907,5011
ecdsa-P-256,keygen,806,92741,5002
ecdsa-P-256,keygen,807,92963,5015
ecdsa-P-256,keygen,808,93000,5015
ecdsa-P-256,keygen,809,92852,5008
ecdsa-P-256,keygen,810,94889,5118
ecdsa-P-256,keygen,811,92852,5007
ecdsa-P-256,keygen,812,92482,4987
ecdsa-P-256,keygen,813,92574,4992
ecdsa-P-256,keygen,814,92537,4991
ecdsa-P-256,keygen,815,92815,5007
ecdsa-P-256,keygen,816,92871,5008
ecdsa-P-256,keygen,817,92815,5007
ecdsa-P-256,keygen,818,92704,5000
ecdsa-P-256,keygen,819,93019,5018
ecdsa-P-256,keygen,820,93037,5017
ecdsa-P-256,keygen,821,92648,4997
ecdsa-P-256,keygen,822,92814,5006
ecdsa-P-256,keygen,823,92815,5006
ecdsa-P-256,keygen,824,92593,4994
ecdsa-P-256,keygen,825,93130,5023
ecdsa-P-256,keygen,826,93018,5018
ecdsa-P-256,keygen,827,92834,5008
ecdsa-P-256,keygen,828,92796,5005
ecdsa-P-256,keygen,829,93167,5025
ecdsa-P-256,keygen,830,92778,5004
ecdsa-P-256,keygen,831,92870,5008
ecdsa-P-256,keygen,832,92833,5006
ecdsa-P-256,keygen,833,92686,4998
ecdsa-P-256,keygen,834,92796,5005
ecdsa-P-256,keygen,835,93185,5026
ecdsa-P-256,keygen,836,92667,4998
ecdsa-P-256,keygen,837,92815,5006
ecdsa-P-256,keygen,838,92926,5011
ecdsa-P-256,keygen,839,92852,5007
ecdsa-P-256,keygen,840,93019,5016
ecdsa-P-256,keygen,841,93056,5018
ecdsa-P-256,keygen,842,92611,4995
ecdsa-P-256,keygen,843,92722,5001
ecdsa-P-256,keygen,844,92963,5013
ecdsa-P-256,keygen,845,93167,5025
ecdsa-P-256,keygen,846,95556,5153
ecdsa-P-256,keygen,847,93148,5023
ecdsa-P-256,keygen,848,92963,5013
ecdsa-P-256,keygen,849,92815,5006
ecdsa-P-256,keygen,850,102944,5552
ecdsa-P-256,keygen,851,94593,5103
ecdsa-P-256,keygen,852,93241,5028
ecdsa-P-256,keygen,853,92612,4994
ecdsa-P-256,keygen,854,92926,5012
ecdsa-P-256,keygen,855,92926,5013
ecdsa-P-256,keygen,856,92741,5002
ecdsa-P-256,keygen,857,93000,5015
ecdsa-P-256,keygen,858,92945,5012
ecdsa-P-256,keygen,859,92759,5003
ecdsa-P-256,keygen,860,92907,5011
ecdsa-P-256,keygen,861,92796,5004
ecdsa-P-256,keygen,862,92871,5008
ecdsa-P-256,keygen,863,92871,5008
ecdsa-P-256,keygen,864,92889,5010
ecdsa-P-256,keygen,865,92981,5015
ecdsa-P-256,keygen,866,92944,5013
ecdsa-P-256,keygen,867,92870,5009
ecdsa-P-256,keygen,868,92889,5010
ecdsa-P-256,keygen,869,92759,5004
ecdsa-P-256,keygen,870,92777,5004
ecdsa-P-256,keygen,871,92889,5009
ecdsa-P-256,keygen,872,92888,5009
ecdsa-P-256,keygen,873,92593,4994
ecdsa-P-256,keygen,874,92630,4996
ecdsa-P-256,keygen,875,93204,5028
ecdsa-P-256,keygen,876,92815,5006
ecdsa-P-256,keygen,877,92852,5009
ecdsa-P-256,keygen,878,92870,5008
ecdsa-P-256,keygen,879,92796,5004
ecdsa-P-256,keygen,880,92944,5014
ecdsa-P-256,keygen,881,92518,4990
ecdsa-P-256,keygen,882,92649,4997
ecdsa-P-256,keygen,883,92944,5013
ecdsa-P-256,keygen,884,92629,4995
ecdsa-P-256,keygen,885,92982,5016
ecdsa-P-256,keygen,886,93148,5025
ecdsa-P-256,keygen,887,92685,4999
ecdsa-P-256,keygen,888,92889,5010
ecdsa-P-256,keygen,889,92889,5010
ecdsa-P-256,keygen,890,93018,5017
ecdsa-P-256,keygen,891,93019,5018
ecdsa-P-256,keygen,892,104352,5628
ecdsa-P-256,keygen,893,93463,5041
ecdsa-P-256,keygen,894,93112,5022
ecdsa-P-256,keygen,895,92759,5002
ecdsa-P-256,keygen,896,93037,5017
ecdsa-P-256,keygen,897,92926,5013
ecdsa-P-256,keygen,898,93000,5015
ecdsa-P-256,keygen,899,92833,5006
ecdsa-P-256,keygen,900,92889,5010
ecdsa-P-256,keygen,901,92944,5012
ecdsa-P-256,keygen,902,92926,5011
ecdsa-P-256,keygen,903,92870,5009
ecdsa-P-256,keygen,904,92759,5002
ecdsa-P-256,keygen,905,92630,4995
ecdsa-P-256,keygen,906,92704,5000
ecdsa-P-256,keygen,907,93037,5018
ecdsa-P-256,keygen,908,92926,5011
ecdsa-P-256,keygen,909,93000,5016
ecdsa-P-256,keygen,910,92926,5012
ecdsa-P-256,keygen,911,92851,5009
ecdsa-P-256,keygen,912,92667,4998
ecdsa-P-256,keygen,913,92741,5003
ecdsa-P-256,keygen,914,92852,5008
ecdsa-P-256,keygen,915,92796,5005
ecdsa-P-256,keygen,916,92741,5002
ecdsa-P-256,keygen,917,92926,5011
ecdsa-P-256,keygen,918,92815,5006
ecdsa-P-256,keygen,919,93000,5016
ecdsa-P-256,keygen,920,93018,5017
ecdsa-P-256,keygen,921,92926,5013
ecdsa-P-256,keygen,922,92926,5012
ecdsa-P-256,keygen,923,92519,4989
ecdsa-P-256,keygen,924,92963,5015
ecdsa-P-256,keygen,925,92981,5014
ecdsa-P-256,keygen,926,92703,4999
ecdsa-P-256,keygen,927,92926,5012
ecdsa-P-256,keygen,928,93000,5016
ecdsa-P-256,keygen,929,93149,5023
ecdsa-P-256,keygen,930,92759,5003
ecdsa-P-256,keygen,931,93370,5035
ecdsa-P-256,keygen,932,92667,4997
ecdsa-P-256,keygen,933,103870,5604
ecdsa-P-256,keygen,934,93759,5057
ecdsa-P-256,keygen,935,93000,5016
ecdsa-P-256,keygen,936,92963,5013
ecdsa-P-256,keygen,937,93111,5022
ecdsa-P-256,keygen,938,92593,4994
ecdsa-P-256,keygen,939,92815,5005
ecdsa-P-256,keygen,940,93019,5017
ecdsa-P-256,keygen,941,92870,5008
ecdsa-P-256,keygen,942,92926,5012
ecdsa-P-256,keygen,943,92907,5010
ecdsa-P-256,keygen,944,92852,5007
ecdsa-P-256,keygen,945,93019,5017
ecdsa-P-256,keygen,946,92722,5001
ecdsa-P-256,keygen,947,92944,5014
ecdsa-P-256,keygen,948,92815,5007
ecdsa-P-256,keygen,949,92703,5000
ecdsa-P-256,keygen,950,92908,5011
ecdsa-P-256,keygen,951,92796,5004
ecdsa-P-256,keygen,952,92852,5007
ecdsa-P-256,keygen,953,92685,4998
ecdsa-P-256,keygen,954,93055,5018
ecdsa-P-256,keygen,955,92741,5001
ecdsa-P-256,keygen,956,92592,4993
ecdsa-P-256,keygen,957,92722,5000
ecdsa-P-256,keygen,958,92797,5005
ecdsa-P-256,keygen,959,92833,5007
ecdsa-P-256,keygen,960,92740,5002
ecdsa-P-256,keygen,961,93018,5017
ecdsa-P-256,keygen,962,92814,5005
ecdsa-P-256,keygen,963,93111,5021
ecdsa-P-256,keygen,964,92574,4992
ecdsa-P-256,keygen,965,92889,5011
ecdsa-P-256,keygen,966,95463,5150
ecdsa-P-256,keygen,967,92648,4997
ecdsa-P-256,keygen,968,92574,4993
ecdsa-P-256,keygen,969,92241,4975
ecdsa-P-256,keygen,970,92630,4995
ecdsa-P-256,keygen,971,92555,4992
ecdsa-P-256,keygen,972,92148,4971
ecdsa-P-256,keygen,973,92463,4987
ecdsa-P-256,keygen,974,104538,5639
ecdsa-P-256,keygen,975,93574,5047
ecdsa-P-256,keygen,976,93074,5019
ecdsa-P-256,keygen,977,92851,5008
ecdsa-P-256,keygen,978,93037,5017
ecdsa-P-256,keygen,979,92962,5013
ecdsa-P-256,keygen,980,92926,5011
ecdsa-P-256,keygen,981,92852,5007
ecdsa-P-256,keygen,982,92833,5007
ecdsa-P-256,keygen,983,92611,4994
ecdsa-P-256,keygen,984,92704,5000
ecdsa-P-256,keygen,985,92888,5011
ecdsa-P-256,keygen,986,92500,4989
ecdsa-P-256,keygen,987,92722,5000
ecdsa-P-256,keygen,988,93111,5022
ecdsa-P-256,keygen,989,92666,4999
ecdsa-P-256,keygen,990,92815,5006
ecdsa-P-256,keygen,991,92796,5005
ecdsa-P-256,keygen,992,92463,4987
ecdsa-P-256,keygen,993,92352,4982
ecdsa-P-256,keygen,994,92686,4999
ecdsa-P-256,keygen,995,92963,5014
ecdsa-P-256,keygen,996,92796,5005
ecdsa-P-256,keygen,997,92667,4998
ecdsa-P-256,keygen,998,92445,4986
ecdsa-P-256,keygen,999,92981,5015
ecdsa-P-256,sign,0,120278,6487
ecdsa-P-256,sign,1,119074,6423
ecdsa-P-256,sign,2,118222,6378
ecdsa-P-256,sign,3,118074,6368
ecdsa-P-256,sign,4,118000,6365
ecdsa-P-256,sign,5,118055,6368
ecdsa-P-256,sign,6,118166,6374
ecdsa-P-256,sign,7,118018,6366
ecdsa-P-256,sign,8,118278,6381
ecdsa-P-256,sign,9,118130,6373
ecdsa-P-256,sign,10,117963,6364
ecdsa-P-256,sign,11,118111,6371
ecdsa-P-256,sign,12,117981,6364
ecdsa-P-256,sign,13,117982,6365
ecdsa-P-256,sign,14,118278,6379
ecdsa-P-256,sign,15,118019,6365
ecdsa-P-256,sign,16,117982,6364
ecdsa-P-256,sign,17,117944,6362
ecdsa-P-256,sign,18,129297,6975
ecdsa-P-256,sign,19,118723,6405
ecdsa-P-256,sign,20,118518,6392
ecdsa-P-256,sign,21,118370,6384
ecdsa-P-256,sign,22,118056,6368
ecdsa-P-256,sign,23,117907,6361
ecdsa-P-256,sign,24,118130,6371
ecdsa-P-256,sign,25,118148,6373
ecdsa-P-256,sign,26,118186,6376
ecdsa-P-256,sign,27,118000,6365
ecdsa-P-256,sign,28,117981,6364
ecdsa-P-256,sign,29,118056,6369
ecdsa-P-256,sign,30,118055,6369
ecdsa-P-256,sign,31,118167,6375
ecdsa-P-256,sign,32,118074,6370
ecdsa-P-256,sign,33,118167,6373
ecdsa-P-256,sign,34,118204,6376
ecdsa-P-256,sign,35,117944,6363
ecdsa-P-256,sign,36,118481,6391
ecdsa-P-256,sign,37,118371,6384
ecdsa-P-256,sign,38,118166,6374
ecdsa-P-256,sign,39,118148,6373
ecdsa-P-256,sign,40,118352,6385
ecdsa-P-256,sign,41,118166,6374
ecdsa-P-256,sign,42,117945,6362
ecdsa-P-256,sign,43,118297,6381
ecdsa-P-256,sign,44,118148,6374
ecdsa-P-256,sign,45,118259,6379
ecdsa-P-256,sign,46,118296,6381
ecdsa-P-256,sign,47,118074,6369
ecdsa-P-256,sign,48,118074,6368
ecdsa-P-256,sign,49,118111,6370
ecdsa-P-256,sign,50,128223,6916
ecdsa-P-256,sign,51,119185,6428
ecdsa-P-256,sign,52,118204,6375
ecdsa-P-256,sign,53,117944,6362
ecdsa-P-256,sign,54,118056,6369
ecdsa-P-256,sign,55,118203,6376
ecdsa-P-256,sign,56,118241,6377
ecdsa-P-256,sign,57,118241,6378
ecdsa-P-256,sign,58,117907,6361
ecdsa-P-256,sign,59,118093,6371
ecdsa-P-256,sign,60,118129,6373
ecdsa-P-256,sign,61,118092,6370
ecdsa-P-256,sign,62,117944,6362
ecdsa-P-256,sign,63,118222,6377
ecdsa-P-256,sign,64,118037,6367
ecdsa-P-256,sign,65,118000,6366
ecdsa-P-256,sign,66,118222,6377
ecdsa-P-256,sign,67,118056,6368
ecdsa-P-256,sign,68,118204,6375
ecdsa-P-256,sign,69,118056,6369
ecdsa-P-256,sign,70,118000,6366
ecdsa-P-256,sign,71,118112,6371
ecdsa-P-256,sign,72,117945,6363
ecdsa-P-256,sign,73,117815,6356
ecdsa-P-256,sign,74,118148,6373
ecdsa-P-256,sign,75,118055,6368
ecdsa-P-256,sign,76,118167,6374
ecdsa-P-256,sign,77,117944,6363
ecdsa-P-256,sign,78,118092,6370
ecdsa-P-256,sign,79,118000,6365
ecdsa-P-256,sign,80,118038,6368
ecdsa-P-256,sign,81,118130,6372
ecdsa-P-256,sign,82,117908,6360
ecdsa-P-256,sign,83,127889,6899
ecdsa-P-256,sign,84,119074,6424
ecdsa-P-256,sign,85,118223,6377
ecdsa-P-256,sign,86,118296,6382
ecdsa-P-256,sign,87,118500,6391
ecdsa-P-256,sign,88,118055,6368
ecdsa-P-256,sign,89,118130,6373
ecdsa-P-256,sign,90,118204,6377
ecdsa-P-256,sign,91,118037,6368
ecdsa-P-256,sign,92,121037,6530
ecdsa-P-256,sign,93,118333,6382
ecdsa-P-256,sign,94,118111,6371
ecdsa-P-256,sign,95,118111,6372
ecdsa-P-256,sign,96,118297,6381
ecdsa-P-256,sign,97,118074,6370
ecdsa-P-256,sign,98,118056,6368
ecdsa-P-256,sign,99,118426,6387
ecdsa-P-256,sign,100,118111,6372
ecdsa-P-256,sign,101,118166,6375
ecdsa-P-256,sign,102,118296,6382
ecdsa-P-256,sign,103,118000,6365
ecdsa-P-256,sign,104,118056,6368
ecdsa-P-256,sign,105,118240,6379
ecdsa-P-256,sign,106,118129,6372
ecdsa-P-256,sign,107,118092,6370
ecdsa-P-256,sign,108,118037,6368
ecdsa-P-256,sign,109,118055,6367
ecdsa-P-256,sign,110,118185,6375
ecdsa-P-256,sign,111,118037,6367
ecdsa-P-256,sign,112,118204,6375
ecdsa-P-256,sign,113,118148,6373
ecdsa-P-256,sign,114,117852,6358
ecdsa-P-256,sign,115,118000,6364
ecdsa-P-256,sign,116,129389,6981
ecdsa-P-256,sign,117,118259,6380
ecdsa-P-256,sign,118,117963,6362
ecdsa-P-256,sign,119,118111,6372
ecdsa-P-256,sign,120,118167,6375
ecdsa-P-256,sign,121,118130,6372
ecdsa-P-256,sign,122,118315,6382
ecdsa-P-256,sign,123,118166,6373
ecdsa-P-256,sign,124,118352,6383
ecdsa-P-256,sign,125,118018,6366
ecdsa-P-256,sign,126,118148,6373
ecdsa-P-256,sign,127,117963,6363
ecdsa-P-256,sign,128,117982,6364
ecdsa-P-256,sign,129,118259,6379
ecdsa-P-256,sign,130,118204,6376
ecdsa-P-256,sign,131,118074,6370
ecdsa-P-256,sign,132,117889,6359
ecdsa-P-256,sign,133,118315,6382
ecdsa-P-256,sign,134,118203,6377
ecdsa-P-256,sign,135,118018,6367
ecdsa-P-256,sign,136,118204,6377
ecdsa-P-256,sign,137,118037,6368
ecdsa-P-256,sign,138,118000,6365
ecdsa-P-256,sign,139,118055,6368
ecdsa-P-256,sign,140,117963,6364
ecdsa-P-256,sign,141,118334,6384
ecdsa-P-256,sign,142,118260,6379
ecdsa-P-256,sign,143,118093,6370
ecdsa-P-256,sign,144,118426,6389
ecdsa-P-256,sign,145,118111,6371
ecdsa-P-256,sign,146,118148,6372
ecdsa-P-256,sign,147,118241,6379
ecdsa-P-256,sign,148,127593,6883
ecdsa-P-256,sign,149,118593,6397
ecdsa-P-256,sign,150,118259,6379
ecdsa-P-256,sign,151,118074,6370
ecdsa-P-256,sign,152,118093,6371
ecdsa-P-256,sign,153,118093,6371
ecdsa-P-256,sign,154,118149,6373
ecdsa-P-256,sign,155,118186,6375
ecdsa-P-256,sign,156,118093,6370
ecdsa-P-256,sign,157,118148,6374
ecdsa-P-256,sign,158,118055,6368
ecdsa-P-256,sign,159,118130,6372
ecdsa-P-256,sign,160,118167,6374
ecdsa-P-256,sign,161,118000,6365
ecdsa-P-256,sign,162,118056,6369
ecdsa-P-256,sign,163,118241,6379
ecdsa-P-256,sign,164,118019,6366
ecdsa-P-256,sign,165,118166,6374
ecdsa-P-256,sign,166,118074,6370
ecdsa-P-256,sign,167,117815,6355
ecdsa-P-256,sign,168,118093,6370
ecdsa-P-256,sign,169,117982,6365
ecdsa-P-256,sign,170,118055,6369
ecdsa-P-256,sign,171,118018,6367
ecdsa-P-256,sign,172,117944,6362
ecdsa-P-256,sign,173,118241,6379
ecdsa-P-256,sign,174,118019,6366
ecdsa-P-256,sign,175,118130,6373
ecdsa-P-256,sign,176,118093,6370
ecdsa-P-256,sign,177,118352,6384
ecdsa-P-256,sign,178,118408,6388
ecdsa-P-256,sign,179,118371,6385
ecdsa-P-256,sign,180,118037,6367
ecdsa-P-256,sign,181,127871,6899
ecdsa-P-256,sign,182,118963,6418
ecdsa-P-256,sign,183,118277,6379
ecdsa-P-256,sign,184,118037,6367
ecdsa-P-256,sign,185,117889,6359
ecdsa-P-256,sign,186,118148,6374
ecdsa-P-256,sign,187,118111,6370
ecdsa-P-256,sign,188,117944,6363
ecdsa-P-256,sign,189,118018,6366
ecdsa-P-256,sign,190,117963,6363
ecdsa-P-256,sign,191,118074,6370
ecdsa-P-256,sign,192,118148,6373
ecdsa-P-256,sign,193,117871,6358
ecdsa-P-256,sign,194,118111,6371
ecdsa-P-256,sign,195,118130,6373
ecdsa-P-256,sign,196,118000,6365
ecdsa-P-256,sign,197,118167,6375
ecdsa-P-256,sign,198,117889,6360
ecdsa-P-256,sign,199,118222,6377
ecdsa-P-256,sign,200,118167,6374
ecdsa-P-256,sign,201,117852,6358
ecdsa-P-256,sign,202,118037,6367
ecdsa-P-256,sign,203,117852,6358
ecdsa-P-256,sign,204,118000,6366
ecdsa-P-256,sign,205,118241,6377
ecdsa-P-256,sign,206,117982,6364
ecdsa-P-256,sign,207,118167,6375
ecdsa-P-256,sign,208,118092,6370
ecdsa-P-256,sign,209,117945,6362
ecdsa-P-256,sign,210,118037,6368
ecdsa-P-256,sign,211,118000,6364
ecdsa-P-256,sign,212,118481,6392
ecdsa-P-256,sign,213,118314,6381
ecdsa-P-256,sign,214,127685,6887
ecdsa-P-256,sign,215,118963,6417
ecdsa-P-256,sign,216,118130,6371
ecdsa-P-256,sign,217,121277,6543
ecdsa-P-256,sign,218,118519,6393
ecdsa-P-256,sign,219,118278,6381
ecdsa-P-256,sign,220,118056,6367
ecdsa-P-256,sign,221,118389,6386
ecdsa-P-256,sign,222,118000,6365
ecdsa-P-256,sign,223,117870,6358
ecdsa-P-256,sign,224,118092,6371
ecdsa-P-256,sign,225,117982,6365
ecdsa-P-256,sign,226,118426,6389
ecdsa-P-256,sign,227,118111,6372
ecdsa-P-256,sign,228,117889,6359
ecdsa-P-256,sign,229,118167,6375
ecdsa-P-256,sign,230,117963,6363
ecdsa-P-256,sign,231,118018,6367
ecdsa-P-256,sign,232,118130,6372
ecdsa-P-256,sign,233,118148,6374
ecdsa-P-256,sign,234,117963,6363
ecdsa-P-256,sign,235,118019,6365
ecdsa-P-256,sign,236,118203,6375
ecdsa-P-256,sign,237,118314,6382
ecdsa-P-256,sign,238,117981,6364
ecdsa-P-256,sign,239,118222,6376
ecdsa-P-256,sign,240,118037,6368
ecdsa-P-256,sign,241,118278,6380
ecdsa-P-256,sign,242,118074,6368
ecdsa-P-256,sign,243,118000,6366
ecdsa-P-256,sign,244,118019,6366
ecdsa-P-256,sign,245,118092,6371
ecdsa-P-256,sign,246,129278,6972
ecdsa-P-256,sign,247,119352,6438
ecdsa-P-256,sign,248,118112,6370
ecdsa-P-256,sign,249,118130,6371
ecdsa-P-256,sign,250,118185,6375
ecdsa-P-256,sign,251,118037,6367
ecdsa-P-256,sign,252,118112,6372
ecdsa-P-256,sign,253,117944,6363
ecdsa-P-256,sign,254,117963,6364
ecdsa-P-256,sign,255,118055,6367
ecdsa-P-256,sign,256,118037,6368
ecdsa-P-256,sign,257,118278,6380
ecdsa-P-256,sign,258,117870,6359
ecdsa-P-256,sign,259,117834,6357
ecdsa-P-256,sign,260,117981,6364
ecdsa-P-256,sign,261,117945,6363
ecdsa-P-256,sign,262,118185,6376
ecdsa-P-256,sign,263,118129,6372
ecdsa-P-256,sign,264,118111,6370
ecdsa-P-256,sign,265,118334,6384
ecdsa-P-256,sign,266,118000,6364
ecdsa-P-256,sign,267,117852,6358
ecdsa-P-256,sign,268,118185,6374
ecdsa-P-256,sign,269,118000,6365
ecdsa-P-256,sign,270,118148,6374
ecdsa-P-256,sign,271,118018,6367
ecdsa-P-256,sign,272,117963,6363
ecdsa-P-256,sign,273,118203,6376
ecdsa-P-256,sign,274,118055,6367
ecdsa-P-256,sign,275,118297,6380
ecdsa-P-256,sign,276,118203,6376
ecdsa-P-256,sign,277,117907,6361
ecdsa-P-256,sign,278,118222,6378
ecdsa-P-256,sign,279,127945,6902
ecdsa-P-256,sign,280,119000,6419
ecdsa-P-256,sign,281,118259,6380
ecdsa-P-256,sign,282,117944,6362
ecdsa-P-256,sign,283,118111,6370
ecdsa-P-256,sign,284,118371,6384
ecdsa-P-256,sign,285,118204,6375
ecdsa-P-256,sign,286,118167,6375
ecdsa-P-256,sign,287,118204,6377
ecdsa-P-256,sign,288,117982,6364
ecdsa-P-256,sign,289,118093,6369
ecdsa-P-256,sign,290,118000,6365
ecdsa-P-256,sign,291,118204,6377
ecdsa-P-256,sign,292,118148,6373
ecdsa-P-256,sign,293,118093,6371
ecdsa-P-256,sign,294,117926,6361
ecdsa-P-256,sign,295,117945,6363
ecdsa-P-256,sign,296,118056,6368
ecdsa-P-256,sign,297,118334,6383
ecdsa-P-256,sign,298,118019,6367
ecdsa-P-256,sign,299,118129,6372
ecdsa-P-256,sign,300,118370,6384
ecdsa-P-256,sign,301,118167,6375
ecdsa-P-256,sign,302,117926,6360
ecdsa-P-256,sign,303,118389,6386
ecdsa-P-256,sign,304,118000,6366
ecdsa-P-256,sign,305,118259,6379
ecdsa-P-256,sign,306,118185,6375
ecdsa-P-256,sign,307,118000,6365
ecdsa-P-256,sign,308,118130,6372
ecdsa-P-256,sign,309,118074,6369
ecdsa-P-256,sign,310,117889,6359
ecdsa-P-256,sign,311,118241,6377
ecdsa-P-256,sign,312,127833,6896
ecdsa-P-256,sign,313,118963,6417
ecdsa-P-256,sign,314,118445,6389
ecdsa-P-256,sign,315,118277,6380
ecdsa-P-256,sign,316,118093,6371
ecdsa-P-256,sign,317,118204,6376
ecdsa-P-256,sign,318,118111,6371
ecdsa-P-256,sign,319,118148,6372
ecdsa-P-256,sign,320,117963,6362
ecdsa-P-256,sign,321,118111,6371
ecdsa-P-256,sign,322,118204,6376
ecdsa-P-256,sign,323,117981,6364
ecdsa-P-256,sign,324,118148,6373
ecdsa-P-256,sign,325,118167,6374
ecdsa-P-256,sign,326,117981,6365
ecdsa-P-256,sign,327,118259,6378
ecdsa-P-256,sign,328,118111,6371
ecdsa-P-256,sign,329,118185,6376
ecdsa-P-256,sign,330,118333,6383
ecdsa-P-256,sign,331,118185,6375
ecdsa-P-256,sign,332,118019,6365
ecdsa-P-256,sign,333,118334,6384
ecdsa-P-256,sign,334,118130,6372
ecdsa-P-256,sign,335,118222,6377
ecdsa-P-256,sign,336,118370,6385
ecdsa-P-256,sign,337,118166,6375
ecdsa-P-256,sign,338,117981,6365
ecdsa-P-256,sign,339,118204,6377
ecdsa-P-256,sign,340,118037,6367
ecdsa-P-256,sign,341,120518,6503
ecdsa-P-256,sign,342,118240,6379
ecdsa-P-256,sign,343,118389,6386
ecdsa-P-256,sign,344,127944,6903
ecdsa-P-256,sign,345,119241,6433
ecdsa-P-256,sign,346,118241,6377
ecdsa-P-256,sign,347,118093,6370
ecdsa-P-256,sign,348,118148,6373
ecdsa-P-256,sign,349,118092,6370
ecdsa-P-256,sign,350,117889,6359
ecdsa-P-256,sign,351,118185,6376
ecdsa-P-256,sign,352,118148,6373
ecdsa-P-256,sign,353,117908,6361
ecdsa-P-256,sign,354,118333,6383
ecdsa-P-256,sign,355,118018,6367
ecdsa-P-256,sign,356,118259,6380
ecdsa-P-256,sign,357,118148,6374
ecdsa-P-256,sign,358,118075,6370
ecdsa-P-256,sign,359,118074,6369
ecdsa-P-256,sign,360,118129,6372
ecdsa-P-256,sign,361,118204,6376
ecdsa-P-256,sign,362,118388,6387
ecdsa-P-256,sign,363,118167,6374
ecdsa-P-256,sign,364,117981,6364
ecdsa-P-256,sign,365,118055,6368
ecdsa-P-256,sign,366,117981,6363
ecdsa-P-256,sign,367,118222,6378
ecdsa-P-256,sign,368,117870,6359
ecdsa-P-256,sign,369,118167,6373
ecdsa-P-256,sign,370,118129,6371
ecdsa-P-256,sign,371,117926,6362
ecdsa-P-256,sign,372,118111,6372
ecdsa-P-256,sign,373,118204,6377
ecdsa-P-256,sign,374,118000,6365
ecdsa-P-256,sign,375,118241,6378
ecdsa-P-256,sign,376,118314,6382
ecdsa-P-256,sign,377,127723,6890
ecdsa-P-256,sign,378,118963,6417
ecdsa-P-256,sign,379,118186,6374
ecdsa-P-256,sign,380,118259,6380
ecdsa-P-256,sign,381,118185,6376
ecdsa-P-256,sign,382,118074,6369
ecdsa-P-256,sign,383,118055,6366
ecdsa-P-256,sign,384,118055,6369
ecdsa-P-256,sign,385,118074,6370
ecdsa-P-256,sign,386,118130,6372
ecdsa-P-256,sign,387,117963,6363
ecdsa-P-256,sign,388,118055,6368
ecdsa-P-256,sign,389,118093,6371
ecdsa-P-256,sign,390,118019,6366
ecdsa-P-256,sign,391,118241,6378
ecdsa-P-256,sign,392,118092,6371
ecdsa-P-256,sign,393,118092,6370
ecdsa-P-256,sign,394,118111,6372
ecdsa-P-256,sign,395,117963,6364
ecdsa-P-256,sign,396,117889,6359
ecdsa-P-256,sign,397,117982,6365
ecdsa-P-256,sign,398,118222,6377
ecdsa-P-256,sign,399,118204,6376
ecdsa-P-256,sign,400,118148,6373
ecdsa-P-256,sign,401,118019,6366
ecdsa-P-256,sign,402,118074,6369
ecdsa-P-256,sign,403,118148,6373
ecdsa-P-256,sign,404,118037,6366
ecdsa-P-256,sign,405,117870,6359
ecdsa-P-256,sign,406,118074,6370
ecdsa-P-256,sign,407,118296,6381
ecdsa-P-256,sign,408,117870,6358
ecdsa-P-256,sign,409,118204,6376
ecdsa-P-256,sign,410,127648,6885
ecdsa-P-256,sign,411,118851,6410
ecdsa-P-256,sign,412,118222,6377
ecdsa-P-256,sign,413,117852,6357
ecdsa-P-256,sign,414,117963,6363
ecdsa-P-256,sign,415,118129,6373
ecdsa-P-256,sign,416,118092,6371
ecdsa-P-256,sign,417,118166,6375
ecdsa-P-256,sign,418,118111,6372
ecdsa-P-256,sign,419,118130,6371
ecdsa-P-256,sign,420,118019,6367
ecdsa-P-256,sign,421,118111,6371
ecdsa-P-256,sign,422,118093,6370
ecdsa-P-256,sign,423,118130,6372
ecdsa-P-256,sign,424,118111,6371
ecdsa-P-256,sign,425,118092,6371
ecdsa-P-256,sign,426,118223,6377
ecdsa-P-256,sign,427,118075,6370
ecdsa-P-256,sign,428,118166,6374
ecdsa-P-256,sign,429,118074,6370
ecdsa-P-256,sign,430,118056,6367
ecdsa-P-256,sign,431,118148,6374
ecdsa-P-256,sign,432,118074,6369
ecdsa-P-256,sign,433,118241,6377
ecdsa-P-256,sign,434,118037,6366
ecdsa-P-256,sign,435,118018,6366
ecdsa-P-256,sign,436,118426,6387
ecdsa-P-256,sign,437,118074,6369
ecdsa-P-256,sign,438,118093,6370
ecdsa-P-256,sign,439,118241,6379
ecdsa-P-256,sign,440,118148,6373
ecdsa-P-256,sign,441,118315,6383
ecdsa-P-256,sign,442,127797,6893
ecdsa-P-256,sign,443,119260,6434
ecdsa-P-256,sign,444,118185,6376
ecdsa-P-256,sign,445,118148,6374
ecdsa-P-256,sign,446,118074,6370
ecdsa-P-256,sign,447,118074,6370
ecdsa-P-256,sign,448,118278,6381
ecdsa-P-256,sign,449,117926,6361
ecdsa-P-256,sign,450,118055,6368
ecdsa-P-256,sign,451,118055,6368
ecdsa-P-256,sign,452,117981,6364
ecdsa-P-256,sign,453,118389,6386
ecdsa-P-256,sign,454,117963,6364
ecdsa-P-256,sign,455,117852,6356
ecdsa-P-256,sign,456,118093,6370
ecdsa-P-256,sign,457,118056,6369
ecdsa-P-256,sign,458,118352,6383
ecdsa-P-256,sign,459,118204,6375
ecdsa-P-256,sign,460,117926,6361
ecdsa-P-256,sign,461,118278,6379
ecdsa-P-256,sign,462,117981,6363
ecdsa-P-256,sign,463,118074,6370
ecdsa-P-256,sign,464,118204,6377
ecdsa-P-256,sign,465,120408,6497
ecdsa-P-256,sign,466,118611,6399
ecdsa-P-256,sign,467,118130,6373
ecdsa-P-256,sign,468,118185,6376
ecdsa-P-256,sign,469,118185,6376
ecdsa-P-256,sign,470,118111,6372
ecdsa-P-256,sign,471,118093,6371
ecdsa-P-256,sign,472,118037,6367
ecdsa-P-256,sign,473,118056,6369
ecdsa-P-256,sign,474,118315,6382
ecdsa-P-256,sign,475,158425,8541
ecdsa-P-256,sign,476,123074,6640
ecdsa-P-256,sign,477,118630,6399
ecdsa-P-256,sign,478,118333,6383
ecdsa-P-256,sign,479,118278,6380
ecdsa-P-256,sign,480,118056,6368
ecdsa-P-256,sign,481,118277,6380
ecdsa-P-256,sign,482,118111,6372
ecdsa-P-256,sign,483,118074,6369
ecdsa-P-256,sign,484,118389,6387
ecdsa-P-256,sign,485,118055,6368
ecdsa-P-256,sign,486,117908,6361
ecdsa-P-256,sign,487,118314,6381
ecdsa-P-256,sign,488,117982,6365
ecdsa-P-256,sign,489,118352,6384
ecdsa-P-256,sign,490,118370,6385
ecdsa-P-256,sign,491,117833,6357
ecdsa-P-256,sign,492,118055,6368
ecdsa-P-256,sign,493,118111,6370
ecdsa-P-256,sign,494,118222,6377
ecdsa-P-256,sign,495,118278,6380
ecdsa-P-256,sign,496,118130,6372
ecdsa-P-256,sign,497,118167,6373
ecdsa-P-256,sign,498,118074,6370
ecdsa-P-256,sign,499,118148,6372
ecdsa-P-256,sign,500,118185,6375
ecdsa-P-256,sign,501,118166,6374
ecdsa-P-256,sign,502,118093,6370
ecdsa-P-256,sign,503,117852,6357
ecdsa-P-256,sign,504,118112,6372
ecdsa-P-256,sign,505,118166,6373
ecdsa-P-256,sign,506,117889,6358
ecdsa-P-256,sign,507,129111,6965
ecdsa-P-256,sign,508,119130,6427
ecdsa-P-256,sign,509,118241,6378
ecdsa-P-256,sign,510,118093,6371
ecdsa-P-256,sign,511,118277,6381
ecdsa-P-256,sign,512,118037,6367
ecdsa-P-256,sign,513,117982,6365
ecdsa-P-256,sign,514,118074,6369
ecdsa-P-256,sign,515,117926,6361
ecdsa-P-256,sign,516,118185,6376
ecdsa-P-256,sign,517,118055,6369
ecdsa-P-256,sign,518,117815,6355
ecdsa-P-256,sign,519,118240,6378
ecdsa-P-256,sign,520,118185,6376
ecdsa-P-256,sign,521,118129,6371
ecdsa-P-256,sign,522,118259,6379
ecdsa-P-256,sign,523,118074,6369
ecdsa-P-256,sign,524,118167,6375
ecdsa-P-256,sign,525,118111,6372
ecdsa-P-256,sign,526,118093,6370
ecdsa-P-256,sign,527,117981,6364
ecdsa-P-256,sign,528,117926,6361
ecdsa-P-256,sign,529,117963,6363
ecdsa-P-256,sign,530,117981,6364
ecdsa-P-256,sign,531,118167,6375
ecdsa-P-256,sign,532,118167,6373
ecdsa-P-256,sign,533,118111,6371
ecdsa-P-256,sign,534,118055,6368
ecdsa-P-256,sign,535,118148,6373
ecdsa-P-256,sign,536,118019,6366
ecdsa-P-256,sign,537,118056,6369
ecdsa-P-256,sign,538,118148,6373
ecdsa-P-256,sign,539,118000,6365
ecdsa-P-256,sign,540,129555,6989
ecdsa-P-256,sign,541,119000,6420
ecdsa-P-256,sign,542,118315,6383
ecdsa-P-256,sign,543,118074,6369
ecdsa-P-256,sign,544,118241,6378
ecdsa-P-256,sign,545,117944,6362
ecdsa-P-256,sign,546,117852,6358
ecdsa-P-256,sign,547,118018,6365
ecdsa-P-256,sign,548,118056,6369
ecdsa-P-256,sign,549,118130,6373
ecdsa-P-256,sign,550,118055,6369
ecdsa-P-256,sign,551,117926,6362
ecdsa-P-256,sign,552,118371,6385
ecdsa-P-256,sign,553,117982,6365
ecdsa-P-256,sign,554,118074,6369
ecdsa-P-256,sign,555,118389,6386
ecdsa-P-256,sign,556,118018,6367
ecdsa-P-256,sign,557,117889,6359
ecdsa-P-256,sign,558,118129,6373
ecdsa-P-256,sign,559,118000,6366
ecdsa-P-256,sign,560,118203,6377
ecdsa-P-256,sign,561,118111,6370
ecdsa-P-256,sign,562,118111,6371
ecdsa-P-256,sign,563,118112,6370
ecdsa-P-256,sign,564,118074,6368
ecdsa-P-256,sign,565,118130,6372
ecdsa-P-256,sign,566,118370,6386
ecdsa-P-256,sign,567,118130,6373
ecdsa-P-256,sign,568,118093,6370
ecdsa-P-256,sign,569,118111,6371
ecdsa-P-256,sign,570,118129,6373
ecdsa-P-256,sign,571,118092,6370
ecdsa-P-256,sign,572,118111,6372
ecdsa-P-256,sign,573,128315,6922
ecdsa-P-256,sign,574,118703,6403
ecdsa-P-256,sign,575,118074,6367
ecdsa-P-256,sign,576,117852,6358
ecdsa-P-256,sign,577,118222,6377
ecdsa-P-256,sign,578,118074,6369
ecdsa-P-256,sign,579,117963,6364
ecdsa-P-256,sign,580,118185,6376
ecdsa-P-256,sign,581,118203,6375
ecdsa-P-256,sign,582,118203,6377
ecdsa-P-256,sign,583,117926,6361
ecdsa-P-256,sign,584,118056,6368
ecdsa-P-256,sign,585,118240,6378
ecdsa-P-256,sign,586,118092,6370
ecdsa-P-256,sign,587,118093,6370
ecdsa-P-256,sign,588,118185,6374
ecdsa-P-256,sign,589,120870,6520
ecdsa-P-256,sign,590,118314,6382
ecdsa-P-256,sign,591,118629,6400
ecdsa-P-256,sign,592,118407,6387
ecdsa-P-256,sign,593,117981,6364
ecdsa-P-256,sign,594,118056,6368
ecdsa-P-256,sign,595,118074,6368
ecdsa-P-256,sign,596,118018,6365
ecdsa-P-256,sign,597,118259,6379
ecdsa-P-256,sign,598,118186,6376
ecdsa-P-256,sign,599,117982,6363
ecdsa-P-256,sign,600,118259,6380
ecdsa-P-256,sign,601,118074,6369
ecdsa-P-256,sign,602,117907,6360
ecdsa-P-256,sign,603,118259,6379
ecdsa-P-256,sign,604,117907,6360
ecdsa-P-256,sign,605,128463,6930
ecdsa-P-256,sign,606,119074,6423
ecdsa-P-256,sign,607,118203,6376
ecdsa-P-256,sign,608,117907,6360
ecdsa-P-256,sign,609,118055,6367
ecdsa-P-256,sign,610,118093,6368
ecdsa-P-256,sign,611,118334,6382
ecdsa-P-256,sign,612,118204,6374
ecdsa-P-256,sign,613,118130,6372
ecdsa-P-256,sign,614,118204,6376
ecdsa-P-256,sign,615,118185,6374
ecdsa-P-256,sign,616,117871,6358
ecdsa-P-256,sign,617,118223,6378
ecdsa-P-256,sign,618,118222,6378
ecdsa-P-256,sign,619,118167,6374
ecdsa-P-256,sign,620,118389,6386
ecdsa-P-256,sign,621,118186,6375
ecdsa-P-256,sign,622,118018,6366
ecdsa-P-256,sign,623,117963,6363
ecdsa-P-256,sign,624,118055,6367
ecdsa-P-256,sign,625,118222,6378
ecdsa-P-256,sign,626,118037,6367
ecdsa-P-256,sign,627,118149,6374
ecdsa-P-256,sign,628,118204,6377
ecdsa-P-256,sign,629,118037,6367
ecdsa-P-256,sign,630,118019,6367
ecdsa-P-256,sign,631,118333,6384
ecdsa-P-256,sign,632,118019,6367
ecdsa-P-256,sign,633,118278,6380
ecdsa-P-256,sign,634,118111,6371
ecdsa-P-256,sign,635,118093,6370
ecdsa-P-256,sign,636,118333,6383
ecdsa-P-256,sign,637,118296,6382
ecdsa-P-256,sign,638,127611,6883
ecdsa-P-256,sign,639,118907,6415
ecdsa-P-256,sign,640,118370,6385
ecdsa-P-256,sign,641,118075,6369
ecdsa-P-256,sign,642,118129,6373
ecdsa-P-256,sign,643,117981,6364
ecdsa-P-256,sign,644,118018,6367
ecdsa-P-256,sign,645,118241,6378
ecdsa-P-256,sign,646,118148,6374
ecdsa-P-256,sign,647,117963,6363
ecdsa-P-256,sign,648,118111,6370
ecdsa-P-256,sign,649,118129,6373
ecdsa-P-256,sign,650,118259,6378
ecdsa-P-256,sign,651,117907,6360
ecdsa-P-256,sign,652,118019,6366
ecdsa-P-256,sign,653,118129,6372
ecdsa-P-256,sign,654,118148,6372
ecdsa-P-256,sign,655,118259,6379
ecdsa-P-256,sign,656,118148,6374
ecdsa-P-256,sign,657,118166,6375
ecdsa-P-256,sign,658,118037,6367
ecdsa-P-256,sign,659,118315,6383
ecdsa-P-256,sign,660,118019,6367
ecdsa-P-256,sign,661,118092,6371
ecdsa-P-256,sign,662,118222,6377
ecdsa-P-256,sign,663,117963,6364
ecdsa-P-256,sign,664,118278,6379
ecdsa-P-256,sign,665,118018,6366
ecdsa-P-256,sign,666,117852,6358
ecdsa-P-256,sign,667,118259,6379
ecdsa-P-256,sign,668,118074,6369
ecdsa-P-256,sign,669,117889,6359
ecdsa-P-256,sign,670,118129,6371
ecdsa-P-256,sign,671,127667,6887
ecdsa-P-256,sign,672,118834,6410
ecdsa-P-256,sign,673,118240,6377
ecdsa-P-256,sign,674,118204,6376
ecdsa-P-256,sign,675,118370,6385
ecdsa-P-256,sign,676,118185,6375
ecdsa-P-256,sign,677,117944,6363
ecdsa-P-256,sign,678,118130,6371
ecdsa-P-256,sign,679,118148,6372
ecdsa-P-256,sign,680,118000,6364
ecdsa-P-256,sign,681,118111,6370
ecdsa-P-256,sign,682,118315,6382
ecdsa-P-256,sign,683,118129,6372
ecdsa-P-256,sign,684,118167,6375
ecdsa-P-256,sign,685,118111,6372
ecdsa-P-256,sign,686,118167,6374
ecdsa-P-256,sign,687,118019,6365
ecdsa-P-256,sign,688,118111,6371
ecdsa-P-256,sign,689,117815,6356
ecdsa-P-256,sign,690,118037,6368
ecdsa-P-256,sign,691,118204,6376
ecdsa-P-256,sign,692,118000,6365
ecdsa-P-256,sign,693,118166,6374
ecdsa-P-256,sign,694,118148,6372
ecdsa-P-256,sign,695,118223,6377
ecdsa-P-256,sign,696,117908,6361
ecdsa-P-256,sign,697,117889,6359
ecdsa-P-256,sign,698,118018,6366
ecdsa-P-256,sign,699,118259,6379
ecdsa-P-256,sign,700,117926,6362
ecdsa-P-256,sign,701,118166,6374
ecdsa-P-256,sign,702,118018,6365
ecdsa-P-256,sign,703,118074,6369
ecdsa-P-256,sign,704,128055,6908
ecdsa-P-256,sign,705,118667,6402
ecdsa-P-256,sign,706,118167,6374
ecdsa-P-256,sign,707,118129,6372
ecdsa-P-256,sign,708,117760,6352
ecdsa-P-256,sign,709,118148,6374
ecdsa-P-256,sign,710,117852,6358
ecdsa-P-256,sign,711,118019,6366
ecdsa-P-256,sign,712,118111,6371
ecdsa-P-256,sign,713,120408,6496
ecdsa-P-256,sign,714,118352,6384
ecdsa-P-256,sign,715,118075,6369
ecdsa-P-256,sign,716,118241,6379
ecdsa-P-256,sign,717,118260,6378
ecdsa-P-256,sign,718,117982,6364
ecdsa-P-256,sign,719,118352,6384
ecdsa-P-256,sign,720,118204,6377
ecdsa-P-256,sign,721,118185,6375
ecdsa-P-256,sign,722,118111,6372
ecdsa-P-256,sign,723,118259,6380
ecdsa-P-256,sign,724,118093,6371
ecdsa-P-256,sign,725,118166,6374
ecdsa-P-256,sign,726,118259,6379
ecdsa-P-256,sign,727,118000,6366
ecdsa-P-256,sign,728,118055,6369
ecdsa-P-256,sign,729,118129,6371
ecdsa-P-256,sign,730,118019,6367
ecdsa-P-256,sign,731,118241,6379
ecdsa-P-256,sign,732,118166,6375
ecdsa-P-256,sign,733,118167,6375
ecdsa-P-256,sign,734,118185,6374
ecdsa-P-256,sign,735,118093,6371
ecdsa-P-256,sign,736,133000,7174
ecdsa-P-256,sign,737,119093,6425
ecdsa-P-256,sign,738,118148,6374
ecdsa-P-256,sign,739,118167,6374
ecdsa-P-256,sign,740,118148,6374
ecdsa-P-256,sign,741,118074,6369
ecdsa-P-256,sign,742,118185,6374
ecdsa-P-256,sign,743,118000,6365
ecdsa-P-256,sign,744,118111,6371
ecdsa-P-256,sign,745,118315,6383
ecdsa-P-256,sign,746,118166,6373
ecdsa-P-256,sign,747,118092,6369
ecdsa-P-256,sign,748,118241,6379
ecdsa-P-256,sign,749,118111,6371
ecdsa-P-256,sign,750,118093,6371
ecdsa-P-256,sign,751,118277,6381
ecdsa-P-256,sign,752,118074,6369
ecdsa-P-256,sign,753,118148,6374
ecdsa-P-256,sign,754,117981,6365
ecdsa-P-256,sign,755,117926,6361
ecdsa-P-256,sign,756,118149,6373
ecdsa-P-256,sign,757,118149,6372
ecdsa-P-256,sign,758,117963,6363
ecdsa-P-256,sign,759,118370,6386
ecdsa-P-256,sign,760,118000,6366
ecdsa-P-256,sign,761,117982,6365
ecdsa-P-256,sign,762,118166,6374
ecdsa-P-256,sign,763,118148,6374
ecdsa-P-256,sign,764,118278,6380
ecdsa-P-256,sign,765,117889,6359
ecdsa-P-256,sign,766,117963,6364
ecdsa-P-256,sign,767,118019,6366
ecdsa-P-256,sign,768,118111,6372
ecdsa-P-256,sign,769,127667,6887
ecdsa-P-256,sign,770,119148,6427
ecdsa-P-256,sign,771,118296,6381
ecdsa-P-256,sign,772,118315,6381
ecdsa-P-256,sign,773,117981,6365
ecdsa-P-256,sign,774,118037,6367
ecdsa-P-256,sign,775,118315,6381
ecdsa-P-256,sign,776,117926,6362
ecdsa-P-256,sign,777,118333,6384
ecdsa-P-256,sign,778,118259,6379
ecdsa-P-256,sign,779,118000,6364
ecdsa-P-256,sign,780,118056,6367
ecdsa-P-256,sign,781,118240,6379
ecdsa-P-256,sign,782,118000,6366
ecdsa-P-256,sign,783,118074,6369
ecdsa-P-256,sign,784,118018,6367
ecdsa-P-256,sign,785,117833,6355
ecdsa-P-256,sign,786,118222,6378
ecdsa-P-256,sign,787,117945,6362
ecdsa-P-256,sign,788,118167,6374
ecdsa-P-256,sign,789,118297,6380
ecdsa-P-256,sign,790,117981,6365
ecdsa-P-256,sign,791,117870,6358
ecdsa-P-256,sign,792,117926,6362
ecdsa-P-256,sign,793,118056,6369
ecdsa-P-256,sign,794,118130,6372
ecdsa-P-256,sign,795,118074,6368
ecdsa-P-256,sign,796,118259,6379
ecdsa-P-256,sign,797,118240,6377
ecdsa-P-256,sign,798,117982,6364
ecdsa-P-256,sign,799,118204,6377
ecdsa-P-256,sign,800,118241,6378
ecdsa-P-256,sign,801,117981,6364
ecdsa-P-256,sign,802,128037,6905
ecdsa-P-256,sign,803,118574,6396
ecdsa-P-256,sign,804,118055,6368
ecdsa-P-256,sign,805,118018,6367
ecdsa-P-256,sign,806,118351,6385
ecdsa-P-256,sign,807,118389,6385
ecdsa-P-256,sign,808,118111,6371
ecdsa-P-256,sign,809,118000,6365
ecdsa-P-256,sign,810,118222,6378
ecdsa-P-256,sign,811,117888,6360
ecdsa-P-256,sign,812,118166,6373
ecdsa-P-256,sign,813,118333,6383
ecdsa-P-256,sign,814,117945,6361
ecdsa-P-256,sign,815,117981,6363
ecdsa-P-256,sign,816,118296,6381
ecdsa-P-256,sign,817,118111,6371
ecdsa-P-256,sign,818,118149,6373
ecdsa-P-256,sign,819,118222,6378
ecdsa-P-256,sign,820,118093,6371
ecdsa-P-256,sign,821,118129,6373
ecdsa-P-256,sign,822,118074,6370
ecdsa-P-256,sign,823,118129,6373
ecdsa-P-256,sign,824,118333,6384
ecdsa-P-256,sign,825,118130,6372
ecdsa-P-256,sign,826,118222,6377
ecdsa-P-256,sign,827,118074,6370
ecdsa-P-256,sign,828,118074,6369
ecdsa-P-256,sign,829,118037,6367
ecdsa-P-256,sign,830,118185,6376
ecdsa-P-256,sign,831,117926,6361
ecdsa-P-256,sign,832,118129,6372
ecdsa-P-256,sign,833,118092,6370
ecdsa-P-256,sign,834,128426,6927
ecdsa-P-256,sign,835,119167,6428
ecdsa-P-256,sign,836,118333,6384
ecdsa-P-256,sign,837,120500,6501
ecdsa-P-256,sign,838,118407,6387
ecdsa-P-256,sign,839,118074,6368
ecdsa-P-256,sign,840,117907,6360
ecdsa-P-256,sign,841,118222,6376
ecdsa-P-256,sign,842,118129,6372
ecdsa-P-256,sign,843,118074,6370
ecdsa-P-256,sign,844,118167,6374
ecdsa-P-256,sign,845,118092,6370
ecdsa-P-256,sign,846,118074,6369
ecdsa-P-256,sign,847,118186,6374
ecdsa-P-256,sign,848,118074,6369
ecdsa-P-256,sign,849,117982,6365
ecdsa-P-256,sign,850,118352,6384
ecdsa-P-256,sign,851,118056,6369
ecdsa-P-256,sign,852,118037,6367
ecdsa-P-256,sign,853,118055,6369
ecdsa-P-256,sign,854,118333,6383
ecdsa-P-256,sign,855,118259,6379
ecdsa-P-256,sign,856,118111,6371
ecdsa-P-256,sign,857,117741,6352
ecdsa-P-256,sign,858,118167,6374
ecdsa-P-256,sign,859,118185,6375
ecdsa-P-256,sign,860,118074,6369
ecdsa-P-256,sign,861,118204,6375
ecdsa-P-256,sign,862,118204,6376
ecdsa-P-256,sign,863,118093,6371
ecdsa-P-256,sign,864,118185,6376
ecdsa-P-256,sign,865,117889,6360
ecdsa-P-256,sign,866,118260,6379
ecdsa-P-256,sign,867,127908,6900
ecdsa-P-256,sign,868,119111,6427
ecdsa-P-256,sign,869,118240,6378
ecdsa-P-256,sign,870,118185,6375
ecdsa-P-256,sign,871,118037,6368
ecdsa-P-256,sign,872,118167,6374
ecdsa-P-256,sign,873,118315,6382
ecdsa-P-256,sign,874,118037,6366
ecdsa-P-256,sign,875,118185,6376
ecdsa-P-256,sign,876,117852,6358
ecdsa-P-256,sign,877,118129,6372
ecdsa-P-256,sign,878,118111,6371
ecdsa-P-256,sign,879,118185,6376
ecdsa-P-256,sign,880,118370,6385
ecdsa-P-256,sign,881,118296,6381
ecdsa-P-256,sign,882,117963,6363
ecdsa-P-256,sign,883,118074,6369
ecdsa-P-256,sign,884,118092,6369
ecdsa-P-256,sign,885,118055,6368
ecdsa-P-256,sign,886,118334,6384
ecdsa-P-256,sign,887,118111,6371
ecdsa-P-256,sign,888,118074,6368
ecdsa-P-256,sign,889,118260,6379
ecdsa-P-256,sign,890,118260,6379
ecdsa-P-256,sign,891,117945,6361
ecdsa-P-256,sign,892,118278,6380
ecdsa-P-256,sign,893,118093,6371
ecdsa-P-256,sign,894,117834,6355
ecdsa-P-256,sign,895,118019,6366
ecdsa-P-256,sign,896,118000,6366
ecdsa-P-256,sign,897,118056,6368
ecdsa-P-256,sign,898,118018,6366
ecdsa-P-256,sign,899,118370,6385
ecdsa-P-256,sign,900,127926,6901
ecdsa-P-256,sign,901,118741,6404
ecdsa-P-256,sign,902,118259,6380
ecdsa-P-256,sign,903,118055,6369
ecdsa-P-256,sign,904,117963,6363
ecdsa-P-256,sign,905,118185,6375
ecdsa-P-256,sign,906,117981,6365
ecdsa-P-256,sign,907,118278,6379
ecdsa-P-256,sign,908,118167,6374
ecdsa-P-256,sign,909,117963,6363
ecdsa-P-256,sign,910,118185,6375
ecdsa-P-256,sign,911,117907,6361
ecdsa-P-256,sign,912,118111,6371
ecdsa-P-256,sign,913,118185,6376
ecdsa-P-256,sign,914,118074,6370
ecdsa-P-256,sign,915,118149,6373
ecdsa-P-256,sign,916,118129,6372
ecdsa-P-256,sign,917,118056,6368
ecdsa-P-256,sign,918,118074,6369
ecdsa-P-256,sign,919,118111,6370
ecdsa-P-256,sign,920,118296,6382
ecdsa-P-256,sign,921,118259,6379
ecdsa-P-256,sign,922,118204,6376
ecdsa-P-256,sign,923,117870,6358
ecdsa-P-256,sign,924,118204,6376
ecdsa-P-256,sign,925,118203,6377
ecdsa-P-256,sign,926,118000,6366
ecdsa-P-256,sign,927,118408,6388
ecdsa-P-256,sign,928,118111,6371
ecdsa-P-256,sign,929,118130,6372
ecdsa-P-256,sign,930,118074,6369
ecdsa-P-256,sign,931,118129,6373
ecdsa-P-256,sign,932,127426,6874
ecdsa-P-256,sign,933,119055,6422
ecdsa-P-256,sign,934,118222,6378
ecdsa-P-256,sign,935,118129,6371
ecdsa-P-256,sign,936,118389,6386
ecdsa-P-256,sign,937,118055,6368
ecdsa-P-256,sign,938,118093,6370
ecdsa-P-256,sign,939,118092,6370
ecdsa-P-256,sign,940,118037,6367
ecdsa-P-256,sign,941,118241,6378
ecdsa-P-256,sign,942,117944,6362
ecdsa-P-256,sign,943,117944,6362
ecdsa-P-256,sign,944,118277,6381
ecdsa-P-256,sign,945,118037,6367
ecdsa-P-256,sign,946,118352,6384
ecdsa-P-256,sign,947,118277,6379
ecdsa-P-256,sign,948,118074,6369
ecdsa-P-256,sign,949,118093,6370
ecdsa-P-256,sign,950,117963,6364
ecdsa-P-256,sign,951,118019,6367
ecdsa-P-256,sign,952,118148,6373
ecdsa-P-256,sign,953,118315,6382
ecdsa-P-256,sign,954,118149,6373
ecdsa-P-256,sign,955,118204,6376
ecdsa-P-256,sign,956,118037,6368
ecdsa-P-256,sign,957,118093,6371
ecdsa-P-256,sign,958,118167,6374
ecdsa-P-256,sign,959,118000,6365
ecdsa-P-256,sign,960,118167,6375
ecdsa-P-256,sign,961,120944,6525
ecdsa-P-256,sign,962,119371,6439
ecdsa-P-256,sign,963,118167,6375
ecdsa-P-256,sign,964,118074,6370
ecdsa-P-256,sign,965,129222,6971
ecdsa-P-256,sign,966,119167,6429
ecdsa-P-256,sign,967,118407,6387
ecdsa-P-256,sign,968,118222,6377
ecdsa-P-256,sign,969,118111,6372
ecdsa-P-256,sign,970,118315,6382
ecdsa-P-256,sign,971,117944,6362
ecdsa-P-256,sign,972,118352,6384
ecdsa-P-256,sign,973,118185,6376
ecdsa-P-256,sign,974,118056,6368
ecdsa-P-256,sign,975,118407,6387
ecdsa-P-256,sign,976,118334,6383
ecdsa-P-256,sign,977,118037,6368
ecdsa-P-256,sign,978,118185,6374
ecdsa-P-256,sign,979,118129,6373
ecdsa-P-256,sign,980,118038,6367
ecdsa-P-256,sign,981,118278,6380
ecdsa-P-256,sign,982,118148,6374
ecdsa-P-256,sign,983,117981,6363
ecdsa-P-256,sign,984,118333,6384
ecdsa-P-256,sign,985,118130,6371
ecdsa-P-256,sign,986,118018,6365
ecdsa-P-256,sign,987,118352,6385
ecdsa-P-256,sign,988,118000,6365
ecdsa-P-256,sign,989,118055,6368
ecdsa-P-256,sign,990,118111,6370
ecdsa-P-256,sign,991,118000,6366
ecdsa-P-256,sign,992,118296,6380
ecdsa-P-256,sign,993,117982,6364
ecdsa-P-256,sign,994,118111,6371
ecdsa-P-256,sign,995,118204,6377
ecdsa-P-256,sign,996,118093,6370
ecdsa-P-256,sign,997,118130,6373
ecdsa-P-256,sign,998,134574,7257
ecdsa-P-256,sign,999,118963,6417
ecdsa-P-256,verify,0,345111,18630
ecdsa-P-256,verify,1,345796,18667
ecdsa-P-256,verify,2,345463,18649
ecdsa-P-256,verify,3,345482,18651
ecdsa-P-256,verify,4,345204,18637
ecdsa-P-256,verify,5,345241,18638
ecdsa-P-256,verify,6,355093,19166
ecdsa-P-256,verify,7,346389,18700
ecdsa-P-256,verify,8,345315,18642
ecdsa-P-256,verify,9,345277,18639
ecdsa-P-256,verify,10,345148,18633
ecdsa-P-256,verify,11,345426,18648
ecdsa-P-256,verify,12,345148,18634
ecdsa-P-256,verify,13,345352,18644
ecdsa-P-256,verify,14,345574,18657
ecdsa-P-256,verify,15,345444,18650
ecdsa-P-256,verify,16,345296,18640
ecdsa-P-256,verify,17,354870,19154
ecdsa-P-256,verify,18,346463,18703
ecdsa-P-256,verify,19,345389,18645
ecdsa-P-256,verify,20,345296,18641
ecdsa-P-256,verify,21,345259,18639
ecdsa-P-256,verify,22,345278,18641
ecdsa-P-256,verify,23,345371,18645
ecdsa-P-256,verify,24,345222,18636
ecdsa-P-256,verify,25,345167,18635
ecdsa-P-256,verify,26,345315,18642
ecdsa-P-256,verify,27,345241,18638
ecdsa-P-256,verify,28,345333,18643
ecdsa-P-256,verify,29,356111,19223
ecdsa-P-256,verify,30,346703,18715
ecdsa-P-256,verify,31,345241,18638
ecdsa-P-256,verify,32,345463,18651
ecdsa-P-256,verify,33,345407,18646
ecdsa-P-256,verify,34,345259,18639
ecdsa-P-256,verify,35,345166,18634
ecdsa-P-256,verify,36,345481,18650
ecdsa-P-256,verify,37,345296,18641
ecdsa-P-256,verify,38,345241,18638
ecdsa-P-256,verify,39,345185,18634
ecdsa-P-256,verify,40,355000,19161
ecdsa-P-256,verify,41,346204,18689
ecdsa-P-256,verify,42,345259,18638
ecdsa-P-256,verify,43,345500,18652
ecdsa-P-256,verify,44,345426,18648
ecdsa-P-256,verify,45,345259,18638
ecdsa-P-256,verify,46,345223,18637
ecdsa-P-256,verify,47,345352,18643
ecdsa-P-256,verify,48,345500,18652
ecdsa-P-256,verify,49,345297,18641
ecdsa-P-256,verify,50,345204,18636
ecdsa-P-256,verify,51,345333,18642
ecdsa-P-256,verify,52,355574,19193
ecdsa-P-256,verify,53,346111,18683
ecdsa-P-256,verify,54,345352,18643
ecdsa-P-256,verify,55,345296,18641
ecdsa-P-256,verify,56,345445,18649
ecdsa-P-256,verify,57,345185,18635
ecdsa-P-256,verify,58,345111,18632
ecdsa-P-256,verify,59,345370,18645
ecdsa-P-256,verify,60,345092,18629
ecdsa-P-256,verify,61,345260,18638
ecdsa-P-256,verify,62,345445,18650
ecdsa-P-256,verify,63,355111,19168
ecdsa-P-256,verify,64,346352,18697
ecdsa-P-256,verify,65,345500,18652
ecdsa-P-256,verify,66,345333,18642
ecdsa-P-256,verify,67,345370,18646
ecdsa-P-256,verify,68,345223,18636
ecdsa-P-256,verify,69,345203,18635
ecdsa-P-256,verify,70,345240,18637
ecdsa-P-256,verify,71,345315,18641
ecdsa-P-256,verify,72,345277,18640
ecdsa-P-256,verify,73,345204,18636
ecdsa-P-256,verify,74,345370,18645
ecdsa-P-256,verify,75,355963,19213
ecdsa-P-256,verify,76,345259,18640
ecdsa-P-256,verify,77,345204,18637
ecdsa-P-256,verify,78,345333,18643
ecdsa-P-256,verify,79,345185,18635
ecdsa-P-256,verify,80,345148,18633
ecdsa-P-256,verify,81,348481,18811
ecdsa-P-256,verify,82,345519,18652
ecdsa-P-256,verify,83,345389,18645
ecdsa-P-256,verify,84,345371,18644
ecdsa-P-256,verify,85,345222,18637
ecdsa-P-256,verify,86,355815,19206
ecdsa-P-256,verify,87,346519,18705
ecdsa-P-256,verify,88,345333,18644
ecdsa-P-256,verify,89,345370,18644
ecdsa-P-256,verify,90,345352,18644
ecdsa-P-256,verify,91,345241,18637
ecdsa-P-256,verify,92,345185,18635
ecdsa-P-256,verify,93,345389,18647
ecdsa-P-256,verify,94,345241,18638
ecdsa-P-256,verify,95,345130,18632
ecdsa-P-256,verify,96,345388,18646
ecdsa-P-256,verify,97,355963,19212
ecdsa-P-256,verify,98,346519,18705
ecdsa-P-256,verify,99,345537,18653
ecdsa-P-256,verify,100,345277,18640
ecdsa-P-256,verify,101,345148,18632
ecdsa-P-256,verify,102,345463,18651
ecdsa-P-256,verify,103,345370,18646
ecdsa-P-256,verify,104,345259,18640
ecdsa-P-256,verify,105,345241,18638
ecdsa-P-256,verify,106,345370,18646
ecdsa-P-256,verify,107,345297,18642
ecdsa-P-256,verify,108,345185,18635
ecdsa-P-256,verify,109,355185,19173
ecdsa-P-256,verify,110,346314,18695
ecdsa-P-256,verify,111,345278,18640
ecdsa-P-256,verify,112,345185,18635
ecdsa-P-256,verify,113,345389,18646
ecdsa-P-256,verify,114,345351,18644
ecdsa-P-256,verify,115,345223,18637
ecdsa-P-256,verify,116,345167,18634
ecdsa-P-256,verify,117,345334,18644
ecdsa-P-256,verify,118,345240,18638
ecdsa-P-256,verify,119,345185,18635
ecdsa-P-256,verify,120,355185,19171
ecdsa-P-256,verify,121,346389,18698
ecdsa-P-256,verify,122,345519,18653
ecdsa-P-256,verify,123,345241,18639
ecdsa-P-256,verify,124,345185,18635
ecdsa-P-256,verify,125,345370,18646
ecdsa-P-256,verify,126,345296,18641
ecdsa-P-256,verify,127,345148,18634
ecdsa-P-256,verify,128,345352,18644
ecdsa-P-256,verify,129,345482,18651
ecdsa-P-256,verify,130,345278,18640
ecdsa-P-256,verify,131,345185,18635
ecdsa-P-256,verify,132,355148,19170
ecdsa-P-256,verify,133,345889,18673
ecdsa-P-256,verify,134,345314,18642
ecdsa-P-256,verify,135,345278,18640
ecdsa-P-256,verify,136,345519,18652
ecdsa-P-256,verify,137,345240,18638
ecdsa-P-256,verify,138,345166,18634
ecdsa-P-256,verify,139,345407,18648
ecdsa-P-256,verify,140,345444,18649
ecdsa-P-256,verify,141,345278,18640
ecdsa-P-256,verify,142,345185,18636
ecdsa-P-256,verify,143,355277,19177
ecdsa-P-256,verify,144,346445,18702
ecdsa-P-256,verify,145,345352,18643
ecdsa-P-256,verify,146,345259,18638
ecdsa-P-256,verify,147,345167,18635
ecdsa-P-256,verify,148,345370,18645
ecdsa-P-256,verify,149,345259,18640
ecdsa-P-256,verify,150,345222,18637
ecdsa-P-256,verify,151,345500,18652
ecdsa-P-256,verify,152,345278,18640
ecdsa-P-256,verify,153,345167,18635
ecdsa-P-256,verify,154,354796,19151
ecdsa-P-256,verify,155,346352,18696
ecdsa-P-256,verify,156,345408,18647
ecdsa-P-256,verify,157,345241,18639
ecdsa-P-256,verify,158,345426,18647
ecdsa-P-256,verify,159,345389,18646
ecdsa-P-256,verify,160,345259,18639
ecdsa-P-256,verify,161,345222,18636
ecdsa-P-256,verify,162,345556,18655
ecdsa-P-256,verify,163,345519,18652
ecdsa-P-256,verify,164,345241,18638
ecdsa-P-256,verify,165,345241,18639
ecdsa-P-256,verify,166,355018,19163
ecdsa-P-256,verify,167,346352,18696
ecdsa-P-256,verify,168,345222,18637
ecdsa-P-256,verify,169,345297,18642
ecdsa-P-256,verify,170,345371,18644
ecdsa-P-256,verify,171,345241,18638
ecdsa-P-256,verify,172,345204,18635
ecdsa-P-256,verify,173,345388,18646
ecdsa-P-256,verify,174,345407,18648
ecdsa-P-256,verify,175,345260,18640
ecdsa-P-256,verify,176,345222,18637
ecdsa-P-256,verify,177,355000,19161
ecdsa-P-256,verify,178,346352,18698
ecdsa-P-256,verify,179,345333,18643
ecdsa-P-256,verify,180,345334,18642
ecdsa-P-256,verify,181,345333,18644
ecdsa-P-256,verify,182,345463,18649
ecdsa-P-256,verify,183,345185,18634
ecdsa-P-256,verify,184,345167,18634
ecdsa-P-256,verify,185,345463,18650
ecdsa-P-256,verify,186,345241,18638
ecdsa-P-256,verify,187,345130,18633
ecdsa-P-256,verify,188,345426,18648
ecdsa-P-256,verify,189,355074,19165
ecdsa-P-256,verify,190,346204,18689
ecdsa-P-256,verify,191,345315,18643
ecdsa-P-256,verify,192,345444,18650
ecdsa-P-256,verify,193,345463,18650
ecdsa-P-256,verify,194,345296,18640
ecdsa-P-256,verify,195,348129,18793
ecdsa-P-256,verify,196,345500,18650
ecdsa-P-256,verify,197,345352,18643
ecdsa-P-256,verify,198,345500,18651
ecdsa-P-256,verify,199,345296,18640
ecdsa-P-256,verify,200,356519,19244
ecdsa-P-256,verify,201,346555,18707
ecdsa-P-256,verify,202,345333,18642
ecdsa-P-256,verify,203,345278,18640
ecdsa-P-256,verify,204,345426,18648
ecdsa-P-256,verify,205,345574,18656
ecdsa-P-256,verify,206,345259,18638
ecdsa-P-256,verify,207,345278,18639
ecdsa-P-256,verify,208,345426,18648
ecdsa-P-256,verify,209,345463,18649
ecdsa-P-256,verify,210,345260,18639
ecdsa-P-256,verify,211,345260,18638
ecdsa-P-256,verify,212,355593,19193
ecdsa-P-256,verify,213,346000,18677
ecdsa-P-256,verify,214,345314,18641
ecdsa-P-256,verify,215,345463,18650
ecdsa-P-256,verify,216,345315,18641
ecdsa-P-256,verify,217,345556,18655
ecdsa-P-256,verify,218,345333,18642
ecdsa-P-256,verify,219,345259,18639
ecdsa-P-256,verify,220,345426,18648
ecdsa-P-256,verify,221,345481,18650
ecdsa-P-256,verify,222,345426,18648
ecdsa-P-256,verify,223,355092,19167
ecdsa-P-256,verify,224,346408,18700
ecdsa-P-256,verify,225,345574,18656
ecdsa-P-256,verify,226,345537,18653
ecdsa-P-256,verify,227,345370,18645
ecdsa-P-256,verify,228,345370,18645
ecdsa-P-256,verify,229,345352,18643
ecdsa-P-256,verify,230,345333,18642
ecdsa-P-256,verify,231,345352,18643
ecdsa-P-256,verify,232,345297,18640
ecdsa-P-256,verify,233,345445,18648
ecdsa-P-256,verify,234,354982,19161
ecdsa-P-256,verify,235,346649,18713
ecdsa-P-256,verify,236,345426,18647
ecdsa-P-256,verify,237,345371,18645
ecdsa-P-256,verify,238,345537,18652
ecdsa-P-256,verify,239,345574,18655
ecdsa-P-256,verify,240,345352,18643
ecdsa-P-256,verify,241,345333,18643
ecdsa-P-256,verify,242,345407,18646
ecdsa-P-256,verify,243,345500,18651
ecdsa-P-256,verify,244,345371,18644
ecdsa-P-256,verify,245,345352,18643
ecdsa-P-256,verify,246,355166,19170
ecdsa-P-256,verify,247,346500,18705
ecdsa-P-256,verify,248,345518,18652
ecdsa-P-256,verify,249,345370,18645
ecdsa-P-256,verify,250,345241,18637
ecdsa-P-256,verify,251,345481,18650
ecdsa-P-256,verify,252,345574,18655
ecdsa-P-256,verify,253,345315,18642
ecdsa-P-256,verify,254,345315,18641
ecdsa-P-256,verify,255,345500,18652
ecdsa-P-256,verify,256,345500,18652
ecdsa-P-256,verify,257,355074,19165
ecdsa-P-256,verify,258,346389,18698
ecdsa-P-256,verify,259,345389,18645
ecdsa-P-256,verify,260,345408,18646
ecdsa-P-256,verify,261,345519,18651
ecdsa-P-256,verify,262,345333,18643
ecdsa-P-256,verify,263,345315,18641
ecdsa-P-256,verify,264,345407,18647
ecdsa-P-256,verify,265,345408,18646
ecdsa-P-256,verify,266,345297,18641
ecdsa-P-256,verify,267,345296,18641
ecdsa-P-256,verify,268,345444,18648
ecdsa-P-256,verify,269,355018,19162
ecdsa-P-256,verify,270,346445,18701
ecdsa-P-256,verify,271,345389,18645
ecdsa-P-256,verify,272,345333,18642
ecdsa-P-256,verify,273,345481,18651
ecdsa-P-256,verify,274,345389,18646
ecdsa-P-256,verify,275,345352,18644
ecdsa-P-256,verify,276,345463,18649
ecdsa-P-256,verify,277,345463,18650
ecdsa-P-256,verify,278,345482,18651
ecdsa-P-256,verify,279,345260,18638
ecdsa-P-256,verify,280,354945,19158
ecdsa-P-256,verify,281,346463,18703
ecdsa-P-256,verify,282,345519,18653
ecdsa-P-256,verify,283,345481,18649
ecdsa-P-256,verify,284,345315,18642
ecdsa-P-256,verify,285,345408,18647
ecdsa-P-256,verify,286,345574,18656
ecdsa-P-256,verify,287,345482,18651
ecdsa-P-256,verify,288,345333,18642
ecdsa-P-256,verify,289,345407,18646
ecdsa-P-256,verify,290,345463,18649
ecdsa-P-256,verify,291,345481,18650
ecdsa-P-256,verify,292,355481,19187
ecdsa-P-256,verify,293,346148,18685
ecdsa-P-256,verify,294,345371,18644
ecdsa-P-256,verify,295,345351,18644
ecdsa-P-256,verify,296,345426,18647
ecdsa-P-256,verify,297,345389,18646
ecdsa-P-256,verify,298,345241,18637
ecdsa-P-256,verify,299,345407,18646
ecdsa-P-256,verify,300,345445,18648
ecdsa-P-256,verify,301,345278,18640
ecdsa-P-256,verify,302,345296,18640
ecdsa-P-256,verify,303,361500,19511
ecdsa-P-256,verify,304,347092,18736
ecdsa-P-256,verify,305,345537,18653
ecdsa-P-256,verify,306,345389,18645
ecdsa-P-256,verify,307,345482,18651
ecdsa-P-256,verify,308,345481,18650
ecdsa-P-256,verify,309,348074,18788
ecdsa-P-256,verify,310,345482,18650
ecdsa-P-256,verify,311,345481,18650
ecdsa-P-256,verify,312,345518,18652
ecdsa-P-256,verify,313,345537,18652
ecdsa-P-256,verify,314,355760,19202
ecdsa-P-256,verify,315,346481,18703
ecdsa-P-256,verify,316,345407,18645
ecdsa-P-256,verify,317,345352,18642
ecdsa-P-256,verify,318,345500,18651
ecdsa-P-256,verify,319,345296,18640
ecdsa-P-256,verify,320,345352,18643
ecdsa-P-256,verify,321,345296,18641
ecdsa-P-256,verify,322,345426,18647
ecdsa-P-256,verify,323,345278,18640
ecdsa-P-256,verify,324,345351,18644
ecdsa-P-256,verify,325,345315,18641
ecdsa-P-256,verify,326,355296,19177
ecdsa-P-256,verify,327,346297,18693
ecdsa-P-256,verify,328,345389,18645
ecdsa-P-256,verify,329,345259,18639
ecdsa-P-256,verify,330,345407,18647
ecdsa-P-256,verify,331,345240,18638
ecdsa-P-256,verify,332,345352,18644
ecdsa-P-256,verify,333,345351,18643
ecdsa-P-256,verify,334,345389,18644
ecdsa-P-256,verify,335,345389,18644
ecdsa-P-256,verify,336,345314,18642
ecdsa-P-256,verify,337,355185,19171
ecdsa-P-256,verify,338,346481,18703
ecdsa-P-256,verify,339,345481,18650
ecdsa-P-256,verify,340,345463,18648
ecdsa-P-256,verify,341,345333,18642
ecdsa-P-256,verify,342,345296,18640
ecdsa-P-256,verify,343,345371,18645
ecdsa-P-256,verify,344,345315,18641
ecdsa-P-256,verify,345,345296,18641
ecdsa-P-256,verify,346,345445,18648
ecdsa-P-256,verify,347,345426,18647
ecdsa-P-256,verify,348,345296,18641
ecdsa-P-256,verify,349,355204,19172
ecdsa-P-256,verify,350,346444,18700
ecdsa-P-256,verify,351,345537,18654
ecdsa-P-256,verify,352,345425,18647
ecdsa-P-256,verify,353,345408,18647
ecdsa-P-256,verify,354,345297,18641
ecdsa-P-256,verify,355,345388,18644
ecdsa-P-256,verify,356,345518,18652
ecdsa-P-256,verify,357,345371,18644
ecdsa-P-256,verify,358,345297,18640
ecdsa-P-256,verify,359,345297,18641
ecdsa-P-256,verify,360,355222,19172
ecdsa-P-256,verify,361,346389,18699
ecdsa-P-256,verify,362,345389,18645
ecdsa-P-256,verify,363,345426,18647
ecdsa-P-256,verify,364,345333,18643
ecdsa-P-256,verify,365,345296,18640
ecdsa-P-256,verify,366,345333,18643
ecdsa-P-256,verify,367,345407,18647
ecdsa-P-256,verify,368,345574,18656
ecdsa-P-256,verify,369,345334,18642
ecdsa-P-256,verify,370,345407,18646
ecdsa-P-256,verify,371,345333,18642
ecdsa-P-256,verify,372,355296,19177
ecdsa-P-256,verify,373,345945,18674
ecdsa-P-256,verify,374,345371,18644
ecdsa-P-256,verify,375,345259,18638
ecdsa-P-256,verify,376,345408,18647
ecdsa-P-256,verify,377,345278,18640
ecdsa-P-256,verify,378,345296,18640
ecdsa-P-256,verify,379,345482,18651
ecdsa-P-256,verify,380,345426,18647
ecdsa-P-256,verify,381,345370,18644
ecdsa-P-256,verify,382,345389,18645
ecdsa-P-256,verify,383,354945,19158
ecdsa-P-256,verify,384,346426,18701
ecdsa-P-256,verify,385,345537,18654
ecdsa-P-256,verify,386,345445,18647
ecdsa-P-256,verify,387,345351,18643
ecdsa-P-256,verify,388,345463,18649
ecdsa-P-256,verify,389,345426,18646
ecdsa-P-256,verify,390,345371,18643
ecdsa-P-256,verify,391,345241,18637
ecdsa-P-256,verify,392,345574,18655
ecdsa-P-256,verify,393,345500,18651
ecdsa-P-256,verify,394,354741,19148
ecdsa-P-256,verify,395,346593,18710
ecdsa-P-256,verify,396,345444,18647
ecdsa-P-256,verify,397,345426,18648
ecdsa-P-256,verify,398,345444,18648
ecdsa-P-256,verify,399,345426,18646
ecdsa-P-256,verify,400,345278,18639
ecdsa-P-256,verify,401,345537,18652
ecdsa-P-256,verify,402,345519,18653
ecdsa-P-256,verify,403,345352,18643
ecdsa-P-256,verify,404,345314,18642
ecdsa-P-256,verify,405,345518,18652
ecdsa-P-256,verify,406,355204,19173
ecdsa-P-256,verify,407,346463,18703
ecdsa-P-256,verify,408,345333,18642
ecdsa-P-256,verify,409,345315,18641
ecdsa-P-256,verify,410,345444,18649
ecdsa-P-256,verify,411,345481,18649
ecdsa-P-256,verify,412,345333,18643
ecdsa-P-256,verify,413,345333,18643
ecdsa-P-256,verify,414,345334,18643
ecdsa-P-256,verify,415,345537,18653
ecdsa-P-256,verify,416,345259,18639
ecdsa-P-256,verify,417,356093,19220
ecdsa-P-256,verify,418,346759,18718
ecdsa-P-256,verify,419,345352,18642
ecdsa-P-256,verify,420,345518,18645
ecdsa-P-256,verify,421,345408,18647
ecdsa-P-256,verify,422,345518,18652
ecdsa-P-256,verify,423,349018,18841
ecdsa-P-256,verify,424,345462,18648
ecdsa-P-256,verify,425,345538,18653
ecdsa-P-256,verify,426,345426,18648
ecdsa-P-256,verify,427,345371,18644
ecdsa-P-256,verify,428,345259,18639
ecdsa-P-256,verify,429,356630,19249
ecdsa-P-256,verify,430,346297,18693
ecdsa-P-256,verify,431,345407,18646
ecdsa-P-256,verify,432,345537,18652
ecdsa-P-256,verify,433,345482,18650
ecdsa-P-256,verify,434,345389,18646
ecdsa-P-256,verify,435,345407,18647
ecdsa-P-256,verify,436,345556,18654
ecdsa-P-256,verify,437,345445,18648
ecdsa-P-256,verify,438,345334,18641
ecdsa-P-256,verify,439,345278,18639
ecdsa-P-256,verify,440,355185,19171
ecdsa-P-256,verify,441,346482,18704
ecdsa-P-256,verify,442,345538,18654
ecdsa-P-256,verify,443,345277,18639
ecdsa-P-256,verify,444,345315,18641
ecdsa-P-256,verify,445,345370,18644
ecdsa-P-256,verify,446,345408,18645
ecdsa-P-256,verify,447,345352,18643
ecdsa-P-256,verify,448,345407,18646
ecdsa-P-256,verify,449,345482,18650
ecdsa-P-256,verify,450,345444,18648
ecdsa-P-256,verify,451,345334,18641
ecdsa-P-256,verify,452,355612,19194
ecdsa-P-256,verify,453,345852,18670
ecdsa-P-256,verify,454,345518,18652
ecdsa-P-256,verify,455,345500,18651
ecdsa-P-256,verify,456,345352,18643
ecdsa-P-256,verify,457,345296,18641
ecdsa-P-256,verify,458,345389,18644
ecdsa-P-256,verify,459,345426,18647
ecdsa-P-256,verify,460,345204,18635
ecdsa-P-256,verify,461,345260,18638
ecdsa-P-256,verify,462,345482,18651
ecdsa-P-256,verify,463,355075,19165
ecdsa-P-256,verify,464,346445,18701
ecdsa-P-256,verify,465,345370,18645
ecdsa-P-256,verify,466,345426,18647
ecdsa-P-256,verify,467,345408,18646
ecdsa-P-256,verify,468,345278,18640
ecdsa-P-256,verify,469,345297,18640
ecdsa-P-256,verify,470,345445,18648
ecdsa-P-256,verify,471,345426,18648
ecdsa-P-256,verify,472,345444,18649
ecdsa-P-256,verify,473,345371,18644
ecdsa-P-256,verify,474,354796,19150
ecdsa-P-256,verify,475,346574,18708
ecdsa-P-256,verify,476,345222,18635
ecdsa-P-256,verify,477,345259,18638
ecdsa-P-256,verify,478,345297,18640
ecdsa-P-256,verify,479,345500,18652
ecdsa-P-256,verify,480,345314,18642
ecdsa-P-256,verify,481,345297,18641
ecdsa-P-256,verify,482,345463,18648
ecdsa-P-256,verify,483,345519,18652
ecdsa-P-256,verify,484,345426,18647
ecdsa-P-256,verify,485,345204,18636
ecdsa-P-256,verify,486,354944,19158
ecdsa-P-256,verify,487,346500,18704
ecdsa-P-256,verify,488,345445,18648
ecdsa-P-256,verify,489,345352,18643
ecdsa-P-256,verify,490,345259,18639
ecdsa-P-256,verify,491,345426,18646
ecdsa-P-256,verify,492,345352,18642
ecdsa-P-256,verify,493,345371,18644
ecdsa-P-256,verify,494,345334,18643
ecdsa-P-256,verify,495,345444,18647
ecdsa-P-256,verify,496,345407,18647
ecdsa-P-256,verify,497,354259,19123
ecdsa-P-256,verify,498,346352,18696
ecdsa-P-256,verify,499,345352,18642
ecdsa-P-256,verify,500,345351,18644
ecdsa-P-256,verify,501,345278,18640
ecdsa-P-256,verify,502,345426,18648
ecdsa-P-256,verify,503,345314,18642
ecdsa-P-256,verify,504,345315,18642
ecdsa-P-256,verify,505,345315,18642
ecdsa-P-256,verify,506,345463,18650
ecdsa-P-256,verify,507,345334,18642
ecdsa-P-256,verify,508,345315,18641
ecdsa-P-256,verify,509,355537,19191
ecdsa-P-256,verify,510,346407,18699
ecdsa-P-256,verify,511,345518,18653
ecdsa-P-256,verify,512,345370,18644
ecdsa-P-256,verify,513,345278,18640
ecdsa-P-256,verify,514,345334,18642
ecdsa-P-256,verify,515,345481,18650
ecdsa-P-256,verify,516,345371,18644
ecdsa-P-256,verify,517,345333,18642
ecdsa-P-256,verify,518,345444,18649
ecdsa-P-256,verify,519,345426,18648
ecdsa-P-256,verify,520,355871,19208
ecdsa-P-256,verify,521,346500,18703
ecdsa-P-256,verify,522,345463,18648
ecdsa-P-256,verify,523,345371,18645
ecdsa-P-256,verify,524,345426,18648
ecdsa-P-256,verify,525,345407,18646
ecdsa-P-256,verify,526,345371,18644
ecdsa-P-256,verify,527,345389,18645
ecdsa-P-256,verify,528,345314,18641
ecdsa-P-256,verify,529,345426,18647
ecdsa-P-256,verify,530,345408,18645
ecdsa-P-256,verify,531,345352,18642
ecdsa-P-256,verify,532,355518,19189
ecdsa-P-256,verify,533,346186,18688
ecdsa-P-256,verify,534,345537,18652
ecdsa-P-256,verify,535,345333,18642
ecdsa-P-256,verify,536,348093,18789
ecdsa-P-256,verify,537,345445,18647
ecdsa-P-256,verify,538,345314,18641
ecdsa-P-256,verify,539,345482,18650
ecdsa-P-256,verify,540,345482,18650
ecdsa-P-256,verify,541,345333,18643
ecdsa-P-256,verify,542,345315,18641
ecdsa-P-256,verify,543,355611,19194
ecdsa-P-256,verify,544,346537,18707
ecdsa-P-256,verify,545,345519,18652
ecdsa-P-256,verify,546,345334,18643
ecdsa-P-256,verify,547,345389,18646
ecdsa-P-256,verify,548,345370,18644
ecdsa-P-256,verify,549,345500,18651
ecdsa-P-256,verify,550,345389,18645
ecdsa-P-256,verify,551,345278,18640
ecdsa-P-256,verify,552,345296,18640
ecdsa-P-256,verify,553,345518,18652
ecdsa-P-256,verify,554,354926,19156
ecdsa-P-256,verify,555,346426,18700
ecdsa-P-256,verify,556,345408,18647
ecdsa-P-256,verify,557,345463,18649
ecdsa-P-256,verify,558,345425,18647
ecdsa-P-256,verify,559,345371,18645
ecdsa-P-256,verify,560,345334,18642
ecdsa-P-256,verify,561,345481,18650
ecdsa-P-256,verify,562,345519,18652
ecdsa-P-256,verify,563,345297,18641
ecdsa-P-256,verify,564,345334,18642
ecdsa-P-256,verify,565,345556,18654
ecdsa-P-256,verify,566,355093,19167
ecdsa-P-256,verify,567,346408,18700
ecdsa-P-256,verify,568,345481,18650
ecdsa-P-256,verify,569,345296,18641
ecdsa-P-256,verify,570,345556,18653
ecdsa-P-256,verify,571,345463,18649
ecdsa-P-256,verify,572,345278,18639
ecdsa-P-256,verify,573,345297,18641
ecdsa-P-256,verify,574,345445,18648
ecdsa-P-256,verify,575,345481,18650
ecdsa-P-256,verify,576,345370,18645
ecdsa-P-256,verify,577,355018,19163
ecdsa-P-256,verify,578,346538,18706
ecdsa-P-256,verify,579,345500,18651
ecdsa-P-256,verify,580,345481,18650
ecdsa-P-256,verify,581,345333,18641
ecdsa-P-256,verify,582,345259,18638
ecdsa-P-256,verify,583,345407,18646
ecdsa-P-256,verify,584,345352,18644
ecdsa-P-256,verify,585,345334,18642
ecdsa-P-256,verify,586,345259,18638
ecdsa-P-256,verify,587,345556,18654
ecdsa-P-256,verify,588,345574,18656
ecdsa-P-256,verify,589,355463,19186
ecdsa-P-256,verify,590,346333,18694
ecdsa-P-256,verify,591,345278,18639
ecdsa-P-256,verify,592,345556,18653
ecdsa-P-256,verify,593,345500,18651
ecdsa-P-256,verify,594,345259,18638
ecdsa-P-256,verify,595,345371,18645
ecdsa-P-256,verify,596,345277,18639
ecdsa-P-256,verify,597,345389,18645
ecdsa-P-256,verify,598,345315,18641
ecdsa-P-256,verify,599,345315,18641
ecdsa-P-256,verify,600,354833,19153
ecdsa-P-256,verify,601,346315,18695
ecdsa-P-256,verify,602,345371,18644
ecdsa-P-256,verify,603,345370,18645
ecdsa-P-256,verify,604,345388,18645
ecdsa-P-256,verify,605,345426,18647
ecdsa-P-256,verify,606,345315,18641
ecdsa-P-256,verify,607,345351,18644
ecdsa-P-256,verify,608,345408,18646
ecdsa-P-256,verify,609,345407,18647
ecdsa-P-256,verify,610,345352,18643
ecdsa-P-256,verify,611,345260,18639
ecdsa-P-256,verify,612,355407,19183
ecdsa-P-256,verify,613,346000,18676
ecdsa-P-256,verify,614,345444,18647
ecdsa-P-256,verify,615,345203,18636
ecdsa-P-256,verify,616,345389,18645
ecdsa-P-256,verify,617,345277,18640
ecdsa-P-256,verify,618,345186,18633
ecdsa-P-256,verify,619,345500,18652
ecdsa-P-256,verify,620,345500,18652
ecdsa-P-256,verify,621,345278,18639
ecdsa-P-256,verify,622,345315,18642
ecdsa-P-256,verify,623,356129,19221
ecdsa-P-256,verify,624,346389,18699
ecdsa-P-256,verify,625,345519,18652
ecdsa-P-256,verify,626,345537,18654
ecdsa-P-256,verify,627,345297,18641
ecdsa-P-256,verify,628,345389,18645
ecdsa-P-256,verify,629,345241,18638
ecdsa-P-256,verify,630,345463,18650
ecdsa-P-256,verify,631,345204,18636
ecdsa-P-256,verify,632,345241,18637
ecdsa-P-256,verify,633,345463,18650
ecdsa-P-256,verify,634,354537,19136
ecdsa-P-256,verify,635,346630,18712
ecdsa-P-256,verify,636,345352,18644
ecdsa-P-256,verify,637,345481,18649
ecdsa-P-256,verify,638,345500,18651
ecdsa-P-256,verify,639,345241,18638
ecdsa-P-256,verify,640,345315,18642
ecdsa-P-256,verify,641,345463,18650
ecdsa-P-256,verify,642,345481,18650
ecdsa-P-256,verify,643,345333,18643
ecdsa-P-256,verify,644,345352,18643
ecdsa-P-256,verify,645,345352,18642
ecdsa-P-256,verify,646,355223,19173
ecdsa-P-256,verify,647,346314,18694
ecdsa-P-256,verify,648,345370,18643
ecdsa-P-256,verify,649,345482,18650
ecdsa-P-256,verify,650,348111,18791
ecdsa-P-256,verify,651,345426,18646
ecdsa-P-256,verify,652,345389,18646
ecdsa-P-256,verify,653,345371,18644
ecdsa-P-256,verify,654,345296,18640
ecdsa-P-256,verify,655,345297,18640
ecdsa-P-256,verify,656,345278,18639
ecdsa-P-256,verify,657,361500,19512
ecdsa-P-256,verify,658,346852,18723
ecdsa-P-256,verify,659,345500,18651
ecdsa-P-256,verify,660,345500,18651
ecdsa-P-256,verify,661,345333,18641
ecdsa-P-256,verify,662,345370,18644
ecdsa-P-256,verify,663,345388,18646
ecdsa-P-256,verify,664,345593,18656
ecdsa-P-256,verify,665,345388,18645
ecdsa-P-256,verify,666,345315,18642
ecdsa-P-256,verify,667,345296,18641
ecdsa-P-256,verify,668,345463,18650
ecdsa-P-256,verify,669,355574,19192
ecdsa-P-256,verify,670,346241,18690
ecdsa-P-256,verify,671,345500,18650
ecdsa-P-256,verify,672,345500,18651
ecdsa-P-256,verify,673,345426,18647
ecdsa-P-256,verify,674,345315,18641
ecdsa-P-256,verify,675,345370,18643
ecdsa-P-256,verify,676,345482,18651
ecdsa-P-256,verify,677,345445,18647
ecdsa-P-256,verify,678,345370,18644
ecdsa-P-256,verify,679,345297,18640
ecdsa-P-256,verify,680,435259,23496
ecdsa-P-256,verify,681,477092,25756
ecdsa-P-256,verify,682,347278,18747
ecdsa-P-256,verify,683,345685,18660
ecdsa-P-256,verify,684,345649,18660
ecdsa-P-256,verify,685,345500,18651
ecdsa-P-256,verify,686,345370,18644
ecdsa-P-256,verify,687,345482,18650
ecdsa-P-256,verify,688,345315,18642
ecdsa-P-256,verify,689,345482,18650
ecdsa-P-256,verify,690,345389,18646
ecdsa-P-256,verify,691,356871,19263
ecdsa-P-256,verify,692,346556,18707
ecdsa-P-256,verify,693,345592,18656
ecdsa-P-256,verify,694,345278,18638
ecdsa-P-256,verify,695,345352,18642
ecdsa-P-256,verify,696,345333,18643
ecdsa-P-256,verify,697,365426,19726
ecdsa-P-256,verify,698,346648,18712
ecdsa-P-256,verify,699,345426,18646
ecdsa-P-256,verify,700,345223,18635
ecdsa-P-256,verify,701,345481,18650
ecdsa-P-256,verify,702,355463,19187
ecdsa-P-256,verify,703,346574,18708
ecdsa-P-256,verify,704,345389,18644
ecdsa-P-256,verify,705,345315,18640
ecdsa-P-256,verify,706,345482,18650
ecdsa-P-256,verify,707,345278,18640
ecdsa-P-256,verify,708,345278,18639
ecdsa-P-256,verify,709,345260,18638
ecdsa-P-256,verify,710,345370,18644
ecdsa-P-256,verify,711,345315,18642
ecdsa-P-256,verify,712,345389,18645
ecdsa-P-256,verify,713,345370,18644
ecdsa-P-256,verify,714,355408,19184
ecdsa-P-256,verify,715,346315,18695
ecdsa-P-256,verify,716,345426,18644
ecdsa-P-256,verify,717,345333,18643
ecdsa-P-256,verify,718,345556,18654
ecdsa-P-256,verify,719,345463,18649
ecdsa-P-256,verify,720,345371,18644
ecdsa-P-256,verify,721,345222,18637
ecdsa-P-256,verify,722,345463,18649
ecdsa-P-256,verify,723,345500,18652
ecdsa-P-256,verify,724,345407,18647
ecdsa-P-256,verify,725,355185,19169
ecdsa-P-256,verify,726,346482,18703
ecdsa-P-256,verify,727,345463,18648
ecdsa-P-256,verify,728,345648,18660
ecdsa-P-256,verify,729,345334,18641
ecdsa-P-256,verify,730,345241,18637
ecdsa-P-256,verify,731,345277,18639
ecdsa-P-256,verify,732,419649,22654
ecdsa-P-256,verify,733,346870,18724
ecdsa-P-256,verify,734,345482,18650
ecdsa-P-256,verify,735,345333,18642
ecdsa-P-256,verify,736,355556,19192
ecdsa-P-256,verify,737,346500,18704
ecdsa-P-256,verify,738,345574,18656
ecdsa-P-256,verify,739,345296,18641
ecdsa-P-256,verify,740,345352,18643
ecdsa-P-256,verify,741,345445,18648
ecdsa-P-256,verify,742,345500,18651
ecdsa-P-256,verify,743,345314,18642
ecdsa-P-256,verify,744,345260,18639
ecdsa-P-256,verify,745,345370,18645
ecdsa-P-256,verify,746,345500,18650
ecdsa-P-256,verify,747,345333,18642
ecdsa-P-256,verify,748,355056,19164
ecdsa-P-256,verify,749,346500,18705
ecdsa-P-256,verify,750,345518,18651
ecdsa-P-256,verify,751,345537,18653
ecdsa-P-256,verify,752,345240,18637
ecdsa-P-256,verify,753,345370,18645
ecdsa-P-256,verify,754,345444,18648
ecdsa-P-256,verify,755,345500,18651
ecdsa-P-256,verify,756,345296,18641
ecdsa-P-256,verify,757,345204,18636
ecdsa-P-256,verify,758,345444,18648
ecdsa-P-256,verify,759,355166,19171
ecdsa-P-256,verify,760,346407,18698
ecdsa-P-256,verify,761,345352,18642
ecdsa-P-256,verify,762,345334,18642
ecdsa-P-256,verify,763,345463,18650
ecdsa-P-256,verify,764,348278,18799
ecdsa-P-256,verify,765,345537,18652
ecdsa-P-256,verify,766,345352,18644
ecdsa-P-256,verify,767,345277,18640
ecdsa-P-256,verify,768,409408,22099
ecdsa-P-256,verify,769,401667,21683
ecdsa-P-256,verify,770,472019,25479
ecdsa-P-256,verify,771,347037,18733
ecdsa-P-256,verify,772,345352,18643
ecdsa-P-256,verify,773,398389,21505
ecdsa-P-256,verify,774,365055,19706
ecdsa-P-256,verify,775,346704,18716
ecdsa-P-256,verify,776,345555,18655
ecdsa-P-256,verify,777,459685,24815
ecdsa-P-256,verify,778,346796,18720
ecdsa-P-256,verify,779,345500,18652
ecdsa-P-256,verify,780,345297,18640
ecdsa-P-256,verify,781,403704,21791
ecdsa-P-256,verify,782,399703,21576
ecdsa-P-256,verify,783,386185,20847
ecdsa-P-256,verify,784,424148,22897
ecdsa-P-256,verify,785,400277,21607
ecdsa-P-256,verify,786,399000,21538
ecdsa-P-256,verify,787,398630,21518
ecdsa-P-256,verify,788,399074,21543
ecdsa-P-256,verify,789,495278,26738
ecdsa-P-256,verify,790,460130,24839
ecdsa-P-256,verify,791,442204,23872
ecdsa-P-256,verify,792,346962,18728
ecdsa-P-256,verify,793,345500,18652
ecdsa-P-256,verify,794,393370,21233
ecdsa-P-256,verify,795,464759,25090
ecdsa-P-256,verify,796,346944,18728
ecdsa-P-256,verify,797,345482,18650
ecdsa-P-256,verify,798,345537,18653
ecdsa-P-256,verify,799,345352,18642
ecdsa-P-256,verify,800,345370,18644
ecdsa-P-256,verify,801,356074,19220
ecdsa-P-256,verify,802,346481,18703
ecdsa-P-256,verify,803,345370,18643
ecdsa-P-256,verify,804,345444,18647
ecdsa-P-256,verify,805,345333,18643
ecdsa-P-256,verify,806,345333,18643
ecdsa-P-256,verify,807,345426,18647
ecdsa-P-256,verify,808,345537,18653
ecdsa-P-256,verify,809,345352,18642
ecdsa-P-256,verify,810,345277,18639
ecdsa-P-256,verify,811,364166,19657
ecdsa-P-256,verify,812,356314,19233
ecdsa-P-256,verify,813,346556,18707
ecdsa-P-256,verify,814,345482,18649
ecdsa-P-256,verify,815,345481,18650
ecdsa-P-256,verify,816,345537,18653
ecdsa-P-256,verify,817,345222,18636
ecdsa-P-256,verify,818,345352,18643
ecdsa-P-256,verify,819,345500,18651
ecdsa-P-256,verify,820,345296,18640
ecdsa-P-256,verify,821,345278,18640
ecdsa-P-256,verify,822,345463,18649
ecdsa-P-256,verify,823,345408,18645
ecdsa-P-256,verify,824,355389,19181
ecdsa-P-256,verify,825,346333,18695
ecdsa-P-256,verify,826,345649,18658
ecdsa-P-256,verify,827,345333,18642
ecdsa-P-256,verify,828,345482,18650
ecdsa-P-256,verify,829,345463,18648
ecdsa-P-256,verify,830,345314,18642
ecdsa-P-256,verify,831,345371,18645
ecdsa-P-256,verify,832,345519,18653
ecdsa-P-256,verify,833,345463,18648
ecdsa-P-256,verify,834,345333,18642
ecdsa-P-256,verify,835,355148,19169
ecdsa-P-256,verify,836,346612,18710
ecdsa-P-256,verify,837,345500,18650
ecdsa-P-256,verify,838,345407,18646
ecdsa-P-256,verify,839,345370,18644
ecdsa-P-256,verify,840,345296,18640
ecdsa-P-256,verify,841,345408,18647
ecdsa-P-256,verify,842,345314,18641
ecdsa-P-256,verify,843,345260,18638
ecdsa-P-256,verify,844,345463,18650
ecdsa-P-256,verify,845,345296,18641
ecdsa-P-256,verify,846,345389,18644
ecdsa-P-256,verify,847,427000,23050
ecdsa-P-256,verify,848,346148,18686
ecdsa-P-256,verify,849,345333,18643
ecdsa-P-256,verify,850,345445,18648
ecdsa-P-256,verify,851,345445,18648
ecdsa-P-256,verify,852,345297,18641
ecdsa-P-256,verify,853,345463,18649
ecdsa-P-256,verify,854,345463,18649
ecdsa-P-256,verify,855,345370,18645
ecdsa-P-256,verify,856,345314,18641
ecdsa-P-256,verify,857,345444,18648
ecdsa-P-256,verify,858,356907,19264
ecdsa-P-256,verify,859,346518,18705
ecdsa-P-256,verify,860,345519,18653
ecdsa-P-256,verify,861,345574,18656
ecdsa-P-256,verify,862,345593,18656
ecdsa-P-256,verify,863,345352,18643
ecdsa-P-256,verify,864,345426,18647
ecdsa-P-256,verify,865,345315,18641
ecdsa-P-256,verify,866,345445,18648
ecdsa-P-256,verify,867,345314,18642
ecdsa-P-256,verify,868,345297,18640
ecdsa-P-256,verify,869,355186,19171
ecdsa-P-256,verify,870,346296,18694
ecdsa-P-256,verify,871,345426,18646
ecdsa-P-256,verify,872,345315,18640
ecdsa-P-256,verify,873,345260,18639
ecdsa-P-256,verify,874,345463,18649
ecdsa-P-256,verify,875,345370,18645
ecdsa-P-256,verify,876,345315,18642
ecdsa-P-256,verify,877,345408,18647
ecdsa-P-256,verify,878,348222,18797
ecdsa-P-256,verify,879,345500,18652
ecdsa-P-256,verify,880,345592,18657
ecdsa-P-256,verify,881,417129,22516
ecdsa-P-256,verify,882,411315,22204
ecdsa-P-256,verify,883,492389,26582
ecdsa-P-256,verify,884,346870,18725
ecdsa-P-256,verify,885,345408,18646
ecdsa-P-256,verify,886,345444,18648
ecdsa-P-256,verify,887,425759,22983
ecdsa-P-256,verify,888,347018,18732
ecdsa-P-256,verify,889,345426,18646
ecdsa-P-256,verify,890,345352,18644
ecdsa-P-256,verify,891,492593,26591
ecdsa-P-256,verify,892,346926,18727
ecdsa-P-256,verify,893,345666,18659
ecdsa-P-256,verify,894,410463,22156
ecdsa-P-256,verify,895,346908,18726
ecdsa-P-256,verify,896,410907,22180
ecdsa-P-256,verify,897,393481,21240
ecdsa-P-256,verify,898,394222,21281
ecdsa-P-256,verify,899,394000,21268
ecdsa-P-256,verify,900,411426,22210
ecdsa-P-256,verify,901,356778,19258
ecdsa-P-256,verify,902,411333,22203
ecdsa-P-256,verify,903,410185,22143
ecdsa-P-256,verify,904,410741,22173
ecdsa-P-256,verify,905,539185,29109
ecdsa-P-256,verify,906,347204,18742
ecdsa-P-256,verify,907,453870,24501
ecdsa-P-256,verify,908,440315,23769
ecdsa-P-256,verify,909,346204,18687
ecdsa-P-256,verify,910,345426,18647
ecdsa-P-256,verify,911,398833,21528
ecdsa-P-256,verify,912,463686,25031
ecdsa-P-256,verify,913,346056,18680
ecdsa-P-256,verify,914,345444,18649
ecdsa-P-256,verify,915,345315,18641
ecdsa-P-256,verify,916,345259,18638
ecdsa-P-256,verify,917,345444,18647
ecdsa-P-256,verify,918,345481,18650
ecdsa-P-256,verify,919,345296,18641
ecdsa-P-256,verify,920,345296,18640
ecdsa-P-256,verify,921,345408,18645
ecdsa-P-256,verify,922,356185,19225
ecdsa-P-256,verify,923,346407,18699
ecdsa-P-256,verify,924,345500,18651
ecdsa-P-256,verify,925,345426,18648
ecdsa-P-256,verify,926,345370,18644
ecdsa-P-256,verify,927,364315,19665
ecdsa-P-256,verify,928,346629,18711
ecdsa-P-256,verify,929,345407,18645
ecdsa-P-256,verify,930,345518,18652
ecdsa-P-256,verify,931,345277,18639
ecdsa-P-256,verify,932,345389,18645
ecdsa-P-256,verify,933,355666,19197
ecdsa-P-256,verify,934,346556,18707
ecdsa-P-256,verify,935,345574,18654
ecdsa-P-256,verify,936,345500,18650
ecdsa-P-256,verify,937,345297,18640
ecdsa-P-256,verify,938,345296,18640
ecdsa-P-256,verify,939,345426,18648
ecdsa-P-256,verify,940,345426,18647
ecdsa-P-256,verify,941,345352,18643
ecdsa-P-256,verify,942,345352,18643
ecdsa-P-256,verify,943,345519,18653
ecdsa-P-256,verify,944,354222,19119
ecdsa-P-256,verify,945,347277,18748
ecdsa-P-256,verify,946,345297,18641
ecdsa-P-256,verify,947,345425,18648
ecdsa-P-256,verify,948,345407,18647
ecdsa-P-256,verify,949,345463,18649
ecdsa-P-256,verify,950,345296,18640
ecdsa-P-256,verify,951,345482,18651
ecdsa-P-256,verify,952,345445,18648
ecdsa-P-256,verify,953,345352,18644
ecdsa-P-256,verify,954,345425,18647
ecdsa-P-256,verify,955,345463,18649
ecdsa-P-256,verify,956,432611,23351
ecdsa-P-256,verify,957,346982,18731
ecdsa-P-256,verify,958,345426,18647
ecdsa-P-256,verify,959,345500,18651
ecdsa-P-256,verify,960,345389,18645
ecdsa-P-256,verify,961,345370,18644
ecdsa-P-256,verify,962,345333,18642
ecdsa-P-256,verify,963,345482,18650
ecdsa-P-256,verify,964,345444,18647
ecdsa-P-256,verify,965,345241,18638
ecdsa-P-256,verify,966,345630,18657
ecdsa-P-256,verify,967,355760,19202
ecdsa-P-256,verify,968,346574,18708
ecdsa-P-256,verify,969,345463,18649
ecdsa-P-256,verify,970,345315,18641
ecdsa-P-256,verify,971,345333,18642
ecdsa-P-256,verify,972,345407,18645
ecdsa-P-256,verify,973,345445,18648
ecdsa-P-256,verify,974,345334,18642
ecdsa-P-256,verify,975,345278,18638
ecdsa-P-256,verify,976,345463,18648
ecdsa-P-256,verify,977,345426,18648
ecdsa-P-256,verify,978,345352,18644
ecdsa-P-256,verify,979,355482,19187
ecdsa-P-256,verify,980,346074,18682
ecdsa-P-256,verify,981,345259,18636
ecdsa-P-256,verify,982,345315,18642
ecdsa-P-256,verify,983,345407,18646
ecdsa-P-256,verify,984,345500,18650
ecdsa-P-256,verify,985,345333,18642
ecdsa-P-256,verify,986,345334,18643
ecdsa-P-256,verify,987,345463,18649
ecdsa-P-256,verify,988,345463,18648
ecdsa-P-256,verify,989,345426,18648
ecdsa-P-256,verify,990,433907,23422
ecdsa-P-256,verify,991,347056,18735
ecdsa-P-256,verify,992,431760,23307
ecdsa-P-256,verify,993,346945,18728
ecdsa-P-256,verify,994,530500,28640
ecdsa-P-256,verify,995,346574,18709
ecdsa-P-256,verify,996,345500,18650
ecdsa-P-256,verify,997,428222,23115
ecdsa-P-256,verify,998,364093,19653
ecdsa-P-256,verify,999,346778,18719
