algo,op,iter,wall_ns,cycles
ecdsa-P-256,keygen,0,103649,5590
ecdsa-P-256,keygen,1,94649,5107
ecdsa-P-256,keygen,2,92593,4995
ecdsa-P-256,keygen,3,92259,4977
ecdsa-P-256,keygen,4,92277,4979
ecdsa-P-256,keygen,5,92463,4989
ecdsa-P-256,keygen,6,92241,4976
ecdsa-P-256,keygen,7,92407,4986
ecdsa-P-256,keygen,8,92093,4968
ecdsa-P-256,keygen,9,92037,4964
ecdsa-P-256,keygen,10,92038,4966
ecdsa-P-256,keygen,11,92389,4983
ecdsa-P-256,keygen,12,92111,4969
ecdsa-P-256,keygen,13,92259,4977
ecdsa-P-256,keygen,14,92241,4976
ecdsa-P-256,keygen,15,92259,4977
ecdsa-P-256,keygen,16,92167,4972
ecdsa-P-256,keygen,17,92223,4976
ecdsa-P-256,keygen,18,91963,4960
ecdsa-P-256,keygen,19,92148,4971
ecdsa-P-256,keygen,20,92222,4974
ecdsa-P-256,keygen,21,92018,4964
ecdsa-P-256,keygen,22,233537,12603
ecdsa-P-256,keygen,23,98981,5340
ecdsa-P-256,keygen,24,93945,5068
ecdsa-P-256,keygen,25,93759,5057
ecdsa-P-256,keygen,26,93204,5028
ecdsa-P-256,keygen,27,92852,5010
ecdsa-P-256,keygen,28,92444,4988
ecdsa-P-256,keygen,29,92537,4993
ecdsa-P-256,keygen,30,92074,4967
ecdsa-P-256,keygen,31,92333,4981
ecdsa-P-256,keygen,32,92241,4976
ecdsa-P-256,keygen,33,92314,4981
ecdsa-P-256,keygen,34,92260,4977
ecdsa-P-256,keygen,35,92555,4993
ecdsa-P-256,keygen,36,92389,4984
ecdsa-P-256,keygen,37,92167,4972
ecdsa-P-256,keygen,38,92074,4968
ecdsa-P-256,keygen,39,92537,4993
ecdsa-P-256,keygen,40,92407,4986
ecdsa-P-256,keygen,41,92148,4971
ecdsa-P-256,keygen,42,92407,4986
ecdsa-P-256,keygen,43,92019,4963
ecdsa-P-256,keygen,44,91945,4960
ecdsa-P-256,keygen,45,92186,4972
ecdsa-P-256,keygen,46,92093,4968
ecdsa-P-256,keygen,47,91833,4954
ecdsa-P-256,keygen,48,92000,4964
ecdsa-P-256,keygen,49,92092,4968
ecdsa-P-256,keygen,50,92278,4979
ecdsa-P-256,keygen,51,92222,4976
ecdsa-P-256,keygen,52,92297,4980
ecdsa-P-256,keygen,53,92130,4971
ecdsa-P-256,keygen,54,92203,4973
ecdsa-P-256,keygen,55,92352,4981
ecdsa-P-256,keygen,56,92166,4973
ecdsa-P-256,keygen,57,92019,4964
ecdsa-P-256,keygen,58,92018,4964
ecdsa-P-256,keygen,59,92111,4970
ecdsa-P-256,keygen,60,91982,4962
ecdsa-P-256,keygen,61,92129,4970
ecdsa-P-256,keygen,62,105222,5676
ecdsa-P-256,keygen,63,94129,5077
ecdsa-P-256,keygen,64,92260,4977
ecdsa-P-256,keygen,65,92092,4967
ecdsa-P-256,keygen,66,92037,4965
ecdsa-P-256,keygen,67,92444,4987
ecdsa-P-256,keygen,68,92186,4973
ecdsa-P-256,keygen,69,92037,4965
ecdsa-P-256,keygen,70,92241,4977
ecdsa-P-256,keygen,71,92000,4964
ecdsa-P-256,keygen,72,92463,4989
ecdsa-P-256,keygen,73,92074,4967
ecdsa-P-256,keygen,74,92093,4968
ecdsa-P-256,keygen,75,92111,4969
ecdsa-P-256,keygen,76,92204,4975
ecdsa-P-256,keygen,77,92075,4967
ecdsa-P-256,keygen,78,92222,4976
ecdsa-P-256,keygen,79,92204,4974
ecdsa-P-256,keygen,80,92018,4963
ecdsa-P-256,keygen,81,91944,4961
ecdsa-P-256,keygen,82,91981,4962
ecdsa-P-256,keygen,83,91982,4962
ecdsa-P-256,keygen,84,92222,4975
ecdsa-P-256,keygen,85,92056,4966
ecdsa-P-256,keygen,86,91926,4959
ecdsa-P-256,keygen,87,91630,4944
ecdsa-P-256,keygen,88,92204,4974
ecdsa-P-256,keygen,89,92037,4965
ecdsa-P-256,keygen,90,92315,4980
ecdsa-P-256,keygen,91,92130,4970
ecdsa-P-256,keygen,92,92130,4969
ecdsa-P-256,keygen,93,91908,4957
ecdsa-P-256,keygen,94,92037,4966
ecdsa-P-256,keygen,95,91926,4959
ecdsa-P-256,keygen,96,91981,4961
ecdsa-P-256,keygen,97,91851,4955
ecdsa-P-256,keygen,98,91759,4950
ecdsa-P-256,keygen,99,92092,4968
ecdsa-P-256,keygen,100,92130,4970
ecdsa-P-256,keygen,101,92259,4977
ecdsa-P-256,keygen,102,91778,4952
ecdsa-P-256,keygen,103,92203,4974
ecdsa-P-256,keygen,104,96463,5203
ecdsa-P-256,keygen,105,92389,4984
ecdsa-P-256,keygen,106,92148,4971
ecdsa-P-256,keygen,107,91907,4958
ecdsa-P-256,keygen,108,91963,4962
ecdsa-P-256,keygen,109,91889,4957
ecdsa-P-256,keygen,110,92240,4975
ecdsa-P-256,keygen,111,92222,4975
ecdsa-P-256,keygen,112,91982,4963
ecdsa-P-256,keygen,113,92186,4974
ecdsa-P-256,keygen,114,92185,4974
ecdsa-P-256,keygen,115,92426,4985
ecdsa-P-256,keygen,116,92166,4972
ecdsa-P-256,keygen,117,92167,4972
ecdsa-P-256,keygen,118,91908,4958
ecdsa-P-256,keygen,119,91870,4956
ecdsa-P-256,keygen,120,92093,4968
ecdsa-P-256,keygen,121,92185,4973
ecdsa-P-256,keygen,122,91723,4947
ecdsa-P-256,keygen,123,97166,5242
ecdsa-P-256,keygen,124,92759,5004
ecdsa-P-256,keygen,125,92166,4972
ecdsa-P-256,keygen,126,91981,4962
ecdsa-P-256,keygen,127,92074,4968
ecdsa-P-256,keygen,128,91777,4950
ecdsa-P-256,keygen,129,92315,4980
ecdsa-P-256,keygen,130,92222,4975
ecdsa-P-256,keygen,131,92333,4981
ecdsa-P-256,keygen,132,92241,4976
ecdsa-P-256,keygen,133,92074,4966
ecdsa-P-256,keygen,134,92148,4971
ecdsa-P-256,keygen,135,92352,4982
ecdsa-P-256,keygen,136,92093,4968
ecdsa-P-256,keygen,137,92351,4982
ecdsa-P-256,keygen,138,92167,4971
ecdsa-P-256,keygen,139,92037,4965
ecdsa-P-256,keygen,140,92130,4970
ecdsa-P-256,keygen,141,92018,4965
ecdsa-P-256,keygen,142,92315,4979
ecdsa-P-256,keygen,143,92074,4968
ecdsa-P-256,keygen,144,111056,5988
ecdsa-P-256,keygen,145,94278,5086
ecdsa-P-256,keygen,146,92259,4977
ecdsa-P-256,keygen,147,91963,4961
ecdsa-P-256,keygen,148,91833,4953
ecdsa-P-256,keygen,149,92093,4969
ecdsa-P-256,keygen,150,91982,4963
ecdsa-P-256,keygen,151,92222,4976
ecdsa-P-256,keygen,152,92093,4969
ecdsa-P-256,keygen,153,92111,4970
ecdsa-P-256,keygen,154,92056,4967
ecdsa-P-256,keygen,155,92148,4971
ecdsa-P-256,keygen,156,92000,4964
ecdsa-P-256,keygen,157,91871,4955
ecdsa-P-256,keygen,158,92093,4968
ecdsa-P-256,keygen,159,91926,4959
ecdsa-P-256,keygen,160,92111,4970
ecdsa-P-256,keygen,161,92093,4968
ecdsa-P-256,keygen,162,92241,4976
ecdsa-P-256,keygen,163,92018,4964
ecdsa-P-256,keygen,164,92204,4974
ecdsa-P-256,keygen,165,91870,4956
ecdsa-P-256,keygen,166,92075,4968
ecdsa-P-256,keygen,167,92037,4966
ecdsa-P-256,keygen,168,92185,4974
ecdsa-P-256,keygen,169,91888,4958
ecdsa-P-256,keygen,170,92074,4966
ecdsa-P-256,keygen,171,92333,4981
ecdsa-P-256,keygen,172,92463,4988
ecdsa-P-256,keygen,173,92370,4984
ecdsa-P-256,keygen,174,92148,4970
ecdsa-P-256,keygen,175,92167,4971
ecdsa-P-256,keygen,176,92222,4975
ecdsa-P-256,keygen,177,92315,4979
ecdsa-P-256,keygen,178,92074,4967
ecdsa-P-256,keygen,179,92074,4968
ecdsa-P-256,keygen,180,92148,4971
ecdsa-P-256,keygen,181,91815,4954
ecdsa-P-256,keygen,182,91889,4956
ecdsa-P-256,keygen,183,91981,4963
ecdsa-P-256,keygen,184,92167,4973
ecdsa-P-256,keygen,185,91815,4954
ecdsa-P-256,keygen,186,94834,5116
ecdsa-P-256,keygen,187,92667,5000
ecdsa-P-256,keygen,188,92112,4968
ecdsa-P-256,keygen,189,91871,4956
ecdsa-P-256,keygen,190,92037,4964
ecdsa-P-256,keygen,191,91963,4960
ecdsa-P-256,keygen,192,92148,4971
ecdsa-P-256,keygen,193,92222,4975
ecdsa-P-256,keygen,194,91926,4960
ecdsa-P-256,keygen,195,92056,4966
ecdsa-P-256,keygen,196,91908,4958
ecdsa-P-256,keygen,197,92259,4977
ecdsa-P-256,keygen,198,91982,4962
ecdsa-P-256,keygen,199,92000,4964
ecdsa-P-256,keygen,200,91982,4963
ecdsa-P-256,keygen,201,92204,4974
ecdsa-P-256,keygen,202,92111,4970
ecdsa-P-256,keygen,203,92407,4986
ecdsa-P-256,keygen,204,92037,4964
ecdsa-P-256,keygen,205,91889,4957
ecdsa-P-256,keygen,206,91870,4957
ecdsa-P-256,keygen,207,91908,4959
ecdsa-P-256,keygen,208,91981,4961
ecdsa-P-256,keygen,209,92019,4964
ecdsa-P-256,keygen,210,92241,4976
ecdsa-P-256,keygen,211,92130,4970
ecdsa-P-256,keygen,212,92444,4988
ecdsa-P-256,keygen,213,92371,4984
ecdsa-P-256,keygen,214,92111,4968
ecdsa-P-256,keygen,215,92352,4982
ecdsa-P-256,keygen,216,92166,4971
ecdsa-P-256,keygen,217,92074,4966
ecdsa-P-256,keygen,218,91907,4957
ecdsa-P-256,keygen,219,91926,4959
ecdsa-P-256,keygen,220,91834,4955
ecdsa-P-256,keygen,221,91963,4962
ecdsa-P-256,keygen,222,91833,4954
ecdsa-P-256,keygen,223,92019,4963
ecdsa-P-256,keygen,224,91870,4956
ecdsa-P-256,keygen,225,92056,4966
ecdsa-P-256,keygen,226,92018,4965
ecdsa-P-256,keygen,227,107148,5776
ecdsa-P-256,keygen,228,93260,5031
ecdsa-P-256,keygen,229,92185,4974
ecdsa-P-256,keygen,230,91871,4957
ecdsa-P-256,keygen,231,92074,4967
ecdsa-P-256,keygen,232,92130,4971
ecdsa-P-256,keygen,233,92000,4964
ecdsa-P-256,keygen,234,91907,4959
ecdsa-P-256,keygen,235,92129,4969
ecdsa-P-256,keygen,236,92093,4968
ecdsa-P-256,keygen,237,91982,4963
ecdsa-P-256,keygen,238,92185,4974
ecdsa-P-256,keygen,239,91741,4950
ecdsa-P-256,keygen,240,92148,4971
ecdsa-P-256,keygen,241,92223,4975
ecdsa-P-256,keygen,242,92000,4964
ecdsa-P-256,keygen,243,92185,4972
ecdsa-P-256,keygen,244,95500,5153
ecdsa-P-256,keygen,245,92389,4984
ecdsa-P-256,keygen,246,92167,4973
ecdsa-P-256,keygen,247,92000,4964
ecdsa-P-256,keygen,248,92111,4970
ecdsa-P-256,keygen,249,91926,4959
ecdsa-P-256,keygen,250,92278,4979
ecdsa-P-256,keygen,251,92370,4983
ecdsa-P-256,keygen,252,92000,4963
ecdsa-P-256,keygen,253,92130,4970
ecdsa-P-256,keygen,254,92129,4969
ecdsa-P-256,keygen,255,91796,4953
ecdsa-P-256,keygen,256,92185,4973
ecdsa-P-256,keygen,257,92055,4967
ecdsa-P-256,keygen,258,91982,4963
ecdsa-P-256,keygen,259,92074,4967
ecdsa-P-256,keygen,260,92222,4975
ecdsa-P-256,keygen,261,91870,4957
ecdsa-P-256,keygen,262,91963,4961
ecdsa-P-256,keygen,263,92056,4967
ecdsa-P-256,keygen,264,92112,4970
ecdsa-P-256,keygen,265,92055,4966
ecdsa-P-256,keygen,266,91963,4961
ecdsa-P-256,keygen,267,91926,4960
ecdsa-P-256,keygen,268,106963,5770
ecdsa-P-256,keygen,269,93630,5052
ecdsa-P-256,keygen,270,91870,4956
ecdsa-P-256,keygen,271,92093,4968
ecdsa-P-256,keygen,272,92130,4969
ecdsa-P-256,keygen,273,92167,4973
ecdsa-P-256,keygen,274,91852,4956
ecdsa-P-256,keygen,275,92000,4962
ecdsa-P-256,keygen,276,91982,4962
ecdsa-P-256,keygen,277,92000,4962
ecdsa-P-256,keygen,278,92167,4971
ecdsa-P-256,keygen,279,91963,4961
ecdsa-P-256,keygen,280,92352,4982
ecdsa-P-256,keygen,281,92129,4970
ecdsa-P-256,keygen,282,92278,4978
ecdsa-P-256,keygen,283,91796,4951
ecdsa-P-256,keygen,284,91889,4957
ecdsa-P-256,keygen,285,92074,4966
ecdsa-P-256,keygen,286,92092,4968
ecdsa-P-256,keygen,287,91908,4959
ecdsa-P-256,keygen,288,92297,4979
ecdsa-P-256,keygen,289,92111,4968
ecdsa-P-256,keygen,290,92018,4964
ecdsa-P-256,keygen,291,91908,4959
ecdsa-P-256,keygen,292,91833,4954
ecdsa-P-256,keygen,293,92241,4976
ecdsa-P-256,keygen,294,91963,4960
ecdsa-P-256,keygen,295,92019,4965
ecdsa-P-256,keygen,296,92130,4970
ecdsa-P-256,keygen,297,92092,4969
ecdsa-P-256,keygen,298,91889,4957
ecdsa-P-256,keygen,299,92185,4973
ecdsa-P-256,keygen,300,91908,4958
ecdsa-P-256,keygen,301,92000,4963
ecdsa-P-256,keygen,302,92000,4964
ecdsa-P-256,keygen,303,92056,4966
ecdsa-P-256,keygen,304,92037,4964
ecdsa-P-256,keygen,305,92333,4981
ecdsa-P-256,keygen,306,92037,4966
ecdsa-P-256,keygen,307,92093,4968
ecdsa-P-256,keygen,308,91981,4961
ecdsa-P-256,keygen,309,103500,5582
ecdsa-P-256,keygen,310,94703,5108
ecdsa-P-256,keygen,311,92648,4999
ecdsa-P-256,keygen,312,92111,4968
ecdsa-P-256,keygen,313,92277,4978
ecdsa-P-256,keygen,314,92574,4994
ecdsa-P-256,keygen,315,92555,4994
ecdsa-P-256,keygen,316,92389,4983
ecdsa-P-256,keygen,317,92296,4979
ecdsa-P-256,keygen,318,92685,5000
ecdsa-P-256,keygen,319,92444,4988
ecdsa-P-256,keygen,320,92185,4973
ecdsa-P-256,keygen,321,92333,4982
ecdsa-P-256,keygen,322,92314,4980
ecdsa-P-256,keygen,323,92537,4993
ecdsa-P-256,keygen,324,92463,4988
ecdsa-P-256,keygen,325,92241,4976
ecdsa-P-256,keygen,326,92481,4990
ecdsa-P-256,keygen,327,92315,4981
ecdsa-P-256,keygen,328,92463,4989
ecdsa-P-256,keygen,329,92167,4972
ecdsa-P-256,keygen,330,92426,4985
ecdsa-P-256,keygen,331,92500,4990
ecdsa-P-256,keygen,332,92426,4987
ecdsa-P-256,keygen,333,92241,4977
ecdsa-P-256,keygen,334,92334,4981
ecdsa-P-256,keygen,335,92648,4999
ecdsa-P-256,keygen,336,92481,4990
ecdsa-P-256,keygen,337,92426,4985
ecdsa-P-256,keygen,338,92537,4992
ecdsa-P-256,keygen,339,92518,4991
ecdsa-P-256,keygen,340,92462,4987
ecdsa-P-256,keygen,341,92796,5006
ecdsa-P-256,keygen,342,92555,4994
ecdsa-P-256,keygen,343,92333,4981
ecdsa-P-256,keygen,344,92556,4993
ecdsa-P-256,keygen,345,92592,4995
ecdsa-P-256,keygen,346,92630,4997
ecdsa-P-256,keygen,347,92519,4991
ecdsa-P-256,keygen,348,92315,4980
ecdsa-P-256,keygen,349,92222,4975
ecdsa-P-256,keygen,350,92352,4982
ecdsa-P-256,keygen,351,104204,5622
ecdsa-P-256,keygen,352,100685,5432
ecdsa-P-256,keygen,353,103908,5606
ecdsa-P-256,keygen,354,93389,5038
ecdsa-P-256,keygen,355,92574,4994
ecdsa-P-256,keygen,356,92371,4983
ecdsa-P-256,keygen,357,92370,4983
ecdsa-P-256,keygen,358,92259,4977
ecdsa-P-256,keygen,359,92445,4987
ecdsa-P-256,keygen,360,92297,4979
ecdsa-P-256,keygen,361,92704,5002
ecdsa-P-256,keygen,362,92277,4977
ecdsa-P-256,keygen,363,92352,4983
ecdsa-P-256,keygen,364,100815,5439
ecdsa-P-256,keygen,365,92612,4995
ecdsa-P-256,keygen,366,92426,4986
ecdsa-P-256,keygen,367,92648,4997
ecdsa-P-256,keygen,368,92426,4985
ecdsa-P-256,keygen,369,92408,4985
ecdsa-P-256,keygen,370,92149,4972
ecdsa-P-256,keygen,371,92407,4985
ecdsa-P-256,keygen,372,92500,4989
ecdsa-P-256,keygen,373,92333,4981
ecdsa-P-256,keygen,374,92630,4998
ecdsa-P-256,keygen,375,92463,4989
ecdsa-P-256,keygen,376,92426,4987
ecdsa-P-256,keygen,377,92315,4981
ecdsa-P-256,keygen,378,92240,4976
ecdsa-P-256,keygen,379,92278,4979
ecdsa-P-256,keygen,380,92408,4985
ecdsa-P-256,keygen,381,92482,4990
ecdsa-P-256,keygen,382,92277,4978
ecdsa-P-256,keygen,383,92204,4974
ecdsa-P-256,keygen,384,92166,4972
ecdsa-P-256,keygen,385,92333,4982
ecdsa-P-256,keygen,386,92426,4987
ecdsa-P-256,keygen,387,92463,4987
ecdsa-P-256,keygen,388,92186,4974
ecdsa-P-256,keygen,389,92166,4972
ecdsa-P-256,keygen,390,92630,4998
ecdsa-P-256,keygen,391,117185,6321
ecdsa-P-256,keygen,392,93741,5057
ecdsa-P-256,keygen,393,92426,4986
ecdsa-P-256,keygen,394,92260,4977
ecdsa-P-256,keygen,395,92240,4977
ecdsa-P-256,keygen,396,92500,4991
ecdsa-P-256,keygen,397,92463,4988
ecdsa-P-256,keygen,398,92426,4986
ecdsa-P-256,keygen,399,92315,4981
ecdsa-P-256,keygen,400,92500,4991
ecdsa-P-256,keygen,401,92204,4975
ecdsa-P-256,keygen,402,92370,4983
ecdsa-P-256,keygen,403,92093,4968
ecdsa-P-256,keygen,404,92166,4973
ecdsa-P-256,keygen,405,92593,4994
ecdsa-P-256,keygen,406,92500,4990
ecdsa-P-256,keygen,407,92389,4984
ecdsa-P-256,keygen,408,92407,4986
ecdsa-P-256,keygen,409,92278,4978
ecdsa-P-256,keygen,410,92278,4979
ecdsa-P-256,keygen,411,92166,4973
ecdsa-P-256,keygen,412,92222,4975
ecdsa-P-256,keygen,413,92222,4976
ecdsa-P-256,keygen,414,92389,4985
ecdsa-P-256,keygen,415,92371,4983
ecdsa-P-256,keygen,416,92463,4987
ecdsa-P-256,keygen,417,92334,4981
ecdsa-P-256,keygen,418,92352,4982
ecdsa-P-256,keygen,419,92333,4982
ecdsa-P-256,keygen,420,92537,4992
ecdsa-P-256,keygen,421,92389,4983
ecdsa-P-256,keygen,422,92352,4981
ecdsa-P-256,keygen,423,92445,4986
ecdsa-P-256,keygen,424,92314,4979
ecdsa-P-256,keygen,425,92426,4986
ecdsa-P-256,keygen,426,92167,4973
ecdsa-P-256,keygen,427,92518,4991
ecdsa-P-256,keygen,428,92185,4973
ecdsa-P-256,keygen,429,92259,4977
ecdsa-P-256,keygen,430,92334,4980
ecdsa-P-256,keygen,431,92315,4980
ecdsa-P-256,keygen,432,92444,4986
ecdsa-P-256,keygen,433,94889,5119
ecdsa-P-256,keygen,434,92297,4979
ecdsa-P-256,keygen,435,92203,4975
ecdsa-P-256,keygen,436,92056,4967
ecdsa-P-256,keygen,437,92241,4976
ecdsa-P-256,keygen,438,92334,4980
ecdsa-P-256,keygen,439,92463,4988
ecdsa-P-256,keygen,440,92149,4972
ecdsa-P-256,keygen,441,92444,4988
ecdsa-P-256,keygen,442,92148,4970
ecdsa-P-256,keygen,443,92074,4968
ecdsa-P-256,keygen,444,92555,4993
ecdsa-P-256,keygen,445,92000,4963
ecdsa-P-256,keygen,446,92259,4977
ecdsa-P-256,keygen,447,92186,4973
ecdsa-P-256,keygen,448,92333,4982
ecdsa-P-256,keygen,449,92203,4975
ecdsa-P-256,keygen,450,92037,4965
ecdsa-P-256,keygen,451,92315,4981
ecdsa-P-256,keygen,452,92593,4995
ecdsa-P-256,keygen,453,92112,4969
ecdsa-P-256,keygen,454,92333,4980
ecdsa-P-256,keygen,455,92241,4976
ecdsa-P-256,keygen,456,92352,4982
ecdsa-P-256,keygen,457,91981,4962
ecdsa-P-256,keygen,458,92389,4985
ecdsa-P-256,keygen,459,92204,4974
ecdsa-P-256,keygen,460,92315,4980
ecdsa-P-256,keygen,461,92241,4976
ecdsa-P-256,keygen,462,92130,4970
ecdsa-P-256,keygen,463,92241,4975
ecdsa-P-256,keygen,464,92537,4992
ecdsa-P-256,keygen,465,92259,4977
ecdsa-P-256,keygen,466,92481,4989
ecdsa-P-256,keygen,467,92333,4982
ecdsa-P-256,keygen,468,92481,4989
ecdsa-P-256,keygen,469,92389,4985
ecdsa-P-256,keygen,470,92148,4971
ecdsa-P-256,keygen,471,92370,4983
ecdsa-P-256,keygen,472,92389,4984
ecdsa-P-256,keygen,473,92482,4990
ecdsa-P-256,keygen,474,103593,5587
ecdsa-P-256,keygen,475,93315,5034
ecdsa-P-256,keygen,476,92407,4986
ecdsa-P-256,keygen,477,92518,4991
ecdsa-P-256,keygen,478,92167,4972
ecdsa-P-256,keygen,479,92333,4980
ecdsa-P-256,keygen,480,92519,4991
ecdsa-P-256,keygen,481,92296,4979
ecdsa-P-256,keygen,482,92370,4982
ecdsa-P-256,keygen,483,92093,4967
ecdsa-P-256,keygen,484,95833,5170
ecdsa-P-256,keygen,485,92482,4989
ecdsa-P-256,keygen,486,92389,4984
ecdsa-P-256,keygen,487,92445,4988
ecdsa-P-256,keygen,488,92389,4984
ecdsa-P-256,keygen,489,92167,4973
ecdsa-P-256,keygen,490,92148,4971
ecdsa-P-256,keygen,491,92278,4979
ecdsa-P-256,keygen,492,92426,4987
ecdsa-P-256,keygen,493,92407,4985
ecdsa-P-256,keygen,494,92352,4983
ecdsa-P-256,keygen,495,92500,4991
ecdsa-P-256,keygen,496,92111,4969
ecdsa-P-256,keygen,497,92166,4972
ecdsa-P-256,keygen,498,92352,4981
ecdsa-P-256,keygen,499,92223,4974
ecdsa-P-256,keygen,500,92148,4971
ecdsa-P-256,keygen,501,92167,4972
ecdsa-P-256,keygen,502,92371,4983
ecdsa-P-256,keygen,503,92296,4979
ecdsa-P-256,keygen,504,92333,4981
ecdsa-P-256,keygen,505,92259,4978
ecdsa-P-256,keygen,506,92315,4980
ecdsa-P-256,keygen,507,92537,4991
ecdsa-P-256,keygen,508,92241,4977
ecdsa-P-256,keygen,509,92389,4984
ecdsa-P-256,keygen,510,92555,4993
ecdsa-P-256,keygen,511,92407,4986
ecdsa-P-256,keygen,512,92166,4972
ecdsa-P-256,keygen,513,92538,4992
ecdsa-P-256,keygen,514,92204,4974
ecdsa-P-256,keygen,515,103982,5609
ecdsa-P-256,keygen,516,93278,5032
ecdsa-P-256,keygen,517,92740,5003
ecdsa-P-256,keygen,518,92425,4986
ecdsa-P-256,keygen,519,92426,4986
ecdsa-P-256,keygen,520,92148,4972
ecdsa-P-256,keygen,521,92260,4978
ecdsa-P-256,keygen,522,92296,4979
ecdsa-P-256,keygen,523,92111,4969
ecdsa-P-256,keygen,524,92352,4982
ecdsa-P-256,keygen,525,92111,4969
ecdsa-P-256,keygen,526,92611,4997
ecdsa-P-256,keygen,527,92241,4976
ecdsa-P-256,keygen,528,92389,4984
ecdsa-P-256,keygen,529,92593,4994
ecdsa-P-256,keygen,530,92278,4978
ecdsa-P-256,keygen,531,92445,4986
ecdsa-P-256,keygen,532,92370,4984
ecdsa-P-256,keygen,533,92389,4983
ecdsa-P-256,keygen,534,92593,4996
ecdsa-P-256,keygen,535,92408,4985
ecdsa-P-256,keygen,536,92371,4984
ecdsa-P-256,keygen,537,92297,4979
ecdsa-P-256,keygen,538,92204,4975
ecdsa-P-256,keygen,539,92148,4971
ecdsa-P-256,keygen,540,92555,4994
ecdsa-P-256,keygen,541,92148,4970
ecdsa-P-256,keygen,542,92500,4991
ecdsa-P-256,keygen,543,92388,4983
ecdsa-P-256,keygen,544,92500,4991
ecdsa-P-256,keygen,545,92296,4980
ecdsa-P-256,keygen,546,92593,4994
ecdsa-P-256,keygen,547,92518,4992
ecdsa-P-256,keygen,548,92389,4984
ecdsa-P-256,keygen,549,92148,4972
ecdsa-P-256,keygen,550,92518,4990
ecdsa-P-256,keygen,551,92444,4987
ecdsa-P-256,keygen,552,92204,4974
ecdsa-P-256,keygen,553,92203,4975
ecdsa-P-256,keygen,554,92426,4986
ecdsa-P-256,keygen,555,92389,4984
ecdsa-P-256,keygen,556,103463,5581
ecdsa-P-256,keygen,557,93222,5029
ecdsa-P-256,keygen,558,92630,4997
ecdsa-P-256,keygen,559,92278,4978
ecdsa-P-256,keygen,560,92370,4983
ecdsa-P-256,keygen,561,92482,4990
ecdsa-P-256,keygen,562,92537,4993
ecdsa-P-256,keygen,563,92389,4983
ecdsa-P-256,keygen,564,92018,4964
ecdsa-P-256,keygen,565,92352,4981
ecdsa-P-256,keygen,566,92592,4995
ecdsa-P-256,keygen,567,92371,4983
ecdsa-P-256,keygen,568,92352,4983
ecdsa-P-256,keygen,569,92222,4975
ecdsa-P-256,keygen,570,92407,4986
ecdsa-P-256,keygen,571,92537,4992
ecdsa-P-256,keygen,572,92166,4972
ecdsa-P-256,keygen,573,92185,4974
ecdsa-P-256,keygen,574,92259,4978
ecdsa-P-256,keygen,575,92074,4967
ecdsa-P-256,keygen,576,92408,4985
ecdsa-P-256,keygen,577,92167,4972
ecdsa-P-256,keygen,578,92426,4987
ecdsa-P-256,keygen,579,92574,4993
ecdsa-P-256,keygen,580,92500,4991
ecdsa-P-256,keygen,581,92351,4981
ecdsa-P-256,keygen,582,92185,4973
ecdsa-P-256,keygen,583,92260,4978
ecdsa-P-256,keygen,584,92296,4980
ecdsa-P-256,keygen,585,92370,4983
ecdsa-P-256,keygen,586,92426,4985
ecdsa-P-256,keygen,587,92481,4988
ecdsa-P-256,keygen,588,92389,4983
ecdsa-P-256,keygen,589,92185,4974
ecdsa-P-256,keygen,590,92408,4986
ecdsa-P-256,keygen,591,92222,4975
ecdsa-P-256,keygen,592,92241,4976
ecdsa-P-256,keygen,593,92093,4968
ecdsa-P-256,keygen,594,92204,4974
ecdsa-P-256,keygen,595,92260,4978
ecdsa-P-256,keygen,596,92148,4970
ecdsa-P-256,keygen,597,92241,4976
ecdsa-P-256,keygen,598,106537,5749
ecdsa-P-256,keygen,599,93167,5026
ecdsa-P-256,keygen,600,92352,4982
ecdsa-P-256,keygen,601,92315,4979
ecdsa-P-256,keygen,602,92111,4969
ecdsa-P-256,keygen,603,92222,4976
ecdsa-P-256,keygen,604,92426,4987
ecdsa-P-256,keygen,605,95259,5138
ecdsa-P-256,keygen,606,93111,5022
ecdsa-P-256,keygen,607,92278,4978
ecdsa-P-256,keygen,608,92204,4974
ecdsa-P-256,keygen,609,92278,4979
ecdsa-P-256,keygen,610,92537,4991
ecdsa-P-256,keygen,611,92278,4978
ecdsa-P-256,keygen,612,92297,4979
ecdsa-P-256,keygen,613,92389,4983
ecdsa-P-256,keygen,614,92314,4979
ecdsa-P-256,keygen,615,92741,5002
ecdsa-P-256,keygen,616,92611,4997
ecdsa-P-256,keygen,617,92370,4983
ecdsa-P-256,keygen,618,92425,4986
ecdsa-P-256,keygen,619,92407,4986
ecdsa-P-256,keygen,620,92166,4973
ecdsa-P-256,keygen,621,92315,4980
ecdsa-P-256,keygen,622,92389,4984
ecdsa-P-256,keygen,623,92444,4987
ecdsa-P-256,keygen,624,92352,4982
ecdsa-P-256,keygen,625,92537,4993
ecdsa-P-256,keygen,626,92352,4982
ecdsa-P-256,keygen,627,92482,4989
ecdsa-P-256,keygen,628,92149,4971
ecdsa-P-256,keygen,629,92407,4985
ecdsa-P-256,keygen,630,92500,4990
ecdsa-P-256,keygen,631,92518,4992
ecdsa-P-256,keygen,632,92518,4992
ecdsa-P-256,keygen,633,92463,4988
ecdsa-P-256,keygen,634,92426,4985
ecdsa-P-256,keygen,635,92463,4988
ecdsa-P-256,keygen,636,92407,4985
ecdsa-P-256,keygen,637,92203,4974
ecdsa-P-256,keygen,638,92704,5002
ecdsa-P-256,keygen,639,103871,5604
ecdsa-P-256,keygen,640,93000,5017
ecdsa-P-256,keygen,641,92333,4981
ecdsa-P-256,keygen,642,92314,4980
ecdsa-P-256,keygen,643,92389,4985
ecdsa-P-256,keygen,644,92166,4972
ecdsa-P-256,keygen,645,92315,4981
ecdsa-P-256,keygen,646,92389,4984
ecdsa-P-256,keygen,647,92315,4980
ecdsa-P-256,keygen,648,92519,4991
ecdsa-P-256,keygen,649,92500,4991
ecdsa-P-256,keygen,650,92259,4977
ecdsa-P-256,keygen,651,92481,4988
ecdsa-P-256,keygen,652,92333,4981
ecdsa-P-256,keygen,653,92445,4986
ecdsa-P-256,keygen,654,92482,4989
ecdsa-P-256,keygen,655,92537,4992
ecdsa-P-256,keygen,656,92592,4996
ecdsa-P-256,keygen,657,92463,4988
ecdsa-P-256,keygen,658,92204,4974
ecdsa-P-256,keygen,659,92555,4993
ecdsa-P-256,keygen,660,92611,4996
ecdsa-P-256,keygen,661,92444,4986
ecdsa-P-256,keygen,662,92519,4991
ecdsa-P-256,keygen,663,92185,4974
ecdsa-P-256,keygen,664,92426,4987
ecdsa-P-256,keygen,665,92611,4996
ecdsa-P-256,keygen,666,92352,4982
ecdsa-P-256,keygen,667,92333,4980
ecdsa-P-256,keygen,668,92370,4982
ecdsa-P-256,keygen,669,92445,4986
ecdsa-P-256,keygen,670,92685,5000
ecdsa-P-256,keygen,671,92426,4986
ecdsa-P-256,keygen,672,92167,4971
ecdsa-P-256,keygen,673,92259,4978
ecdsa-P-256,keygen,674,92481,4988
ecdsa-P-256,keygen,675,91981,4962
ecdsa-P-256,keygen,676,92222,4975
ecdsa-P-256,keygen,677,92167,4972
ecdsa-P-256,keygen,678,92129,4971
ecdsa-P-256,keygen,679,92333,4982
ecdsa-P-256,keygen,680,102907,5551
ecdsa-P-256,keygen,681,93204,5029
ecdsa-P-256,keygen,682,92481,4989
ecdsa-P-256,keygen,683,92408,4986
ecdsa-P-256,keygen,684,92167,4971
ecdsa-P-256,keygen,685,92315,4980
ecdsa-P-256,keygen,686,92444,4986
ecdsa-P-256,keygen,687,92204,4974
ecdsa-P-256,keygen,688,92241,4976
ecdsa-P-256,keygen,689,92185,4974
ecdsa-P-256,keygen,690,92315,4980
ecdsa-P-256,keygen,691,92259,4977
ecdsa-P-256,keygen,692,92278,4979
ecdsa-P-256,keygen,693,92130,4970
ecdsa-P-256,keygen,694,92315,4980
ecdsa-P-256,keygen,695,92500,4990
ecdsa-P-256,keygen,696,92482,4989
ecdsa-P-256,keygen,697,92204,4973
ecdsa-P-256,keygen,698,92241,4977
ecdsa-P-256,keygen,699,92444,4987
ecdsa-P-256,keygen,700,92371,4983
ecdsa-P-256,keygen,701,92278,4979
ecdsa-P-256,keygen,702,92111,4970
ecdsa-P-256,keygen,703,92186,4973
ecdsa-P-256,keygen,704,92463,4988
ecdsa-P-256,keygen,705,92445,4987
ecdsa-P-256,keygen,706,92408,4984
ecdsa-P-256,keygen,707,92463,4988
ecdsa-P-256,keygen,708,92093,4969
ecdsa-P-256,keygen,709,92241,4977
ecdsa-P-256,keygen,710,92371,4982
ecdsa-P-256,keygen,711,92333,4980
ecdsa-P-256,keygen,712,92500,4991
ecdsa-P-256,keygen,713,92500,4991
ecdsa-P-256,keygen,714,92463,4988
ecdsa-P-256,keygen,715,92704,5001
ecdsa-P-256,keygen,716,92111,4969
ecdsa-P-256,keygen,717,92278,4979
ecdsa-P-256,keygen,718,92129,4969
ecdsa-P-256,keygen,719,92185,4972
ecdsa-P-256,keygen,720,92371,4984
ecdsa-P-256,keygen,721,92148,4971
ecdsa-P-256,keygen,722,94611,5104
ecdsa-P-256,keygen,723,92370,4984
ecdsa-P-256,keygen,724,92463,4989
ecdsa-P-256,keygen,725,95685,5163
ecdsa-P-256,keygen,726,92685,5001
ecdsa-P-256,keygen,727,92260,4976
ecdsa-P-256,keygen,728,92500,4990
ecdsa-P-256,keygen,729,92593,4996
ecdsa-P-256,keygen,730,92296,4980
ecdsa-P-256,keygen,731,92389,4985
ecdsa-P-256,keygen,732,92018,4963
ecdsa-P-256,keygen,733,92278,4979
ecdsa-P-256,keygen,734,92259,4976
ecdsa-P-256,keygen,735,92296,4979
ecdsa-P-256,keygen,736,92130,4971
ecdsa-P-256,keygen,737,92500,4991
ecdsa-P-256,keygen,738,92166,4973
ecdsa-P-256,keygen,739,92500,4990
ecdsa-P-256,keygen,740,92519,4992
ecdsa-P-256,keygen,741,92223,4976
ecdsa-P-256,keygen,742,92185,4972
ecdsa-P-256,keygen,743,92500,4991
ecdsa-P-256,keygen,744,92093,4969
ecdsa-P-256,keygen,745,92074,4966
ecdsa-P-256,keygen,746,92259,4977
ecdsa-P-256,keygen,747,92277,4978
ecdsa-P-256,keygen,748,92223,4975
ecdsa-P-256,keygen,749,92352,4981
ecdsa-P-256,keygen,750,92518,4991
ecdsa-P-256,keygen,751,92574,4994
ecdsa-P-256,keygen,752,92389,4984
ecdsa-P-256,keygen,753,92463,4988
ecdsa-P-256,keygen,754,92426,4987
ecdsa-P-256,keygen,755,92297,4980
ecdsa-P-256,keygen,756,92611,4996
ecdsa-P-256,keygen,757,92629,4997
ecdsa-P-256,keygen,758,92333,4981
ecdsa-P-256,keygen,759,92149,4971
ecdsa-P-256,keygen,760,92796,5005
ecdsa-P-256,keygen,761,92389,4985
ecdsa-P-256,keygen,762,92204,4973
ecdsa-P-256,keygen,763,105389,5686
ecdsa-P-256,keygen,764,93092,5023
ecdsa-P-256,keygen,765,92185,4972
ecdsa-P-256,keygen,766,92482,4989
ecdsa-P-256,keygen,767,92240,4977
ecdsa-P-256,keygen,768,92352,4982
ecdsa-P-256,keygen,769,92149,4971
ecdsa-P-256,keygen,770,92333,4982
ecdsa-P-256,keygen,771,92482,4989
ecdsa-P-256,keygen,772,92074,4966
ecdsa-P-256,keygen,773,92315,4980
ecdsa-P-256,keygen,774,92297,4978
ecdsa-P-256,keygen,775,92426,4987
ecdsa-P-256,keygen,776,92185,4973
ecdsa-P-256,keygen,777,92315,4980
ecdsa-P-256,keygen,778,92352,4983
ecdsa-P-256,keygen,779,92297,4979
ecdsa-P-256,keygen,780,92222,4975
ecdsa-P-256,keygen,781,92556,4992
ecdsa-P-256,keygen,782,92241,4976
ecdsa-P-256,keygen,783,92333,4981
ecdsa-P-256,keygen,784,92444,4989
ecdsa-P-256,keygen,785,92278,4977
ecdsa-P-256,keygen,786,92352,4981
ecdsa-P-256,keygen,787,92240,4977
ecdsa-P-256,keygen,788,92500,4990
ecdsa-P-256,keygen,789,92296,4979
ecdsa-P-256,keygen,790,92537,4992
ecdsa-P-256,keygen,791,92667,5000
ecdsa-P-256,keygen,792,92408,4986
ecdsa-P-256,keygen,793,92463,4988
ecdsa-P-256,keygen,794,92352,4982
ecdsa-P-256,keygen,795,92500,4988
ecdsa-P-256,keygen,796,92556,4993
ecdsa-P-256,keygen,797,92426,4986
ecdsa-P-256,keygen,798,92574,4995
ecdsa-P-256,keygen,799,92259,4978
ecdsa-P-256,keygen,800,92463,4988
ecdsa-P-256,keygen,801,92222,4976
ecdsa-P-256,keygen,802,92555,4993
ecdsa-P-256,keygen,803,92519,4992
ecdsa-P-256,keygen,804,102982,5555
ecdsa-P-256,keygen,805,93445,5041
ecdsa-P-256,keygen,806,92296,4980
ecdsa-P-256,keygen,807,92185,4973
ecdsa-P-256,keygen,808,92389,4983
ecdsa-P-256,keygen,809,92555,4992
ecdsa-P-256,keygen,810,92352,4982
ecdsa-P-256,keygen,811,92426,4986
ecdsa-P-256,keygen,812,92241,4976
ecdsa-P-256,keygen,813,92370,4984
ecdsa-P-256,keygen,814,92759,5005
ecdsa-P-256,keygen,815,92111,4970
ecdsa-P-256,keygen,816,92500,4990
ecdsa-P-256,keygen,817,92408,4986
ecdsa-P-256,keygen,818,92389,4984
ecdsa-P-256,keygen,819,92370,4982
ecdsa-P-256,keygen,820,92259,4978
ecdsa-P-256,keygen,821,92277,4978
ecdsa-P-256,keygen,822,92223,4976
ecdsa-P-256,keygen,823,92389,4984
ecdsa-P-256,keygen,824,92277,4977
ecdsa-P-256,keygen,825,92777,5005
ecdsa-P-256,keygen,826,92315,4979
ecdsa-P-256,keygen,827,92408,4986
ecdsa-P-256,keygen,828,92407,4984
ecdsa-P-256,keygen,829,92482,4988
ecdsa-P-256,keygen,830,92352,4982
ecdsa-P-256,keygen,831,92333,4982
ecdsa-P-256,keygen,832,92500,4991
ecdsa-P-256,keygen,833,92278,4978
ecdsa-P-256,keygen,834,92130,4970
ecdsa-P-256,keygen,835,92574,4993
ecdsa-P-256,keygen,836,92093,4968
ecdsa-P-256,keygen,837,92481,4989
ecdsa-P-256,keygen,838,92482,4989
ecdsa-P-256,keygen,839,92445,4987
ecdsa-P-256,keygen,840,92278,4979
ecdsa-P-256,keygen,841,92334,4981
ecdsa-P-256,keygen,842,92389,4985
ecdsa-P-256,keygen,843,92111,4969
ecdsa-P-256,keygen,844,92537,4992
ecdsa-P-256,keygen,845,102889,5551
ecdsa-P-256,keygen,846,95685,5162
ecdsa-P-256,keygen,847,92981,5015
ecdsa-P-256,keygen,848,92500,4991
ecdsa-P-256,keygen,849,92389,4985
ecdsa-P-256,keygen,850,92240,4976
ecdsa-P-256,keygen,851,92445,4988
ecdsa-P-256,keygen,852,92481,4989
ecdsa-P-256,keygen,853,91963,4961
ecdsa-P-256,keygen,854,92296,4978
ecdsa-P-256,keygen,855,92129,4971
ecdsa-P-256,keygen,856,92296,4979
ecdsa-P-256,keygen,857,92240,4977
ecdsa-P-256,keygen,858,92481,4989
ecdsa-P-256,keygen,859,92278,4977
ecdsa-P-256,keygen,860,92315,4980
ecdsa-P-256,keygen,861,92074,4966
ecdsa-P-256,keygen,862,92500,4990
ecdsa-P-256,keygen,863,92463,4988
ecdsa-P-256,keygen,864,92667,4999
ecdsa-P-256,keygen,865,92352,4982
ecdsa-P-256,keygen,866,92111,4970
ecdsa-P-256,keygen,867,92296,4980
ecdsa-P-256,keygen,868,92482,4989
ecdsa-P-256,keygen,869,92333,4981
ecdsa-P-256,keygen,870,92537,4992
ecdsa-P-256,keygen,871,92370,4984
ecdsa-P-256,keygen,872,92556,4994
ecdsa-P-256,keygen,873,92314,4981
ecdsa-P-256,keygen,874,92259,4978
ecdsa-P-256,keygen,875,92204,4974
ecdsa-P-256,keygen,876,92241,4976
ecdsa-P-256,keygen,877,92519,4991
ecdsa-P-256,keygen,878,92481,4989
ecdsa-P-256,keygen,879,92351,4983
ecdsa-P-256,keygen,880,92314,4979
ecdsa-P-256,keygen,881,92278,4977
ecdsa-P-256,keygen,882,92500,4990
ecdsa-P-256,keygen,883,92315,4981
ecdsa-P-256,keygen,884,92389,4985
ecdsa-P-256,keygen,885,92333,4982
ecdsa-P-256,keygen,886,92500,4989
ecdsa-P-256,keygen,887,94407,5093
ecdsa-P-256,keygen,888,92648,4999
ecdsa-P-256,keygen,889,92185,4973
ecdsa-P-256,keygen,890,92278,4979
ecdsa-P-256,keygen,891,92481,4989
ecdsa-P-256,keygen,892,92630,4997
ecdsa-P-256,keygen,893,92204,4973
ecdsa-P-256,keygen,894,92241,4976
ecdsa-P-256,keygen,895,92352,4982
ecdsa-P-256,keygen,896,92352,4982
ecdsa-P-256,keygen,897,92519,4991
ecdsa-P-256,keygen,898,92649,4999
ecdsa-P-256,keygen,899,92370,4984
ecdsa-P-256,keygen,900,92148,4972
ecdsa-P-256,keygen,901,92259,4977
ecdsa-P-256,keygen,902,92500,4990
ecdsa-P-256,keygen,903,92259,4977
ecdsa-P-256,keygen,904,92222,4975
ecdsa-P-256,keygen,905,92538,4991
ecdsa-P-256,keygen,906,92445,4987
ecdsa-P-256,keygen,907,92519,4992
ecdsa-P-256,keygen,908,92055,4967
ecdsa-P-256,keygen,909,92315,4980
ecdsa-P-256,keygen,910,92333,4982
ecdsa-P-256,keygen,911,92315,4979
ecdsa-P-256,keygen,912,92518,4990
ecdsa-P-256,keygen,913,92426,4985
ecdsa-P-256,keygen,914,92241,4975
ecdsa-P-256,keygen,915,92296,4979
ecdsa-P-256,keygen,916,92371,4983
ecdsa-P-256,keygen,917,92389,4983
ecdsa-P-256,keygen,918,92314,4979
ecdsa-P-256,keygen,919,92574,4993
ecdsa-P-256,keygen,920,92111,4970
ecdsa-P-256,keygen,921,92425,4987
ecdsa-P-256,keygen,922,92241,4976
ecdsa-P-256,keygen,923,92759,5004
ecdsa-P-256,keygen,924,92259,4976
ecdsa-P-256,keygen,925,92556,4994
ecdsa-P-256,keygen,926,92296,4979
ecdsa-P-256,keygen,927,92129,4970
ecdsa-P-256,keygen,928,103055,5559
ecdsa-P-256,keygen,929,93074,5022
ecdsa-P-256,keygen,930,92574,4995
ecdsa-P-256,keygen,931,92500,4991
ecdsa-P-256,keygen,932,92556,4993
ecdsa-P-256,keygen,933,92574,4995
ecdsa-P-256,keygen,934,92389,4984
ecdsa-P-256,keygen,935,92333,4980
ecdsa-P-256,keygen,936,92314,4981
ecdsa-P-256,keygen,937,92352,4982
ecdsa-P-256,keygen,938,92463,4988
ecdsa-P-256,keygen,939,92297,4978
ecdsa-P-256,keygen,940,92241,4977
ecdsa-P-256,keygen,941,92185,4974
ecdsa-P-256,keygen,942,92407,4986
ecdsa-P-256,keygen,943,92463,4988
ecdsa-P-256,keygen,944,92482,4989
ecdsa-P-256,keygen,945,92185,4973
ecdsa-P-256,keygen,946,92629,4997
ecdsa-P-256,keygen,947,92481,4989
ecdsa-P-256,keygen,948,92111,4970
ecdsa-P-256,keygen,949,92333,4981
ecdsa-P-256,keygen,950,92500,4990
ecdsa-P-256,keygen,951,92204,4974
ecdsa-P-256,keygen,952,92537,4993
ecdsa-P-256,keygen,953,92408,4985
ecdsa-P-256,keygen,954,92556,4994
ecdsa-P-256,keygen,955,92222,4974
ecdsa-P-256,keygen,956,92463,4988
ecdsa-P-256,keygen,957,92556,4993
ecdsa-P-256,keygen,958,92056,4967
ecdsa-P-256,keygen,959,92277,4979
ecdsa-P-256,keygen,960,92296,4980
ecdsa-P-256,keygen,961,92370,4984
ecdsa-P-256,keygen,962,92074,4968
ecdsa-P-256,keygen,963,92278,4977
ecdsa-P-256,keygen,964,92149,4971
ecdsa-P-256,keygen,965,92388,4984
ecdsa-P-256,keygen,966,96000,5180
ecdsa-P-256,keygen,967,92297,4979
ecdsa-P-256,keygen,968,92185,4974
ecdsa-P-256,keygen,969,104889,5658
ecdsa-P-256,keygen,970,93352,5036
ecdsa-P-256,keygen,971,92260,4978
ecdsa-P-256,keygen,972,92185,4974
ecdsa-P-256,keygen,973,92038,4965
ecdsa-P-256,keygen,974,92407,4986
ecdsa-P-256,keygen,975,92445,4988
ecdsa-P-256,keygen,976,92296,4979
ecdsa-P-256,keygen,977,92037,4966
ecdsa-P-256,keygen,978,92278,4978
ecdsa-P-256,keygen,979,92408,4986
ecdsa-P-256,keygen,980,92241,4977
ecdsa-P-256,keygen,981,92203,4975
ecdsa-P-256,keygen,982,92407,4985
ecdsa-P-256,keygen,983,92518,4990
ecdsa-P-256,keygen,984,92519,4991
ecdsa-P-256,keygen,985,92296,4980
ecdsa-P-256,keygen,986,92222,4975
ecdsa-P-256,keygen,987,92333,4981
ecdsa-P-256,keygen,988,92296,4979
ecdsa-P-256,keygen,989,92333,4982
ecdsa-P-256,keygen,990,92314,4980
ecdsa-P-256,keygen,991,92407,4984
ecdsa-P-256,keygen,992,92278,4977
ecdsa-P-256,keygen,993,92648,4999
ecdsa-P-256,keygen,994,92277,4979
ecdsa-P-256,keygen,995,92389,4985
ecdsa-P-256,keygen,996,92408,4985
ecdsa-P-256,keygen,997,92296,4980
ecdsa-P-256,keygen,998,92222,4975
ecdsa-P-256,keygen,999,92481,4989
ecdsa-P-256,sign,0,119944,6471
ecdsa-P-256,sign,1,119112,6426
ecdsa-P-256,sign,2,118148,6373
ecdsa-P-256,sign,3,118074,6369
ecdsa-P-256,sign,4,117981,6364
ecdsa-P-256,sign,5,118167,6374
ecdsa-P-256,sign,6,118130,6374
ecdsa-P-256,sign,7,118074,6371
ecdsa-P-256,sign,8,118000,6366
ecdsa-P-256,sign,9,118352,6384
ecdsa-P-256,sign,10,117870,6360
ecdsa-P-256,sign,11,118056,6368
ecdsa-P-256,sign,12,117852,6359
ecdsa-P-256,sign,13,117981,6364
ecdsa-P-256,sign,14,144389,7790
ecdsa-P-256,sign,15,119407,6442
ecdsa-P-256,sign,16,118093,6371
ecdsa-P-256,sign,17,118000,6367
ecdsa-P-256,sign,18,117963,6365
ecdsa-P-256,sign,19,117851,6357
ecdsa-P-256,sign,20,117926,6363
ecdsa-P-256,sign,21,118000,6365
ecdsa-P-256,sign,22,117963,6364
ecdsa-P-256,sign,23,117796,6355
ecdsa-P-256,sign,24,117907,6360
ecdsa-P-256,sign,25,117908,6361
ecdsa-P-256,sign,26,118092,6370
ecdsa-P-256,sign,27,117815,6356
ecdsa-P-256,sign,28,118000,6366
ecdsa-P-256,sign,29,117926,6362
ecdsa-P-256,sign,30,117963,6365
ecdsa-P-256,sign,31,118148,6374
ecdsa-P-256,sign,32,118111,6372
ecdsa-P-256,sign,33,118111,6373
ecdsa-P-256,sign,34,118018,6367
ecdsa-P-256,sign,35,117981,6366
ecdsa-P-256,sign,36,118055,6369
ecdsa-P-256,sign,37,117852,6359
ecdsa-P-256,sign,38,117870,6358
ecdsa-P-256,sign,39,118111,6372
ecdsa-P-256,sign,40,118093,6372
ecdsa-P-256,sign,41,118000,6366
ecdsa-P-256,sign,42,117907,6361
ecdsa-P-256,sign,43,117852,6358
ecdsa-P-256,sign,44,117982,6365
ecdsa-P-256,sign,45,118222,6378
ecdsa-P-256,sign,46,118185,6376
ecdsa-P-256,sign,47,128704,6943
ecdsa-P-256,sign,48,118518,6394
ecdsa-P-256,sign,49,118167,6375
ecdsa-P-256,sign,50,118000,6367
ecdsa-P-256,sign,51,117982,6365
ecdsa-P-256,sign,52,118037,6368
ecdsa-P-256,sign,53,117889,6360
ecdsa-P-256,sign,54,118093,6372
ecdsa-P-256,sign,55,117926,6361
ecdsa-P-256,sign,56,118018,6367
ecdsa-P-256,sign,57,118204,6376
ecdsa-P-256,sign,58,117871,6359
ecdsa-P-256,sign,59,118111,6373
ecdsa-P-256,sign,60,117760,6353
ecdsa-P-256,sign,61,118019,6366
ecdsa-P-256,sign,62,118093,6370
ecdsa-P-256,sign,63,117815,6357
ecdsa-P-256,sign,64,118093,6371
ecdsa-P-256,sign,65,117926,6363
ecdsa-P-256,sign,66,118092,6371
ecdsa-P-256,sign,67,117982,6365
ecdsa-P-256,sign,68,118000,6366
ecdsa-P-256,sign,69,117982,6364
ecdsa-P-256,sign,70,118000,6367
ecdsa-P-256,sign,71,117926,6362
ecdsa-P-256,sign,72,118019,6368
ecdsa-P-256,sign,73,118092,6372
ecdsa-P-256,sign,74,117834,6358
ecdsa-P-256,sign,75,118074,6371
ecdsa-P-256,sign,76,118037,6368
ecdsa-P-256,sign,77,117889,6361
ecdsa-P-256,sign,78,118148,6373
ecdsa-P-256,sign,79,127797,6895
ecdsa-P-256,sign,80,118926,6416
ecdsa-P-256,sign,81,118370,6387
ecdsa-P-256,sign,82,118018,6366
ecdsa-P-256,sign,83,118092,6372
ecdsa-P-256,sign,84,118111,6371
ecdsa-P-256,sign,85,117926,6362
ecdsa-P-256,sign,86,118148,6373
ecdsa-P-256,sign,87,117889,6360
ecdsa-P-256,sign,88,117778,6355
ecdsa-P-256,sign,89,118000,6366
ecdsa-P-256,sign,90,117834,6357
ecdsa-P-256,sign,91,118278,6382
ecdsa-P-256,sign,92,122278,6597
ecdsa-P-256,sign,93,118537,6395
ecdsa-P-256,sign,94,118129,6374
ecdsa-P-256,sign,95,118056,6368
ecdsa-P-256,sign,96,118000,6365
ecdsa-P-256,sign,97,118037,6368
ecdsa-P-256,sign,98,118000,6366
ecdsa-P-256,sign,99,118148,6375
ecdsa-P-256,sign,100,117982,6364
ecdsa-P-256,sign,101,117981,6365
ecdsa-P-256,sign,102,117926,6361
ecdsa-P-256,sign,103,117963,6364
ecdsa-P-256,sign,104,117815,6357
ecdsa-P-256,sign,105,118056,6369
ecdsa-P-256,sign,106,118074,6370
ecdsa-P-256,sign,107,118111,6372
ecdsa-P-256,sign,108,118148,6374
ecdsa-P-256,sign,109,118203,6377
ecdsa-P-256,sign,110,117926,6361
ecdsa-P-256,sign,111,118093,6371
ecdsa-P-256,sign,112,128333,6922
ecdsa-P-256,sign,113,119129,6429
ecdsa-P-256,sign,114,118167,6374
ecdsa-P-256,sign,115,117926,6362
ecdsa-P-256,sign,116,118074,6369
ecdsa-P-256,sign,117,117870,6358
ecdsa-P-256,sign,118,117870,6358
ecdsa-P-256,sign,119,118278,6380
ecdsa-P-256,sign,120,117982,6365
ecdsa-P-256,sign,121,118148,6373
ecdsa-P-256,sign,122,118222,6378
ecdsa-P-256,sign,123,118055,6369
ecdsa-P-256,sign,124,118019,6367
ecdsa-P-256,sign,125,117982,6365
ecdsa-P-256,sign,126,117871,6359
ecdsa-P-256,sign,127,118148,6374
ecdsa-P-256,sign,128,117852,6359
ecdsa-P-256,sign,129,117981,6365
ecdsa-P-256,sign,130,117852,6357
ecdsa-P-256,sign,131,117815,6356
ecdsa-P-256,sign,132,117981,6366
ecdsa-P-256,sign,133,118018,6367
ecdsa-P-256,sign,134,118149,6374
ecdsa-P-256,sign,135,117907,6361
ecdsa-P-256,sign,136,118074,6371
ecdsa-P-256,sign,137,117685,6349
ecdsa-P-256,sign,138,117982,6365
ecdsa-P-256,sign,139,118018,6367
ecdsa-P-256,sign,140,118092,6371
ecdsa-P-256,sign,141,117944,6363
ecdsa-P-256,sign,142,117889,6361
ecdsa-P-256,sign,143,118204,6377
ecdsa-P-256,sign,144,117889,6359
ecdsa-P-256,sign,145,128277,6921
ecdsa-P-256,sign,146,118389,6387
ecdsa-P-256,sign,147,118000,6366
ecdsa-P-256,sign,148,118074,6370
ecdsa-P-256,sign,149,118074,6370
ecdsa-P-256,sign,150,118093,6370
ecdsa-P-256,sign,151,118222,6377
ecdsa-P-256,sign,152,118166,6374
ecdsa-P-256,sign,153,117833,6357
ecdsa-P-256,sign,154,117982,6365
ecdsa-P-256,sign,155,117815,6356
ecdsa-P-256,sign,156,117944,6362
ecdsa-P-256,sign,157,117759,6353
ecdsa-P-256,sign,158,117963,6364
ecdsa-P-256,sign,159,117759,6353
ecdsa-P-256,sign,160,118037,6367
ecdsa-P-256,sign,161,118074,6370
ecdsa-P-256,sign,162,118074,6370
ecdsa-P-256,sign,163,117703,6350
ecdsa-P-256,sign,164,118037,6367
ecdsa-P-256,sign,165,117760,6354
ecdsa-P-256,sign,166,117982,6365
ecdsa-P-256,sign,167,118148,6374
ecdsa-P-256,sign,168,117815,6355
ecdsa-P-256,sign,169,118018,6368
ecdsa-P-256,sign,170,117981,6365
ecdsa-P-256,sign,171,117797,6354
ecdsa-P-256,sign,172,117926,6363
ecdsa-P-256,sign,173,118074,6369
ecdsa-P-256,sign,174,117963,6364
ecdsa-P-256,sign,175,117926,6363
ecdsa-P-256,sign,176,117945,6363
ecdsa-P-256,sign,177,127778,6894
ecdsa-P-256,sign,178,118833,6412
ecdsa-P-256,sign,179,118148,6374
ecdsa-P-256,sign,180,117870,6359
ecdsa-P-256,sign,181,118203,6376
ecdsa-P-256,sign,182,117982,6364
ecdsa-P-256,sign,183,118203,6377
ecdsa-P-256,sign,184,118259,6380
ecdsa-P-256,sign,185,117963,6365
ecdsa-P-256,sign,186,118093,6370
ecdsa-P-256,sign,187,117889,6361
ecdsa-P-256,sign,188,117963,6363
ecdsa-P-256,sign,189,118093,6371
ecdsa-P-256,sign,190,118074,6371
ecdsa-P-256,sign,191,118259,6379
ecdsa-P-256,sign,192,118019,6367
ecdsa-P-256,sign,193,117851,6357
ecdsa-P-256,sign,194,118037,6367
ecdsa-P-256,sign,195,117796,6355
ecdsa-P-256,sign,196,118093,6371
ecdsa-P-256,sign,197,118111,6373
ecdsa-P-256,sign,198,118037,6368
ecdsa-P-256,sign,199,118074,6370
ecdsa-P-256,sign,200,118018,6368
ecdsa-P-256,sign,201,117944,6364
ecdsa-P-256,sign,202,117962,6364
ecdsa-P-256,sign,203,117815,6356
ecdsa-P-256,sign,204,117815,6356
ecdsa-P-256,sign,205,118074,6371
ecdsa-P-256,sign,206,118055,6369
ecdsa-P-256,sign,207,117852,6358
ecdsa-P-256,sign,208,117926,6362
ecdsa-P-256,sign,209,117908,6362
ecdsa-P-256,sign,210,129982,7014
ecdsa-P-256,sign,211,119167,6429
ecdsa-P-256,sign,212,117926,6363
ecdsa-P-256,sign,213,118129,6372
ecdsa-P-256,sign,214,118093,6371
ecdsa-P-256,sign,215,118037,6369
ecdsa-P-256,sign,216,118000,6365
ecdsa-P-256,sign,217,120704,6512
ecdsa-P-256,sign,218,118223,6379
ecdsa-P-256,sign,219,118111,6373
ecdsa-P-256,sign,220,118092,6370
ecdsa-P-256,sign,221,117945,6363
ecdsa-P-256,sign,222,118259,6379
ecdsa-P-256,sign,223,118037,6367
ecdsa-P-256,sign,224,118260,6381
ecdsa-P-256,sign,225,118111,6373
ecdsa-P-256,sign,226,117944,6363
ecdsa-P-256,sign,227,118037,6368
ecdsa-P-256,sign,228,117852,6359
ecdsa-P-256,sign,229,118037,6369
ecdsa-P-256,sign,230,117871,6360
ecdsa-P-256,sign,231,118074,6370
ecdsa-P-256,sign,232,118037,6368
ecdsa-P-256,sign,233,118074,6370
ecdsa-P-256,sign,234,118203,6378
ecdsa-P-256,sign,235,118074,6370
ecdsa-P-256,sign,236,118018,6367
ecdsa-P-256,sign,237,118149,6374
ecdsa-P-256,sign,238,118000,6367
ecdsa-P-256,sign,239,117981,6364
ecdsa-P-256,sign,240,118037,6368
ecdsa-P-256,sign,241,117907,6361
ecdsa-P-256,sign,242,118315,6383
ecdsa-P-256,sign,243,128797,6949
ecdsa-P-256,sign,244,118704,6404
ecdsa-P-256,sign,245,117963,6365
ecdsa-P-256,sign,246,117944,6363
ecdsa-P-256,sign,247,117981,6366
ecdsa-P-256,sign,248,118111,6372
ecdsa-P-256,sign,249,118019,6366
ecdsa-P-256,sign,250,117963,6364
ecdsa-P-256,sign,251,118315,6383
ecdsa-P-256,sign,252,118019,6368
ecdsa-P-256,sign,253,118166,6376
ecdsa-P-256,sign,254,117907,6360
ecdsa-P-256,sign,255,117982,6365
ecdsa-P-256,sign,256,118074,6371
ecdsa-P-256,sign,257,117945,6363
ecdsa-P-256,sign,258,118259,6380
ecdsa-P-256,sign,259,117815,6356
ecdsa-P-256,sign,260,117852,6358
ecdsa-P-256,sign,261,117889,6360
ecdsa-P-256,sign,262,117796,6356
ecdsa-P-256,sign,263,118074,6369
ecdsa-P-256,sign,264,117889,6360
ecdsa-P-256,sign,265,117796,6356
ecdsa-P-256,sign,266,118111,6373
ecdsa-P-256,sign,267,118186,6376
ecdsa-P-256,sign,268,118019,6368
ecdsa-P-256,sign,269,118018,6367
ecdsa-P-256,sign,270,118167,6375
ecdsa-P-256,sign,271,117815,6356
ecdsa-P-256,sign,272,117852,6357
ecdsa-P-256,sign,273,117851,6359
ecdsa-P-256,sign,274,117852,6358
ecdsa-P-256,sign,275,127963,6903
ecdsa-P-256,sign,276,118889,6415
ecdsa-P-256,sign,277,118204,6376
ecdsa-P-256,sign,278,118093,6371
ecdsa-P-256,sign,279,117870,6359
ecdsa-P-256,sign,280,117981,6365
ecdsa-P-256,sign,281,117834,6357
ecdsa-P-256,sign,282,117963,6364
ecdsa-P-256,sign,283,118055,6369
ecdsa-P-256,sign,284,118056,6368
ecdsa-P-256,sign,285,118074,6370
ecdsa-P-256,sign,286,117926,6361
ecdsa-P-256,sign,287,118019,6367
ecdsa-P-256,sign,288,117797,6356
ecdsa-P-256,sign,289,118000,6367
ecdsa-P-256,sign,290,117870,6359
ecdsa-P-256,sign,291,118092,6370
ecdsa-P-256,sign,292,117722,6351
ecdsa-P-256,sign,293,118037,6369
ecdsa-P-256,sign,294,118074,6370
ecdsa-P-256,sign,295,117778,6354
ecdsa-P-256,sign,296,118167,6374
ecdsa-P-256,sign,297,117759,6353
ecdsa-P-256,sign,298,118055,6368
ecdsa-P-256,sign,299,117870,6359
ecdsa-P-256,sign,300,117815,6356
ecdsa-P-256,sign,301,117907,6362
ecdsa-P-256,sign,302,118019,6367
ecdsa-P-256,sign,303,118204,6377
ecdsa-P-256,sign,304,118000,6367
ecdsa-P-256,sign,305,117926,6361
ecdsa-P-256,sign,306,118019,6366
ecdsa-P-256,sign,307,117888,6359
ecdsa-P-256,sign,308,127889,6901
ecdsa-P-256,sign,309,119093,6424
ecdsa-P-256,sign,310,117926,6363
ecdsa-P-256,sign,311,117871,6359
ecdsa-P-256,sign,312,117870,6360
ecdsa-P-256,sign,313,117982,6365
ecdsa-P-256,sign,314,117926,6363
ecdsa-P-256,sign,315,118075,6369
ecdsa-P-256,sign,316,118018,6367
ecdsa-P-256,sign,317,118000,6365
ecdsa-P-256,sign,318,118037,6367
ecdsa-P-256,sign,319,118000,6366
ecdsa-P-256,sign,320,118056,6369
ecdsa-P-256,sign,321,117889,6360
ecdsa-P-256,sign,322,118185,6377
ecdsa-P-256,sign,323,117703,6350
ecdsa-P-256,sign,324,118074,6371
ecdsa-P-256,sign,325,118074,6371
ecdsa-P-256,sign,326,117963,6364
ecdsa-P-256,sign,327,117889,6360
ecdsa-P-256,sign,328,118037,6368
ecdsa-P-256,sign,329,117796,6355
ecdsa-P-256,sign,330,117907,6360
ecdsa-P-256,sign,331,117945,6363
ecdsa-P-256,sign,332,117926,6363
ecdsa-P-256,sign,333,117852,6357
ecdsa-P-256,sign,334,118019,6367
ecdsa-P-256,sign,335,118000,6366
ecdsa-P-256,sign,336,118186,6377
ecdsa-P-256,sign,337,118056,6369
ecdsa-P-256,sign,338,118092,6371
ecdsa-P-256,sign,339,118259,6379
ecdsa-P-256,sign,340,117907,6360
ecdsa-P-256,sign,341,130222,7026
ecdsa-P-256,sign,342,119037,6424
ecdsa-P-256,sign,343,118037,6368
ecdsa-P-256,sign,344,118074,6370
ecdsa-P-256,sign,345,117945,6363
ecdsa-P-256,sign,346,118259,6380
ecdsa-P-256,sign,347,117944,6364
ecdsa-P-256,sign,348,118056,6368
ecdsa-P-256,sign,349,118185,6376
ecdsa-P-256,sign,350,117907,6360
ecdsa-P-256,sign,351,117944,6363
ecdsa-P-256,sign,352,117889,6360
ecdsa-P-256,sign,353,117815,6355
ecdsa-P-256,sign,354,117944,6363
ecdsa-P-256,sign,355,117889,6360
ecdsa-P-256,sign,356,118149,6375
ecdsa-P-256,sign,357,117926,6363
ecdsa-P-256,sign,358,118111,6371
ecdsa-P-256,sign,359,118111,6372
ecdsa-P-256,sign,360,117944,6362
ecdsa-P-256,sign,361,117981,6364
ecdsa-P-256,sign,362,117926,6363
ecdsa-P-256,sign,363,118111,6373
ecdsa-P-256,sign,364,117981,6364
ecdsa-P-256,sign,365,117889,6360
ecdsa-P-256,sign,366,118037,6368
ecdsa-P-256,sign,367,118037,6369
ecdsa-P-256,sign,368,118185,6376
ecdsa-P-256,sign,369,117759,6354
ecdsa-P-256,sign,370,117963,6364
ecdsa-P-256,sign,371,117703,6351
ecdsa-P-256,sign,372,117796,6354
ecdsa-P-256,sign,373,117888,6359
ecdsa-P-256,sign,374,119574,6452
ecdsa-P-256,sign,375,118074,6370
ecdsa-P-256,sign,376,117796,6354
ecdsa-P-256,sign,377,118074,6369
ecdsa-P-256,sign,378,117889,6360
ecdsa-P-256,sign,379,117778,6354
ecdsa-P-256,sign,380,117926,6362
ecdsa-P-256,sign,381,117851,6359
ecdsa-P-256,sign,382,118093,6370
ecdsa-P-256,sign,383,117981,6366
ecdsa-P-256,sign,384,118166,6375
ecdsa-P-256,sign,385,117871,6359
ecdsa-P-256,sign,386,118018,6366
ecdsa-P-256,sign,387,117833,6356
ecdsa-P-256,sign,388,117907,6361
ecdsa-P-256,sign,389,117981,6365
ecdsa-P-256,sign,390,117629,6346
ecdsa-P-256,sign,391,118241,6379
ecdsa-P-256,sign,392,117981,6365
ecdsa-P-256,sign,393,117926,6362
ecdsa-P-256,sign,394,117759,6352
ecdsa-P-256,sign,395,117945,6363
ecdsa-P-256,sign,396,117944,6362
ecdsa-P-256,sign,397,117907,6360
ecdsa-P-256,sign,398,118297,6382
ecdsa-P-256,sign,399,118000,6365
ecdsa-P-256,sign,400,118129,6373
ecdsa-P-256,sign,401,117834,6358
ecdsa-P-256,sign,402,117851,6357
ecdsa-P-256,sign,403,117945,6363
ecdsa-P-256,sign,404,118074,6370
ecdsa-P-256,sign,405,118222,6379
ecdsa-P-256,sign,406,127519,6879
ecdsa-P-256,sign,407,118852,6413
ecdsa-P-256,sign,408,118019,6367
ecdsa-P-256,sign,409,118203,6377
ecdsa-P-256,sign,410,118037,6369
ecdsa-P-256,sign,411,117871,6359
ecdsa-P-256,sign,412,118019,6368
ecdsa-P-256,sign,413,118037,6367
ecdsa-P-256,sign,414,118148,6375
ecdsa-P-256,sign,415,117963,6364
ecdsa-P-256,sign,416,117778,6354
ecdsa-P-256,sign,417,118111,6373
ecdsa-P-256,sign,418,117796,6355
ecdsa-P-256,sign,419,118074,6371
ecdsa-P-256,sign,420,117870,6359
ecdsa-P-256,sign,421,117963,6365
ecdsa-P-256,sign,422,117944,6364
ecdsa-P-256,sign,423,118056,6370
ecdsa-P-256,sign,424,118185,6377
ecdsa-P-256,sign,425,117963,6363
ecdsa-P-256,sign,426,118148,6374
ecdsa-P-256,sign,427,117926,6362
ecdsa-P-256,sign,428,117982,6365
ecdsa-P-256,sign,429,118092,6371
ecdsa-P-256,sign,430,117796,6355
ecdsa-P-256,sign,431,117815,6357
ecdsa-P-256,sign,432,117833,6357
ecdsa-P-256,sign,433,117926,6363
ecdsa-P-256,sign,434,118129,6373
ecdsa-P-256,sign,435,117889,6361
ecdsa-P-256,sign,436,118019,6368
ecdsa-P-256,sign,437,118018,6368
ecdsa-P-256,sign,438,117981,6364
ecdsa-P-256,sign,439,127852,6897
ecdsa-P-256,sign,440,118778,6409
ecdsa-P-256,sign,441,118259,6380
ecdsa-P-256,sign,442,117907,6360
ecdsa-P-256,sign,443,118148,6374
ecdsa-P-256,sign,444,118074,6371
ecdsa-P-256,sign,445,117889,6361
ecdsa-P-256,sign,446,118223,6379
ecdsa-P-256,sign,447,117908,6360
ecdsa-P-256,sign,448,118000,6365
ecdsa-P-256,sign,449,118167,6376
ecdsa-P-256,sign,450,117796,6355
ecdsa-P-256,sign,451,118018,6366
ecdsa-P-256,sign,452,118000,6367
ecdsa-P-256,sign,453,117963,6364
ecdsa-P-256,sign,454,117925,6361
ecdsa-P-256,sign,455,117945,6362
ecdsa-P-256,sign,456,117981,6365
ecdsa-P-256,sign,457,118185,6376
ecdsa-P-256,sign,458,118055,6369
ecdsa-P-256,sign,459,117907,6362
ecdsa-P-256,sign,460,117963,6365
ecdsa-P-256,sign,461,118000,6367
ecdsa-P-256,sign,462,117611,6344
ecdsa-P-256,sign,463,118056,6370
ecdsa-P-256,sign,464,118240,6379
ecdsa-P-256,sign,465,120111,6480
ecdsa-P-256,sign,466,118037,6367
ecdsa-P-256,sign,467,118056,6369
ecdsa-P-256,sign,468,117907,6361
ecdsa-P-256,sign,469,118185,6376
ecdsa-P-256,sign,470,118130,6373
ecdsa-P-256,sign,471,117926,6363
ecdsa-P-256,sign,472,129222,6972
ecdsa-P-256,sign,473,119370,6440
ecdsa-P-256,sign,474,118129,6374
ecdsa-P-256,sign,475,117926,6362
ecdsa-P-256,sign,476,118019,6368
ecdsa-P-256,sign,477,118019,6367
ecdsa-P-256,sign,478,117926,6362
ecdsa-P-256,sign,479,118093,6371
ecdsa-P-256,sign,480,117908,6360
ecdsa-P-256,sign,481,118038,6368
ecdsa-P-256,sign,482,117870,6358
ecdsa-P-256,sign,483,117944,6363
ecdsa-P-256,sign,484,118056,6369
ecdsa-P-256,sign,485,117982,6365
ecdsa-P-256,sign,486,118278,6381
ecdsa-P-256,sign,487,117944,6363
ecdsa-P-256,sign,488,118000,6365
ecdsa-P-256,sign,489,117908,6361
ecdsa-P-256,sign,490,117889,6360
ecdsa-P-256,sign,491,118018,6367
ecdsa-P-256,sign,492,117944,6363
ecdsa-P-256,sign,493,117926,6361
ecdsa-P-256,sign,494,118148,6374
ecdsa-P-256,sign,495,117852,6358
ecdsa-P-256,sign,496,117796,6355
ecdsa-P-256,sign,497,118037,6367
ecdsa-P-256,sign,498,118000,6366
ecdsa-P-256,sign,499,117945,6363
ecdsa-P-256,sign,500,118148,6373
ecdsa-P-256,sign,501,118037,6368
ecdsa-P-256,sign,502,118056,6370
ecdsa-P-256,sign,503,118130,6374
ecdsa-P-256,sign,504,128056,6909
ecdsa-P-256,sign,505,118981,6419
ecdsa-P-256,sign,506,118000,6366
ecdsa-P-256,sign,507,117963,6364
ecdsa-P-256,sign,508,118167,6375
ecdsa-P-256,sign,509,117870,6360
ecdsa-P-256,sign,510,118000,6367
ecdsa-P-256,sign,511,118000,6367
ecdsa-P-256,sign,512,117944,6363
ecdsa-P-256,sign,513,117963,6365
ecdsa-P-256,sign,514,118000,6367
ecdsa-P-256,sign,515,118203,6376
ecdsa-P-256,sign,516,117870,6360
ecdsa-P-256,sign,517,117963,6364
ecdsa-P-256,sign,518,117796,6354
ecdsa-P-256,sign,519,118185,6376
ecdsa-P-256,sign,520,118037,6367
ecdsa-P-256,sign,521,117926,6362
ecdsa-P-256,sign,522,118074,6370
ecdsa-P-256,sign,523,117796,6355
ecdsa-P-256,sign,524,117981,6366
ecdsa-P-256,sign,525,117852,6358
ecdsa-P-256,sign,526,118204,6378
ecdsa-P-256,sign,527,118055,6370
ecdsa-P-256,sign,528,117796,6355
ecdsa-P-256,sign,529,118018,6367
ecdsa-P-256,sign,530,117870,6359
ecdsa-P-256,sign,531,118278,6380
ecdsa-P-256,sign,532,117870,6358
ecdsa-P-256,sign,533,119111,6426
ecdsa-P-256,sign,534,118185,6376
ecdsa-P-256,sign,535,118111,6371
ecdsa-P-256,sign,536,118241,6379
ecdsa-P-256,sign,537,129519,6988
ecdsa-P-256,sign,538,119148,6428
ecdsa-P-256,sign,539,118019,6368
ecdsa-P-256,sign,540,118074,6370
ecdsa-P-256,sign,541,118074,6369
ecdsa-P-256,sign,542,117926,6362
ecdsa-P-256,sign,543,118111,6371
ecdsa-P-256,sign,544,118074,6370
ecdsa-P-256,sign,545,118352,6385
ecdsa-P-256,sign,546,117870,6360
ecdsa-P-256,sign,547,117963,6363
ecdsa-P-256,sign,548,118129,6372
ecdsa-P-256,sign,549,117852,6358
ecdsa-P-256,sign,550,118018,6366
ecdsa-P-256,sign,551,118111,6372
ecdsa-P-256,sign,552,118074,6370
ecdsa-P-256,sign,553,118408,6387
ecdsa-P-256,sign,554,118037,6368
ecdsa-P-256,sign,555,118074,6369
ecdsa-P-256,sign,556,118000,6367
ecdsa-P-256,sign,557,117944,6363
ecdsa-P-256,sign,558,117926,6361
ecdsa-P-256,sign,559,118000,6365
ecdsa-P-256,sign,560,118240,6378
ecdsa-P-256,sign,561,117852,6359
ecdsa-P-256,sign,562,117944,6362
ecdsa-P-256,sign,563,118092,6372
ecdsa-P-256,sign,564,118093,6371
ecdsa-P-256,sign,565,118019,6368
ecdsa-P-256,sign,566,117778,6354
ecdsa-P-256,sign,567,118149,6374
ecdsa-P-256,sign,568,117945,6362
ecdsa-P-256,sign,569,117759,6353
ecdsa-P-256,sign,570,127851,6896
ecdsa-P-256,sign,571,118814,6409
ecdsa-P-256,sign,572,118148,6374
ecdsa-P-256,sign,573,117852,6359
ecdsa-P-256,sign,574,118037,6369
ecdsa-P-256,sign,575,117982,6365
ecdsa-P-256,sign,576,117944,6364
ecdsa-P-256,sign,577,118149,6374
ecdsa-P-256,sign,578,118037,6368
ecdsa-P-256,sign,579,117870,6360
ecdsa-P-256,sign,580,118203,6376
ecdsa-P-256,sign,581,118000,6366
ecdsa-P-256,sign,582,118056,6369
ecdsa-P-256,sign,583,117981,6365
ecdsa-P-256,sign,584,117945,6362
ecdsa-P-256,sign,585,118019,6368
ecdsa-P-256,sign,586,117926,6361
ecdsa-P-256,sign,587,118111,6372
ecdsa-P-256,sign,588,117556,6342
ecdsa-P-256,sign,589,120704,6513
ecdsa-P-256,sign,590,118315,6383
ecdsa-P-256,sign,591,118055,6368
ecdsa-P-256,sign,592,117926,6362
ecdsa-P-256,sign,593,117759,6353
ecdsa-P-256,sign,594,117926,6363
ecdsa-P-256,sign,595,117908,6360
ecdsa-P-256,sign,596,118093,6372
ecdsa-P-256,sign,597,118185,6376
ecdsa-P-256,sign,598,117982,6364
ecdsa-P-256,sign,599,118130,6372
ecdsa-P-256,sign,600,118000,6367
ecdsa-P-256,sign,601,118037,6367
ecdsa-P-256,sign,602,117963,6364
ecdsa-P-256,sign,603,119666,6456
ecdsa-P-256,sign,604,118204,6376
ecdsa-P-256,sign,605,117889,6360
ecdsa-P-256,sign,606,118185,6377
ecdsa-P-256,sign,607,117889,6359
ecdsa-P-256,sign,608,118130,6373
ecdsa-P-256,sign,609,117814,6357
ecdsa-P-256,sign,610,118037,6368
ecdsa-P-256,sign,611,117926,6362
ecdsa-P-256,sign,612,118037,6368
ecdsa-P-256,sign,613,118092,6371
ecdsa-P-256,sign,614,118037,6368
ecdsa-P-256,sign,615,118000,6366
ecdsa-P-256,sign,616,117815,6356
ecdsa-P-256,sign,617,117889,6361
ecdsa-P-256,sign,618,118018,6367
ecdsa-P-256,sign,619,118000,6366
ecdsa-P-256,sign,620,118056,6369
ecdsa-P-256,sign,621,117963,6364
ecdsa-P-256,sign,622,117963,6364
ecdsa-P-256,sign,623,117797,6355
ecdsa-P-256,sign,624,117852,6359
ecdsa-P-256,sign,625,117907,6360
ecdsa-P-256,sign,626,118093,6371
ecdsa-P-256,sign,627,118204,6378
ecdsa-P-256,sign,628,117759,6352
ecdsa-P-256,sign,629,117963,6364
ecdsa-P-256,sign,630,117833,6356
ecdsa-P-256,sign,631,117871,6359
ecdsa-P-256,sign,632,117926,6362
ecdsa-P-256,sign,633,117834,6356
ecdsa-P-256,sign,634,117981,6365
ecdsa-P-256,sign,635,127593,6885
ecdsa-P-256,sign,636,119241,6433
ecdsa-P-256,sign,637,118186,6376
ecdsa-P-256,sign,638,118111,6372
ecdsa-P-256,sign,639,118204,6377
ecdsa-P-256,sign,640,118074,6370
ecdsa-P-256,sign,641,117759,6352
ecdsa-P-256,sign,642,117963,6364
ecdsa-P-256,sign,643,118166,6376
ecdsa-P-256,sign,644,118241,6380
ecdsa-P-256,sign,645,117926,6362
ecdsa-P-256,sign,646,118000,6366
ecdsa-P-256,sign,647,117796,6355
ecdsa-P-256,sign,648,117908,6362
ecdsa-P-256,sign,649,118037,6368
ecdsa-P-256,sign,650,117908,6361
ecdsa-P-256,sign,651,117889,6361
ecdsa-P-256,sign,652,118055,6369
ecdsa-P-256,sign,653,117908,6361
ecdsa-P-256,sign,654,117814,6356
ecdsa-P-256,sign,655,118203,6376
ecdsa-P-256,sign,656,118111,6372
ecdsa-P-256,sign,657,118018,6366
ecdsa-P-256,sign,658,118167,6375
ecdsa-P-256,sign,659,117851,6358
ecdsa-P-256,sign,660,118167,6376
ecdsa-P-256,sign,661,117908,6362
ecdsa-P-256,sign,662,117963,6364
ecdsa-P-256,sign,663,118203,6377
ecdsa-P-256,sign,664,118000,6366
ecdsa-P-256,sign,665,117852,6358
ecdsa-P-256,sign,666,118056,6370
ecdsa-P-256,sign,667,117889,6361
ecdsa-P-256,sign,668,130981,7066
ecdsa-P-256,sign,669,118982,6420
ecdsa-P-256,sign,670,117907,6362
ecdsa-P-256,sign,671,118278,6380
ecdsa-P-256,sign,672,118000,6365
ecdsa-P-256,sign,673,117871,6360
ecdsa-P-256,sign,674,117926,6362
ecdsa-P-256,sign,675,118000,6366
ecdsa-P-256,sign,676,118204,6378
ecdsa-P-256,sign,677,118056,6368
ecdsa-P-256,sign,678,118019,6367
ecdsa-P-256,sign,679,118000,6366
ecdsa-P-256,sign,680,118037,6369
ecdsa-P-256,sign,681,118093,6372
ecdsa-P-256,sign,682,118000,6366
ecdsa-P-256,sign,683,117926,6361
ecdsa-P-256,sign,684,117963,6365
ecdsa-P-256,sign,685,117926,6362
ecdsa-P-256,sign,686,117963,6364
ecdsa-P-256,sign,687,118055,6368
ecdsa-P-256,sign,688,118074,6371
ecdsa-P-256,sign,689,117963,6365
ecdsa-P-256,sign,690,117777,6353
ecdsa-P-256,sign,691,117888,6361
ecdsa-P-256,sign,692,117889,6360
ecdsa-P-256,sign,693,118019,6366
ecdsa-P-256,sign,694,117870,6360
ecdsa-P-256,sign,695,118074,6370
ecdsa-P-256,sign,696,118019,6367
ecdsa-P-256,sign,697,118056,6369
ecdsa-P-256,sign,698,118055,6369
ecdsa-P-256,sign,699,117963,6364
ecdsa-P-256,sign,700,118111,6373
ecdsa-P-256,sign,701,127796,6894
ecdsa-P-256,sign,702,118870,6415
ecdsa-P-256,sign,703,118111,6373
ecdsa-P-256,sign,704,118093,6372
ecdsa-P-256,sign,705,118111,6371
ecdsa-P-256,sign,706,117833,6357
ecdsa-P-256,sign,707,118019,6367
ecdsa-P-256,sign,708,117833,6358
ecdsa-P-256,sign,709,118000,6365
ecdsa-P-256,sign,710,118074,6371
ecdsa-P-256,sign,711,118037,6368
ecdsa-P-256,sign,712,118223,6379
ecdsa-P-256,sign,713,120148,6483
ecdsa-P-256,sign,714,118167,6376
ecdsa-P-256,sign,715,118055,6369
ecdsa-P-256,sign,716,118018,6367
ecdsa-P-256,sign,717,118260,6380
ecdsa-P-256,sign,718,117963,6365
ecdsa-P-256,sign,719,117722,6351
ecdsa-P-256,sign,720,117963,6364
ecdsa-P-256,sign,721,117963,6364
ecdsa-P-256,sign,722,118130,6373
ecdsa-P-256,sign,723,117907,6360
ecdsa-P-256,sign,724,118185,6377
ecdsa-P-256,sign,725,118093,6371
ecdsa-P-256,sign,726,118055,6370
ecdsa-P-256,sign,727,117926,6363
ecdsa-P-256,sign,728,117982,6364
ecdsa-P-256,sign,729,118149,6373
ecdsa-P-256,sign,730,117926,6362
ecdsa-P-256,sign,731,117944,6364
ecdsa-P-256,sign,732,118148,6374
ecdsa-P-256,sign,733,127852,6898
ecdsa-P-256,sign,734,119093,6426
ecdsa-P-256,sign,735,118278,6382
ecdsa-P-256,sign,736,117981,6364
ecdsa-P-256,sign,737,118037,6369
ecdsa-P-256,sign,738,118037,6368
ecdsa-P-256,sign,739,117722,6352
ecdsa-P-256,sign,740,118037,6367
ecdsa-P-256,sign,741,118259,6380
ecdsa-P-256,sign,742,117982,6364
ecdsa-P-256,sign,743,117852,6358
ecdsa-P-256,sign,744,117852,6358
ecdsa-P-256,sign,745,118055,6368
ecdsa-P-256,sign,746,117945,6362
ecdsa-P-256,sign,747,118203,6376
ecdsa-P-256,sign,748,117907,6360
ecdsa-P-256,sign,749,118222,6379
ecdsa-P-256,sign,750,117945,6363
ecdsa-P-256,sign,751,117833,6357
ecdsa-P-256,sign,752,118148,6375
ecdsa-P-256,sign,753,117852,6359
ecdsa-P-256,sign,754,118111,6372
ecdsa-P-256,sign,755,118019,6368
ecdsa-P-256,sign,756,117833,6356
ecdsa-P-256,sign,757,118074,6370
ecdsa-P-256,sign,758,117926,6362
ecdsa-P-256,sign,759,118037,6369
ecdsa-P-256,sign,760,117926,6361
ecdsa-P-256,sign,761,117963,6364
ecdsa-P-256,sign,762,117907,6361
ecdsa-P-256,sign,763,117926,6363
ecdsa-P-256,sign,764,118056,6369
ecdsa-P-256,sign,765,117982,6365
ecdsa-P-256,sign,766,133463,7200
ecdsa-P-256,sign,767,119296,6436
ecdsa-P-256,sign,768,117944,6364
ecdsa-P-256,sign,769,118056,6370
ecdsa-P-256,sign,770,117963,6364
ecdsa-P-256,sign,771,117649,6347
ecdsa-P-256,sign,772,118278,6382
ecdsa-P-256,sign,773,117778,6354
ecdsa-P-256,sign,774,117833,6357
ecdsa-P-256,sign,775,117944,6362
ecdsa-P-256,sign,776,118074,6371
ecdsa-P-256,sign,777,117870,6359
ecdsa-P-256,sign,778,117908,6362
ecdsa-P-256,sign,779,118111,6372
ecdsa-P-256,sign,780,117926,6363
ecdsa-P-256,sign,781,117852,6359
ecdsa-P-256,sign,782,118018,6368
ecdsa-P-256,sign,783,117759,6353
ecdsa-P-256,sign,784,118037,6368
ecdsa-P-256,sign,785,117907,6361
ecdsa-P-256,sign,786,118222,6379
ecdsa-P-256,sign,787,117981,6364
ecdsa-P-256,sign,788,118185,6375
ecdsa-P-256,sign,789,118185,6377
ecdsa-P-256,sign,790,117852,6359
ecdsa-P-256,sign,791,117945,6363
ecdsa-P-256,sign,792,117759,6353
ecdsa-P-256,sign,793,118037,6368
ecdsa-P-256,sign,794,118055,6369
ecdsa-P-256,sign,795,117963,6364
ecdsa-P-256,sign,796,118167,6376
ecdsa-P-256,sign,797,117889,6361
ecdsa-P-256,sign,798,117963,6364
ecdsa-P-256,sign,799,127741,6891
ecdsa-P-256,sign,800,119056,6422
ecdsa-P-256,sign,801,118278,6380
ecdsa-P-256,sign,802,117908,6360
ecdsa-P-256,sign,803,118148,6374
ecdsa-P-256,sign,804,118019,6367
ecdsa-P-256,sign,805,118130,6372
ecdsa-P-256,sign,806,118296,6382
ecdsa-P-256,sign,807,118056,6368
ecdsa-P-256,sign,808,117889,6360
ecdsa-P-256,sign,809,118055,6368
ecdsa-P-256,sign,810,117870,6358
ecdsa-P-256,sign,811,118111,6372
ecdsa-P-256,sign,812,117982,6365
ecdsa-P-256,sign,813,118185,6376
ecdsa-P-256,sign,814,118241,6379
ecdsa-P-256,sign,815,117777,6353
ecdsa-P-256,sign,816,118018,6366
ecdsa-P-256,sign,817,117834,6356
ecdsa-P-256,sign,818,118018,6368
ecdsa-P-256,sign,819,117963,6363
ecdsa-P-256,sign,820,117926,6361
ecdsa-P-256,sign,821,118074,6370
ecdsa-P-256,sign,822,118093,6370
ecdsa-P-256,sign,823,118259,6380
ecdsa-P-256,sign,824,117889,6359
ecdsa-P-256,sign,825,117797,6355
ecdsa-P-256,sign,826,118037,6367
ecdsa-P-256,sign,827,117888,6360
ecdsa-P-256,sign,828,117963,6364
ecdsa-P-256,sign,829,117981,6365
ecdsa-P-256,sign,830,118185,6376
ecdsa-P-256,sign,831,117908,6361
ecdsa-P-256,sign,832,127629,6887
ecdsa-P-256,sign,833,118370,6386
ecdsa-P-256,sign,834,117944,6362
ecdsa-P-256,sign,835,118185,6375
ecdsa-P-256,sign,836,117833,6358
ecdsa-P-256,sign,837,120278,6489
ecdsa-P-256,sign,838,118315,6382
ecdsa-P-256,sign,839,117926,6362
ecdsa-P-256,sign,840,118092,6371
ecdsa-P-256,sign,841,117982,6366
ecdsa-P-256,sign,842,117870,6360
ecdsa-P-256,sign,843,118093,6371
ecdsa-P-256,sign,844,117852,6357
ecdsa-P-256,sign,845,118185,6376
ecdsa-P-256,sign,846,117981,6364
ecdsa-P-256,sign,847,117925,6361
ecdsa-P-256,sign,848,117926,6362
ecdsa-P-256,sign,849,118130,6373
ecdsa-P-256,sign,850,118241,6380
ecdsa-P-256,sign,851,117834,6357
ecdsa-P-256,sign,852,118018,6366
ecdsa-P-256,sign,853,117907,6360
ecdsa-P-256,sign,854,117925,6361
ecdsa-P-256,sign,855,117908,6360
ecdsa-P-256,sign,856,118185,6375
ecdsa-P-256,sign,857,118166,6375
ecdsa-P-256,sign,858,117760,6353
ecdsa-P-256,sign,859,118055,6370
ecdsa-P-256,sign,860,117870,6360
ecdsa-P-256,sign,861,118167,6376
ecdsa-P-256,sign,862,118129,6372
ecdsa-P-256,sign,863,118037,6369
ecdsa-P-256,sign,864,127963,6904
ecdsa-P-256,sign,865,118982,6420
ecdsa-P-256,sign,866,118148,6373
ecdsa-P-256,sign,867,118203,6376
ecdsa-P-256,sign,868,117888,6360
ecdsa-P-256,sign,869,118037,6368
ecdsa-P-256,sign,870,118259,6380
ecdsa-P-256,sign,871,118185,6375
ecdsa-P-256,sign,872,118056,6370
ecdsa-P-256,sign,873,118093,6370
ecdsa-P-256,sign,874,117870,6359
ecdsa-P-256,sign,875,118111,6373
ecdsa-P-256,sign,876,117870,6360
ecdsa-P-256,sign,877,118148,6374
ecdsa-P-256,sign,878,117945,6364
ecdsa-P-256,sign,879,117852,6359
ecdsa-P-256,sign,880,118037,6369
ecdsa-P-256,sign,881,118037,6368
ecdsa-P-256,sign,882,117945,6364
ecdsa-P-256,sign,883,117889,6361
ecdsa-P-256,sign,884,117834,6357
ecdsa-P-256,sign,885,117963,6365
ecdsa-P-256,sign,886,117944,6363
ecdsa-P-256,sign,887,117833,6357
ecdsa-P-256,sign,888,117814,6356
ecdsa-P-256,sign,889,117852,6358
ecdsa-P-256,sign,890,117833,6356
ecdsa-P-256,sign,891,118296,6382
ecdsa-P-256,sign,892,117630,6346
ecdsa-P-256,sign,893,117760,6352
ecdsa-P-256,sign,894,117926,6363
ecdsa-P-256,sign,895,118129,6372
ecdsa-P-256,sign,896,117944,6364
ecdsa-P-256,sign,897,127722,6890
ecdsa-P-256,sign,898,118871,6414
ecdsa-P-256,sign,899,117981,6364
ecdsa-P-256,sign,900,118000,6366
ecdsa-P-256,sign,901,118203,6378
ecdsa-P-256,sign,902,118056,6368
ecdsa-P-256,sign,903,118055,6370
ecdsa-P-256,sign,904,117926,6362
ecdsa-P-256,sign,905,117944,6363
ecdsa-P-256,sign,906,118111,6371
ecdsa-P-256,sign,907,117852,6358
ecdsa-P-256,sign,908,118111,6372
ecdsa-P-256,sign,909,118037,6367
ecdsa-P-256,sign,910,117963,6364
ecdsa-P-256,sign,911,118037,6368
ecdsa-P-256,sign,912,117833,6357
ecdsa-P-256,sign,913,118074,6370
ecdsa-P-256,sign,914,118074,6370
ecdsa-P-256,sign,915,117871,6360
ecdsa-P-256,sign,916,118000,6367
ecdsa-P-256,sign,917,117907,6361
ecdsa-P-256,sign,918,118130,6373
ecdsa-P-256,sign,919,118000,6365
ecdsa-P-256,sign,920,117981,6365
ecdsa-P-256,sign,921,117852,6358
ecdsa-P-256,sign,922,118000,6365
ecdsa-P-256,sign,923,117889,6359
ecdsa-P-256,sign,924,118000,6366
ecdsa-P-256,sign,925,118000,6365
ecdsa-P-256,sign,926,118093,6372
ecdsa-P-256,sign,927,118111,6373
ecdsa-P-256,sign,928,117833,6356
ecdsa-P-256,sign,929,117889,6360
ecdsa-P-256,sign,930,127556,6881
ecdsa-P-256,sign,931,118611,6399
ecdsa-P-256,sign,932,118074,6371
ecdsa-P-256,sign,933,118018,6367
ecdsa-P-256,sign,934,118278,6382
ecdsa-P-256,sign,935,118074,6369
ecdsa-P-256,sign,936,117908,6362
ecdsa-P-256,sign,937,117778,6354
ecdsa-P-256,sign,938,117870,6359
ecdsa-P-256,sign,939,118222,6379
ecdsa-P-256,sign,940,117871,6359
ecdsa-P-256,sign,941,118223,6378
ecdsa-P-256,sign,942,117944,6362
ecdsa-P-256,sign,943,117907,6361
ecdsa-P-256,sign,944,118352,6385
ecdsa-P-256,sign,945,118037,6367
ecdsa-P-256,sign,946,118018,6368
ecdsa-P-256,sign,947,117778,6355
ecdsa-P-256,sign,948,117815,6356
ecdsa-P-256,sign,949,118000,6366
ecdsa-P-256,sign,950,118019,6366
ecdsa-P-256,sign,951,117963,6363
ecdsa-P-256,sign,952,118000,6366
ecdsa-P-256,sign,953,118074,6370
ecdsa-P-256,sign,954,117777,6354
ecdsa-P-256,sign,955,118000,6366
ecdsa-P-256,sign,956,117963,6364
ecdsa-P-256,sign,957,118037,6369
ecdsa-P-256,sign,958,117944,6363
ecdsa-P-256,sign,959,117963,6365
ecdsa-P-256,sign,960,118112,6371
ecdsa-P-256,sign,961,120389,6495
ecdsa-P-256,sign,962,128481,6931
ecdsa-P-256,sign,963,119055,6424
ecdsa-P-256,sign,964,118240,6380
ecdsa-P-256,sign,965,117889,6359
ecdsa-P-256,sign,966,118259,6381
ecdsa-P-256,sign,967,118037,6368
ecdsa-P-256,sign,968,117815,6356
ecdsa-P-256,sign,969,118092,6371
ecdsa-P-256,sign,970,117963,6364
ecdsa-P-256,sign,971,118111,6373
ecdsa-P-256,sign,972,117870,6360
ecdsa-P-256,sign,973,118055,6369
ecdsa-P-256,sign,974,118333,6385
ecdsa-P-256,sign,975,117778,6354
ecdsa-P-256,sign,976,118222,6378
ecdsa-P-256,sign,977,117944,6362
ecdsa-P-256,sign,978,117945,6362
ecdsa-P-256,sign,979,118130,6373
ecdsa-P-256,sign,980,117889,6360
ecdsa-P-256,sign,981,118000,6367
ecdsa-P-256,sign,982,117963,6363
ecdsa-P-256,sign,983,117870,6358
ecdsa-P-256,sign,984,117852,6358
ecdsa-P-256,sign,985,117963,6364
ecdsa-P-256,sign,986,117907,6362
ecdsa-P-256,sign,987,117944,6362
ecdsa-P-256,sign,988,118111,6371
ecdsa-P-256,sign,989,117611,6345
ecdsa-P-256,sign,990,117889,6360
ecdsa-P-256,sign,991,117723,6350
ecdsa-P-256,sign,992,118055,6369
ecdsa-P-256,sign,993,117926,6361
ecdsa-P-256,sign,994,117907,6362
ecdsa-P-256,sign,995,127500,6879
ecdsa-P-256,sign,996,118982,6420
ecdsa-P-256,sign,997,118297,6383
ecdsa-P-256,sign,998,118037,6369
ecdsa-P-256,sign,999,117759,6353
ecdsa-P-256,verify,0,345222,18636
ecdsa-P-256,verify,1,345963,18676
ecdsa-P-256,verify,2,345759,18666
ecdsa-P-256,verify,3,345426,18649
ecdsa-P-256,verify,4,345704,18663
ecdsa-P-256,verify,5,355482,19188
ecdsa-P-256,verify,6,346445,18703
ecdsa-P-256,verify,7,345519,18653
ecdsa-P-256,verify,8,345482,18651
ecdsa-P-256,verify,9,345482,18652
ecdsa-P-256,verify,10,345703,18663
ecdsa-P-256,verify,11,345704,18663
ecdsa-P-256,verify,12,345666,18660
ecdsa-P-256,verify,13,345463,18651
ecdsa-P-256,verify,14,345444,18649
ecdsa-P-256,verify,15,345722,18665
ecdsa-P-256,verify,16,355352,19180
ecdsa-P-256,verify,17,346574,18709
ecdsa-P-256,verify,18,345575,18656
ecdsa-P-256,verify,19,345537,18654
ecdsa-P-256,verify,20,345481,18650
ecdsa-P-256,verify,21,345648,18660
ecdsa-P-256,verify,22,345741,18665
ecdsa-P-256,verify,23,345704,18663
ecdsa-P-256,verify,24,345611,18658
ecdsa-P-256,verify,25,345686,18663
ecdsa-P-256,verify,26,345518,18653
ecdsa-P-256,verify,27,345481,18651
ecdsa-P-256,verify,28,355278,19177
ecdsa-P-256,verify,29,346648,18713
ecdsa-P-256,verify,30,345426,18648
ecdsa-P-256,verify,31,345574,18656
ecdsa-P-256,verify,32,345426,18648
ecdsa-P-256,verify,33,345648,18660
ecdsa-P-256,verify,34,345722,18664
ecdsa-P-256,verify,35,345592,18658
ecdsa-P-256,verify,36,345500,18653
ecdsa-P-256,verify,37,345426,18647
ecdsa-P-256,verify,38,345778,18668
ecdsa-P-256,verify,39,355556,19191
ecdsa-P-256,verify,40,346611,18711
ecdsa-P-256,verify,41,345592,18657
ecdsa-P-256,verify,42,345444,18650
ecdsa-P-256,verify,43,345481,18651
ecdsa-P-256,verify,44,345630,18659
ecdsa-P-256,verify,45,345796,18668
ecdsa-P-256,verify,46,345778,18667
ecdsa-P-256,verify,47,345537,18654
ecdsa-P-256,verify,48,345538,18655
ecdsa-P-256,verify,49,345611,18658
ecdsa-P-256,verify,50,345500,18653
ecdsa-P-256,verify,51,355574,19192
ecdsa-P-256,verify,52,346259,18691
ecdsa-P-256,verify,53,345611,18658
ecdsa-P-256,verify,54,345555,18656
ecdsa-P-256,verify,55,345463,18650
ecdsa-P-256,verify,56,345574,18656
ecdsa-P-256,verify,57,345778,18668
ecdsa-P-256,verify,58,345555,18656
ecdsa-P-256,verify,59,345518,18654
ecdsa-P-256,verify,60,345389,18646
ecdsa-P-256,verify,61,345704,18664
ecdsa-P-256,verify,62,355370,19182
ecdsa-P-256,verify,63,346463,18704
ecdsa-P-256,verify,64,345612,18657
ecdsa-P-256,verify,65,345500,18651
ecdsa-P-256,verify,66,345537,18655
ecdsa-P-256,verify,67,345685,18661
ecdsa-P-256,verify,68,345556,18656
ecdsa-P-256,verify,69,345481,18652
ecdsa-P-256,verify,70,345537,18653
ecdsa-P-256,verify,71,345537,18655
ecdsa-P-256,verify,72,345667,18661
ecdsa-P-256,verify,73,345481,18650
ecdsa-P-256,verify,74,356315,19233
ecdsa-P-256,verify,75,346482,18705
ecdsa-P-256,verify,76,345575,18655
ecdsa-P-256,verify,77,345352,18643
ecdsa-P-256,verify,78,345481,18652
ecdsa-P-256,verify,79,345611,18658
ecdsa-P-256,verify,80,345741,18665
ecdsa-P-256,verify,81,348944,18838
ecdsa-P-256,verify,82,346130,18687
ecdsa-P-256,verify,83,345852,18671
ecdsa-P-256,verify,84,345759,18666
ecdsa-P-256,verify,85,356241,19228
ecdsa-P-256,verify,86,346666,18714
ecdsa-P-256,verify,87,345593,18655
ecdsa-P-256,verify,88,345611,18658
ecdsa-P-256,verify,89,345648,18660
ecdsa-P-256,verify,90,345555,18655
ecdsa-P-256,verify,91,345759,18665
ecdsa-P-256,verify,92,345759,18666
ecdsa-P-256,verify,93,345666,18661
ecdsa-P-256,verify,94,345537,18654
ecdsa-P-256,verify,95,345444,18650
ecdsa-P-256,verify,96,355648,19197
ecdsa-P-256,verify,97,346815,18722
ecdsa-P-256,verify,98,345537,18654
ecdsa-P-256,verify,99,345741,18665
ecdsa-P-256,verify,100,345629,18659
ecdsa-P-256,verify,101,345648,18660
ecdsa-P-256,verify,102,345444,18648
ecdsa-P-256,verify,103,345704,18664
ecdsa-P-256,verify,104,345518,18653
ecdsa-P-256,verify,105,345704,18664
ecdsa-P-256,verify,106,345741,18665
ecdsa-P-256,verify,107,345629,18660
ecdsa-P-256,verify,108,355334,19180
ecdsa-P-256,verify,109,346630,18711
ecdsa-P-256,verify,110,345500,18652
ecdsa-P-256,verify,111,345667,18661
ecdsa-P-256,verify,112,345814,18669
ecdsa-P-256,verify,113,345704,18663
ecdsa-P-256,verify,114,345685,18663
ecdsa-P-256,verify,115,345630,18659
ecdsa-P-256,verify,116,345481,18652
ecdsa-P-256,verify,117,345666,18661
ecdsa-P-256,verify,118,345815,18668
ecdsa-P-256,verify,119,355426,19185
ecdsa-P-256,verify,120,346667,18713
ecdsa-P-256,verify,121,345908,18673
ecdsa-P-256,verify,122,345777,18667
ecdsa-P-256,verify,123,345500,18653
ecdsa-P-256,verify,124,345611,18658
ecdsa-P-256,verify,125,345537,18654
ecdsa-P-256,verify,126,345722,18663
ecdsa-P-256,verify,127,345815,18668
ecdsa-P-256,verify,128,345592,18657
ecdsa-P-256,verify,129,345574,18657
ecdsa-P-256,verify,130,345629,18658
ecdsa-P-256,verify,131,356370,19235
ecdsa-P-256,verify,132,346556,18709
ecdsa-P-256,verify,133,345574,18657
ecdsa-P-256,verify,134,345537,18654
ecdsa-P-256,verify,135,345796,18669
ecdsa-P-256,verify,136,345722,18665
ecdsa-P-256,verify,137,345722,18663
ecdsa-P-256,verify,138,345630,18658
ecdsa-P-256,verify,139,345612,18659
ecdsa-P-256,verify,140,345574,18655
ecdsa-P-256,verify,141,345537,18654
ecdsa-P-256,verify,142,355371,19180
ecdsa-P-256,verify,143,346796,18721
ecdsa-P-256,verify,144,345722,18665
ecdsa-P-256,verify,145,345611,18657
ecdsa-P-256,verify,146,345518,18653
ecdsa-P-256,verify,147,345519,18653
ecdsa-P-256,verify,148,345648,18660
ecdsa-P-256,verify,149,345629,18659
ecdsa-P-256,verify,150,345537,18654
ecdsa-P-256,verify,151,345574,18655
ecdsa-P-256,verify,152,345611,18659
ecdsa-P-256,verify,153,355037,19164
ecdsa-P-256,verify,154,346889,18727
ecdsa-P-256,verify,155,345778,18668
ecdsa-P-256,verify,156,345852,18670
ecdsa-P-256,verify,157,345852,18672
ecdsa-P-256,verify,158,345518,18652
ecdsa-P-256,verify,159,345555,18655
ecdsa-P-256,verify,160,345482,18652
ecdsa-P-256,verify,161,345593,18657
ecdsa-P-256,verify,162,345630,18659
ecdsa-P-256,verify,163,345555,18655
ecdsa-P-256,verify,164,346019,18680
ecdsa-P-256,verify,165,355871,19209
ecdsa-P-256,verify,166,346796,18721
ecdsa-P-256,verify,167,345963,18676
ecdsa-P-256,verify,168,345370,18644
ecdsa-P-256,verify,169,345556,18655
ecdsa-P-256,verify,170,345556,18656
ecdsa-P-256,verify,171,345722,18664
ecdsa-P-256,verify,172,345703,18663
ecdsa-P-256,verify,173,345445,18648
ecdsa-P-256,verify,174,345648,18660
ecdsa-P-256,verify,175,345463,18649
ecdsa-P-256,verify,176,356463,19241
ecdsa-P-256,verify,177,346925,18728
ecdsa-P-256,verify,178,345611,18657
ecdsa-P-256,verify,179,345500,18651
ecdsa-P-256,verify,180,345611,18659
ecdsa-P-256,verify,181,345593,18656
ecdsa-P-256,verify,182,345648,18660
ecdsa-P-256,verify,183,345611,18659
ecdsa-P-256,verify,184,345593,18657
ecdsa-P-256,verify,185,345500,18651
ecdsa-P-256,verify,186,345741,18665
ecdsa-P-256,verify,187,345871,18672
ecdsa-P-256,verify,188,355574,19192
ecdsa-P-256,verify,189,346556,18709
ecdsa-P-256,verify,190,345685,18662
ecdsa-P-256,verify,191,345556,18656
ecdsa-P-256,verify,192,345593,18657
ecdsa-P-256,verify,193,345555,18655
ecdsa-P-256,verify,194,345648,18660
ecdsa-P-256,verify,195,350759,18935
ecdsa-P-256,verify,196,346166,18687
ecdsa-P-256,verify,197,345833,18669
ecdsa-P-256,verify,198,345629,18660
ecdsa-P-256,verify,199,356611,19248
ecdsa-P-256,verify,200,346703,18716
ecdsa-P-256,verify,201,345833,18669
ecdsa-P-256,verify,202,345759,18666
ecdsa-P-256,verify,203,345667,18660
ecdsa-P-256,verify,204,345519,18653
ecdsa-P-256,verify,205,345445,18650
ecdsa-P-256,verify,206,345518,18652
ecdsa-P-256,verify,207,345629,18658
ecdsa-P-256,verify,208,345463,18651
ecdsa-P-256,verify,209,345463,18650
ecdsa-P-256,verify,210,345537,18654
ecdsa-P-256,verify,211,348074,18790
ecdsa-P-256,verify,212,345537,18654
ecdsa-P-256,verify,213,345796,18668
ecdsa-P-256,verify,214,345778,18667
ecdsa-P-256,verify,215,345852,18670
ecdsa-P-256,verify,216,345593,18658
ecdsa-P-256,verify,217,345555,18655
ecdsa-P-256,verify,218,345518,18654
ecdsa-P-256,verify,219,345630,18659
ecdsa-P-256,verify,220,345629,18659
ecdsa-P-256,verify,221,345722,18664
ecdsa-P-256,verify,222,355408,19183
ecdsa-P-256,verify,223,346629,18713
ecdsa-P-256,verify,224,345556,18655
ecdsa-P-256,verify,225,345556,18655
ecdsa-P-256,verify,226,345445,18649
ecdsa-P-256,verify,227,345593,18658
ecdsa-P-256,verify,228,345445,18648
ecdsa-P-256,verify,229,345629,18658
ecdsa-P-256,verify,230,345611,18659
ecdsa-P-256,verify,231,345500,18651
ecdsa-P-256,verify,232,345703,18663
ecdsa-P-256,verify,233,355260,19175
ecdsa-P-256,verify,234,346574,18710
ecdsa-P-256,verify,235,345519,18653
ecdsa-P-256,verify,236,345444,18649
ecdsa-P-256,verify,237,345593,18657
ecdsa-P-256,verify,238,345667,18660
ecdsa-P-256,verify,239,345556,18656
ecdsa-P-256,verify,240,345593,18658
ecdsa-P-256,verify,241,345593,18658
ecdsa-P-256,verify,242,345593,18658
ecdsa-P-256,verify,243,345777,18666
ecdsa-P-256,verify,244,345834,18669
ecdsa-P-256,verify,245,355278,19177
ecdsa-P-256,verify,246,346649,18713
ecdsa-P-256,verify,247,345555,18655
ecdsa-P-256,verify,248,345629,18658
ecdsa-P-256,verify,249,345556,18656
ecdsa-P-256,verify,250,345704,18663
ecdsa-P-256,verify,251,345778,18667
ecdsa-P-256,verify,252,345666,18662
ecdsa-P-256,verify,253,345778,18667
ecdsa-P-256,verify,254,345612,18658
ecdsa-P-256,verify,255,345612,18658
ecdsa-P-256,verify,256,355203,19173
ecdsa-P-256,verify,257,346741,18719
ecdsa-P-256,verify,258,345833,18670
ecdsa-P-256,verify,259,345722,18664
ecdsa-P-256,verify,260,345741,18664
ecdsa-P-256,verify,261,345722,18665
ecdsa-P-256,verify,262,345630,18659
ecdsa-P-256,verify,263,345481,18652
ecdsa-P-256,verify,264,345500,18652
ecdsa-P-256,verify,265,345555,18656
ecdsa-P-256,verify,266,345648,18660
ecdsa-P-256,verify,267,345463,18651
ecdsa-P-256,verify,268,357204,19281
ecdsa-P-256,verify,269,346555,18709
ecdsa-P-256,verify,270,345722,18664
ecdsa-P-256,verify,271,345685,18662
ecdsa-P-256,verify,272,345648,18660
ecdsa-P-256,verify,273,345537,18654
ecdsa-P-256,verify,274,345556,18656
ecdsa-P-256,verify,275,345685,18662
ecdsa-P-256,verify,276,345722,18664
ecdsa-P-256,verify,277,345759,18667
ecdsa-P-256,verify,278,345760,18666
ecdsa-P-256,verify,279,355389,19183
ecdsa-P-256,verify,280,346667,18714
ecdsa-P-256,verify,281,345685,18660
ecdsa-P-256,verify,282,345556,18655
ecdsa-P-256,verify,283,345463,18651
ecdsa-P-256,verify,284,345704,18663
ecdsa-P-256,verify,285,345629,18658
ecdsa-P-256,verify,286,345611,18659
ecdsa-P-256,verify,287,345389,18645
ecdsa-P-256,verify,288,345463,18649
ecdsa-P-256,verify,289,345703,18663
ecdsa-P-256,verify,290,355074,19165
ecdsa-P-256,verify,291,346760,18718
ecdsa-P-256,verify,292,345519,18653
ecdsa-P-256,verify,293,345555,18656
ecdsa-P-256,verify,294,345630,18659
ecdsa-P-256,verify,295,345685,18662
ecdsa-P-256,verify,296,345685,18663
ecdsa-P-256,verify,297,345649,18660
ecdsa-P-256,verify,298,345685,18663
ecdsa-P-256,verify,299,345537,18655
ecdsa-P-256,verify,300,345537,18655
ecdsa-P-256,verify,301,345740,18664
ecdsa-P-256,verify,302,355352,19181
ecdsa-P-256,verify,303,346685,18715
ecdsa-P-256,verify,304,345778,18666
ecdsa-P-256,verify,305,345685,18662
ecdsa-P-256,verify,306,345555,18656
ecdsa-P-256,verify,307,345555,18656
ecdsa-P-256,verify,308,345667,18662
ecdsa-P-256,verify,309,348407,18807
ecdsa-P-256,verify,310,345722,18664
ecdsa-P-256,verify,311,345649,18659
ecdsa-P-256,verify,312,345722,18664
ecdsa-P-256,verify,313,363093,19599
ecdsa-P-256,verify,314,346963,18730
ecdsa-P-256,verify,315,345630,18659
ecdsa-P-256,verify,316,345482,18652
ecdsa-P-256,verify,317,345629,18660
ecdsa-P-256,verify,318,345648,18661
ecdsa-P-256,verify,319,345704,18664
ecdsa-P-256,verify,320,345704,18663
ecdsa-P-256,verify,321,345685,18662
ecdsa-P-256,verify,322,345537,18654
ecdsa-P-256,verify,323,345537,18655
ecdsa-P-256,verify,324,345704,18664
ecdsa-P-256,verify,325,355852,19207
ecdsa-P-256,verify,326,346518,18705
ecdsa-P-256,verify,327,345907,18675
ecdsa-P-256,verify,328,345759,18667
ecdsa-P-256,verify,329,345833,18670
ecdsa-P-256,verify,330,345686,18661
ecdsa-P-256,verify,331,345574,18656
ecdsa-P-256,verify,332,345555,18656
ecdsa-P-256,verify,333,345444,18649
ecdsa-P-256,verify,334,345722,18664
ecdsa-P-256,verify,335,345815,18668
ecdsa-P-256,verify,336,355389,19183
ecdsa-P-256,verify,337,346666,18714
ecdsa-P-256,verify,338,345648,18659
ecdsa-P-256,verify,339,345593,18656
ecdsa-P-256,verify,340,345592,18657
ecdsa-P-256,verify,341,345574,18657
ecdsa-P-256,verify,342,345740,18665
ecdsa-P-256,verify,343,345593,18656
ecdsa-P-256,verify,344,345537,18654
ecdsa-P-256,verify,345,345629,18659
ecdsa-P-256,verify,346,345537,18654
ecdsa-P-256,verify,347,345648,18660
ecdsa-P-256,verify,348,355870,19208
ecdsa-P-256,verify,349,345982,18679
ecdsa-P-256,verify,350,345555,18655
ecdsa-P-256,verify,351,345593,18657
ecdsa-P-256,verify,352,345555,18655
ecdsa-P-256,verify,353,345629,18658
ecdsa-P-256,verify,354,345630,18659
ecdsa-P-256,verify,355,345574,18657
ecdsa-P-256,verify,356,345481,18652
ecdsa-P-256,verify,357,345556,18654
ecdsa-P-256,verify,358,345722,18664
ecdsa-P-256,verify,359,355352,19180
ecdsa-P-256,verify,360,346537,18708
ecdsa-P-256,verify,361,345666,18660
ecdsa-P-256,verify,362,345481,18651
ecdsa-P-256,verify,363,345629,18659
ecdsa-P-256,verify,364,345741,18666
ecdsa-P-256,verify,365,345722,18665
ecdsa-P-256,verify,366,345593,18657
ecdsa-P-256,verify,367,345592,18657
ecdsa-P-256,verify,368,345537,18654
ecdsa-P-256,verify,369,345518,18653
ecdsa-P-256,verify,370,356167,19224
ecdsa-P-256,verify,371,346777,18720
ecdsa-P-256,verify,372,345518,18653
ecdsa-P-256,verify,373,345704,18663
ecdsa-P-256,verify,374,345666,18660
ecdsa-P-256,verify,375,345685,18662
ecdsa-P-256,verify,376,345574,18657
ecdsa-P-256,verify,377,345592,18657
ecdsa-P-256,verify,378,345444,18650
ecdsa-P-256,verify,379,345629,18660
ecdsa-P-256,verify,380,345648,18661
ecdsa-P-256,verify,381,345797,18668
ecdsa-P-256,verify,382,355463,19187
ecdsa-P-256,verify,383,346667,18714
ecdsa-P-256,verify,384,345611,18656
ecdsa-P-256,verify,385,345611,18658
ecdsa-P-256,verify,386,345556,18656
ecdsa-P-256,verify,387,345704,18662
ecdsa-P-256,verify,388,345796,18667
ecdsa-P-256,verify,389,345537,18655
ecdsa-P-256,verify,390,345518,18653
ecdsa-P-256,verify,391,345574,18657
ecdsa-P-256,verify,392,345445,18650
ecdsa-P-256,verify,393,355315,19179
ecdsa-P-256,verify,394,346611,18711
ecdsa-P-256,verify,395,345593,18656
ecdsa-P-256,verify,396,345481,18651
ecdsa-P-256,verify,397,345574,18657
ecdsa-P-256,verify,398,345611,18658
ecdsa-P-256,verify,399,345704,18664
ecdsa-P-256,verify,400,345833,18670
ecdsa-P-256,verify,401,345759,18666
ecdsa-P-256,verify,402,345648,18660
ecdsa-P-256,verify,403,345685,18661
ecdsa-P-256,verify,404,345574,18656
ecdsa-P-256,verify,405,355352,19179
ecdsa-P-256,verify,406,346630,18712
ecdsa-P-256,verify,407,345759,18665
ecdsa-P-256,verify,408,345722,18664
ecdsa-P-256,verify,409,345629,18660
ecdsa-P-256,verify,410,345482,18651
ecdsa-P-256,verify,411,345611,18658
ecdsa-P-256,verify,412,345500,18651
ecdsa-P-256,verify,413,345741,18666
ecdsa-P-256,verify,414,345704,18662
ecdsa-P-256,verify,415,345611,18657
ecdsa-P-256,verify,416,355204,19173
ecdsa-P-256,verify,417,346648,18714
ecdsa-P-256,verify,418,345648,18660
ecdsa-P-256,verify,419,345612,18659
ecdsa-P-256,verify,420,345741,18666
ecdsa-P-256,verify,421,345704,18663
ecdsa-P-256,verify,422,345686,18661
ecdsa-P-256,verify,423,348278,18802
ecdsa-P-256,verify,424,345648,18659
ecdsa-P-256,verify,425,345592,18658
ecdsa-P-256,verify,426,345574,18655
ecdsa-P-256,verify,427,355703,19199
ecdsa-P-256,verify,428,346815,18722
ecdsa-P-256,verify,429,345759,18666
ecdsa-P-256,verify,430,345778,18668
ecdsa-P-256,verify,431,345703,18662
ecdsa-P-256,verify,432,345444,18649
ecdsa-P-256,verify,433,345500,18653
ecdsa-P-256,verify,434,345519,18652
ecdsa-P-256,verify,435,345722,18663
ecdsa-P-256,verify,436,345611,18659
ecdsa-P-256,verify,437,345611,18659
ecdsa-P-256,verify,438,345593,18658
ecdsa-P-256,verify,439,355296,19178
ecdsa-P-256,verify,440,346666,18713
ecdsa-P-256,verify,441,345556,18655
ecdsa-P-256,verify,442,345759,18665
ecdsa-P-256,verify,443,345703,18663
ecdsa-P-256,verify,444,345630,18658
ecdsa-P-256,verify,445,345593,18657
ecdsa-P-256,verify,446,345518,18654
ecdsa-P-256,verify,447,345759,18665
ecdsa-P-256,verify,448,345778,18668
ecdsa-P-256,verify,449,345686,18663
ecdsa-P-256,verify,450,355333,19179
ecdsa-P-256,verify,451,346592,18711
ecdsa-P-256,verify,452,345593,18657
ecdsa-P-256,verify,453,345685,18661
ecdsa-P-256,verify,454,345630,18658
ecdsa-P-256,verify,455,345648,18660
ecdsa-P-256,verify,456,345593,18657
ecdsa-P-256,verify,457,345574,18657
ecdsa-P-256,verify,458,345537,18654
ecdsa-P-256,verify,459,345556,18655
ecdsa-P-256,verify,460,345667,18661
ecdsa-P-256,verify,461,345685,18662
ecdsa-P-256,verify,462,355537,19191
ecdsa-P-256,verify,463,346537,18707
ecdsa-P-256,verify,464,345648,18659
ecdsa-P-256,verify,465,345482,18651
ecdsa-P-256,verify,466,345630,18659
ecdsa-P-256,verify,467,345741,18665
ecdsa-P-256,verify,468,345740,18665
ecdsa-P-256,verify,469,345556,18656
ecdsa-P-256,verify,470,345648,18660
ecdsa-P-256,verify,471,345537,18654
ecdsa-P-256,verify,472,345482,18652
ecdsa-P-256,verify,473,356019,19216
ecdsa-P-256,verify,474,346796,18721
ecdsa-P-256,verify,475,345778,18666
ecdsa-P-256,verify,476,345648,18660
ecdsa-P-256,verify,477,345722,18664
ecdsa-P-256,verify,478,345685,18662
ecdsa-P-256,verify,479,345648,18661
ecdsa-P-256,verify,480,345556,18654
ecdsa-P-256,verify,481,345666,18662
ecdsa-P-256,verify,482,345722,18664
ecdsa-P-256,verify,483,345834,18670
ecdsa-P-256,verify,484,345778,18667
ecdsa-P-256,verify,485,355612,19194
ecdsa-P-256,verify,486,346166,18688
ecdsa-P-256,verify,487,345611,18658
ecdsa-P-256,verify,488,345537,18653
ecdsa-P-256,verify,489,345740,18665
ecdsa-P-256,verify,490,345723,18664
ecdsa-P-256,verify,491,345740,18666
ecdsa-P-256,verify,492,345648,18660
ecdsa-P-256,verify,493,345555,18656
ecdsa-P-256,verify,494,345648,18660
ecdsa-P-256,verify,495,345703,18664
ecdsa-P-256,verify,496,355797,19205
ecdsa-P-256,verify,497,347074,18736
ecdsa-P-256,verify,498,345740,18665
ecdsa-P-256,verify,499,345481,18652
ecdsa-P-256,verify,500,345592,18657
ecdsa-P-256,verify,501,345778,18667
ecdsa-P-256,verify,502,345630,18659
ecdsa-P-256,verify,503,345555,18656
ecdsa-P-256,verify,504,345574,18656
ecdsa-P-256,verify,505,345537,18655
ecdsa-P-256,verify,506,345666,18660
ecdsa-P-256,verify,507,355778,19204
ecdsa-P-256,verify,508,346593,18710
ecdsa-P-256,verify,509,345722,18665
ecdsa-P-256,verify,510,345556,18654
ecdsa-P-256,verify,511,345574,18655
ecdsa-P-256,verify,512,345556,18655
ecdsa-P-256,verify,513,345741,18666
ecdsa-P-256,verify,514,345722,18664
ecdsa-P-256,verify,515,345778,18667
ecdsa-P-256,verify,516,345611,18658
ecdsa-P-256,verify,517,345425,18649
ecdsa-P-256,verify,518,345555,18655
ecdsa-P-256,verify,519,355333,19180
ecdsa-P-256,verify,520,346667,18714
ecdsa-P-256,verify,521,345852,18670
ecdsa-P-256,verify,522,345703,18663
ecdsa-P-256,verify,523,345537,18654
ecdsa-P-256,verify,524,345648,18660
ecdsa-P-256,verify,525,345593,18657
ecdsa-P-256,verify,526,345537,18655
ecdsa-P-256,verify,527,345778,18667
ecdsa-P-256,verify,528,345796,18669
ecdsa-P-256,verify,529,345574,18655
ecdsa-P-256,verify,530,355223,19173
ecdsa-P-256,verify,531,346629,18713
ecdsa-P-256,verify,532,345685,18663
ecdsa-P-256,verify,533,345426,18647
ecdsa-P-256,verify,534,345740,18664
ecdsa-P-256,verify,535,345593,18657
ecdsa-P-256,verify,536,349259,18855
ecdsa-P-256,verify,537,345796,18667
ecdsa-P-256,verify,538,345482,18651
ecdsa-P-256,verify,539,345574,18657
ecdsa-P-256,verify,540,345759,18667
ecdsa-P-256,verify,541,345667,18660
ecdsa-P-256,verify,542,356222,19228
ecdsa-P-256,verify,543,346667,18715
ecdsa-P-256,verify,544,345759,18666
ecdsa-P-256,verify,545,345704,18664
ecdsa-P-256,verify,546,345593,18657
ecdsa-P-256,verify,547,345666,18660
ecdsa-P-256,verify,548,345574,18656
ecdsa-P-256,verify,549,345574,18655
ecdsa-P-256,verify,550,345740,18665
ecdsa-P-256,verify,551,345722,18665
ecdsa-P-256,verify,552,345723,18664
ecdsa-P-256,verify,553,355241,19174
ecdsa-P-256,verify,554,346574,18709
ecdsa-P-256,verify,555,345704,18663
ecdsa-P-256,verify,556,345425,18648
ecdsa-P-256,verify,557,345778,18668
ecdsa-P-256,verify,558,345741,18666
ecdsa-P-256,verify,559,345704,18662
ecdsa-P-256,verify,560,345593,18657
ecdsa-P-256,verify,561,345704,18663
ecdsa-P-256,verify,562,345685,18662
ecdsa-P-256,verify,563,345722,18665
ecdsa-P-256,verify,564,355074,19165
ecdsa-P-256,verify,565,346760,18719
ecdsa-P-256,verify,566,345648,18660
ecdsa-P-256,verify,567,345648,18660
ecdsa-P-256,verify,568,345611,18659
ecdsa-P-256,verify,569,345611,18657
ecdsa-P-256,verify,570,345796,18669
ecdsa-P-256,verify,571,345834,18669
ecdsa-P-256,verify,572,345759,18667
ecdsa-P-256,verify,573,345630,18658
ecdsa-P-256,verify,574,345556,18656
ecdsa-P-256,verify,575,345537,18653
ecdsa-P-256,verify,576,356278,19230
ecdsa-P-256,verify,577,346722,18717
ecdsa-P-256,verify,578,345685,18663
ecdsa-P-256,verify,579,345611,18658
ecdsa-P-256,verify,580,345666,18661
ecdsa-P-256,verify,581,345815,18669
ecdsa-P-256,verify,582,345834,18669
ecdsa-P-256,verify,583,345500,18653
ecdsa-P-256,verify,584,345630,18659
ecdsa-P-256,verify,585,345574,18656
ecdsa-P-256,verify,586,345667,18662
ecdsa-P-256,verify,587,355537,19190
ecdsa-P-256,verify,588,346722,18717
ecdsa-P-256,verify,589,345797,18667
ecdsa-P-256,verify,590,345852,18670
ecdsa-P-256,verify,591,345667,18660
ecdsa-P-256,verify,592,345667,18661
ecdsa-P-256,verify,593,345648,18660
ecdsa-P-256,verify,594,345685,18663
ecdsa-P-256,verify,595,345815,18669
ecdsa-P-256,verify,596,345796,18668
ecdsa-P-256,verify,597,345722,18664
ecdsa-P-256,verify,598,345667,18662
ecdsa-P-256,verify,599,355333,19180
ecdsa-P-256,verify,600,346611,18712
ecdsa-P-256,verify,601,345648,18659
ecdsa-P-256,verify,602,345500,18653
ecdsa-P-256,verify,603,345537,18654
ecdsa-P-256,verify,604,345760,18665
ecdsa-P-256,verify,605,345630,18659
ecdsa-P-256,verify,606,345593,18656
ecdsa-P-256,verify,607,345556,18656
ecdsa-P-256,verify,608,345741,18664
ecdsa-P-256,verify,609,345871,18672
ecdsa-P-256,verify,610,355518,19189
ecdsa-P-256,verify,611,346722,18717
ecdsa-P-256,verify,612,345833,18669
ecdsa-P-256,verify,613,345852,18670
ecdsa-P-256,verify,614,345574,18656
ecdsa-P-256,verify,615,345611,18657
ecdsa-P-256,verify,616,345629,18658
ecdsa-P-256,verify,617,345630,18660
ecdsa-P-256,verify,618,345778,18667
ecdsa-P-256,verify,619,345815,18670
ecdsa-P-256,verify,620,345741,18664
ecdsa-P-256,verify,621,345722,18665
ecdsa-P-256,verify,622,355463,19187
ecdsa-P-256,verify,623,346259,18693
ecdsa-P-256,verify,624,345685,18661
ecdsa-P-256,verify,625,345685,18661
ecdsa-P-256,verify,626,345777,18667
ecdsa-P-256,verify,627,345778,18668
ecdsa-P-256,verify,628,345777,18667
ecdsa-P-256,verify,629,345518,18654
ecdsa-P-256,verify,630,345611,18658
ecdsa-P-256,verify,631,345574,18655
ecdsa-P-256,verify,632,345797,18668
ecdsa-P-256,verify,633,355148,19170
ecdsa-P-256,verify,634,346685,18714
ecdsa-P-256,verify,635,345611,18659
ecdsa-P-256,verify,636,345500,18652
ecdsa-P-256,verify,637,345574,18657
ecdsa-P-256,verify,638,345740,18665
ecdsa-P-256,verify,639,345666,18662
ecdsa-P-256,verify,640,345852,18671
ecdsa-P-256,verify,641,345630,18659
ecdsa-P-256,verify,642,345463,18650
ecdsa-P-256,verify,643,345444,18649
ecdsa-P-256,verify,644,355167,19171
ecdsa-P-256,verify,645,346777,18721
ecdsa-P-256,verify,646,345759,18667
ecdsa-P-256,verify,647,345611,18659
ecdsa-P-256,verify,648,345593,18658
ecdsa-P-256,verify,649,345629,18660
ecdsa-P-256,verify,650,348093,18792
ecdsa-P-256,verify,651,345852,18670
ecdsa-P-256,verify,652,345630,18658
ecdsa-P-256,verify,653,345556,18655
ecdsa-P-256,verify,654,345611,18659
ecdsa-P-256,verify,655,345574,18657
ecdsa-P-256,verify,656,355666,19198
ecdsa-P-256,verify,657,346611,18712
ecdsa-P-256,verify,658,345630,18658
ecdsa-P-256,verify,659,345666,18662
ecdsa-P-256,verify,660,345760,18667
ecdsa-P-256,verify,661,345611,18659
ecdsa-P-256,verify,662,345407,18648
ecdsa-P-256,verify,663,345649,18660
ecdsa-P-256,verify,664,345649,18660
ecdsa-P-256,verify,665,345741,18665
ecdsa-P-256,verify,666,345815,18669
ecdsa-P-256,verify,667,360908,19482
ecdsa-P-256,verify,668,347037,18734
ecdsa-P-256,verify,669,345741,18665
ecdsa-P-256,verify,670,345667,18661
ecdsa-P-256,verify,671,345518,18653
ecdsa-P-256,verify,672,345537,18655
ecdsa-P-256,verify,673,345778,18666
ecdsa-P-256,verify,674,345685,18662
ecdsa-P-256,verify,675,345778,18667
ecdsa-P-256,verify,676,345852,18672
ecdsa-P-256,verify,677,345593,18657
ecdsa-P-256,verify,678,345574,18656
ecdsa-P-256,verify,679,356685,19253
ecdsa-P-256,verify,680,346500,18704
ecdsa-P-256,verify,681,345722,18663
ecdsa-P-256,verify,682,345685,18662
ecdsa-P-256,verify,683,345537,18655
ecdsa-P-256,verify,684,345796,18667
ecdsa-P-256,verify,685,345815,18668
ecdsa-P-256,verify,686,345741,18666
ecdsa-P-256,verify,687,345796,18668
ecdsa-P-256,verify,688,345537,18654
ecdsa-P-256,verify,689,345555,18656
ecdsa-P-256,verify,690,355352,19181
ecdsa-P-256,verify,691,346592,18711
ecdsa-P-256,verify,692,345704,18661
ecdsa-P-256,verify,693,345649,18660
ecdsa-P-256,verify,694,345796,18668
ecdsa-P-256,verify,695,345537,18655
ecdsa-P-256,verify,696,345611,18657
ecdsa-P-256,verify,697,345500,18653
ecdsa-P-256,verify,698,345519,18653
ecdsa-P-256,verify,699,345629,18659
ecdsa-P-256,verify,700,345778,18667
ecdsa-P-256,verify,701,345611,18658
ecdsa-P-256,verify,702,355556,19192
ecdsa-P-256,verify,703,346240,18692
ecdsa-P-256,verify,704,345630,18659
ecdsa-P-256,verify,705,345611,18658
ecdsa-P-256,verify,706,345686,18663
ecdsa-P-256,verify,707,345722,18664
ecdsa-P-256,verify,708,345630,18659
ecdsa-P-256,verify,709,345630,18659
ecdsa-P-256,verify,710,345704,18664
ecdsa-P-256,verify,711,345667,18661
ecdsa-P-256,verify,712,345796,18668
ecdsa-P-256,verify,713,355315,19179
ecdsa-P-256,verify,714,346685,18715
ecdsa-P-256,verify,715,345611,18658
ecdsa-P-256,verify,716,345482,18651
ecdsa-P-256,verify,717,345426,18648
ecdsa-P-256,verify,718,345704,18662
ecdsa-P-256,verify,719,345667,18661
ecdsa-P-256,verify,720,345740,18666
ecdsa-P-256,verify,721,345556,18656
ecdsa-P-256,verify,722,345685,18661
ecdsa-P-256,verify,723,345648,18660
ecdsa-P-256,verify,724,355222,19174
ecdsa-P-256,verify,725,346796,18721
ecdsa-P-256,verify,726,345704,18664
ecdsa-P-256,verify,727,345833,18670
ecdsa-P-256,verify,728,345797,18667
ecdsa-P-256,verify,729,345648,18661
ecdsa-P-256,verify,730,345593,18657
ecdsa-P-256,verify,731,345574,18655
ecdsa-P-256,verify,732,345611,18658
ecdsa-P-256,verify,733,345704,18664
ecdsa-P-256,verify,734,345704,18663
ecdsa-P-256,verify,735,345555,18656
ecdsa-P-256,verify,736,355259,19175
ecdsa-P-256,verify,737,346722,18718
ecdsa-P-256,verify,738,345537,18654
ecdsa-P-256,verify,739,345593,18656
ecdsa-P-256,verify,740,345722,18663
ecdsa-P-256,verify,741,345815,18668
ecdsa-P-256,verify,742,345648,18660
ecdsa-P-256,verify,743,345482,18651
ecdsa-P-256,verify,744,345426,18649
ecdsa-P-256,verify,745,345555,18656
ecdsa-P-256,verify,746,345833,18671
ecdsa-P-256,verify,747,355352,19180
ecdsa-P-256,verify,748,346593,18710
ecdsa-P-256,verify,749,345685,18662
ecdsa-P-256,verify,750,345500,18652
ecdsa-P-256,verify,751,345555,18655
ecdsa-P-256,verify,752,345648,18660
ecdsa-P-256,verify,753,345796,18668
ecdsa-P-256,verify,754,345648,18659
ecdsa-P-256,verify,755,345593,18657
ecdsa-P-256,verify,756,345537,18654
ecdsa-P-256,verify,757,345593,18656
ecdsa-P-256,verify,758,345833,18670
ecdsa-P-256,verify,759,355352,19180
ecdsa-P-256,verify,760,346500,18706
ecdsa-P-256,verify,761,345611,18657
ecdsa-P-256,verify,762,345611,18657
ecdsa-P-256,verify,763,345537,18654
ecdsa-P-256,verify,764,348944,18837
ecdsa-P-256,verify,765,345685,18663
ecdsa-P-256,verify,766,345685,18662
ecdsa-P-256,verify,767,345740,18666
ecdsa-P-256,verify,768,345592,18658
ecdsa-P-256,verify,769,345537,18654
ecdsa-P-256,verify,770,355741,19201
ecdsa-P-256,verify,771,346759,18719
ecdsa-P-256,verify,772,345667,18661
ecdsa-P-256,verify,773,345592,18656
ecdsa-P-256,verify,774,345667,18659
ecdsa-P-256,verify,775,345796,18669
ecdsa-P-256,verify,776,345815,18670
ecdsa-P-256,verify,777,345685,18661
ecdsa-P-256,verify,778,345630,18660
ecdsa-P-256,verify,779,345648,18661
ecdsa-P-256,verify,780,345574,18656
ecdsa-P-256,verify,781,355241,19174
ecdsa-P-256,verify,782,346500,18706
ecdsa-P-256,verify,783,345703,18662
ecdsa-P-256,verify,784,345611,18658
ecdsa-P-256,verify,785,345518,18652
ecdsa-P-256,verify,786,345555,18656
ecdsa-P-256,verify,787,345815,18668
ecdsa-P-256,verify,788,345760,18667
ecdsa-P-256,verify,789,345648,18659
ecdsa-P-256,verify,790,345555,18655
ecdsa-P-256,verify,791,345574,18657
ecdsa-P-256,verify,792,345538,18653
ecdsa-P-256,verify,793,355333,19179
ecdsa-P-256,verify,794,346537,18706
ecdsa-P-256,verify,795,345611,18658
ecdsa-P-256,verify,796,345593,18657
ecdsa-P-256,verify,797,345444,18649
ecdsa-P-256,verify,798,345574,18656
ecdsa-P-256,verify,799,345796,18668
ecdsa-P-256,verify,800,345630,18659
ecdsa-P-256,verify,801,345574,18657
ecdsa-P-256,verify,802,345463,18651
ecdsa-P-256,verify,803,345611,18658
ecdsa-P-256,verify,804,355370,19181
ecdsa-P-256,verify,805,346612,18712
ecdsa-P-256,verify,806,345888,18672
ecdsa-P-256,verify,807,345612,18658
ecdsa-P-256,verify,808,345667,18660
ecdsa-P-256,verify,809,345445,18648
ecdsa-P-256,verify,810,345593,18658
ecdsa-P-256,verify,811,345629,18660
ecdsa-P-256,verify,812,345814,18670
ecdsa-P-256,verify,813,345741,18665
ecdsa-P-256,verify,814,345407,18648
ecdsa-P-256,verify,815,345685,18662
ecdsa-P-256,verify,816,355537,19189
ecdsa-P-256,verify,817,346408,18700
ecdsa-P-256,verify,818,345796,18667
ecdsa-P-256,verify,819,345815,18669
ecdsa-P-256,verify,820,345593,18657
ecdsa-P-256,verify,821,345611,18658
ecdsa-P-256,verify,822,345648,18660
ecdsa-P-256,verify,823,345593,18658
ecdsa-P-256,verify,824,345592,18657
ecdsa-P-256,verify,825,345704,18663
ecdsa-P-256,verify,826,345741,18665
ecdsa-P-256,verify,827,355278,19176
ecdsa-P-256,verify,828,346500,18706
ecdsa-P-256,verify,829,345630,18659
ecdsa-P-256,verify,830,345537,18655
ecdsa-P-256,verify,831,345722,18664
ecdsa-P-256,verify,832,345741,18665
ecdsa-P-256,verify,833,345796,18669
ecdsa-P-256,verify,834,345574,18656
ecdsa-P-256,verify,835,345629,18658
ecdsa-P-256,verify,836,345500,18652
ecdsa-P-256,verify,837,345611,18657
ecdsa-P-256,verify,838,345704,18663
ecdsa-P-256,verify,839,355741,19201
ecdsa-P-256,verify,840,346111,18685
ecdsa-P-256,verify,841,345648,18659
ecdsa-P-256,verify,842,345500,18653
ecdsa-P-256,verify,843,345556,18656
ecdsa-P-256,verify,844,345666,18662
ecdsa-P-256,verify,845,345833,18669
ecdsa-P-256,verify,846,345611,18658
ecdsa-P-256,verify,847,345648,18659
ecdsa-P-256,verify,848,345500,18652
ecdsa-P-256,verify,849,345834,18670
ecdsa-P-256,verify,850,355314,19178
ecdsa-P-256,verify,851,346741,18718
ecdsa-P-256,verify,852,345852,18670
ecdsa-P-256,verify,853,345555,18656
ecdsa-P-256,verify,854,345704,18662
ecdsa-P-256,verify,855,345537,18655
ecdsa-P-256,verify,856,345575,18656
ecdsa-P-256,verify,857,345796,18669
ecdsa-P-256,verify,858,345815,18669
ecdsa-P-256,verify,859,345759,18667
ecdsa-P-256,verify,860,345592,18657
ecdsa-P-256,verify,861,355555,19191
ecdsa-P-256,verify,862,346537,18706
ecdsa-P-256,verify,863,345722,18665
ecdsa-P-256,verify,864,345500,18652
ecdsa-P-256,verify,865,345777,18667
ecdsa-P-256,verify,866,345815,18670
ecdsa-P-256,verify,867,345796,18668
ecdsa-P-256,verify,868,345667,18661
ecdsa-P-256,verify,869,345537,18655
ecdsa-P-256,verify,870,352741,19042
ecdsa-P-256,verify,871,346538,18707
ecdsa-P-256,verify,872,345555,18655
ecdsa-P-256,verify,873,355185,19172
ecdsa-P-256,verify,874,346685,18716
ecdsa-P-256,verify,875,345833,18670
ecdsa-P-256,verify,876,345778,18667
ecdsa-P-256,verify,877,345629,18659
ecdsa-P-256,verify,878,348278,18801
ecdsa-P-256,verify,879,345648,18658
ecdsa-P-256,verify,880,345704,18663
ecdsa-P-256,verify,881,345759,18665
ecdsa-P-256,verify,882,345741,18664
ecdsa-P-256,verify,883,345777,18668
ecdsa-P-256,verify,884,355778,19203
ecdsa-P-256,verify,885,346759,18720
ecdsa-P-256,verify,886,345500,18653
ecdsa-P-256,verify,887,345444,18648
ecdsa-P-256,verify,888,345592,18657
ecdsa-P-256,verify,889,345759,18667
ecdsa-P-256,verify,890,345704,18663
ecdsa-P-256,verify,891,345870,18671
ecdsa-P-256,verify,892,345649,18661
ecdsa-P-256,verify,893,345575,18656
ecdsa-P-256,verify,894,345612,18658
ecdsa-P-256,verify,895,345703,18663
ecdsa-P-256,verify,896,355777,19203
ecdsa-P-256,verify,897,346296,18696
ecdsa-P-256,verify,898,345852,18670
ecdsa-P-256,verify,899,345870,18672
ecdsa-P-256,verify,900,345889,18673
ecdsa-P-256,verify,901,345685,18662
ecdsa-P-256,verify,902,345667,18662
ecdsa-P-256,verify,903,345574,18657
ecdsa-P-256,verify,904,345574,18655
ecdsa-P-256,verify,905,345611,18658
ecdsa-P-256,verify,906,345760,18667
ecdsa-P-256,verify,907,355519,19190
ecdsa-P-256,verify,908,346704,18716
ecdsa-P-256,verify,909,345944,18675
ecdsa-P-256,verify,910,467407,25230
ecdsa-P-256,verify,911,354852,19157
ecdsa-P-256,verify,912,346648,18715
ecdsa-P-256,verify,913,346148,18687
ecdsa-P-256,verify,914,345851,18672
ecdsa-P-256,verify,915,346018,18681
ecdsa-P-256,verify,916,345889,18672
ecdsa-P-256,verify,917,345945,18677
ecdsa-P-256,verify,918,358203,19335
ecdsa-P-256,verify,919,346889,18727
ecdsa-P-256,verify,920,345777,18668
ecdsa-P-256,verify,921,345908,18673
ecdsa-P-256,verify,922,345852,18671
ecdsa-P-256,verify,923,345815,18669
ecdsa-P-256,verify,924,345704,18664
ecdsa-P-256,verify,925,345667,18662
ecdsa-P-256,verify,926,345666,18661
ecdsa-P-256,verify,927,345704,18664
ecdsa-P-256,verify,928,345685,18662
ecdsa-P-256,verify,929,355500,19189
ecdsa-P-256,verify,930,346926,18728
ecdsa-P-256,verify,931,345870,18672
ecdsa-P-256,verify,932,345574,18656
ecdsa-P-256,verify,933,345815,18670
ecdsa-P-256,verify,934,345685,18663
ecdsa-P-256,verify,935,345686,18661
ecdsa-P-256,verify,936,345667,18661
ecdsa-P-256,verify,937,345630,18660
ecdsa-P-256,verify,938,345741,18666
ecdsa-P-256,verify,939,345778,18668
ecdsa-P-256,verify,940,345797,18669
ecdsa-P-256,verify,941,355592,19194
ecdsa-P-256,verify,942,346778,18721
ecdsa-P-256,verify,943,345685,18663
ecdsa-P-256,verify,944,345648,18660
ecdsa-P-256,verify,945,345611,18658
ecdsa-P-256,verify,946,345704,18664
ecdsa-P-256,verify,947,345870,18672
ecdsa-P-256,verify,948,345797,18667
ecdsa-P-256,verify,949,345907,18675
ecdsa-P-256,verify,950,345815,18670
ecdsa-P-256,verify,951,345703,18664
ecdsa-P-256,verify,952,355463,19185
ecdsa-P-256,verify,953,346852,18724
ecdsa-P-256,verify,954,345741,18665
ecdsa-P-256,verify,955,345685,18661
ecdsa-P-256,verify,956,345760,18665
ecdsa-P-256,verify,957,345741,18665
ecdsa-P-256,verify,958,345778,18668
ecdsa-P-256,verify,959,345833,18671
ecdsa-P-256,verify,960,345870,18673
ecdsa-P-256,verify,961,345722,18665
ecdsa-P-256,verify,962,345685,18662
ecdsa-P-256,verify,963,345648,18660
ecdsa-P-256,verify,964,355629,19195
ecdsa-P-256,verify,965,346612,18711
ecdsa-P-256,verify,966,345796,18668
ecdsa-P-256,verify,967,345722,18665
ecdsa-P-256,verify,968,345870,18672
ecdsa-P-256,verify,969,345760,18667
ecdsa-P-256,verify,970,345703,18664
ecdsa-P-256,verify,971,345648,18661
ecdsa-P-256,verify,972,345574,18655
ecdsa-P-256,verify,973,345740,18666
ecdsa-P-256,verify,974,345815,18669
ecdsa-P-256,verify,975,355481,19188
ecdsa-P-256,verify,976,346815,18722
ecdsa-P-256,verify,977,345796,18668
ecdsa-P-256,verify,978,345889,18673
ecdsa-P-256,verify,979,345889,18673
ecdsa-P-256,verify,980,345926,18675
ecdsa-P-256,verify,981,345759,18666
ecdsa-P-256,verify,982,345593,18658
ecdsa-P-256,verify,983,345703,18663
ecdsa-P-256,verify,984,345649,18660
ecdsa-P-256,verify,985,345833,18670
ecdsa-P-256,verify,986,345889,18673
ecdsa-P-256,verify,987,355777,19203
ecdsa-P-256,verify,988,346537,18706
ecdsa-P-256,verify,989,345834,18669
ecdsa-P-256,verify,990,345778,18666
ecdsa-P-256,verify,991,345704,18664
ecdsa-P-256,verify,992,348537,18815
ecdsa-P-256,verify,993,345796,18668
ecdsa-P-256,verify,994,345704,18664
ecdsa-P-256,verify,995,345815,18668
ecdsa-P-256,verify,996,345797,18669
ecdsa-P-256,verify,997,345926,18675
ecdsa-P-256,verify,998,356092,19220
ecdsa-P-256,verify,999,346870,18724
