algo,op,iter,wall_ns,cycles
ecdsa-P-384,keygen,0,4022908,217227
ecdsa-P-384,keygen,1,4013944,216744
ecdsa-P-384,keygen,2,4012574,216672
ecdsa-P-384,keygen,3,4008685,216462
ecdsa-P-384,keygen,4,4010981,216586
ecdsa-P-384,keygen,5,4008574,216455
ecdsa-P-384,keygen,6,4015704,216841
ecdsa-P-384,keygen,7,4013445,216718
ecdsa-P-384,keygen,8,4010945,216583
ecdsa-P-384,keygen,9,4079685,220294
ecdsa-P-384,keygen,10,4013259,216707
ecdsa-P-384,keygen,11,4009519,216506
ecdsa-P-384,keygen,12,4011222,216598
ecdsa-P-384,keygen,13,4012537,216670
ecdsa-P-384,keygen,14,4007074,216375
ecdsa-P-384,keygen,15,4011538,216615
ecdsa-P-384,keygen,16,4010963,216584
ecdsa-P-384,keygen,17,4009130,216486
ecdsa-P-384,keygen,18,4007204,216382
ecdsa-P-384,keygen,19,4012092,216645
ecdsa-P-384,keygen,20,4014389,216769
ecdsa-P-384,keygen,21,4010574,216563
ecdsa-P-384,keygen,22,4013389,216715
ecdsa-P-384,keygen,23,4012407,216662
ecdsa-P-384,keygen,24,4010000,216532
ecdsa-P-384,keygen,25,4010185,216542
ecdsa-P-384,keygen,26,4009777,216520
ecdsa-P-384,keygen,27,4009685,216516
ecdsa-P-384,keygen,28,4011759,216627
ecdsa-P-384,keygen,29,4010482,216557
ecdsa-P-384,keygen,30,4011148,216595
ecdsa-P-384,keygen,31,4009556,216508
ecdsa-P-384,keygen,32,4008833,216469
ecdsa-P-384,keygen,33,4011722,216626
ecdsa-P-384,keygen,34,4008889,216473
ecdsa-P-384,keygen,35,4012278,216655
ecdsa-P-384,keygen,36,4009555,216509
ecdsa-P-384,keygen,37,4014074,216753
ecdsa-P-384,keygen,38,4011055,216588
ecdsa-P-384,keygen,39,4011612,216620
ecdsa-P-384,keygen,40,4009630,216513
ecdsa-P-384,keygen,41,4012981,216693
ecdsa-P-384,keygen,42,4011519,216614
ecdsa-P-384,keygen,43,4015260,216817
ecdsa-P-384,keygen,44,4011092,216591
ecdsa-P-384,keygen,45,4010760,216574
ecdsa-P-384,keygen,46,4011130,216594
ecdsa-P-384,keygen,47,4008166,216433
ecdsa-P-384,keygen,48,4010129,216539
ecdsa-P-384,keygen,49,4012129,216648
ecdsa-P-384,keygen,50,4011148,216594
ecdsa-P-384,keygen,51,4007834,216415
ecdsa-P-384,keygen,52,4009166,216487
ecdsa-P-384,keygen,53,4009741,216519
ecdsa-P-384,keygen,54,4009222,216490
ecdsa-P-384,keygen,55,4009555,216507
ecdsa-P-384,keygen,56,4045407,218445
ecdsa-P-384,keygen,57,4011037,216588
ecdsa-P-384,keygen,58,4010685,216570
ecdsa-P-384,keygen,59,4009074,216482
ecdsa-P-384,keygen,60,4010685,216569
ecdsa-P-384,keygen,61,4012093,216645
ecdsa-P-384,keygen,62,4011908,216636
ecdsa-P-384,keygen,63,4009797,216522
ecdsa-P-384,keygen,64,4010926,216582
ecdsa-P-384,keygen,65,4010037,216535
ecdsa-P-384,keygen,66,4009704,216517
ecdsa-P-384,keygen,67,4010092,216537
ecdsa-P-384,keygen,68,4014777,216790
ecdsa-P-384,keygen,69,4008685,216461
ecdsa-P-384,keygen,70,4011204,216597
ecdsa-P-384,keygen,71,4010111,216539
ecdsa-P-384,keygen,72,4011556,216616
ecdsa-P-384,keygen,73,4011907,216636
ecdsa-P-384,keygen,74,4007759,216411
ecdsa-P-384,keygen,75,4009944,216529
ecdsa-P-384,keygen,76,4009426,216502
ecdsa-P-384,keygen,77,4010611,216564
ecdsa-P-384,keygen,78,4007870,216417
ecdsa-P-384,keygen,79,4012389,216662
ecdsa-P-384,keygen,80,4010185,216542
ecdsa-P-384,keygen,81,4011000,216586
ecdsa-P-384,keygen,82,4010000,216532
ecdsa-P-384,keygen,83,4008130,216431
ecdsa-P-384,keygen,84,4010092,216537
ecdsa-P-384,keygen,85,4008518,216452
ecdsa-P-384,keygen,86,4007741,216410
ecdsa-P-384,keygen,87,4009518,216506
ecdsa-P-384,keygen,88,4005185,216271
ecdsa-P-384,keygen,89,4006889,216365
ecdsa-P-384,keygen,90,4006611,216349
ecdsa-P-384,keygen,91,4009037,216481
ecdsa-P-384,keygen,92,4009389,216499
ecdsa-P-384,keygen,93,4010685,216570
ecdsa-P-384,keygen,94,4009593,216510
ecdsa-P-384,keygen,95,4008148,216433
ecdsa-P-384,keygen,96,4009426,216501
ecdsa-P-384,keygen,97,4008185,216435
ecdsa-P-384,keygen,98,4009241,216491
ecdsa-P-384,keygen,99,4013889,216742
ecdsa-P-384,keygen,100,4006222,216328
ecdsa-P-384,keygen,101,4010352,216551
ecdsa-P-384,keygen,102,4008704,216463
ecdsa-P-384,keygen,103,4008834,216468
ecdsa-P-384,keygen,104,4006648,216352
ecdsa-P-384,keygen,105,4012537,216668
ecdsa-P-384,keygen,106,4009777,216520
ecdsa-P-384,keygen,107,4006019,216317
ecdsa-P-384,keygen,108,4012482,216665
ecdsa-P-384,keygen,109,4009259,216491
ecdsa-P-384,keygen,110,4017778,216951
ecdsa-P-384,keygen,111,4010963,216584
ecdsa-P-384,keygen,112,4009296,216494
ecdsa-P-384,keygen,113,4008111,216431
ecdsa-P-384,keygen,114,4010481,216559
ecdsa-P-384,keygen,115,4014815,216792
ecdsa-P-384,keygen,116,4011908,216636
ecdsa-P-384,keygen,117,4008685,216462
ecdsa-P-384,keygen,118,4009907,216527
ecdsa-P-384,keygen,119,4012259,216655
ecdsa-P-384,keygen,120,4037371,218010
ecdsa-P-384,keygen,121,4008315,216442
ecdsa-P-384,keygen,122,4009019,216479
ecdsa-P-384,keygen,123,4008167,216433
ecdsa-P-384,keygen,124,4009945,216530
ecdsa-P-384,keygen,125,4011130,216592
ecdsa-P-384,keygen,126,4011389,216608
ecdsa-P-384,keygen,127,4009815,216522
ecdsa-P-384,keygen,128,4009797,216522
ecdsa-P-384,keygen,129,4010018,216532
ecdsa-P-384,keygen,130,4015556,216832
ecdsa-P-384,keygen,131,4003704,216193
ecdsa-P-384,keygen,132,4010815,216576
ecdsa-P-384,keygen,133,4009093,216483
ecdsa-P-384,keygen,134,4009833,216522
ecdsa-P-384,keygen,135,4007426,216394
ecdsa-P-384,keygen,136,4011722,216626
ecdsa-P-384,keygen,137,4008870,216471
ecdsa-P-384,keygen,138,4010148,216540
ecdsa-P-384,keygen,139,4010314,216550
ecdsa-P-384,keygen,140,4008630,216458
ecdsa-P-384,keygen,141,4010315,216550
ecdsa-P-384,keygen,142,4011277,216601
ecdsa-P-384,keygen,143,4010444,216557
ecdsa-P-384,keygen,144,4007908,216420
ecdsa-P-384,keygen,145,4008055,216427
ecdsa-P-384,keygen,146,4011611,216619
ecdsa-P-384,keygen,147,4010482,216558
ecdsa-P-384,keygen,148,4007945,216421
ecdsa-P-384,keygen,149,4007704,216408
ecdsa-P-384,keygen,150,4007370,216390
ecdsa-P-384,keygen,151,4012111,216646
ecdsa-P-384,keygen,152,4008426,216447
ecdsa-P-384,keygen,153,4011648,216622
ecdsa-P-384,keygen,154,4008388,216446
ecdsa-P-384,keygen,155,4014945,216798
ecdsa-P-384,keygen,156,4010908,216582
ecdsa-P-384,keygen,157,4008037,216426
ecdsa-P-384,keygen,158,4012037,216643
ecdsa-P-384,keygen,159,4010963,216584
ecdsa-P-384,keygen,160,4011814,216630
ecdsa-P-384,keygen,161,4018870,217011
ecdsa-P-384,keygen,162,4006297,216332
ecdsa-P-384,keygen,163,4008167,216433
ecdsa-P-384,keygen,164,4009723,216517
ecdsa-P-384,keygen,165,4007852,216415
ecdsa-P-384,keygen,166,4010203,216544
ecdsa-P-384,keygen,167,4009185,216489
ecdsa-P-384,keygen,168,4007371,216391
ecdsa-P-384,keygen,169,4011481,216613
ecdsa-P-384,keygen,170,4006703,216355
ecdsa-P-384,keygen,171,4005167,216272
ecdsa-P-384,keygen,172,4009130,216486
ecdsa-P-384,keygen,173,4010185,216543
ecdsa-P-384,keygen,174,4009741,216519
ecdsa-P-384,keygen,175,4010759,216575
ecdsa-P-384,keygen,176,4005944,216314
ecdsa-P-384,keygen,177,4011907,216636
ecdsa-P-384,keygen,178,4012389,216662
ecdsa-P-384,keygen,179,4018889,217012
ecdsa-P-384,keygen,180,4012945,216692
ecdsa-P-384,keygen,181,4009056,216482
ecdsa-P-384,keygen,182,4011703,216625
ecdsa-P-384,keygen,183,4006796,216359
ecdsa-P-384,keygen,184,4006223,216329
ecdsa-P-384,keygen,185,4009500,216506
ecdsa-P-384,keygen,186,4010056,216534
ecdsa-P-384,keygen,187,4009407,216501
ecdsa-P-384,keygen,188,4010334,216550
ecdsa-P-384,keygen,189,4007889,216418
ecdsa-P-384,keygen,190,4013833,216740
ecdsa-P-384,keygen,191,4021166,217134
ecdsa-P-384,keygen,192,4010019,216534
ecdsa-P-384,keygen,193,4009222,216490
ecdsa-P-384,keygen,194,4017037,216912
ecdsa-P-384,keygen,195,4010148,216540
ecdsa-P-384,keygen,196,4012593,216673
ecdsa-P-384,keygen,197,4006871,216363
ecdsa-P-384,keygen,198,4010797,216575
ecdsa-P-384,keygen,199,4006278,216331
ecdsa-P-384,keygen,200,4015222,216814
ecdsa-P-384,keygen,201,4009852,216525
ecdsa-P-384,keygen,202,4009703,216516
ecdsa-P-384,keygen,203,4010982,216585
ecdsa-P-384,keygen,204,4006592,216349
ecdsa-P-384,keygen,205,4009667,216515
ecdsa-P-384,keygen,206,4014982,216802
ecdsa-P-384,keygen,207,4158500,224552
ecdsa-P-384,keygen,208,4109241,221890
ecdsa-P-384,keygen,209,4545259,245436
ecdsa-P-384,keygen,210,4012870,216686
ecdsa-P-384,keygen,211,4010851,216579
ecdsa-P-384,keygen,212,4010722,216571
ecdsa-P-384,keygen,213,4008833,216468
ecdsa-P-384,keygen,214,4010277,216546
ecdsa-P-384,keygen,215,4010926,216582
ecdsa-P-384,keygen,216,4017315,216927
ecdsa-P-384,keygen,217,4099260,221351
ecdsa-P-384,keygen,218,4142241,223672
ecdsa-P-384,keygen,219,4593963,248065
ecdsa-P-384,keygen,220,4185648,226017
ecdsa-P-384,keygen,221,4013741,216734
ecdsa-P-384,keygen,222,4021611,217159
ecdsa-P-384,keygen,223,4016556,216885
ecdsa-P-384,keygen,224,4011593,216618
ecdsa-P-384,keygen,225,4014574,216779
ecdsa-P-384,keygen,226,4012667,216676
ecdsa-P-384,keygen,227,4013722,216732
ecdsa-P-384,keygen,228,4218778,227805
ecdsa-P-384,keygen,229,4171297,225241
ecdsa-P-384,keygen,230,4663981,251847
ecdsa-P-384,keygen,231,4291203,231715
ecdsa-P-384,keygen,232,4013537,216724
ecdsa-P-384,keygen,233,4016629,216892
ecdsa-P-384,keygen,234,4027704,217488
ecdsa-P-384,keygen,235,4011556,216616
ecdsa-P-384,keygen,236,4015667,216839
ecdsa-P-384,keygen,237,4013926,216744
ecdsa-P-384,keygen,238,4018407,216986
ecdsa-P-384,keygen,239,4014667,216784
ecdsa-P-384,keygen,240,4014167,216757
ecdsa-P-384,keygen,241,4015908,216850
ecdsa-P-384,keygen,242,4015074,216807
ecdsa-P-384,keygen,243,4017741,216950
ecdsa-P-384,keygen,244,4012111,216646
ecdsa-P-384,keygen,245,4009167,216486
ecdsa-P-384,keygen,246,4042852,218306
ecdsa-P-384,keygen,247,4016314,216873
ecdsa-P-384,keygen,248,4016870,216903
ecdsa-P-384,keygen,249,4013833,216738
ecdsa-P-384,keygen,250,4016444,216880
ecdsa-P-384,keygen,251,4011888,216633
ecdsa-P-384,keygen,252,4024556,217317
ecdsa-P-384,keygen,253,4016556,216886
ecdsa-P-384,keygen,254,4009963,216529
ecdsa-P-384,keygen,255,4013685,216731
ecdsa-P-384,keygen,256,4016408,216878
ecdsa-P-384,keygen,257,4009723,216516
ecdsa-P-384,keygen,258,4014407,216769
ecdsa-P-384,keygen,259,4017241,216924
ecdsa-P-384,keygen,260,4013389,216716
ecdsa-P-384,keygen,261,4014852,216794
ecdsa-P-384,keygen,262,4007537,216398
ecdsa-P-384,keygen,263,4008981,216477
ecdsa-P-384,keygen,264,4014556,216777
ecdsa-P-384,keygen,265,4016982,216909
ecdsa-P-384,keygen,266,4016500,216883
ecdsa-P-384,keygen,267,4015796,216846
ecdsa-P-384,keygen,268,4016723,216895
ecdsa-P-384,keygen,269,4017796,216952
ecdsa-P-384,keygen,270,4011963,216638
ecdsa-P-384,keygen,271,4007611,216403
ecdsa-P-384,keygen,272,4017463,216934
ecdsa-P-384,keygen,273,4009222,216489
ecdsa-P-384,keygen,274,4010314,216550
ecdsa-P-384,keygen,275,4014667,216785
ecdsa-P-384,keygen,276,4010723,216571
ecdsa-P-384,keygen,277,4011389,216606
ecdsa-P-384,keygen,278,4011037,216587
ecdsa-P-384,keygen,279,4014815,216792
ecdsa-P-384,keygen,280,4011926,216636
ecdsa-P-384,keygen,281,4014130,216755
ecdsa-P-384,keygen,282,4013426,216717
ecdsa-P-384,keygen,283,4020204,217083
ecdsa-P-384,keygen,284,4013370,216714
ecdsa-P-384,keygen,285,4008685,216461
ecdsa-P-384,keygen,286,4011185,216596
ecdsa-P-384,keygen,287,4015426,216825
ecdsa-P-384,keygen,288,4015778,216843
ecdsa-P-384,keygen,289,4011037,216587
ecdsa-P-384,keygen,290,4008408,216446
ecdsa-P-384,keygen,291,4016740,216895
ecdsa-P-384,keygen,292,4017203,216920
ecdsa-P-384,keygen,293,4014371,216767
ecdsa-P-384,keygen,294,4014815,216792
ecdsa-P-384,keygen,295,4013092,216700
ecdsa-P-384,keygen,296,4016037,216858
ecdsa-P-384,keygen,297,4014203,216758
ecdsa-P-384,keygen,298,4017703,216947
ecdsa-P-384,keygen,299,4013500,216720
ecdsa-P-384,keygen,300,4012908,216689
ecdsa-P-384,keygen,301,4013370,216713
ecdsa-P-384,keygen,302,4043407,218337
ecdsa-P-384,keygen,303,4014834,216792
ecdsa-P-384,keygen,304,4013686,216730
ecdsa-P-384,keygen,305,4010333,216549
ecdsa-P-384,keygen,306,4019870,217065
ecdsa-P-384,keygen,307,4011815,216629
ecdsa-P-384,keygen,308,4010574,216564
ecdsa-P-384,keygen,309,4015981,216855
ecdsa-P-384,keygen,310,4009852,216524
ecdsa-P-384,keygen,311,4012204,216650
ecdsa-P-384,keygen,312,4014722,216787
ecdsa-P-384,keygen,313,4017130,216916
ecdsa-P-384,keygen,314,4021408,217147
ecdsa-P-384,keygen,315,4014648,216782
ecdsa-P-384,keygen,316,4012704,216678
ecdsa-P-384,keygen,317,4014185,216757
ecdsa-P-384,keygen,318,4013667,216729
ecdsa-P-384,keygen,319,4010315,216549
ecdsa-P-384,keygen,320,4014519,216775
ecdsa-P-384,keygen,321,4011704,216625
ecdsa-P-384,keygen,322,4011778,216629
ecdsa-P-384,keygen,323,4015741,216841
ecdsa-P-384,keygen,324,4012852,216686
ecdsa-P-384,keygen,325,4013722,216733
ecdsa-P-384,keygen,326,4017315,216927
ecdsa-P-384,keygen,327,4014296,216764
ecdsa-P-384,keygen,328,4009500,216505
ecdsa-P-384,keygen,329,4009167,216486
ecdsa-P-384,keygen,330,4014778,216789
ecdsa-P-384,keygen,331,4013222,216706
ecdsa-P-384,keygen,332,4012945,216690
ecdsa-P-384,keygen,333,4011351,216604
ecdsa-P-384,keygen,334,4027666,217476
ecdsa-P-384,keygen,335,4047926,218581
ecdsa-P-384,keygen,336,4007352,216389
ecdsa-P-384,keygen,337,4011852,216632
ecdsa-P-384,keygen,338,4013722,216733
ecdsa-P-384,keygen,339,4010574,216563
ecdsa-P-384,keygen,340,4011592,216619
ecdsa-P-384,keygen,341,4007222,216382
ecdsa-P-384,keygen,342,4008926,216474
ecdsa-P-384,keygen,343,4005537,216291
ecdsa-P-384,keygen,344,4012815,216683
ecdsa-P-384,keygen,345,4015407,216823
ecdsa-P-384,keygen,346,4014129,216755
ecdsa-P-384,keygen,347,4010852,216577
ecdsa-P-384,keygen,348,4009889,216526
ecdsa-P-384,keygen,349,4013722,216733
ecdsa-P-384,keygen,350,4016630,216889
ecdsa-P-384,keygen,351,4012852,216686
ecdsa-P-384,keygen,352,4010000,216532
ecdsa-P-384,keygen,353,4013833,216739
ecdsa-P-384,keygen,354,4011167,216594
ecdsa-P-384,keygen,355,4010241,216544
ecdsa-P-384,keygen,356,4008593,216455
ecdsa-P-384,keygen,357,4010574,216563
ecdsa-P-384,keygen,358,4011778,216627
ecdsa-P-384,keygen,359,4011482,216611
ecdsa-P-384,keygen,360,4009703,216515
ecdsa-P-384,keygen,361,4010296,216548
ecdsa-P-384,keygen,362,4008612,216456
ecdsa-P-384,keygen,363,4010092,216538
ecdsa-P-384,keygen,364,4010833,216576
ecdsa-P-384,keygen,365,4011888,216633
ecdsa-P-384,keygen,366,4008704,216462
ecdsa-P-384,keygen,367,4011334,216603
ecdsa-P-384,keygen,368,4009425,216502
ecdsa-P-384,keygen,369,4013056,216697
ecdsa-P-384,keygen,370,4009611,216510
ecdsa-P-384,keygen,371,4016629,216890
ecdsa-P-384,keygen,372,4010833,216576
ecdsa-P-384,keygen,373,4006500,216342
ecdsa-P-384,keygen,374,4042575,218291
ecdsa-P-384,keygen,375,4013852,216740
ecdsa-P-384,keygen,376,4015722,216841
ecdsa-P-384,keygen,377,4009296,216494
ecdsa-P-384,keygen,378,4016593,216888
ecdsa-P-384,keygen,379,4007371,216390
ecdsa-P-384,keygen,380,4011129,216593
ecdsa-P-384,keygen,381,4013370,216715
ecdsa-P-384,keygen,382,4010185,216542
ecdsa-P-384,keygen,383,4011278,216600
ecdsa-P-384,keygen,384,4013963,216746
ecdsa-P-384,keygen,385,4006815,216360
ecdsa-P-384,keygen,386,4012593,216672
ecdsa-P-384,keygen,387,4008130,216430
ecdsa-P-384,keygen,388,4007314,216386
ecdsa-P-384,keygen,389,4007333,216388
ecdsa-P-384,keygen,390,4007149,216378
ecdsa-P-384,keygen,391,4011963,216638
ecdsa-P-384,keygen,392,4010760,216573
ecdsa-P-384,keygen,393,4009148,216487
ecdsa-P-384,keygen,394,4009129,216485
ecdsa-P-384,keygen,395,4010240,216544
ecdsa-P-384,keygen,396,4011203,216596
ecdsa-P-384,keygen,397,4005981,216315
ecdsa-P-384,keygen,398,4011907,216635
ecdsa-P-384,keygen,399,4007796,216412
ecdsa-P-384,keygen,400,4010426,216554
ecdsa-P-384,keygen,401,4009389,216498
ecdsa-P-384,keygen,402,4010000,216533
ecdsa-P-384,keygen,403,4010056,216534
ecdsa-P-384,keygen,404,4012740,216680
ecdsa-P-384,keygen,405,4009556,216507
ecdsa-P-384,keygen,406,4011796,216628
ecdsa-P-384,keygen,407,4015056,216805
ecdsa-P-384,keygen,408,4008463,216450
ecdsa-P-384,keygen,409,4011889,216634
ecdsa-P-384,keygen,410,4010981,216584
ecdsa-P-384,keygen,411,4010778,216574
ecdsa-P-384,keygen,412,4012222,216651
ecdsa-P-384,keygen,413,4010297,216548
ecdsa-P-384,keygen,414,4007296,216386
ecdsa-P-384,keygen,415,4022926,217229
ecdsa-P-384,keygen,416,4010722,216570
ecdsa-P-384,keygen,417,4009685,216515
ecdsa-P-384,keygen,418,4007148,216378
ecdsa-P-384,keygen,419,4013722,216733
ecdsa-P-384,keygen,420,4012333,216659
ecdsa-P-384,keygen,421,4010685,216569
ecdsa-P-384,keygen,422,4012112,216645
ecdsa-P-384,keygen,423,4014926,216798
ecdsa-P-384,keygen,424,4012907,216688
ecdsa-P-384,keygen,425,4008945,216476
ecdsa-P-384,keygen,426,4005944,216312
ecdsa-P-384,keygen,427,4012260,216654
ecdsa-P-384,keygen,428,4010945,216583
ecdsa-P-384,keygen,429,4011297,216601
ecdsa-P-384,keygen,430,4010648,216567
ecdsa-P-384,keygen,431,4008056,216427
ecdsa-P-384,keygen,432,4010019,216533
ecdsa-P-384,keygen,433,4010482,216557
ecdsa-P-384,keygen,434,4018870,217010
ecdsa-P-384,keygen,435,4011574,216618
ecdsa-P-384,keygen,436,4008500,216452
ecdsa-P-384,keygen,437,4013129,216701
ecdsa-P-384,keygen,438,4014982,216801
ecdsa-P-384,keygen,439,4010574,216563
ecdsa-P-384,keygen,440,4009426,216501
ecdsa-P-384,keygen,441,4008352,216442
ecdsa-P-384,keygen,442,4013611,216726
ecdsa-P-384,keygen,443,4014611,216780
ecdsa-P-384,keygen,444,4011222,216597
ecdsa-P-384,keygen,445,4005741,216302
ecdsa-P-384,keygen,446,4008333,216442
ecdsa-P-384,keygen,447,4008092,216429
ecdsa-P-384,keygen,448,4008519,216452
ecdsa-P-384,keygen,449,4007797,216412
ecdsa-P-384,keygen,450,4005296,216278
ecdsa-P-384,keygen,451,4006574,216347
ecdsa-P-384,keygen,452,4010426,216554
ecdsa-P-384,keygen,453,4017055,216913
ecdsa-P-384,keygen,454,4008741,216464
ecdsa-P-384,keygen,455,4013630,216728
ecdsa-P-384,keygen,456,4010130,216540
ecdsa-P-384,keygen,457,4004944,216260
ecdsa-P-384,keygen,458,4015111,216809
ecdsa-P-384,keygen,459,4007592,216402
ecdsa-P-384,keygen,460,4013389,216715
ecdsa-P-384,keygen,461,4015203,216813
ecdsa-P-384,keygen,462,4008611,216457
ecdsa-P-384,keygen,463,4013833,216738
ecdsa-P-384,keygen,464,4017760,216951
ecdsa-P-384,keygen,465,4014148,216756
ecdsa-P-384,keygen,466,4016185,216866
ecdsa-P-384,keygen,467,4009296,216495
ecdsa-P-384,keygen,468,4013889,216742
ecdsa-P-384,keygen,469,4010593,216564
ecdsa-P-384,keygen,470,4017278,216925
ecdsa-P-384,keygen,471,4008444,216448
ecdsa-P-384,keygen,472,4015741,216842
ecdsa-P-384,keygen,473,4015741,216842
ecdsa-P-384,keygen,474,4013278,216710
ecdsa-P-384,keygen,475,4018519,216993
ecdsa-P-384,keygen,476,4017092,216914
ecdsa-P-384,keygen,477,4016759,216896
ecdsa-P-384,keygen,478,4012130,216647
ecdsa-P-384,keygen,479,4007778,216413
ecdsa-P-384,keygen,480,4009481,216504
ecdsa-P-384,keygen,481,4015593,216834
ecdsa-P-384,keygen,482,4007796,216413
ecdsa-P-384,keygen,483,4016129,216863
ecdsa-P-384,keygen,484,4014556,216778
ecdsa-P-384,keygen,485,4082167,220429
ecdsa-P-384,keygen,486,4031630,217699
ecdsa-P-384,keygen,487,4015445,216826
ecdsa-P-384,keygen,488,4005167,216271
ecdsa-P-384,keygen,489,4012722,216679
ecdsa-P-384,keygen,490,4007722,216409
ecdsa-P-384,keygen,491,4012833,216685
ecdsa-P-384,keygen,492,4014574,216778
ecdsa-P-384,keygen,493,4149444,224061
ecdsa-P-384,keygen,494,4039426,218120
ecdsa-P-384,keygen,495,4593240,248027
ecdsa-P-384,keygen,496,4020129,217078
ecdsa-P-384,keygen,497,4010130,216539
ecdsa-P-384,keygen,498,4012315,216657
ecdsa-P-384,keygen,499,4013667,216730
ecdsa-P-384,keygen,500,4009056,216480
ecdsa-P-384,keygen,501,4038204,218055
ecdsa-P-384,keygen,502,4020518,217099
ecdsa-P-384,keygen,503,4009426,216501
ecdsa-P-384,keygen,504,4208796,227267
ecdsa-P-384,keygen,505,4513574,243724
ecdsa-P-384,keygen,506,4275463,230866
ecdsa-P-384,keygen,507,4012611,216672
ecdsa-P-384,keygen,508,4013130,216701
ecdsa-P-384,keygen,509,4011130,216592
ecdsa-P-384,keygen,510,4007056,216373
ecdsa-P-384,keygen,511,4009907,216527
ecdsa-P-384,keygen,512,4010518,216560
ecdsa-P-384,keygen,513,4013648,216728
ecdsa-P-384,keygen,514,4222778,228020
ecdsa-P-384,keygen,515,4163203,224803
ecdsa-P-384,keygen,516,4558482,246150
ecdsa-P-384,keygen,517,4333574,234005
ecdsa-P-384,keygen,518,4017371,216931
ecdsa-P-384,keygen,519,4010852,216577
ecdsa-P-384,keygen,520,4016760,216896
ecdsa-P-384,keygen,521,4015018,216803
ecdsa-P-384,keygen,522,4014370,216768
ecdsa-P-384,keygen,523,4012204,216651
ecdsa-P-384,keygen,524,4018056,216966
ecdsa-P-384,keygen,525,4015370,216822
ecdsa-P-384,keygen,526,4015482,216827
ecdsa-P-384,keygen,527,4014204,216759
ecdsa-P-384,keygen,528,4010722,216571
ecdsa-P-384,keygen,529,4016204,216866
ecdsa-P-384,keygen,530,4012240,216654
ecdsa-P-384,keygen,531,4014630,216783
ecdsa-P-384,keygen,532,4012889,216687
ecdsa-P-384,keygen,533,4016944,216907
ecdsa-P-384,keygen,534,4015796,216844
ecdsa-P-384,keygen,535,4015723,216841
ecdsa-P-384,keygen,536,4010704,216570
ecdsa-P-384,keygen,537,4016722,216894
ecdsa-P-384,keygen,538,4014963,216799
ecdsa-P-384,keygen,539,4014870,216796
ecdsa-P-384,keygen,540,4013315,216710
ecdsa-P-384,keygen,541,4015889,216850
ecdsa-P-384,keygen,542,4013778,216735
ecdsa-P-384,keygen,543,4013908,216743
ecdsa-P-384,keygen,544,4014482,216773
ecdsa-P-384,keygen,545,4014111,216753
ecdsa-P-384,keygen,546,4015685,216839
ecdsa-P-384,keygen,547,4012962,216691
ecdsa-P-384,keygen,548,4052519,218828
ecdsa-P-384,keygen,549,4022833,217225
ecdsa-P-384,keygen,550,4015130,216809
ecdsa-P-384,keygen,551,4011667,216622
ecdsa-P-384,keygen,552,4010055,216535
ecdsa-P-384,keygen,553,4016481,216882
ecdsa-P-384,keygen,554,4010112,216538
ecdsa-P-384,keygen,555,4006926,216367
ecdsa-P-384,keygen,556,4011963,216637
ecdsa-P-384,keygen,557,4017056,216913
ecdsa-P-384,keygen,558,4012593,216671
ecdsa-P-384,keygen,559,4014167,216756
ecdsa-P-384,keygen,560,4018722,217002
ecdsa-P-384,keygen,561,4015352,216820
ecdsa-P-384,keygen,562,4010556,216561
ecdsa-P-384,keygen,563,4012612,216673
ecdsa-P-384,keygen,564,4013426,216717
ecdsa-P-384,keygen,565,4009630,216513
ecdsa-P-384,keygen,566,4012482,216666
ecdsa-P-384,keygen,567,4006611,216348
ecdsa-P-384,keygen,568,4012908,216688
ecdsa-P-384,keygen,569,4011852,216633
ecdsa-P-384,keygen,570,4012389,216661
ecdsa-P-384,keygen,571,4013463,216719
ecdsa-P-384,keygen,572,4015722,216841
ecdsa-P-384,keygen,573,4011481,216612
ecdsa-P-384,keygen,574,4014685,216784
ecdsa-P-384,keygen,575,4015889,216850
ecdsa-P-384,keygen,576,4013148,216701
ecdsa-P-384,keygen,577,4013704,216731
ecdsa-P-384,keygen,578,4015482,216829
ecdsa-P-384,keygen,579,4015871,216849
ecdsa-P-384,keygen,580,4011555,216616
ecdsa-P-384,keygen,581,4013222,216706
ecdsa-P-384,keygen,582,4015686,216838
ecdsa-P-384,keygen,583,4008889,216472
ecdsa-P-384,keygen,584,4012648,216675
ecdsa-P-384,keygen,585,4011444,216610
ecdsa-P-384,keygen,586,4012444,216665
ecdsa-P-384,keygen,587,4013500,216721
ecdsa-P-384,keygen,588,4014315,216765
ecdsa-P-384,keygen,589,4009444,216502
ecdsa-P-384,keygen,590,4013222,216707
ecdsa-P-384,keygen,591,4015537,216830
ecdsa-P-384,keygen,592,4014333,216766
ecdsa-P-384,keygen,593,4009833,216522
ecdsa-P-384,keygen,594,4009352,216498
ecdsa-P-384,keygen,595,4015426,216825
ecdsa-P-384,keygen,596,4010204,216543
ecdsa-P-384,keygen,597,4016686,216893
ecdsa-P-384,keygen,598,4014574,216779
ecdsa-P-384,keygen,599,4010777,216574
ecdsa-P-384,keygen,600,4012371,216661
ecdsa-P-384,keygen,601,4012741,216680
ecdsa-P-384,keygen,602,4009686,216514
ecdsa-P-384,keygen,603,4013537,216724
ecdsa-P-384,keygen,604,4012667,216677
ecdsa-P-384,keygen,605,4008666,216460
ecdsa-P-384,keygen,606,4012945,216691
ecdsa-P-384,keygen,607,4012482,216667
ecdsa-P-384,keygen,608,4014500,216776
ecdsa-P-384,keygen,609,4016000,216855
ecdsa-P-384,keygen,610,4013259,216708
ecdsa-P-384,keygen,611,4012148,216648
ecdsa-P-384,keygen,612,4011389,216606
ecdsa-P-384,keygen,613,4012982,216693
ecdsa-P-384,keygen,614,4007871,216418
ecdsa-P-384,keygen,615,4009648,216512
ecdsa-P-384,keygen,616,4013260,216708
ecdsa-P-384,keygen,617,4011408,216608
ecdsa-P-384,keygen,618,4012093,216645
ecdsa-P-384,keygen,619,4011148,216594
ecdsa-P-384,keygen,620,4011426,216608
ecdsa-P-384,keygen,621,4016408,216877
ecdsa-P-384,keygen,622,4018074,216968
ecdsa-P-384,keygen,623,4009037,216479
ecdsa-P-384,keygen,624,4010296,216548
ecdsa-P-384,keygen,625,4009093,216483
ecdsa-P-384,keygen,626,4009722,216516
ecdsa-P-384,keygen,627,4011796,216629
ecdsa-P-384,keygen,628,4034981,217880
ecdsa-P-384,keygen,629,4015593,216834
ecdsa-P-384,keygen,630,4016871,216904
ecdsa-P-384,keygen,631,4014778,216791
ecdsa-P-384,keygen,632,4010389,216552
ecdsa-P-384,keygen,633,4009407,216500
ecdsa-P-384,keygen,634,4009092,216483
ecdsa-P-384,keygen,635,4008815,216468
ecdsa-P-384,keygen,636,4013945,216745
ecdsa-P-384,keygen,637,4021334,217144
ecdsa-P-384,keygen,638,4011926,216636
ecdsa-P-384,keygen,639,4007519,216399
ecdsa-P-384,keygen,640,4007852,216415
ecdsa-P-384,keygen,641,4013630,216729
ecdsa-P-384,keygen,642,4009704,216517
ecdsa-P-384,keygen,643,4012556,216671
ecdsa-P-384,keygen,644,4010778,216573
ecdsa-P-384,keygen,645,4011852,216633
ecdsa-P-384,keygen,646,4011834,216631
ecdsa-P-384,keygen,647,4007408,216392
ecdsa-P-384,keygen,648,4009556,216509
ecdsa-P-384,keygen,649,4010723,216570
ecdsa-P-384,keygen,650,4011611,216618
ecdsa-P-384,keygen,651,4014074,216752
ecdsa-P-384,keygen,652,4011574,216616
ecdsa-P-384,keygen,653,4017500,216936
ecdsa-P-384,keygen,654,4009296,216494
ecdsa-P-384,keygen,655,4012870,216688
ecdsa-P-384,keygen,656,4007407,216392
ecdsa-P-384,keygen,657,4011667,216621
ecdsa-P-384,keygen,658,4012944,216690
ecdsa-P-384,keygen,659,4008518,216452
ecdsa-P-384,keygen,660,4011148,216593
ecdsa-P-384,keygen,661,4012222,216651
ecdsa-P-384,keygen,662,4020852,217117
ecdsa-P-384,keygen,663,4013000,216694
ecdsa-P-384,keygen,664,4012741,216679
ecdsa-P-384,keygen,665,4009834,216524
ecdsa-P-384,keygen,666,4013463,216719
ecdsa-P-384,keygen,667,4017186,216919
ecdsa-P-384,keygen,668,4010852,216577
ecdsa-P-384,keygen,669,4009759,216520
ecdsa-P-384,keygen,670,4009667,216515
ecdsa-P-384,keygen,671,4010741,216571
ecdsa-P-384,keygen,672,4016981,216908
ecdsa-P-384,keygen,673,4010297,216549
ecdsa-P-384,keygen,674,4011297,216603
ecdsa-P-384,keygen,675,4010352,216550
ecdsa-P-384,keygen,676,4011111,216591
ecdsa-P-384,keygen,677,4009277,216492
ecdsa-P-384,keygen,678,4010463,216556
ecdsa-P-384,keygen,679,4007889,216417
ecdsa-P-384,keygen,680,4008889,216471
ecdsa-P-384,keygen,681,4012092,216645
ecdsa-P-384,keygen,682,4009703,216515
ecdsa-P-384,keygen,683,4006982,216369
ecdsa-P-384,keygen,684,4018945,217014
ecdsa-P-384,keygen,685,4010426,216555
ecdsa-P-384,keygen,686,4009537,216508
ecdsa-P-384,keygen,687,4008815,216467
ecdsa-P-384,keygen,688,4011944,216637
ecdsa-P-384,keygen,689,4007481,216397
ecdsa-P-384,keygen,690,4011352,216605
ecdsa-P-384,keygen,691,4012315,216658
ecdsa-P-384,keygen,692,4015871,216848
ecdsa-P-384,keygen,693,4010500,216560
ecdsa-P-384,keygen,694,4015296,216818
ecdsa-P-384,keygen,695,4009648,216514
ecdsa-P-384,keygen,696,4007852,216415
ecdsa-P-384,keygen,697,4011574,216617
ecdsa-P-384,keygen,698,4009407,216499
ecdsa-P-384,keygen,699,4007722,216409
ecdsa-P-384,keygen,700,4013167,216703
ecdsa-P-384,keygen,701,4011185,216596
ecdsa-P-384,keygen,702,4010092,216537
ecdsa-P-384,keygen,703,4008389,216445
ecdsa-P-384,keygen,704,4012056,216642
ecdsa-P-384,keygen,705,4013500,216720
ecdsa-P-384,keygen,706,4012537,216668
ecdsa-P-384,keygen,707,4009075,216482
ecdsa-P-384,keygen,708,4009407,216499
ecdsa-P-384,keygen,709,4005241,216275
ecdsa-P-384,keygen,710,4011666,216622
ecdsa-P-384,keygen,711,4007852,216416
ecdsa-P-384,keygen,712,4012444,216664
ecdsa-P-384,keygen,713,4012685,216676
ecdsa-P-384,keygen,714,4012907,216688
ecdsa-P-384,keygen,715,4018296,216979
ecdsa-P-384,keygen,716,4009833,216524
ecdsa-P-384,keygen,717,4010148,216540
ecdsa-P-384,keygen,718,4010260,216545
ecdsa-P-384,keygen,719,4013333,216712
ecdsa-P-384,keygen,720,4009833,216523
ecdsa-P-384,keygen,721,4007907,216418
ecdsa-P-384,keygen,722,4009981,216531
ecdsa-P-384,keygen,723,4009778,216520
ecdsa-P-384,keygen,724,4014926,216798
ecdsa-P-384,keygen,725,4011648,216621
ecdsa-P-384,keygen,726,4010648,216567
ecdsa-P-384,keygen,727,4008315,216440
ecdsa-P-384,keygen,728,4010370,216552
ecdsa-P-384,keygen,729,4013037,216697
ecdsa-P-384,keygen,730,4008592,216456
ecdsa-P-384,keygen,731,4009723,216516
ecdsa-P-384,keygen,732,4008981,216476
ecdsa-P-384,keygen,733,4011093,216591
ecdsa-P-384,keygen,734,4012741,216679
ecdsa-P-384,keygen,735,4009185,216488
ecdsa-P-384,keygen,736,4011407,216608
ecdsa-P-384,keygen,737,4010759,216573
ecdsa-P-384,keygen,738,4012278,216654
ecdsa-P-384,keygen,739,4015352,216823
ecdsa-P-384,keygen,740,4087815,220734
ecdsa-P-384,keygen,741,4009130,216485
ecdsa-P-384,keygen,742,4013408,216716
ecdsa-P-384,keygen,743,4009463,216503
ecdsa-P-384,keygen,744,4008889,216472
ecdsa-P-384,keygen,745,4018037,216966
ecdsa-P-384,keygen,746,4016722,216895
ecdsa-P-384,keygen,747,4014111,216753
ecdsa-P-384,keygen,748,4014722,216786
ecdsa-P-384,keygen,749,4014500,216774
ecdsa-P-384,keygen,750,4014037,216749
ecdsa-P-384,keygen,751,4013926,216745
ecdsa-P-384,keygen,752,4014908,216797
ecdsa-P-384,keygen,753,4013611,216726
ecdsa-P-384,keygen,754,4013741,216734
ecdsa-P-384,keygen,755,4033926,217823
ecdsa-P-384,keygen,756,4014111,216753
ecdsa-P-384,keygen,757,4015203,216811
ecdsa-P-384,keygen,758,4009000,216477
ecdsa-P-384,keygen,759,4009963,216530
ecdsa-P-384,keygen,760,4007741,216409
ecdsa-P-384,keygen,761,4012833,216685
ecdsa-P-384,keygen,762,4014222,216760
ecdsa-P-384,keygen,763,4015000,216802
ecdsa-P-384,keygen,764,4012685,216677
ecdsa-P-384,keygen,765,4007222,216381
ecdsa-P-384,keygen,766,4011444,216610
ecdsa-P-384,keygen,767,4015611,216834
ecdsa-P-384,keygen,768,4018426,216987
ecdsa-P-384,keygen,769,4016278,216871
ecdsa-P-384,keygen,770,4005778,216303
ecdsa-P-384,keygen,771,4013093,216698
ecdsa-P-384,keygen,772,4011092,216590
ecdsa-P-384,keygen,773,4013982,216747
ecdsa-P-384,keygen,774,4013759,216735
ecdsa-P-384,keygen,775,4013851,216740
ecdsa-P-384,keygen,776,4013722,216732
ecdsa-P-384,keygen,777,4007723,216409
ecdsa-P-384,keygen,778,4008574,216455
ecdsa-P-384,keygen,779,4146537,223904
ecdsa-P-384,keygen,780,4208481,227249
ecdsa-P-384,keygen,781,4437093,239595
ecdsa-P-384,keygen,782,4017130,216917
ecdsa-P-384,keygen,783,4014555,216778
ecdsa-P-384,keygen,784,4014389,216768
ecdsa-P-384,keygen,785,4014777,216789
ecdsa-P-384,keygen,786,4012241,216653
ecdsa-P-384,keygen,787,4013796,216737
ecdsa-P-384,keygen,788,4009703,216515
ecdsa-P-384,keygen,789,4174445,225412
ecdsa-P-384,keygen,790,4045482,218448
ecdsa-P-384,keygen,791,4664685,251886
ecdsa-P-384,keygen,792,4099482,221364
ecdsa-P-384,keygen,793,4015777,216844
ecdsa-P-384,keygen,794,4009185,216487
ecdsa-P-384,keygen,795,4011981,216638
ecdsa-P-384,keygen,796,4012129,216647
ecdsa-P-384,keygen,797,4009926,216528
ecdsa-P-384,keygen,798,4009555,216508
ecdsa-P-384,keygen,799,4008056,216427
ecdsa-P-384,keygen,800,4267463,230435
ecdsa-P-384,keygen,801,4200056,226796
ecdsa-P-384,keygen,802,4580111,247318
ecdsa-P-384,keygen,803,4259111,229983
ecdsa-P-384,keygen,804,4019870,217064
ecdsa-P-384,keygen,805,4013388,216716
ecdsa-P-384,keygen,806,4022296,217195
ecdsa-P-384,keygen,807,4006222,216329
ecdsa-P-384,keygen,808,4018204,216975
ecdsa-P-384,keygen,809,4013130,216702
ecdsa-P-384,keygen,810,4015759,216842
ecdsa-P-384,keygen,811,4013333,216712
ecdsa-P-384,keygen,812,4012315,216657
ecdsa-P-384,keygen,813,4015611,216835
ecdsa-P-384,keygen,814,4010815,216575
ecdsa-P-384,keygen,815,4016018,216857
ecdsa-P-384,keygen,816,4017500,216937
ecdsa-P-384,keygen,817,4015148,216810
ecdsa-P-384,keygen,818,4016556,216885
ecdsa-P-384,keygen,819,4018296,216979
ecdsa-P-384,keygen,820,4014167,216756
ecdsa-P-384,keygen,821,4008592,216456
ecdsa-P-384,keygen,822,4016092,216861
ecdsa-P-384,keygen,823,4009555,216508
ecdsa-P-384,keygen,824,4011926,216635
ecdsa-P-384,keygen,825,4009722,216518
ecdsa-P-384,keygen,826,4014203,216759
ecdsa-P-384,keygen,827,4016444,216879
ecdsa-P-384,keygen,828,4016148,216864
ecdsa-P-384,keygen,829,4015871,216849
ecdsa-P-384,keygen,830,4015297,216817
ecdsa-P-384,keygen,831,4015222,216814
ecdsa-P-384,keygen,832,4015370,216822
ecdsa-P-384,keygen,833,4014093,216754
ecdsa-P-384,keygen,834,4013593,216725
ecdsa-P-384,keygen,835,4012055,216642
ecdsa-P-384,keygen,836,4015630,216835
ecdsa-P-384,keygen,837,4018593,216995
ecdsa-P-384,keygen,838,4015908,216851
ecdsa-P-384,keygen,839,4015463,216826
ecdsa-P-384,keygen,840,4016408,216878
ecdsa-P-384,keygen,841,4007259,216383
ecdsa-P-384,keygen,842,4052111,218806
ecdsa-P-384,keygen,843,4015500,216829
ecdsa-P-384,keygen,844,4013204,216705
ecdsa-P-384,keygen,845,4017500,216937
ecdsa-P-384,keygen,846,4014074,216753
ecdsa-P-384,keygen,847,4013260,216708
ecdsa-P-384,keygen,848,4010945,216583
ecdsa-P-384,keygen,849,4013185,216703
ecdsa-P-384,keygen,850,4012871,216687
ecdsa-P-384,keygen,851,4010833,216577
ecdsa-P-384,keygen,852,4009333,216495
ecdsa-P-384,keygen,853,4014944,216799
ecdsa-P-384,keygen,854,4014278,216764
ecdsa-P-384,keygen,855,4015111,216808
ecdsa-P-384,keygen,856,4010870,216580
ecdsa-P-384,keygen,857,4014203,216758
ecdsa-P-384,keygen,858,4014741,216788
ecdsa-P-384,keygen,859,4015019,216802
ecdsa-P-384,keygen,860,4012889,216688
ecdsa-P-384,keygen,861,4013537,216724
ecdsa-P-384,keygen,862,4014796,216792
ecdsa-P-384,keygen,863,4014796,216791
ecdsa-P-384,keygen,864,4013555,216725
ecdsa-P-384,keygen,865,4019759,217059
ecdsa-P-384,keygen,866,4014389,216768
ecdsa-P-384,keygen,867,4014907,216797
ecdsa-P-384,keygen,868,4016130,216862
ecdsa-P-384,keygen,869,4015482,216827
ecdsa-P-384,keygen,870,4015982,216854
ecdsa-P-384,keygen,871,4011759,216626
ecdsa-P-384,keygen,872,4015630,216836
ecdsa-P-384,keygen,873,4011889,216634
ecdsa-P-384,keygen,874,4013074,216698
ecdsa-P-384,keygen,875,4014426,216770
ecdsa-P-384,keygen,876,4014315,216765
ecdsa-P-384,keygen,877,4009667,216514
ecdsa-P-384,keygen,878,4012148,216647
ecdsa-P-384,keygen,879,4012630,216674
ecdsa-P-384,keygen,880,4012352,216658
ecdsa-P-384,keygen,881,4009519,216505
ecdsa-P-384,keygen,882,4043037,218316
ecdsa-P-384,keygen,883,4012815,216684
ecdsa-P-384,keygen,884,4011371,216606
ecdsa-P-384,keygen,885,4011519,216614
ecdsa-P-384,keygen,886,4012241,216653
ecdsa-P-384,keygen,887,4007796,216412
ecdsa-P-384,keygen,888,4016963,216908
ecdsa-P-384,keygen,889,4006796,216359
ecdsa-P-384,keygen,890,4009518,216507
ecdsa-P-384,keygen,891,4010408,216553
ecdsa-P-384,keygen,892,4015204,216812
ecdsa-P-384,keygen,893,4018944,217015
ecdsa-P-384,keygen,894,4014760,216789
ecdsa-P-384,keygen,895,4010074,216536
ecdsa-P-384,keygen,896,4012352,216658
ecdsa-P-384,keygen,897,4013649,216728
ecdsa-P-384,keygen,898,4013444,216718
ecdsa-P-384,keygen,899,4019092,217023
ecdsa-P-384,keygen,900,4011703,216623
ecdsa-P-384,keygen,901,4008945,216475
ecdsa-P-384,keygen,902,4007481,216396
ecdsa-P-384,keygen,903,4007870,216416
ecdsa-P-384,keygen,904,4010648,216566
ecdsa-P-384,keygen,905,4010796,216576
ecdsa-P-384,keygen,906,4011870,216633
ecdsa-P-384,keygen,907,4011611,216620
ecdsa-P-384,keygen,908,4011223,216598
ecdsa-P-384,keygen,909,4011630,216619
ecdsa-P-384,keygen,910,4010796,216575
ecdsa-P-384,keygen,911,4010963,216585
ecdsa-P-384,keygen,912,4011259,216599
ecdsa-P-384,keygen,913,4012112,216645
ecdsa-P-384,keygen,914,4010388,216553
ecdsa-P-384,keygen,915,4015981,216856
ecdsa-P-384,keygen,916,4009371,216497
ecdsa-P-384,keygen,917,4012981,216693
ecdsa-P-384,keygen,918,4012148,216648
ecdsa-P-384,keygen,919,4009444,216501
ecdsa-P-384,keygen,920,4010797,216576
ecdsa-P-384,keygen,921,4012833,216685
ecdsa-P-384,keygen,922,4011592,216618
ecdsa-P-384,keygen,923,4009760,216519
ecdsa-P-384,keygen,924,4011166,216595
ecdsa-P-384,keygen,925,4010333,216550
ecdsa-P-384,keygen,926,4011907,216635
ecdsa-P-384,keygen,927,4009704,216516
ecdsa-P-384,keygen,928,4013334,216713
ecdsa-P-384,keygen,929,4011908,216636
ecdsa-P-384,keygen,930,4017907,216958
ecdsa-P-384,keygen,931,4011407,216609
ecdsa-P-384,keygen,932,4011407,216608
ecdsa-P-384,keygen,933,4009092,216484
ecdsa-P-384,keygen,934,4017351,216928
ecdsa-P-384,keygen,935,4009278,216493
ecdsa-P-384,keygen,936,4013389,216715
ecdsa-P-384,keygen,937,4014425,216772
ecdsa-P-384,keygen,938,4008203,216434
ecdsa-P-384,keygen,939,4010759,216572
ecdsa-P-384,keygen,940,4014333,216766
ecdsa-P-384,keygen,941,4014407,216769
ecdsa-P-384,keygen,942,4010926,216583
ecdsa-P-384,keygen,943,4008167,216433
ecdsa-P-384,keygen,944,4013723,216733
ecdsa-P-384,keygen,945,4012093,216644
ecdsa-P-384,keygen,946,4010482,216557
ecdsa-P-384,keygen,947,4013149,216702
ecdsa-P-384,keygen,948,4011241,216598
ecdsa-P-384,keygen,949,4010834,216576
ecdsa-P-384,keygen,950,4011482,216610
ecdsa-P-384,keygen,951,4011037,216588
ecdsa-P-384,keygen,952,4012704,216678
ecdsa-P-384,keygen,953,4007167,216379
ecdsa-P-384,keygen,954,4008259,216437
ecdsa-P-384,keygen,955,4013537,216722
ecdsa-P-384,keygen,956,4009352,216497
ecdsa-P-384,keygen,957,4012111,216646
ecdsa-P-384,keygen,958,4011185,216597
ecdsa-P-384,keygen,959,4017685,216947
ecdsa-P-384,keygen,960,4008870,216472
ecdsa-P-384,keygen,961,4017111,216915
ecdsa-P-384,keygen,962,4013149,216701
ecdsa-P-384,keygen,963,4008834,216469
ecdsa-P-384,keygen,964,4007611,216402
ecdsa-P-384,keygen,965,4012833,216685
ecdsa-P-384,keygen,966,4009574,216508
ecdsa-P-384,keygen,967,4012426,216663
ecdsa-P-384,keygen,968,4010667,216567
ecdsa-P-384,keygen,969,4012518,216668
ecdsa-P-384,keygen,970,4012315,216657
ecdsa-P-384,keygen,971,4009574,216509
ecdsa-P-384,keygen,972,4006388,216337
ecdsa-P-384,keygen,973,4015537,216830
ecdsa-P-384,keygen,974,4013074,216699
ecdsa-P-384,keygen,975,4007851,216416
ecdsa-P-384,keygen,976,4008148,216432
ecdsa-P-384,keygen,977,4009759,216518
ecdsa-P-384,keygen,978,4009648,216513
ecdsa-P-384,keygen,979,4008981,216476
ecdsa-P-384,keygen,980,4013686,216731
ecdsa-P-384,keygen,981,4007593,216402
ecdsa-P-384,keygen,982,4009926,216528
ecdsa-P-384,keygen,983,4012555,216669
ecdsa-P-384,keygen,984,4012055,216643
ecdsa-P-384,keygen,985,4011148,216593
ecdsa-P-384,keygen,986,4008148,216432
ecdsa-P-384,keygen,987,4009630,216512
ecdsa-P-384,keygen,988,4011907,216634
ecdsa-P-384,keygen,989,4010204,216543
ecdsa-P-384,keygen,990,4007797,216414
ecdsa-P-384,keygen,991,4010685,216568
ecdsa-P-384,keygen,992,4014852,216793
ecdsa-P-384,keygen,993,4013482,216721
ecdsa-P-384,keygen,994,4075630,220075
ecdsa-P-384,keygen,995,4014944,216798
ecdsa-P-384,keygen,996,4010445,216556
ecdsa-P-384,keygen,997,4014130,216755
ecdsa-P-384,keygen,998,4007462,216395
ecdsa-P-384,keygen,999,4009426,216500
ecdsa-P-384,sign,0,4213111,227497
ecdsa-P-384,sign,1,4178370,225623
ecdsa-P-384,sign,2,4193463,226437
ecdsa-P-384,sign,3,4174537,225415
ecdsa-P-384,sign,4,4182000,225820
ecdsa-P-384,sign,5,4207037,227172
ecdsa-P-384,sign,6,4180852,225758
ecdsa-P-384,sign,7,4195130,226528
ecdsa-P-384,sign,8,4179537,225686
ecdsa-P-384,sign,9,4196037,226577
ecdsa-P-384,sign,10,4179315,225674
ecdsa-P-384,sign,11,4335000,234079
ecdsa-P-384,sign,12,4419185,238627
ecdsa-P-384,sign,13,4553166,245862
ecdsa-P-384,sign,14,4198759,226724
ecdsa-P-384,sign,15,4176592,225527
ecdsa-P-384,sign,16,4194444,226491
ecdsa-P-384,sign,17,4175277,225455
ecdsa-P-384,sign,18,4197797,226673
ecdsa-P-384,sign,19,4180260,225725
ecdsa-P-384,sign,20,4174685,225424
ecdsa-P-384,sign,21,4388444,236966
ecdsa-P-384,sign,22,4527704,244487
ecdsa-P-384,sign,23,4587482,247714
ecdsa-P-384,sign,24,4197389,226650
ecdsa-P-384,sign,25,4179796,225700
ecdsa-P-384,sign,26,4180037,225713
ecdsa-P-384,sign,27,4194555,226497
ecdsa-P-384,sign,28,4175241,225454
ecdsa-P-384,sign,29,4197000,226628
ecdsa-P-384,sign,30,4177629,225583
ecdsa-P-384,sign,31,4400111,237597
ecdsa-P-384,sign,32,4407574,237999
ecdsa-P-384,sign,33,4754500,256734
ecdsa-P-384,sign,34,4410852,238177
ecdsa-P-384,sign,35,4177426,225571
ecdsa-P-384,sign,36,4196278,226590
ecdsa-P-384,sign,37,4174278,225403
ecdsa-P-384,sign,38,4174130,225393
ecdsa-P-384,sign,39,4194204,226479
ecdsa-P-384,sign,40,4174555,225417
ecdsa-P-384,sign,41,4193426,226436
ecdsa-P-384,sign,42,4174685,225425
ecdsa-P-384,sign,43,4190981,226303
ecdsa-P-384,sign,44,4173444,225358
ecdsa-P-384,sign,45,4185371,226002
ecdsa-P-384,sign,46,4177723,225588
ecdsa-P-384,sign,47,4175333,225459
ecdsa-P-384,sign,48,4192315,226377
ecdsa-P-384,sign,49,4177222,225562
ecdsa-P-384,sign,50,4188796,226185
ecdsa-P-384,sign,51,4170611,225204
ecdsa-P-384,sign,52,4189481,226223
ecdsa-P-384,sign,53,4186870,226082
ecdsa-P-384,sign,54,4178889,225651
ecdsa-P-384,sign,55,4186389,226057
ecdsa-P-384,sign,56,4173149,225342
ecdsa-P-384,sign,57,4191352,226324
ecdsa-P-384,sign,58,4198870,226730
ecdsa-P-384,sign,59,4175648,225477
ecdsa-P-384,sign,60,4176370,225516
ecdsa-P-384,sign,61,4186759,226076
ecdsa-P-384,sign,62,4173611,225367
ecdsa-P-384,sign,63,4187463,226113
ecdsa-P-384,sign,64,4172500,225306
ecdsa-P-384,sign,65,4189556,226228
ecdsa-P-384,sign,66,4176574,225525
ecdsa-P-384,sign,67,4175648,225476
ecdsa-P-384,sign,68,4199611,226769
ecdsa-P-384,sign,69,4175574,225471
ecdsa-P-384,sign,70,4187074,226093
ecdsa-P-384,sign,71,4170981,225224
ecdsa-P-384,sign,72,4172333,225297
ecdsa-P-384,sign,73,4190296,226267
ecdsa-P-384,sign,74,4172092,225285
ecdsa-P-384,sign,75,4198129,226691
ecdsa-P-384,sign,76,4178426,225626
ecdsa-P-384,sign,77,4191759,226345
ecdsa-P-384,sign,78,4177518,225577
ecdsa-P-384,sign,79,4213963,227543
ecdsa-P-384,sign,80,4177926,225599
ecdsa-P-384,sign,81,4177148,225556
ecdsa-P-384,sign,82,4192185,226369
ecdsa-P-384,sign,83,4177296,225565
ecdsa-P-384,sign,84,4192018,226361
ecdsa-P-384,sign,85,4178630,225638
ecdsa-P-384,sign,86,4189482,226222
ecdsa-P-384,sign,87,4178685,225640
ecdsa-P-384,sign,88,4183222,225884
ecdsa-P-384,sign,89,4181241,225779
ecdsa-P-384,sign,90,4175981,225495
ecdsa-P-384,sign,91,4187740,226129
ecdsa-P-384,sign,92,4192222,226372
ecdsa-P-384,sign,93,4175889,225490
ecdsa-P-384,sign,94,4172481,225305
ecdsa-P-384,sign,95,4188000,226143
ecdsa-P-384,sign,96,4178222,225614
ecdsa-P-384,sign,97,4187185,226100
ecdsa-P-384,sign,98,4178463,225627
ecdsa-P-384,sign,99,4193834,226459
ecdsa-P-384,sign,100,4177667,225585
ecdsa-P-384,sign,101,4175537,225471
ecdsa-P-384,sign,102,4199204,226748
ecdsa-P-384,sign,103,4175333,225458
ecdsa-P-384,sign,104,4196129,226582
ecdsa-P-384,sign,105,4175370,225461
ecdsa-P-384,sign,106,4175926,225491
ecdsa-P-384,sign,107,4193092,226419
ecdsa-P-384,sign,108,4172593,225311
ecdsa-P-384,sign,109,4198315,226699
ecdsa-P-384,sign,110,4172981,225332
ecdsa-P-384,sign,111,4194963,226520
ecdsa-P-384,sign,112,4171574,225257
ecdsa-P-384,sign,113,4186759,226077
ecdsa-P-384,sign,114,4174648,225423
ecdsa-P-384,sign,115,4176074,225499
ecdsa-P-384,sign,116,4194278,226483
ecdsa-P-384,sign,117,4182796,225861
ecdsa-P-384,sign,118,4191019,226307
ecdsa-P-384,sign,119,4170889,225220
ecdsa-P-384,sign,120,4192056,226363
ecdsa-P-384,sign,121,4187463,226114
ecdsa-P-384,sign,122,4175149,225450
ecdsa-P-384,sign,123,4182500,225845
ecdsa-P-384,sign,124,4178482,225628
ecdsa-P-384,sign,125,4188556,226174
ecdsa-P-384,sign,126,4196093,226580
ecdsa-P-384,sign,127,4176685,225533
ecdsa-P-384,sign,128,4177666,225585
ecdsa-P-384,sign,129,4180981,225763
ecdsa-P-384,sign,130,4173537,225362
ecdsa-P-384,sign,131,4186296,226051
ecdsa-P-384,sign,132,4178963,225656
ecdsa-P-384,sign,133,4195500,226547
ecdsa-P-384,sign,134,4177833,225595
ecdsa-P-384,sign,135,4169315,225133
ecdsa-P-384,sign,136,4200981,226845
ecdsa-P-384,sign,137,4174019,225388
ecdsa-P-384,sign,138,4190723,226290
ecdsa-P-384,sign,139,4182334,225838
ecdsa-P-384,sign,140,4176592,225526
ecdsa-P-384,sign,141,4194185,226476
ecdsa-P-384,sign,142,4178074,225607
ecdsa-P-384,sign,143,4196908,226624
ecdsa-P-384,sign,144,4175148,225449
ecdsa-P-384,sign,145,4194537,226496
ecdsa-P-384,sign,146,4177519,225576
ecdsa-P-384,sign,147,4191148,226312
ecdsa-P-384,sign,148,4176314,225512
ecdsa-P-384,sign,149,4176518,225523
ecdsa-P-384,sign,150,4194703,226505
ecdsa-P-384,sign,151,4175297,225457
ecdsa-P-384,sign,152,4193000,226413
ecdsa-P-384,sign,153,4172111,225285
ecdsa-P-384,sign,154,4186593,226067
ecdsa-P-384,sign,155,4181870,225812
ecdsa-P-384,sign,156,4171593,225258
ecdsa-P-384,sign,157,4180538,225741
ecdsa-P-384,sign,158,4172056,225283
ecdsa-P-384,sign,159,4184037,225929
ecdsa-P-384,sign,160,4198278,226698
ecdsa-P-384,sign,161,4176574,225526
ecdsa-P-384,sign,162,4175648,225477
ecdsa-P-384,sign,163,4186833,226081
ecdsa-P-384,sign,164,4173926,225383
ecdsa-P-384,sign,165,4187759,226131
ecdsa-P-384,sign,166,4174055,225391
ecdsa-P-384,sign,167,4194186,226477
ecdsa-P-384,sign,168,4169129,225124
ecdsa-P-384,sign,169,4179018,225659
ecdsa-P-384,sign,170,4201611,226878
ecdsa-P-384,sign,171,4175648,225476
ecdsa-P-384,sign,172,4195278,226536
ecdsa-P-384,sign,173,4176574,225526
ecdsa-P-384,sign,174,4175907,225490
ecdsa-P-384,sign,175,4192592,226391
ecdsa-P-384,sign,176,4177704,225587
ecdsa-P-384,sign,177,4199204,226747
ecdsa-P-384,sign,178,4169833,225164
ecdsa-P-384,sign,179,4195593,226552
ecdsa-P-384,sign,180,4173167,225343
ecdsa-P-384,sign,181,4198685,226719
ecdsa-P-384,sign,182,4179166,225666
ecdsa-P-384,sign,183,4175519,225470
ecdsa-P-384,sign,184,4198222,226696
ecdsa-P-384,sign,185,4175056,225444
ecdsa-P-384,sign,186,4256129,229822
ecdsa-P-384,sign,187,4184722,225966
ecdsa-P-384,sign,188,4184834,225972
ecdsa-P-384,sign,189,4180963,225763
ecdsa-P-384,sign,190,4175889,225488
ecdsa-P-384,sign,191,4185630,226015
ecdsa-P-384,sign,192,4175297,225457
ecdsa-P-384,sign,193,4183574,225905
ecdsa-P-384,sign,194,4192889,226407
ecdsa-P-384,sign,195,4170740,225212
ecdsa-P-384,sign,196,4176241,225507
ecdsa-P-384,sign,197,4187797,226132
ecdsa-P-384,sign,198,4171741,225265
ecdsa-P-384,sign,199,4184519,225954
ecdsa-P-384,sign,200,4172167,225287
ecdsa-P-384,sign,201,4189870,226244
ecdsa-P-384,sign,202,4202426,226920
ecdsa-P-384,sign,203,4176537,225524
ecdsa-P-384,sign,204,4202777,226941
ecdsa-P-384,sign,205,4176518,225523
ecdsa-P-384,sign,206,4200685,226827
ecdsa-P-384,sign,207,4182333,225837
ecdsa-P-384,sign,208,4169908,225167
ecdsa-P-384,sign,209,4195371,226541
ecdsa-P-384,sign,210,4175740,225482
ecdsa-P-384,sign,211,4193778,226455
ecdsa-P-384,sign,212,4176315,225513
ecdsa-P-384,sign,213,4192074,226362
ecdsa-P-384,sign,214,4175463,225467
ecdsa-P-384,sign,215,4185241,225994
ecdsa-P-384,sign,216,4173982,225386
ecdsa-P-384,sign,217,4170500,225199
ecdsa-P-384,sign,218,4191630,226339
ecdsa-P-384,sign,219,4174093,225393
ecdsa-P-384,sign,220,4191296,226322
ecdsa-P-384,sign,221,4170611,225204
ecdsa-P-384,sign,222,4190166,226260
ecdsa-P-384,sign,223,4185537,226010
ecdsa-P-384,sign,224,4172666,225316
ecdsa-P-384,sign,225,4182296,225835
ecdsa-P-384,sign,226,4175852,225488
ecdsa-P-384,sign,227,4185407,226002
ecdsa-P-384,sign,228,4197037,226632
ecdsa-P-384,sign,229,4177037,225552
ecdsa-P-384,sign,230,4176685,225533
ecdsa-P-384,sign,231,4187500,226117
ecdsa-P-384,sign,232,4201500,226870
ecdsa-P-384,sign,233,4186481,226062
ecdsa-P-384,sign,234,4179167,225668
ecdsa-P-384,sign,235,4193407,226436
ecdsa-P-384,sign,236,4176926,225544
ecdsa-P-384,sign,237,4171148,225233
ecdsa-P-384,sign,238,4201240,226859
ecdsa-P-384,sign,239,4170019,225174
ecdsa-P-384,sign,240,4190592,226283
ecdsa-P-384,sign,241,4172833,225325
ecdsa-P-384,sign,242,4172074,225284
ecdsa-P-384,sign,243,4187389,226110
ecdsa-P-384,sign,244,4171944,225277
ecdsa-P-384,sign,245,4199056,226739
ecdsa-P-384,sign,246,4177223,225561
ecdsa-P-384,sign,247,4195130,226528
ecdsa-P-384,sign,248,4177056,225551
ecdsa-P-384,sign,249,4187519,226117
ecdsa-P-384,sign,250,4177148,225557
ecdsa-P-384,sign,251,4177334,225568
ecdsa-P-384,sign,252,4194926,226517
ecdsa-P-384,sign,253,4173852,225378
ecdsa-P-384,sign,254,4190907,226301
ecdsa-P-384,sign,255,4173129,225341
ecdsa-P-384,sign,256,4187797,226133
ecdsa-P-384,sign,257,4179074,225660
ecdsa-P-384,sign,258,4174148,225396
ecdsa-P-384,sign,259,4182185,225829
ecdsa-P-384,sign,260,4177518,225577
ecdsa-P-384,sign,261,4187166,226098
ecdsa-P-384,sign,262,4190314,226269
ecdsa-P-384,sign,263,4170611,225204
ecdsa-P-384,sign,264,4172667,225314
ecdsa-P-384,sign,265,4182370,225839
ecdsa-P-384,sign,266,4186315,226052
ecdsa-P-384,sign,267,4188093,226149
ecdsa-P-384,sign,268,4178167,225613
ecdsa-P-384,sign,269,4193741,226454
ecdsa-P-384,sign,270,4180426,225734
ecdsa-P-384,sign,271,4177407,225571
ecdsa-P-384,sign,272,4195852,226568
ecdsa-P-384,sign,273,4172925,225330
ecdsa-P-384,sign,274,4195000,226520
ecdsa-P-384,sign,275,4175833,225485
ecdsa-P-384,sign,276,4176778,225536
ecdsa-P-384,sign,277,4191778,226346
ecdsa-P-384,sign,278,4211834,227429
ecdsa-P-384,sign,279,4198296,226698
ecdsa-P-384,sign,280,4176778,225538
ecdsa-P-384,sign,281,4192000,226360
ecdsa-P-384,sign,282,4171055,225227
ecdsa-P-384,sign,283,4193315,226431
ecdsa-P-384,sign,284,4171222,225236
ecdsa-P-384,sign,285,4246833,229319
ecdsa-P-384,sign,286,4287408,231510
ecdsa-P-384,sign,287,4764333,257265
ecdsa-P-384,sign,288,4195223,226533
ecdsa-P-384,sign,289,4178759,225644
ecdsa-P-384,sign,290,4185408,226002
ecdsa-P-384,sign,291,4179963,225710
ecdsa-P-384,sign,292,4174259,225402
ecdsa-P-384,sign,293,4185945,226031
ecdsa-P-384,sign,294,4169629,225151
ecdsa-P-384,sign,295,4350648,234925
ecdsa-P-384,sign,296,4308111,232628
ecdsa-P-384,sign,297,4832463,260944
ecdsa-P-384,sign,298,4176149,225504
ecdsa-P-384,sign,299,4186444,226058
ecdsa-P-384,sign,300,4186481,226061
ecdsa-P-384,sign,301,4184130,225934
ecdsa-P-384,sign,302,4177074,225553
ecdsa-P-384,sign,303,4193223,226426
ecdsa-P-384,sign,304,4170389,225192
ecdsa-P-384,sign,305,4383629,236707
ecdsa-P-384,sign,306,4246518,229303
ecdsa-P-384,sign,307,4720685,254907
ecdsa-P-384,sign,308,4605296,248677
ecdsa-P-384,sign,309,4177574,225580
ecdsa-P-384,sign,310,4171982,225277
ecdsa-P-384,sign,311,4196074,226579
ecdsa-P-384,sign,312,4171889,225273
ecdsa-P-384,sign,313,4191240,226318
ecdsa-P-384,sign,314,4172666,225314
ecdsa-P-384,sign,315,4198833,226728
ecdsa-P-384,sign,316,4172944,225329
ecdsa-P-384,sign,317,4195185,226533
ecdsa-P-384,sign,318,4174648,225422
ecdsa-P-384,sign,319,4175241,225454
ecdsa-P-384,sign,320,4196574,226606
ecdsa-P-384,sign,321,4174723,225427
ecdsa-P-384,sign,322,4187111,226095
ecdsa-P-384,sign,323,4199315,226752
ecdsa-P-384,sign,324,4197555,226659
ecdsa-P-384,sign,325,4178260,225617
ecdsa-P-384,sign,326,4172963,225331
ecdsa-P-384,sign,327,4181852,225812
ecdsa-P-384,sign,328,4172945,225331
ecdsa-P-384,sign,329,4191371,226325
ecdsa-P-384,sign,330,4194037,226470
ecdsa-P-384,sign,331,4183889,225921
ecdsa-P-384,sign,332,4173815,225377
ecdsa-P-384,sign,333,4183482,225899
ecdsa-P-384,sign,334,4168833,225109
ecdsa-P-384,sign,335,4181537,225794
ecdsa-P-384,sign,336,4186834,226081
ecdsa-P-384,sign,337,4192407,226381
ecdsa-P-384,sign,338,4177574,225580
ecdsa-P-384,sign,339,4176111,225500
ecdsa-P-384,sign,340,4200685,226827
ecdsa-P-384,sign,341,4175667,225478
ecdsa-P-384,sign,342,4195630,226556
ecdsa-P-384,sign,343,4169278,225132
ecdsa-P-384,sign,344,4174722,225427
ecdsa-P-384,sign,345,4198112,226689
ecdsa-P-384,sign,346,4177038,225551
ecdsa-P-384,sign,347,4190797,226294
ecdsa-P-384,sign,348,4171167,225233
ecdsa-P-384,sign,349,4190185,226262
ecdsa-P-384,sign,350,4175667,225477
ecdsa-P-384,sign,351,4186889,226083
ecdsa-P-384,sign,352,4172963,225330
ecdsa-P-384,sign,353,4172093,225285
ecdsa-P-384,sign,354,4198685,226719
ecdsa-P-384,sign,355,4169722,225156
ecdsa-P-384,sign,356,4188408,226165
ecdsa-P-384,sign,357,4183185,225884
ecdsa-P-384,sign,358,4192444,226383
ecdsa-P-384,sign,359,4186129,226042
ecdsa-P-384,sign,360,4177852,225595
ecdsa-P-384,sign,361,4183870,225919
ecdsa-P-384,sign,362,4173555,225364
ecdsa-P-384,sign,363,4191666,226340
ecdsa-P-384,sign,364,4190704,226290
ecdsa-P-384,sign,365,4179167,225667
ecdsa-P-384,sign,366,4175611,225474
ecdsa-P-384,sign,367,4188093,226148
ecdsa-P-384,sign,368,4176407,225517
ecdsa-P-384,sign,369,4185426,226004
ecdsa-P-384,sign,370,4171871,225272
ecdsa-P-384,sign,371,4194926,226516
ecdsa-P-384,sign,372,4169592,225148
ecdsa-P-384,sign,373,4173240,225345
ecdsa-P-384,sign,374,4194722,226506
ecdsa-P-384,sign,375,4169871,225163
ecdsa-P-384,sign,376,4191111,226311
ecdsa-P-384,sign,377,4170889,225218
ecdsa-P-384,sign,378,4174630,225420
ecdsa-P-384,sign,379,4202148,226906
ecdsa-P-384,sign,380,4174685,225425
ecdsa-P-384,sign,381,4191000,226306
ecdsa-P-384,sign,382,4169852,225162
ecdsa-P-384,sign,383,4198370,226703
ecdsa-P-384,sign,384,4173852,225380
ecdsa-P-384,sign,385,4186222,226048
ecdsa-P-384,sign,386,4176037,225498
ecdsa-P-384,sign,387,4179722,225696
ecdsa-P-384,sign,388,4196463,226600
ecdsa-P-384,sign,389,4172018,225279
ecdsa-P-384,sign,390,4194907,226515
ecdsa-P-384,sign,391,4176074,225500
ecdsa-P-384,sign,392,4189223,226208
ecdsa-P-384,sign,393,4180130,225717
ecdsa-P-384,sign,394,4174629,225420
ecdsa-P-384,sign,395,4179148,225665
ecdsa-P-384,sign,396,4170796,225214
ecdsa-P-384,sign,397,4187203,226100
ecdsa-P-384,sign,398,4196593,226607
ecdsa-P-384,sign,399,4169389,225139
ecdsa-P-384,sign,400,4181000,225766
ecdsa-P-384,sign,401,4192703,226397
ecdsa-P-384,sign,402,4176963,225547
ecdsa-P-384,sign,403,4189500,226224
ecdsa-P-384,sign,404,4174314,225403
ecdsa-P-384,sign,405,4192704,226398
ecdsa-P-384,sign,406,4176278,225510
ecdsa-P-384,sign,407,4174241,225401
ecdsa-P-384,sign,408,4200037,226793
ecdsa-P-384,sign,409,4172444,225302
ecdsa-P-384,sign,410,4193426,226437
ecdsa-P-384,sign,411,4174944,225438
ecdsa-P-384,sign,412,4178740,225644
ecdsa-P-384,sign,413,4198222,226694
ecdsa-P-384,sign,414,4172797,225323
ecdsa-P-384,sign,415,4195074,226525
ecdsa-P-384,sign,416,4174185,225396
ecdsa-P-384,sign,417,4192407,226382
ecdsa-P-384,sign,418,4173704,225372
ecdsa-P-384,sign,419,4184518,225956
ecdsa-P-384,sign,420,4173648,225368
ecdsa-P-384,sign,421,4168778,225105
ecdsa-P-384,sign,422,4198963,226736
ecdsa-P-384,sign,423,4176685,225533
ecdsa-P-384,sign,424,4192296,226375
ecdsa-P-384,sign,425,4180463,225736
ecdsa-P-384,sign,426,4192722,226398
ecdsa-P-384,sign,427,4179462,225681
ecdsa-P-384,sign,428,4181666,225801
ecdsa-P-384,sign,429,4189963,226250
ecdsa-P-384,sign,430,4237056,228791
ecdsa-P-384,sign,431,4198556,226713
ecdsa-P-384,sign,432,4195389,226543
ecdsa-P-384,sign,433,4178297,225620
ecdsa-P-384,sign,434,4172000,225279
ecdsa-P-384,sign,435,4186612,226069
ecdsa-P-384,sign,436,4173222,225345
ecdsa-P-384,sign,437,4185019,225983
ecdsa-P-384,sign,438,4176575,225526
ecdsa-P-384,sign,439,4192519,226387
ecdsa-P-384,sign,440,4168685,225100
ecdsa-P-384,sign,441,4175944,225492
ecdsa-P-384,sign,442,4207130,227175
ecdsa-P-384,sign,443,4179444,225681
ecdsa-P-384,sign,444,4195871,226569
ecdsa-P-384,sign,445,4203093,226956
ecdsa-P-384,sign,446,4176241,225509
ecdsa-P-384,sign,447,4193129,226421
ecdsa-P-384,sign,448,4170333,225188
ecdsa-P-384,sign,449,4190648,226285
ecdsa-P-384,sign,450,4174371,225408
ecdsa-P-384,sign,451,4193648,226449
ecdsa-P-384,sign,452,4174889,225436
ecdsa-P-384,sign,453,4187315,226107
ecdsa-P-384,sign,454,4174723,225425
ecdsa-P-384,sign,455,4172240,225293
ecdsa-P-384,sign,456,4194185,226477
ecdsa-P-384,sign,457,4171870,225273
ecdsa-P-384,sign,458,4188370,226163
ecdsa-P-384,sign,459,4173722,225371
ecdsa-P-384,sign,460,4188241,226156
ecdsa-P-384,sign,461,4178740,225643
ecdsa-P-384,sign,462,4171648,225261
ecdsa-P-384,sign,463,4181185,225776
ecdsa-P-384,sign,464,4186185,226046
ecdsa-P-384,sign,465,4185278,225997
ecdsa-P-384,sign,466,4196314,226592
ecdsa-P-384,sign,467,4175555,225472
ecdsa-P-384,sign,468,4207000,227168
ecdsa-P-384,sign,469,4190130,226259
ecdsa-P-384,sign,470,4175314,225458
ecdsa-P-384,sign,471,4188463,226168
ecdsa-P-384,sign,472,4179759,225698
ecdsa-P-384,sign,473,4190629,226284
ecdsa-P-384,sign,474,4171666,225261
ecdsa-P-384,sign,475,4171333,225243
ecdsa-P-384,sign,476,4199926,226787
ecdsa-P-384,sign,477,4173111,225340
ecdsa-P-384,sign,478,4189944,226247
ecdsa-P-384,sign,479,4176278,225510
ecdsa-P-384,sign,480,4173814,225377
ecdsa-P-384,sign,481,4188667,226179
ecdsa-P-384,sign,482,4174037,225389
ecdsa-P-384,sign,483,4189370,226216
ecdsa-P-384,sign,484,4170778,225213
ecdsa-P-384,sign,485,4194833,226512
ecdsa-P-384,sign,486,4176723,225535
ecdsa-P-384,sign,487,4189907,226246
ecdsa-P-384,sign,488,4178148,225611
ecdsa-P-384,sign,489,4172426,225302
ecdsa-P-384,sign,490,4200259,226805
ecdsa-P-384,sign,491,4176926,225546
ecdsa-P-384,sign,492,4192222,226371
ecdsa-P-384,sign,493,4177148,225557
ecdsa-P-384,sign,494,4191000,226304
ecdsa-P-384,sign,495,4184648,225961
ecdsa-P-384,sign,496,4171889,225272
ecdsa-P-384,sign,497,4182908,225869
ecdsa-P-384,sign,498,4172111,225286
ecdsa-P-384,sign,499,4182926,225869
ecdsa-P-384,sign,500,4192037,226362
ecdsa-P-384,sign,501,4170889,225218
ecdsa-P-384,sign,502,4180907,225759
ecdsa-P-384,sign,503,4187222,226102
ecdsa-P-384,sign,504,4169185,225126
ecdsa-P-384,sign,505,4183907,225922
ecdsa-P-384,sign,506,4181666,225801
ecdsa-P-384,sign,507,4194000,226467
ecdsa-P-384,sign,508,4178333,225622
ecdsa-P-384,sign,509,4179630,225691
ecdsa-P-384,sign,510,4201352,226865
ecdsa-P-384,sign,511,4175963,225493
ecdsa-P-384,sign,512,4196111,226582
ecdsa-P-384,sign,513,4175870,225489
ecdsa-P-384,sign,514,4173167,225342
ecdsa-P-384,sign,515,4192482,226384
ecdsa-P-384,sign,516,4176352,225514
ecdsa-P-384,sign,517,4192075,226364
ecdsa-P-384,sign,518,4176315,225513
ecdsa-P-384,sign,519,4189519,226225
ecdsa-P-384,sign,520,4171870,225272
ecdsa-P-384,sign,521,4184148,225936
ecdsa-P-384,sign,522,4173259,225346
ecdsa-P-384,sign,523,4173000,225334
ecdsa-P-384,sign,524,4198019,226684
ecdsa-P-384,sign,525,4174167,225397
ecdsa-P-384,sign,526,4193556,226443
ecdsa-P-384,sign,527,4173277,225348
ecdsa-P-384,sign,528,4195759,226562
ecdsa-P-384,sign,529,4185981,226033
ecdsa-P-384,sign,530,4176314,225511
ecdsa-P-384,sign,531,4190056,226253
ecdsa-P-384,sign,532,4174981,225441
ecdsa-P-384,sign,533,4191481,226332
ecdsa-P-384,sign,534,4195240,226534
ecdsa-P-384,sign,535,4175056,225444
ecdsa-P-384,sign,536,4178963,225654
ecdsa-P-384,sign,537,4184314,225945
ecdsa-P-384,sign,538,4176648,225529
ecdsa-P-384,sign,539,4186815,226079
ecdsa-P-384,sign,540,4176018,225496
ecdsa-P-384,sign,541,4191296,226321
ecdsa-P-384,sign,542,4173852,225379
ecdsa-P-384,sign,543,4177371,225571
ecdsa-P-384,sign,544,4198555,226713
ecdsa-P-384,sign,545,4171871,225272
ecdsa-P-384,sign,546,4191704,226343
ecdsa-P-384,sign,547,4168815,225107
ecdsa-P-384,sign,548,4173685,225371
ecdsa-P-384,sign,549,4193648,226449
ecdsa-P-384,sign,550,4177575,225580
ecdsa-P-384,sign,551,4193408,226435
ecdsa-P-384,sign,552,4179667,225692
ecdsa-P-384,sign,553,4194685,226504
ecdsa-P-384,sign,554,4176518,225523
ecdsa-P-384,sign,555,4189259,226211
ecdsa-P-384,sign,556,4173315,225350
ecdsa-P-384,sign,557,4174575,225418
ecdsa-P-384,sign,558,4192649,226394
ecdsa-P-384,sign,559,4173370,225352
ecdsa-P-384,sign,560,4358667,235358
ecdsa-P-384,sign,561,4639296,250512
ecdsa-P-384,sign,562,4326722,233634
ecdsa-P-384,sign,563,4177481,225575
ecdsa-P-384,sign,564,4174888,225436
ecdsa-P-384,sign,565,4184667,225962
ecdsa-P-384,sign,566,4177982,225601
ecdsa-P-384,sign,567,4213908,227540
ecdsa-P-384,sign,568,4198296,226699
ecdsa-P-384,sign,569,4172574,225311
ecdsa-P-384,sign,570,4368204,235873
ecdsa-P-384,sign,571,4686352,253054
ecdsa-P-384,sign,572,4416649,238489
ecdsa-P-384,sign,573,4184963,225979
ecdsa-P-384,sign,574,4169741,225157
ecdsa-P-384,sign,575,4191389,226326
ecdsa-P-384,sign,576,4171926,225275
ecdsa-P-384,sign,577,4172148,225287
ecdsa-P-384,sign,578,4198148,226691
ecdsa-P-384,sign,579,4177574,225579
ecdsa-P-384,sign,580,4442648,239893
ecdsa-P-384,sign,581,4443463,239938
ecdsa-P-384,sign,582,4861593,262515
ecdsa-P-384,sign,583,4196111,226582
ecdsa-P-384,sign,584,4173871,225380
ecdsa-P-384,sign,585,4193630,226448
ecdsa-P-384,sign,586,4173352,225352
ecdsa-P-384,sign,587,4194537,226496
ecdsa-P-384,sign,588,4177759,225590
ecdsa-P-384,sign,589,4187537,226118
ecdsa-P-384,sign,590,4180426,225734
ecdsa-P-384,sign,591,4173351,225351
ecdsa-P-384,sign,592,4195463,226547
ecdsa-P-384,sign,593,4175574,225472
ecdsa-P-384,sign,594,4189833,226241
ecdsa-P-384,sign,595,4172445,225304
ecdsa-P-384,sign,596,4194666,226504
ecdsa-P-384,sign,597,4186667,226070
ecdsa-P-384,sign,598,4180241,225725
ecdsa-P-384,sign,599,4184889,225975
ecdsa-P-384,sign,600,4177352,225567
ecdsa-P-384,sign,601,4193223,226425
ecdsa-P-384,sign,602,4192925,226409
ecdsa-P-384,sign,603,4176704,225533
ecdsa-P-384,sign,604,4177149,225557
ecdsa-P-384,sign,605,4188704,226181
ecdsa-P-384,sign,606,4172926,225328
ecdsa-P-384,sign,607,4185704,226019
ecdsa-P-384,sign,608,4173907,225383
ecdsa-P-384,sign,609,4192407,226380
ecdsa-P-384,sign,610,4174611,225420
ecdsa-P-384,sign,611,4168796,225105
ecdsa-P-384,sign,612,4197278,226644
ecdsa-P-384,sign,613,4180556,225740
ecdsa-P-384,sign,614,4191408,226327
ecdsa-P-384,sign,615,4172204,225289
ecdsa-P-384,sign,616,4176426,225517
ecdsa-P-384,sign,617,4186315,226052
ecdsa-P-384,sign,618,4171093,225230
ecdsa-P-384,sign,619,4203982,227005
ecdsa-P-384,sign,620,4173907,225382
ecdsa-P-384,sign,621,4187241,226102
ecdsa-P-384,sign,622,4175592,225474
ecdsa-P-384,sign,623,4193278,226428
ecdsa-P-384,sign,624,4179111,225664
ecdsa-P-384,sign,625,4177111,225556
ecdsa-P-384,sign,626,4195370,226542
ecdsa-P-384,sign,627,4177833,225595
ecdsa-P-384,sign,628,4195741,226562
ecdsa-P-384,sign,629,4176667,225531
ecdsa-P-384,sign,630,4191686,226342
ecdsa-P-384,sign,631,4179723,225696
ecdsa-P-384,sign,632,4174351,225406
ecdsa-P-384,sign,633,4184815,225971
ecdsa-P-384,sign,634,4171075,225229
ecdsa-P-384,sign,635,4183185,225883
ecdsa-P-384,sign,636,4193167,226422
ecdsa-P-384,sign,637,4174000,225387
ecdsa-P-384,sign,638,4176018,225497
ecdsa-P-384,sign,639,4185056,225984
ecdsa-P-384,sign,640,4177481,225575
ecdsa-P-384,sign,641,4188370,226163
ecdsa-P-384,sign,642,4176889,225544
ecdsa-P-384,sign,643,4194833,226512
ecdsa-P-384,sign,644,4177130,225557
ecdsa-P-384,sign,645,4170111,225178
ecdsa-P-384,sign,646,4202945,226951
ecdsa-P-384,sign,647,4169796,225161
ecdsa-P-384,sign,648,4187592,226122
ecdsa-P-384,sign,649,4181574,225795
ecdsa-P-384,sign,650,4174852,225434
ecdsa-P-384,sign,651,4192333,226377
ecdsa-P-384,sign,652,4173334,225352
ecdsa-P-384,sign,653,4194462,226492
ecdsa-P-384,sign,654,4172352,225298
ecdsa-P-384,sign,655,4189833,226243
ecdsa-P-384,sign,656,4172000,225278
ecdsa-P-384,sign,657,4188760,226184
ecdsa-P-384,sign,658,4170111,225176
ecdsa-P-384,sign,659,4172482,225304
ecdsa-P-384,sign,660,4195426,226544
ecdsa-P-384,sign,661,4172074,225284
ecdsa-P-384,sign,662,4203019,226954
ecdsa-P-384,sign,663,4178315,225619
ecdsa-P-384,sign,664,4185408,226004
ecdsa-P-384,sign,665,4206129,227122
ecdsa-P-384,sign,666,4178037,225606
ecdsa-P-384,sign,667,4184760,225968
ecdsa-P-384,sign,668,4170667,225206
ecdsa-P-384,sign,669,4194315,226485
ecdsa-P-384,sign,670,4197167,226639
ecdsa-P-384,sign,671,4177074,225552
ecdsa-P-384,sign,672,4173629,225367
ecdsa-P-384,sign,673,4186166,226043
ecdsa-P-384,sign,674,4235074,228685
ecdsa-P-384,sign,675,4191926,226355
ecdsa-P-384,sign,676,4170260,225186
ecdsa-P-384,sign,677,4191574,226336
ecdsa-P-384,sign,678,4172315,225296
ecdsa-P-384,sign,679,4175759,225483
ecdsa-P-384,sign,680,4201519,226873
ecdsa-P-384,sign,681,4174981,225441
ecdsa-P-384,sign,682,4196796,226618
ecdsa-P-384,sign,683,4173037,225336
ecdsa-P-384,sign,684,4175241,225453
ecdsa-P-384,sign,685,4195814,226565
ecdsa-P-384,sign,686,4177074,225554
ecdsa-P-384,sign,687,4197074,226633
ecdsa-P-384,sign,688,4175592,225474
ecdsa-P-384,sign,689,4217870,227754
ecdsa-P-384,sign,690,4179093,225663
ecdsa-P-384,sign,691,4187500,226116
ecdsa-P-384,sign,692,4176981,225547
ecdsa-P-384,sign,693,4175037,225442
ecdsa-P-384,sign,694,4199296,226754
ecdsa-P-384,sign,695,4172648,225315
ecdsa-P-384,sign,696,4190981,226304
ecdsa-P-384,sign,697,4170037,225173
ecdsa-P-384,sign,698,4188593,226176
ecdsa-P-384,sign,699,4176296,225512
ecdsa-P-384,sign,700,4172759,225320
ecdsa-P-384,sign,701,4180611,225743
ecdsa-P-384,sign,702,4171574,225256
ecdsa-P-384,sign,703,4186092,226041
ecdsa-P-384,sign,704,4206426,227138
ecdsa-P-384,sign,705,4176574,225525
ecdsa-P-384,sign,706,4178074,225606
ecdsa-P-384,sign,707,4188425,226165
ecdsa-P-384,sign,708,4180037,225713
ecdsa-P-384,sign,709,4183556,225904
ecdsa-P-384,sign,710,4176056,225498
ecdsa-P-384,sign,711,4191592,226336
ecdsa-P-384,sign,712,4207648,227204
ecdsa-P-384,sign,713,4175334,225459
ecdsa-P-384,sign,714,4199815,226781
ecdsa-P-384,sign,715,4177870,225597
ecdsa-P-384,sign,716,4191444,226330
ecdsa-P-384,sign,717,4176278,225511
ecdsa-P-384,sign,718,4173278,225347
ecdsa-P-384,sign,719,4191296,226321
ecdsa-P-384,sign,720,4175481,225468
ecdsa-P-384,sign,721,4189463,226222
ecdsa-P-384,sign,722,4172333,225296
ecdsa-P-384,sign,723,4198870,226730
ecdsa-P-384,sign,724,4172518,225307
ecdsa-P-384,sign,725,4194333,226485
ecdsa-P-384,sign,726,4174611,225421
ecdsa-P-384,sign,727,4175778,225482
ecdsa-P-384,sign,728,4197519,226657
ecdsa-P-384,sign,729,4175518,225468
ecdsa-P-384,sign,730,4197111,226636
ecdsa-P-384,sign,731,4174463,225412
ecdsa-P-384,sign,732,4189204,226209
ecdsa-P-384,sign,733,4183148,225882
ecdsa-P-384,sign,734,4177519,225577
ecdsa-P-384,sign,735,4185463,226007
ecdsa-P-384,sign,736,4175444,225465
ecdsa-P-384,sign,737,4189278,226213
ecdsa-P-384,sign,738,4198908,226731
ecdsa-P-384,sign,739,4169630,225151
ecdsa-P-384,sign,740,4173648,225369
ecdsa-P-384,sign,741,4185963,226034
ecdsa-P-384,sign,742,4170278,225187
ecdsa-P-384,sign,743,4184018,225928
ecdsa-P-384,sign,744,4170649,225205
ecdsa-P-384,sign,745,4185871,226028
ecdsa-P-384,sign,746,4179778,225699
ecdsa-P-384,sign,747,4180093,225716
ecdsa-P-384,sign,748,4206167,227124
ecdsa-P-384,sign,749,4180241,225723
ecdsa-P-384,sign,750,4194333,226485
ecdsa-P-384,sign,751,4175907,225489
ecdsa-P-384,sign,752,4174241,225400
ecdsa-P-384,sign,753,4195889,226569
ecdsa-P-384,sign,754,4180203,225721
ecdsa-P-384,sign,755,4195037,226523
ecdsa-P-384,sign,756,4174444,225411
ecdsa-P-384,sign,757,4193037,226415
ecdsa-P-384,sign,758,4213834,227538
ecdsa-P-384,sign,759,4186926,226084
ecdsa-P-384,sign,760,4176129,225503
ecdsa-P-384,sign,761,4180555,225742
ecdsa-P-384,sign,762,4189981,226251
ecdsa-P-384,sign,763,4172092,225285
ecdsa-P-384,sign,764,4198259,226698
ecdsa-P-384,sign,765,4173778,225376
ecdsa-P-384,sign,766,4184296,225944
ecdsa-P-384,sign,767,4201852,226891
ecdsa-P-384,sign,768,4171648,225262
ecdsa-P-384,sign,769,4185889,226028
ecdsa-P-384,sign,770,4175908,225490
ecdsa-P-384,sign,771,4190871,226298
ecdsa-P-384,sign,772,4196593,226608
ecdsa-P-384,sign,773,4174851,225434
ecdsa-P-384,sign,774,4174648,225423
ecdsa-P-384,sign,775,4189148,226205
ecdsa-P-384,sign,776,4171296,225242
ecdsa-P-384,sign,777,4189926,226247
ecdsa-P-384,sign,778,4178870,225649
ecdsa-P-384,sign,779,4188685,226181
ecdsa-P-384,sign,780,4171796,225268
ecdsa-P-384,sign,781,4176889,225543
ecdsa-P-384,sign,782,4195796,226564
ecdsa-P-384,sign,783,4170019,225173
ecdsa-P-384,sign,784,4193704,226451
ecdsa-P-384,sign,785,4173519,225360
ecdsa-P-384,sign,786,4174574,225418
ecdsa-P-384,sign,787,4194778,226509
ecdsa-P-384,sign,788,4170777,225213
ecdsa-P-384,sign,789,4207037,227171
ecdsa-P-384,sign,790,4177241,225562
ecdsa-P-384,sign,791,4195852,226568
ecdsa-P-384,sign,792,4177426,225572
ecdsa-P-384,sign,793,4183889,225921
ecdsa-P-384,sign,794,4177241,225562
ecdsa-P-384,sign,795,4178111,225609
ecdsa-P-384,sign,796,4197648,226663
ecdsa-P-384,sign,797,4183297,225889
ecdsa-P-384,sign,798,4186314,226053
ecdsa-P-384,sign,799,4174518,225415
ecdsa-P-384,sign,800,4193481,226439
ecdsa-P-384,sign,801,4179075,225661
ecdsa-P-384,sign,802,4172611,225311
ecdsa-P-384,sign,803,4182352,225839
ecdsa-P-384,sign,804,4171741,225265
ecdsa-P-384,sign,805,4188389,226165
ecdsa-P-384,sign,806,4195055,226523
ecdsa-P-384,sign,807,4172759,225320
ecdsa-P-384,sign,808,4170463,225195
ecdsa-P-384,sign,809,4183982,225927
ecdsa-P-384,sign,810,4178574,225635
ecdsa-P-384,sign,811,4208130,227228
ecdsa-P-384,sign,812,4179760,225697
ecdsa-P-384,sign,813,4197075,226634
ecdsa-P-384,sign,814,4174667,225423
ecdsa-P-384,sign,815,4176537,225524
ecdsa-P-384,sign,816,4200500,226818
ecdsa-P-384,sign,817,4176278,225511
ecdsa-P-384,sign,818,4194740,226507
ecdsa-P-384,sign,819,4173648,225367
ecdsa-P-384,sign,820,4177722,225588
ecdsa-P-384,sign,821,4187944,226139
ecdsa-P-384,sign,822,4171722,225265
ecdsa-P-384,sign,823,4192555,226389
ecdsa-P-384,sign,824,4173166,225342
ecdsa-P-384,sign,825,4188055,226146
ecdsa-P-384,sign,826,4174926,225436
ecdsa-P-384,sign,827,4199926,226787
ecdsa-P-384,sign,828,4172629,225315
ecdsa-P-384,sign,829,4173166,225343
ecdsa-P-384,sign,830,4192000,226358
ecdsa-P-384,sign,831,4178019,225605
ecdsa-P-384,sign,832,4192333,226377
ecdsa-P-384,sign,833,4178426,225626
ecdsa-P-384,sign,834,4329815,233799
ecdsa-P-384,sign,835,4373555,236162
ecdsa-P-384,sign,836,4601704,248483
ecdsa-P-384,sign,837,4186167,226044
ecdsa-P-384,sign,838,4172000,225278
ecdsa-P-384,sign,839,4186111,226041
ecdsa-P-384,sign,840,4193482,226439
ecdsa-P-384,sign,841,4174777,225430
ecdsa-P-384,sign,842,4174333,225405
ecdsa-P-384,sign,843,4186223,226047
ecdsa-P-384,sign,844,4364297,235662
ecdsa-P-384,sign,845,4451223,240357
ecdsa-P-384,sign,846,4649944,251087
ecdsa-P-384,sign,847,4192834,226405
ecdsa-P-384,sign,848,4176852,225541
ecdsa-P-384,sign,849,4174630,225421
ecdsa-P-384,sign,850,4201352,226864
ecdsa-P-384,sign,851,4172537,225308
ecdsa-P-384,sign,852,4195740,226561
ecdsa-P-384,sign,853,4175482,225466
ecdsa-P-384,sign,854,4382759,236659
ecdsa-P-384,sign,855,4343518,234539
ecdsa-P-384,sign,856,4726167,255203
ecdsa-P-384,sign,857,4503556,243183
ecdsa-P-384,sign,858,4183482,225900
ecdsa-P-384,sign,859,4190482,226277
ecdsa-P-384,sign,860,4178111,225609
ecdsa-P-384,sign,861,4189315,226214
ecdsa-P-384,sign,862,4180241,225725
ecdsa-P-384,sign,863,4177389,225569
ecdsa-P-384,sign,864,4198426,226706
ecdsa-P-384,sign,865,4173722,225373
ecdsa-P-384,sign,866,4188296,226159
ecdsa-P-384,sign,867,4175685,225479
ecdsa-P-384,sign,868,4186093,226040
ecdsa-P-384,sign,869,4182629,225854
ecdsa-P-384,sign,870,4172833,225325
ecdsa-P-384,sign,871,4184074,225931
ecdsa-P-384,sign,872,4176555,225526
ecdsa-P-384,sign,873,4188277,226159
ecdsa-P-384,sign,874,4192871,226406
ecdsa-P-384,sign,875,4171648,225260
ecdsa-P-384,sign,876,4172185,225289
ecdsa-P-384,sign,877,4183481,225899
ecdsa-P-384,sign,878,4171722,225265
ecdsa-P-384,sign,879,4179852,225703
ecdsa-P-384,sign,880,4176963,225548
ecdsa-P-384,sign,881,4192019,226360
ecdsa-P-384,sign,882,4178833,225649
ecdsa-P-384,sign,883,4177092,225555
ecdsa-P-384,sign,884,4200426,226814
ecdsa-P-384,sign,885,4184833,225971
ecdsa-P-384,sign,886,4189297,226215
ecdsa-P-384,sign,887,4178481,225630
ecdsa-P-384,sign,888,4175482,225467
ecdsa-P-384,sign,889,4195037,226523
ecdsa-P-384,sign,890,4174574,225418
ecdsa-P-384,sign,891,4195111,226527
ecdsa-P-384,sign,892,4176297,225511
ecdsa-P-384,sign,893,4189018,226197
ecdsa-P-384,sign,894,4174723,225426
ecdsa-P-384,sign,895,4190019,226252
ecdsa-P-384,sign,896,4171574,225257
ecdsa-P-384,sign,897,4172760,225321
ecdsa-P-384,sign,898,4198667,226719
ecdsa-P-384,sign,899,4171889,225273
ecdsa-P-384,sign,900,4186648,226070
ecdsa-P-384,sign,901,4178055,225607
ecdsa-P-384,sign,902,4183648,225908
ecdsa-P-384,sign,903,4178223,225615
ecdsa-P-384,sign,904,4171778,225266
ecdsa-P-384,sign,905,4186852,226081
ecdsa-P-384,sign,906,4178111,225610
ecdsa-P-384,sign,907,4189259,226210
ecdsa-P-384,sign,908,4195741,226561
ecdsa-P-384,sign,909,4175500,225468
ecdsa-P-384,sign,910,4172037,225280
ecdsa-P-384,sign,911,4187000,226090
ecdsa-P-384,sign,912,4178388,225623
ecdsa-P-384,sign,913,4186167,226045
ecdsa-P-384,sign,914,4172944,225331
ecdsa-P-384,sign,915,4197407,226650
ecdsa-P-384,sign,916,4173185,225343
ecdsa-P-384,sign,917,4179389,225678
ecdsa-P-384,sign,918,4262278,230154
ecdsa-P-384,sign,919,4175018,225440
ecdsa-P-384,sign,920,4190741,226291
ecdsa-P-384,sign,921,4176500,225523
ecdsa-P-384,sign,922,4184315,225944
ecdsa-P-384,sign,923,4194759,226508
ecdsa-P-384,sign,924,4177426,225572
ecdsa-P-384,sign,925,4195760,226561
ecdsa-P-384,sign,926,4176426,225519
ecdsa-P-384,sign,927,4187870,226136
ecdsa-P-384,sign,928,4175815,225485
ecdsa-P-384,sign,929,4188204,226153
ecdsa-P-384,sign,930,4175259,225456
ecdsa-P-384,sign,931,4177222,225562
ecdsa-P-384,sign,932,4194945,226518
ecdsa-P-384,sign,933,4198686,226719
ecdsa-P-384,sign,934,4194352,226486
ecdsa-P-384,sign,935,4174426,225411
ecdsa-P-384,sign,936,4191796,226349
ecdsa-P-384,sign,937,4181000,225766
ecdsa-P-384,sign,938,4171981,225279
ecdsa-P-384,sign,939,4185204,225992
ecdsa-P-384,sign,940,4171685,225263
ecdsa-P-384,sign,941,4182537,225848
ecdsa-P-384,sign,942,4190926,226302
ecdsa-P-384,sign,943,4181185,225775
ecdsa-P-384,sign,944,4181223,225776
ecdsa-P-384,sign,945,4185741,226021
ecdsa-P-384,sign,946,4175426,225464
ecdsa-P-384,sign,947,4188722,226183
ecdsa-P-384,sign,948,4208445,227246
ecdsa-P-384,sign,949,4195871,226568
ecdsa-P-384,sign,950,4171686,225264
ecdsa-P-384,sign,951,4174092,225392
ecdsa-P-384,sign,952,4206055,227117
ecdsa-P-384,sign,953,4175370,225462
ecdsa-P-384,sign,954,4192185,226369
ecdsa-P-384,sign,955,4175815,225485
ecdsa-P-384,sign,956,4172815,225323
ecdsa-P-384,sign,957,4188611,226176
ecdsa-P-384,sign,958,4173704,225372
ecdsa-P-384,sign,959,4192833,226403
ecdsa-P-384,sign,960,4169277,225132
ecdsa-P-384,sign,961,4191129,226311
ecdsa-P-384,sign,962,4175666,225477
ecdsa-P-384,sign,963,4191519,226333
ecdsa-P-384,sign,964,4177926,225599
ecdsa-P-384,sign,965,4188500,226169
ecdsa-P-384,sign,966,4199982,226789
ecdsa-P-384,sign,967,4178314,225619
ecdsa-P-384,sign,968,4195778,226563
ecdsa-P-384,sign,969,4177630,225583
ecdsa-P-384,sign,970,4191593,226336
ecdsa-P-384,sign,971,4180723,225751
ecdsa-P-384,sign,972,4177223,225562
ecdsa-P-384,sign,973,4185500,226009
ecdsa-P-384,sign,974,4180444,225734
ecdsa-P-384,sign,975,4192297,226375
ecdsa-P-384,sign,976,4195241,226535
ecdsa-P-384,sign,977,4168019,225065
ecdsa-P-384,sign,978,4174389,225408
ecdsa-P-384,sign,979,4186370,226056
ecdsa-P-384,sign,980,4170351,225190
ecdsa-P-384,sign,981,4188463,226167
ecdsa-P-384,sign,982,4173259,225348
ecdsa-P-384,sign,983,4189741,226236
ecdsa-P-384,sign,984,4175834,225486
ecdsa-P-384,sign,985,4171093,225229
ecdsa-P-384,sign,986,4209037,227278
ecdsa-P-384,sign,987,4178185,225613
ecdsa-P-384,sign,988,4197092,226633
ecdsa-P-384,sign,989,4178833,225649
ecdsa-P-384,sign,990,4176574,225525
ecdsa-P-384,sign,991,4186185,226046
ecdsa-P-384,sign,992,4175889,225489
ecdsa-P-384,sign,993,4196222,226587
ecdsa-P-384,sign,994,4173685,225370
ecdsa-P-384,sign,995,4195778,226564
ecdsa-P-384,sign,996,4174241,225400
ecdsa-P-384,sign,997,4185315,225999
ecdsa-P-384,sign,998,4179519,225686
ecdsa-P-384,sign,999,4170870,225219
ecdsa-P-384,verify,0,3311741,178827
ecdsa-P-384,verify,1,3309166,178688
ecdsa-P-384,verify,2,3309574,178707
ecdsa-P-384,verify,3,3312426,178861
ecdsa-P-384,verify,4,3323555,179462
ecdsa-P-384,verify,5,3312686,178876
ecdsa-P-384,verify,6,3297704,178070
ecdsa-P-384,verify,7,3317796,179155
ecdsa-P-384,verify,8,3314352,178966
ecdsa-P-384,verify,9,3313037,178894
ecdsa-P-384,verify,10,3314463,178971
ecdsa-P-384,verify,11,3338796,180285
ecdsa-P-384,verify,12,3308018,178627
ecdsa-P-384,verify,13,3314426,178972
ecdsa-P-384,verify,14,3320148,179278
ecdsa-P-384,verify,15,3315278,179014
ecdsa-P-384,verify,16,3341555,180434
ecdsa-P-384,verify,17,3317889,179156
ecdsa-P-384,verify,18,3306629,178552
ecdsa-P-384,verify,19,3318463,179191
ecdsa-P-384,verify,20,3336907,180183
ecdsa-P-384,verify,21,3316019,179056
ecdsa-P-384,verify,22,3315537,179030
ecdsa-P-384,verify,23,3315685,179038
ecdsa-P-384,verify,24,3303555,178386
ecdsa-P-384,verify,25,3312574,178872
ecdsa-P-384,verify,26,3312148,178847
ecdsa-P-384,verify,27,3314333,178964
ecdsa-P-384,verify,28,3315278,179015
ecdsa-P-384,verify,29,3311907,178834
ecdsa-P-384,verify,30,3303630,178390
ecdsa-P-384,verify,31,3318870,179212
ecdsa-P-384,verify,32,3308222,178634
ecdsa-P-384,verify,33,3316000,179055
ecdsa-P-384,verify,34,3331778,179907
ecdsa-P-384,verify,35,3318833,179208
ecdsa-P-384,verify,36,3306278,178534
ecdsa-P-384,verify,37,3324315,179507
ecdsa-P-384,verify,38,3317593,179141
ecdsa-P-384,verify,39,3319982,179270
ecdsa-P-384,verify,40,3313444,178917
ecdsa-P-384,verify,41,3308815,178667
ecdsa-P-384,verify,42,3308203,178635
ecdsa-P-384,verify,43,3319482,179242
ecdsa-P-384,verify,44,3318074,179167
ecdsa-P-384,verify,45,3315704,179039
ecdsa-P-384,verify,46,3319723,179256
ecdsa-P-384,verify,47,3311315,178805
ecdsa-P-384,verify,48,3320056,179276
ecdsa-P-384,verify,49,3329223,179768
ecdsa-P-384,verify,50,3320129,179278
ecdsa-P-384,verify,51,3312888,178886
ecdsa-P-384,verify,52,3321445,179349
ecdsa-P-384,verify,53,3309334,178698
ecdsa-P-384,verify,54,3327389,179672
ecdsa-P-384,verify,55,3317852,179154
ecdsa-P-384,verify,56,3317463,179133
ecdsa-P-384,verify,57,3315241,179015
ecdsa-P-384,verify,58,3317741,179149
ecdsa-P-384,verify,59,3313092,178900
ecdsa-P-384,verify,60,3321260,179341
ecdsa-P-384,verify,61,3323352,179452
ecdsa-P-384,verify,62,3322148,179387
ecdsa-P-384,verify,63,3312093,178844
ecdsa-P-384,verify,64,3328111,179708
ecdsa-P-384,verify,65,3308518,178654
ecdsa-P-384,verify,66,3319371,179237
ecdsa-P-384,verify,67,3327629,179683
ecdsa-P-384,verify,68,3324222,179497
ecdsa-P-384,verify,69,3323500,179459
ecdsa-P-384,verify,70,3307167,178577
ecdsa-P-384,verify,71,3296815,178021
ecdsa-P-384,verify,72,3314908,178999
ecdsa-P-384,verify,73,3312315,178857
ecdsa-P-384,verify,74,3314463,178972
ecdsa-P-384,verify,75,3306260,178529
ecdsa-P-384,verify,76,3319315,179234
ecdsa-P-384,verify,77,3312315,178859
ecdsa-P-384,verify,78,3322667,179417
ecdsa-P-384,verify,79,3331148,179872
ecdsa-P-384,verify,80,3318074,179166
ecdsa-P-384,verify,81,3318815,179206
ecdsa-P-384,verify,82,3317056,179111
ecdsa-P-384,verify,83,3308926,178675
ecdsa-P-384,verify,84,3316203,179069
ecdsa-P-384,verify,85,3315648,179035
ecdsa-P-384,verify,86,3316629,179090
ecdsa-P-384,verify,87,3458926,186771
ecdsa-P-384,verify,88,3414019,184346
ecdsa-P-384,verify,89,3864833,208689
ecdsa-P-384,verify,90,3311667,178824
ecdsa-P-384,verify,91,3310056,178736
ecdsa-P-384,verify,92,3311371,178805
ecdsa-P-384,verify,93,3314092,178952
ecdsa-P-384,verify,94,3348518,180810
ecdsa-P-384,verify,95,3309297,178692
ecdsa-P-384,verify,96,3303407,178378
ecdsa-P-384,verify,97,3317889,179160
ecdsa-P-384,verify,98,3308481,178649
ecdsa-P-384,verify,99,3475574,187671
ecdsa-P-384,verify,100,3352241,181012
ecdsa-P-384,verify,101,3665130,197905
ecdsa-P-384,verify,102,3722778,201020
ecdsa-P-384,verify,103,3306389,178536
ecdsa-P-384,verify,104,3320833,179319
ecdsa-P-384,verify,105,3310945,178782
ecdsa-P-384,verify,106,3316203,179064
ecdsa-P-384,verify,107,3314074,178951
ecdsa-P-384,verify,108,3314111,178953
ecdsa-P-384,verify,109,3317000,179112
ecdsa-P-384,verify,110,3317981,179166
ecdsa-P-384,verify,111,3318092,179167
ecdsa-P-384,verify,112,3526630,190426
ecdsa-P-384,verify,113,3367537,181836
ecdsa-P-384,verify,114,3663093,197795
ecdsa-P-384,verify,115,3833778,207013
ecdsa-P-384,verify,116,3426056,184998
ecdsa-P-384,verify,117,3304963,178462
ecdsa-P-384,verify,118,3315222,179015
ecdsa-P-384,verify,119,3319241,179231
ecdsa-P-384,verify,120,3318019,179164
ecdsa-P-384,verify,121,3317777,179150
ecdsa-P-384,verify,122,3312463,178863
ecdsa-P-384,verify,123,3299055,178142
ecdsa-P-384,verify,124,3323444,179456
ecdsa-P-384,verify,125,3311871,178831
ecdsa-P-384,verify,126,3315556,179030
ecdsa-P-384,verify,127,3314000,178946
ecdsa-P-384,verify,128,3310704,178771
ecdsa-P-384,verify,129,3324130,179497
ecdsa-P-384,verify,130,3325389,179562
ecdsa-P-384,verify,131,3317074,179113
ecdsa-P-384,verify,132,3319314,179234
ecdsa-P-384,verify,133,3320408,179292
ecdsa-P-384,verify,134,3309407,178702
ecdsa-P-384,verify,135,3318297,179182
ecdsa-P-384,verify,136,3318833,179209
ecdsa-P-384,verify,137,3324611,179521
ecdsa-P-384,verify,138,3314574,178978
ecdsa-P-384,verify,139,3322703,179417
ecdsa-P-384,verify,140,3309519,178707
ecdsa-P-384,verify,141,3327796,179694
ecdsa-P-384,verify,142,3324112,179494
ecdsa-P-384,verify,143,3322648,179415
ecdsa-P-384,verify,144,3333223,179985
ecdsa-P-384,verify,145,3316555,179085
ecdsa-P-384,verify,146,3309000,178679
ecdsa-P-384,verify,147,3315722,179044
ecdsa-P-384,verify,148,3315537,179029
ecdsa-P-384,verify,149,3321426,179348
ecdsa-P-384,verify,150,3318518,179191
ecdsa-P-384,verify,151,3342556,180489
ecdsa-P-384,verify,152,3310074,178737
ecdsa-P-384,verify,153,3320296,179289
ecdsa-P-384,verify,154,3395167,183329
ecdsa-P-384,verify,155,3324333,179505
ecdsa-P-384,verify,156,3315166,179010
ecdsa-P-384,verify,157,3317667,179145
ecdsa-P-384,verify,158,3349000,180839
ecdsa-P-384,verify,159,3330760,179854
ecdsa-P-384,verify,160,3321314,179341
ecdsa-P-384,verify,161,3318389,179184
ecdsa-P-384,verify,162,3322074,179381
ecdsa-P-384,verify,163,3321722,179365
ecdsa-P-384,verify,164,3307370,178591
ecdsa-P-384,verify,165,3323482,179461
ecdsa-P-384,verify,166,3319167,179225
ecdsa-P-384,verify,167,3315500,179027
ecdsa-P-384,verify,168,3321166,179334
ecdsa-P-384,verify,169,3327907,179698
ecdsa-P-384,verify,170,3299759,178180
ecdsa-P-384,verify,171,3308129,178633
ecdsa-P-384,verify,172,3325740,179580
ecdsa-P-384,verify,173,3336926,180184
ecdsa-P-384,verify,174,3321685,179363
ecdsa-P-384,verify,175,3315000,179001
ecdsa-P-384,verify,176,3305796,178507
ecdsa-P-384,verify,177,3309945,178730
ecdsa-P-384,verify,178,3318759,179203
ecdsa-P-384,verify,179,3317185,179119
ecdsa-P-384,verify,180,3317889,179157
ecdsa-P-384,verify,181,3322444,179402
ecdsa-P-384,verify,182,3313334,178914
ecdsa-P-384,verify,183,3351259,180962
ecdsa-P-384,verify,184,3331926,179914
ecdsa-P-384,verify,185,3323408,179454
ecdsa-P-384,verify,186,3322297,179395
ecdsa-P-384,verify,187,3323241,179446
ecdsa-P-384,verify,188,3337186,180202
ecdsa-P-384,verify,189,3343630,180550
ecdsa-P-384,verify,190,3314426,178969
ecdsa-P-384,verify,191,3316722,179093
ecdsa-P-384,verify,192,3319778,179259
ecdsa-P-384,verify,193,3311759,178827
ecdsa-P-384,verify,194,3313907,178945
ecdsa-P-384,verify,195,3314593,178982
ecdsa-P-384,verify,196,3322574,179410
ecdsa-P-384,verify,197,3319463,179241
ecdsa-P-384,verify,198,3322814,179424
ecdsa-P-384,verify,199,3327760,179689
ecdsa-P-384,verify,200,3311481,178814
ecdsa-P-384,verify,201,3321260,179340
ecdsa-P-384,verify,202,3315963,179053
ecdsa-P-384,verify,203,3311148,178793
ecdsa-P-384,verify,204,3311463,178809
ecdsa-P-384,verify,205,3304426,178431
ecdsa-P-384,verify,206,3306462,178543
ecdsa-P-384,verify,207,3307722,178607
ecdsa-P-384,verify,208,3305926,178511
ecdsa-P-384,verify,209,3329407,179779
ecdsa-P-384,verify,210,3324741,179526
ecdsa-P-384,verify,211,3334852,180074
ecdsa-P-384,verify,212,3317315,179129
ecdsa-P-384,verify,213,3315852,179048
ecdsa-P-384,verify,214,3331963,179917
ecdsa-P-384,verify,215,3323907,179481
ecdsa-P-384,verify,216,3319111,179222
ecdsa-P-384,verify,217,3318760,179205
ecdsa-P-384,verify,218,3323018,179438
ecdsa-P-384,verify,219,3316444,179079
ecdsa-P-384,verify,220,3326889,179643
ecdsa-P-384,verify,221,3322166,179387
ecdsa-P-384,verify,222,3320908,179320
ecdsa-P-384,verify,223,3314908,178999
ecdsa-P-384,verify,224,3316556,179088
ecdsa-P-384,verify,225,3318574,179194
ecdsa-P-384,verify,226,3328185,179713
ecdsa-P-384,verify,227,3315389,179022
ecdsa-P-384,verify,228,3321351,179343
ecdsa-P-384,verify,229,3321296,179344
ecdsa-P-384,verify,230,3317500,179138
ecdsa-P-384,verify,231,3316556,179084
ecdsa-P-384,verify,232,3322722,179417
ecdsa-P-384,verify,233,3321555,179354
ecdsa-P-384,verify,234,3322426,179402
ecdsa-P-384,verify,235,3309333,178697
ecdsa-P-384,verify,236,3316037,179058
ecdsa-P-384,verify,237,3316685,179091
ecdsa-P-384,verify,238,3318166,179172
ecdsa-P-384,verify,239,3319204,179227
ecdsa-P-384,verify,240,3316870,179102
ecdsa-P-384,verify,241,3326074,179600
ecdsa-P-384,verify,242,3318630,179199
ecdsa-P-384,verify,243,3319185,179227
ecdsa-P-384,verify,244,3326685,179633
ecdsa-P-384,verify,245,3317611,179142
ecdsa-P-384,verify,246,3313852,178939
ecdsa-P-384,verify,247,3314574,178981
ecdsa-P-384,verify,248,3316166,179066
ecdsa-P-384,verify,249,3321685,179362
ecdsa-P-384,verify,250,3355148,181169
ecdsa-P-384,verify,251,3321000,179325
ecdsa-P-384,verify,252,3325148,179548
ecdsa-P-384,verify,253,3308204,178637
ecdsa-P-384,verify,254,3328130,179713
ecdsa-P-384,verify,255,3314296,178962
ecdsa-P-384,verify,256,3328019,179704
ecdsa-P-384,verify,257,3316778,179098
ecdsa-P-384,verify,258,3319352,179235
ecdsa-P-384,verify,259,3322166,179391
ecdsa-P-384,verify,260,3320333,179291
ecdsa-P-384,verify,261,3326574,179625
ecdsa-P-384,verify,262,3328167,179711
ecdsa-P-384,verify,263,3320148,179278
ecdsa-P-384,verify,264,3324815,179530
ecdsa-P-384,verify,265,3310241,178746
ecdsa-P-384,verify,266,3316370,179077
ecdsa-P-384,verify,267,3320630,179306
ecdsa-P-384,verify,268,3324204,179498
ecdsa-P-384,verify,269,3318167,179171
ecdsa-P-384,verify,270,3321148,179334
ecdsa-P-384,verify,271,3322796,179425
ecdsa-P-384,verify,272,3321556,179356
ecdsa-P-384,verify,273,3315111,179006
ecdsa-P-384,verify,274,3337204,180200
ecdsa-P-384,verify,275,3314037,178948
ecdsa-P-384,verify,276,3313889,178941
ecdsa-P-384,verify,277,3315259,179017
ecdsa-P-384,verify,278,3315315,179017
ecdsa-P-384,verify,279,3337037,180190
ecdsa-P-384,verify,280,3327741,179689
ecdsa-P-384,verify,281,3320371,179290
ecdsa-P-384,verify,282,3315185,179010
ecdsa-P-384,verify,283,3314389,178969
ecdsa-P-384,verify,284,3323797,179475
ecdsa-P-384,verify,285,3318277,179177
ecdsa-P-384,verify,286,3316000,179054
ecdsa-P-384,verify,287,3309056,178680
ecdsa-P-384,verify,288,3305981,178515
ecdsa-P-384,verify,289,3322778,179423
ecdsa-P-384,verify,290,3317130,179114
ecdsa-P-384,verify,291,3311574,178817
ecdsa-P-384,verify,292,3311408,178808
ecdsa-P-384,verify,293,3321814,179369
ecdsa-P-384,verify,294,3299852,178184
ecdsa-P-384,verify,295,3312926,178891
ecdsa-P-384,verify,296,3312685,178876
ecdsa-P-384,verify,297,3314314,178964
ecdsa-P-384,verify,298,3309167,178685
ecdsa-P-384,verify,299,3314352,178964
ecdsa-P-384,verify,300,3303167,178365
ecdsa-P-384,verify,301,3315000,179002
ecdsa-P-384,verify,302,3309759,178718
ecdsa-P-384,verify,303,3315666,179037
ecdsa-P-384,verify,304,3317648,179143
ecdsa-P-384,verify,305,3315185,179010
ecdsa-P-384,verify,306,3306871,178563
ecdsa-P-384,verify,307,3314334,178968
ecdsa-P-384,verify,308,3313556,178922
ecdsa-P-384,verify,309,3315277,179016
ecdsa-P-384,verify,310,3318333,179180
ecdsa-P-384,verify,311,3313925,178942
ecdsa-P-384,verify,312,3304093,178414
ecdsa-P-384,verify,313,3311889,178836
ecdsa-P-384,verify,314,3316759,179096
ecdsa-P-384,verify,315,3311926,178835
ecdsa-P-384,verify,316,3317685,179146
ecdsa-P-384,verify,317,3312518,178867
ecdsa-P-384,verify,318,3304907,178458
ecdsa-P-384,verify,319,3322333,179400
ecdsa-P-384,verify,320,3314056,178950
ecdsa-P-384,verify,321,3313796,178935
ecdsa-P-384,verify,322,3319315,179235
ecdsa-P-384,verify,323,3329222,179769
ecdsa-P-384,verify,324,3304685,178447
ecdsa-P-384,verify,325,3316982,179106
ecdsa-P-384,verify,326,3315889,179049
ecdsa-P-384,verify,327,3344167,180575
ecdsa-P-384,verify,328,3317055,179112
ecdsa-P-384,verify,329,3317315,179126
ecdsa-P-384,verify,330,3305333,178480
ecdsa-P-384,verify,331,3311204,178795
ecdsa-P-384,verify,332,3316908,179104
ecdsa-P-384,verify,333,3315277,179016
ecdsa-P-384,verify,334,3322889,179426
ecdsa-P-384,verify,335,3305704,178503
ecdsa-P-384,verify,336,3311537,178816
ecdsa-P-384,verify,337,3316278,179069
ecdsa-P-384,verify,338,3315555,179031
ecdsa-P-384,verify,339,3326055,179597
ecdsa-P-384,verify,340,3317278,179124
ecdsa-P-384,verify,341,3323556,179465
ecdsa-P-384,verify,342,3310037,178735
ecdsa-P-384,verify,343,3322500,179405
ecdsa-P-384,verify,344,3323296,179448
ecdsa-P-384,verify,345,3314630,178981
ecdsa-P-384,verify,346,3333667,180009
ecdsa-P-384,verify,347,3308203,178636
ecdsa-P-384,verify,348,3307889,178619
ecdsa-P-384,verify,349,3319648,179251
ecdsa-P-384,verify,350,3313240,178905
ecdsa-P-384,verify,351,3312407,178862
ecdsa-P-384,verify,352,3322315,179396
ecdsa-P-384,verify,353,3301685,178284
ecdsa-P-384,verify,354,3318907,179215
ecdsa-P-384,verify,355,3314575,178978
ecdsa-P-384,verify,356,3313871,178939
ecdsa-P-384,verify,357,3305445,178485
ecdsa-P-384,verify,358,3312592,178871
ecdsa-P-384,verify,359,3307740,178612
ecdsa-P-384,verify,360,3315371,179023
ecdsa-P-384,verify,361,3311833,178829
ecdsa-P-384,verify,362,3314185,178958
ecdsa-P-384,verify,363,3315592,179032
ecdsa-P-384,verify,364,3335093,180086
ecdsa-P-384,verify,365,3307315,178589
ecdsa-P-384,verify,366,3312389,178861
ecdsa-P-384,verify,367,3315445,179024
ecdsa-P-384,verify,368,3314870,178993
ecdsa-P-384,verify,369,3309926,178725
ecdsa-P-384,verify,370,3311482,178810
ecdsa-P-384,verify,371,3299018,178141
ecdsa-P-384,verify,372,3313056,178898
ecdsa-P-384,verify,373,3312593,178870
ecdsa-P-384,verify,374,3317241,179122
ecdsa-P-384,verify,375,3311149,178793
ecdsa-P-384,verify,376,3315500,179028
ecdsa-P-384,verify,377,3306407,178539
ecdsa-P-384,verify,378,3315333,179019
ecdsa-P-384,verify,379,3327056,179651
ecdsa-P-384,verify,380,3311370,178805
ecdsa-P-384,verify,381,3315444,179023
ecdsa-P-384,verify,382,3306444,178542
ecdsa-P-384,verify,383,3315297,179019
ecdsa-P-384,verify,384,3310148,178738
ecdsa-P-384,verify,385,3313278,178907
ecdsa-P-384,verify,386,3317444,179133
ecdsa-P-384,verify,387,3314204,178957
ecdsa-P-384,verify,388,3313408,178918
ecdsa-P-384,verify,389,3315889,179052
ecdsa-P-384,verify,390,3311445,178808
ecdsa-P-384,verify,391,3314814,178990
ecdsa-P-384,verify,392,3314908,178995
ecdsa-P-384,verify,393,3312555,178868
ecdsa-P-384,verify,394,3312926,178892
ecdsa-P-384,verify,395,3316260,179072
ecdsa-P-384,verify,396,3314759,178988
ecdsa-P-384,verify,397,3318519,179191
ecdsa-P-384,verify,398,3314722,178985
ecdsa-P-384,verify,399,3317166,179118
ecdsa-P-384,verify,400,3309222,178690
ecdsa-P-384,verify,401,3310778,178775
ecdsa-P-384,verify,402,3318703,179201
ecdsa-P-384,verify,403,3318518,179192
ecdsa-P-384,verify,404,3323204,179445
ecdsa-P-384,verify,405,3321945,179376
ecdsa-P-384,verify,406,3331222,179880
ecdsa-P-384,verify,407,3319592,179252
ecdsa-P-384,verify,408,3317666,179145
ecdsa-P-384,verify,409,3328778,179745
ecdsa-P-384,verify,410,3316685,179091
ecdsa-P-384,verify,411,3316129,179063
ecdsa-P-384,verify,412,3305537,178493
ecdsa-P-384,verify,413,3312852,178887
ecdsa-P-384,verify,414,3310871,178778
ecdsa-P-384,verify,415,3313852,178939
ecdsa-P-384,verify,416,3314315,178963
ecdsa-P-384,verify,417,3317296,179125
ecdsa-P-384,verify,418,3303907,178404
ecdsa-P-384,verify,419,3313426,178918
ecdsa-P-384,verify,420,3315222,179013
ecdsa-P-384,verify,421,3325945,179592
ecdsa-P-384,verify,422,3326963,179646
ecdsa-P-384,verify,423,3310333,178749
ecdsa-P-384,verify,424,3324129,179497
ecdsa-P-384,verify,425,3311092,178790
ecdsa-P-384,verify,426,3315260,179015
ecdsa-P-384,verify,427,3322926,179429
ecdsa-P-384,verify,428,3315889,179048
ecdsa-P-384,verify,429,3300667,178230
ecdsa-P-384,verify,430,3310814,178778
ecdsa-P-384,verify,431,3313889,178941
ecdsa-P-384,verify,432,3312944,178888
ecdsa-P-384,verify,433,3476648,187727
ecdsa-P-384,verify,434,3433037,185373
ecdsa-P-384,verify,435,3799482,205162
ecdsa-P-384,verify,436,3307907,178621
ecdsa-P-384,verify,437,3317037,179112
ecdsa-P-384,verify,438,3310408,178752
ecdsa-P-384,verify,439,3327981,179702
ecdsa-P-384,verify,440,3313500,178919
ecdsa-P-384,verify,441,3316074,179058
ecdsa-P-384,verify,442,3307537,178601
ecdsa-P-384,verify,443,3315889,179051
ecdsa-P-384,verify,444,3320370,179290
ecdsa-P-384,verify,445,3478982,187854
ecdsa-P-384,verify,446,3350389,180911
ecdsa-P-384,verify,447,3741426,202026
ecdsa-P-384,verify,448,3647797,196970
ecdsa-P-384,verify,449,3323482,179458
ecdsa-P-384,verify,450,3309852,178725
ecdsa-P-384,verify,451,3320685,179310
ecdsa-P-384,verify,452,3317500,179135
ecdsa-P-384,verify,453,3317796,179152
ecdsa-P-384,verify,454,3325815,179584
ecdsa-P-384,verify,455,3312981,178892
ecdsa-P-384,verify,456,3301815,178292
ecdsa-P-384,verify,457,3312592,178871
ecdsa-P-384,verify,458,3523796,190276
ecdsa-P-384,verify,459,3373703,182170
ecdsa-P-384,verify,460,3767352,203426
ecdsa-P-384,verify,461,3885741,209820
ecdsa-P-384,verify,462,3324000,179487
ecdsa-P-384,verify,463,3303537,178384
ecdsa-P-384,verify,464,3312741,178881
ecdsa-P-384,verify,465,3318241,179175
ecdsa-P-384,verify,466,3315889,179049
ecdsa-P-384,verify,467,3312056,178842
ecdsa-P-384,verify,468,3309815,178721
ecdsa-P-384,verify,469,3320018,179273
ecdsa-P-384,verify,470,3315834,179048
ecdsa-P-384,verify,471,3313796,178935
ecdsa-P-384,verify,472,3317463,179134
ecdsa-P-384,verify,473,3315574,179031
ecdsa-P-384,verify,474,3314833,178992
ecdsa-P-384,verify,475,3302389,178323
ecdsa-P-384,verify,476,3314796,178993
ecdsa-P-384,verify,477,3310815,178775
ecdsa-P-384,verify,478,3311778,178827
ecdsa-P-384,verify,479,3312240,178851
ecdsa-P-384,verify,480,3356889,181262
ecdsa-P-384,verify,481,3304334,178427
ecdsa-P-384,verify,482,3311833,178832
ecdsa-P-384,verify,483,3314444,178971
ecdsa-P-384,verify,484,3318611,179195
ecdsa-P-384,verify,485,3316778,179097
ecdsa-P-384,verify,486,3307297,178584
ecdsa-P-384,verify,487,3329222,179772
ecdsa-P-384,verify,488,3310185,178743
ecdsa-P-384,verify,489,3316055,179058
ecdsa-P-384,verify,490,3310834,178775
ecdsa-P-384,verify,491,3315537,179030
ecdsa-P-384,verify,492,3313778,178935
ecdsa-P-384,verify,493,3306703,178555
ecdsa-P-384,verify,494,3308537,178654
ecdsa-P-384,verify,495,3310037,178734
ecdsa-P-384,verify,496,3313926,178944
ecdsa-P-384,verify,497,3317129,179115
ecdsa-P-384,verify,498,3314574,178978
ecdsa-P-384,verify,499,3308963,178677
ecdsa-P-384,verify,500,3314315,178965
ecdsa-P-384,verify,501,3316019,179055
ecdsa-P-384,verify,502,3316408,179077
ecdsa-P-384,verify,503,3352185,181008
ecdsa-P-384,verify,504,3325074,179547
ecdsa-P-384,verify,505,3311056,178790
ecdsa-P-384,verify,506,3315704,179038
ecdsa-P-384,verify,507,3321111,179331
ecdsa-P-384,verify,508,3318056,179165
ecdsa-P-384,verify,509,3332741,179957
ecdsa-P-384,verify,510,3308629,178659
ecdsa-P-384,verify,511,3329074,179763
ecdsa-P-384,verify,512,3319111,179223
ecdsa-P-384,verify,513,3317649,179144
ecdsa-P-384,verify,514,3328167,179712
ecdsa-P-384,verify,515,3317111,179115
ecdsa-P-384,verify,516,3302055,178306
ecdsa-P-384,verify,517,3330129,179820
ecdsa-P-384,verify,518,3313204,178903
ecdsa-P-384,verify,519,3307259,178582
ecdsa-P-384,verify,520,3312703,178876
ecdsa-P-384,verify,521,3313500,178920
ecdsa-P-384,verify,522,3302852,178348
ecdsa-P-384,verify,523,3314592,178981
ecdsa-P-384,verify,524,3313574,178923
ecdsa-P-384,verify,525,3313018,178893
ecdsa-P-384,verify,526,3312277,178854
ecdsa-P-384,verify,527,3317722,179147
ecdsa-P-384,verify,528,3303333,178374
ecdsa-P-384,verify,529,3328518,179734
ecdsa-P-384,verify,530,3313592,178925
ecdsa-P-384,verify,531,3310166,178740
ecdsa-P-384,verify,532,3315018,179002
ecdsa-P-384,verify,533,3312685,178875
ecdsa-P-384,verify,534,3321926,179378
ecdsa-P-384,verify,535,3310389,178755
ecdsa-P-384,verify,536,3311333,178802
ecdsa-P-384,verify,537,3316778,179098
ecdsa-P-384,verify,538,3309389,178697
ecdsa-P-384,verify,539,3314759,178988
ecdsa-P-384,verify,540,3304537,178437
ecdsa-P-384,verify,541,3335333,180102
ecdsa-P-384,verify,542,3310278,178745
ecdsa-P-384,verify,543,3337481,180216
ecdsa-P-384,verify,544,3318389,179184
ecdsa-P-384,verify,545,3313722,178932
ecdsa-P-384,verify,546,3306111,178523
ecdsa-P-384,verify,547,3316222,179069
ecdsa-P-384,verify,548,3314444,178970
ecdsa-P-384,verify,549,3315481,179027
ecdsa-P-384,verify,550,3317075,179113
ecdsa-P-384,verify,551,3309796,178721
ecdsa-P-384,verify,552,3299519,178167
ecdsa-P-384,verify,553,3313463,178916
ecdsa-P-384,verify,554,3315945,179052
ecdsa-P-384,verify,555,3317019,179109
ecdsa-P-384,verify,556,3314351,178965
ecdsa-P-384,verify,557,3307037,178572
ecdsa-P-384,verify,558,3320611,179306
ecdsa-P-384,verify,559,3328389,179723
ecdsa-P-384,verify,560,3315092,179006
ecdsa-P-384,verify,561,3319926,179267
ecdsa-P-384,verify,562,3316685,179092
ecdsa-P-384,verify,563,3300407,178215
ecdsa-P-384,verify,564,3316889,179105
ecdsa-P-384,verify,565,3314741,178986
ecdsa-P-384,verify,566,3312167,178847
ecdsa-P-384,verify,567,3314240,178960
ecdsa-P-384,verify,568,3322129,179385
ecdsa-P-384,verify,569,3317130,179118
ecdsa-P-384,verify,570,3315611,179036
ecdsa-P-384,verify,571,3320778,179313
ecdsa-P-384,verify,572,3310167,178739
ecdsa-P-384,verify,573,3309907,178727
ecdsa-P-384,verify,574,3324778,179529
ecdsa-P-384,verify,575,3299871,178186
ecdsa-P-384,verify,576,3321537,179356
ecdsa-P-384,verify,577,3312611,178872
ecdsa-P-384,verify,578,3309407,178699
ecdsa-P-384,verify,579,3309463,178702
ecdsa-P-384,verify,580,3311778,178826
ecdsa-P-384,verify,581,3317704,179149
ecdsa-P-384,verify,582,3327574,179683
ecdsa-P-384,verify,583,3319500,179244
ecdsa-P-384,verify,584,3317889,179157
ecdsa-P-384,verify,585,3314537,178976
ecdsa-P-384,verify,586,3343537,180541
ecdsa-P-384,verify,587,3311260,178802
ecdsa-P-384,verify,588,3321963,179380
ecdsa-P-384,verify,589,3335778,180123
ecdsa-P-384,verify,590,3321333,179343
ecdsa-P-384,verify,591,3320611,179304
ecdsa-P-384,verify,592,3318797,179205
ecdsa-P-384,verify,593,3309963,178731
ecdsa-P-384,verify,594,3319648,179254
ecdsa-P-384,verify,595,3321167,179334
ecdsa-P-384,verify,596,3322500,179406
ecdsa-P-384,verify,597,3323370,179452
ecdsa-P-384,verify,598,3318111,179169
ecdsa-P-384,verify,599,3331333,179885
ecdsa-P-384,verify,600,3315945,179053
ecdsa-P-384,verify,601,3338889,180289
ecdsa-P-384,verify,602,3309203,178687
ecdsa-P-384,verify,603,3316148,179062
ecdsa-P-384,verify,604,3321648,179359
ecdsa-P-384,verify,605,3302315,178318
ecdsa-P-384,verify,606,3315186,179011
ecdsa-P-384,verify,607,3315611,179035
ecdsa-P-384,verify,608,3326963,179646
ecdsa-P-384,verify,609,3316722,179094
ecdsa-P-384,verify,610,3311167,178794
ecdsa-P-384,verify,611,3305630,178497
ecdsa-P-384,verify,612,3318722,179201
ecdsa-P-384,verify,613,3310148,178739
ecdsa-P-384,verify,614,3310537,178760
ecdsa-P-384,verify,615,3318648,179199
ecdsa-P-384,verify,616,3308814,178670
ecdsa-P-384,verify,617,3314074,178953
ecdsa-P-384,verify,618,3311185,178794
ecdsa-P-384,verify,619,3319259,179230
ecdsa-P-384,verify,620,3310352,178750
ecdsa-P-384,verify,621,3312796,178881
ecdsa-P-384,verify,622,3311481,178813
ecdsa-P-384,verify,623,3309852,178725
ecdsa-P-384,verify,624,3313149,178900
ecdsa-P-384,verify,625,3319444,179241
ecdsa-P-384,verify,626,3321815,179369
ecdsa-P-384,verify,627,3313741,178933
ecdsa-P-384,verify,628,3300093,178198
ecdsa-P-384,verify,629,3313574,178927
ecdsa-P-384,verify,630,3312722,178878
ecdsa-P-384,verify,631,3315166,179010
ecdsa-P-384,verify,632,3312482,178866
ecdsa-P-384,verify,633,3316777,179097
ecdsa-P-384,verify,634,3309018,178680
ecdsa-P-384,verify,635,3340148,180362
ecdsa-P-384,verify,636,3316129,179062
ecdsa-P-384,verify,637,3317870,179155
ecdsa-P-384,verify,638,3325241,179553
ecdsa-P-384,verify,639,3319982,179268
ecdsa-P-384,verify,640,3307481,178597
ecdsa-P-384,verify,641,3319314,179237
ecdsa-P-384,verify,642,3319759,179258
ecdsa-P-384,verify,643,3319018,179217
ecdsa-P-384,verify,644,3320445,179294
ecdsa-P-384,verify,645,3316537,179083
ecdsa-P-384,verify,646,3315333,179021
ecdsa-P-384,verify,647,3317500,179139
ecdsa-P-384,verify,648,3321815,179367
ecdsa-P-384,verify,649,3331630,179899
ecdsa-P-384,verify,650,3340223,180363
ecdsa-P-384,verify,651,3317222,179122
ecdsa-P-384,verify,652,3313500,178922
ecdsa-P-384,verify,653,3318981,179219
ecdsa-P-384,verify,654,3321056,179327
ecdsa-P-384,verify,655,3319278,179232
ecdsa-P-384,verify,656,3318518,179190
ecdsa-P-384,verify,657,3318926,179213
ecdsa-P-384,verify,658,3313778,178938
ecdsa-P-384,verify,659,3318185,179175
ecdsa-P-384,verify,660,3316166,179063
ecdsa-P-384,verify,661,3321444,179348
ecdsa-P-384,verify,662,3330426,179834
ecdsa-P-384,verify,663,3315297,179017
ecdsa-P-384,verify,664,3335889,180131
ecdsa-P-384,verify,665,3321685,179362
ecdsa-P-384,verify,666,3320685,179307
ecdsa-P-384,verify,667,3319056,179220
ecdsa-P-384,verify,668,3324277,179501
ecdsa-P-384,verify,669,3323760,179475
ecdsa-P-384,verify,670,3305629,178498
ecdsa-P-384,verify,671,3316371,179074
ecdsa-P-384,verify,672,3318722,179202
ecdsa-P-384,verify,673,3323685,179470
ecdsa-P-384,verify,674,3328092,179706
ecdsa-P-384,verify,675,3308722,178664
ecdsa-P-384,verify,676,3318241,179178
ecdsa-P-384,verify,677,3323314,179449
ecdsa-P-384,verify,678,3325185,179550
ecdsa-P-384,verify,679,3330722,179850
ecdsa-P-384,verify,680,3328722,179742
ecdsa-P-384,verify,681,3304037,178412
ecdsa-P-384,verify,682,3317352,179131
ecdsa-P-384,verify,683,3311019,178786
ecdsa-P-384,verify,684,3321148,179332
ecdsa-P-384,verify,685,3325871,179587
ecdsa-P-384,verify,686,3313963,178945
ecdsa-P-384,verify,687,3309518,178708
ecdsa-P-384,verify,688,3315908,179053
ecdsa-P-384,verify,689,3321685,179362
ecdsa-P-384,verify,690,3318963,179214
ecdsa-P-384,verify,691,3323740,179474
ecdsa-P-384,verify,692,3317685,179145
ecdsa-P-384,verify,693,3310722,178772
ecdsa-P-384,verify,694,3330407,179836
ecdsa-P-384,verify,695,3320074,179274
ecdsa-P-384,verify,696,3318667,179197
ecdsa-P-384,verify,697,3320685,179307
ecdsa-P-384,verify,698,3317019,179109
ecdsa-P-384,verify,699,3309797,178722
ecdsa-P-384,verify,700,3326463,179622
ecdsa-P-384,verify,701,3318223,179174
ecdsa-P-384,verify,702,3319167,179226
ecdsa-P-384,verify,703,3316037,179056
ecdsa-P-384,verify,704,3320371,179290
ecdsa-P-384,verify,705,3462704,186976
ecdsa-P-384,verify,706,3347982,180783
ecdsa-P-384,verify,707,3320055,179273
ecdsa-P-384,verify,708,3321685,179360
ecdsa-P-384,verify,709,3339019,180296
ecdsa-P-384,verify,710,3314278,178961
ecdsa-P-384,verify,711,3313129,178901
ecdsa-P-384,verify,712,3317482,179137
ecdsa-P-384,verify,713,3319222,179229
ecdsa-P-384,verify,714,3318037,179165
ecdsa-P-384,verify,715,3322834,179423
ecdsa-P-384,verify,716,3318055,179167
ecdsa-P-384,verify,717,3310296,178750
ecdsa-P-384,verify,718,3322370,179401
ecdsa-P-384,verify,719,3315704,179038
ecdsa-P-384,verify,720,3322389,179399
ecdsa-P-384,verify,721,3319907,179265
ecdsa-P-384,verify,722,3311963,178837
ecdsa-P-384,verify,723,3309889,178727
ecdsa-P-384,verify,724,3327907,179701
ecdsa-P-384,verify,725,3315389,179022
ecdsa-P-384,verify,726,3318722,179201
ecdsa-P-384,verify,727,3322130,179385
ecdsa-P-384,verify,728,3320333,179289
ecdsa-P-384,verify,729,3313833,178940
ecdsa-P-384,verify,730,3319167,179229
ecdsa-P-384,verify,731,3308926,178672
ecdsa-P-384,verify,732,3309259,178691
ecdsa-P-384,verify,733,3313722,178931
ecdsa-P-384,verify,734,3309371,178697
ecdsa-P-384,verify,735,3302129,178307
ecdsa-P-384,verify,736,3340463,180378
ecdsa-P-384,verify,737,3318463,179187
ecdsa-P-384,verify,738,3317203,179121
ecdsa-P-384,verify,739,3324852,179533
ecdsa-P-384,verify,740,3315629,179034
ecdsa-P-384,verify,741,3309518,178708
ecdsa-P-384,verify,742,3317722,179151
ecdsa-P-384,verify,743,3312778,178880
ecdsa-P-384,verify,744,3317352,179127
ecdsa-P-384,verify,745,3313389,178913
ecdsa-P-384,verify,746,3317630,179142
ecdsa-P-384,verify,747,3299889,178188
ecdsa-P-384,verify,748,3310574,178762
ecdsa-P-384,verify,749,3314315,178963
ecdsa-P-384,verify,750,3309593,178709
ecdsa-P-384,verify,751,3329593,179789
ecdsa-P-384,verify,752,3304111,178415
ecdsa-P-384,verify,753,3314574,178980
ecdsa-P-384,verify,754,3322037,179380
ecdsa-P-384,verify,755,3309555,178706
ecdsa-P-384,verify,756,3315518,179029
ecdsa-P-384,verify,757,3317370,179128
ecdsa-P-384,verify,758,3303982,178408
ecdsa-P-384,verify,759,3313537,178923
ecdsa-P-384,verify,760,3314278,178961
ecdsa-P-384,verify,761,3316019,179056
ecdsa-P-384,verify,762,3311333,178802
ecdsa-P-384,verify,763,3321037,179327
ecdsa-P-384,verify,764,3312259,178856
ecdsa-P-384,verify,765,3319481,179246
ecdsa-P-384,verify,766,3316185,179065
ecdsa-P-384,verify,767,3314778,178989
ecdsa-P-384,verify,768,3318370,179183
ecdsa-P-384,verify,769,3396759,183416
ecdsa-P-384,verify,770,3307667,178609
ecdsa-P-384,verify,771,3324019,179491
ecdsa-P-384,verify,772,3312425,178863
ecdsa-P-384,verify,773,3318629,179197
ecdsa-P-384,verify,774,3317500,179135
ecdsa-P-384,verify,775,3314963,179000
ecdsa-P-384,verify,776,3302166,178310
ecdsa-P-384,verify,777,3316741,179097
ecdsa-P-384,verify,778,3319426,179239
ecdsa-P-384,verify,779,3475426,187662
ecdsa-P-384,verify,780,3477408,187770
ecdsa-P-384,verify,781,3748815,202426
ecdsa-P-384,verify,782,3327056,179651
ecdsa-P-384,verify,783,3306537,178547
ecdsa-P-384,verify,784,3331945,179918
ecdsa-P-384,verify,785,3320074,179275
ecdsa-P-384,verify,786,3320722,179310
ecdsa-P-384,verify,787,3322408,179400
ecdsa-P-384,verify,788,3370408,181992
ecdsa-P-384,verify,789,3313611,178929
ecdsa-P-384,verify,790,3319593,179253
ecdsa-P-384,verify,791,3471907,187472
ecdsa-P-384,verify,792,3347222,180741
ecdsa-P-384,verify,793,3818593,206192
ecdsa-P-384,verify,794,3577945,193199
ecdsa-P-384,verify,795,3314630,178980
ecdsa-P-384,verify,796,3325111,179550
ecdsa-P-384,verify,797,3317556,179141
ecdsa-P-384,verify,798,3314260,178960
ecdsa-P-384,verify,799,3323592,179465
ecdsa-P-384,verify,800,3311722,178824
ecdsa-P-384,verify,801,3311056,178788
ecdsa-P-384,verify,802,3301685,178284
ecdsa-P-384,verify,803,3316685,179093
ecdsa-P-384,verify,804,3523037,190232
ecdsa-P-384,verify,805,3365963,181753
ecdsa-P-384,verify,806,3767833,203452
ecdsa-P-384,verify,807,3835963,207130
ecdsa-P-384,verify,808,3317834,179155
ecdsa-P-384,verify,809,3309093,178682
ecdsa-P-384,verify,810,3306093,178522
ecdsa-P-384,verify,811,3330685,179851
ecdsa-P-384,verify,812,3312167,178849
ecdsa-P-384,verify,813,3314093,178952
ecdsa-P-384,verify,814,3322093,179384
ecdsa-P-384,verify,815,3315111,179007
ecdsa-P-384,verify,816,3301167,178257
ecdsa-P-384,verify,817,3308222,178637
ecdsa-P-384,verify,818,3309333,178694
ecdsa-P-384,verify,819,3312593,178870
ecdsa-P-384,verify,820,3311537,178814
ecdsa-P-384,verify,821,3310722,178770
ecdsa-P-384,verify,822,3310204,178744
ecdsa-P-384,verify,823,3310908,178779
ecdsa-P-384,verify,824,3313592,178923
ecdsa-P-384,verify,825,3310018,178732
ecdsa-P-384,verify,826,3312037,178841
ecdsa-P-384,verify,827,3307907,178621
ecdsa-P-384,verify,828,3316426,179081
ecdsa-P-384,verify,829,3319629,179251
ecdsa-P-384,verify,830,3308833,178668
ecdsa-P-384,verify,831,3313370,178913
ecdsa-P-384,verify,832,3337185,180199
ecdsa-P-384,verify,833,3305963,178516
ecdsa-P-384,verify,834,3316944,179108
ecdsa-P-384,verify,835,3310241,178743
ecdsa-P-384,verify,836,3310426,178754
ecdsa-P-384,verify,837,3310297,178747
ecdsa-P-384,verify,838,3309592,178709
ecdsa-P-384,verify,839,3305907,178513
ecdsa-P-384,verify,840,3315463,179029
ecdsa-P-384,verify,841,3319389,179238
ecdsa-P-384,verify,842,3315611,179034
ecdsa-P-384,verify,843,3315796,179044
ecdsa-P-384,verify,844,3323574,179462
ecdsa-P-384,verify,845,3301112,178254
ecdsa-P-384,verify,846,3312777,178884
ecdsa-P-384,verify,847,3321963,179376
ecdsa-P-384,verify,848,3326908,179643
ecdsa-P-384,verify,849,3323482,179459
ecdsa-P-384,verify,850,3317982,179162
ecdsa-P-384,verify,851,3304685,178446
ecdsa-P-384,verify,852,3317037,179112
ecdsa-P-384,verify,853,3321351,179343
ecdsa-P-384,verify,854,3316074,179058
ecdsa-P-384,verify,855,3354426,181129
ecdsa-P-384,verify,856,3322185,179388
ecdsa-P-384,verify,857,3304944,178461
ecdsa-P-384,verify,858,3316852,179103
ecdsa-P-384,verify,859,3339722,180336
ecdsa-P-384,verify,860,3323370,179453
ecdsa-P-384,verify,861,3317908,179158
ecdsa-P-384,verify,862,3327000,179649
ecdsa-P-384,verify,863,3305519,178492
ecdsa-P-384,verify,864,3326833,179642
ecdsa-P-384,verify,865,3317815,179152
ecdsa-P-384,verify,866,3315241,179013
ecdsa-P-384,verify,867,3310093,178735
ecdsa-P-384,verify,868,3314962,178998
ecdsa-P-384,verify,869,3300111,178199
ecdsa-P-384,verify,870,3307519,178599
ecdsa-P-384,verify,871,3317148,179117
ecdsa-P-384,verify,872,3316741,179094
ecdsa-P-384,verify,873,3314759,178988
ecdsa-P-384,verify,874,3323907,179482
ecdsa-P-384,verify,875,3312703,178879
ecdsa-P-384,verify,876,3317111,179117
ecdsa-P-384,verify,877,3324223,179498
ecdsa-P-384,verify,878,3317555,179139
ecdsa-P-384,verify,879,3322926,179428
ecdsa-P-384,verify,880,3320463,179296
ecdsa-P-384,verify,881,3311445,178812
ecdsa-P-384,verify,882,3321482,179350
ecdsa-P-384,verify,883,3314500,178974
ecdsa-P-384,verify,884,3320500,179299
ecdsa-P-384,verify,885,3326500,179620
ecdsa-P-384,verify,886,3309223,178693
ecdsa-P-384,verify,887,3325018,179543
ecdsa-P-384,verify,888,3315407,179023
ecdsa-P-384,verify,889,3332259,179932
ecdsa-P-384,verify,890,3319797,179261
ecdsa-P-384,verify,891,3321370,179344
ecdsa-P-384,verify,892,3312426,178864
ecdsa-P-384,verify,893,3320759,179314
ecdsa-P-384,verify,894,3353945,181103
ecdsa-P-384,verify,895,3320370,179292
ecdsa-P-384,verify,896,3334444,180051
ecdsa-P-384,verify,897,3314611,178980
ecdsa-P-384,verify,898,3302000,178302
ecdsa-P-384,verify,899,3319611,179253
ecdsa-P-384,verify,900,3315037,179003
ecdsa-P-384,verify,901,3316296,179070
ecdsa-P-384,verify,902,3311315,178801
ecdsa-P-384,verify,903,3309018,178678
ecdsa-P-384,verify,904,3312426,178864
ecdsa-P-384,verify,905,3313129,178902
ecdsa-P-384,verify,906,3311722,178823
ecdsa-P-384,verify,907,3313556,178922
ecdsa-P-384,verify,908,3314111,178952
ecdsa-P-384,verify,909,3313056,178896
ecdsa-P-384,verify,910,3302871,178349
ecdsa-P-384,verify,911,3307908,178621
ecdsa-P-384,verify,912,3318241,179176
ecdsa-P-384,verify,913,3313203,178903
ecdsa-P-384,verify,914,3336704,180173
ecdsa-P-384,verify,915,3318407,179185
ecdsa-P-384,verify,916,3306055,178520
ecdsa-P-384,verify,917,3322148,179389
ecdsa-P-384,verify,918,3321796,179366
ecdsa-P-384,verify,919,3331371,179884
ecdsa-P-384,verify,920,3323537,179462
ecdsa-P-384,verify,921,3322185,179389
ecdsa-P-384,verify,922,3311426,178810
ecdsa-P-384,verify,923,3322352,179401
ecdsa-P-384,verify,924,3328907,179752
ecdsa-P-384,verify,925,3322037,179380
ecdsa-P-384,verify,926,3338037,180245
ecdsa-P-384,verify,927,3321870,179371
ecdsa-P-384,verify,928,3308260,178639
ecdsa-P-384,verify,929,3315815,179047
ecdsa-P-384,verify,930,3318018,179163
ecdsa-P-384,verify,931,3340630,180385
ecdsa-P-384,verify,932,3317592,179140
ecdsa-P-384,verify,933,3318629,179198
ecdsa-P-384,verify,934,3320815,179318
ecdsa-P-384,verify,935,3317426,179133
ecdsa-P-384,verify,936,3320537,179300
ecdsa-P-384,verify,937,3317870,179155
ecdsa-P-384,verify,938,3318241,179176
ecdsa-P-384,verify,939,3323592,179465
ecdsa-P-384,verify,940,3312981,178894
ecdsa-P-384,verify,941,3317463,179137
ecdsa-P-384,verify,942,3346166,180684
ecdsa-P-384,verify,943,3327611,179682
ecdsa-P-384,verify,944,3321593,179357
ecdsa-P-384,verify,945,3319056,179220
ecdsa-P-384,verify,946,3312297,178857
ecdsa-P-384,verify,947,3313333,178913
ecdsa-P-384,verify,948,3317056,179111
ecdsa-P-384,verify,949,3322815,179423
ecdsa-P-384,verify,950,3312222,178851
ecdsa-P-384,verify,951,3297537,178060
ecdsa-P-384,verify,952,3312778,178882
ecdsa-P-384,verify,953,3313037,178894
ecdsa-P-384,verify,954,3315093,179006
ecdsa-P-384,verify,955,3317259,179122
ecdsa-P-384,verify,956,3311352,178803
ecdsa-P-384,verify,957,3304833,178455
ecdsa-P-384,verify,958,3312667,178877
ecdsa-P-384,verify,959,3317333,179126
ecdsa-P-384,verify,960,3321056,179327
ecdsa-P-384,verify,961,3314574,178977
ecdsa-P-384,verify,962,3313130,178900
ecdsa-P-384,verify,963,3303186,178365
ecdsa-P-384,verify,964,3326704,179635
ecdsa-P-384,verify,965,3316019,179056
ecdsa-P-384,verify,966,3314000,178947
ecdsa-P-384,verify,967,3312908,178888
ecdsa-P-384,verify,968,3308833,178668
ecdsa-P-384,verify,969,3304463,178434
ecdsa-P-384,verify,970,3313018,178896
ecdsa-P-384,verify,971,3318555,179193
ecdsa-P-384,verify,972,3316556,179084
ecdsa-P-384,verify,973,3312037,178841
ecdsa-P-384,verify,974,3310908,178779
ecdsa-P-384,verify,975,3302500,178328
ecdsa-P-384,verify,976,3309037,178682
ecdsa-P-384,verify,977,3310296,178746
ecdsa-P-384,verify,978,3313778,178935
ecdsa-P-384,verify,979,3345074,180626
ecdsa-P-384,verify,980,3318481,179188
ecdsa-P-384,verify,981,3306408,178539
ecdsa-P-384,verify,982,3312667,178878
ecdsa-P-384,verify,983,3315093,179006
ecdsa-P-384,verify,984,3313130,178901
ecdsa-P-384,verify,985,3309815,178721
ecdsa-P-384,verify,986,3306704,178553
ecdsa-P-384,verify,987,3306222,178528
ecdsa-P-384,verify,988,3316741,179098
ecdsa-P-384,verify,989,3326074,179598
ecdsa-P-384,verify,990,3310796,178773
ecdsa-P-384,verify,991,3336685,180172
ecdsa-P-384,verify,992,3313352,178911
ecdsa-P-384,verify,993,3299129,178147
ecdsa-P-384,verify,994,3320260,179284
ecdsa-P-384,verify,995,3331648,179900
ecdsa-P-384,verify,996,3349963,180888
ecdsa-P-384,verify,997,3317852,179154
ecdsa-P-384,verify,998,3310519,178759
ecdsa-P-384,verify,999,3302037,178304
